datetime,E_J2_mean,n_samples,dEdt_Jkg_per_day,dadt_m_per_day,se_E_Jkg,se_dEdt_Jkg_per_day
2024-03-31 12:00:00+00:00,-28945196.42253807,15,,,124.85219503017473,
2024-03-31 15:00:00+00:00,-28945371.311845794,18,-830.2171625345946,-197.34287357082118,106.69876210067218,806.6656530814832
2024-03-31 18:00:00+00:00,-28945403.9768287,16,770.1920572072269,183.08650193412106,158.3706779599153,578.139901354671
2024-03-31 21:00:00+00:00,-28945178.763831493,18,504.778155207634,119.95721664751092,97.4973500272364,740.6442009512011
2024-04-01 00:00:00+00:00,-28945277.7822899,18,-1488.8424129039047,-353.8045097975634,95.93405489023176,683.1414657269647
2024-04-01 03:00:00+00:00,-28945550.97443472,18,-1329.4688579291105,-315.97704778967653,140.220926130484,564.243044279035
2024-04-01 06:00:00+00:00,-28945610.149504382,17,-235.38577449321747,-55.94700474476467,103.41564400948997,684.4894881241942
2024-04-01 09:00:00+00:00,-28945609.82087834,16,104.99859081208706,24.95238902594119,98.08648268055049,654.4394447345397
2024-04-01 12:00:00+00:00,-28945583.89985668,18,-812.8773372024298,-193.16749743864747,126.78087888412325,589.1820817583966
2024-04-01 15:00:00+00:00,-28945813.040212642,18,-1608.669356584549,-382.2694365055882,109.88636065013002,770.5783710202921
2024-04-01 18:00:00+00:00,-28945986.067195825,13,409.05242270231247,97.24922564851286,145.04670925993878,586.903850529908
2024-04-01 21:00:00+00:00,-28945710.777106967,18,1332.1005247235298,316.63363440721605,97.22908954369879,697.9852722334912
2024-04-02 00:00:00+00:00,-28945653.042064644,18,-929.5650554597378,-220.92973859626872,97.0073046156401,577.636310986725
2024-04-02 03:00:00+00:00,-28945943.16837083,18,-946.8135314434767,-224.98832028257732,106.77305784771002,575.569013948443
2024-04-02 06:00:00+00:00,-28945889.745447505,17,223.25416260957718,53.05575868967637,106.27588374042035,658.3717969102432
2024-04-02 09:00:00+00:00,-28945887.35483018,15,118.43208688497543,28.138243475161904,125.26113943787988,608.6648022480143
2024-04-02 12:00:00+00:00,-28945860.137425784,18,-932.6913855224848,-221.69402679887648,108.90357720786106,674.943054853348
2024-04-02 15:00:00+00:00,-28946120.52767656,18,-959.9658682495356,-228.14404800502228,113.05487562527817,563.7650147386944
2024-04-02 18:00:00+00:00,-28946100.128892846,15,605.206526696682,143.8572176503546,89.46757994681067,594.6362334143886
2024-04-02 21:00:00+00:00,-28945969.226044886,16,217.6864377856255,51.73966380377364,96.53036168963155,498.2268542649306
2024-04-03 00:00:00+00:00,-28946045.7072834,18,-1539.5631345659494,-365.9126108772903,86.6598351768659,591.6941832064749
2024-04-03 03:00:00+00:00,-28946354.116828527,18,-710.7950800657272,-168.94438001850727,112.08597001673542,570.7385845536902
2024-04-03 06:00:00+00:00,-28946223.406053416,16,-20.64310309290886,-4.904671719245057,113.35334671179893,966.5737109840533
2024-04-03 09:00:00+00:00,-28946359.2776043,12,-71.8095505386591,-17.064572783041278,214.07541077445174,641.2638482108824
2024-04-03 12:00:00+00:00,-28946241.35844105,17,-206.82039228081706,-49.14445154767894,113.36766063619754,973.1719275379297
2024-04-03 15:00:00+00:00,-28946410.98270237,17,-805.5297197401524,-191.4588159519401,115.59927999772684,665.363394636716
2024-04-03 18:00:00+00:00,-28946442.740870986,16,189.34573367238048,45.00918749515796,121.72531147847533,594.7993566089974
2024-04-03 21:00:00+00:00,-28946363.646268953,16,630.2148521542549,149.79448283323376,93.5331418691363,640.1300916220875
2024-04-04 00:00:00+00:00,-28946285.187157948,18,-596.3370891958475,-141.70073914615827,103.89108206662665,581.4117795550898
2024-04-04 03:00:00+00:00,-28946512.73054125,18,-1717.4429485052824,-408.149587770907,111.26108915486375,714.3243225411455
2024-04-04 06:00:00+00:00,-28946714.547895074,16,815.7741999328136,193.84268990001235,145.2509739309589,698.1200780432931
2024-04-04 09:00:00+00:00,-28946308.78699127,16,1128.106429234147,268.05567754341195,134.46820349257965,747.0463558219947
2024-04-04 12:00:00+00:00,-28946432.521287765,18,-1722.6797676235437,-409.3518343269461,117.3969577173554,749.2551660751847
2024-04-04 15:00:00+00:00,-28946739.456933174,15,-644.7555653452873,-153.23904436852376,130.40229577206543,815.2778978250235
2024-04-04 18:00:00+00:00,-28946593.7101791,15,936.0982535481453,222.50124103096954,166.61432257262223,659.0951464909677
2024-04-04 21:00:00+00:00,-28946505.432369787,18,-1247.3227550387383,-296.46672150101904,100.72557776141896,866.3760993760014
2024-04-05 00:00:00+00:00,-28946905.54086786,18,-1149.3575816750526,-273.15135101525783,138.39306020097118,743.772900635769
2024-04-05 03:00:00+00:00,-28946792.771765206,18,388.9351870715618,92.41739526115717,156.29856354790164,748.5145819802214
2024-04-05 06:00:00+00:00,-28946808.307071093,14,855.6395852714776,203.2899955035904,125.9543205016186,728.4346576455548
2024-04-05 09:00:00+00:00,-28946578.86186889,14,124.77797016501427,29.65043782221365,93.45760903512534,708.1184915235921
2024-04-05 12:00:00+00:00,-28946777.112578552,18,-2380.3751572221518,-565.7614812929761,124.39853907634331,769.8349670018214
2024-04-05 15:00:00+00:00,-28947173.955658194,14,-996.6963335424662,-236.85989839469818,168.2439971874364,876.8479945898799
2024-04-05 18:00:00+00:00,-28947026.286661938,9,1401.7378949373958,333.07172546464807,180.4962709495403,1075.85246373215
2024-04-05 21:00:00+00:00,-28946823.52118446,15,453.6006047874689,107.79112015439276,209.84545537800543,796.6140888360286
2024-04-06 00:00:00+00:00,-28946912.88651074,18,-1698.132487371564,-403.56531854658874,84.16187724595757,964.268119905031
2024-04-06 03:00:00+00:00,-28947248.054306302,18,-1168.229314610362,-277.6534465783816,118.65158152663405,720.859512361395
2024-04-06 06:00:00+00:00,-28947204.943839394,13,3804.867529526353,904.22025154982,159.3555167026094,1686.2038965545933
2024-04-06 09:00:00+00:00,-28946296.83742392,3,-98.32800374925137,-23.343129151571542,404.5083756839552,789.5110162997709
2024-04-06 12:00:00+00:00,-28947229.52584033,16,-5128.855931386352,-1218.5390418361828,116.46371580931523,1715.8773455168518
2024-04-06 15:00:00+00:00,-28947579.051406767,11,-2246.379199191928,-534.0607867822746,142.78538284835224,953.1668727243842
2024-04-06 18:00:00+00:00,-28947791.12064013,6,1113.8401935398579,264.91982964746535,207.89214957180553,866.6643392750074
2024-04-06 21:00:00+00:00,-28947300.591358382,18,1700.3950174599886,404.08186707375734,162.96173402224227,969.6503368276103
2024-04-07 00:00:00+00:00,-28947366.021885764,18,-1031.0945753008127,-244.99012766208085,124.67844692761726,797.140312620791
2024-04-07 03:00:00+00:00,-28947558.365002207,15,-941.1023471951485,-223.67791785728505,114.7083938506125,806.0972173906388
2024-04-07 06:00:00+00:00,-28947601.297472563,14,-1654.7238909900188,-393.19762566553857,158.32665636122525,1164.4729664013653
2024-04-07 09:00:00+00:00,-28947972.045974955,9,296.5684165805578,70.49254505549979,267.5664683264468,783.0881329235946
2024-04-07 12:00:00+00:00,-28947527.155368418,18,457.5620717257262,108.73189750867284,115.14928953682076,1145.6894724595122
2024-04-07 15:00:00+00:00,-28947857.655457024,18,-1102.8933836370707,-262.03924512948686,102.20546944193961,589.7028098643161
2024-04-07 18:00:00+00:00,-28947802.878714327,16,1774.7868558615446,421.75744772758264,92.05964841765518,681.1787979747326
2024-04-07 21:00:00+00:00,-28947413.95874306,18,164.49454839527607,39.0925046765095,136.2142675779472,561.1830928443826
2024-04-08 00:00:00+00:00,-28947761.755077228,18,-2218.6875148415565,-527.2924809194437,105.8674884660862,685.4481631572913
2024-04-08 03:00:00+00:00,-28947968.63062177,18,-773.7998078912497,-183.87262309912603,103.97414261096337,716.7808300081489
2024-04-08 06:00:00+00:00,-28947955.2050292,17,650.0080063194036,154.42094667088406,144.57868887765335,660.9603546842327
2024-04-08 09:00:00+00:00,-28947806.12862019,12,-91.77190852165221,-21.801179852391517,128.42766280024807,729.4624847185522
2024-04-08 12:00:00+00:00,-28947978.14800633,18,-1024.7182845026255,-243.5199377502835,111.14955020446088,984.5991661143084
2024-04-08 15:00:00+00:00,-28948062.308191314,18,-1094.0935681015253,-260.0161076190872,209.99060764050316,873.4760782795066
2024-04-08 18:00:00+00:00,-28948251.671398357,8,-943.0467583835126,-224.20108811200058,187.96490682373454,982.9657181206633
2024-04-08 21:00:00+00:00,-28948298.06988091,16,1030.352486461401,244.85290137763036,127.64323284178332,887.2501508856224
2024-04-09 00:00:00+00:00,-28947994.08327674,18,477.5011134147644,113.45739766389104,117.77094587866222,711.8853167241639
2024-04-09 03:00:00+00:00,-28948178.694602557,18,-838.2573705464602,-199.20709351589255,124.02015610442012,701.0460051390835
2024-04-09 06:00:00+00:00,-28948203.647619378,15,-575.2095372974873,-136.66522390163172,129.79444571874774,724.4350581187742
2024-04-09 09:00:00+00:00,-28948322.49698688,13,-63.661263316869736,-15.12713250911714,131.98251955962672,736.517518947328
2024-04-09 12:00:00+00:00,-28948219.562935207,18,-868.9199724197388,-206.44205998409234,130.6025663715439,726.1325698910395
2024-04-09 15:00:00+00:00,-28948539.726979986,18,-2003.307472243905,-475.985404974379,124.63906428856114,746.4618731430836
2024-04-09 18:00:00+00:00,-28948720.389803268,15,772.1615968942643,183.5699977283437,133.29779690859124,586.3901758088442
2024-04-09 21:00:00+00:00,-28948346.686580762,18,1846.7327080368998,438.86995445413345,77.17475977346724,853.3052987459391
2024-04-10 00:00:00+00:00,-28948258.70662626,18,-941.526676222682,-223.7153202533432,166.55274883219278,593.3323615835841
2024-04-10 03:00:00+00:00,-28948582.068249818,18,-1667.0279398858547,-396.0498073481604,126.67581521468365,950.7376040807677
2024-04-10 06:00:00+00:00,-28948675.46361123,15,-400.54968102276325,-95.15810221518491,169.57021066439682,780.001273171909
2024-04-10 09:00:00+00:00,-28948682.205670074,12,-312.60353200137615,-74.3003369733556,148.25101002710832,825.135800982061
2024-04-10 12:00:00+00:00,-28948753.61449423,18,-1281.338824376464,-304.4949039905405,117.46919504332321,753.0193264379943
2024-04-10 15:00:00+00:00,-28949002.540376168,16,-1264.353791758418,-300.44988615678733,116.02378915663336,658.7394790822179
2024-04-10 18:00:00+00:00,-28949069.70294217,14,933.1875641196966,221.79916383889932,115.42137820706431,674.5525767796604
2024-04-10 21:00:00+00:00,-28948769.243485138,18,683.1693857163191,162.3220325001902,122.38179614322577,621.1227257654442
2024-04-11 00:00:00+00:00,-28948898.91059574,18,-1520.7060644626617,-361.37768824579763,103.8749030405096,731.9469323300847
2024-04-11 03:00:00+00:00,-28949149.420001253,18,-1058.8979299664497,-251.62620305436155,136.03984878325826,658.2437334315069
2024-04-11 06:00:00+00:00,-28949163.635078233,14,461.10015270113945,109.54884658070564,127.63348034877166,660.8277531004619
2024-04-11 09:00:00+00:00,-28949034.14496308,14,599.6173691898584,142.43171681437363,93.73628964955911,677.2632300775296
2024-04-11 12:00:00+00:00,-28949013.730735935,18,-1388.6843498647213,-329.95216357521616,111.2543813519282,644.8448743510945
2024-04-11 15:00:00+00:00,-28949381.316050544,18,-1194.7791826874018,-283.9165766771416,131.15854909722387,635.3818579106062
2024-04-11 18:00:00+00:00,-28949312.425531607,15,923.9414027482271,219.57789793970986,113.37700037979745,662.4985678093847
2024-04-11 21:00:00+00:00,-28949150.330699857,18,69.16635544598103,16.433036242661263,101.1383063955195,617.142650837528
2024-04-12 00:00:00+00:00,-28949295.133942746,18,-1065.8671421259642,-253.21533298014583,104.64091696154328,687.2771617144398
2024-04-12 03:00:00+00:00,-28949416.79748539,18,-1065.540479272604,-253.16861861643437,138.89892563600708,612.9732567907674
2024-04-12 06:00:00+00:00,-28949561.519062564,17,-277.75714649260044,-65.996199996978,111.95441859855246,945.1583725072782
2024-04-12 09:00:00+00:00,-28949486.236772012,6,439.0238450914622,104.26141718924632,191.15402239346392,647.867687863839
2024-04-12 12:00:00+00:00,-28949451.76310129,18,-443.65945138037205,-105.40433104093398,117.04482887931182,893.6773707626809
2024-04-12 15:00:00+00:00,-28949597.151634857,18,-1194.6124508827925,-283.79586157923404,115.65613866600526,681.0030337491553
2024-04-12 18:00:00+00:00,-28949750.41621401,11,6.575563505291939,1.562764204326449,123.63587174070753,649.2729634417384
2024-04-12 21:00:00+00:00,-28949595.50774398,18,284.0273572206497,67.49332109318458,113.88972256044804,667.3921785814675
2024-04-13 00:00:00+00:00,-28949679.409374706,18,-1032.2627520859241,-245.28136291748513,112.0376776843293,620.1381163025525
2024-04-13 03:00:00+00:00,-28949853.573432002,18,-885.2914924621582,-210.3198060754556,105.18952562308215,639.402871033427
2024-04-13 06:00:00+00:00,-28949900.732247822,17,80.04988770186901,19.016675309142624,114.01671257742949,784.6189051494988
2024-04-13 09:00:00+00:00,-28949833.560960077,11,-128.5171703249216,-30.525013742869522,165.56521477673328,585.2378093950688
2024-04-13 12:00:00+00:00,-28949932.861540403,18,-1152.354616433382,-273.8284226740706,91.68775872291793,786.7795077982672
2024-04-13 15:00:00+00:00,-28950121.649614185,18,-1485.9289845973253,-353.0652683334124,106.19338149875163,642.7895554460187
2024-04-13 18:00:00+00:00,-28950304.343786553,11,16.923966005444527,4.022073143584261,131.97350373189926,582.9198544184585
2024-04-13 21:00:00+00:00,-28950117.418622684,18,436.7909376472235,103.76262775297056,99.80074157070624,771.9011394989518
2024-04-14 00:00:00+00:00,-28950195.14605214,18,-1588.6493091434243,-377.4500592983709,140.792240145587,622.3355094155926
2024-04-14 03:00:00+00:00,-28950514.58094997,18,-702.813697040081,-166.9995843367553,119.35725731772631,735.9553245595038
2024-04-14 06:00:00+00:00,-28950370.8494764,17,583.4830853044987,138.6170289289119,118.44591634583752,587.7542468993952
2024-04-14 09:00:00+00:00,-28950368.710178643,17,211.51413929462433,50.243949499233565,85.70172721338393,651.9483602164202
2024-04-14 12:00:00+00:00,-28950317.970941577,18,-1236.7310788035393,-293.79051936398946,111.96140596339349,601.1107840364
2024-04-14 15:00:00+00:00,-28950677.892948344,17,-3083.075619056821,-732.5326787547916,123.44472394738543,792.126966309502
2024-04-14 18:00:00+00:00,-28951088.73984634,17,305.57318030297756,72.61689488259027,163.34385279792022,660.0720751890187
2024-04-14 21:00:00+00:00,-28950601.49965327,18,1884.339864447713,447.7069150894452,109.50957335924977,748.6078690222279
2024-04-15 00:00:00+00:00,-28950617.65488023,18,-1596.1938092261553,-379.18034819795076,91.34902627152866,624.3830546547524
2024-04-15 03:00:00+00:00,-28951000.548105575,17,-1764.1523943543436,-419.11796533967924,111.23641839085373,622.2892371189565
2024-04-15 06:00:00+00:00,-28951058.692978818,17,163.35093377530575,38.80516358360993,125.92894351130867,525.2618087218225
2024-04-15 09:00:00+00:00,-28950959.71037213,17,158.23872329294682,37.59861352051432,69.78686986054373,656.9463787957442
2024-04-15 12:00:00+00:00,-28951019.133297995,18,-1170.3638322651386,-278.06010791687737,105.43035722422749,562.1228297409334
2024-04-15 15:00:00+00:00,-28951252.301330198,18,-1816.8214202970269,-431.57014398398394,121.97816414143428,586.8724481446012
2024-04-15 18:00:00+00:00,-28951473.33865307,13,547.2949512004852,130.0808206291436,102.03256428721244,647.9384824768838
2024-04-15 21:00:00+00:00,-28951115.477592397,16,552.9950669258833,131.34779643035375,106.58491821002754,545.029976764213
2024-04-16 00:00:00+00:00,-28951335.089886338,18,-1701.2211902290583,-404.2152638817143,90.30758854161022,618.2866113920228
2024-04-16 03:00:00+00:00,-28951540.782889955,18,-977.403059080243,-232.20501136402487,111.94664387254373,704.3117457785088
2024-04-16 06:00:00+00:00,-28951579.440651108,15,49.42670112848282,11.737145509133207,151.15548006737103,587.665800185217
2024-04-16 09:00:00+00:00,-28951528.426214673,16,-398.90754818916315,-94.74203828702882,95.14406034998758,754.0660669529306
2024-04-16 12:00:00+00:00,-28951679.167538155,18,-2120.1140191555023,-503.68929286575326,112.65211018316054,575.5393875314985
2024-04-16 15:00:00+00:00,-28952058.45471946,18,-2365.027416586876,-561.9081461274973,107.93728244969945,974.6547097629069
2024-04-16 18:00:00+00:00,-28952270.4243923,16,409.1879872083664,97.2128205529295,216.0589960525124,620.2723989987666
2024-04-16 21:00:00+00:00,-28951956.15772266,18,1139.9151208549738,270.7609552517623,111.33579216655404,950.7489478313473
2024-04-17 00:00:00+00:00,-28951985.445612088,18,-1011.3664573431015,-240.23213694593616,99.06428638733182,683.2897653524336
2024-04-17 03:00:00+00:00,-28952208.999336995,18,-1422.816699594259,-338.0177598777539,129.5555782178342,702.6361047888386
2024-04-17 06:00:00+00:00,-28952341.149786986,10,,,145.05985194781044,
2024-04-17 12:00:00+00:00,-28952518.592545744,16,,,115.79799161876926,
2024-04-17 15:00:00+00:00,-28952719.113592096,18,-4595.788110747933,-1091.6016058946802,114.79832619242009,485.3192266308622
2024-04-17 18:00:00+00:00,-28953667.53957343,2,,,36.21804965287447,
2024-04-18 00:00:00+00:00,-28952832.571524568,9,,,143.2909815100604,
2024-04-18 03:00:00+00:00,-28953003.15857084,18,-1073.1221187114716,-254.8756455088497,94.27201708849222,711.5763774988179
2024-04-18 06:00:00+00:00,-28953100.852054246,17,207.1268254518509,49.18813710140989,105.42297392542005,610.176740440111
2024-04-18 09:00:00+00:00,-28952951.376864478,13,-6.551914960145951,-1.5557408396470527,119.92712455883132,528.052495580251
2024-04-18 12:00:00+00:00,-28953102.490032986,18,-1648.9613182544708,-391.74805141779393,79.4572932414224,647.1098682531184
2024-04-18 15:00:00+00:00,-28953363.61719404,18,-1376.171531662345,-326.8892003173309,108.5791584258281,561.7056973556524
2024-04-18 18:00:00+00:00,-28953446.5329159,15,228.4724052399397,54.27770554386948,115.7847969439818,590.5528037496478
2024-04-18 21:00:00+00:00,-28953306.49909273,17,-139.81497539579868,-33.20863180533313,100.03801643162736,564.7397205595498
2024-04-19 00:00:00+00:00,-28953481.48665975,18,-1846.6968740075827,-438.6896692379518,80.7902549522268,589.2742550464752
2024-04-19 03:00:00+00:00,-28953768.173311234,18,-943.6226053535937,-224.16765830010561,108.14413759983293,616.8408806317645
2024-04-19 06:00:00+00:00,-28953717.39231109,15,-666.4219447225332,-158.22587672537188,131.3534419264104,977.9188272398989
2024-04-19 09:00:00+00:00,-28953934.778797414,15,-732.6809030473232,-174.0358855202354,219.26051296273025,722.265879873826
2024-04-19 12:00:00+00:00,-28953900.56253685,18,-932.4176810532808,-221.45541868213303,123.89722906891272,1172.1562866099446
2024-04-19 15:00:00+00:00,-28954167.883217677,17,-2577.257870569825,-612.3053031117355,194.41379830215573,650.9768816242268
2024-04-19 18:00:00+00:00,-28954544.877004493,16,-1062.0847694426775,-252.36368900712463,105.52325764787842,840.8259754641732
2024-04-19 21:00:00+00:00,-28954433.40441004,16,288.3972393274307,68.51607046804769,79.93775761918526,619.3891251352542
2024-04-20 00:00:00+00:00,-28954472.77769466,18,-1487.506323993206,-353.25691271024357,113.3248543628799,633.1392352673992
2024-04-20 03:00:00+00:00,-28954805.280991036,18,-1685.3622160404923,-400.26315436213565,136.61638118835927,708.4595204969598
2024-04-20 06:00:00+00:00,-28954894.11824867,14,416.274970471859,98.8702135755962,136.1145038012333,719.2459313455324
2024-04-20 09:00:00+00:00,-28954701.21224842,13,333.9843061566353,79.32081874217567,116.91079398762032,672.6429519007456
2024-04-20 12:00:00+00:00,-28954810.622172132,18,-1727.003326565027,-410.17475298304726,98.7465222238401,645.4557063817213
2024-04-20 15:00:00+00:00,-28955132.96308006,17,-2189.069643199444,-519.9057286678703,111.2213246436115,635.0906233740808
2024-04-20 18:00:00+00:00,-28955357.889582932,16,-431.97727024555206,-102.607896481837,124.32972529649362,628.643978405827
2024-04-20 21:00:00+00:00,-28955240.95739762,18,39.364382326602936,9.350162194249767,111.03780963545483,685.6691461534379
2024-04-21 00:00:00+00:00,-28955348.04848735,18,-1567.9312506765125,-372.4359783655425,118.0084977104296,709.0054308933234
2024-04-21 03:00:00+00:00,-28955632.94021029,18,-1177.8133724331856,-279.72068184805,138.16167575027703,668.0089806607955
2024-04-21 06:00:00+00:00,-28955642.50183046,17,-1180.9069238007069,-280.3744844458834,118.16828829404582,1233.3909959824048
2024-04-21 09:00:00+00:00,-28955928.16694124,16,-568.4034937471151,-134.97857525445974,275.6622673935074,580.4293002963088
2024-04-21 12:00:00+00:00,-28955784.602703895,15,-807.2111850529909,-191.69996718973147,84.21633708378195,1225.6489002863905
2024-04-21 15:00:00+00:00,-28956129.969737504,18,-1771.4730455577374,-420.75921159754637,133.7862698814711,626.5039027285776
2024-04-21 18:00:00+00:00,-28956227.470965285,12,446.1763392835856,105.98990948194067,132.05796010303393,637.8953544080692
2024-04-21 21:00:00+00:00,-28956018.425652683,18,-23.265374287962914,-5.524521155339782,86.79365869500171,644.3539356069898
2024-04-22 00:00:00+00:00,-28956233.287308857,18,-1772.853926628828,-421.0060323711907,92.25071717438867,594.5963824019047
2024-04-22 03:00:00+00:00,-28956461.63913434,18,-1222.312756627798,-290.31160309816096,120.6789726223051,545.6546712796625
2024-04-22 06:00:00+00:00,-28956538.865498014,14,172.10394342243674,40.878486648246195,100.4912630475567,695.9324795309946
2024-04-22 09:00:00+00:00,-28956418.613148484,17,-492.131056830287,-116.85903601959966,125.32642008355549,578.3395715496664
2024-04-22 12:00:00+00:00,-28956661.89826222,18,-1572.117041185498,-373.29295267601594,103.95334194903256,641.0189949736068
2024-04-22 15:00:00+00:00,-28956811.64240878,18,-1856.2699596583843,-440.80060426035044,99.87428559870148,570.252346814027
2024-04-22 18:00:00+00:00,-28957125.965752136,12,-285.67156609892845,-67.8854432056235,97.55991178788081,553.5941293116083
2024-04-22 21:00:00+00:00,-28956883.060300305,18,678.3534449636936,161.11268497311943,95.8085634307621,556.0664090056799
2024-04-23 00:00:00+00:00,-28956956.377390895,18,-1289.0500005483627,-306.10604769703576,99.03372816101806,610.6561475458144
2024-04-23 03:00:00+00:00,-28957205.322800443,18,-1324.5379742830992,-314.49439275634234,118.85717198302382,533.2267701289185
2024-04-23 06:00:00+00:00,-28957287.511884466,18,-404.504712164402,-96.05308312051339,89.23561486543355,693.9390223924723
2024-04-23 09:00:00+00:00,-28957306.448978484,13,-455.2008420974016,-108.06605482145228,126.37220063422436,528.7480174621942
2024-04-23 12:00:00+00:00,-28957401.31209499,18,-1437.233006566763,-341.33872661300836,97.52132670716476,666.4596543020805
2024-04-23 15:00:00+00:00,-28957665.757230125,18,-1658.4183195978403,-393.79742767404207,108.58451239767751,583.8577025014405
2024-04-23 18:00:00+00:00,-28957815.91667489,16,191.58466991782188,45.496575681778936,108.6057290635062,571.2297507360198
2024-04-23 21:00:00+00:00,-28957617.861062646,18,-11.876105934381485,-2.820032508320145,92.75434181335976,597.9157939960924
2024-04-24 00:00:00+00:00,-28957818.885701373,18,-2287.503113076091,-543.2581873499494,102.70711591198479,600.0860631194929
2024-04-24 03:00:00+00:00,-28958189.736840915,18,-1647.6941187232733,-391.2996470336617,117.91135344682111,703.7722102231734
2024-04-24 06:00:00+00:00,-28958230.809231054,16,64.55481544137001,15.32491573597244,142.8537926822133,763.0830569196743
2024-04-24 09:00:00+00:00,-28958173.598137055,12,176.97964607179165,42.016425155075666,149.96798729464228,715.4268515434313
2024-04-24 12:00:00+00:00,-28958186.564319536,18,-1480.395404711366,-351.51306029848024,107.6221058177241,731.8455903386865
2024-04-24 15:00:00+00:00,-28958543.696988232,17,-1628.3646607697012,-386.75228099458417,104.80684993324768,576.9362530777075
2024-04-24 18:00:00+00:00,-28958593.65548473,16,425.56602013111115,101.0849823249598,96.02576397284028,620.8292737942545
2024-04-24 21:00:00+00:00,-28958437.3054832,18,34.46153961122036,8.182526536887142,114.47635523139064,578.8213465758179
2024-04-25 00:00:00+00:00,-28958585.040099826,18,-1192.3232121020555,-283.07478547480565,108.25288498082885,659.0524644904982
2024-04-25 03:00:00+00:00,-28958735.386286225,18,-780.261942088604,-185.263599534258,118.49914990148211,589.4478774820756
2024-04-25 06:00:00+00:00,-28958780.105585348,16,-312.07049322128296,-74.09729584141103,99.98431332006628,611.8615462298103
2024-04-25 09:00:00+00:00,-28958813.40390953,16,-510.73325766623014,-121.25431553069345,96.72828416392467,546.3050971707131
2024-04-25 12:00:00+00:00,-28958907.788899764,18,-1786.872712880373,-424.259384439154,93.03878647953071,536.6516955501612
2024-04-25 15:00:00+00:00,-28959260.12208775,17,-1997.5858555287123,-474.2795142848186,92.969506768386,565.0034073231784
2024-04-25 18:00:00+00:00,-28959407.185363647,15,-27.069892808794975,-6.429152426687746,106.28070075672903,504.80645215903894
2024-04-25 21:00:00+00:00,-28959266.889560953,18,-244.78196020424366,-58.12771240071064,85.34352901702792,577.9107434127485
2024-04-26 00:00:00+00:00,-28959468.380853698,18,-1537.568669602275,-365.11306876225296,97.86835216836363,582.2821467457459
2024-04-26 03:00:00+00:00,-28959651.281728353,18,-230.01530106365684,-54.60985624718492,117.92906005771799,574.2718518057909
2024-04-26 06:00:00+00:00,-28959525.884678964,16,783.1803877502679,185.8745235716903,105.04068559314253,643.9814839441924
2024-04-26 09:00:00+00:00,-28959455.486631416,17,-887.8842322230339,-210.7892346748266,109.60039357976048,643.2197882276189
2024-04-26 12:00:00+00:00,-28959747.85573702,18,-2744.5318129956718,-651.7147165409383,121.75666457363437,775.6362222946112
2024-04-26 15:00:00+00:00,-28960141.619584665,17,-1739.135779708624,-412.99410550804265,159.96398207292654,644.1486257070487
2024-04-26 18:00:00+00:00,-28960182.639681946,15,582.2971395105124,138.30358265235574,105.39582715611166,748.6409604229107
2024-04-26 21:00:00+00:00,-28959996.045299787,14,57.44185236096383,13.63534245052109,97.16213210817304,570.0691663755731
2024-04-27 00:00:00+00:00,-28960168.279218856,18,-1934.7902003377676,-459.3486245079049,95.93173625728784,652.0692297408885
2024-04-27 03:00:00+00:00,-28960479.74284987,18,-1176.5709469914436,-279.3740469128533,130.89752712570112,552.0892240379347
2024-04-27 06:00:00+00:00,-28960462.421955604,15,353.42574575543404,83.90444355682587,99.23335595875874,614.2122052443511
2024-04-27 09:00:00+00:00,-28960391.386413433,15,-583.505602017045,-138.48853749406058,80.2768768657694,600.4937233627098
2024-04-27 12:00:00+00:00,-28960608.29835611,18,-1747.9897285401819,-414.940319521263,112.64894829752271,607.5417602594441
2024-04-27 15:00:00+00:00,-28960828.383845568,17,-1420.302708223462,-337.20739063060415,128.93723257606624,578.9014710784583
2024-04-27 18:00:00+00:00,-28960963.374033164,15,582.9849606752396,138.47796425363566,90.86058839514658,625.7884567027019
2024-04-27 21:00:00+00:00,-28960682.6376054,17,328.31471598148346,77.96711680040313,88.60524583523393,530.6085030096059
2024-04-28 00:00:00+00:00,-28960881.29535417,18,-1365.47810831666,-324.16083419159776,96.6485382358093,516.9190945856353
2024-04-28 03:00:00+00:00,-28961024.007132478,18,-1246.430640771985,-295.87091242674643,94.07148774830674,608.0759220571871
2024-04-28 06:00:00+00:00,-28961192.90301436,18,19.460258975625038,4.6198452120290145,117.34066001811756,492.7186825200924
2024-04-28 09:00:00+00:00,-28961019.142067734,15,543.3911082595587,128.97724735379475,79.52223870931421,620.4560853404473
2024-04-28 12:00:00+00:00,-28961057.055237297,18,-1466.7838903367517,-348.2646989365252,101.44717404276018,580.1298182394294
2024-04-28 15:00:00+00:00,-28961385.83804032,18,-1657.5107778906824,-393.47437081428586,121.28737125651595,612.7968946718855
2024-04-28 18:00:00+00:00,-28961471.43293177,16,750.8532333374023,178.25874956544092,114.79753051005515,562.6506727277881
2024-04-28 21:00:00+00:00,-28961198.124731984,18,661.3180221021175,156.99658381595376,71.24155945618121,563.1442815413283
2024-04-29 00:00:00+00:00,-28961306.103426244,18,-1354.5363502800465,-321.6133052156678,81.49996689162901,490.22047313902345
2024-04-29 03:00:00+00:00,-28961536.758819554,18,-613.4442770332098,-145.6474682740486,99.72159858346585,494.0059768073185
2024-04-29 06:00:00+00:00,-28961459.464495502,18,48.052241161465645,11.40700020310219,92.79210347194385,660.4656293869473
2024-04-29 09:00:00+00:00,-28961524.745759264,17,-414.93035921454435,-98.47841916473034,131.60178855567133,589.1463262612989
2024-04-29 12:00:00+00:00,-28961563.197085306,18,-1503.7048026770353,-356.96951141941065,114.38077916525626,665.4423221026259
2024-04-29 15:00:00+00:00,-28961900.671959933,17,-865.2591102570295,-205.45927962948545,101.76842340226074,636.3882750069729
2024-04-29 18:00:00+00:00,-28961779.51186287,13,954.3707512170076,226.63241814723867,110.58442314786376,616.7251610626479
2024-04-29 21:00:00+00:00,-28961662.07927213,18,454.55728726089,107.90456147571503,115.82339256904238,626.0121879358887
2024-04-30 00:00:00+00:00,-28961665.872541055,18,-1406.5588983446362,-333.86655712672075,110.74425074161464,657.362014849879
2024-04-30 03:00:00+00:00,-28962013.718996715,18,-717.7463049590588,-170.3832388209472,116.58791916088808,571.9625443133301
2024-04-30 06:00:00+00:00,-28961845.309117295,18,934.6886941343546,221.91913038876555,90.45459045158803,644.4360006213535
2024-04-30 09:00:00+00:00,-28961780.04682318,14,-27.96115085482597,-6.637004939672322,111.19067873156928,507.85442389302136
2024-04-30 12:00:00+00:00,-28961852.29940501,18,-1649.6105345785618,-391.58609519634797,89.09390724380383,681.275032958218
2024-04-30 15:00:00+00:00,-28962192.449456826,16,-844.0191739201547,-200.38142508433108,129.0159384397012,543.718009715799
2024-04-30 18:00:00+00:00,-28962063.30419849,16,833.6745317429305,197.9242004019502,102.66014476228999,602.4975132717292
2024-04-30 21:00:00+00:00,-28961984.03082389,18,-488.6960014253855,-116.0278559745481,77.73410430555451,599.8102894672762
2024-05-01 00:00:00+00:00,-28962185.478198845,18,-1171.6912366002798,-278.1776236334994,109.30081718272636,587.777884770923
2024-05-01 03:00:00+00:00,-28962276.95363304,18,-619.7313024252653,-147.10804136553628,124.699986535382,671.3521756314775
2024-05-01 06:00:00+00:00,-28962340.41102445,15,237.7646079659462,56.422912354461765,127.36930692285375,666.2754671796664
2024-05-01 09:00:00+00:00,-28962217.51248105,16,130.2878902554512,30.929282571492358,110.4314300524005,611.6369012218323
2024-05-01 12:00:00+00:00,-28962307.839051887,18,-1319.4716562181711,-313.2663329710374,84.60668317282756,575.4136363967077
2024-05-01 15:00:00+00:00,-28962547.380395103,18,-1227.360447064042,-291.38637693720557,92.1884079808136,714.271260539054
2024-05-01 18:00:00+00:00,-28962614.679163653,13,1024.0220844894648,243.18506547897545,157.25194359528865,565.4629673596606
2024-05-01 21:00:00+00:00,-28962291.37487398,18,206.97146332263944,49.12548970514664,107.17075347272967,707.4820530947605
2024-05-02 00:00:00+00:00,-28962562.936297823,18,-1674.3257982581854,-397.44631251836734,80.96298352458822,649.9595235307443
2024-05-02 03:00:00+00:00,-28962709.956323545,18,-603.9188044369221,-143.37729526044848,122.13677165111622,586.2476016679944
2024-05-02 06:00:00+00:00,-28962713.915998932,14,957.7888503372669,227.38726215249116,122.16949681749317,641.9983367230558
2024-05-02 09:00:00+00:00,-28962470.50911096,15,395.27288153767586,93.79981937014877,104.1284088654063,587.4258160790578
2024-05-02 12:00:00+00:00,-28962615.097778548,18,-1412.405537709594,-335.2322885636037,81.4949822665157,513.5190017169133
2024-05-02 15:00:00+00:00,-28962823.61049539,18,-1186.4541794806719,-281.6319272383689,75.09084356584182,666.9869717709637
2024-05-02 18:00:00+00:00,-28962911.711323418,16,100.15256395936011,23.7827582271196,145.47523551241568,447.64045864055623
2024-05-02 21:00:00+00:00,-28962798.5723544,18,-210.8764823973179,-50.06317363182404,82.97734013461594,700.434299334266
2024-05-03 00:00:00+00:00,-28962964.430444017,18,-1806.0893977731466,-428.69903520484155,97.46778356385228,507.10337987737023
2024-05-03 03:00:00+00:00,-28963250.094703842,18,-1156.6189196556807,-274.5099563503744,95.84819190717701,592.380927073602
2024-05-03 06:00:00+00:00,-28963253.58517393,16,617.7668591588736,146.5962253914368,111.49990511066058,508.1178955052798
2024-05-03 09:00:00+00:00,-28963095.652989052,15,519.0995282381773,123.19357074512853,83.36432895081458,594.149390405427
2024-05-03 12:00:00+00:00,-28963123.81029187,18,-1159.763028562069,-275.32803434660576,98.13824327325189,592.6817806311967
2024-05-03 15:00:00+00:00,-28963385.593746193,18,-992.566814661026,-235.59182144158402,122.49436508199369,554.2714035981708
2024-05-03 18:00:00+00:00,-28963371.951995537,16,-55.25604084134102,-13.116559770282585,97.8260420857244,687.8660250798049
2024-05-03 21:00:00+00:00,-28963399.407756403,16,290.2930048555136,68.92311157562656,120.69635372227455,540.564892565965
2024-05-04 00:00:00+00:00,-28963299.378744323,18,-1070.8161855489016,-254.21325475786657,93.23741567643546,753.8472014902302
2024-05-04 03:00:00+00:00,-28963667.11180279,14,-572.2866221815348,-135.87520207732896,144.74197869938533,545.8786828883323
2024-05-04 06:00:00+00:00,-28963442.45039987,13,1369.3180336207151,324.84267223622237,99.65317528796244,742.2205332852195
2024-05-04 09:00:00+00:00,-28963324.782294385,14,49.91884784400463,11.844493754166468,116.10541375867844,522.3663251559093
2024-05-04 12:00:00+00:00,-28963429.970687907,18,-2007.4392528384924,-476.489154088424,84.4002710812128,588.8895708275344
2024-05-04 15:00:00+00:00,-28963826.642107595,17,-1212.8086413741112,-287.9481718094129,90.52052701054019,500.95335160555834
2024-05-04 18:00:00+00:00,-28963733.17284825,14,1035.6659361720085,245.97722678123677,92.52694484159969,501.8319576152911
2024-05-04 21:00:00+00:00,-28963567.72562355,18,389.1674806326628,92.37041973227623,86.86622643458028,517.2825618984093
2024-05-05 00:00:00+00:00,-28963635.880978093,18,-930.992444679141,-220.95401527608746,90.347067085993,630.2129704510111
2024-05-05 03:00:00+00:00,-28963800.47373472,18,-562.7894275784492,-133.58122520696904,131.44307879386102,569.9634511237815
2024-05-05 06:00:00+00:00,-28963776.578334987,15,8.549618512392044,2.029407219701019,110.1864485543358,679.2075538817957
2024-05-05 09:00:00+00:00,-28963798.336330093,15,-358.6350559294224,-85.15022704889815,107.49603883549206,612.5112301489959
2024-05-05 12:00:00+00:00,-28963866.23709897,18,-1331.5101736783981,-316.03325419172023,106.33471679629129,625.6460191973979
2024-05-05 15:00:00+00:00,-28964131.213873513,17,-379.09839819371706,-89.97766270062286,113.618486472384,719.9630824706768
2024-05-05 18:00:00+00:00,-28963961.011698518,17,1194.2257351726294,283.45480672654566,145.2226067504469,529.7163772420384
2024-05-05 21:00:00+00:00,-28963832.65743972,18,162.54672621190548,38.58728800208195,68.0316437522021,684.3559345029299
2024-05-06 00:00:00+00:00,-28963920.375016965,18,-1363.8411107063293,-323.75961239695215,90.45349527072584,534.3823742891747
2024-05-06 03:00:00+00:00,-28964173.617717396,18,-1560.5203859359026,-370.3810324039601,114.97598910340774,686.9119181071212
2024-05-06 06:00:00+00:00,-28964310.50511345,13,-913.7259083688258,-216.82558838325087,145.97487504930103,
2024-05-06 09:00:00+00:00,-28964402.04919449,1,175.74113564193246,41.614676253273046,,651.6242742204988
2024-05-06 12:00:00+00:00,-28964266.56982954,18,-435.42723897099495,-103.36379562175905,72.31682395147025,
2024-05-06 15:00:00+00:00,-28964510.90600423,18,-533.5963817238808,-126.66424138466604,117.71748837237165,673.1235014371019
2024-05-06 18:00:00+00:00,-28964399.96892497,8,1044.3789753615856,248.0714554810601,151.94976138597937,575.2431227583545
2024-05-06 21:00:00+00:00,-28964249.81126039,18,23.237265050411224,5.514706831881171,82.60831419324269,679.9316918525219
2024-05-07 00:00:00+00:00,-28964394.159608707,18,-1584.8121087104082,-376.1460333018955,76.19359627838479,546.3822181279648
2024-05-07 03:00:00+00:00,-28964646.01428757,18,-1479.8688961118462,-351.2887130715858,108.7851641725685,524.9229594682938
2024-05-07 06:00:00+00:00,-28964764.126832735,16,35.1351473480463,8.338110993615231,106.8458842081716,543.6261282260391
2024-05-07 09:00:00+00:00,-28964637.23050073,15,224.91899774968624,53.36713399341439,81.46393994630041,606.3787948769356
2024-05-07 12:00:00+00:00,-28964707.897083297,18,-1199.5990049093962,-284.68171019300024,107.54027016680439,527.1347483644892
2024-05-07 15:00:00+00:00,-28964937.13025196,18,-905.2800734937191,-214.85468993800143,103.58844854401666,541.3894306399435
2024-05-07 18:00:00+00:00,-28964934.21710167,16,795.5095930993556,188.88183414901079,82.18270814466301,536.0731964015872
2024-05-07 21:00:00+00:00,-28964738.252853684,18,-204.52349178493026,-48.54883195974729,85.03139315574592,521.4022804866466
2024-05-08 00:00:00+00:00,-28964985.347974617,18,-1727.7722904384138,-410.0573398258028,101.179412990249,555.1209024099303
2024-05-08 03:00:00+00:00,-28965170.195926294,18,-708.1729405969381,-168.05419009825795,109.67959334474635,629.9191302465
2024-05-08 06:00:00+00:00,-28965162.391209766,18,495.3876407593488,117.5706540110448,120.67563259666518,549.0914859088717
2024-05-08 09:00:00+00:00,-28965046.349016104,15,220.65149591863158,52.36855369038756,82.54833764123819,613.9896934120018
2024-05-08 12:00:00+00:00,-28965107.228335787,17,-987.9783133417368,-234.50506989829123,94.862272128623,508.6947572751065
2024-05-08 15:00:00+00:00,-28965293.34359444,18,-1321.4063658416271,-313.57564974577804,96.74150716014744,584.0222108380644
2024-05-08 18:00:00+00:00,-28965437.579927247,14,562.9139892458916,133.6550369444472,110.989957872802,508.17988017103215
2024-05-08 21:00:00+00:00,-28965152.615097128,18,446.1710093617439,105.90774260153862,82.34989499415546,598.0443534984117
2024-05-09 00:00:00+00:00,-28965326.037174907,18,-1648.4792902320623,-391.29135708532635,100.17382291972272,631.3820298186904
2024-05-09 03:00:00+00:00,-28965564.734919686,18,-958.6025824695826,-227.4978743773669,134.66142364491276,609.540949365395
2024-05-09 06:00:00+00:00,-28965565.687820524,17,706.511644423008,167.64745073732487,114.83233761108944,665.5026241572326
2024-05-09 09:00:00+00:00,-28965388.10700858,12,151.03217934072018,35.834263601351566,97.70956915489654,586.7311887099725
2024-05-09 12:00:00+00:00,-28965527.92977569,18,-1758.6212942153215,-417.432790197952,91.2654218561792,582.4462091048779
2024-05-09 15:00:00+00:00,-28965827.762332134,18,-1684.7499435693026,-399.8881854907402,107.96093854656269,499.63437781731403
2024-05-09 18:00:00+00:00,-28965949.11726158,14,304.3616068661213,72.27007327618043,85.28059416989048,597.3562309446868
2024-05-09 21:00:00+00:00,-28965751.671930417,18,970.9282649308443,230.39837390511536,103.18231395773667,440.2182368794874
2024-05-10 00:00:00+00:00,-28965706.38519535,18,-1055.8663308769464,-250.580605241074,69.56454745853469,614.274193540223
2024-05-10 03:00:00+00:00,-28966015.638513137,18,-1405.4831157028673,-333.59858229632147,113.73965508748597,602.6470266251516
2024-05-10 06:00:00+00:00,-28966057.755974274,15,-427.5061272829771,-101.44517740832283,133.64033319192146,630.2593083660107
2024-05-10 09:00:00+00:00,-28966122.515044957,16,71.20791378617287,16.896759819376065,109.04111883576243,637.9647621904148
2024-05-10 12:00:00+00:00,-28966039.953995828,18,-1113.021495550871,-264.12790798109836,87.04999257119012,620.0535342747061
2024-05-10 15:00:00+00:00,-28966400.770418845,17,-1796.2266113013031,-426.25131170702156,110.17796280769929,655.1756718986373
2024-05-10 18:00:00+00:00,-28966489.010648653,15,-325.155828922987,-77.19935967444769,138.74705891962242,581.7297272410655
2024-05-10 21:00:00+00:00,-28966482.059376076,16,-933.5153543502092,-221.53512726065347,94.92844006825881,657.1360556283853
2024-05-11 00:00:00+00:00,-28966722.38948724,18,-2829.9329152405267,-671.6481425162792,87.96869253650326,756.9457572181118
2024-05-11 03:00:00+00:00,-28967189.542604886,18,-2996.104012683034,-710.9425958242914,163.7040660058976,613.8928276506128
2024-05-11 06:00:00+00:00,-28967471.41549041,16,-1287.1586892604828,-305.31663299706025,125.75982813868752,734.8040981510151
2024-05-11 09:00:00+00:00,-28967511.3322772,17,-1246.594847843051,-295.7996952114329,83.34893634208612,654.5240393774519
2024-05-11 12:00:00+00:00,-28967783.064202372,18,-3222.068561762572,-764.6929451858807,104.68797929664031,517.3902999993145
2024-05-11 15:00:00+00:00,-28968316.84941764,17,-2939.608028247953,-697.6504348453071,98.91284026343173,589.0927699775957
2024-05-11 18:00:00+00:00,-28968517.966209434,14,-21.48603819310665,-5.1008309225187105,103.58484550492169,522.8928909183335
2024-05-11 21:00:00+00:00,-28968322.22092719,18,377.7973456531763,89.63466259168408,85.46818701615881,559.3972527504172
2024-05-12 00:00:00+00:00,-28968423.51687302,18,-1541.847540512681,-365.8557703732029,93.95749134989791,645.477219565461
2024-05-12 03:00:00+00:00,-28968707.68281232,18,-1607.1118785142899,-381.39042675126063,136.8767385982487,553.9751002523261
2024-05-12 06:00:00+00:00,-28968825.29484265,18,1680.5338505208495,398.7981018015613,101.74731225176066,1078.5946615788662
2024-05-12 09:00:00+00:00,-28968287.549349688,2,665.2358641177416,157.5146474093491,232.32554999366403,578.905808370511
2024-05-12 12:00:00+00:00,-28968658.98587662,12,-2319.969297453761,-550.330513602095,102.92342000177797,1029.6007415245535
2024-05-12 15:00:00+00:00,-28968867.54167405,17,-1081.9259182810783,-256.72735005366934,110.81378187926767,654.732075132915
2024-05-12 18:00:00+00:00,-28968929.46735619,13,204.06241884827614,48.433423269280205,127.27490032653111,557.9876778141506
2024-05-12 21:00:00+00:00,-28968816.52606934,18,-401.2579641640187,-95.22060100029269,84.73308847575933,615.1052717702656
2024-05-13 00:00:00+00:00,-28969029.78184723,18,-1483.93739323318,-352.08257158075634,86.30327749769901,531.9606332942831
2024-05-13 03:00:00+00:00,-28969187.510417648,18,-1246.7801798731089,-295.7875492568905,102.50212645739387,590.3156481918846
2024-05-13 06:00:00+00:00,-28969341.4768922,18,-88.75684571266174,-21.059007659873075,119.71332246002515,543.8150576303076
2024-05-13 09:00:00+00:00,-28969209.699629076,16,-115.01783968508244,-27.288991518153363,89.312597814101,632.018766966863
2024-05-13 12:00:00+00:00,-28969370.23135212,18,-1194.6901396512985,-283.49707630630786,103.12227226926615,569.164886966801
2024-05-13 15:00:00+00:00,-28969508.37216399,18,-759.2083043009043,-180.12663537213854,110.77026521789297,727.0880134225688
2024-05-13 18:00:00+00:00,-28969560.033428196,14,358.54538537561893,85.09415224078295,149.68920524188422,563.2566907256005
2024-05-13 21:00:00+00:00,-28969418.735817645,18,-207.53082755208018,-49.23950991258222,86.94009185355641,700.6349079036563
2024-05-14 00:00:00+00:00,-28969611.916135084,18,-1744.9822189062834,-414.0796883015467,90.95999928471782,611.9543122452181
2024-05-14 03:00:00+00:00,-28969854.98137237,18,-17.41631631553173,-4.1327255106944,125.88457191298322,516.4393985745088
2024-05-14 06:00:00+00:00,-28969616.270214163,16,508.6916105151176,120.66533865431464,91.62768034346473,557.3877290717223
2024-05-14 09:00:00+00:00,-28969727.808469743,17,-843.2928369790317,-200.02986472500555,59.75484990164552,507.4818697344862
2024-05-14 12:00:00+00:00,-28969827.093423408,18,-1297.8729984760284,-307.92697881507536,87.75239997687511,431.05043251985046
2024-05-14 15:00:00+00:00,-28970052.27671936,17,-2421.376811787486,-574.6421864730828,89.67796621357834,929.5788644365136
2024-05-14 18:00:00+00:00,-28970432.437626354,10,287.71066565811634,68.30788681637195,215.1901958123114,498.5120489091518
2024-05-14 21:00:00+00:00,-28969980.349052947,18,1029.1678098738194,244.1713676460022,86.54480809107693,936.8933439982654
2024-05-15 00:00:00+00:00,-28970175.145673886,18,-1959.160631120205,-464.76129275612584,92.48648957023312,606.375834923563
2024-05-15 03:00:00+00:00,-28970470.139210727,18,-781.8334710597993,-185.48470691751416,124.46173916582428,592.166036612795
2024-05-15 06:00:00+00:00,-28970370.60404165,13,292.95724035799503,69.4773840249439,115.59644319498669,632.5774795346975
2024-05-15 09:00:00+00:00,-28970396.899900638,15,-301.03500501811504,-71.41841364576054,97.56493842422462,604.9795660028003
2024-05-15 12:00:00+00:00,-28970445.862792905,18,-1338.8692314773798,-317.64028669121393,97.53194105382478,591.6282576274599
2024-05-15 15:00:00+00:00,-28970731.617208507,18,-1252.9985065460205,-297.23077261730595,111.16466386281999,532.9679676179462
2024-05-15 18:00:00+00:00,-28970759.112419542,15,-199.03817412257195,-47.235853793710966,90.77967217912007,563.0507664635867
2024-05-15 21:00:00+00:00,-28970781.376752038,18,-622.8561889976263,-147.78828197784625,86.35133385894086,489.5761393689102
2024-05-16 00:00:00+00:00,-28970914.82646679,18,-1187.9157676547766,-281.8641705979441,82.0935495883319,605.7718948793054
2024-05-16 03:00:00+00:00,-28971078.35569395,18,-1014.0354734063148,-240.5663986171231,124.4123041740074,757.2085347751679
2024-05-16 06:00:00+00:00,-28971168.335335143,17,-83.16559590399265,-19.72430096720158,170.57534094062476,634.3124676482263
2024-05-16 09:00:00+00:00,-28971099.147092927,16,-530.3257058560848,-125.8050734605236,98.32902792913262,812.0902953801093
2024-05-16 12:00:00+00:00,-28971300.916761607,18,-2382.2107457369566,-565.2157123982148,110.10094710604989,540.9968952900547
2024-05-16 15:00:00+00:00,-28971694.69977936,18,-1584.591726049781,-375.96693872846953,92.86417399139593,657.8951128850547
2024-05-16 18:00:00+00:00,-28971697.06469312,15,421.0231812596321,99.90981828741495,122.18594505395552,509.5425904393199
2024-05-16 21:00:00+00:00,-28971589.443984047,18,68.46913419663906,16.241023223977894,87.1971811807671,582.6957817906199
2024-05-17 00:00:00+00:00,-28971679.94740957,18,-1707.0410040169957,-404.9407727174989,79.31893351248567,564.7075195930333
2024-05-17 03:00:00+00:00,-28972016.20423505,18,-1392.8719625324009,-330.4616304777258,111.02955918103852,494.19599560615626
2024-05-17 06:00:00+00:00,-28972028.165400203,18,98.09802182018757,23.27470093780484,94.72519155966053,566.1323194331932
2024-05-17 09:00:00+00:00,-28971991.679729596,15,-343.2128247618675,-81.40445395052076,87.77271604684285,510.78551060039797
2024-05-17 12:00:00+00:00,-28972113.968606394,18,-2042.1832413822412,-484.39297804291294,85.63587419383565,506.40611124167225
2024-05-17 15:00:00+00:00,-28972502.22553994,18,-2450.311736688018,-581.221287066157,91.23539423761129,587.5427316838209
2024-05-17 18:00:00+00:00,-28972726.546540566,13,424.97900851070887,100.88981012248502,119.33943563723163,501.9099599155386
2024-05-17 21:00:00+00:00,-28972395.980787814,18,348.8843540251255,82.77434471314999,86.14350428040841,607.8068136582054
2024-05-18 00:00:00+00:00,-28972639.32545206,18,-1963.9464031606913,-465.88187164845635,94.06072119844089,563.4242313792492
2024-05-18 03:00:00+00:00,-28972886.967388604,18,-1567.1802909076214,-371.7063819407515,111.4438230763481,669.4046397409353
2024-05-18 06:00:00+00:00,-28973031.120524786,13,-421.31392127275467,-99.92487655388996,138.41600868142885,549.1303243153448
2024-05-18 09:00:00+00:00,-28972992.295868922,15,-830.3453470468521,-196.93182189879036,80.16720879383826,693.5582476108755
2024-05-18 12:00:00+00:00,-28973238.706861548,18,-2010.8713911175728,-477.0622117268678,104.42676245828643,613.2920350772309
2024-05-18 15:00:00+00:00,-28973495.0137167,18,-944.5173198282719,-224.04485407921558,130.6949258857373,637.1098072871197
2024-05-18 18:00:00+00:00,-28973474.836191505,16,738.5920444875954,175.1944670043255,120.26785913667892,624.1939653547953
2024-05-18 21:00:00+00:00,-28973310.36570558,18,-38.06867139041424,-9.029348896082286,85.26410731841155,562.3946217228546
2024-05-19 00:00:00+00:00,-28973484.353359353,18,-2189.916310995817,-519.4975870622144,72.82598415129382,548.453081113562
2024-05-19 03:00:00+00:00,-28973857.84478333,18,-1134.2259959727526,-269.0742492611211,107.37821422257572,562.6294057414063
2024-05-19 06:00:00+00:00,-28973767.909858346,17,223.65183210372925,53.04596809288927,120.3364722152162,552.2061272091994
2024-05-19 09:00:00+00:00,-28973801.931825303,18,-879.7400446087122,-208.6467336480226,86.76488081782885,624.8603382349678
2024-05-19 12:00:00+00:00,-28973987.8448695,18,-1772.985678255558,-420.5041582150921,99.61067261338715,581.8894886933979
2024-05-19 15:00:00+00:00,-28974245.178244866,16,-1187.3225733935833,-281.6945448765253,116.76500555564348,567.2825881445058
2024-05-19 18:00:00+00:00,-28974284.675512847,15,781.6458653211594,185.4889112506276,100.9495409957577,597.5081167727453
2024-05-19 21:00:00+00:00,-28974049.766778536,18,228.59665291011336,54.214913928305535,93.16346026298396,492.0713029333054
2024-05-20 00:00:00+00:00,-28974227.52634962,18,-2406.964192405343,-570.8576589199379,70.3034538333707,568.0831022840653
2024-05-20 03:00:00+00:00,-28974651.507826637,18,-1895.2810391634703,-449.56389745739637,107.19361158959236,490.41102497548485
2024-05-20 06:00:00+00:00,-28974701.34660941,15,142.8035904467106,33.8680293173291,100.44331843230398,543.125928282694
2024-05-20 09:00:00+00:00,-28974615.806929026,17,-226.9312520623207,-53.826381495222144,83.34350909151975,748.9577780559424
2024-05-20 12:00:00+00:00,-28974758.079422425,6,,,158.01819314310828,
2024-05-29 12:00:00+00:00,-28979176.300884154,11,,,141.31615846314875,
2024-05-29 15:00:00+00:00,-28979260.671817567,17,-996.2111289352179,-236.23081039147675,107.20989776810715,720.8224188967855
2024-05-29 18:00:00+00:00,-28979425.353666387,15,442.6446484327316,104.99464686785501,111.82040659571732,552.4095489009912
2024-05-29 21:00:00+00:00,-28979150.01065546,15,678.2770010828972,160.84511715092228,87.05347309478411,568.0398218643095
2024-05-30 00:00:00+00:00,-28979255.784416117,18,-1584.2571776360276,-375.60153269128807,87.5387007000089,587.0550235242456
2024-05-30 03:00:00+00:00,-28979546.074949868,18,-967.7536293417216,-229.431823339624,118.15791493781312,529.8341176519036
2024-05-30 06:00:00+00:00,-28979497.722823452,18,616.3041905015707,146.1341832055083,99.40944569809483,647.3682814636958
2024-05-30 09:00:00+00:00,-28979391.998902243,15,375.64475840330124,89.05943011926014,110.5963963150572,566.6866168631474
2024-05-30 12:00:00+00:00,-28979403.81163385,18,-1121.104112520814,-265.838753406145,100.93869284984329,613.4516135862599
2024-05-30 15:00:00+00:00,-28979672.274930373,15,-1717.319414049387,-407.2427297148304,106.2479047339143,627.6602890729082
2024-05-30 18:00:00+00:00,-28979833.141487364,14,621.9318408966064,147.51946735496688,120.14041863880745,593.5941416263207
2024-05-30 21:00:00+00:00,-28979516.79197015,18,833.4244654923677,197.6131735697305,103.60264499746665,569.3683250815213
2024-05-31 00:00:00+00:00,-28979624.78537099,18,-1197.6026846766472,-283.9962470718342,76.33837769874106,576.038208959108
2024-05-31 03:00:00+00:00,-28979816.192641318,18,-943.2075646370649,-223.65212605376468,100.02621199380673,566.8935670100303
2024-05-31 06:00:00+00:00,-28979860.58726215,17,341.2558091133833,80.89446386558714,119.4067496423845,568.6447087243326
2024-05-31 09:00:00+00:00,-28979730.87868904,16,48.31098410487175,11.450537889123718,101.01760842388498,612.4340923548839
2024-05-31 12:00:00+00:00,-28979848.509516124,18,-1819.3638800382614,-431.3724767374883,95.83448221934687,616.3972025005027
2024-05-31 15:00:00+00:00,-28980185.71965905,18,-1075.3747074306011,-255.00043690656918,116.37025926529296,566.4615754884124
2024-05-31 18:00:00+00:00,-28980117.35319298,16,1396.4126842170954,331.1835848678846,104.26251387387794,577.901739239255
2024-05-31 21:00:00+00:00,-28979836.616487995,15,292.0316419005394,69.24724125872488,85.62192489084346,551.5518819646488
2024-06-01 00:00:00+00:00,-28980044.345282506,18,-1442.2925534546375,-341.9156368217017,90.23536228591888,557.127025576431
2024-06-01 03:00:00+00:00,-28980197.18962636,18,-732.9092992693186,-173.76624798458627,109.855785656534,634.3453569716289
2024-06-01 06:00:00+00:00,-28980227.572607324,16,-921.7029122561216,-218.50324620660115,130.41168041090273,900.7754897022053
2024-06-01 09:00:00+00:00,-28980427.615354422,15,-69.95950266718864,-16.58692451032581,196.58073795720972,605.7745414505371
2024-06-01 12:00:00+00:00,-28980245.06248299,18,-113.99052764475347,-27.02475597367348,76.99330038552122,888.2380925848547
2024-06-01 15:00:00+00:00,-28980456.112986334,18,-1165.0277622491121,-276.1776854235331,103.27848412967076,609.2941224903147
2024-06-01 18:00:00+00:00,-28980536.319423553,11,590.5310818552971,140.05398441787742,131.43245290670248,560.1346476485688
2024-06-01 21:00:00+00:00,-28980308.48021587,18,267.6574810743332,63.46734949156546,94.5673367733357,664.7554742669595
2024-06-02 00:00:00+00:00,-28980469.405053284,18,-1222.4681546390057,-289.86739789216927,101.7066878745964,581.0223666630777
2024-06-02 03:00:00+00:00,-28980614.09725453,18,-659.741096124053,-156.40911992727501,110.25518457547133,863.9694423664447
2024-06-02 06:00:00+00:00,-28980634.340327315,8,2754.65779684484,652.8140758413333,190.54776166493272,
2024-06-02 09:00:00+00:00,-28979925.43280532,1,-630.5546070635319,-149.1696163850196,,894.1887030524687
2024-06-02 12:00:00+00:00,-28980791.97897908,18,-4014.6243991404767,-951.9143106877116,116.89692175652016,
2024-06-02 15:00:00+00:00,-28980929.088905104,18,-554.7409480363131,-131.53532644225086,110.69503792462939,658.9032916273085
2024-06-02 18:00:00+00:00,-28980930.66421609,15,791.6878436952829,187.7660069924508,116.05906434303776,533.0144645802789
2024-06-02 21:00:00+00:00,-28980731.16694418,18,812.1403018385172,192.51962051577348,74.18311664120381,591.716736108612
2024-06-03 00:00:00+00:00,-28980727.62914063,18,-1495.481808155775,-354.5359061069256,91.72424472710539,569.8699917523384
2024-06-03 03:00:00+00:00,-28981105.03739622,18,-1661.0753435641527,-393.8474152702667,121.62998468361201,529.9056967679179
2024-06-03 06:00:00+00:00,-28981142.89797652,16,858.034796476364,203.40572371798135,95.58590845901588,563.0391753699122
2024-06-03 09:00:00+00:00,-28980890.5286971,16,415.8541530817747,98.58064213740886,70.8481925559236,559.2768724119916
2024-06-03 12:00:00+00:00,-28981038.93443825,18,-1709.7670769393444,-405.29642412240497,102.04287263203801,543.6880371038341
2024-06-03 15:00:00+00:00,-28981317.970466334,17,-904.5579107850789,-214.4625858669981,115.99709572731778,581.3355262275048
2024-06-03 18:00:00+00:00,-28981265.073915947,16,509.6122227460146,120.85828264411525,103.48521282477893,601.3749067831566
2024-06-03 21:00:00+00:00,-28981190.567410648,18,-549.5259490311146,-130.2983470871849,95.64470680390845,553.5817779516896
2024-06-04 00:00:00+00:00,-28981402.455403205,18,-1484.1918190717697,-351.8651038265936,91.8918374047435,670.0571378598993
2024-06-04 03:00:00+00:00,-28981561.615365416,18,-555.1475655585527,-131.59243783372278,137.52499976443153,585.2815968402615
2024-06-04 06:00:00+00:00,-28981541.242294595,17,286.9978702813387,68.02885015579419,113.86636660301883,658.4785894246971
2024-06-04 09:00:00+00:00,-28981489.865897845,16,-369.69423741102224,-87.64233923851101,90.47929451241474,601.4568358412962
2024-06-04 12:00:00+00:00,-28981633.665853947,18,-1582.8374020755289,-375.2972719410266,98.20308494589625,589.0566800713036
2024-06-04 15:00:00+00:00,-28981885.575248364,14,-863.2418453544379,-204.65105862305137,116.19050320733986,601.4884300335435
2024-06-04 18:00:00+00:00,-28981849.476315286,13,581.2748507261276,137.8376726254072,113.87679668669402,581.9960945876215
2024-06-04 21:00:00+00:00,-28981740.256535683,18,-55.70863050222396,-13.205456389849617,87.57701094823844,616.0220278004589
2024-06-05 00:00:00+00:00,-28981863.40347291,18,-1567.4763883501291,-371.6198481534655,103.68110409973067,542.9788445507028
2024-06-05 03:00:00+00:00,-28982132.12563277,18,-882.9059644937515,-209.33415366630408,103.71544607831149,733.0970768434845
2024-06-05 06:00:00+00:00,-28982084.129964035,17,548.618027985096,130.05354275573777,151.12804639589461,537.6551818562547
2024-06-05 09:00:00+00:00,-28981994.971125774,17,261.79971823096275,62.057678438392635,85.49955938969512,704.2046662353259
2024-06-05 12:00:00+00:00,-28982018.680034477,18,-1584.1431098133326,-375.5016163649355,90.3013113929457,538.3393488291235
2024-06-05 15:00:00+00:00,-28982391.006903227,18,-2362.978176727891,-560.1886084514913,103.93701819024007,497.4327769443086
2024-06-05 18:00:00+00:00,-28982609.42457866,14,712.7627076804638,169.09302597464662,85.50224344642744,557.8415235167406
2024-06-05 21:00:00+00:00,-28982212.816226307,18,708.0142366886139,167.8518890537906,92.98545093018102,518.9493557309121
2024-06-06 00:00:00+00:00,-28982432.421019487,18,-1490.940517142415,-353.401431649377,97.57634692369564,525.1472964503711
2024-06-06 03:00:00+00:00,-28982585.551355593,18,-534.852406874299,-126.7739104136607,92.68190816379305,494.4957437824192
2024-06-06 06:00:00+00:00,-28982566.134121206,16,159.13965183496475,37.71675231367663,75.9060871057756,449.20024617540764
2024-06-06 09:00:00+00:00,-28982545.766442634,16,-615.9055109918118,-146.016858078605,63.41425487909763,457.74902896729964
2024-06-06 12:00:00+00:00,-28982720.110498954,18,-1680.3491486310959,-398.35975001655135,85.6396624545077,498.8018667730094
2024-06-06 15:00:00+00:00,-28982965.853729792,18,-1318.891023248434,-312.61254943528144,107.3724297557049,538.0692345305824
2024-06-06 18:00:00+00:00,-28983049.833254766,15,95.30273389816284,22.594394189456175,103.7340567819866,586.8450621589834
2024-06-06 21:00:00+00:00,-28982942.028046317,18,239.74485871195796,56.83185500418813,99.97678112756998,508.5820175360236
2024-06-07 00:00:00+00:00,-28982989.897040088,18,-844.9532781094313,-200.3224965121623,73.52023360011069,574.4048676128338
2024-06-07 03:00:00+00:00,-28983153.266365845,18,-351.7371791303157,-83.38500359817513,103.08226196321209,558.021657126448
2024-06-07 06:00:00+00:00,-28983077.83133487,16,25.43080109357834,6.026844690534211,118.56026258940786,620.5367256759437
2024-06-07 09:00:00+00:00,-28983146.90866557,18,-908.0317013263702,-215.2159284758629,115.93386698064788,579.1965562662599
2024-06-07 12:00:00+00:00,-28983304.839260202,18,-1694.6024530380962,-401.69056957819504,83.12794240897027,620.0436211234505
2024-06-07 15:00:00+00:00,-28983570.55927883,17,-876.3746491074561,-207.78608995540714,102.89664349679248,615.7718495753727
2024-06-07 18:00:00+00:00,-28983523.93292248,16,573.0172803550959,135.86847975316826,129.56921262955615,571.0856348806883
2024-06-07 21:00:00+00:00,-28983427.304958742,18,-317.0798513442278,-75.156280684547,98.97452149435439,646.3514609664428
2024-06-08 00:00:00+00:00,-28983603.202885315,18,-1681.6013282686472,-398.54839269021534,96.5528732451697,565.1028284847692
2024-06-08 03:00:00+00:00,-28983847.70529081,18,-1364.2014407068493,-323.3535155304428,100.81105850826332,561.658371030364
2024-06-08 06:00:00+00:00,-28983944.25324549,18,-90.94561716914177,-21.559741564730412,101.94999032556268,541.7139364298752
2024-06-08 09:00:00+00:00,-28983870.4416951,14,70.66627885401249,16.750328029840414,90.43232160068897,546.0929910939811
2024-06-08 12:00:00+00:00,-28983926.586675778,18,-1316.9523754119873,-312.14757423514976,90.80086263489385,522.1972735755372
2024-06-08 15:00:00+00:00,-28984199.679788955,17,-1414.7134305685759,-335.31552561232854,94.1547648450005,587.7956079429699
2024-06-08 18:00:00+00:00,-28984280.26503342,14,90.0592754483223,21.354622876520086,115.53866512806215,538.5086602952861
2024-06-08 21:00:00+00:00,-28984177.164970092,18,-279.4820626229048,-66.25280501105483,96.22553628219822,561.2167821962059
2024-06-09 00:00:00+00:00,-28984350.135549076,18,-1440.890243396163,-341.57135524299724,79.5995235481469,573.6561990705281
2024-06-09 03:00:00+00:00,-28984537.38753094,18,-733.0697192549706,-173.74996882617546,106.34018919466052,571.0931025283442
2024-06-09 06:00:00+00:00,-28984533.40297889,15,316.12081348896027,74.89545718019727,118.52478257994665,511.32495132992796
2024-06-09 09:00:00+00:00,-28984458.35732757,16,-102.37716801464556,-24.263277397935905,70.94074659762458,590.3720220162797
2024-06-09 12:00:00+00:00,-28984558.997270893,18,-1960.283111155033,-464.67703952814884,87.95209598469381,542.7222566692504
2024-06-09 15:00:00+00:00,-28984948.428105358,17,-976.3530152440071,-231.4725475200245,115.65736450798042,556.3596311870714
2024-06-09 18:00:00+00:00,-28984803.085524704,16,728.909067466855,172.7955090337202,107.75171118275841,587.5484784468488
2024-06-09 21:00:00+00:00,-28984766.20083849,16,-112.7502384185791,-26.726050216361394,90.54943369725507,547.0262937953687
2024-06-10 00:00:00+00:00,-28984831.27308431,18,-1040.8666364997625,-246.6843341622014,84.21359224410261,532.4224601558116
2024-06-10 03:00:00+00:00,-28985026.417497616,18,-1387.3958018869162,-328.86116844644476,97.55974995870136,731.4358282433487
2024-06-10 06:00:00+00:00,-28985178.12203478,17,747.5567784160374,177.20199703987853,162.31287397714672,642.8034193015964
2024-06-10 09:00:00+00:00,-28984839.528303012,16,377.09788598120207,89.37530390758417,127.6983160797732,761.5665315069232
2024-06-10 12:00:00+00:00,-28985083.847563285,18,-1893.8411556780338,-448.80987610987216,99.51635448883125,624.0058886709446
2024-06-10 15:00:00+00:00,-28985312.98859193,18,-1611.6740432083604,-381.9467837425617,89.60803194408017,535.6205316932567
2024-06-10 18:00:00+00:00,-28985486.766074087,13,15.55556608736515,3.689483888401801,89.59397196499168,560.9977656216138
2024-06-10 21:00:00+00:00,-28985309.09970041,18,550.802952259779,130.5648193684491,107.89025176370846,490.6700047817517
2024-06-11 00:00:00+00:00,-28985349.065336023,18,-1634.4122046828272,-387.385005619658,83.78684883123991,799.9342412668502
2024-06-11 03:00:00+00:00,-28985717.70275158,18,-897.8938451856375,-212.7790637402279,168.38384118231718,552.753923740538
2024-06-11 06:00:00+00:00,-28985573.53879732,15,1021.6502668559551,242.06570300584306,109.89003697374471,711.164587766643
2024-06-11 09:00:00+00:00,-28985462.290184867,10,-506.46385194361216,-120.01053540006212,57.06639956681507,565.8263039103505
2024-06-11 12:00:00+00:00,-28985700.154760305,18,-1640.459616318345,-388.85213067866147,89.07380457357841,473.55571927569895
2024-06-11 15:00:00+00:00,-28985872.405088946,18,-1099.873077571392,-260.6852291688119,103.72735774206772,631.9584169181916
2024-06-11 18:00:00+00:00,-28985975.123029698,14,259.7832708656788,61.58550668533242,130.485908754153,608.7116845152028
2024-06-11 21:00:00+00:00,-28985807.45927123,18,476.49002252519136,112.91545377779829,111.34969660907294,623.1789876247952
2024-06-12 00:00:00+00:00,-28985856.000524066,18,-1252.9299928694963,-296.9538847142327,85.12009621804597,676.0071964631447
2024-06-12 03:00:00+00:00,-28986120.691769447,18,-5.524788901209831,-1.3095448936253389,127.13321033246963,699.4449509788042
2024-06-12 06:00:00+00:00,-28985857.38172129,11,582.5182811170816,138.00384608777472,152.7449563338818,609.2679527904479
2024-06-12 09:00:00+00:00,-28985975.062199168,17,-1225.1710041463375,-290.3173666058543,83.89047457340733,713.0419331305909
2024-06-12 12:00:00+00:00,-28986163.67447233,18,-1632.442930921912,-386.8325977586704,91.900915200686,596.5851802860071
2024-06-12 15:00:00+00:00,-28986383.1729319,17,-1135.6525637209415,-269.1643880663267,123.31668828428687,575.9075975636879
2024-06-12 18:00:00+00:00,-28986447.58761326,14,695.9435210824013,165.02571564017745,110.83126518947617,599.3671004245949
2024-06-12 21:00:00+00:00,-28986209.187051628,14,304.676014021039,72.20762241110755,85.12080801753281,573.2184514103652
2024-06-13 00:00:00+00:00,-28986371.418609753,18,-1180.8395460098982,-279.83006342968685,90.84405716022971,592.2580944871708
2024-06-13 03:00:00+00:00,-28986504.39693813,18,-553.1620974093676,-131.0765015603985,121.15094385843936,569.1932286090268
2024-06-13 06:00:00+00:00,-28986509.709134106,15,-240.73534333705902,-57.041483679635284,109.52700807137437,575.945063566285
2024-06-13 09:00:00+00:00,-28986564.580773965,15,-31.367736965417862,-7.4330585595241505,77.81062631548161,545.5344722040734
2024-06-13 12:00:00+00:00,-28986517.551068347,18,-771.1498266011477,-182.77472231211328,81.26700299395293,572.087576739611
2024-06-13 15:00:00+00:00,-28986757.368230615,17,-1537.2210934907198,-364.31370377530124,120.00320265988738,517.9298129385015
2024-06-13 18:00:00+00:00,-28986901.85634172,14,868.8488383740187,205.96773002860158,100.80367017146646,573.5091467509781
2024-06-13 21:00:00+00:00,-28986540.15602102,18,509.7517869621515,120.8017296720499,78.46195058313094,552.5520570626061
2024-06-14 00:00:00+00:00,-28986774.41839498,18,-1898.6917352676392,-450.0176878053453,94.44962183735593,507.11329131399117
2024-06-14 03:00:00+00:00,-28987014.82895484,18,-874.2449009716511,-207.20560533731935,99.58145133455889,588.7374955654669
2024-06-14 06:00:00+00:00,-28986992.979620222,16,-23.944842740893364,-5.673450576458276,112.88272167419643,700.134475881127
2024-06-14 09:00:00+00:00,-28987020.815165523,16,103.27499356865883,24.464134711636706,143.9454838469643,537.803591100332
2024-06-14 12:00:00+00:00,-28986967.16087183,18,-462.38249348104,-109.5706331608739,73.03790153031316,657.6956836904948
2024-06-14 15:00:00+00:00,-28987136.410788894,18,-1063.5509984344244,-252.06674081691182,79.46649263452208,563.1653816786551
2024-06-14 18:00:00+00:00,-28987233.04862144,16,502.3384201526642,119.07790066656665,120.3647285758056,492.02970890491747
2024-06-14 21:00:00+00:00,-28987010.826183856,18,-36.78118781745434,-8.71640438094728,93.8930439446052,637.5724588451891
2024-06-15 00:00:00+00:00,-28987242.243918393,18,-1422.9659456163645,-337.16699601374245,104.49161273634081,607.1958393318713
2024-06-15 03:00:00+00:00,-28987366.56767026,18,-165.60815538465977,-39.242273838791625,119.27707451638568,633.6777937036913
2024-06-15 06:00:00+00:00,-28987283.64595724,16,184.2896974235773,43.66940714768143,119.07234988582447,660.7209629570267
2024-06-15 09:00:00+00:00,-28987320.495245904,17,-261.65206664800644,-62.007953210139384,114.26938096223051,617.8271361148031
2024-06-15 12:00:00+00:00,-28987349.0589739,18,-1328.830419525504,-314.90519953394573,98.38025017835906,588.6768343672508
2024-06-15 15:00:00+00:00,-28987652.702850785,18,-1364.5640316158533,-323.3220526591849,92.74311042901839,644.4312144151986
2024-06-15 18:00:00+00:00,-28987690.199981805,12,403.25520369410515,95.54595793269391,127.58154551847991,582.919879953583
2024-06-15 21:00:00+00:00,-28987551.88904986,14,518.3002207875252,122.84772948103748,112.40969540377564,590.3416839682777
2024-06-16 00:00:00+00:00,-28987560.624926608,18,-1005.6119092851877,-238.33741830491667,74.19168236751614,621.0175505639427
2024-06-16 03:00:00+00:00,-28987803.292027183,18,-1105.328529074788,-261.93769810570626,107.08867942508128,675.7094920384601
2024-06-16 06:00:00+00:00,-28987836.957058877,16,308.31920021772385,73.048688676494,151.76314315210794,639.0085783459099
2024-06-16 09:00:00+00:00,-28987726.21222713,13,-149.70034927129745,-35.45471039097363,118.54434798408137,691.5389314367944
2024-06-16 12:00:00+00:00,-28987874.382146195,18,-1573.86733956635,-372.9749383433733,82.80748297339588,586.6518831674232
2024-06-16 15:00:00+00:00,-28988119.67906202,17,-1029.147228360176,-243.920912423421,86.35545473519186,640.1542107564716
2024-06-16 18:00:00+00:00,-28988131.668953285,13,329.8286419957876,78.2035719280024,136.94984158602855,585.9984038564322
2024-06-16 21:00:00+00:00,-28988037.22190152,18,744.7951739877462,176.47241063618378,118.3421671261817,606.3525009421099
2024-06-17 00:00:00+00:00,-28987945.470159788,18,-794.2925602942705,-188.19840556135097,64.99000386200673,655.5067126069376
2024-06-17 03:00:00+00:00,-28988235.795041595,18,-718.546767771244,-170.272874649861,113.36091531884357,458.74228538188834
2024-06-17 06:00:00+00:00,-28988125.10685173,15,416.8545817285776,98.77631300684735,94.49380758998824,616.370054566311
2024-06-17 09:00:00+00:00,-28988131.581396163,15,-328.59435437619686,-77.86676837058812,104.37339526169397,567.346859434115
2024-06-17 12:00:00+00:00,-28988207.255440325,18,-1401.3052747249606,-332.02838913413905,105.77605593425136,643.7458021378645
2024-06-17 15:00:00+00:00,-28988481.907714844,16,-1477.9011695086954,-350.15708280438855,122.50198150307148,608.846905204431
2024-06-17 18:00:00+00:00,-28988576.7307327,15,1083.2573815584183,256.74958098987645,109.45243539801872,622.357838285044
2024-06-17 21:00:00+00:00,-28988211.093369454,18,332.8206855356693,78.87690972694645,95.92363867941098,583.7152019497589
2024-06-18 00:00:00+00:00,-28988493.525561318,18,-1557.6409367918968,-369.13017230158476,96.51621209488866,597.3202378930118
2024-06-18 03:00:00+00:00,-28988600.503603652,18,-461.3079889267683,-109.30224529268618,114.44702794213171,582.8492892629606
2024-06-18 06:00:00+00:00,-28988608.85255855,17,22.52212749421597,5.335227233034326,109.16364631827125,589.2729253051561
2024-06-18 09:00:00+00:00,-28988594.87307178,14,184.57265023887155,43.73046216813092,92.760654785954,572.54983815023
2024-06-18 12:00:00+00:00,-28988562.70939599,18,-1352.9309796392918,-320.6267876104507,92.58310129481134,1058.1839060017248
2024-06-18 15:00:00+00:00,-28988933.10581669,3,,,247.74994370584176,
2024-06-19 09:00:00+00:00,-28989041.840154484,2,,,59.85750809404998,
2024-06-19 12:00:00+00:00,-28989172.623464964,18,-714.4696550369263,-169.26826888338658,188.6645902901172,479.0434022134189
2024-06-19 15:00:00+00:00,-28989220.457568243,18,-466.50891360640526,-110.53052313854232,103.72916682415658,886.4471077090918
2024-06-19 18:00:00+00:00,-28989289.250693366,16,562.5927900969982,133.33540716063152,116.2645777678034,601.3297391423648
2024-06-19 21:00:00+00:00,-28989079.80937072,18,452.42912852764135,107.21681657099369,108.81222770686355,545.575616656578
2024-06-20 00:00:00+00:00,-28989176.143411234,18,-840.4014003574848,-199.13031655916348,71.31511094860771,633.6369081730039
2024-06-20 03:00:00+00:00,-28989289.90972081,18,-452.75700487196445,-107.26435976533801,115.12333522752856,575.0588116142504
2024-06-20 06:00:00+00:00,-28989289.332662452,15,287.1874312758446,68.0228741581476,124.8296629465024,532.5045497280348
2024-06-20 09:00:00+00:00,-28989218.11286299,12,-362.6285381615162,-85.92279407586082,66.85197195039315,635.1436094243113
2024-06-20 12:00:00+00:00,-28989379.989796992,18,-1884.1778884381056,-446.5075504305161,98.13520283617133,652.627739858663
2024-06-20 15:00:00+00:00,-28989689.1573351,18,-765.4867589622736,-181.37725349031413,148.83211774817966,592.5543884159326
2024-06-20 18:00:00+00:00,-28989571.361486733,15,1267.9763631522655,300.4205263929036,110.97083362866007,794.6047752275917
2024-06-20 21:00:00+00:00,-28989372.16324431,18,-43.12619970738888,-10.217445588291739,131.57240412600854,601.3860728239894
2024-06-21 00:00:00+00:00,-28989582.14303666,18,-1869.0878884345293,-442.8873578242527,101.43741726023262,640.0356264191246
2024-06-21 03:00:00+00:00,-28989839.43521642,18,-897.7917640656233,-212.75001391792148,91.05796321772121,616.3854723699795
2024-06-21 06:00:00+00:00,-28989806.590977676,16,750.3590608835219,177.76268189434816,116.00060792457572,458.4650517895674
2024-06-21 09:00:00+00:00,-28989651.8454512,17,-197.78386878967288,-46.85559385225667,69.60844105901094,603.2321438246738
2024-06-21 12:00:00+00:00,-28989856.036944874,18,-1534.500203579664,-363.53551444973226,96.36868096059972,473.34571964387516
2024-06-21 15:00:00+00:00,-28990035.470502093,16,-673.9991799145937,-159.73456361368466,95.69835723463505,524.7469340827784
2024-06-21 18:00:00+00:00,-28990024.536739852,11,455.48425033688545,107.99383271797784,89.01143961168069,559.0963118634849
2024-06-21 21:00:00+00:00,-28989921.59943951,17,187.7130651921034,44.48601132860421,101.87549898676137,577.3987940003351
2024-06-22 00:00:00+00:00,-28989977.608473554,18,-938.6227394640446,-222.37071462203983,113.63889772134017,573.3391329693768
2024-06-22 03:00:00+00:00,-28990156.255124375,18,-774.95671954751,-183.58792411664575,100.82778780340358,647.2546933274552
2024-06-22 06:00:00+00:00,-28990171.34765344,14,470.1661766767502,111.3952032692844,115.19490354104177,820.2209869199224
2024-06-22 09:00:00+00:00,-28990038.713580206,4,-242.32949304580688,-57.410422050482346,178.55366537308902,596.6918927058188
2024-06-22 12:00:00+00:00,-28990231.930026703,16,-1226.3588845431805,-290.67424610006003,94.77716035244647,832.5083265712296
2024-06-22 15:00:00+00:00,-28990345.30330134,13,,,106.9367602603837,
2024-06-23 09:00:00+00:00,-28990467.528517634,4,,,193.77825894552103,
2024-06-23 12:00:00+00:00,-28990582.66737702,18,-1285.5561647862196,-304.56740005144957,117.17442090922286,882.0000902711473
2024-06-23 15:00:00+00:00,-28990788.91755883,18,-1231.446308299899,-291.7886930836616,105.21523802395303,646.921972251535
2024-06-23 18:00:00+00:00,-28990890.528954096,14,385.62212397158146,91.39300853750154,111.47603989625644,600.4895014125892
2024-06-23 21:00:00+00:00,-28990692.512027837,18,591.0660791397095,140.03281346498616,107.08165701572868,545.1024624368198
2024-06-24 00:00:00+00:00,-28990742.76243431,18,-1300.8304402530193,-308.1518463252697,78.38453890095946,618.4136763733142
2024-06-24 03:00:00+00:00,-28991017.7196379,18,-813.2096575945616,-192.65096080888262,111.51563086004234,498.15015995001096
2024-06-24 06:00:00+00:00,-28990946.06484871,18,294.57228933274746,69.79647845800797,96.77532189263347,575.0212425836173
2024-06-24 09:00:00+00:00,-28990944.076565567,14,-253.08349481225014,-59.96601588058898,90.71853952080151,560.361434420182
2024-06-24 12:00:00+00:00,-28991009.335722413,18,-1171.2950547933578,-277.4986467422669,101.29089616874474,540.2540093014206
2024-06-24 15:00:00+00:00,-28991236.900329266,18,-703.2509477585554,-166.58748877215643,100.06146234991768,596.6299961666099
2024-06-24 18:00:00+00:00,-28991185.148459353,14,958.0576833933592,227.05133133934876,109.49024556412836,691.4382797119232
2024-06-24 21:00:00+00:00,-28990997.385908417,13,8.812824994325638,2.0881009485502386,140.95437087257176,521.1618626321026
2024-06-25 00:00:00+00:00,-28991182.945253104,18,-1706.5328105688095,-404.35871042922736,70.62217475900918,713.3953410431943
2024-06-25 03:00:00+00:00,-28991424.01911106,18,-938.1787777394057,-222.26926692296556,109.27109577011191,455.8340742454395
2024-06-25 06:00:00+00:00,-28991417.48994754,16,212.7608094960451,50.39672428416933,89.43742161426485,558.0740938142532
2024-06-25 09:00:00+00:00,-28991370.828908686,16,-245.16373477876186,-58.065064187054574,86.74817586474956,568.6118190067046
2024-06-25 12:00:00+00:00,-28991478.780881234,18,-1772.3219153732061,-419.9034834579626,110.49167461679781,616.7405567776343
2024-06-25 15:00:00+00:00,-28991813.90938753,17,-1466.2081067711115,-347.41786713326724,127.46690210614533,647.5718149724161
2024-06-25 18:00:00+00:00,-28991845.332907926,10,1120.1707704514265,265.51578825386616,118.32547617500846,676.2278366089073
2024-06-25 21:00:00+00:00,-28991533.866694916,17,897.4631002545357,212.60429641026843,111.05153895944015,623.542549303802
2024-06-26 00:00:00+00:00,-28991620.967132863,18,-1596.0850547850132,-378.0795138105616,101.48602668582154,667.1248692915515
2024-06-26 03:00:00+00:00,-28991932.887958612,18,-1380.9602574557068,-327.16250345676366,124.43283387612892,656.646999244835
2024-06-26 06:00:00+00:00,-28991966.207197227,17,323.7911937534809,76.70814311396464,129.0335866687531,757.6622276030404
2024-06-26 09:00:00+00:00,-28991851.940160174,14,240.18858954310417,56.900410848502474,142.81009435463864,643.2513159198893
2024-06-26 12:00:00+00:00,-28991906.16004984,18,-610.6311644613743,-144.64689608381133,95.97447304330046,1036.4360364284316
2024-06-26 15:00:00+00:00,-28992004.59795129,15,-1126.7394817769527,-266.92947914253386,216.20072976492597,587.416643160732
2024-06-26 18:00:00+00:00,-28992187.844920285,14,-276.33349834382534,-65.49097858664315,111.15325035935616,943.5338340086349
2024-06-26 21:00:00+00:00,-28992073.681325875,17,-384.648491948843,-91.13586501037084,94.33053823684615,592.8062576605288
2024-06-27 00:00:00+00:00,-28992284.007043272,18,-1311.454257875681,-310.7072853201366,98.02376563692533,543.170481782624
2024-06-27 03:00:00+00:00,-28992401.544890344,18,-84.8623940497637,-20.102007078637723,97.68001496439739,813.7457197819344
2024-06-27 06:00:00+00:00,-28992305.222641785,15,868.7604423016311,205.68759608367534,178.2630707671132,665.6817918096685
2024-06-27 09:00:00+00:00,-28992184.35477977,17,-619.2121000736952,-146.67588913869932,134.7381912200037,803.1677128292885
2024-06-27 12:00:00+00:00,-28992460.025666803,18,-2557.0058199316263,-605.8128365995799,92.41036756713821,645.6600179010622
2024-06-27 15:00:00+00:00,-28992823.60623475,15,-1269.7940994501114,-300.90984399712556,88.88432649523602,869.1729956019026
2024-06-27 18:00:00+00:00,-28992777.474191666,4,,,196.66387564530112,
2024-06-28 09:00:00+00:00,-28993006.831071727,7,,,66.33657064809302,
2024-06-28 12:00:00+00:00,-28993004.281898584,18,-1524.5520926266909,-361.09334618592413,121.31863144532126,494.86615570455416
2024-06-28 15:00:00+00:00,-28993387.969094884,17,-2215.2014182060957,-524.693753169723,104.42816381854713,644.8797705246478
2024-06-28 18:00:00+00:00,-28993558.082253136,13,-425.64567244052887,-100.88452681654282,106.17749086425736,612.955875500708
2024-06-28 21:00:00+00:00,-28993494.380512994,18,290.8466767966747,68.90414757187644,112.14695797663948,582.4990372805179
2024-06-29 00:00:00+00:00,-28993485.370583937,18,-783.6499678492545,-185.6298991539318,99.66399029145974,643.1221609659248
2024-06-29 03:00:00+00:00,-28993690.293004956,18,-1016.8311241567136,-240.82910049045574,115.21042460180593,559.5259922251596
2024-06-29 06:00:00+00:00,-28993739.578364976,17,385.82416146993637,91.38956729608097,98.15254728052481,706.5230669067705
2024-06-29 09:00:00+00:00,-28993593.83696459,18,-433.30842289328575,-102.6468371454351,133.8842254245469,486.09297740984584
2024-06-29 12:00:00+00:00,-28993847.9054707,18,-1912.1774315983055,-453.0039502441084,71.65177164796694,640.5323155751187
2024-06-29 15:00:00+00:00,-28994071.88132249,18,-418.8214926570654,-99.20839719308962,87.84996948474465,648.8091736445215
2024-06-29 18:00:00+00:00,-28993952.610843863,11,532.6399535834789,126.11956211407507,145.51840985778406,543.6809149922776
2024-06-29 21:00:00+00:00,-28993938.721334092,17,-7.741359397768974,-1.83391161496668,103.71447075725233,675.5863279488171
2024-06-30 00:00:00+00:00,-28993954.546183713,18,-1195.564693853259,-283.23248442286246,85.73475257690076,589.1095036835367
2024-06-30 03:00:00+00:00,-28994237.612507556,18,-876.3816999346017,-207.5932686319836,104.56545325146584,498.98796937014475
2024-06-30 06:00:00+00:00,-28994173.641608696,16,568.0534745454788,134.52491825514224,90.6165785002192,542.8632721715206
2024-06-30 09:00:00+00:00,-28994095.59913892,14,-418.4712740331888,-99.09621840179312,86.51502328129877,452.7734223189279
2024-06-30 12:00:00+00:00,-28994278.259427205,18,-1777.3179214149714,-420.99491463359766,67.83340952888365,558.2747555026476
2024-06-30 15:00:00+00:00,-28994539.928619273,17,-2188.046266838908,-518.3746203916256,109.51972270375617,924.1278616516402
2024-06-30 18:00:00+00:00,-28994825.270993914,7,,,220.8492644186048,
2024-07-01 09:00:00+00:00,-28994632.814329892,4,,,427.5863290793467,
2024-07-01 12:00:00+00:00,-28994818.24942578,18,-1712.5538189709187,-405.600419874426,81.03398893786144,1782.3360774419693
2024-07-01 15:00:00+00:00,-28995060.952784635,17,-955.1606994122268,-226.2190512224885,125.35968049536602,568.1928221199494
2024-07-01 18:00:00+00:00,-28995057.039600633,13,277.11260382831097,65.63009264483416,116.66698475193432,637.3282150971273
2024-07-01 21:00:00+00:00,-28994991.674633678,18,-517.0554707497358,-122.48065874472745,98.34456703870522,603.9276325501805
2024-07-02 00:00:00+00:00,-28995186.30346832,18,-1297.5964970886707,-307.3695909065505,95.8350210191767,571.6857256901978
2024-07-02 03:00:00+00:00,-28995316.07375795,18,-321.1796220988035,-76.06731060838526,103.70574571276232,559.461368757739
2024-07-02 06:00:00+00:00,-28995266.598373845,18,493.07693153619766,116.76782086267491,101.87228618236483,676.1042587055451
2024-07-02 09:00:00+00:00,-28995192.804525066,11,-331.92049619555473,-78.59134797990127,133.47257713158083,521.5011282388283
2024-07-02 12:00:00+00:00,-28995349.578497894,18,-1500.4870901703832,-355.42111883907825,81.36185519103248,670.6258232251432
2024-07-02 15:00:00+00:00,-28995567.92629761,18,-822.5730286538601,-194.84541578536198,101.45816047701275,636.6685970647735
2024-07-02 18:00:00+00:00,-28995555.221755058,17,542.0936942100525,128.39388044339586,136.80069417002292,540.1258590556097
2024-07-02 21:00:00+00:00,-28995432.402874056,18,-324.3192174434662,-76.80306683351276,89.10520831525926,651.7648277253674
2024-07-03 00:00:00+00:00,-28995636.30155942,18,-1292.4228059202433,-306.07481063468225,88.51783430948939,520.5176940964409
2024-07-03 03:00:00+00:00,-28995755.508575536,18,-784.4736858457327,-185.80975652875046,94.83632594007162,501.36422804664403
2024-07-03 06:00:00+00:00,-28995832.41998088,18,176.55933198332787,41.82185942224315,88.74104789756676,533.0621601162261
2024-07-03 09:00:00+00:00,-28995711.36874254,15,276.29827357828617,65.43191554534725,93.62571997813723,503.33700601545775
2024-07-03 12:00:00+00:00,-28995763.345412485,18,-1450.6694613099098,-343.53301881462596,89.21482651207462,604.9628548095952
2024-07-03 15:00:00+00:00,-28996074.036107868,18,-2161.3142602592707,-511.8218866967148,118.77700972741482,613.0211250282825
2024-07-03 18:00:00+00:00,-28996303.67397755,12,97.67190888524057,23.14843403211828,124.6109785035181,635.9223058642576
2024-07-03 21:00:00+00:00,-28996049.618130647,18,726.4348109811546,172.0695363866525,105.67329678634881,655.0464953396532
2024-07-04 00:00:00+00:00,-28996122.065274805,18,-1162.2233172804117,-275.26670330626854,106.25428686619378,600.5377105858045
2024-07-04 03:00:00+00:00,-28996340.173959967,18,-572.0954309552908,-135.4748140521672,106.64661603178838,636.3926282384617
2024-07-04 06:00:00+00:00,-28996265.089132544,17,423.59132945537567,100.31064900492477,118.41558217702034,524.4032270088187
2024-07-04 09:00:00+00:00,-28996234.276127603,14,-203.7919136583805,-48.24402945755841,76.2490709454693,532.5476101068867
2024-07-04 12:00:00+00:00,-28996316.03711096,18,-1452.3958267569542,-344.0205083260631,60.853797844400226,538.1460422440066
2024-07-04 15:00:00+00:00,-28996597.375084292,18,,,110.84291521736198,
2024-07-05 12:00:00+00:00,-28996842.186049026,18,,,93.34643493456045,
2024-07-05 15:00:00+00:00,-28997135.054537207,17,-813.8765826523305,-192.75518468136897,124.95075519315623,599.8796118866022
2024-07-05 18:00:00+00:00,-28997045.65519469,17,286.21686881780624,67.79189468314054,117.37723323683413,631.896843390552
2024-07-05 21:00:00+00:00,-28997063.500320002,18,-64.7633376121521,-15.338951844951582,96.660023120181,633.3855835659215
2024-07-06 00:00:00+00:00,-28997061.84602909,18,-1169.3119858950377,-276.9049947687134,106.28342396388665,580.7732248691377
2024-07-06 03:00:00+00:00,-28997355.828316476,18,-1097.2957224100828,-259.81854447499654,108.3417560348373,592.6601549042624
2024-07-06 06:00:00+00:00,-28997336.169959694,18,494.25097112357616,117.03840622641184,103.23135420602232,586.9050381244174
2024-07-06 09:00:00+00:00,-28997232.265573695,12,-142.01362951099873,-33.638334736548956,98.94775962737504,540.2096338243518
2024-07-06 12:00:00+00:00,-28997371.673367072,18,-1214.9544234871864,-287.755024952783,87.07721021358446,650.7481099989375
2024-07-06 15:00:00+00:00,-28997536.004179567,16,-887.7246227711439,-210.2789487196955,129.13717428154658,567.0037679170076
2024-07-06 18:00:00+00:00,-28997593.604522765,13,856.1027712523937,202.7437574460322,111.85208542277817,675.1413006294154
2024-07-06 21:00:00+00:00,-28997321.978486754,18,-315.1691834330559,-74.62991974457093,108.68337594614518,740.914026530663
2024-07-07 00:00:00+00:00,-28997672.396818623,18,-2286.626765176654,-541.532381057264,147.64386426784907,631.5629410861476
2024-07-07 03:00:00+00:00,-28997893.63517805,18,-1004.8251756578684,-237.98107706104886,114.53125371502495,779.2472979360135
2024-07-07 06:00:00+00:00,-28997923.603112537,17,899.7329324632883,213.0325426979509,127.09420247534146,549.0544203065143
2024-07-07 09:00:00+00:00,-28997668.701944932,18,808.8921747356653,191.5294855498956,75.65638903025467,632.656590271134
2024-07-07 12:00:00+00:00,-28997721.380068853,18,-1474.9199258089066,-349.23422865901625,94.14330179572258,521.4739641620953
2024-07-07 15:00:00+00:00,-28998037.431926385,18,-1705.231353983283,-403.8206615434055,106.16993103080505,879.2469644260183
2024-07-07 18:00:00+00:00,-28998147.68790735,3,,,198.6309146514522,
2024-07-08 09:00:00+00:00,-28998104.461269982,7,,,107.05394428072098,
2024-07-08 12:00:00+00:00,-28998284.611117274,18,-1811.6667535305023,-429.0361016713308,100.4630369356947,660.6644837515978
2024-07-08 15:00:00+00:00,-28998557.377958365,18,-1294.0949856191874,-306.4103861482026,125.7748008132516,565.3799730153208
2024-07-08 18:00:00+00:00,-28998608.13486368,15,927.1117791086435,219.568954913478,99.42628086971045,635.8950775894994
2024-07-08 21:00:00+00:00,-28998325.600013588,14,319.1864029765129,75.58349153438058,97.22838493360155,557.0494363899569
2024-07-09 00:00:00+00:00,-28998528.338262934,18,-1660.6136264950037,-393.27273585204904,97.51112415419837,620.326612261051
2024-07-09 03:00:00+00:00,-28998740.75342021,18,-768.1102592647076,-181.90099072393107,120.81788063303345,576.8584445073873
2024-07-09 06:00:00+00:00,-28998720.36582775,16,190.8938402980566,45.19040743393957,106.25175164980651,523.1839502585194
2024-07-09 09:00:00+00:00,-28998693.029960137,18,-19.92420619726181,-4.717230432748208,50.106188064438605,553.7729612251195
2024-07-09 12:00:00+00:00,-28998725.3468793,18,-1437.2114143967626,-340.30236242495795,88.75300590881527,527.8465025008479
2024-07-09 15:00:00+00:00,-28999052.332813736,16,-1582.8187794685364,-374.9085282765758,122.07882926740291,579.5036784817304
2024-07-09 18:00:00+00:00,-28999121.051574167,15,568.6902304142714,134.7135557759605,114.50736233105646,641.1542987762523
2024-07-09 21:00:00+00:00,-28998910.160256132,15,727.9468826502563,172.39462658494622,103.87100953661002,661.2964694073031
2024-07-10 00:00:00+00:00,-28998939.064853504,18,-784.4639900922774,-185.7261640992653,119.24817713552025,644.8806152428918
2024-07-10 03:00:00+00:00,-28999106.276253656,18,-557.4135723263025,-131.977133760607,123.29943784380626,634.6335196836978
2024-07-10 06:00:00+00:00,-28999078.418246586,14,-1218.030118137598,-288.4133638543839,104.65349382121933,1474.1442761416924
2024-07-10 09:00:00+00:00,-28999410.78378319,4,-447.502499461174,-106.06977355973245,347.2982620277325,607.6670504818281
2024-07-10 12:00:00+00:00,-28999190.29387145,18,-188.7652452737093,-44.69720987353035,110.1197030330735,1464.3568739616096
2024-07-10 15:00:00+00:00,-28999457.97509451,16,-1244.4802976697683,-294.70128235293356,115.780970316499,633.2329833866785
2024-07-10 18:00:00+00:00,-28999501.41394587,17,463.75812943279743,109.81356105247286,113.73280840178568,567.9016479939571
2024-07-10 21:00:00+00:00,-28999342.03556215,18,-154.13516122102737,-36.49834021844477,82.1692431796153,559.5295416874415
2024-07-11 00:00:00+00:00,-28999539.947736174,18,-1176.4079348146915,-278.58735390924164,81.43666277760036,538.1320600979273
2024-07-11 03:00:00+00:00,-28999636.137545854,18,-728.4882112592459,-172.49675075366508,106.52392973818931,582.2895362172368
2024-07-11 06:00:00+00:00,-28999722.06978899,15,94.21965645253658,22.30035851846985,120.66229301195419,546.1965353658425
2024-07-11 09:00:00+00:00,-28999612.58263174,16,258.0569293946028,61.0830725472473,85.43019575060349,583.9963715009768
2024-07-11 12:00:00+00:00,-28999657.55555664,18,-1764.2601284086707,-417.7444141456253,82.19699608557171,550.8189839349635
2024-07-11 15:00:00+00:00,-29000053.647663843,18,-1403.57310628891,-332.36924330165454,108.00129036479225,617.1638228562551
2024-07-11 18:00:00+00:00,-29000008.448833212,16,1177.4241520166397,278.85130928404465,130.57317048179422,577.8453405163004
2024-07-11 21:00:00+00:00,-28999759.29162584,18,-50.65960352122784,-11.993902913871244,95.94164177673207,659.2182063345797
2024-07-12 00:00:00+00:00,-29000021.113734093,18,-1503.5359031558037,-355.94464166102244,100.55440006791639,563.9543351352263
2024-07-12 03:00:00+00:00,-29000135.175601628,18,-1106.6372449547052,-262.01408631606796,103.31012598263864,651.9356267418699
2024-07-12 06:00:00+00:00,-29000297.77304533,12,,,128.26755811754813,
2024-07-12 12:00:00+00:00,-29000263.59063911,17,,,107.7023706985609,
2024-07-12 15:00:00+00:00,-29000549.398053553,18,-1335.7409677505493,-316.2080366369157,102.60612739228165,706.996883119727
2024-07-12 18:00:00+00:00,-29000597.52588105,13,391.72786673903465,92.77148761079712,140.14451966531846,657.907203419564
2024-07-12 21:00:00+00:00,-29000451.46608687,13,503.5049510896206,119.22546643623535,128.5480479860287,725.7051620650469
2024-07-13 00:00:00+00:00,-29000471.649643276,18,-831.8123360872269,-196.9659221895337,115.21724045588039,702.7739719080355
2024-07-13 03:00:00+00:00,-29000659.41917089,18,-395.9802696555853,-93.74994873056554,119.76478127331056,572.5675977515588
2024-07-13 06:00:00+00:00,-29000570.64471069,17,412.78664994239807,97.71016021332352,84.93874779168083,604.0371689020768
2024-07-13 09:00:00+00:00,-29000556.222508404,15,-250.82316327095032,-59.36060250501667,91.97936456079881,442.4912446862452
2024-07-13 12:00:00+00:00,-29000633.350501508,18,-2646.7964084893465,-626.7115645544161,70.8718242680414,595.7884201018273
2024-07-13 15:00:00+00:00,-29001217.921610527,14,-2091.971046343446,-495.442993650928,117.15390130275702,557.035484122611
2024-07-13 18:00:00+00:00,-29001156.343263093,12,1127.4114351123571,267.02203134634215,119.8758427943338,632.5863478714538
2024-07-13 21:00:00+00:00,-29000936.06875175,15,1035.169366851449,245.10996125926386,106.23232266653999,602.5252535836016
2024-07-14 00:00:00+00:00,-29000897.55092138,18,-863.4625344574451,-204.40981465597764,91.2117036882994,624.2577050972648
2024-07-14 03:00:00+00:00,-29001151.934385363,18,-1652.827763468027,-391.3326516833391,114.32759408473358,669.4488010507506
2024-07-14 06:00:00+00:00,-29001310.757862248,15,274.21138697862625,64.91459673756943,140.32295317247937,570.7570396352717
2024-07-14 09:00:00+00:00,-29001083.38153862,14,309.7289175093174,73.33497650720275,85.37813610124425,633.5648687712401
2024-07-14 12:00:00+00:00,-29001233.32563287,18,-1991.1244453340769,-471.34809230533983,73.4659546781642,579.3277982504911
2024-07-14 15:00:00+00:00,-29001581.162649952,14,-1879.3111383914948,-444.98002658063785,116.99088635439738,869.3047098062669
2024-07-14 18:00:00+00:00,-29001703.153417468,14,476.29409281909466,112.79758224768291,204.5322001762456,612.2342741899186
2024-07-14 21:00:00+00:00,-29001462.089126747,18,1442.527680128813,341.5612781199209,98.69173175001033,1067.918103213112
2024-07-15 00:00:00+00:00,-29001342.521497436,17,-724.3220902085304,-171.47103625500606,171.5944238290026,573.5190129803777
2024-07-15 03:00:00+00:00,-29001643.1696493,18,-1710.2450972646475,-404.8544824208315,104.00815220360457,817.649578302448
2024-07-15 06:00:00+00:00,-29001770.082771752,16,-439.18866674602026,-103.93064414777385,111.08456583580062,692.1302160712954
2024-07-15 09:00:00+00:00,-29001752.966815986,17,-765.1601962000132,-181.13374033506759,138.2843773718599,654.928289277985
2024-07-15 12:00:00+00:00,-29001961.372820802,18,-1890.844854593277,-447.69301586446574,120.28470700429223,750.8418858204471
2024-07-15 15:00:00+00:00,-29002225.678029634,14,-353.6736901551485,-83.75697411747842,126.93562174889043,785.2510931375444
2024-07-15 18:00:00+00:00,-29002049.79124334,13,1261.214949041605,298.5901718228747,155.1460415721212,679.817188654493
2024-07-15 21:00:00+00:00,-29001910.374292374,18,-434.16702353954315,-102.7699951930559,113.01243761464383,702.1587498062214
2024-07-16 00:00:00+00:00,-29002158.332999226,18,-1588.9577804803848,-376.14644291985627,82.12117665432824,652.5875258267265
2024-07-16 03:00:00+00:00,-29002307.613737494,18,-926.5400908738375,-219.36706604869747,117.66517697873385,619.1857680074736
2024-07-16 06:00:00+00:00,-29002389.968021944,18,157.97016589343548,37.40108487277158,131.2175704749422,607.8419150635541
2024-07-16 09:00:00+00:00,-29002268.12119602,17,-124.77431418001653,-29.53472726992874,96.16076764107753,655.1631844999283
2024-07-16 12:00:00+00:00,-29002421.16160049,18,-1561.5292323380709,-369.61139107045915,98.02741501186809,585.421867809764
2024-07-16 15:00:00+00:00,-29002658.503504105,18,-1695.8385551720858,-401.4218227977563,110.3314527845335,586.5798260268914
2024-07-16 18:00:00+00:00,-29002845.121239282,13,-267.5845146626234,-63.3812305043047,109.06589372920213,548.655580776608
2024-07-16 21:00:00+00:00,-29002725.39963277,18,-139.6301520615816,-33.05852573999984,81.49174603164768,661.4853465868872
2024-07-17 00:00:00+00:00,-29002880.028777298,18,-1143.8257548362017,-270.77368197100316,124.30732001525004,586.2230979781364
2024-07-17 03:00:00+00:00,-29003011.35607148,18,-1352.8512240648272,-320.2085047176873,121.81005856006378,799.9811020324881
2024-07-17 06:00:00+00:00,-29003218.241583314,17,-548.4503088444471,-129.82352723259555,156.670994176318,724.1121848251616
2024-07-17 09:00:00+00:00,-29003148.46864869,15,346.8288995921612,82.07591411963732,133.9158808613103,736.5691245670646
2024-07-17 12:00:00+00:00,-29003131.534358416,18,-865.744482949376,-204.96748921049976,96.76042211512606,707.1964128042271
2024-07-17 15:00:00+00:00,-29003364.904769428,17,-1502.6718373000622,-355.7034537029501,115.4316236818891,620.0018594190507
2024-07-17 18:00:00+00:00,-29003507.20231774,14,211.34936958551404,50.042435851090566,121.08907802644771,592.7569076486806
2024-07-17 21:00:00+00:00,-29003312.06742703,17,-65.50996881723404,-15.50346443771581,92.92786033794921,694.772587722357
2024-07-18 00:00:00+00:00,-29003523.579809945,18,-1678.02311193943,-397.2186894635836,124.52607949082842,587.7966769482462
2024-07-18 03:00:00+00:00,-29003731.573205017,18,-948.0969436913729,-224.45425926151006,113.83528061402214,831.0142584839795
2024-07-18 06:00:00+00:00,-29003760.604045868,15,223.3183314949274,52.853461068781996,166.2973215039069,648.5932759461562
2024-07-18 09:00:00+00:00,-29003675.743622143,13,-56.14407625794411,-13.2883534404528,115.47123554239495,772.8054048915261
2024-07-18 12:00:00+00:00,-29003774.640064932,18,-2058.559330433607,-487.21308022018275,98.34613858700025,720.4827962147154
2024-07-18 15:00:00+00:00,-29004190.38345475,15,-1395.157304778695,-330.320790013194,138.23841719977372,665.0266592698973
2024-07-18 18:00:00+00:00,-29004123.429391127,17,421.52401286363596,99.79021438738909,134.04967594610795,672.5783239128452
2024-07-18 21:00:00+00:00,-29004085.002451535,18,41.17120960354805,9.74641478276231,95.72220287080509,706.7383285658215
2024-07-19 00:00:00+00:00,-29004113.136588726,18,-1067.2510135024786,-252.6091098724599,115.10050367067966,575.7250354810022
2024-07-19 03:00:00+00:00,-29004351.81520491,18,-1315.7303298413754,-311.38904878919254,107.48705576735979,679.3469945667166
2024-07-19 06:00:00+00:00,-29004442.069171187,16,-508.12026703357697,-120.24254798012423,124.88552856088957,674.5578377077405
2024-07-19 09:00:00+00:00,-29004478.84527167,13,231.02584770321846,54.693870520059335,129.94537359318872,607.8163402893043
2024-07-19 12:00:00+00:00,-29004384.31270926,18,-980.7876587063075,-232.18039543796806,86.56586351579328,687.7991981529514
2024-07-19 15:00:00+00:00,-29004724.042186346,17,-2168.1962817311287,-513.2066886673597,112.60965075412854,561.4194505875689
2024-07-19 18:00:00+00:00,-29004926.361779694,12,646.2749078422785,153.03271275703548,110.48003775521184,633.239144691543
2024-07-19 21:00:00+00:00,-29004562.473459385,18,760.6773698925971,180.03434319549598,111.27018897772214,584.5531265788404
2024-07-20 00:00:00+00:00,-29004736.19243722,18,-1881.7541964948177,-445.4325161125646,95.65855225579982,634.3273847585193
2024-07-20 03:00:00+00:00,-29005032.91200851,18,-1142.7791315168142,-270.5199274399039,112.99180052452219,633.8911801468602
2024-07-20 06:00:00+00:00,-29005021.8872201,17,-110.58693496882914,-26.173830470346736,126.3450360998528,760.6994767627575
2024-07-20 09:00:00+00:00,-29005060.55874225,12,-277.9675508290529,-65.7809739731403,152.96840813031432,701.2414219782904
2024-07-20 12:00:00+00:00,-29005091.379107807,18,-1715.7389744073155,-406.0501872410686,121.53457366757955,783.8290886920017
2024-07-20 15:00:00+00:00,-29005489.493485853,16,-2105.5190510749817,-498.49034917683724,122.47415495344707,717.0537339728894
2024-07-20 18:00:00+00:00,-29005617.758870576,14,854.8913895338774,202.46939318578896,131.77528596523186,588.0754870807873
2024-07-20 21:00:00+00:00,-29005275.77063847,18,1009.1888048201799,238.8729860533227,81.33037578310217,676.567364468293
2024-07-21 00:00:00+00:00,-29005365.46166937,18,-1734.0900631397963,-410.3895388377291,106.03884394529497,597.859654776131
2024-07-21 03:00:00+00:00,-29005709.293154255,18,-1784.5744372159243,-422.31396553636006,125.39988197978518,708.3295763395764
2024-07-21 06:00:00+00:00,-29005811.605278675,17,127.98241625726223,30.287629369934656,141.82361534519956,610.196074327585
2024-07-21 09:00:00+00:00,-29005677.29755019,15,-131.67977468669415,-31.16106231946498,86.8681337991998,720.240581999329
2024-07-21 12:00:00+00:00,-29005844.525222346,18,-1025.312976628542,-242.68797127923852,110.94015561480727,634.2076641295772
2024-07-21 15:00:00+00:00,-29005933.625794347,18,-664.213200956583,-157.19092959012053,132.63723989810606,778.8481364737535
2024-07-21 18:00:00+00:00,-29006010.578522585,16,137.0153653025627,32.42856388877662,160.0158057902477,701.9932701348407
2024-07-21 21:00:00+00:00,-29005899.37195302,17,-152.83891838788986,-36.17684502521049,114.92180841500546,768.5298822522192
2024-07-22 00:00:00+00:00,-29006048.788252182,18,-2168.479593247175,-513.2773190785715,106.34767577131551,684.8490192454387
2024-07-22 03:00:00+00:00,-29006441.491851334,18,-1242.9988297969103,-294.20858888543927,126.9118361234079,671.1445982145023
2024-07-22 06:00:00+00:00,-29006359.53795963,16,199.47591549158096,47.19704021318563,129.7781331352503,748.1737917234694
2024-07-22 09:00:00+00:00,-29006391.62287246,14,-316.6897479593754,-74.91519943289028,137.3995533677324,662.6111991086648
2024-07-22 12:00:00+00:00,-29006438.71039662,18,-1546.3891672044992,-365.9520073324697,102.94894964953826,785.5649298148085
2024-07-22 15:00:00+00:00,-29006778.22016426,16,-1515.2228341251614,-358.7128195346309,140.32419220872686,559.5076339121701
2024-07-22 18:00:00+00:00,-29006817.516105153,8,,,94.69457899706576,
2024-07-23 09:00:00+00:00,-29006972.115397114,3,,,254.17357364092913,
2024-07-23 12:00:00+00:00,-29006933.25843603,18,-1563.0386538505552,-369.9206709323282,90.56339178257195,1129.3307146135064
2024-07-23 15:00:00+00:00,-29007362.875060577,15,-1641.7042950987816,-388.5010738488466,122.91271658453401,548.8443508946539
2024-07-23 18:00:00+00:00,-29007343.684509806,14,205.5992891043425,48.67486895647727,103.07839086417312,657.323516001417
2024-07-23 21:00:00+00:00,-29007311.4752383,18,46.88233579695225,11.094990352134111,109.07383689427586,560.7053066815496
2024-07-24 00:00:00+00:00,-29007331.963925857,18,-1487.4512593597176,-352.05490851848447,94.99604147361042,637.8913771009256
2024-07-24 03:00:00+00:00,-29007683.33805314,18,-1369.7142111212015,-324.16146358030704,116.33781056214319,770.077263209487
2024-07-24 06:00:00+00:00,-29007674.392478637,14,679.9689811915158,160.88856914087768,167.44981057426563,641.7042141294538
2024-07-24 09:00:00+00:00,-29007513.345807843,16,295.0306306183338,69.79214113514473,110.4628104186003,762.6959406545708
2024-07-24 12:00:00+00:00,-29007600.634820983,18,-2899.3921714276075,-686.1194973262803,91.19829799304149,758.3443422604564
2024-07-24 15:00:00+00:00,-29008238.1938507,2,,,154.08066508919,
2024-07-25 09:00:00+00:00,-29008384.57963367,6,,,185.39023086467617,
2024-07-25 12:00:00+00:00,-29008119.879774287,18,337.8769128173589,79.95394710630825,100.5122390455297,859.3843790023477
2024-07-25 15:00:00+00:00,-29008300.110405467,18,-1645.4929885566235,-389.32943521831703,108.57857398916342,668.2993414464219
2024-07-25 18:00:00+00:00,-29008531.253021426,14,217.6347572505474,51.506334537793904,133.45894654597672,575.12358930541
2024-07-25 21:00:00+00:00,-29008245.701716155,18,131.24396495521069,31.05916550015413,94.25306205344671,634.7729083513676
2024-07-26 00:00:00+00:00,-29008498.442030188,18,-1504.437936231494,-356.04688602331095,85.86180705291203,517.8418511672387
2024-07-26 03:00:00+00:00,-29008621.811200213,18,-461.35268473625183,-109.17340962631538,88.7489251755685,585.2442076605936
2024-07-26 06:00:00+00:00,-29008613.78020137,17,-739.1644769757985,-174.8647631016606,118.46802945151808,779.0484868101313
2024-07-26 09:00:00+00:00,-29008806.602319457,15,-963.6854267716408,-227.97381140061006,173.36641061709022,659.8535340956877
2024-07-26 12:00:00+00:00,-29008854.701558065,18,-1152.382371261716,-272.691947699965,114.79653261982608,848.5234777622246
2024-07-26 15:00:00+00:00,-29009094.697912272,17,-999.9397600591184,-236.65975839676204,122.2439914243344,711.6519675618665
2024-07-26 18:00:00+00:00,-29009104.68649808,15,905.5900085419416,214.37013702467723,135.92199521005588,599.0169806773356
2024-07-26 21:00:00+00:00,-29008868.300410137,18,829.3904708325862,196.2378302847441,86.50283525344256,693.5058007980256
2024-07-27 00:00:00+00:00,-29008897.33888037,18,-1117.8381691873074,-264.4735689844437,107.6318015360677,507.84776111187887
2024-07-27 03:00:00+00:00,-29009147.759952433,18,-1817.4728950858116,-430.0491108310624,92.93327591483326,621.3016764372098
2024-07-27 06:00:00+00:00,-29009351.707104143,15,-80.51259760558605,-19.048734480744965,111.98830795927311,756.8795172911181
2024-07-27 09:00:00+00:00,-29009167.888101835,10,241.6758743971586,57.177353142001024,164.8258746637333,691.6038759079655
2024-07-27 12:00:00+00:00,-29009291.288135543,12,-1415.8479233831165,-335.0717275074432,131.73216749754613,876.3225879192086
2024-07-27 15:00:00+00:00,-29009521.85008268,16,-1313.060012921691,-310.72491450875594,144.32172713220965,695.0113494421726
2024-07-27 18:00:00+00:00,-29009619.553138774,15,83.11471635103226,19.67199192523089,113.2990932763269,685.912239350064
2024-07-27 21:00:00+00:00,-29009501.071403593,16,373.96535058319563,88.51625238747509,92.60650130101415,583.1784090304009
2024-07-28 00:00:00+00:00,-29009526.061801128,18,-792.8050738126041,-187.61329395249973,91.75718778501236,627.8287221533641
2024-07-28 03:00:00+00:00,-29009699.272672046,18,-753.7275758385658,-178.3388256064432,126.72644727652805,616.6768077075842
2024-07-28 06:00:00+00:00,-29009714.493695088,17,-312.71622747182846,-73.97918683917153,123.89011789711894,861.6102343862077
2024-07-28 09:00:00+00:00,-29009777.451728914,14,325.7743440568447,77.08810418476688,174.17999256691436,644.7211430589597
2024-07-28 12:00:00+00:00,-29009633.050109074,18,-951.4646350294352,-225.14547374374055,103.10345875207676,868.9087267240219
2024-07-28 15:00:00+00:00,-29010015.31788767,17,-1361.326302111149,-322.192721101542,129.80361570642864,1149.5554300620574
2024-07-28 18:00:00+00:00,-29009973.3816846,4,,,268.25739918487136,
2024-07-29 09:00:00+00:00,-29010083.28607813,6,,,105.15508784569502,
2024-07-29 12:00:00+00:00,-29010125.874955684,18,-1302.672288030386,-308.19120813288237,96.50292256465242,564.5861511034003
2024-07-29 15:00:00+00:00,-29010408.954150137,18,-1690.312543720007,-399.87658327415465,94.15281528596813,622.7567901328756
2024-07-29 18:00:00+00:00,-29010548.453091614,15,268.7832387536764,63.61629858219439,122.17328744458975,499.0740319064327
2024-07-29 21:00:00+00:00,-29010341.75834045,18,296.16386526823044,70.08178257769127,81.86835747976934,683.747574339365
2024-07-30 00:00:00+00:00,-29010474.412125297,18,-739.6212483048439,-175.0112656235965,119.55379301141804,573.7508848300229
2024-07-30 03:00:00+00:00,-29010526.663652524,18,-590.2317815274,-139.6404466673763,117.77925075651837,650.1360784241438
2024-07-30 06:00:00+00:00,-29010621.97007068,17,-297.0921371728182,-70.27761005451859,110.1099364538836,630.8903270605406
2024-07-30 09:00:00+00:00,-29010600.936686818,13,-741.7872730195523,-175.46224863595964,104.90214911951476,575.1922086784039
2024-07-30 12:00:00+00:00,-29010807.416888934,18,-1675.1495328992605,-396.3725494906095,92.48611626559413,630.4529893078878
2024-07-30 15:00:00+00:00,-29011019.724070042,18,-616.717405885458,-145.92784717306574,117.63279663027791,682.207613346178
2024-07-30 18:00:00+00:00,-29010961.596240405,15,306.46975299715996,72.53432118794778,143.29783679394825,589.0393680845306
2024-07-30 21:00:00+00:00,-29010943.106631793,18,87.2539486736059,20.640791380868407,88.58886063737711,764.7006208122898
2024-07-31 00:00:00+00:00,-29010939.782753237,18,-1430.1366921961308,-338.3307688319865,126.54513004100083,631.2218720955494
2024-07-31 03:00:00+00:00,-29011300.640804842,18,-1130.4418555349112,-267.46642135980426,130.59318324173555,752.0707203603034
2024-07-31 06:00:00+00:00,-29011222.39321712,15,657.389821395278,155.51624394208076,139.05746326378997,729.0754713291545
2024-07-31 09:00:00+00:00,-29011136.293349493,11,-386.09317412972456,-91.33225677306869,127.15093657403702,738.296630039561
2024-07-31 12:00:00+00:00,-29011318.916510653,18,-1942.43702596426,-459.4995904941678,121.36985429308827,815.3755764694286
2024-07-31 15:00:00+00:00,-29011621.902605984,14,-1037.6949134469032,-245.520293917572,159.32662206070117,656.734248863728
2024-07-31 18:00:00+00:00,-29011578.340239014,15,958.3983219265938,226.77590746294743,110.56943777910485,767.3111595030355
2024-07-31 21:00:00+00:00,-29011382.303025503,18,-127.20965440571308,-30.100045687076687,106.83130847904458,527.0783218128297
2024-08-01 00:00:00+00:00,-29011610.142652616,18,-1337.3283738940954,-316.4078062294587,71.67720531680185,583.8008803616137
2024-08-01 03:00:00+00:00,-29011716.635118976,18,-603.5804980695248,-142.7818242789847,99.44112968531896,636.6672648448045
2024-08-01 06:00:00+00:00,-29011761.037777133,14,21.11472427845001,4.994296617755481,142.11422736933594,522.1764208207921
2024-08-01 09:00:00+00:00,-29011711.356437907,17,-445.07790771126747,-105.28948452293662,84.57674107420661,680.7338604424494
2024-08-01 12:00:00+00:00,-29011872.30725406,18,-1951.8831641674042,-461.8281085682228,93.62669585258098,568.5415285559358
2024-08-01 15:00:00+00:00,-29012199.32722895,17,-1529.795171186328,-361.97255652903175,114.23327766050315,549.4859616864204
2024-08-01 18:00:00+00:00,-29012254.756046858,12,816.5756562650203,193.26392364904066,100.52347091292381,586.3650448336917
2024-08-01 21:00:00+00:00,-29011995.183314882,18,-73.34313714504242,-17.34871724206545,91.86814539117722,560.573980629222
2024-08-02 00:00:00+00:00,-29012273.091831144,18,-1566.7788555771112,-370.63474281843446,97.64850756936468,532.4634408042496
2024-08-02 03:00:00+00:00,-29012386.878028776,18,-454.1699201911688,-107.45335847868907,96.33315161175986,644.8485643316706
2024-08-02 06:00:00+00:00,-29012386.63431119,16,479.23110164701933,113.35872871277392,128.27362707125056,651.7780419129037
2024-08-02 09:00:00+00:00,-29012267.070253365,17,106.87587398290634,25.28069172124674,131.41855803323352,677.2225475163
2024-08-02 12:00:00+00:00,-29012359.915342696,18,-1700.8941552191975,-402.32454370464353,110.500114375574,665.0095181635555
2024-08-02 15:00:00+00:00,-29012692.29379217,18,-2124.9173256009817,-502.6343797751054,101.82836690958662,588.4065151258017
2024-08-02 18:00:00+00:00,-29012891.144674096,13,592.862767547369,140.33552130347067,97.10105001049526,596.2329477875843
2024-08-02 21:00:00+00:00,-29012544.078100283,18,580.7730827182531,137.40985203034205,108.85468154490933,547.0313916395736
2024-08-03 00:00:00+00:00,-29012745.951403417,18,-1605.621878489852,-379.84208834060775,96.30210304975088,565.0250979751006
2024-08-03 03:00:00+00:00,-29012945.483569905,18,-476.6648182719946,-112.74663405346864,90.02218276412279,597.6748284583915
2024-08-03 06:00:00+00:00,-29012865.117607985,12,593.132146447897,140.2970490446848,114.24471534383176,551.9573472342403
2024-08-03 09:00:00+00:00,-29012797.200533293,14,-965.939046576619,-228.37884635030426,104.5804173029019,597.5161405903899
2024-08-03 12:00:00+00:00,-29013106.60236963,18,-1923.3767409324646,-455.05038458610625,96.24053801612921,699.7097442273038
2024-08-03 15:00:00+00:00,-29013278.044718526,18,-1013.6547461748122,-239.80148416909321,140.2231942374935,600.2115729231828
2024-08-03 18:00:00+00:00,-29013360.016056173,15,336.7718504667282,79.67849746641797,115.12440926796786,797.9886080061567
2024-08-03 21:00:00+00:00,-29013193.85175591,18,169.2927619665861,40.0417142538966,141.903380701657,594.6857354362487
2024-08-04 00:00:00+00:00,-29013317.69286568,18,-1755.8569471091032,-415.34765611356676,94.07212996637708,717.5039963346858
2024-08-04 03:00:00+00:00,-29013632.815992687,18,-1424.3180874586103,-336.9608914006378,109.72319532672158,587.1537782049788
2024-08-04 06:00:00+00:00,-29013673.772387546,15,68.13538667559624,16.114957346853807,112.68221606519329,589.8459117066682
2024-08-04 09:00:00+00:00,-29013615.782146018,14,-88.09518232941628,-20.842994944881003,98.51755112471594,584.8989212759079
2024-08-04 12:00:00+00:00,-29013695.796183128,18,-2330.879492625594,-551.2864096672907,93.1900742541535,588.6332089355311
2024-08-04 15:00:00+00:00,-29014198.502019174,15,-1858.8034782111645,-439.8161606900509,109.31540621864686,631.9265077188907
2024-08-04 18:00:00+00:00,-29014160.49705268,16,337.3522660881281,79.82454443209163,127.56882263259872,547.9703485166718
2024-08-04 21:00:00+00:00,-29014114.163952652,18,-54.60675023496152,-12.918357070241449,82.56579734729692,679.4458858750613
2024-08-05 00:00:00+00:00,-29014174.14874024,18,-1238.305198609829,-292.90712315060307,112.15665375565884,632.4280009471481
2024-08-05 03:00:00+00:00,-29014423.740252305,18,-1554.2796254307032,-367.5938391358533,134.83587294292445,674.5913921770224
2024-08-05 06:00:00+00:00,-29014562.718646597,14,-600.9585253894329,-142.11566013326092,125.94832935887474,740.6172743080754
2024-08-05 09:00:00+00:00,-29014573.979883652,14,94.98336635529995,22.465201759308858,126.89132773928927,655.1594511079217
2024-08-05 12:00:00+00:00,-29014538.97280501,18,-1648.380323305726,-389.9505421163368,104.70977738592747,744.1152168318483
2024-08-05 15:00:00+00:00,-29014986.07496448,18,-1212.5369100421667,-286.8084892402429,136.0342123864602,573.7441745373567
2024-08-05 18:00:00+00:00,-29014842.10703252,15,936.8224076479673,221.6313479105025,98.02938913030913,647.0306155488422
2024-08-05 21:00:00+00:00,-29014751.869362567,18,-211.24869613349435,-49.9604980441546,87.52274933690117,542.9142008393846
2024-08-06 00:00:00+00:00,-29014894.919206552,18,-1368.4066920131445,-323.67097963148154,93.87480071246576,489.53929365825076
2024-08-06 03:00:00+00:00,-29015093.97103557,18,-747.7537430226803,-176.88581343760993,85.54421868673336,619.751611128856
2024-08-06 06:00:00+00:00,-29015081.857642308,16,7.390610069036483,1.747752781244923,123.26100563335363,554.9478570329013
2024-08-06 09:00:00+00:00,-29015092.123383053,15,-417.65415938198566,-98.74979432847763,109.22514317163623,683.9149097475488
2024-08-06 12:00:00+00:00,-29015186.271182153,18,-1192.126582249999,-281.9262724084878,118.4924036645039,682.2683719820699
2024-08-06 15:00:00+00:00,-29015390.155028615,17,-2231.6218688189983,-527.8387723640142,131.00763837302418,605.9713927212009
2024-08-06 18:00:00+00:00,-29015744.176649358,13,-32.38622424006462,-7.665552749721914,94.39085402510011,650.0842077120274
2024-08-06 21:00:00+00:00,-29015398.251584675,18,722.7417362630367,170.96172668534368,96.17739343374211,519.2496568742661
2024-08-07 00:00:00+00:00,-29015563.491215292,18,-2215.131458863616,-523.8993103359883,89.1158210513988,588.5280845270875
2024-08-07 03:00:00+00:00,-29015952.03444939,18,-953.9578053504229,-225.58995373561888,111.3451419443675,658.4452165119537
2024-08-07 06:00:00+00:00,-29015801.98066663,16,536.1228316575289,126.756820270691,138.40249956215447,638.1472058214667
2024-08-07 09:00:00+00:00,-29015818.003741477,12,-48.536732107400894,-11.477345552780426,114.25519849878928,689.7563840389058
2024-08-07 12:00:00+00:00,-29015814.114849657,18,-1623.2385447472334,-383.967568090863,102.85907810008548,620.3041175566527
2024-08-07 15:00:00+00:00,-29016223.813377663,18,-2404.1487839967012,-568.603308023575,104.85382447536601,693.4299073515203
2024-08-07 18:00:00+00:00,-29016415.152045656,16,344.13516350090504,81.39113896181745,139.54506378943202,513.5990027324415
2024-08-07 21:00:00+00:00,-29016137.77958679,18,619.4414377510548,146.48703268698014,74.10918612678213,619.5943440567827
2024-08-08 00:00:00+00:00,-29016260.29168622,18,-1925.906789958477,-455.50742146523544,67.23650140511867,536.4027990219926
2024-08-08 03:00:00+00:00,-29016619.256284278,18,-703.4186617136002,-166.38095640700772,111.76236489328697,581.9535894247824
2024-08-08 06:00:00+00:00,-29016436.146351647,14,-20.628907814621925,-4.876928765126252,129.01986918329183,643.4969516083322
2024-08-08 09:00:00+00:00,-29016624.41351123,17,-904.6926299482585,-213.92423824028714,115.71384625029017,702.7908684302307
2024-08-08 12:00:00+00:00,-29016662.319509134,18,-1494.997939556837,-353.51921061960036,119.2625723046993,664.1772779193698
2024-08-08 15:00:00+00:00,-29016998.16299612,17,-1430.4501680880785,-338.3204425660136,119.08409556900615,904.4826398862992
2024-08-08 18:00:00+00:00,-29017019.932051156,17,72.25636099278927,17.090348281247834,192.11192496367045,636.9507341465412
2024-08-08 21:00:00+00:00,-29016980.098905873,18,-374.4932909458876,-88.57387209423152,105.71479575076246,877.2061137996455
2024-08-09 00:00:00+00:00,-29017113.555373892,18,-1511.8859316259623,-357.5276154219694,105.76468535016949,642.1571814679883
2024-08-09 03:00:00+00:00,-29017358.07038878,18,-754.8671246320008,-178.49157914842274,120.81906851282415,595.546938661946
2024-08-09 06:00:00+00:00,-29017302.27215505,17,-308.6973374634981,-72.99897316131538,104.79070136291017,583.3026422388309
2024-08-09 09:00:00+00:00,-29017435.244723145,16,-1140.1324609667063,-269.6474040606324,81.65706314440044,575.7039507083956
2024-08-09 12:00:00+00:00,-29017587.305270292,18,-1912.6908328682184,-452.37589576158507,98.65900281625494,541.0083388580059
2024-08-09 15:00:00+00:00,-29017913.417431362,17,-1642.3974630832672,-388.43895759681754,107.82045473030654,731.5857507966584
2024-08-09 18:00:00+00:00,-29017997.904636063,5,,,154.00489630640516,
2024-08-10 09:00:00+00:00,-29018344.828367725,6,,,233.59479215538093,
2024-08-10 12:00:00+00:00,-29018501.928041346,18,-2023.9755791425705,-478.6262391481528,123.85588966987198,1030.6047451734746
2024-08-10 15:00:00+00:00,-29018850.82226251,16,-1440.9204476475716,-340.859648525498,108.70881692054489,650.5602802529334
2024-08-10 18:00:00+00:00,-29018862.15815326,16,497.55923533439636,117.68025410943532,105.41115208675951,581.4738927054575
2024-08-10 21:00:00+00:00,-29018726.432453677,18,-795.2162006348372,-188.0237627230505,96.51106733096896,533.937132901958
2024-08-11 00:00:00+00:00,-29019060.962203417,18,-1963.5173833668232,-464.2312707844332,81.89348499096099,496.4229260594016
2024-08-11 03:00:00+00:00,-29019217.31179952,18,-1625.1027592271566,-384.26368222811305,78.02465301091257,611.7583386076843
2024-08-11 06:00:00+00:00,-29019467.237893224,16,-1190.554170742631,-281.4737187192391,129.16645721524372,630.9953555499042
2024-08-11 09:00:00+00:00,-29019514.950342204,11,-443.47991324961185,-104.82085796874092,137.10160353866604,687.4552748315398
2024-08-11 12:00:00+00:00,-29019578.107871536,18,-1924.284697920084,-454.9766985154188,113.37194763837901,727.8233927796563
2024-08-11 15:00:00+00:00,-29019996.021516684,18,-2176.116873472929,-514.458668884667,119.62893044517723,626.3420378221385
2024-08-11 18:00:00+00:00,-29020122.137089904,11,-428.6983598023653,-101.37433689169093,108.00844068928119,653.0841152180436
2024-08-11 21:00:00+00:00,-29020103.196106635,18,-931.3420929312707,-220.2302863608635,111.11412082821145,577.2790211061152
2024-08-12 00:00:00+00:00,-29020354.972613137,18,-2410.758957952261,-570.0685202590067,95.72026171583106,687.0020303180662
2024-08-12 03:00:00+00:00,-29020705.885846123,18,-1693.2715312242508,-400.34431045430784,130.96522059842906,589.0602477994489
2024-08-12 06:00:00+00:00,-29020778.290495943,17,-411.718243792653,-97.31977178802877,111.91349323539842,736.2978901840913
2024-08-12 09:00:00+00:00,-29020808.81540707,13,-980.2021636515856,-231.68035442598244,129.3503863028686,668.6561595754893
2024-08-12 12:00:00+00:00,-29021023.341036856,18,-2630.555118262768,-621.9700403617429,124.1740160641129,790.4902292742995
2024-08-12 15:00:00+00:00,-29021466.454186637,17,-2851.650983631611,-674.3181889132823,149.40934617497018,690.9848074075105
2024-08-12 18:00:00+00:00,-29021736.253782764,15,-315.92107766866684,-74.71042958857798,120.09189809791118,714.5924033988224
2024-08-12 21:00:00+00:00,-29021545.434456054,18,-289.3482911735773,-68.40044864977772,97.93871151273383,578.3041616858482
2024-08-13 00:00:00+00:00,-29021808.590855557,18,-3321.339038193226,-785.1148621087269,80.49948742190314,744.6482339068036
2024-08-13 03:00:00+00:00,-29022375.769215602,18,-2614.4832974225283,-618.0824635611373,158.31715258779795,502.8122205802876
2024-08-13 06:00:00+00:00,-29022462.211679913,15,-118.4773644655943,-28.00810836223301,96.54579533887453,816.4528368699152
2024-08-13 09:00:00+00:00,-29022405.38855672,15,-383.6844758540392,-90.69133598763985,128.8327651397353,600.2255502804128
2024-08-13 12:00:00+00:00,-29022558.132798877,18,-1622.4421821385622,-383.5263041948357,114.87309890907085,721.2341445124765
2024-08-13 15:00:00+00:00,-29022810.999102253,18,-1154.1255345344543,-272.79586963974697,126.14787682365112,667.1520140105252
2024-08-13 18:00:00+00:00,-29022846.66418251,11,-50.155516445636756,-11.859230362344414,120.92315435606442,623.8390724851861
2024-08-13 21:00:00+00:00,-29022823.537981365,18,-670.5839808136225,-158.54127833417468,91.70693782551852,605.7322320337169
2024-08-14 00:00:00+00:00,-29023014.310177714,18,-2126.7541996836662,-502.8160182389926,91.15679787247741,597.1117541049842
2024-08-14 03:00:00+00:00,-29023355.226531286,18,-1036.6192348897457,-245.04307752569827,117.78684343046203,584.8788551235599
2024-08-14 06:00:00+00:00,-29023273.464986436,16,-359.1114182174206,-84.8601858803954,114.32691240386791,724.4957096646933
2024-08-14 09:00:00+00:00,-29023445.00438584,15,-961.9236986339092,-227.31168182909684,137.59410088134976,603.7807388232991
2024-08-14 12:00:00+00:00,-29023513.945911095,18,-2080.296457260847,-491.78664054021624,98.55864186398813,747.2645066689942
2024-08-14 15:00:00+00:00,-29023965.078500155,18,-1077.3918670415878,-254.70809621326813,126.36506077870737,544.5330540495333
2024-08-14 18:00:00+00:00,-29023783.293877855,15,1315.7632706165314,311.1238898283384,93.90665337694728,614.6178464416905
2024-08-14 21:00:00+00:00,-29023636.1376825,18,-887.4317036867142,-209.75307944317237,87.41604536458071,538.163761305197
2024-08-15 00:00:00+00:00,-29024005.151803777,18,-2621.4086042791605,-619.5703463859691,96.34731483246793,576.4834429189306
2024-08-15 03:00:00+00:00,-29024291.48983357,18,-1281.3051969558,-302.8717660142466,114.58297216557338,584.6264842299487
2024-08-15 06:00:00+00:00,-29024325.478103016,18,-229.24883349239826,-54.19557544433572,109.90428928624766,615.1246461786246
2024-08-15 09:00:00+00:00,-29024348.802041944,16,-336.23063296079636,-79.46844226758397,102.56406844371506,643.5960539375696
2024-08-15 12:00:00+00:00,-29024409.535761256,18,-998.6802138090134,-236.0445461596417,117.5139980459157,604.3706472896789
2024-08-15 15:00:00+00:00,-29024598.472095396,18,-1406.1199493706229,-332.31767949745955,110.94865623727502,785.7261074983509
2024-08-15 18:00:00+00:00,-29024761.0657486,13,-139.37237238883972,-32.95065755768583,157.4033195760064,612.9984571440431
2024-08-15 21:00:00+00:00,-29024633.315188494,18,-252.4139880090952,-59.669190360595216,105.71584534947468,730.0320019217172
2024-08-16 00:00:00+00:00,-29024824.1692456,18,-2092.439482539892,-494.63983417539754,92.37621569331569,658.3864715913306
2024-08-16 03:00:00+00:00,-29025156.42505913,18,-1376.4880842268465,-325.34175343303724,126.1594493704339,504.3995303947168
2024-08-16 06:00:00+00:00,-29025168.291266657,17,109.0246779024601,25.76311971073671,85.8359782700861,740.1363254678483
2024-08-16 09:00:00+00:00,-29025129.168889653,11,-718.7886765599251,-169.84700283675286,135.356583149341,534.6925852529646
2024-08-16 12:00:00+00:00,-29025347.988435797,18,-1862.9980470240116,-440.3619115343561,102.47289826924232,658.9431279380533
2024-08-16 15:00:00+00:00,-29025594.91840141,17,-1522.492317572236,-359.9091813292584,93.89607693713643,623.7083568014992
2024-08-16 18:00:00+00:00,-29025728.61151519,15,-200.6929998099804,-47.44645321394178,117.52685764029921,501.2061974530095
2024-08-16 21:00:00+00:00,-29025645.09165136,13,-84.43150122463703,-19.95242412211166,82.96990423428805,636.1428689611728
2024-08-17 00:00:00+00:00,-29025749.719390497,18,-1567.4193487763405,-370.4158506092474,107.14381499335991,536.1610691037409
2024-08-17 03:00:00+00:00,-29026036.946488556,18,-1356.0891116410494,-320.5114401546589,105.274822454171,635.0094882466965
2024-08-17 06:00:00+00:00,-29026088.741668407,15,300.8562740832567,71.10402639189847,117.14315406320965,629.7320776882096
2024-08-17 09:00:00+00:00,-29025961.732420035,17,-492.4278700053692,-116.38539565833241,117.05711153786046,601.3466541378979
2024-08-17 12:00:00+00:00,-29026211.84863591,18,-1924.62744936347,-454.8413667012871,94.22629069851423,692.6974198685755
2024-08-17 15:00:00+00:00,-29026442.889282376,17,-1912.1898819208145,-451.9062304525363,127.62049152349807,508.6257182242486
2024-08-17 18:00:00+00:00,-29026689.89610639,15,-473.67954126000404,-111.97953298572568,85.3824555669658,667.306074285163
2024-08-17 21:00:00+00:00,-29026561.30916769,18,-345.77393980324274,-81.72808924846561,107.44346160617673,476.5465224565825
2024-08-18 00:00:00+00:00,-29026776.33959134,18,-1680.9436919540167,-397.3114852061705,83.08653943597899,651.5229781215033
2024-08-18 03:00:00+00:00,-29026981.54509068,18,-1435.656575933099,-339.28365301156566,122.41748035657157,546.6924905326877
2024-08-18 06:00:00+00:00,-29027135.253735323,16,-210.02192923426628,-49.616143292625765,108.51806031650013,686.3146451741593
2024-08-18 09:00:00+00:00,-29027034.050572988,16,-536.406678006053,-126.74627681474698,120.22145197273103,556.6896170586452
2024-08-18 12:00:00+00:00,-29027269.355404824,18,-2511.014391362667,-593.4569600438116,87.13660937832479,686.3835063202157
2024-08-18 15:00:00+00:00,-29027661.80417083,18,-1271.9231312721968,-300.62090131728684,122.44160789880792,605.7332548690997
2024-08-18 18:00:00+00:00,-29027587.336187642,16,535.4139840006828,126.5466155005036,123.8517654676099,600.4093775334213
2024-08-18 21:00:00+00:00,-29027527.95067483,18,-80.22707308828831,-18.957356849620453,86.82607007422358,586.6096099809033
2024-08-19 00:00:00+00:00,-29027607.392955914,18,-1538.6585834026337,-363.57181924986935,78.53449782215374,513.2162423569639
2024-08-19 03:00:00+00:00,-29027912.61532068,18,-1874.8115033358335,-443.0523693263089,94.4625085372691,578.9193789917889
2024-08-19 06:00:00+00:00,-29028076.095831748,16,-585.4341751486063,-138.32915308659096,121.56915979222295,547.4429529698658
2024-08-19 09:00:00+00:00,-29028058.973864466,14,-12.976170167326927,-3.066394839314446,99.03381318074794,608.5783072662907
2024-08-19 12:00:00+00:00,-29028079.33987429,18,-923.9835711866617,-218.33474247092965,91.48175578828243,559.0330832738159
2024-08-19 15:00:00+00:00,-29028289.969757263,18,-1794.9348950982092,-424.1010287184196,98.61378255114768,552.6176297717628
2024-08-19 18:00:00+00:00,-29028528.073598064,16,-533.9154065847397,-126.19065909014414,103.52646354340096,519.652090295268
2024-08-19 21:00:00+00:00,-29028423.44860891,17,-450.01705929636955,-106.37023847961615,84.57372715696076,603.1550114435339
2024-08-20 00:00:00+00:00,-29028640.57786289,18,-1807.2633471935987,-427.11437720732994,109.63356847032512,604.6914996666377
2024-08-20 03:00:00+00:00,-29028875.264445707,18,-1667.9952564239502,-394.1423954563932,125.30172698469849,625.9891615874837
2024-08-20 06:00:00+00:00,-29029057.576676995,17,-44.750642731785774,-10.57194490336996,111.67758309537814,661.508115662231
2024-08-20 09:00:00+00:00,-29028886.45210639,15,173.6147827506065,41.005855902068205,107.93071345816865,562.297256368541
2024-08-20 12:00:00+00:00,-29029014.172981307,18,-2119.234497115016,-500.79915048224706,85.37713520872671,661.585841463726
2024-08-20 15:00:00+00:00,-29029416.26073067,16,-1844.0917163938286,-435.79301626411365,125.32737208602849,520.3779480624382
2024-08-20 18:00:00+00:00,-29029475.195910405,15,-167.7597480714321,-39.651121063864615,98.15966755957052,658.0803906904165
2024-08-20 21:00:00+00:00,-29029458.200667687,18,-231.73610824346542,-54.75134180681933,106.58288954711902,558.4022366254814
2024-08-21 00:00:00+00:00,-29029533.129937466,18,-1008.1801456063986,-238.19220927127594,99.26225758749321,562.9864488302087
2024-08-21 03:00:00+00:00,-29029710.24570409,18,-946.4376234263182,-223.63132593685987,91.92223073712745,571.3024761759265
2024-08-21 06:00:00+00:00,-29029769.739343323,16,-845.8850804418325,-199.87331892910848,102.6945065421258,765.4202988767304
2024-08-21 09:00:00+00:00,-29029921.7169742,15,-534.0808786153793,-126.17557969959073,167.83047433971655,583.5659258080794
2024-08-21 12:00:00+00:00,-29029903.259562977,18,-1528.0403935015204,-361.02929693352405,103.62510644787942,815.5072246875642
2024-08-21 15:00:00+00:00,-29030303.727072574,17,-1838.080760642886,-434.2813419550658,115.75268453801223,613.437454442272
2024-08-21 18:00:00+00:00,-29030362.779753137,15,403.9794301688671,95.47958860435352,113.05278289676939,567.4968871320872
2024-08-21 21:00:00+00:00,-29030202.732215032,18,-103.05850134789944,-24.35283711142662,82.03420523648342,620.6160513816162
2024-08-22 00:00:00+00:00,-29030388.544378474,18,-1524.2686777859926,-360.1918125046735,106.26305087530537,626.3118046618632
2024-08-22 03:00:00+00:00,-29030583.79938448,18,-1022.0651930719614,-241.48488814078863,133.36807699893373,642.8183848757053
2024-08-22 06:00:00+00:00,-29030644.060676742,12,66.6172585785389,15.734478049993676,120.557584848737,676.5791170620215
2024-08-22 09:00:00+00:00,-29030567.145069834,15,-182.51813733577728,-43.11554493919092,104.03322733811068,573.1186689080388
2024-08-22 12:00:00+00:00,-29030689.690211076,18,-1922.002262145281,-454.13456795946274,77.42694476809876,607.262819734967
2024-08-22 15:00:00+00:00,-29031047.64563537,18,-1429.6499593555927,-337.8212290101764,110.56715549450443,510.23253584952494
2024-08-22 18:00:00+00:00,-29031047.102700915,16,152.09585186839104,35.941879261212726,101.37132614227053,581.9800132676868
2024-08-22 21:00:00+00:00,-29031009.621672403,18,-68.04252967238426,-16.074541684478998,94.57113785952421,538.4638205312965
2024-08-23 00:00:00+00:00,-29031064.113333333,18,-1499.1716981828213,-354.1543562641823,88.57375239019704,550.6791718095399
2024-08-23 03:00:00+00:00,-29031384.41459695,18,-1827.2984755933285,-431.71191529428415,100.04634813678814,529.3207774294516
2024-08-23 06:00:00+00:00,-29031520.93795223,18,74.61390592157841,17.630195451060835,98.31566877246732,702.8324941687106
2024-08-23 09:00:00+00:00,-29031365.76112047,16,-148.01142075657845,-34.96534763238681,144.44401304036717,619.184314035361
2024-08-23 12:00:00+00:00,-29031557.94080742,18,-1679.6699088662863,-396.8144498860635,119.56527587697663,734.435237855247
2024-08-23 15:00:00+00:00,-29031785.678597685,18,-750.6474145054817,-177.31773241487247,113.34955672393507,815.4382261857629
2024-08-23 18:00:00+00:00,-29031745.602661047,14,46.34708529710769,10.951467033972373,165.1146983153648,592.0517308162151
2024-08-23 21:00:00+00:00,-29031774.09182636,18,-536.6442998051643,-126.79453911289379,95.18248913609153,791.5050057667461
2024-08-24 00:00:00+00:00,-29031879.763736,18,-1708.6402881145477,-403.7196084141762,109.05112234562108,591.5054530994488
2024-08-24 03:00:00+00:00,-29032201.25189839,18,-1453.619143202901,-343.4156250375839,113.17116495493377,600.2703724333787
2024-08-24 06:00:00+00:00,-29032243.1685218,17,219.2404646873474,51.78167968552062,103.09284755254401,574.0955668358195
2024-08-24 09:00:00+00:00,-29032146.441782217,15,-660.9444401264191,-156.10431355330894,88.26887851347708,503.318141947665
2024-08-24 12:00:00+00:00,-29032408.40463183,18,-2100.6345210820436,-496.2757123952151,72.14524782936878,504.7251847369527
2024-08-24 15:00:00+00:00,-29032671.600412488,17,-727.796174928546,-171.96974219790425,90.16831257546892,563.3700791974591
2024-08-24 18:00:00+00:00,-29032590.353675563,13,524.4315027296543,123.96551010894433,120.96147568161284,463.7437832450929
2024-08-24 21:00:00+00:00,-29032540.492536806,17,-464.2626870870591,-109.67815227750621,72.8753657860255,595.1394713553791
2024-08-25 00:00:00+00:00,-29032706.419347335,18,-1907.1093497127292,-450.47017976198276,86.6328938611027,558.0167166191048
2024-08-25 03:00:00+00:00,-29033017.269874234,18,-1242.0261148959398,-293.39988598752853,118.95628215105279,601.2842175837989
2024-08-25 06:00:00+00:00,-29033016.92587606,16,-365.60681207478046,-86.36414058686371,122.84608701933077,617.003373153312
2024-08-25 09:00:00+00:00,-29033108.671577252,16,-187.3498585522175,-44.26190823769346,98.19738077952715,614.6768375524589
2024-08-25 12:00:00+00:00,-29033063.763340697,18,-984.9943176954985,-232.68006241507365,92.32044637027734,604.0119788529595
2024-08-25 15:00:00+00:00,-29033354.920156676,16,-1659.3645887374878,-392.03250371374963,114.71346398922536,524.8024889760958
2024-08-25 18:00:00+00:00,-29033478.60448788,13,-199.89747036993504,-47.22978440370384,93.22305755129372,607.6459611988297
2024-08-25 21:00:00+00:00,-29033404.89452427,18,66.46912686526775,15.702868426613874,99.58876475120472,506.55224156893985
2024-08-26 00:00:00+00:00,-29033461.987206165,18,-1051.8064932227135,-248.49638627826877,85.71265881242707,591.7743054163669
2024-08-26 03:00:00+00:00,-29033667.846147574,18,-1459.5595761537552,-344.7904697107033,109.40466041155732,696.6597214341662
2024-08-26 06:00:00+00:00,-29033826.877100203,13,1.720324069261551,0.4063080487498141,151.61386178743717,523.9111926599553
2024-08-26 09:00:00+00:00,-29033667.416066557,17,671.8506324440241,158.68552647786922,72.01252594084157,667.1160449123356
2024-08-26 12:00:00+00:00,-29033658.914442092,18,-1432.5937576889992,-338.41536633872823,69.48723264109198,539.6040129964858
2024-08-26 15:00:00+00:00,-29034025.56450598,18,-2398.7116543352604,-566.6874373764181,114.0722437109006,491.59894148423933
2024-08-26 18:00:00+00:00,-29034258.592355676,16,-163.0903179347515,-38.535576188462734,101.3699632739368,605.7980885083192
2024-08-26 21:00:00+00:00,-29034066.337085463,18,499.3245244175196,117.94037674196026,99.62168924125778,557.6472479421578
2024-08-27 00:00:00+00:00,-29034133.76122457,18,-1228.2195683717728,-290.0829493156265,95.70675977658063,594.6117748606114
2024-08-27 03:00:00+00:00,-29034373.391977556,18,-1209.9968787878752,-285.80086266118826,110.33230128977941,688.1713829133718
2024-08-27 06:00:00+00:00,-29034436.26044427,15,-118.74407635629177,-28.055006313946734,142.96487995089663,564.6210341916093
2024-08-27 09:00:00+00:00,-29034403.077996645,16,-413.7678152024746,-97.74076670439634,88.04311618648272,681.4677509150208
2024-08-27 12:00:00+00:00,-29034539.70239807,18,-1607.3677263110876,-379.6696489288139,92.66032900707437,584.8656647034944
2024-08-27 15:00:00+00:00,-29034804.919928223,18,-1186.3595592826605,-280.1857021898222,116.73752632075846,563.3975335503501
2024-08-27 18:00:00+00:00,-29034836.29228789,14,320.55838295817375,75.72717118230602,106.07833062866492,570.7783931576379
2024-08-27 21:00:00+00:00,-29034724.780332483,18,-460.2580050677061,-108.72071283071247,82.06155207821847,550.991986553177
2024-08-28 00:00:00+00:00,-29034951.356789157,18,-2101.6292545348406,-496.4732712307206,87.87433270813027,510.76979674271814
2024-08-28 03:00:00+00:00,-29035250.187646117,18,-2205.873731955886,-521.0453951361395,97.83283318779637,706.3301259220351
2024-08-28 06:00:00+00:00,-29035502.825222146,16,-433.3763107955456,-102.33661069228565,153.16491789951672,755.7894906466728
2024-08-28 09:00:00+00:00,-29035358.531723816,16,-260.7475288659334,-61.56253684452591,161.64729006759168,753.8652891708609
2024-08-28 12:00:00+00:00,-29035568.012104362,18,-2066.361122265458,-488.05166564311554,109.81831615616724,764.0260708475231
2024-08-28 15:00:00+00:00,-29035875.122004382,17,-2091.6245750784874,-494.13131918455673,101.75285461461466,1241.4912270629445
2024-08-28 18:00:00+00:00,-29036090.918248132,11,301.8383886516094,71.33567384901055,290.29505096757174,610.5550224019307
2024-08-28 21:00:00+00:00,-29035799.66240722,18,383.12977743148804,90.48634375420028,113.77585986948625,1214.3436085135988
2024-08-29 00:00:00+00:00,-29035995.135803774,18,-1844.8817417621613,-435.6715630007785,88.84358927266068,659.1909325489509
2024-08-29 03:00:00+00:00,-29036260.88284266,18,-1513.9328026622534,-357.5363669730175,119.21974063942282,544.413857760166
2024-08-29 06:00:00+00:00,-29036373.61900444,16,-662.5568014830351,-156.45921016367865,103.10659376457168,635.3818276006003
2024-08-29 09:00:00+00:00,-29036426.52204303,15,-406.99081839621067,-96.11331458593423,104.96919843309365,549.4020506350037
2024-08-29 12:00:00+00:00,-29036475.36670904,18,-921.7569353431463,-217.70073481707635,90.74245781269802,578.3582507457381
2024-08-29 15:00:00+00:00,-29036656.961276866,18,-1286.2330021113157,-303.73778260753517,99.43645718833805,477.6713973001538
2024-08-29 18:00:00+00:00,-29036796.924959566,11,-295.44416120648384,-69.78471529171779,77.63007849750191,551.0377611821813
2024-08-29 21:00:00+00:00,-29036730.822317168,18,-653.5566042810678,-154.35587121562529,95.34177663738873,475.93462247429704
2024-08-30 00:00:00+00:00,-29036960.314110637,18,-1391.4334519803524,-328.6558066772105,90.17029010062667,554.2162922718974
2024-08-30 03:00:00+00:00,-29037078.680680163,15,-602.2279630303383,-142.2060781109759,100.53445574205814,519.4151353160286
2024-08-30 06:00:00+00:00,-29037110.871101394,15,-144.82344967126846,-34.192304702860866,93.44155370005008,535.3703495313615
2024-08-30 09:00:00+00:00,-29037114.88654258,15,-859.6133837550879,-202.9347986394275,88.3553133998257,505.34856889518056
2024-08-30 12:00:00+00:00,-29037325.774447333,18,-1909.0166426599023,-450.82160584558426,85.02793392407051,497.6329300337401
2024-08-30 15:00:00+00:00,-29037592.140703246,18,-1854.8570447862148,-438.08574921782787,87.5828003085732,547.6912584709327
2024-08-30 18:00:00+00:00,-29037789.48870853,14,-167.3636516034603,-39.54965224962234,107.32244693187917,531.4944024706804
2024-08-30 21:00:00+00:00,-29037633.981616147,18,-277.1818131804466,-65.45753571349988,99.9232046684487,527.8024107545198
2024-08-31 00:00:00+00:00,-29037858.784161825,18,-2122.3860326856375,-501.1430821650423,76.76492646024388,600.2311777794863
2024-08-31 03:00:00+00:00,-29038164.57812432,18,-1747.878301501274,-412.7211118384893,111.94951917023423,541.2447747298997
2024-08-31 06:00:00+00:00,-29038295.7537372,18,-744.7208039462566,-175.87307964687437,111.42829623273254,570.3935341759726
2024-08-31 09:00:00+00:00,-29038350.758325305,16,-590.0168880224228,-139.33962588878026,88.3266898899372,590.102127163661
2024-08-31 12:00:00+00:00,-29038443.257959206,18,-1997.043353870511,-471.61268429647964,96.68255958994233,567.8034277943555
2024-08-31 15:00:00+00:00,-29038850.019163772,18,-1495.9318613409996,-353.2108309289784,111.12354224702163,550.9303977879625
2024-08-31 18:00:00+00:00,-29038817.24092454,16,302.2559320628643,71.3715897099285,98.09562488491734,585.9575780919889
2024-08-31 21:00:00+00:00,-29038774.455180757,18,-612.885024830699,-144.72514460757384,95.44999248920207,552.3735824559835
2024-09-01 00:00:00+00:00,-29038970.46218075,18,-1838.918802201748,-434.286565441336,97.19585531616647,581.3637183390047
2024-09-01 03:00:00+00:00,-29039234.184881307,18,-1766.4350541234016,-417.15206846807894,109.60513102209615,685.6978725030193
2024-09-01 06:00:00+00:00,-29039412.07094428,17,-141.15088948607445,-33.32685498606231,141.20663575610308,544.3651853834097
2024-09-01 09:00:00+00:00,-29039269.47260368,17,-315.83957228064537,-74.57256485163057,80.66942540221639,703.6256712872581
2024-09-01 12:00:00+00:00,-29039491.03083735,18,-2333.296687230468,-550.9172393924058,104.8987790650874,543.8784867439912
2024-09-01 15:00:00+00:00,-29039852.796775486,17,-810.1570897251368,-191.34098061929174,109.45401695099913,957.4728077947581
2024-09-01 18:00:00+00:00,-29039693.57010978,14,-254.6101566851139,-60.12479493343825,215.15896972890204,605.9554416804599
2024-09-01 21:00:00+00:00,-29039916.449314658,18,-1313.8689260035753,-310.2369890384586,104.73152822658264,912.0310040767008
2024-09-02 00:00:00+00:00,-29040022.03734128,18,-1471.0771804004908,-347.30809695124435,75.45960687692197,712.2196270668134
2024-09-02 03:00:00+00:00,-29040284.218609758,18,-1677.799059599638,-396.10678431294184,143.99603056690123,561.2382102099789
2024-09-02 06:00:00+00:00,-29040441.48710618,15,-456.14932948350906,-107.68141575208263,118.29039803577326,678.7066610680411
2024-09-02 09:00:00+00:00,-29040398.25594213,17,-44.908168599009514,-10.6043501776953,89.75140064148911,625.4599317754098
2024-09-02 12:00:00+00:00,-29040452.71414833,18,-1607.07905395329,-379.47943504092393,102.26137894420158,556.9458720649391
2024-09-02 15:00:00+00:00,-29040800.025705617,18,-1985.4314004480839,-468.7391485026002,106.449425120697,598.2972343043153
2024-09-02 18:00:00+00:00,-29040949.071998443,14,-197.82244910299778,-46.720756926240725,109.1562373959567,530.8435520206227
2024-09-02 21:00:00+00:00,-29040849.481317893,18,-882.3673823177814,-208.32250746292547,79.25086552581047,588.5782787079439
2024-09-03 00:00:00+00:00,-29041169.663844023,18,-1928.4565970003605,-455.3541128907103,98.67340180100678,551.3520945723026
2024-09-03 03:00:00+00:00,-29041331.595467143,18,-1544.5496071130037,-364.7075918305417,112.7768640956069,806.1453080883299
2024-09-03 06:00:00+00:00,-29041555.8012458,14,-545.8194519132376,-128.86963324269578,175.7283440045141,630.1487322650974
2024-09-03 09:00:00+00:00,-29041468.05033012,16,-14.97302034497261,-3.5343150330077404,109.99701347408416,781.2739042511117
2024-09-03 12:00:00+00:00,-29041559.544500887,18,-2165.5203690230846,-511.2149599275916,85.25758737448012,587.527520827709
2024-09-03 15:00:00+00:00,-29042009.430422377,18,-2304.605728775263,-544.1111947571799,97.33932278326309,510.7639841011962
2024-09-03 18:00:00+00:00,-29042135.69593308,15,276.74548599123955,65.36344078703388,95.0585833105871,512.8848786380809
2024-09-03 21:00:00+00:00,-29041940.24405088,18,-56.27023456990719,-13.285447800280114,83.46099335061054,502.6779114237477
2024-09-04 00:00:00+00:00,-29042149.763491724,18,-1825.7591450959444,-430.99347183584075,82.19904746143955,501.7809649916026
2024-09-04 03:00:00+00:00,-29042396.683837153,18,-1957.8358800113201,-462.14421130158786,93.65239527461824,617.0337676022255
2024-09-04 06:00:00+00:00,-29042639.222461727,18,-246.51827581226826,-58.195902372034375,130.53345737403623,468.57620242819695
2024-09-04 09:00:00+00:00,-29042458.313406106,14,-238.11646865308285,-56.21025223718125,70.37014602765562,636.7701182530516
2024-09-04 12:00:00+00:00,-29042698.75157889,18,-2623.771773338318,-619.4738794097426,91.12232423907433,614.5423542941365
2024-09-04 15:00:00+00:00,-29043114.25634944,18,-1896.2563822865486,-447.63233961098155,136.57209313905489,538.528772846547
2024-09-04 18:00:00+00:00,-29043172.81567446,15,-141.80709633231163,-33.479237816776376,99.10877596986299,722.2069945255071
2024-09-04 21:00:00+00:00,-29043149.708123524,18,-440.8755901455879,-104.0680085484668,118.09740602343977,565.8862519000456
2024-09-05 00:00:00+00:00,-29043283.034571998,18,-2207.080602109432,-521.0500631182988,100.95372036902914,673.4425910758803
2024-09-05 03:00:00+00:00,-29043701.47827405,18,-1986.9145299643278,-469.08996135279415,119.99295982565816,608.1281066863774
2024-09-05 06:00:00+00:00,-29043779.76320449,17,-460.8146959841251,-108.7696271141918,113.67534243416308,562.2132696549177
2024-09-05 09:00:00+00:00,-29043816.681948047,17,-640.1347667574883,-151.08464317768463,73.19101466903268,555.2702306120374
2024-09-05 12:00:00+00:00,-29043939.79689618,18,-2736.648572355509,-645.9186319472828,79.67578575214894,593.6177118125797
2024-09-05 15:00:00+00:00,-29044500.844091136,16,-2404.177961140871,-567.6402525487626,129.10054069529542,626.7531557769801
2024-09-05 18:00:00+00:00,-29044540.841386463,7,601.8013189435005,142.1624455911822,134.918453359994,620.6055878616522
2024-09-05 21:00:00+00:00,-29044350.3937614,16,-429.6181637793779,-101.43293506883946,86.05234669956165,655.5207387606412
2024-09-06 00:00:00+00:00,-29044648.24592741,18,-2306.041650429368,-544.2983552593407,93.02540447118824,520.0646988548928
2024-09-06 03:00:00+00:00,-29044926.904174007,15,,,97.46383593255418,
2024-09-06 09:00:00+00:00,-29044545.575714875,3,,,120.6439230953109,
2024-09-06 12:00:00+00:00,-29045185.668208614,18,-3883.7429492771626,-916.8139508137941,83.74542786557343,687.761165788557
2024-09-06 15:00:00+00:00,-29045516.511452194,18,-2169.654865503311,-512.1107746740868,122.50921452323452,542.4970320919696
2024-09-06 18:00:00+00:00,-29045728.08192499,13,230.0868642926216,54.3317429534043,106.68009503135652,880.2829790985437
2024-09-06 21:00:00+00:00,-29045458.98973612,18,-74.825842410326,-17.659119385103082,182.8185577630538,598.9284838925676
2024-09-07 00:00:00+00:00,-29045746.788385592,18,-1959.7827235609293,-462.567798915301,105.06695662869625,840.0531746798805
2024-09-07 03:00:00+00:00,-29045948.93541701,18,-2326.320300847292,-549.1338246878412,103.3583980891058,664.2525781406166
2024-09-07 06:00:00+00:00,-29046328.368460804,14,-940.3150026202202,-221.94321972506012,128.59977681818563,584.1699625030888
2024-09-07 09:00:00+00:00,-29046184.014167666,11,-333.8908895999193,-78.79328000721948,103.17679299451349,703.8044952261969
2024-09-07 12:00:00+00:00,-29046411.841183204,18,-1845.6565796285868,-435.54203018403837,120.08703248519575,602.2766734434439
2024-09-07 15:00:00+00:00,-29046645.428312574,18,-3325.2833476513624,-784.76474031175,109.66140546358416,1036.2576806454895
2024-09-07 18:00:00+00:00,-29047243.162020117,10,-525.2572937458754,-124.04685145039828,229.55060100650493,636.0713380361437
2024-09-07 21:00:00+00:00,-29046776.74263601,18,915.454303190112,216.08155379331103,115.15662309956183,1009.8482981038826
2024-09-08 00:00:00+00:00,-29047014.29844432,18,-2114.850238710642,-499.1157832355855,105.08863236101772,624.9558747925631
2024-09-08 03:00:00+00:00,-29047305.455195688,18,-1831.6177595108747,-432.20841468465636,105.59151242483496,587.5787239186452
2024-09-08 06:00:00+00:00,-29047472.202884197,17,-1020.2759010344744,-240.76985491138223,102.63735503513004,606.7496415533072
2024-09-08 09:00:00+00:00,-29047560.524170946,14,-630.6354985535145,-148.74825389339375,108.90134514390813,506.51340421321845
2024-09-08 12:00:00+00:00,-29047629.861758836,18,-1366.4070120006797,-322.5070641180634,74.16409267207156,612.4611548390104
2024-09-08 15:00:00+00:00,-29047902.125923946,18,-2169.1680038422346,-511.937703757509,107.63265611568958,562.0366168295742
2024-09-08 18:00:00+00:00,-29048172.153759796,15,-325.6863386929035,-76.8726474693864,119.34198663590901,612.896750190929
2024-09-08 21:00:00+00:00,-29047983.54750862,18,-290.99050737917423,-68.661295409393,109.05440379528163,682.9620338473042
2024-09-09 00:00:00+00:00,-29048244.90138664,18,-2567.4710468649864,-605.8631914085651,122.10573883154471,701.6508046186999
2024-09-09 03:00:00+00:00,-29048625.415270336,18,-1773.711955502629,-418.6013893684831,137.3926953634544,603.0693528380334
2024-09-09 06:00:00+00:00,-29048688.329375517,16,-184.49330028891563,-43.532151175799754,88.43629806353763,643.2821341283164
2024-09-09 09:00:00+00:00,-29048671.53859541,17,-984.8265352994204,-232.40399480840782,83.58523354222079,528.8841586522813
2024-09-09 12:00:00+00:00,-29048934.53600934,18,-2620.052243500948,-618.1832394451475,98.2925455688291,630.2980188052363
2024-09-09 15:00:00+00:00,-29049326.551656283,17,-2387.621150121093,-563.4378900254619,133.57856589122107,602.6882312522521
2024-09-09 18:00:00+00:00,-29049531.44129687,15,-468.92195549607277,-110.69335397581997,114.1956412969543,674.3873166522156
2024-09-09 21:00:00+00:00,-29049443.782145157,17,,,102.86718397176381,
2024-09-12 00:00:00+00:00,-29051907.87913822,18,,,102.13685824617633,
2024-09-12 03:00:00+00:00,-29052228.212592404,18,-1401.8120851069689,-330.7064528841429,126.76108883571806,570.2454437964647
2024-09-12 06:00:00+00:00,-29052258.332159497,17,-221.9359254539013,-52.34706724564306,99.45754784461894,708.2785463460295
2024-09-12 09:00:00+00:00,-29052283.696573768,13,-871.5053750574588,-205.586949537782,123.63366272201512,571.1049408495917
2024-09-12 12:00:00+00:00,-29052476.20850326,18,-2436.653043553233,-574.8798738499316,102.43656338515711,730.5042494441702
2024-09-12 15:00:00+00:00,-29052892.859834656,18,-2744.984115108847,-647.6522853383883,134.4135264600941,688.9088004503583
2024-09-12 18:00:00+00:00,-29053162.45453204,16,-1000.3654737472534,-236.07879214701714,138.452009521208,683.2589805904256
2024-09-12 21:00:00+00:00,-29053142.951203093,16,-726.4752998501062,-171.4025862804966,105.40721542856211,631.7985731496755
2024-09-13 00:00:00+00:00,-29053344.073357,18,-1788.7300846129654,-421.9105599594727,76.02059506582538,682.2473402959613
2024-09-13 03:00:00+00:00,-29053590.133724246,17,-1362.3669203072786,-321.3235152979077,134.09197783388748,483.4788096429908
2024-09-13 06:00:00+00:00,-29053684.665087078,16,-825.7842716574668,-194.79301089234855,93.96996374746834,615.6676721515529
2024-09-13 09:00:00+00:00,-29053796.57979216,14,-1013.3391666859388,-239.03031233963165,75.56294818810494,474.9269720405839
2024-09-13 12:00:00+00:00,-29053937.99987875,18,-1669.559236139059,-393.8023046162797,72.57322310278657,563.8357607924305
2024-09-13 15:00:00+00:00,-29054213.969601195,18,-2135.882541552186,-503.76142579384737,118.99438508978247,545.7321316925643
2024-09-13 18:00:00+00:00,-29054471.970514137,15,-584.8998976349831,-138.00548120908965,115.52964883994092,697.0900813266795
2024-09-13 21:00:00+00:00,-29054360.194575604,18,-673.777266651392,-158.9512595606271,127.32339792770551,600.3796099935845
2024-09-14 00:00:00+00:00,-29054640.4148308,18,-2128.2848434746265,-502.0780715899651,95.81951781825546,679.8779222189321
2024-09-14 03:00:00+00:00,-29054892.265786473,18,-789.4070203602314,-186.1996701124219,112.59829776772352,804.7313341449492
2024-09-14 06:00:00+00:00,-29054837.76658589,18,-64.50129562616348,-15.212444017070139,176.89870693350585,543.5683855496762
2024-09-14 09:00:00+00:00,-29054908.39111038,14,-1059.7067205756903,-249.89381646108487,76.08078075558018,776.6785105214276
2024-09-14 12:00:00+00:00,-29055102.693266034,18,-1803.9816715568304,-425.53158939552634,80.05430518944671,537.2601561613469
2024-09-14 15:00:00+00:00,-29055359.38652827,18,-2151.1282927691936,-507.4509899852834,110.68985731325395,552.6577165384974
2024-09-14 18:00:00+00:00,-29055640.475339226,16,-251.35293628275394,-59.29791609873716,112.60869282045485,618.9163457168007
2024-09-14 21:00:00+00:00,-29055422.22476234,18,297.80659157037735,70.23706180080914,108.11496508433224,569.6713073513804
2024-09-15 00:00:00+00:00,-29055566.023691334,18,-1623.2431291341782,-382.81673891841206,87.19013535075439,565.49861703313
2024-09-15 03:00:00+00:00,-29055828.035544623,18,-2112.195234492421,-498.1721213841953,91.09306884424596,580.1936508765835
2024-09-15 06:00:00+00:00,-29056094.072499957,13,-847.1274921000004,-199.8239267813737,115.91773949599265,562.9137248267466
2024-09-15 09:00:00+00:00,-29056039.817417648,16,588.1740524023771,138.73486701438472,107.26856090408133,610.6719158447141
2024-09-15 12:00:00+00:00,-29055947.028986856,18,-1444.854680389166,-340.77729950124126,99.3508403096322,621.3374092520662
2024-09-15 15:00:00+00:00,-29056401.031087745,18,-2185.949359923601,-515.4945964649028,112.34863973396271,549.3243656047784
2024-09-15 18:00:00+00:00,-29056493.516326837,14,-150.85482139885426,-35.58461297890201,94.81159842135996,553.9942175467859
2024-09-15 21:00:00+00:00,-29056438.744793095,18,-410.345576107502,-96.78520369166148,80.99155954254107,518.3592453215525
2024-09-16 00:00:00+00:00,-29056596.102720864,18,-1335.1057823449373,-314.92443392569817,88.34183609950817,557.225269078557
2024-09-16 03:00:00+00:00,-29056772.52123868,18,-1054.930195555091,-248.81595922519116,113.34291911758939,562.5418879607807
2024-09-16 06:00:00+00:00,-29056859.835269753,16,-484.08330938220024,-114.14071510080117,109.42602970259227,660.2399172457497
2024-09-16 09:00:00+00:00,-29056893.542066026,12,-956.40920548141,-225.5243880038022,119.99241416104496,602.2843932445196
2024-09-16 12:00:00+00:00,-29057098.937571123,18,-2139.85110129416,-504.6495597128164,103.42920124484837,636.5159658113228
2024-09-16 15:00:00+00:00,-29057428.50484135,17,-1433.6862449795008,-338.19723646931413,104.51725438701172,549.5103732882026
2024-09-16 18:00:00+00:00,-29057457.359132368,14,25.042591676115993,5.906431712499606,90.41572582693449,622.5179060125039
2024-09-16 21:00:00+00:00,-29057422.24419343,18,-164.31791032850742,-38.751495555958556,115.31122014807458,475.17746795895823
2024-09-17 00:00:00+00:00,-29057498.43860995,18,-2383.216996923089,-561.972482063078,77.05256745677934,669.9960780755148
2024-09-17 03:00:00+00:00,-29058018.04844266,18,-2093.5117758214474,-493.65638353471536,121.48762919634238,585.3042595747014
2024-09-17 06:00:00+00:00,-29058021.816553906,15,-596.2115789055824,-140.57545543020288,124.39541436719668,572.920745142041
2024-09-17 09:00:00+00:00,-29058167.10133739,16,-1148.7106915712357,-270.8803228493881,75.86594898657758,609.8815125843288
2024-09-17 12:00:00+00:00,-29058308.9942268,18,-1500.5751661360264,-353.8898523901739,88.16460228698783,528.9208688732294
2024-09-17 15:00:00+00:00,-29058542.245128922,18,-1730.034672781825,-407.9394211771778,108.30137639922569,601.7804221656221
2024-09-17 18:00:00+00:00,-29058741.502894994,13,-613.4400653839111,-144.71944106627782,121.90460485536184,586.1656714703794
2024-09-17 21:00:00+00:00,-29058695.60514527,18,-732.7336027026176,-172.78359810867127,98.71777459342512,619.2296709160987
2024-09-18 00:00:00+00:00,-29058924.68629567,18,-1346.968150243163,-317.6626769116519,95.4180480778497,549.6659879880523
2024-09-18 03:00:00+00:00,-29059032.34718283,17,-1232.5821307897568,-290.6450248638518,95.59338170737455,579.5739289705347
2024-09-18 06:00:00+00:00,-29059232.831828367,14,-191.25662925839424,-45.093683591226956,109.03906317191817,531.6903014685909
2024-09-18 09:00:00+00:00,-29059080.161340144,12,-200.75178726017475,-47.307540044201524,92.35971208261344,567.3462297067052
2024-09-18 12:00:00+00:00,-29059283.019775182,18,-2088.309474244714,-492.384453036692,90.70882936760505,572.7446480173795
2024-09-18 15:00:00+00:00,-29059602.238708705,18,-2291.6159534156322,-540.3833452500137,109.41645476595943,536.8651901932806
2024-09-18 18:00:00+00:00,-29059855.923763536,15,243.28155444562432,57.400337188460725,98.9238232294826,555.1947010066983
2024-09-18 21:00:00+00:00,-29059541.418320093,18,678.8253822028637,160.07898503895692,85.39971708424203,509.12988485590864
2024-09-19 00:00:00+00:00,-29059686.217417985,18,-1596.9224625378847,-376.5244455474004,80.09310005237033,565.1711919969658
2024-09-19 03:00:00+00:00,-29059940.648935728,18,-1242.9191195815802,-293.0339885224707,112.56350691225762,595.6257287566535
2024-09-19 06:00:00+00:00,-29059996.94719788,18,-128.12619352340698,-30.2100775685639,125.53175244258685,561.1126980966585
2024-09-19 09:00:00+00:00,-29059972.68048411,16,-581.4999219179153,-137.0967188627204,83.71035276144833,628.3654324324343
2024-09-19 12:00:00+00:00,-29060142.32217836,18,-1865.3235542327166,-439.8803460259874,94.442966498004,616.5605043203121
2024-09-19 15:00:00+00:00,-29060439.011372667,17,-1870.7856193184853,-441.1532466098235,129.42857222629104,655.0596602927125
2024-09-19 18:00:00+00:00,-29060610.01858319,14,-835.1517757773399,-196.94212988496324,133.78891392033248,1452.8644876034202
2024-09-19 21:00:00+00:00,-29060647.79931661,2,,,339.37323981150985,
2024-09-20 09:00:00+00:00,-29060929.56457532,2,,,318.38363398239017,
2024-09-20 12:00:00+00:00,-29060981.65829161,18,-1314.4379767030478,-309.8730166223525,85.69283001885393,1329.6766134738311
2024-09-20 15:00:00+00:00,-29061258.174069494,17,-1086.8143732994795,-256.26151081288003,95.57382036085858,620.2233470917852
2024-09-20 18:00:00+00:00,-29061253.361884937,17,-95.87218998372556,-22.607612398971522,129.22480954026736,550.0390053546186
2024-09-20 21:00:00+00:00,-29061282.14211699,18,-757.9856725931166,-178.7346947610873,98.86645829020563,652.129330203932
2024-09-21 00:00:00+00:00,-29061442.858303085,18,-1761.0643816143274,-415.2119065764636,99.40065420456719,644.0557235571187
2024-09-21 03:00:00+00:00,-29061722.408212394,18,-1027.9011292159557,-242.31577606110378,127.0862280720014,561.9833719353824
2024-09-21 06:00:00+00:00,-29061699.83358539,18,980.4645334035158,231.13405225518517,99.2904418332674,659.7971919440384
2024-09-21 09:00:00+00:00,-29061477.292079043,14,18.42982566356659,4.344757966432122,105.15398965568846,545.4528477582219
2024-09-21 12:00:00+00:00,-29061695.226128973,18,-2414.152902647853,-569.2463337734861,93.46835684351505,693.4787442772748
2024-09-21 15:00:00+00:00,-29062080.830304705,18,-2178.3061959445477,-513.6017193429569,137.83935035854415,623.1406982068439
2024-09-21 18:00:00+00:00,-29062239.80267796,12,409.0579072237014,96.47984101238265,124.63020050966936,668.2392012154719
2024-09-21 21:00:00+00:00,-29061978.5658279,18,390.62461441755295,92.08178021934812,94.38903734175256,635.8196680981558
2024-09-22 00:00:00+00:00,-29062142.146524355,18,-1050.6908263266087,-247.69420188179112,98.6609282705047,531.9745571724555
2024-09-22 03:00:00+00:00,-29062241.23853448,17,-1338.3332975953817,-315.4987267316899,93.69107600046082,554.6279438522068
2024-09-22 06:00:00+00:00,-29062476.729848754,17,-216.4078976660967,-51.024169843410334,97.42577168881058,481.45214801318303
2024-09-22 09:00:00+00:00,-29062295.340508897,15,-52.68425653874874,-12.419079583040709,75.55953251928322,481.91871183942754
2024-09-22 12:00:00+00:00,-29062489.90091289,18,-1902.3705293238163,-448.441265344239,70.87716001753017,486.20121659151107
2024-09-22 15:00:00+00:00,-29062770.933141228,18,-1891.8897505849598,-445.9572153048584,95.21151970170926,538.9214562845215
2024-09-22 18:00:00+00:00,-29062962.873350535,14,131.7437016069889,31.074549185589422,114.58053582781308,546.1603795960552
2024-09-22 21:00:00+00:00,-29062737.997215826,18,329.5609383881092,77.70305226537225,97.86707327351077,624.2749128957205
2024-09-23 00:00:00+00:00,-29062880.483115938,18,-1306.732400611043,-308.08753835775326,105.96579041769192,557.7168522279659
2024-09-23 03:00:00+00:00,-29063064.68031598,18,-1314.0613413900137,-309.76898140848266,99.31032888158812,604.5565481578351
2024-09-23 06:00:00+00:00,-29063208.998451285,17,-388.66806820034975,-91.60550194319116,107.76961541262958,528.4263005251269
2024-09-23 09:00:00+00:00,-29063161.84733303,17,-318.33400742709637,-75.02705069679934,87.11834347798276,541.2988526679004
2024-09-23 12:00:00+00:00,-29063288.58195314,18,-1692.9269019961357,-399.11845817900513,81.8442911114636,588.320674127224
2024-09-23 15:00:00+00:00,-29063585.079058528,17,-2095.82215423882,-494.1441393938611,118.50303880068509,576.9642864296536
2024-09-23 18:00:00+00:00,-29063812.5374917,14,-340.6360011398792,-80.33034141908605,118.7728872719568,641.4803788842
2024-09-23 21:00:00+00:00,-29063670.238058813,17,-44.426658779382706,-10.47345247040033,108.05367682703755,658.5367557223726
2024-09-24 00:00:00+00:00,-29063823.644156396,18,-1511.8870955407617,-356.35497869865975,114.00621655820916,600.8827966387803
2024-09-24 03:00:00+00:00,-29064048.209832698,18,-1029.5215451717377,-242.6844418613632,104.35833162802929,612.6377766183066
2024-09-24 06:00:00+00:00,-29064081.02454269,18,83.44125074148178,19.67161498527453,102.27608674475967,516.1546834417973
2024-09-24 09:00:00+00:00,-29064027.349520013,15,-639.92248095572,-150.83918181844393,75.8967535356133,548.5342157255129
2024-09-24 12:00:00+00:00,-29064241.00516293,18,-2263.38843947649,-533.522329712817,91.3521411573293,512.5227178740156
2024-09-24 15:00:00+00:00,-29064593.19662988,18,-1542.3789905458689,-363.52036179220363,103.23349177381758,610.3653909320309
2024-09-24 18:00:00+00:00,-29064626.599910565,16,-222.2954764813185,-52.39770010500402,122.22481625654858,613.3663173682404
2024-09-24 21:00:00+00:00,-29064648.770499002,18,-572.8236656039953,-135.0324401851589,113.38644597703222,588.451991852345
2024-09-25 00:00:00+00:00,-29064769.805826966,18,-1923.8705892711878,-453.5468396411518,81.87385700417417,662.4810499825114
2024-09-25 03:00:00+00:00,-29065129.73814632,18,-1416.4569554775953,-333.891341494435,120.7211051051896,588.7399303192367
2024-09-25 06:00:00+00:00,-29065123.920065835,16,-425.2484329789877,-100.19851274847204,122.31144932621298,621.1095016532471
2024-09-25 09:00:00+00:00,-29065236.050254565,14,-897.8696721941233,-211.52353096092932,97.66001278634121,581.1887753988296
2024-09-25 12:00:00+00:00,-29065348.387483884,18,-2068.5204393714666,-487.55121630213455,78.42948364180835,593.6801625403729
2024-09-25 15:00:00+00:00,-29065753.180364408,18,-2088.9549365341663,-492.4186893987115,111.76327824779653,719.5397999570997
2024-09-25 18:00:00+00:00,-29065870.626218017,11,170.06114301085472,40.10171738742044,161.88703261324935,559.9770546349899
2024-09-25 21:00:00+00:00,-29065710.665078655,18,-393.6984028071165,-92.79420562672011,84.30518069881896,746.8637870042069
2024-09-26 00:00:00+00:00,-29065969.05081872,18,-1722.4697400480509,-405.92947676642785,93.03458197261017,617.820296483287
2024-09-26 03:00:00+00:00,-29066141.282513667,18,-2021.093496710062,-476.31150881415994,129.4179524989019,766.8073227294467
2024-09-26 06:00:00+00:00,-29066474.324192896,18,-550.4788958877325,-129.7464428710052,167.61312133645905,763.4410251529938
2024-09-26 09:00:00+00:00,-29066278.90223764,13,-423.5135232061148,-99.81004246181989,140.28054391613918,810.0625972818965
2024-09-26 12:00:00+00:00,-29066580.202573698,18,-2633.463403686881,-620.716468158979,113.65927052177798,713.3267067263325
2024-09-26 15:00:00+00:00,-29066937.26808856,18,-1835.6086683422327,-432.5871775724296,110.10702024238437,629.9692160759706
2024-09-26 18:00:00+00:00,-29067039.104740784,16,188.68697427213192,44.47132176685946,109.02016350046489,647.908787884828
2024-09-26 21:00:00+00:00,-29066890.096344993,18,-437.70470505952835,-103.15419707923493,118.79838564556486,615.695127938618
2024-09-27 00:00:00+00:00,-29067148.53091705,18,-2894.0035880804057,-682.1136387821178,108.66063965756577,723.0198748701295
2024-09-27 03:00:00+00:00,-29067613.597242013,18,-1167.0189288705587,-275.0651529833909,136.23253019776058,673.4032119050727
2024-09-27 06:00:00+00:00,-29067440.285649266,18,774.0023837238551,182.41351663740124,128.58793976093912,681.6700334748467
2024-09-27 09:00:00+00:00,-29067420.09664608,17,-564.3363761454821,-132.98026231038074,102.3856673295445,616.0069474213478
2024-09-27 12:00:00+00:00,-29067581.369743302,18,-2189.8096688091755,-516.0150117841754,84.74477389489891,611.7314024583256
2024-09-27 15:00:00+00:00,-29067967.549063284,18,-1679.860749796033,-395.889547888493,113.60295736725219,550.9912387213175
2024-09-27 18:00:00+00:00,-29068001.33493075,13,-291.17508052289486,-68.62880429008045,108.59457799186247,587.6306489999778
2024-09-27 21:00:00+00:00,-29068040.342833415,18,-852.8114572316408,-200.99390020934288,93.14627907314775,587.4499109506327
2024-09-28 00:00:00+00:00,-29068214.53779506,18,-1691.2333583384752,-398.53606015995484,98.87267063255366,633.5507421530386
2024-09-28 03:00:00+00:00,-29068463.151173,18,-1528.0552973896267,-360.0473483146798,128.10319912084125,552.9627480740605
2024-09-28 06:00:00+00:00,-29068596.551619407,18,-124.39318519830704,-29.311790273735944,96.61616091181445,640.1244908403703
2024-09-28 09:00:00+00:00,-29068494.2494693,17,-430.0963069200516,-101.36791558511024,95.91418357500005,557.7101891394074
2024-09-28 12:00:00+00:00,-29068704.075696137,18,-2303.449776381254,-542.8826390236832,100.52541167551601,545.9344310083219
2024-09-28 15:00:00+00:00,-29069070.111913394,18,-2544.8252938985825,-599.7000063461098,97.0991481639512,588.2353468082658
2024-09-28 18:00:00+00:00,-29069340.28201961,13,-516.8588549047709,-121.84062039299317,107.33565604976326,590.7296229740276
2024-09-28 21:00:00+00:00,-29069199.32662712,18,-72.07967576384544,-16.983049795101987,111.27375428206261,545.6407037754417
2024-09-29 00:00:00+00:00,-29069358.301938552,18,-1786.105415225029,-420.877500013382,84.18309237252976,688.8213521838957
2024-09-29 03:00:00+00:00,-29069645.852980927,18,-1812.3514528721569,-427.10616119885424,131.42613917902062,508.9485896798801
2024-09-29 06:00:00+00:00,-29069811.38980177,17,-75.0824322104454,-17.691348700894373,95.40701568631788,704.3814988116816
2024-09-29 09:00:00+00:00,-29069664.62358898,12,-1126.12885299325,-265.2155469701544,117.20388616534281,564.6537258282459
2024-09-29 12:00:00+00:00,-29070092.92201502,18,-2846.8352985829115,-670.7122337915074,104.04141357441847,642.9868763836557
2024-09-29 15:00:00+00:00,-29070376.332413625,18,-2056.785862699151,-484.5881563552556,110.01253004927226,663.6705441480229
2024-09-29 18:00:00+00:00,-29070607.118480694,15,-278.72673822939396,-65.70487200243849,129.2441341397942,563.5007638970662
2024-09-29 21:00:00+00:00,-29070446.014098182,18,-845.1110912561417,-199.15412618443676,87.9946740672073,692.457663764334
2024-09-30 00:00:00+00:00,-29070818.396253508,18,-1962.8637739419935,-462.51327708983007,115.17184897828703,583.4825158874684
2024-09-30 03:00:00+00:00,-29070936.730041668,18,-1666.1357846707106,-392.53677007135525,116.34078275675331,629.3482335090322
2024-09-30 06:00:00+00:00,-29071234.930199675,18,-1253.268998771906,-295.24541813192246,107.19326071041662,576.8125390147333
2024-09-30 09:00:00+00:00,-29071250.04729136,16,-652.5880650132895,-153.74060029607048,85.20191512128632,540.5382249267177
2024-09-30 12:00:00+00:00,-29071398.07721593,18,-2741.8446714282036,-646.0664996974018,82.28580160757737,820.0053885568553
2024-09-30 15:00:00+00:00,-29071935.508459218,16,-1123.8114759922028,-264.8705171576219,186.45692797146899,811.1467027458796
2024-09-30 18:00:00+00:00,-29071679.030084927,12,15.314203396439554,3.6089459843935585,185.3415298570937,888.3171932616461
2024-09-30 21:00:00+00:00,-29071931.67990837,17,-1764.8727499693632,-415.81874365203436,120.63593474461898,816.4990585260188
2024-10-01 00:00:00+00:00,-29072120.24827242,18,-1755.3242221474648,-413.5048920825664,85.53032705478942,653.1620023144367
2024-10-01 03:00:00+00:00,-29072370.510963906,18,-1421.9733753949406,-335.0146866433325,110.04889289540715,576.7004515499048
2024-10-01 06:00:00+00:00,-29072475.741616268,14,-807.8701104223728,-190.33059152797978,116.06475059214686,562.4696038362407
2024-10-01 09:00:00+00:00,-29072572.47849151,16,-938.8827620595694,-221.15614384054817,87.53567629816031,595.3123341340595
2024-10-01 12:00:00+00:00,-29072710.462306783,18,-2454.4399322271347,-578.2028758648199,93.15992764188702,571.1060513225478
2024-10-01 15:00:00+00:00,-29073186.088474568,18,-2028.6802574843166,-477.8515169421197,112.79467182052854,637.5215322135815
2024-10-01 18:00:00+00:00,-29073217.632371154,16,-320.41905668377876,-75.49371507784957,129.31873175996358,611.3790061322405
2024-10-01 21:00:00+00:00,-29073266.19323874,18,-1210.9239905923605,-285.28942623892146,103.14494694410462,667.2435564495411
2024-10-02 00:00:00+00:00,-29073520.3633688,18,-2045.4261608570814,-481.91122911234675,105.3685832801176,697.0558455361974
2024-10-02 03:00:00+00:00,-29073777.549778953,18,-1746.1956636756659,-411.3641940604116,140.46013013364072,637.7351412957142
2024-10-02 06:00:00+00:00,-29073956.91228472,18,-440.12368370592594,-103.66805678070689,119.65196847631658,700.7588439709936
2024-10-02 09:00:00+00:00,-29073887.58069988,16,-473.1207182109356,-111.415503394893,104.70141680303766,626.628479577106
2024-10-02 12:00:00+00:00,-29074075.192464273,18,-2661.1831335276365,-626.876886762877,101.11804810869452,589.2522804605858
2024-10-02 15:00:00+00:00,-29074552.87648326,18,-2385.023906096816,-561.8735404144153,103.62795928795778,603.4701307847112
2024-10-02 18:00:00+00:00,-29074671.448440798,13,-396.68898400664335,-93.49907687712725,111.96496223604962,581.6107554942773
2024-10-02 21:00:00+00:00,-29074652.048729263,16,-703.8140023350716,-165.8148356986381,101.99601945898362,621.2781412708283
2024-10-03 00:00:00+00:00,-29074847.40194138,18,-2165.524949416518,-510.029446029443,107.64759766380502,590.4470841409699
2024-10-03 03:00:00+00:00,-29075193.429966617,18,-2007.3430578857658,-472.7803078409344,106.70542143060716,611.5357549072281
2024-10-03 06:00:00+00:00,-29075349.237705853,17,187.6504849940538,44.200180488103356,108.56101251293506,892.9403377388494
2024-10-03 09:00:00+00:00,-29075146.51734537,9,,,196.08124836375782,
2024-10-04 12:00:00+00:00,-29077351.331588488,10,,,114.31127370512098,
2024-10-04 15:00:00+00:00,-29077789.535679176,16,-2059.4670089781284,-485.10083136195817,115.51798802751456,659.7670878956617
2024-10-04 18:00:00+00:00,-29077866.198340733,13,-384.4081790149212,-90.5839730962893,118.90635326090879,670.9275583137802
2024-10-04 21:00:00+00:00,-29077885.63772393,15,-895.8627288490534,-211.01269850934096,121.61242216003546,661.9328784583828
2024-10-05 00:00:00+00:00,-29078090.164022945,18,-1973.593250080943,-464.7198237467897,115.09116007845468,715.4894928158026
2024-10-05 03:00:00+00:00,-29078379.03603645,18,-2364.741595596075,-556.8557406758081,131.17067001423268,666.9101561414875
2024-10-05 06:00:00+00:00,-29078681.349421844,18,-1494.319395184517,-351.92684010668245,120.63207344892558,649.0639680988257
2024-10-05 09:00:00+00:00,-29078752.615885247,12,-639.9092627316713,-150.7205992820527,95.52228795301842,624.3232312652193
2024-10-05 12:00:00+00:00,-29078841.326737527,18,-2176.097281381488,-512.4575741919184,99.0410087994024,542.7038654864838
2024-10-05 15:00:00+00:00,-29079296.640205592,18,-3101.3145811706786,-730.2225929879157,96.35071538444254,1266.4550453433637
2024-10-05 18:00:00+00:00,-29079616.65538282,10,-706.8577942252159,-166.48557747833397,300.72437952920535,649.8641965453066
2024-10-05 21:00:00+00:00,-29079473.35465415,17,-509.497449874878,-119.95638579929724,130.81191370388805,1281.2852268643965
2024-10-06 00:00:00+00:00,-29079744.02974529,18,-2159.8184531629086,-508.63807473557773,110.32038385123447,710.7396575545574
2024-10-06 03:00:00+00:00,-29080013.30926744,18,-1742.173072129488,-410.26950265459163,120.25045544373062,634.4584224460652
2024-10-06 06:00:00+00:00,-29080179.57301332,16,-845.940658390522,-199.1504324473087,113.96493329183826,633.9305878824974
2024-10-06 09:00:00+00:00,-29080224.794432037,14,-1060.2847075015306,-249.55666216547164,103.2306996798477,573.4955890441786
2024-10-06 12:00:00+00:00,-29080444.644190196,18,-2104.9098876565695,-495.58205109620917,86.99464578701057,564.3680011861476
2024-10-06 15:00:00+00:00,-29080751.02190395,18,-2759.2223002612595,-649.7076814871924,96.17887081520067,635.8926958038534
2024-10-06 18:00:00+00:00,-29081134.44976526,12,-638.2922824323177,-150.41278897094244,133.0578883059393,517.7500328895766
2024-10-06 21:00:00+00:00,-29080910.59497456,14,-690.4470082819462,-162.59001575034037,86.62386128276255,747.2725046377072
2024-10-07 00:00:00+00:00,-29081307.06151733,18,-3072.120064467192,-723.2724050443935,131.1358479641768,606.2552327431897
2024-10-07 03:00:00+00:00,-29081678.624990676,17,-1768.6840858161452,-416.31523638327906,124.36999078654749,704.8616087921667
2024-10-07 06:00:00+00:00,-29081749.232538786,17,-1053.7621825486422,-248.05143968761098,117.7083571822065,727.2156094953372
2024-10-07 09:00:00+00:00,-29081942.065536313,13,-1746.6707136482,-411.08235787102035,132.60755751505553,663.2309938607535
2024-10-07 12:00:00+00:00,-29082185.900217198,18,-2573.536177843809,-605.9715895073716,116.77736125020668,767.7265558059066
2024-10-07 15:00:00+00:00,-29082585.449580774,18,-3547.635436370969,-835.2256598777766,138.75514304158688,668.0612701232149
2024-10-07 18:00:00+00:00,-29083072.80907629,12,-1239.4434238821268,-291.9269004622015,119.40336757962027,698.1418523127408
2024-10-07 21:00:00+00:00,-29082895.310436744,18,-473.1199790388346,-111.36986106394492,105.87557863561028,713.678553951502
2024-10-08 00:00:00+00:00,-29083191.08907105,18,-3267.460191756487,-769.2170483861139,132.5760280321834,656.8421358909904
2024-10-08 03:00:00+00:00,-29083712.175484683,18,-3185.319629713893,-749.93889284244,125.52076049877007,768.6676239210439
2024-10-08 06:00:00+00:00,-29083987.41897848,16,-619.5302748531103,-145.82746837066844,139.11044729004428,606.0030000208751
2024-10-08 09:00:00+00:00,-29083867.058053397,15,-435.3206860870123,-102.45166992159665,84.83522815407643,681.1675622667004
2024-10-08 12:00:00+00:00,-29084096.24915,18,-2670.9279230982065,-628.6630933776387,98.22225535761363,577.4776398759689
2024-10-08 15:00:00+00:00,-29084534.79003417,17,-2441.6352543979883,-574.7863334535327,116.81400001215925,645.2984314663088
2024-10-08 18:00:00+00:00,-29084706.6579636,17,-805.127574250102,-189.5519117673346,127.9766293342993,653.27140080894
2024-10-08 21:00:00+00:00,-29084736.071927734,18,-1261.9042229950428,-297.08081763551644,114.1368021097443,657.5162043014445
2024-10-09 00:00:00+00:00,-29085022.13401935,18,-2080.8924396187067,-489.84910356918147,103.16227399911051,661.7626921046781
2024-10-09 03:00:00+00:00,-29085256.29503764,18,-1145.134086355567,-269.52700393573633,119.76396242406564,635.3343735026413
2024-10-09 06:00:00+00:00,-29085308.417540938,16,358.23316767811775,84.29760418418134,120.77108763258303,1062.4008561895955
2024-10-09 09:00:00+00:00,-29085166.73674572,12,-941.3992992341518,-221.50131039470577,237.06553314750568,659.3489284572269
2024-10-09 12:00:00+00:00,-29085543.767365746,18,-3763.621319502592,-885.9524453527291,112.18581676463731,1051.6730140871368
2024-10-09 15:00:00+00:00,-29086107.642075595,18,-2482.4435691982508,-584.3652159040779,113.69230857201417,711.9674615597336
2024-10-09 18:00:00+00:00,-29086164.378258046,14,432.95917670428753,101.93318579324757,138.1862752296312,579.3751098448828
2024-10-09 21:00:00+00:00,-29085999.40228142,18,230.96139657497406,54.35619926093382,89.74284841034155,681.6815029581938
2024-10-10 00:00:00+00:00,-29086106.637908902,18,-2006.5920628160236,-472.23459530723994,99.73794566447366,536.9324948485289
2024-10-10 03:00:00+00:00,-29086501.050297122,15,-1730.081002831459,-407.09727768437034,99.82360773241496,848.5604069102133
2024-10-10 06:00:00+00:00,-29086539.15815961,17,-771.7693930417299,-181.64384577758588,187.23184813382358,578.4301196911786
2024-10-10 09:00:00+00:00,-29086693.992645383,14,-960.5214298516511,-226.00481097154832,104.62592914596694,853.4316166614152
2024-10-10 12:00:00+00:00,-29086779.288517073,18,-2503.624255657196,-589.2393409516781,102.3026407979047,797.4940712246923
2024-10-10 15:00:00+00:00,-29087319.898709297,18,-3551.7756706923246,-835.8073216482068,169.7150981873785,1024.676482131337
2024-10-10 18:00:00+00:00,-29087667.232434746,14,-792.0975099354981,-186.44670075222618,234.8548232426591,853.6860683212795
2024-10-10 21:00:00+00:00,-29087517.92308678,18,-1329.880199328065,-312.99503619582134,129.40451846869087,1022.559063869996
2024-10-11 00:00:00+00:00,-29087999.702484578,18,-3935.2471231371164,-926.2349825649497,100.96980708893625,765.6971375870289
2024-10-11 03:00:00+00:00,-29088501.734867565,18,-2236.4789710640907,-526.3534486895306,141.05930404158684,701.6189906521292
2024-10-11 06:00:00+00:00,-29088558.822227344,15,-1567.2574438005686,-368.6779259686922,143.4291586782654,637.4063910555105
2024-10-11 09:00:00+00:00,-29088893.549228515,14,-2144.469668865204,-504.4893914866922,74.12964625036204,696.5754559014665
2024-10-11 12:00:00+00:00,-29089094.93964456,18,-2746.6935685127974,-646.3162702100839,98.7631601414007,557.5971850785402
2024-10-11 15:00:00+00:00,-29089580.222620644,17,-2592.9465910345316,-610.3006005150459,118.05489971731656,585.4132134416291
2024-10-11 18:00:00+00:00,-29089743.17629232,13,-530.8970206975937,-124.96841517905735,108.00522025989036,671.0058395997875
2024-10-11 21:00:00+00:00,-29089712.946875818,18,-282.3843964189291,-66.4509127551907,119.17882761337187,570.4558455383471
2024-10-12 00:00:00+00:00,-29089813.772391424,18,-1649.397586926818,-388.0833669617881,93.13224134754289,716.341897292931
2024-10-12 03:00:00+00:00,-29090125.29627255,18,-1334.4237851798534,-313.95723351287876,133.67129146634082,567.699489120402
2024-10-12 06:00:00+00:00,-29090147.37833772,16,-36.42485910654068,-8.569484838707554,107.09367391823784,643.9837118626649
2024-10-12 09:00:00+00:00,-29090134.402487326,14,-782.4410402029753,-184.11068121152894,89.73112425043247,606.5143480533479
2024-10-12 12:00:00+00:00,-29090342.98859777,18,-1675.7721572071314,-394.35655891720836,107.3413872015601,608.0256519038182
2024-10-12 15:00:00+00:00,-29090553.34552663,18,-1180.4678851366043,-277.7618168795104,122.69586352672978,690.8214760568977
2024-10-12 18:00:00+00:00,-29090638.105569053,11,-84.69265148043633,-19.933353000475137,135.29586497740493,661.9807594473834
2024-10-12 21:00:00+00:00,-29090574.5186895,18,-674.6748611778021,-158.73225134027254,111.06026715634403,635.7882412479283
2024-10-13 00:00:00+00:00,-29090806.774284348,18,-2158.7586435973644,-507.95152377824957,83.4218011183928,650.5428585556053
2024-10-13 03:00:00+00:00,-29091114.208350398,18,-1848.7727241963148,-435.0488983416577,118.81074334952893,713.013068133373
2024-10-13 06:00:00+00:00,-29091268.967465397,14,2381.350799098611,560.3535416049674,157.52787152191098,1603.132899627586
2024-10-13 09:00:00+00:00,-29090518.870650623,2,97.57410103082657,22.908958007989256,382.7678155638277,831.7357412601966
2024-10-13 12:00:00+00:00,-29091244.57394014,12,-3529.3099965900183,-830.2439701501528,135.72579397218254,1603.3731469217703
2024-10-13 15:00:00+00:00,-29091401.19814977,18,-1934.0818880647419,-455.02300803762364,119.01319206440701,913.267826651284
2024-10-13 18:00:00+00:00,-29091728.094412155,9,-646.1058342605829,-152.1197192492858,183.5950477283991,613.0129018601917
2024-10-13 21:00:00+00:00,-29091562.724608336,18,121.45524926483631,28.57983100787577,96.55263450616657,885.1841258978155
2024-10-14 00:00:00+00:00,-29091697.73059984,18,-1208.9649349451065,-284.46193797694485,123.5507668772208,607.1226526641267
2024-10-14 03:00:00+00:00,-29091864.965842072,17,-963.6661973297597,-226.67385819717114,117.11088113851325,699.5928389968325
2024-10-14 06:00:00+00:00,-29091938.64714917,14,-196.62224431335926,-46.23913391500159,123.79253522538686,587.342030679019
2024-10-14 09:00:00+00:00,-29091914.12140315,14,-850.7558402717113,-200.06197322011835,88.5760003138301,659.9038209831668
2024-10-14 12:00:00+00:00,-29092151.33610924,18,-2272.3929426521063,-534.6773829310786,109.0526204716458,572.9528836826773
2024-10-14 15:00:00+00:00,-29092482.219638813,17,-1196.571156874299,-281.5537367946459,112.56766898591643,952.3913052732364
2024-10-14 18:00:00+00:00,-29092450.47889846,10,-282.1381781846285,-66.39356336854227,211.65561855469576,663.7958865433078
2024-10-14 21:00:00+00:00,-29092552.75418336,16,-658.475691229105,-154.93383415274076,121.93269080138289,932.9842847417325
2024-10-15 00:00:00+00:00,-29092615.097821265,18,-623.3609119802713,-146.63728248079306,98.00831014597323,670.8661175836256
2024-10-15 03:00:00+00:00,-29092708.594411355,18,-1250.6309329122305,-294.22491549180563,115.15751450314605,807.8487865046905
2024-10-15 06:00:00+00:00,-29092927.755554494,15,-921.9177347421646,-216.8612694842475,176.58737216573422,598.9910378925576
2024-10-15 09:00:00+00:00,-29092939.07384504,14,-509.56745490431786,-119.87995310610997,95.72428281623696,825.3063647392175
2024-10-15 12:00:00+00:00,-29093055.14741822,18,-2067.068420127034,-486.287184528215,106.71252139061217,627.668479599218
2024-10-15 15:00:00+00:00,-29093455.84095007,15,-3213.4311708956957,-755.9691534721566,124.33762180839196,786.7402332364472
2024-10-15 18:00:00+00:00,-29093858.505210944,10,173.90642768144608,40.94136164359159,165.219399407324,600.0126662841677
2024-10-15 21:00:00+00:00,-29093412.36434315,18,814.502489104867,191.61864409297368,83.91129712007225,756.5954881941626
2024-10-16 00:00:00+00:00,-29093654.879588667,18,-1879.46768283844,-442.19579654325094,92.08607851743031,547.7028859783179
2024-10-16 03:00:00+00:00,-29093882.23126386,18,-1394.9305124133825,-328.1764472006166,108.20142061192219,709.1251810508733
2024-10-16 06:00:00+00:00,-29094003.61221677,13,-374.8434257656336,-88.17637584712114,151.48865235821717,663.6104854583389
2024-10-16 09:00:00+00:00,-29093975.942120302,11,-277.1778980344534,-65.16599497077037,125.76220558340516,725.1217368872706
2024-10-16 12:00:00+00:00,-29094072.90669128,18,-2167.350858196616,-509.81367345755643,99.56798701561652,710.4193836193946
2024-10-16 15:00:00+00:00,-29094517.77983485,18,-2378.4836488366127,-559.5348525176647,125.4087275100197,646.9157417226319
2024-10-16 18:00:00+00:00,-29094667.52760349,10,225.22337771952152,53.012206446607074,127.44592781721964,652.3777959796646
2024-10-16 21:00:00+00:00,-29094461.47399042,18,95.01318435370922,22.35158752860652,104.27104275527762,659.4252649795258
2024-10-17 00:00:00+00:00,-29094643.7743074,18,-2320.029749825597,-545.7009596697003,104.57122208638665,583.0426749447164
2024-10-17 03:00:00+00:00,-29095041.48142788,17,-2829.870150282979,-665.4945563402797,101.8514712370185,862.0028226173459
2024-10-17 06:00:00+00:00,-29095351.24184497,14,,,188.42880259895668,
2024-10-17 12:00:00+00:00,-29095473.893551912,13,,,144.298685893246,
2024-10-17 15:00:00+00:00,-29095677.242579147,18,-865.7090357840061,-203.6314478072782,115.11057855695461,860.7361747170831
2024-10-17 18:00:00+00:00,-29095690.32081086,11,293.22662012279034,68.96886004245007,159.63101798724662,673.4435009821165
2024-10-17 21:00:00+00:00,-29095603.935924117,18,-605.0814857929945,-142.308364461296,122.8614627038267,814.2610660924784
2024-10-18 00:00:00+00:00,-29095841.591182306,18,-1886.3546300828455,-443.6922783345057,126.32005316252862,704.7220281915113
2024-10-18 03:00:00+00:00,-29096075.524581637,18,-1159.302994221449,-272.70818734915724,126.27205568107114,723.1911875032698
2024-10-18 06:00:00+00:00,-29096131.41693086,15,-176.82241028547287,-41.58402083367692,129.34870515070992,664.0980176289751
2024-10-18 09:00:00+00:00,-29096119.73018421,16,-668.9020449221134,-157.3134216332046,107.79380324372721,707.7945896753441
2024-10-18 12:00:00+00:00,-29096298.642442092,18,-1006.5769850760698,-236.7231856756515,120.74657883016916,713.705346745094
2024-10-18 15:00:00+00:00,-29096371.374430478,17,-1866.9643589258194,-439.1424714437531,142.18457583555275,701.4140980297005
2024-10-18 18:00:00+00:00,-29096765.383531824,17,-1145.5813189446926,-269.4804761362164,127.15786353185509,712.376825220648
2024-10-18 21:00:00+00:00,-29096657.769760214,18,-140.5392761528492,-33.058841970716564,107.24314763158317,666.0248671120598
2024-10-19 00:00:00+00:00,-29096800.518350862,18,-1897.20058478415,-446.25256170068684,107.49510671533578,646.7998998354929
2024-10-19 03:00:00+00:00,-29097132.06990641,18,-2150.9709453582764,-505.86490544686023,121.01978841400557,668.0297572367555
2024-10-19 06:00:00+00:00,-29097338.2610872,18,-445.3299049437046,-104.72274623080733,127.81348448763525,746.3466038316444
2024-10-19 09:00:00+00:00,-29097243.402382646,13,-366.68985828757286,-86.23786255577421,142.01686212530774,673.1751854876902
2024-10-19 12:00:00+00:00,-29097429.933551773,18,-2713.877594783902,-638.3065565173556,109.48294424431214,718.3649645065458
2024-10-19 15:00:00+00:00,-29097921.87178134,18,-2325.7394641041756,-547.0335369746304,109.9282709837966,682.7896804791463
2024-10-19 18:00:00+00:00,-29098011.3684178,14,237.13591034710407,55.78492135087073,130.96218597422603,574.8917284186266
2024-10-19 21:00:00+00:00,-29097862.587803755,18,-139.21967661380768,-32.739105499360356,92.58540085387504,634.3540633291992
2024-10-20 00:00:00+00:00,-29098046.173336953,18,-1764.026950404048,-414.80440722236426,89.43837654353884,526.6149243082814
2024-10-20 03:00:00+00:00,-29098303.594541356,18,-1904.4817419350147,-447.86241357270063,93.59833575037983,552.3156479914147
2024-10-20 06:00:00+00:00,-29098522.293772437,18,-954.4590706676244,-224.47896996812884,105.19773162843002,527.9445495864459
2024-10-20 09:00:00+00:00,-29098542.209309023,15,-208.08104778826237,-48.93965818499804,93.05746616814993,682.609104812735
2024-10-20 12:00:00+00:00,-29098574.314034384,10,,,134.37126416596865,
2024-10-21 09:00:00+00:00,-29099947.32524642,2,,,543.0516485013068,
2024-10-21 12:00:00+00:00,-29099452.54801277,18,-190.98480139672756,-44.906154103199015,106.65719962583887,2206.0516622878185
2024-10-21 15:00:00+00:00,-29099995.07144677,17,-1969.0626717358828,-463.0562430795388,96.23618395744454,582.9446610075609
2024-10-21 18:00:00+00:00,-29099944.813680705,15,85.73380966484547,20.168020927846165,99.31400520722244,582.4769476255528
2024-10-21 21:00:00+00:00,-29099973.637994353,18,-328.5331508666277,-77.26009228425144,109.28659137564732,628.8036279147125
2024-10-22 00:00:00+00:00,-29100026.94696842,18,-1771.6080358475447,-416.5680787688557,121.85587193327537,665.0467824428445
2024-10-22 03:00:00+00:00,-29100416.540003315,18,-1443.7287807315588,-339.43278820544793,125.29721614162482,837.4506794546836
2024-10-22 06:00:00+00:00,-29100387.879163604,14,-507.66950039565563,-119.34875731374595,170.246509531989,811.5298487880647
2024-10-22 09:00:00+00:00,-29100543.457378414,13,-1444.5610677599907,-339.70475296481555,159.56785733437246,827.010014296348
2024-10-22 12:00:00+00:00,-29100749.019430544,18,-1456.4265322089195,-342.49668660450476,117.31463560156182,808.0519256139255
2024-10-22 15:00:00+00:00,-29100907.564011466,18,-1174.6693160533905,-276.21886785484276,123.88439595542553,910.8385637940852
2024-10-22 18:00:00+00:00,-29101042.686759558,7,-583.7649130821228,-137.32047114943947,195.1639230354249,953.1442182220095
2024-10-22 21:00:00+00:00,-29101053.505239736,17,-198.37107099592686,-46.633261344917585,203.55073135311306,879.8985219405573
2024-10-23 00:00:00+00:00,-29101092.279527307,18,-2223.4624523073435,-522.7669878690717,101.48833037594191,936.5369391893125
2024-10-23 03:00:00+00:00,-29101609.370852813,18,-2748.9291627705097,-646.3747518907307,115.69762171169803,645.0528243316112
2024-10-23 06:00:00+00:00,-29101779.511818,18,-620.2569659650326,-145.8509678476223,125.32334353040714,659.0865891258896
2024-10-23 09:00:00+00:00,-29101764.435094304,17,-321.5017713904381,-75.59683980366974,117.31903544654112,679.9558740259931
2024-10-23 12:00:00+00:00,-29101859.887260847,18,-1561.9446542859077,-367.203528724287,114.84907043708634,712.0399125666436
2024-10-23 15:00:00+00:00,-29102154.921257876,18,-2145.2941057533026,-504.31754726013816,133.87978278996354,650.7214691161114
2024-10-23 18:00:00+00:00,-29102396.210787285,12,-409.22289034724236,-96.26341143890515,115.21541961810742,674.7899967716293
2024-10-23 21:00:00+00:00,-29102257.226980463,18,-357.05947260558605,-83.9557600447836,102.64039163045484,618.7519862815045
2024-10-24 00:00:00+00:00,-29102485.475655437,18,-2250.0983175337315,-529.0709948591277,103.21716603927918,727.9282398967828
2024-10-24 03:00:00+00:00,-29102819.751559846,18,-1494.8593357801437,-351.4451334333116,150.27448272544015,576.0000959927528
2024-10-24 06:00:00+00:00,-29102859.19048938,17,-215.3135721385479,-50.61734278788048,100.41027609910574,750.7863247159077
2024-10-24 09:00:00+00:00,-29102873.57995288,15,-877.0214053839445,-206.10331623178058,112.46148864334698,565.7222574089035
2024-10-24 12:00:00+00:00,-29103078.445840728,18,-2663.8482264578342,-626.2572608830781,99.60110936475787,633.4861998908486
2024-10-24 15:00:00+00:00,-29103539.542009495,17,-2624.9363725930452,-617.2394944135857,111.50767423312892,735.166145827669
2024-10-24 18:00:00+00:00,-29103734.679933876,10,11.79061472415924,2.772257286675296,154.46341925033215,668.1766464836763
2024-10-24 21:00:00+00:00,-29103536.594355814,18,171.6188840121031,40.34486947901822,124.37761261076741,755.4609937993406
2024-10-25 00:00:00+00:00,-29103691.775212873,18,-2132.7453330010176,-501.3168009175159,108.6790420712019,656.7204176745702
2024-10-25 03:00:00+00:00,-29104069.780689064,17,-1921.1980721801522,-451.56666045362164,107.1695673601524,677.2730041834653
2024-10-25 06:00:00+00:00,-29104172.074730918,15,-783.7453368008137,-184.20609614540874,129.83657401409258,670.9786142926642
2024-10-25 09:00:00+00:00,-29104265.717023265,14,-1145.6446655094624,-269.326541376218,129.0463197236529,691.6284444373696
2024-10-25 12:00:00+00:00,-29104458.485897295,18,-2002.7206608951092,-470.82636839135273,114.18989938020584,666.3533966148996
2024-10-25 15:00:00+00:00,-29104766.39718849,18,-1901.4450111985207,-446.95076076005023,105.35048855863984,949.8375751767676
2024-10-25 18:00:00+00:00,-29104933.847150095,9,780.6706060320139,183.49842314979136,208.20093799174768,549.9401747892585
2024-10-25 21:00:00+00:00,-29104571.22953698,16,-190.86431172490117,-44.85573876120256,88.33692207060653,964.0161426927461
2024-10-26 00:00:00+00:00,-29104981.563228026,18,-3311.993330553174,-778.5717263228888,121.38910424794733,545.924681278538
2024-10-26 03:00:00+00:00,-29105399.22786962,18,-2103.9256588965654,-494.6066319049972,104.03700327724107,746.7928138636197
2024-10-26 06:00:00+00:00,-29105507.54464275,15,-110.24085840582848,-25.908766426833708,141.84817428249616,690.5130288552092
2024-10-26 09:00:00+00:00,-29105426.78808422,12,,,137.75636877388288,
2024-10-27 12:00:00+00:00,-29107735.84336005,9,,,179.13753371708393,
2024-10-27 15:00:00+00:00,-29108158.51878418,18,-1955.1552998274562,-459.5426700313796,173.7421566970209,1153.3215641404252
2024-10-27 18:00:00+00:00,-29108224.63218501,12,130.0944508910179,30.593278312821273,225.929543017769,819.9013418643062
2024-10-27 21:00:00+00:00,-29108125.995171458,18,-314.5280754715204,-73.91082348215622,108.75914276831378,980.0851856333558
2024-10-28 00:00:00+00:00,-29108303.264203876,18,-1833.4336685240269,-430.8259332577535,94.82234591806491,670.4406146748806
2024-10-28 03:00:00+00:00,-29108584.35358859,18,-2576.2616814672947,-605.430633802811,127.53278981169326,668.5333289973161
2024-10-28 06:00:00+00:00,-29108947.329624243,17,-1537.3469596952202,-361.31264902373067,137.63093207327864,696.2980287917112
2024-10-28 09:00:00+00:00,-29108968.690328512,15,-718.6579133868217,-168.8719782499565,118.47920314995316,711.8011119992954
2024-10-28 12:00:00+00:00,-29109126.99410259,18,-2420.953544139862,-568.9175475281368,112.80083322766346,642.5714994513489
2024-10-28 15:00:00+00:00,-29109573.928714547,18,-2789.245296627283,-655.3712746723293,108.48415398181113,635.0534187521896
2024-10-28 18:00:00+00:00,-29109824.305426747,14,-850.9997855871916,-200.0569305830832,111.7218636388939,586.2872626432506
2024-10-28 21:00:00+00:00,-29109786.678660944,18,-757.6836118102074,-178.04730083242043,98.56208947134765,536.699672092036
2024-10-29 00:00:00+00:00,-29110013.7263297,18,-3102.4321839809418,-729.1042002044799,74.30433238737555,633.3776605600845
2024-10-29 03:00:00+00:00,-29110562.28670694,18,-2358.145541638136,-554.1587257871207,123.92928760013675,793.0499826013986
2024-10-29 06:00:00+00:00,-29110603.26271511,14,-410.6355032622814,-96.47311458934887,183.81208711608528,825.0032529548779
2024-10-29 09:00:00+00:00,-29110664.945582755,13,-1627.193585008383,-382.0883193400127,164.86639935582912,851.1147273588655
2024-10-29 12:00:00+00:00,-29111010.06111136,18,-2913.531452551484,-684.5195371648884,107.18154727132804,875.7015183688766
2024-10-29 15:00:00+00:00,-29111393.328445893,18,-2958.215569123626,-695.0859059106923,144.03955079436176,779.8984153761792
2024-10-29 18:00:00+00:00,-29111749.61500364,15,-794.6539638042451,-186.79614498094804,162.87176571974126,850.0165265040458
2024-10-29 21:00:00+00:00,-29111591.991936844,18,-321.23409958183765,-75.48281016079257,156.23896365850513,771.4869964953552
2024-10-30 00:00:00+00:00,-29111829.923528537,18,-2506.256886795163,-588.8304556745287,103.30682233726259,755.4219329739678
2024-10-30 03:00:00+00:00,-29112218.556158543,18,-1566.6938516497614,-368.044343686362,106.09325985211875,706.8732629499887
2024-10-30 06:00:00+00:00,-29112221.59699145,14,-1118.4232385009527,-262.69600559875147,143.37734680093297,627.8790344581669
2024-10-30 09:00:00+00:00,-29112498.161968168,14,-2585.046315908432,-607.196184943357,115.68805181806073,696.7104801051162
2024-10-30 12:00:00+00:00,-29112867.858570427,18,-3062.773779645562,-719.6498013420016,98.89782476042555,692.1156430710272
2024-10-30 15:00:00+00:00,-29113263.85541308,18,-2850.7153183072805,-669.7677682402507,128.66731763745616,737.9237317293426
2024-10-30 18:00:00+00:00,-29113580.537400004,15,-566.2351307868958,-133.0764535943121,155.7319327345586,752.1147500522836
2024-10-30 21:00:00+00:00,-29113405.414195776,18,-142.3268733471632,-33.432325737660584,137.11130040908387,778.3210670214564
2024-10-31 00:00:00+00:00,-29113616.11911834,18,-2414.410103753209,-567.1686443095022,116.65781301459226,773.6313361641163
2024-10-31 03:00:00+00:00,-29114009.016721714,18,-2434.591252282262,-571.9674615427547,136.40777678919991,703.5475541773012
2024-10-31 06:00:00+00:00,-29114224.76693141,11,-3046.323431953788,-715.5224157086542,131.63264118164741,1414.1771134590704
2024-10-31 09:00:00+00:00,-29114770.597579703,9,-861.016880646348,-202.24600270941207,326.16939647350745,1172.2269135996555
2024-10-31 12:00:00+00:00,-29114440.021151572,12,-1029.281702697277,-241.81277238973587,261.8302767748691,1395.3004317393586
2024-10-31 15:00:00+00:00,-29115027.918005377,17,-2968.8601226210594,-697.3732477280538,123.66277018513063,1172.3678524485256
2024-10-31 18:00:00+00:00,-29115182.236182228,17,-162.94421821832657,-38.274663952550206,131.7110663722621,696.9218783331347
2024-10-31 21:00:00+00:00,-29115068.65405993,18,-902.4758997857572,-212.00945228781484,122.73457459636671,633.140780720755
2024-11-01 00:00:00+00:00,-29115407.855157174,18,-3200.0612251013517,-751.7752834829944,87.78609233991456,724.3872659566022
2024-11-01 03:00:00+00:00,-29115868.669366207,18,-2667.867847442627,-626.6765727021436,133.16261164889326,722.0668909855779
2024-11-01 06:00:00+00:00,-29116074.822119035,17,-457.2721311599016,-107.38394395960363,157.7336019457701,711.7394692131949
2024-11-01 09:00:00+00:00,-29115982.987398997,17,-955.4415646344424,-224.3811874827392,118.01921818538092,783.9979953901363
2024-11-01 12:00:00+00:00,-29116313.682510193,18,-2874.625375971198,-675.1729011378708,116.34394855641553,727.0202559423283
2024-11-01 15:00:00+00:00,-29116701.64374299,18,-2284.9914866387844,-536.735194716302,138.22578422029116,788.9962229850994
2024-11-01 18:00:00+00:00,-29116884.930381853,15,-767.3404158502817,-180.32130507632803,159.28363264032865,649.7397597396442
2024-11-01 21:00:00+00:00,-29116893.478846952,18,-711.0638639032841,-167.01328051828395,85.31554540846395,732.6340307779486
2024-11-02 00:00:00+00:00,-29117062.69634783,18,-1799.274149492383,-422.55383268322646,90.41992763640295,648.2669931280177
2024-11-02 03:00:00+00:00,-29117343.297384325,16,-2515.842710211873,-590.7149437973188,137.79291930414607,588.8994303377174
2024-11-02 06:00:00+00:00,-29117691.657025382,16,-1933.8384795635939,-454.04575740481664,116.18689847389487,817.6939960059888
2024-11-02 09:00:00+00:00,-29117826.757004216,15,-1548.9588032066822,-363.6805836946666,151.00357059902993,751.9839789913289
2024-11-02 12:00:00+00:00,-29118078.896726184,18,-3038.1267205178738,-713.595373045796,147.79410903092113,784.37708576207
2024-11-02 15:00:00+00:00,-29118586.288684346,18,-2888.2641015648846,-678.3008665523724,125.1034969860201,698.9883869187856
2024-11-02 18:00:00+00:00,-29118800.962751575,14,-1240.9764136075974,-291.4976598167373,93.23866768253434,663.9050588928266
2024-11-02 21:00:00+00:00,-29118896.532787748,18,-1232.7137341201305,-289.45705012190393,109.07444931484564,582.8070677162749
2024-11-03 00:00:00+00:00,-29119109.141185105,18,-2314.873468577862,-543.6127374054361,111.9622960421882,636.4894014517445
2024-11-03 03:00:00+00:00,-29119475.251154892,18,-3235.8157691210513,-759.9477738313918,115.85632003342835,908.1476828565292
2024-11-03 06:00:00+00:00,-29119918.095127385,15,-1400.1405185312033,-328.70116908832915,197.51001906818954,617.7126024821043
2024-11-03 09:00:00+00:00,-29119825.286284525,16,-344.3364420980215,-80.84860926147212,102.10468555550094,882.7243773361799
2024-11-03 12:00:00+00:00,-29120004.17923791,18,-2296.952551946044,-539.3147854163809,98.43748150046854,640.8922257599131
2024-11-03 15:00:00+00:00,-29120399.52442251,16,-2635.3689068108797,-618.8873376704494,123.4749407879216,688.3851773717399
2024-11-03 18:00:00+00:00,-29120663.021464612,16,-1408.4788751155136,-330.7651548386104,141.16372325216926,682.1375643001835
2024-11-03 21:00:00+00:00,-29120751.64414129,18,-1389.7142406255007,-326.35498973046674,117.62617708977852,735.6653323625595
2024-11-04 00:00:00+00:00,-29121010.45002477,18,-2390.720361545682,-561.4125854904212,117.8898673130654,676.5171133075149
2024-11-04 03:00:00+00:00,-29121349.324231677,18,-1635.5949435383081,-384.0329799602305,121.5269322027627,667.3200998090678
2024-11-04 06:00:00+00:00,-29121419.348760653,16,-655.1482365876436,-153.77133235179411,118.04336665176,628.7299157042037
2024-11-04 09:00:00+00:00,-29121513.111290824,10,-1652.915540203452,-388.0024798361901,99.68719291224706,683.8492028434588
2024-11-04 12:00:00+00:00,-29121832.577645704,15,-2970.573102891445,-697.3550489898579,123.668394725048,711.640377065554
2024-11-04 15:00:00+00:00,-29122255.754566547,18,-2650.369008988142,-622.3395382873381,147.3582885729598,791.081854606659
2024-11-04 18:00:00+00:00,-29122495.16989795,14,-591.1768522113562,-138.87675484011353,154.3349747760506,685.3842737298444
2024-11-04 21:00:00+00:00,-29122403.5487796,17,-682.0099547207355,-160.0951753758808,87.43574758707082,742.5933936759111
2024-11-05 00:00:00+00:00,-29122665.67238663,18,-2657.0389136224985,-623.7421596525577,103.17957565124017,622.2705835868409
2024-11-05 03:00:00+00:00,-29123067.808508005,17,-1986.034422263503,-466.1422608490698,128.67121859116068,615.1994679334492
2024-11-05 06:00:00+00:00,-29123162.180992197,16,,,114.05426012442474,
2024-11-05 12:00:00+00:00,-29123569.087757207,9,,,175.51074585206734,
2024-11-05 15:00:00+00:00,-29123876.914396666,18,-2626.648089170456,-616.6108805984709,131.34852350572604,764.9852454884673
2024-11-05 18:00:00+00:00,-29124225.7497795,16,-935.8894922286273,-219.73466560493716,75.96795182109157,692.1934331287154
2024-11-05 21:00:00+00:00,-29124110.886769723,18,-448.9894859343767,-105.39330320653164,112.66454489777635,539.3945707292511
2024-11-06 00:00:00+00:00,-29124337.997150984,18,-2548.821899011731,-598.3600359928851,111.41376364422118,802.6112990543892
2024-11-06 03:00:00+00:00,-29124748.092244476,17,-2472.192452535033,-580.4638672379035,166.0369127892585,719.1028541776276
2024-11-06 06:00:00+00:00,-29124956.045264117,17,-1677.9812238961458,-393.9253994688735,141.08961850905357,868.9885098336317
2024-11-06 09:00:00+00:00,-29125167.58755045,14,-1082.5674200356007,-254.10276046610352,140.10017123594784,724.0219854073547
2024-11-06 12:00:00+00:00,-29125226.687119126,18,-2826.309547737241,-663.3590110241553,113.38742989655073,923.4733300759922
2024-11-06 15:00:00+00:00,-29125874.164937384,17,-2941.1869372427464,-690.4237727795153,183.4996702442834,634.5381040306465
2024-11-06 18:00:00+00:00,-29125961.983853437,16,-148.23363243043423,-34.80520550931961,110.94234350837495,929.0386265689037
2024-11-06 21:00:00+00:00,-29125911.223345492,18,-769.9815485924482,-180.75720059757938,142.38124568848224,567.6725802624372
2024-11-07 00:00:00+00:00,-29126154.479240585,18,-2225.266904398799,-522.3625962736045,88.50173058044153,741.6272466915997
2024-11-07 03:00:00+00:00,-29126467.54007159,18,-1601.183041483164,-375.80920433886456,118.75717532387773,652.2734448537052
2024-11-07 06:00:00+00:00,-29126554.775000956,13,-2181.3498837798834,-511.8797612133689,136.96252813488593,1286.1986327438635
2024-11-07 09:00:00+00:00,-29127012.877542537,5,-1599.8259738534691,-375.49146274741827,298.81585632058625,719.7147491840273
2024-11-07 12:00:00+00:00,-29126954.73149442,18,-1667.6893206983805,-391.43998578380257,116.68589631555643,1312.893627972425
2024-11-07 15:00:00+00:00,-29127429.79987271,18,-1437.3847473710778,-337.39813035462987,135.79281611910486,1209.1032007925996
2024-11-07 18:00:00+00:00,-29127314.077681262,12,-121.90158073604105,-28.61931054452499,278.8459448987327,708.8147311649182
2024-11-07 21:00:00+00:00,-29127460.275267895,16,-1687.779249832034,-396.2099593048596,113.8483916672417,1200.4341663402836
2024-11-08 00:00:00+00:00,-29127736.02249372,18,-2509.289888098836,-588.8492101353114,110.95078073565396,628.304592971449
2024-11-08 03:00:00+00:00,-29128087.59773992,18,-2406.4996178746223,-564.7405242144787,108.21949945178993,699.906763441977
2024-11-08 06:00:00+00:00,-29128337.64739819,18,-1752.7112338840961,-411.35850909927825,135.30250034141204,795.9681308253305
2024-11-08 09:00:00+00:00,-29128525.77554839,14,-984.9241421967745,-231.15021432696852,166.9921226255963,753.9288265724326
2024-11-08 12:00:00+00:00,-29128583.878433738,18,-1912.4297119379044,-448.8485610661932,131.2203323514215,850.2034888111101
2024-11-08 15:00:00+00:00,-29129003.882976376,18,-3168.9315559715037,-743.6353384887076,131.4971644377143,663.4012621645592
2024-11-08 18:00:00+00:00,-29129376.11132273,16,-525.2811785191298,-123.28052220456425,101.42756796196053,808.3596312660517
2024-11-08 21:00:00+00:00,-29129135.203271005,18,-932.3518299013376,-218.7830484732708,153.4562692956121,619.4924621820209
2024-11-09 00:00:00+00:00,-29129609.199280206,18,-3428.9488974809647,-804.7013131207873,117.03901219718699,824.144598925623
2024-11-09 03:00:00+00:00,-29129992.440495376,18,-3037.5517411828037,-712.8810498732818,137.48479337735802,589.4283322463413
2024-11-09 06:00:00+00:00,-29130368.5872155,16,-1715.5650638788939,-402.53883809332706,89.53200295048508,725.0126652652682
2024-11-09 09:00:00+00:00,-29130421.331761345,15,-1203.7187909930944,-282.3899404861943,118.11283541459694,630.3128525703441
2024-11-09 12:00:00+00:00,-29130669.51691325,18,-3074.979915037751,-721.4526782234725,129.6723320715896,682.2323485483535
2024-11-09 15:00:00+00:00,-29131190.076740105,16,-3870.404106348753,-908.3173544184253,123.04234717440562,732.173173865009
2024-11-09 18:00:00+00:00,-29131637.117939837,14,-1497.9013491272929,-351.48173788328387,129.1895258064211,653.8592609159554
2024-11-09 21:00:00+00:00,-29131564.552077387,18,-940.025704741478,-220.59051642234402,107.6165722352301,652.5614430342245
2024-11-10 00:00:00+00:00,-29131872.124366023,18,-3502.114455714822,-821.7597310286898,99.62350992784728,728.4163374776701
2024-11-10 03:00:00+00:00,-29132440.080691315,18,-1910.8607043921947,-448.3037159460505,146.9032706387555,605.4551489736706
2024-11-10 06:00:00+00:00,-29132349.83954212,17,-508.1443907767534,-119.18716293284118,113.95680040404223,786.0469356506561
2024-11-10 09:00:00+00:00,-29132567.11678901,12,-1524.2166873514652,-357.5991245818279,130.52314216643052,635.7818933896473
2024-11-10 12:00:00+00:00,-29132730.89371396,18,-2508.267337039113,-588.511878671808,110.80393106431777,685.5416376674851
2024-11-10 15:00:00+00:00,-29133194.18362327,18,-2614.287723764777,-613.410126835695,111.07055379348013,767.8454878106891
2024-11-10 18:00:00+00:00,-29133384.4656449,16,-727.9154987037183,-170.81928892289972,156.75349177178194,513.8014120546544
2024-11-10 21:00:00+00:00,-29133376.162497945,18,-664.2819450050592,-155.83623783554674,64.51996023979275,736.8436002195098
2024-11-11 00:00:00+00:00,-29133550.53613115,18,-2273.223641514778,-533.2392987212976,96.75742098868663,576.1513350116335
2024-11-11 03:00:00+00:00,-29133944.468408324,18,-2053.131062850356,-481.62327128073747,128.77916090302045,673.975869693383
2024-11-11 06:00:00+00:00,-29134063.818896864,16,-1169.335989460349,-274.27729167100404,137.94280895239723,697.4365416436353
2024-11-11 09:00:00+00:00,-29134236.80240569,12,-662.1609675884247,-155.40021714107684,117.54588813886092,696.1624494090901
2024-11-11 12:00:00+00:00,-29134229.35913876,18,-1573.7776230424643,-369.22221738362435,106.12217584593914,649.4689425474365
2024-11-11 15:00:00+00:00,-29134630.24681145,18,-2687.6374168545008,-630.4481438283464,112.00930046206757,666.0022198227546
2024-11-11 18:00:00+00:00,-29134901.268492974,14,83.5185364484787,19.59758740735855,128.29855258059564,577.0986905311746
2024-11-11 21:00:00+00:00,-29134609.367177337,18,63.237820744514465,14.833646396862123,90.93457963447152,673.9621870364005
2024-11-12 00:00:00+00:00,-29134885.45903779,18,-2109.2007441073656,-494.8046163972618,109.21788201986263,531.4999807860098
2024-11-12 03:00:00+00:00,-29135136.667363364,18,-1054.791204214096,-247.46048486762092,96.88481085893962,605.8447247894323
2024-11-12 06:00:00+00:00,-29135149.15683884,14,-206.18757845461369,-48.349740160612214,104.93780851911433,599.8119082578602
2024-11-12 09:00:00+00:00,-29135188.214257978,16,-816.5227403789758,-191.5235038380489,114.45186217499248,729.1087255936083
2024-11-12 12:00:00+00:00,-29135353.287523936,17,-2153.201353877783,-504.99842900339775,149.04035427276622,656.4169062131581
2024-11-12 15:00:00+00:00,-29135726.514596447,17,-1857.1531574130058,-435.66219636241937,117.60513771655513,778.8424116598566
2024-11-12 18:00:00+00:00,-29135817.57581329,17,-133.21892979741096,-31.253720851698944,125.29641529492048,593.820452428551
2024-11-12 21:00:00+00:00,-29135759.819328897,18,-23.695169180631638,-5.558797309627148,90.59774936676496,655.8575340689133
2024-11-13 00:00:00+00:00,-29135823.499605585,18,-1765.8669753819704,-414.24452751429897,105.75976255848703,608.806451303195
2024-11-13 03:00:00+00:00,-29136201.286072742,18,-1372.1955903470516,-321.84755093007897,122.30036286312149,607.9522599871217
2024-11-13 06:00:00+00:00,-29136166.54850317,17,246.0181228518486,57.68937317997523,109.15697194883155,611.2642990997066
2024-11-13 09:00:00+00:00,-29136139.78154203,16,-772.9050627350808,-181.26492741214926,91.62627326899631,621.3130439273468
2024-11-13 12:00:00+00:00,-29136359.774768855,18,-2061.959701627493,-483.6704678798661,110.50621762870891,605.4980402104924
2024-11-13 15:00:00+00:00,-29136655.271467436,18,-2435.205092802644,-571.2540055137717,120.49426683667113,860.8164881514327
2024-11-13 18:00:00+00:00,-29136968.576042056,12,31.48363952338696,7.3866615942445035,184.66507522398973,635.9997633697371
2024-11-13 21:00:00+00:00,-29136647.400557555,18,43.05958528816699,10.098518115775846,103.74060365831066,835.0012208723474
2024-11-14 00:00:00+00:00,-29136957.811145734,18,-2134.669973641634,-500.65809656054853,97.34217955831188,603.9242890409315
2024-11-14 03:00:00+00:00,-29137181.068050966,18,-1729.340640440583,-405.63705424411853,109.69581274350887,620.5871912791577
2024-11-14 06:00:00+00:00,-29137390.146305844,16,-386.38097007572645,-90.61402834438121,120.80988764406652,645.6479207404134
2024-11-14 09:00:00+00:00,-29137277.663293485,11,329.6340333223343,77.32460719401065,118.4088510788667,662.0881287397415
2024-11-14 12:00:00+00:00,-29137307.737797514,18,-1469.2846685945988,-344.58465910005935,113.1481956818526,690.134515206609
2024-11-14 15:00:00+00:00,-29137644.984460633,18,-2515.318251311779,-589.8624246266295,125.48783627766115,679.810828825333
2024-11-14 18:00:00+00:00,-29137936.56736034,14,-453.0510576218366,-106.29606940779996,126.81249347246047,644.9297753729247
2024-11-14 21:00:00+00:00,-29137758.24722504,18,-334.9140138179064,-78.55460210618395,101.23588244299353,668.3141690471632
2024-11-15 00:00:00+00:00,-29138020.295863796,18,-2153.4184280633926,-505.1051977580914,108.78341226318554,656.2646507517454
2024-11-15 03:00:00+00:00,-29138296.601832055,18,-768.3414078354836,-180.20625284624262,129.1084886641184,644.8145284560693
2024-11-15 06:00:00+00:00,-29138212.381215755,13,-364.81264346838,-85.54265942316279,118.96545810918921,699.7553362872085
2024-11-15 09:00:00+00:00,-29138387.80499292,16,-1234.41174338758,-289.4452813948219,118.0448805381611,637.8617888168593
2024-11-15 12:00:00+00:00,-29138520.9841516,18,-1357.1838122308252,-318.27219546053396,106.19062401601649,684.8971606009508
2024-11-15 15:00:00+00:00,-29138727.10094598,18,-2007.5060153752565,-470.8299250269195,124.02888258862954,703.592458219569
2024-11-15 18:00:00+00:00,-29139022.860655446,15,-754.9789343476295,-177.10251947901418,140.2273085923531,618.448590485081
2024-11-15 21:00:00+00:00,-29138915.845679566,16,-22.09519638121128,-5.183024010503478,92.31333855883132,650.3666704714914
2024-11-16 00:00:00+00:00,-29139028.38445454,18,-2231.7445950359106,-523.3440708270974,82.29430298450687,606.6267206143083
2024-11-16 03:00:00+00:00,-29139473.781828325,18,-1519.0632029771805,-356.1878101339808,120.32454512412241,637.520370189187
2024-11-16 06:00:00+00:00,-29139408.150255285,16,-96.4491491764784,-22.61157728166831,136.49051833984316,677.8172640655848
2024-11-16 09:00:00+00:00,-29139497.89411562,13,-603.9889594912529,-141.65760067205534,119.31793267257736,731.3433048376091
2024-11-16 12:00:00+00:00,-29139559.147495158,18,-1270.5764195173979,-297.99434850784525,121.65228213640586,676.9730451465598
2024-11-16 15:00:00+00:00,-29139815.5382205,18,-1351.1175080537796,-316.8603267198814,120.02713207304495,684.8906193669915
2024-11-16 18:00:00+00:00,-29139896.92687217,16,-70.65181151032448,-16.571107991098902,120.4903306579438,588.4776550518687
2024-11-16 21:00:00+00:00,-29139833.201173376,18,-875.7746153473854,-205.34556839449814,85.07414103168462,591.9068276930421
2024-11-17 00:00:00+00:00,-29140115.87052601,18,-1571.1231299191713,-368.39859207973876,85.9021886204997,585.1207936125252
2024-11-17 03:00:00+00:00,-29140225.981955856,18,171.65268550813198,40.25390188083205,118.9970040487595,987.6379154782699
2024-11-17 06:00:00+00:00,-29140072.95735463,17,-451.87373618781567,-105.96849920738588,231.48456697121188,612.3053114260205
2024-11-17 09:00:00+00:00,-29140338.950389903,15,-1311.881285622716,-307.6395663227064,96.29161530191377,1070.9220868781174
2024-11-17 12:00:00+00:00,-29140400.927676037,18,-1741.1785024553537,-408.2731994618951,134.5159006004936,722.8021940000204
2024-11-17 15:00:00+00:00,-29140774.245015517,18,-1594.9373732060194,-373.9456649205124,152.90720405118572,810.0557666482013
2024-11-17 18:00:00+00:00,-29140799.66201934,15,408.6534884274006,95.82088312029572,151.38483759326243,820.0026900279261
2024-11-17 21:00:00+00:00,-29140672.08164341,18,-282.0566978007555,-66.14206536145419,136.54546011334008,758.2799465464759
2024-11-18 00:00:00+00:00,-29140870.17619379,18,-2029.9927135109901,-476.06033324947737,114.10263266143103,780.3177243512904
2024-11-18 03:00:00+00:00,-29141179.579821788,18,-1159.6477016061544,-271.93527620800177,139.32451957923544,659.199155380885
2024-11-18 06:00:00+00:00,-29141160.08811919,17,322.20727825164795,75.54468793511722,118.90988025879115,685.2284872773675
2024-11-18 09:00:00+00:00,-29141099.028002225,13,-648.4833272397518,-152.03853372205464,99.6735081656208,589.3345053846747
2024-11-18 12:00:00+00:00,-29141322.208951,7,,,86.99217107965751,
2024-11-19 09:00:00+00:00,-29141989.83839477,13,,,116.93427126360761,
2024-11-19 12:00:00+00:00,-29142219.341286764,18,-2158.1152630895376,-506.058397282528,103.2051361787122,703.5698873065763
2024-11-19 15:00:00+00:00,-29142529.36721054,18,-2186.861876413226,-512.7738912341661,131.39458835635438,684.9546406211285
2024-11-19 18:00:00+00:00,-29142766.056755867,15,-606.7656511813402,-142.26372313036683,136.64325302813043,638.7836450635147
2024-11-19 21:00:00+00:00,-29142681.058623336,18,-132.133693292737,-30.975910680189696,90.76478516309929,631.1396031152766
2024-11-20 00:00:00+00:00,-29142799.09017919,18,-1631.7709681540725,-382.53935405248876,78.89674464559438,556.5407342933083
2024-11-20 03:00:00+00:00,-29143089.001365375,18,-2265.564430952072,-531.1709935093943,105.45308474520724,535.1114971826281
2024-11-20 06:00:00+00:00,-29143365.481286928,18,-923.5035436749457,-216.5356613922887,108.0362130741007,649.5675991896819
2024-11-20 09:00:00+00:00,-29143319.877251294,17,-17.429320007562637,-4.086459122543217,123.49403239645062,601.5473177884196
2024-11-20 12:00:00+00:00,-29143369.83861693,18,-1878.8660901933908,-440.48296524191204,104.61536758889741,701.4253733721964
2024-11-20 15:00:00+00:00,-29143789.59377384,18,-1399.3962253630161,-328.0343115167542,124.49526542447195,684.2567773880487
2024-11-20 18:00:00+00:00,-29143719.68767327,15,383.23837703466415,89.87253622585183,135.34616157036825,608.4542649295145
2024-11-20 21:00:00+00:00,-29143693.784179583,18,-791.750961959362,-185.6199895446457,87.40403834390327,650.9435205348506
2024-11-21 00:00:00+00:00,-29143917.62541376,18,-2062.0769099891186,-483.4785668276822,90.35697665959094,562.0912440316388
2024-11-21 03:00:00+00:00,-29144209.30340708,18,-1148.827342838049,-269.34839836675496,110.03269738919515,638.5800742046088
2024-11-21 06:00:00+00:00,-29144204.83224947,17,-375.760233014822,-88.08164375323337,131.6136342372471,571.9188883845103
2024-11-21 09:00:00+00:00,-29144303.243465334,17,-657.9309013336897,-154.21957434469763,91.3017329295763,628.6221080885957
2024-11-21 12:00:00+00:00,-29144369.314974803,18,-1767.9190530180929,-414.4072434740355,85.8819594354572,624.4022116753839
2024-11-21 15:00:00+00:00,-29144745.22322859,16,-2150.1862014234066,-504.18420132665096,126.61507092611745,589.429386666348
2024-11-21 18:00:00+00:00,-29144906.86152516,16,-161.62137253582478,-37.89764782691663,119.7433783561462,601.9162798039495
2024-11-21 21:00:00+00:00,-29144785.628571723,16,-324.04424622654915,-75.97677710416173,81.31773673491162,601.6680843905119
2024-11-22 00:00:00+00:00,-29144987.872586716,18,-2312.6413039267063,-542.1291356662582,91.03188219377361,546.8718460513657
2024-11-22 03:00:00+00:00,-29145363.788897704,18,-2054.712602481246,-481.6007761076861,109.90553531346086,575.8263803261696
2024-11-22 06:00:00+00:00,-29145501.550737336,17,-115.39308467507361,-27.04283116317271,111.51994302244812,630.9183177301688
2024-11-22 09:00:00+00:00,-29145392.637168873,17,-318.9098703712225,-74.75146242154285,113.13440473802939,562.3624490327661
2024-11-22 12:00:00+00:00,-29145581.27820493,18,-2298.0051644295454,-538.7272142338918,85.60971068402858,599.8204109410985
2024-11-22 15:00:00+00:00,-29145967.13845998,18,-2475.266589432955,-580.2748713900972,98.42326605492487,546.5251173220628
2024-11-22 18:00:00+00:00,-29146200.094852287,15,-365.1538371741771,-85.61245010202516,106.48513477518975,515.9660399729892
2024-11-22 21:00:00+00:00,-29146058.426919274,18,-44.69877791404724,-10.476459825287789,83.37667749088763,562.4882825747122
2024-11-23 00:00:00+00:00,-29146211.269546766,18,-2025.3093029260638,-474.6758495673453,91.84488458278587,582.0732848047626
2024-11-23 03:00:00+00:00,-29146564.754245006,18,-2130.1044377684593,-499.27091624707515,119.26404091675495,613.0797205591567
2024-11-23 06:00:00+00:00,-29146743.795656208,18,-910.1172463446856,-213.3423747949346,122.70366197074397,660.1682846070898
2024-11-23 09:00:00+00:00,-29146792.28355659,15,-456.1137371361256,-106.92121782866232,114.08318804395904,633.8990496697323
2024-11-23 12:00:00+00:00,-29146857.824090492,18,-1653.6256099641323,-387.6022736167271,100.2898881355008,593.2399437296001
2024-11-23 15:00:00+00:00,-29147205.689959083,18,-1730.0199056416752,-405.45171956071965,94.7674951288435,568.9150404234792
2024-11-23 18:00:00+00:00,-29147290.329066902,16,-611.5980866700411,-143.3491350543921,100.85117024121136,520.9709391542956
2024-11-23 21:00:00+00:00,-29147358.58948075,18,-859.5022686719894,-201.4437435297076,89.34367259191565,542.2468504387853
2024-11-24 00:00:00+00:00,-29147505.20463407,18,-2481.3678721636534,-581.6264908993054,90.58708178682049,580.2225740475916
2024-11-24 03:00:00+00:00,-29147978.93144879,18,-1857.4885568916798,-435.39267559709754,114.2753161554996,604.120359848141
2024-11-24 06:00:00+00:00,-29147969.576773293,15,221.57389491796496,51.921465386463446,120.84729491092615,610.1385024898431
2024-11-24 09:00:00+00:00,-29147923.53797506,16,-526.3808146417141,-123.36510305964119,101.03447001565793,643.134355504722
2024-11-24 12:00:00+00:00,-29148101.171976954,18,-2442.4594851732254,-572.3664259392815,106.05325909474104,618.4154117459236
2024-11-24 15:00:00+00:00,-29148534.152846355,17,-2103.0262587070465,-492.9124295454788,117.02302000657878,731.6427032398742
2024-11-24 18:00:00+00:00,-29148626.92854163,16,-571.3635937571526,-133.92707113663127,149.0269155577044,579.420349948886
2024-11-24 21:00:00+00:00,-29148676.993744794,18,-918.5726415812968,-215.3024108020465,85.3733515768853,720.018278937245
2024-11-25 00:00:00+00:00,-29148856.571702026,18,-1953.231823310256,-457.77789505647974,100.95852398183801,541.0032131251046
2024-11-25 03:00:00+00:00,-29149165.30170062,18,-1556.8469877392054,-364.8255483376939,104.90076562523267,671.2210091077326
2024-11-25 06:00:00+00:00,-29149245.78344896,13,-1699.2781938016415,-398.17165123024716,134.03723037698822,680.780583132694
2024-11-25 09:00:00+00:00,-29149590.121249072,5,-1214.6909453570843,-284.64736434939925,134.0231958259304,657.2760598980724
2024-11-25 12:00:00+00:00,-29149549.4561853,18,-1736.732796639204,-407.01913392131223,95.05135220007175,622.0921531314293
2024-11-25 15:00:00+00:00,-29150024.304448232,17,-2109.0142268538475,-494.3644853576588,78.89992659904964,681.6583935959853
2024-11-25 18:00:00+00:00,-29150076.709742013,16,-200.68834318220615,-47.04113629420345,141.44389627138077,524.6621977077515
2024-11-25 21:00:00+00:00,-29150074.476534028,18,-977.7842376381158,-229.11919385009566,104.78169181271632,637.4942010189586
2024-11-26 00:00:00+00:00,-29150321.155801423,18,-2195.000071078539,-514.2983086662546,73.44081105469152,573.0642154763358
2024-11-26 03:00:00+00:00,-29150623.226551797,18,-2401.3241522610188,-562.6552260542634,97.70342497622178,636.5333020916253
2024-11-26 06:00:00+00:00,-29150921.48683949,17,-1033.9307571053505,-242.2730704111144,141.17316516820173,556.789210969323
2024-11-26 09:00:00+00:00,-29150881.709241074,14,-387.4169002175331,-90.78371750225816,99.146002635789,760.1015345151762
2024-11-26 12:00:00+00:00,-29151018.341064543,18,-1683.555558100343,-394.5256889435051,127.19977932237927,586.7985697448205
2024-11-26 15:00:00+00:00,-29151302.5981306,18,-1527.1284052431583,-357.8194243085134,108.1242583893853,630.7855724996678
2024-11-26 18:00:00+00:00,-29151400.123165853,15,-189.97144724428654,-44.51491878890747,93.2114185330658,574.3315983262221
2024-11-26 21:00:00+00:00,-29151350.09099241,18,-1141.4174931198359,-267.4294663794591,94.47324383121655,506.67845283512804
2024-11-27 00:00:00+00:00,-29151685.477539133,18,-2725.3894253373146,-638.6064680516483,85.77192061226145,570.358046627638
2024-11-27 03:00:00+00:00,-29152031.438348744,18,-2251.4112886935472,-527.5786984924039,106.80156850235596,825.3534268068719
2024-11-27 06:00:00+00:00,-29152248.330361307,17,132.47464899718761,31.041305073860777,187.66644633724306,699.015423607172
2024-11-27 09:00:00+00:00,-29151998.319686495,11,-356.5616210401058,-83.52509198133983,138.3196844920534,856.7013704825283
2024-11-27 12:00:00+00:00,-29152337.470766567,17,-2856.161184489727,-669.2278764387811,103.210378866739,665.5730510789404
2024-11-27 15:00:00+00:00,-29152712.359982617,16,-2475.458154976368,-580.0451548637112,92.48990635294703,553.9077599989203
2024-11-27 18:00:00+00:00,-29152956.33530531,14,-595.1495921164751,-139.48914565227716,92.32269821594814,519.8250201003816
2024-11-27 21:00:00+00:00,-29152861.147380646,18,-570.3236090540886,-133.6367994800945,91.29208861106596,570.997485410994
2024-11-28 00:00:00+00:00,-29153098.916207574,18,-1957.560182288289,-458.6808387404755,108.87562819902286,645.3334939610804
2024-11-28 03:00:00+00:00,-29153350.53742622,18,-1771.2699668109417,-414.98033867027664,133.0195923869122,654.3130165603603
2024-11-28 06:00:00+00:00,-29153541.733699277,18,-977.2932084798813,-228.9373834765471,122.08170547542343,716.4220291628376
2024-11-28 09:00:00+00:00,-29153594.86072834,15,-1054.9541500657797,-247.05754588401646,119.93569436611473,631.2011097093197
2024-11-28 12:00:00+00:00,-29153805.472236793,18,-2649.5158548355103,-620.7150197018921,99.98492258512906,608.7340664475327
2024-11-28 15:00:00+00:00,-29154257.239692047,18,-2278.9022473990917,-533.9300794561536,93.67631475072679,653.2863077770955
2024-11-28 18:00:00+00:00,-29154375.197798643,13,23.081627726554867,5.410241062253414,129.1392765629811,489.1288729232896
2024-11-28 21:00:00+00:00,-29154251.469285116,18,-161.08956722915173,-37.739100185673706,78.59827574554825,652.6743390081875
2024-11-29 00:00:00+00:00,-29154415.47019045,18,-2387.5923490673304,-559.2826443979208,99.73481989142898,515.8356616995417
2024-11-29 03:00:00+00:00,-29154848.367372382,18,-2457.409802764654,-575.6062216539701,102.23850995290138,589.7998441115225
2024-11-29 06:00:00+00:00,-29155029.82264114,18,-1130.320303529501,-264.77790245069315,108.60228684676828,542.4008428670398
2024-11-29 09:00:00+00:00,-29155130.947448265,15,-1243.9559018462896,-291.3556436425849,89.0769567791816,584.2735714609202
2024-11-29 12:00:00+00:00,-29155340.811616603,18,-1863.759813517332,-436.64154836501604,97.68069761157243,573.5177470180413
2024-11-29 15:00:00+00:00,-29155596.887401644,18,-2109.418941810727,-494.1463153730593,112.35194103797423,589.973192230785
2024-11-29 18:00:00+00:00,-29155868.166352056,14,-774.9266055077314,-181.5895160359167,110.51133103013905,614.1035863495639
2024-11-29 21:00:00+00:00,-29155790.61905302,18,-708.286636903882,-165.89256148645552,104.62906989915295,598.2222584809296
2024-11-30 00:00:00+00:00,-29156045.238011282,18,-2602.127497687936,-609.4952306065306,100.76761693532072,672.4531765338788
2024-11-30 03:00:00+00:00,-29156441.150927443,18,-3327.7395968288183,-779.5254532937082,131.58585560934986,1013.7268142192212
2024-11-30 06:00:00+00:00,-29156877.17291049,16,-646.2970028966665,-151.36001005254852,232.53712766753438,617.0048065924433
2024-11-30 09:00:00+00:00,-29156602.725178167,15,500.484091848135,117.20580246654005,80.48972489356312,1236.17571368841
2024-11-30 12:00:00+00:00,-29156752.051887527,6,,,203.55498999213566,
