datetime,irr_256,irr_284,irr_304,irr_1175,irr_1216,irr_1335,irr_1405,MgII_Index,n_samples_irr_256,n_samples_irr_284,n_samples_irr_304,n_samples_irr_1175,n_samples_irr_1216,n_samples_irr_1335,n_samples_irr_1405,n_samples_MgII_Index
2024-04-01 00:00:00+00:00,,,,,,,,,0,0,0,0,0,0,0,0
2024-04-01 03:00:00+00:00,0.00012979108011235957,0.00010879745050561798,0.00046550215820224716,0.00010197200865730337,0.008216649536516855,0.00023744555314606742,0.00014919938825842696,0.3304524170786517,178,178,178,178,178,178,178,178
2024-04-01 06:00:00+00:00,0.00012879371493506494,0.0001079811064025974,0.00046400640844155845,0.00010122032375324676,0.008166402220779221,0.00023819927623376625,0.00015001665714285716,0.3305424976623377,77,77,77,77,77,77,77,77
2024-04-01 09:00:00+00:00,,,,,,,,,0,0,0,0,0,0,0,0
2024-04-01 12:00:00+00:00,,,,,,,,,0,0,0,0,0,0,0,0
2024-04-01 15:00:00+00:00,0.0001272536298888889,0.00010344510655,0.0004591835621666667,0.00010048798077222223,0.008150554705555556,0.00023608854833333332,0.00014996701883333334,0.33046031416666666,180,180,180,180,180,180,180,180
2024-04-01 18:00:00+00:00,0.00012704656882022472,0.00010152646978089886,0.0004586926920224719,9.901769521910112e-05,0.008145730216292136,0.00023619561786516853,0.00014775025797752808,0.3300664207303371,178,178,178,178,178,178,178,178
2024-04-01 21:00:00+00:00,0.00012560075966666667,9.978998536666667e-05,0.00045753532955555555,0.00010085309261666666,0.008144946030555555,0.0002360137011111111,0.00014709710600000001,0.3297998196111111,180,180,180,180,180,180,180,180
2024-04-02 00:00:00+00:00,0.00012535539394444446,9.962589345e-05,0.00045640725394444445,0.00010145679143333334,0.008130908052777778,0.00023605039327777777,0.00014833089711111113,0.32947288294444443,180,180,180,180,180,180,180,180
2024-04-02 03:00:00+00:00,0.00012466844577777776,9.777718351666668e-05,0.0004562687972777778,0.00010036699305555555,0.008125227819444445,0.00023516564411111112,0.00014882032783333332,0.3294346362777778,180,180,180,180,180,180,180,180
2024-04-02 06:00:00+00:00,0.0001245613085064935,9.698899196103896e-05,0.0004547963674675325,9.793976121428571e-05,0.008011700063636364,0.00023457696896103897,0.00014905707357142856,0.32939355454545455,154,154,154,154,154,154,154,154
2024-04-02 09:00:00+00:00,0.00012359526183206108,9.633472674045802e-05,0.00045392274541984737,9.800831070992367e-05,0.00797487060076336,0.0002320667869465649,0.0001478191703816794,0.329499642519084,131,131,131,131,131,131,131,131
2024-04-02 12:00:00+00:00,0.00012305726863333334,9.484714159444446e-05,0.00045425270888888893,0.00010118812602222222,0.00809328111111111,0.00023434500683333333,0.00014873428083333334,0.3300785861111111,180,180,180,180,180,180,180,180
2024-04-02 15:00:00+00:00,0.00012235188980555555,9.430782863888889e-05,0.00045499433799999997,0.00010207089739444444,0.008105616066666666,0.00023468159166666668,0.00014964205022222223,0.329726281,180,180,180,180,180,180,180,180
2024-04-02 18:00:00+00:00,0.00012169551619662922,9.360714628089887e-05,0.0004556030329775281,0.00010204820252247192,0.008120287536516854,0.0002353118697752809,0.00015001150646067415,0.32970287438202245,178,178,178,178,178,178,178,178
2024-04-02 21:00:00+00:00,0.00012146943359999999,9.29878926388889e-05,0.000455664237,0.00010032576071111111,0.008136810130555555,0.00023539519405555554,0.0001493283405,0.3295438921111111,180,180,180,180,180,180,180,180
2024-04-03 00:00:00+00:00,0.00012067234002777777,9.263363515000001e-05,0.0004555328852222222,0.00010049674836111111,0.008147494619444445,0.00023449130466666668,0.0001482335741111111,0.32989140322222227,180,180,180,180,180,180,180,180
2024-04-03 03:00:00+00:00,0.00012035625819444445,9.205064362777777e-05,0.00045363603588888886,0.0001003015046,0.008147869641666666,0.0002354839766111111,0.0001486012573888889,0.330339218,180,180,180,180,180,180,180,180
2024-04-03 06:00:00+00:00,0.00012039781609740261,9.10480822857143e-05,0.0004532685773376623,0.00010079652392207791,0.008064400785714286,0.00023578170266233764,0.0001472575540909091,0.33071030714285715,154,154,154,154,154,154,154,154
2024-04-03 09:00:00+00:00,0.00011975419033082707,9.029327810526317e-05,0.00045258244917293234,9.848348538345864e-05,0.008032841830827068,0.00023503734127819546,0.00014829125691729323,0.33093311488721805,133,133,133,133,133,133,133,133
2024-04-03 12:00:00+00:00,0.00011898018963888888,9.03776462611111e-05,0.0004561942226666666,9.940151627777779e-05,0.008161837338888889,0.00023454683833333334,0.00014878230205555556,0.331210692,180,180,180,180,180,180,180,180
2024-04-03 15:00:00+00:00,0.00011907769929444445,8.992626460555556e-05,0.0004555009468333333,0.0001005479431111111,0.008168670225,0.00023524581655555557,0.00014783259727777778,0.3312710992222222,180,180,180,180,180,180,180,180
2024-04-03 18:00:00+00:00,0.00011863054140000001,8.991775526428571e-05,0.0004563451765,9.941425080714286e-05,0.008194002325,0.00023596545092857145,0.00014936834335714286,0.3315863212857143,140,140,140,140,140,140,140,140
2024-04-03 21:00:00+00:00,0.0001179743054388889,9.015066496111111e-05,0.00045597214805555557,0.00010005434167222223,0.008193107863888889,0.00023628941344444444,0.0001497173298888889,0.3311813262777778,180,180,180,180,180,180,180,180
2024-04-04 00:00:00+00:00,0.00011768047398888888,9.043102888333334e-05,0.00045705870811111113,0.0001001392151,0.008200141372222223,0.0002358805391666667,0.00014948930511111112,0.33107305816666666,180,180,180,180,180,180,180,180
2024-04-04 03:00:00+00:00,0.00011782524956666667,8.977861138888888e-05,0.0004577077595,0.00010039706405,0.008190827166666666,0.00023571400533333334,0.00014973665022222223,0.3308971818888889,180,180,180,180,180,180,180,180
2024-04-04 06:00:00+00:00,0.0001181634536,8.98451344451613e-05,0.00045677150419354837,9.968804747741936e-05,0.008073345280645162,0.0002360303733548387,0.00014965575167741937,0.3311274061935484,155,155,155,155,155,155,155,155
2024-04-04 09:00:00+00:00,0.00011826943949253731,9.008919367910448e-05,0.00045834051470149253,0.00010085579775373134,0.008058209417910448,0.00023673845656716418,0.0001496210332835821,0.33136471582089555,134,134,134,134,134,134,134,134
2024-04-04 12:00:00+00:00,0.00011857578851111112,9.060645655555555e-05,0.0004595998313333333,0.00010108735779444445,0.008170961566666666,0.00023700966611111111,0.00015046815844444445,0.3315215822777778,180,180,180,180,180,180,180,180
2024-04-04 15:00:00+00:00,0.00011879586168333335,9.048668322777777e-05,0.0004622555487222222,0.00010060052366666666,0.00821408703611111,0.000237539915,0.00015036180088888888,0.33197193633333333,180,180,180,180,180,180,180,180
2024-04-04 18:00:00+00:00,0.00011956347243258428,9.089171419662921e-05,0.00046217747011235955,0.00010032247158988764,0.00821856248033708,0.00023798597230337078,0.00015071596730337078,0.332194031741573,178,178,178,178,178,178,178,178
2024-04-04 21:00:00+00:00,0.00012005884463333332,9.206610100555556e-05,0.00046122540816666665,9.929287517222222e-05,0.008204497769444445,0.00023713909844444444,0.0001512780921111111,0.33173449605555555,180,180,180,180,180,180,180,180
2024-04-05 00:00:00+00:00,0.00011994795537777777,9.120949934999999e-05,0.00046101363388888894,9.64670441111111e-05,0.008203666116666666,0.00023645521961111111,0.00015060356405555557,0.33134282816666666,180,180,180,180,180,180,180,180
2024-04-05 03:00:00+00:00,0.00011999493175555554,9.181827875555555e-05,0.0004597750378333333,9.735901205555556e-05,0.008182517008333333,0.00023611025844444446,0.00014950131627777778,0.3313680970555556,180,180,180,180,180,180,180,180
2024-04-05 06:00:00+00:00,0.00012064427288535032,9.262317361146498e-05,0.0004594516858598726,9.692900941401273e-05,0.008067359796178343,0.00023550501089171974,0.00015038789350318472,0.3314206896178344,157,157,157,157,157,157,157,157
2024-04-05 09:00:00+00:00,0.00012139722681617648,9.389238072794119e-05,0.00045955826102941173,9.609239920588235e-05,0.00804032682132353,0.00023656317897058823,0.00014919741772058824,0.33166521448529407,136,136,136,136,136,136,136,136
2024-04-05 12:00:00+00:00,0.00012242253653977272,9.460585630681818e-05,0.0004628356251704545,9.875687645454546e-05,0.008178677840909091,0.000237133335,0.0001485058952272727,0.3324454078409091,176,176,176,176,176,176,176,176
2024-04-05 15:00:00+00:00,,,,,,,,,0,0,0,0,0,0,0,0
2024-04-05 18:00:00+00:00,0.00012298379,9.529404875e-05,0.00046660376875,0.000101223951875,0.0082566855,0.00024040032624999999,0.00014891861875,0.33345061375,8,8,8,8,8,8,8,8
2024-04-05 21:00:00+00:00,,,,,,,,,0,0,0,0,0,0,0,0
2024-04-06 00:00:00+00:00,,,,,,,,,0,0,0,0,0,0,0,0
2024-04-06 03:00:00+00:00,0.00012510585404907975,9.44955916196319e-05,0.0004659909724539877,9.767323436809817e-05,0.00826882231595092,0.00023951173693251534,0.0001510770952147239,0.3338806231901841,163,163,163,163,163,163,163,163
2024-04-06 06:00:00+00:00,0.00012480315225806452,9.524767896774194e-05,0.00046523346741935486,9.844538212903226e-05,0.008228818830645161,0.00023885620145161292,0.00015147299241935483,0.33419255999999997,62,62,62,62,62,62,62,62
2024-04-06 09:00:00+00:00,,,,,,,,,0,0,0,0,0,0,0,0
2024-04-06 12:00:00+00:00,,,,,,,,,0,0,0,0,0,0,0,0
2024-04-06 15:00:00+00:00,,,,,,,,,0,0,0,0,0,0,0,0
2024-04-06 18:00:00+00:00,0.000124368035,9.256478125e-05,0.00047231374625,0.00010128822975,0.008412738312500001,0.0002418530075,0.00015095938375,0.33712456125,8,8,8,8,8,8,8,8
2024-04-06 21:00:00+00:00,,,,,,,,,0,0,0,0,0,0,0,0
2024-04-07 00:00:00+00:00,,,,,,,,,0,0,0,0,0,0,0,0
2024-04-07 03:00:00+00:00,0.00012414631,9.231866227607361e-05,0.0004711255317791411,9.811363673619632e-05,0.008423503383435582,0.00024274177134969328,0.00015170262478527607,0.3373047565030675,163,163,163,163,163,163,163,163
2024-04-07 06:00:00+00:00,0.00012361235467741937,9.202138766129032e-05,0.0004728015043548387,9.788195948387097e-05,0.008394385258064517,0.00024207565887096776,0.00015127927306451613,0.33743538483870966,62,62,62,62,62,62,62,62
2024-04-07 09:00:00+00:00,,,,,,,,,0,0,0,0,0,0,0,0
2024-04-07 12:00:00+00:00,,,,,,,,,0,0,0,0,0,0,0,0
2024-04-07 15:00:00+00:00,,,,,,,,,0,0,0,0,0,0,0,0
2024-04-07 18:00:00+00:00,0.000123585385,9.394509975e-05,0.00047638513875,0.000102032601875,0.008493691375000001,0.000243503035,0.000154453525,0.33891318375,8,8,8,8,8,8,8,8
2024-04-07 21:00:00+00:00,,,,,,,,,0,0,0,0,0,0,0,0
2024-04-08 00:00:00+00:00,,,,,,,,,0,0,0,0,0,0,0,0
2024-04-08 03:00:00+00:00,0.00012568360957055215,9.581837036809817e-05,0.00048491000067484664,0.00010147372058895707,0.008600194659509203,0.00024496323496932514,0.0001532478573006135,0.33965620049079753,163,163,163,163,163,163,163,163
2024-04-08 06:00:00+00:00,0.00012580367306451614,9.668278027419356e-05,0.00048161631677419355,9.978301867741936e-05,0.008508189177419355,0.00024318465,0.00014957417532258065,0.33941303532258066,62,62,62,62,62,62,62,62
2024-04-08 09:00:00+00:00,,,,,,,,,0,0,0,0,0,0,0,0
2024-04-08 12:00:00+00:00,,,,,,,,,0,0,0,0,0,0,0,0
2024-04-08 15:00:00+00:00,,,,,,,,,0,0,0,0,0,0,0,0
2024-04-08 18:00:00+00:00,0.00012681152125,9.5851130625e-05,0.00047707163375,9.9910504125e-05,0.008509340875,0.00024299158125,0.000150850105,0.33930778625,8,8,8,8,8,8,8,8
2024-04-08 21:00:00+00:00,,,,,,,,,0,0,0,0,0,0,0,0
2024-04-09 00:00:00+00:00,,,,,,,,,0,0,0,0,0,0,0,0
2024-04-09 03:00:00+00:00,0.00012772205680981595,9.712289552760737e-05,0.00048233188257668715,0.00010044000089570551,0.008549905196319018,0.000245272994601227,0.00015040738699386504,0.3388995539877301,163,163,163,163,163,163,163,163
2024-04-09 06:00:00+00:00,0.00012787253112903226,9.873991461290323e-05,0.000484672745483871,0.0001026137845967742,0.008528542201612904,0.0002449709293548387,0.0001507573570967742,0.33910612306451615,62,62,62,62,62,62,62,62
2024-04-09 09:00:00+00:00,,,,,,,,,0,0,0,0,0,0,0,0
2024-04-09 12:00:00+00:00,,,,,,,,,0,0,0,0,0,0,0,0
2024-04-09 15:00:00+00:00,,,,,,,,,0,0,0,0,0,0,0,0
2024-04-09 18:00:00+00:00,0.00012987288625000002,0.00010067099875,0.00047633758875,0.0001011729975,0.0084316298125,0.00024044794875,0.00015242255875,0.33720330875,8,8,8,8,8,8,8,8
2024-04-09 21:00:00+00:00,,,,,,,,,0,0,0,0,0,0,0,0
2024-04-10 00:00:00+00:00,,,,,,,,,0,0,0,0,0,0,0,0
2024-04-10 03:00:00+00:00,0.00013172270674846625,0.00010344773323312884,0.00047831203349693255,9.923067776073619e-05,0.008404279067484663,0.00023998835085889568,0.00015169303871165644,0.33601530233128835,163,163,163,163,163,163,163,163
2024-04-10 06:00:00+00:00,0.00013194982161290322,0.00010435143177419355,0.0004796088322580645,9.988945975806452e-05,0.00837092743548387,0.00024121821370967742,0.00015348258193548388,0.3361600701612903,62,62,62,62,62,62,62,62
2024-04-10 09:00:00+00:00,,,,,,,,,0,0,0,0,0,0,0,0
2024-04-10 12:00:00+00:00,,,,,,,,,0,0,0,0,0,0,0,0
2024-04-10 15:00:00+00:00,0.00013206088788571428,0.00010647465578285713,0.0004808996901714286,0.00010136671778285714,0.008408366622857143,0.00024154430645714284,0.0001528192016,0.33678079605714284,175,175,175,175,175,175,175,175
2024-04-10 18:00:00+00:00,0.00013237807378571427,0.0001086423648,0.00048056035214285713,0.00010020659253571428,0.008373640435714286,0.00023969742835714284,0.0001521262812857143,0.33587229949999997,140,140,140,140,140,140,140,140
2024-04-10 21:00:00+00:00,0.00013355245972222223,0.00011024416602777777,0.00048554095177777776,0.00010103781645555556,0.008401864580555555,0.00024244504138888889,0.00015426333672222223,0.3361542001666667,180,180,180,180,180,180,180,180
2024-04-11 00:00:00+00:00,0.0001355770527777778,0.00011159945133888888,0.0004875924233888889,0.00010217558652222222,0.008413473858333334,0.00024299193716666664,0.0001552471195,0.3360702956111111,180,180,180,180,180,180,180,180
2024-04-11 03:00:00+00:00,0.00013637930216666666,0.00011223414811666666,0.000488345265,0.00010240007898333334,0.00841578818888889,0.0002431257118888889,0.0001548067471111111,0.3363644197777778,180,180,180,180,180,180,180,180
2024-04-11 06:00:00+00:00,0.00013755826899999998,0.00011429376897058824,0.0004927638912941176,0.00010280111380588235,0.00832272582647059,0.0002455729115882353,0.0001559784606470588,0.3372088714117647,170,170,170,170,170,170,170,170
2024-04-11 09:00:00+00:00,0.0001377258615131579,0.00011578110894736841,0.0004935149022368421,0.0001012119039868421,0.00828060533881579,0.0002437199107894737,0.0001559458273026316,0.3374019157236842,152,152,152,152,152,152,152,152
2024-04-11 12:00:00+00:00,0.00013858284233333334,0.00011752274281111111,0.0004944325758888888,9.997167452777779e-05,0.008415727655555556,0.00024222098494444447,0.00015566042072222224,0.33767888805555557,180,180,180,180,180,180,180,180
2024-04-11 15:00:00+00:00,0.00013977444466666667,0.00012010846560555556,0.0004940434248888889,0.00010093636307222221,0.00842884565,0.00024194968438888886,0.0001547916732222222,0.33782429599999997,180,180,180,180,180,180,180,180
2024-04-11 18:00:00+00:00,0.00013929381803370788,0.00011891072975280899,0.0004921240213483145,0.00010026551516853931,0.008427261025280899,0.0002411866666292135,0.00015473698235955057,0.3374296047752809,178,178,178,178,178,178,178,178
2024-04-11 21:00:00+00:00,0.00013969054,0.00011889264923888887,0.0004934362208888889,0.00010152206681111111,0.008443725763888889,0.00024204325838888887,0.0001562546857222222,0.337245717,180,180,180,180,180,180,180,180
2024-04-12 00:00:00+00:00,0.00014071050533333334,0.00012025275797777778,0.000498073779888889,0.00010139858095,0.008477536011111111,0.0002421135057222222,0.00015203381294444444,0.3372401692222222,180,180,180,180,180,180,180,180
2024-04-12 03:00:00+00:00,0.00014034413094444445,0.00012189101081111111,0.0004957419858888889,0.00010142168691666667,0.00844283301111111,0.00024115498966666667,0.0001526370462222222,0.3371651991111111,180,180,180,180,180,180,180,180
2024-04-12 06:00:00+00:00,0.00014128136790960452,0.00012498922378531072,0.0004922301586440678,0.00010043231118079095,0.008281633412429379,0.00024109189847457626,0.0001542118497740113,0.3372454376836158,177,177,177,177,177,177,177,177
2024-04-12 09:00:00+00:00,0.000142577503125,0.00012791188053125,0.000491377368125,9.99696627625e-05,0.00823489570625,0.00023992023050000002,0.00015174832275,0.337568382625,160,160,160,160,160,160,160,160
2024-04-12 12:00:00+00:00,0.0001434330408888889,0.0001314374892222222,0.0004964469485555556,0.00010203831612222222,0.008411659905555554,0.00024145669599999998,0.00015399287138888887,0.338536044,180,180,180,180,180,180,180,180
2024-04-12 15:00:00+00:00,0.000145903163,0.00013504019061111113,0.0004987520776111111,0.00010345577003888889,0.008455159775,0.00024181663677777778,0.00015381761516666665,0.33913712533333334,180,180,180,180,180,180,180,180
2024-04-12 18:00:00+00:00,0.00014773717235955057,0.00013399342398876405,0.0005014408683707864,0.0001031182594213483,0.00848437481741573,0.00024218602528089888,0.00015494418191011237,0.3395043736516854,178,178,178,178,178,178,178,178
2024-04-12 21:00:00+00:00,0.00014648134844444445,0.00013550701816666667,0.0005021757218888888,0.0001041107957,0.008511302183333333,0.00024382537094444444,0.00015511159066666666,0.3400674006111111,180,180,180,180,180,180,180,180
2024-04-13 00:00:00+00:00,0.00014823960872222222,0.00013916483011111111,0.0005033403544444444,0.00010386957369444445,0.008540718330555556,0.0002441776986111111,0.00015666441705555555,0.3402392095555556,180,180,180,180,180,180,180,180
2024-04-13 03:00:00+00:00,0.00015004288694444445,0.0001386623163888889,0.0005044028158333333,0.00010608138422222222,0.008540782061111111,0.00024604863766666666,0.0001599409722222222,0.3408970290555556,180,180,180,180,180,180,180,180
2024-04-13 06:00:00+00:00,0.00015050726505555555,0.0001373857275,0.0005033336275,0.00010671754847222223,0.00841422298611111,0.0002483480195,0.00016000756216666667,0.3421252523888889,180,180,180,180,180,180,180,180
2024-04-13 09:00:00+00:00,0.00015050370572222222,0.0001382241570888889,0.0005050391715555556,0.0001051820922111111,0.008422784683333333,0.00024946665683333333,0.00016180184349999998,0.34341758433333336,180,180,180,180,180,180,180,180
2024-04-13 12:00:00+00:00,0.0001525519761111111,0.0001397343415,0.0005124586061111111,0.0001061920733611111,0.008626824563888889,0.00025117764233333333,0.0001631649811111111,0.3445415971111111,180,180,180,180,180,180,180,180
2024-04-13 15:00:00+00:00,0.00015338326044444443,0.00014123595627777777,0.0005188465417222222,0.00010705435873333334,0.008700209958333333,0.0002541555117222222,0.0001644804065,0.3456364508888889,180,180,180,180,180,180,180,180
2024-04-13 18:00:00+00:00,0.0001548546225280899,0.00014254439146067416,0.0005166437344943821,0.00010762939113483146,0.008696356452247192,0.0002526374546067416,0.00016350026219101124,0.34606085533707864,178,178,178,178,178,178,178,178
2024-04-13 21:00:00+00:00,0.00015519858272222223,0.00014047689866666666,0.0005201687589444444,0.0001082349684611111,0.008749809772222221,0.0002549570531111111,0.00016607393838888887,0.34731976844444445,180,180,180,180,180,180,180,180
2024-04-14 00:00:00+00:00,0.000156024929,0.00014070933716666667,0.0005253597187777777,0.00010875096808888889,0.00882483153611111,0.0002572595625,0.00016902274166666665,0.3490815821666666,180,180,180,180,180,180,180,180
2024-04-14 03:00:00+00:00,0.00015584689633333333,0.00014260136522222224,0.0005292186472222222,0.00010926211529444444,0.008892257686111111,0.00025913231377777777,0.00016785308666666666,0.35073795133333335,180,180,180,180,180,180,180,180
2024-04-14 06:00:00+00:00,0.00015799038583333335,0.00014366865338888887,0.0005322359,0.00011071250555,0.008803114519444445,0.00026297267316666666,0.00017037521916666668,0.3527408122222222,180,180,180,180,180,180,180,180
2024-04-14 09:00:00+00:00,0.00015890712905555554,0.00014414691394444443,0.0005395217486111111,0.00011110808268333333,0.008830180680555556,0.0002663089735,0.00017303116616666667,0.35448623472222224,180,180,180,180,180,180,180,180
2024-04-14 12:00:00+00:00,0.00015899834688888888,0.00014473891644444444,0.0005384841261111111,0.00011223081014444444,0.009005458297222222,0.0002658888974444445,0.00017399287466666666,0.3557296330555556,180,180,180,180,180,180,180,180
2024-04-14 15:00:00+00:00,0.00015979174666666668,0.00014770319594444443,0.0005419528685000001,0.00011117382123888889,0.009070042936111111,0.00026676936533333333,0.0001734149023888889,0.3570704844444444,180,180,180,180,180,180,180,180
2024-04-14 18:00:00+00:00,0.00016017461219101125,0.00014760906550561798,0.0005424860240449438,0.0001118427444269663,0.009114016244382022,0.0002661891111235955,0.00017294222668539326,0.35825830101123596,178,178,178,178,178,178,178,178
2024-04-14 21:00:00+00:00,0.00015945903166666666,0.00014639123405555554,0.0005420310207777778,0.00011216967022222222,0.009123815877777778,0.00026633223627777776,0.00017326391644444445,0.3586234598333333,180,180,180,180,180,180,180,180
2024-04-15 00:00:00+00:00,0.00016214330833333332,0.00014982338938888888,0.0005445487559444444,0.00011005373338333332,0.009160657611111112,0.0002671936915,0.00017263536311111111,0.3595671749444444,180,180,180,180,180,180,180,180
2024-04-15 03:00:00+00:00,0.0001634781331111111,0.00014994214883333332,0.0005482995178333333,0.00010863970822777778,0.009174471286111112,0.00026961411577777777,0.00017309257483333332,0.3601540337222222,180,180,180,180,180,180,180,180
2024-04-15 06:00:00+00:00,0.00016216418680232558,0.00015065435813953489,0.0005505461793604651,0.00011099209005813953,0.009055887985465116,0.00027070327813953485,0.0001748108040116279,0.36149920139534886,172,172,172,172,172,172,172,172
2024-04-15 09:00:00+00:00,0.0001621203278888889,0.00015184890472222222,0.0005463157453888889,0.00010971613272222221,0.008994751697222223,0.00026879720866666666,0.00017332931066666666,0.3623771018888889,180,180,180,180,180,180,180,180
2024-04-15 12:00:00+00:00,0.0001631218838888889,0.0001529141262777778,0.0005494046950555556,0.00011128227497777778,0.00919789036388889,0.0002709130363888889,0.00017405438544444444,0.36371650461111116,180,180,180,180,180,180,180,180
2024-04-15 15:00:00+00:00,0.00016248432942857143,0.0001506234674857143,0.0005490031522857143,0.00011019876686285714,0.009240255337142856,0.0002703083021714286,0.0001724746168,0.3644614373142857,175,175,175,175,175,175,175,175
2024-04-15 18:00:00+00:00,0.00016213691908045978,0.00015053075649425286,0.0005548404862643678,0.00011117382716666666,0.009289626212643677,0.0002719279778160919,0.00017281536798850573,0.36501983264367815,174,174,174,174,174,174,174,174
2024-04-15 21:00:00+00:00,0.00016243072191011237,0.00015258281207865168,0.0005543151479213483,0.00011089256526404493,0.00931640847752809,0.0002712955165730337,0.0001709022602247191,0.3654327869101124,178,178,178,178,178,178,178,178
2024-04-16 00:00:00+00:00,0.00016273885306818182,0.00015322751647727274,0.0005538088085795455,0.00011053446188636364,0.00933806680965909,0.0002715565861363637,0.00017148284704545454,0.3664366870454545,176,176,176,176,176,176,176,176
2024-04-16 03:00:00+00:00,0.00016401387273255814,0.00015427523784883722,0.0005578729806395349,0.00011049558803488373,0.009381618790697674,0.000272655295,0.00017210896127906977,0.3675531903488372,172,172,172,172,172,172,172,172
2024-04-16 06:00:00+00:00,0.0001642993067647059,0.00015167064705882353,0.0005564317361764706,0.00011165340295882353,0.009254053123529412,0.0002738424964117647,0.00017203116376470588,0.3683775061176471,170,170,170,170,170,170,170,170
2024-04-16 09:00:00+00:00,0.000164377742752809,0.00014930775915730337,0.0005603618974157303,0.00011267391854494383,0.009243307584269663,0.0002756971841573034,0.0001748600252247191,0.3695088799438202,178,178,178,178,178,178,178,178
2024-04-16 12:00:00+00:00,0.00016499856355555554,0.00014962817722222223,0.0005609974082777777,0.00011324294512222222,0.00942431456111111,0.000276898078,0.00017424354672222221,0.3705087773333333,180,180,180,180,180,180,180,180
2024-04-16 15:00:00+00:00,0.00016405250016666666,0.00014972876455555554,0.0005625633641111111,0.00011372808954999999,0.009457873330555555,0.00027958373338888887,0.00017613596488888887,0.37112170894444446,180,180,180,180,180,180,180,180
2024-04-16 18:00:00+00:00,0.00016501426792134833,0.00015194413943820224,0.0005706296021348315,0.00011336686893820223,0.009541941505617976,0.0002812605188764045,0.00017694340320224721,0.3718166811797753,178,178,178,178,178,178,178,178
2024-04-16 21:00:00+00:00,0.00016492130949438203,0.00015164245286516855,0.0005686453146067416,0.00011333273947752809,0.009538708084269662,0.0002797963441011236,0.00017639512926966293,0.3721063835393259,178,178,178,178,178,178,178,178
2024-04-17 00:00:00+00:00,0.00016489401416666666,0.000151543492,0.0005694710954444444,0.00011442351588333332,0.009554307613888889,0.0002804403863888889,0.00017621300222222223,0.3721500656111111,180,180,180,180,180,180,180,180
2024-04-17 03:00:00+00:00,0.00016541821194444444,0.00015227120516666666,0.0005758749553888889,0.00011465271005555556,0.00959676493888889,0.00028271383894444443,0.00017975784377777777,0.37351934544444443,180,180,180,180,180,180,180,180
2024-04-17 06:00:00+00:00,0.0001643180287356322,0.00015115992270114942,0.0005700350459195402,0.00011369604175287357,0.00941071557183908,0.00028261566959770113,0.00017902749005747125,0.3741006335632184,174,174,174,174,174,174,174,174
2024-04-17 09:00:00+00:00,0.0001645319761764706,0.00015250109629411763,0.0005765905563529412,0.00011595521913529412,0.009432815970588235,0.0002865341012352941,0.00018123631505882352,0.3760314380681818,170,170,170,170,170,170,170,176
2024-04-17 12:00:00+00:00,0.00016654874522222223,0.00015533569644444445,0.0005885478321111111,0.0001186879201888889,0.009700024905555556,0.0002905470808888889,0.00018095194577777776,0.37743501583333333,180,180,180,180,180,180,180,180
2024-04-17 15:00:00+00:00,0.0001672716491111111,0.0001565660186111111,0.0005883819647222223,0.00011678254494444445,0.009729027566666666,0.0002883314344444444,0.00017925518627777778,0.3780093342222222,180,180,180,180,180,180,180,180
2024-04-17 18:00:00+00:00,0.000167708733,0.00015733529392857143,0.0005900472147857143,0.00011879425404285716,0.009761848042857143,0.0002894877815,0.0001814002865,0.37856836707142855,140,140,140,140,140,140,140,140
2024-04-17 21:00:00+00:00,0.00016847584588888887,0.0001604290948888889,0.0006009761061666666,0.00011947334241111112,0.009853162483333334,0.0002972320508888889,0.0001831796546111111,0.3801476517222222,180,180,180,180,180,180,180,180
2024-04-18 00:00:00+00:00,0.00016753271827777777,0.00015869449544444444,0.0006017262508888889,0.0001211839039611111,0.009883580169444444,0.00029875569077777775,0.00018453521999999998,0.38060380988888887,180,180,180,180,180,180,180,180
2024-04-18 03:00:00+00:00,0.00016724646694444445,0.00015965463966666668,0.0005949432449444444,0.00011749386957222223,0.009808505391666666,0.0002922458896666667,0.00018209517099999998,0.3796775235555556,180,180,180,180,180,180,180,180
2024-04-18 06:00:00+00:00,0.00016705387166666668,0.00015974253877777778,0.0005983870965000001,0.00011773442632777778,0.009690719841666667,0.0002940771856666667,0.0001807865551111111,0.38004218372222226,180,180,180,180,180,180,180,180
2024-04-18 09:00:00+00:00,0.00016736186650000002,0.00016166220772222223,0.0005940927065555555,0.00011611516035555556,0.009615170427777778,0.0002908904196666667,0.000180986252,0.3796691518888889,180,180,180,180,180,180,180,180
2024-04-18 12:00:00+00:00,0.0001674294051111111,0.00015964424677777778,0.0005972327692222222,0.00011661733863333333,0.009805769888888888,0.00029165469616666666,0.00018279362049999998,0.38025034616666664,180,180,180,180,180,180,180,180
2024-04-18 15:00:00+00:00,0.0001668023015,0.00015819738266666667,0.0005992306205555556,0.00011665972387222222,0.009847505133333333,0.0002936532676111111,0.0001839079261111111,0.3808306046666667,180,180,180,180,180,180,180,180
2024-04-18 18:00:00+00:00,0.00016765904516853933,0.00015762545960674158,0.0006025920705617978,0.00011681333946067415,0.009885681196629213,0.00029566868258426967,0.00018204162971910114,0.3810640525842697,178,178,178,178,178,178,178,178
2024-04-18 21:00:00+00:00,0.00016861151283333332,0.00016173912883333334,0.0006054312715,0.00011805044946666667,0.009941057566666666,0.00029587563116666664,0.00018227768755555557,0.38140592050000005,180,180,180,180,180,180,180,180
2024-04-19 00:00:00+00:00,0.0001690099141111111,0.00016234240655555555,0.0006007832659444444,0.00011857813612777777,0.009936751933333333,0.0002967643362777778,0.00018284912466666668,0.3814364733333333,180,180,180,180,180,180,180,180
2024-04-19 03:00:00+00:00,0.00016960148483333333,0.00016229209466666667,0.0006025327410555556,0.00011769108415555555,0.009930040897222221,0.00029574788694444444,0.0001819430517222222,0.38126841105555553,180,180,180,180,180,180,180,180
2024-04-19 06:00:00+00:00,0.00016913653027777779,0.00016095186144444445,0.0006062674571111111,0.00011665006096666665,0.009821944586111112,0.00029299910944444445,0.00018027773544444445,0.38158462099999996,180,180,180,180,180,180,180,180
2024-04-19 09:00:00+00:00,0.00016954059855555555,0.00016331628327777777,0.0006043752066111111,0.00011614546793333332,0.009728076961111111,0.00029264768388888887,0.00018006774305555554,0.3813825079444444,180,180,180,180,180,180,180,180
2024-04-19 12:00:00+00:00,0.00017032397494444446,0.0001647120745,0.0006082657754444444,0.00011541476987777778,0.009881772975,0.0002945285968888889,0.0001817407822222222,0.38122800405555557,180,180,180,180,180,180,180,180
2024-04-19 15:00:00+00:00,0.00016823961083798882,0.00016184370005586593,0.0005995842669273743,0.0001134857318603352,0.009817245365921786,0.00028998411033519554,0.00017737601296089384,0.3802901719553073,179,179,179,179,179,179,179,179
2024-04-19 18:00:00+00:00,0.0001673066858988764,0.00016105885578651685,0.0005967378096629213,0.00011235440511797754,0.009804945221910112,0.00028847165539325843,0.0001777286302247191,0.3797195776966292,178,178,178,178,178,178,178,178
2024-04-19 21:00:00+00:00,0.00016735849522222224,0.00016107297344444444,0.0005975871295555555,0.00011346275105,0.009818184466666668,0.0002883809018333333,0.00017767024911111113,0.37962714877777776,180,180,180,180,180,180,180,180
2024-04-20 00:00:00+00:00,0.00016764954905555554,0.00016228174972222222,0.0005941498790555555,0.00011249937791111112,0.009787629663888889,0.0002842442012222222,0.00017623416094444445,0.3788121146111111,180,180,180,180,180,180,180,180
2024-04-20 03:00:00+00:00,0.00016774384016666666,0.0001617762091111111,0.0005937654562222222,0.00011195803169444445,0.009782313377777777,0.0002837449271666667,0.00017322128016666665,0.3791674762777778,180,180,180,180,180,180,180,180
2024-04-20 06:00:00+00:00,0.00016748991055555557,0.00016075578883333335,0.0005947837257777778,0.00011300000440555555,0.009673246027777778,0.0002866448882777778,0.00017411645172222222,0.37982996305555555,180,180,180,180,180,180,180,180
2024-04-20 09:00:00+00:00,0.00016656001838888889,0.0001608558488888889,0.0005901411125555556,0.00011162242377222222,0.009622746777777778,0.00028611673383333334,0.0001766301403888889,0.3800180474444445,180,180,180,180,180,180,180,180
2024-04-20 12:00:00+00:00,0.00016533602044444445,0.00015991070455555556,0.0005922927233888888,0.0001125942001,0.009788324744444445,0.00028904869150000003,0.00017972449661111112,0.3807482412222222,180,180,180,180,180,180,180,180
2024-04-20 15:00:00+00:00,0.00016534578533333334,0.0001625393027777778,0.0005963022141111112,0.00011299310307777778,0.009835697244444445,0.0002927003755,0.00018115861494444446,0.3812219030555556,180,180,180,180,180,180,180,180
2024-04-20 18:00:00+00:00,0.00016527230983146067,0.00016260035556179775,0.0005938899458426966,0.00011397737400561798,0.00984624577247191,0.000292242817752809,0.00018210441325842698,0.3813714847191011,178,178,178,178,178,178,178,178
2024-04-20 21:00:00+00:00,0.00016543894622222222,0.00016014865544444445,0.000597256247,0.00011606006595555555,0.009868215344444445,0.0002946362552777778,0.00018349414316666665,0.3809039129444445,180,180,180,180,180,180,180,180
2024-04-21 00:00:00+00:00,0.00016546925633333334,0.00015864546327777778,0.0005950420438333334,0.00011699859111666668,0.00985487831388889,0.0002935769909444445,0.00018397627911111112,0.3807423551111111,180,180,180,180,180,180,180,180
2024-04-21 03:00:00+00:00,0.00016730809511111112,0.00015846470066666667,0.0005934859813888889,0.00011426296048333333,0.009844560333333334,0.00029149834372222224,0.00018369976355555557,0.38074072833333333,180,180,180,180,180,180,180,180
2024-04-21 06:00:00+00:00,0.00016772477761111112,0.0001559711713888889,0.0005894920322777777,0.00011111719621111112,0.009688024694444445,0.0002900168833888889,0.00018089900894444443,0.3805592877222222,180,180,180,180,180,180,180,180
2024-04-21 09:00:00+00:00,0.00016687524711111112,0.00015327889744444446,0.0005891075739444444,0.00011288842297222222,0.009645346530555555,0.00029082959983333333,0.00018187578216666668,0.3801755327222222,180,180,180,180,180,180,180,180
2024-04-21 12:00:00+00:00,0.00016558440722222223,0.0001544143448888889,0.0005933280653333333,0.00011555991631666668,0.009819542783333333,0.0002941410275,0.00018455747727777775,0.3807814815,180,180,180,180,180,180,180,180
2024-04-21 15:00:00+00:00,0.00016610670861111113,0.00015504502866666665,0.0005957170827777777,0.00011491723706111111,0.009865281766666668,0.0002965329427222222,0.00018477753555555556,0.3810348688333333,180,180,180,180,180,180,180,180
2024-04-21 18:00:00+00:00,0.00016572538151685395,0.00015625550741573034,0.0005979888039887641,0.00011491831651123595,0.009915069800561798,0.0002948280341011236,0.000182717572247191,0.3812384410674157,178,178,178,178,178,178,178,178
2024-04-21 21:00:00+00:00,0.00016570167461111112,0.00015781125449999998,0.0005958291307777778,0.00011674799368333333,0.009912247638888889,0.00029691752144444443,0.00018589952355555558,0.38094332888888893,180,180,180,180,180,180,180,180
2024-04-22 00:00:00+00:00,0.0001656199566111111,0.000157829797,0.0005984458263888889,0.00011683454295,0.009939959886111112,0.00029990702688888893,0.00018755377994444442,0.3809465705,180,180,180,180,180,180,180,180
2024-04-22 03:00:00+00:00,0.0001666007756111111,0.00016109415416666668,0.0005986228513888889,0.00011848687750555555,0.009921785483333332,0.00030004304888888887,0.0001882488498888889,0.3805521875555556,180,180,180,180,180,180,180,180
2024-04-22 06:00:00+00:00,0.00016724715844444445,0.00016114373277777779,0.0006013917256111111,0.00011895944224444445,0.009803542061111111,0.00030113209633333336,0.00018733102416666666,0.38109017233333337,180,180,180,180,180,180,180,180
2024-04-22 09:00:00+00:00,0.00016824478833333333,0.00016248026083333334,0.0006036100953888888,0.00011999944337777777,0.00977401576388889,0.0002996584971111111,0.0001888548261111111,0.381157791,180,180,180,180,180,180,180,180
2024-04-22 12:00:00+00:00,0.00016761158994444444,0.00016244899277777778,0.0006076124751111111,0.00012166441668888888,0.009959758572222224,0.00030418887688888886,0.00019006829661111113,0.3818290737222222,180,180,180,180,180,180,180,180
2024-04-22 15:00:00+00:00,0.00016821162588888887,0.0001673670781111111,0.0006108595515,0.00012235376637777777,0.009988055066666666,0.00030340650411111113,0.0001912262915,0.381538296,180,180,180,180,180,180,180,180
2024-04-22 18:00:00+00:00,0.00016773154853932584,0.0001659157347191011,0.0006042731783146067,0.00012230936391573034,0.009952109735955056,0.00030154974808988764,0.00018970903280898877,0.38074082112359553,178,178,178,178,178,178,178,178
2024-04-22 21:00:00+00:00,0.00016685561394444445,0.00016365765455555556,0.000611187024,0.00012205985941666668,0.009971475525,0.0003018674922222222,0.00019064199261111114,0.38037131183333334,180,180,180,180,180,180,180,180
2024-04-23 00:00:00+00:00,0.00016744265327777778,0.0001659211117777778,0.0006087703476666666,0.0001189343717,0.009971660044444443,0.00029723896416666666,0.00018936434427777778,0.37991224100000004,180,180,180,180,180,180,180,180
2024-04-23 03:00:00+00:00,0.0001683317265,0.00016841475672222221,0.0006177330847777778,0.00012273481028333332,0.010042711916666667,0.00030252211361111113,0.0001932703397222222,0.3805073716666667,180,180,180,180,180,180,180,180
2024-04-23 06:00:00+00:00,0.000166014081,0.00016516015994444446,0.0006037024554444444,0.0001208537138388889,0.009791572666666666,0.0002967050978333333,0.00018999197805555558,0.37930896649999996,180,180,180,180,180,180,180,180
2024-04-23 09:00:00+00:00,0.00016547126272222222,0.00016494501616666667,0.0006055853812777778,0.00012005192430555556,0.009754650927777777,0.00029578536538888887,0.00018823281638888887,0.3791544720555556,180,180,180,180,180,180,180,180
2024-04-23 12:00:00+00:00,0.00016793663611111112,0.0001664997031111111,0.0006111112812222222,0.00012175871571111111,0.009932134883333334,0.000297872769,0.00018816268116666668,0.37936445127777774,180,180,180,180,180,180,180,180
2024-04-23 15:00:00+00:00,0.00016940358888888887,0.00016701904505555555,0.0006105100645555555,0.0001222141503722222,0.009923415588888889,0.000298924997,0.00019102979944444446,0.3788876143888889,180,180,180,180,180,180,180,180
2024-04-23 18:00:00+00:00,0.00016802120415730336,0.0001677454216292135,0.0006030795974719101,0.00011984989105617978,0.00986964333988764,0.0002941587479775281,0.00018676716488764047,0.3775660671910112,178,178,178,178,178,178,178,178
2024-04-23 21:00:00+00:00,0.0001677163738095238,0.00016793152591836736,0.0005955366675510203,0.00011859397696598639,0.009806662227891156,0.00029123681061224486,0.0001865485806802721,0.37629969340136055,147,147,147,147,147,147,147,147
2024-04-24 00:00:00+00:00,0.00017009480566666666,0.00017110355055555555,0.0006040574974444444,0.00012054819036666667,0.009860167319444444,0.0002945948650555556,0.00018948474416666667,0.37571238683333336,180,180,180,180,180,180,180,180
2024-04-24 03:00:00+00:00,0.00017018630627777778,0.0001704010107777778,0.0005951741258333333,0.00011888717892222221,0.009784996333333334,0.00028931634411111115,0.00018744504977777777,0.3745484894444444,180,180,180,180,180,180,180,180
2024-04-24 06:00:00+00:00,0.00016912002355555554,0.00016618401544444444,0.0005846634244444445,0.00011689749103333333,0.00957416823611111,0.000285886085,0.00018599225661111113,0.3736494584444444,180,180,180,180,180,180,180,180
2024-04-24 09:00:00+00:00,0.00016844019677777778,0.00016392588383333333,0.0005876923122777778,0.00011899081275,0.009563746297222222,0.0002882242966111111,0.00018654096444444446,0.3732987216111111,180,180,180,180,180,180,180,180
2024-04-24 12:00:00+00:00,0.00016905299533333335,0.00016496406383333334,0.0005922952418888889,0.00012097887127777778,0.00970770425,0.0002904114387777778,0.00018814465883333333,0.3728735392777778,180,180,180,180,180,180,180,180
2024-04-24 15:00:00+00:00,0.00016910841,0.00016390422283333334,0.0005846523417777778,0.00011831294457777777,0.009649804102777777,0.00028415230338888885,0.00018518167883333332,0.37045600500000003,180,180,180,180,180,180,180,180
2024-04-24 18:00:00+00:00,0.00016858491307142858,0.00016160535507142855,0.0005797042117142858,0.00011687383630714286,0.009593544332142857,0.000281567805,0.00018560354135714285,0.368883864,140,140,140,140,140,140,140,140
2024-04-24 21:00:00+00:00,0.00016740172016666666,0.0001593062916111111,0.000576285521,0.00011763946440000001,0.009536672372222223,0.00028141547172222224,0.00018747772866666669,0.3669776402222222,180,180,180,180,180,180,180,180
2024-04-25 00:00:00+00:00,0.00016730070005555554,0.0001592050636111111,0.0005681743805000001,0.00011542773156666667,0.009439957666666667,0.00027680136183333334,0.00018333921461111114,0.36469199461111107,180,180,180,180,180,180,180,180
2024-04-25 03:00:00+00:00,0.0001667341585,0.00015614019766666665,0.0005625133272222222,0.00011415207152222221,0.00937158758888889,0.0002761361614444444,0.0001820786516111111,0.3634398529444444,180,180,180,180,180,180,180,180
2024-04-25 06:00:00+00:00,0.00016516159516666667,0.00015567189233333333,0.0005574810665555555,0.0001112599318611111,0.009189754958333332,0.00027251577694444447,0.00017872500583333335,0.3618496861666667,180,180,180,180,180,180,180,180
2024-04-25 09:00:00+00:00,0.00016221393555555555,0.00015104809733333332,0.0005508172447777778,0.00011165515352777777,0.009098827802777779,0.00026924791633333334,0.00017876567655555553,0.36064845338888885,180,180,180,180,180,180,180,180
2024-04-25 12:00:00+00:00,0.00016123733416666667,0.00014871735505555557,0.0005462201954444444,0.00011135719819999999,0.009157059525,0.00026887879133333334,0.000179791036,0.35940688944444443,180,180,180,180,180,180,180,180
2024-04-25 15:00:00+00:00,0.00016031898807909603,0.00014919236186440677,0.0005419737292090396,0.00011047978722033898,0.009107539709039547,0.0002670044597740113,0.00017990289288135594,0.35748926971751416,177,177,177,177,177,177,177,177
2024-04-25 18:00:00+00:00,0.00015940595206896552,0.00014696463994252873,0.0005379274152873563,0.00010963013091954023,0.00905386958045977,0.0002651538708045977,0.00017760467649425286,0.35565507362068965,174,174,174,174,174,174,174,174
2024-04-25 21:00:00+00:00,0.0001585354125,0.00014653952166666665,0.0005349608135555555,0.00010962591074444444,0.00900505656388889,0.0002643005831666667,0.0001755366166111111,0.3538569631111111,180,180,180,180,180,180,180,180
2024-04-26 00:00:00+00:00,0.00015725390732954545,0.00014685393511363636,0.0005339482947159091,0.00011012615055113637,0.008977551181818182,0.0002624262609090909,0.00017340634636363637,0.352208608125,176,176,176,176,176,176,176,176
2024-04-26 03:00:00+00:00,0.00015704143405555554,0.00014917532966666667,0.0005307668164444444,0.00010839689749444444,0.008907240152777779,0.00025949697377777777,0.0001714534682222222,0.3507097548888889,180,180,180,180,180,180,180,180
2024-04-26 06:00:00+00:00,0.00015694807664634144,0.0001466514636585366,0.0005260503036585366,0.00010883517962195123,0.008743536859756098,0.00025783855542682924,0.0001721007987804878,0.3493044753529412,164,164,164,164,164,164,164,170
2024-04-26 09:00:00+00:00,0.00015586234233333333,0.00014459789605555555,0.0005217691922777778,0.0001079165419388889,0.008659610461111111,0.000255393632,0.0001699078492222222,0.3479568661111111,180,180,180,180,180,180,180,180
2024-04-26 12:00:00+00:00,0.00015294692696629213,0.00014234239005617977,0.0005187826549438203,0.00010820727815730337,0.008726426193820224,0.0002536900025280899,0.0001669200624719101,0.3471492931460674,178,178,178,178,178,178,178,178
2024-04-26 15:00:00+00:00,0.000152520321,0.00014274789488888888,0.0005160723146111112,0.00010814534877222222,0.008705341694444445,0.00025244631694444446,0.00016716434999999998,0.3463099032222222,180,180,180,180,180,180,180,180
2024-04-26 18:00:00+00:00,0.00015205407269662923,0.00014079282870786518,0.0005177268336516854,0.00010842631625280898,0.008725115761235955,0.000252061140505618,0.00016705782803370787,0.3453399348314607,178,178,178,178,178,178,178,178
2024-04-26 21:00:00+00:00,0.00015077002588888887,0.00013991269977777778,0.0005149999923333334,0.0001073124074111111,0.00868796516388889,0.0002521407455,0.00016536468183333332,0.3442419405555555,180,180,180,180,180,180,180,180
2024-04-27 00:00:00+00:00,0.00014974000372222222,0.00013811065055555554,0.0005102654986666668,0.00010598272568333335,0.008634835436111111,0.0002524159481666667,0.00016499597677777778,0.34353805572222224,180,180,180,180,180,180,180,180
2024-04-27 03:00:00+00:00,0.00014753750305555557,0.00013593548738888888,0.0005068674161666667,0.00010672950250555556,0.008588457069444444,0.00025184909772222225,0.00016682011666666668,0.34289960461111113,180,180,180,180,180,180,180,180
2024-04-27 06:00:00+00:00,0.0001470181318902439,0.00013668008432926829,0.0005045689062804878,0.00010554897651829267,0.00845401288109756,0.00025095605408536584,0.00016548281963414636,0.3422856596951219,164,164,164,164,164,164,164,164
2024-04-27 09:00:00+00:00,0.00014551835127777778,0.00013532036338888888,0.0005068565691666667,0.00010569128967222223,0.008436344002777778,0.00025031503677777774,0.00016425084772222223,0.3419148176111111,180,180,180,180,180,180,180,180
2024-04-27 12:00:00+00:00,0.00014498768005555556,0.00013453877033333333,0.0005079412517777777,0.00010646450218333334,0.008529415191666667,0.0002496862188888889,0.0001632551771111111,0.3410585910555555,180,180,180,180,180,180,180,180
2024-04-27 15:00:00+00:00,0.00014433215,0.0001332835297159091,0.0005033700709659091,0.0001065220330625,0.008486342485795455,0.0002476649333522727,0.000164096828125,0.3400857819318182,176,176,176,176,176,176,176,176
2024-04-27 18:00:00+00:00,0.00014398269213483145,0.0001325699024719101,0.0005019665448314607,0.00010559283433707865,0.008465554623595505,0.0002456754151123596,0.00016138467876404496,0.3390237212921348,178,178,178,178,178,178,178,178
2024-04-27 21:00:00+00:00,0.00014467344588888888,0.00013221894316666665,0.000503457693888889,0.00010542805568333333,0.008449345958333333,0.00024702316894444445,0.00016035920816666666,0.3382642586666667,180,180,180,180,180,180,180,180
2024-04-28 00:00:00+00:00,0.00014210865077777778,0.0001286742463888889,0.0004960120610555556,0.00010519993371666667,0.008414986677777778,0.0002446855992777778,0.00016059217433333332,0.3370834688888889,180,180,180,180,180,180,180,180
2024-04-28 03:00:00+00:00,0.0001405665431111111,0.00012734634805555556,0.0004913104638888889,0.00010361687657777778,0.008340184844444444,0.00024135868738888892,0.000155758066,0.3358202957777778,180,180,180,180,180,180,180,180
2024-04-28 06:00:00+00:00,0.0001397428945348837,0.00012681297058139533,0.0004875139845930233,0.0001028070715988372,0.008199966930232559,0.00023944106895348839,0.00015716173343023257,0.3351718620930233,172,172,172,172,172,172,172,172
2024-04-28 09:00:00+00:00,0.00014000387705555555,0.00012453185666666666,0.0004874429408888889,0.00010161993367777778,0.00817418443611111,0.00023955114016666667,0.00015655898877777778,0.3353172453888889,180,180,180,180,180,180,180,180
2024-04-28 12:00:00+00:00,0.000138516921,0.00012225935321111113,0.00048702778655555556,9.865606411666666e-05,0.008253542052777778,0.00024044620905555556,0.00015600807583333333,0.33500798544444443,180,180,180,180,180,180,180,180
2024-04-28 15:00:00+00:00,0.00013764948277777777,0.00012191773040555556,0.00048509129205555557,0.00010118873304444445,0.008231502641666668,0.00023939557916666666,0.0001581637702777778,0.33416453733333334,180,180,180,180,180,180,180,180
2024-04-28 18:00:00+00:00,0.00013631518039325843,0.00011961445699438202,0.00048276489589887635,0.00010227073636516854,0.008215708648876404,0.0002392759154494382,0.00015675937960674157,0.3336587730898877,178,178,178,178,178,178,178,178
2024-04-28 21:00:00+00:00,0.00013539727314606741,0.00011849078096067415,0.00048215791820224724,0.00010137761720224718,0.00820091543258427,0.000238245581741573,0.00015626154308988764,0.33301209601123594,178,178,178,178,178,178,178,178
2024-04-29 00:00:00+00:00,0.00013463702794444445,0.00011775715726666667,0.00048639956499999995,0.00010332671704444444,0.008204697577777777,0.00024059957883333332,0.0001571832053888889,0.3324888535,180,180,180,180,180,180,180,180
2024-04-29 03:00:00+00:00,0.0001314259876111111,0.00011623382825000001,0.00047833709877777774,0.00010093932574999999,0.008166923961111112,0.0002368074442777778,0.00015502243816666668,0.33176346822222225,180,180,180,180,180,180,180,180
2024-04-29 06:00:00+00:00,0.00013087868232558141,0.00011702152177325582,0.00047605826500000004,0.00010043833180232558,0.008048775322674418,0.00023558637,0.0001550382280232558,0.331735830872093,172,172,172,172,172,172,172,172
2024-04-29 09:00:00+00:00,0.00012987209616666668,0.00011675814155,0.0004736075811666667,0.00010094552998888889,0.008026397833333334,0.00023544130022222222,0.00015530064216666666,0.3321263092777778,180,180,180,180,180,180,180,180
2024-04-29 12:00:00+00:00,0.00012896682670454545,0.00011470056619886363,0.0004710762844318182,0.00010030903115909091,0.008095228480113638,0.00023517681443181815,0.000156011294375,0.3317649599431818,176,176,176,176,176,176,176,176
2024-04-29 15:00:00+00:00,0.0001283776006111111,0.0001134004057,0.0004719171351666667,0.00010101592228333333,0.008111140272222222,0.0002348228806666667,0.00015625755105555555,0.3316455334444445,180,180,180,180,180,180,180,180
2024-04-29 18:00:00+00:00,0.0001273381690909091,0.00011163302956818181,0.00047145827301136364,0.0001017825378125,0.008095707642045454,0.00023438483886363635,0.00015485388982954546,0.3311720871590909,176,176,176,176,176,176,176,176
2024-04-29 21:00:00+00:00,0.00012663318305555557,0.00011002904588333333,0.0004680676431666667,0.00010142946715555557,0.008087447277777778,0.00023302140155555555,0.00015380155455555557,0.33079167111111113,180,180,180,180,180,180,180,180
2024-04-30 00:00:00+00:00,0.0001262820553409091,0.00010933931165340908,0.00046823209125,0.00010087784770454545,0.008104005360795453,0.00023444886159090908,0.0001543672984090909,0.3311192073295455,176,176,176,176,176,176,176,176
2024-04-30 03:00:00+00:00,0.00012563817894444446,0.00010797808427777778,0.00046454414494444447,9.874199254999999e-05,0.008077263641666667,0.00023227015833333334,0.00015281187777777778,0.3306979790555556,180,180,180,180,180,180,180,180
2024-04-30 06:00:00+00:00,0.00012472804655172415,0.00010647184329310346,0.0004670929409770115,0.00010004504356321838,0.008022787399425288,0.0002340577853448276,0.00015409761155172415,0.33165680011494253,174,174,174,174,174,174,174,174
2024-04-30 09:00:00+00:00,0.00012332417327777777,0.0001066195752388889,0.00046694817511111107,0.0001008723431111111,0.008009997063888889,0.000235408531,0.00015328363522222222,0.3321274937222222,180,180,180,180,180,180,180,180
2024-04-30 12:00:00+00:00,0.00012354658333333334,0.0001065367938388889,0.00046806689255555556,0.00010196134427777778,0.008116000058333333,0.00023545923855555558,0.00015231262372222221,0.33232467483333333,180,180,180,180,180,180,180,180
2024-04-30 15:00:00+00:00,0.00012400308863636363,0.00010682782338068182,0.00047126254750000005,0.00010249721703409091,0.00814013684375,0.00023696451289772726,0.00015342206085227272,0.33240448295454544,176,176,176,176,176,176,176,176
2024-04-30 18:00:00+00:00,0.0001237352997752809,0.00010683353985393258,0.0004678278012921348,0.00010081303480898875,0.008114295283707865,0.0002343192090449438,0.00015176310264044943,0.3320552131460674,178,178,178,178,178,178,178,178
2024-04-30 21:00:00+00:00,0.0001223964288465909,0.00010465139401136364,0.0004697398459659091,0.00010306015285795454,0.008131987144886364,0.00023798235073863635,0.00015532544539772727,0.3323186815909091,176,176,176,176,176,176,176,176
2024-05-01 00:00:00+00:00,0.00012287241126966294,0.00010594626750561798,0.00046927492370786513,0.00010124899594382022,0.008147432112359552,0.0002359977969101124,0.00015238764,0.3320960791011236,178,178,178,178,178,178,178,178
2024-05-01 03:00:00+00:00,0.00012359404605555554,0.00010760735417222222,0.00046565874994444447,0.00010162901837222221,0.008107554819444444,0.00023412575455555558,0.00015190942994444445,0.33164759433333335,180,180,180,180,180,180,180,180
2024-05-01 06:00:00+00:00,0.00012353610779069766,0.0001046428931744186,0.00046998243848837205,0.0001030311685755814,0.008048111834302325,0.0002369961960465116,0.00015312418377906977,0.332420284127907,172,172,172,172,172,172,172,172
2024-05-01 09:00:00+00:00,0.00012272791538888887,0.00010340690725555556,0.0004661031022777778,9.940905652222222e-05,0.008013341625,0.0002345609716111111,0.00015251450505555556,0.3326863621111111,180,180,180,180,180,180,180,180
2024-05-01 12:00:00+00:00,0.00012172102719662922,0.00010171297801685392,0.0004672613369662921,0.00010097287858988765,0.008141852075842696,0.00023656948,0.0001552110182022472,0.3339152097752809,178,178,178,178,178,178,178,178
2024-05-01 15:00:00+00:00,0.00012128158279761904,0.00010230053563690475,0.0004689442336904762,0.0001039733304047619,0.008185960854166665,0.00024101249327380952,0.00015742414898809525,0.33456249666666665,168,168,168,168,168,168,168,168
2024-05-01 18:00:00+00:00,0.00012225209756428572,0.00010262134905714286,0.0004707531942142857,0.00010256332081428571,0.008207486921428572,0.00024178673950000002,0.00015486210535714285,0.3345315252857143,140,140,140,140,140,140,140,140
2024-05-01 21:00:00+00:00,0.00012292015214444445,0.00010282918656111112,0.0004730923151666666,0.00010251497050555555,0.008221869586111112,0.00024106883777777778,0.000154931543,0.3343781011111111,180,180,180,180,180,180,180,180
2024-05-02 00:00:00+00:00,0.00012308710353932584,0.00010174074455617977,0.0004717582423033708,0.0001034441181011236,0.008232970957865168,0.00024107681438202246,0.0001545418457303371,0.33468772629213484,178,178,178,178,178,178,178,178
2024-05-02 03:00:00+00:00,0.00012341776500000002,0.0001019603974388889,0.0004744010461666667,0.0001014995951,0.008258487538888888,0.00024211562905555555,0.0001553973021111111,0.335434468,180,180,180,180,180,180,180,180
2024-05-02 06:00:00+00:00,0.00012188026425287358,0.00010048833597701149,0.0004730290671264368,0.00010321314791954023,0.008160747227011494,0.00024115248494252872,0.00015355449752873563,0.33540090931034483,174,174,174,174,174,174,174,174
2024-05-02 09:00:00+00:00,0.00012138704923333332,0.0001015628702888889,0.0004780729748333333,0.00010461969363333334,0.008186829225000001,0.00024283941911111112,0.00015535097927777777,0.33598208905555554,180,180,180,180,180,180,180,180
2024-05-02 12:00:00+00:00,0.00012087095247777777,0.00010374662314444444,0.00048032727305555555,0.00010445410866666666,0.008302927222222223,0.0002441694776111111,0.00015654004533333335,0.33653304044444443,180,180,180,180,180,180,180,180
2024-05-02 15:00:00+00:00,0.00012295013359444443,0.00010492990746111111,0.000482321704,0.00010569018856666668,0.008333664297222222,0.0002463648565,0.0001587340336111111,0.33669594855555557,180,180,180,180,180,180,180,180
2024-05-02 18:00:00+00:00,0.00012411211921348314,0.00010470222458426967,0.00048476158443820226,0.00010654526236516854,0.008342191505617977,0.000248621410505618,0.0001599500423033708,0.33689970106741574,178,178,178,178,178,178,178,178
2024-05-02 21:00:00+00:00,0.00012449269627777778,0.00010417223669999999,0.0004850619215555555,0.00010684862778888888,0.008354288327777777,0.00024826496122222225,0.0001598462942777778,0.33675509433333334,180,180,180,180,180,180,180,180
2024-05-03 00:00:00+00:00,0.00012492279122222223,0.00010500106042222222,0.0004945255574444444,0.00010964571534444444,0.008410944327777779,0.00025309892800000003,0.00016342387994444446,0.3376113826666666,180,180,180,180,180,180,180,180
2024-05-03 03:00:00+00:00,0.00012485719694444445,0.00010617956923333332,0.0004984371349444444,0.00010607890425555556,0.008456117813888888,0.00025135224877777777,0.00016028766655555555,0.33803166205555557,180,180,180,180,180,180,180,180
2024-05-03 06:00:00+00:00,0.00012543244733333333,0.00010802086819444445,0.0004972409150000001,0.00010509777994444445,0.008332883255555555,0.00024860892905555557,0.00015871979755555557,0.33787582188888887,180,180,180,180,180,180,180,180
2024-05-03 09:00:00+00:00,0.00012568589938888889,0.00010989076342777777,0.0004927985879444445,0.00010204128311666666,0.008291493266666667,0.0002458681962222222,0.00015635512405555557,0.3381111491111111,180,180,180,180,180,180,180,180
2024-05-03 12:00:00+00:00,0.000126326062,0.00011212078514999999,0.0004949996374444444,0.0001030721099611111,0.008415591291666667,0.0002481119265,0.00015616168616666666,0.33938644411111113,180,180,180,180,180,180,180,180
2024-05-03 15:00:00+00:00,0.00012871380438888888,0.00011262211047222222,0.0004984600004444444,0.00010627681747222222,0.008438615655555556,0.00025059139611111113,0.0001553669796111111,0.3399360063333333,180,180,180,180,180,180,180,180
2024-05-03 18:00:00+00:00,0.00012876962073033707,0.00010847490524157303,0.0004999623033146068,0.0001058628981235955,0.008443861252808988,0.0002512253915730337,0.00015550523831460675,0.3398021215730337,178,178,178,178,178,178,178,178
2024-05-03 21:00:00+00:00,0.000127550737,0.00010821213030555554,0.0004994339528888889,0.00010488453810555555,0.008416813494444444,0.00025192817444444446,0.00015439149205555557,0.33955396977777774,180,180,180,180,180,180,180,180
2024-05-04 00:00:00+00:00,0.00012833134433333333,0.00010895896192777778,0.000502909408388889,0.00010544134934999999,0.008431956875,0.0002527279151666667,0.00015577866333333333,0.3395853927777778,180,180,180,180,180,180,180,180
2024-05-04 03:00:00+00:00,0.0001279973116111111,0.00010759616056666666,0.0004957055182222222,0.00010521082949444445,0.008379702383333333,0.0002504766779444444,0.00015335852888888888,0.33950365494444446,180,180,180,180,180,180,180,180
2024-05-04 06:00:00+00:00,0.0001286454053888889,0.00010556942956111112,0.0005026030802222222,0.00010682526603333334,0.008315823794444444,0.0002531705473888889,0.0001564186522777778,0.3402829181111111,180,180,180,180,180,180,180,180
2024-05-04 09:00:00+00:00,0.0001264552143888889,0.00010453746017777778,0.0004962345176111111,0.00010423080420555555,0.008299343788888889,0.0002487469018333333,0.0001521455646111111,0.3400534591111111,180,180,180,180,180,180,180,180
2024-05-04 12:00:00+00:00,0.00012682752172222224,0.00010656858418333334,0.0004995596213888889,0.00010430003593333332,0.008444270736111112,0.00024904943316666665,0.00015187829888888888,0.3413776866111111,180,180,180,180,180,180,180,180
2024-05-04 15:00:00+00:00,0.0001261821845,0.00010607007555555555,0.0004973927396666667,0.0001030161284,0.008448408063888888,0.0002493639921111111,0.00015299450044444445,0.34153365583333334,180,180,180,180,180,180,180,180
2024-05-04 18:00:00+00:00,0.00012655230095505617,0.00010621145633146067,0.0004988834962359551,0.00010195262691011237,0.008469206792134832,0.00024822208325842694,0.00015304715269662923,0.3413324484831461,178,178,178,178,178,178,178,178
2024-05-04 21:00:00+00:00,0.00012768801205555557,0.0001080025801,0.0005032844263333333,0.00010346658132777777,0.008495844052777778,0.0002524489245,0.000155590601,0.3416695632777778,180,180,180,180,180,180,180,180
2024-05-05 00:00:00+00:00,0.00012791329738888888,0.00010940931410555557,0.0005072639328333333,0.00010356980186111112,0.008527890591666667,0.0002534312101111111,0.00015478959516666667,0.3416614177777778,180,180,180,180,180,180,180,180
2024-05-05 03:00:00+00:00,0.0001255961473888889,0.00010691048057777777,0.0004969343638888888,0.00010256131367222221,0.008465388127777779,0.00024817457922222225,0.00015071195544444444,0.34113995844444445,180,180,180,180,180,180,180,180
2024-05-05 06:00:00+00:00,0.00012658168905555555,0.00010835564743333335,0.0005040450998888889,0.00010222049662222222,0.00840687595,0.0002509520869444444,0.00015060577066666666,0.3418939547222222,180,180,180,180,180,180,180,180
2024-05-05 09:00:00+00:00,0.0001290986461111111,0.00011347064874444443,0.0005166450946666667,0.00010629217701666666,0.008462504286111111,0.00025804880966666665,0.0001569755575,0.3433767605,180,180,180,180,180,180,180,180
2024-05-05 12:00:00+00:00,0.00012792529927777778,0.0001145550603111111,0.0005151153307777778,0.00010473389761111112,0.008586557063888889,0.00025511469061111113,0.00015463417883333333,0.34374689205555553,180,180,180,180,180,180,180,180
2024-05-05 15:00:00+00:00,0.0001303911121111111,0.00011777788383888888,0.0005229229464444445,0.00010616291235000001,0.008668504616666666,0.0002592905274444444,0.00015635306894444444,0.3444043182222222,180,180,180,180,180,180,180,180
2024-05-05 18:00:00+00:00,0.00013095607488764044,0.00011687237319101123,0.0005196641014044944,0.00010549256663483146,0.008636587721910113,0.00025474375966292136,0.00015646279258426965,0.3440325401123595,178,178,178,178,178,178,178,178
2024-05-05 21:00:00+00:00,0.00013058739016666668,0.00011275076473333333,0.0005128255593888889,0.00010403951442777777,0.008626798205555555,0.0002522066958333333,0.00015307381894444445,0.34396829883333335,180,180,180,180,180,180,180,180
2024-05-06 00:00:00+00:00,0.00013083908805555555,0.00011312801649444445,0.0005190930673888888,0.00010613612655,0.008673521683333333,0.0002577028131111111,0.0001568168641111111,0.3450206891111111,180,180,180,180,180,180,180,180
2024-05-06 03:00:00+00:00,0.00013270171833333332,0.00011469094058333333,0.0005233898452777778,0.00010833987553888889,0.008691727252777778,0.00026179831749999997,0.00015695096433333334,0.34597851016666664,180,180,180,180,180,180,180,180
2024-05-06 06:00:00+00:00,0.0001391917908888889,0.00012387520690555556,0.0005566042728888888,0.00011681066463333333,0.008738418761111111,0.000279997521,0.0001702709631111111,0.3482568227777778,180,180,180,180,180,180,180,180
2024-05-06 09:00:00+00:00,0.00013432382516666668,0.00012085516856111111,0.0005322320647222223,0.00010689529787777777,0.008643284658333333,0.0002614638977222222,0.00015665145083333334,0.34683067488888886,180,180,180,180,180,180,180,180
2024-05-06 12:00:00+00:00,0.00013464188233333334,0.00012165217074444444,0.0005250282297777778,0.00010483213707222223,0.008673300166666667,0.0002574405232222222,0.0001549491902222222,0.3466859523333333,180,180,180,180,180,180,180,180
2024-05-06 15:00:00+00:00,0.00013380631833333334,0.00011937202011666667,0.0005182122316666666,0.00010458623848333332,0.008656089627777778,0.0002564644815,0.0001566090608888889,0.34661003583333333,180,180,180,180,180,180,180,180
2024-05-06 18:00:00+00:00,0.00013418198534246575,0.00011936463212328766,0.0005158103794520549,0.00010438318419178083,0.008648848246575342,0.0002553394815068493,0.00015594738773972604,0.346420436369863,146,146,146,146,146,146,146,146
2024-05-06 21:00:00+00:00,0.00013766839496732027,0.00012231997730718954,0.000534456514117647,0.00010913107199999999,0.008748285205882353,0.0002678919573856209,0.000161947401372549,0.3478211585620915,153,153,153,153,153,153,153,153
2024-05-07 00:00:00+00:00,0.00013988827694444444,0.00012794698722222222,0.0005447845441111111,0.00010859053420555557,0.008819043566666667,0.0002712531358888889,0.00016424532605555556,0.34824963205555554,180,180,180,180,180,180,180,180
2024-05-07 03:00:00+00:00,0.00013787485872222222,0.0001272253672777778,0.0005329551305555556,0.00010607839465555555,0.008726483858333333,0.0002640278187222222,0.00016083960727777778,0.3473908612777778,180,180,180,180,180,180,180,180
2024-05-07 06:00:00+00:00,0.00013859266094444446,0.00012775748305555556,0.0005377036563333333,0.00010753979433333332,0.00863686681388889,0.00026618920477777775,0.00016200258377777779,0.34790999194444444,180,180,180,180,180,180,180,180
2024-05-07 09:00:00+00:00,0.0001363793455,0.00012785622849999999,0.0005297336106666667,0.00010816716801666667,0.008584311733333334,0.0002626377652222222,0.000160600679,0.34794288888888886,180,180,180,180,180,180,180,180
2024-05-07 12:00:00+00:00,0.00013643175422222223,0.00012644716,0.0005293386010000001,0.0001081934169388889,0.008676023236111111,0.0002617536468888889,0.0001608714346111111,0.34824375166666666,180,180,180,180,180,180,180,180
2024-05-07 15:00:00+00:00,0.00013822591949720669,0.00012871553262569832,0.000534360432849162,0.00011029752101675977,0.008712713427374301,0.00026453786575419,0.00016158377508379887,0.3486038889944134,179,179,179,179,179,179,179,179
2024-05-07 18:00:00+00:00,0.00014109912780898876,0.00013051010876404494,0.0005454604342134832,0.00011085327388764045,0.00877399722752809,0.00026762433455056184,0.00016127365792134831,0.34901468466292135,178,178,178,178,178,178,178,178
2024-05-07 21:00:00+00:00,0.0001433978218888889,0.00013321599994444444,0.0005561974608333333,0.00011277266896666667,0.008829986505555555,0.00027250386016666663,0.00016423860377777778,0.3496740276111111,180,180,180,180,180,180,180,180
2024-05-08 00:00:00+00:00,0.00014508317416666666,0.00013554422094444446,0.0005499394452222222,0.00011247938578888889,0.008796355338888888,0.00026985226261111114,0.00016565703116666665,0.3489638921666666,180,180,180,180,180,180,180,180
2024-05-08 03:00:00+00:00,0.00014783519266666666,0.0001379841907222222,0.0005702180828888889,0.00011564714042777776,0.008864664244444445,0.0002815226839444444,0.00016975560883333333,0.3498952765,180,180,180,180,180,180,180,180
2024-05-08 06:00:00+00:00,0.00014893035116959064,0.00014110759643274853,0.0005668780374269006,0.00011394054878947367,0.008772103804093568,0.0002768406286549708,0.00016760244573099415,0.34972996947368423,171,171,171,171,171,171,171,171
2024-05-08 09:00:00+00:00,0.0001495577027777778,0.00014161306999999998,0.0005635677301666667,0.000112649695,0.00871248311388889,0.00027402405999999997,0.00016727315922222222,0.3493954066111111,180,180,180,180,180,180,180,180
2024-05-08 12:00:00+00:00,0.00014920121255555555,0.00014336395566666668,0.0005646199977777778,0.00011339275188888889,0.008810966930555554,0.00027506378027777775,0.0001693770916111111,0.3496704652222222,180,180,180,180,180,180,180,180
2024-05-08 15:00:00+00:00,0.00014737844988888888,0.000139821925,0.0005573357878333334,0.00011279084095000001,0.008814762011111112,0.00027069870644444444,0.00016995865133333335,0.3493279611111111,180,180,180,180,180,180,180,180
2024-05-08 18:00:00+00:00,0.0001496300312857143,0.0001445044682857143,0.0005712076162142857,0.00011560140988571428,0.008912237996428572,0.0002799843737857143,0.00017155619535714285,0.35018761435714285,140,140,140,140,140,140,140,140
2024-05-08 21:00:00+00:00,0.00015442750611111111,0.00014950445127777777,0.0005878899389444444,0.00012048834772222222,0.008978528191666666,0.0002901876052777778,0.00017688696861111112,0.3507073751111111,180,180,180,180,180,180,180,180
2024-05-09 00:00:00+00:00,0.00015008693483333334,0.00014511561083333335,0.0005555609172777778,0.0001118262510111111,0.00881976235,0.0002694070911111111,0.00016707263105555554,0.3481479928888889,180,180,180,180,180,180,180,180
2024-05-09 03:00:00+00:00,0.00015062421605555555,0.00014661477527777778,0.0005563871999999999,0.00011244217492777778,0.008796192380555555,0.0002693980094444444,0.00016847561583333335,0.34834842972222224,180,180,180,180,180,180,180,180
2024-05-09 06:00:00+00:00,0.00015195993644444444,0.00014847954177777778,0.0005630236996666667,0.00011584593693888889,0.008723367377777777,0.00027518910844444446,0.0001723358662222222,0.3488632661666667,180,180,180,180,180,180,180,180
2024-05-09 09:00:00+00:00,0.00015560876527777778,0.00015450504755555556,0.0005856461441666667,0.000121562364,0.008830591758333332,0.000289260961,0.0001805007835,0.3511013636111111,180,180,180,180,180,180,180,180
2024-05-09 12:00:00+00:00,0.00015313649044444445,0.00015361387066666667,0.0005597941333333333,0.00011463260119999999,0.008803682052777777,0.00027131306699999997,0.000172635804,0.3493694457222222,180,180,180,180,180,180,180,180
2024-05-09 15:00:00+00:00,0.00015195493844444446,0.00015129384405555555,0.0005575197438888889,0.00011476309543333334,0.008781072175,0.0002719964932222222,0.0001735704705,0.3491188523888889,180,180,180,180,180,180,180,180
2024-05-09 18:00:00+00:00,0.00015192586833333332,0.00015382847145833334,0.0005584969729861111,0.000111566986625,0.008813174819444443,0.00027043813701388886,0.00016886881444444445,0.34953299499999996,144,144,144,144,144,144,144,144
2024-05-09 21:00:00+00:00,0.00015186993026548672,0.00015563329044247787,0.0005539898830088496,0.00011148324809734513,0.008784982530973451,0.0002661435074336283,0.0001694041303539823,0.3483268133628319,113,113,113,113,113,113,113,113
2024-05-10 00:00:00+00:00,0.00015267864366666666,0.00015634540077777778,0.0005448076843333333,0.00011178096597222222,0.008746882022222222,0.0002618014542777778,0.00016760133294444444,0.3479335037222222,180,180,180,180,180,180,180,180
2024-05-10 03:00:00+00:00,0.0001535249991111111,0.00015517011277777778,0.0005431064746111112,0.00011408587167777777,0.008742434594444444,0.0002632530297222222,0.00016905877183333334,0.3484857248888889,180,180,180,180,180,180,180,180
2024-05-10 06:00:00+00:00,0.00015811342077777778,0.00015898964627777777,0.0005761024558888888,0.0001237234707111111,0.008775024355555557,0.00028550780683333333,0.00018598935088888887,0.35061836933333335,180,180,180,180,180,180,180,180
2024-05-10 09:00:00+00:00,0.0001552678807222222,0.00015941540033333331,0.0005503663282222222,0.00011534286973333333,0.008699689822222221,0.00026775201561111115,0.00017257278222222223,0.35005964777777776,180,180,180,180,180,180,180,180
2024-05-10 12:00:00+00:00,0.00015805510155555557,0.00016222159966666666,0.0005555168886111112,0.00011672754845,0.008838904922222222,0.0002689573102222222,0.0001739956945,0.35135042394444443,180,180,180,180,180,180,180,180
2024-05-10 15:00:00+00:00,0.0001575832396111111,0.00015854262577777778,0.0005522127587222223,0.0001157954368888889,0.008873018452777777,0.00026900146166666664,0.00017323212155555555,0.35258903494444443,180,180,180,180,180,180,180,180
2024-05-10 18:00:00+00:00,0.0001577107765536723,0.0001590151879661017,0.0005524035672881357,0.00011527869014689265,0.008882134084745762,0.000270129254180791,0.00017357570875706216,0.3531439363841808,177,177,177,177,177,177,177,177
2024-05-10 21:00:00+00:00,0.0001570153768888889,0.00016140024916666668,0.0005535225042777777,0.00011569397615,0.008909361233333333,0.0002712416792222222,0.00017587458944444442,0.3536176251111111,180,180,180,180,180,180,180,180
2024-05-11 00:00:00+00:00,0.0001640337155,0.00016846733688888888,0.0005873517305,0.00012734737041666667,0.0090966388,0.00028979808583333335,0.00019515902155555555,0.35621178188888886,180,180,180,180,180,180,180,180
2024-05-11 03:00:00+00:00,0.00015759230177777778,0.00016438037461111111,0.0005588435338333333,0.00011533085277777778,0.009024873413888888,0.00027391042705555556,0.00017506575933333334,0.35567929305555557,180,180,180,180,180,180,180,180
2024-05-11 06:00:00+00:00,0.00015948522438888888,0.0001659503613333333,0.0005540254669444445,0.00011454205187777779,0.008892962147222223,0.0002703869980555556,0.00017440583977777776,0.3557204706111111,180,180,180,180,180,180,180,180
2024-05-11 09:00:00+00:00,0.00016325448144444444,0.00016816569466666668,0.000562347381,0.00011847561734444445,0.008916146316666667,0.00027682955749999997,0.00017969865872222222,0.35735888527777776,180,180,180,180,180,180,180,180
2024-05-11 12:00:00+00:00,0.00016442882577777777,0.0001713258597222222,0.0005656486309444445,0.00011545197893888888,0.00906333426388889,0.0002746693727777778,0.0001794587508888889,0.3584968696666667,180,180,180,180,180,180,180,180
2024-05-11 15:00:00+00:00,0.00016710182205555556,0.00017458630450000002,0.0005758061279444444,0.00011678629925555555,0.00917713158611111,0.00028051792333333333,0.000180976373,0.3606976625,180,180,180,180,180,180,180,180
2024-05-11 18:00:00+00:00,0.0001649397452247191,0.000170381642752809,0.0005599790998314606,0.00011421360540449438,0.009147440233146066,0.00027634799494382023,0.00017778186853932584,0.36087923556179774,178,178,178,178,178,178,178,178
2024-05-11 21:00:00+00:00,0.0001640316058888889,0.00016858815627777778,0.0005591731857222223,0.00011484652523333334,0.009154745169444445,0.000276167401,0.00017643388483333332,0.3613985536666666,180,180,180,180,180,180,180,180
2024-05-12 00:00:00+00:00,0.00016357514305555555,0.00016697219416666667,0.0005614070608888889,0.00011615722989444444,0.009214214872222222,0.00027816809966666665,0.00017942554672222222,0.3624117958888889,180,180,180,180,180,180,180,180
2024-05-12 03:00:00+00:00,0.00016365366627777778,0.00016910892238888888,0.0005668963754444444,0.00011717620494444445,0.009274749230555556,0.0002810654222777778,0.00018008826333333334,0.3638052385555555,180,180,180,180,180,180,180,180
2024-05-12 06:00:00+00:00,0.00016596094316666666,0.00017402306466666667,0.0005744546685555555,0.00011662122098888888,0.009255555741666668,0.00027991875105555557,0.0001791072463333333,0.3651156234444444,180,180,180,180,180,180,180,180
2024-05-12 09:00:00+00:00,0.0001667840802222222,0.00017425969822222224,0.0005705300905555555,0.00011713781670555555,0.009203824083333333,0.00027882160688888887,0.00017987799027777777,0.36576269733333333,180,180,180,180,180,180,180,180
2024-05-12 12:00:00+00:00,0.00016760479194444445,0.00017437930455555556,0.0005682977963888889,0.00011613756359444445,0.009275836963888888,0.00027814057833333333,0.0001796368873888889,0.3663102117222223,180,180,180,180,180,180,180,180
2024-05-12 15:00:00+00:00,0.0001692051281111111,0.00017385808483333333,0.0005722232591111111,0.00011676213955555555,0.009327619433333333,0.0002800857552777778,0.00018102547316666665,0.36732148905555556,180,180,180,180,180,180,180,180
2024-05-12 18:00:00+00:00,0.00016882006578651686,0.0001759226038202247,0.0005699253664044944,0.00011596089864044943,0.009346220516853932,0.00027929696213483145,0.00018170318971910112,0.36798146095505624,178,178,178,178,178,178,178,178
2024-05-12 21:00:00+00:00,0.00017197347105555555,0.00017853116066666669,0.0005730045444444444,0.00011691040341666667,0.009378459280555557,0.0002788714871111111,0.00018120392544444445,0.3686695768888889,180,180,180,180,180,180,180,180
2024-05-13 00:00:00+00:00,0.0001729630918888889,0.00017696032827777778,0.0005755342161666666,0.00011605394281666667,0.009442053697222223,0.00027911445033333335,0.0001815144283888889,0.3698202587222222,180,180,180,180,180,180,180,180
2024-05-13 03:00:00+00:00,0.000170931453,0.00017643949744444444,0.0005700370505555556,0.00011527842925555554,0.009422933052777777,0.0002776896663333333,0.0001800934525,0.3705233926666667,180,180,180,180,180,180,180,180
2024-05-13 06:00:00+00:00,0.00017270402116666668,0.0001777777731111111,0.0005749321314444444,0.00011567961752777778,0.009397334972222221,0.00028020233411111113,0.00018242617644444444,0.37232336149999995,180,180,180,180,180,180,180,180
2024-05-13 09:00:00+00:00,0.00017435087777777777,0.00017908027572222223,0.0005915936897777778,0.00012027103806111111,0.009497267958333333,0.0002887016068333333,0.00018724193394444445,0.3746401281666667,180,180,180,180,180,180,180,180
2024-05-13 12:00:00+00:00,0.0001710797616111111,0.00017812710516666665,0.0005881373133333333,0.00011727720026111112,0.009616523705555555,0.00028543217150000003,0.0001860201513888889,0.3751488052222222,180,180,180,180,180,180,180,180
2024-05-13 15:00:00+00:00,0.00017018576247126437,0.0001795463420689655,0.0005837606214942529,0.00011569174267241379,0.00963673691954023,0.00028398255649425287,0.00018489100574712645,0.3754957314367816,174,174,174,174,174,174,174,174
2024-05-13 18:00:00+00:00,0.0001729458236516854,0.00018420793926966292,0.0005845408399438203,0.00011434612585393259,0.009666697081460673,0.00028276310707865167,0.00018392896910112357,0.37591644528089885,178,178,178,178,178,178,178,178
2024-05-13 21:00:00+00:00,0.0001729941683888889,0.00018189177722222223,0.0005813124502222222,0.00011319854076111111,0.009662652786111111,0.0002812099996111111,0.0001826913836111111,0.3759013909444444,180,180,180,180,180,180,180,180
2024-05-14 00:00:00+00:00,0.0001735730303888889,0.00018105014788888892,0.0005853256986666667,0.00011428059716666667,0.00968202035,0.0002820804778333333,0.00018102522427777777,0.3761034334444444,180,180,180,180,180,180,180,180
2024-05-14 03:00:00+00:00,0.0001732246293888889,0.0001796355235,0.0005806896676111112,0.00011256852071111112,0.009669013433333333,0.00028036959205555555,0.00017853745450000002,0.37686460388888887,180,180,180,180,180,180,180,180
2024-05-14 06:00:00+00:00,0.00017261720716666665,0.000177359872,0.0005801160726666666,0.00011129132597222223,0.009597049983333333,0.00028065628922222224,0.00017992046105555555,0.37776985105555555,180,180,180,180,180,180,180,180
2024-05-14 09:00:00+00:00,0.00017303781777777778,0.0001793291083888889,0.0005877596415,0.00011226235277777778,0.009621509769444444,0.0002845792449444444,0.00017863926366666665,0.37870271872222216,180,180,180,180,180,180,180,180
2024-05-14 12:00:00+00:00,0.00017067424972222223,0.00017885585005555555,0.0005848897312222222,0.00011271277650555555,0.009702909344444444,0.00028121924877777776,0.00017712410922222224,0.37853216744444446,180,180,180,180,180,180,180,180
2024-05-14 15:00:00+00:00,0.00017147885022222222,0.00017952710377777778,0.0005920533477222223,0.00011799154073888889,0.00979090256388889,0.00028779449900000003,0.00018330677716666666,0.38018951288888886,180,180,180,180,180,180,180,180
2024-05-14 18:00:00+00:00,0.00016957687983146068,0.00018031559803370785,0.000597243453258427,0.00011863009537078651,0.009854856567415731,0.0002877055869662921,0.00018061172971910113,0.3808720541011236,178,178,178,178,178,178,178,178
2024-05-14 21:00:00+00:00,0.00016864222366666667,0.00018116231066666664,0.0005921592134444444,0.00011759227892777777,0.009875576213888888,0.0002847286558333333,0.00017662301883333332,0.3811561020555555,180,180,180,180,180,180,180,180
2024-05-15 00:00:00+00:00,0.00017189925527777777,0.00018314546616666667,0.0005921594098888889,0.00011585276036666667,0.00987352873611111,0.0002840112199444444,0.00017697570227777777,0.38127751400000004,180,180,180,180,180,180,180,180
2024-05-15 03:00:00+00:00,0.0001733354265,0.00018419382,0.0005900532946111111,0.00011655354172222222,0.009844708422222221,0.0002834126798333333,0.00017654589155555555,0.3815505048888889,180,180,180,180,180,180,180,180
2024-05-15 06:00:00+00:00,0.00017562898400000002,0.00018536983627777777,0.0005928145406666667,0.00011403018040555556,0.009782109080555556,0.0002849628273888889,0.00017944887250000003,0.38265452761111113,180,180,180,180,180,180,180,180
2024-05-15 09:00:00+00:00,0.00017483256633333335,0.00018427925505555556,0.0005984367637222222,0.00011634507644444444,0.009819944858333334,0.00028677096322222225,0.0001800447823888889,0.3839182843888889,180,180,180,180,180,180,180,180
2024-05-15 12:00:00+00:00,0.0001781307931111111,0.00018537756588888886,0.0005990277415555556,0.00011611111192222221,0.009927613077777777,0.0002868236207777778,0.00018320346555555556,0.38456875711111116,180,180,180,180,180,180,180,180
2024-05-15 15:00:00+00:00,0.00017634018772222224,0.00018322807161111113,0.0006026697450555556,0.00011625617282777778,0.009990861855555555,0.00028778002566666667,0.00018134608977777778,0.3856907378888889,180,180,180,180,180,180,180,180
2024-05-15 18:00:00+00:00,0.0001742710485,0.00018392967785714286,0.000601010988,0.00011671270725,0.01000200265,0.00028845243692857147,0.0001810976204285714,0.38601543128571425,140,140,140,140,140,140,140,140
2024-05-15 21:00:00+00:00,0.000173456756,0.0001836682416111111,0.000598200673,0.00011626480848333334,0.010001542755555556,0.0002884419776111111,0.00018043860927777778,0.3860286841111111,180,180,180,180,180,180,180,180
2024-05-16 00:00:00+00:00,0.00017435482166666666,0.00018413738049999999,0.0006006366488888889,0.00011540554734444444,0.010024216086111112,0.00028794200872222223,0.00018132143544444447,0.3857732170555555,180,180,180,180,180,180,180,180
2024-05-16 03:00:00+00:00,0.00017518029961111114,0.00018485232994444446,0.0005995107602222222,0.00011497503718333333,0.010002366766666666,0.0002871261181666667,0.0001806159265,0.38593840444444444,180,180,180,180,180,180,180,180
2024-05-16 06:00:00+00:00,0.0001753321006111111,0.00018386639055555557,0.0006001395272777777,0.00011420313411666666,0.009913266880555556,0.00028837595561111113,0.00018147118,0.3869244438888889,180,180,180,180,180,180,180,180
2024-05-16 09:00:00+00:00,0.00017490491477777778,0.00018307972577777777,0.0006025880156666667,0.00011516910222777778,0.009943730141666666,0.00028975535372222224,0.00018339405833333333,0.3881489417777778,180,180,180,180,180,180,180,180
2024-05-16 12:00:00+00:00,0.00017512023094444447,0.000184231799,0.0006070812651666667,0.00011767467686666666,0.010072942805555556,0.0002915234302777778,0.0001843504257777778,0.38848591122222226,180,180,180,180,180,180,180,180
2024-05-16 15:00:00+00:00,0.0001754213675,0.00018479693805555558,0.0006172266286666667,0.00011894623872222222,0.010192636758333333,0.00029604819944444445,0.00018398145477777777,0.38962557405555553,180,180,180,180,180,180,180,180
2024-05-16 18:00:00+00:00,0.00017600928943820225,0.00018677693949438202,0.0006179912906741573,0.00011791867334831461,0.010195316426966292,0.00029551691129213486,0.00018422306758426966,0.3901099355617978,178,178,178,178,178,178,178,178
2024-05-16 21:00:00+00:00,0.00017628615966666666,0.00018610417655555558,0.0006172209368333333,0.00011738385280555557,0.0101956575,0.00029342698827777776,0.00018355737072222223,0.3898847252777778,180,180,180,180,180,180,180,180
2024-05-17 00:00:00+00:00,0.00017666927888888888,0.00018519964538888888,0.0006213118061666667,0.00011918345837777777,0.010226170522222222,0.0002958701747777778,0.00018339267455555556,0.3900486782222222,180,180,180,180,180,180,180,180
2024-05-17 03:00:00+00:00,0.00017620513811111111,0.0001848964773888889,0.0006096903470555556,0.00011628296172777777,0.010147539230555556,0.00029274259799999997,0.00018357573655555556,0.3896468951111111,180,180,180,180,180,180,180,180
2024-05-17 06:00:00+00:00,0.00017503933250000002,0.0001832976215,0.0006096401061111112,0.00011597928764444443,0.010052250555555555,0.0002925146338888889,0.00018126712383333333,0.3897248507777778,180,180,180,180,180,180,180,180
2024-05-17 09:00:00+00:00,0.00017523850772222223,0.00018476798866666667,0.0006093708418333333,0.00011583133751666666,0.010021075363888889,0.0002912193647222222,0.00018094037850000002,0.39001916711111106,180,180,180,180,180,180,180,180
2024-05-17 12:00:00+00:00,0.00017489802405555558,0.00018451470861111113,0.0006136473027777778,0.00011738131038333334,0.010164220172222222,0.00029430372005555554,0.00018441544666666665,0.39109862061111106,180,180,180,180,180,180,180,180
2024-05-17 15:00:00+00:00,0.00017397296688888888,0.000183772412,0.0006120329522222222,0.00011538067343888889,0.010193131277777778,0.00029373656838888886,0.00018258999755555558,0.39112984133333334,180,180,180,180,180,180,180,180
2024-05-17 18:00:00+00:00,0.0001752876927777778,0.00018553345211111112,0.0006163332759444444,0.00011848341826666667,0.010229798733333333,0.0002968142801111111,0.00018543529266666666,0.3913556418888889,180,180,180,180,180,180,180,180
2024-05-17 21:00:00+00:00,0.0001749014587777778,0.00018810766772222223,0.0006191839447777778,0.00012034259658333333,0.010223435816666666,0.0002994257354444444,0.00018860838194444446,0.3906499428333333,180,180,180,180,180,180,180,180
2024-05-18 00:00:00+00:00,0.00017181945438888888,0.0001838257515,0.0006082020455,0.00011632950243333333,0.01016864288611111,0.0002932676994444444,0.0001817029211111111,0.38941218727777777,180,180,180,180,180,180,180,180
2024-05-18 03:00:00+00:00,0.00017379146711111112,0.00018399672755555553,0.0006134283982222222,0.00011696848605000001,0.010202684711111111,0.0002944179973333333,0.00018298136116666667,0.3901329353888889,180,180,180,180,180,180,180,180
2024-05-18 06:00:00+00:00,0.000172976451,0.00018120714194444444,0.0006047900402222222,0.00011426811179444444,0.010042702652777777,0.00028995051111111114,0.0001794587351111111,0.3891224998333333,180,180,180,180,180,180,180,180
2024-05-18 09:00:00+00:00,0.00017251956466666666,0.00017958993149999998,0.0006013435632777778,0.00011411351951111111,0.010000451866666668,0.00028949551144444443,0.00017866685211111112,0.3886991852777778,180,180,180,180,180,180,180,180
2024-05-18 12:00:00+00:00,0.000172330721,0.0001773500848888889,0.000600060019111111,0.00011629722491111111,0.010065014422222221,0.00028968988872222226,0.0001787943845,0.388077477,180,180,180,180,180,180,180,180
2024-05-18 15:00:00+00:00,0.00017162522444444446,0.00017697546422222222,0.0006011808031111111,0.00011613123346111112,0.010081916011111112,0.000290437273,0.00017824857244444446,0.38787470438888894,180,180,180,180,180,180,180,180
2024-05-18 18:00:00+00:00,0.00017233238005617978,0.00017741348713483149,0.0006044745163483146,0.00011710121978089889,0.010113433351123595,0.00029313511915730336,0.00017888727601123594,0.3875214747752809,178,178,178,178,178,178,178,178
2024-05-18 21:00:00+00:00,0.00017094998311111112,0.00017546241305555556,0.0006019836657222223,0.00011580952113888888,0.010096931016666668,0.00029063768500000003,0.0001782594197777778,0.38642560727777775,180,180,180,180,180,180,180,180
2024-05-19 00:00:00+00:00,0.00017082056227777777,0.000175977862,0.0006051935573333333,0.0001146736303,0.010115391033333334,0.0002889321912777778,0.00017662946966666665,0.3859052332777778,180,180,180,180,180,180,180,180
2024-05-19 03:00:00+00:00,0.00017055946372222222,0.00017562021766666665,0.0006045215723888889,0.00011394721149444443,0.01009827715,0.000288121798,0.0001750889987777778,0.3855779235,180,180,180,180,180,180,180,180
2024-05-19 06:00:00+00:00,0.00017044943211111111,0.00017567941955555556,0.0006036142521111111,0.00011346372306666666,0.009995757847222222,0.0002872964612777778,0.0001750215915,0.3853991543333333,180,180,180,180,180,180,180,180
2024-05-19 09:00:00+00:00,0.0001704529277222222,0.00017618244022222222,0.0006001038306666667,0.0001133147909,0.009945893488888888,0.0002868728937777778,0.00017374413727777778,0.3847057377777778,180,180,180,180,180,180,180,180
2024-05-19 12:00:00+00:00,0.00017117912105555556,0.00017521809294444445,0.0006032016734444445,0.00011365432144444446,0.010040231886111112,0.00028971558644444445,0.00017533712177777777,0.38454697050000003,180,180,180,180,180,180,180,180
2024-05-19 15:00:00+00:00,0.00016967467583333334,0.00017448446961111113,0.0006079567749999999,0.00011532416483333333,0.010103447724999999,0.0002921006136111111,0.00017773671866666666,0.3845952071666667,180,180,180,180,180,180,180,180
2024-05-19 18:00:00+00:00,0.00016800174960674157,0.00017515567713483147,0.0006027549011235955,0.00011486221213483146,0.010040272219101124,0.00028954590219101124,0.00017599441387640448,0.3833059984269663,178,178,178,178,178,178,178,178
2024-05-19 21:00:00+00:00,0.0001686182305,0.00017514881116666668,0.0006019904126111111,0.00011609433627777779,0.010016886494444445,0.0002877704457222222,0.00017838055094444443,0.38170791111111113,180,180,180,180,180,180,180,180
2024-05-20 00:00:00+00:00,0.0001683794167222222,0.00017393563333333332,0.0005944911467222222,0.00011432046625555557,0.009960674922222221,0.00028537181577777777,0.00017544061416666668,0.38099997522222223,180,180,180,180,180,180,180,180
2024-05-20 03:00:00+00:00,0.00016833821172222222,0.0001715974297777778,0.0005978295688888889,0.0001159516479888889,0.009975069213888889,0.0002888766591666667,0.00017815046705555557,0.381197094,180,180,180,180,180,180,180,180
2024-05-20 06:00:00+00:00,0.00016717791483333332,0.00017021886644444443,0.0005969787462222222,0.00011412117633333332,0.00985940881111111,0.00028771863183333333,0.0001775213475,0.38018578,180,180,180,180,180,180,180,180
2024-05-20 09:00:00+00:00,0.0001653484546111111,0.00016859840644444445,0.000587189701,0.0001122364511611111,0.00974962526111111,0.0002847664473888889,0.00017183622911111113,0.3791911025,180,180,180,180,180,180,180,180
2024-05-20 12:00:00+00:00,0.00016557516205555555,0.0001675065368333333,0.0005842080127222223,0.00011382213293888888,0.009792092997222222,0.0002831590107222222,0.00017077770244444443,0.37809178,180,180,180,180,180,180,180,180
2024-05-20 15:00:00+00:00,0.00016663179455555556,0.0001663606193888889,0.0005865896390555555,0.00011439033095555554,0.009820787047222222,0.00028525975694444446,0.00017411285805555554,0.37811998277777775,180,180,180,180,180,180,180,180
2024-05-20 18:00:00+00:00,0.0001652486656741573,0.00016604667949438203,0.0005891750170224719,0.00011523840525842698,0.009815600435393259,0.00028653390769662923,0.00017323584786516853,0.37696424769662923,178,178,178,178,178,178,178,178
2024-05-20 21:00:00+00:00,0.00016390519816666667,0.00016610139144444445,0.0005870225166111111,0.00011516059951111111,0.009788272047222223,0.0002850051851111111,0.0001747874451111111,0.37545468083333333,180,180,180,180,180,180,180,180
2024-05-21 00:00:00+00:00,0.00016449985072222224,0.00016497122983333333,0.0005844421092222222,0.00011412995835,0.009767707863888888,0.00028463660283333333,0.00017662789505555555,0.37483731649999996,180,180,180,180,180,180,180,180
2024-05-21 03:00:00+00:00,0.00016478602394444445,0.00016411057744444445,0.0005816799590555556,0.00011464630943333334,0.009708075680555555,0.00028212130705555555,0.0001752304676666667,0.37382950900000006,180,180,180,180,180,180,180,180
2024-05-21 06:00:00+00:00,0.00016372181477777777,0.00016221025322222222,0.0005766943537222223,0.00011353629293888889,0.009563342763888889,0.00028046994811111115,0.00017576350999999997,0.3729608105555555,180,180,180,180,180,180,180,180
2024-05-21 09:00:00+00:00,0.00016348478627777776,0.00016086831827777777,0.0005767774215555555,0.00011404750268333334,0.009534532986111111,0.00028193486061111114,0.00017594126094444443,0.37237537900000006,180,180,180,180,180,180,180,180
2024-05-21 12:00:00+00:00,0.0001642360415,0.00016000649577777777,0.0005775144617222222,0.00011545557152222223,0.009604899691666667,0.00028202655394444446,0.00017837155333333334,0.3717187603333333,180,180,180,180,180,180,180,180
2024-05-21 15:00:00+00:00,0.00016387571427777778,0.0001591776191111111,0.0005767726260555555,0.00011523640601111112,0.009587339605555556,0.0002816214948888889,0.00017830074938888889,0.3709181267777778,180,180,180,180,180,180,180,180
2024-05-21 18:00:00+00:00,0.00016285591342696628,0.00015770017028089888,0.0005730210206179775,0.00011315402178651684,0.009522634567415731,0.00027980416,0.00017739676162921347,0.369190396235955,178,178,178,178,178,178,178,178
2024-05-21 21:00:00+00:00,0.00016311947572222223,0.00015991211549999998,0.0005732771039444445,0.00011340532686666667,0.009523558144444444,0.0002795810560555556,0.0001771790928888889,0.3682748232777777,180,180,180,180,180,180,180,180
2024-05-22 00:00:00+00:00,0.00016381618977777778,0.00015978409205555556,0.0005695757174444445,0.00011426099887777777,0.009464704580555556,0.00027700121233333334,0.00017568198433333334,0.3666782465,180,180,180,180,180,180,180,180
2024-05-22 03:00:00+00:00,0.0001655228005,0.00015949586211111113,0.0005737326495,0.00011577846880555555,0.009446943294444444,0.00027848414405555553,0.00017723906583333332,0.36612094505555554,180,180,180,180,180,180,180,180
2024-05-22 06:00:00+00:00,0.00016322047561111112,0.00015821601177777779,0.000568125935,0.00011517145821666666,0.009317570241666667,0.0002761507002777778,0.0001754225026111111,0.3651738625555555,180,180,180,180,180,180,180,180
2024-05-22 09:00:00+00:00,0.00016236078905555555,0.0001589226242222222,0.0005688222877777778,0.00011387300326111112,0.009271484988888887,0.0002741517533333333,0.00017642557316666668,0.3643095567222222,180,180,180,180,180,180,180,180
2024-05-22 12:00:00+00:00,0.00016273865538888888,0.00016009794599999998,0.0005691151175555556,0.00011361066517222223,0.00932073903611111,0.00027293932494444444,0.00017470806477777777,0.36364051227777777,180,180,180,180,180,180,180,180
2024-05-22 15:00:00+00:00,0.0001625727443888889,0.00016074386933333332,0.0005661493335,0.00011423189699444444,0.009307750097222223,0.0002725738404444444,0.0001732569913888889,0.3631012330555556,180,180,180,180,180,180,180,180
2024-05-22 18:00:00+00:00,0.00016202705464285713,0.00015921965271428572,0.0005674639849285715,0.00011444975440714285,0.009301774907142856,0.0002720046217142857,0.00017315767014285715,0.3620536288571428,140,140,140,140,140,140,140,140
2024-05-22 21:00:00+00:00,0.0001606814242777778,0.00015998725066666668,0.0005667620916666667,0.00011345840174444444,0.009272868702777777,0.00027170455077777777,0.0001732663201111111,0.3604751288888889,180,180,180,180,180,180,180,180
2024-05-23 00:00:00+00:00,0.00015975861711111112,0.00016007366755555556,0.0005633232717222222,0.00011480335725,0.00923750176111111,0.00027220657066666663,0.00017386749255555555,0.35932452127777775,180,180,180,180,180,180,180,180
2024-05-23 03:00:00+00:00,0.00015923338516666665,0.00016105208655555557,0.0005618796615555556,0.00011414096729444444,0.009211136025,0.0002716613458888889,0.00017177501205555557,0.3586549906111111,180,180,180,180,180,180,180,180
2024-05-23 06:00:00+00:00,0.00015795429805555555,0.00015974490077777777,0.0005635073785555556,0.00011332433546111111,0.009105926472222222,0.000269530445,0.00017145620988888888,0.35758559177777777,180,180,180,180,180,180,180,180
2024-05-23 09:00:00+00:00,0.000155915604,0.00015654756972222222,0.0005502647156666666,0.00011120530111666668,0.008953769525,0.0002644222387222222,0.00016962467294444445,0.35579913494444443,180,180,180,180,180,180,180,180
2024-05-23 12:00:00+00:00,0.00015694080466666666,0.0001567625446111111,0.0005497147917777778,0.00011161669711111112,0.00899510635,0.00026377211422222224,0.00016908470905555554,0.35486236744444444,180,180,180,180,180,180,180,180
2024-05-23 15:00:00+00:00,0.000156956037,0.0001543276606111111,0.0005459568155555556,0.00011074862786111112,0.008962350583333334,0.0002620614071111111,0.00016673321866666666,0.35363328155555557,180,180,180,180,180,180,180,180
2024-05-23 18:00:00+00:00,0.0001568907511235955,0.00015211008904494381,0.0005412824364044944,0.00011126542742696628,0.008910996764044945,0.00025853856078651683,0.00016726949264044943,0.3518263914044944,178,178,178,178,178,178,178,178
2024-05-23 21:00:00+00:00,0.0001572366267777778,0.00014938144588888888,0.0005396009577222223,0.00011016079013888889,0.008887695094444445,0.00025977762316666664,0.00016837376627777778,0.35101248349999997,180,180,180,180,180,180,180,180
2024-05-24 00:00:00+00:00,0.0001567610243888889,0.0001479816485,0.0005334211361666667,0.00010967554353333334,0.008843948683333333,0.00025768652744444443,0.0001687691427222222,0.3500802188888889,180,180,180,180,180,180,180,180
2024-05-24 03:00:00+00:00,0.00015554032955555555,0.00014702623983333334,0.0005292404906111111,0.00010910655426111112,0.008772817269444445,0.0002566300267222222,0.00017040416855555556,0.3488102031111111,180,180,180,180,180,180,180,180
2024-05-24 06:00:00+00:00,0.00015603378794444445,0.00014837179933333334,0.0005373697481111111,0.00010964530560555556,0.00871221466388889,0.0002618579482222222,0.00017061428883333334,0.34872074894444444,180,180,180,180,180,180,180,180
2024-05-24 09:00:00+00:00,0.000154612511,0.00014802438655555557,0.0005242564526666667,0.0001083785778,0.008615292883333334,0.0002552971402222222,0.00016618009861111112,0.3474151476111111,180,180,180,180,180,180,180,180
2024-05-24 12:00:00+00:00,0.00015394823966666666,0.00014839283066666668,0.000519786648,0.00010652994303333333,0.008631815075,0.0002526986018333333,0.00016507749327777777,0.34617345511111114,180,180,180,180,180,180,180,180
2024-05-24 15:00:00+00:00,0.00015088748605555555,0.00014284565511111112,0.0005089139597222222,0.00010546433018888889,0.008549632308333334,0.00024917493855555555,0.00016235574966666668,0.3446666935,180,180,180,180,180,180,180,180
2024-05-24 18:00:00+00:00,0.00015056226494382022,0.00014171116926966291,0.0005087942386516855,0.00010565029992696629,0.008536017047752809,0.0002504819799438202,0.00016301070050561798,0.344189859494382,178,178,178,178,178,178,178,178
2024-05-24 21:00:00+00:00,0.000149494913,0.00014070031794444446,0.0005088831733333334,0.00010592969932777778,0.008534645958333333,0.0002501803916666667,0.0001645922813888889,0.34328361827777776,180,180,180,180,180,180,180,180
2024-05-25 00:00:00+00:00,0.0001492502985,0.0001419437266111111,0.0005058428013333334,0.0001048683797888889,0.008499531636111111,0.0002483577466111111,0.00016338637172222221,0.34218825633333333,180,180,180,180,180,180,180,180
2024-05-25 03:00:00+00:00,0.00014852105294444444,0.0001393907012777778,0.0004981277777222222,0.00010452059368333334,0.008417919322222222,0.00024556698333333334,0.00016071940005555555,0.3410348273888889,180,180,180,180,180,180,180,180
2024-05-25 06:00:00+00:00,0.000148127778,0.00013775326666666667,0.0004985549128333333,0.00010347639149444443,0.008333984652777777,0.0002448869660555556,0.00016176985077777777,0.34109074772222225,180,180,180,180,180,180,180,180
2024-05-25 09:00:00+00:00,0.00014807328466666665,0.000136167052,0.0004955840184444444,0.00010469956156666666,0.008286581294444444,0.0002447216458333333,0.00016063355166666667,0.3407896691666667,180,180,180,180,180,180,180,180
2024-05-25 12:00:00+00:00,0.00014847736666666667,0.00013562637977777777,0.000495624388,0.00010449724767777778,0.008357327069444444,0.00024477988644444447,0.0001615716003888889,0.3407899861111111,180,180,180,180,180,180,180,180
2024-05-25 15:00:00+00:00,0.00014831529522222223,0.00013448336422222223,0.0004954301365555555,0.00010448894361111112,0.008375009172222222,0.0002462809206111111,0.00016333318838888887,0.34096526111111114,180,180,180,180,180,180,180,180
2024-05-25 18:00:00+00:00,0.0001467572008988764,0.00013177031297752808,0.0004946379424719101,0.00010452789870786516,0.008363880848314607,0.0002455225286516854,0.0001621138158988764,0.34038488707865167,178,178,178,178,178,178,178,178
2024-05-25 21:00:00+00:00,0.00014521301522222224,0.00013032480633333332,0.0004949172587222222,0.00010542698048888888,0.008366244777777778,0.00024497071211111113,0.00016257417433333332,0.340029473,180,180,180,180,180,180,180,180
2024-05-26 00:00:00+00:00,0.00014413772927777778,0.00013068129855555555,0.0004965998428888889,0.00010554103098888889,0.008385965502777778,0.0002463368467777778,0.0001633372851111111,0.3401504678888889,180,180,180,180,180,180,180,180
2024-05-26 03:00:00+00:00,0.00014363613533333332,0.00012978577594444446,0.0004922198935,0.0001038408346,0.008322250786111112,0.00024394727227777777,0.0001610702551666667,0.3394785765555555,180,180,180,180,180,180,180,180
2024-05-26 06:00:00+00:00,0.0001429879372222222,0.00012992298444444445,0.0004889308182222222,0.00010310675970555556,0.008218847086111111,0.00024273645727777778,0.00015999072394444445,0.3389694951666667,180,180,180,180,180,180,180,180
2024-05-26 09:00:00+00:00,0.00014381868577777778,0.0001311316211111111,0.0004907309826111111,0.00010350810335,0.008198061716666667,0.0002436836256111111,0.00015972059072222222,0.3388230515555556,180,180,180,180,180,180,180,180
2024-05-26 12:00:00+00:00,0.00014359386088888887,0.0001286391401111111,0.0004899028541111111,0.00010211201041666666,0.008244110977777778,0.00024200498205555556,0.00015908563566666668,0.3384743967222222,180,180,180,180,180,180,180,180
2024-05-26 15:00:00+00:00,0.00014250427133333333,0.00012742425533333334,0.0004900026922777778,0.00010253701197777778,0.008263881808333333,0.00024306421777777777,0.00015841668711111113,0.3387434046666667,180,180,180,180,180,180,180,180
2024-05-26 18:00:00+00:00,0.00014219975898876403,0.00012733366348314606,0.000488914988483146,0.00010317992743258427,0.008277701401685393,0.0002420528049438202,0.00015654367764044943,0.33881771606741573,178,178,178,178,178,178,178,178
2024-05-26 21:00:00+00:00,0.0001425812885,0.00012633091233333333,0.0004890163197222222,0.00010332343537222221,0.008286088411111111,0.0002419067553888889,0.0001579113906111111,0.33847800266666667,180,180,180,180,180,180,180,180
2024-05-27 00:00:00+00:00,0.00014284035077777776,0.00012642740177777777,0.000491898624388889,0.00010424810185,0.00830757471111111,0.00024386361655555556,0.0001585313867222222,0.3386467067777778,180,180,180,180,180,180,180,180
2024-05-27 03:00:00+00:00,0.000142367496,0.00012525618277777777,0.0004906993043888888,0.00010288778138333333,0.008295871986111111,0.00024310142005555554,0.0001565069023888889,0.33867115955555555,180,180,180,180,180,180,180,180
2024-05-27 06:00:00+00:00,0.00014279268722222223,0.00012443960383333333,0.0005004744581111111,0.00010436274032222223,0.008261421472222223,0.0002451569415,0.00015860643705555556,0.33932255655555554,180,180,180,180,180,180,180,180
2024-05-27 09:00:00+00:00,0.00013981654144444445,0.00012394956111111112,0.0004943803178333333,0.00010172561423888888,0.008236004180555557,0.0002419281506111111,0.0001574146222222222,0.3395136213888889,180,180,180,180,180,180,180,180
2024-05-27 12:00:00+00:00,0.0001389335688888889,0.0001231942985,0.0004939796107222222,0.00010200370362222222,0.00833105496388889,0.00024316187333333334,0.0001604880795,0.34031025094444445,180,180,180,180,180,180,180,180
2024-05-27 15:00:00+00:00,0.0001390090866111111,0.00012483612627777778,0.000494541929,0.00010340286649444446,0.008335111825,0.0002442201965,0.00016144725122222223,0.3405152258888889,180,180,180,180,180,180,180,180
2024-05-27 18:00:00+00:00,0.0001401192188764045,0.0001261967145505618,0.0004927216463483146,0.00010302776518539325,0.008319911941011237,0.00024453669,0.00016193664668539325,0.3405552306179775,178,178,178,178,178,178,178,178
2024-05-27 21:00:00+00:00,0.00014001445461111112,0.00012732808477777777,0.0004924637306666667,0.00010353417623333335,0.008338625788888889,0.0002459592531666667,0.00016403765127777776,0.3409334006111111,180,180,180,180,180,180,180,180
2024-05-28 00:00:00+00:00,0.0001404332386111111,0.000126609665,0.0004916177217777778,0.00010395192515555557,0.008334524275000001,0.00024461410005555557,0.00016183695611111113,0.3409172641666667,180,180,180,180,180,180,180,180
2024-05-28 03:00:00+00:00,0.00014075318377777777,0.000125261994,0.0004908925952777777,0.0001036056977111111,0.008311719777777778,0.00024432672622222223,0.00016381373016666667,0.34117291727777777,180,180,180,180,180,180,180,180
2024-05-28 06:00:00+00:00,0.00014087825927777776,0.00012174495230000001,0.0004918133296111111,0.00010282508266666666,0.0082557037,0.0002440144487777778,0.00016188029805555557,0.3415945292222222,180,180,180,180,180,180,180,180
2024-05-28 09:00:00+00:00,0.00014026667788888888,0.00012054744408888888,0.0004915032716111111,0.00010420945548333333,0.008245699341666666,0.00024531450661111114,0.0001627056588888889,0.3422389122777778,180,180,180,180,180,180,180,180
2024-05-28 12:00:00+00:00,0.00014016465211111112,0.00012032682472777777,0.0004930104937777778,0.00010586233733333334,0.008320036805555556,0.00024561834605555554,0.00016397252083333332,0.34274005322222223,180,180,180,180,180,180,180,180
2024-05-28 15:00:00+00:00,0.0001402187471111111,0.00012067324083333333,0.0004905443437222222,0.00010539428069444444,0.00832322213611111,0.0002441824842777778,0.0001642031578888889,0.3429459873333333,180,180,180,180,180,180,180,180
2024-05-28 18:00:00+00:00,0.00014031052005617978,0.00011957629021348315,0.0004929988630337079,0.0001053519945955056,0.008352411154494381,0.00024600654780898877,0.0001613083015730337,0.34335300578651684,178,178,178,178,178,178,178,178
2024-05-28 21:00:00+00:00,0.0001397824856111111,0.00011856035254999999,0.0004920544028888888,0.00010448893536666666,0.008371698344444446,0.0002460577649444444,0.00016183200833333334,0.3438396452222222,180,180,180,180,180,180,180,180
2024-05-29 00:00:00+00:00,0.00013925331527777778,0.00011767382083333333,0.0004960573805555555,0.00010713902639999999,0.008415480397222222,0.00024905040583333337,0.00016300737,0.34430723916666667,180,180,180,180,180,180,180,180
2024-05-29 03:00:00+00:00,0.0001374342843888889,0.00011873969905,0.0004949204242222223,0.00010842386197777779,0.008414109930555556,0.0002495921671111111,0.00016483036494444443,0.34516378566666667,180,180,180,180,180,180,180,180
2024-05-29 06:00:00+00:00,0.0001378833115,0.00012237200969999999,0.0004973589896666667,0.00010735756104444445,0.00837680886111111,0.0002499117840555556,0.0001619478146111111,0.34595973394444446,180,180,180,180,180,180,180,180
2024-05-29 09:00:00+00:00,0.00013786571894444443,0.00012241377122777778,0.0005020779131111111,0.00010794487188888888,0.008423937883333333,0.0002536638728888889,0.00016472283,0.34759253516666666,180,180,180,180,180,180,180,180
2024-05-29 12:00:00+00:00,0.00013980287266666667,0.00012182584741666666,0.0005073111946111112,0.00010911852938333333,0.008505514727777778,0.00025733069272222225,0.00017414419666666667,0.34811330611111113,180,180,180,180,180,180,180,180
2024-05-29 15:00:00+00:00,0.00014259854355555557,0.00012792627722222222,0.0005205491231666667,0.0001093756971,0.008605398527777778,0.00025963086994444445,0.00016981692672222222,0.3491434603888889,180,180,180,180,180,180,180,180
2024-05-29 18:00:00+00:00,0.00014017134864285715,0.00012662786042857144,0.0005212992980714286,0.00010825771034285714,0.008635418989285715,0.00025943047371428574,0.0001701873827142857,0.3493273818571429,140,140,140,140,140,140,140,140
2024-05-29 21:00:00+00:00,0.000137569675,0.00012377287577777777,0.0005023519883333333,0.00010413782958888889,0.008561775613888888,0.0002512628597222222,0.00016184994022222222,0.34882077805555556,180,180,180,180,180,180,180,180
2024-05-30 00:00:00+00:00,0.0001371288645,0.00012355576155555556,0.0005021903055,0.00010347765640555555,0.008589185294444444,0.0002512018869444444,0.0001606818908888889,0.3496378121111111,180,180,180,180,180,180,180,180
2024-05-30 03:00:00+00:00,0.00013787908705555557,0.00012284555094444445,0.000505563094611111,0.0001051348755388889,0.008604327850000001,0.00025275052544444446,0.00016169350822222223,0.3504442354444444,180,180,180,180,180,180,180,180
2024-05-30 06:00:00+00:00,0.0001388500276111111,0.00012459143016666668,0.0005098306066666666,0.00010519258026666666,0.008586887627777777,0.0002571628906666667,0.00016256151844444444,0.3519286603333333,180,180,180,180,180,180,180,180
2024-05-30 09:00:00+00:00,0.0001395976238888889,0.00012452960144444445,0.0005116810449444445,0.00010365093047222223,0.008611886166666666,0.0002568914982777778,0.00016058603516666667,0.3529547883333333,180,180,180,180,180,180,180,180
2024-05-30 12:00:00+00:00,0.00013953202944444443,0.00012328530975,0.0005112300881111111,0.00010381281050555555,0.008684061755555555,0.0002570108195,0.0001584383883888889,0.3534350245555556,180,180,180,180,180,180,180,180
2024-05-30 15:00:00+00:00,0.00013885145233333334,0.00012121936555000001,0.0005107528585,0.00010415238164444444,0.008724535586111111,0.00025742986444444446,0.00016229484227777777,0.35415030872222225,180,180,180,180,180,180,180,180
2024-05-30 18:00:00+00:00,0.00013747061028089887,0.00012127191145505618,0.0005139469283146068,0.00010491830458988764,0.008772511879213483,0.0002585618173595506,0.00016286835943820225,0.3546729540449438,178,178,178,178,178,178,178,178
2024-05-30 21:00:00+00:00,0.0001364428221111111,0.00012254850414444445,0.0005160117847777778,0.00010394516592222222,0.008805881991666667,0.0002588202277222222,0.00016134823372222223,0.3551090968888889,180,180,180,180,180,180,180,180
2024-05-31 00:00:00+00:00,0.00013684736677777777,0.00012420358827777776,0.0005192829005555556,0.00010357933125,0.008842765730555556,0.0002604527909444444,0.0001626999217777778,0.35581164927777775,180,180,180,180,180,180,180,180
2024-05-31 03:00:00+00:00,0.00013754675377777777,0.0001237373746111111,0.0005194622071111112,0.00010228910301666667,0.00885256401111111,0.00026208388133333333,0.00016246370961111112,0.3565297708888889,180,180,180,180,180,180,180,180
2024-05-31 06:00:00+00:00,0.00013616789983333333,0.00012326796472222223,0.000518530412,0.00010315063225555555,0.008788793858333335,0.00026203983266666667,0.00016128654305555556,0.35693405100000003,180,180,180,180,180,180,180,180
2024-05-31 09:00:00+00:00,0.00013620934816666665,0.00012384891377777778,0.0005230272428333333,0.00010472139661666668,0.008822817991666666,0.0002639825510555555,0.00016220423316666666,0.35798999600000003,180,180,180,180,180,180,180,180
2024-05-31 12:00:00+00:00,0.00013709400816666668,0.00012501714861111113,0.0005252218436666667,0.0001050660224,0.008906570394444443,0.0002644869132222222,0.00016080380177777777,0.3587127402222222,180,180,180,180,180,180,180,180
2024-05-31 15:00:00+00:00,0.00013820252872222223,0.00012550051966666665,0.0005302130661666666,0.0001063789606611111,0.00894639665,0.00026773569494444445,0.00016130407572222222,0.3593383041111111,180,180,180,180,180,180,180,180
2024-05-31 18:00:00+00:00,0.00013839618876404494,0.00012631243870786515,0.0005303368478089888,0.00010663859741011236,0.00895454832022472,0.00026611295691011234,0.00016183330005617978,0.359028664494382,178,178,178,178,178,178,178,178
2024-05-31 21:00:00+00:00,0.00014044030805555554,0.00013105625027777778,0.0005356490770555555,0.00010670773402222223,0.008973585566666666,0.00026942007116666667,0.00016553110477777777,0.35935169827777774,180,180,180,180,180,180,180,180
2024-06-01 00:00:00+00:00,0.00014106531461111112,0.0001329263022777778,0.0005334941222222223,0.00010461978874444444,0.008979624866666666,0.00026519517150000004,0.00016361428722222224,0.3588897554444444,180,180,180,180,180,180,180,180
2024-06-01 03:00:00+00:00,0.0001419600348888889,0.00013294175244444445,0.0005366695261111111,0.00010678425108333334,0.008994916569444445,0.0002670497755,0.00016390252611111111,0.3596476423888889,180,180,180,180,180,180,180,180
2024-06-01 06:00:00+00:00,0.00014240074905555556,0.00013295303766666666,0.0005466229725555555,0.00010956811696111112,0.008967715338888889,0.00027254914383333334,0.00016805086066666667,0.36072370094444445,180,180,180,180,180,180,180,180
2024-06-01 09:00:00+00:00,0.000144944933,0.00013735723461111112,0.0005533925773333333,0.00010989089300555556,0.009007203972222221,0.0002739787407222222,0.00016685198055555557,0.3617450606666667,180,180,180,180,180,180,180,180
2024-06-01 12:00:00+00:00,0.00014491043911111113,0.00013895366283333334,0.0005468359732222223,0.0001092641521611111,0.009050147644444444,0.0002714099476666667,0.00016779388849999998,0.3619708251111111,180,180,180,180,180,180,180,180
2024-06-01 15:00:00+00:00,0.00014557258883333334,0.00013961857433333332,0.0005441633388888889,0.00011070382646666667,0.00902732873611111,0.00027058326155555556,0.00016908525394444444,0.36187832644444445,180,180,180,180,180,180,180,180
2024-06-01 18:00:00+00:00,0.00015180511078651687,0.0001445598036516854,0.0005777507344382022,0.00011573057069662921,0.009186670848314607,0.00028984365219101124,0.0001778196817977528,0.36391909207865164,178,178,178,178,178,178,178,178
2024-06-01 21:00:00+00:00,0.0001498014228888889,0.00014556229955555556,0.0005546988961666667,0.00010928399801111111,0.009104858897222222,0.00027480240822222224,0.0001703559063888889,0.3622521566111111,180,180,180,180,180,180,180,180
2024-06-02 00:00:00+00:00,0.00014717434055555554,0.00014157778372222223,0.0005479796474444444,0.00011018763096666666,0.009080617275,0.00027069331694444445,0.0001680009098888889,0.36211712333333335,180,180,180,180,180,180,180,180
2024-06-02 03:00:00+00:00,0.00014874533755555554,0.00014212942227777778,0.0005561889175,0.000111744501,0.009125455072222222,0.0002739863762222222,0.0001701369702222222,0.3635276406111111,180,180,180,180,180,180,180,180
2024-06-02 06:00:00+00:00,0.00014807942244444446,0.00014289329355555554,0.0005573209092222223,0.00011110888971111111,0.009062925358333333,0.00027341958044444447,0.00017123960577777777,0.3640693338333334,180,180,180,180,180,180,180,180
2024-06-02 09:00:00+00:00,0.00014874502049999999,0.00014501898416666666,0.0005541241616666667,0.00011127639923333333,0.009027209111111111,0.00027443644483333334,0.00017002822883333335,0.36471596266666667,180,180,180,180,180,180,180,180
2024-06-02 12:00:00+00:00,0.000149065297,0.0001453951213333333,0.0005472566282222222,0.00011099154002222222,0.009083027138888889,0.0002721030343333333,0.0001695841861111111,0.364994996,180,180,180,180,180,180,180,180
2024-06-02 15:00:00+00:00,0.00015026074016666666,0.00014441790994444446,0.0005519658687777778,0.00011168982778888889,0.009141083505555555,0.000274529231,0.00017169055366666666,0.36556344427777776,180,180,180,180,180,180,180,180
2024-06-02 18:00:00+00:00,0.00015090912039325842,0.00014723594443820224,0.0005502434233146067,0.00011118654874719101,0.009121898952247192,0.0002710904259550562,0.00017030365483146066,0.36501631095505616,178,178,178,178,178,178,178,178
2024-06-02 21:00:00+00:00,0.00015212210644444444,0.00014773913577777778,0.0005538039743333333,0.00011016787706666667,0.009167845105555556,0.00027136738877777777,0.0001709389356111111,0.3653982131666667,180,180,180,180,180,180,180,180
2024-06-03 00:00:00+00:00,0.00015370784583333333,0.00014724170033333334,0.0005564269621666667,0.0001111585726,0.009192232630555556,0.00027237779116666666,0.00017311249933333334,0.36519860211111116,180,180,180,180,180,180,180,180
2024-06-03 03:00:00+00:00,0.00015425121950000001,0.0001480759877777778,0.000554702016,0.00011015431560555555,0.009156492033333333,0.0002726831166666667,0.0001720281166111111,0.3655066402777778,180,180,180,180,180,180,180,180
2024-06-03 06:00:00+00:00,0.0001551108013888889,0.0001478269535,0.0005586979854444445,0.00011017470508333332,0.009116882977777777,0.0002745142918888889,0.0001738523267777778,0.3667505996111111,180,180,180,180,180,180,180,180
2024-06-03 09:00:00+00:00,0.00015383996266666667,0.00014681381605555555,0.0005585297502222222,0.00011007982759444445,0.0090992936,0.00027532412705555555,0.0001749868096111111,0.36720176916666664,180,180,180,180,180,180,180,180
2024-06-03 12:00:00+00:00,0.0001569802841111111,0.00015059112655555555,0.0005819398383333333,0.00011590045248888889,0.00928570063611111,0.00028164630527777775,0.00018102686994444443,0.36772720572222223,180,180,180,180,180,180,180,180
2024-06-03 15:00:00+00:00,0.0001554736742222222,0.0001495820651111111,0.0005550047357222223,0.00011011245894444445,0.00914611395,0.0002700885266666667,0.00017242244722222224,0.36645628888888887,180,180,180,180,180,180,180,180
2024-06-03 18:00:00+00:00,0.00015634542365168538,0.0001511053765730337,0.0005567409551685393,0.00010986161439325842,0.009172523165730338,0.0002714366469662921,0.00017170420095505618,0.3666003651685393,178,178,178,178,178,178,178,178
2024-06-03 21:00:00+00:00,0.00015886056433333333,0.00015586391311111112,0.0005580819827222222,0.00010979371722777778,0.00917712828888889,0.0002729749102777778,0.00017102174494444444,0.36635764861111114,180,180,180,180,180,180,180,180
2024-06-04 00:00:00+00:00,0.0001606046866111111,0.00015608029844444443,0.0005573717606111111,0.00011037118571666666,0.009156733947222223,0.00026970146716666664,0.00017027738555555556,0.3655407864444445,180,180,180,180,180,180,180,180
2024-06-04 03:00:00+00:00,0.00015894937961111113,0.00015177783783333333,0.0005530556230555556,0.00011085811192222222,0.009105249077777777,0.0002693081016666667,0.00017040063088888887,0.36515486055555557,180,180,180,180,180,180,180,180
2024-06-04 06:00:00+00:00,0.00015887273283333333,0.0001544211381111111,0.0005676696558888889,0.00011297183951666666,0.009114364819444444,0.0002777733291111111,0.00017570635344444445,0.3661180955555556,180,180,180,180,180,180,180,180
2024-06-04 09:00:00+00:00,0.00015783625105555556,0.00015741700055555555,0.0005551133491111111,0.00010911019792222222,0.00901894458611111,0.00026908133744444447,0.00017259827116666667,0.36517177977777776,180,180,180,180,180,180,180,180
2024-06-04 12:00:00+00:00,0.00015836013,0.00015804963133333333,0.0005537150565,0.00010843486809444443,0.009072997352777777,0.0002684490688333333,0.0001733664015,0.3649990540555556,180,180,180,180,180,180,180,180
2024-06-04 15:00:00+00:00,0.00016015395783333333,0.0001588843035,0.0005507106360555555,0.00011036816588333333,0.009069152141666667,0.00026732456,0.00017409875255555558,0.36464406577777775,180,180,180,180,180,180,180,180
2024-06-04 18:00:00+00:00,0.00016228768651685394,0.0001595813329775281,0.000556422946741573,0.00011000389015168539,0.00911346286797753,0.0002682565679213483,0.000172359857752809,0.36502720471910116,178,178,178,178,178,178,178,178
2024-06-04 21:00:00+00:00,0.00016310186944444444,0.00015914959033333333,0.0005588966100555556,0.00010834886813888889,0.009133475575000001,0.0002692615969444445,0.00017275768988888888,0.3647731296111111,180,180,180,180,180,180,180,180
2024-06-05 00:00:00+00:00,0.00016445874516666666,0.00016182864272222221,0.0005510500165,0.00010677255329999999,0.009067054266666668,0.0002664400462777778,0.00017127397305555556,0.36342344477777777,180,180,180,180,180,180,180,180
2024-06-05 03:00:00+00:00,0.00016552641933333334,0.00016135384716666666,0.0005503458516111111,0.00010774775062777777,0.009027147941666666,0.00026620321738888886,0.00017203933033333333,0.3629300527222222,180,180,180,180,180,180,180,180
2024-06-05 06:00:00+00:00,0.0001651679378888889,0.0001605643292777778,0.0005530820428333333,0.00010964872557777778,0.008943053538888888,0.0002694495472222222,0.00017466723155555556,0.36293490038888887,180,180,180,180,180,180,180,180
2024-06-05 09:00:00+00:00,0.00016811669316666667,0.00016341146355555554,0.0005602289656666666,0.0001086899777,0.008970426188888889,0.00027165993222222226,0.00017508040411111112,0.36335317283333335,180,180,180,180,180,180,180,180
2024-06-05 12:00:00+00:00,0.00016723146761111113,0.00016259685205555555,0.0005504315752222223,0.00010834186596666667,0.008992556930555555,0.0002667050807777778,0.000173337819,0.3627289216111111,180,180,180,180,180,180,180,180
2024-06-05 15:00:00+00:00,0.0001677946335,0.00016489117166666666,0.0005586981563333333,0.00011078706469444444,0.009102021338888888,0.00027132745344444445,0.00017503821572222223,0.3637417703333333,180,180,180,180,180,180,180,180
2024-06-05 18:00:00+00:00,0.00016727573507142857,0.00016524394614285715,0.0005571794393571429,0.00011188519612142858,0.009081061067857143,0.0002703689017142857,0.00017478439257142856,0.3630379352857143,140,140,140,140,140,140,140,140
2024-06-05 21:00:00+00:00,0.00016630764877777776,0.00016808951411111111,0.0005541403733333334,0.00011154045292777778,0.009065241613888888,0.00026950898450000003,0.00017519295594444447,0.3620804690555556,180,180,180,180,180,180,180,180
2024-06-06 00:00:00+00:00,0.00016541107922222223,0.00016931467633333333,0.0005508243949444444,0.00011113180966111111,0.009028355744444445,0.00026833469905555553,0.00017502611166666666,0.36120575405555555,180,180,180,180,180,180,180,180
2024-06-06 03:00:00+00:00,0.00016641418883333334,0.00016881674505555555,0.000548191973,0.00011161669762222223,0.0089888489,0.00026738824044444443,0.0001727813961111111,0.36106662961111113,180,180,180,180,180,180,180,180
2024-06-06 06:00:00+00:00,0.00016679083083333333,0.00016712403683333333,0.0005468280785,0.00011133929225555556,0.008919936783333334,0.00026603837372222224,0.00017354862711111113,0.361261029,180,180,180,180,180,180,180,180
2024-06-06 09:00:00+00:00,0.0001678642032777778,0.00016740011177777777,0.0005521817851111111,0.00011195273909444445,0.008950041444444444,0.00026778978366666666,0.00017466681405555555,0.36173869677777776,180,180,180,180,180,180,180,180
2024-06-06 12:00:00+00:00,0.00016735038405555556,0.00016754555455555554,0.0005502286121666667,0.00011099328270555557,0.009013039902777778,0.0002665660015,0.00017314351122222222,0.36145912377777784,180,180,180,180,180,180,180,180
2024-06-06 15:00:00+00:00,0.0001704902029775281,0.00017029127612359552,0.0005597122515168539,0.00011306535200561798,0.009060020646067415,0.00027226954393258425,0.00017928271264044945,0.36182855893258425,178,178,178,178,178,178,178,178
2024-06-06 18:00:00+00:00,0.00017098992770114943,0.0001698194821264368,0.0005492724225287357,0.00011133794266666667,0.00901215082183908,0.000266260293275862,0.00017256676557471265,0.3607752135057471,174,174,174,174,174,174,174,174
2024-06-06 21:00:00+00:00,0.0001711584522777778,0.00016774323905555555,0.0005512846439444444,0.00011259266298888888,0.009044138344444445,0.00026885254261111113,0.0001766962661111111,0.36110081805555555,180,180,180,180,180,180,180,180
2024-06-07 00:00:00+00:00,0.00017034002744444445,0.00016925079872222223,0.0005506929417222222,0.00011179073744444443,0.009055294538888889,0.00026744210072222223,0.00017424423800000002,0.3608551209444444,180,180,180,180,180,180,180,180
2024-06-07 03:00:00+00:00,0.00016981875127777777,0.0001683906436111111,0.0005499788992777778,0.00010949521752777778,0.009042070666666667,0.0002659704983888889,0.00017429780183333333,0.3606348165555555,180,180,180,180,180,180,180,180
2024-06-07 06:00:00+00:00,0.00017015484633333333,0.0001698891743888889,0.0005493974987777778,0.00010989441204444444,0.008936464908333332,0.0002657363232777778,0.00017440412377777776,0.36004477627777776,180,180,180,180,180,180,180,180
2024-06-07 09:00:00+00:00,0.0001717655545,0.00017153670016666666,0.0005511110439444444,0.00011171546656111113,0.008928450572222222,0.0002661149471666667,0.00017618208533333332,0.36028935255555555,180,180,180,180,180,180,180,180
2024-06-07 12:00:00+00:00,0.00017282465522222223,0.00017076815027777779,0.0005573304048888889,0.00011407229479999999,0.009064097838888889,0.00026916406311111113,0.00017778552138888887,0.36149034916666667,180,180,180,180,180,180,180,180
2024-06-07 15:00:00+00:00,0.0001712692629775281,0.00016905729196629214,0.000557862653764045,0.00011351607333146067,0.009079040328651686,0.0002702104607303371,0.00017893451556179774,0.36172902921348316,178,178,178,178,178,178,178,178
2024-06-07 18:00:00+00:00,0.00017096812174157303,0.00016827903578651684,0.0005525370813483146,0.00011180123113483146,0.00906518165730337,0.00026757398780898875,0.00017648123207865169,0.3614113254494382,178,178,178,178,178,178,178,178
2024-06-07 21:00:00+00:00,0.00016987558376404494,0.00016563653500000001,0.0005509245801123596,0.00011217579723595506,0.009081958255617978,0.00026839067691011235,0.00017671528286516855,0.3614781761235955,178,178,178,178,178,178,178,178
2024-06-08 00:00:00+00:00,0.0001740405241111111,0.0001705600412777778,0.0005945495363888889,0.00012900291849444445,0.009372380988888889,0.0002915535285,0.00020037781922222224,0.36391853744444447,180,180,180,180,180,180,180,180
2024-06-08 03:00:00+00:00,0.0001680018667777778,0.0001709931745,0.0005601334051666667,0.00011445517250555555,0.00913841746111111,0.0002712899624444445,0.0001806651511111111,0.36185752083333333,180,180,180,180,180,180,180,180
2024-06-08 06:00:00+00:00,0.00016885891244444444,0.000170519826,0.0005556667182222223,0.00011368060013888888,0.009062578977777777,0.0002700138318333334,0.00017957353566666666,0.3621824538333333,180,180,180,180,180,180,180,180
2024-06-08 09:00:00+00:00,0.0001693315281111111,0.0001688235702777778,0.0005539561951666667,0.00011411121406111111,0.009048136216666667,0.00026908250544444446,0.0001764074312777778,0.36251855972222224,180,180,180,180,180,180,180,180
2024-06-08 12:00:00+00:00,0.00016742658572222222,0.00016678632977777777,0.0005532202152222222,0.00011528773336666667,0.009133507694444444,0.0002693124647777778,0.00017548665277777778,0.3631924768333334,180,180,180,180,180,180,180,180
2024-06-08 15:00:00+00:00,0.00016756308876404494,0.00016671614117977528,0.0005552885738202247,0.00011557249953370785,0.009188452300561797,0.0002699683197191011,0.00017571073758426969,0.36393769483146066,178,178,178,178,178,178,178,178
2024-06-08 18:00:00+00:00,0.00016822658230337078,0.00016483948640449438,0.0005552474144382023,0.00011600803939325844,0.009198669632022472,0.0002710408311235955,0.0001760679719662921,0.3639373975842697,178,178,178,178,178,178,178,178
2024-06-08 21:00:00+00:00,0.000168642682,0.00016475418444444445,0.0005562977187222222,0.00011634305524444444,0.009231112738888889,0.00027052233066666667,0.00017707903433333334,0.36396786488888894,180,180,180,180,180,180,180,180
2024-06-09 00:00:00+00:00,0.00016756165383333333,0.0001651400983888889,0.0005549047452222222,0.00011370677254444444,0.009230709616666668,0.000269518968,0.00017605507511111112,0.36386058816666667,180,180,180,180,180,180,180,180
2024-06-09 03:00:00+00:00,0.00016796419055555557,0.00016632960511111112,0.0005535193627222222,0.00011357033746111111,0.009218740366666667,0.00026851329094444444,0.0001764818782777778,0.36398628716666664,180,180,180,180,180,180,180,180
2024-06-09 06:00:00+00:00,0.00016896405744444446,0.00016590761672222222,0.0005570351088333333,0.00011287828482777778,0.009153005102777778,0.000269591756,0.000177399607,0.36397272933333336,180,180,180,180,180,180,180,180
2024-06-09 09:00:00+00:00,0.00016824428,0.00016319754772222222,0.0005503680897222222,0.00011308176268888888,0.009108878213888888,0.0002667563827777778,0.00017527059172222224,0.3636399797222222,180,180,180,180,180,180,180,180
2024-06-09 12:00:00+00:00,0.00016579885499999999,0.00016164215094444445,0.0005501637605,0.00011195715393888888,0.009206123008333334,0.00026735250433333334,0.00017475062877777778,0.3639782333888889,180,180,180,180,180,180,180,180
2024-06-09 15:00:00+00:00,0.00016564628294444444,0.00015982315016666666,0.0005514802072777778,0.00011140812777777778,0.00923829561388889,0.0002674715705,0.00017353576266666666,0.3639308362777778,180,180,180,180,180,180,180,180
2024-06-09 18:00:00+00:00,0.00016455400259887006,0.0001589224738983051,0.0005507527852542372,0.00011271005237853109,0.009235086483050848,0.0002664674854237288,0.00017418156237288137,0.36367004548022597,177,177,177,177,177,177,177,177
2024-06-09 21:00:00+00:00,0.00016342089627777778,0.00015839350794444445,0.0005488592892222223,0.00011217576127222221,0.009232634344444445,0.00026537555850000003,0.00016999130772222222,0.3630515287777778,180,180,180,180,180,180,180,180
2024-06-10 00:00:00+00:00,0.00016378322672222224,0.00015893947916666666,0.0005475096791111112,0.00011159335452777777,0.009221058675,0.00026360963622222225,0.0001661895943888889,0.36249123761111113,180,180,180,180,180,180,180,180
2024-06-10 03:00:00+00:00,0.0001632556945,0.0001586227965,0.0005442687456111111,0.00011129215127222222,0.009179644833333334,0.00026324500333333334,0.00016780936388888888,0.36207213983333336,180,180,180,180,180,180,180,180
2024-06-10 06:00:00+00:00,0.00016376385922222222,0.00015821483177777776,0.0005474326797222222,0.0001111851682,0.0091329705,0.0002644863151111111,0.0001685271246111111,0.36255258161111115,180,180,180,180,180,180,180,180
2024-06-10 09:00:00+00:00,0.00016334819822222223,0.00015627346383333333,0.000548541465,0.00011069371693888889,0.009111785913888889,0.00026527072683333333,0.00016749195205555554,0.36294034166666667,180,180,180,180,180,180,180,180
2024-06-10 12:00:00+00:00,0.00016007092344444445,0.000153891358,0.0005477487660555555,0.0001104888274388889,0.009188864755555555,0.0002647339006111111,0.00016763439566666667,0.3629032797777778,180,180,180,180,180,180,180,180
2024-06-10 15:00:00+00:00,0.0001588988833888889,0.00015345572066666666,0.0005437132523888889,0.00010971256517777777,0.009175927652777777,0.0002643977312222222,0.00016641165072222222,0.3624995294444444,180,180,180,180,180,180,180,180
2024-06-10 18:00:00+00:00,0.00015993332579545454,0.00015396412738636364,0.0005480083724431818,0.00010913585358522726,0.009203973778409091,0.00026384420301136364,0.00016637856761363636,0.36254426624999997,176,176,176,176,176,176,176,176
2024-06-10 21:00:00+00:00,0.00015864694394444444,0.00015229726144444446,0.0005476145397777778,0.00010737643572222223,0.009214788405555556,0.00026290096955555557,0.00016536659372222223,0.3622260895555556,180,180,180,180,180,180,180,180
2024-06-11 00:00:00+00:00,0.00015722269672222223,0.00015103627872222223,0.0005423294746111111,0.00010684443517777777,0.009168150855555555,0.0002615747516111111,0.00016386207472222222,0.36132508538888886,180,180,180,180,180,180,180,180
2024-06-11 03:00:00+00:00,0.00015663495766666668,0.00014956461194444445,0.0005448351111111111,0.00010955904576111111,0.009161069694444444,0.00026179692305555556,0.00016453967116666668,0.36126362044444443,180,180,180,180,180,180,180,180
2024-06-11 06:00:00+00:00,0.0001550834125,0.0001490969168888889,0.0005420154177777777,0.00010995833237222223,0.009086999330555555,0.00026208467872222224,0.00016445818666666666,0.3616672283888889,180,180,180,180,180,180,180,180
2024-06-11 09:00:00+00:00,0.00015629331916666668,0.0001486269417222222,0.0005416911526111111,0.00010913984312777777,0.0090862701,0.0002617721688888889,0.00016540855433333333,0.3625942031666667,180,180,180,180,180,180,180,180
2024-06-11 12:00:00+00:00,0.00015610204811111113,0.000147757871,0.0005417329478333334,0.00010822154517222223,0.0091629409,0.0002635581017222222,0.000166205039,0.36312808883333336,180,180,180,180,180,180,180,180
2024-06-11 15:00:00+00:00,0.000155711626,0.00014757081683333334,0.0005429406364444445,0.00010852848124444444,0.00918384813611111,0.0002647355173888889,0.0001678827736111111,0.36322857922222224,180,180,180,180,180,180,180,180
2024-06-11 18:00:00+00:00,0.0001562694918539326,0.00014801749803370785,0.0005424725240449438,0.00011038160878651686,0.009182592853932584,0.0002651104502247191,0.00016661681713483147,0.363048368258427,178,178,178,178,178,178,178,178
2024-06-11 21:00:00+00:00,0.0001543774206111111,0.00014518291611111112,0.0005433141045,0.00011036104182222221,0.009202261397222222,0.00026685668033333334,0.00016693578366666666,0.36318028733333335,180,180,180,180,180,180,180,180
2024-06-12 00:00:00+00:00,0.00015080394294444445,0.0001432326257777778,0.0005382581882222222,0.00010886560312222223,0.009188776230555556,0.0002649085773333333,0.00016620485966666667,0.3626636810555555,180,180,180,180,180,180,180,180
2024-06-12 03:00:00+00:00,0.000150475507,0.00014420642333333333,0.0005400731472777778,0.00010854038181666666,0.009185104486111111,0.0002660733787777778,0.0001690278291111111,0.3629637991111111,180,180,180,180,180,180,180,180
2024-06-12 06:00:00+00:00,0.0001507513603888889,0.00014387299544444445,0.0005414368278333334,0.00010751085282777778,0.009128908911111112,0.0002672811533888889,0.000167498444,0.36324838933333337,180,180,180,180,180,180,180,180
2024-06-12 09:00:00+00:00,0.00015095095911111113,0.00014274405744444445,0.0005435093993888889,0.00010915777665000001,0.009141418769444444,0.0002695385025555556,0.0001679513046111111,0.3642047031111111,180,180,180,180,180,180,180,180
2024-06-12 12:00:00+00:00,0.00015035983149999999,0.00014396416894444443,0.0005468519922222222,0.0001117445924,0.00925866961111111,0.00027036173455555554,0.00016726183605555555,0.36482831972222224,180,180,180,180,180,180,180,180
2024-06-12 15:00:00+00:00,0.00015024074488888888,0.00014464220405555555,0.000552257802888889,0.00011064093965,0.0093310024,0.0002716030416666666,0.00016628542261111113,0.3659460271111111,180,180,180,180,180,180,180,180
2024-06-12 18:00:00+00:00,0.00015010365035714285,0.0001430644187142857,0.0005502339992857143,0.00011222702856428572,0.009328995935714285,0.000270410012,0.00016618501292857142,0.3660587372857143,140,140,140,140,140,140,140,140
2024-06-12 21:00:00+00:00,0.00015065056027777776,0.00014545127961111112,0.0005574035217777777,0.00011213244787777778,0.009378002241666667,0.00027531966144444446,0.00016799424899999999,0.3668438828888889,180,180,180,180,180,180,180,180
2024-06-13 00:00:00+00:00,0.00014898222483333332,0.00014531729233333333,0.0005521373742222222,0.00011027600095555555,0.009370921030555555,0.00027028259049999997,0.00016559969316666667,0.36628872011111113,180,180,180,180,180,180,180,180
2024-06-13 03:00:00+00:00,0.00014741317355555555,0.0001436782683888889,0.0005492189075555555,0.00010873031292777778,0.009322707311111112,0.0002685465558888889,0.0001662808316111111,0.3657751217222222,180,180,180,180,180,180,180,180
2024-06-13 06:00:00+00:00,0.00014695264733333334,0.0001425792015,0.000552711489,0.00011019790946666667,0.009283962591666667,0.00027002381544444443,0.00016609572766666667,0.36617157066666667,180,180,180,180,180,180,180,180
2024-06-13 09:00:00+00:00,0.00014672637444444444,0.00014434784333333333,0.0005492867303333333,0.00010945154940555555,0.009238756316666668,0.00026945994933333335,0.00016550966055555556,0.366183391,180,180,180,180,180,180,180,180
2024-06-13 12:00:00+00:00,0.0001478710696111111,0.00014342882161111112,0.0005531608408333333,0.00011099138233333334,0.009330440419444445,0.000273327311,0.00016599480450000002,0.3667912103888889,180,180,180,180,180,180,180,180
2024-06-13 15:00:00+00:00,0.0001471962881111111,0.0001417543167777778,0.0005579421101111112,0.00011130534469444445,0.00937144421111111,0.0002750233782777778,0.00016821744544444445,0.367289403,180,180,180,180,180,180,180,180
2024-06-13 18:00:00+00:00,0.000146296845505618,0.00014151876960674157,0.0005578474249438202,0.0001110115895,0.009376999654494383,0.0002756425409550562,0.0001672834565730337,0.3670606938764045,178,178,178,178,178,178,178,178
2024-06-13 21:00:00+00:00,0.0001450240847222222,0.00014199338855555555,0.0005546035195555556,0.00010963666536666668,0.009374516494444445,0.0002734447489444444,0.00016590325627777777,0.3665356428888889,180,180,180,180,180,180,180,180
2024-06-14 00:00:00+00:00,0.0001448781611111111,0.00014067329577777777,0.0005516533632222222,0.0001091736761111111,0.009340518297222222,0.0002713170977222222,0.00016515827399999998,0.3656441457222222,180,180,180,180,180,180,180,180
2024-06-14 03:00:00+00:00,0.00014503763683333334,0.00013925583572222221,0.0005523003201666667,0.00011124995042222222,0.009322965744444444,0.0002728087696111111,0.00016563996072222224,0.36534894916666666,180,180,180,180,180,180,180,180
2024-06-14 06:00:00+00:00,0.00014352444061111112,0.00013925158116666667,0.0005489494111666667,0.00011019828966666666,0.009221036741666666,0.00027094861166666667,0.00016622916161111113,0.36503306916666667,180,180,180,180,180,180,180,180
2024-06-14 09:00:00+00:00,0.00014430931261111111,0.00014220143866666666,0.0005572331457222222,0.00010972948007222222,0.009250437905555556,0.0002738363377222222,0.00016838536966666667,0.36573816016666666,180,180,180,180,180,180,180,180
2024-06-14 12:00:00+00:00,0.00014380912233333333,0.00014337071644444444,0.0005502726766111112,0.00010986791781111111,0.009255831975,0.0002706122785,0.00016815931255555555,0.3648488232777778,180,180,180,180,180,180,180,180
2024-06-14 15:00:00+00:00,0.0001441058523888889,0.00014238014494444444,0.0005504551424444444,0.00011166029892777778,0.009271302841666667,0.0002722775390555556,0.0001694093581111111,0.36493847627777776,180,180,180,180,180,180,180,180
2024-06-14 18:00:00+00:00,0.00014260740213483145,0.0001389782006741573,0.000548708085,0.00011130782444382023,0.009269745646067416,0.00027309053915730336,0.00016922484292134833,0.3648470790449438,178,178,178,178,178,178,178,178
2024-06-14 21:00:00+00:00,0.00014199962244444445,0.0001389438075,0.0005478148500000001,0.00011039206734444444,0.009257657044444445,0.00027207882205555555,0.00016769807783333334,0.3640969012777778,180,180,180,180,180,180,180,180
2024-06-15 00:00:00+00:00,0.00014254511633333335,0.00014073458922222223,0.0005467788424444444,0.00010852683120555555,0.00923543876111111,0.00027219045794444447,0.00016780928783333333,0.36358303138888887,180,180,180,180,180,180,180,180
2024-06-15 03:00:00+00:00,0.00014226947694444446,0.00013904569216666667,0.0005451736722777778,0.00010803842917777777,0.009204340591666665,0.00027206449994444443,0.000167760068,0.36365490961111113,180,180,180,180,180,180,180,180
2024-06-15 06:00:00+00:00,0.00014246577616666668,0.00014072498466666667,0.000550612935,0.00010887721627222223,0.009137617541666667,0.0002728469977222222,0.00016756948422222222,0.36354793516666667,180,180,180,180,180,180,180,180
2024-06-15 09:00:00+00:00,0.00014191306666666668,0.00014283044872222223,0.0005450040958888889,0.00010946319306666666,0.009089678719444445,0.0002700505677777778,0.0001670873915,0.3631289552222222,180,180,180,180,180,180,180,180
2024-06-15 12:00:00+00:00,0.00014260636294444445,0.00014288238388888888,0.0005496594292222222,0.00010821976596666666,0.009186414950000001,0.0002688176910555555,0.00016651883955555558,0.36313446005555555,180,180,180,180,180,180,180,180
2024-06-15 15:00:00+00:00,0.0001411628265,0.00013954275327777776,0.0005427760265555556,0.00010763681142777778,0.009125722927777778,0.0002669564944444444,0.00016419255005555556,0.36222883344444445,180,180,180,180,180,180,180,180
2024-06-15 18:00:00+00:00,0.00013980380988764046,0.0001391442432022472,0.0005397871354494381,0.00010660151911797753,0.009096507651685393,0.00026615397202247194,0.0001610434706741573,0.3615407208426966,178,178,178,178,178,178,178,178
2024-06-15 21:00:00+00:00,0.00013958014244444444,0.00014008486344444442,0.0005371803340555556,0.00010665552510555554,0.00906702841388889,0.0002666725205,0.00016204090316666666,0.3607113862222222,180,180,180,180,180,180,180,180
2024-06-16 00:00:00+00:00,0.00013918005322222224,0.0001391290056111111,0.0005351820463888889,0.00010586429687222223,0.009053130897222221,0.0002658880263888889,0.00016545248388888888,0.36044185677777774,180,180,180,180,180,180,180,180
2024-06-16 03:00:00+00:00,0.00013935395144444444,0.0001379923017777778,0.0005363775845,0.00010682256306111111,0.009033782152777779,0.00026573545483333334,0.00016652749533333332,0.3600747293333333,180,180,180,180,180,180,180,180
2024-06-16 06:00:00+00:00,0.0001382264596111111,0.00013847909427777778,0.0005343369175555556,0.00010309190382222222,0.008935583380555554,0.0002633708108888889,0.0001633833886111111,0.35948971377777783,180,180,180,180,180,180,180,180
2024-06-16 09:00:00+00:00,0.0001376023728888889,0.00013755725333333333,0.0005275999465555556,0.0001037880296888889,0.008866213183333332,0.00026138434794444445,0.00016286567033333332,0.3589936294444444,180,180,180,180,180,180,180,180
2024-06-16 12:00:00+00:00,0.00013795464955555556,0.00013705561305555556,0.0005307676939444445,0.0001040853429611111,0.008943604877777778,0.00026427523972222223,0.00016423296933333332,0.3590730747777778,180,180,180,180,180,180,180,180
2024-06-16 15:00:00+00:00,0.0001384319201666667,0.00013573673094444445,0.0005300215693888889,0.0001062617639611111,0.008933794219444444,0.000265424009,0.0001652000718888889,0.3586538528888889,180,180,180,180,180,180,180,180
2024-06-16 18:00:00+00:00,0.00013767739162921346,0.00013377375303370788,0.0005273464485955056,0.00010573241817415731,0.008913013393258427,0.0002625214187640449,0.00016210917471910113,0.3576451612921348,178,178,178,178,178,178,178,178
2024-06-16 21:00:00+00:00,0.0001367759486111111,0.00013335259377777778,0.0005230989979444445,0.00010516498906666667,0.008888598597222222,0.0002600370877777778,0.00016146691733333332,0.35663347488888886,180,180,180,180,180,180,180,180
2024-06-17 00:00:00+00:00,0.00013716304566666667,0.00013284550505555554,0.0005231761018333333,0.00010708993430000001,0.008870574191666666,0.0002590370713888889,0.00016313641772222221,0.35563161083333333,180,180,180,180,180,180,180,180
2024-06-17 03:00:00+00:00,0.00013659171166666669,0.00013181409222222222,0.0005246246953333333,0.00010639909237222221,0.008856998433333334,0.00025956866038888887,0.0001642541208888889,0.35541005322222224,180,180,180,180,180,180,180,180
2024-06-17 06:00:00+00:00,0.0001361432361111111,0.00013205579716666667,0.0005232118517777777,0.00010487506234444445,0.008756856683333333,0.00026146650944444444,0.00016370499494444444,0.3551027501666667,180,180,180,180,180,180,180,180
2024-06-17 09:00:00+00:00,0.00013502749738888889,0.00013132217644444444,0.000520598445,0.00010625541789444444,0.008710253027777778,0.00025975245227777776,0.00016459672255555557,0.3543962288333333,180,180,180,180,180,180,180,180
2024-06-17 12:00:00+00:00,0.00013448813611111111,0.00013192093822222221,0.0005176201426111111,0.00010454931123333334,0.008723102094444445,0.0002557784012777778,0.00016091393672222225,0.35327097905555555,180,180,180,180,180,180,180,180
2024-06-17 15:00:00+00:00,0.00013541194244444445,0.00013237111933333333,0.0005155928112222223,0.00010459436016111111,0.008706770830555556,0.0002545631055,0.0001602920355,0.3524360711111111,180,180,180,180,180,180,180,180
2024-06-17 18:00:00+00:00,0.00013563203235955056,0.00013306031528089889,0.0005202778695505617,0.00010683854925280899,0.008744362988764045,0.00025944423460674154,0.00016302965207865168,0.35263176241573035,178,178,178,178,178,178,178,178
2024-06-17 21:00:00+00:00,0.00013740723411111112,0.00013619909705555556,0.0005257953572222222,0.00010538341435555555,0.008789441055555555,0.00025825110155555555,0.00016198885077777777,0.3519030638333333,180,180,180,180,180,180,180,180
2024-06-18 00:00:00+00:00,0.000137282441,0.0001354933862777778,0.0005191735541666667,0.00010474100689444444,0.008733705236111111,0.00025641457,0.00016005290216666667,0.3507744549444445,180,180,180,180,180,180,180,180
2024-06-18 03:00:00+00:00,0.00013731951427777778,0.00013458103111111113,0.0005172821198333333,0.00010514619445555555,0.008674558527777779,0.0002544188796111111,0.00016008471222222223,0.3498664581111111,180,180,180,180,180,180,180,180
2024-06-18 06:00:00+00:00,0.00013768617377777777,0.00013405384111111113,0.0005157872272777778,0.00010434789371111112,0.008582258988888888,0.00025382348033333336,0.00015829675783333332,0.34947070055555557,180,180,180,180,180,180,180,180
2024-06-18 09:00:00+00:00,0.00013792392344444445,0.00013445991333333333,0.0005185063608888889,0.00010459618032777777,0.008535247419444445,0.00025662770672222224,0.00015994124833333334,0.34938955172222225,180,180,180,180,180,180,180,180
2024-06-18 12:00:00+00:00,0.0001393678976111111,0.00013676735094444444,0.0005166311197777778,0.00010428950383333333,0.008570675725,0.00025506892744444444,0.00015812507211111112,0.3484805515,180,180,180,180,180,180,180,180
2024-06-18 15:00:00+00:00,0.00014032301272222223,0.00013764388522222222,0.0005196553721111111,0.00010468228798333335,0.008587887913888889,0.00025430867966666666,0.00016142014566666665,0.347755167,180,180,180,180,180,180,180,180
2024-06-18 18:00:00+00:00,0.00014027797662921347,0.00013740821376404495,0.0005213571992134831,0.00010577281814044945,0.008574522561797754,0.0002546396464606742,0.00016106111000000002,0.347168534494382,178,178,178,178,178,178,178,178
2024-06-18 21:00:00+00:00,0.00014079399416666667,0.000138177878,0.0005193814771666667,0.00010575829082777778,0.00855533601111111,0.0002557138197222222,0.00016324734438888887,0.34684192661111113,180,180,180,180,180,180,180,180
2024-06-19 00:00:00+00:00,0.00014252451605555554,0.00013918990333333333,0.0005177312667222222,0.0001054396409,0.008538413138888888,0.00025545751283333337,0.000162459752,0.34658373200000003,180,180,180,180,180,180,180,180
2024-06-19 03:00:00+00:00,0.00014430120327777778,0.00013934701522222222,0.0005214981061666667,0.00010601709758333333,0.008541341216666666,0.00025793201422222225,0.00016352943811111112,0.34649585027777774,180,180,180,180,180,180,180,180
2024-06-19 06:00:00+00:00,0.00014454734383333333,0.00013830439966666666,0.0005185778404444444,0.00010690100398333333,0.00842993373611111,0.000257409744,0.0001644525085,0.3460568756111111,180,180,180,180,180,180,180,180
2024-06-19 09:00:00+00:00,0.00014422960194444443,0.00013743070116666666,0.0005181318211111111,0.00010718498324444445,0.008401965066666666,0.00025754711688888893,0.00016385059105555554,0.3459486183888889,180,180,180,180,180,180,180,180
2024-06-19 12:00:00+00:00,0.00014383274372222222,0.000137067817,0.0005139042214444445,0.0001062348034,0.008421880430555556,0.00025294853505555554,0.00016364833144444444,0.3454014022222222,180,180,180,180,180,180,180,180
2024-06-19 15:00:00+00:00,0.0001449665701111111,0.00013768447988888889,0.0005143009495,0.00010655125155555555,0.008441737702777778,0.0002534127682777778,0.00016521402677777778,0.34514775938888886,180,180,180,180,180,180,180,180
2024-06-19 18:00:00+00:00,0.000145712508,0.0001386430517142857,0.000512852348,0.00010755206297142857,0.008419765917857142,0.0002548593216428571,0.00016445051528571428,0.3446367026428571,140,140,140,140,140,140,140,140
2024-06-19 21:00:00+00:00,0.00014522574583333332,0.00013878455977777777,0.0005146858507222222,0.0001088238914611111,0.008442243530555555,0.000254763466,0.00016599124411111112,0.3445032671111111,180,180,180,180,180,180,180,180
2024-06-20 00:00:00+00:00,0.00014666282555555557,0.00013991094800000001,0.0005173302592222222,0.00010931324622222222,0.008465510911111111,0.00025399432883333335,0.00016529239816666667,0.3440200256666667,180,180,180,180,180,180,180,180
2024-06-20 03:00:00+00:00,0.00014792340255555557,0.0001411854623888889,0.0005113908359444444,0.00010832939793888888,0.008405982816666668,0.00025031460016666665,0.000163347195,0.3434134219444444,180,180,180,180,180,180,180,180
2024-06-20 06:00:00+00:00,0.00014778386911111111,0.00013846389516666667,0.0005109211963888889,0.00010707855764444445,0.008325368425,0.0002496563033888889,0.00016340728522222224,0.3434868511111111,180,180,180,180,180,180,180,180
2024-06-20 09:00:00+00:00,0.000147254875,0.00013654131155555556,0.0005119641143888889,0.00010823790741666667,0.008344698194444444,0.00025171840772222225,0.00016397348705555557,0.34469516227777774,180,180,180,180,180,180,180,180
2024-06-20 12:00:00+00:00,0.0001463887325,0.0001359937678888889,0.0005113858879444445,0.00010895965553333333,0.008417721041666666,0.00025253546077777777,0.00016493665555555555,0.3450318765,180,180,180,180,180,180,180,180
2024-06-20 15:00:00+00:00,0.00014692741233333334,0.00013775562244444444,0.0005163898954444444,0.00010921912175555556,0.008452536808333333,0.0002552990645,0.0001682829292777778,0.34553379544444446,180,180,180,180,180,180,180,180
2024-06-20 18:00:00+00:00,0.00014826576382022473,0.00014049794280898876,0.0005123197269101123,0.00010984396719662922,0.008421683707865169,0.0002529514643820225,0.00016736028443820226,0.34481777786516854,178,178,178,178,178,178,178,178
2024-06-20 21:00:00+00:00,0.000149563697,0.00013875209955555555,0.0005134305325,0.00010897995932777777,0.008422392580555556,0.00025231189416666667,0.00016648908272222224,0.3443031822777778,180,180,180,180,180,180,180,180
2024-06-21 00:00:00+00:00,0.00014819900555555554,0.00013758375527777778,0.0005077006494444444,0.00010672477002222222,0.008417114375,0.0002493575154444444,0.00016424414766666668,0.3442936909444444,180,180,180,180,180,180,180,180
2024-06-21 03:00:00+00:00,0.0001476765816111111,0.00013728345333333334,0.0005068382495,0.00010624903096111111,0.008406049186111111,0.0002493833353888889,0.00016519745655555555,0.3442852696111111,180,180,180,180,180,180,180,180
2024-06-21 06:00:00+00:00,0.0001482637041111111,0.00013900767983333334,0.0005067894656666667,0.0001052885868611111,0.008340877869444445,0.00024867605144444444,0.00016217435316666666,0.3440180613333333,180,180,180,180,180,180,180,180
2024-06-21 09:00:00+00:00,0.00014885160544444445,0.00014121553883333332,0.0005045254461111111,0.00010433003126666668,0.0083139344,0.00024843820172222223,0.00016413672822222222,0.34447737366666664,180,180,180,180,180,180,180,180
2024-06-21 12:00:00+00:00,0.0001498514167777778,0.0001416387215,0.0005065024537222223,0.00010496709566666666,0.008394300655555556,0.0002491648771666667,0.00016391300138888888,0.34493154266666665,180,180,180,180,180,180,180,180
2024-06-21 15:00:00+00:00,0.00015124462988888888,0.00014287951927777779,0.0005099740079444445,0.00010525701766111111,0.008438020202777778,0.0002500206139444445,0.000164389804,0.34554792005555557,180,180,180,180,180,180,180,180
2024-06-21 18:00:00+00:00,0.00015083926438202246,0.00014270548084269663,0.0005067981176966292,0.00010411561327528089,0.008428700601123596,0.00024817116651685395,0.00016433601601123596,0.3451176776404494,178,178,178,178,178,178,178,178
2024-06-21 21:00:00+00:00,0.00015020026222222223,0.00014083987938888888,0.0005107122258333333,0.00010417326671666668,0.008484746258333333,0.0002509381016111111,0.00016529114372222222,0.34555972583333333,180,180,180,180,180,180,180,180
2024-06-22 00:00:00+00:00,0.00014768914577777776,0.00014225999061111112,0.0005082899463888889,0.00010471349179444445,0.008463498683333332,0.00025106070994444443,0.0001659435345,0.3450803261111111,180,180,180,180,180,180,180,180
2024-06-22 03:00:00+00:00,0.00014846400016666665,0.0001431776575,0.0005030607378333333,0.00010386729819444445,0.008412555530555556,0.00025014457133333334,0.00016331179122222223,0.3449114443888889,180,180,180,180,180,180,180,180
2024-06-22 06:00:00+00:00,0.00014891200805555556,0.000143231214,0.0005031861329444444,0.00010433527820555557,0.008364151547222223,0.0002510758286111111,0.0001645313296111111,0.3454599336111111,180,180,180,180,180,180,180,180
2024-06-22 09:00:00+00:00,0.0001493248728888889,0.00014255503633333333,0.000506429029,0.00010508675521111111,0.008372368325,0.00025185572233333333,0.00016472010749999999,0.34597753766666667,180,180,180,180,180,180,180,180
2024-06-22 12:00:00+00:00,0.00015007324894444446,0.00014605103877777777,0.0005052869102777778,0.00010611971415,0.008438734466666667,0.0002515564055,0.00016589412249999998,0.3465237848333333,180,180,180,180,180,180,180,180
2024-06-22 15:00:00+00:00,0.0001505852336111111,0.00014464675655555557,0.0005049603382222222,0.00010657656658888889,0.008459825347222222,0.0002513240285,0.0001664611135,0.34706287755555554,180,180,180,180,180,180,180,180
2024-06-22 18:00:00+00:00,0.00015091499247191011,0.0001448796815730337,0.0005062440490449439,0.00010699527620786516,0.008463576601123596,0.000251616445505618,0.00016573361556179774,0.34699415011235957,178,178,178,178,178,178,178,178
2024-06-22 21:00:00+00:00,0.00015102351438888887,0.00014570022383333332,0.0005057409547222223,0.00010566947118888889,0.008468235749999999,0.00025068661155555556,0.00016488460433333334,0.3468712058888889,180,180,180,180,180,180,180,180
2024-06-23 00:00:00+00:00,0.00015203419005555555,0.00014541823655555555,0.0005079689885,0.0001066803078611111,0.008494565313888888,0.00025005031605555557,0.0001660517136111111,0.347042516,180,180,180,180,180,180,180,180
2024-06-23 03:00:00+00:00,0.00015182782533333333,0.00014603082366666667,0.000507559687111111,0.0001060889637,0.008481063647222222,0.0002492532128333333,0.00016728075938888889,0.3470166141666667,180,180,180,180,180,180,180,180
2024-06-23 06:00:00+00:00,0.0001532141623076923,0.00014664739576923078,0.0005086317848076923,0.00010631612398076922,0.008422411769230769,0.00025136601500000004,0.00017022691487179488,0.3476704228481013,156,156,156,156,156,156,156,158
2024-06-23 09:00:00+00:00,0.00015302122455555556,0.0001472218765,0.0005101953181666666,0.0001065354033388889,0.008419194483333333,0.00025052763727777776,0.00016996607366666667,0.3481242795,180,180,180,180,180,180,180,180
2024-06-23 12:00:00+00:00,0.00015471341377777778,0.00015036477788888888,0.0005113635707222222,0.00010870846532222222,0.008480482272222221,0.0002513541087222222,0.000172067466,0.3483943912222222,180,180,180,180,180,180,180,180
2024-06-23 15:00:00+00:00,0.0001530769878888889,0.00014883575927777777,0.0005101197478888889,0.00010841130253333334,0.00850606073611111,0.0002516235830555555,0.00017197408605555556,0.348751573,180,180,180,180,180,180,180,180
2024-06-23 18:00:00+00:00,0.000153905952752809,0.00015032492028089887,0.0005095882957303371,0.00010672209380337078,0.008515736463483145,0.0002519625590449438,0.00017097388494382023,0.34903090320224717,178,178,178,178,178,178,178,178
2024-06-23 21:00:00+00:00,0.00015523653466666666,0.00015097017922222224,0.0005108400668333334,0.00010832158014444444,0.008530239519444444,0.00025208228005555556,0.00016877938877777777,0.3489437097777778,180,180,180,180,180,180,180,180
2024-06-24 00:00:00+00:00,0.00015478053627777778,0.00015003890666666667,0.00051504876,0.00011032449013888888,0.008574598202777776,0.00025510108194444443,0.00017308333883333334,0.34951733716666666,180,180,180,180,180,180,180,180
2024-06-24 03:00:00+00:00,0.00015499462366666666,0.00015056416605555557,0.0005197054947777777,0.00010921047488333333,0.008594125119444445,0.0002545705912777778,0.00017107521977777776,0.3502833642777778,180,180,180,180,180,180,180,180
2024-06-24 06:00:00+00:00,0.00015695266022222221,0.00015322014522222221,0.0005257493898888889,0.00010820836367777777,0.008575295369444444,0.00025440904466666667,0.00017030240022222222,0.35108317927777777,180,180,180,180,180,180,180,180
2024-06-24 09:00:00+00:00,0.00015836954511111112,0.00015565579577777778,0.0005297221368888888,0.00010771592542222222,0.008590363925,0.0002567313614444444,0.00017091831072222222,0.35215789383333335,180,180,180,180,180,180,180,180
2024-06-24 12:00:00+00:00,0.000158659133,0.00015755025516666667,0.0005301890719444445,0.00010693201777777778,0.008685967266666667,0.00025671324366666664,0.00016970209683333333,0.35322245566666666,180,180,180,180,180,180,180,180
2024-06-24 15:00:00+00:00,0.00015943141038888889,0.0001575917992222222,0.0005300632801666667,0.00010758681007222223,0.008708680736111111,0.0002573099487222222,0.00016983424772222224,0.3539249895,180,180,180,180,180,180,180,180
2024-06-24 18:00:00+00:00,0.00015816878471910112,0.00015755898932584268,0.0005286029493820225,0.00010602236485955055,0.008722271780898875,0.00025707047106741574,0.0001669916434269663,0.35427711146067414,178,178,178,178,178,178,178,178
2024-06-24 21:00:00+00:00,0.00015754076833333333,0.00015804656905555554,0.0005301918753333333,0.00010637608182777778,0.008765601730555555,0.00025670736366666667,0.00016700747066666666,0.3548450097222222,180,180,180,180,180,180,180,180
2024-06-25 00:00:00+00:00,0.0001584292318888889,0.00015960227988888887,0.0005321149481111111,0.0001055724043111111,0.008804561741666668,0.00025663282638888887,0.0001687758633888889,0.3555267587222222,180,180,180,180,180,180,180,180
2024-06-25 03:00:00+00:00,0.00015770876616666665,0.00015975012633333334,0.0005325102644444445,0.00010506665626666666,0.008830338119444446,0.0002580879028333333,0.00016590875744444444,0.3569317452777777,180,180,180,180,180,180,180,180
2024-06-25 06:00:00+00:00,0.00015760688766666667,0.0001634858673888889,0.0005377119157222223,0.00010649475646666668,0.00883713336111111,0.00026074011611111115,0.00016820845961111112,0.3587626472777778,180,180,180,180,180,180,180,180
2024-06-25 09:00:00+00:00,0.00015955815394444445,0.00016589960094444444,0.0005457892358888889,0.00010864403211666667,0.008900080063888888,0.0002633442851666667,0.00017229237327777777,0.3608292485,180,180,180,180,180,180,180,180
2024-06-25 12:00:00+00:00,0.0001606103575,0.000165902825,0.0005565197499444444,0.00010973257241666668,0.009080671861111111,0.000266577303,0.00017171368283333332,0.3630530784444444,180,180,180,180,180,180,180,180
2024-06-25 15:00:00+00:00,0.00016174277477777778,0.00016437770155555554,0.0005554309357777777,0.00011093981953888889,0.009096857436111112,0.0002663432162222222,0.00017394941555555558,0.3637478512777778,180,180,180,180,180,180,180,180
2024-06-25 18:00:00+00:00,0.000163311192752809,0.0001634108214044944,0.0005584284624719101,0.00010984774764044944,0.00915371365730337,0.0002679473548876405,0.00017417525157303372,0.36504470494382024,178,178,178,178,178,178,178,178
2024-06-25 21:00:00+00:00,0.00016203548594444445,0.00016044834977777778,0.0005612250745,0.0001104902435611111,0.009211060094444444,0.00027117796166666665,0.00017437314355555556,0.36628173938888886,180,180,180,180,180,180,180,180
2024-06-26 00:00:00+00:00,0.00016119713750000001,0.0001613295738888889,0.0005582857788333334,0.00010864038259444445,0.009224418402777778,0.0002691323982777778,0.00017401934166666667,0.3665312923333333,180,180,180,180,180,180,180,180
2024-06-26 03:00:00+00:00,0.0001620395566111111,0.00016165427083333333,0.0005621454866111111,0.00010932249627777778,0.009263312652777777,0.00027187766033333333,0.00017400132244444443,0.3677668943333333,180,180,180,180,180,180,180,180
2024-06-26 06:00:00+00:00,0.0001623199576111111,0.0001640002775,0.0005618149940555555,0.00010830695880555556,0.009215058105555556,0.0002697729451111111,0.00017404235861111111,0.36860440494444446,180,180,180,180,180,180,180,180
2024-06-26 09:00:00+00:00,0.00016335662794444446,0.00016313480527777778,0.000564400001,0.00010687886498333333,0.009232442647222222,0.0002701590701111111,0.00017274243427777778,0.36989598933333334,180,180,180,180,180,180,180,180
2024-06-26 12:00:00+00:00,0.00016372783588888888,0.00016091145466666667,0.0005673406638888889,0.0001089367068,0.009334100830555556,0.0002725672057222222,0.00017703610722222225,0.37077878044444446,180,180,180,180,180,180,180,180
2024-06-26 15:00:00+00:00,0.00016119305383333334,0.00015981754483333332,0.0005703360913333333,0.00011005628843888888,0.009386721397222223,0.00027534794588888887,0.00017777692316666666,0.3716499074444445,180,180,180,180,180,180,180,180
2024-06-26 18:00:00+00:00,0.00015985852694444443,0.00015937248527777778,0.0005668052579444444,0.00010831741667777777,0.009381655597222222,0.0002726817499444444,0.00017471706205555556,0.371576193,180,180,180,180,180,180,180,180
2024-06-26 21:00:00+00:00,0.0001606614692142857,0.00016154482278571427,0.0005699274242142858,0.00010741394352857143,0.009426065964285715,0.0002736559764285714,0.00017588163735714286,0.37241744285714284,140,140,140,140,140,140,140,140
2024-06-27 00:00:00+00:00,0.000162280659,0.0001620892453888889,0.0005728765835,0.00010820874316111112,0.009464008852777778,0.00027433381216666663,0.00017605562355555557,0.37285368133333335,180,180,180,180,180,180,180,180
2024-06-27 03:00:00+00:00,0.00016210453983333333,0.00016123307933333335,0.000573268361,0.00010917477151111111,0.00946981663611111,0.000274336519,0.000172084033,0.3734806995,180,180,180,180,180,180,180,180
2024-06-27 06:00:00+00:00,0.00016279070816666667,0.00016173889744444444,0.0005749241266666667,0.00010994793142222221,0.009427736844444444,0.000274356603,0.0001722464195,0.37460904133333334,180,180,180,180,180,180,180,180
2024-06-27 09:00:00+00:00,0.00016264121933333333,0.00016218800905555555,0.0005752896778888889,0.00010943604261666667,0.009419545644444444,0.00027428555583333333,0.00017306037194444445,0.3753408054444444,180,180,180,180,180,180,180,180
2024-06-27 12:00:00+00:00,0.00016192525855555554,0.0001603414603888889,0.0005742616147777778,0.00011094623394444446,0.009486249233333334,0.00027530279644444447,0.00017072478222222222,0.37543353166666665,180,180,180,180,180,180,180,180
2024-06-27 15:00:00+00:00,0.00016133577427777777,0.00016172266805555556,0.0005783286327777778,0.0001116942365,0.009555272169444445,0.0002775116277777778,0.00017281834616666669,0.37650115650000004,180,180,180,180,180,180,180,180
2024-06-27 18:00:00+00:00,0.0001619470613483146,0.00016238888674157304,0.0005799882538202247,0.00011240786805617978,0.009590123016853934,0.00027792554073033707,0.0001752152964044944,0.376973203258427,178,178,178,178,178,178,178,178
2024-06-27 21:00:00+00:00,0.0001619031718888889,0.0001618237345,0.0005842167569444444,0.00011193507903888888,0.009631701602777779,0.00028013656005555554,0.00017374820105555558,0.3773006595555556,180,180,180,180,180,180,180,180
2024-06-28 00:00:00+00:00,0.0001605122031111111,0.00016154585188888888,0.0005815166297777777,0.00010988640822222222,0.009609022783333334,0.0002765127497222222,0.0001722905786111111,0.3761736802777778,180,180,180,180,180,180,180,180
2024-06-28 03:00:00+00:00,0.00016018951027777778,0.00016184236377777777,0.0005791601368333333,0.00010932496008333334,0.009575882602777778,0.00027534229355555555,0.0001703685473888889,0.3763772050555555,180,180,180,180,180,180,180,180
2024-06-28 06:00:00+00:00,0.0001606032666111111,0.00016139917022222223,0.0005781085730555556,0.00010826221594444444,0.009499506502777779,0.0002740997027777778,0.0001708009148888889,0.3768595126666667,180,180,180,180,180,180,180,180
2024-06-28 09:00:00+00:00,0.00016229613283333331,0.00016158470366666667,0.0005805761264444444,0.00010890200042777778,0.009490840036111111,0.00027605718977777777,0.0001717737838888889,0.37731756883333334,180,180,180,180,180,180,180,180
2024-06-28 12:00:00+00:00,0.0001628755188888889,0.00015999133983333333,0.0005797469941111112,0.00010957645469999999,0.009562929283333334,0.00027557603466666665,0.00017281687011111113,0.3774419758888889,180,180,180,180,180,180,180,180
2024-06-28 15:00:00+00:00,0.00016293625416666666,0.00015861931433333332,0.0005796522965555556,0.00011038524307222223,0.009582663461111111,0.0002751914352777778,0.00017473558388888887,0.3774660859444445,180,180,180,180,180,180,180,180
2024-06-28 18:00:00+00:00,0.00016129240893258427,0.00015782355797752808,0.000578235153764045,0.00011147313978089887,0.009576020435393257,0.0002750899951685393,0.000173333272247191,0.3770607762921348,178,178,178,178,178,178,178,178
2024-06-28 21:00:00+00:00,0.0001617408028888889,0.0001604419278888889,0.0005782877502777778,0.00011217306180555556,0.009590077377777777,0.0002760798429444444,0.000172449328,0.3773672427777778,180,180,180,180,180,180,180,180
2024-06-29 00:00:00+00:00,0.00016220305322222223,0.00016193243794444446,0.0005817041195,0.00011082575625555556,0.009644293152777778,0.00027828747422222226,0.00017544139088888886,0.37807394727777777,180,180,180,180,180,180,180,180
2024-06-29 03:00:00+00:00,0.00016288869222222223,0.00016173652027777778,0.0005807768229444444,0.00010896259991666665,0.00962999883888889,0.0002781254712222222,0.00017598161927777776,0.3783257480555555,180,180,180,180,180,180,180,180
2024-06-29 06:00:00+00:00,0.00016272258172222222,0.00016101765133333333,0.0005811707472777777,0.00010877215305555556,0.009568565297222222,0.00027771763372222224,0.0001754897138888889,0.3788463126666667,180,180,180,180,180,180,180,180
2024-06-29 09:00:00+00:00,0.00016323553788888888,0.0001615502776111111,0.0005826209433333334,0.00011040563955555555,0.009550678761111112,0.00027786697572222224,0.00017605214905555555,0.3793081474444444,180,180,180,180,180,180,180,180
2024-06-29 12:00:00+00:00,0.00016471188044444443,0.00016185118716666665,0.000585678110111111,0.00011153061855,0.009645449072222222,0.00027876684305555555,0.00017515073238888888,0.37966581433333335,180,180,180,180,180,180,180,180
2024-06-29 15:00:00+00:00,0.0001659941343888889,0.00016081784083333335,0.0005988467922222223,0.00011272316725000001,0.009791895997222222,0.00028421110083333336,0.00017643037122222225,0.3810813745555556,180,180,180,180,180,180,180,180
2024-06-29 18:00:00+00:00,0.00016740916668539325,0.00016231100488764045,0.0005972197832022472,0.00011133936033146067,0.00978682034269663,0.0002823906338202247,0.00017559384994382022,0.3809015162921348,178,178,178,178,178,178,178,178
2024-06-29 21:00:00+00:00,0.0001659993271111111,0.00016284824038888889,0.0005983626913888888,0.00011251658945,0.009798019616666667,0.0002838182208888889,0.0001764411088888889,0.3806162026111111,180,180,180,180,180,180,180,180
2024-06-30 00:00:00+00:00,0.00016420342266666667,0.00016128003933333333,0.0005901643965,0.00011129856540555556,0.009739471030555556,0.0002806955827222222,0.00017562628983333332,0.37994528483333334,180,180,180,180,180,180,180,180
2024-06-30 03:00:00+00:00,0.00016369326566666666,0.00016223850711111112,0.0005889491236111111,0.00011182868545555556,0.009703529330555556,0.00028023972944444446,0.0001738414396111111,0.37930304122222225,180,180,180,180,180,180,180,180
2024-06-30 06:00:00+00:00,0.00016388491744444446,0.00016182086833333334,0.0005887907644444444,0.00011111562779444444,0.009606089566666667,0.0002789397871111111,0.00017451709955555554,0.37869328611111114,180,180,180,180,180,180,180,180
2024-06-30 09:00:00+00:00,0.00016287407505555557,0.00016052574294444445,0.0005863029865555556,0.00011057335865,0.00956577485,0.0002780601322222222,0.00017349736527777777,0.3783383079444444,180,180,180,180,180,180,180,180
2024-06-30 12:00:00+00:00,0.00016232444382022473,0.00015997780803370787,0.0005850969845505617,0.0001108852654494382,0.009619426008426966,0.0002778241797191011,0.0001738571902808989,0.37793802247191016,178,178,178,178,178,178,178,178
2024-06-30 15:00:00+00:00,0.00016341318306818182,0.0001614906838068182,0.0005851951998295454,0.00011075686756818183,0.009620011809659091,0.00027755062448863636,0.0001751005727840909,0.3775808681818182,176,176,176,176,176,176,176,176
2024-06-30 18:00:00+00:00,0.00016429321443181818,0.00015973542267045456,0.0005847120310795454,0.00011157614759659092,0.009620928738636363,0.0002780232647159091,0.00017288385914772728,0.3772378655113636,176,176,176,176,176,176,176,176
2024-06-30 21:00:00+00:00,0.00016433484566666666,0.00015859775183333334,0.0005884807104444444,0.00011390547005555556,0.009660598511111111,0.0002821918496111111,0.00017449249294444446,0.377066182,180,180,180,180,180,180,180,180
2024-07-01 00:00:00+00:00,0.00016370379213483146,0.0001588393202247191,0.0005892317078651686,0.00011330207303370786,0.009676896528089889,0.00028008347191011237,0.00017461970224719102,0.37650985421348315,178,178,178,178,178,178,178,178
2024-07-01 03:00:00+00:00,0.00016321725842696627,0.00016067930898876404,0.000587600393258427,0.0001123601629213483,0.009637938286516854,0.00027876118539325845,0.00017325912921348314,0.3757670474719101,178,178,178,178,178,178,178,178
2024-07-01 06:00:00+00:00,0.0001638831611111111,0.00015912946666666667,0.0005837363555555555,0.00011097962222222221,0.009504231255555556,0.00027711133333333334,0.00017316898333333332,0.3747961719444444,180,180,180,180,180,180,180,180
2024-07-01 09:00:00+00:00,0.00016304566292134833,0.0001571814213483146,0.0005821570337078652,0.00011204667415730338,0.009459391601123596,0.00027738248314606743,0.00017099619662921348,0.37427218185393263,178,178,178,178,178,178,178,178
2024-07-01 12:00:00+00:00,0.00016234997777777777,0.00015813936666666666,0.0005766028444444444,0.00011320521111111112,0.009477377444444445,0.0002746718611111111,0.00017014933333333332,0.3731523928888889,180,180,180,180,180,180,180,180
2024-07-01 15:00:00+00:00,0.00016309175842696628,0.0001589321011235955,0.0005740237415730337,0.00011168183146067415,0.009444416393258426,0.00027269923595505617,0.00017008919662921349,0.37198083275280897,178,178,178,178,178,178,178,178
2024-07-01 18:00:00+00:00,0.00016427280113636363,0.00015792895454545453,0.0005743856193181819,0.00011109347159090908,0.009449338284090909,0.0002718844715909091,0.00016955527840909092,0.3713508493181818,176,176,176,176,176,176,176,176
2024-07-01 21:00:00+00:00,0.00016412696111111111,0.00015700830555555556,0.0005725567333333333,0.00011148514999999999,0.009422160061111112,0.00027254631666666666,0.00017064745555555555,0.37040015600000004,180,180,180,180,180,180,180,180
2024-07-02 00:00:00+00:00,0.00016272519101123595,0.00015639809550561798,0.0005689681011235955,0.00011011126404494383,0.009385723230337078,0.0002706721797752809,0.0001697785617977528,0.3689439384269663,178,178,178,178,178,178,178,178
2024-07-02 03:00:00+00:00,0.00016299840555555556,0.00015779959444444443,0.0005739774833333334,0.00011047147222222223,0.009409441433333334,0.00026974379999999997,0.0001707272388888889,0.36841755155555556,180,180,180,180,180,180,180,180
2024-07-02 06:00:00+00:00,0.00016259498314606741,0.0001568781573033708,0.0005694344325842697,0.00011034527528089888,0.009281451280898877,0.00027025332584269666,0.0001716081797752809,0.368285734494382,178,178,178,178,178,178,178,178
2024-07-02 09:00:00+00:00,0.00016186004494382023,0.00015687303932584269,0.0005692522584269663,0.00011158608988764045,0.009252706926966291,0.0002711018370786517,0.00017130078651685394,0.3684396444382022,178,178,178,178,178,178,178,178
2024-07-02 12:00:00+00:00,0.00016197701666666666,0.0001571073,0.0005646103,0.00011046716666666667,0.009301486455555556,0.00026971202777777777,0.00017149036666666665,0.3681288214444445,180,180,180,180,180,180,180,180
2024-07-02 15:00:00+00:00,0.00016119099444444445,0.0001572646111111111,0.0005640449888888888,0.00011049420555555554,0.009291033377777777,0.00027021945000000003,0.00017004050555555555,0.36748502,180,180,180,180,180,180,180,180
2024-07-02 18:00:00+00:00,0.0001608401222222222,0.00015828927222222224,0.0005675201888888889,0.00011264635555555557,0.009310094561111112,0.00027091096111111113,0.00017108247222222224,0.3670670172222222,180,180,180,180,180,180,180,180
2024-07-02 21:00:00+00:00,0.00016083287640449438,0.00015940196629213484,0.0005648907303370786,0.0001129365168539326,0.009287529747191011,0.00027024954494382023,0.00017057357303370787,0.36607182348314604,178,178,178,178,178,178,178,178
2024-07-03 00:00:00+00:00,0.00016178225,0.00016070334999999998,0.0005660021777777778,0.00011170571666666666,0.009282440911111111,0.0002720324555555556,0.0001701734611111111,0.36555137216666667,180,180,180,180,180,180,180,180
2024-07-03 03:00:00+00:00,0.0001624461888888889,0.00016227107777777778,0.0005590419277777778,0.0001109003111111111,0.009214862955555556,0.0002690248111111111,0.00017173128888888888,0.36460831883333333,180,180,180,180,180,180,180,180
2024-07-03 06:00:00+00:00,0.0001625795111111111,0.00015855770555555556,0.0005585546944444445,0.00011123880555555555,0.009129844816666666,0.0002697968555555556,0.00017113724444444445,0.36434362872222226,180,180,180,180,180,180,180,180
2024-07-03 09:00:00+00:00,0.00016225578333333332,0.0001578269111111111,0.0005602449055555556,0.00011159800555555555,0.009119707266666667,0.00027029063333333333,0.00016966452222222223,0.36443953522222217,180,180,180,180,180,180,180,180
2024-07-03 12:00:00+00:00,0.00016174131666666665,0.00015820796666666666,0.0005552480833333333,0.00011143360555555556,0.009132174355555555,0.00026975535555555553,0.00016867998333333333,0.36377019194444443,180,180,180,180,180,180,180,180
2024-07-03 15:00:00+00:00,0.00016175861111111112,0.00015826929444444444,0.0005503265611111111,0.00010959751666666666,0.009086639938888889,0.0002679278166666667,0.00016780727777777776,0.3625731912222222,180,180,180,180,180,180,180,180
2024-07-03 18:00:00+00:00,0.00016152927272727272,0.00015715634545454543,0.0005508958303030302,0.00011042034545454544,0.009092441036363636,0.00026772829090909093,0.00016752486666666666,0.36222883036363634,165,165,165,165,165,165,165,165
2024-07-03 21:00:00+00:00,0.00016183485806451614,0.00015794911612903225,0.0005453318967741936,0.00010964396774193549,0.009051310341935483,0.000265769464516129,0.0001680360193548387,0.3611528198064516,155,155,155,155,155,155,155,155
2024-07-04 00:00:00+00:00,0.00016155638888888887,0.00015811777222222222,0.0005428038888888889,0.00010885582222222222,0.009010021711111111,0.0002648066166666667,0.0001668552,0.3600633661111111,180,180,180,180,180,180,180,180
2024-07-04 03:00:00+00:00,0.0001608091,0.0001576215111111111,0.0005423176666666667,0.00010829564444444444,0.008983380155555555,0.0002639581388888889,0.00016841251666666667,0.3593847665555555,180,180,180,180,180,180,180,180
2024-07-04 06:00:00+00:00,0.00016050354444444443,0.0001578901111111111,0.0005468815111111112,0.00010987699444444444,0.008933076372222222,0.0002651314944444445,0.0001673365,0.35932602911111117,180,180,180,180,180,180,180,180
2024-07-04 09:00:00+00:00,0.00016180202777777778,0.00015942089444444444,0.0005482011444444445,0.00010988409444444443,0.00890204421111111,0.0002637850055555556,0.00016675480555555555,0.35893666272222224,180,180,180,180,180,180,180,180
2024-07-04 12:00:00+00:00,0.0001625973,0.00016028683333333332,0.0005493331055555556,0.00010954828888888889,0.00896575128888889,0.00026613116666666665,0.00016906174444444443,0.3586828788888889,180,180,180,180,180,180,180,180
2024-07-04 15:00:00+00:00,0.0001613509777777778,0.00015939981111111112,0.0005480443444444445,0.00010832340555555555,0.008954171916666667,0.00026440063888888887,0.0001699116611111111,0.3580739621666667,180,180,180,180,180,180,180,180
2024-07-04 18:00:00+00:00,0.00016240701685393258,0.00016231213483146068,0.0005460898707865168,0.00010902420224719102,0.008932636870786517,0.00026317251123595504,0.0001703931797752809,0.3573978453370787,178,178,178,178,178,178,178,178
2024-07-04 21:00:00+00:00,0.00016141866666666667,0.0001624161777777778,0.0005387716277777777,0.00010683930555555556,0.008881896033333335,0.0002605332277777778,0.00016756697777777779,0.3564301201666667,180,180,180,180,180,180,180,180
2024-07-05 00:00:00+00:00,0.0001635841277777778,0.00016392035555555555,0.0005373329222222222,0.00010816477222222222,0.008867476433333334,0.00025979655555555557,0.00016843941666666668,0.3560997548333333,180,180,180,180,180,180,180,180
2024-07-05 03:00:00+00:00,0.00016439773333333334,0.0001645744,0.0005408422722222222,0.00010907171666666667,0.008872116083333333,0.0002597,0.00016620571666666668,0.3557991942777778,180,180,180,180,180,180,180,180
2024-07-05 06:00:00+00:00,0.00016505355555555555,0.00016457527777777778,0.0005370695888888889,0.00010839685555555556,0.008780629288888888,0.0002593754,0.0001639054,0.3556657943888889,180,180,180,180,180,180,180,180
2024-07-05 09:00:00+00:00,0.0001644878611111111,0.00016147857777777777,0.0005332840222222222,0.00010854552222222224,0.008730260555555555,0.0002592624277777778,0.00016578552777777778,0.3553903732777778,180,180,180,180,180,180,180,180
2024-07-05 12:00:00+00:00,0.0001640501388888889,0.00016124033333333331,0.0005368403388888889,0.00010978384444444445,0.008823048261111112,0.00026118717222222223,0.00016640957777777778,0.35573479305555555,180,180,180,180,180,180,180,180
2024-07-05 15:00:00+00:00,0.00016390279444444445,0.00016141681666666667,0.0005370411722222222,0.00011039448888888889,0.008840671855555557,0.00026271539444444445,0.00016742728888888888,0.35541939405555556,180,180,180,180,180,180,180,180
2024-07-05 18:00:00+00:00,0.0001607756797752809,0.00015978066292134831,0.000532833106741573,0.00010993739887640448,0.008813562747191011,0.0002620209775280899,0.00016776912359550561,0.3547681896067416,178,178,178,178,178,178,178,178
2024-07-05 21:00:00+00:00,0.0001598669388888889,0.00016103514444444443,0.0005307352111111111,0.00010992952777777778,0.008797153416666667,0.0002610356611111111,0.00016807612222222222,0.35362899644444445,180,180,180,180,180,180,180,180
2024-07-06 00:00:00+00:00,0.00016116469444444446,0.00016006843333333333,0.0005303970722222222,0.00010878503333333334,0.008788285077777777,0.0002598660388888889,0.00016657367222222221,0.35299743100000003,180,180,180,180,180,180,180,180
2024-07-06 03:00:00+00:00,0.00016239939444444445,0.00015859703333333334,0.0005289553166666666,0.00010853009444444445,0.0087753261,0.00025906440555555554,0.00016696047222222222,0.35284389583333337,180,180,180,180,180,180,180,180
2024-07-06 06:00:00+00:00,0.0001612319,0.0001593018222222222,0.0005266914277777777,0.0001079862388888889,0.008687705083333334,0.0002572677888888889,0.00016300526111111111,0.35232931166666664,180,180,180,180,180,180,180,180
2024-07-06 09:00:00+00:00,0.00016277391666666668,0.000160583,0.0005295893666666667,0.00010826840555555556,0.008671390088888889,0.00025627055555555556,0.0001609742,0.35209269905555557,180,180,180,180,180,180,180,180
2024-07-06 12:00:00+00:00,0.00016407619444444444,0.00015923796111111111,0.0005258915611111111,0.0001077294388888889,0.008714652211111111,0.0002555594888888889,0.0001621881277777778,0.3521409191666667,180,180,180,180,180,180,180,180
2024-07-06 15:00:00+00:00,0.00016242349999999998,0.00015753916666666668,0.00052387685,0.00010613404444444445,0.008703666444444444,0.0002544024111111111,0.00016186133333333333,0.3516569171666667,180,180,180,180,180,180,180,180
2024-07-06 18:00:00+00:00,0.00016152366853932585,0.00015590542696629215,0.0005213603370786517,0.00010587003370786518,0.008670335252808989,0.0002543370561797753,0.00016157515168539326,0.35085467421348315,178,178,178,178,178,178,178,178
2024-07-06 21:00:00+00:00,0.00016132377222222223,0.00015598726666666668,0.0005223923888888889,0.00010660481666666666,0.0086820437,0.0002544046444444445,0.0001637475388888889,0.35040600761111107,180,180,180,180,180,180,180,180
2024-07-07 00:00:00+00:00,0.00016408885,0.00016038136111111111,0.0005256246277777777,0.00010681649444444444,0.008704005116666667,0.0002546883777777778,0.00016368312222222222,0.3502534401111111,180,180,180,180,180,180,180,180
2024-07-07 03:00:00+00:00,0.00016424343333333333,0.00015945563333333334,0.0005274817666666667,0.00010819895555555555,0.008714304016666667,0.00025639706666666666,0.00016133406666666666,0.3505727785555556,180,180,180,180,180,180,180,180
2024-07-07 06:00:00+00:00,0.00016320142222222222,0.00015967935555555557,0.0005247641222222223,0.00010636851666666668,0.008614176661111111,0.00025421740555555555,0.00016007932222222222,0.3499997447777778,180,180,180,180,180,180,180,180
2024-07-07 09:00:00+00:00,0.00016345791666666666,0.00015858525555555555,0.0005243494888888889,0.00010545966111111111,0.008586474549999999,0.0002545380222222222,0.00016133706666666666,0.3499511493888889,180,180,180,180,180,180,180,180
2024-07-07 12:00:00+00:00,0.0001623591,0.00015679865555555557,0.0005214415555555555,0.00010726474999999999,0.008633943988888889,0.00025497150555555553,0.0001641009388888889,0.3500005924444444,180,180,180,180,180,180,180,180
2024-07-07 15:00:00+00:00,0.00016085182777777777,0.0001565782,0.0005235698888888888,0.00010696192222222222,0.00867148391111111,0.00025584814444444445,0.00016425734444444444,0.35011165922222226,180,180,180,180,180,180,180,180
2024-07-07 18:00:00+00:00,0.0001598428988764045,0.00015641868539325842,0.0005228454943820225,0.00010680215730337078,0.008670930949438202,0.0002555448370786517,0.00016412789325842697,0.3497914437078652,178,178,178,178,178,178,178,178
2024-07-07 21:00:00+00:00,0.0001604364222222222,0.00015766303888888888,0.0005228269444444444,0.0001074058611111111,0.008665218883333332,0.00025601347222222224,0.00016690957222222224,0.34921639755555556,180,180,180,180,180,180,180,180
2024-07-08 00:00:00+00:00,0.00016205986111111112,0.00016017886666666668,0.0005238953833333333,0.00010704346111111111,0.008676499216666666,0.00025560059444444444,0.00016785797222222223,0.34931732527777776,180,180,180,180,180,180,180,180
2024-07-08 03:00:00+00:00,0.00016359301666666668,0.00016009814444444443,0.0005207902166666667,0.00010627936666666666,0.008647707483333333,0.0002542262444444445,0.00016688543333333333,0.34910095155555554,180,180,180,180,180,180,180,180
2024-07-08 06:00:00+00:00,0.0001631455277777778,0.00015775794999999999,0.0005226511388888888,0.00010610983333333333,0.00861110421111111,0.0002556885611111111,0.0001662355888888889,0.35004563438888886,180,180,180,180,180,180,180,180
2024-07-08 09:00:00+00:00,0.0001619851611111111,0.00015744397777777777,0.0005238239166666667,0.00010583864444444445,0.008618331566666667,0.00025644870555555554,0.00016698875555555556,0.35123733744444446,180,180,180,180,180,180,180,180
2024-07-08 12:00:00+00:00,0.00016223221666666668,0.00015660135555555557,0.0005291759611111111,0.0001076408,0.008736769922222222,0.00025913595555555554,0.00016780532222222222,0.35230246633333334,180,180,180,180,180,180,180,180
2024-07-08 15:00:00+00:00,0.00016137464444444444,0.00015488689444444445,0.0005230927111111111,0.00010720913888888888,0.00873943848888889,0.0002558527722222222,0.0001664911611111111,0.3526272292222222,180,180,180,180,180,180,180,180
2024-07-08 18:00:00+00:00,0.0001621212808988764,0.00015405743258426965,0.0005267095842696629,0.00010708899999999999,0.008779548207865168,0.0002573347359550562,0.0001673624606741573,0.3532920921348315,178,178,178,178,178,178,178,178
2024-07-08 21:00:00+00:00,0.00016064119444444446,0.0001512533722222222,0.0005275528111111111,0.0001061874,0.0088429896,0.00025919205,0.0001654645722222222,0.35456983666666664,180,180,180,180,180,180,180,180
2024-07-09 00:00:00+00:00,0.00015896932222222223,0.00015150206666666668,0.0005315603055555555,0.00010636455,0.00892644548888889,0.00026301647777777777,0.00016488745555555555,0.3563022216666667,180,180,180,180,180,180,180,180
2024-07-09 03:00:00+00:00,0.00015925442222222222,0.00015338472777777777,0.0005345488055555556,0.00010740078333333333,0.008952921716666666,0.0002654963388888889,0.00016739151111111111,0.3572393791111111,180,180,180,180,180,180,180,180
2024-07-09 06:00:00+00:00,0.00015868768333333333,0.00015266336666666669,0.0005379060666666666,0.00010687676111111112,0.008925801294444443,0.00026732550555555554,0.00016754447222222223,0.3582591028888889,180,180,180,180,180,180,180,180
2024-07-09 09:00:00+00:00,0.00015651035555555557,0.00015147901666666665,0.0005326588222222223,0.00010510015555555556,0.008899131105555555,0.00026516333333333333,0.0001667341388888889,0.3592143497777778,180,180,180,180,180,180,180,180
2024-07-09 12:00:00+00:00,0.00015575951111111111,0.00015251605000000002,0.0005349726944444444,0.0001058590388888889,0.009007054566666665,0.0002649281944444445,0.00016775658333333332,0.3603830327222223,180,180,180,180,180,180,180,180
2024-07-09 15:00:00+00:00,0.00015587653333333333,0.0001543663388888889,0.0005392511555555556,0.0001073594,0.00907827473888889,0.0002666965722222222,0.0001684805888888889,0.36179137933333333,180,180,180,180,180,180,180,180
2024-07-09 18:00:00+00:00,0.0001567002111111111,0.00015563053333333333,0.0005421143888888889,0.00010950121666666667,0.009123902227777777,0.0002692968555555556,0.00016972635555555557,0.3629222692222222,180,180,180,180,180,180,180,180
2024-07-09 21:00:00+00:00,0.00015688209550561796,0.0001556059438202247,0.0005495222303370786,0.00010976066853932585,0.0092070972752809,0.00027269812921348316,0.00017039506741573033,0.3640693514606742,178,178,178,178,178,178,178,178
2024-07-10 00:00:00+00:00,0.00015764685555555555,0.00015670372222222222,0.0005525220444444445,0.00011068540000000002,0.009243205233333333,0.00027479114444444445,0.00016919489444444443,0.3646406446111111,180,180,180,180,180,180,180,180
2024-07-10 03:00:00+00:00,0.00015815362777777778,0.00015589092222222223,0.0005537908055555556,0.00011025749999999999,0.009262162116666667,0.0002757438277777778,0.00017153197222222224,0.36577487261111113,180,180,180,180,180,180,180,180
2024-07-10 06:00:00+00:00,0.0001582599611111111,0.0001565801611111111,0.00056012835,0.0001100540111111111,0.009257677683333333,0.0002778834,0.00017359387222222223,0.3673522620555556,180,180,180,180,180,180,180,180
2024-07-10 09:00:00+00:00,0.00015874190555555557,0.00015845015555555555,0.0005695020833333333,0.00011156990555555557,0.009303324805555556,0.0002814466888888889,0.0001742720777777778,0.3691013353888889,180,180,180,180,180,180,180,180
2024-07-10 12:00:00+00:00,0.00016050368333333332,0.00015999774444444445,0.0005812882944444444,0.00011530825555555556,0.009456184500000001,0.0002881756,0.00017764763888888888,0.37122333316666667,180,180,180,180,180,180,180,180
2024-07-10 15:00:00+00:00,0.00015999600555555556,0.00015953930555555557,0.0005758027222222223,0.00011379297777777778,0.009466827533333333,0.0002834807888888889,0.00017834626666666666,0.3715839516666667,180,180,180,180,180,180,180,180
2024-07-10 18:00:00+00:00,0.0001607132888888889,0.00015910935,0.0005803835055555556,0.00011476131666666667,0.009502370555555556,0.00028858061111111113,0.00017926023333333333,0.37245005433333334,180,180,180,180,180,180,180,180
2024-07-10 21:00:00+00:00,0.00016037530714285714,0.000159664,0.0005732252785714285,0.00011250584285714285,0.00949573812857143,0.0002861614357142857,0.00017710019999999998,0.37270462642857144,140,140,140,140,140,140,140,140
2024-07-11 00:00:00+00:00,0.00016074957222222223,0.00015934786111111113,0.0005768467,0.0001114719,0.009527979916666667,0.00028648408333333333,0.0001768668722222222,0.3731035799444445,180,180,180,180,180,180,180,180
2024-07-11 03:00:00+00:00,0.00016104820000000002,0.00016049622222222222,0.0005844811444444444,0.00011219873333333333,0.009571044783333333,0.0002874798055555556,0.00017556446111111111,0.3737089343888889,180,180,180,180,180,180,180,180
2024-07-11 06:00:00+00:00,0.00016062817777777778,0.00016151396666666667,0.0005794153222222222,0.00011080042777777778,0.00945947985,0.0002850054611111111,0.00017511909999999998,0.37393982044444446,180,180,180,180,180,180,180,180
2024-07-11 09:00:00+00:00,0.00015990091666666666,0.00016097743333333333,0.0005700481277777778,0.00010995757222222222,0.009403745716666667,0.00028095139444444443,0.00017392992222222222,0.37451337372222226,180,180,180,180,180,180,180,180
2024-07-11 12:00:00+00:00,0.00015934628333333332,0.00015977996666666666,0.00057194065,0.00010995127222222223,0.009502535783333333,0.0002816538444444445,0.00017534585555555556,0.37493131522222223,180,180,180,180,180,180,180,180
2024-07-11 15:00:00+00:00,0.00015873420000000002,0.00016001116666666666,0.0005729430055555555,0.00011183782222222223,0.009527180077777777,0.0002819732611111111,0.0001755687111111111,0.37540828666666665,180,180,180,180,180,180,180,180
2024-07-11 18:00:00+00:00,0.00015903581460674157,0.00015960877528089888,0.0005729851910112359,0.00011151762359550562,0.009536612797752808,0.00028060039325842695,0.00017318102808988763,0.37558890443820225,178,178,178,178,178,178,178,178
2024-07-11 21:00:00+00:00,0.00015963957222222224,0.0001583824222222222,0.0005702225888888889,0.00011020536111111113,0.00952073175,0.00027880277777777776,0.00017309609444444445,0.375487361,180,180,180,180,180,180,180,180
2024-07-12 00:00:00+00:00,0.00015973369444444445,0.0001585733,0.0005705547333333333,0.00010934219444444444,0.009529010805555556,0.0002787884055555556,0.00017370851666666666,0.37565734472222223,180,180,180,180,180,180,180,180
2024-07-12 03:00:00+00:00,0.00016029517777777776,0.0001595450888888889,0.0005705664222222222,0.00010949225,0.009524745105555555,0.00027934849999999996,0.00017247495555555557,0.37595250883333337,180,180,180,180,180,180,180,180
2024-07-12 06:00:00+00:00,0.0001605411777777778,0.00016092561666666667,0.0005680914333333333,0.00010965631111111111,0.009421453138888888,0.00027862028333333334,0.00017113012777777778,0.3760192085555556,180,180,180,180,180,180,180,180
2024-07-12 09:00:00+00:00,0.00016201433888888889,0.00016213435555555554,0.0005715189222222222,0.00011132470555555556,0.009413640022222223,0.0002804232388888889,0.00017240714444444443,0.3769147935,180,180,180,180,180,180,180,180
2024-07-12 12:00:00+00:00,0.00016330462777777778,0.0001646146888888889,0.0005766860055555556,0.00011182610555555556,0.009537995133333334,0.00028307940555555555,0.00017205055,0.37814629777777775,180,180,180,180,180,180,180,180
2024-07-12 15:00:00+00:00,0.00016351136111111112,0.00016544937222222222,0.0005743597055555556,0.00010980640555555555,0.009542660838888889,0.00028111253333333336,0.00017111563333333332,0.3786466344444444,180,180,180,180,180,180,180,180
2024-07-12 18:00:00+00:00,0.00016205926966292135,0.000165035,0.0005760393988764044,0.0001098031629213483,0.009576769325842697,0.000281883595505618,0.00017234459550561796,0.3794658448314606,178,178,178,178,178,178,178,178
2024-07-12 21:00:00+00:00,0.0001641096111111111,0.00016868201111111113,0.0005817274944444445,0.00011160512222222221,0.009635303833333332,0.00028315411666666665,0.00017396369999999998,0.38009059566666664,180,180,180,180,180,180,180,180
2024-07-13 00:00:00+00:00,0.00016572431666666667,0.00017053851666666667,0.0005834990722222223,0.00011107102222222223,0.009650405594444444,0.00028247656666666664,0.00017299744444444445,0.38047021999999997,180,180,180,180,180,180,180,180
2024-07-13 03:00:00+00:00,0.00016939029444444444,0.0001730171666666667,0.0005991218666666667,0.00011389718888888888,0.00974083436111111,0.00028737560555555555,0.00017543803333333334,0.3815344479444444,180,180,180,180,180,180,180,180
2024-07-13 06:00:00+00:00,0.00016951978333333334,0.00017252557222222222,0.0005881941222222223,0.00011105568333333333,0.009578388744444446,0.00028179331666666665,0.00017227250555555554,0.3804831808888889,180,180,180,180,180,180,180,180
2024-07-13 09:00:00+00:00,0.00016732258333333332,0.00017097608333333333,0.0005859443444444445,0.00011056248888888889,0.009537726205555557,0.00028299466666666665,0.0001740526,0.38082806999999996,180,180,180,180,180,180,180,180
2024-07-13 12:00:00+00:00,0.00016779649444444446,0.00017330859444444443,0.0006052138444444444,0.00011519818888888888,0.009751648083333333,0.0002905587666666667,0.0001810237222222222,0.38273402888888886,180,180,180,180,180,180,180,180
2024-07-13 15:00:00+00:00,0.00017040567222222224,0.00017801632777777776,0.0006117981388888889,0.00011501069444444444,0.009796351361111112,0.0002943498944444444,0.00017910831666666666,0.38334766233333334,180,180,180,180,180,180,180,180
2024-07-13 18:00:00+00:00,0.0001711934606741573,0.00017750484269662923,0.0006049914494382023,0.00011365112921348316,0.009793607634831461,0.0002894795168539326,0.00017914930898876405,0.3831890934831461,178,178,178,178,178,178,178,178
2024-07-13 21:00:00+00:00,0.00017216146111111112,0.00017797267222222223,0.0006080534277777777,0.00011516654444444444,0.009792372183333333,0.0002901421388888889,0.0001799470277777778,0.3829116488888889,180,180,180,180,180,180,180,180
2024-07-14 00:00:00+00:00,0.00017234052777777777,0.00017845262777777777,0.0006115821055555556,0.00011703664444444445,0.00982083728888889,0.00029203525,0.00018201432222222222,0.3830819967222222,180,180,180,180,180,180,180,180
2024-07-14 03:00:00+00:00,0.00017530531111111113,0.00018406525,0.0006142151333333333,0.0001147470888888889,0.009817793027777778,0.0002907109333333333,0.00017920593888888888,0.38354964538888886,180,180,180,180,180,180,180,180
2024-07-14 06:00:00+00:00,0.0001741593722222222,0.00018300567222222222,0.0006030020055555555,0.00011163920000000001,0.00968286325,0.0002878685222222222,0.00017721127222222223,0.3835590612222223,180,180,180,180,180,180,180,180
2024-07-14 09:00:00+00:00,0.00017432867222222224,0.00018077651111111112,0.0006066787555555555,0.0001134953611111111,0.009689718066666667,0.0002903959777777778,0.00018043625,0.3841052035,180,180,180,180,180,180,180,180
2024-07-14 12:00:00+00:00,0.00017521174444444444,0.00018041921666666665,0.0006064463555555556,0.00011536683888888889,0.0097707475,0.00028961496666666663,0.00018023772777777777,0.38407424405555557,180,180,180,180,180,180,180,180
2024-07-14 15:00:00+00:00,0.00017553602222222223,0.0001808720111111111,0.0006044991888888889,0.00011427779444444444,0.009778956494444444,0.0002899973666666667,0.0001807744111111111,0.3844438886111111,180,180,180,180,180,180,180,180
2024-07-14 18:00:00+00:00,0.00017640991573033708,0.00018125010674157306,0.0006078125,0.00011560694943820224,0.009804297073033708,0.00029253954494382024,0.00018229739325842696,0.38501897460674156,178,178,178,178,178,178,178,178
2024-07-14 21:00:00+00:00,0.00017920953333333333,0.00018123429999999997,0.0006090736777777777,0.00011581525,0.009838240794444444,0.0002919470666666667,0.00018070352222222222,0.38511673933333335,180,180,180,180,180,180,180,180
2024-07-15 00:00:00+00:00,0.00017755718333333333,0.00017949497222222223,0.0006042035055555555,0.0001163516611111111,0.009815240416666668,0.0002899416611111111,0.00018072356666666667,0.38482358177777776,180,180,180,180,180,180,180,180
2024-07-15 03:00:00+00:00,0.00017726985555555557,0.00017826406666666668,0.0006044148888888889,0.0001161832111111111,0.009783531694444444,0.00029341,0.0001806720111111111,0.3847537670555556,180,180,180,180,180,180,180,180
2024-07-15 06:00:00+00:00,0.00017761940555555554,0.0001798108111111111,0.000599891661111111,0.00011477339444444444,0.009683115261111111,0.00028968973333333333,0.00017927688333333334,0.38440337088888893,180,180,180,180,180,180,180,180
2024-07-15 09:00:00+00:00,0.0001788871777777778,0.00018052250555555558,0.0006032412444444444,0.00011529708333333333,0.009680433033333333,0.00029177255,0.00018168812222222222,0.3847999925555555,180,180,180,180,180,180,180,180
2024-07-15 12:00:00+00:00,0.00017687204444444445,0.00018046712222222222,0.0005959347888888889,0.00011373358333333334,0.009699328333333333,0.0002873211666666667,0.00017939322777777775,0.38378932633333335,180,180,180,180,180,180,180,180
2024-07-15 15:00:00+00:00,0.00017918306666666668,0.00018629852777777778,0.0005973641944444445,0.00011546363888888888,0.009704747022222222,0.0002884819388888889,0.00018103914444444444,0.38393766911111116,180,180,180,180,180,180,180,180
2024-07-15 18:00:00+00:00,0.00018129245505617977,0.00018552955056179776,0.0006078560224719101,0.0001157707808988764,0.009768914595505619,0.0002922187752808989,0.0001816015224719101,0.3841766341011236,178,178,178,178,178,178,178,178
2024-07-15 21:00:00+00:00,0.00018064094444444445,0.0001840648611111111,0.00061076,0.00011764294444444444,0.00982580141111111,0.0002948540055555555,0.00018604412777777776,0.3846288471111111,180,180,180,180,180,180,180,180
2024-07-16 00:00:00+00:00,0.00018242087777777777,0.00018735667222222224,0.0006118813388888888,0.00011782346666666667,0.009848005344444445,0.00029308633333333334,0.0001860005722222222,0.3845806145,180,180,180,180,180,180,180,180
2024-07-16 03:00:00+00:00,0.00018358775555555557,0.0001885098888888889,0.0006127499222222222,0.00011789792777777778,0.00985044968888889,0.00029334657222222224,0.0001832535777777778,0.3850276131666667,180,180,180,180,180,180,180,180
2024-07-16 06:00:00+00:00,0.0001823330111111111,0.00018641345555555556,0.0006151391055555555,0.0001175133611111111,0.009797984683333334,0.0002979460333333333,0.0001888429777777778,0.385555781,180,180,180,180,180,180,180,180
2024-07-16 09:00:00+00:00,0.0001815446111111111,0.00018887585000000002,0.0006055424222222222,0.00011559142222222223,0.009730323655555555,0.0002913027555555555,0.00018424429444444443,0.3850450621111111,180,180,180,180,180,180,180,180
2024-07-16 12:00:00+00:00,0.00018250335,0.0001869545888888889,0.0006056160999999999,0.00011678836111111111,0.009810199322222223,0.0002930223833333333,0.00018772335555555553,0.38511738394444445,180,180,180,180,180,180,180,180
2024-07-16 15:00:00+00:00,0.00018041800555555556,0.00018557585,0.0006030471944444444,0.0001137646388888889,0.009827520444444444,0.0002900631222222222,0.00018282395555555556,0.385368743,180,180,180,180,180,180,180,180
2024-07-16 18:00:00+00:00,0.00018280384999999998,0.00018929138333333332,0.0006087931333333334,0.00011533239444444445,0.009855461655555555,0.0002913900333333333,0.00018313792222222225,0.3854993863333333,180,180,180,180,180,180,180,180
2024-07-16 21:00:00+00:00,0.00018527233146067415,0.000192058702247191,0.0006192802640449438,0.00011590854494382021,0.009925792331460674,0.0002966219606741573,0.00018528851123595505,0.38538609505617977,178,178,178,178,178,178,178,178
2024-07-17 00:00:00+00:00,0.00018490043888888888,0.00019319702777777776,0.0006053822277777778,0.0001133974888888889,0.009841846683333332,0.00028908919444444446,0.00018125327777777778,0.38413939811111114,180,180,180,180,180,180,180,180
2024-07-17 03:00:00+00:00,0.00018530698333333332,0.0001924307222222222,0.0006080931888888889,0.00011373176666666666,0.0098415264,0.0002891960777777778,0.00018252207222222222,0.3840253736111111,180,180,180,180,180,180,180,180
2024-07-17 06:00:00+00:00,0.00018645830555555554,0.00019576832222222224,0.0006330833444444444,0.00012216248888888889,0.009918101116666666,0.00030398207777777777,0.00019470575555555553,0.3859088371666667,180,180,180,180,180,180,180,180
2024-07-17 09:00:00+00:00,0.0001831830611111111,0.0001956887888888889,0.0006124883888888889,0.00011462164444444445,0.009768852561111112,0.0002903038166666667,0.00018407438333333334,0.38439306261111117,180,180,180,180,180,180,180,180
2024-07-17 12:00:00+00:00,0.0001841285388888889,0.00019675353333333334,0.0006076464722222223,0.00011458230555555556,0.009825879477777778,0.0002890906666666666,0.00018247480555555554,0.38401984238888887,180,180,180,180,180,180,180,180
2024-07-17 15:00:00+00:00,0.0001852715611111111,0.00019527167222222223,0.0006040077333333333,0.00011239431666666667,0.009796648827777778,0.00028858601111111113,0.0001824066,0.3834352671666667,180,180,180,180,180,180,180,180
2024-07-17 18:00:00+00:00,0.00018611776428571427,0.00019561832857142858,0.0006122257071428572,0.00011435855,0.009871797799999998,0.00029419823571428573,0.00018796968571428572,0.3838153125714286,140,140,140,140,140,140,140,140
2024-07-17 21:00:00+00:00,0.00018624283888888887,0.00019667053333333333,0.0006052405444444444,0.0001143517,0.009832996605555555,0.00029159615,0.00018355422777777778,0.38308512972222225,180,180,180,180,180,180,180,180
2024-07-18 00:00:00+00:00,0.00018479688333333333,0.00019392911666666666,0.0005998042166666666,0.00011460237222222223,0.009768915894444445,0.00028959944999999997,0.00018072853333333334,0.3820576398888889,180,180,180,180,180,180,180,180
2024-07-18 03:00:00+00:00,0.00018553273333333335,0.00019528415555555555,0.0006063881833333333,0.00011487857222222222,0.009786324666666667,0.00029107327222222223,0.00018101496666666667,0.38165674866666666,180,180,180,180,180,180,180,180
2024-07-18 06:00:00+00:00,0.00018566495000000002,0.0001959152611111111,0.0006084566944444444,0.00011396671111111112,0.009722782766666667,0.00029086979444444444,0.00018216918888888886,0.38184727861111106,180,180,180,180,180,180,180,180
2024-07-18 09:00:00+00:00,0.0001883959111111111,0.00020000654444444447,0.0006137323055555555,0.00011363987777777778,0.009721330722222223,0.0002941453111111111,0.00018387021666666666,0.38268437994444443,180,180,180,180,180,180,180,180
2024-07-18 12:00:00+00:00,0.00018850505555555557,0.0001950504277777778,0.0006035570055555556,0.00011167720555555556,0.009735323944444445,0.00028938094444444447,0.0001812944,0.3814054105,180,180,180,180,180,180,180,180
2024-07-18 15:00:00+00:00,0.00018802808333333334,0.00019181198333333334,0.0006054043611111111,0.00011045490555555555,0.009727539505555556,0.00028875259999999996,0.0001789588,0.3805556723333334,180,180,180,180,180,180,180,180
2024-07-18 18:00:00+00:00,0.00018751033146067415,0.0001920107471910112,0.0006028152584269663,0.00010976495505617979,0.009741712646067416,0.00028547443258426965,0.00017969356179775282,0.38024492286516853,178,178,178,178,178,178,178,178
2024-07-18 21:00:00+00:00,0.0001885868111111111,0.0001920910888888889,0.00060539335,0.00011078818333333332,0.00973871386111111,0.0002858848611111111,0.0001776739777777778,0.3795530336111111,180,180,180,180,180,180,180,180
2024-07-19 00:00:00+00:00,0.00018844330555555557,0.00019095260000000003,0.0006045740555555556,0.00010984236666666667,0.009746107883333334,0.00028444357777777777,0.00017886932777777778,0.3792963863888889,180,180,180,180,180,180,180,180
2024-07-19 03:00:00+00:00,0.00018877767222222222,0.00019224876666666668,0.0006067361888888889,0.00011173312777777777,0.00974843555,0.0002856465777777778,0.00018017065555555554,0.37939543983333335,180,180,180,180,180,180,180,180
2024-07-19 06:00:00+00:00,0.0001909430888888889,0.00019555888333333332,0.0006084196888888889,0.00011399395,0.009671009338888889,0.00028878979444444444,0.00018311666666666665,0.37940946044444446,180,180,180,180,180,180,180,180
2024-07-19 09:00:00+00:00,0.00019079615,0.0001942643,0.0006049233111111111,0.00011378246666666667,0.009602367311111111,0.00028538765,0.00018103269444444446,0.3785231394444445,180,180,180,180,180,180,180,180
2024-07-19 12:00:00+00:00,0.00018995762777777777,0.00019183887222222224,0.0006035624166666666,0.00011401943888888889,0.009637799966666666,0.0002857499888888889,0.0001802038222222222,0.37818394333333333,180,180,180,180,180,180,180,180
2024-07-19 15:00:00+00:00,0.00018631023333333336,0.00019086976666666668,0.0005946464166666667,0.00011303908333333333,0.009586423049999999,0.0002814137888888889,0.0001782854,0.37645196583333335,180,180,180,180,180,180,180,180
2024-07-19 18:00:00+00:00,0.00018630018539325842,0.0001898382247191011,0.0006020536460674157,0.00011451008426966292,0.009615338028089887,0.0002861797640449438,0.00018328945505617975,0.3764068165730337,178,178,178,178,178,178,178,178
2024-07-19 21:00:00+00:00,0.00018405756741573034,0.00018808465168539327,0.0005998530786516854,0.00011449216853932585,0.009632051859550562,0.00028375158988764047,0.00018097065168539325,0.37579410207865166,178,178,178,178,178,178,178,178
2024-07-20 00:00:00+00:00,,,,,,,,0.3756566353333334,0,0,0,0,0,0,0,60
2024-07-20 03:00:00+00:00,,,,,,,,,0,0,0,0,0,0,0,0
2024-07-20 06:00:00+00:00,,,,,,,,,0,0,0,0,0,0,0,0
2024-07-20 09:00:00+00:00,,,,,,,,,0,0,0,0,0,0,0,0
2024-07-20 12:00:00+00:00,,,,,,,,,0,0,0,0,0,0,0,0
2024-07-20 15:00:00+00:00,,,,,,,,,0,0,0,0,0,0,0,0
2024-07-20 18:00:00+00:00,,,,,,,,,0,0,0,0,0,0,0,0
2024-07-20 21:00:00+00:00,,,,,,,,,0,0,0,0,0,0,0,0
2024-07-21 00:00:00+00:00,0.0001845544189944134,0.0001831717653631285,0.0005950549999999999,0.00011446023463687151,0.009486650055865922,0.00028156401675977655,0.0001812374525139665,0.37022110273743014,179,179,179,179,179,179,179,179
2024-07-21 03:00:00+00:00,0.00018444800555555556,0.0001822102888888889,0.00059289185,0.00011406938888888889,0.009436876283333333,0.00027969238333333334,0.00018071153333333335,0.3691910235,180,180,180,180,180,180,180,180
2024-07-21 06:00:00+00:00,0.00018294388888888887,0.0001815330777777778,0.0005938933944444444,0.00011428906111111112,0.00936023005,0.0002804252111111111,0.00018400027222222222,0.36887060788888887,180,180,180,180,180,180,180,180
2024-07-21 09:00:00+00:00,0.00018214657222222224,0.00018072553333333335,0.0005887572944444445,0.00011127317777777779,0.00931759296111111,0.00027751429444444444,0.0001810651222222222,0.36866489427777777,180,180,180,180,180,180,180,180
2024-07-21 12:00:00+00:00,0.00018131163888888887,0.0001803744388888889,0.0005880501111111111,0.00011136691666666666,0.009380492483333334,0.00027638213333333334,0.00017957093333333335,0.36796180544444446,180,180,180,180,180,180,180,180
2024-07-21 15:00:00+00:00,0.00018110415,0.00018096260555555558,0.000588373,0.00011212377222222223,0.009390854266666667,0.0002793607222222222,0.00017997857222222223,0.3678506518888889,180,180,180,180,180,180,180,180
2024-07-21 18:00:00+00:00,0.00017930526966292135,0.0001815162134831461,0.0005846610730337079,0.00011039537640449438,0.009393107983146068,0.00027469320786516855,0.00017953257303370788,0.3671760770224719,178,178,178,178,178,178,178,178
2024-07-21 21:00:00+00:00,0.0001799721888888889,0.00018247654444444444,0.0005891706555555556,0.00011082060000000001,0.009430246505555556,0.00027594227777777777,0.00017867420555555557,0.3671094263333333,180,180,180,180,180,180,180,180
2024-07-22 00:00:00+00:00,0.00018027193888888889,0.00018221084444444444,0.0005850230611111111,0.00010996198888888889,0.009417383872222221,0.0002739442277777778,0.00017967413333333333,0.3663879824444445,180,180,180,180,180,180,180,180
2024-07-22 03:00:00+00:00,0.00018073857777777777,0.00018169445555555553,0.0005866093388888889,0.00011107991111111112,0.009383188555555555,0.00027449767777777776,0.00018151418333333332,0.36595977411111114,180,180,180,180,180,180,180,180
2024-07-22 06:00:00+00:00,0.0001782044,0.00017935083333333335,0.0005791701222222222,0.00010692629444444444,0.009260590744444444,0.0002704774888888889,0.0001773640722222222,0.3655381547777778,180,180,180,180,180,180,180,180
2024-07-22 09:00:00+00:00,0.00017711864999999999,0.0001781708111111111,0.0005801794111111111,0.00010793282777777778,0.009233642477777778,0.00027054246666666665,0.0001782918722222222,0.36538235561111115,180,180,180,180,180,180,180,180
2024-07-22 12:00:00+00:00,0.00017671910555555557,0.00017794428888888886,0.0005798127944444444,0.00011063859444444444,0.009317158777777777,0.00027008273333333334,0.0001784215111111111,0.36531825044444444,180,180,180,180,180,180,180,180
2024-07-22 15:00:00+00:00,0.0001756572888888889,0.00017532724444444445,0.0005768150166666667,0.00011101030555555556,0.00930916155,0.0002696500611111111,0.00017827545555555556,0.36526471727777776,180,180,180,180,180,180,180,180
2024-07-22 18:00:00+00:00,0.00017301175280898877,0.00017123527528089888,0.0005696218033707865,0.00011117933146067415,0.009281067870786516,0.00026938848876404493,0.00017749476404494384,0.36482036612359553,178,178,178,178,178,178,178,178
2024-07-22 21:00:00+00:00,0.0001714038388888889,0.00016968402222222224,0.0005693991944444444,0.00011228641111111111,0.009304436172222224,0.0002704858166666667,0.0001729629,0.36490330183333336,180,180,180,180,180,180,180,180
2024-07-23 00:00:00+00:00,0.00016942872222222222,0.00016993975555555554,0.0005671663444444445,0.0001098763888888889,0.0092888125,0.00026880075555555554,0.00017082254444444444,0.36436408555555555,180,180,180,180,180,180,180,180
2024-07-23 03:00:00+00:00,0.00016892125555555555,0.00016978674444444446,0.0005709331166666667,0.0001098594,0.009322260733333334,0.00027074689444444444,0.00017314413333333333,0.36462184816666665,180,180,180,180,180,180,180,180
2024-07-23 06:00:00+00:00,0.00016881425000000002,0.0001707215,0.0005666917500000001,0.00010861984999999999,0.009224518883333335,0.00026830160555555555,0.00017185621666666667,0.3646585806111111,180,180,180,180,180,180,180,180
2024-07-23 09:00:00+00:00,0.00016775531666666667,0.00016894259444444446,0.0005651488944444445,0.00010874596111111111,0.009174829883333332,0.0002691815722222222,0.0001727303111111111,0.3647983432222222,180,180,180,180,180,180,180,180
2024-07-23 12:00:00+00:00,0.0001672194777777778,0.00016805248888888887,0.0005621646166666667,0.00010843845000000001,0.009236719427777778,0.0002694609277777778,0.00017507573333333333,0.3647737378888889,180,180,180,180,180,180,180,180
2024-07-23 15:00:00+00:00,0.00016658295555555555,0.00016799166666666668,0.0005639086555555555,0.00010908110555555556,0.009258154661111111,0.00026918977222222223,0.00017520718888888888,0.3646358725555556,180,180,180,180,180,180,180,180
2024-07-23 18:00:00+00:00,0.00016475628333333334,0.00016549235,0.0005586297777777778,0.00010778722222222222,0.009243193516666666,0.00026765745555555555,0.0001728468,0.36428540527777775,180,180,180,180,180,180,180,180
2024-07-23 21:00:00+00:00,0.000165082797752809,0.00016609605056179774,0.0005593144662921348,0.00010828261235955055,0.009265073921348314,0.0002688755168539326,0.00017591219101123595,0.3644681081460674,178,178,178,178,178,178,178,178
2024-07-24 00:00:00+00:00,0.00016374337777777778,0.0001653923611111111,0.0005557695,0.00010830584444444444,0.0092570969,0.0002673903388888889,0.00017399260555555555,0.36414428066666665,180,180,180,180,180,180,180,180
2024-07-24 03:00:00+00:00,0.00016446423333333333,0.00016487622222222223,0.0005558117777777778,0.00010946667777777776,0.009264851094444445,0.0002689164722222222,0.00017410905,0.3644071867222222,180,180,180,180,180,180,180,180
2024-07-24 06:00:00+00:00,0.00016449349444444444,0.00016310161666666665,0.0005641609166666667,0.00011260861666666667,0.009255482088888888,0.00027384272222222224,0.0001774902722222222,0.3655357731666667,180,180,180,180,180,180,180,180
2024-07-24 09:00:00+00:00,0.00016180651666666666,0.0001616222611111111,0.0005592342666666666,0.00011145362777777777,0.009205794655555556,0.00027151412777777777,0.0001752002277777778,0.36536032183333333,180,180,180,180,180,180,180,180
2024-07-24 12:00:00+00:00,0.00016120723595505618,0.00016132261797752808,0.0005575313539325842,0.00010978201123595505,0.009287000415730337,0.00026995910674157305,0.00017408330898876405,0.36541399674157304,178,178,178,178,178,178,178,178
2024-07-24 15:00:00+00:00,0.0001612575111111111,0.00016239177777777777,0.0005590794277777778,0.00011093974999999999,0.00931742923888889,0.0002717487833333333,0.00017689956666666666,0.3655873920555555,180,180,180,180,180,180,180,180
2024-07-24 18:00:00+00:00,0.00016040973571428572,0.00016165482857142857,0.0005618374000000001,0.00011107409285714285,0.009345689307142857,0.0002721978,0.00017559147857142856,0.3655148632142857,140,140,140,140,140,140,140,140
2024-07-24 21:00:00+00:00,0.00015822533333333333,0.00016041320555555555,0.0005583497611111112,0.00010869176111111111,0.009324410766666666,0.00027093691666666667,0.00017099612222222223,0.36471276216666665,180,180,180,180,180,180,180,180
2024-07-25 00:00:00+00:00,0.00015926082222222224,0.00016178437777777778,0.0005656101277777778,0.00011131056666666668,0.009374208033333333,0.00027598372222222223,0.00017299739444444446,0.3650412273888889,180,180,180,180,180,180,180,180
2024-07-25 03:00:00+00:00,0.0001588842388888889,0.00016129196111111112,0.0005589536388888889,0.00010858538333333333,0.009323294288888888,0.00027274035,0.00017118877777777777,0.3645761290555556,180,180,180,180,180,180,180,180
2024-07-25 06:00:00+00:00,0.00015923635,0.00015853992777777778,0.00055900025,0.00010751625555555555,0.009257478011111112,0.0002738447388888889,0.00017186817777777778,0.3646189182777778,180,180,180,180,180,180,180,180
2024-07-25 09:00:00+00:00,0.00015755980555555554,0.00015694857222222223,0.0005591281722222223,0.00010774627777777778,0.009221800688888889,0.00027366523333333337,0.000171868,0.3647518307777778,180,180,180,180,180,180,180,180
2024-07-25 12:00:00+00:00,0.0001579224611111111,0.00015738585555555556,0.00055758515,0.00010945230555555556,0.0092812596,0.0002721081888888889,0.00017214549444444444,0.3644831565,180,180,180,180,180,180,180,180
2024-07-25 15:00:00+00:00,0.00015735089999999998,0.0001567291277777778,0.000555713,0.00010907693333333333,0.009268907644444446,0.0002713308888888889,0.00017232173333333334,0.36400705400000005,180,180,180,180,180,180,180,180
2024-07-25 18:00:00+00:00,0.00015691868539325843,0.00015779329213483145,0.000554044584269663,0.0001080668988764045,0.009248510775280898,0.0002706578370786517,0.0001705173595505618,0.36343963275280894,178,178,178,178,178,178,178,178
2024-07-25 21:00:00+00:00,0.00015717332777777777,0.0001573795611111111,0.0005552266111111111,0.00010768593333333333,0.009256842238888889,0.00027064452222222223,0.00017025524444444447,0.3629602533888888,180,180,180,180,180,180,180,180
2024-07-26 00:00:00+00:00,0.00015835962222222224,0.00015620241666666667,0.0005627973,0.00010889861111111112,0.009319737438888889,0.00027440166111111113,0.00016955946666666666,0.36320906649999996,180,180,180,180,180,180,180,180
2024-07-26 03:00:00+00:00,0.00015644915,0.0001537947388888889,0.0005563353166666667,0.00010665063333333335,0.009251044411111112,0.0002712065722222222,0.00017027662222222223,0.36241069022222216,180,180,180,180,180,180,180,180
2024-07-26 06:00:00+00:00,0.0001552510277777778,0.00015290480000000001,0.0005608580944444445,0.00010787105555555556,0.009208841366666666,0.0002734837888888889,0.00017227922222222224,0.36287701005555556,180,180,180,180,180,180,180,180
2024-07-26 09:00:00+00:00,0.00015562535,0.00015453239444444445,0.0005623217666666667,0.00010741520000000001,0.009182535877777778,0.0002733988,0.00017088761666666667,0.36303826327777783,180,180,180,180,180,180,180,180
2024-07-26 12:00:00+00:00,0.00015469976666666668,0.00015612060555555556,0.0005694205333333333,0.00010820076111111112,0.009315450377777777,0.00027617317777777774,0.00017185490555555555,0.36355742611111114,180,180,180,180,180,180,180,180
2024-07-26 15:00:00+00:00,0.00015287270555555555,0.00015541883333333332,0.0005612687,0.00010720510555555555,0.009260727277777778,0.00026996750000000003,0.0001705318111111111,0.36250460966666664,180,180,180,180,180,180,180,180
2024-07-26 18:00:00+00:00,0.00015306224999999998,0.00015343500555555555,0.000562878461111111,0.00010783077222222222,0.009244214111111112,0.00027072932222222226,0.00017149065555555556,0.3621919543888889,180,180,180,180,180,180,180,180
2024-07-26 21:00:00+00:00,0.00015316952247191012,0.00015244710674157304,0.0005631034719101124,0.00011004975280898877,0.00927011636516854,0.0002717534775280899,0.00017057123033707865,0.3622100125842697,178,178,178,178,178,178,178,178
2024-07-27 00:00:00+00:00,0.00015324437777777778,0.00015210437777777778,0.0005771332833333333,0.00011144532222222223,0.009391083794444446,0.00027939481666666667,0.00017542203333333333,0.36352225605555555,180,180,180,180,180,180,180,180
2024-07-27 03:00:00+00:00,0.00015415175,0.0001578301611111111,0.0005815069888888889,0.00011201940000000001,0.009404111283333334,0.00028236708333333335,0.00017518017777777778,0.36405470005555557,180,180,180,180,180,180,180,180
2024-07-27 06:00:00+00:00,0.00015434897777777778,0.00015791240000000002,0.0005837153333333333,0.00011084639444444445,0.009333012938888888,0.0002821632722222222,0.00017239482222222222,0.36384152788888885,180,180,180,180,180,180,180,180
2024-07-27 09:00:00+00:00,0.00015415163333333334,0.0001563737388888889,0.0005753038722222223,0.00010927328888888888,0.009219303166666666,0.0002780452222222222,0.00017140185555555555,0.3633694155555556,180,180,180,180,180,180,180,180
2024-07-27 12:00:00+00:00,0.00015270447222222222,0.0001518657888888889,0.0005620668111111111,0.00010785046666666667,0.009235364872222223,0.0002722686555555556,0.0001696879388888889,0.3630665371111111,180,180,180,180,180,180,180,180
2024-07-27 15:00:00+00:00,0.00015126571666666667,0.00014766017777777778,0.0005616490166666666,0.00010875277777777778,0.009252269105555554,0.0002732480388888889,0.00016860226666666668,0.3634107823333333,180,180,180,180,180,180,180,180
2024-07-27 18:00:00+00:00,0.00015232511797752809,0.0001486014157303371,0.0005836626685393258,0.00011119090449438202,0.009417305651685394,0.0002842022415730337,0.00017181024719101123,0.3650785616292135,178,178,178,178,178,178,178,178
2024-07-27 21:00:00+00:00,0.0001508774,0.0001488757388888889,0.0005767418611111111,0.00010942908888888888,0.009415495355555555,0.0002793339722222222,0.0001694428611111111,0.36480226988888886,180,180,180,180,180,180,180,180
2024-07-28 00:00:00+00:00,0.0001519293611111111,0.00015078065,0.0005995465,0.00011532281666666667,0.009547271077777777,0.00029393435,0.00017677505000000002,0.3666921481666666,180,180,180,180,180,180,180,180
2024-07-28 03:00:00+00:00,0.00015019455,0.00015356949444444445,0.0005942577277777778,0.00011203700555555555,0.009519653338888889,0.00028837028888888886,0.00016875548333333332,0.3663572416111111,180,180,180,180,180,180,180,180
2024-07-28 06:00:00+00:00,0.00014907607777777778,0.00015265488888888888,0.0005848593611111111,0.00011006109444444444,0.009368682983333333,0.0002848316611111111,0.00016562384444444446,0.3659052334444445,180,180,180,180,180,180,180,180
2024-07-28 09:00:00+00:00,0.0001508493,0.00015414897777777777,0.0005944198722222222,0.00011283519444444443,0.00935153806111111,0.0002915858388888889,0.0001705770388888889,0.3669032573888889,180,180,180,180,180,180,180,180
2024-07-28 12:00:00+00:00,0.00015228094444444444,0.0001571039,0.0006087936500000001,0.00011410986111111112,0.009561672016666667,0.00029646619999999996,0.00017276495555555555,0.3682782371111111,180,180,180,180,180,180,180,180
2024-07-28 15:00:00+00:00,0.00015058260555555556,0.00015536970555555556,0.0005942889166666666,0.00011002335,0.009486549711111111,0.00028543614444444444,0.0001694008722222222,0.36704300905555554,180,180,180,180,180,180,180,180
2024-07-28 18:00:00+00:00,0.00014980339887640448,0.00015352583146067416,0.0005939340561797753,0.00011043829775280898,0.009481302415730338,0.00028342731460674153,0.00016780165730337078,0.36675802325842694,178,178,178,178,178,178,178,178
2024-07-28 21:00:00+00:00,0.00015032875,0.00015666892222222222,0.0005901101055555555,0.00011092907222222223,0.00949132405,0.0002812862888888889,0.00016731645,0.36680906583333334,180,180,180,180,180,180,180,180
2024-07-29 00:00:00+00:00,0.00015134747222222224,0.00015593686666666667,0.0005972432388888889,0.00011316087777777777,0.009537602972222222,0.0002866976388888889,0.00017018970555555556,0.3672754995555556,180,180,180,180,180,180,180,180
2024-07-29 03:00:00+00:00,0.00015003263333333332,0.00015618631111111113,0.0005957781444444444,0.00011233715555555556,0.009534370533333334,0.00028374154444444445,0.0001675149888888889,0.3669978198888889,180,180,180,180,180,180,180,180
2024-07-29 06:00:00+00:00,0.00014899903888888888,0.00015665537777777777,0.0005834346666666666,0.00010922322222222221,0.009362788627777778,0.0002792613333333333,0.00016661802777777777,0.36625672372222223,180,180,180,180,180,180,180,180
2024-07-29 09:00:00+00:00,0.00014892472222222223,0.00015389892777777778,0.0005847801333333333,0.00010952452222222222,0.009324916266666667,0.00028107358333333336,0.00016881608333333333,0.36642823922222223,180,180,180,180,180,180,180,180
2024-07-29 12:00:00+00:00,0.00015117510555555556,0.00015596991666666667,0.0006066319944444445,0.00011625181111111112,0.009559114788888889,0.0002944129166666667,0.00017885072222222222,0.36796256238888886,180,180,180,180,180,180,180,180
2024-07-29 15:00:00+00:00,0.0001487226111111111,0.0001565071388888889,0.0006011064888888889,0.00011233305,0.009552948033333333,0.0002849017111111111,0.00017379902222222223,0.36692115461111113,180,180,180,180,180,180,180,180
2024-07-29 18:00:00+00:00,0.000147479202247191,0.00015434315730337078,0.000588155297752809,0.00011227187078651685,0.00946138845505618,0.0002826389550561798,0.0001723842584269663,0.3663617569101124,178,178,178,178,178,178,178,178
2024-07-29 21:00:00+00:00,0.00014758696666666667,0.00015400311666666667,0.0005872530555555555,0.0001135400888888889,0.00946787545,0.00028122488333333335,0.0001696542111111111,0.3659904512777778,180,180,180,180,180,180,180,180
2024-07-30 00:00:00+00:00,0.00014797760555555555,0.00015463536111111112,0.0005866130444444445,0.00011329463333333334,0.009468757322222222,0.00028363795,0.00017222308333333334,0.36579190683333335,180,180,180,180,180,180,180,180
2024-07-30 03:00:00+00:00,0.00014829075000000002,0.0001557184,0.0005819770444444445,0.00011191553888888888,0.009418361166666667,0.00027992017222222223,0.00017015722777777778,0.36507240827777776,180,180,180,180,180,180,180,180
2024-07-30 06:00:00+00:00,0.00014949428333333335,0.00015749779444444446,0.0005800324166666666,0.0001128388111111111,0.009293992027777778,0.0002815174833333333,0.00017037195,0.36514028444444446,180,180,180,180,180,180,180,180
2024-07-30 09:00:00+00:00,0.00014837241666666666,0.00015553537777777778,0.0005734504944444445,0.00011120756666666667,0.009194045505555555,0.0002789707666666667,0.00017085137222222222,0.3645305261111111,180,180,180,180,180,180,180,180
2024-07-30 12:00:00+00:00,0.00014966055,0.00015788196111111112,0.0005815080833333333,0.0001134828,0.00936263138888889,0.0002843852555555555,0.00017569482222222222,0.36591714416666665,180,180,180,180,180,180,180,180
2024-07-30 15:00:00+00:00,0.0001516567388888889,0.00015943943333333332,0.0005810219499999999,0.00011425790555555556,0.009365819277777777,0.0002849185,0.00017672645,0.3658283217777778,180,180,180,180,180,180,180,180
2024-07-30 18:00:00+00:00,0.0001546185333333333,0.00016406441111111112,0.0005948484222222222,0.0001190611888888889,0.0094348794,0.00028888598333333334,0.00018245132777777777,0.36632407527777777,180,180,180,180,180,180,180,180
2024-07-30 21:00:00+00:00,0.00015503029213483145,0.0001656362191011236,0.0005909662247191011,0.00011556150000000001,0.009423332617977528,0.00028692641011235956,0.00017719074157303372,0.36587586297752805,178,178,178,178,178,178,178,178
2024-07-31 00:00:00+00:00,0.0001553913722222222,0.00016656171666666665,0.0005888196222222222,0.00011618770555555555,0.009434502783333333,0.00029164401111111114,0.00018291918333333333,0.36666172227777777,180,180,180,180,180,180,180,180
2024-07-31 03:00:00+00:00,0.00015526182222222224,0.00016628977222222222,0.0005880576666666667,0.00011714126111111111,0.009409484544444444,0.0002913777777777778,0.00018297981666666666,0.36673189100000003,180,180,180,180,180,180,180,180
2024-07-31 06:00:00+00:00,0.00015646205555555555,0.00016681872777777777,0.0005936560277777778,0.00011798273888888889,0.009308840366666666,0.00029221774444444445,0.00018374107777777778,0.3666009671666667,180,180,180,180,180,180,180,180
2024-07-31 09:00:00+00:00,0.0001568117888888889,0.00017102995,0.0005860628944444444,0.00011573067222222221,0.009215096094444444,0.0002857511277777778,0.0001809535888888889,0.36618890094444445,180,180,180,180,180,180,180,180
2024-07-31 12:00:00+00:00,0.00016015451111111112,0.0001735455,0.00058710125,0.00011876182777777778,0.009293029294444446,0.0002868729222222222,0.00018244044444444443,0.36628181905555557,180,180,180,180,180,180,180,180
2024-07-31 15:00:00+00:00,0.00015882267777777778,0.00017129083333333335,0.0005815824222222222,0.00011793433888888889,0.00928014858888889,0.00028350754444444445,0.00018162619444444443,0.36596433761111113,180,180,180,180,180,180,180,180
2024-07-31 18:00:00+00:00,0.00015856903623188406,0.00017259954347826085,0.0005839656594202898,0.00012054902173913043,0.009323117905797101,0.00028673863043478264,0.00018470839130434785,0.36657260913043477,138,138,138,138,138,138,138,138
2024-07-31 21:00:00+00:00,0.00015999638333333331,0.00017386205,0.0005827773666666667,0.00011690562222222223,0.00928272935,0.00028375445555555557,0.00018106788333333332,0.36573487855555553,180,180,180,180,180,180,180,180
2024-08-01 00:00:00+00:00,0.0001608926777777778,0.00017441843333333332,0.0005831457555555556,0.00011803525555555555,0.009301915927777777,0.00028473477777777776,0.00018190988333333333,0.36562648200000003,180,180,180,180,180,180,180,180
2024-08-01 03:00:00+00:00,0.00016086745,0.00017379531666666666,0.0005835538166666667,0.00011850387222222222,0.009298541405555555,0.0002840862,0.00018410113333333332,0.36593724594444443,180,180,180,180,180,180,180,180
2024-08-01 06:00:00+00:00,0.00016484861111111111,0.00017995787777777778,0.0005900696,0.0001193903,0.009238002783333334,0.0002848749111111111,0.00018520123333333333,0.3663659968888889,180,180,180,180,180,180,180,180
2024-08-01 09:00:00+00:00,0.00016452498333333334,0.0001809047388888889,0.0005862258055555555,0.00011880685555555555,0.00917357425,0.00028469235555555556,0.00018436813888888888,0.3664623446666667,180,180,180,180,180,180,180,180
2024-08-01 12:00:00+00:00,0.00016583559444444443,0.00018462203333333334,0.0005851848722222223,0.00011868296111111112,0.009267104788888888,0.0002821684055555555,0.00018411753333333333,0.36655676861111114,180,180,180,180,180,180,180,180
2024-08-01 15:00:00+00:00,0.00016483355555555555,0.00018035575555555556,0.0005815934611111111,0.00011931113333333333,0.009275273533333333,0.0002828441277777778,0.0001836069111111111,0.36698577877777777,180,180,180,180,180,180,180,180
2024-08-01 18:00:00+00:00,0.00016585465168539326,0.0001818543764044944,0.0005817048426966292,0.00011874491573033709,0.009287901370786517,0.0002831651797752809,0.0001833018820224719,0.3667727682584269,178,178,178,178,178,178,178,178
2024-08-01 21:00:00+00:00,0.00016533865555555557,0.00017932456111111113,0.0005760903666666667,0.00011734914444444445,0.009261540794444445,0.0002804107277777778,0.00018168950555555555,0.3662180120555556,180,180,180,180,180,180,180,180
2024-08-02 00:00:00+00:00,0.00016455577222222222,0.00017998323888888888,0.00057777095,0.00011825767222222223,0.009281442677777777,0.0002819441388888889,0.00018068412777777777,0.36575544466666665,180,180,180,180,180,180,180,180
2024-08-02 03:00:00+00:00,0.00016463521111111112,0.00017913083333333336,0.0005809060388888889,0.00011930712222222221,0.009296392205555556,0.0002840114055555556,0.00018204884444444444,0.3660617615555556,180,180,180,180,180,180,180,180
2024-08-02 06:00:00+00:00,0.0001639589,0.00017995901666666668,0.0005827725944444445,0.00011858954444444444,0.009240717872222222,0.00028339820555555557,0.0001831201611111111,0.3667724431666667,180,180,180,180,180,180,180,180
2024-08-02 09:00:00+00:00,0.0001641836888888889,0.0001807728722222222,0.0005824657166666667,0.00011760998888888888,0.009212193677777777,0.0002820873388888889,0.00018131221666666667,0.36730065533333334,180,180,180,180,180,180,180,180
2024-08-02 12:00:00+00:00,0.00016458561111111112,0.00017993042777777777,0.0005757978111111111,0.00011606595555555555,0.009274939344444445,0.00027928325,0.00018008046111111112,0.36681536944444443,180,180,180,180,180,180,180,180
2024-08-02 15:00:00+00:00,0.00016605151666666668,0.0001821476,0.0005761144611111112,0.00011386800555555554,0.009294005055555556,0.0002782283333333333,0.00017845770555555558,0.36659630444444447,180,180,180,180,180,180,180,180
2024-08-02 18:00:00+00:00,0.00016651857777777776,0.00017998205,0.0005796554611111111,0.00011411142222222222,0.009351123094444445,0.00027848425,0.00017980737777777776,0.3669675325,180,180,180,180,180,180,180,180
2024-08-02 21:00:00+00:00,0.00016770341011235955,0.00018043443258426966,0.000576900191011236,0.00011108508426966291,0.009342246168539325,0.00027640280337078654,0.0001789749213483146,0.3669405559550562,178,178,178,178,178,178,178,178
2024-08-03 00:00:00+00:00,0.00016751543333333335,0.00017914269444444447,0.0005763046833333333,0.00011046715555555556,0.009340120716666667,0.00027675044444444444,0.00017730259444444446,0.36646763094444446,180,180,180,180,180,180,180,180
2024-08-03 03:00:00+00:00,0.00016705243333333333,0.00017981994444444445,0.0005750035555555556,0.00011237594999999999,0.0093211546,0.0002763367611111111,0.00017624932777777775,0.3666517948333333,180,180,180,180,180,180,180,180
2024-08-03 06:00:00+00:00,0.00016856527777777777,0.00017972717777777776,0.0005724748944444444,0.00011210952777777779,0.009192949366666666,0.00027622445,0.0001759139611111111,0.36657512711111107,180,180,180,180,180,180,180,180
2024-08-03 09:00:00+00:00,0.00016875583333333333,0.00017832317777777778,0.0005715024388888889,0.00011223918333333333,0.009141967427777778,0.00027509134444444447,0.00017605725,0.36664446594444444,180,180,180,180,180,180,180,180
2024-08-03 12:00:00+00:00,0.00016789170555555556,0.0001765673,0.00057601385,0.00011472820555555556,0.0092999182,0.00027953963333333335,0.00017887402222222223,0.3675751256666666,180,180,180,180,180,180,180,180
2024-08-03 15:00:00+00:00,0.00016789297222222221,0.00017616239999999997,0.0005733667444444444,0.00011327552222222223,0.00928744495,0.00027833857222222223,0.00018079680555555555,0.36739173699999994,180,180,180,180,180,180,180,180
2024-08-03 18:00:00+00:00,0.00016955087078651687,0.0001776653370786517,0.000581213606741573,0.00011456295505617978,0.009363495258426967,0.00028269469662921346,0.00018187924157303368,0.3681681484269663,178,178,178,178,178,178,178,178
2024-08-03 21:00:00+00:00,0.00017006747777777777,0.00018002099444444444,0.0005760504277777778,0.00011448296111111111,0.00935689591111111,0.00027823305555555556,0.00017893364444444444,0.3676237287222222,180,180,180,180,180,180,180,180
2024-08-04 00:00:00+00:00,0.00017002375,0.00017981514444444444,0.0005751222,0.00011444883333333334,0.00935208423888889,0.00027695696111111113,0.00017853449444444445,0.36782794316666667,180,180,180,180,180,180,180,180
2024-08-04 03:00:00+00:00,0.00017042058333333334,0.00017753835000000002,0.0005806433500000001,0.00011616484444444445,0.009373088661111112,0.00027788335,0.00018104757222222223,0.36829980733333334,180,180,180,180,180,180,180,180
2024-08-04 06:00:00+00:00,0.00016933066666666667,0.00017834785000000002,0.0005751262277777778,0.0001151041111111111,0.009237469327777779,0.00027502801111111113,0.00018051350555555557,0.36839547833333336,180,180,180,180,180,180,180,180
2024-08-04 09:00:00+00:00,0.00016950191111111113,0.00017895357222222222,0.0005772502277777778,0.00011713835555555557,0.009223612711111112,0.0002777747666666666,0.00018273477777777777,0.369277128,180,180,180,180,180,180,180,180
2024-08-04 12:00:00+00:00,0.0001697239388888889,0.00018204709444444444,0.0005772903444444445,0.00011618282222222223,0.009317943977777778,0.0002780480111111111,0.0001820648388888889,0.3696307443333333,180,180,180,180,180,180,180,180
2024-08-04 15:00:00+00:00,0.00016911499444444446,0.0001813502,0.0005752278166666667,0.00011684812777777778,0.009336947072222223,0.00027824629444444447,0.00018184124444444445,0.36999346972222225,180,180,180,180,180,180,180,180
2024-08-04 18:00:00+00:00,0.00016876682584269663,0.00018099862359550561,0.0005758548595505618,0.00011613386516853933,0.009376116393258426,0.00027800338764044944,0.00018146047191011237,0.3704809436516854,178,178,178,178,178,178,178,178
2024-08-04 21:00:00+00:00,0.00016834806666666668,0.00018085062222222224,0.0005799618888888889,0.00011601648333333333,0.009417476683333334,0.00028006948333333335,0.00018147561666666666,0.37098982433333333,180,180,180,180,180,180,180,180
2024-08-05 00:00:00+00:00,0.00016904920000000001,0.00018354203333333333,0.0005827991444444444,0.00011714061666666666,0.009476893216666667,0.0002807606388888889,0.00018113534444444442,0.37209510888888886,180,180,180,180,180,180,180,180
2024-08-05 03:00:00+00:00,0.00016892486666666667,0.00018317173333333333,0.0005874813277777778,0.00011596169999999999,0.009516060033333334,0.0002830615277777778,0.00018290923888888887,0.37319770772222227,180,180,180,180,180,180,180,180
2024-08-05 06:00:00+00:00,0.00016952187222222224,0.0001843273,0.00059047595,0.00011370849444444446,0.009450114233333334,0.0002813439611111111,0.00018084246111111111,0.37351164488888894,180,180,180,180,180,180,180,180
2024-08-05 09:00:00+00:00,0.00017134682777777778,0.00018524267222222224,0.0005931008166666666,0.00011468993333333333,0.009431210222222222,0.0002816557222222222,0.00018217970555555555,0.37447668444444443,180,180,180,180,180,180,180,180
2024-08-05 12:00:00+00:00,0.00017184400555555557,0.00018393130555555557,0.0005931924722222222,0.00011446002777777777,0.009541192883333334,0.0002802437777777778,0.00018131573888888888,0.3752173945,180,180,180,180,180,180,180,180
2024-08-05 15:00:00+00:00,0.00016966625555555554,0.0001836597222222222,0.0005967892111111111,0.00011620714444444445,0.009611121872222222,0.00028460733333333336,0.00018497784444444445,0.37672584616666666,180,180,180,180,180,180,180,180
2024-08-05 18:00:00+00:00,0.00017029280821917808,0.00018628237671232877,0.0006049078082191781,0.00011659947945205481,0.009691083767123286,0.00028724978767123287,0.00018254771232876712,0.37792717952054794,146,146,146,146,146,146,146,146
2024-08-05 21:00:00+00:00,0.00016986799346405227,0.00018796313725490197,0.0005984288562091503,0.00011644416993464052,0.009696017065359476,0.0002863780130718954,0.00017786277124183007,0.3786450697385621,153,153,153,153,153,153,153,153
2024-08-06 00:00:00+00:00,0.00017202442222222222,0.000188334,0.0006079799833333334,0.00011613268333333334,0.009779026511111111,0.00028926167777777777,0.00017760269999999998,0.3796505965,180,180,180,180,180,180,180,180
2024-08-06 03:00:00+00:00,0.00017265748333333334,0.0001903652277777778,0.0006047861333333334,0.00011506122777777777,0.009759547722222222,0.0002860844888888889,0.0001771903611111111,0.38032284066666666,180,180,180,180,180,180,180,180
2024-08-06 06:00:00+00:00,0.000172186,0.00018894993333333333,0.0006030071333333333,0.00011373754444444444,0.009648960777777778,0.00028592242777777775,0.0001759344833333333,0.3812547763333333,180,180,180,180,180,180,180,180
2024-08-06 09:00:00+00:00,0.00017210426666666666,0.00018958849444444443,0.0006102385444444444,0.00011308678888888889,0.009653819333333332,0.00028894311666666667,0.0001781167611111111,0.38246958377777773,180,180,180,180,180,180,180,180
2024-08-06 12:00:00+00:00,0.00017271811666666668,0.00019257236666666666,0.0006114217388888889,0.00011309313888888888,0.009807479927777777,0.00029011446666666663,0.00017844650555555555,0.38349383766666667,180,180,180,180,180,180,180,180
2024-08-06 15:00:00+00:00,0.00017455281666666666,0.00019583417777777778,0.0006152657722222222,0.00011487932222222223,0.009885245555555556,0.0002916380666666667,0.00017903175,0.3851941901111111,180,180,180,180,180,180,180,180
2024-08-06 18:00:00+00:00,0.00017497567222222223,0.00019632774444444445,0.0006216314777777778,0.00011580512777777779,0.009940053294444445,0.0002937674333333333,0.00018458292777777778,0.38599819255555556,180,180,180,180,180,180,180,180
2024-08-06 21:00:00+00:00,0.00017556331460674156,0.00019653228089887642,0.0006217810337078651,0.00011597365168539327,0.009964579117977528,0.00029329873595505617,0.00018251888764044943,0.3867194320224719,178,178,178,178,178,178,178,178
2024-08-07 00:00:00+00:00,0.00017728026666666668,0.00019893265,0.0006326145444444444,0.00011667800555555555,0.010047649666666667,0.000297506,0.00018538356111111112,0.3876102695,180,180,180,180,180,180,180,180
2024-08-07 03:00:00+00:00,0.0001774371722222222,0.0002011473777777778,0.0006349939666666667,0.00011646042222222221,0.010072280366666667,0.00029733771111111113,0.00018510637777777777,0.38883650877777776,180,180,180,180,180,180,180,180
2024-08-07 06:00:00+00:00,0.00017601169005847952,0.0002015398596491228,0.0006297280935672515,0.0001163968888888889,0.00994928418128655,0.00029541845614035084,0.00018456996491228068,0.3896001001754386,171,171,171,171,171,171,171,171
2024-08-07 09:00:00+00:00,0.00017623713333333335,0.00020193355555555556,0.0006328255388888889,0.00011581572777777778,0.009944504016666666,0.0002975160166666667,0.00018513426666666666,0.3909542705555556,180,180,180,180,180,180,180,180
2024-08-07 12:00:00+00:00,0.00017801163333333334,0.00020335010555555557,0.0006462292333333333,0.0001186259388888889,0.010172694583333333,0.00030644310555555555,0.00019128780555555558,0.39315443488888885,180,180,180,180,180,180,180,180
2024-08-07 15:00:00+00:00,0.00017744935000000003,0.00020452574999999998,0.0006415197111111111,0.0001179096611111111,0.010179693527777778,0.0003029647055555555,0.00018575903888888888,0.39316507794444444,180,180,180,180,180,180,180,180
2024-08-07 18:00:00+00:00,0.00017940897857142857,0.00020843434285714284,0.0006618752857142857,0.00012235906428571428,0.010297289964285715,0.0003166621642857143,0.00019284326428571427,0.3953739452142857,140,140,140,140,140,140,140,140
2024-08-07 21:00:00+00:00,0.0001774963888888889,0.00021073338333333334,0.0006431881333333334,0.00011725707222222221,0.010235201488888889,0.0003028127444444444,0.00018677845555555557,0.3951045973888889,180,180,180,180,180,180,180,180
2024-08-08 00:00:00+00:00,0.00017980590555555554,0.00021363026666666667,0.00065709725,0.00011983534999999999,0.010354401072222222,0.0003107575111111111,0.00018977864444444443,0.3973493795,180,180,180,180,180,180,180,180
2024-08-08 03:00:00+00:00,0.0001822963111111111,0.00021617045,0.0006615036666666667,0.00012015690555555554,0.0103923045,0.0003136205388888889,0.00019202412777777776,0.3986940961111111,180,180,180,180,180,180,180,180
2024-08-08 06:00:00+00:00,0.0001842517388888889,0.00022030347777777777,0.0006663769,0.00012187983333333333,0.0103519161,0.0003147050611111111,0.00019388225555555554,0.40038443061111106,180,180,180,180,180,180,180,180
2024-08-08 09:00:00+00:00,0.0001872686722222222,0.00022437543333333335,0.0006720732555555556,0.00012247085,0.010366719983333333,0.00031591485,0.0001939706,0.4015891100555556,180,180,180,180,180,180,180,180
2024-08-08 12:00:00+00:00,0.0001901715166666667,0.00022607127777777777,0.0006764277222222222,0.00012285476666666666,0.010536594016666668,0.00031657515,0.0001936864,0.40257258872222224,180,180,180,180,180,180,180,180
2024-08-08 15:00:00+00:00,0.00018978541111111112,0.00022474381666666668,0.0006675060333333334,0.00012055314999999999,0.010494247361111111,0.00031195322777777777,0.00019042407222222223,0.4023313921666667,180,180,180,180,180,180,180,180
2024-08-08 18:00:00+00:00,0.00019440913194444443,0.00022951611111111112,0.0006909033958333333,0.00012630314583333334,0.010586741041666667,0.00032804293055555553,0.00020072413194444444,0.40379932166666666,144,144,144,144,144,144,144,144
2024-08-08 21:00:00+00:00,0.00018885105309734512,0.00022341601769911503,0.0006738200265486725,0.0001215555575221239,0.010585925946902655,0.00031575517699115044,0.0001959737256637168,0.40440419274336287,113,113,113,113,113,113,113,113
2024-08-09 00:00:00+00:00,0.00018881552777777778,0.00022231168333333332,0.0006674810055555555,0.00012012161666666668,0.010564748094444444,0.0003128323777777778,0.00019226168333333333,0.40404651094444444,180,180,180,180,180,180,180,180
2024-08-09 03:00:00+00:00,0.00019057727777777776,0.00022149578888888889,0.0006695379444444445,0.00012002963888888888,0.010587113711111111,0.0003136636222222222,0.0001916915111111111,0.40508827266666664,180,180,180,180,180,180,180,180
2024-08-09 06:00:00+00:00,0.0001906066888888889,0.0002208247222222222,0.0006729180555555556,0.00011992547222222221,0.010530007905555555,0.0003154790777777778,0.00019544500555555554,0.4064378034444444,180,180,180,180,180,180,180,180
2024-08-09 09:00:00+00:00,0.00019202990555555554,0.0002232909888888889,0.0006800309611111111,0.00012179087222222222,0.01056052668888889,0.0003224517555555556,0.00019860287777777777,0.4087433713888889,180,180,180,180,180,180,180,180
2024-08-09 12:00:00+00:00,0.00019432710555555553,0.0002286661388888889,0.0006905494222222223,0.00012572574444444444,0.010763302700000001,0.0003285373111111111,0.00020252026666666665,0.40986028638888883,180,180,180,180,180,180,180,180
2024-08-09 15:00:00+00:00,0.00019416482777777778,0.00022613883333333332,0.0006848180444444445,0.0001241248,0.010778400961111111,0.00032411387777777777,0.00020422025,0.4101236896666667,180,180,180,180,180,180,180,180
2024-08-09 18:00:00+00:00,0.00019456093854748605,0.00022765421229050282,0.0006866075418994413,0.00012442001675977654,0.010809850659217878,0.0003226411843575419,0.00020193624022346368,0.4104627477094972,179,179,179,179,179,179,179,179
2024-08-09 21:00:00+00:00,0.00019729959550561797,0.00023328328651685393,0.0007059324494382023,0.0001293264157303371,0.010947009056179775,0.0003342941123595506,0.0002067883820224719,0.41215870264044946,178,178,178,178,178,178,178,178
2024-08-10 00:00:00+00:00,0.0001964917222222222,0.0002314193388888889,0.0007035560166666666,0.00012878891666666666,0.010940344427777778,0.00033222440555555555,0.00020638586666666667,0.4121705806666667,180,180,180,180,180,180,180,180
2024-08-10 03:00:00+00:00,0.0001960698611111111,0.00023312689444444446,0.0006910386888888889,0.00012561754444444443,0.010859530594444444,0.00032457438333333334,0.00020206922222222224,0.41135563766666666,180,180,180,180,180,180,180,180
2024-08-10 06:00:00+00:00,0.00019651026111111109,0.00023087359444444444,0.0006850065333333333,0.00012420111666666667,0.010712340916666667,0.0003213327222222222,0.00020112966111111112,0.4111199715555556,180,180,180,180,180,180,180,180
2024-08-10 09:00:00+00:00,0.00019904681666666667,0.0002305696388888889,0.0006872477666666667,0.00012570703333333332,0.010693330261111111,0.00032158457777777775,0.00020392068333333334,0.41203940783333337,180,180,180,180,180,180,180,180
2024-08-10 12:00:00+00:00,0.00019901843333333333,0.00022576741111111112,0.0006859576277777777,0.00012510892777777778,0.010801577877777777,0.0003204717,0.0001992015666666667,0.4115785275555556,180,180,180,180,180,180,180,180
2024-08-10 15:00:00+00:00,0.0001995217888888889,0.00022638600555555555,0.0006857770277777777,0.00012486552777777777,0.010827822394444445,0.00031965287222222226,0.00019934453333333334,0.4114400527222222,180,180,180,180,180,180,180,180
2024-08-10 18:00:00+00:00,0.00019954877528089885,0.0002264443202247191,0.0006841571797752808,0.0001257547752808989,0.010833452337078652,0.0003210000730337079,0.0002022558988764045,0.41141284775280895,178,178,178,178,178,178,178,178
2024-08-10 21:00:00+00:00,0.00019974745,0.00022369926111111109,0.0006860681166666667,0.00012729973333333334,0.010857066850000001,0.0003223199444444445,0.0002018615888888889,0.41117368555555556,180,180,180,180,180,180,180,180
2024-08-11 00:00:00+00:00,0.00019968704999999998,0.00022358727777777775,0.0006883847444444445,0.00012739842777777778,0.010874633633333334,0.00032301311666666665,0.00020419697777777777,0.4107270708333334,180,180,180,180,180,180,180,180
2024-08-11 03:00:00+00:00,0.00020045758888888887,0.00022205735555555557,0.0006819974888888888,0.00012691491111111112,0.010828110211111111,0.0003198744833333333,0.00020612625555555556,0.41008426116666663,180,180,180,180,180,180,180,180
2024-08-11 06:00:00+00:00,0.00019885084444444445,0.00022048029444444442,0.0006750038666666667,0.0001253882722222222,0.010680409055555555,0.00031897337222222224,0.00020209705555555556,0.41046041372222225,180,180,180,180,180,180,180,180
2024-08-11 09:00:00+00:00,0.00019853593333333334,0.00021926553333333334,0.00067316625,0.00012631255555555556,0.010632881777777778,0.0003210876277777778,0.00020155439444444445,0.4110434183333333,180,180,180,180,180,180,180,180
2024-08-11 12:00:00+00:00,0.00019910921111111112,0.00021870861111111112,0.0006735995111111111,0.00012419427222222222,0.01076046445,0.0003198146111111111,0.00019792023888888887,0.41056121877777774,180,180,180,180,180,180,180,180
2024-08-11 15:00:00+00:00,0.00019880429999999998,0.00021856602222222223,0.0006771096666666667,0.0001246361611111111,0.010809401144444444,0.00032215260555555554,0.00019813842777777777,0.4108402309444444,180,180,180,180,180,180,180,180
2024-08-11 18:00:00+00:00,0.0002006530280898876,0.00021855625280898876,0.0006777154775280898,0.0001251091797752809,0.010827326286516854,0.0003221986573033708,0.00019730082022471912,0.41055129488764047,178,178,178,178,178,178,178,178
2024-08-11 21:00:00+00:00,0.00020026442222222224,0.00021611426666666664,0.0006760868555555556,0.00012602007222222222,0.010834159416666666,0.0003215759833333333,0.00019833705555555553,0.4103213675,180,180,180,180,180,180,180,180
2024-08-12 00:00:00+00:00,0.00020031949444444444,0.00021661605,0.0006817569166666667,0.00012632945555555555,0.010863809555555555,0.00032287888333333337,0.00019970235,0.4099561012222222,180,180,180,180,180,180,180,180
2024-08-12 03:00:00+00:00,0.00020102660555555558,0.00021702328333333333,0.0006831243777777778,0.00012558722777777776,0.010880846977777778,0.0003226026277777778,0.00020025034444444447,0.41000030361111117,180,180,180,180,180,180,180,180
2024-08-12 06:00:00+00:00,0.00020028665555555555,0.00021500087777777776,0.0006787521722222222,0.00012540283333333335,0.0107187418,0.00032140351666666664,0.0001999192111111111,0.4093846467777778,180,180,180,180,180,180,180,180
2024-08-12 09:00:00+00:00,0.0001991006388888889,0.0002167469888888889,0.0006783531277777778,0.0001251680888888889,0.010652496772222223,0.0003210076111111111,0.00019995503888888891,0.40914610116666666,180,180,180,180,180,180,180,180
2024-08-12 12:00:00+00:00,0.00020019017222222223,0.00022077037777777777,0.0006756763833333333,0.00012497851666666668,0.01074068241111111,0.0003197020888888889,0.0002004417611111111,0.4083007023333333,180,180,180,180,180,180,180,180
2024-08-12 15:00:00+00:00,0.00019742589444444444,0.0002172057388888889,0.00067107145,0.00012436287222222222,0.010740266227777778,0.00031871566666666665,0.00019792662222222222,0.4077884686111111,180,180,180,180,180,180,180,180
2024-08-12 18:00:00+00:00,0.00019550174719101124,0.00021719002247191013,0.0006755237303370786,0.00012656374157303372,0.010759900719101123,0.00032107330898876405,0.0001994953370786517,0.40765726376404493,178,178,178,178,178,178,178,178
2024-08-12 21:00:00+00:00,0.00019644042222222223,0.00021805651666666667,0.0006742759222222222,0.00012578760555555555,0.010749495477777779,0.00031873728888888887,0.0001951349111111111,0.4063100331666667,180,180,180,180,180,180,180,180
2024-08-13 00:00:00+00:00,0.0001961881388888889,0.0002151702722222222,0.00066895775,0.00012464417222222222,0.010716844044444444,0.0003163706277777778,0.00019357708333333335,0.4052438757222222,180,180,180,180,180,180,180,180
2024-08-13 03:00:00+00:00,0.00019393625555555558,0.00021484848888888886,0.0006693823222222223,0.00012512927777777778,0.010695483727777778,0.00031742278333333335,0.00019375048333333334,0.40470133838888894,180,180,180,180,180,180,180,180
2024-08-13 06:00:00+00:00,0.0001946884777777778,0.0002188449,0.0006715994777777778,0.0001251964,0.010581312322222222,0.00031617822222222225,0.0001931388277777778,0.40409731861111114,180,180,180,180,180,180,180,180
2024-08-13 09:00:00+00:00,0.0001953934,0.00021718089444444443,0.0006729476888888889,0.0001251679611111111,0.0105406193,0.0003167465944444444,0.00019351690555555556,0.40402909677777776,180,180,180,180,180,180,180,180
2024-08-13 12:00:00+00:00,0.00019345578333333332,0.00021620795000000002,0.000668518638888889,0.0001249052611111111,0.010615696944444444,0.000315549,0.00019129455,0.40285641177777776,180,180,180,180,180,180,180,180
2024-08-13 15:00:00+00:00,0.0001937390111111111,0.00021798235555555554,0.0006656267722222223,0.00012407607777777777,0.010588237255555556,0.00031287352222222225,0.0001911219166666667,0.40218570649999996,180,180,180,180,180,180,180,180
2024-08-13 18:00:00+00:00,0.00019345205555555553,0.00021590798333333334,0.0006661864611111111,0.00012465618333333333,0.010577530038888889,0.0003125832611111111,0.00019420485555555556,0.40125559450000003,180,180,180,180,180,180,180,180
2024-08-13 21:00:00+00:00,0.0001955462415730337,0.00021471873595505615,0.0006645147584269664,0.0001244079382022472,0.010528236095505619,0.0003146631179775281,0.00019524355056179776,0.3996678715168539,178,178,178,178,178,178,178,178
2024-08-14 00:00:00+00:00,0.0001950867111111111,0.00021573886666666667,0.0006530896222222222,0.00012118050555555555,0.010451524072222221,0.0003073078333333334,0.0001909872611111111,0.39780984533333336,180,180,180,180,180,180,180,180
2024-08-14 03:00:00+00:00,0.0001929678,0.00021360450555555556,0.0006490991111111111,0.00012142896111111111,0.010375437594444445,0.0003077841111111111,0.0001892832777777778,0.396675194,180,180,180,180,180,180,180,180
2024-08-14 06:00:00+00:00,0.0001908167722222222,0.00021569616666666666,0.0006601856333333334,0.00012478088333333335,0.010277778783333334,0.0003143800277777778,0.0001914808777777778,0.3964443948888889,180,180,180,180,180,180,180,180
2024-08-14 09:00:00+00:00,0.00018685367222222223,0.00021178430555555557,0.0006362599777777778,0.00012031749444444445,0.010131717061111111,0.00030161835555555556,0.00018619670555555554,0.3950558228888889,180,180,180,180,180,180,180,180
2024-08-14 12:00:00+00:00,0.00018749474444444445,0.0002115824611111111,0.0006325354222222222,0.00012120736666666668,0.010219164588888888,0.00030091088333333334,0.00018745585000000002,0.3939642286666667,180,180,180,180,180,180,180,180
2024-08-14 15:00:00+00:00,0.00019023021666666665,0.00021520637222222221,0.0006327601166666667,0.00012103878888888888,0.010214306922222222,0.0003001015,0.0001846931222222222,0.39304782166666663,180,180,180,180,180,180,180,180
2024-08-14 18:00:00+00:00,0.00019293095,0.00021653147857142858,0.0006358464642857143,0.00012060517142857143,0.010225152728571428,0.0002999216642857143,0.00018625232857142856,0.39248090378571426,140,140,140,140,140,140,140,140
2024-08-14 21:00:00+00:00,0.0001934654777777778,0.00021442564444444444,0.0006342675666666667,0.00012016828888888888,0.010206134561111111,0.0002978496888888889,0.00018592872777777777,0.39081758316666665,180,180,180,180,180,180,180,180
2024-08-15 00:00:00+00:00,0.00019200645,0.00021136162222222223,0.0006276475111111111,0.00012012040000000001,0.010139450516666667,0.00029698989444444445,0.0001847700611111111,0.3892060673333333,180,180,180,180,180,180,180,180
2024-08-15 03:00:00+00:00,0.00018967431666666666,0.00020941487222222223,0.0006263201111111111,0.0001212029388888889,0.010112560666666666,0.0002989021277777778,0.00018584866666666665,0.3883468514444444,180,180,180,180,180,180,180,180
2024-08-15 06:00:00+00:00,0.00018865441666666665,0.00020909891666666668,0.0006218679166666666,0.00012086301111111111,0.009942176277777777,0.00029674221111111114,0.00018585721666666667,0.38727306588888893,180,180,180,180,180,180,180,180
2024-08-15 09:00:00+00:00,0.00018753881666666667,0.00020686716111111112,0.0006176610388888889,0.00011871782222222223,0.009838777872222223,0.00029386828333333333,0.0001853632388888889,0.3860397387777778,180,180,180,180,180,180,180,180
2024-08-15 12:00:00+00:00,0.00018754871111111113,0.00020704231111111113,0.0006130604722222222,0.00011773754999999999,0.0099207761,0.0002921206611111111,0.0001844734111111111,0.3848321160555556,180,180,180,180,180,180,180,180
2024-08-15 15:00:00+00:00,0.00018710953333333333,0.00020499912222222223,0.0006086401111111111,0.00011617670555555556,0.009882929983333334,0.0002900457611111111,0.00018425178888888886,0.3834311427777778,180,180,180,180,180,180,180,180
2024-08-15 18:00:00+00:00,0.00018770664044943822,0.00020482616292134834,0.0006091670000000001,0.00011689952808988765,0.009861380893258427,0.0002904295842696629,0.0001850485786516854,0.38229355370786516,178,178,178,178,178,178,178,178
2024-08-15 21:00:00+00:00,0.00018695285000000001,0.00020306432777777777,0.0006059819055555556,0.00011824255,0.00982840955,0.0002902441,0.0001858447388888889,0.3810733316666667,180,180,180,180,180,180,180,180
2024-08-16 00:00:00+00:00,0.00018702228333333334,0.0002031527888888889,0.0006057707277777778,0.00011894215555555555,0.009814793577777777,0.00029078776666666665,0.00018669517777777778,0.3798289198888889,180,180,180,180,180,180,180,180
2024-08-16 03:00:00+00:00,0.00018689894444444446,0.0002023065611111111,0.0006067880444444445,0.00011884341666666668,0.009783719055555556,0.0002876373555555556,0.00018729815555555557,0.37889089444444446,180,180,180,180,180,180,180,180
2024-08-16 06:00:00+00:00,0.00018689997777777777,0.00020074223888888888,0.0005977896166666667,0.00011669133333333333,0.009572665133333333,0.0002843740166666667,0.00018380622222222224,0.3776589896111111,180,180,180,180,180,180,180,180
2024-08-16 09:00:00+00:00,0.00018566828333333333,0.00019801219444444445,0.0005968905666666667,0.00011601980555555556,0.00949036326111111,0.0002857799388888889,0.00018448804444444442,0.37698045027777777,180,180,180,180,180,180,180,180
2024-08-16 12:00:00+00:00,0.00018583052777777778,0.00019969233888888891,0.0005986049277777778,0.00011696515000000001,0.009622843883333333,0.00028744941666666667,0.00018529847222222224,0.3767922865,180,180,180,180,180,180,180,180
2024-08-16 15:00:00+00:00,0.00018377480000000002,0.0001971011277777778,0.0005940079888888889,0.0001152216388888889,0.009609711266666666,0.00028589907222222223,0.00018665992777777777,0.37592400205555554,180,180,180,180,180,180,180,180
2024-08-16 18:00:00+00:00,0.0001835868888888889,0.00019620617777777775,0.0005913358,0.00011618408333333333,0.009591316649999999,0.00028572646666666666,0.00018517397777777778,0.37521638583333333,180,180,180,180,180,180,180,180
2024-08-16 21:00:00+00:00,0.0001836425393258427,0.00019636397752808988,0.0005924659101123595,0.00011662788764044944,0.009601399668539325,0.0002858849269662921,0.00018428125280898876,0.3743103810112359,178,178,178,178,178,178,178,178
2024-08-17 00:00:00+00:00,0.0001850275388888889,0.00019634087222222222,0.0005914634666666667,0.00011666422777777778,0.009591432605555556,0.0002851141277777778,0.00018352173888888887,0.3733230731111111,180,180,180,180,180,180,180,180
2024-08-17 03:00:00+00:00,0.00018411755000000002,0.00019192492777777778,0.0005869436444444445,0.00011731892777777778,0.00953654908888889,0.0002843415888888889,0.00018426129999999998,0.3727360295555555,180,180,180,180,180,180,180,180
2024-08-17 06:00:00+00:00,0.0001834439388888889,0.00018822010555555554,0.0005864063444444445,0.00011641722777777778,0.009404366327777778,0.0002846927166666667,0.0001852487,0.372589032,180,180,180,180,180,180,180,180
2024-08-17 09:00:00+00:00,0.00018221772891566267,0.00018831472289156627,0.0005898303373493976,0.00011724273493975905,0.009376170355421687,0.0002882712951807229,0.0001881432891566265,0.37304718674698795,166,166,166,166,166,166,166,166
2024-08-17 12:00:00+00:00,0.00018123694444444446,0.00019008339444444444,0.0005861065833333333,0.00011766702222222221,0.009483240344444446,0.00028587017222222224,0.00018616887777777775,0.372088341,180,180,180,180,180,180,180,180
2024-08-17 15:00:00+00:00,0.00018099302222222222,0.00019065100555555557,0.0005844470611111112,0.00011750072777777778,0.009476031205555556,0.0002854410333333333,0.00018573028333333333,0.37207232933333334,180,180,180,180,180,180,180,180
2024-08-17 18:00:00+00:00,0.00018124910674157304,0.0001890725224719101,0.0005911006011235955,0.00011803398876404494,0.009519720353932584,0.0002875869606741573,0.00018850116853932585,0.3719781961235955,178,178,178,178,178,178,178,178
2024-08-17 21:00:00+00:00,0.00018258795555555553,0.00019184549444444443,0.00059089905,0.0001192840111111111,0.009486106888888889,0.0002877625222222222,0.00018789268333333333,0.3712422283888889,180,180,180,180,180,180,180,180
2024-08-18 00:00:00+00:00,0.00018290367777777777,0.00019085453333333335,0.00058969965,0.00011757337777777778,0.009480526088888889,0.00028779549444444446,0.00018731206111111112,0.37094270455555556,180,180,180,180,180,180,180,180
2024-08-18 03:00:00+00:00,0.0001831443277777778,0.00018998522777777778,0.0005921200388888889,0.00011710785000000001,0.00947912473888889,0.00028787269444444444,0.00018414923333333333,0.3708727326111111,180,180,180,180,180,180,180,180
2024-08-18 06:00:00+00:00,0.00018342179444444447,0.00018888074444444442,0.0005902569888888889,0.00011567343333333333,0.009347602211111111,0.00028657175555555557,0.00018353574444444445,0.37092256238888893,180,180,180,180,180,180,180,180
2024-08-18 09:00:00+00:00,0.00018199479444444444,0.0001868506,0.00058642405,0.00011439491111111111,0.009286504572222222,0.00028541848888888886,0.00018307535555555553,0.37115532227777775,180,180,180,180,180,180,180,180
2024-08-18 12:00:00+00:00,0.00018223251666666667,0.00018696112222222223,0.0005857037444444445,0.00011477105555555556,0.009411204983333334,0.0002851978888888889,0.00018421316666666665,0.3709679479444445,180,180,180,180,180,180,180,180
2024-08-18 15:00:00+00:00,0.0001816294222222222,0.00018559316111111112,0.0005836357722222222,0.00011544631111111111,0.009391140188888888,0.00028420272222222224,0.00018449690555555554,0.3705626298888889,180,180,180,180,180,180,180,180
2024-08-18 18:00:00+00:00,0.00018096655056179775,0.00018471683146067415,0.0005851984719101123,0.00011603360674157305,0.009419621073033707,0.00028539280898876403,0.0001851619213483146,0.3706956516292135,178,178,178,178,178,178,178,178
2024-08-18 21:00:00+00:00,0.00018046117222222222,0.00018353825000000002,0.0005873275444444445,0.00011671295555555556,0.00943877393888889,0.0002860271888888889,0.00018559444444444444,0.3707763327222222,180,180,180,180,180,180,180,180
2024-08-19 00:00:00+00:00,0.00017948425555555555,0.00018519873333333332,0.0005885366277777778,0.00011750292222222221,0.00948009816111111,0.00028745210555555556,0.00018731521111111114,0.37143737266666665,180,180,180,180,180,180,180,180
2024-08-19 03:00:00+00:00,0.0001797032666666667,0.00018686885,0.0005898303833333333,0.00011742649444444444,0.009473123105555556,0.0002867116777777778,0.0001838459888888889,0.37164184744444445,180,180,180,180,180,180,180,180
2024-08-19 06:00:00+00:00,0.00018196915555555556,0.0001867478111111111,0.0005859339833333333,0.0001160911111111111,0.009334333794444444,0.00028445005555555555,0.0001821384111111111,0.3716544942777778,180,180,180,180,180,180,180,180
2024-08-19 09:00:00+00:00,0.0001822658777777778,0.00018283137222222223,0.0005852796111111111,0.00011615753333333333,0.009284074533333334,0.00028557989444444445,0.0001820925888888889,0.3723052335555555,180,180,180,180,180,180,180,180
2024-08-19 12:00:00+00:00,0.0001787973777777778,0.00017982533888888887,0.0005835039888888888,0.0001166261,0.009430941016666666,0.00028635420555555554,0.00018255402222222222,0.37276261299999996,180,180,180,180,180,180,180,180
2024-08-19 15:00:00+00:00,0.0001783281,0.00018198684444444447,0.0005859002111111111,0.00011713270555555555,0.009463769833333333,0.00028718529444444444,0.00018522905555555554,0.3732348261666667,180,180,180,180,180,180,180,180
2024-08-19 18:00:00+00:00,0.00017845599438202247,0.0001840769550561798,0.0005866428483146068,0.00011738430898876405,0.009469973573033707,0.000286144797752809,0.0001846985617977528,0.3730613358988764,178,178,178,178,178,178,178,178
2024-08-19 21:00:00+00:00,0.00017805375,0.00018327961666666666,0.0005878078944444444,0.00011924658333333333,0.009483458933333333,0.00028799332777777774,0.00018625219444444444,0.3728284864444445,180,180,180,180,180,180,180,180
2024-08-20 00:00:00+00:00,0.00017711053333333332,0.00018223270555555558,0.0005892597722222222,0.00011859387777777777,0.009506696283333333,0.0002892790722222222,0.0001845348388888889,0.3731279366111111,180,180,180,180,180,180,180,180
2024-08-20 03:00:00+00:00,0.00017625486666666667,0.00018252658888888887,0.0005875944111111112,0.00011606529999999999,0.009472491783333334,0.0002880014166666667,0.00018355275,0.372421834,180,180,180,180,180,180,180,180
2024-08-20 06:00:00+00:00,0.00017654035555555555,0.00018493545,0.0005889994888888889,0.00011491393333333334,0.009361585955555555,0.0002884686111111111,0.00018790995,0.3724796677777778,180,180,180,180,180,180,180,180
2024-08-20 09:00:00+00:00,0.00017524256111111112,0.00018286415000000003,0.0005831835222222223,0.00011369254444444445,0.009279387516666666,0.00028505306666666666,0.0001856867777777778,0.3722860648333333,180,180,180,180,180,180,180,180
2024-08-20 12:00:00+00:00,0.00017245110555555554,0.00017952095,0.0005790554833333333,0.00011515677222222222,0.00939695103888889,0.00028545353333333335,0.00018493768333333334,0.372075191,180,180,180,180,180,180,180,180
2024-08-20 15:00:00+00:00,0.0001732872,0.00018190436666666669,0.0005918361222222222,0.00011790743888888889,0.009500472561111112,0.00029013030555555556,0.00018705203888888888,0.3728030492222222,180,180,180,180,180,180,180,180
2024-08-20 18:00:00+00:00,0.0001723079888888889,0.0001847394388888889,0.0005828646166666666,0.00011569395555555556,0.009449455627777778,0.0002843075388888889,0.00018238677777777777,0.37140111099999995,180,180,180,180,180,180,180,180
2024-08-20 21:00:00+00:00,0.0001711757752808989,0.00018513853932584267,0.0005826737977528089,0.00011679765168539324,0.009438440353932584,0.0002839209213483146,0.00018357630898876406,0.37036999179775276,178,178,178,178,178,178,178,178
2024-08-21 00:00:00+00:00,0.00017093507222222222,0.00018629321666666665,0.0005820354444444445,0.00011667238888888889,0.009433456305555556,0.00028473192222222224,0.00018200223333333335,0.36975378900000005,180,180,180,180,180,180,180,180
2024-08-21 03:00:00+00:00,0.00017041133888888888,0.00018528109444444446,0.00058425745,0.0001168229111111111,0.009429441572222223,0.00028494929444444447,0.00018292688888888888,0.369865277,180,180,180,180,180,180,180,180
2024-08-21 06:00:00+00:00,0.00017072520555555556,0.00018524343333333333,0.000584139,0.00011736775,0.009315127016666666,0.0002841571,0.00018373988888888888,0.3698945428888889,180,180,180,180,180,180,180,180
2024-08-21 09:00:00+00:00,0.00016881457222222223,0.00018273346666666665,0.0005811628888888889,0.00011593428888888889,0.009253048255555556,0.0002832754611111111,0.00018275746666666668,0.3700450465,180,180,180,180,180,180,180,180
2024-08-21 12:00:00+00:00,0.0001684210388888889,0.00018161898333333333,0.0005871681444444445,0.00011690127222222222,0.009455714711111111,0.0002867080166666667,0.00018486904444444443,0.37088390605555555,180,180,180,180,180,180,180,180
2024-08-21 15:00:00+00:00,0.0001667772277777778,0.00018046153333333334,0.0005854136666666667,0.00011582876666666666,0.009462021705555556,0.0002854429333333333,0.0001829088277777778,0.37121199616666667,180,180,180,180,180,180,180,180
2024-08-21 18:00:00+00:00,0.00016575232142857142,0.00018341337857142857,0.0005872003928571428,0.00011456349285714287,0.009470707707142858,0.0002833398142857143,0.0001811093,0.37091463357142856,140,140,140,140,140,140,140,140
2024-08-21 21:00:00+00:00,0.00016627491111111112,0.00018609134444444445,0.0005888195055555556,0.00011342267222222222,0.009470673333333334,0.0002846033388888889,0.00018096134444444442,0.37044239044444444,180,180,180,180,180,180,180,180
2024-08-22 00:00:00+00:00,0.00016519932222222223,0.00018403049444444444,0.0005825637944444445,0.00011265425555555555,0.009447234988888888,0.00028038458333333336,0.0001759777611111111,0.369724942,180,180,180,180,180,180,180,180
2024-08-22 03:00:00+00:00,0.0001635028,0.00018237806666666665,0.0005833919777777779,0.00011212075,0.009444156377777778,0.00028087191666666665,0.00017858552222222224,0.36965252000000004,180,180,180,180,180,180,180,180
2024-08-22 06:00:00+00:00,0.0001626050909090909,0.00018214628977272727,0.0005840196818181817,0.0001116388465909091,0.009329755346590909,0.0002799492215909091,0.0001768964715909091,0.3701658164772727,176,176,176,176,176,176,176,176
2024-08-22 09:00:00+00:00,0.00016265210555555556,0.00018149054444444444,0.0005875259777777778,0.00011246657222222222,0.0093192301,0.0002818190888888889,0.00017471964444444444,0.37132511861111106,180,180,180,180,180,180,180,180
2024-08-22 12:00:00+00:00,0.00016460335555555555,0.00018099962777777778,0.0005878646888888889,0.00011360404444444444,0.009499681044444446,0.0002818272944444444,0.00017332632222222223,0.37205102244444443,180,180,180,180,180,180,180,180
2024-08-22 15:00:00+00:00,0.0001635962,0.00017689261111111112,0.0005887670166666667,0.00011080316666666668,0.009543548477777778,0.00028178065555555556,0.00017527343333333331,0.37254759411111116,180,180,180,180,180,180,180,180
2024-08-22 18:00:00+00:00,0.00016219251685393259,0.00017436153370786517,0.0005905254269662921,0.0001117184775280899,0.009578517,0.00028524368539325844,0.00017765699999999998,0.37277335174157306,178,178,178,178,178,178,178,178
2024-08-22 21:00:00+00:00,0.00016229224444444445,0.00017435248888888889,0.0005927939888888888,0.00011201238888888889,0.009609804788888888,0.0002862502055555556,0.00017752199444444442,0.37283488694444444,180,180,180,180,180,180,180,180
2024-08-23 00:00:00+00:00,0.00016221470555555557,0.00017287273888888887,0.0005980744166666666,0.00011355563333333333,0.009631420877777777,0.00028748988888888886,0.00017522675555555555,0.37266493072222223,180,180,180,180,180,180,180,180
2024-08-23 03:00:00+00:00,0.0001606662111111111,0.00017286468333333334,0.00059291185,0.00011276797222222223,0.00958923695,0.0002856411444444444,0.0001744505,0.37227887555555556,180,180,180,180,180,180,180,180
2024-08-23 06:00:00+00:00,0.00016264287777777777,0.00017463155,0.0005976618722222223,0.00011319969999999999,0.009484518394444445,0.00028909504999999997,0.00017490401666666664,0.3733181573888889,180,180,180,180,180,180,180,180
2024-08-23 09:00:00+00:00,0.00016246040555555554,0.00017183716666666668,0.0005946424888888888,0.00011263889444444446,0.009411479216666666,0.0002872801333333333,0.00017441463333333333,0.3734070773888889,180,180,180,180,180,180,180,180
2024-08-23 12:00:00+00:00,0.00016250676666666665,0.0001717908388888889,0.0005961028111111112,0.00011192896666666667,0.009587759661111112,0.00028512457222222223,0.00017271638333333334,0.3736758105,180,180,180,180,180,180,180,180
2024-08-23 15:00:00+00:00,0.00016230105555555555,0.00017109018333333334,0.0006012777277777778,0.00011274372777777778,0.009636607316666667,0.00028827191666666666,0.00017547580000000003,0.3739120513888889,180,180,180,180,180,180,180,180
2024-08-23 18:00:00+00:00,0.0001615025,0.00017185006179775282,0.0006032680393258427,0.00011651857865168539,0.00965205606741573,0.00029123408988764043,0.00017912357303370786,0.37450664758426966,178,178,178,178,178,178,178,178
2024-08-23 21:00:00+00:00,0.00016121290555555555,0.00017422455555555556,0.0005996979944444444,0.00011220310555555556,0.009647574627777777,0.0002862730611111111,0.00017529791666666668,0.37379681744444443,180,180,180,180,180,180,180,180
2024-08-24 00:00:00+00:00,0.00016167215555555557,0.00017272137777777779,0.0005966328833333334,0.00011271879444444445,0.009641003061111111,0.0002847822055555555,0.00017432041666666666,0.3736368988888889,180,180,180,180,180,180,180,180
2024-08-24 03:00:00+00:00,0.00016139862222222222,0.00016991785,0.0006010172722222222,0.00011325903333333335,0.009670857227777777,0.00028513506666666665,0.00017337570555555558,0.3741384775555555,180,180,180,180,180,180,180,180
2024-08-24 06:00:00+00:00,0.00015965477777777777,0.00016937775,0.0005923607055555555,0.00011334901666666667,0.0094698263,0.0002822620833333334,0.00017248725555555556,0.37388141366666666,180,180,180,180,180,180,180,180
2024-08-24 09:00:00+00:00,0.00016027398333333333,0.00016841684444444445,0.0005952739833333333,0.00011310137222222222,0.009436823672222223,0.0002845044833333333,0.00017347401666666665,0.37467261338888885,180,180,180,180,180,180,180,180
2024-08-24 12:00:00+00:00,0.0001609943388888889,0.0001705061111111111,0.000592327561111111,0.00011138575,0.009588022111111111,0.0002832069777777778,0.00017306544444444443,0.3743724591111111,180,180,180,180,180,180,180,180
2024-08-24 15:00:00+00:00,0.00016116121111111112,0.00016954213333333334,0.0005939785277777778,0.00011170952777777776,0.009616082938888888,0.00028268771111111113,0.00017361762222222222,0.3742432493333333,180,180,180,180,180,180,180,180
2024-08-24 18:00:00+00:00,0.0001610270393258427,0.00016976356741573034,0.0006001421573033708,0.00011390746067415731,0.009646308859550562,0.0002876437078651686,0.0001769152584269663,0.374639778764045,178,178,178,178,178,178,178,178
2024-08-24 21:00:00+00:00,0.00016204612777777778,0.0001731212777777778,0.0006017147555555556,0.00011450760000000001,0.009666631216666667,0.0002885746833333333,0.00017744240555555557,0.3747914620555556,180,180,180,180,180,180,180,180
2024-08-25 00:00:00+00:00,0.00016033026111111112,0.00017140282777777777,0.0005974433333333334,0.00011251579444444444,0.009677394044444444,0.0002863190444444445,0.00017438301666666668,0.3746877061111111,180,180,180,180,180,180,180,180
2024-08-25 03:00:00+00:00,0.00015993188333333333,0.00017132021666666666,0.000593347838888889,0.00011321735555555555,0.0096374019,0.00028527317777777775,0.00017459254444444447,0.3743423957222222,180,180,180,180,180,180,180,180
2024-08-25 06:00:00+00:00,0.0001596850611111111,0.00017094430555555557,0.0005952104388888889,0.00011411612777777777,0.00950280416111111,0.0002875691666666667,0.00017622471666666666,0.3745022341111111,180,180,180,180,180,180,180,180
2024-08-25 09:00:00+00:00,0.00015961917777777777,0.0001720917777777778,0.0005923963999999999,0.00011317651666666666,0.009432524127777777,0.00028553837222222223,0.00017760039444444445,0.374712891,180,180,180,180,180,180,180,180
2024-08-25 12:00:00+00:00,0.00016010334444444444,0.00017129882777777779,0.0005894785388888889,0.00011389380555555556,0.009598442894444444,0.00028439588333333335,0.00017776224444444446,0.37464067633333337,180,180,180,180,180,180,180,180
2024-08-25 15:00:00+00:00,0.00015961172222222223,0.00016995400555555555,0.0005962403,0.00011523939444444446,0.00969263646111111,0.00028822022777777776,0.00017999649444444443,0.37582035583333334,180,180,180,180,180,180,180,180
2024-08-25 18:00:00+00:00,0.00016198770786516855,0.0001747640617977528,0.0005991324887640449,0.00011654831460674157,0.00973052891011236,0.00028934933146067417,0.0001822226179775281,0.3755422236516854,178,178,178,178,178,178,178,178
2024-08-25 21:00:00+00:00,0.00016286328333333332,0.0001768394277777778,0.0005980897,0.00011535325555555556,0.009713969988888889,0.00028860906666666665,0.00018161030555555554,0.37472730049999997,180,180,180,180,180,180,180,180
2024-08-26 00:00:00+00:00,0.00016302595,0.00017795991666666667,0.0005952771611111111,0.00011568041666666667,0.009695911677777778,0.00028791769444444444,0.0001824028833333333,0.37442313499999996,180,180,180,180,180,180,180,180
2024-08-26 03:00:00+00:00,0.00016336821666666668,0.0001778942611111111,0.0005987454055555555,0.0001163728611111111,0.009711229027777778,0.0002909256888888889,0.0001829654888888889,0.3744632643888889,180,180,180,180,180,180,180,180
2024-08-26 06:00:00+00:00,0.0001642270388888889,0.0001807755777777778,0.00060398645,0.00011670409444444445,0.00959033046111111,0.0002930819888888889,0.0001833204111111111,0.3749884767222222,180,180,180,180,180,180,180,180
2024-08-26 09:00:00+00:00,0.00016483887222222223,0.0001835585111111111,0.0006015678222222223,0.00011405286666666667,0.009513835294444445,0.00029158881666666665,0.0001812760222222222,0.3747567758888889,180,180,180,180,180,180,180,180
2024-08-26 12:00:00+00:00,0.00016526545000000002,0.00018528668333333333,0.0005963032499999999,0.00011341943333333333,0.009677314766666667,0.00029006968888888886,0.0001813454388888889,0.3748109106666666,180,180,180,180,180,180,180,180
2024-08-26 15:00:00+00:00,0.00016651861666666667,0.00018545286666666667,0.0005958809222222222,0.00011242757222222223,0.009690798783333333,0.00028897769444444444,0.0001804864888888889,0.374630388,180,180,180,180,180,180,180,180
2024-08-26 18:00:00+00:00,0.00016668872471910112,0.00018255684831460677,0.0005972011404494382,0.00011427951685393259,0.009700443511235954,0.0002867880449438202,0.00018100601123595506,0.37432071780898873,178,178,178,178,178,178,178,178
2024-08-26 21:00:00+00:00,0.00016655962222222222,0.00018157879999999998,0.0005950507166666666,0.00011313169999999999,0.009701006766666668,0.00028550735,0.00018082982222222225,0.3738890200555555,180,180,180,180,180,180,180,180
2024-08-27 00:00:00+00:00,0.00016790811111111112,0.00018256507777777777,0.0005926958555555555,0.00011271317222222222,0.009673531055555556,0.00028422475,0.0001801832666666667,0.37328697155555557,180,180,180,180,180,180,180,180
2024-08-27 03:00:00+00:00,0.00016803672777777778,0.0001820418222222222,0.0005903444833333333,0.00011295712777777778,0.009638393377777778,0.0002842207277777778,0.00018061481666666667,0.37330853555555554,180,180,180,180,180,180,180,180
2024-08-27 06:00:00+00:00,0.00016776748333333335,0.00018120502777777778,0.0005891098500000001,0.00011331478333333333,0.009479106338888888,0.00028443714444444443,0.00017966657222222223,0.3731553037222222,180,180,180,180,180,180,180,180
2024-08-27 09:00:00+00:00,0.00016988668333333334,0.00018322854999999999,0.0005960462166666666,0.00011492310555555555,0.009465875227777778,0.00028651508888888886,0.00018167597222222223,0.37376806205555557,180,180,180,180,180,180,180,180
2024-08-27 12:00:00+00:00,0.00017127694444444444,0.00018806555,0.0005875229555555555,0.00011322363888888889,0.009604818033333334,0.0002831073611111111,0.00018100240555555554,0.373494677,180,180,180,180,180,180,180,180
2024-08-27 15:00:00+00:00,0.00017052149444444443,0.00018420712222222223,0.0005873641,0.00011365594444444444,0.009627911783333333,0.0002838544944444444,0.0001820340888888889,0.37313046022222224,180,180,180,180,180,180,180,180
2024-08-27 18:00:00+00:00,0.00016977027222222222,0.00018457300555555555,0.000583105,0.00011324681111111112,0.00958123481111111,0.00028110386666666665,0.00018109620555555557,0.37221362916666667,180,180,180,180,180,180,180,180
2024-08-27 21:00:00+00:00,0.00017015266292134832,0.00018519959550561798,0.000582609308988764,0.00011263227528089888,0.009554005404494383,0.00027985815730337076,0.000179812702247191,0.3713580003370786,178,178,178,178,178,178,178,178
2024-08-28 00:00:00+00:00,0.0001694776,0.00018460353333333332,0.0005829184666666667,0.00011386986666666666,0.009578130633333333,0.0002813887277777778,0.0001800646722222222,0.37120108422222226,180,180,180,180,180,180,180,180
2024-08-28 03:00:00+00:00,0.00016871622777777777,0.00018197190000000002,0.0005792662833333333,0.00011563914999999999,0.00953729188888889,0.0002808486777777778,0.00018148362777777778,0.37094087377777774,180,180,180,180,180,180,180,180
2024-08-28 06:00:00+00:00,0.00016759938888888888,0.00018209414444444446,0.0005787031666666667,0.00011667599444444444,0.009402908833333333,0.0002829914333333333,0.00018283702222222223,0.37146465422222225,180,180,180,180,180,180,180,180
2024-08-28 09:00:00+00:00,0.00017036024444444444,0.00018548389444444447,0.0005798889,0.00011527509444444444,0.009367862372222221,0.0002829268888888889,0.00018577640555555557,0.3719787699444444,180,180,180,180,180,180,180,180
2024-08-28 12:00:00+00:00,0.0001714632111111111,0.0001871493111111111,0.0005833822055555556,0.00011537602222222223,0.009557860994444445,0.00028273108333333333,0.00018450278333333336,0.37211411261111116,180,180,180,180,180,180,180,180
2024-08-28 15:00:00+00:00,0.00017180319999999998,0.00018695031666666665,0.0005821668055555555,0.00011560401111111112,0.009574598527777778,0.0002825241277777778,0.00018441822222222223,0.37219322205555555,180,180,180,180,180,180,180,180
2024-08-28 18:00:00+00:00,0.00017281389285714286,0.0001875568714285714,0.0005848483571428572,0.00011656476428571428,0.009608961464285715,0.00028474854285714284,0.00018474675,0.3723744193571429,140,140,140,140,140,140,140,140
2024-08-28 21:00:00+00:00,0.00017410903333333334,0.00018772919444444444,0.0005816897222222222,0.00011619706666666667,0.009593164027777778,0.0002841461888888889,0.00018278759444444444,0.37169822522222223,180,180,180,180,180,180,180,180
2024-08-29 00:00:00+00:00,0.00017344915,0.0001858121888888889,0.0005796748388888889,0.0001154954611111111,0.00959319715,0.00028191370000000003,0.00018132530555555555,0.3710073915,180,180,180,180,180,180,180,180
2024-08-29 03:00:00+00:00,0.0001725679277777778,0.00018536730555555558,0.0005800624444444445,0.00011551817777777778,0.009588403766666666,0.0002821418777777778,0.00018198509444444444,0.37096880177777775,180,180,180,180,180,180,180,180
2024-08-29 06:00:00+00:00,0.0001716945,0.00018692044444444444,0.00058109335,0.00011426876666666666,0.009471336672222221,0.00028207988333333337,0.00018195091666666665,0.3712192272777778,180,180,180,180,180,180,180,180
2024-08-29 09:00:00+00:00,0.00016774322674418605,0.00018352676162790697,0.0005642743720930232,0.000111787,0.009355117941860464,0.0002783795406976744,0.00018128645930232557,0.3707630502325581,172,172,172,172,172,172,172,172
2024-08-29 12:00:00+00:00,0.00017215585,0.0001880322388888889,0.0005775499888888889,0.00011181848333333334,0.00955202721111111,0.00028053316666666665,0.00018213384444444445,0.37125012355555553,180,180,180,180,180,180,180,180
2024-08-29 15:00:00+00:00,0.00017384884999999998,0.0001916150111111111,0.0005782397944444445,0.00011017640555555555,0.00957018631111111,0.0002806844611111111,0.0001797099833333333,0.3714783222777778,180,180,180,180,180,180,180,180
2024-08-29 18:00:00+00:00,0.00017592792134831463,0.0001934147247191011,0.0005809824438202248,0.0001123186573033708,0.009591243078651685,0.0002832987528089888,0.00018217776404494382,0.37169477219101127,178,178,178,178,178,178,178,178
2024-08-29 21:00:00+00:00,0.0001764275,0.00019261029444444445,0.0005824192666666666,0.00011470573888888888,0.009618097066666666,0.0002831736888888889,0.00018551010555555557,0.3720556496111111,180,180,180,180,180,180,180,180
2024-08-30 00:00:00+00:00,0.00017823368888888889,0.00019359338888888888,0.0005905542666666667,0.00011578840555555555,0.009672302550000001,0.00028720235555555556,0.0001875254888888889,0.37242880294444447,180,180,180,180,180,180,180,180
2024-08-30 03:00:00+00:00,0.0001769985166666667,0.0001940679222222222,0.0005860785833333333,0.00011494152777777778,0.009634546755555556,0.000285208,0.00018559520555555558,0.37222745911111116,180,180,180,180,180,180,180,180
2024-08-30 06:00:00+00:00,0.00017718288439306357,0.00019404452601156068,0.0005868464971098266,0.00011576861849710982,0.009491369069364161,0.0002877139075144509,0.00018706871676300578,0.37262827832369944,173,173,173,173,173,173,173,173
2024-08-30 09:00:00+00:00,0.0001773280576923077,0.0001941547948717949,0.000589702564102564,0.00011638730769230769,0.00947720882051282,0.0002882198141025641,0.00018720569230769231,0.3731643703846154,156,156,156,156,156,156,156,156
2024-08-30 12:00:00+00:00,0.00017601745555555554,0.0001952966,0.0005914808388888889,0.00011613525,0.0096400458,0.0002887012388888889,0.00018870961666666666,0.3734564547222223,180,180,180,180,180,180,180,180
2024-08-30 15:00:00+00:00,0.00017707358888888888,0.00019706175555555554,0.0005927357333333333,0.00011499689999999999,0.009671858133333332,0.0002898673777777778,0.00019068093333333332,0.3739740303333333,180,180,180,180,180,180,180,180
2024-08-30 18:00:00+00:00,0.00017740752808988766,0.0001985427584269663,0.000592266393258427,0.00011389682584269663,0.009674825275280899,0.00028954474719101124,0.0001897441966292135,0.3736329908988764,178,178,178,178,178,178,178,178
2024-08-30 21:00:00+00:00,0.00017853398333333333,0.00020148951666666665,0.0005939091666666667,0.00011612446666666667,0.009683307005555555,0.0002898742833333333,0.0001894214888888889,0.3736458312222223,180,180,180,180,180,180,180,180
2024-08-31 00:00:00+00:00,0.0001793911,0.00020242252222222223,0.0006020445555555555,0.00011903733888888888,0.009755872255555556,0.00029267348888888887,0.00018792414444444445,0.37470101549999996,180,180,180,180,180,180,180,180
2024-08-31 03:00:00+00:00,0.00017997099444444443,0.00020306743333333333,0.0005989280333333334,0.00011891201666666667,0.009728776761111111,0.0002893750444444444,0.00018752939444444445,0.37492903955555557,180,180,180,180,180,180,180,180
2024-08-31 06:00:00+00:00,0.00018098365269461077,0.00020310650299401196,0.0005978629281437126,0.00011839019161676646,0.009584193401197604,0.00029020729341317365,0.00019002655688622755,0.37565977,167,167,167,167,167,167,167,167
2024-08-31 09:00:00+00:00,0.00018023798013245033,0.00020156511258278146,0.0005986747417218543,0.00011816013907284767,0.00957720261589404,0.00029132124503311255,0.00018818249006622519,0.37646990072847686,151,151,151,151,151,151,151,151
2024-08-31 12:00:00+00:00,0.00018127536666666665,0.0002034140611111111,0.0006044696833333333,0.00011795427222222222,0.009774963238888889,0.00029392525555555556,0.0001865109611111111,0.37782833872222227,180,180,180,180,180,180,180,180
2024-08-31 15:00:00+00:00,0.00018217061111111112,0.00020413406666666665,0.00060637615,0.00011680818333333333,0.009845774722222223,0.00029413138333333333,0.00018497415000000002,0.3789220420555556,180,180,180,180,180,180,180,180
2024-08-31 18:00:00+00:00,0.00018490096629213484,0.00020594558988764044,0.0006136569438202247,0.00011837742696629214,0.009898267511235955,0.00029679956741573033,0.00018784765168539328,0.3794264354494382,178,178,178,178,178,178,178,178
2024-08-31 21:00:00+00:00,0.00018473772222222222,0.0002061612111111111,0.0006066615777777778,0.00011836515555555555,0.00984071516111111,0.0002907498888888889,0.00018525385000000002,0.37794338488888884,180,180,180,180,180,180,180,180
2024-09-01 00:00:00+00:00,0.00018438495555555556,0.00020600472777777777,0.0006123422000000001,0.00011946551666666667,0.009913665516666666,0.0002931305777777778,0.00018450377222222223,0.37879428305555557,180,180,180,180,180,180,180,180
2024-09-01 03:00:00+00:00,0.00018295433888888889,0.00020433730555555554,0.0006108224833333333,0.00011741098333333334,0.009904831783333333,0.0002920572166666667,0.00018447730000000002,0.3791484681111111,180,180,180,180,180,180,180,180
2024-09-01 06:00:00+00:00,0.0001825468231707317,0.00020410823780487808,0.000609987006097561,0.00011725690853658536,0.009786140725609757,0.0002933077682926829,0.00018436230487804879,0.38030062292682926,164,164,164,164,164,164,164,164
2024-09-01 09:00:00+00:00,0.0001822210945945946,0.00020430650675675675,0.0006085287635135136,0.00011734547297297298,0.009762105236486487,0.0002939185337837838,0.0001860671689189189,0.3811316837162162,148,148,148,148,148,148,148,148
2024-09-01 12:00:00+00:00,0.00018274126666666669,0.00020370331111111111,0.0006200503388888889,0.0001198082,0.009992311066666667,0.00029713313333333335,0.00018783787222222223,0.3824895758888889,180,180,180,180,180,180,180,180
2024-09-01 15:00:00+00:00,0.00018270776666666665,0.00020756104999999998,0.0006258726277777778,0.00012005736666666667,0.010065291555555555,0.0002985920944444445,0.00018819847777777778,0.3827194428888889,180,180,180,180,180,180,180,180
2024-09-01 18:00:00+00:00,0.00018127670786516854,0.00020594272471910114,0.0006202954550561798,0.00012052320786516854,0.010054998612359551,0.00029790926966292134,0.0001867003820224719,0.38295195157303374,178,178,178,178,178,178,178,178
2024-09-01 21:00:00+00:00,0.00018049308333333334,0.00020475525555555555,0.0006205916666666666,0.0001225923888888889,0.010071399083333333,0.00029954675555555555,0.00018759927777777777,0.3834235768333333,180,180,180,180,180,180,180,180
2024-09-02 00:00:00+00:00,0.00018130616111111113,0.0002044612,0.0006205909111111111,0.00012179977222222222,0.01008990815,0.00029943389999999997,0.00018672232777777777,0.38372661422222226,180,180,180,180,180,180,180,180
2024-09-02 03:00:00+00:00,0.0001818777722222222,0.0002060771388888889,0.0006260840722222222,0.00012172017222222222,0.010130252694444444,0.00030177317222222224,0.00018911510555555554,0.3844949485,180,180,180,180,180,180,180,180
2024-09-02 06:00:00+00:00,0.00018202024223602485,0.00020691499378881986,0.0006242817701863355,0.00012117493788819875,0.009982417770186337,0.0003017708136645963,0.00018636773291925466,0.38531469937888196,161,161,161,161,161,161,161,161
2024-09-02 09:00:00+00:00,0.00018287710273972603,0.00020574002739726026,0.0006267878767123287,0.00012047612328767124,0.009979027602739728,0.0003044098287671233,0.00018927327397260274,0.38640997226027396,146,146,146,146,146,146,146,146
2024-09-02 12:00:00+00:00,0.0001823373888888889,0.00020593415,0.0006356970833333334,0.00012442116666666665,0.01018867578888889,0.00030830718333333334,0.00019395660555555558,0.38790120372222225,180,180,180,180,180,180,180,180
2024-09-02 15:00:00+00:00,0.00018155759444444446,0.00020618003333333333,0.0006259960944444444,0.00012086508333333335,0.010178336277777778,0.00030240411111111113,0.00018932878333333334,0.387843029,180,180,180,180,180,180,180,180
2024-09-02 18:00:00+00:00,0.0001815160224719101,0.00020410745505617975,0.0006278071011235955,0.0001214465168539326,0.010215375207865168,0.0003053508539325843,0.0001885137247191011,0.3884857901123595,178,178,178,178,178,178,178,178
2024-09-02 21:00:00+00:00,0.0001827774388888889,0.00020851476666666668,0.0006330656,0.00012203254444444446,0.010248628661111111,0.00030552281111111113,0.00018857265555555556,0.38844190349999996,180,180,180,180,180,180,180,180
2024-09-03 00:00:00+00:00,0.00018432184444444445,0.00021007043333333335,0.0006327808944444444,0.00012039285,0.010251240005555556,0.00030318489444444447,0.00018752094444444446,0.3883035652777778,180,180,180,180,180,180,180,180
2024-09-03 03:00:00+00:00,0.00018466595555555553,0.00021008740555555555,0.0006319698111111111,0.00012041135555555556,0.01024223803888889,0.0003036866611111111,0.00018733306666666666,0.3886757127777778,180,180,180,180,180,180,180,180
2024-09-03 06:00:00+00:00,0.00018546762280701752,0.00021122240350877195,0.0006285384298245615,0.00011984328070175439,0.010059451280701754,0.0003011990087719298,0.00018912406140350878,0.3886428119298246,114,114,114,114,114,114,114,114
2024-09-03 09:00:00+00:00,0.00018556222222222221,0.00021014405555555554,0.0006300808888888889,0.00011877765972222222,0.010073627284722223,0.000303125625,0.0001889929375,0.38960492138888886,144,144,144,144,144,144,144,144
2024-09-03 12:00:00+00:00,0.00018563629444444445,0.00021008145555555556,0.0006335687666666667,0.00012004707777777777,0.01026123238888889,0.0003040231722222222,0.00018855281666666667,0.3905291432222222,180,180,180,180,180,180,180,180
2024-09-03 15:00:00+00:00,0.00018662020555555557,0.00021237650555555555,0.0006414596,0.00012248361666666668,0.010333300683333334,0.00030827005,0.00019350403333333332,0.39146122766666663,180,180,180,180,180,180,180,180
2024-09-03 18:00:00+00:00,0.00018713828333333335,0.00021558980555555558,0.0006479855722222222,0.00012311104444444443,0.010412236244444444,0.00030977668333333333,0.00019281208888888887,0.3923649582222222,180,180,180,180,180,180,180,180
2024-09-03 21:00:00+00:00,0.00018839830337078652,0.00022079806741573036,0.0006464245730337079,0.0001228644775280899,0.010409561348314608,0.0003081890842696629,0.0001920103202247191,0.39204277016853933,178,178,178,178,178,178,178,178
2024-09-04 00:00:00+00:00,0.00018997878888888888,0.0002210709,0.0006534843277777778,0.0001235996,0.010459772322222222,0.00030932841666666665,0.00019404571666666666,0.392348255,180,180,180,180,180,180,180,180
2024-09-04 03:00:00+00:00,0.00019071314999999999,0.00022304842777777777,0.0006609759277777777,0.00012284929444444443,0.01050873401111111,0.0003121394388888889,0.00019571050555555554,0.39328834844444444,180,180,180,180,180,180,180,180
2024-09-04 06:00:00+00:00,0.00019203558333333334,0.0002262013205128205,0.000661021217948718,0.00012382496153846154,0.010384141038461537,0.0003128018205128205,0.00019732639743589743,0.3943895808974359,156,156,156,156,156,156,156,156
2024-09-04 09:00:00+00:00,0.00019266871126760564,0.00022747585211267606,0.0006593847816901408,0.00012118797887323944,0.010376678084507042,0.00031039731690140845,0.00019574972535211268,0.39532977330985913,142,142,142,142,142,142,142,142
2024-09-04 12:00:00+00:00,0.00019228853333333335,0.00022463726666666666,0.0006634167388888889,0.00012371983888888888,0.01056328215,0.0003120405722222222,0.00019780240555555554,0.39655872072222226,180,180,180,180,180,180,180,180
2024-09-04 15:00:00+00:00,0.00019101543333333335,0.0002235297722222222,0.0006561883722222223,0.00012353723333333335,0.010552175077777778,0.0003095175888888889,0.00019676012777777779,0.39646704488888884,180,180,180,180,180,180,180,180
2024-09-04 18:00:00+00:00,0.00019250784285714285,0.00022367035714285712,0.0006694466285714286,0.00012536127857142856,0.010648421514285715,0.00031625670714285713,0.00019799770714285715,0.39798272535714285,140,140,140,140,140,140,140,140
2024-09-04 21:00:00+00:00,0.00019346183333333332,0.00022675642777777777,0.0006676468333333334,0.00012526457222222223,0.010683179111111111,0.0003114820833333333,0.00019742153333333334,0.39801771338888886,180,180,180,180,180,180,180,180
2024-09-05 00:00:00+00:00,0.00019310312777777778,0.00022747747777777775,0.0006623993444444445,0.00012299967777777777,0.010663117644444444,0.0003096997055555555,0.00019642152222222223,0.39825564077777775,180,180,180,180,180,180,180,180
2024-09-05 03:00:00+00:00,0.00019385337777777777,0.0002257481722222222,0.0006693770777777778,0.0001267303111111111,0.010714068627777778,0.0003140788833333333,0.00020043190000000003,0.3991246233333334,180,180,180,180,180,180,180,180
2024-09-05 06:00:00+00:00,0.0001931092922077922,0.00022346203896103897,0.0006672247727272728,0.00012527434415584416,0.010589519792207793,0.00031306616883116885,0.00020042944155844155,0.39948582006493505,154,154,154,154,154,154,154,154
2024-09-05 09:00:00+00:00,0.00019380534751773049,0.00022240609929078013,0.0006603661063829787,0.0001233825460992908,0.0105236644964539,0.00031173617730496456,0.00019770051063829788,0.3995474517021277,141,141,141,141,141,141,141,141
2024-09-05 12:00:00+00:00,0.00019330957777777779,0.00022141072222222225,0.0006653131444444444,0.00012443289444444446,0.010707274277777777,0.00031380026666666665,0.00019871998888888889,0.400167371,180,180,180,180,180,180,180,180
2024-09-05 15:00:00+00:00,0.00019383184444444443,0.00022038159444444445,0.0006637040888888889,0.00012369291666666665,0.010709927005555555,0.00031134221666666664,0.00019608663333333333,0.40016899661111116,180,180,180,180,180,180,180,180
2024-09-05 18:00:00+00:00,0.00019277433146067417,0.0002182185168539326,0.0006689003820224719,0.00012530039325842697,0.010771189764044944,0.00031536978651685395,0.0001987639213483146,0.400874219494382,178,178,178,178,178,178,178,178
2024-09-05 21:00:00+00:00,0.0001915742611111111,0.00021880381666666666,0.0006640347999999999,0.0001235744111111111,0.010763505194444445,0.00031262102777777776,0.0001953998388888889,0.400508375,180,180,180,180,180,180,180,180
2024-09-06 00:00:00+00:00,0.00019265701111111113,0.00021935625555555556,0.0006709637833333333,0.0001248258111111111,0.010832082616666667,0.0003160717166666667,0.00019607512222222223,0.4010876371111111,180,180,180,180,180,180,180,180
2024-09-06 03:00:00+00:00,0.0001926199111111111,0.00021978030555555556,0.00066807875,0.00012603655000000002,0.010815954427777778,0.0003138504277777778,0.00019476655555555558,0.4010422308333333,180,180,180,180,180,180,180,180
2024-09-06 06:00:00+00:00,0.00019270671710526317,0.00021909789473684212,0.0006712803815789474,0.0001248659802631579,0.010705547967105263,0.0003146260065789474,0.00019674722368421052,0.40128097875,152,152,152,152,152,152,152,152
2024-09-06 09:00:00+00:00,0.00019145765714285716,0.0002159277142857143,0.0006648641,0.00012206684285714285,0.010628173978571428,0.0003117911357142857,0.00019454809285714285,0.400852286,140,140,140,140,140,140,140,140
2024-09-06 12:00:00+00:00,0.00019102303333333332,0.00021528475555555553,0.0006670903611111111,0.00012425686111111113,0.01078943046111111,0.0003139873611111111,0.00019759924444444444,0.4015229521111111,180,180,180,180,180,180,180,180
2024-09-06 15:00:00+00:00,0.0001933772111111111,0.0002161430888888889,0.0006842846888888889,0.00012661511666666668,0.010938037155555556,0.0003213766388888889,0.00020121793888888887,0.4028505886111111,180,180,180,180,180,180,180,180
2024-09-06 18:00:00+00:00,0.00019310904494382021,0.00021621655056179776,0.0006747429269662921,0.0001254355224719101,0.010856718471910113,0.0003162349831460674,0.00019877115168539326,0.4014850295505618,178,178,178,178,178,178,178,178
2024-09-06 21:00:00+00:00,0.0001911993388888889,0.0002153257388888889,0.0006658270166666667,0.00012522625555555557,0.010799626622222223,0.00031435559444444446,0.00019788991111111112,0.40109979938888884,180,180,180,180,180,180,180,180
2024-09-07 00:00:00+00:00,0.00019011244444444445,0.00021530708333333332,0.0006639016777777779,0.00012337158333333332,0.010804857883333333,0.00031439868333333335,0.0001975328222222222,0.40123853866666664,180,180,180,180,180,180,180,180
2024-09-07 03:00:00+00:00,0.0001898119611111111,0.00021516971666666668,0.0006630476055555555,0.00012284393333333334,0.010779995027777777,0.0003145800222222222,0.00019656997777777778,0.40102171983333335,180,180,180,180,180,180,180,180
2024-09-07 06:00:00+00:00,0.00018943188666666665,0.00021189794,0.0006667132666666667,0.00012338879333333332,0.010663679266666667,0.0003188655466666667,0.00019670891333333334,0.4009314528666667,150,150,150,150,150,150,150,150
2024-09-07 09:00:00+00:00,0.00018869641007194244,0.00020944926618705035,0.0006628348992805755,0.0001224557985611511,0.010635227151079138,0.0003153936690647482,0.00019617056115107915,0.40070127539568345,139,139,139,139,139,139,139,139
2024-09-07 12:00:00+00:00,0.0001889074722222222,0.00020986399444444445,0.0006679068388888889,0.00012244849444444444,0.0108205843,0.0003166118055555556,0.00019813238333333334,0.4009974505555555,180,180,180,180,180,180,180,180
2024-09-07 15:00:00+00:00,0.0001890108388888889,0.00020816487222222223,0.0006616643888888889,0.00012257916111111113,0.010777166088888889,0.0003148223611111111,0.00019703177777777778,0.4000517358888889,180,180,180,180,180,180,180,180
2024-09-07 18:00:00+00:00,0.0001881192078651685,0.00020683462921348316,0.0006581163595505618,0.00012247344382022472,0.010767710466292135,0.00031459322471910113,0.00019925588202247192,0.3993695363483146,178,178,178,178,178,178,178,178
2024-09-07 21:00:00+00:00,0.0001873408611111111,0.00020415705,0.0006546156277777778,0.00012243735,0.010737243872222222,0.0003125674222222222,0.0001978082,0.3980726462222222,180,180,180,180,180,180,180,180
2024-09-08 00:00:00+00:00,0.00018701721666666667,0.0002074279888888889,0.0006555657277777778,0.00012359612777777777,0.010753243272222223,0.0003134089944444444,0.00019552118888888886,0.39777941949999995,180,180,180,180,180,180,180,180
2024-09-08 03:00:00+00:00,0.00018706401111111113,0.0002081267611111111,0.0006562279777777778,0.0001240540277777778,0.01073256893888889,0.0003109769611111111,0.0001949510388888889,0.39720161961111106,180,180,180,180,180,180,180,180
2024-09-08 06:00:00+00:00,0.00018601521476510066,0.00020645940268456376,0.0006475205637583893,0.00012176080536912752,0.010539020677852349,0.000308042389261745,0.00019528802013422817,0.39663900838926175,149,149,149,149,149,149,149,149
2024-09-08 09:00:00+00:00,0.00018712558695652175,0.00020576379710144927,0.0006467641086956522,0.00012049176086956521,0.010477752557971015,0.00030896723188405796,0.00019263078260869565,0.3958077734782609,138,138,138,138,138,138,138,138
2024-09-08 12:00:00+00:00,0.0001875639222222222,0.0002061104277777778,0.0006465198777777778,0.00012104616666666665,0.010581095111111112,0.00030779401666666665,0.0001916088277777778,0.39540343627777774,180,180,180,180,180,180,180,180
2024-09-08 15:00:00+00:00,0.00018998945555555557,0.00020774193333333334,0.0006709532833333333,0.0001254178611111111,0.010748630622222222,0.00031712579444444444,0.00019519121111111112,0.39692283016666663,180,180,180,180,180,180,180,180
2024-09-08 18:00:00+00:00,0.00019004526404494383,0.00021264112359550561,0.0006631119943820226,0.0001245835786516854,0.01070801904494382,0.000311419893258427,0.00019046725280898877,0.39578826353932584,178,178,178,178,178,178,178,178
2024-09-08 21:00:00+00:00,0.0001873425,0.00020978118333333333,0.0006543004,0.00012425915555555554,0.010599920216666668,0.00030841573333333333,0.00018917786666666666,0.3937153567222222,180,180,180,180,180,180,180,180
2024-09-09 00:00:00+00:00,0.00018408032222222222,0.0002071353,0.0006465324166666667,0.00012292945,0.010543808344444445,0.00030537756111111115,0.00018845815555555554,0.3923101863333333,180,180,180,180,180,180,180,180
2024-09-09 03:00:00+00:00,0.00018292953333333333,0.00020436182777777776,0.0006498625111111111,0.00012373216111111112,0.010542697633333334,0.0003047045222222222,0.00019111268333333331,0.3917331406666667,180,180,180,180,180,180,180,180
2024-09-09 06:00:00+00:00,0.00018207704081632653,0.00020777179591836736,0.000647616224489796,0.00012447461224489794,0.010416624408163266,0.00030498530612244897,0.00018808151700680273,0.3916672082993197,147,147,147,147,147,147,147,147
2024-09-09 09:00:00+00:00,0.0001864595401459854,0.00021367709489051093,0.0006478035766423357,0.0001212801094890511,0.01034472808759124,0.0003035687518248175,0.00018513400729927007,0.390562380729927,137,137,137,137,137,137,137,137
2024-09-09 12:00:00+00:00,0.00018650856111111113,0.00021257862222222223,0.0006483686777777778,0.0001221671388888889,0.010464433288888889,0.00030185837777777777,0.00018392505555555556,0.39033477183333337,180,180,180,180,180,180,180,180
2024-09-09 15:00:00+00:00,0.00018651146913580246,0.00021254816049382714,0.0006475508641975308,0.00012237148148148147,0.010457235432098765,0.00030296683950617286,0.0001844624074074074,0.38988572857142856,81,81,81,81,81,81,81,119
2024-09-09 18:00:00+00:00,0.00018723783707865168,0.00021169556179775282,0.0006371391123595506,0.00012019134831460673,0.010364192511235954,0.00029940613483146067,0.00018374850000000002,0.3876592816292135,178,178,178,178,178,178,178,178
2024-09-09 21:00:00+00:00,0.00018555107222222223,0.00020926042222222223,0.0006365905888888889,0.00012126503333333333,0.010341944433333333,0.0003006697722222222,0.00018220487777777778,0.38644613222222224,180,180,180,180,180,180,180,180
2024-09-10 00:00:00+00:00,0.00018768499444444446,0.00021194830555555555,0.0006481653888888889,0.00012074981666666667,0.010412370427777777,0.0003062420722222222,0.00018494879444444444,0.38624685016666666,180,180,180,180,180,180,180,180
2024-09-10 03:00:00+00:00,0.00018568654444444445,0.00020711961111111112,0.0006305245999999999,0.00011930312222222222,0.010248223833333334,0.00029796099444444443,0.00018211233333333333,0.3843039271111111,180,180,180,180,180,180,180,180
2024-09-10 06:00:00+00:00,0.00018338928767123287,0.00020464933561643834,0.0006225555000000001,0.00011839231506849316,0.010061545034246576,0.00029541117808219177,0.0001799407602739726,0.3835069750684932,146,146,146,146,146,146,146,146
2024-09-10 09:00:00+00:00,0.00018073865693430657,0.00020085396350364964,0.0006137974598540146,0.00011661003649635036,0.00996230291970803,0.00029224502189781023,0.0001780959708029197,0.38192996270072993,137,137,137,137,137,137,137,137
2024-09-10 12:00:00+00:00,0.00017971886111111112,0.00019997306666666667,0.0006121923888888889,0.00011555751111111112,0.010057038394444445,0.0002912784111111111,0.0001776605777777778,0.38140009033333333,180,180,180,180,180,180,180,180
2024-09-10 15:00:00+00:00,0.00018019396111111112,0.00019909167777777779,0.0006124245333333333,0.0001170826,0.010061879738888889,0.00029175486111111115,0.00018060925555555556,0.381040201,180,180,180,180,180,180,180,180
2024-09-10 18:00:00+00:00,0.0001798199388888889,0.00019710531666666665,0.0006136002333333333,0.00011795973888888889,0.010070573327777778,0.00029361405,0.00018158155000000002,0.38054951016666666,180,180,180,180,180,180,180,180
2024-09-10 21:00:00+00:00,0.00017960248314606743,0.0001961110674157303,0.0006152491123595506,0.00011881453370786518,0.010071188483146067,0.00029579603370786514,0.00018498461235955056,0.37981048780898874,178,178,178,178,178,178,178,178
2024-09-11 00:00:00+00:00,0.00018033897222222224,0.00020016438333333333,0.0006219542722222223,0.00011949958888888888,0.010093630872222223,0.00029780287777777777,0.0001825015222222222,0.37887751427777777,180,180,180,180,180,180,180,180
2024-09-11 03:00:00+00:00,0.00018000901666666665,0.00020064881666666666,0.00060994345,0.00011779379444444444,0.0099819774,0.00029282485,0.00018221533333333335,0.37744670233333333,180,180,180,180,180,180,180,180
2024-09-11 06:00:00+00:00,0.00017892178620689656,0.00019869141379310346,0.0006069707034482758,0.00011903806896551725,0.009841914565517241,0.0002941908137931035,0.00018412526206896553,0.3774472783448276,145,145,145,145,145,145,145,145
2024-09-11 09:00:00+00:00,0.00017935548529411763,0.00019716716176470587,0.000600194794117647,0.00011742205882352942,0.009745366036764706,0.0002913936838235294,0.0001820261617647059,0.3761452579411765,136,136,136,136,136,136,136,136
2024-09-11 12:00:00+00:00,0.00017874055555555557,0.00019751381666666668,0.0006084205944444444,0.00012040431111111112,0.00989132665,0.0002949082722222222,0.00018373987777777777,0.37655114961111114,180,180,180,180,180,180,180,180
2024-09-11 15:00:00+00:00,0.00017872426666666665,0.00019787862777777778,0.0006070755555555555,0.00012043325555555555,0.009867331600000001,0.0002947882555555556,0.00018334865,0.37565993750000004,180,180,180,180,180,180,180,180
2024-09-11 18:00:00+00:00,0.0001792081857142857,0.00019910582142857144,0.0006077336714285714,0.00012049618571428571,0.009865122257142858,0.00029293202857142857,0.000182659,0.37477890935714286,140,140,140,140,140,140,140,140
2024-09-11 21:00:00+00:00,0.00017828266111111113,0.00019697895,0.00060510355,0.00012062341666666666,0.0098570598,0.0002918057166666667,0.00018422332222222223,0.3736457348888889,180,180,180,180,180,180,180,180
2024-09-12 00:00:00+00:00,0.00017874234444444445,0.0001970171222222222,0.0006129219833333334,0.00012271814999999998,0.009867143116666668,0.0002957368944444444,0.00018745946666666666,0.3728785491111111,180,180,180,180,180,180,180,180
2024-09-12 03:00:00+00:00,0.0001794571777777778,0.00019910508888888888,0.0006040038555555556,0.00012061503888888889,0.00978830685,0.00029144305555555555,0.0001835125833333333,0.3721655615,180,180,180,180,180,180,180,180
2024-09-12 06:00:00+00:00,0.00017576860139860138,0.00019362855244755246,0.0005898597202797203,0.00011777144055944055,0.009585103000000001,0.0002866006783216783,0.00018249843356643356,0.3708751627272727,143,143,143,143,143,143,143,143
2024-09-12 09:00:00+00:00,0.0001768582794117647,0.00019256463970588234,0.0005895315220588235,0.0001163114705882353,0.009527886801470587,0.0002858811102941176,0.000184262375,0.37002416264705884,136,136,136,136,136,136,136,136
2024-09-12 12:00:00+00:00,0.00017568528333333333,0.00019505486666666666,0.0005936330055555556,0.0001169622111111111,0.009646747822222222,0.00028762090555555555,0.0001846469277777778,0.36955137744444444,180,180,180,180,180,180,180,180
2024-09-12 15:00:00+00:00,0.0001755400888888889,0.00019644017777777775,0.0005932714055555555,0.00011839846666666667,0.009641329794444445,0.00028648264999999996,0.00018425118888888887,0.36899139938888886,180,180,180,180,180,180,180,180
2024-09-12 18:00:00+00:00,0.0001748535786516854,0.00019436957303370787,0.0005880246460674157,0.00011775291573033708,0.00960103126966292,0.00028397982584269665,0.00018443923595505617,0.36801711230337075,178,178,178,178,178,178,178,178
2024-09-12 21:00:00+00:00,0.0001735677294117647,0.00019287619411764706,0.0005851188,0.00011789854705882352,0.009563914870588235,0.00028319378823529414,0.00018440725294117645,0.36718083156976744,170,170,170,170,170,170,170,172
2024-09-13 00:00:00+00:00,0.0001732711219512195,0.000186005,0.0005798114390243903,0.00011704348780487804,0.009525777231707317,0.00028102548780487805,0.0001816391219512195,0.3660618524691358,82,82,82,82,82,82,82,162
2024-09-13 03:00:00+00:00,0.00017291105,0.00018242078333333334,0.0005801994444444445,0.00011735929444444444,0.009516955833333333,0.00028247690555555555,0.00018543647777777777,0.36597241466666663,180,180,180,180,180,180,180,180
2024-09-13 06:00:00+00:00,0.00017362142253521127,0.00018117973943661972,0.0005769479859154929,0.00011559005633802817,0.009370454774647888,0.0002796126056338028,0.00018127050704225354,0.36553095542253516,142,142,142,142,142,142,142,142
2024-09-13 09:00:00+00:00,0.00017508588148148148,0.00018604301481481481,0.0005822498074074074,0.00011531627407407407,0.009367959444444445,0.0002809438444444444,0.00018047897037037038,0.3650426819259259,135,135,135,135,135,135,135,135
2024-09-13 12:00:00+00:00,0.00017180832777777776,0.00018066929444444444,0.0005715221999999999,0.0001141355,0.009389352944444445,0.0002769727388888889,0.0001791450111111111,0.3640353518888889,180,180,180,180,180,180,180,180
2024-09-13 15:00:00+00:00,0.00016767230555555555,0.00017464129999999998,0.0005629837555555556,0.00011333485555555556,0.009344050155555556,0.0002763454444444444,0.00017978258333333335,0.3635666583333333,180,180,180,180,180,180,180,180
2024-09-13 18:00:00+00:00,0.00016710149438202247,0.00017427719101123596,0.0005625079438202247,0.00011481920786516853,0.009346342365168538,0.00027748952808988764,0.00018089647191011238,0.36343073415730337,178,178,178,178,178,178,178,178
2024-09-13 21:00:00+00:00,0.00016728698888888888,0.00017379561666666665,0.0005603782833333333,0.00011584824444444444,0.009330561244444443,0.0002766602222222222,0.00017750232777777778,0.3628048830555556,180,180,180,180,180,180,180,180
2024-09-14 00:00:00+00:00,0.0001663046,0.00017132653333333333,0.0005560605888888889,0.00011553190555555555,0.009290306227777777,0.0002746246111111111,0.00017757622777777777,0.36154650066666666,180,180,180,180,180,180,180,180
2024-09-14 03:00:00+00:00,0.00016503972222222223,0.0001687315,0.0005544941555555555,0.0001143167388888889,0.00923792711111111,0.00027445000555555556,0.00017827182222222225,0.3608073351666667,180,180,180,180,180,180,180,180
2024-09-14 06:00:00+00:00,0.00016697285815602838,0.00017156365957446808,0.0005572036170212766,0.00011481924113475177,0.009136666134751774,0.00027542382978723405,0.00017817694326241134,0.3610404568794326,141,141,141,141,141,141,141,141
2024-09-14 09:00:00+00:00,0.00016553503703703703,0.0001673311259259259,0.000550961562962963,0.00011393285925925925,0.009077779866666667,0.0002732229925925926,0.0001767259111111111,0.36041304940740737,135,135,135,135,135,135,135,135
2024-09-14 12:00:00+00:00,0.0001644167277777778,0.00016468258333333333,0.0005490905555555556,0.00011331991666666666,0.009144014655555557,0.00027227566666666663,0.0001771657611111111,0.3599642259444445,180,180,180,180,180,180,180,180
2024-09-14 15:00:00+00:00,0.0001679297777777778,0.00016926056666666668,0.0005786218722222223,0.00012917222777777778,0.009278627677777778,0.0002962563333333333,0.00020502557222222223,0.3613946421111111,180,180,180,180,180,180,180,180
2024-09-14 18:00:00+00:00,0.0001587523820224719,0.00016328487078651684,0.000546978808988764,0.00011138129213483146,0.00913248943258427,0.0002720239775280899,0.00017660075842696629,0.35897429056179775,178,178,178,178,178,178,178,178
2024-09-14 21:00:00+00:00,0.0001572970611111111,0.00016271477222222223,0.0005437051833333333,0.00011301402222222223,0.00912356808888889,0.00027083195,0.00017429918333333334,0.3586105972222222,180,180,180,180,180,180,180,180
2024-09-15 00:00:00+00:00,0.0001582626611111111,0.0001635436111111111,0.0005421238888888889,0.00011172379444444445,0.009103215272222224,0.00027123800555555556,0.00017291686666666666,0.35788119199999996,180,180,180,180,180,180,180,180
2024-09-15 03:00:00+00:00,0.00015899375555555555,0.00016312462222222224,0.0005411741277777778,0.00011220442222222222,0.009082519461111112,0.00027011010000000003,0.00017314347222222224,0.3577161841666666,180,180,180,180,180,180,180,180
2024-09-15 06:00:00+00:00,0.00015912982857142858,0.0001634793642857143,0.0005416033214285714,0.00011321383571428573,0.008969380442857142,0.0002698336071428571,0.0001753740642857143,0.35767086778571433,140,140,140,140,140,140,140,140
2024-09-15 09:00:00+00:00,0.00015967606666666666,0.0001623434,0.0005382323555555556,0.0001098420962962963,0.008925104592592593,0.00026808197037037036,0.0001749012,0.3570243125925926,135,135,135,135,135,135,135,135
2024-09-15 12:00:00+00:00,0.00015899776111111112,0.00016322464999999999,0.0005399235833333333,0.00011072735555555555,0.009033631205555556,0.0002676799388888889,0.00017522255000000002,0.35697212533333333,180,180,180,180,180,180,180,180
2024-09-15 15:00:00+00:00,0.00015936945,0.00016682837777777778,0.0005401019944444445,0.0001107874111111111,0.009022766222222223,0.00026849747777777776,0.00017289527777777778,0.3568792832777778,180,180,180,180,180,180,180,180
2024-09-15 18:00:00+00:00,0.00015969166853932584,0.00016704149438202248,0.0005370982191011236,0.00011102684831460674,0.009001358202247192,0.00026754592696629214,0.00017254029213483146,0.3564611297191011,178,178,178,178,178,178,178,178
2024-09-15 21:00:00+00:00,0.0001604155888888889,0.00016744277222222222,0.0005424078277777778,0.00011243113333333333,0.00902404376111111,0.0002700754944444444,0.00017494241111111112,0.3565206068333333,180,180,180,180,180,180,180,180
2024-09-16 00:00:00+00:00,0.0001607039888888889,0.0001677487777777778,0.0005398466777777778,0.00011105331666666668,0.00899869503888889,0.00026785398333333335,0.00017589242777777778,0.3555312056111111,180,180,180,180,180,180,180,180
2024-09-16 03:00:00+00:00,0.00015988195555555556,0.00016802318333333332,0.0005372384222222222,0.00011086227777777779,0.008975622988888888,0.0002679162111111111,0.00017736617222222222,0.3555228292777778,180,180,180,180,180,180,180,180
2024-09-16 06:00:00+00:00,0.00016046206428571428,0.0001687905,0.0005375691071428571,0.00010934660714285714,0.008863703821428572,0.0002674722,0.00017861985714285713,0.35560392935714286,140,140,140,140,140,140,140,140
2024-09-16 09:00:00+00:00,0.00016024098518518517,0.00016604794814814813,0.0005333221703703704,0.00010820427407407407,0.008806721451851853,0.00026581807407407405,0.0001757649259259259,0.35486004696296297,135,135,135,135,135,135,135,135
2024-09-16 12:00:00+00:00,0.00015936644444444444,0.00016575236111111111,0.0005364050333333333,0.00010948547222222222,0.008916770505555555,0.0002657438,0.00017368615000000001,0.35498811166666666,180,180,180,180,180,180,180,180
2024-09-16 15:00:00+00:00,0.00015903488333333333,0.0001674533277777778,0.0005354167444444444,0.00010880414444444444,0.008920151927777778,0.00026634644444444445,0.00017588612222222221,0.35517073600000004,180,180,180,180,180,180,180,180
2024-09-16 18:00:00+00:00,0.00015959615168539327,0.00016661282584269665,0.0005334566516853932,0.00010828076966292135,0.008904231011235955,0.000264666297752809,0.0001755218988764045,0.3546974011797753,178,178,178,178,178,178,178,178
2024-09-16 21:00:00+00:00,0.0001580659888888889,0.00016472115555555555,0.0005332610388888889,0.00010910717222222223,0.00888758768888889,0.00026415693888888887,0.0001752381222222222,0.3537829235555555,180,180,180,180,180,180,180,180
2024-09-17 00:00:00+00:00,0.00015798567222222222,0.00016601511111111113,0.0005321308777777778,0.00010798578333333333,0.008881085333333334,0.00026286119444444446,0.00017339408888888887,0.35340631694444447,180,180,180,180,180,180,180,180
2024-09-17 03:00:00+00:00,0.0001578727111111111,0.00016380721666666668,0.0005297480333333333,0.00010791490555555556,0.00885954436111111,0.00026231200555555553,0.0001737116111111111,0.3535410623333333,180,180,180,180,180,180,180,180
2024-09-17 06:00:00+00:00,0.0001580361726618705,0.00016302554676258995,0.0005324133669064747,0.000108452,0.008794546517985611,0.00026630730215827336,0.00017558330935251798,0.35456399978417263,139,139,139,139,139,139,139,139
2024-09-17 09:00:00+00:00,0.00015798783703703702,0.00016157234074074074,0.0005342687851851852,0.00010750104444444445,0.008827161496296297,0.0002673571259259259,0.00017362825185185184,0.3553198474814815,135,135,135,135,135,135,135,135
2024-09-17 12:00:00+00:00,0.00015783232777777777,0.0001611969,0.0005346242444444444,0.00010720400555555555,0.008935892372222223,0.00026598827222222224,0.0001732164277777778,0.3553434002222222,180,180,180,180,180,180,180,180
2024-09-17 15:00:00+00:00,0.00015638001666666665,0.00015914656666666667,0.0005326079333333334,0.00010726198333333333,0.008943647744444444,0.0002657158555555555,0.00017253466666666665,0.35543481344444444,180,180,180,180,180,180,180,180
2024-09-17 18:00:00+00:00,0.00015556829213483146,0.00015927784831460675,0.0005318295168539326,0.00010727433707865168,0.008941194005617978,0.0002654551404494382,0.00017219365168539324,0.35531366999999997,178,178,178,178,178,178,178,178
2024-09-17 21:00:00+00:00,0.00015460069444444443,0.0001587159611111111,0.0005354011944444444,0.00010826536666666667,0.008978547705555555,0.00026608038333333336,0.00017208756666666668,0.35535059855555556,180,180,180,180,180,180,180,180
2024-09-18 00:00:00+00:00,0.0001533432777777778,0.00015848422222222223,0.0005361745444444444,0.00010756616666666667,0.00900902793888889,0.00026589349444444444,0.00017047382777777778,0.3553599243888889,180,180,180,180,180,180,180,180
2024-09-18 03:00:00+00:00,0.00015398476666666667,0.00015944116666666668,0.0005370577333333333,0.0001084449,0.00903259056111111,0.0002667054722222222,0.0001694444388888889,0.35599612255555557,180,180,180,180,180,180,180,180
2024-09-18 06:00:00+00:00,0.00015384971014492752,0.00015758746376811595,0.0005367307898550725,0.00010814849275362318,0.008931305275362319,0.0002668918188405797,0.00017114957971014493,0.35636001007246376,138,138,138,138,138,138,138,138
2024-09-18 09:00:00+00:00,0.0001535651111111111,0.00015546312592592594,0.0005337935259259259,0.00010569879999999999,0.008897319644444445,0.00026553592592592595,0.00016971844444444445,0.35632907207407405,135,135,135,135,135,135,135,135
2024-09-18 12:00:00+00:00,0.00015190988888888888,0.00015326652777777777,0.0005350981666666666,0.00010743282777777778,0.009018102405555554,0.0002653752222222222,0.00017010956666666665,0.35668281716666667,180,180,180,180,180,180,180,180
2024-09-18 15:00:00+00:00,0.00015163881666666667,0.00015320122777777779,0.0005401857666666667,0.00010997283333333334,0.009084268511111111,0.0002685339555555556,0.00017080479444444446,0.3574263235555556,180,180,180,180,180,180,180,180
2024-09-18 18:00:00+00:00,0.00015155908571428572,0.00015447699999999998,0.0005422475714285714,0.00010862730714285714,0.009116998207142856,0.00026824295714285713,0.00016994835,0.3576299668571428,140,140,140,140,140,140,140,140
2024-09-18 21:00:00+00:00,0.00015033404444444445,0.00015197344444444445,0.0005373677555555556,0.00010621535,0.009080758044444444,0.0002663824388888889,0.00016920038888888888,0.35675544433333334,180,180,180,180,180,180,180,180
2024-09-19 00:00:00+00:00,0.00014907138333333333,0.0001504196333333333,0.0005359616388888889,0.00010561652777777778,0.0090815315,0.0002650357888888889,0.00016860824444444445,0.35634695155555557,180,180,180,180,180,180,180,180
2024-09-19 03:00:00+00:00,0.00014788313333333335,0.0001496404888888889,0.0005355036222222222,0.00010597621666666668,0.009079287722222223,0.00026535658333333336,0.00016791948333333333,0.3566865102222222,180,180,180,180,180,180,180,180
2024-09-19 06:00:00+00:00,0.00014766834782608697,0.00014959865942028986,0.0005363252391304348,0.00010727716666666667,0.008977913043478261,0.0002661473768115942,0.00017003202898550725,0.3573166214492754,138,138,138,138,138,138,138,138
2024-09-19 09:00:00+00:00,0.00014943036296296297,0.00015119861481481482,0.0005387696888888889,0.00010941517777777778,0.008992449155555556,0.0002670734,0.00016959351111111112,0.3574969851111111,135,135,135,135,135,135,135,135
2024-09-19 12:00:00+00:00,0.00014879505555555556,0.00015084182222222222,0.0005390119777777777,0.00010713673333333333,0.009107217316666666,0.00026707145,0.0001671148,0.3577844041111111,180,180,180,180,180,180,180,180
2024-09-19 15:00:00+00:00,0.00014903995,0.00015091795,0.0005427254999999999,0.00010820655555555555,0.00915553,0.00026788006111111114,0.00016809519444444446,0.3581416646111111,180,180,180,180,180,180,180,180
2024-09-19 18:00:00+00:00,0.00014824707865168538,0.0001500393202247191,0.0005425702808988765,0.00010852647191011236,0.009186923314606741,0.000269271393258427,0.00016726085393258428,0.3581452779775281,178,178,178,178,178,178,178,178
2024-09-19 21:00:00+00:00,0.0001490124222222222,0.00014991233333333333,0.0005452755944444444,0.00010897426111111112,0.009214856222222222,0.0002703927166666667,0.0001684306,0.35822820111111114,180,180,180,180,180,180,180,180
2024-09-20 00:00:00+00:00,0.00014856616111111112,0.00014770273333333334,0.0005424201333333334,0.00010902957222222222,0.009187963227777778,0.0002677538555555555,0.00016798618333333334,0.357868311,180,180,180,180,180,180,180,180
2024-09-20 03:00:00+00:00,0.00014868616666666667,0.00014843410555555556,0.0005428873944444445,0.00011148512777777779,0.009186128744444444,0.0002676057055555556,0.0001679622111111111,0.3583848502222222,180,180,180,180,180,180,180,180
2024-09-20 06:00:00+00:00,0.00014836445255474452,0.00014729652554744526,0.0005414648686131386,0.00011233034306569342,0.009063781817518247,0.0002682775401459854,0.0001692977810218978,0.3583597108029197,137,137,137,137,137,137,137,137
2024-09-20 09:00:00+00:00,0.00014762385925925925,0.00014755037037037037,0.0005395748,0.0001107708,0.009037983955555554,0.0002672295259259259,0.00016684186666666667,0.35801967644444443,135,135,135,135,135,135,135,135
2024-09-20 12:00:00+00:00,0.00014696127777777778,0.000148069,0.0005378702888888889,0.00011146149999999999,0.009132297911111111,0.0002663549111111111,0.00016829174444444445,0.3580407340555556,180,180,180,180,180,180,180,180
2024-09-20 15:00:00+00:00,0.00014829425555555554,0.00014909020555555554,0.0005414232722222222,0.00010937013888888888,0.009177225616666666,0.0002673373777777778,0.00016810544444444445,0.35816386833333336,180,180,180,180,180,180,180,180
2024-09-20 18:00:00+00:00,0.00014752081460674157,0.00014801651123595505,0.0005368753539325842,0.00010971887640449438,0.00915865695505618,0.00026767196629213483,0.00016775091573033706,0.35804490741573036,178,178,178,178,178,178,178,178
2024-09-20 21:00:00+00:00,0.0001468362888888889,0.00014907348333333335,0.000537726361111111,0.00010938922222222221,0.009177239983333333,0.00026814760555555556,0.00016759571111111111,0.35824842661111106,180,180,180,180,180,180,180,180
2024-09-21 00:00:00+00:00,0.0001471516611111111,0.00014863938333333334,0.0005373587388888888,0.00011055413888888889,0.009177077105555556,0.00026744744444444444,0.00016633059444444445,0.3577783856111111,180,180,180,180,180,180,180,180
2024-09-21 03:00:00+00:00,0.00014681406666666667,0.00014806704444444445,0.0005386009222222223,0.00011125402777777779,0.009181071094444444,0.0002681942444444445,0.00016516276666666668,0.357793468,180,180,180,180,180,180,180,180
2024-09-21 06:00:00+00:00,0.0001474291897810219,0.00014922382481751825,0.0005410271605839416,0.00011135682481751825,0.009083328700729927,0.0002685528394160584,0.00016571105839416057,0.3582005280291971,137,137,137,137,137,137,137,137
2024-09-21 09:00:00+00:00,0.00014754127407407407,0.00014915084444444443,0.0005385557037037036,0.00010858171851851852,0.009056244222222223,0.0002675173185185185,0.00016563555555555555,0.35802547933333334,135,135,135,135,135,135,135,135
2024-09-21 12:00:00+00:00,0.00014702446111111112,0.00015071827222222224,0.0005414078666666666,0.00010897654999999999,0.00920132675,0.00026775925,0.0001667722222222222,0.3586940456111111,180,180,180,180,180,180,180,180
2024-09-21 15:00:00+00:00,0.00014715442777777778,0.00015185937777777777,0.0005410202777777778,0.00010896064444444445,0.009208969127777777,0.0002684680277777778,0.00016695047777777778,0.3586666729444445,180,180,180,180,180,180,180,180
2024-09-21 18:00:00+00:00,0.00014702483146067415,0.00015172294382022472,0.0005430689213483147,0.0001103012191011236,0.009245166219101124,0.00026990973595505615,0.00016755586516853933,0.3588863065730337,178,178,178,178,178,178,178,178
2024-09-21 21:00:00+00:00,0.00014842695,0.00015505784444444444,0.0005472724277777777,0.00011197045555555556,0.009307118922222222,0.0002710657333333333,0.00016848321111111113,0.3589668775,180,180,180,180,180,180,180,180
2024-09-22 00:00:00+00:00,0.00014884123333333332,0.0001547635888888889,0.0005462209277777778,0.00011211461111111111,0.009310399072222222,0.0002707155333333333,0.00017117689444444444,0.3589532661111111,180,180,180,180,180,180,180,180
2024-09-22 03:00:00+00:00,0.00014865488333333334,0.00015567066111111112,0.0005471313333333333,0.00011220737777777777,0.009313248033333334,0.00027106670555555553,0.00017180845,0.3592573233333334,180,180,180,180,180,180,180,180
2024-09-22 06:00:00+00:00,0.00014937510294117646,0.00015675036029411764,0.0005470480000000001,0.00011078582352941177,0.009186082801470588,0.00027097920588235296,0.0001701148088235294,0.35904746397058823,136,136,136,136,136,136,136,136
2024-09-22 09:00:00+00:00,0.00014971716176470588,0.0001569410955882353,0.0005442187205882353,0.00010882261764705882,0.009151090235294118,0.00027091366911764705,0.00017340886029411766,0.3589242006617647,136,136,136,136,136,136,136,136
2024-09-22 12:00:00+00:00,0.00014897856111111113,0.00015790309444444446,0.0005436539,0.00010768541666666667,0.00925956791111111,0.0002690423111111111,0.00017197917222222222,0.35887059694444445,180,180,180,180,180,180,180,180
2024-09-22 15:00:00+00:00,0.00014877345555555554,0.00015963118888888888,0.0005443177222222222,0.00010949310555555555,0.009285374388888889,0.0002690800333333333,0.00017316028333333333,0.3594990118333334,180,180,180,180,180,180,180,180
2024-09-22 18:00:00+00:00,0.00014964541011235955,0.00016143061235955058,0.0005464161348314608,0.0001105728202247191,0.009314105994382023,0.00026971952808988765,0.0001736863426966292,0.3593843957303371,178,178,178,178,178,178,178,178
2024-09-22 21:00:00+00:00,0.00015336576111111113,0.00016562556666666666,0.0005624603222222223,0.00011547282777777777,0.009413866377777778,0.0002777932444444445,0.00018034753333333336,0.36011903483333335,180,180,180,180,180,180,180,180
2024-09-23 00:00:00+00:00,0.00015187740555555558,0.00016319368333333334,0.0005494547555555555,0.00011268496111111111,0.009340105577777777,0.0002718424555555555,0.00017686014444444443,0.3591713192777778,180,180,180,180,180,180,180,180
2024-09-23 03:00:00+00:00,0.0001521604,0.0001630163666666667,0.0005468575277777777,0.00011270672777777777,0.009293836216666667,0.00027000511666666664,0.0001765450388888889,0.3583354987777778,180,180,180,180,180,180,180,180
2024-09-23 06:00:00+00:00,0.00015270213235294116,0.00016419344117647058,0.0005501300735294119,0.00011320266911764705,0.009216304102941178,0.00027053326470588237,0.00017644359558823528,0.3591916185294118,136,136,136,136,136,136,136,136
2024-09-23 09:00:00+00:00,0.00015519616911764705,0.00016700394852941177,0.0005533890147058824,0.00011179739705882352,0.009221822426470587,0.0002705621470588235,0.00017548847794117647,0.35941316669117646,136,136,136,136,136,136,136,136
2024-09-23 12:00:00+00:00,0.0001558031277777778,0.00016764983333333335,0.0005517315111111111,0.00011225057222222222,0.00931959053888889,0.00026884308888888887,0.00017560706666666667,0.3600312867777778,180,180,180,180,180,180,180,180
2024-09-23 15:00:00+00:00,0.00015674376666666666,0.00016976998333333333,0.0005554638333333333,0.00011352536666666667,0.00935370835,0.0002711123,0.00017706832777777777,0.360811543,180,180,180,180,180,180,180,180
2024-09-23 18:00:00+00:00,0.00015720544943820223,0.0001709300617977528,0.0005551638146067416,0.00011319525280898877,0.00936223811235955,0.0002712058764044944,0.00017802310674157302,0.36110360438202244,178,178,178,178,178,178,178,178
2024-09-23 21:00:00+00:00,0.00015744142777777777,0.0001713128388888889,0.0005526165611111112,0.00011376351666666666,0.009359391794444444,0.0002726969555555556,0.00017863417777777777,0.3613676946111111,180,180,180,180,180,180,180,180
2024-09-24 00:00:00+00:00,0.00015770440555555555,0.00017055910555555554,0.0005540360277777778,0.000116225,0.009391329833333333,0.0002727926611111111,0.00017715182777777776,0.36183544972222226,180,180,180,180,180,180,180,180
2024-09-24 03:00:00+00:00,0.00015851831666666667,0.00017194262777777777,0.0005570908833333333,0.00011710846666666666,0.0094182434,0.00027595785,0.00017958979444444444,0.36261727349999995,180,180,180,180,180,180,180,180
2024-09-24 06:00:00+00:00,0.00015864046323529413,0.0001708981911764706,0.0005558551176470588,0.00011542923529411764,0.009298008411764706,0.0002754419632352941,0.00017764511764705883,0.3629269813970588,136,136,136,136,136,136,136,136
2024-09-24 09:00:00+00:00,0.000160024625,0.00017020058823529412,0.0005583375220588235,0.00011471994852941176,0.009297335352941177,0.0002767749926470588,0.00017937375735294116,0.36306937154411767,136,136,136,136,136,136,136,136
2024-09-24 12:00:00+00:00,0.00016037683333333333,0.00017259367777777777,0.0005630769944444445,0.00011423236666666666,0.009436052433333333,0.00027598805000000003,0.00018062348333333333,0.3632243425555555,180,180,180,180,180,180,180,180
2024-09-24 15:00:00+00:00,0.00016134942777777778,0.00017444535,0.0005617080722222222,0.0001138368888888889,0.009441680205555556,0.00027418924444444444,0.0001796925888888889,0.3633656763888889,180,180,180,180,180,180,180,180
2024-09-24 18:00:00+00:00,0.00016304978651685394,0.0001750692808988764,0.0005619333932584269,0.00011403098314606741,0.009462381949438202,0.0002748535393258427,0.00017919572471910113,0.3640010891573034,178,178,178,178,178,178,178,178
2024-09-24 21:00:00+00:00,0.00016286000555555555,0.00017453645,0.0005606076944444445,0.00011465463888888889,0.009455898977777778,0.0002755185166666667,0.00017940078333333336,0.3636629879444444,180,180,180,180,180,180,180,180
2024-09-25 00:00:00+00:00,0.00016234707386363637,0.00017390142613636362,0.0005600583295454546,0.00011477050568181818,0.009464936051136364,0.000276295125,0.0001787399715909091,0.3635527175,176,176,176,176,176,176,176,176
2024-09-25 03:00:00+00:00,0.00016149721348314607,0.00017478029775280898,0.0005620533595505618,0.00011395798314606741,0.009463920455056181,0.0002764269213483146,0.00018056790449438203,0.3636925197752809,178,178,178,178,178,178,178,178
2024-09-25 06:00:00+00:00,0.0001613983233082707,0.0001762573984962406,0.0005618458045112782,0.0001122113082706767,0.009345476383458645,0.00027620638345864665,0.00017990681954887217,0.36425911714285714,133,133,133,133,133,133,133,133
2024-09-25 09:00:00+00:00,0.00016327057037037035,0.00017879489629629632,0.0005615696,0.00011207130370370371,0.009349373266666666,0.0002762880740740741,0.00017994462962962963,0.3646686762222222,135,135,135,135,135,135,135,135
2024-09-25 12:00:00+00:00,0.00016297386781609195,0.00017858774712643677,0.000565882591954023,0.00011189043103448275,0.009509042086206896,0.00027581030459770115,0.00018023068965517243,0.3656566439655172,174,174,174,174,174,174,174,174
2024-09-25 15:00:00+00:00,0.00016541425,0.00018003196590909092,0.0005723009659090909,0.00011610182954545455,0.009585139829545454,0.00027842147727272725,0.0001827088068181818,0.3666451259615385,88,88,88,88,88,88,88,156
2024-09-25 18:00:00+00:00,0.00016635000793650796,0.00018209114285714287,0.0005711187222222223,0.00011634576190476191,0.00956381396825397,0.0002768049126984127,0.0001822956984126984,0.36633630857142857,126,126,126,126,126,126,126,126
2024-09-25 21:00:00+00:00,0.00016702848076923077,0.00017991190384615384,0.0005741168461538462,0.00011657749038461538,0.009597132634615384,0.00028085864423076925,0.00018383196153846156,0.36649925301204817,104,104,104,104,104,104,104,166
2024-09-26 00:00:00+00:00,0.00016668876543209877,0.0001793791049382716,0.0005683775185185186,0.00011569178395061729,0.009569372438271604,0.00027751091975308643,0.00018109102469135804,0.3664292371764706,162,162,162,162,162,162,162,170
2024-09-26 03:00:00+00:00,0.0001658279655172414,0.00017969847701149424,0.0005690386436781609,0.00011644893103448277,0.009587319270114943,0.00027801258620689656,0.0001831601091954023,0.3673495627586207,174,174,174,174,174,174,174,174
2024-09-26 06:00:00+00:00,0.0001668567894736842,0.00018094167669172932,0.0005731265488721804,0.00011612518796992481,0.009515087142857143,0.00028003714285714285,0.0001864665037593985,0.3679728866165413,133,133,133,133,133,133,133,133
2024-09-26 09:00:00+00:00,0.00016757909420289855,0.0001815291884057971,0.000573021463768116,0.00011470317391304347,0.009508196355072463,0.0002803923405797101,0.00018188545652173912,0.36893829623188407,138,138,138,138,138,138,138,138
2024-09-26 12:00:00+00:00,0.00016661483333333332,0.00018277283333333332,0.0005716378333333333,0.00011555033333333332,0.009600610833333334,0.0002792103333333333,0.0001824232222222222,0.36940697234939757,18,18,18,18,18,18,18,166
2024-09-26 15:00:00+00:00,,,,,,,,0.3700951551923077,0,0,0,0,0,0,0,156
2024-09-26 18:00:00+00:00,0.000171413825,0.0001849263125,0.0005781403875000001,0.00011853352499999999,0.0096883224375,0.0002830317,0.00018407164375,0.3707824355625,160,160,160,160,160,160,160,160
2024-09-26 21:00:00+00:00,0.00017199881176470589,0.00018451138823529412,0.0005826183294117647,0.00011937374705882353,0.009749694552941177,0.00028580401176470587,0.0001864240117647059,0.3716400641764706,170,170,170,170,170,170,170,170
2024-09-27 00:00:00+00:00,0.00017265185714285714,0.00018392178571428574,0.0005840786071428571,0.00012155407142857143,0.009764194178571429,0.0002878457142857143,0.00018852260714285712,0.3722176761046512,28,28,28,28,28,28,28,172
2024-09-27 03:00:00+00:00,0.00017237131818181818,0.00018509229545454544,0.0005875794318181819,0.00011887550568181819,0.009790855767045454,0.0002885084488636364,0.00019061963068181818,0.3727672957954546,176,176,176,176,176,176,176,176
2024-09-27 06:00:00+00:00,0.00017237885925925925,0.00018583614814814814,0.0005851938592592593,0.00011821565185185185,0.009661262681481483,0.00028892655555555556,0.00019017087407407408,0.3732259820740741,135,135,135,135,135,135,135,135
2024-09-27 09:00:00+00:00,0.00017394033823529413,0.00018691023529411764,0.0005902036544117647,0.00011982976470588235,0.009711543948529413,0.00029252159558823527,0.000190243,0.3745269200735294,136,136,136,136,136,136,136,136
2024-09-27 12:00:00+00:00,0.00017495232142857142,0.00019029378571428572,0.0005902328928571428,0.00011925096428571429,0.009816689571428571,0.00029106178571428575,0.00019057875000000002,0.3754728466091954,28,28,28,28,28,28,28,174
2024-09-27 15:00:00+00:00,,,,,,,,0.37582852095238095,0,0,0,0,0,0,0,168
2024-09-27 18:00:00+00:00,0.00017359165384615385,0.0001860962435897436,0.0005935926666666666,0.00012034991025641025,0.009881129115384616,0.0002914111153846154,0.00019231176923076925,0.3756970905769231,78,78,78,78,78,78,78,156
2024-09-27 21:00:00+00:00,0.00017304593333333334,0.00018699556666666668,0.00059480978,0.0001220679,0.009904442153333333,0.0002920691266666667,0.0001936406266666667,0.3760862506329114,150,150,150,150,150,150,150,158
2024-09-28 00:00:00+00:00,0.0001741210172413793,0.00018840353448275863,0.0005967279770114943,0.00012111420114942529,0.009939377540229886,0.00029322514367816093,0.00019355477586206895,0.3764800712068965,174,174,174,174,174,174,174,174
2024-09-28 03:00:00+00:00,0.0001742659090909091,0.00018864851136363636,0.0005981741534090909,0.00012015242613636363,0.009937916142045455,0.0002932380625,0.0001917720681818182,0.3769732504545455,176,176,176,176,176,176,176,176
2024-09-28 06:00:00+00:00,0.00017478244444444444,0.00018922317037037037,0.0005987199333333334,0.00011931443703703703,0.009820633044444443,0.00029290708148148147,0.00019205620740740743,0.3775148292592593,135,135,135,135,135,135,135,135
2024-09-28 09:00:00+00:00,0.00017445776978417267,0.0001898788129496403,0.0005979607338129497,0.00011963959712230216,0.009818797848920863,0.0002924647625899281,0.0001914531294964029,0.3781494723741007,139,139,139,139,139,139,139,139
2024-09-28 12:00:00+00:00,0.00017460218888888887,0.00019092316111111112,0.0006018843555555556,0.00011934112222222222,0.009978050133333333,0.0002926195055555555,0.00018929161111111108,0.3790362537222222,180,180,180,180,180,180,180,180
2024-09-28 15:00:00+00:00,0.00017541749444444443,0.00019136255555555554,0.0006083119333333333,0.00011999387222222221,0.010035869888888889,0.0002949249277777778,0.00019204425,0.3793841912222222,180,180,180,180,180,180,180,180
2024-09-28 18:00:00+00:00,0.00017583669411764706,0.00019207197647058824,0.0006101331529411765,0.00012093571176470587,0.010045820470588235,0.00029489110588235294,0.00019246863529411766,0.3792061551764706,170,170,170,170,170,170,170,170
2024-09-28 21:00:00+00:00,0.00017539014049586777,0.0001911192561983471,0.0006102791487603306,0.00012163237190082644,0.010053189776859503,0.00029519466942148757,0.00019294314876033058,0.3794840821487603,121,121,121,121,121,121,121,121
2024-09-29 00:00:00+00:00,0.00017468625203252033,0.00019199074796747968,0.0006073915121951219,0.00012000226829268292,0.010050074739837399,0.0002937310569105691,0.00019100370731707316,0.3792124925203252,123,123,123,123,123,123,123,123
2024-09-29 03:00:00+00:00,0.00017559364444444446,0.0001938104111111111,0.0006137552833333334,0.00012161723333333332,0.010083591405555556,0.0002956072277777778,0.00019341534444444443,0.3797147186111111,180,180,180,180,180,180,180,180
2024-09-29 06:00:00+00:00,0.00017647294814814816,0.0001957212,0.0006164913777777777,0.0001216482074074074,0.009963596903703704,0.0002954907703703704,0.00019336694074074075,0.3801743331111111,135,135,135,135,135,135,135,135
2024-09-29 09:00:00+00:00,0.00017682667142857145,0.00019493011428571428,0.0006125134142857143,0.00011881412857142857,0.009935692842857143,0.0002939591857142857,0.00019207072857142858,0.3803662605,140,140,140,140,140,140,140,140
2024-09-29 12:00:00+00:00,0.00017771646666666667,0.00019419392777777778,0.0006298268388888889,0.0001227684388888889,0.010141249405555556,0.000299675,0.00019676845000000002,0.3811787003888889,180,180,180,180,180,180,180,180
2024-09-29 15:00:00+00:00,0.0001793978081395349,0.0001997233430232558,0.0006236424825581395,0.00012204586046511627,0.01011584223255814,0.0002960424069767442,0.00019272496511627907,0.3814800093023256,172,172,172,172,172,172,172,172
2024-09-29 18:00:00+00:00,0.00018179899999999999,0.00020313522448979593,0.0006196853265306123,0.00012072910204081632,0.010101240734693878,0.0002955388163265306,0.00019065755102040818,0.3811444489820359,49,49,49,49,49,49,49,167
2024-09-29 21:00:00+00:00,0.00018006894736842104,0.00019873341520467835,0.0006217841929824561,0.00012020240350877193,0.010141309081871346,0.000297766350877193,0.00019010171345029242,0.38180260555555556,171,171,171,171,171,171,171,171
2024-09-30 00:00:00+00:00,0.00018044514851485146,0.00019916370297029705,0.0006277484257425742,0.00012019934653465346,0.010202356128712871,0.00030056833663366335,0.00019214338613861385,0.38272347772277227,101,101,101,101,101,101,101,101
2024-09-30 03:00:00+00:00,0.00017817423456790123,0.00019639007407407406,0.0006240831234567901,0.00012068940740740741,0.010179223104938271,0.00029865594444444446,0.00019066998765432098,0.38238946061728396,162,162,162,162,162,162,162,162
2024-09-30 06:00:00+00:00,0.00017806342647058823,0.00019680102205882355,0.000623628919117647,0.00012074463970588236,0.010046619911764707,0.00029838667647058824,0.0001894337426470588,0.38251371463235295,136,136,136,136,136,136,136,136
2024-09-30 09:00:00+00:00,0.0001775691357142857,0.0001955481357142857,0.0006250927785714285,0.00012058982857142857,0.010074468635714286,0.0002993635428571429,0.0001896089,0.38334142307142854,140,140,140,140,140,140,140,140
2024-09-30 12:00:00+00:00,0.00017663769662921349,0.00019692603932584268,0.0006371957303370786,0.00012201095505617978,0.010294138157303371,0.0003044841011235955,0.00019279624719101122,0.38526166005617973,178,178,178,178,178,178,178,178
2024-09-30 15:00:00+00:00,0.0001779608780487805,0.0002002272195121951,0.000642625762195122,0.00012440434146341462,0.010370004554878048,0.000310267762195122,0.00019652276829268295,0.38647617988372096,164,164,164,164,164,164,164,172
2024-09-30 18:00:00+00:00,0.00017830395454545455,0.0002003004375,0.0006431892670454545,0.00012323392045454545,0.010390110079545455,0.0003104156647727273,0.000196566875,0.38677023971590907,176,176,176,176,176,176,176,176
2024-09-30 21:00:00+00:00,0.00018035998333333332,0.00020159335,0.0006538981888888889,0.00012622349444444444,0.010463647566666666,0.00031661155,0.00019911200000000001,0.3876295915,180,180,180,180,180,180,180,180
2024-10-01 00:00:00+00:00,0.00018264256572222222,0.00020559932044444447,0.0006664080430555555,0.00012670609861111111,0.010573520719444444,0.00031887309672222225,0.00019890485811111113,0.38872046061111115,180,180,180,180,180,180,180,180
2024-10-01 03:00:00+00:00,0.00018419524394444443,0.00020933515522222223,0.0006561676834444444,0.00012370230367222222,0.01048450228611111,0.000311065103,0.00019650631988888892,0.3879404948333333,180,180,180,180,180,180,180,180
2024-10-01 06:00:00+00:00,0.00018496109066176472,0.00020814659220588235,0.0006547413762499999,0.00012256406919852942,0.010348502547794116,0.0003095897073529412,0.00019600791073529411,0.3881270944852941,136,136,136,136,136,136,136,136
2024-10-01 09:00:00+00:00,0.00018362607584158417,0.0002042181093069307,0.0006554919307920792,0.0001245562501980198,0.010408123613861385,0.0003120025425742574,0.0001965783304950495,0.3889618007920792,101,101,101,101,101,101,101,101
2024-10-01 12:00:00+00:00,0.00018336830633333334,0.00020456323205555557,0.0006616852961666667,0.00012781586855555556,0.010529233280555557,0.00031540140322222225,0.00019610162238888887,0.3902708833333334,180,180,180,180,180,180,180,180
2024-10-01 15:00:00+00:00,0.0001841856703888889,0.00020543497694444445,0.0006658702005555555,0.0001292184015,0.010577161513888888,0.00031755210905555557,0.00019737773027777777,0.3908739438888889,180,180,180,180,180,180,180,180
2024-10-01 18:00:00+00:00,0.00018507248999999999,0.00020633897595505617,0.0006762933002247191,0.00013100407483146068,0.010654050528089888,0.0003239752157303371,0.00020127326157303368,0.391857300754717,89,89,89,89,89,89,89,159
2024-10-01 21:00:00+00:00,0.00018947207047904192,0.00021165554610778442,0.0007110792644311377,0.00014222130059880238,0.010820856479041916,0.00034393219419161675,0.00021731406053892216,0.39478229556886224,167,167,167,167,167,167,167,167
2024-10-02 00:00:00+00:00,0.00018403878566666666,0.000211932614,0.0006881720920555556,0.000131157428,0.010812644997222221,0.00032724591544444447,0.00020101649377777777,0.39377707661111117,180,180,180,180,180,180,180,180
2024-10-02 03:00:00+00:00,0.00018550836705555555,0.00021517499016666667,0.0006767966188888888,0.00012971295138888887,0.010729258397222222,0.0003239967660555556,0.00020239171716666666,0.3935274538888889,180,180,180,180,180,180,180,180
2024-10-02 06:00:00+00:00,0.0001827480770588235,0.0002111425281617647,0.0006734571965441176,0.00012844427477941178,0.010584227647058823,0.0003211676980882353,0.00020248562926470588,0.3932431652941176,136,136,136,136,136,136,136,136
2024-10-02 09:00:00+00:00,0.000183219216372549,0.0002101600156862745,0.0006698738759803921,0.00012789220009803921,0.01061418381372549,0.0003184459194117647,0.00020119502176470588,0.39374973362745097,102,102,102,102,102,102,102,102
2024-10-02 12:00:00+00:00,0.00018422449294444444,0.00020882877611111113,0.0006815592628333333,0.0001293217116111111,0.010771415277777778,0.0003231185502777778,0.00020466388450000002,0.39488961883333334,180,180,180,180,180,180,180,180
2024-10-02 15:00:00+00:00,0.00018512651705555555,0.0002108273201666667,0.0006816003977777778,0.00012965185444444445,0.010804490605555555,0.00032181223816666666,0.00020377251555555556,0.3948766942222222,180,180,180,180,180,180,180,180
2024-10-02 18:00:00+00:00,0.00018685386242857144,0.000214122288,0.000684649994,0.00013139819385714287,0.010800408146428572,0.0003250182527142857,0.00020624616664285714,0.3951970221428571,140,140,140,140,140,140,140,140
2024-10-02 21:00:00+00:00,0.0001854061927222222,0.00021091263483333334,0.0006816371143333334,0.00013026688533333334,0.010808509094444444,0.0003259343588888889,0.00020623130694444444,0.39488394788888886,180,180,180,180,180,180,180,180
2024-10-03 00:00:00+00:00,0.00018544339,0.00021182541344444444,0.0006828156057222222,0.00013002075344444445,0.010835907983333334,0.0003259221437777778,0.0002074481566666667,0.39496530194444446,180,180,180,180,180,180,180,180
2024-10-03 03:00:00+00:00,0.00018647697355555554,0.00021178459272222223,0.0006914858052222223,0.00013155607383333334,0.01087670218888889,0.0003296896105555556,0.0002079445562222222,0.3954144846666667,180,180,180,180,180,180,180,180
2024-10-03 06:00:00+00:00,0.0001865304391240876,0.0002134407076642336,0.0006907804554744525,0.0001330894910218978,0.010775246605839417,0.0003290294861313869,0.00021062493072992702,0.39589152313868614,137,137,137,137,137,137,137,137
2024-10-03 09:00:00+00:00,0.00018911913500000002,0.00021545326990384618,0.0006999459806730769,0.00013147771884615384,0.0108510534375,0.00033071783250000005,0.0002072426139423077,0.39629614875,104,104,104,104,104,104,104,104
2024-10-03 12:00:00+00:00,0.00019369646685534592,0.00022115892402515722,0.0007402666736477987,0.00014967049119496854,0.010999415701257861,0.0003617056554716981,0.0002449080000628931,0.3976215520125786,159,159,159,159,159,159,159,159
2024-10-03 15:00:00+00:00,0.00018622152266666665,0.00021577356249999997,0.0006857797067222222,0.00013141712166666667,0.010801083327777778,0.0003288132285,0.00020678275922222223,0.39487203688888883,180,180,180,180,180,180,180,180
2024-10-03 18:00:00+00:00,0.00018964733415730337,0.00021925006870786515,0.0006983274438764045,0.00013634016337078653,0.01086517422752809,0.0003329865899438202,0.00021100044685393258,0.3954518096067416,178,178,178,178,178,178,178,178
2024-10-03 21:00:00+00:00,0.00018643796033333333,0.00021628668705555556,0.0006889502898888888,0.00013416816994444444,0.010881229683333334,0.0003292746598333333,0.00020969199905555556,0.3951012861666667,180,180,180,180,180,180,180,180
2024-10-04 00:00:00+00:00,0.00018685924927777778,0.00021693743944444446,0.0006884192127777778,0.000134461165,0.010868924475000001,0.00032794460483333336,0.00021140914833333332,0.39475798422222225,180,180,180,180,180,180,180,180
2024-10-04 03:00:00+00:00,0.0001874357186666667,0.00021562618255555556,0.0006886048332222222,0.00013473740744444443,0.010815008055555556,0.00033028202077777777,0.00021223691983333334,0.3949057422222222,180,180,180,180,180,180,180,180
2024-10-04 06:00:00+00:00,0.00018487101773722626,0.00021343107532846713,0.0006728210357664233,0.0001269354839051095,0.010597682569343066,0.00032221972591240874,0.00020503689686131386,0.3940368400729927,137,137,137,137,137,137,137,137
2024-10-04 09:00:00+00:00,0.00018822752084905658,0.00021260204518867924,0.0006766658338679246,0.0001270945212264151,0.01060833141509434,0.0003262064549056604,0.00020807075396226415,0.3938515817924528,106,106,106,106,106,106,106,106
2024-10-04 12:00:00+00:00,0.00018763881385057472,0.0002110437982183908,0.0006761579756321839,0.00012682028408045977,0.010670580962643677,0.0003244966452873563,0.00020573758034482756,0.39357165528735627,174,174,174,174,174,174,174,174
2024-10-04 15:00:00+00:00,0.0001860116424390244,0.0002085695270121951,0.000665754083109756,0.00012725643335365853,0.010606895945121951,0.00031881472634146343,0.00020573473280487806,0.39256944204819283,164,164,164,164,164,164,164,166
2024-10-04 18:00:00+00:00,0.00018636065593406596,0.00020791250384615386,0.0006704477576923077,0.00013024207804347826,0.010652568755434782,0.0003210511652173913,0.00020574470902173913,0.39254213151515155,91,91,91,92,92,92,92,165
2024-10-04 21:00:00+00:00,0.00018585343396648044,0.00020590306251396648,0.00067097883575419,0.00013161310027932961,0.010626217835195531,0.00032092478860335194,0.00020518799960893855,0.3915141305027933,179,179,179,179,179,179,179,179
2024-10-05 00:00:00+00:00,0.00018396745322222223,0.00020411185850000002,0.0006639962505555556,0.00013191422211111112,0.01058427636388889,0.00031956382227777774,0.0002058748836111111,0.3908622282777777,180,180,180,180,180,180,180,180
2024-10-05 03:00:00+00:00,0.00018239337222222224,0.00020326907533333333,0.0006636950925555555,0.00013079384411111112,0.01055765963888889,0.0003202881871111111,0.00020389316305555557,0.39087049877777774,180,180,180,180,180,180,180,180
2024-10-05 06:00:00+00:00,0.00018109490507246375,0.00020307004268115943,0.0006566479350724637,0.000129745364057971,0.010405149858695652,0.00031783819891304345,0.00020455455297101448,0.39054260572463767,138,138,138,138,138,138,138,138
2024-10-05 09:00:00+00:00,0.0001815353028037383,0.00020424369934579439,0.0006460862385981309,0.0001245757103271028,0.01032954535046729,0.0003103317661682243,0.0002000554491588785,0.3885472262616822,107,107,107,107,107,107,107,107
2024-10-05 12:00:00+00:00,0.00018177228876404492,0.0002044325083707865,0.0006500093490449438,0.00012762527623595506,0.010395058828651684,0.0003103621769662921,0.00020104066303370787,0.38799216151685395,178,178,178,178,178,178,178,178
2024-10-05 15:00:00+00:00,0.0001810848090116279,0.00020216043546511628,0.0006433259670930232,0.00012737827976744186,0.010337043895348837,0.0003097150226744186,0.00019995999726744187,0.38709561732558134,172,172,172,172,172,172,172,172
2024-10-05 18:00:00+00:00,0.0001799325184375,0.0002018908615625,0.00063621208625,0.0001255674121875,0.010283650984375,0.0003067563796875,0.000199157275,0.3860772484117647,32,32,32,32,32,32,32,170
2024-10-05 21:00:00+00:00,0.00017735346083333332,0.0001987129195238095,0.0006373452639285715,0.00012391487423809523,0.010284706624999999,0.00030511416071428573,0.00019576564892857142,0.3847303210240964,84,84,84,84,84,84,84,166
2024-10-06 00:00:00+00:00,,,,,,,,0.38457492838888885,0,0,0,0,0,0,0,180
2024-10-06 03:00:00+00:00,,,,,,,,0.38338806305555556,0,0,0,0,0,0,0,180
2024-10-06 06:00:00+00:00,,,,,,,,0.3835228884892087,0,0,0,0,0,0,0,139
2024-10-06 09:00:00+00:00,,,,,,,,0.3821389362585034,0,0,0,0,0,0,0,147
2024-10-06 12:00:00+00:00,,,,,,,,0.3811256414606741,0,0,0,0,0,0,0,178
2024-10-06 15:00:00+00:00,,,,,,,,0.38077426606936415,0,0,0,0,0,0,0,173
2024-10-06 18:00:00+00:00,,,,,,,,0.3798184546385542,0,0,0,0,0,0,0,166
2024-10-06 21:00:00+00:00,,,,,,,,0.3793878281875,0,0,0,0,0,0,0,160
2024-10-07 00:00:00+00:00,0.00017351968125,0.0001867386490340909,0.0006061227968181818,0.0001192688704375,0.009990671647727272,0.00029208858863636364,0.0001911416122159091,0.37787200795454545,176,176,176,176,176,176,176,176
2024-10-07 03:00:00+00:00,0.00017232868238888888,0.00018435286866666666,0.0006088828497222222,0.00011904264740555556,0.009964130133333332,0.00029254939994444445,0.0001933717022222222,0.37715449777777776,180,180,180,180,180,180,180,180
2024-10-07 06:00:00+00:00,0.00016953168128571429,0.00018301451642857144,0.0006002351527142857,0.00011757780802142856,0.009786006085714286,0.00028971635192857144,0.00019003355778571428,0.3764562135,140,140,140,140,140,140,140,140
2024-10-07 09:00:00+00:00,0.00016981684825503356,0.0001838360133557047,0.0005982079097986578,0.00011615650874496645,0.009758752697986577,0.0002883167746308725,0.00018666208073825504,0.37610673255033555,149,149,149,149,149,149,149,149
2024-10-07 12:00:00+00:00,0.00016784388033333334,0.0001822212268888889,0.0005957674589444445,0.00011542611424444446,0.009837028452777778,0.0002868510897777778,0.00018630807027777776,0.37549327450000003,180,180,180,180,180,180,180,180
2024-10-07 15:00:00+00:00,0.00016809217233333334,0.00018390808461111113,0.0005961041437222222,0.00011701616503888889,0.009841631766666666,0.00028716221672222224,0.00018606538188888888,0.3749284420555556,180,180,180,180,180,180,180,180
2024-10-07 18:00:00+00:00,0.00017329980960227272,0.00018606205227272727,0.0006204317425,0.0001278294329715909,0.009983638454545455,0.0003059701456818182,0.00020604234579545456,0.3762795328409091,176,176,176,176,176,176,176,176
2024-10-07 21:00:00+00:00,0.00017272728055555555,0.00018795753655555556,0.0006145000219999999,0.00012107933578333333,0.00994955973888889,0.00029374848294444445,0.00019138544366666666,0.3742258811111111,180,180,180,180,180,180,180,180
2024-10-08 00:00:00+00:00,0.00016897927655555557,0.0001840048295,0.0006050526383333334,0.00011754788024444445,0.009898475155555555,0.0002892513276111111,0.0001870120891111111,0.3731931941666667,180,180,180,180,180,180,180,180
2024-10-08 03:00:00+00:00,0.0001665637335,0.00018012192694444445,0.0006001270195555555,0.00011727838673333334,0.009865528075,0.00028943232344444446,0.0001874647788333333,0.3727183187222222,180,180,180,180,180,180,180,180
2024-10-08 06:00:00+00:00,0.00016677678631205674,0.00018046863617021276,0.0006070605737588653,0.00011889936570212767,0.009810943017730497,0.0002948150515602837,0.00018961780404255318,0.37412847156028367,141,141,141,141,141,141,141,141
2024-10-08 09:00:00+00:00,0.0001654469502,0.0001810813814,0.0005938113965333333,0.00011580559182666666,0.009676513956666667,0.00028713817040000003,0.00018645766846666666,0.37210996186666667,150,150,150,150,150,150,150,150
2024-10-08 12:00:00+00:00,0.00016384076694444445,0.00017794809933333335,0.000586031316,0.0001145987785,0.009693825883333333,0.0002829972794444444,0.00018365008916666666,0.37101365627777777,180,180,180,180,180,180,180,180
2024-10-08 15:00:00+00:00,0.00016319378627777778,0.00017496345872222222,0.0005827931271666667,0.00011449005998333333,0.009661044772222223,0.00028272901494444445,0.00018553398983333334,0.37014988311111113,180,180,180,180,180,180,180,180
2024-10-08 18:00:00+00:00,0.0001638271181460674,0.0001731583651685393,0.0005871438785393259,0.00011756905016292134,0.00969780095224719,0.00028657233876404494,0.00018702241702247193,0.3704192170786517,178,178,178,178,178,178,178,178
2024-10-08 21:00:00+00:00,0.00016308271155555555,0.00017200140522222223,0.0005794908753333333,0.00011709312356111112,0.009629124130555555,0.0002837693928333333,0.0001855475973888889,0.3687462145,180,180,180,180,180,180,180,180
2024-10-09 00:00:00+00:00,0.0001700509996111111,0.00017946353855555555,0.0006433036737222222,0.00013425277005,0.00994419956388889,0.0003362345353888889,0.00021522587516666666,0.3717797787222222,180,180,180,180,180,180,180,180
2024-10-09 03:00:00+00:00,0.00016664047022222223,0.000181909654,0.0006197753127222222,0.00012086225416666666,0.009843140986111111,0.0003024722263888889,0.00018853872466666666,0.36940544433333333,180,180,180,180,180,180,180,180
2024-10-09 06:00:00+00:00,0.0001633864883802817,0.0001773025356338028,0.0005945296303521126,0.00011622395638028169,0.009573554133802818,0.00028848879077464785,0.0001866591736619718,0.367793065,142,142,142,142,142,142,142,142
2024-10-09 09:00:00+00:00,0.00016330662166666668,0.0001766296839333333,0.0005786859857333334,0.00011595425583333333,0.009448776633333333,0.000284232686,0.00018689652246666667,0.3670402583333333,150,150,150,150,150,150,150,150
2024-10-09 12:00:00+00:00,0.00016173169377777777,0.0001729991628333333,0.000579471674,0.00011642904494444445,0.009553702936111111,0.0002840137652777778,0.00018662703716666666,0.36699355283333335,180,180,180,180,180,180,180,180
2024-10-09 15:00:00+00:00,0.00016074080755555556,0.00017106484883333333,0.0005804745917222223,0.0001188003867388889,0.00955315236111111,0.0002867534252777778,0.00019041569477777778,0.36676988088888884,180,180,180,180,180,180,180,180
2024-10-09 18:00:00+00:00,0.00015911834707142857,0.00016893473807142858,0.0005747749807142857,0.00011746147029285714,0.009520860028571429,0.00028352812585714286,0.00018681429214285715,0.36578438557142856,140,140,140,140,140,140,140,140
2024-10-09 21:00:00+00:00,0.00016012484727777776,0.00016935895777777778,0.0005846062887777778,0.0001206067655611111,0.009557481791666666,0.0002851201428333333,0.00018936613077777777,0.3652904925,180,180,180,180,180,180,180,180
2024-10-10 00:00:00+00:00,0.00015930205488636363,0.00016930352352272727,0.0005767522791477272,0.00011702286910227274,0.009499604698863635,0.000280357885,0.00018405216267045453,0.36429039096590904,176,176,176,176,176,176,176,176
2024-10-10 03:00:00+00:00,0.000159705344,0.00016974578188571428,0.0005752151442857143,0.00011662406353142856,0.009484938705714286,0.0002794068173142857,0.0001823746150857143,0.36411858805714287,175,175,175,175,175,175,175,175
2024-10-10 06:00:00+00:00,0.00015895962797202797,0.00016910734867132867,0.0005699621165734266,0.00011813187997902098,0.009320919933566435,0.0002786420314685315,0.0001835449720979021,0.3639956325174825,143,143,143,143,143,143,143,143
2024-10-10 09:00:00+00:00,0.0001598839981818182,0.0001694027774025974,0.0005689876951298701,0.00011368245979220778,0.009297617409090908,0.00027705596564935064,0.000178699282012987,0.36397958279220777,154,154,154,154,154,154,154,154
2024-10-10 12:00:00+00:00,0.0001607035821111111,0.00016833335433333335,0.0005718667515,0.00011351064812222223,0.009407926652777777,0.00027601843983333333,0.00017839151188888888,0.3639716458888889,180,180,180,180,180,180,180,180
2024-10-10 15:00:00+00:00,0.00016003537016666666,0.00016739807683333334,0.000569564056111111,0.00011283698111111111,0.009407618775,0.0002763920697777778,0.00017797394355555555,0.3639370522222222,180,180,180,180,180,180,180,180
2024-10-10 18:00:00+00:00,0.00015813370252808987,0.00016456093235955055,0.0005655675219101124,0.00011302638267977528,0.00938570436235955,0.0002759176136516854,0.0001764262960674157,0.3632256938764045,178,178,178,178,178,178,178,178
2024-10-10 21:00:00+00:00,0.00015779691611111113,0.0001633364291111111,0.0005667627564444445,0.00011315300336111112,0.009405142711111111,0.0002767330488888889,0.00017800894994444443,0.36327472194444443,180,180,180,180,180,180,180,180
2024-10-11 00:00:00+00:00,0.00015838707911111112,0.00016369540388888888,0.0005687283101111111,0.0001133246055,0.009434302025,0.00027691926249999996,0.0001785079272777778,0.36349641655555553,180,180,180,180,180,180,180,180
2024-10-11 03:00:00+00:00,0.000156794725,0.00016209545516666666,0.0005652854773333333,0.0001136091639,0.009396865997222222,0.0002759083137222222,0.00017738543405555553,0.363436059,180,180,180,180,180,180,180,180
2024-10-11 06:00:00+00:00,0.00015595754537931034,0.00016045709848275862,0.000562726550137931,0.00011220842095172414,0.00926499996551724,0.0002755167102068965,0.0001763032636551724,0.36356287324137926,145,145,145,145,145,145,145,145
2024-10-11 09:00:00+00:00,0.00015642379165605095,0.00016042254152866242,0.000563640635732484,0.00011268705036942674,0.009262096181528663,0.00027591876471337584,0.0001762814668789809,0.363782877133758,157,157,157,157,157,157,157,157
2024-10-11 12:00:00+00:00,0.0001561276971111111,0.00016084366477777778,0.0005659774236666666,0.00011318710721111111,0.009382503688888889,0.00027699064183333335,0.00017745098727777776,0.36397617849999997,180,180,180,180,180,180,180,180
2024-10-11 15:00:00+00:00,0.00015781064999999999,0.00016450290038888887,0.0005785217975,0.0001171191051611111,0.009474182958333334,0.0002844769258333333,0.00018051757211111108,0.36477698477777776,180,180,180,180,180,180,180,180
2024-10-11 18:00:00+00:00,0.00015627683280898877,0.00016269579443820226,0.0005712692370786516,0.00011534283520224719,0.009457562668539326,0.00028023202691011237,0.00017814585140449437,0.3642909245505618,178,178,178,178,178,178,178,178
2024-10-11 21:00:00+00:00,0.00015669004216666666,0.00016162369483333335,0.0005672770682222222,0.00011506349315,0.009421831905555556,0.00027919858322222223,0.00017956962899999998,0.36340039300000004,180,180,180,180,180,180,180,180
2024-10-12 00:00:00+00:00,0.00015603660331460674,0.00016073418191011238,0.0005663802349438203,0.00011408713684831462,0.009407730721910113,0.0002779306085393258,0.00018034749505617978,0.3627705718539326,178,178,178,178,178,178,178,178
2024-10-12 03:00:00+00:00,0.0001562120512777778,0.0001620793851111111,0.0005659775911111112,0.0001141150796,0.00940122321388889,0.00027749013805555557,0.00017985387883333334,0.3628479987777778,180,180,180,180,180,180,180,180
2024-10-12 06:00:00+00:00,0.0001559867306122449,0.00016229160585034012,0.0005672317337414966,0.00011428325519047618,0.009299320506802721,0.00027773765027210885,0.00018041705918367347,0.3632346299319728,147,147,147,147,147,147,147,147
2024-10-12 09:00:00+00:00,0.00015618800842767295,0.0001640088220125786,0.0005671126477987422,0.00011596957649056603,0.009312735764150943,0.0002791839174842767,0.00018053983679245284,0.3638374362264151,159,159,159,159,159,159,159,159
2024-10-12 12:00:00+00:00,0.00015612189894444444,0.00016448784738888888,0.0005662004224444444,0.00011526233873888889,0.009410492188888888,0.00027906569355555554,0.00017879182305555557,0.36380185388888886,180,180,180,180,180,180,180,180
2024-10-12 15:00:00+00:00,0.000157620577,0.00016607299516666668,0.0005698054838888889,0.00011383887372222221,0.009414754494444445,0.00027893201,0.00018101821161111111,0.3633536522777777,180,180,180,180,180,180,180,180
2024-10-12 18:00:00+00:00,0.0001580944215730337,0.0001669225159550562,0.0005711966180337079,0.00011446023050561797,0.009421557463483145,0.00027949090938202245,0.00018120944528089887,0.3627025630898877,178,178,178,178,178,178,178,178
2024-10-12 21:00:00+00:00,0.00015805011987654323,0.00016509924765432097,0.0005719255982098765,0.00011519433688888889,0.009434315262345679,0.0002782063132716049,0.0001825539248765432,0.3622733448780488,162,162,162,162,162,162,162,164
2024-10-13 00:00:00+00:00,0.00015739053405555554,0.00016574535927777777,0.0005678534833888889,0.00011521719958333333,0.009424366727777777,0.00027837693344444445,0.0001813933626111111,0.36218372755555556,180,180,180,180,180,180,180,180
2024-10-13 03:00:00+00:00,0.000157512465,0.0001651031717222222,0.0005667740017222222,0.00011554808146666666,0.009394665622222223,0.00027820739072222225,0.0001798402233888889,0.3617757736666667,180,180,180,180,180,180,180,180
2024-10-13 06:00:00+00:00,0.00015767810413333332,0.00016557839953333333,0.0005698035605999999,0.00011602989198666668,0.009281727516666666,0.0002797685504,0.00018218238146666668,0.3618119928666667,150,150,150,150,150,150,150,150
2024-10-13 09:00:00+00:00,0.00015598036018518518,0.00016330956191358025,0.0005641892022839506,0.00011487660052469135,0.00925233098148148,0.000277480907654321,0.00018039542,0.3620296912345679,162,162,162,162,162,162,162,162
2024-10-13 12:00:00+00:00,0.00015505344661111112,0.00016206103444444444,0.0005610049013333333,0.00011369237692777778,0.009343998302777778,0.00027595379972222226,0.0001820131801111111,0.36161737694444446,180,180,180,180,180,180,180,180
2024-10-13 15:00:00+00:00,0.00015540824627777777,0.00016145727977777776,0.0005627817873888889,0.00011508214889444446,0.009366366930555555,0.00027787704955555556,0.00018447800011111112,0.3615728139444444,180,180,180,180,180,180,180,180
2024-10-13 18:00:00+00:00,0.0001549718030681818,0.00016079537346590909,0.0005615222992045454,0.00011609519753977273,0.009368841454545454,0.0002771216305113636,0.0001838755730681818,0.3611108177272727,176,176,176,176,176,176,176,176
2024-10-13 21:00:00+00:00,0.00015379153146067415,0.0001610778034269663,0.0005595395948314606,0.00011535168838764044,0.009360018901685392,0.0002757796829775281,0.00018405103601123598,0.3604964838202247,178,178,178,178,178,178,178,178
2024-10-14 00:00:00+00:00,0.0001531056455,0.00015928279072222222,0.0005580170390555555,0.00011568229458333333,0.009341403366666666,0.0002764356728333333,0.00018281031216666667,0.3597375205,180,180,180,180,180,180,180,180
2024-10-14 03:00:00+00:00,0.00015182398472222223,0.00015830042005555555,0.0005547298726666667,0.00011525038094999999,0.009299493344444444,0.0002742003632777778,0.0001813768396111111,0.35902259211111115,180,180,180,180,180,180,180,180
2024-10-14 06:00:00+00:00,0.00015031704777777776,0.00015681854137254903,0.0005508283643137254,0.0001140649116862745,0.009137457294117649,0.000273565028496732,0.00018372510705882354,0.35877913980392157,153,153,153,153,153,153,153,153
2024-10-14 09:00:00+00:00,0.00015046977030120482,0.00015750514566265062,0.0005485533984939759,0.00011234906762650603,0.009127959753012048,0.00027327795289156626,0.00018326661891566263,0.3585240352409638,166,166,166,166,166,166,166,166
2024-10-14 12:00:00+00:00,0.0001502855167777778,0.00015875917138888888,0.0005495935183888889,0.00011373237171666666,0.009258751758333333,0.00027485432416666665,0.00018383605299999997,0.35861272066666666,180,180,180,180,180,180,180,180
2024-10-14 15:00:00+00:00,0.00014999280123595505,0.0001586540991011236,0.0005462001190449438,0.00011298657103932584,0.00923587436516854,0.00027309885505617977,0.00018086321713483146,0.3577076638764045,178,178,178,178,178,178,178,178
2024-10-14 18:00:00+00:00,0.0001495496502247191,0.00015884748247191013,0.0005475427500561799,0.00011420743585955057,0.009236423735955056,0.00027398755955056176,0.00018102927073033705,0.3571146869662921,178,178,178,178,178,178,178,178
2024-10-14 21:00:00+00:00,0.0001496861459090909,0.00015793895812499998,0.0005467608315340909,0.00011419425998295454,0.009231775181818181,0.0002731015510795455,0.00018014161284090908,0.3566340346022727,176,176,176,176,176,176,176,176
2024-10-15 00:00:00+00:00,0.0001492904362777778,0.00015831838005555556,0.0005523629383333334,0.00011668154676666667,0.009291266108333333,0.0002762894251111111,0.0001829768655,0.35679226249999996,180,180,180,180,180,180,180,180
2024-10-15 03:00:00+00:00,0.00014916462855555556,0.00015867394427777779,0.0005530166258888888,0.00011449123170555555,0.009259949019444444,0.0002756560314444444,0.00018289818794444443,0.35642184033333335,180,180,180,180,180,180,180,180
2024-10-15 06:00:00+00:00,0.00014838794670886076,0.00015879020037974686,0.0005505050423417722,0.00011472461369620253,0.009080284003164558,0.00027343800139240505,0.00017995946645569621,0.35563926974683546,158,158,158,158,158,158,158,158
2024-10-15 09:00:00+00:00,0.00014746327643274854,0.0001571037949122807,0.0005520097086549708,0.00011807469299999999,0.009092352339181287,0.0002769564489473684,0.00018336592900584795,0.35600506666666665,171,171,171,171,171,171,171,171
2024-10-15 12:00:00+00:00,0.00014639681727777776,0.00015681466455555557,0.0005519120794444445,0.00011648197032222221,0.00923866808888889,0.0002761899938333333,0.00018156724783333333,0.3560080063888889,180,180,180,180,180,180,180,180
2024-10-15 15:00:00+00:00,0.0001457299523888889,0.00015605264205555556,0.0005489195547222222,0.00011604315198333334,0.009232335213888889,0.0002740775132222222,0.00017778033950000002,0.35533228944444445,180,180,180,180,180,180,180,180
2024-10-15 18:00:00+00:00,0.00014477077488095238,0.00015535140595238097,0.0005536228771428572,0.00011766550429166666,0.009286545779761905,0.00027583204761904765,0.00018013813101190476,0.3554768695238095,168,168,168,168,168,168,168,168
2024-10-15 21:00:00+00:00,0.00014547951333333334,0.00015664428225490196,0.0005556569606862745,0.00011801615624509804,0.009306669985294119,0.0002793626405882353,0.00017975042666666666,0.35575512007692306,102,102,102,102,102,102,102,130
2024-10-16 00:00:00+00:00,0.00014663175370786518,0.00015893788623595504,0.0005629101035393259,0.0001181761014775281,0.009354917553370787,0.00028077158983146066,0.0001798694313483146,0.35602676853932586,178,178,178,178,178,178,178,178
2024-10-16 03:00:00+00:00,0.00014855323466666666,0.00016066461927777777,0.0005712921384444444,0.00012198212771111111,0.009344319097222222,0.00028775343933333335,0.00018608416416666666,0.356445667,180,180,180,180,180,180,180,180
2024-10-16 06:00:00+00:00,0.00014537183591764705,0.00015720366561764704,0.0005460857512941177,0.00011419233552352942,0.009090189252941177,0.0002742273494705882,0.00017709124211764707,0.3553775476470588,170,170,170,170,170,170,170,170
2024-10-16 09:00:00+00:00,0.0001463575511235955,0.00015579947443820224,0.0005496986458426966,0.00011466970926404495,0.009107925721910113,0.0002737964279775281,0.00017611481539325842,0.35600613073033704,178,178,178,178,178,178,178,178
2024-10-16 12:00:00+00:00,0.00014735375988888887,0.0001559633056111111,0.0005566242425,0.0001167979910888889,0.009277490775000001,0.00027738068694444445,0.00017845298199999998,0.3565296225555556,180,180,180,180,180,180,180,180
2024-10-16 15:00:00+00:00,0.00014735292872222224,0.0001578185096111111,0.0005585863846666667,0.00011606322370555555,0.009318987166666666,0.00027593425744444443,0.00018085742211111113,0.35648851705555556,180,180,180,180,180,180,180,180
2024-10-16 18:00:00+00:00,0.00014757578914285715,0.00015660122692857142,0.0005566738505,0.00011458361962857144,0.009318848325,0.00027428307292857144,0.00017883538264285714,0.35629884714285714,140,140,140,140,140,140,140,140
2024-10-16 21:00:00+00:00,0.00014752983416666668,0.00015546144094444444,0.0005541887918333333,0.00011439005575,0.009305671052777778,0.00027394843455555553,0.00017755684833333334,0.3558896915555556,180,180,180,180,180,180,180,180
2024-10-17 00:00:00+00:00,0.00014747695394444444,0.0001555530863888889,0.0005575492656111111,0.00011520306172777777,0.009330908425,0.00027697851855555553,0.00017867248044444443,0.35600320427777776,180,180,180,180,180,180,180,180
2024-10-17 03:00:00+00:00,0.00014826628966666666,0.0001564317172777778,0.0005621527910555556,0.0001157973222,0.009346254255555556,0.00027800205894444444,0.00017980375361111112,0.3561500065,180,180,180,180,180,180,180,180
2024-10-17 06:00:00+00:00,0.000147704593,0.00015567709622222223,0.0005601600974444444,0.00011544326132777778,0.009171562752777779,0.0002773046126111111,0.00017785070705555553,0.356903534,180,180,180,180,180,180,180,180
2024-10-17 09:00:00+00:00,0.0001486935867977528,0.0001570212652247191,0.0005592072900561797,0.00011684067817415729,0.009179593011235955,0.0002758187001123596,0.0001776955958988764,0.35708590415730335,178,178,178,178,178,178,178,178
2024-10-17 12:00:00+00:00,0.00014802695111111112,0.00015541056544444445,0.0005617618686666666,0.00011792268331666666,0.00932211966111111,0.00027594317594444446,0.00018067634644444445,0.35703516055555556,180,180,180,180,180,180,180,180
2024-10-17 15:00:00+00:00,0.00014839237305555556,0.00015789901033333334,0.0005584805104444444,0.00011632056398888889,0.009311845763888889,0.00027303681355555554,0.00017983161500000002,0.3566471241111111,180,180,180,180,180,180,180,180
2024-10-17 18:00:00+00:00,0.00014912776101123595,0.00015571957657303372,0.0005561263189325842,0.0001152121081235955,0.009284891617977529,0.0002717719085955056,0.0001761328373033708,0.35582860539325845,178,178,178,178,178,178,178,178
2024-10-17 21:00:00+00:00,0.00014831303405555556,0.00015592624322222223,0.0005546973841666666,0.0001158353893888889,0.009265882855555555,0.00027048969127777776,0.0001780835255,0.3549413503333333,180,180,180,180,180,180,180,180
2024-10-18 00:00:00+00:00,0.00014850303577777776,0.0001556922348888889,0.0005514681030555556,0.00011459706850555554,0.00924772186388889,0.0002691217395,0.00017744337266666668,0.3544953307777778,180,180,180,180,180,180,180,180
2024-10-18 03:00:00+00:00,0.00014874087883333333,0.00015505540444444443,0.0005499591346111111,0.00011498641321666668,0.009221252680555556,0.0002675155847222222,0.00017464959683333333,0.35419624466666666,180,180,180,180,180,180,180,180
2024-10-18 06:00:00+00:00,0.00014850100566666667,0.00015428810355555555,0.0005465575131111111,0.00011358001265555555,0.009012424705555555,0.00026601517761111113,0.00017278354788888888,0.3536221408888889,180,180,180,180,180,180,180,180
2024-10-18 09:00:00+00:00,0.0001482490406111111,0.00015397038683333334,0.0005470874669444444,0.00011518142208888889,0.009034952330555556,0.0002676895412222222,0.00017516094688888888,0.353809243,180,180,180,180,180,180,180,180
2024-10-18 12:00:00+00:00,0.00014816570433333332,0.00015368548077777778,0.0005487522155555555,0.00011343462468333333,0.009181009408333333,0.0002669595085,0.00017702421916666666,0.353777488,180,180,180,180,180,180,180,180
2024-10-18 15:00:00+00:00,0.0001493542695,0.00015311968794444445,0.0005493796529444444,0.00011243439606111111,0.009209773219444444,0.0002672309239444445,0.00017733219455555557,0.3538366273333333,180,180,180,180,180,180,180,180
2024-10-18 18:00:00+00:00,0.00014971253730337077,0.00015335970073033708,0.0005516747998876404,0.00011473710900561799,0.009220126488764045,0.0002678813465730337,0.00017742343685393257,0.3537112831460674,178,178,178,178,178,178,178,178
2024-10-18 21:00:00+00:00,0.0001502125712777778,0.00015528958216666668,0.0005490241532222222,0.00011420849556666667,0.009187260255555555,0.0002677833094444444,0.0001782250053888889,0.3531477823333333,180,180,180,180,180,180,180,180
2024-10-19 00:00:00+00:00,0.00015021034205555555,0.0001563273363888889,0.0005468082362777778,0.0001144787487888889,0.009166505852777777,0.00026696554738888886,0.00017666872055555554,0.3528185006111111,180,180,180,180,180,180,180,180
2024-10-19 03:00:00+00:00,0.00015032268744444443,0.00015676652766666668,0.0005483618662777777,0.00011641560354444443,0.009170055216666667,0.00026690968761111113,0.00017908067461111114,0.3526150353888889,180,180,180,180,180,180,180,180
2024-10-19 06:00:00+00:00,0.00015054075849999998,0.0001572280388888889,0.0005447554116111111,0.00011344080135,0.008988519766666666,0.0002666938424444444,0.00018031422972222225,0.3524804366666667,180,180,180,180,180,180,180,180
2024-10-19 09:00:00+00:00,0.00015078580544444444,0.00015845800255555556,0.0005418004351111111,0.00011354746871666666,0.008975944822222222,0.00026535463005555556,0.00018159554327777777,0.3522787432777778,180,180,180,180,180,180,180,180
2024-10-19 12:00:00+00:00,0.00015206481,0.00015872078255555557,0.0005417099723888888,0.0001150090215111111,0.0091094284,0.00026626830866666667,0.00018080098016666667,0.3524872371666667,180,180,180,180,180,180,180,180
2024-10-19 15:00:00+00:00,0.00015133363083333335,0.0001576629348888889,0.0005415577020555556,0.00011504496966666667,0.009141028011111111,0.0002664912078888889,0.00018001133355555557,0.35277913327777777,180,180,180,180,180,180,180,180
2024-10-19 18:00:00+00:00,0.00015108453415730336,0.00015621680230337078,0.0005437885419101124,0.0001149472802977528,0.009189419651685394,0.00026844738898876405,0.00018104803949438203,0.3533488006741573,178,178,178,178,178,178,178,178
2024-10-19 21:00:00+00:00,0.00015046741194444445,0.00015693149138888888,0.0005409376051111111,0.00011557155210555556,0.009170948755555556,0.0002661060153888889,0.00018071665455555557,0.3527350307777778,180,180,180,180,180,180,180,180
2024-10-20 00:00:00+00:00,0.00014998651094444442,0.0001567988532777778,0.0005386478360555556,0.00011484102256111112,0.009167927175,0.0002655784501666667,0.0001802316972777778,0.35271273355555555,180,180,180,180,180,180,180,180
2024-10-20 03:00:00+00:00,0.0001498672676111111,0.0001563963036111111,0.0005373958173333334,0.00011518484121666666,0.00916207211111111,0.0002668872505,0.00017723647994444443,0.3531265207777778,180,180,180,180,180,180,180,180
2024-10-20 06:00:00+00:00,0.00015064662094444446,0.00015667368716666666,0.0005381363170555556,0.00011372630132777778,0.009022633741666668,0.0002678005391111111,0.00017667740955555557,0.3537735467777778,180,180,180,180,180,180,180,180
2024-10-20 09:00:00+00:00,0.00015066023088888887,0.00015763102966666667,0.0005387103875555555,0.00011481003052222222,0.009063819638888889,0.00026867763733333334,0.00017822986177777776,0.3547995724444445,180,180,180,180,180,180,180,180
2024-10-20 12:00:00+00:00,0.00015225600122222222,0.00015869507483333333,0.0005431568158888889,0.00011488499200555555,0.009221023013888888,0.00027056409644444444,0.00017857669433333335,0.35548643905555555,180,180,180,180,180,180,180,180
2024-10-20 15:00:00+00:00,0.00015352067411111112,0.00015940746038888888,0.0005480357917777778,0.0001146494021388889,0.009282110527777778,0.0002716911112777778,0.00017921579394444446,0.35595620205555556,180,180,180,180,180,180,180,180
2024-10-20 18:00:00+00:00,0.00015403521404494384,0.00015930383061797752,0.0005499979569101123,0.00011543187773033707,0.009326710258426968,0.0002734651782584269,0.00018015969084269663,0.35646963539325843,178,178,178,178,178,178,178,178
2024-10-20 21:00:00+00:00,0.00015412879379888268,0.00015940537407821228,0.0005497017802234637,0.00011431104100558658,0.00932797583519553,0.0002727388204469274,0.00017732908318435754,0.35621022329608937,179,179,179,179,179,179,179,179
2024-10-21 00:00:00+00:00,0.00015480811916666667,0.0001597278078888889,0.0005515078880555555,0.00011467044907777777,0.009359755386111111,0.0002723622781666667,0.00017643423350000001,0.3560047633333333,180,180,180,180,180,180,180,180
2024-10-21 03:00:00+00:00,0.00015568734827777777,0.00016077085633333334,0.0005514610423888889,0.00011487207739444444,0.009345910019444443,0.00027059155394444444,0.00017608712194444443,0.3560283014444445,180,180,180,180,180,180,180,180
2024-10-21 06:00:00+00:00,0.00015581663483333334,0.00016229813105555555,0.0005482271190555555,0.00011304766055,0.009161824533333333,0.00026903208866666667,0.00017575582744444446,0.35646087205555554,180,180,180,180,180,180,180,180
2024-10-21 09:00:00+00:00,0.00015582867400000002,0.00016067116483333332,0.0005491744393888889,0.0001139891444111111,0.009205146983333332,0.0002700589248888889,0.00017576689227777778,0.3572514746111111,180,180,180,180,180,180,180,180
2024-10-21 12:00:00+00:00,0.00015651551433333333,0.00015994255866666666,0.0005523454897777778,0.00011482646920000001,0.009374133144444444,0.00027138651494444443,0.000176793633,0.3582625325,180,180,180,180,180,180,180,180
2024-10-21 15:00:00+00:00,0.0001570839006111111,0.00016042911405555555,0.0005514046526666666,0.00011496398636666667,0.009386403458333333,0.0002712610741111111,0.0001763759918333333,0.35849305300000006,180,180,180,180,180,180,180,180
2024-10-21 18:00:00+00:00,0.00015795302926966293,0.00015982384353932584,0.0005551758908988765,0.00011582784984269664,0.009435368353932584,0.0002721835046067416,0.00017653192808988766,0.3591828650561798,178,178,178,178,178,178,178,178
2024-10-21 21:00:00+00:00,0.00015846402385474859,0.00015957741631284915,0.0005550395688268156,0.00011624586665921787,0.00944288096368715,0.00027245985581005587,0.0001774411220670391,0.35931488446927373,179,179,179,179,179,179,179,179
2024-10-22 00:00:00+00:00,0.00015899708744444445,0.00015918631,0.0005558122862777778,0.00011616474888333334,0.009470126697222222,0.0002724687277777778,0.00017825439705555557,0.35971962977777777,180,180,180,180,180,180,180,180
2024-10-22 03:00:00+00:00,0.00015834278144444445,0.00015872451766666667,0.0005559815788888889,0.00011761004926666667,0.009481465225000001,0.00027361977894444444,0.00017944829194444447,0.3603916871666667,180,180,180,180,180,180,180,180
2024-10-22 06:00:00+00:00,0.0001586332521111111,0.0001586352381111111,0.0005565264410555555,0.00011762409597222223,0.009348875691666666,0.0002755133658333333,0.00018240574688888888,0.36125551100000003,180,180,180,180,180,180,180,180
2024-10-22 09:00:00+00:00,0.00015890203044444443,0.00015869542766666666,0.000556388079,0.00011830134842777778,0.009378617433333333,0.00027698183922222224,0.00018191646855555556,0.3618947421111111,180,180,180,180,180,180,180,180
2024-10-22 12:00:00+00:00,0.000159185951,0.00015939883866666668,0.0005611003707777778,0.00011989901709444444,0.009565191152777779,0.000279745721,0.0001854916667777778,0.36278051527777777,180,180,180,180,180,180,180,180
2024-10-22 15:00:00+00:00,0.0001599028065,0.0001614750606111111,0.0005650753162777778,0.00011947382963333335,0.0096168469,0.0002803315961666667,0.00018583827133333332,0.3629434163333334,180,180,180,180,180,180,180,180
2024-10-22 18:00:00+00:00,0.00016020597168539327,0.00016455552893258427,0.0005685712259550561,0.00012033430161797752,0.00965599695224719,0.0002803849001685393,0.00018658160539325843,0.3634052560674157,178,178,178,178,178,178,178,178
2024-10-22 21:00:00+00:00,0.0001595215558659218,0.00016507387927374302,0.0005631077872067039,0.00012015493825698323,0.00961018288547486,0.0002779981997206704,0.00018602676441340781,0.3628996464804469,179,179,179,179,179,179,179,179
2024-10-23 00:00:00+00:00,0.00015965177122222223,0.0001658962401111111,0.0005612555515,0.00012039712492222222,0.00958812516388889,0.0002779029945,0.00018511263194444442,0.3625019281111111,180,180,180,180,180,180,180,180
2024-10-23 03:00:00+00:00,0.00016017706866666665,0.00016599919549999999,0.0005626715375,0.00011922099965,0.009590304475,0.0002789928852777778,0.00018524946244444446,0.36336970883333336,180,180,180,180,180,180,180,180
2024-10-23 06:00:00+00:00,0.00016144601344444444,0.00016695116344444443,0.0005629550355,0.00011923881759999999,0.00942721316111111,0.0002780138669444445,0.00018426970544444443,0.36370860433333335,180,180,180,180,180,180,180,180
2024-10-23 09:00:00+00:00,0.000162964695,0.00016744292861111112,0.0005728003647777778,0.0001223931265388889,0.009531703608333332,0.00028351766216666666,0.00019240541233333334,0.3652703882222222,180,180,180,180,180,180,180,180
2024-10-23 12:00:00+00:00,0.00016437672644444443,0.0001703407545,0.0005780012273333333,0.0001235028510277778,0.00967725748888889,0.0002867736431111111,0.00019121385705555557,0.36592817894444446,180,180,180,180,180,180,180,180
2024-10-23 15:00:00+00:00,0.0001616825622777778,0.00016914607266666667,0.0005715021624444444,0.00012264320658333334,0.009654766633333334,0.0002829443621111111,0.0001897415832777778,0.36608052738888885,180,180,180,180,180,180,180,180
2024-10-23 18:00:00+00:00,0.000162459073,0.00017147118785714287,0.0005717534887857143,0.00012037548891428571,0.009653529610714286,0.00028168407314285715,0.00018879217814285715,0.3661600075,140,140,140,140,140,140,140,140
2024-10-23 21:00:00+00:00,0.00016447689422222222,0.0001736206415,0.0005762022961111112,0.00012105172753333333,0.009688243816666666,0.00028344607844444443,0.0001910980521111111,0.3665025513333333,180,180,180,180,180,180,180,180
2024-10-24 00:00:00+00:00,0.00016482217755555556,0.00017431300283333336,0.0005771537943333333,0.00011994631853333333,0.009721286913888889,0.00028349035716666664,0.00018992188266666669,0.3669586839444444,180,180,180,180,180,180,180,180
2024-10-24 03:00:00+00:00,0.00017198446594444446,0.0001839870043888889,0.0006105806726111111,0.00013710352236111112,0.009872332713888888,0.0003063032788888889,0.00022013862950000002,0.3693799452222222,180,180,180,180,180,180,180,180
2024-10-24 06:00:00+00:00,0.00016480617377777777,0.00018153202683333334,0.0005889562754444445,0.00012358489918333333,0.009629329930555557,0.0002872805320555556,0.000193634905,0.36866877794444447,180,180,180,180,180,180,180,180
2024-10-24 09:00:00+00:00,0.0001637768112222222,0.0001795392932222222,0.0005821959761666667,0.00012393316294444446,0.00961716186111111,0.00028552472155555554,0.00019454627944444442,0.3689341976111111,180,180,180,180,180,180,180,180
2024-10-24 12:00:00+00:00,0.00016451127755555555,0.0001794770665,0.0005843685117222223,0.00012404324837777777,0.009780118686111111,0.0002864319185555556,0.0001916279347777778,0.37002797277777777,180,180,180,180,180,180,180,180
2024-10-24 15:00:00+00:00,0.00016436868222222223,0.00017961692988888888,0.0005860306934444444,0.00012369835847777778,0.009816655991666666,0.0002864130932222222,0.00019226131549999998,0.37058368077777776,180,180,180,180,180,180,180,180
2024-10-24 18:00:00+00:00,0.00016623620421348315,0.00018278511101123596,0.0005940288611235955,0.00012438294286516854,0.009914121390449438,0.0002884970940449438,0.00019053031747191012,0.37166161275280896,178,178,178,178,178,178,178,178
2024-10-24 21:00:00+00:00,0.00016779708011111112,0.00018447060433333335,0.0005935151465,0.00012395303823888889,0.00992804498888889,0.0002893134348333333,0.0001891012701111111,0.3722520518333333,180,180,180,180,180,180,180,180
2024-10-25 00:00:00+00:00,0.0001685184557222222,0.00018304745955555557,0.0005929736396111111,0.00012160374208888888,0.009938437580555555,0.0002900238947777778,0.0001907501455,0.3729539292777778,180,180,180,180,180,180,180,180
2024-10-25 03:00:00+00:00,0.00016855145627777776,0.00018209088694444447,0.0005977703153888889,0.00012244666829444445,0.009967277797222222,0.00029100292733333334,0.00019030886005555554,0.37382854555555556,180,180,180,180,180,180,180,180
2024-10-25 06:00:00+00:00,0.00016852495966666666,0.00018103969916666667,0.0006017864255,0.00012200981833888888,0.009850193633333334,0.00029242736944444444,0.0001932717146111111,0.3748556738333333,180,180,180,180,180,180,180,180
2024-10-25 09:00:00+00:00,0.00016884731388888888,0.00018146035883333334,0.0006039598839444445,0.00012286162237777777,0.009902768344444444,0.00029339653777777773,0.00019189242222222223,0.37584849072222226,180,180,180,180,180,180,180,180
2024-10-25 12:00:00+00:00,0.00016872078544444443,0.0001824538756111111,0.0006054747840000001,0.00012415377945000002,0.010049813508333333,0.00029473872316666664,0.00019519323883333335,0.37660566894444447,180,180,180,180,180,180,180,180
2024-10-25 15:00:00+00:00,0.00016998037605555556,0.00018360307861111112,0.0006149754134444444,0.00012584599083333332,0.010146095741666666,0.0002990088946111111,0.00019730860522222223,0.3776465666666667,180,180,180,180,180,180,180,180
2024-10-25 18:00:00+00:00,0.00017039005511235955,0.00018447485207865168,0.0006141113041573034,0.00012320938880898877,0.010109188210674159,0.00029748128876404495,0.00019698893741573032,0.3773852033146067,178,178,178,178,178,178,178,178
2024-10-25 21:00:00+00:00,0.00017026772705555556,0.00018539466116666666,0.0006140765421666667,0.00012385276635,0.010102041680555555,0.0002978275175,0.00019831068233333335,0.37753517550000004,180,180,180,180,180,180,180,180
2024-10-26 00:00:00+00:00,0.00017072945794444443,0.00018617580861111108,0.0006205190151666667,0.00012540170233333334,0.010173037308333334,0.00030024039655555555,0.00019829617905555558,0.378729187,180,180,180,180,180,180,180,180
2024-10-26 03:00:00+00:00,0.00017169564022222222,0.0001866567213888889,0.0006210900470000001,0.00012442484767222222,0.01016163755,0.0003001115008888889,0.00019772019016666667,0.3793314136111111,180,180,180,180,180,180,180,180
2024-10-26 06:00:00+00:00,0.00018091694122222222,0.00020086652966666666,0.0006818704002222222,0.000143476378,0.010330358966666666,0.0003383451177222222,0.00022891645377777777,0.3836447436111111,180,180,180,180,180,180,180,180
2024-10-26 09:00:00+00:00,0.00017207433644444444,0.00019790339627777777,0.0006417315120555555,0.00012720250083333334,0.01015741625,0.00030768751338888887,0.00020183737083333335,0.38119454922222223,180,180,180,180,180,180,180,180
2024-10-26 12:00:00+00:00,0.00017090797566666666,0.00019537736194444446,0.000633037825,0.00012617809183333332,0.010234757844444444,0.0003038956473888889,0.00020054811611111111,0.38148739183333336,180,180,180,180,180,180,180,180
2024-10-26 15:00:00+00:00,0.00017121933388888888,0.0001968378376666667,0.0006298811192222223,0.00012485812127777777,0.010237437491666666,0.0003025215848888889,0.00019873825844444443,0.3819220298333333,180,180,180,180,180,180,180,180
2024-10-26 18:00:00+00:00,0.00017437600803370788,0.0001999664865730337,0.0006352902129213482,0.0001254597890730337,0.01026490359550562,0.00030275857578651686,0.0001992305470224719,0.38215409640449444,178,178,178,178,178,178,178,178
2024-10-26 21:00:00+00:00,0.00017538134994444444,0.00019843244294444443,0.0006339928938333333,0.00012514864092222222,0.010267873166666667,0.0003020462791111111,0.00019986717244444444,0.38201747172222217,180,180,180,180,180,180,180,180
2024-10-27 00:00:00+00:00,0.00017507914594444443,0.00019887929016666666,0.0006356896724444445,0.00012755170283333333,0.010306879422222222,0.0003035987638333333,0.0002016820631111111,0.3827168091666666,180,180,180,180,180,180,180,180
2024-10-27 03:00:00+00:00,0.00017585338694444443,0.0002007146838888889,0.0006421341294444445,0.00012691119605555556,0.010358494738888889,0.00030474397,0.00020188525533333332,0.3837894754444445,180,180,180,180,180,180,180,180
2024-10-27 06:00:00+00:00,0.00017751130966666667,0.00020202515372222223,0.0006403242195555555,0.00012481116227777776,0.01019695043611111,0.00030387208394444445,0.00019880183199999998,0.38428191905555553,180,180,180,180,180,180,180,180
2024-10-27 09:00:00+00:00,0.00017682069138888888,0.00020165681027777777,0.0006399708988888889,0.00012587554316666666,0.010216793652777778,0.00030412609322222225,0.00020097307583333333,0.38490770188888895,180,180,180,180,180,180,180,180
2024-10-27 12:00:00+00:00,0.00017928181255555555,0.00020626787811111114,0.0006482632503888888,0.00012686847205555554,0.01039910716388889,0.0003078705986111111,0.00020330418733333332,0.38647779800000004,180,180,180,180,180,180,180,180
2024-10-27 15:00:00+00:00,0.00018034123677777776,0.00020593731927777778,0.0006478347040555556,0.00012760202438888887,0.010412828594444444,0.0003070842949444444,0.00020292847172222222,0.3866992535,180,180,180,180,180,180,180,180
2024-10-27 18:00:00+00:00,0.00018123207966292136,0.0002052986288764045,0.0006484597675842697,0.00012702805606741574,0.010440863890449438,0.00030798486056179774,0.0002031711333707865,0.3872747484831461,178,178,178,178,178,178,178,178
2024-10-27 21:00:00+00:00,0.00018116385922222223,0.00020436203772222222,0.0006508892068888889,0.00012843754394444444,0.010471386883333333,0.0003091881777222222,0.00019936566316666667,0.38744975061111114,180,180,180,180,180,180,180,180
2024-10-28 00:00:00+00:00,0.0001806817106111111,0.00020523738611111112,0.0006531982478333333,0.00012698884177777777,0.010505935644444445,0.00030995260283333333,0.00019774228872222223,0.3877869632777778,180,180,180,180,180,180,180,180
2024-10-28 03:00:00+00:00,0.00018110624444444445,0.00020612241488888889,0.0006571483694444445,0.00012790167605555557,0.010532226225,0.00030980857294444445,0.00019846611516666668,0.38797709305555556,180,180,180,180,180,180,180,180
2024-10-28 06:00:00+00:00,0.00018055954249999998,0.00020507491811111108,0.000655487782,0.00012557049566666665,0.010385080866666667,0.0003091436625,0.00019908069344444444,0.3885467005555555,180,180,180,180,180,180,180,180
2024-10-28 09:00:00+00:00,0.00018096352966666667,0.00020452008866666665,0.0006560300368333333,0.00012472652796666667,0.010400640019444444,0.0003097811202222222,0.00019820643783333332,0.38914415811111114,180,180,180,180,180,180,180,180
2024-10-28 12:00:00+00:00,0.0001813090868888889,0.00020369614277777776,0.000660324235,0.00012793475194444444,0.010553558930555556,0.0003128631581111111,0.00020298931027777777,0.38986720849999995,180,180,180,180,180,180,180,180
2024-10-28 15:00:00+00:00,0.0001837343478888889,0.0002058216922777778,0.0006759143676666667,0.00013014458538888887,0.010688151072222223,0.00031863699016666667,0.00020348067483333333,0.39074637044444444,180,180,180,180,180,180,180,180
2024-10-28 18:00:00+00:00,0.0001838337452808989,0.00020567135623595506,0.000670243064494382,0.00012805379780898876,0.010706384115168539,0.00031325209516853937,0.0002010614553932584,0.3902633995505618,178,178,178,178,178,178,178,178
2024-10-28 21:00:00+00:00,0.00018262469122222222,0.00020207,0.0006705915822222223,0.00012860331266666667,0.010719435677777778,0.0003155995417222222,0.00020252201183333331,0.391151318,180,180,180,180,180,180,180,180
2024-10-29 00:00:00+00:00,0.00018195565694444446,0.00020331293755555555,0.0006683648234444444,0.00012775205394444444,0.01073412413611111,0.00031387725383333337,0.00020009731511111113,0.39167449950000005,180,180,180,180,180,180,180,180
2024-10-29 03:00:00+00:00,0.00018163465466666668,0.00020344220144444443,0.0006667548827222222,0.00012763918022222224,0.010698528758333332,0.00031258806305555555,0.00019820257994444446,0.39152740383333334,180,180,180,180,180,180,180,180
2024-10-29 06:00:00+00:00,0.0001821271016111111,0.00020136485183333333,0.0006636427005555555,0.00012707107733333332,0.01053829748611111,0.0003134990122222222,0.00019990339577777777,0.3914764093888889,180,180,180,180,180,180,180,180
2024-10-29 09:00:00+00:00,0.00018209475459302326,0.00020135775127906976,0.0006623587011627907,0.00012802965755813952,0.01055418068023256,0.0003112354334883721,0.00019910974360465118,0.39164716017441864,172,172,172,172,172,172,172,172
2024-10-29 12:00:00+00:00,0.00018160175616666665,0.00019929745472222225,0.0006622218118888889,0.00012739091883333332,0.010669360166666666,0.00031030721944444445,0.000199314308,0.39166010361111114,180,180,180,180,180,180,180,180
2024-10-29 15:00:00+00:00,0.00018251890577777776,0.00020359131255555556,0.0006651519694999999,0.0001286678293888889,0.010677361677777776,0.0003116811293888889,0.0001991475005,0.3917280411111111,180,180,180,180,180,180,180,180
2024-10-29 18:00:00+00:00,0.00018511194617977527,0.00020804506938202247,0.0006638846111235955,0.00012847721758426966,0.010665340924157303,0.0003115077932022472,0.00019932999331460674,0.3916830889325843,178,178,178,178,178,178,178,178
2024-10-29 21:00:00+00:00,0.00018436669033333332,0.00020632177,0.000662318924,0.00012804995177777777,0.010646016088888889,0.00031069682116666663,0.00019786591766666664,0.39136281383333327,180,180,180,180,180,180,180,180
2024-10-30 00:00:00+00:00,0.00018498836,0.00020437216099999998,0.0006582442879444444,0.0001281197725,0.01063740081111111,0.00030894301055555556,0.0001954613415,0.3909112118888889,180,180,180,180,180,180,180,180
2024-10-30 03:00:00+00:00,0.00018571227483333332,0.00020291404333333332,0.0006576116038333334,0.00012934745422222223,0.010621053600000001,0.00030957921377777775,0.00019690573277777776,0.39083243766666664,180,180,180,180,180,180,180,180
2024-10-30 06:00:00+00:00,0.0001856661807222222,0.00020194517361111112,0.0006588227097777778,0.0001291139277222222,0.010501035619444444,0.00030935405016666663,0.00019716894694444447,0.39138652966666665,180,180,180,180,180,180,180,180
2024-10-30 09:00:00+00:00,0.00018633657011111112,0.00020518888594444444,0.0006697951040555556,0.00013037463305555556,0.010590000830555555,0.0003171050898888889,0.00019970162572222224,0.39283727794444445,180,180,180,180,180,180,180,180
2024-10-30 12:00:00+00:00,0.00018579232905555553,0.00020463044477777778,0.0006718558357777778,0.00012935380422222223,0.01073334496388889,0.0003153691671111111,0.00020082197905555555,0.3928899973888889,180,180,180,180,180,180,180,180
2024-10-30 15:00:00+00:00,0.00018706463733333335,0.00020495752533333334,0.0006717557760555555,0.0001277723285,0.010752702775000001,0.0003141629559444444,0.0001990177866111111,0.3931659452222222,180,180,180,180,180,180,180,180
2024-10-30 18:00:00+00:00,0.00018651129257142855,0.0002031307647857143,0.0006712114024285715,0.0001291346467857143,0.01073802655357143,0.0003166111186428571,0.000201882566,0.3932937759285714,140,140,140,140,140,140,140,140
2024-10-30 21:00:00+00:00,0.00018953226094444445,0.00020759260127777777,0.0006788217787222223,0.00013193370233333335,0.010795061308333334,0.0003220717147222222,0.00020336751544444443,0.3936083776666667,180,180,180,180,180,180,180,180
2024-10-31 00:00:00+00:00,0.00018982587144444446,0.00020733875894444445,0.0006723613382777778,0.00012853899116666668,0.010757059111111111,0.0003198752804444445,0.00020391123194444445,0.3930780655,180,180,180,180,180,180,180,180
2024-10-31 03:00:00+00:00,0.00019042465827777777,0.00020646197116666669,0.0006722253653888889,0.00012758386155555556,0.010753116247222222,0.00031833408066666663,0.00020118848594444442,0.39302685344444444,180,180,180,180,180,180,180,180
2024-10-31 06:00:00+00:00,0.00019113564972222222,0.00020587789194444444,0.0006711832520555556,0.00012867694816666667,0.010623324930555556,0.0003174290311111111,0.00020033132588888886,0.3933600445,180,180,180,180,180,180,180,180
2024-10-31 09:00:00+00:00,0.00019126700783333336,0.00020534702666666666,0.0006737940275,0.00012884533405555556,0.01063548946111111,0.0003169327416666667,0.0002010636698888889,0.39319548583333336,180,180,180,180,180,180,180,180
2024-10-31 12:00:00+00:00,0.0001896762422777778,0.0002030264268333333,0.0006714142808888889,0.00012969463055555557,0.010722421902777777,0.00031889940861111113,0.00020302374466666667,0.3931896747222222,180,180,180,180,180,180,180,180
2024-10-31 15:00:00+00:00,0.00018895507361111109,0.00020327386549999997,0.0006661832481666667,0.00012897681366666667,0.010699357266666668,0.0003147390938888889,0.00020053812916666667,0.39224478583333333,180,180,180,180,180,180,180,180
2024-10-31 18:00:00+00:00,0.00019038136213483145,0.0002024578879775281,0.0006680594652808989,0.0001315354606741573,0.01071347161516854,0.0003180281788764045,0.00020224928044943822,0.3923651031460674,178,178,178,178,178,178,178,178
2024-10-31 21:00:00+00:00,0.00019767242227777777,0.00020898700577777778,0.0007213813090000001,0.00014469293866666667,0.010983148619444445,0.00034687627688888886,0.00022856223994444447,0.39492487716666663,180,180,180,180,180,180,180,180
2024-11-01 00:00:00+00:00,0.00019197973422222222,0.00020602754794444444,0.0006751367061111111,0.0001320715455,0.010771908522222222,0.00031823801211111114,0.00020387983405555554,0.3919642722777778,180,180,180,180,180,180,180,180
2024-11-01 03:00:00+00:00,0.0001904866625,0.0002023542547222222,0.0006655295143333333,0.00013115792094444445,0.010684233358333333,0.0003165332787222222,0.00020311240516666666,0.3910115133888889,180,180,180,180,180,180,180,180
2024-11-01 06:00:00+00:00,0.00018821254916666667,0.00020170003727777776,0.0006620147766111111,0.00012918456605555555,0.010512051111111111,0.0003154619135555556,0.00020016295222222223,0.3906466866666667,180,180,180,180,180,180,180,180
2024-11-01 09:00:00+00:00,0.00018774339650000002,0.000203262909,0.0006648271167222223,0.00013058454972222222,0.010533596694444444,0.00031832618894444447,0.0002014923466111111,0.39104122511111117,180,180,180,180,180,180,180,180
2024-11-01 12:00:00+00:00,0.00018793743322222223,0.0002047508123888889,0.0006663243998333334,0.00013148330994444443,0.010638251208333333,0.0003183835428888889,0.00020405390055555555,0.39046096283333337,180,180,180,180,180,180,180,180
2024-11-01 15:00:00+00:00,0.00018830188949999998,0.00020789827194444443,0.0006599467262777778,0.0001295906416111111,0.010612376766666667,0.0003145887710555556,0.00020210132705555557,0.38953046527777774,180,180,180,180,180,180,180,180
2024-11-01 18:00:00+00:00,0.00018746449286516855,0.00020610791151685394,0.0006517500529213484,0.00012846991926966292,0.01055605595505618,0.00031019559870786517,0.00019772818466292136,0.3883747956179775,178,178,178,178,178,178,178,178
2024-11-01 21:00:00+00:00,0.00018800163716666668,0.0002065712367222222,0.0006518498346111112,0.00012895855411111112,0.010558869736111112,0.00031007891683333336,0.00019707154172222223,0.3876298169444445,180,180,180,180,180,180,180,180
2024-11-02 00:00:00+00:00,0.00018933320566666667,0.0002057699917222222,0.0006540205447777777,0.00012961535844444443,0.010589930438888888,0.00031383987877777776,0.00020284555344444443,0.3880091432777778,180,180,180,180,180,180,180,180
2024-11-02 03:00:00+00:00,0.0001892121267222222,0.00020452646594444447,0.0006530379300555555,0.00012948931172222222,0.010551402491666667,0.0003120194873333333,0.00020100227333333333,0.3874050493333333,180,180,180,180,180,180,180,180
2024-11-02 06:00:00+00:00,0.00019048658566666669,0.0002053511875,0.0006566238232777777,0.00012840665938888889,0.010444048513888889,0.0003127166199444444,0.00020071727322222221,0.3870442872777778,180,180,180,180,180,180,180,180
2024-11-02 09:00:00+00:00,0.00019021806205555555,0.00020438118866666666,0.0006541401563333333,0.00012819356544444444,0.010445337297222222,0.0003111697525,0.00020085150994444444,0.38702475566666666,180,180,180,180,180,180,180,180
2024-11-02 12:00:00+00:00,0.0001902929818333333,0.00020449999844444444,0.0006535214336666667,0.00012872889355555555,0.010536306427777777,0.00030939360255555556,0.00019812047572222223,0.3864580025,180,180,180,180,180,180,180,180
2024-11-02 15:00:00+00:00,0.00018886494227777776,0.00020229613772222225,0.0006461080671666667,0.00012942197733333333,0.010485085505555556,0.0003063593342777778,0.00019819954483333332,0.3853406763888889,180,180,180,180,180,180,180,180
2024-11-02 18:00:00+00:00,0.00018705149005617978,0.00019933742303370787,0.000642527655224719,0.00012661696438202248,0.01045555493258427,0.00030642401303370787,0.00019857846735955056,0.38469340404494384,178,178,178,178,178,178,178,178
2024-11-02 21:00:00+00:00,0.00018573224427777778,0.0001981910508888889,0.0006423075355000001,0.00012834049944444444,0.010453441752777777,0.00030904725644444447,0.00020321960483333335,0.3839901019444445,180,180,180,180,180,180,180,180
2024-11-03 00:00:00+00:00,0.00018662572638888887,0.00019827622233333335,0.0006412270592777777,0.00012907166283333333,0.01043201081111111,0.0003080420982222222,0.00020312361594444444,0.38309184422222226,180,180,180,180,180,180,180,180
2024-11-03 03:00:00+00:00,0.00018662644000000002,0.0001960357907777778,0.0006405671305,0.00013009981916666666,0.010409878844444444,0.000309856789,0.00020506246566666668,0.3829605376111111,180,180,180,180,180,180,180,180
2024-11-03 06:00:00+00:00,0.000185941808,0.000194841305,0.0006451279228333333,0.00013075274688888888,0.010306178425,0.00031372623705555554,0.00020737792472222223,0.3829149305555556,180,180,180,180,180,180,180,180
2024-11-03 09:00:00+00:00,0.00018639604805555554,0.00019705788261111112,0.0006421948197777778,0.0001316465375,0.010293280222222222,0.0003141817408888889,0.0002079810995,0.38277944538888886,180,180,180,180,180,180,180,180
2024-11-03 12:00:00+00:00,0.0001841795648888889,0.0001940544056666667,0.0006351367334444444,0.0001307409156111111,0.010323203238888889,0.00031112222022222223,0.00020650597966666667,0.3818972626666666,180,180,180,180,180,180,180,180
2024-11-03 15:00:00+00:00,0.000182723584,0.0001961114523888889,0.0006375227866111112,0.00012934180761111112,0.01034251533888889,0.0003098601663888889,0.00020715526688888888,0.3818513889444445,180,180,180,180,180,180,180,180
2024-11-03 18:00:00+00:00,0.00018064370915730338,0.00019531514657303368,0.0006299569247191011,0.00012759304117977528,0.010268121182584269,0.0003050445323033708,0.00020527363915730335,0.37991507308988764,178,178,178,178,178,178,178,178
2024-11-03 21:00:00+00:00,0.00018006432105555556,0.00019619206738888888,0.0006291645801666666,0.00012885117127777777,0.010273630583333334,0.00030587398116666665,0.00020707373011111108,0.3795704436111111,180,180,180,180,180,180,180,180
2024-11-04 00:00:00+00:00,0.00018433288827777777,0.00020176285183333336,0.0006452954162222222,0.0001316769151111111,0.010336543,0.0003144806235,0.00020970145683333333,0.3803075045555556,180,180,180,180,180,180,180,180
2024-11-04 03:00:00+00:00,0.00018120681827777778,0.00019729413288888887,0.0006301515668333333,0.0001279481768333333,0.010252413013888888,0.0003072082808888889,0.00020532412177777778,0.3792157818888889,180,180,180,180,180,180,180,180
2024-11-04 06:00:00+00:00,0.00018000005827777777,0.00019549363788888888,0.0006272945788888889,0.00012800674144444445,0.010097189722222222,0.0003051594813333333,0.00020210284505555554,0.37841382016666664,180,180,180,180,180,180,180,180
2024-11-04 09:00:00+00:00,0.00017994727794444444,0.00019530264933333334,0.0006285599726666666,0.0001270176023888889,0.010087457016666666,0.0003048583912777778,0.00020346647422222225,0.37809223311111106,180,180,180,180,180,180,180,180
2024-11-04 12:00:00+00:00,0.00018098244944444444,0.00019553338927777778,0.0006291008481111111,0.00012654596955555554,0.010180273177777779,0.0003051187372777778,0.0002034025128888889,0.37835419461111114,180,180,180,180,180,180,180,180
2024-11-04 15:00:00+00:00,0.00017917413894444445,0.0001931423981111111,0.0006291250168888889,0.00012735303405555555,0.010192840280555556,0.00030546759727777777,0.0002016819355,0.37836027561111113,180,180,180,180,180,180,180,180
2024-11-04 18:00:00+00:00,0.0001779085606849315,0.00019362123260273974,0.0006211829112328768,0.0001258912045890411,0.010152946260273972,0.0003013967396575342,0.00019664002753424657,0.37759935958904106,146,146,146,146,146,146,146,146
2024-11-04 21:00:00+00:00,0.00017609514901960782,0.00019214007895424837,0.0006203009204575164,0.00012638947980392158,0.010140697591503269,0.0003042972290849673,0.00019724603078431373,0.3768300453594772,153,153,153,153,153,153,153,153
2024-11-05 00:00:00+00:00,0.00017695657155555557,0.00019418562016666668,0.0006261442405,0.0001287726818888889,0.010195402852777776,0.0003071837153888889,0.00019889770361111112,0.37711301522222224,180,180,180,180,180,180,180,180
2024-11-05 03:00:00+00:00,0.00017604145605555556,0.00019378871155555555,0.0006240150501111111,0.00012762315416666668,0.010162631291666667,0.0003060800728333333,0.00019624532766666667,0.3765174307222222,180,180,180,180,180,180,180,180
2024-11-05 06:00:00+00:00,0.00017595387766666665,0.00019307095227777778,0.0006242434295555555,0.00012493483496666666,0.010025874744444444,0.00030487265388888887,0.0001971315518333333,0.3763832435,180,180,180,180,180,180,180,180
2024-11-05 09:00:00+00:00,0.00017795045772222223,0.00019308324827777777,0.0006282939522777777,0.0001270969283888889,0.010044495927777779,0.0003063948457222222,0.00019657452894444443,0.3769075582222222,180,180,180,180,180,180,180,180
2024-11-05 12:00:00+00:00,0.00017827562116666667,0.00019174939349999998,0.0006323530978888889,0.0001302359985,0.010164025355555556,0.0003109335861666667,0.0001986113466111111,0.37761129777777774,180,180,180,180,180,180,180,180
2024-11-05 15:00:00+00:00,0.0001787014745,0.00019203412983333335,0.0006281462018888889,0.0001279039525,0.010139677863888889,0.0003064775451111111,0.0001965090988888889,0.37722345316666667,180,180,180,180,180,180,180,180
2024-11-05 18:00:00+00:00,0.0001764266625280899,0.0001893585975280899,0.0006341113384269663,0.00012786025780898877,0.010185907084269663,0.00031225409848314605,0.00020051485398876406,0.3773040567977528,178,178,178,178,178,178,178,178
2024-11-05 21:00:00+00:00,0.00017530791722222223,0.00018985851872222224,0.0006335395778888889,0.00012845574488888888,0.010186021747222222,0.0003101165616111111,0.00019950747255555556,0.3767865636666667,180,180,180,180,180,180,180,180
2024-11-06 00:00:00+00:00,0.00017616557494444445,0.0001909711388888889,0.0006299504370555556,0.00012681758027777778,0.0101507252,0.0003090448937222222,0.00019831771122222222,0.37607656083333335,180,180,180,180,180,180,180,180
2024-11-06 03:00:00+00:00,0.0001757299171111111,0.00019158273344444443,0.0006283421811666667,0.00012623848755555556,0.010105493272222222,0.00030641158005555554,0.00019645199944444443,0.3754821899444445,180,180,180,180,180,180,180,180
2024-11-06 06:00:00+00:00,0.00017782221918128654,0.00019263544339181288,0.0006361342921052632,0.00012727500169590643,0.010023354628654972,0.0003106917006432748,0.0001985910432748538,0.3764836708187135,171,171,171,171,171,171,171,171
2024-11-06 09:00:00+00:00,0.00017714951250000002,0.00019418496844444445,0.0006273361506111111,0.00012704183599999999,0.009998873569444445,0.0003051456342222222,0.0001945249516111111,0.3761332938888889,180,180,180,180,180,180,180,180
2024-11-06 12:00:00+00:00,0.00017699294616666666,0.0001897784118888889,0.000644264832,0.00013260487522222223,0.010147720138888889,0.0003160288537777778,0.0002012209782777778,0.3771018421666667,180,180,180,180,180,180,180,180
2024-11-06 15:00:00+00:00,0.0001759058778888889,0.00019505273238888888,0.0006279609435555555,0.00012714889222222223,0.010093477527777778,0.00030472019344444446,0.000194094202,0.37612151494444446,180,180,180,180,180,180,180,180
2024-11-06 18:00:00+00:00,0.0001746370315,0.0001932904392142857,0.0006224161788571428,0.00012626878807142855,0.01005605805357143,0.0003030183280714286,0.00019465634592857143,0.3757076164285714,140,140,140,140,140,140,140,140
2024-11-06 21:00:00+00:00,0.00017268106266666666,0.00018903073966666667,0.0006169296836666667,0.00012524679149999998,0.010028857497222222,0.00030000652222222224,0.0001920534032777778,0.3757804347222222,180,180,180,180,180,180,180,180
2024-11-07 00:00:00+00:00,0.0001716820621111111,0.00018671935994444443,0.0006174565090555555,0.00012497603830555554,0.010051646427777778,0.0003009074666666667,0.0001945102593888889,0.3759880024444444,180,180,180,180,180,180,180,180
2024-11-07 03:00:00+00:00,0.00017025982200000002,0.00018661575611111111,0.0006178856926666666,0.00012539749623333333,0.010046290305555556,0.0003015601639444445,0.0001938760675,0.3762142760555555,180,180,180,180,180,180,180,180
2024-11-07 06:00:00+00:00,0.00017196097055555555,0.00018965990027777776,0.0006199191953888889,0.00012510705163333333,0.009960420897222221,0.00030227123244444445,0.00019470773655555558,0.37707056055555555,180,180,180,180,180,180,180,180
2024-11-07 09:00:00+00:00,0.00017196332733333334,0.00018734473266666666,0.0006135363625,0.00012434784566666668,0.009948022933333333,0.0003005397389444445,0.00019452931366666668,0.3775433422222222,180,180,180,180,180,180,180,180
2024-11-07 12:00:00+00:00,0.0001697074946111111,0.00018352592383333335,0.0006145041425555556,0.00012277992118333333,0.010037967188888889,0.00030023868944444444,0.00019404513416666668,0.37745607733333336,180,180,180,180,180,180,180,180
2024-11-07 15:00:00+00:00,0.00016884985683333334,0.0001826540018888889,0.0006206365791666667,0.00012380208891666665,0.010095402358333333,0.0003035438728888889,0.00019472602327777778,0.377838665,180,180,180,180,180,180,180,180
2024-11-07 18:00:00+00:00,0.00016696420083333333,0.0001810199045138889,0.0006122217574305556,0.0001224966860486111,0.010052881770833334,0.00029927308631944445,0.00019423354930555556,0.37713851694444445,144,144,144,144,144,144,144,144
2024-11-07 21:00:00+00:00,0.00016632319053097347,0.00018216911946902656,0.0006096971951327434,0.00012276338962831859,0.01004319861061947,0.0002987038946017699,0.00019129616699115043,0.3765734379646018,113,113,113,113,113,113,113,113
2024-11-08 00:00:00+00:00,0.00016727177949999998,0.00018220087683333333,0.0006128391427222222,0.0001238094603611111,0.010057483638888889,0.0003008777356666667,0.00019191194377777778,0.3765401306666667,180,180,180,180,180,180,180,180
2024-11-08 03:00:00+00:00,0.00016654720405555554,0.00017856675372222223,0.0006048939968888889,0.00012282979244444445,0.009990917494444444,0.00029908183405555556,0.00019120345999999998,0.37596147,180,180,180,180,180,180,180,180
2024-11-08 06:00:00+00:00,0.00016556575633333334,0.00017724451533333334,0.0006012063720555555,0.00012160926420555555,0.009860539077777779,0.00029801375750000003,0.00018961271027777778,0.3759255352222222,180,180,180,180,180,180,180,180
2024-11-08 09:00:00+00:00,0.00016489767144444445,0.0001758695188888889,0.0006015480647777778,0.00012302175073333334,0.009868156227777777,0.0002986407977222222,0.00018949081750000002,0.3759114553888889,180,180,180,180,180,180,180,180
2024-11-08 12:00:00+00:00,0.000163736182,0.00017637072094444446,0.0005999548205,0.00012313944127222221,0.009935061241666666,0.00029659860072222226,0.00018871804761111112,0.37553915694444445,180,180,180,180,180,180,180,180
2024-11-08 15:00:00+00:00,0.00016347607583333334,0.0001751453188333333,0.0005983940826111111,0.00012160394677222222,0.009942374880555556,0.0002967577609444445,0.00018846593255555556,0.37535691822222217,180,180,180,180,180,180,180,180
2024-11-08 18:00:00+00:00,0.00016327816694915255,0.00017447341836158192,0.0006011735566101695,0.00012307890633898305,0.00995104111299435,0.00029931150734463274,0.00019114302327683614,0.3754629068926554,177,177,177,177,177,177,177,177
2024-11-08 21:00:00+00:00,0.00016174672270114943,0.0001738828424137931,0.0005977614759770115,0.00012264208137356322,0.009923637790229884,0.0002967713068965517,0.0001896848828735632,0.37444520971264367,174,174,174,174,174,174,174,174
2024-11-09 00:00:00+00:00,0.00016246967216666667,0.00017574832777777778,0.0006040302484444445,0.000122974615,0.009980013858333333,0.0002994979118888889,0.00019171710261111112,0.3744793798888889,180,180,180,180,180,180,180,180
2024-11-09 03:00:00+00:00,0.00016185671616666668,0.00017578044766666665,0.0005961127558333333,0.00012213713735555556,0.009891483847222222,0.00029494958488888887,0.00018724226005555557,0.3735312030555556,180,180,180,180,180,180,180,180
2024-11-09 06:00:00+00:00,0.00016178847083333334,0.00017520775455555558,0.0005936167316111111,0.00012326141445555557,0.009734856758333334,0.0002937612675,0.00018718509005555555,0.37280825949999996,180,180,180,180,180,180,180,180
2024-11-09 09:00:00+00:00,0.00016140828538888888,0.0001730448846111111,0.0005972718282222222,0.00012241226328333333,0.009761520130555555,0.0002953169000555556,0.00018779810083333333,0.37268968733333335,180,180,180,180,180,180,180,180
2024-11-09 12:00:00+00:00,0.0001607888043888889,0.00017164674505555554,0.0005954951016666667,0.00012287471795555555,0.009838859619444446,0.0002951094385,0.00018789185666666668,0.37237733105555554,180,180,180,180,180,180,180,180
2024-11-09 15:00:00+00:00,0.00015991071655555556,0.00017299273,0.0005930020693333334,0.00012244523774444444,0.009817224655555555,0.000293769963,0.00018893225372222224,0.37165593505555555,180,180,180,180,180,180,180,180
2024-11-09 18:00:00+00:00,0.00015931542134831463,0.00017253724202247192,0.0005887931256179775,0.00012035551505617978,0.009773972230337078,0.00029283350494382026,0.0001875764923033708,0.3708824391573034,178,178,178,178,178,178,178,178
2024-11-09 21:00:00+00:00,0.0001598569445,0.0001724477292222222,0.0005871264293888889,0.00012163453316666665,0.009751252097222222,0.0002926656908888889,0.0001875078215,0.37015031972222223,180,180,180,180,180,180,180,180
2024-11-10 00:00:00+00:00,0.00016014564183333333,0.00017210415083333334,0.0005974346789444444,0.00012524369098333333,0.009841842461111111,0.0002997571395555556,0.00019493344677777778,0.3706784303333333,180,180,180,180,180,180,180,180
2024-11-10 03:00:00+00:00,0.0001593229622777778,0.00017141112516666667,0.0005831147385,0.00012116964606666666,0.009718397538888889,0.00029277469866666666,0.00018840503883333333,0.3695862167777778,180,180,180,180,180,180,180,180
2024-11-10 06:00:00+00:00,0.0001589426411111111,0.00016996155711111112,0.0005820654124444445,0.00012183887621111111,0.009607513350000001,0.00029143234005555554,0.00018759362077777777,0.3692455963888889,180,180,180,180,180,180,180,180
2024-11-10 09:00:00+00:00,0.0001577631621111111,0.0001698152541111111,0.000580038887,0.00012125753438888889,0.009605115647222223,0.0002908655568888889,0.00018645031338888887,0.36899065688888893,180,180,180,180,180,180,180,180
2024-11-10 12:00:00+00:00,0.00015695848983333333,0.0001695812752777778,0.0005871445676111112,0.00012465258606111112,0.009691639375,0.000297814064,0.00019231881033333334,0.3691556807777778,180,180,180,180,180,180,180,180
2024-11-10 15:00:00+00:00,0.00015521529272222222,0.00016784936455555555,0.000583862902888889,0.00012224777215555556,0.009698971538888889,0.0002933272471111111,0.00018884212294444447,0.36816274777777774,180,180,180,180,180,180,180,180
2024-11-10 18:00:00+00:00,0.00015733556696629212,0.00016895643033707866,0.0005784040899438202,0.00012182702628089887,0.009629104511235956,0.000293331372247191,0.00019177642471910112,0.36723782724719106,178,178,178,178,178,178,178,178
2024-11-10 21:00:00+00:00,0.00015728180426966294,0.0001692626283707865,0.0005757657205617977,0.00012145729748876405,0.009613950120786516,0.00029065588882022474,0.0001881861200561798,0.3665992536516854,178,178,178,178,178,178,178,178
2024-11-11 00:00:00+00:00,0.0001562233605,0.00016685181611111112,0.0005730268561666667,0.00012129770833333334,0.009610164044444444,0.0002870849481111111,0.00018696152294444445,0.3657967406111111,180,180,180,180,180,180,180,180
2024-11-11 03:00:00+00:00,0.00015555702522222222,0.00016166015794444446,0.0005756286157222222,0.00012269486154444444,0.009596324041666666,0.00029019160166666666,0.00018613393577777778,0.3655132898333333,180,180,180,180,180,180,180,180
2024-11-11 06:00:00+00:00,0.0001543802816111111,0.00016128089694444445,0.0005738247068888889,0.00011975964107222223,0.009505930477777777,0.00028670950716666664,0.00018378391794444444,0.36541520899999996,180,180,180,180,180,180,180,180
2024-11-11 09:00:00+00:00,0.00015399326105555556,0.00016071292477777777,0.0005673665212777777,0.00011993233801666666,0.009460838202777778,0.0002857732968333333,0.00018395392038888887,0.36505995077777775,180,180,180,180,180,180,180,180
2024-11-11 12:00:00+00:00,0.00015299164755555556,0.0001565014481111111,0.0005639987066666667,0.00011937079924444443,0.009523139758333334,0.0002855325776111111,0.00018591765794444444,0.3642363066666667,180,180,180,180,180,180,180,180
2024-11-11 15:00:00+00:00,0.00015267955066666666,0.00015377098633333333,0.0005724748498333333,0.00011945227109444444,0.009591936555555555,0.0002855005511111111,0.00018527406505555556,0.3638186689444444,180,180,180,180,180,180,180,180
2024-11-11 18:00:00+00:00,0.00015209134528089887,0.0001521747588764045,0.0005683206105617977,0.00011843552843258427,0.009523869418539326,0.0002842543686516854,0.00018221931904494382,0.3626146552247191,178,178,178,178,178,178,178,178
2024-11-11 21:00:00+00:00,0.0001511387606111111,0.00015057281311111112,0.0005634601147777778,0.00011915099149444444,0.009465066747222223,0.00028246348205555557,0.00018322527116666667,0.36137853644444445,180,180,180,180,180,180,180,180
2024-11-12 00:00:00+00:00,0.0001497935436111111,0.0001508536897222222,0.0005633459375555556,0.00011885369470000001,0.009466205508333334,0.0002815833747777778,0.00018290371055555555,0.36054456844444444,180,180,180,180,180,180,180,180
2024-11-12 03:00:00+00:00,0.00014968237872222222,0.00015086990444444445,0.0005605890495,0.00011705848777777777,0.009422375144444444,0.000279437285,0.00018113203038888886,0.35961078688888887,180,180,180,180,180,180,180,180
2024-11-12 06:00:00+00:00,0.00014995884872222223,0.00015076624677777778,0.0005554781176111112,0.00011502391780555555,0.009267611547222223,0.0002780080237222222,0.00017924968516666665,0.3586918095555556,180,180,180,180,180,180,180,180
2024-11-12 09:00:00+00:00,0.0001486253905,0.0001476702147222222,0.0005550657442777777,0.00011375740999444444,0.009257682313888889,0.00027704311955555554,0.0001764408908888889,0.3581804562777778,180,180,180,180,180,180,180,180
2024-11-12 12:00:00+00:00,0.00014848781905555555,0.0001463744623888889,0.000553741587,0.00011411602360000001,0.009328428780555556,0.00027701282861111113,0.00017811914644444445,0.35829480983333334,180,180,180,180,180,180,180,180
2024-11-12 15:00:00+00:00,0.000148690659375,0.0001443122596590909,0.0005524048850568181,0.00011594793071590909,0.009310943275568181,0.00027841247482954544,0.0001780862616477273,0.3579384725568182,176,176,176,176,176,176,176,176
2024-11-12 18:00:00+00:00,0.0001477565398591549,0.0001419344038028169,0.0005495342485915493,0.00011575393740140846,0.009285934873239437,0.0002780039971830986,0.00017828198014084506,0.3569127878915663,142,142,142,142,142,142,142,166
2024-11-12 21:00:00+00:00,0.00014599009061797753,0.00013901905230337077,0.0005473520786516854,0.00011586534159550561,0.00924981640730337,0.00027688446988764044,0.0001789225235955056,0.3556586160674157,178,178,178,178,178,178,178,178
2024-11-13 00:00:00+00:00,0.00014570501455555556,0.00013802069133333334,0.0005507533036111112,0.00011653240185555556,0.009274985869444445,0.0002777981704444445,0.00017797561094444442,0.35472160427777777,180,180,180,180,180,180,180,180
2024-11-13 03:00:00+00:00,0.00014482498205555555,0.00013513517816666665,0.0005398658167777777,0.00011662040523888889,0.009184340425,0.00027293484433333335,0.00017742600922222222,0.3536855783888889,180,180,180,180,180,180,180,180
2024-11-13 06:00:00+00:00,0.00014416421305555555,0.00013230188372222222,0.0005375474267777778,0.00011352637416666667,0.00904470666388889,0.0002723602681111111,0.00017805243833333333,0.35328038394444444,180,180,180,180,180,180,180,180
2024-11-13 09:00:00+00:00,0.00014306868028089888,0.00013031018735955055,0.0005318371867977528,0.00011253908974157305,0.009006999632022472,0.00027106915853932585,0.00017544125269662922,0.35283811056179776,178,178,178,178,178,178,178,178
2024-11-13 12:00:00+00:00,0.00014315383383333333,0.00012949159666666667,0.0005356007706666667,0.00011365592422777779,0.009103317291666666,0.00027212658538888887,0.00017689758038888888,0.35276783805555556,180,180,180,180,180,180,180,180
2024-11-13 15:00:00+00:00,0.00014323076666666667,0.00012853204611111113,0.0005359527086666667,0.00011389243965555556,0.009111266358333333,0.00027196212544444443,0.00017446473194444444,0.3521886687222222,180,180,180,180,180,180,180,180
2024-11-13 18:00:00+00:00,0.0001422835695,0.00012701971092857144,0.0005316949868571429,0.00011331149995714286,0.009083424564285713,0.0002698632510714286,0.00017528598364285715,0.35130448950000004,140,140,140,140,140,140,140,140
2024-11-13 21:00:00+00:00,0.000141758162752809,0.00012605108741573032,0.0005307687489325843,0.0001149558830730337,0.009073486514044944,0.000270113597247191,0.00017786285235955057,0.3505358629775281,178,178,178,178,178,178,178,178
2024-11-14 00:00:00+00:00,0.00014086930422222224,0.00012511215638888888,0.0005271189668888889,0.00011346798558888888,0.009045839994444443,0.0002685006083333333,0.00017525854611111113,0.3495855383888889,180,180,180,180,180,180,180,180
2024-11-14 03:00:00+00:00,0.00014116799783333333,0.00012479402844444446,0.0005269566931666667,0.00011237651848333334,0.009022188483333332,0.00026740518077777775,0.0001741803372777778,0.349129211,180,180,180,180,180,180,180,180
2024-11-14 06:00:00+00:00,0.000141629546,0.0001251966586111111,0.0005245249653888889,0.00011127205355,0.008904839394444444,0.00026709599288888885,0.00017321020483333332,0.34840900583333334,180,180,180,180,180,180,180,180
2024-11-14 09:00:00+00:00,0.00014167124405555556,0.00012598961383333333,0.0005247645155555555,0.00011062432584444445,0.008896806308333333,0.0002657149481111111,0.00017335819655555555,0.3480332281111111,180,180,180,180,180,180,180,180
2024-11-14 12:00:00+00:00,0.00014123160394444444,0.000125857305,0.0005211902823888889,0.00011045796917222222,0.00893152951111111,0.0002631534445555556,0.000173104387,0.3473093121111111,180,180,180,180,180,180,180,180
2024-11-14 15:00:00+00:00,0.00014052728333333332,0.00012324679005,0.0005187905501666667,0.00010918541578333333,0.008924265108333333,0.00026285621827777775,0.00017258559327777776,0.3465637687777778,180,180,180,180,180,180,180,180
2024-11-14 18:00:00+00:00,0.00013874195258426966,0.00012198866647191012,0.0005188721742696629,0.00011078878736516854,0.008932150601123595,0.0002637561085955056,0.00017152351999999999,0.34626176735955055,178,178,178,178,178,178,178,178
2024-11-14 21:00:00+00:00,0.00013871071944444445,0.00012206372598333335,0.0005185821410555555,0.00011172764205,0.008934878855555555,0.0002637760795555556,0.00017389462594444443,0.3457892811666667,180,180,180,180,180,180,180,180
2024-11-15 00:00:00+00:00,0.00013870244533333332,0.00012252770847777776,0.0005246840167222222,0.00011151616384444445,0.008998041144444444,0.00026580565516666667,0.00017301665505555557,0.3458465717777778,180,180,180,180,180,180,180,180
2024-11-15 03:00:00+00:00,0.00013791345527777778,0.000123742057,0.0005238110748888888,0.0001111308549111111,0.008996129177777777,0.00026573957255555556,0.0001713823172222222,0.3460056072777778,180,180,180,180,180,180,180,180
2024-11-15 06:00:00+00:00,0.00013847803794444445,0.00012660798227777777,0.0005247298717222222,0.0001102627879888889,0.008886282827777777,0.00026377562,0.00017337349955555555,0.3454920132222222,180,180,180,180,180,180,180,180
2024-11-15 09:00:00+00:00,0.00013848324205555557,0.00012707676316666666,0.0005232696262777777,0.00011167205976666666,0.008862778191666667,0.0002622370683333333,0.00017145342766666666,0.3451097428888889,180,180,180,180,180,180,180,180
2024-11-15 12:00:00+00:00,0.00013865587633333333,0.00012699512705555556,0.0005227506083888888,0.00011177330172222223,0.0089392993,0.000261602675,0.00016929394005555555,0.3449056013333333,180,180,180,180,180,180,180,180
2024-11-15 15:00:00+00:00,0.00013772097544444443,0.000127084405,0.0005203312179444445,0.00011019951195555555,0.008941156955555555,0.00026205171716666667,0.00017136571055555557,0.34489272605555554,180,180,180,180,180,180,180,180
2024-11-15 18:00:00+00:00,0.00013737025011235956,0.0001262930947191011,0.0005195514209550562,0.00010988992924719101,0.008942170643258427,0.0002622561633707865,0.00017139341550561797,0.3444569189325843,178,178,178,178,178,178,178,178
2024-11-15 21:00:00+00:00,0.00013695194383333333,0.00012763862716666668,0.0005200970555555556,0.00011109399263333333,0.008939148763888889,0.0002619443050555556,0.00017039275794444443,0.3439826005,180,180,180,180,180,180,180,180
2024-11-16 00:00:00+00:00,0.0001378953865,0.0001277942897222222,0.0005255212752222222,0.00011301577159444444,0.00897895923888889,0.0002645265651666667,0.00017343060816666666,0.34401466105555556,180,180,180,180,180,180,180,180
2024-11-16 03:00:00+00:00,0.0001377575456111111,0.00012916826994444446,0.0005178658969999999,0.00010986506172222223,0.008912491427777778,0.00026020815383333333,0.00017228350822222222,0.34329003627777777,180,180,180,180,180,180,180,180
2024-11-16 06:00:00+00:00,0.000138470901,0.00012946262855555556,0.0005170574906111111,0.00010963856715,0.008811994430555555,0.0002612898962222222,0.00017195111272222223,0.3431742828888889,180,180,180,180,180,180,180,180
2024-11-16 09:00:00+00:00,0.00013711130772222222,0.00012894881783333332,0.0005139039824444444,0.00010787643053333333,0.008803677583333334,0.00026056044566666667,0.00017147418083333333,0.34304328055555555,180,180,180,180,180,180,180,180
2024-11-16 12:00:00+00:00,0.0001371871001111111,0.0001278662291111111,0.0005104969643333334,0.00010790800917222222,0.008838029575,0.00025927476605555556,0.00016877747877777776,0.34241720033333334,180,180,180,180,180,180,180,180
2024-11-16 15:00:00+00:00,0.00013663430594444443,0.00012700093083333334,0.0005083499657777778,0.00010833875026111112,0.008831086,0.0002583072018888889,0.0001686237732777778,0.3418674413888889,180,180,180,180,180,180,180,180
2024-11-16 18:00:00+00:00,0.00013684763398876405,0.0001263221858988764,0.0005093881579213484,0.00010928912300561797,0.00884079086235955,0.0002592135843258427,0.0001688547433707865,0.3417450797191011,178,178,178,178,178,178,178,178
2024-11-16 21:00:00+00:00,0.00013701829361111113,0.00012651969722222222,0.0005108710652777777,0.00010947732492222222,0.008850850330555556,0.000259885857,0.00016864060294444444,0.3414882116111111,180,180,180,180,180,180,180,180
2024-11-17 00:00:00+00:00,0.00013660189672222222,0.00012650718122222222,0.000507749331,0.0001085959333888889,0.008837843105555555,0.00025868498333333334,0.00016998763566666668,0.34086944,180,180,180,180,180,180,180,180
2024-11-17 03:00:00+00:00,0.0001376209676111111,0.0001273799346111111,0.0005101590921666667,0.00010875743679444445,0.008842734044444444,0.00025931127627777775,0.00016888868283333335,0.3411011441111111,180,180,180,180,180,180,180,180
2024-11-17 06:00:00+00:00,0.00013853662272222223,0.00012839929327777778,0.0005108688380555556,0.00010804463921111111,0.008754949419444444,0.0002599265858888889,0.00016995856511111112,0.34142261877777774,180,180,180,180,180,180,180,180
2024-11-17 09:00:00+00:00,0.00013869218227777777,0.00013053011549999998,0.0005134680997777778,0.00010885341645555556,0.008785781533333334,0.00026193092016666667,0.00016920763655555558,0.34226960622222224,180,180,180,180,180,180,180,180
2024-11-17 12:00:00+00:00,0.00013987641727777777,0.00013253048377777777,0.000514348457,0.0001092992198888889,0.00884989918611111,0.00026054476416666666,0.00017053269011111112,0.3423164618888889,180,180,180,180,180,180,180,180
2024-11-17 15:00:00+00:00,0.00014033349344444443,0.00013240084316666666,0.0005166170170000001,0.00011016854578888889,0.008901703247222222,0.00026192885450000003,0.00017200032472222224,0.34292006905555555,180,180,180,180,180,180,180,180
2024-11-17 18:00:00+00:00,0.00014102325050561798,0.0001341934995505618,0.0005189779124719101,0.00011073318252808989,0.008913178820224719,0.00026247793966292137,0.00017331716494382022,0.34301352241573035,178,178,178,178,178,178,178,178
2024-11-17 21:00:00+00:00,0.0001429689736111111,0.00013514331033333333,0.0005225095770555556,0.00011287247403888888,0.00894465371388889,0.00026424606327777776,0.0001745845657777778,0.3433298027777778,180,180,180,180,180,180,180,180
2024-11-18 00:00:00+00:00,0.00014370093944444443,0.00013571425555555555,0.0005240916458333333,0.00011325293172777777,0.008974187697222222,0.0002654581399444444,0.00017443864172222222,0.34362729277777776,180,180,180,180,180,180,180,180
2024-11-18 03:00:00+00:00,0.00014472583627777777,0.00013641891849999998,0.0005241584525555556,0.00011392433875555556,0.008971088308333333,0.0002657953666111111,0.00017631641399999998,0.3439855465,180,180,180,180,180,180,180,180
2024-11-18 06:00:00+00:00,0.00014491066022222224,0.00013665003072222223,0.0005280520398888888,0.00011729307939444445,0.008914393755555555,0.00026788471272222225,0.00017897126227777778,0.344885814,180,180,180,180,180,180,180,180
2024-11-18 09:00:00+00:00,0.000146553338,0.00014028114755555555,0.0005329871161666667,0.00011767368574444445,0.008961835552777778,0.0002687399135,0.00017890072749999998,0.34614432438888887,180,180,180,180,180,180,180,180
2024-11-18 12:00:00+00:00,0.00014773153044444446,0.00014292897044444443,0.0005385821396111111,0.00011836292107222221,0.009068388791666666,0.00026882017133333334,0.00018161543783333335,0.3466979628888889,180,180,180,180,180,180,180,180
2024-11-18 15:00:00+00:00,0.0001469719597777778,0.00014233300616666667,0.0005361069418333333,0.00011802036915000001,0.00908145816388889,0.0002685975505,0.0001808225248888889,0.346471552,180,180,180,180,180,180,180,180
2024-11-18 18:00:00+00:00,0.00014724960595505616,0.00014308614280898876,0.0005399319520224719,0.00012044556941573034,0.009117883924157305,0.00027171890528089886,0.00018558746915730336,0.34686819808988767,178,178,178,178,178,178,178,178
2024-11-18 21:00:00+00:00,0.00014599511055555557,0.00014353838283333333,0.0005418959265555555,0.00011974952025,0.009164871063888889,0.0002723008351666667,0.00018326149516666664,0.3477428642222222,180,180,180,180,180,180,180,180
2024-11-19 00:00:00+00:00,0.00014704588588888888,0.00014447351122222224,0.0005413860415555556,0.00011748500758333333,0.009195790125,0.0002710576123333333,0.0001830558457222222,0.34817111405555556,180,180,180,180,180,180,180,180
2024-11-19 03:00:00+00:00,0.0001487625561111111,0.00014591676083333335,0.0005411332126666667,0.0001173559376,0.009189313505555555,0.00026909646177777777,0.00018460126138888892,0.34858813983333337,180,180,180,180,180,180,180,180
2024-11-19 06:00:00+00:00,0.00015007386833333332,0.0001466717361111111,0.0005444395498888888,0.00011434728927222223,0.00912510766111111,0.00026977286205555557,0.0001842303082222222,0.3493718441111111,180,180,180,180,180,180,180,180
2024-11-19 09:00:00+00:00,0.00014983674827777777,0.00014611937205555556,0.0005441445123888889,0.00011325239649444445,0.009144254213888888,0.0002701570076111111,0.0001848597477222222,0.35008082455555556,180,180,180,180,180,180,180,180
2024-11-19 12:00:00+00:00,0.0001508312947777778,0.00014619114327777777,0.0005452837342777778,0.00011475547850555555,0.009242240086111112,0.0002709951933888889,0.0001848191826111111,0.35109530127777777,180,180,180,180,180,180,180,180
2024-11-19 15:00:00+00:00,0.00015151056623595506,0.00014630388893258428,0.0005511465342134832,0.00011536965841011236,0.009309060584269663,0.0002737256434269663,0.0001866116841011236,0.35210023443820226,178,178,178,178,178,178,178,178
2024-11-19 18:00:00+00:00,0.00015137000278409092,0.00014694552664772727,0.0005520165519318182,0.00011353421264204545,0.009327889681818182,0.00027316075664772727,0.00018602039886363639,0.35215512159090906,176,176,176,176,176,176,176,176
2024-11-19 21:00:00+00:00,0.0001511364555,0.00014660099466666667,0.0005524235978333333,0.00011333265538333333,0.009340893369444445,0.00027269371794444447,0.00018479400677777778,0.3519897758333333,180,180,180,180,180,180,180,180
2024-11-20 00:00:00+00:00,0.000151798801,0.0001469605665,0.0005530827738888888,0.00011365118782777779,0.009367509444444444,0.0002725334783333333,0.00018383987461111111,0.35251530072222226,180,180,180,180,180,180,180,180
2024-11-20 03:00:00+00:00,0.00015269162477777776,0.0001470395685,0.0005543720017777778,0.00011373926307222221,0.009369832336111111,0.0002745022596666667,0.0001855278681111111,0.3531873607777778,180,180,180,180,180,180,180,180
2024-11-20 06:00:00+00:00,0.00015333414238888888,0.0001465882958888889,0.0005550336401111111,0.00011627953036666667,0.009294139355555555,0.000274994374,0.00018502694727777776,0.35400719994444446,180,180,180,180,180,180,180,180
2024-11-20 09:00:00+00:00,0.00015290398105555556,0.00014507070411111112,0.0005565879535555556,0.00011920139886666668,0.009323044272222223,0.0002751027986111111,0.00018584714505555554,0.3547478716111111,180,180,180,180,180,180,180,180
2024-11-20 12:00:00+00:00,0.00015257241322222222,0.0001455187016111111,0.0005549229675555555,0.00011920015425,0.009406753355555556,0.0002752226278888889,0.00018458213155555557,0.35521297733333335,180,180,180,180,180,180,180,180
2024-11-20 15:00:00+00:00,0.0001528878943220339,0.00014516598033898306,0.0005549774316101695,0.00011866325144915254,0.009429000177966102,0.0002762972529661017,0.00018444994016949154,0.3556806268604651,118,118,118,118,118,118,118,172
2024-11-20 18:00:00+00:00,,,,,,,,0.35624665125,0,0,0,0,0,0,0,120
2024-11-20 21:00:00+00:00,0.00015424261050561797,0.00014628743876404494,0.0005614027611235955,0.00011544615280898876,0.009511342452247192,0.0002776684515730337,0.00018426298578651687,0.35646955460674157,178,178,178,178,178,178,178,178
2024-11-21 00:00:00+00:00,0.00015401336672222221,0.00014652905677777777,0.0005623214166111111,0.00011757541715,0.009547512933333334,0.00027746578755555556,0.00018358919366666667,0.3566036019444444,180,180,180,180,180,180,180,180
2024-11-21 03:00:00+00:00,0.00015456108450000001,0.00014970615016666666,0.0005618574255,0.00011632532298333334,0.009529250808333334,0.0002773160016111111,0.0001823934535,0.35683166577777775,180,180,180,180,180,180,180,180
2024-11-21 06:00:00+00:00,0.00015623136094444445,0.00015090172455555555,0.0005650485444444445,0.00011680288843333334,0.009466911780555556,0.0002783819198333333,0.00018292697516666666,0.35779265144444444,180,180,180,180,180,180,180,180
2024-11-21 09:00:00+00:00,0.0001571950675,0.00015203753427777778,0.0005673726911111111,0.00011936366842777778,0.0094980452,0.0002782707293888889,0.00018222653294444442,0.35862677372222224,180,180,180,180,180,180,180,180
2024-11-21 12:00:00+00:00,0.0001566683361111111,0.0001520044375,0.0005741463437777777,0.00012135588174999999,0.009628786413888889,0.0002808121883333333,0.00018685731438888888,0.35938144949999995,180,180,180,180,180,180,180,180
2024-11-21 15:00:00+00:00,0.0001580058806111111,0.00015492765083333331,0.0005755288511666667,0.000120909843,0.009647263691666666,0.00027991924883333333,0.0001867729832222222,0.35939728205555554,180,180,180,180,180,180,180,180
2024-11-21 18:00:00+00:00,0.0001571496279775281,0.00015301078449438203,0.0005815670394382022,0.00012134036238764046,0.009709341314606742,0.00028599831286516854,0.00019018701449438204,0.3603533502808989,178,178,178,178,178,178,178,178
2024-11-21 21:00:00+00:00,0.00015902553122222222,0.00015765391183333334,0.0005846168490555556,0.00012251304789444444,0.009732871425000001,0.00028624007816666666,0.0001909495598888889,0.3603590655555555,180,180,180,180,180,180,180,180
2024-11-22 00:00:00+00:00,0.00015943861816666665,0.00015840057711111113,0.0005802492401666667,0.00012280953579444444,0.009704993175,0.00028471220338888885,0.0001875772035,0.3604135793888889,180,180,180,180,180,180,180,180
2024-11-22 03:00:00+00:00,0.0001608668133888889,0.0001592077077777778,0.0005829131346666666,0.00012263688920555556,0.009690980422222223,0.00028516088933333334,0.00018975584033333333,0.36083651699999997,180,180,180,180,180,180,180,180
2024-11-22 06:00:00+00:00,0.00016052960116666668,0.00015963539627777778,0.0005846778479444445,0.00012199626455,0.00962587338611111,0.00028422592666666667,0.00018730250322222222,0.3618439143888889,180,180,180,180,180,180,180,180
2024-11-22 09:00:00+00:00,0.00016112791394444443,0.00016181361155555556,0.0005864034250555555,0.00012159686153333334,0.009645495408333333,0.0002842779397222222,0.00018795234494444445,0.3622450875,180,180,180,180,180,180,180,180
2024-11-22 12:00:00+00:00,0.00016252797629629629,0.00016334644277777777,0.0005912166631481481,0.00012127886682407407,0.009755370282407408,0.0002851697110185185,0.00018907099185185185,0.362676289122807,108,108,108,108,108,108,108,114
2024-11-22 15:00:00+00:00,,,,,,,,0.362888732,0,0,0,0,0,0,0,10
2024-11-22 18:00:00+00:00,0.00016246744739726026,0.00016563017493150683,0.0005982743493150685,0.00012300137521917807,0.00980732115068493,0.00028823785602739724,0.00019020404520547947,0.36357627567901235,73,73,73,73,73,73,73,81
2024-11-22 21:00:00+00:00,0.0001642632737777778,0.00016774615783333332,0.0006010454709444445,0.0001230755274222222,0.009824540769444444,0.00028888069,0.00019024016672222223,0.36389793138888893,180,180,180,180,180,180,180,180
2024-11-23 00:00:00+00:00,,,,,,,,0.36341787933333336,0,0,0,0,0,0,0,180
2024-11-23 03:00:00+00:00,,,,,,,,0.3634302027222222,0,0,0,0,0,0,0,180
2024-11-23 06:00:00+00:00,,,,,,,,0.3642082935,0,0,0,0,0,0,0,180
2024-11-23 09:00:00+00:00,,,,,,,,0.3652202832777778,0,0,0,0,0,0,0,180
2024-11-23 12:00:00+00:00,,,,,,,,0.3655008788888888,0,0,0,0,0,0,0,180
2024-11-23 15:00:00+00:00,,,,,,,,0.3664838,0,0,0,0,0,0,0,180
2024-11-23 18:00:00+00:00,,,,,,,,0.36686365191011233,0,0,0,0,0,0,0,178
2024-11-23 21:00:00+00:00,,,,,,,,0.36689615882681564,0,0,0,0,0,0,0,179
2024-11-24 00:00:00+00:00,,,,,,,,0.3674923683333333,0,0,0,0,0,0,0,12
2024-11-24 03:00:00+00:00,,,,,,,,0.3683421188888889,0,0,0,0,0,0,0,18
2024-11-24 06:00:00+00:00,,,,,,,,0.36851140545454547,0,0,0,0,0,0,0,22
2024-11-24 09:00:00+00:00,,,,,,,,0.37013484611111114,0,0,0,0,0,0,0,18
2024-11-24 12:00:00+00:00,,,,,,,,0.36993626409090913,0,0,0,0,0,0,0,22
2024-11-24 15:00:00+00:00,,,,,,,,0.37090147,0,0,0,0,0,0,0,12
2024-11-24 18:00:00+00:00,,,,,,,,0.3702412614285714,0,0,0,0,0,0,0,14
2024-11-24 21:00:00+00:00,,,,,,,,0.37080123000000004,0,0,0,0,0,0,0,6
2024-11-25 00:00:00+00:00,,,,,,,,0.3715831491666666,0,0,0,0,0,0,0,12
2024-11-25 03:00:00+00:00,,,,,,,,0.37261644541666666,0,0,0,0,0,0,0,24
2024-11-25 06:00:00+00:00,,,,,,,,0.373294480625,0,0,0,0,0,0,0,16
2024-11-25 09:00:00+00:00,,,,,,,,0.37397284625,0,0,0,0,0,0,0,24
2024-11-25 12:00:00+00:00,0.00017227498758620692,0.00017493603827586207,0.0006415377937931034,0.00012732030586206898,0.010314274517241378,0.0003013296896551724,0.00019510314,0.3744169401960784,29,29,29,29,29,29,29,51
2024-11-25 15:00:00+00:00,0.0001738732555,0.0001761100297222222,0.0006491503872777778,0.00012565484355555557,0.010363232341666667,0.0003047894924444444,0.00019520823066666667,0.3747968492777778,180,180,180,180,180,180,180,180
2024-11-25 18:00:00+00:00,0.00017484058206896554,0.00017764614586206898,0.0006504793876436781,0.00012615943258620688,0.01035516275862069,0.0003060982631034483,0.00019828973540229886,0.37437220919540226,174,174,174,174,174,174,174,174
2024-11-25 21:00:00+00:00,0.00017396494249999998,0.000180421878,0.0006565761678888889,0.0001266457661111111,0.010407725650000001,0.0003080872367222222,0.0001977813838888889,0.37453607077777773,180,180,180,180,180,180,180,180
2024-11-26 00:00:00+00:00,0.00017131900205555556,0.00017842616938888888,0.0006412184009444445,0.00012325736506666666,0.010339500616666665,0.0003009942993888889,0.00019538667233333335,0.37371382216666665,180,180,180,180,180,180,180,180
2024-11-26 03:00:00+00:00,0.00017180129655555555,0.00017930761427777778,0.0006383696611666667,0.0001235910266611111,0.010320409244444445,0.00029870581544444447,0.00019416528811111114,0.37390046855555553,180,180,180,180,180,180,180,180
2024-11-26 06:00:00+00:00,0.0001718427266111111,0.00017840694250000001,0.0006409186247222222,0.00012332030116666667,0.0102561547,0.00030043109305555554,0.00019615532844444446,0.37491183811111106,180,180,180,180,180,180,180,180
2024-11-26 09:00:00+00:00,0.00017363327033333335,0.0001794955945,0.0006443374808888889,0.00012437493937777778,0.010265707124999999,0.0003020980551666667,0.0001953324357222222,0.3756724991111111,180,180,180,180,180,180,180,180
2024-11-26 12:00:00+00:00,0.00017524940146067415,0.0001791244526966292,0.0006477007804494382,0.00012704817033707866,0.010366070120786518,0.00030379270241573034,0.00019769995460674157,0.37627130050561797,178,178,178,178,178,178,178,178
2024-11-26 15:00:00+00:00,0.00017525709439759036,0.00017670505265060242,0.000650978751506024,0.00012762777903614457,0.010431359563253013,0.00030639035210843374,0.00019866775469879518,0.37731408082352935,166,166,166,166,166,166,166,170
2024-11-26 18:00:00+00:00,0.0001753410824657534,0.00017736870493150687,0.0006478098409589041,0.00012623305047945204,0.010415564688356164,0.0003038144686986301,0.00019892792,0.3767410526666667,146,146,146,146,146,146,146,150
2024-11-26 21:00:00+00:00,0.0001747649531460674,0.0001762533706741573,0.000649550198764045,0.00012729310033707865,0.010443633193820225,0.00030543310741573036,0.00019898634466292134,0.3770164853932584,178,178,178,178,178,178,178,178
2024-11-27 00:00:00+00:00,0.00017562773883333333,0.0001784232943888889,0.0006487414180555555,0.0001272108295,0.010461569841666666,0.00030432538122222223,0.00019878008455555555,0.3771122469444444,180,180,180,180,180,180,180,180
2024-11-27 03:00:00+00:00,0.00017661738383333334,0.00017835524955555558,0.0006480748752222222,0.00012491504244444444,0.010425637083333333,0.00030151040583333336,0.00019482521927777777,0.3771298541111111,180,180,180,180,180,180,180,180
2024-11-27 06:00:00+00:00,0.00017657288044444443,0.00017581934583333332,0.0006492142943888889,0.00012568408677777776,0.010349965825,0.00030199842666666667,0.00019403000344444442,0.37757485766666665,180,180,180,180,180,180,180,180
2024-11-27 09:00:00+00:00,0.00017717483483333334,0.00017681091044444445,0.0006543106034999999,0.0001280397435,0.010395826538888889,0.0003062559193888889,0.00019695772438888887,0.37868965816666667,180,180,180,180,180,180,180,180
2024-11-27 12:00:00+00:00,0.000178407332,0.00017930876316666667,0.0006581439497777778,0.00012807581655555558,0.010517291052777777,0.0003079307273888889,0.0001975170801111111,0.379359708,180,180,180,180,180,180,180,180
2024-11-27 15:00:00+00:00,0.00017808102511904762,0.00017581508470238094,0.0006493066858333334,0.00012513416695833333,0.01047221499702381,0.0003047880910119048,0.00019588430970238094,0.3787225011904762,168,168,168,168,168,168,168,168
2024-11-27 18:00:00+00:00,0.00017790820532258067,0.00017547657580645163,0.0006621894508064516,0.00012882494330645163,0.010594917338709677,0.0003100720008870968,0.00020023934693548385,0.3797263234375,124,124,124,124,124,124,124,128
2024-11-27 21:00:00+00:00,0.0001776316258988764,0.0001756679140449438,0.0006520238584269663,0.0001279832967977528,0.010527441185393258,0.0003057377052247191,0.00019878227831460673,0.3790507029775281,178,178,178,178,178,178,178,178
2024-11-28 00:00:00+00:00,0.0001770727908888889,0.00017367857666666668,0.0006517383,0.00012699780183333332,0.010539046797222222,0.0003065155722777778,0.00019437010433333334,0.3789472821666667,180,180,180,180,180,180,180,180
2024-11-28 03:00:00+00:00,0.0001774630611666667,0.0001744561567777778,0.0006508106995000001,0.00012560490655555556,0.010527872866666666,0.0003062115501111111,0.0001963018135,0.37874981127777774,180,180,180,180,180,180,180,180
2024-11-28 06:00:00+00:00,0.0001785625372777778,0.0001769451168888889,0.0006530906004444444,0.00012584553433333333,0.010440317002777779,0.00030540711066666664,0.000196977589,0.37910736199999995,180,180,180,180,180,180,180,180
2024-11-28 09:00:00+00:00,0.00017730878783333334,0.0001768192398888889,0.0006482590811666667,0.0001242338981888889,0.010406533,0.00030371158405555557,0.00019754609011111111,0.3787826421111111,180,180,180,180,180,180,180,180
2024-11-28 12:00:00+00:00,0.00017648027616666665,0.00017681400316666668,0.0006469058712777778,0.00012338608077777776,0.01046504485,0.00030098351516666665,0.00019462583038888892,0.3784919412777778,180,180,180,180,180,180,180,180
2024-11-28 15:00:00+00:00,0.00017676879827777778,0.00017759383716666667,0.0006484341657777778,0.0001241108578611111,0.010486992502777777,0.0003027140636666667,0.00019466838488888888,0.3786036319444444,180,180,180,180,180,180,180,180
2024-11-28 18:00:00+00:00,0.00017672861421348315,0.00017512315994382022,0.0006447768501123595,0.0001244003043033708,0.010458537924157303,0.0003019741515730337,0.0001940062858988764,0.3778100274719101,178,178,178,178,178,178,178,178
2024-11-28 21:00:00+00:00,0.00017629401972222222,0.00017418707977777777,0.000645150566611111,0.0001253763588888889,0.01047173486388889,0.0003023511875555555,0.0001922862795,0.37763764222222224,180,180,180,180,180,180,180,180
2024-11-29 00:00:00+00:00,0.000176327927,0.00017514441072222223,0.0006441022193888889,0.00012396382224444445,0.010454043211111111,0.0003011388518333333,0.00019206879877777777,0.37699613072222227,180,180,180,180,180,180,180,180
2024-11-29 03:00:00+00:00,0.00017485799338888889,0.00017347440516666667,0.0006385257047222222,0.00012538843683333335,0.010385482530555556,0.00029783538605555556,0.00019361248483333335,0.3761584324444444,180,180,180,180,180,180,180,180
2024-11-29 06:00:00+00:00,0.00017468832394444445,0.0001752730812222222,0.0006398800043888889,0.00012658839827777777,0.010303442980555555,0.0003007271091111111,0.00019399200494444444,0.3762580981111111,180,180,180,180,180,180,180,180
2024-11-29 09:00:00+00:00,0.00017430887761111111,0.00017651871844444445,0.0006396289605555556,0.00012559498205555556,0.010292506891666666,0.00029803093105555553,0.00019030786750000002,0.37610476983333335,180,180,180,180,180,180,180,180
2024-11-29 12:00:00+00:00,0.00017471259422222223,0.00017759669683333333,0.0006398465031666667,0.00012541215316666667,0.010351191722222222,0.0002977642846666667,0.00019001596861111113,0.3758855682777778,180,180,180,180,180,180,180,180
2024-11-29 15:00:00+00:00,0.0001753591786111111,0.00017773323833333333,0.0006428464853333333,0.00012621593622222222,0.010377811458333332,0.00029925901344444447,0.00018976838655555554,0.3758902857777778,180,180,180,180,180,180,180,180
2024-11-29 18:00:00+00:00,0.00017482302814606743,0.0001768455870224719,0.0006450369953932585,0.0001268817231460674,0.010385002165730337,0.0003013048573033708,0.00019145377814606742,0.3757593563483146,178,178,178,178,178,178,178,178
2024-11-29 21:00:00+00:00,0.00017337805416666667,0.00017748820422222223,0.0006374360197222222,0.0001262568143888889,0.01032545476388889,0.00029855590555555555,0.00019174733444444445,0.3748817575555556,180,180,180,180,180,180,180,180
2024-11-30 00:00:00+00:00,0.00017423582055555554,0.00017776715527777776,0.0006370095892222222,0.00012526182530555555,0.010338457672222221,0.00029813969194444445,0.00019116782077777776,0.374871979,180,180,180,180,180,180,180,180
2024-11-30 03:00:00+00:00,0.00017319834544444446,0.00017656065055555556,0.0006340321092777778,0.00012448911483333333,0.010290903386111112,0.0002972269436111111,0.0001911088713888889,0.37426779055555554,180,180,180,180,180,180,180,180
2024-11-30 06:00:00+00:00,0.00017285089705555557,0.00017714129955555554,0.0006319571755,0.00012372449458888888,0.010184236097222223,0.0002971451746111111,0.000190035424,0.3743321101111111,180,180,180,180,180,180,180,180
2024-11-30 09:00:00+00:00,0.00017324238466666668,0.000178420278,0.0006319908715,0.0001253202576111111,0.010163633797222222,0.00029799251722222226,0.00019164104466666665,0.37400191983333336,180,180,180,180,180,180,180,180
2024-11-30 12:00:00+00:00,0.00017175861094444444,0.00017802784766666666,0.0006250500558333333,0.00012371897640555557,0.010159178988888889,0.00029435089733333337,0.00018869269816666667,0.37294778399999995,180,180,180,180,180,180,180,180
2024-11-30 15:00:00+00:00,0.0001729416895,0.00018052104077777775,0.0006275758143333333,0.00012511732547222223,0.01019270648611111,0.0002949675946111111,0.00019136626572222222,0.37288127527777776,180,180,180,180,180,180,180,180
2024-11-30 18:00:00+00:00,0.0001737390568539326,0.0001820024302808989,0.000629443544494382,0.00012536410715730336,0.010226798278089888,0.00029610073769662925,0.00019138927825842697,0.37287313977528086,178,178,178,178,178,178,178,178
2024-11-30 21:00:00+00:00,0.0001730584241111111,0.0001815075447777778,0.0006261139163333333,0.00012350003178888887,0.010197635419444444,0.00029547162633333335,0.00018830207233333333,0.37222128983333336,180,180,180,180,180,180,180,180
