datetime,satellite,rho_mean,rho_median,alt_mean,n_samples
2024-04-01 00:00:00+00:00,GRACE-FO,8.253063666666666e-13,8.69043835e-13,492446.8230601852,1080
2024-04-01 03:00:00+00:00,GRACE-FO,8.3138710575e-13,8.33356735e-13,492370.2800925926,1080
2024-04-01 06:00:00+00:00,GRACE-FO,9.081987489074074e-13,9.0058294e-13,492303.0777805556,1080
2024-04-01 09:00:00+00:00,GRACE-FO,8.870287438703703e-13,8.875220600000001e-13,492579.4406175926,1080
2024-04-01 12:00:00+00:00,GRACE-FO,9.24972552111111e-13,9.044438e-13,493088.8174611111,1080
2024-04-01 15:00:00+00:00,GRACE-FO,8.537430663055556e-13,8.45226735e-13,493185.836212963,1080
2024-04-01 18:00:00+00:00,GRACE-FO,7.965307962870369e-13,8.0767869e-13,492636.24041574076,1080
2024-04-01 21:00:00+00:00,GRACE-FO,8.04289592787037e-13,8.231026999999999e-13,491846.0821777778,1080
2024-04-02 00:00:00+00:00,GRACE-FO,7.722878812407407e-13,8.2386431e-13,491477.3253648148,1080
2024-04-02 03:00:00+00:00,GRACE-FO,7.50329814037037e-13,8.0637439e-13,491575.4347175926,1080
2024-04-02 06:00:00+00:00,GRACE-FO,7.190100280277778e-13,7.598832e-13,491989.31556296296,1080
2024-04-02 09:00:00+00:00,GRACE-FO,7.742802448796296e-13,7.6564303e-13,492326.3293009259,1080
2024-04-02 12:00:00+00:00,GRACE-FO,7.498772750555556e-13,7.438772700000001e-13,492344.6595277778,1080
2024-04-02 15:00:00+00:00,GRACE-FO,7.202676911481481e-13,6.949304199999999e-13,492265.4466833333,1080
2024-04-02 18:00:00+00:00,GRACE-FO,6.821385791111111e-13,6.760497199999999e-13,492481.85989722225,1080
2024-04-02 21:00:00+00:00,GRACE-FO,6.540145867592592e-13,6.7787422e-13,492947.2523314815,1080
2024-04-03 00:00:00+00:00,GRACE-FO,6.533323200092592e-13,6.24559975e-13,493165.8168611111,1080
2024-04-03 03:00:00+00:00,GRACE-FO,6.512391262037038e-13,7.10486185e-13,492724.6604037037,1080
2024-04-03 06:00:00+00:00,GRACE-FO,6.68651642574074e-13,6.87393365e-13,491885.0062666667,1080
2024-04-03 09:00:00+00:00,GRACE-FO,6.442028119444444e-13,6.60213105e-13,491376.7297351852,1080
2024-04-03 12:00:00+00:00,GRACE-FO,6.231782808796297e-13,6.57473215e-13,491593.9502138889,1080
2024-04-03 15:00:00+00:00,GRACE-FO,6.150487829351852e-13,6.32110335e-13,492020.36195370374,1080
2024-04-03 18:00:00+00:00,GRACE-FO,5.715123886759259e-13,6.0789617e-13,492276.88155555556,1080
2024-04-03 21:00:00+00:00,GRACE-FO,5.589585507592593e-13,5.4537055e-13,492244.24956111115,1080
2024-04-04 00:00:00+00:00,GRACE-FO,5.233638663888889e-13,5.41675335e-13,492210.7150259259,1080
2024-04-04 03:00:00+00:00,GRACE-FO,5.262858031018519e-13,5.5366533e-13,492439.29493611114,1080
2024-04-04 06:00:00+00:00,GRACE-FO,5.779253596388889e-13,5.6388365e-13,492887.37995092594,1080
2024-04-04 09:00:00+00:00,GRACE-FO,6.313185709351853e-13,6.4558811e-13,493078.83890648145,1080
2024-04-04 12:00:00+00:00,GRACE-FO,6.750256736574074e-13,6.730518999999999e-13,492778.20454444445,1080
2024-04-04 15:00:00+00:00,GRACE-FO,6.635815834722222e-13,6.733107200000001e-13,491972.3929111111,1080
2024-04-04 18:00:00+00:00,GRACE-FO,6.837130659351852e-13,6.66322355e-13,491406.4671046296,1080
2024-04-04 21:00:00+00:00,GRACE-FO,7.332049107314815e-13,7.18202715e-13,491504.3744675926,1080
2024-04-05 00:00:00+00:00,GRACE-FO,7.168609688055556e-13,7.52492685e-13,492050.8078962963,1080
2024-04-05 03:00:00+00:00,GRACE-FO,7.438287036759259e-13,7.25561795e-13,492271.7985462963,1080
2024-04-05 06:00:00+00:00,GRACE-FO,7.103046150740741e-13,7.3502728e-13,492186.3893472222,1080
2024-04-05 09:00:00+00:00,GRACE-FO,7.278835518240741e-13,7.31039265e-13,492119.00196296297,1080
2024-04-05 12:00:00+00:00,GRACE-FO,7.327881637777778e-13,7.199973050000001e-13,492391.9812925926,1080
2024-04-05 15:00:00+00:00,GRACE-FO,7.124770665462964e-13,7.3166892e-13,492836.9385268519,1080
2024-04-05 18:00:00+00:00,GRACE-FO,6.922151864351851e-13,6.924051549999999e-13,493031.2985546296,1080
2024-04-05 21:00:00+00:00,GRACE-FO,6.895393318425925e-13,6.8830341e-13,492695.04403611115,1080
2024-04-06 00:00:00+00:00,GRACE-FO,7.482138642407408e-13,7.6496418e-13,492053.64382314816,1080
2024-04-06 03:00:00+00:00,GRACE-FO,7.479991787407408e-13,7.525049999999999e-13,491496.63827592594,1080
2024-04-06 06:00:00+00:00,GRACE-FO,7.737471656851852e-13,7.9621087e-13,491483.3704648148,1080
2024-04-06 09:00:00+00:00,GRACE-FO,7.528590546759259e-13,7.824820950000001e-13,491935.9574287037,1080
2024-04-06 12:00:00+00:00,GRACE-FO,7.468948523981481e-13,7.70419725e-13,492288.6529898148,1080
2024-04-06 15:00:00+00:00,GRACE-FO,7.099557893148149e-13,7.24824095e-13,492198.7168287037,1080
2024-04-06 18:00:00+00:00,GRACE-FO,6.694871098888888e-13,6.9668442e-13,492035.29097314813,1080
2024-04-06 21:00:00+00:00,GRACE-FO,6.5913510125e-13,6.6780687e-13,492244.38948518515,1080
2024-04-07 00:00:00+00:00,GRACE-FO,6.606175210462962e-13,6.5872565e-13,492763.89913425926,1080
2024-04-07 03:00:00+00:00,GRACE-FO,6.852345358611111e-13,6.8787794e-13,493046.8004712963,1080
2024-04-07 06:00:00+00:00,GRACE-FO,6.695725070462963e-13,7.112871750000001e-13,492694.09143796295,1080
2024-04-07 09:00:00+00:00,GRACE-FO,6.696738747592593e-13,6.91051305e-13,491966.075125,1080
2024-04-07 12:00:00+00:00,GRACE-FO,6.547146456111111e-13,6.819911599999999e-13,491555.1916481482,1080
2024-04-07 15:00:00+00:00,GRACE-FO,6.36434822824074e-13,6.4520143e-13,491537.2446111111,1080
2024-04-07 18:00:00+00:00,GRACE-FO,6.52616348e-13,6.59337085e-13,491898.26379351853,1080
2024-04-07 21:00:00+00:00,GRACE-FO,6.554982814722222e-13,6.39174105e-13,492194.09373240743,1080
2024-04-08 00:00:00+00:00,GRACE-FO,6.473461208333334e-13,6.53356065e-13,492193.45951666665,1080
2024-04-08 03:00:00+00:00,GRACE-FO,6.955052444907408e-13,6.96365265e-13,492001.93043055554,1080
2024-04-08 06:00:00+00:00,GRACE-FO,7.661767443981482e-13,7.53951835e-13,492157.6641074074,1080
2024-04-08 09:00:00+00:00,GRACE-FO,7.413319066388889e-13,7.693732849999999e-13,492638.32085648144,1080
2024-04-08 12:00:00+00:00,GRACE-FO,7.421233387777778e-13,7.85157775e-13,493033.08753611107,1080
2024-04-08 15:00:00+00:00,GRACE-FO,6.991105217222222e-13,7.4036036e-13,492728.11675185186,1080
2024-04-08 18:00:00+00:00,GRACE-FO,6.73357772787037e-13,7.1248541e-13,491994.73696296295,1080
2024-04-08 21:00:00+00:00,GRACE-FO,6.491836981018519e-13,6.736608e-13,491485.42376574076,1080
2024-04-09 00:00:00+00:00,GRACE-FO,6.381583959351852e-13,6.52051485e-13,491598.7540444444,1080
2024-04-09 03:00:00+00:00,GRACE-FO,6.456936089537038e-13,6.72870685e-13,491916.96778148145,1080
2024-04-09 06:00:00+00:00,GRACE-FO,6.833049316666666e-13,6.60088835e-13,492152.92292222223,1080
2024-04-09 09:00:00+00:00,GRACE-FO,7.427632151574074e-13,7.48305735e-13,492122.1797138889,1080
2024-04-09 12:00:00+00:00,GRACE-FO,7.637464775833334e-13,7.972175900000001e-13,491992.09913703706,1080
2024-04-09 15:00:00+00:00,GRACE-FO,7.452361815370371e-13,7.852977e-13,492100.70272500004,1080
2024-04-09 18:00:00+00:00,GRACE-FO,7.495425760277778e-13,7.8542952e-13,492533.4319916667,1080
2024-04-09 21:00:00+00:00,GRACE-FO,7.283567425092592e-13,7.655194e-13,492905.42253333336,1080
2024-04-10 00:00:00+00:00,GRACE-FO,7.362778370185185e-13,7.26456115e-13,492768.79812685185,1080
2024-04-10 03:00:00+00:00,GRACE-FO,7.441786088425926e-13,7.371120849999999e-13,492090.1114287037,1080
2024-04-10 06:00:00+00:00,GRACE-FO,7.351273418055556e-13,7.5328959e-13,491485.3639583333,1080
2024-04-10 09:00:00+00:00,GRACE-FO,7.4150503425e-13,7.8464765e-13,491499.91649259254,1080
2024-04-10 12:00:00+00:00,GRACE-FO,7.431962289166667e-13,7.7075517e-13,491960.18796296295,1080
2024-04-10 15:00:00+00:00,GRACE-FO,7.828190202314814e-13,7.8522607e-13,492199.0645037037,1080
2024-04-10 18:00:00+00:00,GRACE-FO,7.33823963675926e-13,7.56644315e-13,492074.69192222226,1080
2024-04-10 21:00:00+00:00,GRACE-FO,7.468627825462963e-13,7.7680111e-13,491888.4789898148,1080
2024-04-11 00:00:00+00:00,GRACE-FO,7.502029184166667e-13,7.352451499999999e-13,492034.68881203706,1080
2024-04-11 03:00:00+00:00,GRACE-FO,7.611644885833333e-13,7.6153774e-13,492485.9323666666,1080
2024-04-11 06:00:00+00:00,GRACE-FO,7.497781011111111e-13,7.51371295e-13,492831.07873425924,1080
2024-04-11 09:00:00+00:00,GRACE-FO,7.837064256944444e-13,8.200046199999999e-13,492659.96481851855,1080
2024-04-11 12:00:00+00:00,GRACE-FO,7.748423988703704e-13,7.85626415e-13,492149.8270111111,1080
2024-04-11 15:00:00+00:00,GRACE-FO,7.762449740925925e-13,8.028247200000001e-13,491546.79610185185,1080
2024-04-11 18:00:00+00:00,GRACE-FO,7.568518652314815e-13,7.624565e-13,491470.3872222222,1080
2024-04-11 21:00:00+00:00,GRACE-FO,7.505296978796296e-13,7.684597e-13,491864.26813981484,1080
2024-04-12 00:00:00+00:00,GRACE-FO,7.4357284575e-13,7.37269745e-13,492230.744562037,1080
2024-04-12 03:00:00+00:00,GRACE-FO,7.676003945277778e-13,7.7125719e-13,492069.36497129634,1080
2024-04-12 06:00:00+00:00,GRACE-FO,8.003202758333334e-13,8.1747178e-13,491826.4053101852,1080
2024-04-12 09:00:00+00:00,GRACE-FO,8.264588207407408e-13,8.5895537e-13,491920.83040833334,1080
2024-04-12 12:00:00+00:00,GRACE-FO,8.481961981111111e-13,8.76980975e-13,492424.9901916667,1080
2024-04-12 15:00:00+00:00,GRACE-FO,8.124341180092592e-13,8.1968373e-13,492783.16113888886,1080
2024-04-12 18:00:00+00:00,GRACE-FO,8.277843245833333e-13,8.36579365e-13,492629.00124907406,1080
2024-04-12 21:00:00+00:00,GRACE-FO,8.343658704444444e-13,8.62213755e-13,492075.34478981484,1080
2024-04-13 00:00:00+00:00,GRACE-FO,8.33582015037037e-13,8.096465e-13,491626.3857287037,1080
2024-04-13 03:00:00+00:00,GRACE-FO,8.573294074722223e-13,8.642034050000001e-13,491512.8570685185,1080
2024-04-13 06:00:00+00:00,GRACE-FO,8.472642239814815e-13,8.43497455e-13,491818.933375,1080
2024-04-13 09:00:00+00:00,GRACE-FO,8.881205701296297e-13,8.99891355e-13,492156.2561148148,1080
2024-04-13 12:00:00+00:00,GRACE-FO,9.070345729444444e-13,9.10407965e-13,492105.366287963,1080
2024-04-13 15:00:00+00:00,GRACE-FO,8.97103466175926e-13,8.95559805e-13,491815.80859259254,1080
2024-04-13 18:00:00+00:00,GRACE-FO,8.963346808981482e-13,8.83421905e-13,491818.4078037037,1080
2024-04-13 21:00:00+00:00,GRACE-FO,8.993822121111111e-13,9.23380995e-13,492275.1905398148,1080
2024-04-14 00:00:00+00:00,GRACE-FO,9.11718005111111e-13,9.10922825e-13,492744.0958361111,1080
2024-04-14 03:00:00+00:00,GRACE-FO,9.321382558333333e-13,9.5532806e-13,492664.06804907403,1080
2024-04-14 06:00:00+00:00,GRACE-FO,1.0032362631944445e-12,9.88029645e-13,492057.1406546296,1080
2024-04-14 09:00:00+00:00,GRACE-FO,1.0430233323055556e-12,1.0228099000000001e-12,491543.8905583333,1080
2024-04-14 12:00:00+00:00,GRACE-FO,1.0595351374444446e-12,9.981577750000002e-13,491568.47460277774,1080
2024-04-14 15:00:00+00:00,GRACE-FO,1.0456098866111112e-12,1.0120421999999999e-12,491858.2403083333,1080
2024-04-14 18:00:00+00:00,GRACE-FO,1.0334349313148147e-12,9.912010999999999e-13,492111.6444185185,1080
2024-04-14 21:00:00+00:00,GRACE-FO,1.0371540115277776e-12,1.0513265000000001e-12,492043.8731222222,1080
2024-04-15 00:00:00+00:00,GRACE-FO,1.0532007207685186e-12,1.05155635e-12,491806.1414388889,1080
2024-04-15 03:00:00+00:00,GRACE-FO,1.0989575095555555e-12,1.0930498e-12,491764.7997064815,1080
2024-04-15 06:00:00+00:00,GRACE-FO,1.1376690252407406e-12,1.12542315e-12,492152.2923814815,1080
2024-04-15 09:00:00+00:00,GRACE-FO,1.1570898404537036e-12,1.14499645e-12,492595.9378833333,1080
2024-04-15 12:00:00+00:00,GRACE-FO,1.1681768425370371e-12,1.1231201999999999e-12,492661.0890546297,1080
2024-04-15 15:00:00+00:00,GRACE-FO,1.1779156074722223e-12,1.0990271e-12,492077.80007962964,1080
2024-04-15 18:00:00+00:00,GRACE-FO,1.212339403361111e-12,1.13645185e-12,491500.37076944445,1080
2024-04-15 21:00:00+00:00,GRACE-FO,1.2954794761574076e-12,1.23268655e-12,491469.0676111111,1080
2024-04-16 00:00:00+00:00,GRACE-FO,1.3732218969722223e-12,1.3105835499999999e-12,491895.1839,1080
2024-04-16 03:00:00+00:00,GRACE-FO,1.4552730843518518e-12,1.407239e-12,492102.4831324074,1080
2024-04-16 06:00:00+00:00,GRACE-FO,1.5790576307407407e-12,1.56450235e-12,491986.1386574074,1080
2024-04-16 09:00:00+00:00,GRACE-FO,1.6599727522222223e-12,1.65571145e-12,491727.61952685186,1080
2024-04-16 12:00:00+00:00,GRACE-FO,1.716790712314815e-12,1.7464013499999999e-12,491712.07351481484,1080
2024-04-16 15:00:00+00:00,GRACE-FO,1.7502445876851851e-12,1.7044319000000001e-12,492046.1213796296,1080
2024-04-16 18:00:00+00:00,GRACE-FO,1.7496837778703705e-12,1.7689529000000001e-12,492462.2106,1080
2024-04-16 21:00:00+00:00,GRACE-FO,1.7341596077777777e-12,1.72187245e-12,492519.5192314815,1080
2024-04-17 00:00:00+00:00,GRACE-FO,1.6804176279074074e-12,1.6794048499999999e-12,492113.3912212963,1080
2024-04-17 03:00:00+00:00,GRACE-FO,1.5503034512962964e-12,1.52569965e-12,491529.0170592593,1080
2024-04-17 06:00:00+00:00,GRACE-FO,1.411878173638889e-12,1.40247025e-12,491383.9684962963,1080
2024-04-17 09:00:00+00:00,GRACE-FO,1.3534335020185186e-12,1.3482336499999999e-12,491776.55637222226,1080
2024-04-17 12:00:00+00:00,GRACE-FO,1.3972071570277778e-12,1.3814114499999999e-12,492128.3624222222,1080
2024-04-17 15:00:00+00:00,GRACE-FO,1.3628858317222223e-12,1.31620285e-12,491996.2437037037,1080
2024-04-17 18:00:00+00:00,GRACE-FO,1.403155429712963e-12,1.3439728e-12,491646.83016481483,1080
2024-04-17 21:00:00+00:00,GRACE-FO,1.4214369639351851e-12,1.3562950000000001e-12,491582.65442499996,1080
2024-04-18 00:00:00+00:00,GRACE-FO,1.3824813733148148e-12,1.3328183499999998e-12,491953.5398472223,1080
2024-04-18 03:00:00+00:00,GRACE-FO,1.3667049085e-12,1.3385198500000002e-12,492399.9166972222,1080
2024-04-18 06:00:00+00:00,GRACE-FO,1.3815248258888889e-12,1.31903455e-12,492426.51177314814,1080
2024-04-18 09:00:00+00:00,GRACE-FO,1.4174546766388888e-12,1.3505002e-12,492014.260075,1080
2024-04-18 12:00:00+00:00,GRACE-FO,1.3952195941666667e-12,1.2995968e-12,491575.48038888886,1080
2024-04-18 15:00:00+00:00,GRACE-FO,1.374091169712963e-12,1.2433528e-12,491394.67837129626,1080
2024-04-18 18:00:00+00:00,GRACE-FO,1.3355946894074075e-12,1.23307435e-12,491692.0014972222,1080
2024-04-18 21:00:00+00:00,GRACE-FO,1.3385082305648149e-12,1.28673645e-12,492064.56799351855,1080
2024-04-19 00:00:00+00:00,GRACE-FO,1.3281786019722222e-12,1.26980365e-12,492030.8070638889,1080
2024-04-19 03:00:00+00:00,GRACE-FO,1.3696076040462962e-12,1.2934126000000001e-12,491627.60952685185,1080
2024-04-19 06:00:00+00:00,GRACE-FO,1.6082433102407409e-12,1.5793025e-12,491478.2480944444,1080
2024-04-19 09:00:00+00:00,GRACE-FO,1.799011303101852e-12,1.7964384499999999e-12,491810.097275926,1080
2024-04-19 12:00:00+00:00,GRACE-FO,1.9833468049074075e-12,1.9572651e-12,492323.897837037,1080
2024-04-19 15:00:00+00:00,GRACE-FO,2.3081548953703703e-12,2.3467758000000002e-12,492364.66415555554,1080
2024-04-19 18:00:00+00:00,GRACE-FO,2.3907058368518515e-12,2.3745022e-12,491916.97438888886,1080
2024-04-19 21:00:00+00:00,GRACE-FO,2.423966132962963e-12,2.29899075e-12,491470.7212101852,1080
2024-04-20 00:00:00+00:00,GRACE-FO,2.0767837074074073e-12,2.01431395e-12,491421.73602962965,1080
2024-04-20 03:00:00+00:00,GRACE-FO,1.8107160475000002e-12,1.81142635e-12,491652.47158425924,1080
2024-04-20 06:00:00+00:00,GRACE-FO,1.6216198856851852e-12,1.5688045000000001e-12,491953.06285000005,1080
2024-04-20 09:00:00+00:00,GRACE-FO,1.548734887074074e-12,1.44704435e-12,491963.73076296295,1080
2024-04-20 12:00:00+00:00,GRACE-FO,1.5908956258333333e-12,1.52615435e-12,491630.9447064815,1080
2024-04-20 15:00:00+00:00,GRACE-FO,1.5769592026851853e-12,1.4324358e-12,491398.4371212963,1080
2024-04-20 18:00:00+00:00,GRACE-FO,1.6001370167222222e-12,1.47794055e-12,491633.7067888889,1080
2024-04-20 21:00:00+00:00,GRACE-FO,1.55670789225e-12,1.42043695e-12,492129.2632935185,1080
2024-04-21 00:00:00+00:00,GRACE-FO,1.6040687955740742e-12,1.4621827e-12,492328.14975185186,1080
2024-04-21 03:00:00+00:00,GRACE-FO,1.6587429033425925e-12,1.62390225e-12,491920.1577305555,1080
2024-04-21 06:00:00+00:00,GRACE-FO,1.7088208218888888e-12,1.6907023e-12,491369.2849287037,1080
2024-04-21 09:00:00+00:00,GRACE-FO,1.7015904745185186e-12,1.5405189000000002e-12,491300.4523388889,1080
2024-04-21 12:00:00+00:00,GRACE-FO,1.737317161111111e-12,1.5755659e-12,491667.0554731482,1080
2024-04-21 15:00:00+00:00,GRACE-FO,1.7357711191666668e-12,1.6068201499999999e-12,491957.8001101852,1080
2024-04-21 18:00:00+00:00,GRACE-FO,1.7507479155555557e-12,1.6072408e-12,491898.5537861111,1080
2024-04-21 21:00:00+00:00,GRACE-FO,1.7099156320555555e-12,1.5627085499999999e-12,491572.52312407404,1080
2024-04-22 00:00:00+00:00,GRACE-FO,1.6898748309259259e-12,1.48800355e-12,491353.8513037037,1080
2024-04-22 03:00:00+00:00,GRACE-FO,1.6595304858518517e-12,1.5545962e-12,491546.7655814815,1080
2024-04-22 06:00:00+00:00,GRACE-FO,1.6710441836018517e-12,1.5132903500000001e-12,491974.6104018519,1080
2024-04-22 09:00:00+00:00,GRACE-FO,1.6422001630277777e-12,1.47319955e-12,492190.443012037,1080
2024-04-22 12:00:00+00:00,GRACE-FO,1.6705872971481481e-12,1.47752645e-12,491928.0423962963,1080
2024-04-22 15:00:00+00:00,GRACE-FO,1.6164144618425927e-12,1.382629e-12,491360.38598796295,1080
2024-04-22 18:00:00+00:00,GRACE-FO,1.6097218592777777e-12,1.3740221999999999e-12,491184.04085925926,1080
2024-04-22 21:00:00+00:00,GRACE-FO,1.533057704537037e-12,1.3300285e-12,491575.8777611111,1080
2024-04-23 00:00:00+00:00,GRACE-FO,1.4813600563888889e-12,1.3238636e-12,491985.0148990741,1080
2024-04-23 03:00:00+00:00,GRACE-FO,1.4718895589814815e-12,1.349415e-12,491893.5309796296,1080
2024-04-23 06:00:00+00:00,GRACE-FO,1.586876062287037e-12,1.42655295e-12,491514.4889759259,1080
2024-04-23 09:00:00+00:00,GRACE-FO,1.607931718324074e-12,1.3940456e-12,491287.01523055555,1080
2024-04-23 12:00:00+00:00,GRACE-FO,1.641784005e-12,1.40169865e-12,491475.4885861111,1080
2024-04-23 15:00:00+00:00,GRACE-FO,1.6242457595555555e-12,1.4083631e-12,491859.71156388894,1080
2024-04-23 18:00:00+00:00,GRACE-FO,1.6057173623240741e-12,1.32458745e-12,492031.76302037033,1080
2024-04-23 21:00:00+00:00,GRACE-FO,1.5882166351481482e-12,1.4022044e-12,491824.1318175926,1080
2024-04-24 00:00:00+00:00,GRACE-FO,1.627726059814815e-12,1.35585875e-12,491404.77773981483,1080
2024-04-24 03:00:00+00:00,GRACE-FO,1.6195765489722223e-12,1.4406183999999999e-12,491161.70615833334,1080
2024-04-24 06:00:00+00:00,GRACE-FO,1.5700599661018518e-12,1.3881352499999999e-12,491422.3669962963,1080
2024-04-24 09:00:00+00:00,GRACE-FO,1.5319265117962962e-12,1.35865695e-12,491907.44276203704,1080
2024-04-24 12:00:00+00:00,GRACE-FO,1.5153314920555557e-12,1.3025763999999998e-12,491950.81912685186,1080
2024-04-24 15:00:00+00:00,GRACE-FO,1.4763824424722223e-12,1.2214639500000002e-12,491525.5017175926,1080
2024-04-24 18:00:00+00:00,GRACE-FO,1.4485841441296295e-12,1.19263115e-12,491179.24921851855,1080
2024-04-24 21:00:00+00:00,GRACE-FO,1.4180523188425927e-12,1.18553465e-12,491326.89408148144,1080
2024-04-25 00:00:00+00:00,GRACE-FO,1.4008181970092593e-12,1.2486134499999998e-12,491781.00251203706,1080
2024-04-25 03:00:00+00:00,GRACE-FO,1.401454888425926e-12,1.2266545e-12,491984.9536064815,1080
2024-04-25 06:00:00+00:00,GRACE-FO,1.4548649465462963e-12,1.3125220500000001e-12,491700.0679768519,1080
2024-04-25 09:00:00+00:00,GRACE-FO,1.488392751111111e-12,1.4224429e-12,491304.3522268518,1080
2024-04-25 12:00:00+00:00,GRACE-FO,1.471316853787037e-12,1.367871e-12,491177.2007685185,1080
2024-04-25 15:00:00+00:00,GRACE-FO,1.4413120588518518e-12,1.26582225e-12,491397.95319814817,1080
2024-04-25 18:00:00+00:00,GRACE-FO,1.3854255341666666e-12,1.14848865e-12,491797.49467685184,1080
2024-04-25 21:00:00+00:00,GRACE-FO,1.3135358260740741e-12,1.13110285e-12,491923.1926537037,1080
2024-04-26 00:00:00+00:00,GRACE-FO,1.3419472893425925e-12,1.1277799e-12,491566.0620648148,1080
2024-04-26 03:00:00+00:00,GRACE-FO,1.4288132619351852e-12,1.2424119e-12,491164.32694074075,1080
2024-04-26 06:00:00+00:00,GRACE-FO,1.571525716787037e-12,1.4849667e-12,491205.2012814815,1080
2024-04-26 09:00:00+00:00,GRACE-FO,1.641598585851852e-12,1.4502239500000001e-12,491643.9628935185,1080
2024-04-26 12:00:00+00:00,GRACE-FO,1.6392001886296297e-12,1.4568494499999999e-12,491938.3212305556,1080
2024-04-26 15:00:00+00:00,GRACE-FO,1.7450418995462962e-12,1.6639135e-12,491668.9897296296,1080
2024-04-26 18:00:00+00:00,GRACE-FO,1.7381452519444442e-12,1.4949517e-12,491191.69593888894,1080
2024-04-26 21:00:00+00:00,GRACE-FO,1.6850365536759261e-12,1.49485745e-12,491093.24330833333,1080
2024-04-27 00:00:00+00:00,GRACE-FO,1.623282225574074e-12,1.39712375e-12,491406.9460796296,1080
2024-04-27 03:00:00+00:00,GRACE-FO,1.5429438922685186e-12,1.3958944000000001e-12,491760.8203777778,1080
2024-04-27 06:00:00+00:00,GRACE-FO,1.476543307787037e-12,1.3700869500000001e-12,491851.7759787037,1080
2024-04-27 09:00:00+00:00,GRACE-FO,1.3612448260462964e-12,1.2318642e-12,491574.37684074073,1080
2024-04-27 12:00:00+00:00,GRACE-FO,1.3595594142777777e-12,1.2987214e-12,491181.2523305556,1080
2024-04-27 15:00:00+00:00,GRACE-FO,1.258793179425926e-12,1.0631792e-12,491125.36605,1080
2024-04-27 18:00:00+00:00,GRACE-FO,1.2221121299722224e-12,1.05559805e-12,491463.6794444445,1080
2024-04-27 21:00:00+00:00,GRACE-FO,1.197916662962963e-12,1.03368505e-12,491804.2893018518,1080
2024-04-28 00:00:00+00:00,GRACE-FO,1.1719785093425926e-12,9.58901755e-13,491689.06165925926,1080
2024-04-28 03:00:00+00:00,GRACE-FO,1.1706826553981483e-12,1.0258915e-12,491188.8472796296,1080
2024-04-28 06:00:00+00:00,GRACE-FO,1.1241622123425927e-12,1.00831345e-12,490932.2510537037,1080
2024-04-28 09:00:00+00:00,GRACE-FO,1.0720448973703704e-12,9.17538325e-13,491308.9961314815,1080
2024-04-28 12:00:00+00:00,GRACE-FO,1.0177243883703704e-12,8.554395600000001e-13,491795.4047361111,1080
2024-04-28 15:00:00+00:00,GRACE-FO,9.457135667592593e-13,7.49160955e-13,491884.02824351855,1080
2024-04-28 18:00:00+00:00,GRACE-FO,9.074562718703703e-13,7.16982705e-13,491534.65507314814,1080
2024-04-28 21:00:00+00:00,GRACE-FO,8.824788871574073e-13,7.1112967e-13,491153.33417037036,1080
2024-04-29 00:00:00+00:00,GRACE-FO,8.726653828055556e-13,6.9304147e-13,491095.91466666665,1080
2024-04-29 03:00:00+00:00,GRACE-FO,8.962646029629629e-13,7.53050695e-13,491398.01157129626,1080
2024-04-29 06:00:00+00:00,GRACE-FO,9.254377474814815e-13,8.313919e-13,491659.1897981481,1080
2024-04-29 09:00:00+00:00,GRACE-FO,9.390835353055556e-13,8.717182e-13,491601.140312037,1080
2024-04-29 12:00:00+00:00,GRACE-FO,9.051348890277778e-13,7.98575065e-13,491219.9646101852,1080
2024-04-29 15:00:00+00:00,GRACE-FO,8.488774536481482e-13,7.04655205e-13,490920.35846851853,1080
2024-04-29 18:00:00+00:00,GRACE-FO,8.112432058518518e-13,6.266311449999999e-13,491158.8963768519,1080
2024-04-29 21:00:00+00:00,GRACE-FO,7.680032939351852e-13,5.986548e-13,491741.22329814814,1080
2024-04-30 00:00:00+00:00,GRACE-FO,7.170508384166667e-13,5.52530785e-13,491942.75540555554,1080
2024-04-30 03:00:00+00:00,GRACE-FO,7.019606147777778e-13,5.611738e-13,491587.8613212963,1080
2024-04-30 06:00:00+00:00,GRACE-FO,7.220438170555556e-13,5.6168648e-13,491133.3845231482,1080
2024-04-30 09:00:00+00:00,GRACE-FO,7.408629413888889e-13,5.9252781e-13,491051.9224287037,1080
2024-04-30 12:00:00+00:00,GRACE-FO,7.521723134074074e-13,6.6066131e-13,491352.4466805556,1080
2024-04-30 15:00:00+00:00,GRACE-FO,7.812451996944445e-13,6.87001285e-13,491604.07626574073,1080
2024-04-30 18:00:00+00:00,GRACE-FO,8.162087398796296e-13,6.3727339e-13,491494.8554425926,1080
2024-04-30 21:00:00+00:00,GRACE-FO,8.558239646666667e-13,7.3788245e-13,491180.3212212963,1080
2024-05-01 00:00:00+00:00,GRACE-FO,9.17597263712963e-13,8.11651185e-13,490963.99080925924,1080
2024-05-01 03:00:00+00:00,GRACE-FO,9.137429023055555e-13,7.66398715e-13,491122.24740925926,1080
2024-05-01 06:00:00+00:00,GRACE-FO,9.072445848055556e-13,7.696850450000001e-13,491612.92504444445,1080
2024-05-01 09:00:00+00:00,GRACE-FO,8.526566782870371e-13,7.320683e-13,491956.4533009259,1080
2024-05-01 12:00:00+00:00,GRACE-FO,8.238037317037036e-13,6.89828095e-13,491692.4303861111,1080
2024-05-01 15:00:00+00:00,GRACE-FO,7.82514793537037e-13,6.46341485e-13,491168.6602564815,1080
2024-05-01 18:00:00+00:00,GRACE-FO,7.577674390555556e-13,5.8507671e-13,490969.6174148148,1080
2024-05-01 21:00:00+00:00,GRACE-FO,7.530061594074074e-13,6.181599849999999e-13,491255.15559074073,1080
2024-05-02 00:00:00+00:00,GRACE-FO,7.615901059351851e-13,6.437753300000001e-13,491590.3246898148,1080
2024-05-02 03:00:00+00:00,GRACE-FO,7.824368686111112e-13,6.88358025e-13,491489.0702851852,1080
2024-05-02 06:00:00+00:00,GRACE-FO,8.610790267777778e-13,8.1335452e-13,491054.8118537037,1080
2024-05-02 09:00:00+00:00,GRACE-FO,9.045103066851852e-13,8.8255602e-13,490902.90972962964,1080
2024-05-02 12:00:00+00:00,GRACE-FO,9.625363479722222e-13,8.6456616e-13,491129.9535740741,1080
2024-05-02 15:00:00+00:00,GRACE-FO,1.131470815074074e-12,1.09309355e-12,491590.91270555556,1080
2024-05-02 18:00:00+00:00,GRACE-FO,1.2882268681944445e-12,1.14736335e-12,491878.66627129633,1080
2024-05-02 21:00:00+00:00,GRACE-FO,1.1917011695092592e-12,1.04170525e-12,491733.05690648145,1080
2024-05-03 00:00:00+00:00,GRACE-FO,1.1241371199537037e-12,1.0100056e-12,491225.7959740741,1080
2024-05-03 03:00:00+00:00,GRACE-FO,9.919482051018517e-13,8.8413104e-13,490954.8142759259,1080
2024-05-03 06:00:00+00:00,GRACE-FO,9.205994591296296e-13,7.6631328e-13,491129.51557962963,1080
2024-05-03 09:00:00+00:00,GRACE-FO,8.736137219074074e-13,7.79682395e-13,491487.638312037,1080
2024-05-03 12:00:00+00:00,GRACE-FO,7.921035625277778e-13,6.054228700000001e-13,491477.00972407404,1080
2024-05-03 15:00:00+00:00,GRACE-FO,7.714605731203703e-13,6.18473075e-13,491040.6731675926,1080
2024-05-03 18:00:00+00:00,GRACE-FO,7.178478082407408e-13,5.52462605e-13,490746.63395555556,1080
2024-05-03 21:00:00+00:00,GRACE-FO,7.037293713888888e-13,5.57443865e-13,491044.59476944443,1080
2024-05-04 00:00:00+00:00,GRACE-FO,6.811831256574075e-13,4.912283699999999e-13,491582.99864537036,1080
2024-05-04 03:00:00+00:00,GRACE-FO,6.431619648703703e-13,4.89110255e-13,491876.35979444446,1080
2024-05-04 06:00:00+00:00,GRACE-FO,6.648974428796297e-13,5.0894718e-13,491720.6682796296,1080
2024-05-04 09:00:00+00:00,GRACE-FO,6.846785617407407e-13,5.24693135e-13,491279.04553425923,1080
2024-05-04 12:00:00+00:00,GRACE-FO,7.019588050370371e-13,5.353541200000001e-13,490980.7550462963,1080
2024-05-04 15:00:00+00:00,GRACE-FO,7.069147293888889e-13,5.21600485e-13,491080.0984805556,1080
2024-05-04 18:00:00+00:00,GRACE-FO,7.134159520092593e-13,5.4061283e-13,491363.4009324074,1080
2024-05-04 21:00:00+00:00,GRACE-FO,7.298538622129629e-13,5.7431246e-13,491425.46684537036,1080
2024-05-05 00:00:00+00:00,GRACE-FO,7.629011437314814e-13,5.872155750000001e-13,491095.5563564815,1080
2024-05-05 03:00:00+00:00,GRACE-FO,7.943885251944445e-13,6.738123500000001e-13,490729.33212037035,1080
2024-05-05 06:00:00+00:00,GRACE-FO,8.048947825462964e-13,5.781574699999999e-13,490868.4607398148,1080
2024-05-05 09:00:00+00:00,GRACE-FO,8.033703966018518e-13,6.35348645e-13,491524.0346157407,1080
2024-05-05 12:00:00+00:00,GRACE-FO,7.749743421018518e-13,5.91987505e-13,491932.4830898148,1080
2024-05-05 15:00:00+00:00,GRACE-FO,7.451125377222223e-13,5.63804285e-13,491771.70379537035,1080
2024-05-05 18:00:00+00:00,GRACE-FO,7.818609933425926e-13,6.07320245e-13,491283.41646851855,1080
2024-05-05 21:00:00+00:00,GRACE-FO,8.683899571018519e-13,7.02357245e-13,490982.0637990741,1080
2024-05-06 00:00:00+00:00,GRACE-FO,1.0100438755370371e-12,8.68441125e-13,491069.8211703704,1080
2024-05-06 03:00:00+00:00,GRACE-FO,1.0200676501296296e-12,9.24313185e-13,491317.5038305556,1080
2024-05-06 06:00:00+00:00,GRACE-FO,1.1189230351388889e-12,1.0756423000000002e-12,491306.8534175926,1080
2024-05-06 09:00:00+00:00,GRACE-FO,1.1585857447407406e-12,9.29597455e-13,491065.70345925924,1080
2024-05-06 12:00:00+00:00,GRACE-FO,1.1650413853703702e-12,1.08071735e-12,490738.3159694444,1080
2024-05-06 15:00:00+00:00,GRACE-FO,1.0754235435740742e-12,8.7317294e-13,490803.96955555555,1080
2024-05-06 18:00:00+00:00,GRACE-FO,9.753812519537036e-13,7.922531350000001e-13,491345.89245648147,1080
2024-05-06 21:00:00+00:00,GRACE-FO,8.783705967222223e-13,6.799995e-13,491923.4284555555,1080
2024-05-07 00:00:00+00:00,GRACE-FO,8.364451123518518e-13,6.028437e-13,491834.6693712963,1080
2024-05-07 03:00:00+00:00,GRACE-FO,8.709117587962964e-13,6.285119e-13,491327.3744361111,1080
2024-05-07 06:00:00+00:00,GRACE-FO,9.142939121944444e-13,7.16506995e-13,490945.09776203707,1080
2024-05-07 09:00:00+00:00,GRACE-FO,9.499951221296296e-13,8.868091050000001e-13,491019.5828583333,1080
2024-05-07 12:00:00+00:00,GRACE-FO,9.67519386425926e-13,8.27423715e-13,491271.8611888889,1080
2024-05-07 15:00:00+00:00,GRACE-FO,9.722162474444444e-13,7.50901475e-13,491261.64286666666,1080
2024-05-07 18:00:00+00:00,GRACE-FO,9.443388463333332e-13,7.6235852e-13,490930.1728009259,1080
2024-05-07 21:00:00+00:00,GRACE-FO,9.52704141074074e-13,7.3492366e-13,490688.7698740741,1080
2024-05-08 00:00:00+00:00,GRACE-FO,9.2677119075e-13,7.33468985e-13,490779.51175,1080
2024-05-08 03:00:00+00:00,GRACE-FO,9.342497400092593e-13,6.94642675e-13,491256.2717037037,1080
2024-05-08 06:00:00+00:00,GRACE-FO,9.479686745092592e-13,7.2409421e-13,491794.1555018518,1080
2024-05-08 09:00:00+00:00,GRACE-FO,9.980581617314814e-13,7.83361925e-13,491879.71125092596,1080
2024-05-08 12:00:00+00:00,GRACE-FO,1.0312583088518518e-12,8.387594300000001e-13,491419.9580203704,1080
2024-05-08 15:00:00+00:00,GRACE-FO,1.0384619647685185e-12,7.69524975e-13,490956.9106824074,1080
2024-05-08 18:00:00+00:00,GRACE-FO,1.0309117100462964e-12,7.5264233e-13,490930.390112963,1080
2024-05-08 21:00:00+00:00,GRACE-FO,1.0395088804907407e-12,7.910745350000001e-13,491198.6786537037,1080
2024-05-09 00:00:00+00:00,GRACE-FO,1.059960992111111e-12,8.1348193e-13,491280.54863981484,1080
2024-05-09 03:00:00+00:00,GRACE-FO,1.0772183576944443e-12,8.90651325e-13,490920.55018703704,1080
2024-05-09 06:00:00+00:00,GRACE-FO,1.0985929565648149e-12,8.92273775e-13,490531.1532259259,1080
2024-05-09 09:00:00+00:00,GRACE-FO,1.1474464423055555e-12,9.1269925e-13,490703.69570833334,1080
2024-05-09 12:00:00+00:00,GRACE-FO,1.1376013991203703e-12,8.493579150000001e-13,491215.4603564815,1080
2024-05-09 15:00:00+00:00,GRACE-FO,1.0768767071944444e-12,8.1181864e-13,491737.7837787037,1080
2024-05-09 18:00:00+00:00,GRACE-FO,1.0705482583703704e-12,8.10094335e-13,491837.57420555555,1080
2024-05-09 21:00:00+00:00,GRACE-FO,1.0519322981203705e-12,7.53789425e-13,491489.4804055556,1080
2024-05-10 00:00:00+00:00,GRACE-FO,1.134184190074074e-12,8.64306295e-13,491003.58359351853,1080
2024-05-10 03:00:00+00:00,GRACE-FO,1.1836186888518518e-12,9.1419114e-13,490895.20011481486,1080
2024-05-10 06:00:00+00:00,GRACE-FO,1.2404008689629628e-12,9.70434315e-13,491091.3997777778,1080
2024-05-10 09:00:00+00:00,GRACE-FO,1.3049052893981481e-12,1.08953595e-12,491245.43943425926,1080
2024-05-10 12:00:00+00:00,GRACE-FO,1.3299280127777778e-12,1.10115565e-12,490926.3875046296,1080
2024-05-10 15:00:00+00:00,GRACE-FO,1.3503841881296296e-12,1.2039734500000001e-12,490483.3462185185,1080
2024-05-10 18:00:00+00:00,GRACE-FO,2.0987378512685186e-12,2.1636668e-12,490495.36463796295,1080
2024-05-10 21:00:00+00:00,GRACE-FO,3.1794685969444445e-12,2.94664e-12,491130.874937037,1080
2024-05-11 00:00:00+00:00,GRACE-FO,4.220073155092593e-12,3.9437907e-12,491688.4339388889,1080
2024-05-11 03:00:00+00:00,GRACE-FO,4.393251107685185e-12,4.188394e-12,491795.51427129627,1080
2024-05-11 06:00:00+00:00,GRACE-FO,4.139004290277777e-12,3.8685675500000005e-12,491444.6264342593,1080
2024-05-11 09:00:00+00:00,GRACE-FO,3.873880444259259e-12,3.7124873000000005e-12,490999.9490518519,1080
2024-05-11 12:00:00+00:00,GRACE-FO,3.4197656139814813e-12,3.3618451e-12,490829.1591212963,1080
2024-05-11 15:00:00+00:00,GRACE-FO,2.772281395462963e-12,2.5471403499999998e-12,490951.11750092596,1080
2024-05-11 18:00:00+00:00,GRACE-FO,2.1126529135555555e-12,2.0317919e-12,491031.2074509259,1080
2024-05-11 21:00:00+00:00,GRACE-FO,1.6690116061203704e-12,1.57998255e-12,490829.52996296296,1080
2024-05-12 00:00:00+00:00,GRACE-FO,1.4501298423425927e-12,1.23336715e-12,490422.85782407405,1080
2024-05-12 03:00:00+00:00,GRACE-FO,1.3790608599814815e-12,1.1979501999999999e-12,490315.2927185185,1080
2024-05-12 06:00:00+00:00,GRACE-FO,1.2338511855833334e-12,9.29960335e-13,490814.8515166667,1080
2024-05-12 09:00:00+00:00,GRACE-FO,1.1504696427592592e-12,1.0242541000000001e-12,491561.0980101852,1080
2024-05-12 12:00:00+00:00,GRACE-FO,1.0395552090277778e-12,7.00560935e-13,491790.83267407404,1080
2024-05-12 15:00:00+00:00,GRACE-FO,1.0653936993333333e-12,7.747923200000001e-13,491438.67676296295,1080
2024-05-12 18:00:00+00:00,GRACE-FO,1.0973191018055554e-12,8.487913e-13,490957.189212037,1080
2024-05-12 21:00:00+00:00,GRACE-FO,1.231871529388889e-12,1.0115599000000001e-12,490791.8065435185,1080
2024-05-13 00:00:00+00:00,GRACE-FO,1.2975482564444445e-12,1.02434375e-12,490935.26025833335,1080
2024-05-13 03:00:00+00:00,GRACE-FO,1.402639656787037e-12,1.2926415e-12,490991.3820166667,1080
2024-05-13 06:00:00+00:00,GRACE-FO,1.3912484816944445e-12,1.13264235e-12,490709.72441296297,1080
2024-05-13 09:00:00+00:00,GRACE-FO,1.4435673364074075e-12,1.27744805e-12,490403.7901527778,1080
2024-05-13 12:00:00+00:00,GRACE-FO,1.3557156902037038e-12,1.06456835e-12,490266.1545101852,1080
2024-05-13 15:00:00+00:00,GRACE-FO,1.2899351151944446e-12,9.5923302e-13,490673.9284555555,1080
2024-05-13 18:00:00+00:00,GRACE-FO,1.2127662051944446e-12,9.327324299999998e-13,491376.1757759259,1080
2024-05-13 21:00:00+00:00,GRACE-FO,1.1516035358055555e-12,8.331888949999999e-13,491804.2728324074,1080
2024-05-14 00:00:00+00:00,GRACE-FO,1.192191713175926e-12,8.68080715e-13,491495.8563814815,1080
2024-05-14 03:00:00+00:00,GRACE-FO,1.257507931361111e-12,9.17464965e-13,490979.14727592596,1080
2024-05-14 06:00:00+00:00,GRACE-FO,1.3207218732870371e-12,9.09074855e-13,490748.1373564815,1080
2024-05-14 09:00:00+00:00,GRACE-FO,1.393252809851852e-12,1.1611858999999999e-12,490909.4738009259,1080
2024-05-14 12:00:00+00:00,GRACE-FO,1.4155747490277777e-12,1.1535901e-12,490967.86171851854,1080
2024-05-14 15:00:00+00:00,GRACE-FO,1.3812468988425926e-12,1.1122997499999999e-12,490675.45201018517,1080
2024-05-14 18:00:00+00:00,GRACE-FO,1.357991955287037e-12,1.1119316999999999e-12,490256.985787037,1080
2024-05-14 21:00:00+00:00,GRACE-FO,1.3070392504444444e-12,1.04067505e-12,490216.12597037037,1080
2024-05-15 00:00:00+00:00,GRACE-FO,1.2954571252314815e-12,9.80765445e-13,490585.9879712963,1080
2024-05-15 03:00:00+00:00,GRACE-FO,1.3035865614907408e-12,9.11596465e-13,491232.1812351852,1080
2024-05-15 06:00:00+00:00,GRACE-FO,1.3679640597777778e-12,1.0494822500000002e-12,491688.39125740743,1080
2024-05-15 09:00:00+00:00,GRACE-FO,1.4358297163888889e-12,1.1078714999999999e-12,491567.88026203704,1080
2024-05-15 12:00:00+00:00,GRACE-FO,1.534534329212963e-12,1.1927337e-12,491054.91637037037,1080
2024-05-15 15:00:00+00:00,GRACE-FO,1.5223288559537037e-12,1.1367314000000001e-12,490717.84380925924,1080
2024-05-15 18:00:00+00:00,GRACE-FO,1.5473866964074074e-12,1.32985975e-12,490784.58406574075,1080
2024-05-15 21:00:00+00:00,GRACE-FO,1.5821773201203704e-12,1.2700919e-12,490929.87706203706,1080
2024-05-16 00:00:00+00:00,GRACE-FO,1.6079184542777779e-12,1.2122360499999998e-12,490710.6121101852,1080
2024-05-16 03:00:00+00:00,GRACE-FO,1.652260303648148e-12,1.36513585e-12,490203.7032944445,1080
2024-05-16 06:00:00+00:00,GRACE-FO,1.9507785353796294e-12,1.7368603500000001e-12,489985.8722990741,1080
2024-05-16 09:00:00+00:00,GRACE-FO,2.1061142402592595e-12,1.8720884000000002e-12,490460.20012962964,1080
2024-05-16 12:00:00+00:00,GRACE-FO,2.012154600351852e-12,1.5674464500000001e-12,491138.49556666665,1080
2024-05-16 15:00:00+00:00,GRACE-FO,1.860698274824074e-12,1.4925666e-12,491591.03767685185,1080
2024-05-16 18:00:00+00:00,GRACE-FO,1.7046545742870372e-12,1.3557948000000002e-12,491508.2648092593,1080
2024-05-16 21:00:00+00:00,GRACE-FO,1.6113213797592594e-12,1.2384220499999999e-12,491094.432512037,1080
2024-05-17 00:00:00+00:00,GRACE-FO,1.6174486057685184e-12,1.1674885499999999e-12,490732.6867694445,1080
2024-05-17 03:00:00+00:00,GRACE-FO,1.6364138707407407e-12,1.3091893e-12,490725.12205833336,1080
2024-05-17 06:00:00+00:00,GRACE-FO,1.6989704892592593e-12,1.42156735e-12,490810.1416175926,1080
2024-05-17 09:00:00+00:00,GRACE-FO,1.7752649805555555e-12,1.52288205e-12,490705.7151333333,1080
2024-05-17 12:00:00+00:00,GRACE-FO,1.812758139814815e-12,1.56928625e-12,490195.26934074075,1080
2024-05-17 15:00:00+00:00,GRACE-FO,1.9220817681574077e-12,1.69360105e-12,489874.87214074074,1080
2024-05-17 18:00:00+00:00,GRACE-FO,2.0969198173518515e-12,1.69336505e-12,490197.85640833335,1080
2024-05-17 21:00:00+00:00,GRACE-FO,2.0105793089166666e-12,1.5597498e-12,491021.27447222226,1080
2024-05-18 00:00:00+00:00,GRACE-FO,2.060776822787037e-12,1.63698745e-12,491517.10319537035,1080
2024-05-18 03:00:00+00:00,GRACE-FO,2.0396076091666668e-12,1.62584695e-12,491477.8011537037,1080
2024-05-18 06:00:00+00:00,GRACE-FO,2.049639400972222e-12,1.5661688500000001e-12,491081.2410861111,1080
2024-05-18 09:00:00+00:00,GRACE-FO,2.074512401592593e-12,1.60786465e-12,490756.06327222224,1080
2024-05-18 12:00:00+00:00,GRACE-FO,2.0166802268703704e-12,1.6592618e-12,490686.8678564815,1080
2024-05-18 15:00:00+00:00,GRACE-FO,1.8886300142499998e-12,1.53305485e-12,490731.79925925925,1080
2024-05-18 18:00:00+00:00,GRACE-FO,1.7569389731666669e-12,1.5188522e-12,490581.5495861111,1080
2024-05-18 21:00:00+00:00,GRACE-FO,1.6588769697037037e-12,1.3774647e-12,490200.5970083333,1080
2024-05-19 00:00:00+00:00,GRACE-FO,1.5985773369074074e-12,1.29073405e-12,489837.36453703704,1080
2024-05-19 03:00:00+00:00,GRACE-FO,1.6229171161944445e-12,1.24736745e-12,490000.36898055556,1080
2024-05-19 06:00:00+00:00,GRACE-FO,1.5915111589537039e-12,1.15674555e-12,490742.37608333334,1080
2024-05-19 09:00:00+00:00,GRACE-FO,1.604508416e-12,1.407457e-12,491454.7992046296,1080
2024-05-19 12:00:00+00:00,GRACE-FO,1.65237935025e-12,1.3556675999999998e-12,491512.46979166666,1080
2024-05-19 15:00:00+00:00,GRACE-FO,1.673845165962963e-12,1.3041285e-12,491080.68964351853,1080
2024-05-19 18:00:00+00:00,GRACE-FO,1.6767966923981482e-12,1.2808319e-12,490698.3989916667,1080
2024-05-19 21:00:00+00:00,GRACE-FO,1.5810726323055555e-12,1.2133086e-12,490658.802912963,1080
2024-05-20 00:00:00+00:00,GRACE-FO,1.536510413824074e-12,1.2612032e-12,490736.43371018517,1080
2024-05-20 03:00:00+00:00,GRACE-FO,1.5665412287222223e-12,1.3946608500000001e-12,490546.8034222222,1080
2024-05-20 06:00:00+00:00,GRACE-FO,1.6029676737962964e-12,1.20871665e-12,490068.8604481481,1080
2024-05-20 09:00:00+00:00,GRACE-FO,1.5682376821203704e-12,1.14386305e-12,489800.3714648148,1080
2024-05-20 12:00:00+00:00,GRACE-FO,1.534048019925926e-12,1.2137274e-12,489890.47633611114,1080
2024-05-20 15:00:00+00:00,GRACE-FO,1.4506633126944445e-12,9.8412854e-13,490527.2316407407,1080
2024-05-20 18:00:00+00:00,GRACE-FO,1.3196491301481482e-12,9.71750935e-13,491249.64677777776,1080
2024-05-20 21:00:00+00:00,GRACE-FO,1.2700954348333333e-12,9.16320315e-13,491521.67272129626,1080
2024-05-21 00:00:00+00:00,GRACE-FO,1.2917316627314815e-12,9.69999615e-13,491126.7942685185,1080
2024-05-21 03:00:00+00:00,GRACE-FO,1.3360359062499999e-12,9.61088545e-13,490700.19539814815,1080
2024-05-21 06:00:00+00:00,GRACE-FO,1.4164305928518519e-12,1.13771915e-12,490593.1239333333,1080
2024-05-21 09:00:00+00:00,GRACE-FO,1.4911376199166666e-12,1.3446246499999998e-12,490731.55985185184,1080
2024-05-21 12:00:00+00:00,GRACE-FO,1.505950371925926e-12,1.2482943999999998e-12,490559.7504009259,1080
2024-05-21 15:00:00+00:00,GRACE-FO,1.5447962352222222e-12,1.2415794000000001e-12,490055.15520833334,1080
2024-05-21 18:00:00+00:00,GRACE-FO,1.4739936207962963e-12,1.2080205e-12,489648.09319907404,1080
2024-05-21 21:00:00+00:00,GRACE-FO,1.4258873642407408e-12,1.1542012e-12,489808.1535407407,1080
2024-05-22 00:00:00+00:00,GRACE-FO,1.3748892792777779e-12,9.787648199999999e-13,490378.23800833337,1080
2024-05-22 03:00:00+00:00,GRACE-FO,1.3273947907592592e-12,9.9965331e-13,491081.52003148146,1080
2024-05-22 06:00:00+00:00,GRACE-FO,1.3454695158240742e-12,1.0256681e-12,491428.07479444443,1080
2024-05-22 09:00:00+00:00,GRACE-FO,1.3558346443240742e-12,9.71447075e-13,491202.4703527778,1080
2024-05-22 12:00:00+00:00,GRACE-FO,1.3607868105462962e-12,9.15716305e-13,490748.1788175926,1080
2024-05-22 15:00:00+00:00,GRACE-FO,1.3521991627222221e-12,9.05313735e-13,490554.17897592596,1080
2024-05-22 18:00:00+00:00,GRACE-FO,1.2907174190277777e-12,9.989536149999999e-13,490640.9457212963,1080
2024-05-22 21:00:00+00:00,GRACE-FO,1.2693185023425927e-12,9.91202215e-13,490596.64814999996,1080
2024-05-23 00:00:00+00:00,GRACE-FO,1.2523107183148147e-12,1.009813e-12,490130.04842314817,1080
2024-05-23 03:00:00+00:00,GRACE-FO,1.3175317253425924e-12,1.0907704e-12,489582.1409888889,1080
2024-05-23 06:00:00+00:00,GRACE-FO,1.386127687138889e-12,1.2585919e-12,489581.4710083333,1080
2024-05-23 09:00:00+00:00,GRACE-FO,1.367170998824074e-12,1.0653184e-12,490253.30144537037,1080
2024-05-23 12:00:00+00:00,GRACE-FO,1.3918223837592594e-12,1.2060227e-12,490987.05791574076,1080
2024-05-23 15:00:00+00:00,GRACE-FO,1.405436885712963e-12,1.1188465499999998e-12,491343.48275555554,1080
2024-05-23 18:00:00+00:00,GRACE-FO,1.4031780085277779e-12,1.14396595e-12,491176.1042981482,1080
2024-05-23 21:00:00+00:00,GRACE-FO,1.4291106892777777e-12,1.10662645e-12,490801.07893518516,1080
2024-05-24 00:00:00+00:00,GRACE-FO,1.4073721423703703e-12,1.0531895e-12,490576.76844814816,1080
2024-05-24 03:00:00+00:00,GRACE-FO,1.465923534064815e-12,1.2290727500000001e-12,490596.8786703704,1080
2024-05-24 06:00:00+00:00,GRACE-FO,1.489440266324074e-12,1.0834254e-12,490521.2993814815,1080
2024-05-24 09:00:00+00:00,GRACE-FO,1.508431688574074e-12,1.2700702999999998e-12,490187.37820185185,1080
2024-05-24 12:00:00+00:00,GRACE-FO,1.4367494496018519e-12,1.09363015e-12,489585.8433185185,1080
2024-05-24 15:00:00+00:00,GRACE-FO,1.3335706563240742e-12,1.0745922499999999e-12,489418.9836277778,1080
2024-05-24 18:00:00+00:00,GRACE-FO,1.1847692851944445e-12,8.7930331e-13,489977.040575,1080
2024-05-24 21:00:00+00:00,GRACE-FO,1.089755762175926e-12,7.6710259e-13,490871.6273953704,1080
2024-05-25 00:00:00+00:00,GRACE-FO,1.063019784324074e-12,8.13521535e-13,491276.4639111111,1080
2024-05-25 03:00:00+00:00,GRACE-FO,1.0852454351296298e-12,8.122798949999999e-13,491154.87710740743,1080
2024-05-25 06:00:00+00:00,GRACE-FO,1.1257997197685186e-12,8.0392879e-13,490798.1134638889,1080
2024-05-25 09:00:00+00:00,GRACE-FO,1.1059828163888888e-12,7.43280175e-13,490608.189212963,1080
2024-05-25 12:00:00+00:00,GRACE-FO,1.0747592924907407e-12,8.0264419e-13,490590.7181537037,1080
2024-05-25 15:00:00+00:00,GRACE-FO,1.0732426702314816e-12,7.82532215e-13,490506.1798231481,1080
2024-05-25 18:00:00+00:00,GRACE-FO,1.042937022824074e-12,8.3978568e-13,490139.0959388889,1080
2024-05-25 21:00:00+00:00,GRACE-FO,1.0155764563518518e-12,7.6907069e-13,489649.22589166666,1080
2024-05-26 00:00:00+00:00,GRACE-FO,9.840851041481481e-13,7.5073447e-13,489374.886587963,1080
2024-05-26 03:00:00+00:00,GRACE-FO,1.0221573376296295e-12,7.4800704e-13,489757.9359185185,1080
2024-05-26 06:00:00+00:00,GRACE-FO,9.797051718981481e-13,7.1369388e-13,490626.6475388889,1080
2024-05-26 09:00:00+00:00,GRACE-FO,9.31915755101852e-13,6.683790799999999e-13,491250.44604444446,1080
2024-05-26 12:00:00+00:00,GRACE-FO,9.561751818981482e-13,7.5854968e-13,491200.655325,1080
2024-05-26 15:00:00+00:00,GRACE-FO,9.476119659166667e-13,6.5101982e-13,490807.97311203706,1080
2024-05-26 18:00:00+00:00,GRACE-FO,9.472930169537036e-13,6.420123949999999e-13,490579.82217685186,1080
2024-05-26 21:00:00+00:00,GRACE-FO,9.32966198537037e-13,6.70012365e-13,490614.50488333334,1080
2024-05-27 00:00:00+00:00,GRACE-FO,8.843177574351852e-13,6.588487500000001e-13,490576.9400435185,1080
2024-05-27 03:00:00+00:00,GRACE-FO,8.870775776666667e-13,6.831905850000001e-13,490163.2391898148,1080
2024-05-27 06:00:00+00:00,GRACE-FO,9.419488867962963e-13,7.34860595e-13,489593.8004277778,1080
2024-05-27 09:00:00+00:00,GRACE-FO,1.0067390392592593e-12,8.9752734e-13,489370.1031481481,1080
2024-05-27 12:00:00+00:00,GRACE-FO,9.282805082222222e-13,6.6676965e-13,489638.9752824074,1080
2024-05-27 15:00:00+00:00,GRACE-FO,8.772889822592592e-13,6.51302095e-13,490404.2722296296,1080
2024-05-27 18:00:00+00:00,GRACE-FO,8.10627641287037e-13,5.68820595e-13,491107.49483796296,1080
2024-05-27 21:00:00+00:00,GRACE-FO,8.047764103148148e-13,5.8290956e-13,491245.0084768518,1080
2024-05-28 00:00:00+00:00,GRACE-FO,8.290967767037037e-13,5.35695085e-13,490863.89912962966,1080
2024-05-28 03:00:00+00:00,GRACE-FO,8.570834968518519e-13,5.4377078e-13,490574.9434537037,1080
2024-05-28 06:00:00+00:00,GRACE-FO,8.905588044537037e-13,7.32269245e-13,490577.97147037036,1080
2024-05-28 09:00:00+00:00,GRACE-FO,8.907558280185185e-13,6.282864900000001e-13,490633.86806203704,1080
2024-05-28 12:00:00+00:00,GRACE-FO,8.51517025574074e-13,6.263235e-13,490235.64663333335,1080
2024-05-28 15:00:00+00:00,GRACE-FO,8.389327720092593e-13,5.80906295e-13,489581.0203601852,1080
2024-05-28 18:00:00+00:00,GRACE-FO,7.942621391203704e-13,5.555002949999999e-13,489244.9058083333,1080
2024-05-28 21:00:00+00:00,GRACE-FO,7.826843684166667e-13,5.91908945e-13,489561.55604814814,1080
2024-05-29 00:00:00+00:00,GRACE-FO,7.609129775185185e-13,5.044871600000001e-13,490238.40242500004,1080
2024-05-29 03:00:00+00:00,GRACE-FO,7.486358337129629e-13,5.102319500000001e-13,490928.9849777778,1080
2024-05-29 06:00:00+00:00,GRACE-FO,7.818259265925926e-13,6.453788600000001e-13,491190.56862314814,1080
2024-05-29 09:00:00+00:00,GRACE-FO,8.072856414537037e-13,6.169913200000001e-13,490947.7515287037,1080
2024-05-29 12:00:00+00:00,GRACE-FO,8.081758245e-13,5.7545362e-13,490611.48693148146,1080
2024-05-29 15:00:00+00:00,GRACE-FO,8.578648303611111e-13,5.67081205e-13,490542.30315925926,1080
2024-05-29 18:00:00+00:00,GRACE-FO,8.772357358333333e-13,6.8374088e-13,490591.2509601852,1080
2024-05-29 21:00:00+00:00,GRACE-FO,9.340112050185186e-13,7.630821149999999e-13,490355.0742351852,1080
2024-05-30 00:00:00+00:00,GRACE-FO,9.017210195648148e-13,7.172207250000001e-13,489694.48635185184,1080
2024-05-30 03:00:00+00:00,GRACE-FO,9.229130656203703e-13,7.44499005e-13,489161.6885,1080
2024-05-30 06:00:00+00:00,GRACE-FO,9.068726136759258e-13,6.84035415e-13,489348.713062037,1080
2024-05-30 09:00:00+00:00,GRACE-FO,8.950606916018519e-13,7.097915399999999e-13,490117.86911851855,1080
2024-05-30 12:00:00+00:00,GRACE-FO,8.785319081018519e-13,6.693245399999999e-13,490832.8105055556,1080
2024-05-30 15:00:00+00:00,GRACE-FO,8.772361318055556e-13,6.43988445e-13,491108.47901944444,1080
2024-05-30 18:00:00+00:00,GRACE-FO,9.13944324037037e-13,7.2959939e-13,490942.13185833336,1080
2024-05-30 21:00:00+00:00,GRACE-FO,9.415701338796295e-13,6.4689074e-13,490662.24512222223,1080
2024-05-31 00:00:00+00:00,GRACE-FO,9.371833284814814e-13,6.533506350000001e-13,490574.60548796295,1080
2024-05-31 03:00:00+00:00,GRACE-FO,1.0294033789907407e-12,9.010703499999999e-13,490581.0626268519,1080
2024-05-31 06:00:00+00:00,GRACE-FO,1.0651646967407407e-12,8.047200500000001e-13,490365.60255,1080
2024-05-31 09:00:00+00:00,GRACE-FO,1.0494715032962962e-12,7.82659925e-13,489820.7980037037,1080
2024-05-31 12:00:00+00:00,GRACE-FO,1.0261561347407407e-12,7.76892445e-13,489183.5769,1080
2024-05-31 15:00:00+00:00,GRACE-FO,9.915536449537035e-13,7.7731033e-13,489161.5039490741,1080
2024-05-31 18:00:00+00:00,GRACE-FO,9.388713265555555e-13,7.08664535e-13,489887.64027314814,1080
2024-05-31 21:00:00+00:00,GRACE-FO,8.693576846481482e-13,6.002147599999999e-13,490740.595012963,1080
2024-06-01 00:00:00+00:00,GRACE-FO,8.468115271759259e-13,6.34722455e-13,491055.4032416667,1080
2024-06-01 03:00:00+00:00,GRACE-FO,8.700494566759258e-13,6.3761939e-13,490913.18747777777,1080
2024-06-01 06:00:00+00:00,GRACE-FO,8.933131821944444e-13,6.1786429e-13,490671.4997388889,1080
2024-06-01 09:00:00+00:00,GRACE-FO,9.39323882037037e-13,6.1926692e-13,490610.4030675926,1080
2024-06-01 12:00:00+00:00,GRACE-FO,9.493970985555556e-13,7.1515512e-13,490599.1477870371,1080
2024-06-01 15:00:00+00:00,GRACE-FO,9.59544278388889e-13,6.82002875e-13,490360.1389768519,1080
2024-06-01 18:00:00+00:00,GRACE-FO,9.11501100851852e-13,6.6172562e-13,489837.31087685184,1080
2024-06-01 21:00:00+00:00,GRACE-FO,9.186694630833332e-13,7.053388050000001e-13,489276.92496481485,1080
2024-06-02 00:00:00+00:00,GRACE-FO,9.001109284351851e-13,6.973828550000001e-13,489087.92956851854,1080
2024-06-02 03:00:00+00:00,GRACE-FO,9.055026312962964e-13,6.121129899999999e-13,489609.52060092596,1080
2024-06-02 06:00:00+00:00,GRACE-FO,8.760820841296297e-13,5.8569448e-13,490522.4215777778,1080
2024-06-02 09:00:00+00:00,GRACE-FO,8.891782293611111e-13,5.90879095e-13,491041.46897962963,1080
2024-06-02 12:00:00+00:00,GRACE-FO,8.857139596851851e-13,5.9012723e-13,490935.63989166665,1080
2024-06-02 15:00:00+00:00,GRACE-FO,9.051858812685186e-13,5.57409025e-13,490634.3710009259,1080
2024-06-02 18:00:00+00:00,GRACE-FO,9.132566426481481e-13,5.921991e-13,490561.63386666664,1080
2024-06-02 21:00:00+00:00,GRACE-FO,9.522431407407407e-13,7.30243615e-13,490647.1424083333,1080
2024-06-03 00:00:00+00:00,GRACE-FO,9.809998266203703e-13,7.737267749999999e-13,490467.31543055555,1080
2024-06-03 03:00:00+00:00,GRACE-FO,1.0367895244814813e-12,7.8265122e-13,489863.0918888889,1080
2024-06-03 06:00:00+00:00,GRACE-FO,1.101634647074074e-12,7.9963721e-13,489249.85212314816,1080
2024-06-03 09:00:00+00:00,GRACE-FO,1.1257935972685186e-12,8.486724e-13,489073.94608796295,1080
2024-06-03 12:00:00+00:00,GRACE-FO,1.1331381321296297e-12,8.9259042e-13,489464.6852462963,1080
2024-06-03 15:00:00+00:00,GRACE-FO,1.0796418164074074e-12,7.36360625e-13,490269.25919351855,1080
2024-06-03 18:00:00+00:00,GRACE-FO,1.026882004962963e-12,7.27256325e-13,490911.967412963,1080
2024-06-03 21:00:00+00:00,GRACE-FO,1.0364108635277777e-12,7.38870735e-13,490956.57115185185,1080
2024-06-04 00:00:00+00:00,GRACE-FO,1.1067152129444446e-12,8.43272275e-13,490659.4236583333,1080
2024-06-04 03:00:00+00:00,GRACE-FO,1.2564630117777778e-12,1.03133745e-12,490522.00852685183,1080
2024-06-04 06:00:00+00:00,GRACE-FO,1.3242894313333333e-12,1.0588529500000002e-12,490619.66781759256,1080
2024-06-04 09:00:00+00:00,GRACE-FO,1.3936546757777777e-12,1.24412785e-12,490557.1961888889,1080
2024-06-04 12:00:00+00:00,GRACE-FO,1.2951603972870372e-12,1.06756915e-12,489968.66367129626,1080
2024-06-04 15:00:00+00:00,GRACE-FO,1.2129699648240742e-12,9.4786106e-13,489226.6367518518,1080
2024-06-04 18:00:00+00:00,GRACE-FO,1.1424540833796296e-12,8.886906250000001e-13,488975.2861148148,1080
2024-06-04 21:00:00+00:00,GRACE-FO,1.0880243051944445e-12,7.91136055e-13,489367.8223675926,1080
2024-06-05 00:00:00+00:00,GRACE-FO,1.0420611679444444e-12,7.0496663e-13,490079.8331814815,1080
2024-06-05 03:00:00+00:00,GRACE-FO,1.0554471974444446e-12,7.40444905e-13,490713.978475,1080
2024-06-05 06:00:00+00:00,GRACE-FO,1.1228328370277778e-12,9.07238715e-13,490917.94258888887,1080
2024-06-05 09:00:00+00:00,GRACE-FO,1.2256875700370371e-12,8.900866850000001e-13,490707.05240277783,1080
2024-06-05 12:00:00+00:00,GRACE-FO,1.2301423929722222e-12,8.806900350000001e-13,490513.0147138889,1080
2024-06-05 15:00:00+00:00,GRACE-FO,1.2732431230740743e-12,9.34180835e-13,490540.54054722225,1080
2024-06-05 18:00:00+00:00,GRACE-FO,1.2492607455277776e-12,1.0167833e-12,490547.17305462965,1080
2024-06-05 21:00:00+00:00,GRACE-FO,1.220582488388889e-12,1.0032939e-12,490128.3545759259,1080
2024-06-06 00:00:00+00:00,GRACE-FO,1.220432887324074e-12,9.9511242e-13,489333.3596175926,1080
2024-06-06 03:00:00+00:00,GRACE-FO,1.2649343685833332e-12,1.0133274e-12,488829.1269435185,1080
2024-06-06 06:00:00+00:00,GRACE-FO,1.3039989873425927e-12,9.9826607e-13,489157.1636398148,1080
2024-06-06 09:00:00+00:00,GRACE-FO,1.2873595300370372e-12,8.868103949999999e-13,489945.4781407408,1080
2024-06-06 12:00:00+00:00,GRACE-FO,1.1955632484351852e-12,9.0206105e-13,490591.9531101852,1080
2024-06-06 15:00:00+00:00,GRACE-FO,1.1552543015277778e-12,7.8626339e-13,490788.9777907407,1080
2024-06-06 18:00:00+00:00,GRACE-FO,1.1209644680648148e-12,7.601010150000001e-13,490665.15886944445,1080
2024-06-06 21:00:00+00:00,GRACE-FO,1.0887206635555556e-12,7.07845445e-13,490520.43864074076,1080
2024-06-07 00:00:00+00:00,GRACE-FO,1.1441137764814815e-12,8.4027449e-13,490547.0033203704,1080
2024-06-07 03:00:00+00:00,GRACE-FO,1.230032309e-12,1.02838325e-12,490518.1586027778,1080
2024-06-07 06:00:00+00:00,GRACE-FO,1.3377985567592593e-12,1.11586975e-12,490172.69915,1080
2024-06-07 09:00:00+00:00,GRACE-FO,1.4474068227314814e-12,1.1881014e-12,489474.6015583334,1080
2024-06-07 12:00:00+00:00,GRACE-FO,1.4946021719722223e-12,1.2871679e-12,488843.673037037,1080
2024-06-07 15:00:00+00:00,GRACE-FO,1.5456255131203703e-12,1.30800685e-12,488921.7784101852,1080
2024-06-07 18:00:00+00:00,GRACE-FO,1.3789747478796296e-12,1.1161131e-12,489711.16257870366,1080
2024-06-07 21:00:00+00:00,GRACE-FO,1.2902271113703704e-12,9.4787535e-13,490472.77629722224,1080
2024-06-08 00:00:00+00:00,GRACE-FO,1.326926452574074e-12,1.0854385e-12,490719.5415574074,1080
2024-06-08 03:00:00+00:00,GRACE-FO,1.3868060246574074e-12,1.1037215000000001e-12,490598.11514166667,1080
2024-06-08 06:00:00+00:00,GRACE-FO,1.4171245545277778e-12,1.24944105e-12,490486.6992898148,1080
2024-06-08 09:00:00+00:00,GRACE-FO,1.4126243502314813e-12,1.07008805e-12,490543.96394629625,1080
2024-06-08 12:00:00+00:00,GRACE-FO,1.3700683614814815e-12,1.0678573e-12,490538.0790074074,1080
2024-06-08 15:00:00+00:00,GRACE-FO,1.3782246582407406e-12,1.14369365e-12,490182.6549611111,1080
2024-06-08 18:00:00+00:00,GRACE-FO,1.2666686958888889e-12,1.05948055e-12,489543.66376666666,1080
2024-06-08 21:00:00+00:00,GRACE-FO,1.2162929615462963e-12,9.8748853e-13,488934.24378425925,1080
2024-06-09 00:00:00+00:00,GRACE-FO,1.2063519758796296e-12,1.03377975e-12,488817.5521194444,1080
2024-06-09 03:00:00+00:00,GRACE-FO,1.1816936118425926e-12,8.5443227e-13,489405.037312037,1080
2024-06-09 06:00:00+00:00,GRACE-FO,1.1736465606481482e-12,9.5997047e-13,490285.9710722222,1080
2024-06-09 09:00:00+00:00,GRACE-FO,1.165341440138889e-12,8.6807638e-13,490690.9265027778,1080
2024-06-09 12:00:00+00:00,GRACE-FO,1.1919549711296296e-12,9.4174446e-13,490577.8722175926,1080
2024-06-09 15:00:00+00:00,GRACE-FO,1.1725577495092593e-12,7.75148715e-13,490398.7853166667,1080
2024-06-09 18:00:00+00:00,GRACE-FO,1.172722748351852e-12,8.64796625e-13,490477.2716564815,1080
2024-06-09 21:00:00+00:00,GRACE-FO,1.1658117488888889e-12,9.647280199999999e-13,490589.0413935185,1080
2024-06-10 00:00:00+00:00,GRACE-FO,1.1297436405925925e-12,9.34309335e-13,490297.7217537037,1080
2024-06-10 03:00:00+00:00,GRACE-FO,1.1506701645092593e-12,9.3986821e-13,489559.11021296296,1080
2024-06-10 06:00:00+00:00,GRACE-FO,1.163763365277778e-12,9.7836769e-13,488942.60597777774,1080
2024-06-10 09:00:00+00:00,GRACE-FO,1.1784290698796296e-12,9.5289796e-13,488789.98487314815,1080
2024-06-10 12:00:00+00:00,GRACE-FO,1.1418250938703703e-12,8.4862579e-13,489236.36700092594,1080
2024-06-10 15:00:00+00:00,GRACE-FO,1.0472173602222222e-12,7.1359581e-13,490004.3972361111,1080
2024-06-10 18:00:00+00:00,GRACE-FO,1.0982851511944443e-12,8.18948715e-13,490572.2570287037,1080
2024-06-10 21:00:00+00:00,GRACE-FO,1.0863443518333334e-12,8.16413975e-13,490566.6071240741,1080
2024-06-11 00:00:00+00:00,GRACE-FO,1.1902491647962962e-12,1.00793965e-12,490378.27506388887,1080
2024-06-11 03:00:00+00:00,GRACE-FO,1.3082159643888889e-12,9.687768850000001e-13,490389.24652037036,1080
2024-06-11 06:00:00+00:00,GRACE-FO,1.2592752818611111e-12,1.0271804e-12,490555.8632490741,1080
2024-06-11 09:00:00+00:00,GRACE-FO,1.2649855160833334e-12,1.1728735e-12,490403.7853111111,1080
2024-06-11 12:00:00+00:00,GRACE-FO,1.1847223672870372e-12,9.5738032e-13,489698.8463425926,1080
2024-06-11 15:00:00+00:00,GRACE-FO,1.1592632668796296e-12,9.8213074e-13,488914.98200555553,1080
2024-06-11 18:00:00+00:00,GRACE-FO,1.0872828254444444e-12,8.6774363e-13,488706.36096296296,1080
2024-06-11 21:00:00+00:00,GRACE-FO,1.0526211927037037e-12,8.241519350000001e-13,489118.4862648148,1080
2024-06-12 00:00:00+00:00,GRACE-FO,9.720779766296297e-13,7.0653763e-13,489815.0393240741,1080
2024-06-12 03:00:00+00:00,GRACE-FO,9.248399466203705e-13,6.7872178e-13,490377.4740212963,1080
2024-06-12 06:00:00+00:00,GRACE-FO,9.343354163055555e-13,7.29752615e-13,490523.4770351852,1080
2024-06-12 09:00:00+00:00,GRACE-FO,9.890044717407407e-13,7.38876585e-13,490381.0230314815,1080
2024-06-12 12:00:00+00:00,GRACE-FO,9.90668693462963e-13,7.16707755e-13,490346.433175,1080
2024-06-12 15:00:00+00:00,GRACE-FO,1.0044570746203704e-12,7.999393249999999e-13,490481.9226694444,1080
2024-06-12 18:00:00+00:00,GRACE-FO,9.768346834814813e-13,7.9047196e-13,490448.6462,1080
2024-06-12 21:00:00+00:00,GRACE-FO,9.689016858703704e-13,7.8450407e-13,489901.92384722224,1080
2024-06-13 00:00:00+00:00,GRACE-FO,9.73354371824074e-13,8.07641235e-13,489040.7322546296,1080
2024-06-13 03:00:00+00:00,GRACE-FO,9.741199305e-13,7.399220049999999e-13,488571.876637037,1080
2024-06-13 06:00:00+00:00,GRACE-FO,9.509276430462964e-13,7.23457395e-13,488961.33119351853,1080
2024-06-13 09:00:00+00:00,GRACE-FO,9.055328105462962e-13,6.0452989e-13,489694.01662314817,1080
2024-06-13 12:00:00+00:00,GRACE-FO,8.801123421111112e-13,5.6050453e-13,490257.4205712963,1080
2024-06-13 15:00:00+00:00,GRACE-FO,8.62731692175926e-13,5.900638550000001e-13,490407.6826287037,1080
2024-06-13 18:00:00+00:00,GRACE-FO,8.50088494787037e-13,5.97651225e-13,490346.87555555557,1080
2024-06-13 21:00:00+00:00,GRACE-FO,8.584912583518518e-13,5.96110195e-13,490330.9536990741,1080
2024-06-14 00:00:00+00:00,GRACE-FO,8.808952455000001e-13,7.071891750000001e-13,490468.4439074074,1080
2024-06-14 03:00:00+00:00,GRACE-FO,9.041415081203704e-13,7.1049397e-13,490431.7218462963,1080
2024-06-14 06:00:00+00:00,GRACE-FO,9.831167776851853e-13,8.6344889e-13,490019.13612314814,1080
2024-06-14 09:00:00+00:00,GRACE-FO,1.029691836388889e-12,8.2528382e-13,489211.5919259259,1080
2024-06-14 12:00:00+00:00,GRACE-FO,1.0182408634166666e-12,8.1452174e-13,488595.50070277776,1080
2024-06-14 15:00:00+00:00,GRACE-FO,9.764966635185185e-13,7.311122449999999e-13,488718.95557870367,1080
2024-06-14 18:00:00+00:00,GRACE-FO,8.950774708888888e-13,6.3560741e-13,489510.8721592592,1080
2024-06-14 21:00:00+00:00,GRACE-FO,8.758345203333333e-13,6.56267205e-13,490146.5738444444,1080
2024-06-15 00:00:00+00:00,GRACE-FO,8.815546795648149e-13,7.21784405e-13,490335.8298675926,1080
2024-06-15 03:00:00+00:00,GRACE-FO,9.38501532324074e-13,7.35968655e-13,490261.42952314817,1080
2024-06-15 06:00:00+00:00,GRACE-FO,1.0284545997592593e-12,8.0853555e-13,490275.3809268519,1080
2024-06-15 09:00:00+00:00,GRACE-FO,1.084466468388889e-12,8.3865022e-13,490445.326612037,1080
2024-06-15 12:00:00+00:00,GRACE-FO,1.1749665866481482e-12,9.8379549e-13,490465.852187037,1080
2024-06-15 15:00:00+00:00,GRACE-FO,1.1563281900648148e-12,9.6025886e-13,490051.28602407407,1080
2024-06-15 18:00:00+00:00,GRACE-FO,1.0792514055462964e-12,9.092637750000001e-13,489334.6882833333,1080
2024-06-15 21:00:00+00:00,GRACE-FO,1.0492303628796296e-12,8.6964302e-13,488698.72571481485,1080
2024-06-16 00:00:00+00:00,GRACE-FO,1.0494854522592593e-12,9.0858648e-13,488620.6985935185,1080
2024-06-16 03:00:00+00:00,GRACE-FO,9.849189105185185e-13,8.060826149999999e-13,489218.8888666667,1080
2024-06-16 06:00:00+00:00,GRACE-FO,9.708066525555556e-13,8.0676356e-13,489997.96188888885,1080
2024-06-16 09:00:00+00:00,GRACE-FO,9.35155200462963e-13,7.3305434e-13,490300.5947787037,1080
2024-06-16 12:00:00+00:00,GRACE-FO,9.464485845092593e-13,8.05349685e-13,490210.4848435185,1080
2024-06-16 15:00:00+00:00,GRACE-FO,9.165310651666667e-13,6.36304835e-13,490171.5620648148,1080
2024-06-16 18:00:00+00:00,GRACE-FO,9.559758159074075e-13,7.50576525e-13,490374.1971185185,1080
2024-06-16 21:00:00+00:00,GRACE-FO,9.01782275462963e-13,7.4403175e-13,490526.0955435185,1080
2024-06-17 00:00:00+00:00,GRACE-FO,8.882316886851851e-13,7.5466319e-13,490183.32440277777,1080
2024-06-17 03:00:00+00:00,GRACE-FO,9.135228175555556e-13,7.3365431e-13,489387.7808425926,1080
2024-06-17 06:00:00+00:00,GRACE-FO,9.038057329074074e-13,7.3875849e-13,488773.9721083333,1080
2024-06-17 09:00:00+00:00,GRACE-FO,8.95718581287037e-13,7.89572665e-13,488603.7853398148,1080
2024-06-17 12:00:00+00:00,GRACE-FO,8.377657965833333e-13,5.9791499e-13,489052.00899722223,1080
2024-06-17 15:00:00+00:00,GRACE-FO,8.457923108148148e-13,6.1808183e-13,489756.58188148146,1080
2024-06-17 18:00:00+00:00,GRACE-FO,8.482263069907407e-13,7.3245615e-13,490234.5012675926,1080
2024-06-17 21:00:00+00:00,GRACE-FO,8.77006655925926e-13,6.859015800000001e-13,490188.4908212963,1080
2024-06-18 00:00:00+00:00,GRACE-FO,8.836978331111111e-13,6.86298765e-13,490108.90917777776,1080
2024-06-18 03:00:00+00:00,GRACE-FO,9.315260781296297e-13,7.5992625e-13,490267.9614648148,1080
2024-06-18 06:00:00+00:00,GRACE-FO,9.645983792499999e-13,9.0669779e-13,490524.124575,1080
2024-06-18 09:00:00+00:00,GRACE-FO,9.438854790555556e-13,7.89301705e-13,490310.3165185185,1080
2024-06-18 12:00:00+00:00,GRACE-FO,9.428237142037036e-13,8.30326435e-13,489544.54333425924,1080
2024-06-18 15:00:00+00:00,GRACE-FO,9.121567968796298e-13,7.36085785e-13,488752.6723231482,1080
2024-06-18 18:00:00+00:00,GRACE-FO,8.583193845648148e-13,7.3296337e-13,488578.90080833336,1080
2024-06-18 21:00:00+00:00,GRACE-FO,8.096589655277777e-13,6.342636500000001e-13,488943.1827962963,1080
2024-06-19 00:00:00+00:00,GRACE-FO,8.082162339814816e-13,6.0470732e-13,489576.0310444444,1080
2024-06-19 03:00:00+00:00,GRACE-FO,8.351790576574074e-13,6.58012325e-13,490054.83085740736,1080
2024-06-19 06:00:00+00:00,GRACE-FO,8.593071781666667e-13,7.333497400000001e-13,490152.7289212963,1080
2024-06-19 09:00:00+00:00,GRACE-FO,8.681375611851853e-13,6.075759199999999e-13,490077.3866481481,1080
2024-06-19 12:00:00+00:00,GRACE-FO,9.004732644537036e-13,7.190319450000001e-13,490180.9138888889,1080
2024-06-19 15:00:00+00:00,GRACE-FO,9.15889318861111e-13,7.5235339e-13,490420.21548055555,1080
2024-06-19 18:00:00+00:00,GRACE-FO,8.82898344212963e-13,7.54682505e-13,490380.8864046296,1080
2024-06-19 21:00:00+00:00,GRACE-FO,8.620716969259259e-13,7.2585344e-13,489766.5328518519,1080
2024-06-20 00:00:00+00:00,GRACE-FO,8.576343921666667e-13,7.29203695e-13,488880.65764444444,1080
2024-06-20 03:00:00+00:00,GRACE-FO,8.953282487222222e-13,7.0860709e-13,488445.6685814815,1080
2024-06-20 06:00:00+00:00,GRACE-FO,8.790661290185184e-13,7.21096545e-13,488825.2024814815,1080
2024-06-20 09:00:00+00:00,GRACE-FO,8.392016256851852e-13,6.33959615e-13,489464.8512861111,1080
2024-06-20 12:00:00+00:00,GRACE-FO,8.153255756759259e-13,6.40242215e-13,489930.2924537037,1080
2024-06-20 15:00:00+00:00,GRACE-FO,7.959421199537036e-13,5.9289636e-13,490042.2473601852,1080
2024-06-20 18:00:00+00:00,GRACE-FO,7.907056252962963e-13,6.0191567e-13,490024.7458453704,1080
2024-06-20 21:00:00+00:00,GRACE-FO,8.282807316203704e-13,6.0669048e-13,490129.34376203705,1080
2024-06-21 00:00:00+00:00,GRACE-FO,8.241104719444445e-13,6.9017733e-13,490375.43361111113,1080
2024-06-21 03:00:00+00:00,GRACE-FO,8.336399711944445e-13,6.763623299999999e-13,490373.2786148148,1080
2024-06-21 06:00:00+00:00,GRACE-FO,8.292599239629629e-13,6.804459099999999e-13,489937.977575,1080
2024-06-21 09:00:00+00:00,GRACE-FO,8.052498678148148e-13,6.132783349999999e-13,489064.38453425927,1080
2024-06-21 12:00:00+00:00,GRACE-FO,7.881559742222223e-13,6.16167645e-13,488468.8129361111,1080
2024-06-21 15:00:00+00:00,GRACE-FO,7.856864133796296e-13,5.37442975e-13,488616.13969537034,1080
2024-06-21 18:00:00+00:00,GRACE-FO,7.356440103888889e-13,5.02886425e-13,489347.7137564815,1080
2024-06-21 21:00:00+00:00,GRACE-FO,7.409510381851852e-13,5.7111814e-13,489837.89846666664,1080
2024-06-22 00:00:00+00:00,GRACE-FO,7.438229452037036e-13,5.9728933e-13,489961.30056574073,1080
2024-06-22 03:00:00+00:00,GRACE-FO,7.537870981296296e-13,5.76079645e-13,489933.7560648148,1080
2024-06-22 06:00:00+00:00,GRACE-FO,7.738060936851852e-13,5.60732615e-13,490071.2502148148,1080
2024-06-22 09:00:00+00:00,GRACE-FO,7.904558944629629e-13,6.36632785e-13,490331.70203796297,1080
2024-06-22 12:00:00+00:00,GRACE-FO,7.680895949629629e-13,5.8125026e-13,490390.50752777775,1080
2024-06-22 15:00:00+00:00,GRACE-FO,7.743067955648148e-13,5.73521215e-13,489974.60558518517,1080
2024-06-22 18:00:00+00:00,GRACE-FO,7.544312923611111e-13,5.914271350000001e-13,489247.77772685187,1080
2024-06-22 21:00:00+00:00,GRACE-FO,7.56519675212963e-13,5.989592250000001e-13,488586.252737963,1080
2024-06-23 00:00:00+00:00,GRACE-FO,7.550251217407407e-13,5.76006045e-13,488516.42418981483,1080
2024-06-23 03:00:00+00:00,GRACE-FO,7.700699494537037e-13,5.6349334e-13,489082.65550833335,1080
2024-06-23 06:00:00+00:00,GRACE-FO,8.278105355185185e-13,6.954200999999999e-13,489742.3623064815,1080
2024-06-23 09:00:00+00:00,GRACE-FO,9.47086815787037e-13,8.66009325e-13,489940.9667111111,1080
2024-06-23 12:00:00+00:00,GRACE-FO,8.879808728333334e-13,7.1449332e-13,489855.4265037037,1080
2024-06-23 15:00:00+00:00,GRACE-FO,8.932405107685186e-13,6.613031649999999e-13,489919.9663472222,1080
2024-06-23 18:00:00+00:00,GRACE-FO,8.851799027499999e-13,7.07413075e-13,490242.72372685187,1080
2024-06-23 21:00:00+00:00,GRACE-FO,8.725580989814814e-13,7.5675066e-13,490444.54025277775,1080
2024-06-24 00:00:00+00:00,GRACE-FO,8.608633189907407e-13,7.875003399999999e-13,490096.76372222224,1080
2024-06-24 03:00:00+00:00,GRACE-FO,8.890542183240741e-13,7.332318249999999e-13,489296.9721796296,1080
2024-06-24 06:00:00+00:00,GRACE-FO,8.817944777314815e-13,6.785867600000001e-13,488694.63718425925,1080
2024-06-24 09:00:00+00:00,GRACE-FO,8.727959912962962e-13,7.17404685e-13,488507.17046666663,1080
2024-06-24 12:00:00+00:00,GRACE-FO,8.575598076296296e-13,5.98304875e-13,488918.0601277778,1080
2024-06-24 15:00:00+00:00,GRACE-FO,8.192028060925926e-13,5.731964e-13,489530.4653898148,1080
2024-06-24 18:00:00+00:00,GRACE-FO,7.9418251375e-13,5.98113295e-13,489891.6429925926,1080
2024-06-24 21:00:00+00:00,GRACE-FO,8.130406906851852e-13,6.31396725e-13,489814.3402925926,1080
2024-06-25 00:00:00+00:00,GRACE-FO,8.340028182129629e-13,6.47231365e-13,489820.0277212963,1080
2024-06-25 03:00:00+00:00,GRACE-FO,9.10095479824074e-13,7.103522350000001e-13,490104.0399814815,1080
2024-06-25 06:00:00+00:00,GRACE-FO,9.985257755462964e-13,9.3532256e-13,490444.1020777778,1080
2024-06-25 09:00:00+00:00,GRACE-FO,1.058442605074074e-12,8.815702350000001e-13,490218.2214648148,1080
2024-06-25 12:00:00+00:00,GRACE-FO,1.083489480787037e-12,9.12272055e-13,489455.4001398148,1080
2024-06-25 15:00:00+00:00,GRACE-FO,1.0800960189259259e-12,9.476738649999999e-13,488698.50885648147,1080
2024-06-25 18:00:00+00:00,GRACE-FO,1.0107634530925926e-12,8.335143550000001e-13,488530.2609638889,1080
2024-06-25 21:00:00+00:00,GRACE-FO,9.972006196388888e-13,8.13799815e-13,488823.70307592594,1080
2024-06-26 00:00:00+00:00,GRACE-FO,1.000674883398148e-12,8.070134e-13,489361.75450092595,1080
2024-06-26 03:00:00+00:00,GRACE-FO,1.0069485539351852e-12,8.27109625e-13,489746.69083981484,1080
2024-06-26 06:00:00+00:00,GRACE-FO,1.0469537529814815e-12,9.21906675e-13,489795.11179814814,1080
2024-06-26 09:00:00+00:00,GRACE-FO,1.1523143796203703e-12,9.904024100000002e-13,489757.6456907407,1080
2024-06-26 12:00:00+00:00,GRACE-FO,1.1803329080462964e-12,9.39787185e-13,489961.37042685185,1080
2024-06-26 15:00:00+00:00,GRACE-FO,1.129224112537037e-12,9.4709939e-13,490300.06141481485,1080
2024-06-26 18:00:00+00:00,GRACE-FO,1.0469289631296297e-12,9.3127318e-13,490302.75249166664,1080
2024-06-26 21:00:00+00:00,GRACE-FO,1.0282459945555555e-12,8.8648453e-13,489672.44714074075,1080
2024-06-27 00:00:00+00:00,GRACE-FO,1.0511223388148147e-12,8.8718699e-13,488799.29315925925,1080
2024-06-27 03:00:00+00:00,GRACE-FO,1.0530715943796296e-12,8.42442395e-13,488397.60099259263,1080
2024-06-27 06:00:00+00:00,GRACE-FO,1.0409569084907409e-12,8.512516600000001e-13,488741.7469481481,1080
2024-06-27 09:00:00+00:00,GRACE-FO,1.0183962366111113e-12,7.8210029e-13,489272.34267499996,1080
2024-06-27 12:00:00+00:00,GRACE-FO,1.0346140171296296e-12,7.932973949999999e-13,489621.5393203704,1080
2024-06-27 15:00:00+00:00,GRACE-FO,1.0438542626759258e-12,8.4008002e-13,489664.88186111115,1080
2024-06-27 18:00:00+00:00,GRACE-FO,1.0787732102870369e-12,8.7667052e-13,489676.9744055555,1080
2024-06-27 21:00:00+00:00,GRACE-FO,1.1629675661944445e-12,9.2516234e-13,489864.9329453703,1080
2024-06-28 00:00:00+00:00,GRACE-FO,1.2587231431574074e-12,1.0986565e-12,490201.6820481481,1080
2024-06-28 03:00:00+00:00,GRACE-FO,1.4186518610092593e-12,1.2628432500000002e-12,490251.2897027778,1080
2024-06-28 06:00:00+00:00,GRACE-FO,1.5878552060648147e-12,1.5355806000000002e-12,489837.5436222222,1080
2024-06-28 09:00:00+00:00,GRACE-FO,1.62774757025e-12,1.5673863000000001e-12,488967.0000981481,1080
2024-06-28 12:00:00+00:00,GRACE-FO,1.9163348864074077e-12,1.7491073e-12,488394.53044722223,1080
2024-06-28 15:00:00+00:00,GRACE-FO,1.7231641158425927e-12,1.59826135e-12,488533.9657777778,1080
2024-06-28 18:00:00+00:00,GRACE-FO,1.574366604962963e-12,1.4533356e-12,489162.01910833333,1080
2024-06-28 21:00:00+00:00,GRACE-FO,1.2849671007777778e-12,1.2024594e-12,489519.4762212963,1080
2024-06-29 00:00:00+00:00,GRACE-FO,1.2692762981296296e-12,1.1547519e-12,489565.62925,1080
2024-06-29 03:00:00+00:00,GRACE-FO,1.2031275286574073e-12,1.03036215e-12,489543.0841518518,1080
2024-06-29 06:00:00+00:00,GRACE-FO,1.1802098038425928e-12,1.0195809500000001e-12,489752.770287963,1080
2024-06-29 09:00:00+00:00,GRACE-FO,1.2377266190185185e-12,1.1090688e-12,490091.3500518518,1080
2024-06-29 12:00:00+00:00,GRACE-FO,1.1948824537407406e-12,9.8847983e-13,490222.97747499996,1080
2024-06-29 15:00:00+00:00,GRACE-FO,1.1842823956481481e-12,1.0371527e-12,489862.2183018518,1080
2024-06-29 18:00:00+00:00,GRACE-FO,1.2065900630648148e-12,1.1030869000000001e-12,489156.1085222222,1080
2024-06-29 21:00:00+00:00,GRACE-FO,1.240710542814815e-12,1.17110865e-12,488492.7680546296,1080
2024-06-30 00:00:00+00:00,GRACE-FO,1.1962731484166666e-12,1.0927933e-12,488417.22712500003,1080
2024-06-30 03:00:00+00:00,GRACE-FO,1.1696004062777778e-12,1.0288532e-12,488933.2738481481,1080
2024-06-30 06:00:00+00:00,GRACE-FO,1.1602979203518518e-12,1.0178662499999998e-12,489459.4028990741,1080
2024-06-30 09:00:00+00:00,GRACE-FO,1.1782555823611111e-12,1.0186169999999998e-12,489544.1078962963,1080
2024-06-30 12:00:00+00:00,GRACE-FO,1.1477586810833334e-12,9.529340450000001e-13,489434.09464814817,1080
2024-06-30 15:00:00+00:00,GRACE-FO,1.2023385977592593e-12,1.0621698e-12,489562.20682037034,1080
2024-06-30 18:00:00+00:00,GRACE-FO,1.1455501519166667e-12,1.01268395e-12,489973.7026148148,1080
2024-06-30 21:00:00+00:00,GRACE-FO,1.1567007278611112e-12,1.0768743500000001e-12,490238.80483796296,1080
2024-07-01 00:00:00+00:00,GRACE-FO,1.1379574226759259e-12,1.0111741e-12,489938.8177481481,1080
2024-07-01 03:00:00+00:00,GRACE-FO,1.1899441407222223e-12,1.07047e-12,489195.8386490741,1080
2024-07-01 06:00:00+00:00,GRACE-FO,1.207634325361111e-12,1.04428225e-12,488615.8275611111,1080
2024-07-01 09:00:00+00:00,GRACE-FO,1.1721708058796296e-12,1.0380387e-12,488408.96075277776,1080
2024-07-01 12:00:00+00:00,GRACE-FO,1.1121122858148149e-12,9.1062363e-13,488764.2611666667,1080
2024-07-01 15:00:00+00:00,GRACE-FO,1.0542418562407409e-12,8.688626999999999e-13,489270.85400925926,1080
2024-07-01 18:00:00+00:00,GRACE-FO,1.003681304e-12,8.6009807e-13,489512.929275,1080
2024-07-01 21:00:00+00:00,GRACE-FO,9.856597824444445e-13,8.0129135e-13,489376.825237963,1080
2024-07-02 00:00:00+00:00,GRACE-FO,1.0006333884074075e-12,8.03333185e-13,489416.4460175926,1080
2024-07-02 03:00:00+00:00,GRACE-FO,1.0688925452685186e-12,9.03587635e-13,489776.973025,1080
2024-07-02 06:00:00+00:00,GRACE-FO,1.0782403828425926e-12,9.36861175e-13,490194.585062963,1080
2024-07-02 09:00:00+00:00,GRACE-FO,1.0754408028703704e-12,9.81101485e-13,490027.09185185184,1080
2024-07-02 12:00:00+00:00,GRACE-FO,1.0417647611851852e-12,8.590181550000001e-13,489322.6763222222,1080
2024-07-02 15:00:00+00:00,GRACE-FO,1.0163612314537038e-12,8.588550649999999e-13,488620.04664537037,1080
2024-07-02 18:00:00+00:00,GRACE-FO,1.0035368966111111e-12,8.73146975e-13,488444.511112037,1080
2024-07-02 21:00:00+00:00,GRACE-FO,1.0010219736574073e-12,7.7833873e-13,488676.1449361111,1080
2024-07-03 00:00:00+00:00,GRACE-FO,9.967703713333333e-13,8.20458745e-13,489122.1161,1080
2024-07-03 03:00:00+00:00,GRACE-FO,9.885089993055554e-13,8.1514697e-13,489399.3116416667,1080
2024-07-03 06:00:00+00:00,GRACE-FO,1.0413002558796296e-12,9.2381253e-13,489366.6700148148,1080
2024-07-03 09:00:00+00:00,GRACE-FO,9.976213583703704e-13,8.0047336e-13,489326.16631203704,1080
2024-07-03 12:00:00+00:00,GRACE-FO,9.82740768898148e-13,7.37339995e-13,489604.06083703705,1080
2024-07-03 15:00:00+00:00,GRACE-FO,9.631214916574072e-13,8.042222950000001e-13,490037.40729629627,1080
2024-07-03 18:00:00+00:00,GRACE-FO,9.262968248518519e-13,7.36629275e-13,490110.9273833333,1080
2024-07-03 21:00:00+00:00,GRACE-FO,9.197776947777778e-13,7.9683101e-13,489528.59434537037,1080
2024-07-04 00:00:00+00:00,GRACE-FO,9.697784694351851e-13,9.028455449999999e-13,488711.2407972222,1080
2024-07-04 03:00:00+00:00,GRACE-FO,1.0428316732777777e-12,9.845487e-13,488358.9826,1080
2024-07-04 06:00:00+00:00,GRACE-FO,1.039143720425926e-12,8.67163765e-13,488638.9256638889,1080
2024-07-04 09:00:00+00:00,GRACE-FO,9.712480793333335e-13,8.07795435e-13,489061.21495185187,1080
2024-07-04 12:00:00+00:00,GRACE-FO,1.0072093339166666e-12,8.36857725e-13,489301.9678037037,1080
2024-07-04 15:00:00+00:00,GRACE-FO,1.0462012294814814e-12,8.7339357e-13,489278.820612963,1080
2024-07-04 18:00:00+00:00,GRACE-FO,1.0131929995092593e-12,8.6986351e-13,489256.098925,1080
2024-07-04 21:00:00+00:00,GRACE-FO,1.0291037255740741e-12,8.714580700000001e-13,489482.59958333336,1080
2024-07-05 00:00:00+00:00,GRACE-FO,1.0538160206944445e-12,1.0014826e-12,489895.3043759259,1080
2024-07-05 03:00:00+00:00,GRACE-FO,1.1051196450925925e-12,1.06775525e-12,490047.70774166664,1080
2024-07-05 06:00:00+00:00,GRACE-FO,1.091650236787037e-12,9.33280785e-13,489699.8701703703,1080
2024-07-05 09:00:00+00:00,GRACE-FO,1.0899997020555556e-12,9.81077315e-13,488875.20609166665,1080
2024-07-05 12:00:00+00:00,GRACE-FO,1.0487594987314814e-12,9.287196050000001e-13,488339.9499092593,1080
2024-07-05 15:00:00+00:00,GRACE-FO,9.825402637407407e-13,8.0714213e-13,488480.9511740741,1080
2024-07-05 18:00:00+00:00,GRACE-FO,9.747198227592594e-13,7.908704549999999e-13,489008.1618787037,1080
2024-07-05 21:00:00+00:00,GRACE-FO,9.055881028888889e-13,7.815017050000001e-13,489240.87935925927,1080
2024-07-06 00:00:00+00:00,GRACE-FO,8.966525208611111e-13,7.397902199999999e-13,489200.131375,1080
2024-07-06 03:00:00+00:00,GRACE-FO,9.100780301203703e-13,7.4032085e-13,489141.0924518518,1080
2024-07-06 06:00:00+00:00,GRACE-FO,9.462154732037038e-13,8.18487095e-13,489361.7709361111,1080
2024-07-06 09:00:00+00:00,GRACE-FO,9.332236987222223e-13,7.8200134e-13,489759.3377490741,1080
2024-07-06 12:00:00+00:00,GRACE-FO,8.97200846074074e-13,7.03369405e-13,489982.57766388886,1080
2024-07-06 15:00:00+00:00,GRACE-FO,8.709825236851851e-13,7.1491289e-13,489722.0703481482,1080
2024-07-06 18:00:00+00:00,GRACE-FO,8.503343825648149e-13,7.212728050000001e-13,489082.15709537035,1080
2024-07-06 21:00:00+00:00,GRACE-FO,8.717045937314815e-13,7.24304655e-13,488442.9503648148,1080
2024-07-07 00:00:00+00:00,GRACE-FO,9.047603710648148e-13,8.3122028e-13,488368.1530851852,1080
2024-07-07 03:00:00+00:00,GRACE-FO,8.972839182037038e-13,7.1149677e-13,488834.4690148148,1080
2024-07-07 06:00:00+00:00,GRACE-FO,9.269443827037037e-13,7.94871945e-13,489234.6777898148,1080
2024-07-07 09:00:00+00:00,GRACE-FO,8.903430000648149e-13,7.46507365e-13,489205.4616824074,1080
2024-07-07 12:00:00+00:00,GRACE-FO,8.853450123703704e-13,6.992022699999999e-13,489046.6229,1080
2024-07-07 15:00:00+00:00,GRACE-FO,8.898513307500001e-13,7.04720665e-13,489182.8674935185,1080
2024-07-07 18:00:00+00:00,GRACE-FO,8.681458746666665e-13,7.20184505e-13,489633.50062870374,1080
2024-07-07 21:00:00+00:00,GRACE-FO,8.934227676481481e-13,7.9370596e-13,489970.99742314813,1080
2024-07-08 00:00:00+00:00,GRACE-FO,9.01832788574074e-13,7.8496801e-13,489770.667,1080
2024-07-08 03:00:00+00:00,GRACE-FO,9.73297311462963e-13,9.056518650000001e-13,489151.8079138889,1080
2024-07-08 06:00:00+00:00,GRACE-FO,9.759542103703703e-13,8.6000621e-13,488589.6931157407,1080
2024-07-08 09:00:00+00:00,GRACE-FO,9.990347588888889e-13,8.66322375e-13,488372.06065092597,1080
2024-07-08 12:00:00+00:00,GRACE-FO,1.0321127628981482e-12,8.753393100000001e-13,488685.2487018518,1080
2024-07-08 15:00:00+00:00,GRACE-FO,9.45125300212963e-13,8.000617049999999e-13,489127.4640138889,1080
2024-07-08 18:00:00+00:00,GRACE-FO,9.063396789351853e-13,7.60270055e-13,489228.3803481482,1080
2024-07-08 21:00:00+00:00,GRACE-FO,8.748834183796297e-13,7.430905e-13,489014.80761666666,1080
2024-07-09 00:00:00+00:00,GRACE-FO,8.731895828796297e-13,7.1345481e-13,489032.02526388894,1080
2024-07-09 03:00:00+00:00,GRACE-FO,9.449025055648147e-13,8.1225808e-13,489439.3930944444,1080
2024-07-09 06:00:00+00:00,GRACE-FO,9.258049675462963e-13,7.3775456e-13,489911.013712963,1080
2024-07-09 09:00:00+00:00,GRACE-FO,9.328550664814815e-13,8.175641449999999e-13,489828.472962963,1080
2024-07-09 12:00:00+00:00,GRACE-FO,9.151015411666668e-13,8.4473903e-13,489223.5953787037,1080
2024-07-09 15:00:00+00:00,GRACE-FO,8.903449904722222e-13,7.71590535e-13,488620.0919527778,1080
2024-07-09 18:00:00+00:00,GRACE-FO,8.770520620740741e-13,7.38016255e-13,488435.57204074075,1080
2024-07-09 21:00:00+00:00,GRACE-FO,8.461534300462962e-13,6.8547398e-13,488612.6099490741,1080
2024-07-10 00:00:00+00:00,GRACE-FO,8.370955681574075e-13,6.8028628e-13,488983.02224629634,1080
2024-07-10 03:00:00+00:00,GRACE-FO,8.777704801111111e-13,7.897517e-13,489173.455737037,1080
2024-07-10 06:00:00+00:00,GRACE-FO,8.930301118240741e-13,7.6266266e-13,489038.3435972222,1080
2024-07-10 09:00:00+00:00,GRACE-FO,9.138451820555556e-13,7.1237884e-13,488939.47997592593,1080
2024-07-10 12:00:00+00:00,GRACE-FO,9.523668835740741e-13,7.440019649999999e-13,489225.49092962965,1080
2024-07-10 15:00:00+00:00,GRACE-FO,9.453864301296297e-13,8.090615950000001e-13,489723.5915592593,1080
2024-07-10 18:00:00+00:00,GRACE-FO,8.973083483703705e-13,7.32623295e-13,489892.1991037037,1080
2024-07-10 21:00:00+00:00,GRACE-FO,9.23889413222222e-13,7.73864015e-13,489395.33955277776,1080
2024-07-11 00:00:00+00:00,GRACE-FO,9.705233004537036e-13,8.31974175e-13,488662.9617972222,1080
2024-07-11 03:00:00+00:00,GRACE-FO,9.850626799722222e-13,9.211270049999999e-13,488371.31961944443,1080
2024-07-11 06:00:00+00:00,GRACE-FO,9.951290333703703e-13,8.569716e-13,488601.1753101852,1080
2024-07-11 09:00:00+00:00,GRACE-FO,9.314506173796295e-13,7.67928005e-13,488942.87379166664,1080
2024-07-11 12:00:00+00:00,GRACE-FO,9.093358505277779e-13,7.16656895e-13,489096.5587083333,1080
2024-07-11 15:00:00+00:00,GRACE-FO,9.02101877861111e-13,7.51916325e-13,488995.472375,1080
2024-07-11 18:00:00+00:00,GRACE-FO,8.892652642314814e-13,6.9910224e-13,488885.5034388889,1080
2024-07-11 21:00:00+00:00,GRACE-FO,9.271521999814813e-13,7.1619578e-13,489091.9350296296,1080
2024-07-12 00:00:00+00:00,GRACE-FO,9.613153134074075e-13,8.35305685e-13,489544.2709379629,1080
2024-07-12 03:00:00+00:00,GRACE-FO,9.985434899074073e-13,8.5346082e-13,489819.0086231482,1080
2024-07-12 06:00:00+00:00,GRACE-FO,1.0505347150277778e-12,9.80373475e-13,489548.520312963,1080
2024-07-12 09:00:00+00:00,GRACE-FO,1.0023371237693222e-12,8.2335359e-13,487069.399824019,841
2024-07-13 12:00:00+00:00,GRACE-FO,9.532783597261904e-13,7.1112483e-13,490074.8255642857,840
2024-07-13 15:00:00+00:00,GRACE-FO,1.0354476146944444e-12,9.05802635e-13,489618.5901287037,1080
2024-07-13 18:00:00+00:00,GRACE-FO,1.0347215961666667e-12,8.4831294e-13,489060.0517546296,1080
2024-07-13 21:00:00+00:00,GRACE-FO,1.0701673775185184e-12,8.974869e-13,488467.79843611113,1080
2024-07-14 00:00:00+00:00,GRACE-FO,1.1026479691388888e-12,9.12612105e-13,488402.47147222224,1080
2024-07-14 03:00:00+00:00,GRACE-FO,1.1111844041944443e-12,9.625837499999999e-13,488856.1549138889,1080
2024-07-14 06:00:00+00:00,GRACE-FO,1.108143202462963e-12,9.76282045e-13,489161.95033240743,1080
2024-07-14 09:00:00+00:00,GRACE-FO,1.116166882601852e-12,8.92116745e-13,489028.23592314817,1080
2024-07-14 12:00:00+00:00,GRACE-FO,1.1373969022592593e-12,9.2158042e-13,488776.45354351855,1080
2024-07-14 15:00:00+00:00,GRACE-FO,1.1156227356851851e-12,9.00352825e-13,488854.8885268519,1080
2024-07-14 18:00:00+00:00,GRACE-FO,1.0916290287222222e-12,9.0986568e-13,489293.1495694445,1080
2024-07-14 21:00:00+00:00,GRACE-FO,1.118918086425926e-12,9.5754785e-13,489676.09293796297,1080
2024-07-15 00:00:00+00:00,GRACE-FO,1.1528171658518519e-12,9.45545595e-13,489583.086487963,1080
2024-07-15 03:00:00+00:00,GRACE-FO,1.179490376824074e-12,1.0464656e-12,489104.9955564815,1080
2024-07-15 06:00:00+00:00,GRACE-FO,1.1810061723981483e-12,1.07216755e-12,488590.522824074,1080
2024-07-15 09:00:00+00:00,GRACE-FO,1.1646789090462964e-12,9.301078700000001e-13,488392.7375861111,1080
2024-07-15 12:00:00+00:00,GRACE-FO,1.1079883632314816e-12,8.9746029e-13,488688.5314537037,1080
2024-07-15 15:00:00+00:00,GRACE-FO,1.1108459663333334e-12,9.034372599999999e-13,489089.7075138889,1080
2024-07-15 18:00:00+00:00,GRACE-FO,1.1131337651944446e-12,9.228133100000002e-13,489074.9353064815,1080
2024-07-15 21:00:00+00:00,GRACE-FO,1.136306181935185e-12,9.67768785e-13,488772.49198611116,1080
2024-07-16 00:00:00+00:00,GRACE-FO,1.3317360513981482e-12,1.14394395e-12,488707.1857064815,1080
2024-07-16 03:00:00+00:00,GRACE-FO,1.4325144832314814e-12,1.21915905e-12,489093.16578703705,1080
2024-07-16 06:00:00+00:00,GRACE-FO,1.5130226743611113e-12,1.4412661e-12,489576.6228046296,1080
2024-07-16 09:00:00+00:00,GRACE-FO,1.4944420072592593e-12,1.2703136000000001e-12,489593.66096666665,1080
2024-07-16 12:00:00+00:00,GRACE-FO,1.458293590324074e-12,1.2201969999999999e-12,489119.42812685185,1080
2024-07-16 15:00:00+00:00,GRACE-FO,1.3726505976666666e-12,1.21562285e-12,488625.9960425926,1080
2024-07-16 18:00:00+00:00,GRACE-FO,1.332119826111111e-12,1.1250548e-12,488441.8450833333,1080
2024-07-16 21:00:00+00:00,GRACE-FO,1.3263550208055555e-12,1.08318945e-12,488608.3345611111,1080
2024-07-17 00:00:00+00:00,GRACE-FO,1.269811301675926e-12,1.0395715999999999e-12,488946.18171574076,1080
2024-07-17 03:00:00+00:00,GRACE-FO,1.2933574176574073e-12,1.119727e-12,489075.2249777778,1080
2024-07-17 06:00:00+00:00,GRACE-FO,1.3601615168981482e-12,1.1634104e-12,488822.57807962963,1080
2024-07-17 09:00:00+00:00,GRACE-FO,1.3534992525277777e-12,1.129499e-12,488620.2663898148,1080
2024-07-17 12:00:00+00:00,GRACE-FO,1.4031481341203705e-12,1.1769243499999999e-12,488848.1889092593,1080
2024-07-17 15:00:00+00:00,GRACE-FO,1.3728448806481482e-12,1.2410152e-12,489369.54249814816,1080
2024-07-17 18:00:00+00:00,GRACE-FO,1.381896192361111e-12,1.20272635e-12,489609.5363518518,1080
2024-07-17 21:00:00+00:00,GRACE-FO,1.3577072323055555e-12,1.1855035500000002e-12,489223.48134444444,1080
2024-07-18 00:00:00+00:00,GRACE-FO,1.3708097169907409e-12,1.17173865e-12,488589.1669055556,1080
2024-07-18 03:00:00+00:00,GRACE-FO,1.3418784855833333e-12,1.1569924e-12,488381.79970462964,1080
2024-07-18 06:00:00+00:00,GRACE-FO,1.311342959712963e-12,1.1029665e-12,488588.1648185185,1080
2024-07-18 09:00:00+00:00,GRACE-FO,1.300947759074074e-12,1.0670591e-12,488898.66298425925,1080
2024-07-18 12:00:00+00:00,GRACE-FO,1.2903981531944443e-12,1.0450035e-12,488993.3965203703,1080
2024-07-18 15:00:00+00:00,GRACE-FO,1.2839023491203703e-12,1.0536477e-12,488816.7854027778,1080
2024-07-18 18:00:00+00:00,GRACE-FO,1.2903929080925927e-12,1.0587964999999999e-12,488582.8834712963,1080
2024-07-18 21:00:00+00:00,GRACE-FO,1.2858743484166668e-12,1.07597755e-12,488701.0125009259,1080
2024-07-19 00:00:00+00:00,GRACE-FO,1.2881566697407408e-12,1.0965563999999999e-12,489135.5593361111,1080
2024-07-19 03:00:00+00:00,GRACE-FO,1.332632308675926e-12,1.1921393e-12,489491.68917314813,1080
2024-07-19 06:00:00+00:00,GRACE-FO,1.394168094064815e-12,1.2608192999999999e-12,489314.9983351852,1080
2024-07-19 09:00:00+00:00,GRACE-FO,1.3877552891296295e-12,1.1847279e-12,488690.1693898148,1080
2024-07-19 12:00:00+00:00,GRACE-FO,1.372729916037037e-12,1.1706869e-12,488286.5043611111,1080
2024-07-19 15:00:00+00:00,GRACE-FO,1.3334716839722222e-12,1.0620045e-12,488481.81967685185,1080
2024-07-19 18:00:00+00:00,GRACE-FO,1.2794954443611111e-12,1.0194015e-12,488869.32444074075,1080
2024-07-19 21:00:00+00:00,GRACE-FO,1.2468927746759259e-12,1.04805005e-12,488988.5276777778,1080
2024-07-20 00:00:00+00:00,GRACE-FO,1.2583949029814815e-12,1.01051615e-12,488794.6772194445,1080
2024-07-20 03:00:00+00:00,GRACE-FO,1.3102232254814816e-12,1.11505255e-12,488553.1447324074,1080
2024-07-20 06:00:00+00:00,GRACE-FO,1.3390600932962963e-12,1.08144825e-12,488588.7606175926,1080
2024-07-20 09:00:00+00:00,GRACE-FO,1.3840846748796296e-12,1.184396e-12,488954.6922518519,1080
2024-07-20 12:00:00+00:00,GRACE-FO,1.3368378722777777e-12,1.13200355e-12,489316.1628388889,1080
2024-07-20 15:00:00+00:00,GRACE-FO,1.3151220232685184e-12,1.1489041e-12,489310.15314814815,1080
2024-07-20 18:00:00+00:00,GRACE-FO,1.2760296885833334e-12,1.04380005e-12,488843.07436481485,1080
2024-07-20 21:00:00+00:00,GRACE-FO,1.3025275326203704e-12,1.08506795e-12,488326.8920111111,1080
2024-07-21 00:00:00+00:00,GRACE-FO,1.3072624122962963e-12,1.0093524000000001e-12,488301.3670814815,1080
2024-07-21 03:00:00+00:00,GRACE-FO,1.2703188453796297e-12,9.9447181e-13,488772.76696018514,1080
2024-07-21 06:00:00+00:00,GRACE-FO,1.218194550425926e-12,9.922887350000002e-13,489035.76252592594,1080
2024-07-21 09:00:00+00:00,GRACE-FO,1.1593795569722222e-12,9.178582350000002e-13,488845.383825,1080
2024-07-21 12:00:00+00:00,GRACE-FO,1.1712717953425926e-12,9.08088705e-13,488496.7181722222,1080
2024-07-21 15:00:00+00:00,GRACE-FO,1.1973287267037037e-12,9.55393315e-13,488458.92904074077,1080
2024-07-21 18:00:00+00:00,GRACE-FO,1.230090902287037e-12,1.06339485e-12,488807.1480888889,1080
2024-07-21 21:00:00+00:00,GRACE-FO,1.2777519415833333e-12,1.145787e-12,489205.36829907406,1080
2024-07-22 00:00:00+00:00,GRACE-FO,1.3200067340370371e-12,1.19141835e-12,489213.6768027778,1080
2024-07-22 03:00:00+00:00,GRACE-FO,1.395461942888889e-12,1.3089161e-12,488883.7671462963,1080
2024-07-22 06:00:00+00:00,GRACE-FO,1.4166240578333333e-12,1.28387235e-12,488415.38159444445,1080
2024-07-22 09:00:00+00:00,GRACE-FO,1.4333143052129628e-12,1.2868381e-12,488259.2035731482,1080
2024-07-22 12:00:00+00:00,GRACE-FO,1.406655592175926e-12,1.19851815e-12,488571.01375555556,1080
2024-07-22 15:00:00+00:00,GRACE-FO,1.3823131751574075e-12,1.157072e-12,488994.09641388885,1080
2024-07-22 18:00:00+00:00,GRACE-FO,1.3300292171851852e-12,1.1299573e-12,488913.0584157407,1080
2024-07-22 21:00:00+00:00,GRACE-FO,1.356230067712963e-12,1.1710325e-12,488523.4499324074,1080
2024-07-23 00:00:00+00:00,GRACE-FO,1.2756084759166668e-12,1.03556085e-12,488333.15660925925,1080
2024-07-23 03:00:00+00:00,GRACE-FO,1.2109967808611112e-12,9.89327985e-13,488612.99292685185,1080
2024-07-23 06:00:00+00:00,GRACE-FO,1.1394564037314814e-12,9.591237150000001e-13,489067.6835407407,1080
2024-07-23 09:00:00+00:00,GRACE-FO,1.0631631958240741e-12,8.8678573e-13,489180.5444083334,1080
2024-07-23 12:00:00+00:00,GRACE-FO,1.0393396841296295e-12,8.678711500000001e-13,488843.6999685185,1080
2024-07-23 15:00:00+00:00,GRACE-FO,1.0234367194907409e-12,8.65167655e-13,488439.4755,1080
2024-07-23 18:00:00+00:00,GRACE-FO,9.724200365370372e-13,8.13555585e-13,488277.8708888889,1080
2024-07-23 21:00:00+00:00,GRACE-FO,9.64378695175926e-13,7.92017885e-13,488479.24767592596,1080
2024-07-24 00:00:00+00:00,GRACE-FO,9.649048423981482e-13,8.621515199999999e-13,488854.15903425927,1080
2024-07-24 03:00:00+00:00,GRACE-FO,1.0280278362129629e-12,9.1299908e-13,488962.2368722223,1080
2024-07-24 06:00:00+00:00,GRACE-FO,1.0431093564814815e-12,8.649389249999999e-13,488622.9219814815,1080
2024-07-24 09:00:00+00:00,GRACE-FO,1.0805135043240741e-12,8.4941343e-13,488298.21208333335,1080
2024-07-24 12:00:00+00:00,GRACE-FO,1.0540394003055557e-12,8.7689877e-13,488419.10133703705,1080
2024-07-24 15:00:00+00:00,GRACE-FO,1.018600781425926e-12,8.7340019e-13,488886.8665787037,1080
2024-07-24 18:00:00+00:00,GRACE-FO,9.543286980740742e-13,7.992030350000001e-13,489177.0397453704,1080
2024-07-24 21:00:00+00:00,GRACE-FO,9.436578289166667e-13,8.458123150000001e-13,488914.688612037,1080
2024-07-25 00:00:00+00:00,GRACE-FO,9.70791817925926e-13,8.50152325e-13,488392.89721203706,1080
2024-07-25 03:00:00+00:00,GRACE-FO,9.782481277592592e-13,8.893910700000001e-13,488252.6717925926,1080
2024-07-25 06:00:00+00:00,GRACE-FO,9.363983316111112e-13,7.36146555e-13,488450.17223518516,1080
2024-07-25 09:00:00+00:00,GRACE-FO,9.053430984259259e-13,7.119838949999999e-13,488799.56829351856,1080
2024-07-25 12:00:00+00:00,GRACE-FO,8.792059573425925e-13,6.8798252e-13,488924.86135092593,1080
2024-07-25 15:00:00+00:00,GRACE-FO,9.28401346462963e-13,7.9118795e-13,488712.65037314815,1080
2024-07-25 18:00:00+00:00,GRACE-FO,9.634688760277779e-13,8.114652e-13,488329.5267861111,1080
2024-07-25 21:00:00+00:00,GRACE-FO,1.0107438527685186e-12,9.68007025e-13,488305.24155740737,1080
2024-07-26 00:00:00+00:00,GRACE-FO,1.2217239415462964e-12,1.2725584499999999e-12,488669.29028055555,1080
2024-07-26 03:00:00+00:00,GRACE-FO,1.3507715676296297e-12,1.26907325e-12,489076.8268916666,1080
2024-07-26 06:00:00+00:00,GRACE-FO,1.3533938953796296e-12,1.22689165e-12,488972.1307111111,1080
2024-07-26 09:00:00+00:00,GRACE-FO,1.253038859277778e-12,1.12775645e-12,488458.3584194444,1080
2024-07-26 12:00:00+00:00,GRACE-FO,1.1594851555462963e-12,1.0639150000000001e-12,488121.37415,1080
2024-07-26 15:00:00+00:00,GRACE-FO,1.137688093574074e-12,1.01972385e-12,488363.80798981484,1080
2024-07-26 18:00:00+00:00,GRACE-FO,1.0634225128611112e-12,9.30735865e-13,488753.4031888889,1080
2024-07-26 21:00:00+00:00,GRACE-FO,1.0119116894629628e-12,8.7062518e-13,488922.1533055556,1080
2024-07-27 00:00:00+00:00,GRACE-FO,9.496010283148147e-13,7.8348385e-13,488728.2742027778,1080
2024-07-27 03:00:00+00:00,GRACE-FO,9.447311370833334e-13,8.0424986e-13,488370.02390092594,1080
2024-07-27 06:00:00+00:00,GRACE-FO,1.033251276888889e-12,9.2152948e-13,488237.19182962965,1080
2024-07-27 09:00:00+00:00,GRACE-FO,1.1044372546203703e-12,9.320564399999999e-13,488497.9409231482,1080
2024-07-27 12:00:00+00:00,GRACE-FO,1.089997472925926e-12,9.084197900000001e-13,488877.5689055555,1080
2024-07-27 15:00:00+00:00,GRACE-FO,1.0464610643796296e-12,9.4073011e-13,488954.9815972222,1080
2024-07-27 18:00:00+00:00,GRACE-FO,9.838875853518517e-13,8.708049900000001e-13,488580.5273740741,1080
2024-07-27 21:00:00+00:00,GRACE-FO,9.535624496481482e-13,8.30252675e-13,488133.8253064815,1080
2024-07-28 00:00:00+00:00,GRACE-FO,9.255414819074074e-13,7.977443950000001e-13,488158.1387925926,1080
2024-07-28 03:00:00+00:00,GRACE-FO,9.059135079722222e-13,7.79662005e-13,488666.207637963,1080
2024-07-28 06:00:00+00:00,GRACE-FO,8.778624257777778e-13,7.1529885e-13,488966.9915,1080
2024-07-28 09:00:00+00:00,GRACE-FO,8.61865900537037e-13,6.87198535e-13,488802.4314611111,1080
2024-07-28 12:00:00+00:00,GRACE-FO,8.825897665555556e-13,7.0521965e-13,488392.9552259259,1080
2024-07-28 15:00:00+00:00,GRACE-FO,9.044840949351852e-13,6.9474186e-13,488190.6133240741,1080
2024-07-28 18:00:00+00:00,GRACE-FO,9.190059986944445e-13,7.975897500000001e-13,488386.72922314814,1080
2024-07-28 21:00:00+00:00,GRACE-FO,9.853096580092593e-13,8.969650049999999e-13,488754.7729268518,1080
2024-07-29 00:00:00+00:00,GRACE-FO,9.972572228425925e-13,8.73574395e-13,488853.9562027778,1080
2024-07-29 03:00:00+00:00,GRACE-FO,9.890263607962961e-13,8.787769500000001e-13,488643.38142037037,1080
2024-07-29 06:00:00+00:00,GRACE-FO,9.331570731296297e-13,7.74886925e-13,488201.0108472222,1080
2024-07-29 09:00:00+00:00,GRACE-FO,9.347841741574075e-13,8.15300915e-13,488085.96123240737,1080
2024-07-29 12:00:00+00:00,GRACE-FO,9.066311902685185e-13,7.385586599999999e-13,488460.8147231482,1080
2024-07-29 15:00:00+00:00,GRACE-FO,8.52788451074074e-13,6.7670195e-13,488967.4301648148,1080
2024-07-29 18:00:00+00:00,GRACE-FO,8.494100149814815e-13,6.8770405e-13,488901.9983509259,1080
2024-07-29 21:00:00+00:00,GRACE-FO,8.500533451944445e-13,6.77905135e-13,488470.8138037037,1080
2024-07-30 00:00:00+00:00,GRACE-FO,8.910129307592593e-13,8.39227495e-13,488151.1758333333,1080
2024-07-30 03:00:00+00:00,GRACE-FO,1.1975255232314815e-12,1.2745642999999998e-12,488278.5595185185,1080
2024-07-30 06:00:00+00:00,GRACE-FO,1.2814396333611112e-12,1.21891105e-12,488631.0989537037,1080
2024-07-30 09:00:00+00:00,GRACE-FO,1.3065967493796295e-12,1.2194163e-12,488789.17062129633,1080
2024-07-30 12:00:00+00:00,GRACE-FO,1.2322690612962963e-12,1.105407e-12,488567.47010462964,1080
2024-07-30 15:00:00+00:00,GRACE-FO,1.170900928361111e-12,1.0185499e-12,488242.2743629629,1080
2024-07-30 18:00:00+00:00,GRACE-FO,1.0868039166574073e-12,9.06814965e-13,488075.5752462963,1080
2024-07-30 21:00:00+00:00,GRACE-FO,1.0011872631574074e-12,8.07775285e-13,488320.2168351852,1080
2024-07-31 00:00:00+00:00,GRACE-FO,9.94778650351852e-13,8.367990700000001e-13,488792.0531,1080
2024-07-31 03:00:00+00:00,GRACE-FO,9.64967549722222e-13,7.71699725e-13,488971.1007037037,1080
2024-07-31 06:00:00+00:00,GRACE-FO,9.604571721944444e-13,8.04084335e-13,488610.4356842592,1080
2024-07-31 09:00:00+00:00,GRACE-FO,9.9190063075e-13,7.587461850000001e-13,488160.5945398148,1080
2024-07-31 12:00:00+00:00,GRACE-FO,1.0224154787037036e-12,7.82592525e-13,488117.7835092592,1080
2024-07-31 15:00:00+00:00,GRACE-FO,1.0689521985925926e-12,9.1875035e-13,488471.43449444446,1080
2024-07-31 18:00:00+00:00,GRACE-FO,1.115325418351852e-12,9.9107904e-13,488762.87440833333,1080
2024-07-31 21:00:00+00:00,GRACE-FO,1.2149769145185186e-12,1.1294386e-12,488591.5233416667,1080
2024-08-01 00:00:00+00:00,GRACE-FO,1.3532532681203703e-12,1.1973557e-12,488157.45381851855,1080
2024-08-01 03:00:00+00:00,GRACE-FO,1.339455287398148e-12,1.17781255e-12,488045.39883518516,1080
2024-08-01 06:00:00+00:00,GRACE-FO,1.3755483406574073e-12,1.2014876999999998e-12,488241.48085185187,1080
2024-08-01 09:00:00+00:00,GRACE-FO,1.2801978026481481e-12,1.0962023e-12,488675.65311666665,1080
2024-08-01 12:00:00+00:00,GRACE-FO,1.2040754655e-12,1.0222184e-12,488919.30127222225,1080
2024-08-01 15:00:00+00:00,GRACE-FO,1.1389569265277778e-12,9.821278950000001e-13,488734.8988231481,1080
2024-08-01 18:00:00+00:00,GRACE-FO,1.108607122712963e-12,9.54783705e-13,488236.83465277776,1080
2024-08-01 21:00:00+00:00,GRACE-FO,1.0987842657685185e-12,9.117736450000001e-13,488041.0623574074,1080
2024-08-02 00:00:00+00:00,GRACE-FO,1.1002770474907409e-12,9.5282392e-13,488282.360275,1080
2024-08-02 03:00:00+00:00,GRACE-FO,1.1414311076666667e-12,9.95886555e-13,488674.5075379629,1080
2024-08-02 06:00:00+00:00,GRACE-FO,1.1255330447407407e-12,9.128815199999999e-13,488609.65386666666,1080
2024-08-02 09:00:00+00:00,GRACE-FO,1.134899291814815e-12,9.0832979e-13,488181.74429814814,1080
2024-08-02 12:00:00+00:00,GRACE-FO,1.1291274502777778e-12,9.3384125e-13,487898.8467824074,1080
2024-08-02 15:00:00+00:00,GRACE-FO,1.1259851404166667e-12,1.02307065e-12,488158.6569740741,1080
2024-08-02 18:00:00+00:00,GRACE-FO,1.0728844865092593e-12,9.2357893e-13,488586.9669962963,1080
2024-08-02 21:00:00+00:00,GRACE-FO,1.0553392964444445e-12,9.14101535e-13,488877.4466481481,1080
2024-08-03 00:00:00+00:00,GRACE-FO,1.075466645324074e-12,8.925767850000001e-13,488776.98319722223,1080
2024-08-03 03:00:00+00:00,GRACE-FO,1.1268145351203703e-12,9.827528e-13,488363.6634759259,1080
2024-08-03 06:00:00+00:00,GRACE-FO,1.1113037852870369e-12,9.015656349999999e-13,488044.6564462963,1080
2024-08-03 09:00:00+00:00,GRACE-FO,1.162765167324074e-12,9.698930099999998e-13,488133.2983990741,1080
2024-08-03 12:00:00+00:00,GRACE-FO,1.21022870475e-12,1.0139085e-12,488466.9484935185,1080
2024-08-03 15:00:00+00:00,GRACE-FO,1.2196933801666666e-12,1.09228275e-12,488598.2245435185,1080
2024-08-03 18:00:00+00:00,GRACE-FO,1.2205248347777778e-12,1.0273621e-12,488274.720912963,1080
2024-08-03 21:00:00+00:00,GRACE-FO,1.3179655458796295e-12,1.2895204e-12,487859.1589611111,1080
2024-08-04 00:00:00+00:00,GRACE-FO,1.2805514723888888e-12,1.06273505e-12,487903.25626296294,1080
2024-08-04 03:00:00+00:00,GRACE-FO,1.3079016522222224e-12,1.1718428e-12,488466.14538981486,1080
2024-08-04 06:00:00+00:00,GRACE-FO,1.3784933300277779e-12,1.26621445e-12,488874.7613240741,1080
2024-08-04 09:00:00+00:00,GRACE-FO,1.5060495255e-12,1.3981927e-12,488823.26422222226,1080
2024-08-04 12:00:00+00:00,GRACE-FO,1.640412518037037e-12,1.4883624000000001e-12,488403.63578333333,1080
2024-08-04 15:00:00+00:00,GRACE-FO,1.8271244812962962e-12,1.65022755e-12,488056.80232592596,1080
2024-08-04 18:00:00+00:00,GRACE-FO,1.8076996037314817e-12,1.5748385000000001e-12,488053.19728055556,1080
2024-08-04 21:00:00+00:00,GRACE-FO,1.6421974893148149e-12,1.4995328e-12,488323.8469018518,1080
2024-08-05 00:00:00+00:00,GRACE-FO,1.4870467131296296e-12,1.3166166e-12,488453.9074314815,1080
2024-08-05 03:00:00+00:00,GRACE-FO,1.434753961861111e-12,1.2342860500000001e-12,488312.4794018519,1080
2024-08-05 06:00:00+00:00,GRACE-FO,1.3688487420000001e-12,1.2632296e-12,487877.97640925925,1080
2024-08-05 09:00:00+00:00,GRACE-FO,1.2722483400185184e-12,1.04009675e-12,487764.46953055554,1080
2024-08-05 12:00:00+00:00,GRACE-FO,1.221766459037037e-12,9.90905685e-13,488192.6025240741,1080
2024-08-05 15:00:00+00:00,GRACE-FO,1.1332656196574074e-12,9.877912199999998e-13,488810.53346388886,1080
2024-08-05 18:00:00+00:00,GRACE-FO,1.0655358298425925e-12,9.2619017e-13,488872.9697444444,1080
2024-08-05 21:00:00+00:00,GRACE-FO,1.0473211420555555e-12,8.91208805e-13,488489.37133703707,1080
2024-08-06 00:00:00+00:00,GRACE-FO,1.1104527162777778e-12,9.375833350000001e-13,488068.78868981486,1080
2024-08-06 03:00:00+00:00,GRACE-FO,1.1275233231851853e-12,9.52054555e-13,488004.90373703704,1080
2024-08-06 06:00:00+00:00,GRACE-FO,1.1848286588055557e-12,9.9789518e-13,488208.8630074074,1080
2024-08-06 09:00:00+00:00,GRACE-FO,1.1552987220092592e-12,9.87725615e-13,488369.16114074073,1080
2024-08-06 12:00:00+00:00,GRACE-FO,1.1480318570925927e-12,9.90836785e-13,488234.2521814815,1080
2024-08-06 15:00:00+00:00,GRACE-FO,1.1704037737222223e-12,1.02038405e-12,487934.76253148145,1080
2024-08-06 18:00:00+00:00,GRACE-FO,1.1846413071018519e-12,1.0625725e-12,487730.34897685185,1080
2024-08-06 21:00:00+00:00,GRACE-FO,1.1781896210925925e-12,1.01839505e-12,487990.15176851855,1080
2024-08-07 00:00:00+00:00,GRACE-FO,1.1646543810092591e-12,9.9212106e-13,488590.37225277774,1080
2024-08-07 03:00:00+00:00,GRACE-FO,1.1901303576296297e-12,1.0736103500000001e-12,488932.85429444443,1080
2024-08-07 06:00:00+00:00,GRACE-FO,1.2274166367037037e-12,1.03646065e-12,488651.2003398148,1080
2024-08-07 09:00:00+00:00,GRACE-FO,1.2669777548425926e-12,1.0038201500000001e-12,488126.41390925925,1080
2024-08-07 12:00:00+00:00,GRACE-FO,1.2819241985555555e-12,1.0314673e-12,487903.8827129629,1080
2024-08-07 15:00:00+00:00,GRACE-FO,1.2967839637962963e-12,1.11125315e-12,488100.3897074074,1080
2024-08-07 18:00:00+00:00,GRACE-FO,1.285539188611111e-12,1.0781082e-12,488335.10482592596,1080
2024-08-07 21:00:00+00:00,GRACE-FO,1.3152766668981483e-12,1.1785205e-12,488216.3939240741,1080
2024-08-08 00:00:00+00:00,GRACE-FO,1.419963976888889e-12,1.30126975e-12,487830.1430851852,1080
2024-08-08 03:00:00+00:00,GRACE-FO,1.4231135702777778e-12,1.22583015e-12,487694.94571203704,1080
2024-08-08 06:00:00+00:00,GRACE-FO,1.4665474089074073e-12,1.26259415e-12,487859.1427481481,1080
2024-08-08 09:00:00+00:00,GRACE-FO,1.4618798792962963e-12,1.1481027499999999e-12,488383.97225555556,1080
2024-08-08 12:00:00+00:00,GRACE-FO,1.4648747583240741e-12,1.1925379500000001e-12,488811.1483462963,1080
2024-08-08 15:00:00+00:00,GRACE-FO,1.4432152422129628e-12,1.1851485e-12,488771.94434166665,1080
2024-08-08 18:00:00+00:00,GRACE-FO,1.44033937725e-12,1.1954255000000001e-12,488241.6406222222,1080
2024-08-08 21:00:00+00:00,GRACE-FO,1.5123813957962963e-12,1.24704885e-12,487881.306875,1080
2024-08-09 00:00:00+00:00,GRACE-FO,1.5433578509814815e-12,1.3066904499999998e-12,487943.95986203704,1080
2024-08-09 03:00:00+00:00,GRACE-FO,1.5888065993703704e-12,1.433696e-12,488253.47955185187,1080
2024-08-09 06:00:00+00:00,GRACE-FO,1.579856443851852e-12,1.33705505e-12,488212.6041083333,1080
2024-08-09 09:00:00+00:00,GRACE-FO,1.6382190657129629e-12,1.40891545e-12,487830.4845064815,1080
2024-08-09 12:00:00+00:00,GRACE-FO,1.6303079166203704e-12,1.3956018e-12,487536.5548666667,1080
2024-08-09 15:00:00+00:00,GRACE-FO,1.6257389115185186e-12,1.4607439e-12,487738.05172962963,1080
2024-08-09 18:00:00+00:00,GRACE-FO,1.5854305744351853e-12,1.2905497499999998e-12,488206.10532314813,1080
2024-08-09 21:00:00+00:00,GRACE-FO,1.6279753717870369e-12,1.38733925e-12,488679.2583583333,1080
2024-08-10 00:00:00+00:00,GRACE-FO,1.7029271361944445e-12,1.5121746999999999e-12,488771.5884712963,1080
2024-08-10 03:00:00+00:00,GRACE-FO,1.778772421287037e-12,1.630549e-12,488391.2594203704,1080
2024-08-10 06:00:00+00:00,GRACE-FO,1.8585683264814818e-12,1.5385911e-12,487925.7751907407,1080
2024-08-10 09:00:00+00:00,GRACE-FO,1.855778100185185e-12,1.50126705e-12,487828.0869296296,1080
2024-08-10 12:00:00+00:00,GRACE-FO,1.867895183703704e-12,1.6782675e-12,488067.4512398148,1080
2024-08-10 15:00:00+00:00,GRACE-FO,1.9187096567592593e-12,1.68003445e-12,488199.72230555554,1080
2024-08-10 18:00:00+00:00,GRACE-FO,1.929008615648148e-12,1.7001709500000002e-12,487900.88197592593,1080
2024-08-10 21:00:00+00:00,GRACE-FO,1.9094956507499998e-12,1.7111499e-12,487463.48538611113,1080
2024-08-11 00:00:00+00:00,GRACE-FO,1.9821128433055558e-12,1.79958485e-12,487466.9678824074,1080
2024-08-11 03:00:00+00:00,GRACE-FO,2.065674507611111e-12,1.8247943e-12,488027.5643185185,1080
2024-08-11 06:00:00+00:00,GRACE-FO,2.1761350975925927e-12,2.0446779e-12,488574.1883037037,1080
2024-08-11 09:00:00+00:00,GRACE-FO,2.1460610450925927e-12,1.8415037e-12,488739.3728055555,1080
2024-08-11 12:00:00+00:00,GRACE-FO,2.2362855241666666e-12,1.9712534e-12,488432.23226759257,1080
2024-08-11 15:00:00+00:00,GRACE-FO,2.172201839814815e-12,1.8785282500000003e-12,487991.4142037037,1080
2024-08-11 18:00:00+00:00,GRACE-FO,2.2098084314814813e-12,2.0040363e-12,487780.6150620371,1080
2024-08-11 21:00:00+00:00,GRACE-FO,2.323677790925926e-12,2.25909265e-12,487913.74025277776,1080
2024-08-12 00:00:00+00:00,GRACE-FO,2.61329337325e-12,2.6614614e-12,488039.3406620371,1080
2024-08-12 03:00:00+00:00,GRACE-FO,2.876786675e-12,2.6235413000000003e-12,487924.1476722222,1080
2024-08-12 06:00:00+00:00,GRACE-FO,3.1145045114351854e-12,3.0516447e-12,487450.4706944445,1080
2024-08-12 09:00:00+00:00,GRACE-FO,3.085342835185185e-12,2.9339521e-12,487255.9320148148,1080
2024-08-12 12:00:00+00:00,GRACE-FO,3.2114805130555554e-12,3.00648925e-12,487666.9177935185,1080
2024-08-12 15:00:00+00:00,GRACE-FO,3.1236602819444444e-12,2.9144871e-12,488392.59088796296,1080
2024-08-12 18:00:00+00:00,GRACE-FO,3.0553893666666667e-12,2.9688811e-12,488666.9565444445,1080
2024-08-12 21:00:00+00:00,GRACE-FO,2.968416079814815e-12,2.733836e-12,488445.79510833335,1080
2024-08-13 00:00:00+00:00,GRACE-FO,2.8020568846296297e-12,2.4092669999999998e-12,487995.79286296293,1080
2024-08-13 03:00:00+00:00,GRACE-FO,2.5193613262037035e-12,2.1588067e-12,487737.4319962963,1080
2024-08-13 06:00:00+00:00,GRACE-FO,2.2329336085185183e-12,1.870234e-12,487769.59393333335,1080
2024-08-13 09:00:00+00:00,GRACE-FO,2.0527836882407404e-12,1.7032624e-12,487893.0083648148,1080
2024-08-13 12:00:00+00:00,GRACE-FO,1.8789973110185183e-12,1.635358e-12,487798.7310212963,1080
2024-08-13 15:00:00+00:00,GRACE-FO,1.8037053102777776e-12,1.60254135e-12,487473.7109333334,1080
2024-08-13 18:00:00+00:00,GRACE-FO,1.788344071851852e-12,1.6056744e-12,487163.47877222224,1080
2024-08-13 21:00:00+00:00,GRACE-FO,1.8274308391388893e-12,1.7564478499999998e-12,487359.64744351857,1080
2024-08-14 00:00:00+00:00,GRACE-FO,1.886935091861111e-12,1.7096222e-12,488051.9324259259,1080
2024-08-14 03:00:00+00:00,GRACE-FO,1.8516913373703703e-12,1.6321428e-12,488608.1929824074,1080
2024-08-14 06:00:00+00:00,GRACE-FO,1.767552879953704e-12,1.5819991e-12,488531.5742675926,1080
2024-08-14 09:00:00+00:00,GRACE-FO,1.7568227450000001e-12,1.4595499000000001e-12,488055.63984907407,1080
2024-08-14 12:00:00+00:00,GRACE-FO,1.6830844473425927e-12,1.41086405e-12,487699.15380277776,1080
2024-08-14 15:00:00+00:00,GRACE-FO,1.6801073765925926e-12,1.5380449e-12,487701.94375,1080
2024-08-14 18:00:00+00:00,GRACE-FO,1.659093678037037e-12,1.44525005e-12,487850.61157222226,1080
2024-08-14 21:00:00+00:00,GRACE-FO,1.7002433341388888e-12,1.5245110500000001e-12,487763.2821287037,1080
2024-08-15 00:00:00+00:00,GRACE-FO,1.684274998398148e-12,1.5290875e-12,487411.74468240736,1080
2024-08-15 03:00:00+00:00,GRACE-FO,1.6651753384166667e-12,1.5162530999999999e-12,487152.2117583333,1080
2024-08-15 06:00:00+00:00,GRACE-FO,1.6307537833055556e-12,1.47895895e-12,487185.87597870367,1080
2024-08-15 09:00:00+00:00,GRACE-FO,1.6096449766944444e-12,1.35584865e-12,487739.93419351854,1080
2024-08-15 12:00:00+00:00,GRACE-FO,1.601897177e-12,1.38294985e-12,488406.0403490741,1080
2024-08-15 15:00:00+00:00,GRACE-FO,1.5531616869537037e-12,1.4037901500000001e-12,488605.181425,1080
2024-08-15 18:00:00+00:00,GRACE-FO,1.553430903685185e-12,1.39001605e-12,488176.3140675926,1080
2024-08-15 21:00:00+00:00,GRACE-FO,1.6124211712962962e-12,1.45067635e-12,487718.9686666667,1080
2024-08-16 00:00:00+00:00,GRACE-FO,1.673721798537037e-12,1.57556375e-12,487607.8845990741,1080
2024-08-16 03:00:00+00:00,GRACE-FO,1.741115640685185e-12,1.6482651e-12,487792.82074907405,1080
2024-08-16 06:00:00+00:00,GRACE-FO,1.8343319063425925e-12,1.6626428e-12,487754.4594027778,1080
2024-08-16 09:00:00+00:00,GRACE-FO,1.875840489935185e-12,1.72982195e-12,487393.020612963,1080
2024-08-16 12:00:00+00:00,GRACE-FO,1.8339591255092592e-12,1.69627005e-12,487035.5507453704,1080
2024-08-16 15:00:00+00:00,GRACE-FO,1.8098648203703706e-12,1.6721372e-12,487072.3047870371,1080
2024-08-16 18:00:00+00:00,GRACE-FO,1.6936964749907408e-12,1.51356455e-12,487484.589362037,1080
2024-08-16 21:00:00+00:00,GRACE-FO,1.5971973218240741e-12,1.4830552e-12,488133.093237963,1080
2024-08-17 00:00:00+00:00,GRACE-FO,1.5183772863425927e-12,1.45075915e-12,488527.31152777775,1080
2024-08-17 03:00:00+00:00,GRACE-FO,1.485737449787037e-12,1.3437801e-12,488324.20414537034,1080
2024-08-17 06:00:00+00:00,GRACE-FO,1.4945594672037037e-12,1.3076875499999999e-12,487811.56090555555,1080
2024-08-17 09:00:00+00:00,GRACE-FO,1.5112451115462961e-12,1.31149395e-12,487543.4916509259,1080
2024-08-17 12:00:00+00:00,GRACE-FO,1.5357945788703703e-12,1.41227665e-12,487649.0017166666,1080
2024-08-17 15:00:00+00:00,GRACE-FO,1.8369782844537034e-12,1.8966513e-12,487766.03632962966,1080
2024-08-17 18:00:00+00:00,GRACE-FO,1.9256902280555553e-12,1.8279624e-12,487486.3238074074,1080
2024-08-17 21:00:00+00:00,GRACE-FO,2.01284949962963e-12,2.0059961e-12,486988.431437963,1080
2024-08-18 00:00:00+00:00,GRACE-FO,1.903825193990741e-12,1.72154635e-12,486850.5861212963,1080
2024-08-18 03:00:00+00:00,GRACE-FO,1.838679958388889e-12,1.84336945e-12,487278.20985462965,1080
2024-08-18 06:00:00+00:00,GRACE-FO,1.7399282841018518e-12,1.60774275e-12,487918.8551361111,1080
2024-08-18 09:00:00+00:00,GRACE-FO,1.7704305004629629e-12,1.63220135e-12,488387.1863972222,1080
2024-08-18 12:00:00+00:00,GRACE-FO,1.7574192484259258e-12,1.5132400500000002e-12,488361.7642925926,1080
2024-08-18 15:00:00+00:00,GRACE-FO,1.7038596507407408e-12,1.4697788e-12,487937.9059425926,1080
2024-08-18 18:00:00+00:00,GRACE-FO,1.6526512249166667e-12,1.50674255e-12,487566.31568055553,1080
2024-08-18 21:00:00+00:00,GRACE-FO,1.591655601712963e-12,1.4464526e-12,487546.0402546296,1080
2024-08-19 00:00:00+00:00,GRACE-FO,1.541185145638889e-12,1.4695487e-12,487672.10803055554,1080
2024-08-19 03:00:00+00:00,GRACE-FO,1.5216801252314816e-12,1.4673868e-12,487565.3595064815,1080
2024-08-19 06:00:00+00:00,GRACE-FO,1.4989018683148148e-12,1.3834411999999999e-12,487042.7891490741,1080
2024-08-19 09:00:00+00:00,GRACE-FO,1.520095989324074e-12,1.391123e-12,486689.50591574074,1080
2024-08-19 12:00:00+00:00,GRACE-FO,1.540372160962963e-12,1.4090504999999998e-12,486978.1027592593,1080
2024-08-19 15:00:00+00:00,GRACE-FO,1.4901417909444445e-12,1.3350823000000001e-12,487707.6618166667,1080
2024-08-19 18:00:00+00:00,GRACE-FO,1.4978594817777777e-12,1.4154025e-12,488244.50057129626,1080
2024-08-19 21:00:00+00:00,GRACE-FO,1.5849793230092592e-12,1.58431805e-12,488339.7771462963,1080
2024-08-20 00:00:00+00:00,GRACE-FO,1.5896545108796295e-12,1.4463614e-12,488033.2341055556,1080
2024-08-20 03:00:00+00:00,GRACE-FO,1.6231217130925925e-12,1.54665135e-12,487649.4014768519,1080
2024-08-20 06:00:00+00:00,GRACE-FO,1.5976637899444446e-12,1.4556954500000001e-12,487502.18665462965,1080
2024-08-20 09:00:00+00:00,GRACE-FO,1.6027050155092591e-12,1.46625735e-12,487562.5653842593,1080
2024-08-20 12:00:00+00:00,GRACE-FO,1.639497975861111e-12,1.5077362e-12,487524.1390537037,1080
2024-08-20 15:00:00+00:00,GRACE-FO,1.6037313907222222e-12,1.45423695e-12,487169.4011157407,1080
2024-08-20 18:00:00+00:00,GRACE-FO,1.5219835313333334e-12,1.46496385e-12,486684.1864564815,1080
2024-08-20 21:00:00+00:00,GRACE-FO,1.4826733896296297e-12,1.3899142500000001e-12,486673.90086759254,1080
2024-08-21 00:00:00+00:00,GRACE-FO,1.4265453046296296e-12,1.3660043500000001e-12,487340.71942685184,1080
2024-08-21 03:00:00+00:00,GRACE-FO,1.3416589148148148e-12,1.21593545e-12,488099.49031296297,1080
2024-08-21 06:00:00+00:00,GRACE-FO,1.3846310079444445e-12,1.2722045e-12,488346.09538518515,1080
2024-08-21 09:00:00+00:00,GRACE-FO,1.3595889266574073e-12,1.2065823e-12,488078.14246296295,1080
2024-08-21 12:00:00+00:00,GRACE-FO,1.4706008372314816e-12,1.3135512e-12,487684.9701953704,1080
2024-08-21 15:00:00+00:00,GRACE-FO,1.4416539680277777e-12,1.3100159e-12,487509.96484722226,1080
2024-08-21 18:00:00+00:00,GRACE-FO,1.424746405462963e-12,1.4306937e-12,487552.0492694445,1080
2024-08-21 21:00:00+00:00,GRACE-FO,1.3971961718888889e-12,1.35833085e-12,487497.09928148147,1080
2024-08-22 00:00:00+00:00,GRACE-FO,1.4224779688703704e-12,1.3605529e-12,487191.53645,1080
2024-08-22 03:00:00+00:00,GRACE-FO,1.4048043651851851e-12,1.3402663499999998e-12,486760.19560555555,1080
2024-08-22 06:00:00+00:00,GRACE-FO,1.4385630706851852e-12,1.38572545e-12,486546.66441666667,1080
2024-08-22 09:00:00+00:00,GRACE-FO,1.4590438715462962e-12,1.3276486e-12,486977.1731157407,1080
2024-08-22 12:00:00+00:00,GRACE-FO,1.411068094037037e-12,1.2969032500000001e-12,487812.9717916667,1080
2024-08-22 15:00:00+00:00,GRACE-FO,1.3818024635185185e-12,1.3015318499999999e-12,488316.67630185187,1080
2024-08-22 18:00:00+00:00,GRACE-FO,1.285937140138889e-12,1.3262668e-12,488162.96261296293,1080
2024-08-22 21:00:00+00:00,GRACE-FO,1.3042314821296297e-12,1.2748404e-12,487745.5952944444,1080
2024-08-23 00:00:00+00:00,GRACE-FO,1.2569442298425927e-12,1.20111e-12,487509.7564388889,1080
2024-08-23 03:00:00+00:00,GRACE-FO,1.1919335997407407e-12,1.1652072e-12,487544.09166574077,1080
2024-08-23 06:00:00+00:00,GRACE-FO,1.3076137676296296e-12,1.2512195000000001e-12,487512.2593962963,1080
2024-08-23 09:00:00+00:00,GRACE-FO,1.254039589601852e-12,1.1647235e-12,487201.781225,1080
2024-08-23 12:00:00+00:00,GRACE-FO,1.3146263682870369e-12,1.1994272499999999e-12,486774.7504166667,1080
2024-08-23 15:00:00+00:00,GRACE-FO,1.2514886784351852e-12,1.1564379499999999e-12,486530.31992314814,1080
2024-08-23 18:00:00+00:00,GRACE-FO,1.2471782834166667e-12,1.2838708e-12,486731.10600740736,1080
2024-08-23 21:00:00+00:00,GRACE-FO,1.2909893743148147e-12,1.25745165e-12,487427.34194907406,1080
2024-08-24 00:00:00+00:00,GRACE-FO,1.2700376467314816e-12,1.287475e-12,488154.53856296296,1080
2024-08-24 03:00:00+00:00,GRACE-FO,1.273901329287037e-12,1.2230948000000001e-12,488268.5017296296,1080
2024-08-24 06:00:00+00:00,GRACE-FO,1.3139268417407408e-12,1.20711725e-12,487867.2348546296,1080
2024-08-24 09:00:00+00:00,GRACE-FO,1.3571985189907407e-12,1.22708255e-12,487492.4768398148,1080
2024-08-24 12:00:00+00:00,GRACE-FO,1.3978373206296295e-12,1.2540478e-12,487465.55885092594,1080
2024-08-24 15:00:00+00:00,GRACE-FO,1.404410472111111e-12,1.36176575e-12,487550.3984333334,1080
2024-08-24 18:00:00+00:00,GRACE-FO,1.3277146354074076e-12,1.3546292e-12,487320.9138972222,1080
2024-08-24 21:00:00+00:00,GRACE-FO,1.3542561091666666e-12,1.40473925e-12,486776.0382962963,1080
2024-08-25 00:00:00+00:00,GRACE-FO,1.3019640634722221e-12,1.31483465e-12,486426.85505185183,1080
2024-08-25 03:00:00+00:00,GRACE-FO,1.2875569641666668e-12,1.3357329e-12,486566.3712305556,1080
2024-08-25 06:00:00+00:00,GRACE-FO,1.2372102197407407e-12,1.19981255e-12,487142.6771509259,1080
2024-08-25 09:00:00+00:00,GRACE-FO,1.1925694310555557e-12,1.1280261e-12,487861.3159620371,1080
2024-08-25 12:00:00+00:00,GRACE-FO,1.150194234787037e-12,1.12247805e-12,488226.4042703704,1080
2024-08-25 15:00:00+00:00,GRACE-FO,1.1493304214814816e-12,1.1479261000000001e-12,487997.0947398148,1080
2024-08-25 18:00:00+00:00,GRACE-FO,1.1060984818703703e-12,1.1430970000000001e-12,487577.38159166666,1080
2024-08-25 21:00:00+00:00,GRACE-FO,1.123850069138889e-12,1.10541065e-12,487415.15595370374,1080
2024-08-26 00:00:00+00:00,GRACE-FO,1.1473000434722222e-12,1.1100089e-12,487509.6658185185,1080
2024-08-26 03:00:00+00:00,GRACE-FO,1.167561197898148e-12,1.2138722e-12,487434.28179537033,1080
2024-08-26 06:00:00+00:00,GRACE-FO,1.212376053787037e-12,1.2217301e-12,486918.42242592596,1080
2024-08-26 09:00:00+00:00,GRACE-FO,1.2581330474351853e-12,1.18880855e-12,486373.32738055557,1080
2024-08-26 12:00:00+00:00,GRACE-FO,1.2903699205277778e-12,1.2326042e-12,486369.15454722225,1080
2024-08-26 15:00:00+00:00,GRACE-FO,1.309531410175926e-12,1.31150655e-12,486906.62368425925,1080
2024-08-26 18:00:00+00:00,GRACE-FO,1.2355110512314815e-12,1.27045165e-12,487607.0224138889,1080
2024-08-26 21:00:00+00:00,GRACE-FO,1.2019773202037036e-12,1.2246322499999999e-12,488080.65810925927,1080
2024-08-27 00:00:00+00:00,GRACE-FO,1.1807029338333332e-12,1.17354615e-12,488075.18042407406,1080
2024-08-27 03:00:00+00:00,GRACE-FO,1.1834118161574073e-12,1.1984560999999999e-12,487706.91013055557,1080
2024-08-27 06:00:00+00:00,GRACE-FO,1.189909664611111e-12,1.2028079999999999e-12,487428.8123731481,1080
2024-08-27 09:00:00+00:00,GRACE-FO,1.2507332308240742e-12,1.1270812e-12,487423.9791953704,1080
2024-08-27 12:00:00+00:00,GRACE-FO,1.3518852948518517e-12,1.25799505e-12,487448.486162963,1080
2024-08-27 15:00:00+00:00,GRACE-FO,1.3837746382037038e-12,1.3747341e-12,487116.5219296297,1080
2024-08-27 18:00:00+00:00,GRACE-FO,1.4187835453425924e-12,1.43482165e-12,486482.10984166665,1080
2024-08-27 21:00:00+00:00,GRACE-FO,1.504901683675926e-12,1.56303695e-12,486148.0121351852,1080
2024-08-28 00:00:00+00:00,GRACE-FO,1.606507241787037e-12,1.6812377e-12,486590.9503203704,1080
2024-08-28 03:00:00+00:00,GRACE-FO,1.7555957096296294e-12,1.82286895e-12,487372.5761740741,1080
2024-08-28 06:00:00+00:00,GRACE-FO,1.8553081209259257e-12,1.7706276e-12,487946.86336759257,1080
2024-08-28 09:00:00+00:00,GRACE-FO,1.890156977851852e-12,1.8971662000000003e-12,488025.75690000004,1080
2024-08-28 12:00:00+00:00,GRACE-FO,1.861312623055556e-12,1.76423965e-12,487765.5906694444,1080
2024-08-28 15:00:00+00:00,GRACE-FO,1.7624291053611111e-12,1.74045125e-12,487470.41034537036,1080
2024-08-28 18:00:00+00:00,GRACE-FO,1.6679784803703704e-12,1.59816385e-12,487405.79067870375,1080
2024-08-28 21:00:00+00:00,GRACE-FO,1.674225167074074e-12,1.7011513e-12,487391.9402416667,1080
2024-08-29 00:00:00+00:00,GRACE-FO,1.6049614933333333e-12,1.6050018e-12,487177.0645611111,1080
2024-08-29 03:00:00+00:00,GRACE-FO,1.510902058925926e-12,1.49482035e-12,486631.9264037037,1080
2024-08-29 06:00:00+00:00,GRACE-FO,1.443661986851852e-12,1.50059465e-12,486115.10257037036,1080
2024-08-29 09:00:00+00:00,GRACE-FO,1.4010708584537036e-12,1.44796955e-12,486224.29573055555,1080
2024-08-29 12:00:00+00:00,GRACE-FO,1.3519380559537036e-12,1.39388805e-12,487008.97630833334,1080
2024-08-29 15:00:00+00:00,GRACE-FO,1.2929029462314814e-12,1.3334761e-12,487758.6246638889,1080
2024-08-29 18:00:00+00:00,GRACE-FO,1.2353307845185186e-12,1.2648803e-12,487991.46675092593,1080
2024-08-29 21:00:00+00:00,GRACE-FO,1.277972760472222e-12,1.2963827000000001e-12,487789.4423222222,1080
2024-08-30 00:00:00+00:00,GRACE-FO,1.2991561574259258e-12,1.33204035e-12,487510.1585037037,1080
2024-08-30 03:00:00+00:00,GRACE-FO,1.3301060768981483e-12,1.34238865e-12,487411.84900462965,1080
2024-08-30 06:00:00+00:00,GRACE-FO,1.368296761888889e-12,1.3550232499999999e-12,487403.710225,1080
2024-08-30 09:00:00+00:00,GRACE-FO,1.5192178754907407e-12,1.48077415e-12,487209.5131592593,1080
2024-08-30 12:00:00+00:00,GRACE-FO,1.6965900721296295e-12,1.5962127e-12,486754.73439259257,1080
2024-08-30 15:00:00+00:00,GRACE-FO,1.764285761398148e-12,1.8230266e-12,486218.20968425926,1080
2024-08-30 18:00:00+00:00,GRACE-FO,1.884334598425926e-12,1.9637766e-12,486053.7603564815,1080
2024-08-30 21:00:00+00:00,GRACE-FO,1.850460690462963e-12,1.81229545e-12,486569.8099629629,1080
2024-08-31 00:00:00+00:00,GRACE-FO,1.9163389663333336e-12,1.93690845e-12,487470.1331722222,1080
2024-08-31 03:00:00+00:00,GRACE-FO,1.8850161023796295e-12,1.97916305e-12,487948.2571574074,1080
2024-08-31 06:00:00+00:00,GRACE-FO,1.8706943439722223e-12,1.8700358e-12,487834.0063453704,1080
2024-08-31 09:00:00+00:00,GRACE-FO,1.7254089561944446e-12,1.68198275e-12,487501.5533,1080
2024-08-31 12:00:00+00:00,GRACE-FO,1.6826312264814815e-12,1.6808673e-12,487370.74046574073,1080
2024-08-31 15:00:00+00:00,GRACE-FO,1.6484375042962963e-12,1.6276765499999998e-12,487416.06578518514,1080
2024-08-31 18:00:00+00:00,GRACE-FO,1.6445106526296296e-12,1.6299624499999999e-12,487297.57321203704,1080
2024-08-31 21:00:00+00:00,GRACE-FO,1.7001239224074074e-12,1.7623915499999998e-12,486803.61739814817,1080
2024-09-01 00:00:00+00:00,GRACE-FO,1.6829453537407407e-12,1.72190255e-12,486274.5964157407,1080
2024-09-01 03:00:00+00:00,GRACE-FO,1.7483469535370368e-12,1.8314154e-12,485984.47691203706,1080
2024-09-01 06:00:00+00:00,GRACE-FO,1.6349799687129628e-12,1.71474915e-12,486267.7417740741,1080
2024-09-01 09:00:00+00:00,GRACE-FO,1.5800462083333333e-12,1.6247575e-12,487032.8669092593,1080
2024-09-01 12:00:00+00:00,GRACE-FO,1.5562992627314814e-12,1.5910534500000001e-12,487770.25073333335,1080
2024-09-01 15:00:00+00:00,GRACE-FO,1.5714274632407407e-12,1.5861938e-12,487856.5731907407,1080
2024-09-01 18:00:00+00:00,GRACE-FO,1.5507331451203705e-12,1.5152763499999999e-12,487550.83834907407,1080
2024-09-01 21:00:00+00:00,GRACE-FO,1.548779450611111e-12,1.54645805e-12,487319.1192787037,1080
2024-09-02 00:00:00+00:00,GRACE-FO,1.5296400211388889e-12,1.5884116999999999e-12,487361.92471296294,1080
2024-09-02 03:00:00+00:00,GRACE-FO,1.5135757982592593e-12,1.59954795e-12,487359.1793851852,1080
2024-09-02 06:00:00+00:00,GRACE-FO,1.547669915212963e-12,1.68776815e-12,486958.8263111111,1080
2024-09-02 09:00:00+00:00,GRACE-FO,1.5456574374814816e-12,1.577909e-12,486305.970187037,1080
2024-09-02 12:00:00+00:00,GRACE-FO,1.6081327528703703e-12,1.6679673499999999e-12,485927.8210324074,1080
2024-09-02 15:00:00+00:00,GRACE-FO,1.6901864425925926e-12,1.72715735e-12,486064.53075833333,1080
2024-09-02 18:00:00+00:00,GRACE-FO,1.6378205230092593e-12,1.74570595e-12,486683.12595277774,1080
2024-09-02 21:00:00+00:00,GRACE-FO,1.6250377341574074e-12,1.68726065e-12,487438.8477518519,1080
2024-09-03 00:00:00+00:00,GRACE-FO,1.5526599069166667e-12,1.6459256e-12,487812.52671666665,1080
2024-09-03 03:00:00+00:00,GRACE-FO,1.588231237138889e-12,1.62812825e-12,487632.9158083334,1080
2024-09-03 06:00:00+00:00,GRACE-FO,1.7072805393240739e-12,1.6810952e-12,487329.33715185185,1080
2024-09-03 09:00:00+00:00,GRACE-FO,1.7775168959444442e-12,1.6646296000000001e-12,487272.3104361111,1080
2024-09-03 12:00:00+00:00,GRACE-FO,1.8035247054629632e-12,1.73798665e-12,487348.36058796296,1080
2024-09-03 15:00:00+00:00,GRACE-FO,1.6922397797685187e-12,1.86383035e-12,487146.0013046296,1080
2024-09-03 18:00:00+00:00,GRACE-FO,1.6468274822037036e-12,1.7626482000000001e-12,486495.7166268519,1080
2024-09-03 21:00:00+00:00,GRACE-FO,1.67795600275e-12,1.8039816e-12,485853.6388314815,1080
2024-09-04 00:00:00+00:00,GRACE-FO,1.6519232487129629e-12,1.81026805e-12,485868.4540435185,1080
2024-09-04 03:00:00+00:00,GRACE-FO,1.6404398018796297e-12,1.82317255e-12,486394.6487425926,1080
2024-09-04 06:00:00+00:00,GRACE-FO,1.6466517839074075e-12,1.75700005e-12,487136.6200361111,1080
2024-09-04 09:00:00+00:00,GRACE-FO,1.7602523160555553e-12,1.72771695e-12,487620.7664398148,1080
2024-09-04 12:00:00+00:00,GRACE-FO,1.953834878333333e-12,1.95326215e-12,487661.74865555554,1080
2024-09-04 15:00:00+00:00,GRACE-FO,1.9771469098148148e-12,1.99205325e-12,487371.4059768518,1080
2024-09-04 18:00:00+00:00,GRACE-FO,1.8984325536111114e-12,1.90175295e-12,487231.47206018516,1080
2024-09-04 21:00:00+00:00,GRACE-FO,1.8970935524074074e-12,1.88247645e-12,487270.25488240743,1080
2024-09-05 00:00:00+00:00,GRACE-FO,1.8550884962962962e-12,2.00761395e-12,487232.0561212963,1080
2024-09-05 03:00:00+00:00,GRACE-FO,1.879467780435185e-12,2.050366e-12,486708.9688333333,1080
2024-09-05 06:00:00+00:00,GRACE-FO,1.917740769259259e-12,2.08883105e-12,485960.82921203703,1080
2024-09-05 09:00:00+00:00,GRACE-FO,1.9215911107407407e-12,1.96466085e-12,485626.59143981483,1080
2024-09-05 12:00:00+00:00,GRACE-FO,1.903516488518518e-12,1.9367809e-12,486081.7892694445,1080
2024-09-05 15:00:00+00:00,GRACE-FO,1.8620103459259257e-12,1.88935455e-12,486821.650387037,1080
2024-09-05 18:00:00+00:00,GRACE-FO,1.7696880604629631e-12,1.79742435e-12,487403.75152314815,1080
2024-09-05 21:00:00+00:00,GRACE-FO,1.7847503036111111e-12,1.8191083e-12,487566.0514638889,1080
2024-09-06 00:00:00+00:00,GRACE-FO,1.7579928675462964e-12,1.8753395499999997e-12,487395.22996944445,1080
2024-09-06 03:00:00+00:00,GRACE-FO,1.7239114118796296e-12,1.86785925e-12,487215.59641388885,1080
2024-09-06 06:00:00+00:00,GRACE-FO,1.777150286064815e-12,1.78086805e-12,487212.74454074074,1080
2024-09-06 09:00:00+00:00,GRACE-FO,1.856392090277778e-12,1.80763195e-12,487197.08379537036,1080
2024-09-06 12:00:00+00:00,GRACE-FO,1.9313541383333334e-12,1.9250785e-12,486868.59900648147,1080
2024-09-06 15:00:00+00:00,GRACE-FO,1.844776650462963e-12,1.9422812500000004e-12,486184.1559518518,1080
2024-09-06 18:00:00+00:00,GRACE-FO,1.837461334537037e-12,1.8721632e-12,485600.3939175926,1080
2024-09-06 21:00:00+00:00,GRACE-FO,1.8423768737962966e-12,1.8747079e-12,485689.4165324074,1080
2024-09-07 00:00:00+00:00,GRACE-FO,1.867063106388889e-12,2.0223257e-12,486468.559462037,1080
2024-09-07 03:00:00+00:00,GRACE-FO,1.843006830981481e-12,1.9522508e-12,487191.93517962965,1080
2024-09-07 06:00:00+00:00,GRACE-FO,1.84199995212963e-12,1.88562915e-12,487470.5724611111,1080
2024-09-07 09:00:00+00:00,GRACE-FO,1.8884656280555557e-12,1.8126752e-12,487353.4319435185,1080
2024-09-07 12:00:00+00:00,GRACE-FO,1.9369451417592594e-12,1.92483015e-12,487189.92030833336,1080
2024-09-07 15:00:00+00:00,GRACE-FO,1.846165532037037e-12,1.84896315e-12,487182.4045990741,1080
2024-09-07 18:00:00+00:00,GRACE-FO,1.8211876795370373e-12,1.8902673000000002e-12,487210.5095194445,1080
2024-09-07 21:00:00+00:00,GRACE-FO,1.7872445978703706e-12,1.8540749e-12,486938.6472777778,1080
2024-09-08 00:00:00+00:00,GRACE-FO,1.8030923586111112e-12,1.96123725e-12,486393.28061203705,1080
2024-09-08 03:00:00+00:00,GRACE-FO,1.8520301009999998e-12,2.0425566500000002e-12,485700.8785333333,1080
2024-09-08 06:00:00+00:00,GRACE-FO,1.8670595092592595e-12,1.98675015e-12,485495.1513611111,1080
2024-09-08 09:00:00+00:00,GRACE-FO,1.8839893646296298e-12,1.8679618500000003e-12,486013.0155157408,1080
2024-09-08 12:00:00+00:00,GRACE-FO,1.868884387685185e-12,1.9016034000000002e-12,486908.87426388887,1080
2024-09-08 15:00:00+00:00,GRACE-FO,1.8178190225925925e-12,1.8804568e-12,487346.82687222224,1080
2024-09-08 18:00:00+00:00,GRACE-FO,1.7960919142592592e-12,1.86954665e-12,487318.41539074073,1080
2024-09-08 21:00:00+00:00,GRACE-FO,1.8282705491666666e-12,1.8033189e-12,487140.1304722222,1080
2024-09-09 00:00:00+00:00,GRACE-FO,1.8683534574722223e-12,1.87608015e-12,487133.9038888889,1080
2024-09-09 03:00:00+00:00,GRACE-FO,1.8630673740185185e-12,1.94531665e-12,487197.77652962966,1080
2024-09-09 06:00:00+00:00,GRACE-FO,1.9495553028703706e-12,2.0158011500000002e-12,487031.56154814817,1080
2024-09-09 09:00:00+00:00,GRACE-FO,1.9785055241666665e-12,2.0321611000000003e-12,486489.84048333333,1080
2024-09-09 12:00:00+00:00,GRACE-FO,1.9291128987962964e-12,1.9633719000000002e-12,485850.46461203706,1080
2024-09-09 15:00:00+00:00,GRACE-FO,1.950620365648148e-12,1.9632539e-12,485450.04596944444,1080
2024-09-09 18:00:00+00:00,GRACE-FO,1.9383783878703705e-12,1.9557250999999998e-12,485675.27341203706,1080
2024-09-09 21:00:00+00:00,GRACE-FO,1.9527624262037037e-12,1.9775863e-12,486438.4728796296,1080
2024-09-10 00:00:00+00:00,GRACE-FO,1.9208498729166666e-12,1.96726215e-12,487153.4364462963,1080
2024-09-10 03:00:00+00:00,GRACE-FO,1.863601532935185e-12,1.9799232e-12,487303.3600203704,1080
2024-09-10 06:00:00+00:00,GRACE-FO,1.8598417377777777e-12,1.9284043e-12,487104.42521574075,1080
2024-09-10 09:00:00+00:00,GRACE-FO,1.8420680460185185e-12,1.8553586e-12,487005.05226296297,1080
2024-09-10 12:00:00+00:00,GRACE-FO,1.7625353415740742e-12,1.8047204999999999e-12,487122.0613694444,1080
2024-09-10 15:00:00+00:00,GRACE-FO,1.7061471130555555e-12,1.7418113e-12,487136.5003648148,1080
2024-09-10 18:00:00+00:00,GRACE-FO,1.6476182745370372e-12,1.7615029999999998e-12,486690.88645925926,1080
2024-09-10 21:00:00+00:00,GRACE-FO,1.6234636634722223e-12,1.7112459e-12,485929.4710814815,1080
2024-09-11 00:00:00+00:00,GRACE-FO,1.6007921645092594e-12,1.70021485e-12,485473.6402768519,1080
2024-09-11 03:00:00+00:00,GRACE-FO,1.6035783118425927e-12,1.70634535e-12,485474.53795925924,1080
2024-09-11 06:00:00+00:00,GRACE-FO,1.6385806661203703e-12,1.7405573e-12,486058.397612037,1080
2024-09-11 09:00:00+00:00,GRACE-FO,1.6255312455648148e-12,1.71317845e-12,486804.7857287037,1080
2024-09-11 12:00:00+00:00,GRACE-FO,1.6494141751851852e-12,1.6914834e-12,487231.9606796296,1080
2024-09-11 15:00:00+00:00,GRACE-FO,1.6888357408333334e-12,1.69047305e-12,487106.6815768518,1080
2024-09-11 18:00:00+00:00,GRACE-FO,1.7272884224999998e-12,1.7656633e-12,486945.8384074074,1080
2024-09-11 21:00:00+00:00,GRACE-FO,1.7160873745185186e-12,1.73562755e-12,487006.6137546296,1080
2024-09-12 00:00:00+00:00,GRACE-FO,1.6920652768796296e-12,1.74668885e-12,487166.3747657407,1080
2024-09-12 03:00:00+00:00,GRACE-FO,1.7094157560277778e-12,1.7225570000000002e-12,486882.8969212963,1080
2024-09-12 06:00:00+00:00,GRACE-FO,1.9731504269444445e-12,1.90958935e-12,486156.80010092596,1080
2024-09-12 09:00:00+00:00,GRACE-FO,2.2211221286111112e-12,2.2440652500000002e-12,485463.0883796296,1080
2024-09-12 12:00:00+00:00,GRACE-FO,2.6059883767592594e-12,2.5876494000000002e-12,485358.7654796296,1080
2024-09-12 15:00:00+00:00,GRACE-FO,2.6390490323148147e-12,2.62053375e-12,485752.2604805556,1080
2024-09-12 18:00:00+00:00,GRACE-FO,2.9253290300925926e-12,2.8599528499999998e-12,486442.8019055556,1080
2024-09-12 21:00:00+00:00,GRACE-FO,2.6905484376851855e-12,2.7978757e-12,486989.8772925926,1080
2024-09-13 00:00:00+00:00,GRACE-FO,2.5904103592592593e-12,2.5632340999999997e-12,487090.71211666666,1080
2024-09-13 03:00:00+00:00,GRACE-FO,2.223304671787037e-12,2.2963353e-12,486916.1437537037,1080
2024-09-13 06:00:00+00:00,GRACE-FO,2.0495959959444443e-12,2.15209145e-12,486870.56467407406,1080
2024-09-13 09:00:00+00:00,GRACE-FO,1.8958432683333334e-12,1.94687685e-12,487014.068837037,1080
2024-09-13 12:00:00+00:00,GRACE-FO,1.882664847962963e-12,1.8922572000000003e-12,486981.71596296295,1080
2024-09-13 15:00:00+00:00,GRACE-FO,1.810533323888889e-12,1.82755555e-12,486431.14465833333,1080
2024-09-13 18:00:00+00:00,GRACE-FO,1.7710135435185186e-12,1.7632146e-12,485598.2712712963,1080
2024-09-13 21:00:00+00:00,GRACE-FO,1.8439486109629628e-12,1.76687435e-12,485141.38855462964,1080
2024-09-14 00:00:00+00:00,GRACE-FO,1.7776869896111113e-12,1.8243896e-12,485471.5051490741,1080
2024-09-14 03:00:00+00:00,GRACE-FO,1.7147576106018518e-12,1.71726845e-12,486128.449337037,1080
2024-09-14 06:00:00+00:00,GRACE-FO,1.5457570857777777e-12,1.6414711000000001e-12,486724.4126546296,1080
2024-09-14 09:00:00+00:00,GRACE-FO,1.549445051638889e-12,1.60578815e-12,486941.69911481487,1080
2024-09-14 12:00:00+00:00,GRACE-FO,1.5427617953055556e-12,1.5984309e-12,486889.0385601852,1080
2024-09-14 15:00:00+00:00,GRACE-FO,1.4836899091111112e-12,1.52009505e-12,486808.5958009259,1080
2024-09-14 18:00:00+00:00,GRACE-FO,1.4551251215648147e-12,1.40533225e-12,486923.19707314816,1080
2024-09-14 21:00:00+00:00,GRACE-FO,1.4268634641481481e-12,1.4750127e-12,486964.63992407406,1080
2024-09-15 00:00:00+00:00,GRACE-FO,1.3964753315833334e-12,1.4177583e-12,486676.8593851852,1080
2024-09-15 03:00:00+00:00,GRACE-FO,1.426552209925926e-12,1.35654395e-12,485869.7567564815,1080
2024-09-15 06:00:00+00:00,GRACE-FO,1.4388935305462962e-12,1.4472702499999999e-12,485179.1763657408,1080
2024-09-15 09:00:00+00:00,GRACE-FO,1.3953864018796297e-12,1.4534591e-12,485162.57963703707,1080
2024-09-15 12:00:00+00:00,GRACE-FO,1.5701429648703704e-12,1.5195613e-12,485832.8540740741,1080
2024-09-15 15:00:00+00:00,GRACE-FO,1.4707029760277779e-12,1.4333316e-12,486469.07152222225,1080
2024-09-15 18:00:00+00:00,GRACE-FO,1.4648063544722223e-12,1.4256472500000001e-12,486803.0812055556,1080
2024-09-15 21:00:00+00:00,GRACE-FO,1.401367373972222e-12,1.4251882e-12,486820.34822129627,1080
2024-09-16 00:00:00+00:00,GRACE-FO,1.3802249826203703e-12,1.31285e-12,486774.3714,1080
2024-09-16 03:00:00+00:00,GRACE-FO,1.361120750787037e-12,1.37626895e-12,486840.3072546296,1080
2024-09-16 06:00:00+00:00,GRACE-FO,1.4148557952037036e-12,1.48779755e-12,486941.2693888889,1080
2024-09-16 09:00:00+00:00,GRACE-FO,1.518402797787037e-12,1.5419293500000001e-12,486767.7403638889,1080
2024-09-16 12:00:00+00:00,GRACE-FO,1.5840146448055555e-12,1.5745647e-12,486181.04048518516,1080
2024-09-16 15:00:00+00:00,GRACE-FO,1.5502827546296296e-12,1.56548605e-12,485389.939575,1080
2024-09-16 18:00:00+00:00,GRACE-FO,1.4592807732685186e-12,1.4108795499999999e-12,485022.2984481481,1080
2024-09-16 21:00:00+00:00,GRACE-FO,1.4020072107222223e-12,1.4302976e-12,485416.7992083333,1080
2024-09-17 00:00:00+00:00,GRACE-FO,1.6065572848518518e-12,1.46562065e-12,486206.17372407403,1080
2024-09-17 03:00:00+00:00,GRACE-FO,1.8335546334166668e-12,1.8226499e-12,486686.89823611116,1080
2024-09-17 06:00:00+00:00,GRACE-FO,1.9669561623981483e-12,2.0037486000000002e-12,486739.3339222222,1080
2024-09-17 09:00:00+00:00,GRACE-FO,2.1019087477777776e-12,2.0826987999999997e-12,486650.66672870365,1080
2024-09-17 12:00:00+00:00,GRACE-FO,2.0674457869444444e-12,2.0085666000000003e-12,486730.9933712963,1080
2024-09-17 15:00:00+00:00,GRACE-FO,1.831046646851852e-12,1.8006064e-12,486907.27801203704,1080
2024-09-17 18:00:00+00:00,GRACE-FO,1.6505327841666665e-12,1.690897e-12,486848.82876944443,1080
2024-09-17 21:00:00+00:00,GRACE-FO,1.48740965125e-12,1.5324623e-12,486323.0740351852,1080
2024-09-18 00:00:00+00:00,GRACE-FO,1.3405769737870372e-12,1.33665425e-12,485638.9631398148,1080
2024-09-18 03:00:00+00:00,GRACE-FO,1.2062015378611111e-12,1.2246708e-12,485046.9158194444,1080
2024-09-18 06:00:00+00:00,GRACE-FO,1.1276054506481482e-12,1.1463605e-12,485119.1988925926,1080
2024-09-18 09:00:00+00:00,GRACE-FO,1.1066053823703705e-12,1.11722775e-12,485776.1516509259,1080
2024-09-18 12:00:00+00:00,GRACE-FO,1.1100373933796296e-12,1.1150904500000001e-12,486494.3873055556,1080
2024-09-18 15:00:00+00:00,GRACE-FO,1.1038304506203703e-12,1.03835775e-12,486663.91662129626,1080
2024-09-18 18:00:00+00:00,GRACE-FO,1.0718698798888887e-12,1.02251165e-12,486580.4366185185,1080
2024-09-18 21:00:00+00:00,GRACE-FO,1.0702606893796297e-12,1.0106708e-12,486592.1527648148,1080
2024-09-19 00:00:00+00:00,GRACE-FO,1.1318267746203703e-12,1.0552478e-12,486832.4728564815,1080
2024-09-19 03:00:00+00:00,GRACE-FO,1.2242219091018519e-12,1.1510802500000001e-12,486907.71387685183,1080
2024-09-19 06:00:00+00:00,GRACE-FO,1.2436238342314815e-12,1.2366717e-12,486544.8337925926,1080
2024-09-19 09:00:00+00:00,GRACE-FO,1.2632987985740741e-12,1.27364185e-12,485828.4287388889,1080
2024-09-19 12:00:00+00:00,GRACE-FO,1.3455754417685185e-12,1.3759497499999999e-12,485214.6131472222,1080
2024-09-19 15:00:00+00:00,GRACE-FO,1.4051384625925927e-12,1.37959365e-12,485006.7694981482,1080
2024-09-19 18:00:00+00:00,GRACE-FO,1.3712117608611112e-12,1.34259455e-12,485427.5899564815,1080
2024-09-19 21:00:00+00:00,GRACE-FO,1.297988451861111e-12,1.25956275e-12,486155.6583916667,1080
2024-09-20 00:00:00+00:00,GRACE-FO,1.1705821305740742e-12,1.10138375e-12,486594.19861851854,1080
2024-09-20 03:00:00+00:00,GRACE-FO,1.130559289e-12,1.07678385e-12,486568.0208648148,1080
2024-09-20 06:00:00+00:00,GRACE-FO,1.0925137924166666e-12,1.0701156999999998e-12,486478.4002888889,1080
2024-09-20 09:00:00+00:00,GRACE-FO,1.0704169662777777e-12,1.07726735e-12,486648.34720185184,1080
2024-09-20 12:00:00+00:00,GRACE-FO,1.060618464462963e-12,1.0143321999999998e-12,486900.24761296296,1080
2024-09-20 15:00:00+00:00,GRACE-FO,1.0471035980092591e-12,9.76897175e-13,486771.3837425926,1080
2024-09-20 18:00:00+00:00,GRACE-FO,1.05507215375e-12,9.560394e-13,486098.0836092592,1080
2024-09-20 21:00:00+00:00,GRACE-FO,1.0828503346851851e-12,1.0298698e-12,485314.40150462964,1080
2024-09-21 00:00:00+00:00,GRACE-FO,1.0694639405092593e-12,9.641055300000001e-13,485014.5361685185,1080
2024-09-21 03:00:00+00:00,GRACE-FO,1.0974411217685186e-12,1.02598865e-12,485211.8509537037,1080
2024-09-21 06:00:00+00:00,GRACE-FO,1.1090993897870371e-12,1.0965750000000001e-12,485824.1666925926,1080
2024-09-21 09:00:00+00:00,GRACE-FO,1.1052789535277778e-12,1.1102897e-12,486369.325862037,1080
2024-09-21 12:00:00+00:00,GRACE-FO,1.0857364553981481e-12,1.0218346500000002e-12,486549.5636333333,1080
2024-09-21 15:00:00+00:00,GRACE-FO,1.051144228037037e-12,9.1357961e-13,486429.28431481484,1080
2024-09-21 18:00:00+00:00,GRACE-FO,1.062968456064815e-12,9.273149949999998e-13,486496.0071675926,1080
2024-09-21 21:00:00+00:00,GRACE-FO,1.0265152170555555e-12,9.827195749999998e-13,486752.8368268519,1080
2024-09-22 00:00:00+00:00,GRACE-FO,1.032937853537037e-12,9.510268850000001e-13,486888.60953888885,1080
2024-09-22 03:00:00+00:00,GRACE-FO,1.0342634238148148e-12,9.2151056e-13,486389.50675833336,1080
2024-09-22 06:00:00+00:00,GRACE-FO,1.0686244991018518e-12,1.0073923e-12,485547.1382509259,1080
2024-09-22 09:00:00+00:00,GRACE-FO,1.1476471241388888e-12,1.1899974e-12,484980.43847129634,1080
2024-09-22 12:00:00+00:00,GRACE-FO,1.128526318037037e-12,1.0956724e-12,485078.61541574076,1080
2024-09-22 15:00:00+00:00,GRACE-FO,1.1465674911666667e-12,1.0645629000000001e-12,485542.65788425924,1080
2024-09-22 18:00:00+00:00,GRACE-FO,1.1203587031018517e-12,9.47062585e-13,486109.8270611111,1080
2024-09-22 21:00:00+00:00,GRACE-FO,1.1110227840648147e-12,9.97309975e-13,486424.3802638889,1080
2024-09-23 00:00:00+00:00,GRACE-FO,1.088408193435185e-12,9.6797035e-13,486419.52908148145,1080
2024-09-23 03:00:00+00:00,GRACE-FO,1.0680454558888889e-12,9.693533600000001e-13,486392.32588055555,1080
2024-09-23 06:00:00+00:00,GRACE-FO,1.089731267888889e-12,9.6301347e-13,486594.5538768518,1080
2024-09-23 09:00:00+00:00,GRACE-FO,1.1854310110555556e-12,1.1809313999999999e-12,486824.8989166666,1080
2024-09-23 12:00:00+00:00,GRACE-FO,1.346129900685185e-12,1.36121545e-12,486651.2736074074,1080
2024-09-23 15:00:00+00:00,GRACE-FO,1.439284986888889e-12,1.2808644e-12,485906.0592175926,1080
2024-09-23 18:00:00+00:00,GRACE-FO,1.469023316925926e-12,1.2921534499999999e-12,485098.4970185185,1080
2024-09-23 21:00:00+00:00,GRACE-FO,1.4571538775833332e-12,1.3122786000000001e-12,484884.97572407406,1080
2024-09-24 00:00:00+00:00,GRACE-FO,1.3957815413888889e-12,1.2303906e-12,485322.5497064815,1080
2024-09-24 03:00:00+00:00,GRACE-FO,1.3524580177407406e-12,1.2349059e-12,485891.04221296293,1080
2024-09-24 06:00:00+00:00,GRACE-FO,1.3670728543333334e-12,1.4103116e-12,486255.6495342592,1080
2024-09-24 09:00:00+00:00,GRACE-FO,1.416303256425926e-12,1.44797505e-12,486322.6425361111,1080
2024-09-24 12:00:00+00:00,GRACE-FO,1.5153854836296295e-12,1.4843757000000001e-12,486310.21488703706,1080
2024-09-24 15:00:00+00:00,GRACE-FO,1.5113377926944445e-12,1.3531381000000001e-12,486456.4893648148,1080
2024-09-24 18:00:00+00:00,GRACE-FO,1.4674729237314815e-12,1.2922213e-12,486714.72740925924,1080
2024-09-24 21:00:00+00:00,GRACE-FO,1.4349404284351851e-12,1.2858450000000002e-12,486710.404225,1080
2024-09-25 00:00:00+00:00,GRACE-FO,1.5666381356203702e-12,1.4066442e-12,486238.5697212963,1080
2024-09-25 03:00:00+00:00,GRACE-FO,1.585559125861111e-12,1.51261825e-12,485357.3166305556,1080
2024-09-25 06:00:00+00:00,GRACE-FO,1.7560602700833334e-12,1.70790425e-12,484819.19114814815,1080
2024-09-25 09:00:00+00:00,GRACE-FO,1.6936530147222222e-12,1.5553772499999998e-12,485018.0161814815,1080
2024-09-25 12:00:00+00:00,GRACE-FO,1.744541786574074e-12,1.7158464500000002e-12,485659.40623888886,1080
2024-09-25 15:00:00+00:00,GRACE-FO,1.8273377476851852e-12,1.7689202e-12,486074.1339805556,1080
2024-09-25 18:00:00+00:00,GRACE-FO,1.839856631851852e-12,1.6799394499999999e-12,486194.50546481484,1080
2024-09-25 21:00:00+00:00,GRACE-FO,1.8361750096296295e-12,1.7145036e-12,486183.6375074074,1080
2024-09-26 00:00:00+00:00,GRACE-FO,1.737298560861111e-12,1.5458324499999999e-12,486307.4062564815,1080
2024-09-26 03:00:00+00:00,GRACE-FO,1.6105797047685185e-12,1.4856762e-12,486558.6343722222,1080
2024-09-26 06:00:00+00:00,GRACE-FO,1.5674694588518519e-12,1.4067626e-12,486682.9968537037,1080
2024-09-26 09:00:00+00:00,GRACE-FO,1.5034837322777779e-12,1.3849291000000001e-12,486386.3687537037,1080
2024-09-26 12:00:00+00:00,GRACE-FO,1.5674038734722222e-12,1.5533977500000001e-12,485691.12274814816,1080
2024-09-26 15:00:00+00:00,GRACE-FO,1.4950683714074075e-12,1.2694657e-12,484947.47044814815,1080
2024-09-26 18:00:00+00:00,GRACE-FO,1.5341613370277778e-12,1.2451588e-12,484782.6243759259,1080
2024-09-26 21:00:00+00:00,GRACE-FO,1.5119626424351852e-12,1.30482125e-12,485294.3199685185,1080
2024-09-27 00:00:00+00:00,GRACE-FO,1.4836951803055555e-12,1.2321078e-12,485903.0988259259,1080
2024-09-27 03:00:00+00:00,GRACE-FO,1.4837915353796297e-12,1.3084996500000001e-12,486118.08547407406,1080
2024-09-27 06:00:00+00:00,GRACE-FO,1.542549240888889e-12,1.47659985e-12,486065.22236851853,1080
2024-09-27 09:00:00+00:00,GRACE-FO,1.6150070383703704e-12,1.4412319999999999e-12,486110.3713388889,1080
2024-09-27 12:00:00+00:00,GRACE-FO,1.6862365824074076e-12,1.47832135e-12,486392.6606416667,1080
2024-09-27 15:00:00+00:00,GRACE-FO,1.6101176142592593e-12,1.3602277e-12,486660.51184814813,1080
2024-09-27 18:00:00+00:00,GRACE-FO,1.5657177103055555e-12,1.22898495e-12,486511.51116296294,1080
2024-09-27 21:00:00+00:00,GRACE-FO,1.5124939003333334e-12,1.2333758500000002e-12,485911.15264166665,1080
2024-09-28 00:00:00+00:00,GRACE-FO,1.536775562287037e-12,1.2324747000000002e-12,485199.57875555556,1080
2024-09-28 03:00:00+00:00,GRACE-FO,1.5048865358611111e-12,1.3201389499999999e-12,484753.92925,1080
2024-09-28 06:00:00+00:00,GRACE-FO,1.50184744575e-12,1.4064428999999999e-12,484977.3893462963,1080
2024-09-28 09:00:00+00:00,GRACE-FO,1.581871493212963e-12,1.5097230499999999e-12,485607.6120111111,1080
2024-09-28 12:00:00+00:00,GRACE-FO,1.6624346334537037e-12,1.5143694e-12,486028.7455787037,1080
2024-09-28 15:00:00+00:00,GRACE-FO,1.7860352287314814e-12,1.8134237e-12,486002.01015462965,1080
2024-09-28 18:00:00+00:00,GRACE-FO,1.8134331723148147e-12,1.6525801499999999e-12,485950.03246666666,1080
2024-09-28 21:00:00+00:00,GRACE-FO,1.7314997663425927e-12,1.4471616499999998e-12,486165.87552685186,1080
2024-09-29 00:00:00+00:00,GRACE-FO,1.7085455562407408e-12,1.47398875e-12,486545.04890925926,1080
2024-09-29 03:00:00+00:00,GRACE-FO,1.686693895675926e-12,1.42438e-12,486583.5941953704,1080
2024-09-29 06:00:00+00:00,GRACE-FO,1.7893073478333331e-12,1.61440605e-12,486100.1212657408,1080
2024-09-29 09:00:00+00:00,GRACE-FO,1.8443389725462964e-12,1.59943065e-12,485386.6816148148,1080
2024-09-29 12:00:00+00:00,GRACE-FO,1.951034683148148e-12,1.81303635e-12,484869.236575,1080
2024-09-29 15:00:00+00:00,GRACE-FO,2.0070354599074073e-12,1.8486118e-12,484795.56366296293,1080
2024-09-29 18:00:00+00:00,GRACE-FO,1.968822583425926e-12,1.66701405e-12,485239.4826212963,1080
2024-09-29 21:00:00+00:00,GRACE-FO,1.9929535e-12,1.8082374500000001e-12,485799.4794712963,1080
2024-09-30 00:00:00+00:00,GRACE-FO,2.067160605648148e-12,1.8719022500000002e-12,485969.35871574073,1080
2024-09-30 03:00:00+00:00,GRACE-FO,1.9946669299074076e-12,1.74196765e-12,485855.38730092597,1080
2024-09-30 06:00:00+00:00,GRACE-FO,1.9500055046296296e-12,1.6794563500000001e-12,485907.08407129627,1080
2024-09-30 09:00:00+00:00,GRACE-FO,1.8815864744444443e-12,1.6176922999999999e-12,486269.74535833334,1080
2024-09-30 12:00:00+00:00,GRACE-FO,1.8219809975925927e-12,1.492908e-12,486575.32561203704,1080
2024-09-30 15:00:00+00:00,GRACE-FO,1.8396099666666667e-12,1.62193885e-12,486329.9299666667,1080
2024-09-30 18:00:00+00:00,GRACE-FO,1.8755005633333333e-12,1.5415144500000001e-12,485584.7988962963,1080
2024-09-30 21:00:00+00:00,GRACE-FO,1.8699701514814813e-12,1.48205045e-12,484925.6427203704,1080
2024-10-01 00:00:00+00:00,GRACE-FO,1.9209638875925923e-12,1.588102e-12,484740.72119629633,1080
2024-10-01 03:00:00+00:00,GRACE-FO,2.0163114584259262e-12,1.7075008e-12,485000.7665675926,1080
2024-10-01 06:00:00+00:00,GRACE-FO,2.0246495314814815e-12,1.69917025e-12,485497.91092685185,1080
2024-10-01 09:00:00+00:00,GRACE-FO,2.0365788001851854e-12,1.7736719e-12,485825.44346574077,1080
2024-10-01 12:00:00+00:00,GRACE-FO,2.0252624387962962e-12,1.84098745e-12,485803.2546685185,1080
2024-10-01 15:00:00+00:00,GRACE-FO,2.0123407907407405e-12,1.69275515e-12,485751.15403796296,1080
2024-10-01 18:00:00+00:00,GRACE-FO,2.0219868958333335e-12,1.6200315e-12,485993.6816407407,1080
2024-10-01 21:00:00+00:00,GRACE-FO,1.9462120602777777e-12,1.56843295e-12,486394.8519333333,1080
2024-10-02 00:00:00+00:00,GRACE-FO,1.9795996013888887e-12,1.6356821e-12,486461.75258796295,1080
2024-10-02 03:00:00+00:00,GRACE-FO,1.9827780269444446e-12,1.63428705e-12,485864.35848703707,1080
2024-10-02 06:00:00+00:00,GRACE-FO,2.0667552602777777e-12,1.7297966499999998e-12,485058.58176851855,1080
2024-10-02 09:00:00+00:00,GRACE-FO,2.0956670892592593e-12,1.8488708e-12,484682.09320370376,1080
2024-10-02 12:00:00+00:00,GRACE-FO,2.204117256111111e-12,2.0234879000000003e-12,484845.08358981484,1080
2024-10-02 15:00:00+00:00,GRACE-FO,2.1521553830555555e-12,1.8059371999999999e-12,485241.1265574074,1080
2024-10-02 18:00:00+00:00,GRACE-FO,2.158705141666667e-12,1.77892315e-12,485603.8345064815,1080
2024-10-02 21:00:00+00:00,GRACE-FO,2.089913413611111e-12,1.681288e-12,485723.5018564815,1080
2024-10-03 00:00:00+00:00,GRACE-FO,2.1021941437962964e-12,1.74055155e-12,485659.2088462963,1080
2024-10-03 03:00:00+00:00,GRACE-FO,2.0914388891666667e-12,1.6743509500000002e-12,485755.8814361111,1080
2024-10-03 06:00:00+00:00,GRACE-FO,2.091901084814815e-12,1.6752306499999999e-12,486103.5807555556,1080
2024-10-03 09:00:00+00:00,GRACE-FO,2.1271965106481483e-12,1.72858645e-12,486381.82169351855,1080
2024-10-03 12:00:00+00:00,GRACE-FO,2.272395266111111e-12,1.9444624e-12,486131.975325,1080
2024-10-03 15:00:00+00:00,GRACE-FO,2.3000360725925923e-12,1.9166365e-12,485343.26341388887,1080
2024-10-03 18:00:00+00:00,GRACE-FO,2.4052083560185183e-12,1.9841072e-12,484647.85693796293,1080
2024-10-03 21:00:00+00:00,GRACE-FO,2.3940568e-12,1.98324635e-12,484624.83183981484,1080
2024-10-04 00:00:00+00:00,GRACE-FO,2.399395357777778e-12,1.9373116e-12,485038.3872592593,1080
2024-10-04 03:00:00+00:00,GRACE-FO,2.4227035425e-12,2.19439765e-12,485426.2654962963,1080
2024-10-04 06:00:00+00:00,GRACE-FO,2.405026007037037e-12,2.1488873500000002e-12,485556.97941666667,1080
2024-10-04 09:00:00+00:00,GRACE-FO,2.4171366114814814e-12,2.1797773e-12,485522.43386666663,1080
2024-10-04 12:00:00+00:00,GRACE-FO,2.422709879166667e-12,2.0977081999999997e-12,485560.90572314814,1080
2024-10-04 15:00:00+00:00,GRACE-FO,2.4206373487037035e-12,2.09907895e-12,485854.70375092595,1080
2024-10-04 18:00:00+00:00,GRACE-FO,2.3334288061111112e-12,1.8490457e-12,486183.69853703707,1080
2024-10-04 21:00:00+00:00,GRACE-FO,2.3149881725925928e-12,1.8149314499999998e-12,486186.83455462963,1080
2024-10-05 00:00:00+00:00,GRACE-FO,2.3313507610185185e-12,1.8124596e-12,485643.18579444446,1080
2024-10-05 03:00:00+00:00,GRACE-FO,2.3258138783333335e-12,1.8750009499999997e-12,484831.4667212963,1080
2024-10-05 06:00:00+00:00,GRACE-FO,2.3513839712962963e-12,1.94237705e-12,484454.7050101852,1080
2024-10-05 09:00:00+00:00,GRACE-FO,2.3360785945370374e-12,2.03005655e-12,484757.02118425927,1080
2024-10-05 12:00:00+00:00,GRACE-FO,2.358892882222222e-12,2.1953755999999998e-12,485235.51116203703,1080
2024-10-05 15:00:00+00:00,GRACE-FO,2.255464916574074e-12,1.9268397999999998e-12,485437.41597314813,1080
2024-10-05 18:00:00+00:00,GRACE-FO,2.245362470833333e-12,1.8756215e-12,485396.3538537037,1080
2024-10-05 21:00:00+00:00,GRACE-FO,2.238079932037037e-12,1.7278257e-12,485383.89322407404,1080
2024-10-06 00:00:00+00:00,GRACE-FO,2.1535142250925927e-12,1.6489664e-12,485605.15992314817,1080
2024-10-06 03:00:00+00:00,GRACE-FO,2.0630521059259257e-12,1.66711565e-12,485962.7870111111,1080
2024-10-06 06:00:00+00:00,GRACE-FO,2.0283356250925926e-12,1.7906592e-12,486114.3434472222,1080
2024-10-06 09:00:00+00:00,GRACE-FO,2.1392676749074074e-12,2.09891835e-12,485825.315587037,1080
2024-10-06 12:00:00+00:00,GRACE-FO,2.2164562327777776e-12,1.94778355e-12,485136.4956981481,1080
2024-10-06 15:00:00+00:00,GRACE-FO,2.4020385319444447e-12,2.3407013000000003e-12,484505.7737092593,1080
2024-10-06 18:00:00+00:00,GRACE-FO,2.4731159771296294e-12,2.0858795e-12,484456.7039037037,1080
2024-10-06 21:00:00+00:00,GRACE-FO,2.5236736916666667e-12,2.30313515e-12,484968.88472777774,1080
2024-10-07 00:00:00+00:00,GRACE-FO,2.7317814692592595e-12,2.2683266e-12,485349.7529740741,1080
2024-10-07 03:00:00+00:00,GRACE-FO,2.842287666388889e-12,2.4032022499999998e-12,485343.0175037037,1080
2024-10-07 06:00:00+00:00,GRACE-FO,2.6951369218518516e-12,2.35184545e-12,485202.34434444446,1080
2024-10-07 09:00:00+00:00,GRACE-FO,2.479249760648148e-12,2.15335065e-12,485321.11898611113,1080
2024-10-07 12:00:00+00:00,GRACE-FO,2.5368197785185185e-12,2.3786917e-12,485706.9320611111,1080
2024-10-07 15:00:00+00:00,GRACE-FO,2.5155461846296295e-12,2.32370185e-12,486016.5428944444,1080
2024-10-07 18:00:00+00:00,GRACE-FO,2.720130155648148e-12,2.60061275e-12,485858.52603055554,1080
2024-10-07 21:00:00+00:00,GRACE-FO,2.704593953425926e-12,2.3532239e-12,485321.3602657408,1080
2024-10-08 00:00:00+00:00,GRACE-FO,2.8949969825e-12,2.5431145e-12,484669.48692592594,1080
2024-10-08 03:00:00+00:00,GRACE-FO,2.9822105805555554e-12,2.62027955e-12,484347.3918175926,1080
2024-10-08 06:00:00+00:00,GRACE-FO,3.0236047625925926e-12,2.7204646499999998e-12,484598.5952509259,1080
2024-10-08 09:00:00+00:00,GRACE-FO,2.754118233518518e-12,2.6689711500000003e-12,485114.837587037,1080
2024-10-08 12:00:00+00:00,GRACE-FO,2.6164831998148145e-12,2.24085535e-12,485277.46866574074,1080
2024-10-08 15:00:00+00:00,GRACE-FO,2.3842501574074074e-12,2.19774375e-12,485119.5841259259,1080
2024-10-08 18:00:00+00:00,GRACE-FO,2.1645133397222223e-12,1.9682726e-12,485067.91291574074,1080
2024-10-08 21:00:00+00:00,GRACE-FO,1.9848552268518516e-12,1.64933725e-12,485376.1251472222,1080
2024-10-09 00:00:00+00:00,GRACE-FO,1.96897544225e-12,1.61920835e-12,485813.0522555555,1080
2024-10-09 03:00:00+00:00,GRACE-FO,1.9996318989166663e-12,1.73923345e-12,485887.9354731481,1080
2024-10-09 06:00:00+00:00,GRACE-FO,2.0437520749074075e-12,1.59210325e-12,485450.6514148148,1080
2024-10-09 09:00:00+00:00,GRACE-FO,1.9848905666666666e-12,1.5776971e-12,484834.3749555556,1080
2024-10-09 12:00:00+00:00,GRACE-FO,1.9831048884537036e-12,1.765028e-12,484398.5982638889,1080
2024-10-09 15:00:00+00:00,GRACE-FO,1.965316667324074e-12,1.7170129999999999e-12,484400.1075953704,1080
2024-10-09 18:00:00+00:00,GRACE-FO,1.923256507444444e-12,1.70377245e-12,484797.82156666665,1080
2024-10-09 21:00:00+00:00,GRACE-FO,1.816880304990741e-12,1.5666218e-12,485175.55896111106,1080
2024-10-10 00:00:00+00:00,GRACE-FO,1.758269426e-12,1.3960286e-12,485134.44104999996,1080
2024-10-10 03:00:00+00:00,GRACE-FO,1.6885691057685185e-12,1.4161347e-12,484952.8931777778,1080
2024-10-10 06:00:00+00:00,GRACE-FO,1.6420999219259258e-12,1.30733445e-12,485064.5535962963,1080
2024-10-10 09:00:00+00:00,GRACE-FO,1.6230190091111112e-12,1.2607213499999999e-12,485517.555962963,1080
2024-10-10 12:00:00+00:00,GRACE-FO,1.682027652435185e-12,1.4241681e-12,485864.86006944446,1080
2024-10-10 15:00:00+00:00,GRACE-FO,2.3952608277314814e-12,2.5341607500000002e-12,485648.65343425923,1080
2024-10-10 18:00:00+00:00,GRACE-FO,3.190573983425926e-12,3.17060095e-12,484974.7317972222,1080
2024-10-10 21:00:00+00:00,GRACE-FO,3.7696190835185185e-12,3.5403426999999998e-12,484472.549437037,1080
2024-10-11 00:00:00+00:00,GRACE-FO,4.3416376565740736e-12,4.23260145e-12,484322.9643944444,1080
2024-10-11 03:00:00+00:00,GRACE-FO,3.96783396462963e-12,3.7587690500000004e-12,484567.471075926,1080
2024-10-11 06:00:00+00:00,GRACE-FO,3.620231073703704e-12,3.45684485e-12,484920.41687962966,1080
2024-10-11 09:00:00+00:00,GRACE-FO,3.238999316574074e-12,3.1876613999999998e-12,485073.5271444444,1080
2024-10-11 12:00:00+00:00,GRACE-FO,2.729372078611111e-12,2.7783867e-12,484883.37847962964,1080
2024-10-11 15:00:00+00:00,GRACE-FO,2.1181946874074072e-12,1.91814865e-12,484821.9449296296,1080
2024-10-11 18:00:00+00:00,GRACE-FO,1.6701562493425926e-12,1.46667895e-12,485122.85767407407,1080
2024-10-11 21:00:00+00:00,GRACE-FO,1.5354057669166667e-12,1.27409445e-12,485604.7124722222,1080
2024-10-12 00:00:00+00:00,GRACE-FO,1.4660705155185185e-12,1.1621959e-12,485695.26374814817,1080
2024-10-12 03:00:00+00:00,GRACE-FO,1.3958717398425926e-12,1.1699574e-12,485183.79050277773,1080
2024-10-12 06:00:00+00:00,GRACE-FO,1.3755537460555554e-12,1.0705388500000001e-12,484507.16928425926,1080
2024-10-12 09:00:00+00:00,GRACE-FO,1.4567926209907406e-12,1.4278456000000001e-12,484250.2932972222,1080
2024-10-12 12:00:00+00:00,GRACE-FO,1.5537984469074074e-12,1.4106266e-12,484403.29223055555,1080
2024-10-12 15:00:00+00:00,GRACE-FO,1.5636186830185184e-12,1.3435598e-12,484730.8645842592,1080
2024-10-12 18:00:00+00:00,GRACE-FO,1.5728500374722223e-12,1.3147528499999999e-12,484951.6337379629,1080
2024-10-12 21:00:00+00:00,GRACE-FO,1.5457443929722222e-12,1.27520565e-12,484892.85038333334,1080
2024-10-13 00:00:00+00:00,GRACE-FO,1.49439195975e-12,1.1494301e-12,484738.6252333333,1080
2024-10-13 03:00:00+00:00,GRACE-FO,1.3927558425092592e-12,1.07083085e-12,484860.45554444444,1080
2024-10-13 06:00:00+00:00,GRACE-FO,1.338220683361111e-12,9.9324131e-13,485290.58540277777,1080
2024-10-13 09:00:00+00:00,GRACE-FO,1.3167986360833335e-12,1.0350242000000002e-12,485629.81362499995,1080
2024-10-13 12:00:00+00:00,GRACE-FO,1.375079406787037e-12,1.0994878000000001e-12,485443.06720092596,1080
2024-10-13 15:00:00+00:00,GRACE-FO,1.3786827413055556e-12,1.0769459499999999e-12,484768.19478703703,1080
2024-10-13 18:00:00+00:00,GRACE-FO,1.3920042097037038e-12,1.1089118999999999e-12,484207.099912963,1080
2024-10-13 21:00:00+00:00,GRACE-FO,1.4121564784814813e-12,1.171481e-12,484269.5418666667,1080
2024-10-14 00:00:00+00:00,GRACE-FO,1.4421364033055556e-12,1.16022305e-12,484600.5148601852,1080
2024-10-14 03:00:00+00:00,GRACE-FO,1.4290941164444443e-12,1.17677755e-12,484868.1832518519,1080
2024-10-14 06:00:00+00:00,GRACE-FO,1.419718668e-12,1.10918025e-12,484857.54850185185,1080
2024-10-14 09:00:00+00:00,GRACE-FO,1.4119876645185186e-12,1.1119218999999999e-12,484715.23332962964,1080
2024-10-14 12:00:00+00:00,GRACE-FO,1.4247285034444446e-12,1.2023937999999999e-12,484687.7988453704,1080
2024-10-14 15:00:00+00:00,GRACE-FO,1.4115027668981482e-12,1.05093925e-12,485009.278512037,1080
2024-10-14 18:00:00+00:00,GRACE-FO,1.3881389349074075e-12,1.1336393e-12,485410.08673611115,1080
2024-10-14 21:00:00+00:00,GRACE-FO,1.434462431277778e-12,1.1892416e-12,485532.9160240741,1080
2024-10-15 00:00:00+00:00,GRACE-FO,1.5097969079444445e-12,1.1234539e-12,485052.86997962964,1080
2024-10-15 03:00:00+00:00,GRACE-FO,1.591069931574074e-12,1.1713343500000001e-12,484371.74703240744,1080
2024-10-15 06:00:00+00:00,GRACE-FO,1.6660697226203702e-12,1.58610545e-12,484094.8491888889,1080
2024-10-15 09:00:00+00:00,GRACE-FO,1.6692664801666666e-12,1.29796785e-12,484426.5602564815,1080
2024-10-15 12:00:00+00:00,GRACE-FO,1.687959621962963e-12,1.43776605e-12,484766.7091712963,1080
2024-10-15 15:00:00+00:00,GRACE-FO,1.7348361330185187e-12,1.72018125e-12,484842.40695462964,1080
2024-10-15 18:00:00+00:00,GRACE-FO,1.674035440462963e-12,1.3080612499999999e-12,484682.0020981481,1080
2024-10-15 21:00:00+00:00,GRACE-FO,1.6249466160648147e-12,1.43137235e-12,484569.2809462963,1080
2024-10-16 00:00:00+00:00,GRACE-FO,1.5966186851481482e-12,1.3225921e-12,484747.9186175926,1080
2024-10-16 03:00:00+00:00,GRACE-FO,1.5097301541481482e-12,1.1440887e-12,485150.24151481484,1080
2024-10-16 06:00:00+00:00,GRACE-FO,1.5148007772962962e-12,1.1872605e-12,485407.82327407406,1080
2024-10-16 09:00:00+00:00,GRACE-FO,1.6100757219629629e-12,1.34885895e-12,485229.50031111116,1080
2024-10-16 12:00:00+00:00,GRACE-FO,1.6704926482962963e-12,1.5028221e-12,484640.9120351852,1080
2024-10-16 15:00:00+00:00,GRACE-FO,1.7402207019166666e-12,1.70188765e-12,484121.82769444445,1080
2024-10-16 18:00:00+00:00,GRACE-FO,1.778568011240741e-12,1.49543555e-12,484141.4400064815,1080
2024-10-16 21:00:00+00:00,GRACE-FO,1.7379638879814817e-12,1.46969215e-12,484600.03833796293,1080
2024-10-17 00:00:00+00:00,GRACE-FO,1.6902542672222223e-12,1.4212922e-12,484843.07796203706,1080
2024-10-17 03:00:00+00:00,GRACE-FO,1.6231393015277776e-12,1.3861733999999999e-12,484713.54668425926,1080
2024-10-17 06:00:00+00:00,GRACE-FO,1.5843841917592594e-12,1.2257491e-12,484482.6543351852,1080
2024-10-17 09:00:00+00:00,GRACE-FO,1.5849116889814814e-12,1.3021755999999999e-12,484521.80288425926,1080
2024-10-17 12:00:00+00:00,GRACE-FO,1.515185742898148e-12,1.23906805e-12,484890.00509444444,1080
2024-10-17 15:00:00+00:00,GRACE-FO,1.4616466400092593e-12,1.1619746e-12,485265.4392537037,1080
2024-10-17 18:00:00+00:00,GRACE-FO,1.4550068632037038e-12,1.21894535e-12,485242.87852129625,1080
2024-10-17 21:00:00+00:00,GRACE-FO,1.5082439012499998e-12,1.2413019499999999e-12,484872.757987037,1080
2024-10-18 00:00:00+00:00,GRACE-FO,1.5939469329999999e-12,1.2045169e-12,484280.64988796297,1080
2024-10-18 03:00:00+00:00,GRACE-FO,1.6203197406203704e-12,1.3316804e-12,484040.4819824074,1080
2024-10-18 06:00:00+00:00,GRACE-FO,1.571947889425926e-12,1.2249418e-12,484313.05405277776,1080
2024-10-18 09:00:00+00:00,GRACE-FO,1.5812968151481482e-12,1.2520907e-12,484776.73537222226,1080
2024-10-18 12:00:00+00:00,GRACE-FO,1.6726528932407407e-12,1.4930847e-12,484772.5390981482,1080
2024-10-18 15:00:00+00:00,GRACE-FO,1.8337697834814815e-12,1.7718206e-12,484498.5850444444,1080
2024-10-18 18:00:00+00:00,GRACE-FO,1.7961295965740739e-12,1.3979373e-12,484358.23515,1080
2024-10-18 21:00:00+00:00,GRACE-FO,1.7928418073055555e-12,1.5935501e-12,484618.4689953704,1080
2024-10-19 00:00:00+00:00,GRACE-FO,1.7656740074537039e-12,1.49345755e-12,485038.5279712963,1080
2024-10-19 03:00:00+00:00,GRACE-FO,1.8072679413981483e-12,1.4932102e-12,485211.0816787037,1080
2024-10-19 06:00:00+00:00,GRACE-FO,1.8055637115092591e-12,1.47025815e-12,484939.64385925926,1080
2024-10-19 09:00:00+00:00,GRACE-FO,1.7420573651296296e-12,1.36406385e-12,484467.8006481481,1080
2024-10-19 12:00:00+00:00,GRACE-FO,1.7070340499351852e-12,1.4756475499999999e-12,484076.2626787037,1080
2024-10-19 15:00:00+00:00,GRACE-FO,1.7009887004999998e-12,1.4985807499999999e-12,484110.18412222224,1080
2024-10-19 18:00:00+00:00,GRACE-FO,1.7508028567592593e-12,1.5984667499999999e-12,484502.537737037,1080
2024-10-19 21:00:00+00:00,GRACE-FO,1.7949999515185183e-12,1.4491288e-12,484780.5027490741,1080
2024-10-20 00:00:00+00:00,GRACE-FO,1.755838550398148e-12,1.449238e-12,484603.1106083334,1080
2024-10-20 03:00:00+00:00,GRACE-FO,1.6378427818703705e-12,1.3255242e-12,484298.02177685185,1080
2024-10-20 06:00:00+00:00,GRACE-FO,1.5377568555e-12,1.14068285e-12,484322.4130324074,1080
2024-10-20 09:00:00+00:00,GRACE-FO,1.5033526355185185e-12,1.1173764e-12,484731.18718425924,1080
2024-10-20 12:00:00+00:00,GRACE-FO,1.4437197232777777e-12,1.1516675499999999e-12,485123.190887037,1080
2024-10-20 15:00:00+00:00,GRACE-FO,1.3690566773703704e-12,1.08713585e-12,485046.0569796296,1080
2024-10-20 18:00:00+00:00,GRACE-FO,1.4174497573888888e-12,1.0659351499999998e-12,484549.1445,1080
2024-10-20 21:00:00+00:00,GRACE-FO,1.4634593283425925e-12,1.0174531e-12,484171.33681481483,1080
2024-10-21 00:00:00+00:00,GRACE-FO,1.5172763838055554e-12,1.13395945e-12,484032.135625,1080
2024-10-21 03:00:00+00:00,GRACE-FO,1.5154011835462963e-12,1.1937631000000001e-12,484292.73897314817,1080
2024-10-21 06:00:00+00:00,GRACE-FO,1.5199935977685185e-12,1.23912405e-12,484634.64561666665,1080
2024-10-21 09:00:00+00:00,GRACE-FO,1.5788656959074073e-12,1.2416667e-12,484704.0450287037,1080
2024-10-21 12:00:00+00:00,GRACE-FO,1.5916364327962962e-12,1.21899595e-12,484364.9255157407,1080
2024-10-21 15:00:00+00:00,GRACE-FO,1.5557764179444444e-12,1.2305852e-12,484179.0208574074,1080
2024-10-21 18:00:00+00:00,GRACE-FO,1.5484623690185185e-12,1.14439495e-12,484411.3733981481,1080
2024-10-21 21:00:00+00:00,GRACE-FO,1.4956689098888889e-12,1.18947315e-12,484912.7533944445,1080
2024-10-22 00:00:00+00:00,GRACE-FO,1.509402985564815e-12,1.1370505e-12,485064.71416574076,1080
2024-10-22 03:00:00+00:00,GRACE-FO,1.5154915173148149e-12,1.218567e-12,484718.40969444445,1080
2024-10-22 06:00:00+00:00,GRACE-FO,1.6115756883333334e-12,1.2508382500000002e-12,484205.52697592595,1080
2024-10-22 09:00:00+00:00,GRACE-FO,1.7340887700833334e-12,1.3885255e-12,484025.70077870373,1080
2024-10-22 12:00:00+00:00,GRACE-FO,1.9074615427037037e-12,1.6301889000000001e-12,484142.77663703705,1080
2024-10-22 15:00:00+00:00,GRACE-FO,1.990515462777778e-12,1.75894605e-12,484462.19474351854,1080
2024-10-22 18:00:00+00:00,GRACE-FO,2.0218483937777776e-12,1.6196084e-12,484659.2666796296,1080
2024-10-22 21:00:00+00:00,GRACE-FO,1.991245637861111e-12,1.5951054999999999e-12,484495.3326814815,1080
2024-10-23 00:00:00+00:00,GRACE-FO,1.894421754472222e-12,1.59674505e-12,484175.8482787037,1080
2024-10-23 03:00:00+00:00,GRACE-FO,1.7787028165925927e-12,1.4510316499999999e-12,484153.8756555556,1080
2024-10-23 06:00:00+00:00,GRACE-FO,1.7108256899814815e-12,1.27816465e-12,484538.3124324074,1080
2024-10-23 09:00:00+00:00,GRACE-FO,1.7111446641111111e-12,1.31259955e-12,484940.09283518523,1080
2024-10-23 12:00:00+00:00,GRACE-FO,1.7510971363888889e-12,1.41915055e-12,484873.2136361111,1080
2024-10-23 15:00:00+00:00,GRACE-FO,1.7162858338148148e-12,1.324182e-12,484352.8596212963,1080
2024-10-23 18:00:00+00:00,GRACE-FO,1.786136052388889e-12,1.44317595e-12,483909.3154138889,1080
2024-10-23 21:00:00+00:00,GRACE-FO,1.8075381541296297e-12,1.4684924000000001e-12,484004.9034712963,1080
2024-10-24 00:00:00+00:00,GRACE-FO,1.835319071601852e-12,1.5804999e-12,484311.50348703703,1080
2024-10-24 03:00:00+00:00,GRACE-FO,1.892877252333333e-12,1.5382833e-12,484573.15739166667,1080
2024-10-24 06:00:00+00:00,GRACE-FO,2.04295714975e-12,1.6249245500000001e-12,484514.75544074073,1080
2024-10-24 09:00:00+00:00,GRACE-FO,2.0157708722685185e-12,1.66369125e-12,484243.5125925926,1080
2024-10-24 12:00:00+00:00,GRACE-FO,1.9730508698333334e-12,1.6370223e-12,484035.38971203705,1080
2024-10-24 15:00:00+00:00,GRACE-FO,1.9070358764166667e-12,1.4691510499999999e-12,484237.5048361111,1080
2024-10-24 18:00:00+00:00,GRACE-FO,1.839784148e-12,1.49657465e-12,484645.7176472222,1080
2024-10-24 21:00:00+00:00,GRACE-FO,1.8005268895185184e-12,1.43983795e-12,484888.30831666663,1080
2024-10-25 00:00:00+00:00,GRACE-FO,1.7923374075740742e-12,1.33395205e-12,484533.6131861111,1080
2024-10-25 03:00:00+00:00,GRACE-FO,1.7627346596944447e-12,1.3136417e-12,483990.4643407407,1080
2024-10-25 06:00:00+00:00,GRACE-FO,1.7902021776944445e-12,1.2627223499999998e-12,483800.8254962963,1080
2024-10-25 09:00:00+00:00,GRACE-FO,1.8204723929166666e-12,1.43770585e-12,484138.39609444444,1080
2024-10-25 12:00:00+00:00,GRACE-FO,1.8482502352777777e-12,1.4951284999999999e-12,484454.44331203704,1080
2024-10-25 15:00:00+00:00,GRACE-FO,1.815239570777778e-12,1.5138417000000001e-12,484528.39461944444,1080
2024-10-25 18:00:00+00:00,GRACE-FO,1.831520051259259e-12,1.51298055e-12,484310.7018555556,1080
2024-10-25 21:00:00+00:00,GRACE-FO,1.8610942810648145e-12,1.53250335e-12,484037.7119944444,1080
2024-10-26 00:00:00+00:00,GRACE-FO,1.8791746245555554e-12,1.4141291e-12,484020.02573703707,1080
2024-10-26 03:00:00+00:00,GRACE-FO,1.8186743100925926e-12,1.37162125e-12,484339.45711296296,1080
2024-10-26 06:00:00+00:00,GRACE-FO,1.8841990005000002e-12,1.5134643e-12,484682.9662037037,1080
2024-10-26 09:00:00+00:00,GRACE-FO,2.018851232925926e-12,1.5552565e-12,484661.75247685186,1080
2024-10-26 12:00:00+00:00,GRACE-FO,2.120743696361111e-12,1.7992449e-12,484190.036725,1080
2024-10-26 15:00:00+00:00,GRACE-FO,2.269339455925926e-12,2.2001091000000003e-12,483750.80629074073,1080
2024-10-26 18:00:00+00:00,GRACE-FO,2.5373242326111113e-12,2.56067125e-12,483821.4635787037,1080
2024-10-26 21:00:00+00:00,GRACE-FO,2.711224296388889e-12,2.2274176999999997e-12,484291.92617407406,1080
2024-10-27 00:00:00+00:00,GRACE-FO,2.8096868346296297e-12,2.3875195e-12,484536.94470555556,1080
2024-10-27 03:00:00+00:00,GRACE-FO,2.6262669885185184e-12,2.25014125e-12,484381.78619722225,1080
2024-10-27 06:00:00+00:00,GRACE-FO,2.502981084074074e-12,2.1081036e-12,484025.96993703704,1080
2024-10-27 09:00:00+00:00,GRACE-FO,2.418742670277778e-12,2.14033e-12,483874.40324814816,1080
2024-10-27 12:00:00+00:00,GRACE-FO,2.4041622325e-12,2.02100985e-12,484066.4582935185,1080
2024-10-27 15:00:00+00:00,GRACE-FO,2.4391809983333335e-12,2.21045515e-12,484425.76232037036,1080
2024-10-27 18:00:00+00:00,GRACE-FO,2.39635182825e-12,1.9176177e-12,484535.7387962963,1080
2024-10-27 21:00:00+00:00,GRACE-FO,2.3605083470370373e-12,1.87899605e-12,484329.36861481477,1080
2024-10-28 00:00:00+00:00,GRACE-FO,2.346141803148148e-12,1.8373221e-12,483816.7331351852,1080
2024-10-28 03:00:00+00:00,GRACE-FO,2.3652640080555556e-12,2.00403535e-12,483619.26354537037,1080
2024-10-28 06:00:00+00:00,GRACE-FO,2.5876433353703706e-12,2.3640476e-12,483932.1543222222,1080
2024-10-28 09:00:00+00:00,GRACE-FO,2.6554902485185185e-12,2.30237075e-12,484425.8132222222,1080
2024-10-28 12:00:00+00:00,GRACE-FO,2.6052329984259257e-12,2.37926295e-12,484435.15568981477,1080
2024-10-28 15:00:00+00:00,GRACE-FO,2.555707107314815e-12,2.2572952999999998e-12,484105.0298120371,1080
2024-10-28 18:00:00+00:00,GRACE-FO,2.5521084714814815e-12,1.981338e-12,483795.4744277778,1080
2024-10-28 21:00:00+00:00,GRACE-FO,2.530465437222222e-12,2.0185558e-12,483840.82570648147,1080
2024-10-29 00:00:00+00:00,GRACE-FO,2.4929706322222226e-12,2.0292950500000002e-12,484139.4972925926,1080
2024-10-29 03:00:00+00:00,GRACE-FO,2.3661479234259258e-12,1.8916400000000002e-12,484387.52421296295,1080
2024-10-29 06:00:00+00:00,GRACE-FO,2.358940854351852e-12,2.07981355e-12,484305.12661944446,1080
2024-10-29 09:00:00+00:00,GRACE-FO,2.3666213651666666e-12,1.9142145e-12,483953.81419351854,1080
2024-10-29 12:00:00+00:00,GRACE-FO,2.356941761388889e-12,1.82002505e-12,483583.9937472222,1080
2024-10-29 15:00:00+00:00,GRACE-FO,2.4267421771296297e-12,2.0238880000000002e-12,483639.27697592595,1080
2024-10-29 18:00:00+00:00,GRACE-FO,2.5856696754629627e-12,2.40538125e-12,484104.49107037036,1080
2024-10-29 21:00:00+00:00,GRACE-FO,2.5891711417592594e-12,2.2189014499999998e-12,484442.6791129629,1080
2024-10-30 00:00:00+00:00,GRACE-FO,2.6908412920370374e-12,2.2627050999999998e-12,484255.6679787037,1080
2024-10-30 03:00:00+00:00,GRACE-FO,2.5966275910185184e-12,2.1837003000000002e-12,483824.0452935185,1080
2024-10-30 06:00:00+00:00,GRACE-FO,2.5833502632407407e-12,2.1331297999999997e-12,483635.1462175926,1080
2024-10-30 09:00:00+00:00,GRACE-FO,2.6435792251851853e-12,2.0982732000000003e-12,483858.6766703704,1080
2024-10-30 12:00:00+00:00,GRACE-FO,2.5702414463888887e-12,2.1647389e-12,484206.662887963,1080
2024-10-30 15:00:00+00:00,GRACE-FO,2.5666210749074075e-12,2.22244945e-12,484260.33380555554,1080
2024-10-30 18:00:00+00:00,GRACE-FO,2.532767826388889e-12,1.99759105e-12,483945.3945287037,1080
2024-10-30 21:00:00+00:00,GRACE-FO,2.6052433469444443e-12,1.9627801500000003e-12,483632.0071907407,1080
2024-10-31 00:00:00+00:00,GRACE-FO,2.666384885462963e-12,2.0455195999999997e-12,483474.8677388889,1080
2024-10-31 03:00:00+00:00,GRACE-FO,2.6071255289814815e-12,2.0838197999999998e-12,483767.5174768519,1080
2024-10-31 06:00:00+00:00,GRACE-FO,2.574959400740741e-12,2.2369843e-12,484214.0045138889,1080
2024-10-31 09:00:00+00:00,GRACE-FO,2.580850819722222e-12,2.1792144e-12,484354.2644787037,1080
2024-10-31 12:00:00+00:00,GRACE-FO,2.605067241296296e-12,2.16665385e-12,483952.0943675926,1080
2024-10-31 15:00:00+00:00,GRACE-FO,2.5690154248148146e-12,2.3163148e-12,483571.61332685186,1080
2024-10-31 18:00:00+00:00,GRACE-FO,2.5806667274074073e-12,2.09379035e-12,483568.6602083333,1080
2024-10-31 21:00:00+00:00,GRACE-FO,2.7116404520370367e-12,2.2703876e-12,483936.51687592594,1080
2024-11-01 00:00:00+00:00,GRACE-FO,2.725756085185185e-12,2.1947440000000003e-12,484143.31390277774,1080
2024-11-01 03:00:00+00:00,GRACE-FO,2.7637635631481485e-12,2.30547235e-12,483970.5076092593,1080
2024-11-01 06:00:00+00:00,GRACE-FO,2.6465078749999998e-12,2.13532655e-12,483593.6407231481,1080
2024-11-01 09:00:00+00:00,GRACE-FO,2.680184237685185e-12,2.18937255e-12,483408.19254907407,1080
2024-11-01 12:00:00+00:00,GRACE-FO,2.819532770740741e-12,2.29756455e-12,483502.29639259254,1080
2024-11-01 15:00:00+00:00,GRACE-FO,2.6781600587962964e-12,2.175795e-12,483907.81701574073,1080
2024-11-01 18:00:00+00:00,GRACE-FO,2.659371616111111e-12,2.18779695e-12,484250.69878703705,1080
2024-11-01 21:00:00+00:00,GRACE-FO,2.5591120810185185e-12,1.9556722e-12,484125.70022222225,1080
2024-11-02 00:00:00+00:00,GRACE-FO,2.557594116851852e-12,2.0082091e-12,483665.76773333334,1080
2024-11-02 03:00:00+00:00,GRACE-FO,2.4973372799074073e-12,2.0647562e-12,483401.65634629625,1080
2024-11-02 06:00:00+00:00,GRACE-FO,2.5026912137037037e-12,2.0109691e-12,483591.02475370374,1080
2024-11-02 09:00:00+00:00,GRACE-FO,2.7250021787037035e-12,2.2499151499999998e-12,483954.13866759255,1080
2024-11-02 12:00:00+00:00,GRACE-FO,2.9594101183333333e-12,2.4216188499999997e-12,484006.2961842593,1080
2024-11-02 15:00:00+00:00,GRACE-FO,2.990495180185185e-12,2.60825225e-12,483640.8233472222,1080
2024-11-02 18:00:00+00:00,GRACE-FO,3.029425675092593e-12,2.50394505e-12,483280.3788740741,1080
2024-11-02 21:00:00+00:00,GRACE-FO,3.1859840916666667e-12,2.8142217e-12,483317.33363055554,1080
2024-11-03 00:00:00+00:00,GRACE-FO,3.152888715e-12,2.55166905e-12,483626.2840148148,1080
2024-11-03 03:00:00+00:00,GRACE-FO,2.964134696111111e-12,2.4925195999999997e-12,484033.0176740741,1080
2024-11-03 06:00:00+00:00,GRACE-FO,2.732649703703704e-12,2.25488625e-12,484142.46938148147,1080
2024-11-03 09:00:00+00:00,GRACE-FO,2.6966496750925926e-12,2.3009677e-12,483834.12329629634,1080
2024-11-03 12:00:00+00:00,GRACE-FO,2.6396068874074076e-12,2.1994821500000003e-12,483394.63467407407,1080
2024-11-03 15:00:00+00:00,GRACE-FO,2.5074075337962963e-12,1.94626425e-12,483329.36566388886,1080
2024-11-03 18:00:00+00:00,GRACE-FO,2.5414310437037037e-12,2.1369363e-12,483621.52760370367,1080
2024-11-03 21:00:00+00:00,GRACE-FO,2.6150265403703705e-12,2.0783202499999997e-12,483914.27667592594,1080
2024-11-04 00:00:00+00:00,GRACE-FO,2.667922866666667e-12,2.07187405e-12,483707.43892870366,1080
2024-11-04 03:00:00+00:00,GRACE-FO,2.786284351481481e-12,2.1446798e-12,483258.928487963,1080
2024-11-04 06:00:00+00:00,GRACE-FO,2.687596900462963e-12,2.1280581500000003e-12,483076.7727157407,1080
2024-11-04 09:00:00+00:00,GRACE-FO,2.680716772685185e-12,2.24189e-12,483365.3521407407,1080
2024-11-04 12:00:00+00:00,GRACE-FO,2.6030894697222222e-12,2.12787535e-12,483763.9232361111,1080
2024-11-04 15:00:00+00:00,GRACE-FO,2.5874888510185187e-12,2.0927110999999997e-12,484036.960525,1080
2024-11-04 18:00:00+00:00,GRACE-FO,2.5384990400000003e-12,1.9886670499999998e-12,483937.663487037,1080
2024-11-04 21:00:00+00:00,GRACE-FO,2.514356317037037e-12,2.15106595e-12,483530.4788907408,1080
2024-11-05 00:00:00+00:00,GRACE-FO,2.514068782777778e-12,2.0116514e-12,483221.3270953704,1080
2024-11-05 03:00:00+00:00,GRACE-FO,2.3922145946296294e-12,1.7952003e-12,483317.22434537037,1080
2024-11-05 06:00:00+00:00,GRACE-FO,2.3289048533333334e-12,1.8073489500000002e-12,483638.8980351852,1080
2024-11-05 09:00:00+00:00,GRACE-FO,2.315828272685185e-12,1.8190782e-12,483746.7580907407,1080
2024-11-05 12:00:00+00:00,GRACE-FO,2.3800264609259257e-12,1.9332573e-12,483391.7730638889,1080
2024-11-05 15:00:00+00:00,GRACE-FO,2.4558319363888888e-12,2.0533899e-12,482971.0131351852,1080
2024-11-05 18:00:00+00:00,GRACE-FO,2.576022126203704e-12,2.051589e-12,483016.12149074074,1080
2024-11-05 21:00:00+00:00,GRACE-FO,2.6800713950925926e-12,2.3219699e-12,483486.9779305556,1080
2024-11-06 00:00:00+00:00,GRACE-FO,2.720508540648148e-12,2.36238725e-12,483898.5460037037,1080
2024-11-06 03:00:00+00:00,GRACE-FO,2.661331584074074e-12,2.3172929500000002e-12,483966.30446759256,1080
2024-11-06 06:00:00+00:00,GRACE-FO,2.601905708148148e-12,2.07591795e-12,483660.7742787037,1080
2024-11-06 09:00:00+00:00,GRACE-FO,2.604853568425926e-12,2.1386305e-12,483264.9878101852,1080
2024-11-06 12:00:00+00:00,GRACE-FO,2.5476920806481484e-12,2.0600566e-12,483146.82166481484,1080
2024-11-06 15:00:00+00:00,GRACE-FO,2.412540126666667e-12,1.8831457e-12,483362.2516759259,1080
2024-11-06 18:00:00+00:00,GRACE-FO,2.3264035507407405e-12,1.93793365e-12,483590.43724259257,1080
2024-11-06 21:00:00+00:00,GRACE-FO,2.2713065587962964e-12,1.6959306e-12,483505.11873796297,1080
2024-11-07 00:00:00+00:00,GRACE-FO,2.278049598425926e-12,1.6791335e-12,483031.7045759259,1080
2024-11-07 03:00:00+00:00,GRACE-FO,2.2879808324074074e-12,1.71467495e-12,482776.0053101852,1080
2024-11-07 06:00:00+00:00,GRACE-FO,2.260045073611111e-12,1.77053125e-12,483089.9984138889,1080
2024-11-07 09:00:00+00:00,GRACE-FO,2.260714800555556e-12,1.8181834999999998e-12,483669.62833796296,1080
2024-11-07 12:00:00+00:00,GRACE-FO,2.2468583605555555e-12,1.8907545e-12,483922.3044888889,1080
2024-11-07 15:00:00+00:00,GRACE-FO,2.289368272314815e-12,1.9184883499999997e-12,483766.9147055556,1080
2024-11-07 18:00:00+00:00,GRACE-FO,2.4108096955555555e-12,2.09233345e-12,483382.80878055556,1080
2024-11-07 21:00:00+00:00,GRACE-FO,2.479020606759259e-12,2.10804875e-12,483105.17576759256,1080
2024-11-08 00:00:00+00:00,GRACE-FO,2.4330799873148145e-12,1.9467583e-12,483135.34328888886,1080
2024-11-08 03:00:00+00:00,GRACE-FO,2.2281838819444443e-12,1.7669843499999999e-12,483354.3758231481,1080
2024-11-08 06:00:00+00:00,GRACE-FO,2.1029763174074076e-12,1.68447695e-12,483439.51621666667,1080
2024-11-08 09:00:00+00:00,GRACE-FO,2.070580023611111e-12,1.6261735500000002e-12,483186.02332407405,1080
2024-11-08 12:00:00+00:00,GRACE-FO,2.1198931206481482e-12,1.8818997999999998e-12,482758.43103425927,1080
2024-11-08 15:00:00+00:00,GRACE-FO,2.234763937962963e-12,2.1860007e-12,482715.75268425926,1080
2024-11-08 18:00:00+00:00,GRACE-FO,2.4827513489814814e-12,2.42065095e-12,483237.42491574073,1080
2024-11-08 21:00:00+00:00,GRACE-FO,2.6099827629907408e-12,2.23445705e-12,483791.3416138889,1080
2024-11-09 00:00:00+00:00,GRACE-FO,2.8351701914814816e-12,2.5220108499999998e-12,483863.6697138889,1080
2024-11-09 03:00:00+00:00,GRACE-FO,2.8604551662037038e-12,2.5250831e-12,483509.2155305556,1080
2024-11-09 06:00:00+00:00,GRACE-FO,2.9155427186111113e-12,2.64238395e-12,483113.42839444446,1080
2024-11-09 09:00:00+00:00,GRACE-FO,2.8667298578703704e-12,2.5913697e-12,482998.26638333336,1080
2024-11-09 12:00:00+00:00,GRACE-FO,2.8063321785185184e-12,2.4930422e-12,483166.8710166667,1080
2024-11-09 15:00:00+00:00,GRACE-FO,2.823952101111111e-12,2.6035213999999998e-12,483303.3456111111,1080
2024-11-09 18:00:00+00:00,GRACE-FO,2.6688270937037035e-12,2.3532789e-12,483189.7190481482,1080
2024-11-09 21:00:00+00:00,GRACE-FO,2.4562580180555554e-12,2.0632501e-12,482847.84863425925,1080
2024-11-10 00:00:00+00:00,GRACE-FO,2.3423870721296296e-12,1.92082875e-12,482552.3917925926,1080
2024-11-10 03:00:00+00:00,GRACE-FO,2.290943407925926e-12,1.8786085499999998e-12,482778.4236574074,1080
2024-11-10 06:00:00+00:00,GRACE-FO,2.2525708194444442e-12,1.94960975e-12,483419.98459907406,1080
2024-11-10 09:00:00+00:00,GRACE-FO,2.2512074890925923e-12,1.95352855e-12,483834.3888509259,1080
2024-11-10 12:00:00+00:00,GRACE-FO,2.2521413803240742e-12,1.9604401e-12,483661.1824583333,1080
2024-11-10 15:00:00+00:00,GRACE-FO,2.3625096326851852e-12,2.2122852499999997e-12,483220.60288611107,1080
2024-11-10 18:00:00+00:00,GRACE-FO,2.5406700426851852e-12,2.43931925e-12,482939.1879805555,1080
2024-11-10 21:00:00+00:00,GRACE-FO,2.337426671018518e-12,1.96914305e-12,482991.9235148148,1080
2024-11-11 00:00:00+00:00,GRACE-FO,2.0523963417592595e-12,1.7171874e-12,483149.54618055554,1080
2024-11-11 03:00:00+00:00,GRACE-FO,1.8420115250925927e-12,1.5000178499999999e-12,483132.1848305555,1080
2024-11-11 06:00:00+00:00,GRACE-FO,1.764356463148148e-12,1.3955189499999999e-12,482893.22325833334,1080
2024-11-11 09:00:00+00:00,GRACE-FO,1.8303578521296297e-12,1.4103395e-12,482581.5466935185,1080
2024-11-11 12:00:00+00:00,GRACE-FO,1.8367758124999998e-12,1.43713485e-12,482504.63321388885,1080
2024-11-11 15:00:00+00:00,GRACE-FO,1.8390931675277776e-12,1.48104245e-12,482925.90679722227,1080
2024-11-11 18:00:00+00:00,GRACE-FO,1.8164760912777776e-12,1.4596966e-12,483581.981175,1080
2024-11-11 21:00:00+00:00,GRACE-FO,1.758840699861111e-12,1.4513259e-12,483790.8722648148,1080
2024-11-12 00:00:00+00:00,GRACE-FO,1.7161452283425926e-12,1.39109515e-12,483441.0899611111,1080
2024-11-12 03:00:00+00:00,GRACE-FO,1.618823569074074e-12,1.21926595e-12,482976.27866666665,1080
2024-11-12 06:00:00+00:00,GRACE-FO,1.6131846901203703e-12,1.2907812999999998e-12,482839.4711851852,1080
2024-11-12 09:00:00+00:00,GRACE-FO,1.5206840531203703e-12,1.1099907e-12,483012.6102037037,1080
2024-11-12 12:00:00+00:00,GRACE-FO,1.4795100426574073e-12,1.1064527e-12,483128.1751527778,1080
2024-11-12 15:00:00+00:00,GRACE-FO,1.5228730220277778e-12,1.1971197e-12,482922.20050648146,1080
2024-11-12 18:00:00+00:00,GRACE-FO,1.528396265e-12,1.17088495e-12,482589.64437314816,1080
2024-11-12 21:00:00+00:00,GRACE-FO,1.5708300315555555e-12,1.23223415e-12,482410.18015185185,1080
2024-11-13 00:00:00+00:00,GRACE-FO,1.5918591940277778e-12,1.244895e-12,482585.16058333335,1080
2024-11-13 03:00:00+00:00,GRACE-FO,1.5706354936388889e-12,1.1936814999999999e-12,483156.3005101852,1080
2024-11-13 06:00:00+00:00,GRACE-FO,1.5181731548055556e-12,1.20660115e-12,483687.47385,1080
2024-11-13 09:00:00+00:00,GRACE-FO,1.4698298075092594e-12,1.16848745e-12,483654.6386972222,1080
2024-11-13 12:00:00+00:00,GRACE-FO,1.5307815131203704e-12,1.2805087e-12,483189.38543240743,1080
2024-11-13 15:00:00+00:00,GRACE-FO,1.5590516771851853e-12,1.1767196e-12,482825.2704231481,1080
2024-11-13 18:00:00+00:00,GRACE-FO,1.564569642037037e-12,1.21536885e-12,482851.88751666667,1080
2024-11-13 21:00:00+00:00,GRACE-FO,1.454832893111111e-12,1.1446557e-12,483053.9669935185,1080
2024-11-14 00:00:00+00:00,GRACE-FO,1.3601452017592591e-12,1.0259144500000002e-12,482998.5571555555,1080
2024-11-14 03:00:00+00:00,GRACE-FO,1.411997846398148e-12,1.1836527e-12,482648.9774314815,1080
2024-11-14 06:00:00+00:00,GRACE-FO,1.4011807902222223e-12,1.0822214999999999e-12,482364.17657222226,1080
2024-11-14 09:00:00+00:00,GRACE-FO,1.411828420361111e-12,1.09260235e-12,482385.49124166666,1080
2024-11-14 12:00:00+00:00,GRACE-FO,1.4856861681296296e-12,1.3241129999999998e-12,482768.0319055556,1080
2024-11-14 15:00:00+00:00,GRACE-FO,1.5794035735277778e-12,1.4353708999999999e-12,483356.27349074074,1080
2024-11-14 18:00:00+00:00,GRACE-FO,1.7402110222222222e-12,1.6258576e-12,483708.56957962963,1080
2024-11-14 21:00:00+00:00,GRACE-FO,1.7584937505e-12,1.42731285e-12,483466.9291388889,1080
2024-11-15 00:00:00+00:00,GRACE-FO,1.6429220354444443e-12,1.3761036999999999e-12,482972.54562777776,1080
2024-11-15 03:00:00+00:00,GRACE-FO,1.6212981679722223e-12,1.3142096e-12,482731.23638055555,1080
2024-11-15 06:00:00+00:00,GRACE-FO,1.478758020925926e-12,1.1507205e-12,482874.68887870375,1080
2024-11-15 09:00:00+00:00,GRACE-FO,1.4556815175555554e-12,1.1792171999999999e-12,483030.28630462964,1080
2024-11-15 12:00:00+00:00,GRACE-FO,1.4540787265185185e-12,1.21556235e-12,482813.08284166665,1080
2024-11-15 15:00:00+00:00,GRACE-FO,1.5295036693518518e-12,1.3504571e-12,482351.89203796297,1080
2024-11-15 18:00:00+00:00,GRACE-FO,1.650180474787037e-12,1.38602025e-12,482194.77975555556,1080
2024-11-15 21:00:00+00:00,GRACE-FO,1.6690151619722221e-12,1.34320295e-12,482453.57695555553,1080
2024-11-16 00:00:00+00:00,GRACE-FO,1.644112961037037e-12,1.41214545e-12,482996.1156083333,1080
2024-11-16 03:00:00+00:00,GRACE-FO,1.5362295936574074e-12,1.20110765e-12,483494.5731527778,1080
2024-11-16 06:00:00+00:00,GRACE-FO,1.4800256234351851e-12,1.1877053000000001e-12,483601.99977314816,1080
2024-11-16 09:00:00+00:00,GRACE-FO,1.3815241836944445e-12,1.08998955e-12,483212.9526055556,1080
2024-11-16 12:00:00+00:00,GRACE-FO,1.3135052199907406e-12,1.0703559e-12,482798.7177212963,1080
2024-11-16 15:00:00+00:00,GRACE-FO,1.2108405244444444e-12,8.94224385e-13,482718.684125,1080
2024-11-16 18:00:00+00:00,GRACE-FO,1.160063160611111e-12,8.797888449999999e-13,482908.2781037037,1080
2024-11-16 21:00:00+00:00,GRACE-FO,1.1151090565277777e-12,8.3338132e-13,482925.2101416667,1080
2024-11-17 00:00:00+00:00,GRACE-FO,1.1083813114166666e-12,8.100504149999999e-13,482530.9387148148,1080
2024-11-17 03:00:00+00:00,GRACE-FO,1.1103250161481481e-12,8.24625775e-13,482109.13057870365,1080
2024-11-17 06:00:00+00:00,GRACE-FO,1.121900524138889e-12,8.0026394e-13,482158.76128888887,1080
2024-11-17 09:00:00+00:00,GRACE-FO,1.1641422004351852e-12,8.96307825e-13,482635.8426148148,1080
2024-11-17 12:00:00+00:00,GRACE-FO,1.2482453714907408e-12,1.02508585e-12,483211.73606851854,1080
2024-11-17 15:00:00+00:00,GRACE-FO,1.204591627111111e-12,9.4801239e-13,483551.98397777777,1080
2024-11-17 18:00:00+00:00,GRACE-FO,1.2722753965648147e-12,1.0682764e-12,483441.9714351852,1080
2024-11-17 21:00:00+00:00,GRACE-FO,1.291283557537037e-12,1.0693129e-12,483007.74978240737,1080
2024-11-18 00:00:00+00:00,GRACE-FO,1.2585997757037037e-12,1.00123176e-12,482707.9775194445,1080
2024-11-18 03:00:00+00:00,GRACE-FO,1.2276190256666666e-12,9.27918495e-13,482747.93232777773,1080
2024-11-18 06:00:00+00:00,GRACE-FO,1.1649289666018517e-12,9.362019249999999e-13,482902.2902259259,1080
2024-11-18 09:00:00+00:00,GRACE-FO,1.1607961435555555e-12,8.87451465e-13,482758.46203981485,1080
2024-11-18 12:00:00+00:00,GRACE-FO,1.172020804787037e-12,8.279482299999999e-13,482269.2168611111,1080
2024-11-18 15:00:00+00:00,GRACE-FO,1.2813235495740741e-12,9.568210349999998e-13,481932.519675,1080
2024-11-18 18:00:00+00:00,GRACE-FO,1.3660499357222222e-12,1.0703468e-12,482246.43573055556,1080
2024-11-18 21:00:00+00:00,GRACE-FO,1.4047275208981483e-12,1.1180543000000001e-12,482873.72781481483,1080
2024-11-19 00:00:00+00:00,GRACE-FO,1.3612223187870372e-12,1.0499152500000001e-12,483398.4207287037,1080
2024-11-19 03:00:00+00:00,GRACE-FO,1.3244376340462962e-12,1.0177438e-12,483500.1011814815,1080
2024-11-19 06:00:00+00:00,GRACE-FO,1.3502838216944445e-12,1.0272796999999999e-12,483227.75831574074,1080
2024-11-19 09:00:00+00:00,GRACE-FO,1.3826532776666668e-12,1.0120843e-12,482823.0272092592,1080
2024-11-19 12:00:00+00:00,GRACE-FO,1.465084057648148e-12,1.19303445e-12,482686.03812592593,1080
2024-11-19 15:00:00+00:00,GRACE-FO,1.5805035165462963e-12,1.2938245e-12,482770.5541703704,1080
2024-11-19 18:00:00+00:00,GRACE-FO,1.6332878335462964e-12,1.3570618500000001e-12,482816.9931111111,1080
2024-11-19 21:00:00+00:00,GRACE-FO,1.5681702091018519e-12,1.23767515e-12,482489.09328796295,1080
2024-11-20 00:00:00+00:00,GRACE-FO,1.521623217111111e-12,1.1435457e-12,481981.8429342593,1080
2024-11-20 03:00:00+00:00,GRACE-FO,1.522541436537037e-12,1.155161e-12,481868.381962963,1080
2024-11-20 06:00:00+00:00,GRACE-FO,1.4912546036388888e-12,1.18457575e-12,482410.59836296295,1080
2024-11-20 09:00:00+00:00,GRACE-FO,1.5916327277314814e-12,1.2103089e-12,483091.6529712963,1080
2024-11-20 12:00:00+00:00,GRACE-FO,1.5455491596944444e-12,1.2513987e-12,483450.63997037034,1080
2024-11-20 15:00:00+00:00,GRACE-FO,1.5570929211574074e-12,1.28086485e-12,483361.1871601852,1080
2024-11-20 18:00:00+00:00,GRACE-FO,1.5607085027592593e-12,1.23451255e-12,482998.8438611111,1080
2024-11-20 21:00:00+00:00,GRACE-FO,1.5363357566296295e-12,1.17186975e-12,482710.15391111106,1080
2024-11-21 00:00:00+00:00,GRACE-FO,1.4202915565555557e-12,1.0683019500000001e-12,482681.3301564815,1080
2024-11-21 03:00:00+00:00,GRACE-FO,1.3706255983518518e-12,1.0815264e-12,482752.0069907408,1080
2024-11-21 06:00:00+00:00,GRACE-FO,1.4101853642407408e-12,1.1950897000000001e-12,482630.7653824074,1080
2024-11-21 09:00:00+00:00,GRACE-FO,1.4331767279166668e-12,1.1696880500000001e-12,482203.243387037,1080
2024-11-21 12:00:00+00:00,GRACE-FO,1.4960357190462964e-12,1.2465711e-12,481792.0178592593,1080
2024-11-21 15:00:00+00:00,GRACE-FO,1.55940347775e-12,1.3732617e-12,481909.80535,1080
2024-11-21 18:00:00+00:00,GRACE-FO,1.6359802977222221e-12,1.39093505e-12,482636.31142407405,1080
2024-11-21 21:00:00+00:00,GRACE-FO,1.7367335086481483e-12,1.3985107499999999e-12,483272.1884277777,1080
2024-11-22 00:00:00+00:00,GRACE-FO,1.6846979613425927e-12,1.3667469e-12,483431.7932814815,1080
2024-11-22 03:00:00+00:00,GRACE-FO,1.6631990277685184e-12,1.3710645e-12,483153.63389907405,1080
2024-11-22 06:00:00+00:00,GRACE-FO,1.6092738539074074e-12,1.29972835e-12,482809.7606351852,1080
2024-11-22 09:00:00+00:00,GRACE-FO,1.5594355671574075e-12,1.2772582e-12,482656.3633574074,1080
2024-11-22 12:00:00+00:00,GRACE-FO,1.6177970055925927e-12,1.4193378999999999e-12,482704.6449490741,1080
2024-11-22 15:00:00+00:00,GRACE-FO,1.75935365375e-12,1.61314245e-12,482650.27791944443,1080
2024-11-22 18:00:00+00:00,GRACE-FO,1.880258316861111e-12,1.5420961499999999e-12,482392.3753666667,1080
2024-11-22 21:00:00+00:00,GRACE-FO,1.897891459916667e-12,1.49747555e-12,481905.98929259257,1080
2024-11-23 00:00:00+00:00,GRACE-FO,1.862776125185185e-12,1.4775000000000001e-12,481673.2522009259,1080
2024-11-23 03:00:00+00:00,GRACE-FO,1.7776509854166664e-12,1.4307853e-12,482051.6341916667,1080
2024-11-23 06:00:00+00:00,GRACE-FO,1.7321601750462963e-12,1.4700898500000002e-12,482874.4096490741,1080
2024-11-23 09:00:00+00:00,GRACE-FO,1.7010877321666666e-12,1.38069125e-12,483345.35223425925,1080
2024-11-23 12:00:00+00:00,GRACE-FO,1.7931660771296299e-12,1.73129475e-12,483287.8202685185,1080
2024-11-23 15:00:00+00:00,GRACE-FO,1.8208464685277776e-12,1.46583335e-12,482933.3051953704,1080
2024-11-23 18:00:00+00:00,GRACE-FO,1.8984384238148146e-12,1.5506745e-12,482668.8483388889,1080
2024-11-23 21:00:00+00:00,GRACE-FO,1.8546493187685185e-12,1.41478335e-12,482634.5145351852,1080
2024-11-24 00:00:00+00:00,GRACE-FO,1.7508117542685184e-12,1.4125783499999999e-12,482651.9819768519,1080
2024-11-24 03:00:00+00:00,GRACE-FO,1.7446319990740738e-12,1.4910785500000001e-12,482464.09755462967,1080
2024-11-24 06:00:00+00:00,GRACE-FO,1.7036864252685184e-12,1.34818355e-12,482071.17429166666,1080
2024-11-24 09:00:00+00:00,GRACE-FO,1.7305696703611111e-12,1.346176e-12,481672.30084537034,1080
2024-11-24 12:00:00+00:00,GRACE-FO,1.7308328301574073e-12,1.395662e-12,481672.87700833334,1080
2024-11-24 15:00:00+00:00,GRACE-FO,1.81991327387963e-12,1.5994472e-12,482258.40507222223,1080
2024-11-24 18:00:00+00:00,GRACE-FO,1.879304028462963e-12,1.5480832e-12,483045.5788759259,1080
2024-11-24 21:00:00+00:00,GRACE-FO,1.975063797314815e-12,1.57228155e-12,483340.38573240745,1080
2024-11-25 00:00:00+00:00,GRACE-FO,2.079577782259259e-12,1.65496635e-12,483101.99952222226,1080
2024-11-25 03:00:00+00:00,GRACE-FO,2.0620178666666668e-12,1.6860999999999999e-12,482727.7268407407,1080
2024-11-25 06:00:00+00:00,GRACE-FO,2.0388085950925926e-12,1.65558165e-12,482576.6347425926,1080
2024-11-25 09:00:00+00:00,GRACE-FO,1.907353229814815e-12,1.5691405999999999e-12,482632.46663981484,1080
2024-11-25 12:00:00+00:00,GRACE-FO,2.0143007075925923e-12,1.68604005e-12,482572.0839796296,1080
2024-11-25 15:00:00+00:00,GRACE-FO,2.0846738737592594e-12,1.7563574500000001e-12,482194.18470555556,1080
2024-11-25 18:00:00+00:00,GRACE-FO,2.1057498333333336e-12,1.6570471e-12,481783.4373824074,1080
2024-11-25 21:00:00+00:00,GRACE-FO,2.1213613200000003e-12,1.59342705e-12,481507.05912407406,1080
2024-11-26 00:00:00+00:00,GRACE-FO,2.074149138240741e-12,1.6267386e-12,481766.51908148144,1080
2024-11-26 03:00:00+00:00,GRACE-FO,2.0393166501851854e-12,1.6915836e-12,482479.4860027778,1080
2024-11-26 06:00:00+00:00,GRACE-FO,1.9119111907407405e-12,1.5820583e-12,483175.95345648145,1080
2024-11-26 09:00:00+00:00,GRACE-FO,1.8575747387962963e-12,1.4826752e-12,483215.2446481482,1080
2024-11-26 12:00:00+00:00,GRACE-FO,1.9110501175e-12,1.52884865e-12,482868.49868240743,1080
2024-11-26 15:00:00+00:00,GRACE-FO,1.8520845227685184e-12,1.5194649e-12,482568.3108638889,1080
2024-11-26 18:00:00+00:00,GRACE-FO,1.9216987356481485e-12,1.4345186999999999e-12,482561.6869259259,1080
2024-11-26 21:00:00+00:00,GRACE-FO,1.891537528185185e-12,1.43896865e-12,482592.7395166666,1080
2024-11-27 00:00:00+00:00,GRACE-FO,1.8639935604722225e-12,1.5143799e-12,482366.4111240741,1080
2024-11-27 03:00:00+00:00,GRACE-FO,1.8884960022222223e-12,1.57636915e-12,481881.1933398148,1080
2024-11-27 06:00:00+00:00,GRACE-FO,1.8646987539444443e-12,1.46916835e-12,481506.82653518516,1080
2024-11-27 09:00:00+00:00,GRACE-FO,1.883981825462963e-12,1.4501044e-12,481464.4124953704,1080
2024-11-27 12:00:00+00:00,GRACE-FO,1.945829803574074e-12,1.5640422e-12,481933.70619999996,1080
2024-11-27 15:00:00+00:00,GRACE-FO,1.937024581944444e-12,1.5890999500000001e-12,482686.85318333335,1080
2024-11-27 18:00:00+00:00,GRACE-FO,2.0336510986203703e-12,1.59592185e-12,483170.97924814816,1080
2024-11-27 21:00:00+00:00,GRACE-FO,2.1184442295185185e-12,1.6366917e-12,483049.62083240744,1080
2024-11-28 00:00:00+00:00,GRACE-FO,2.1064727550925928e-12,1.6898032000000002e-12,482662.05579537037,1080
2024-11-28 03:00:00+00:00,GRACE-FO,2.0823569580555556e-12,1.75346085e-12,482463.7403037037,1080
2024-11-28 06:00:00+00:00,GRACE-FO,1.986315488888889e-12,1.60127625e-12,482519.6770074074,1080
2024-11-28 09:00:00+00:00,GRACE-FO,1.927009284814815e-12,1.5860705999999999e-12,482513.73626574076,1080
2024-11-28 12:00:00+00:00,GRACE-FO,1.8806918589814814e-12,1.58114195e-12,482130.1936648148,1080
2024-11-28 15:00:00+00:00,GRACE-FO,1.892103785e-12,1.5695007000000001e-12,481547.5398787037,1080
2024-11-28 18:00:00+00:00,GRACE-FO,1.9868864455555555e-12,1.4924939e-12,481327.44416203705,1080
2024-11-28 21:00:00+00:00,GRACE-FO,2.0376729346759256e-12,1.58106255e-12,481513.0527425926,1080
2024-11-29 00:00:00+00:00,GRACE-FO,2.0679121830555552e-12,1.6069846e-12,482150.57512407406,1080
2024-11-29 03:00:00+00:00,GRACE-FO,2.041315268796296e-12,1.72965695e-12,482826.16040925926,1080
2024-11-29 06:00:00+00:00,GRACE-FO,2.0758825007592594e-12,1.8480233e-12,483114.30946296296,1080
2024-11-29 09:00:00+00:00,GRACE-FO,2.121610284907407e-12,1.9101896e-12,482822.80711203703,1080
2024-11-29 12:00:00+00:00,GRACE-FO,2.0436845775925927e-12,1.64580035e-12,482490.6564175926,1080
2024-11-29 15:00:00+00:00,GRACE-FO,1.9848298079629632e-12,1.5634806e-12,482413.2358759259,1080
2024-11-29 18:00:00+00:00,GRACE-FO,1.990952876759259e-12,1.6546353e-12,482527.639012963,1080
2024-11-29 21:00:00+00:00,GRACE-FO,2.0774794875925924e-12,1.6613354e-12,482339.27605370374,1080
2024-11-30 00:00:00+00:00,GRACE-FO,2.204879850462963e-12,1.7748054e-12,481794.17518055555,1080
2024-11-30 03:00:00+00:00,GRACE-FO,2.2511098364814814e-12,1.9243856e-12,481265.640687037,1080
2024-11-30 06:00:00+00:00,GRACE-FO,2.2132538626851854e-12,1.83281335e-12,481242.4103027778,1080
2024-11-30 09:00:00+00:00,GRACE-FO,2.064232507962963e-12,1.68507775e-12,481653.1627546296,1080
2024-11-30 12:00:00+00:00,GRACE-FO,2.003290699351852e-12,1.75112075e-12,482340.997087037,1080
2024-11-30 15:00:00+00:00,GRACE-FO,1.980170522685185e-12,1.61497355e-12,482893.852825,1080
2024-11-30 18:00:00+00:00,GRACE-FO,2.0227145788888893e-12,1.61295695e-12,482955.4285148148,1080
2024-11-30 21:00:00+00:00,GRACE-FO,2.0209092297222223e-12,1.69836865e-12,482627.27265925927,1080
2024-04-01 00:00:00+00:00,Swarm_A,1.0555161378333333e-12,9.6331239e-13,485025.72339166666,360
2024-04-01 03:00:00+00:00,Swarm_A,1.084109020861111e-12,1.02205995e-12,485190.0440805555,360
2024-04-01 06:00:00+00:00,Swarm_A,1.1507422881666667e-12,9.907165100000001e-13,484879.069175,360
2024-04-01 09:00:00+00:00,Swarm_A,1.0832396568055555e-12,9.1855355e-13,484222.69728888886,360
2024-04-01 12:00:00+00:00,Swarm_A,1.15668333725e-12,1.07213895e-12,483806.64029444446,360
2024-04-01 15:00:00+00:00,Swarm_A,1.0992678079166667e-12,9.6135334e-13,484063.0218138889,360
2024-04-01 18:00:00+00:00,Swarm_A,1.0148828981944445e-12,9.1834709e-13,484564.5930277778,360
2024-04-01 21:00:00+00:00,Swarm_A,1.0025675116666666e-12,9.495023100000001e-13,484976.1812,360
2024-04-02 00:00:00+00:00,Swarm_A,1.003377352888889e-12,9.2731391e-13,485029.1452861111,360
2024-04-02 03:00:00+00:00,Swarm_A,9.472483256944444e-13,8.2398088e-13,484839.5214555556,360
2024-04-02 06:00:00+00:00,Swarm_A,8.998724518888889e-13,7.6501156e-13,484693.75447777775,360
2024-04-02 09:00:00+00:00,Swarm_A,9.1253200225e-13,8.1812479e-13,484850.84943055554,360
2024-04-02 12:00:00+00:00,Swarm_A,9.189392455e-13,7.9020649e-13,485072.2213361111,360
2024-04-02 15:00:00+00:00,Swarm_A,9.03399002e-13,7.739306700000001e-13,485052.11152499996,360
2024-04-02 18:00:00+00:00,Swarm_A,8.802101917499999e-13,7.52420065e-13,484477.7781583333,360
2024-04-02 21:00:00+00:00,Swarm_A,8.415826294444444e-13,7.59308945e-13,483874.0536666667,360
2024-04-03 00:00:00+00:00,Swarm_A,8.7531428475e-13,8.4249419e-13,483790.7609611111,360
2024-04-03 03:00:00+00:00,Swarm_A,8.449652274444445e-13,7.615786549999999e-13,484305.89835,360
2024-04-03 06:00:00+00:00,Swarm_A,8.174054858333333e-13,7.0915911e-13,484790.01603055553,360
2024-04-03 09:00:00+00:00,Swarm_A,7.974302548055556e-13,7.132092450000001e-13,484990.14657499996,360
2024-04-03 12:00:00+00:00,Swarm_A,7.643679324444445e-13,6.93093945e-13,484874.4257527778,360
2024-04-03 15:00:00+00:00,Swarm_A,7.748721901944445e-13,6.6403536e-13,484707.4028194444,360
2024-04-03 18:00:00+00:00,Swarm_A,7.213904326666666e-13,6.33690755e-13,484716.321,360
2024-04-03 21:00:00+00:00,Swarm_A,6.917926719722221e-13,6.0548483e-13,484924.59212222224,360
2024-04-04 00:00:00+00:00,Swarm_A,6.729965194999999e-13,6.098385650000001e-13,485030.1648,360
2024-04-04 03:00:00+00:00,Swarm_A,6.756018693611111e-13,5.813634149999999e-13,484742.1731777778,360
2024-04-04 06:00:00+00:00,Swarm_A,7.431914368055556e-13,6.9993505e-13,484122.20756111114,360
2024-04-04 09:00:00+00:00,Swarm_A,7.891895574722222e-13,7.72124305e-13,483711.4570611111,360
2024-04-04 12:00:00+00:00,Swarm_A,9.091081800833333e-13,8.19875425e-13,483926.32228055556,360
2024-04-04 15:00:00+00:00,Swarm_A,8.73726334388889e-13,7.66560985e-13,484571.7248861111,360
2024-04-04 18:00:00+00:00,Swarm_A,9.010135420833334e-13,8.372499349999999e-13,484954.3226694445,360
2024-04-04 21:00:00+00:00,Swarm_A,9.501781131388888e-13,9.31081015e-13,484909.1143,360
2024-04-05 00:00:00+00:00,Swarm_A,8.802842079166666e-13,7.968800699999999e-13,484671.78191944445,360
2024-04-05 03:00:00+00:00,Swarm_A,9.304994243888888e-13,9.312693200000001e-13,484613.1163944445,360
2024-04-05 06:00:00+00:00,Swarm_A,8.69931669361111e-13,7.497866e-13,484802.33955277776,360
2024-04-05 09:00:00+00:00,Swarm_A,8.847216669444445e-13,7.76187545e-13,484987.29727499996,360
2024-04-05 12:00:00+00:00,Swarm_A,9.288314340833333e-13,8.282257150000001e-13,484814.0513944445,360
2024-04-05 15:00:00+00:00,Swarm_A,9.062643095e-13,7.4104168e-13,484379.2043194445,360
2024-04-05 18:00:00+00:00,Swarm_A,8.951920353611111e-13,8.17896165e-13,483798.90335,360
2024-04-05 21:00:00+00:00,Swarm_A,9.039324376388889e-13,8.757700849999999e-13,483697.7430666667,360
2024-04-06 00:00:00+00:00,Swarm_A,9.411578360277778e-13,9.29676835e-13,484175.01146666665,360
2024-04-06 03:00:00+00:00,Swarm_A,9.501141400277778e-13,8.7203417e-13,484800.55295000004,360
2024-04-06 06:00:00+00:00,Swarm_A,9.648173813611112e-13,9.1223347e-13,484923.14406944445,360
2024-04-06 09:00:00+00:00,Swarm_A,9.565386028888888e-13,8.55049955e-13,484715.84951666667,360
2024-04-06 12:00:00+00:00,Swarm_A,9.180876103888889e-13,7.9971612e-13,484538.2376861111,360
2024-04-06 15:00:00+00:00,Swarm_A,8.894153213611112e-13,7.6951322e-13,484669.7828972222,360
2024-04-06 18:00:00+00:00,Swarm_A,8.437084399166666e-13,7.582815449999999e-13,484882.3197,360
2024-04-06 21:00:00+00:00,Swarm_A,8.469243072222223e-13,7.539421499999999e-13,484881.8018805555,360
2024-04-07 00:00:00+00:00,Swarm_A,8.186229860555556e-13,7.63877885e-13,484520.95208333334,360
2024-04-07 03:00:00+00:00,Swarm_A,8.439532950833334e-13,8.2563989e-13,484007.2447472222,360
2024-04-07 06:00:00+00:00,Swarm_A,8.598148043333334e-13,7.61532115e-13,483657.2432777778,360
2024-04-07 09:00:00+00:00,Swarm_A,8.354321130555556e-13,7.2913192e-13,483852.2702111111,360
2024-04-07 12:00:00+00:00,Swarm_A,8.267362289444444e-13,7.338792050000001e-13,484457.8982472222,360
2024-04-07 15:00:00+00:00,Swarm_A,8.423507705e-13,7.68011965e-13,484902.42973888887,360
2024-04-07 18:00:00+00:00,Swarm_A,8.406296903055556e-13,8.2285587e-13,484819.41723055555,360
2024-04-07 21:00:00+00:00,Swarm_A,8.3946318025e-13,7.856486399999999e-13,484530.6262055555,360
2024-04-08 00:00:00+00:00,Swarm_A,8.192635154444444e-13,7.659211000000001e-13,484488.104325,360
2024-04-08 03:00:00+00:00,Swarm_A,8.598280223055555e-13,8.167588e-13,484740.6517833333,360
2024-04-08 06:00:00+00:00,Swarm_A,9.384782022222222e-13,8.6944918e-13,484928.187025,360
2024-04-08 09:00:00+00:00,Swarm_A,9.061101066666667e-13,8.3555644e-13,484688.60383611114,360
2024-04-08 12:00:00+00:00,Swarm_A,8.909673175833333e-13,8.1902218e-13,484125.7368166667,360
2024-04-08 15:00:00+00:00,Swarm_A,8.878392763333333e-13,8.44322175e-13,483740.2151111111,360
2024-04-08 18:00:00+00:00,Swarm_A,8.107036312222222e-13,7.7011364e-13,483677.327175,360
2024-04-08 21:00:00+00:00,Swarm_A,8.162577413055556e-13,8.471353999999999e-13,484115.01339722227,360
2024-04-09 00:00:00+00:00,Swarm_A,7.909663297222222e-13,7.5832368e-13,484664.1589416667,360
2024-04-09 03:00:00+00:00,Swarm_A,8.104927269999999e-13,7.865042850000001e-13,484875.6046111111,360
2024-04-09 06:00:00+00:00,Swarm_A,8.620451478333333e-13,7.92707625e-13,484606.8431166667,360
2024-04-09 09:00:00+00:00,Swarm_A,8.907474535833333e-13,7.870241850000001e-13,484406.1149277778,360
2024-04-09 12:00:00+00:00,Swarm_A,9.43286018361111e-13,8.6314146e-13,484526.23679166666,360
2024-04-09 15:00:00+00:00,Swarm_A,8.991178912500001e-13,8.48230395e-13,484849.15930833336,360
2024-04-09 18:00:00+00:00,Swarm_A,8.902020082222223e-13,8.359330350000001e-13,484799.40648055554,360
2024-04-09 21:00:00+00:00,Swarm_A,9.031806401388889e-13,8.8678963e-13,484325.0698361111,360
2024-04-10 00:00:00+00:00,Swarm_A,9.143807573888888e-13,9.148457150000002e-13,483787.8496166666,360
2024-04-10 03:00:00+00:00,Swarm_A,8.979416308055556e-13,8.494607900000001e-13,483622.3150361111,360
2024-04-10 06:00:00+00:00,Swarm_A,8.933226020277778e-13,8.127597e-13,483844.76416388893,360
2024-04-10 09:00:00+00:00,Swarm_A,8.948203237777777e-13,8.202504999999999e-13,484364.71515,360
2024-04-10 12:00:00+00:00,Swarm_A,9.044309388888889e-13,8.197761699999999e-13,484762.92158333334,360
2024-04-10 15:00:00+00:00,Swarm_A,9.467118410555554e-13,8.8674454e-13,484725.9990805556,360
2024-04-10 18:00:00+00:00,Swarm_A,8.973516509999999e-13,8.78743835e-13,484431.9849138889,360
2024-04-10 21:00:00+00:00,Swarm_A,9.049416412499999e-13,8.5018982e-13,484360.24418611114,360
2024-04-11 00:00:00+00:00,Swarm_A,9.055592927777778e-13,8.5950583e-13,484623.21356388886,360
2024-04-11 03:00:00+00:00,Swarm_A,8.967338990555556e-13,8.16480085e-13,484839.80843333335,360
2024-04-11 06:00:00+00:00,Swarm_A,8.835371739166667e-13,7.8214484e-13,484586.06403333327,360
2024-04-11 09:00:00+00:00,Swarm_A,9.112593692500001e-13,8.1281734e-13,483963.1621055556,360
2024-04-11 12:00:00+00:00,Swarm_A,9.198042723611111e-13,8.5232781e-13,483538.4136833333,360
2024-04-11 15:00:00+00:00,Swarm_A,9.447416447222222e-13,9.1375748e-13,483664.79420277773,360
2024-04-11 18:00:00+00:00,Swarm_A,9.293668014166666e-13,9.2689267e-13,484100.1194361111,360
2024-04-11 21:00:00+00:00,Swarm_A,9.333092495833334e-13,9.1481695e-13,484568.2369166666,360
2024-04-12 00:00:00+00:00,Swarm_A,9.23935879527778e-13,8.922183e-13,484713.7751861111,360
2024-04-12 03:00:00+00:00,Swarm_A,9.241040064444444e-13,8.84937205e-13,484522.3543777778,360
2024-04-12 06:00:00+00:00,Swarm_A,9.628440549722223e-13,9.28869345e-13,484311.74336666666,360
2024-04-12 09:00:00+00:00,Swarm_A,9.437431509166667e-13,8.683195e-13,484426.0277222222,360
2024-04-12 12:00:00+00:00,Swarm_A,9.76864644138889e-13,8.93433725e-13,484699.62016111106,360
2024-04-12 15:00:00+00:00,Swarm_A,9.708067946111111e-13,9.4276634e-13,484743.0085861111,360
2024-04-12 18:00:00+00:00,Swarm_A,9.657563648333334e-13,9.678697800000001e-13,484213.2923388889,360
2024-04-12 21:00:00+00:00,Swarm_A,1.0059723146388889e-12,1.00437465e-12,483596.72281388886,360
2024-04-13 00:00:00+00:00,Swarm_A,1.0207070253888889e-12,9.50069475e-13,483454.78609999997,360
2024-04-13 03:00:00+00:00,Swarm_A,1.0492797932499998e-12,1.0123679e-12,483857.0941833333,360
2024-04-13 06:00:00+00:00,Swarm_A,1.0242448178888889e-12,9.730076200000001e-13,484330.63114444446,360
2024-04-13 09:00:00+00:00,Swarm_A,1.0487104115e-12,1.0051451e-12,484612.8322333333,360
2024-04-13 12:00:00+00:00,Swarm_A,1.0806031426944445e-12,9.993191000000001e-13,484562.3252361111,360
2024-04-13 15:00:00+00:00,Swarm_A,1.0826091936666667e-12,1.0360255999999999e-12,484343.9453388889,360
2024-04-13 18:00:00+00:00,Swarm_A,1.0772667091111111e-12,1.0858667999999999e-12,484274.6251277778,360
2024-04-13 21:00:00+00:00,Swarm_A,1.0847714763333334e-12,1.0834224e-12,484483.7777138889,360
2024-04-14 00:00:00+00:00,Swarm_A,1.0799190312777778e-12,9.85728675e-13,484676.70304999995,360
2024-04-14 03:00:00+00:00,Swarm_A,1.1081233333333334e-12,1.0693805e-12,484473.2364805555,360
2024-04-14 06:00:00+00:00,Swarm_A,1.17813626725e-12,1.10868555e-12,483844.1673166667,360
2024-04-14 09:00:00+00:00,Swarm_A,1.223801115861111e-12,1.11573435e-12,483363.58327222225,360
2024-04-14 12:00:00+00:00,Swarm_A,1.2615202519722221e-12,1.19388965e-12,483512.1716361111,360
2024-04-14 15:00:00+00:00,Swarm_A,1.268125387138889e-12,1.2301211e-12,484079.5538416666,360
2024-04-14 18:00:00+00:00,Swarm_A,1.2789281133888888e-12,1.2558347e-12,484494.3657805555,360
2024-04-14 21:00:00+00:00,Swarm_A,1.2976428902777777e-12,1.31903965e-12,484543.0352638889,360
2024-04-15 00:00:00+00:00,Swarm_A,1.300767886388889e-12,1.20152515e-12,484341.5708277778,360
2024-04-15 06:00:00+00:00,Swarm_A,1.3144850772222223e-12,1.3242012999999999e-12,484324.65493055555,360
2024-04-15 09:00:00+00:00,Swarm_A,1.3461866819722222e-12,1.3172132e-12,484547.6175527778,360
2024-04-15 12:00:00+00:00,Swarm_A,1.3521804698055556e-12,1.25649735e-12,484533.4206138889,360
2024-04-15 15:00:00+00:00,Swarm_A,1.3863548788611111e-12,1.2875430500000001e-12,484113.9383,360
2024-04-15 18:00:00+00:00,Swarm_A,1.4811521021111111e-12,1.53994695e-12,483467.4025722222,360
2024-04-15 21:00:00+00:00,Swarm_A,1.5840456423333333e-12,1.53999535e-12,483264.9461972223,360
2024-04-16 00:00:00+00:00,Swarm_A,1.748273521e-12,1.7151069999999998e-12,483700.37096666667,360
2024-04-16 03:00:00+00:00,Swarm_A,1.7689244333333334e-12,1.64905945e-12,484292.5812888889,360
2024-04-16 06:00:00+00:00,Swarm_A,1.891399364444444e-12,1.80370335e-12,484488.0414527778,360
2024-04-16 09:00:00+00:00,Swarm_A,2.035630251111111e-12,1.88954475e-12,484341.7952111111,360
2024-04-16 12:00:00+00:00,Swarm_A,2.0126229066666666e-12,1.8640035499999998e-12,484148.05891666666,360
2024-04-16 15:00:00+00:00,Swarm_A,2.0183989394444445e-12,1.8182017e-12,484165.87776111107,360
2024-04-16 18:00:00+00:00,Swarm_A,2.067574352777778e-12,2.0493407500000003e-12,484348.31965277775,360
2024-04-16 21:00:00+00:00,Swarm_A,2.0539333319444444e-12,1.9284891500000003e-12,484441.1551,360
2024-04-17 00:00:00+00:00,Swarm_A,1.9459845819444446e-12,1.92028415e-12,484216.28938333335,360
2024-04-17 03:00:00+00:00,Swarm_A,1.825575087777778e-12,1.88338695e-12,483686.24348888884,360
2024-04-17 06:00:00+00:00,Swarm_A,1.7131751419166667e-12,1.6421613e-12,483207.8040638889,360
2024-04-17 09:00:00+00:00,Swarm_A,1.6431162193055554e-12,1.5830402499999998e-12,483276.872475,360
2024-04-17 12:00:00+00:00,Swarm_A,1.7206476891666668e-12,1.5903783999999998e-12,483882.91128055553,360
2024-04-17 15:00:00+00:00,Swarm_A,1.7031638441666666e-12,1.6774515e-12,484372.0728805555,360
2024-04-17 18:00:00+00:00,Swarm_A,1.661265282777778e-12,1.6923590500000001e-12,484357.8638611111,360
2024-04-17 21:00:00+00:00,Swarm_A,1.6639288486111111e-12,1.64959475e-12,484084.495075,360
2024-04-18 00:00:00+00:00,Swarm_A,1.6110044837500002e-12,1.5181232e-12,483968.69213333336,360
2024-04-18 03:00:00+00:00,Swarm_A,1.571742103861111e-12,1.6204467500000002e-12,484151.4501527778,360
2024-04-18 06:00:00+00:00,Swarm_A,1.5661301996111112e-12,1.67311885e-12,484368.5708138889,360
2024-04-18 09:00:00+00:00,Swarm_A,1.5819950816666667e-12,1.5063193e-12,484258.5267916667,360
2024-04-18 12:00:00+00:00,Swarm_A,1.6168464244444445e-12,1.5254779500000001e-12,483826.54264444445,360
2024-04-18 15:00:00+00:00,Swarm_A,1.5958158623611112e-12,1.6272978e-12,483322.0454666667,360
2024-04-18 18:00:00+00:00,Swarm_A,1.5911350642222223e-12,1.67851545e-12,483093.4493722222,360
2024-04-18 21:00:00+00:00,Swarm_A,1.588899278e-12,1.63330775e-12,483446.6467666667,360
2024-04-19 00:00:00+00:00,Swarm_A,1.6281422376944446e-12,1.6188805e-12,484073.2595777778,360
2024-04-19 03:00:00+00:00,Swarm_A,1.6475710044444444e-12,1.6487247e-12,484341.4301638889,360
2024-04-19 06:00:00+00:00,Swarm_A,1.8572866425e-12,1.8381577e-12,484136.0978388889,360
2024-04-19 09:00:00+00:00,Swarm_A,2.1581936144444445e-12,2.03116765e-12,483885.431025,360
2024-04-19 12:00:00+00:00,Swarm_A,2.3505126941666668e-12,2.2212414e-12,483939.21356388886,360
2024-04-19 15:00:00+00:00,Swarm_A,2.605112758888889e-12,2.55575485e-12,484201.0621638889,360
2024-04-19 18:00:00+00:00,Swarm_A,2.7290899180555554e-12,2.7448797e-12,484249.77301111113,360
2024-04-19 21:00:00+00:00,Swarm_A,2.7060351102777777e-12,2.778095e-12,483913.9564166667,360
2024-04-20 00:00:00+00:00,Swarm_A,2.4447890422222222e-12,2.60669795e-12,483413.98500555556,360
2024-04-20 03:00:00+00:00,Swarm_A,2.137322304166667e-12,2.24235215e-12,483061.47228333337,360
2024-04-20 06:00:00+00:00,Swarm_A,1.9998514997222223e-12,2.0156250500000003e-12,483112.1691583334,360
2024-04-20 09:00:00+00:00,Swarm_A,1.908967657222222e-12,1.85723925e-12,483601.2406916666,360
2024-04-20 12:00:00+00:00,Swarm_A,1.8698779850000002e-12,1.8258288500000003e-12,484139.2950944444,360
2024-04-20 15:00:00+00:00,Swarm_A,1.885630585833333e-12,1.8441529e-12,484183.45315,360
2024-04-20 18:00:00+00:00,Swarm_A,1.7977037941666665e-12,1.8049168000000001e-12,483871.8463388889,360
2024-04-20 21:00:00+00:00,Swarm_A,1.8059593997222222e-12,1.87366615e-12,483702.196675,360
2024-04-21 00:00:00+00:00,Swarm_A,1.8265551958333332e-12,1.8381068e-12,483899.8410027778,360
2024-04-21 03:00:00+00:00,Swarm_A,1.8200753427777776e-12,1.7773588500000002e-12,484165.511025,360
2024-04-21 06:00:00+00:00,Swarm_A,1.9034772091666668e-12,1.8314479e-12,484046.90756944445,360
2024-04-21 09:00:00+00:00,Swarm_A,2.0051384352777777e-12,1.9928030500000003e-12,483504.3301166667,360
2024-04-21 12:00:00+00:00,Swarm_A,2.053335845e-12,1.9751513e-12,483043.24990833335,360
2024-04-21 15:00:00+00:00,Swarm_A,2.0072497616666666e-12,2.00095645e-12,482936.39581666666,360
2024-04-21 18:00:00+00:00,Swarm_A,2.100551494444444e-12,2.16189035e-12,483239.3378222222,360
2024-04-21 21:00:00+00:00,Swarm_A,2.039247640833333e-12,2.11107445e-12,483766.1517694444,360
2024-04-22 00:00:00+00:00,Swarm_A,1.9546013644444445e-12,2.03989225e-12,484083.7485527778,360
2024-04-22 03:00:00+00:00,Swarm_A,1.897505762777778e-12,1.92819905e-12,483927.4237972222,360
2024-04-22 06:00:00+00:00,Swarm_A,1.864298824444444e-12,1.80725295e-12,483642.67790277774,360
2024-04-22 09:00:00+00:00,Swarm_A,1.8377124725e-12,1.7942695e-12,483638.7818583334,360
2024-04-22 12:00:00+00:00,Swarm_A,1.8379581408333332e-12,1.80834225e-12,483931.63203333336,360
2024-04-22 15:00:00+00:00,Swarm_A,1.7649640286111112e-12,1.90227595e-12,484066.96332222223,360
2024-04-22 18:00:00+00:00,Swarm_A,1.7662596866666666e-12,1.90706625e-12,483696.71154166665,360
2024-04-22 21:00:00+00:00,Swarm_A,1.7635537797222221e-12,1.86549645e-12,483099.2244888889,360
2024-04-23 00:00:00+00:00,Swarm_A,1.7618900047222223e-12,1.82480185e-12,482808.9135944444,360
2024-04-23 03:00:00+00:00,Swarm_A,1.7261052754444445e-12,1.814798e-12,482964.7166666667,360
2024-04-23 06:00:00+00:00,Swarm_A,1.8087556319722221e-12,1.8263303999999998e-12,483410.54669444443,360
2024-04-23 09:00:00+00:00,Swarm_A,1.8335044144444443e-12,1.81610895e-12,483842.4521111111,360
2024-04-23 12:00:00+00:00,Swarm_A,1.8218388977777777e-12,1.8394977000000003e-12,483949.0779194444,360
2024-04-23 15:00:00+00:00,Swarm_A,1.80076462e-12,1.85108415e-12,483692.5158638889,360
2024-04-23 18:00:00+00:00,Swarm_A,1.7279995833333334e-12,1.84699895e-12,483492.4456555555,360
2024-04-23 21:00:00+00:00,Swarm_A,1.7485457811111113e-12,1.8306345e-12,483633.65072222217,360
2024-04-24 00:00:00+00:00,Swarm_A,1.7423435188888888e-12,1.8364158e-12,483918.03362777777,360
2024-04-24 03:00:00+00:00,Swarm_A,1.7672420816666668e-12,1.8734628499999996e-12,483875.0348861111,360
2024-04-24 06:00:00+00:00,Swarm_A,1.7199818158055554e-12,1.8791268e-12,483335.4324,360
2024-04-24 09:00:00+00:00,Swarm_A,1.7127924583611112e-12,1.7799678500000001e-12,482741.1621138889,360
2024-04-24 12:00:00+00:00,Swarm_A,1.7363228383055556e-12,1.81338655e-12,482714.5871861111,360
2024-04-24 15:00:00+00:00,Swarm_A,1.701589340888889e-12,1.82469855e-12,483098.48989722226,360
2024-04-24 18:00:00+00:00,Swarm_A,1.5971747305555557e-12,1.756931e-12,483580.2176722222,360
2024-04-24 21:00:00+00:00,Swarm_A,1.5837694050555555e-12,1.6668458e-12,483818.5027472222,360
2024-04-25 00:00:00+00:00,Swarm_A,1.5428282184722222e-12,1.51955325e-12,483727.0799777778,360
2024-04-25 03:00:00+00:00,Swarm_A,1.5125468608333333e-12,1.61595775e-12,483464.6586361111,360
2024-04-25 06:00:00+00:00,Swarm_A,1.5127064290555554e-12,1.6223743000000001e-12,483441.53294722224,360
2024-04-25 09:00:00+00:00,Swarm_A,1.529747371111111e-12,1.5415284e-12,483662.50058333337,360
2024-04-25 12:00:00+00:00,Swarm_A,1.575577550611111e-12,1.532557e-12,483852.38480277784,360
2024-04-25 15:00:00+00:00,Swarm_A,1.5654180552222223e-12,1.6928049999999999e-12,483563.7805583333,360
2024-04-25 18:00:00+00:00,Swarm_A,1.5526652516666667e-12,1.6362166500000002e-12,482919.3496861111,360
2024-04-25 21:00:00+00:00,Swarm_A,1.5349088675277778e-12,1.6100467500000001e-12,482522.55613333336,360
2024-04-26 00:00:00+00:00,Swarm_A,1.5226233613055556e-12,1.58041845e-12,482758.4746805555,360
2024-04-26 03:00:00+00:00,Swarm_A,1.6050369216666665e-12,1.66134995e-12,483274.67534444446,360
2024-04-26 06:00:00+00:00,Swarm_A,1.6965096352777779e-12,1.69695655e-12,483654.47075277776,360
2024-04-26 09:00:00+00:00,Swarm_A,1.8172755241666668e-12,1.8341908e-12,483701.0476222222,360
2024-04-26 12:00:00+00:00,Swarm_A,1.784935172777778e-12,1.72731725e-12,483496.7309861111,360
2024-04-26 15:00:00+00:00,Swarm_A,1.8723653430555556e-12,1.826713e-12,483332.7450916667,360
2024-04-26 18:00:00+00:00,Swarm_A,1.842467556111111e-12,1.96733795e-12,483433.7273611111,360
2024-04-26 21:00:00+00:00,Swarm_A,1.8407550277777778e-12,1.81948255e-12,483664.42672222224,360
2024-04-27 00:00:00+00:00,Swarm_A,1.743075172222222e-12,1.8653851e-12,483656.23946666665,360
2024-04-27 03:00:00+00:00,Swarm_A,1.7142316825000002e-12,1.82244115e-12,483205.3434277778,360
2024-04-27 06:00:00+00:00,Swarm_A,1.6572143566666668e-12,1.6811319e-12,482597.5304222222,360
2024-04-27 09:00:00+00:00,Swarm_A,1.5488227359444443e-12,1.58454565e-12,482413.3857333333,360
2024-04-27 12:00:00+00:00,Swarm_A,1.4812851558888889e-12,1.48684885e-12,482890.57045833336,360
2024-04-27 15:00:00+00:00,Swarm_A,1.4007814277777777e-12,1.5343281000000001e-12,483429.4679638889,360
2024-04-27 18:00:00+00:00,Swarm_A,1.3017902206111111e-12,1.3805274500000001e-12,483642.73275555554,360
2024-04-27 21:00:00+00:00,Swarm_A,1.25100547325e-12,1.269279e-12,483496.8040055556,360
2024-04-28 00:00:00+00:00,Swarm_A,1.2334334685555555e-12,1.31811885e-12,483286.9549388889,360
2024-04-28 03:00:00+00:00,Swarm_A,1.23674428475e-12,1.27350795e-12,483274.1565611111,360
2024-04-28 06:00:00+00:00,Swarm_A,1.1718150145277778e-12,1.2816092e-12,483489.6790138889,360
2024-04-28 09:00:00+00:00,Swarm_A,1.141288431138889e-12,1.2003050000000001e-12,483598.5623222222,360
2024-04-28 12:00:00+00:00,Swarm_A,1.1015803310833332e-12,1.16877755e-12,483416.3477972222,360
2024-04-28 15:00:00+00:00,Swarm_A,1.055503662e-12,1.17231145e-12,482832.57722222223,360
2024-04-28 18:00:00+00:00,Swarm_A,9.905298047777778e-13,1.1039022499999999e-12,482366.17710833333,360
2024-04-28 21:00:00+00:00,Swarm_A,9.88197149888889e-13,1.0219259e-12,482479.91318888887,360
2024-04-29 00:00:00+00:00,Swarm_A,9.51569582611111e-13,9.598570900000002e-13,483108.625675,360
2024-04-29 03:00:00+00:00,Swarm_A,9.410689411944444e-13,1.03040085e-12,483532.992925,360
2024-04-29 06:00:00+00:00,Swarm_A,9.220203048888888e-13,9.40556505e-13,483542.9647694444,360
2024-04-29 09:00:00+00:00,Swarm_A,9.417857036111112e-13,9.782810399999999e-13,483308.19901944447,360
2024-04-29 12:00:00+00:00,Swarm_A,9.220961025277778e-13,9.36039005e-13,483190.5461555555,360
2024-04-29 15:00:00+00:00,Swarm_A,8.669249682777779e-13,9.17172515e-13,483308.84255833336,360
2024-04-29 18:00:00+00:00,Swarm_A,8.347857125277779e-13,8.7232681e-13,483504.9360666667,360
2024-04-29 21:00:00+00:00,Swarm_A,8.297415843055556e-13,8.5842386e-13,483464.7905111111,360
2024-04-30 00:00:00+00:00,Swarm_A,8.241313404166666e-13,8.70292155e-13,483087.1039833333,360
2024-04-30 03:00:00+00:00,Swarm_A,7.937550638055556e-13,8.84770695e-13,482546.6332666667,360
2024-04-30 06:00:00+00:00,Swarm_A,7.695437538888888e-13,8.46612375e-13,482308.45660555555,360
2024-04-30 09:00:00+00:00,Swarm_A,7.558516238055556e-13,8.02250445e-13,482652.71208888886,360
2024-04-30 12:00:00+00:00,Swarm_A,7.796702187222222e-13,8.05487125e-13,483299.2835361111,360
2024-04-30 15:00:00+00:00,Swarm_A,7.954147441666666e-13,8.0251916e-13,483573.7323111111,360
2024-04-30 18:00:00+00:00,Swarm_A,8.093198556111112e-13,8.151518799999999e-13,483401.6336194444,360
2024-04-30 21:00:00+00:00,Swarm_A,9.001337086666668e-13,8.68448875e-13,483148.0187416667,360
2024-05-01 00:00:00+00:00,Swarm_A,9.712156448055555e-13,9.01338485e-13,483148.4681722222,360
2024-05-01 03:00:00+00:00,Swarm_A,9.609791323333333e-13,1.0085263999999999e-12,483391.6886666666,360
2024-05-01 06:00:00+00:00,Swarm_A,9.851126589722223e-13,1.0308478000000001e-12,483514.95735,360
2024-05-01 09:00:00+00:00,Swarm_A,9.392456525833333e-13,1.0311478e-12,483237.9443944444,360
2024-05-01 12:00:00+00:00,Swarm_A,8.891708881666666e-13,9.02031785e-13,482787.8553305556,360
2024-05-01 15:00:00+00:00,Swarm_A,8.710560708055555e-13,9.22473895e-13,482332.59392222227,360
2024-05-01 18:00:00+00:00,Swarm_A,8.230435234444445e-13,8.67379895e-13,482362.75757222227,360
2024-05-01 21:00:00+00:00,Swarm_A,8.131259409166667e-13,8.34434765e-13,482883.2297527778,360
2024-05-02 00:00:00+00:00,Swarm_A,8.285552875833333e-13,8.71840555e-13,483461.62598611106,360
2024-05-02 03:00:00+00:00,Swarm_A,7.929358893333333e-13,7.9779416e-13,483489.5255527778,360
2024-05-02 06:00:00+00:00,Swarm_A,8.304755194444444e-13,8.41479665e-13,483215.3698916667,360
2024-05-02 09:00:00+00:00,Swarm_A,8.86643972e-13,8.80827805e-13,483049.03935277776,360
2024-05-02 12:00:00+00:00,Swarm_A,9.711197286944443e-13,9.74617635e-13,483228.3996555555,360
2024-05-02 15:00:00+00:00,Swarm_A,1.1514661788055556e-12,1.13279205e-12,483440.2308472222,360
2024-05-02 18:00:00+00:00,Swarm_A,1.4107047399444445e-12,1.36954545e-12,483365.00078055554,360
2024-05-02 21:00:00+00:00,Swarm_A,1.382356172972222e-12,1.45410865e-12,482940.75925000006,360
2024-05-03 00:00:00+00:00,Swarm_A,1.3389967322222221e-12,1.3236862e-12,482477.38615,360
2024-05-03 03:00:00+00:00,Swarm_A,1.1265486833888889e-12,1.1893614e-12,482253.4719972222,360
2024-05-03 06:00:00+00:00,Swarm_A,9.91089531972222e-13,1.05638895e-12,482512.9913416666,360
2024-05-03 09:00:00+00:00,Swarm_A,8.962200905277778e-13,9.10247675e-13,483085.62393611117,360
2024-05-03 12:00:00+00:00,Swarm_A,8.03776096111111e-13,8.37666215e-13,483477.984725,360
2024-05-03 15:00:00+00:00,Swarm_A,7.854351679722223e-13,8.59506375e-13,483346.4035916667,360
2024-05-03 18:00:00+00:00,Swarm_A,7.496719480277778e-13,8.3446481e-13,483038.234075,360
2024-05-03 21:00:00+00:00,Swarm_A,7.354096313333334e-13,7.9126552e-13,482996.9698166667,360
2024-05-04 00:00:00+00:00,Swarm_A,7.220145817500001e-13,7.25131005e-13,483250.96770277777,360
2024-05-04 03:00:00+00:00,Swarm_A,6.978307321666667e-13,7.5547482e-13,483433.1995166667,360
2024-05-04 06:00:00+00:00,Swarm_A,7.146630510277777e-13,7.74332625e-13,483172.289625,360
2024-05-04 09:00:00+00:00,Swarm_A,7.346493605555555e-13,7.482228149999999e-13,482598.4501444444,360
2024-05-04 12:00:00+00:00,Swarm_A,7.395307935555555e-13,8.0895417e-13,482279.02305,360
2024-05-04 15:00:00+00:00,Swarm_A,7.439242896944445e-13,7.769243699999999e-13,482291.0326861111,360
2024-05-04 18:00:00+00:00,Swarm_A,7.269168519722222e-13,8.06483005e-13,482734.4632861111,360
2024-05-04 21:00:00+00:00,Swarm_A,7.701413349166667e-13,7.506629149999999e-13,483246.99025000003,360
2024-05-05 00:00:00+00:00,Swarm_A,7.690545144444445e-13,7.84536455e-13,483434.4737277778,360
2024-05-05 03:00:00+00:00,Swarm_A,7.932236765833333e-13,8.0603745e-13,483154.5927944444,360
2024-05-05 06:00:00+00:00,Swarm_A,7.97151504111111e-13,8.2860919e-13,482937.1712277777,360
2024-05-05 09:00:00+00:00,Swarm_A,8.263973852222223e-13,8.494751400000001e-13,483042.80580833333,360
2024-05-05 12:00:00+00:00,Swarm_A,8.398604145833334e-13,8.8574967e-13,483363.7026416667,360
2024-05-05 15:00:00+00:00,Swarm_A,8.171247345277778e-13,9.0515392e-13,483324.3330083333,360
2024-05-05 18:00:00+00:00,Swarm_A,8.401927728333334e-13,9.0140012e-13,482860.5969305556,360
2024-05-05 21:00:00+00:00,Swarm_A,9.218802668611111e-13,8.60251035e-13,482329.62149166665,360
2024-05-06 00:00:00+00:00,Swarm_A,1.0772730186944444e-12,1.0475864e-12,482197.55940277776,360
2024-05-06 03:00:00+00:00,Swarm_A,1.0745747119444444e-12,1.05470065e-12,482438.00646388886,360
2024-05-06 06:00:00+00:00,Swarm_A,1.1722282730833332e-12,1.1818120500000002e-12,482936.67157222226,360
2024-05-06 09:00:00+00:00,Swarm_A,1.1303062358333334e-12,1.1764766e-12,483320.7752027778,360
2024-05-06 12:00:00+00:00,Swarm_A,1.1653461077222222e-12,1.2607711e-12,483301.45835277776,360
2024-05-06 15:00:00+00:00,Swarm_A,1.0974163990833334e-12,1.1689206e-12,482998.97918888886,360
2024-05-06 18:00:00+00:00,Swarm_A,1.0155580704722222e-12,1.10689075e-12,482875.04878055555,360
2024-05-06 21:00:00+00:00,Swarm_A,9.6996753675e-13,1.0209728e-12,483095.06923055556,360
2024-05-07 00:00:00+00:00,Swarm_A,9.142094105e-13,9.66170225e-13,483324.73803611106,360
2024-05-07 03:00:00+00:00,Swarm_A,9.377127874722222e-13,9.8749743e-13,483137.5608861111,360
2024-05-07 06:00:00+00:00,Swarm_A,9.506348553055556e-13,1.0146069500000001e-12,482549.43938055553,360
2024-05-07 09:00:00+00:00,Swarm_A,9.858881211666668e-13,1.0041784e-12,482074.031025,360
2024-05-07 12:00:00+00:00,Swarm_A,9.621585768611111e-13,1.0249392e-12,482202.98707222217,360
2024-05-07 15:00:00+00:00,Swarm_A,9.687774389444445e-13,1.05675955e-12,482628.88594722224,360
2024-05-07 18:00:00+00:00,Swarm_A,9.305202968055556e-13,1.02417845e-12,483101.32382222224,360
2024-05-07 21:00:00+00:00,Swarm_A,9.384827528333333e-13,9.8339549e-13,483262.46927777777,360
2024-05-08 00:00:00+00:00,Swarm_A,9.352264991388889e-13,9.707731100000002e-13,483103.73048333335,360
2024-05-08 03:00:00+00:00,Swarm_A,9.245015391388888e-13,9.43272345e-13,482850.4431111111,360
2024-05-08 06:00:00+00:00,Swarm_A,9.708871326111112e-13,1.0385909e-12,482901.860475,360
2024-05-08 09:00:00+00:00,Swarm_A,1.0608200714166667e-12,1.1057951e-12,483144.23103611113,360
2024-05-08 12:00:00+00:00,Swarm_A,1.1107576433888889e-12,1.1715649e-12,483268.9591805556,360
2024-05-08 15:00:00+00:00,Swarm_A,1.0936607984722221e-12,1.1595432e-12,482834.634625,360
2024-05-08 18:00:00+00:00,Swarm_A,1.0754438561111111e-12,1.2094999e-12,482218.6174972222,360
2024-05-08 21:00:00+00:00,Swarm_A,1.0606077476666666e-12,1.1388811e-12,481976.7448527778,360
2024-05-09 00:00:00+00:00,Swarm_A,1.079418954138889e-12,1.12592415e-12,482330.0246055556,360
2024-05-09 03:00:00+00:00,Swarm_A,1.0587083455555556e-12,1.15570365e-12,482814.1988333334,360
2024-05-09 06:00:00+00:00,Swarm_A,1.0483352564166666e-12,1.14550015e-12,483154.43975,360
2024-05-09 09:00:00+00:00,Swarm_A,1.0921383719722222e-12,1.179819e-12,483154.67806111113,360
2024-05-09 12:00:00+00:00,Swarm_A,1.1308356010555555e-12,1.1538392999999999e-12,482932.53602777777,360
2024-05-09 15:00:00+00:00,Swarm_A,1.1225097765833333e-12,1.20151465e-12,482785.59955555556,360
2024-05-09 18:00:00+00:00,Swarm_A,1.1271779566944445e-12,1.22925095e-12,482927.119925,360
2024-05-09 21:00:00+00:00,Swarm_A,1.1282596695833333e-12,1.16442305e-12,483155.6246555555,360
2024-05-10 00:00:00+00:00,Swarm_A,1.1871158157777778e-12,1.22172405e-12,483067.207825,360
2024-05-10 03:00:00+00:00,Swarm_A,1.2476740601666667e-12,1.23372125e-12,482528.3005805555,360
2024-05-10 06:00:00+00:00,Swarm_A,1.28135178e-12,1.3641608e-12,481978.45725555555,360
2024-05-10 09:00:00+00:00,Swarm_A,1.2950756772499998e-12,1.3970285e-12,481959.5328722222,360
2024-05-10 12:00:00+00:00,Swarm_A,1.3110816872777777e-12,1.3954434e-12,482494.6057416667,360
2024-05-10 15:00:00+00:00,Swarm_A,1.343008190111111e-12,1.33662345e-12,482982.3064416667,360
2024-05-10 18:00:00+00:00,Swarm_A,2.2004165877777777e-12,2.2592245500000003e-12,483134.0809194445,360
2024-05-10 21:00:00+00:00,Swarm_A,3.298537453333333e-12,3.3962752e-12,482952.8203888889,360
2024-05-11 00:00:00+00:00,Swarm_A,4.365176491111111e-12,4.3110513e-12,482729.45043888886,360
2024-05-11 03:00:00+00:00,Swarm_A,5.044782215833333e-12,4.9452675e-12,482722.34898055554,360
2024-05-11 06:00:00+00:00,Swarm_A,4.8397157944444445e-12,5.05023495e-12,482921.23926388886,360
2024-05-11 09:00:00+00:00,Swarm_A,4.371741471944445e-12,4.4600351e-12,482967.3736944444,360
2024-05-11 12:00:00+00:00,Swarm_A,3.8019833919444445e-12,3.7852724e-12,482707.89174444444,360
2024-05-11 15:00:00+00:00,Swarm_A,3.0637454016666667e-12,3.1764622e-12,482063.26546944445,360
2024-05-11 18:00:00+00:00,Swarm_A,2.5180709355555554e-12,2.44554525e-12,481684.19971666666,360
2024-05-11 21:00:00+00:00,Swarm_A,1.9172555444444443e-12,2.0348968000000003e-12,481920.3592055556,360
2024-05-12 00:00:00+00:00,Swarm_A,1.500272207611111e-12,1.46932185e-12,482558.2675472222,360
2024-05-12 03:00:00+00:00,Swarm_A,1.4327821279444444e-12,1.4276127000000002e-12,482899.71598333336,360
2024-05-12 06:00:00+00:00,Swarm_A,1.2631874294166666e-12,1.301639e-12,482871.1717972222,360
2024-05-12 09:00:00+00:00,Swarm_A,1.1913773647222221e-12,1.23845575e-12,482641.5716583333,360
2024-05-12 12:00:00+00:00,Swarm_A,1.1005635094722222e-12,1.03907835e-12,482545.94076666667,360
2024-05-12 15:00:00+00:00,Swarm_A,1.1100604512222222e-12,1.0937539e-12,482658.159675,360
2024-05-12 18:00:00+00:00,Swarm_A,1.1183037111111112e-12,1.1512539999999999e-12,482836.23693055555,360
2024-05-12 21:00:00+00:00,Swarm_A,1.2746021945e-12,1.1503086e-12,482772.0112083333,360
2024-05-13 00:00:00+00:00,Swarm_A,1.3532036032499999e-12,1.3782893e-12,482351.61103333335,360
2024-05-13 03:00:00+00:00,Swarm_A,1.478060463611111e-12,1.4219297e-12,481786.4882861111,360
2024-05-13 06:00:00+00:00,Swarm_A,1.3958036936666667e-12,1.4289350500000001e-12,481630.0227916667,360
2024-05-13 09:00:00+00:00,Swarm_A,1.4386609324444443e-12,1.5145651500000001e-12,482078.10384722217,360
2024-05-13 12:00:00+00:00,Swarm_A,1.380859670777778e-12,1.34661905e-12,482691.47445,360
2024-05-13 15:00:00+00:00,Swarm_A,1.2877498929444444e-12,1.3100842e-12,482891.371225,360
2024-05-13 18:00:00+00:00,Swarm_A,1.2596598245e-12,1.36361825e-12,482697.9402166666,360
2024-05-13 21:00:00+00:00,Swarm_A,1.2614745210555556e-12,1.37334425e-12,482467.72493333335,360
2024-05-14 00:00:00+00:00,Swarm_A,1.2490235355277777e-12,1.26262845e-12,482488.97109166667,360
2024-05-14 03:00:00+00:00,Swarm_A,1.2975555890000002e-12,1.31833225e-12,482706.08964444447,360
2024-05-14 06:00:00+00:00,Swarm_A,1.3309129459444442e-12,1.43129165e-12,482787.49854166666,360
2024-05-14 09:00:00+00:00,Swarm_A,1.408855934388889e-12,1.42761555e-12,482506.9873555556,360
2024-05-14 12:00:00+00:00,Swarm_A,1.4332032364722223e-12,1.4437924e-12,482031.573725,360
2024-05-14 15:00:00+00:00,Swarm_A,1.4026968130555554e-12,1.43195545e-12,481578.44327222224,360
2024-05-14 18:00:00+00:00,Swarm_A,1.4089978635833333e-12,1.43397875e-12,481676.8944555556,360
2024-05-14 21:00:00+00:00,Swarm_A,1.36250786875e-12,1.4437591e-12,482255.58526944445,360
2024-05-15 00:00:00+00:00,Swarm_A,1.3241048801666666e-12,1.327902e-12,482782.12015000003,360
2024-05-15 03:00:00+00:00,Swarm_A,1.3218904468055555e-12,1.3594954e-12,482761.09010555554,360
2024-05-15 06:00:00+00:00,Swarm_A,1.4173341169722222e-12,1.4914396000000001e-12,482492.7155222222,360
2024-05-15 09:00:00+00:00,Swarm_A,1.4603865349444445e-12,1.45710865e-12,482348.4666777778,360
2024-05-15 12:00:00+00:00,Swarm_A,1.5756432753333334e-12,1.5462801e-12,482512.71816666663,360
2024-05-15 15:00:00+00:00,Swarm_A,1.5633380319444443e-12,1.5795857e-12,482683.1259472222,360
2024-05-15 18:00:00+00:00,Swarm_A,1.6266386406111111e-12,1.6759816e-12,482595.2450305555,360
2024-05-15 21:00:00+00:00,Swarm_A,1.6618502991666666e-12,1.68429595e-12,482196.92506111105,360
2024-05-16 00:00:00+00:00,Swarm_A,1.6923307353055556e-12,1.70324615e-12,481728.6170611111,360
2024-05-16 03:00:00+00:00,Swarm_A,1.6985429715833334e-12,1.7510818e-12,481482.59909722226,360
2024-05-16 06:00:00+00:00,Swarm_A,1.917951924861111e-12,2.0702372e-12,481779.52207222226,360
2024-05-16 09:00:00+00:00,Swarm_A,2.1051383366666667e-12,2.1108271499999998e-12,482397.9847361111,360
2024-05-16 12:00:00+00:00,Swarm_A,2.1160874862222223e-12,2.1233594e-12,482746.9835555556,360
2024-05-16 15:00:00+00:00,Swarm_A,1.980333067777778e-12,1.9961157499999997e-12,482579.56837500003,360
2024-05-16 18:00:00+00:00,Swarm_A,1.8549788657222223e-12,1.9519422500000004e-12,482279.52970277774,360
2024-05-16 21:00:00+00:00,Swarm_A,1.7772370237500001e-12,1.76570895e-12,482251.8817472222,360
2024-05-17 00:00:00+00:00,Swarm_A,1.7019113710277779e-12,1.66561305e-12,482492.04928055557,360
2024-05-17 03:00:00+00:00,Swarm_A,1.6886442887222222e-12,1.7459816e-12,482628.24060555553,360
2024-05-17 06:00:00+00:00,Swarm_A,1.7445746600277779e-12,1.83011915e-12,482356.6472027778,360
2024-05-17 09:00:00+00:00,Swarm_A,1.7955690764166666e-12,1.7764469e-12,481842.7054277778,360
2024-05-17 12:00:00+00:00,Swarm_A,1.8434178014166665e-12,1.84565165e-12,481473.981425,360
2024-05-17 15:00:00+00:00,Swarm_A,1.8934312803055557e-12,1.8403645e-12,481450.6688027778,360
2024-05-17 18:00:00+00:00,Swarm_A,2.125694368611111e-12,2.1983446e-12,481917.57892222225,360
2024-05-17 21:00:00+00:00,Swarm_A,2.1740313619444446e-12,2.1401351e-12,482477.451375,360
2024-05-18 00:00:00+00:00,Swarm_A,2.2090455555555554e-12,2.1918222e-12,482627.9134472222,360
2024-05-18 03:00:00+00:00,Swarm_A,2.2347818994444446e-12,2.28089295e-12,482335.4679583333,360
2024-05-18 06:00:00+00:00,Swarm_A,2.2272632030555557e-12,2.21628075e-12,482111.5031416667,360
2024-05-18 09:00:00+00:00,Swarm_A,2.1477843055555554e-12,2.0525135999999998e-12,482219.52560833335,360
2024-05-18 12:00:00+00:00,Swarm_A,2.0502479172222223e-12,2.02103495e-12,482493.07910000003,360
2024-05-18 15:00:00+00:00,Swarm_A,1.9473964417777778e-12,2.0014480500000002e-12,482436.03723888885,360
2024-05-18 18:00:00+00:00,Swarm_A,1.8180507951944445e-12,1.8523456499999998e-12,481994.9261888889,360
2024-05-18 21:00:00+00:00,Swarm_A,1.7294763973333332e-12,1.8481991499999997e-12,481507.767175,360
2024-05-19 00:00:00+00:00,Swarm_A,1.6776366499166666e-12,1.73208705e-12,481312.8870388889,360
2024-05-19 03:00:00+00:00,Swarm_A,1.661466551e-12,1.7117518500000001e-12,481500.61365277774,360
2024-05-19 06:00:00+00:00,Swarm_A,1.6511586857777777e-12,1.6189852999999999e-12,482019.69236388884,360
2024-05-19 09:00:00+00:00,Swarm_A,1.674699369888889e-12,1.67526715e-12,482469.2114861111,360
2024-05-19 12:00:00+00:00,Swarm_A,1.7170998141944445e-12,1.65538315e-12,482443.7118305556,360
2024-05-19 15:00:00+00:00,Swarm_A,1.7561356795555556e-12,1.78870285e-12,482116.3633583333,360
2024-05-19 18:00:00+00:00,Swarm_A,1.7480332557777779e-12,1.73430445e-12,481981.05892222223,360
2024-05-19 21:00:00+00:00,Swarm_A,1.6792219578055557e-12,1.64214225e-12,482192.52766111115,360
2024-05-20 00:00:00+00:00,Swarm_A,1.5863696375555554e-12,1.5839035e-12,482426.0736777777,360
2024-05-20 03:00:00+00:00,Swarm_A,1.5842475636111112e-12,1.69945755e-12,482235.01794166665,360
2024-05-20 06:00:00+00:00,Swarm_A,1.6308129701944444e-12,1.62252235e-12,481667.6153416667,360
2024-05-20 09:00:00+00:00,Swarm_A,1.6148339116944444e-12,1.5628474e-12,481237.11571944447,360
2024-05-20 12:00:00+00:00,Swarm_A,1.592203034222222e-12,1.49759865e-12,481250.6862333333,360
2024-05-20 15:00:00+00:00,Swarm_A,1.4997565018333334e-12,1.45469325e-12,481619.65399722225,360
2024-05-20 18:00:00+00:00,Swarm_A,1.4446647764166667e-12,1.3902397999999998e-12,482136.2657583334,360
2024-05-20 21:00:00+00:00,Swarm_A,1.4027632581388888e-12,1.3103714e-12,482396.3574111111,360
2024-05-21 00:00:00+00:00,Swarm_A,1.3500053646944445e-12,1.3754221499999998e-12,482223.450425,360
2024-05-21 03:00:00+00:00,Swarm_A,1.3627598687499999e-12,1.3749639e-12,481943.91695555556,360
2024-05-21 06:00:00+00:00,Swarm_A,1.4183875596666667e-12,1.3910538e-12,481952.92998611106,360
2024-05-21 09:00:00+00:00,Swarm_A,1.4766151742777779e-12,1.45324325e-12,482227.7070944444,360
2024-05-21 12:00:00+00:00,Swarm_A,1.51969672275e-12,1.47946015e-12,482341.3948611111,360
2024-05-21 15:00:00+00:00,Swarm_A,1.5636206889722223e-12,1.5013008000000001e-12,481934.9957083334,360
2024-05-21 18:00:00+00:00,Swarm_A,1.5503194862500001e-12,1.56904e-12,481339.61588611116,360
2024-05-21 21:00:00+00:00,Swarm_A,1.5201899015277777e-12,1.4315331e-12,481088.6629694445,360
2024-05-22 00:00:00+00:00,Swarm_A,1.471835679e-12,1.39284625e-12,481307.58960833336,360
2024-05-22 03:00:00+00:00,Swarm_A,1.4015322097777777e-12,1.404134e-12,481759.5156972222,360
2024-05-22 06:00:00+00:00,Swarm_A,1.4026383360277779e-12,1.3496445e-12,482177.7864277778,360
2024-05-22 09:00:00+00:00,Swarm_A,1.3934143891666665e-12,1.36157285e-12,482286.4059277778,360
2024-05-22 12:00:00+00:00,Swarm_A,1.3817828989722223e-12,1.3463019e-12,482041.4330138889,360
2024-05-22 15:00:00+00:00,Swarm_A,1.3454252528888888e-12,1.250085e-12,481826.7658722222,360
2024-05-22 18:00:00+00:00,Swarm_A,1.3524508961944446e-12,1.2248491499999999e-12,481933.74319444445,360
2024-05-22 21:00:00+00:00,Swarm_A,1.3369100605833333e-12,1.28075905e-12,482200.81986388884,360
2024-05-23 00:00:00+00:00,Swarm_A,1.291401272388889e-12,1.2316915e-12,482169.89153888886,360
2024-05-23 03:00:00+00:00,Swarm_A,1.3450751982499999e-12,1.34201515e-12,481648.7197805555,360
2024-05-23 06:00:00+00:00,Swarm_A,1.4294823635555556e-12,1.40968525e-12,481060.9210138889,360
2024-05-23 09:00:00+00:00,Swarm_A,1.4272916045e-12,1.3778121e-12,481003.41525,360
2024-05-23 12:00:00+00:00,Swarm_A,1.4382215359999998e-12,1.3679258999999999e-12,481407.20153888885,360
2024-05-23 15:00:00+00:00,Swarm_A,1.4750180853888889e-12,1.3342001e-12,481896.09962777776,360
2024-05-23 18:00:00+00:00,Swarm_A,1.4667321636666668e-12,1.4234277e-12,482166.7581472222,360
2024-05-23 21:00:00+00:00,Swarm_A,1.4947964805555557e-12,1.4123128e-12,482081.3935361111,360
2024-05-24 00:00:00+00:00,Swarm_A,1.4488389475833334e-12,1.372806e-12,481827.7208166666,360
2024-05-24 03:00:00+00:00,Swarm_A,1.5054775189722223e-12,1.35995865e-12,481757.19873611105,360
2024-05-24 06:00:00+00:00,Swarm_A,1.5395507271944444e-12,1.4658293e-12,481945.8817361111,360
2024-05-24 09:00:00+00:00,Swarm_A,1.5507672596944446e-12,1.49372285e-12,482136.64410555555,360
2024-05-24 12:00:00+00:00,Swarm_A,1.4829676631666667e-12,1.42391855e-12,481920.7960888889,360
2024-05-24 15:00:00+00:00,Swarm_A,1.40608715425e-12,1.4016109999999999e-12,481294.4951,360
2024-05-24 18:00:00+00:00,Swarm_A,1.2945920830277778e-12,1.2038477499999999e-12,480850.02632222226,360
2024-05-24 21:00:00+00:00,Swarm_A,1.2297843861666666e-12,1.1344366499999998e-12,481011.6042638889,360
2024-05-25 00:00:00+00:00,Swarm_A,1.1881767739166667e-12,1.0958157e-12,481527.12210833334,360
2024-05-25 03:00:00+00:00,Swarm_A,1.1886516593611112e-12,1.0961496000000001e-12,481951.7171666667,360
2024-05-25 06:00:00+00:00,Swarm_A,1.1800224926944445e-12,1.10799665e-12,482068.90839166666,360
2024-05-25 09:00:00+00:00,Swarm_A,1.093992434111111e-12,1.0033541500000001e-12,481912.3229888889,360
2024-05-25 12:00:00+00:00,Swarm_A,1.0781880214166667e-12,9.8605723e-13,481710.81826666667,360
2024-05-25 15:00:00+00:00,Swarm_A,1.0833338229166666e-12,9.39387595e-13,481734.6954916667,360
2024-05-25 18:00:00+00:00,Swarm_A,1.1004099073888889e-12,1.0526173e-12,481948.24096666666,360
2024-05-25 21:00:00+00:00,Swarm_A,1.03224166025e-12,8.83059575e-13,482024.61214166664,360
2024-05-26 00:00:00+00:00,Swarm_A,1.0309453515555555e-12,9.5234677e-13,481663.3074611111,360
2024-05-26 03:00:00+00:00,Swarm_A,1.0753083657222222e-12,1.0075469e-12,481038.21986111114,360
2024-05-26 06:00:00+00:00,Swarm_A,1.0800396035833334e-12,9.8704821e-13,480731.485775,360
2024-05-26 09:00:00+00:00,Swarm_A,1.037222267111111e-12,9.74834895e-13,481112.4428527777,360
2024-05-26 12:00:00+00:00,Swarm_A,1.0188296446944444e-12,8.8319459e-13,481687.15986944444,360
2024-05-26 15:00:00+00:00,Swarm_A,9.743046084166666e-13,8.902943650000001e-13,482006.7267388888,360
2024-05-26 18:00:00+00:00,Swarm_A,9.847337853333334e-13,8.3471511e-13,481948.0016611111,360
2024-05-26 21:00:00+00:00,Swarm_A,9.499555816666668e-13,8.414501450000001e-13,481732.4093388888,360
2024-05-27 00:00:00+00:00,Swarm_A,9.174323419444445e-13,8.2617006e-13,481627.3801083333,360
2024-05-27 03:00:00+00:00,Swarm_A,9.019222050833334e-13,8.0355543e-13,481778.64389166667,360
2024-05-27 06:00:00+00:00,Swarm_A,9.350856861944446e-13,9.171005e-13,481939.7022972222,360
2024-05-27 09:00:00+00:00,Swarm_A,1.0147053847222223e-12,9.47989565e-13,481861.8220833333,360
2024-05-27 12:00:00+00:00,Swarm_A,9.907792602777778e-13,9.0296263e-13,481367.20752222225,360
2024-05-27 15:00:00+00:00,Swarm_A,9.759560993611112e-13,8.81115005e-13,480797.4619111111,360
2024-05-27 18:00:00+00:00,Swarm_A,9.493307265277777e-13,8.47514735e-13,480730.67329444445,360
2024-05-27 21:00:00+00:00,Swarm_A,9.245902521388889e-13,8.1383105e-13,481262.0310805556,360
2024-05-28 00:00:00+00:00,Swarm_A,8.770434066944445e-13,7.72853855e-13,481805.1133027778,360
2024-05-28 03:00:00+00:00,Swarm_A,8.534889597777778e-13,7.94785575e-13,481968.119375,360
2024-05-28 06:00:00+00:00,Swarm_A,9.024075525000001e-13,8.5373516e-13,481805.73396111117,360
2024-05-28 09:00:00+00:00,Swarm_A,8.805701701944445e-13,7.58692385e-13,481612.36477777775,360
2024-05-28 12:00:00+00:00,Swarm_A,8.704032449444444e-13,7.89345625e-13,481622.39320833335,360
2024-05-28 15:00:00+00:00,Swarm_A,8.655963935277777e-13,7.95396285e-13,481802.6745527777,360
2024-05-28 18:00:00+00:00,Swarm_A,8.473177384722222e-13,7.68275405e-13,481884.42296388885,360
2024-05-28 21:00:00+00:00,Swarm_A,8.450098942500001e-13,7.21150275e-13,481644.4864805555,360
2024-05-29 00:00:00+00:00,Swarm_A,8.326509233055556e-13,7.24341405e-13,481103.8250166667,360
2024-05-29 03:00:00+00:00,Swarm_A,8.416993257222222e-13,7.8293654e-13,480672.4235555555,360
2024-05-29 06:00:00+00:00,Swarm_A,8.718875714166667e-13,8.505102949999999e-13,480795.25984444446,360
2024-05-29 09:00:00+00:00,Swarm_A,8.632551786944444e-13,7.73318825e-13,481436.9831111111,360
2024-05-29 12:00:00+00:00,Swarm_A,8.550060118333332e-13,8.01364735e-13,481896.2237388889,360
2024-05-29 15:00:00+00:00,Swarm_A,8.704149757222222e-13,7.498028049999999e-13,481899.16758888884,360
2024-05-29 18:00:00+00:00,Swarm_A,9.14019893e-13,7.9868021e-13,481647.82591388887,360
2024-05-29 21:00:00+00:00,Swarm_A,9.895531327000001e-13,9.2572941e-13,482593.75238666666,300
2024-05-30 00:00:00+00:00,Swarm_A,8.915887504242425e-13,7.09162125e-13,481856.7168606061,330
2024-05-30 03:00:00+00:00,Swarm_A,9.201807311944444e-13,8.50034135e-13,481845.4091222222,360
2024-05-30 06:00:00+00:00,Swarm_A,9.3916982675e-13,8.7212484e-13,481759.4844055556,360
2024-05-30 09:00:00+00:00,Swarm_A,9.748001514444445e-13,9.28666075e-13,481403.4989944445,360
2024-05-30 12:00:00+00:00,Swarm_A,9.782367047777778e-13,9.64450755e-13,480851.8074666666,360
2024-05-30 15:00:00+00:00,Swarm_A,1.0077965081666665e-12,9.63171485e-13,480598.9874833333,360
2024-05-30 18:00:00+00:00,Swarm_A,1.0193052535833334e-12,1.0050498e-12,480930.3237,360
2024-05-30 21:00:00+00:00,Swarm_A,1.0036642932777777e-12,9.026152499999999e-13,481598.73600833333,360
2024-05-31 00:00:00+00:00,Swarm_A,9.65318171e-13,8.35462245e-13,481893.41836944444,360
2024-05-31 03:00:00+00:00,Swarm_A,1.0321190934166667e-12,9.4148959e-13,481756.4079194445,360
2024-05-31 06:00:00+00:00,Swarm_A,1.0331510402777778e-12,9.24845955e-13,481502.3980416666,360
2024-05-31 09:00:00+00:00,Swarm_A,1.0467809312777776e-12,9.241486749999999e-13,481486.7377861111,360
2024-05-31 12:00:00+00:00,Swarm_A,1.0448731379166668e-12,9.14404855e-13,481676.9794277778,360
2024-05-31 15:00:00+00:00,Swarm_A,1.0295573741388888e-12,9.405638e-13,481786.3296444444,360
2024-05-31 18:00:00+00:00,Swarm_A,1.0217276344166667e-12,8.9069135e-13,481571.78674166667,360
2024-05-31 21:00:00+00:00,Swarm_A,1.0063479249444445e-12,8.26646515e-13,481111.61473055556,360
2024-06-01 00:00:00+00:00,Swarm_A,9.728725258055555e-13,8.4593998e-13,480665.284875,360
2024-06-01 03:00:00+00:00,Swarm_A,9.793897730277777e-13,8.21575985e-13,480615.39250555553,360
2024-06-01 06:00:00+00:00,Swarm_A,9.518142174444444e-13,7.90152405e-13,481084.3114416666,360
2024-06-01 09:00:00+00:00,Swarm_A,9.372703009444444e-13,7.80765355e-13,481693.96383055556,360
2024-06-01 12:00:00+00:00,Swarm_A,9.43346196888889e-13,7.92792895e-13,481847.8531972222,360
2024-06-01 15:00:00+00:00,Swarm_A,9.420869424722222e-13,7.352691e-13,481601.3750083333,360
2024-06-01 18:00:00+00:00,Swarm_A,9.456307995555556e-13,7.23882895e-13,481384.7584222222,360
2024-06-01 21:00:00+00:00,Swarm_A,9.760916896666666e-13,7.87638195e-13,481465.64252222225,360
2024-06-02 00:00:00+00:00,Swarm_A,9.495303640833333e-13,8.1379689e-13,481714.64235555555,360
2024-06-02 03:00:00+00:00,Swarm_A,9.437845730000001e-13,8.21816185e-13,481728.79145555553,360
2024-06-02 06:00:00+00:00,Swarm_A,9.675071378055555e-13,8.826055950000001e-13,481330.94601944444,360
2024-06-02 09:00:00+00:00,Swarm_A,9.986377966666667e-13,8.23791575e-13,480873.4126611111,360
2024-06-02 12:00:00+00:00,Swarm_A,9.942064254166666e-13,8.55785285e-13,480535.9925111111,360
2024-06-02 15:00:00+00:00,Swarm_A,9.947103421666668e-13,8.1109097e-13,480693.43518333335,360
2024-06-02 18:00:00+00:00,Swarm_A,9.72128449777778e-13,7.805444400000001e-13,481251.13686944445,360
2024-06-02 21:00:00+00:00,Swarm_A,9.57569762388889e-13,7.5409906e-13,481768.8352805556,360
2024-06-03 00:00:00+00:00,Swarm_A,9.6397059275e-13,8.1635729e-13,481728.6988416667,360
2024-06-03 03:00:00+00:00,Swarm_A,1.0099027565277777e-12,8.202756749999999e-13,481441.03869444446,360
2024-06-03 06:00:00+00:00,Swarm_A,1.0979094469722223e-12,9.13167765e-13,481313.89144166664,360
2024-06-03 09:00:00+00:00,Swarm_A,1.1307084899444444e-12,9.391367500000001e-13,481526.0669833333,360
2024-06-03 12:00:00+00:00,Swarm_A,1.1869049098333334e-12,1.0699918499999998e-12,481706.0222611111,360
2024-06-03 15:00:00+00:00,Swarm_A,1.2154949877222221e-12,1.067942e-12,481545.92198888893,360
2024-06-03 18:00:00+00:00,Swarm_A,1.2001955729166666e-12,1.06208035e-12,481062.9001166666,360
2024-06-03 21:00:00+00:00,Swarm_A,1.2273723911944443e-12,1.0780073499999999e-12,480633.6595833333,360
2024-06-04 00:00:00+00:00,Swarm_A,1.2282329681388888e-12,1.1100363499999999e-12,480493.3785666667,360
2024-06-04 03:00:00+00:00,Swarm_A,1.3335003745555556e-12,1.1686415999999999e-12,480810.95784722216,360
2024-06-04 06:00:00+00:00,Swarm_A,1.3314069098888888e-12,1.1613353e-12,481379.5758027778,360
2024-06-04 09:00:00+00:00,Swarm_A,1.3489856453611111e-12,1.18096725e-12,481730.6621472222,360
2024-06-04 12:00:00+00:00,Swarm_A,1.3210866324444444e-12,1.1993494e-12,481578.65671944444,360
2024-06-04 15:00:00+00:00,Swarm_A,1.2542552642222222e-12,1.07117375e-12,481282.5048916667,360
2024-06-04 18:00:00+00:00,Swarm_A,1.2152266715277779e-12,1.00985875e-12,481261.7971361111,360
2024-06-04 21:00:00+00:00,Swarm_A,1.1833001993333334e-12,1.03937065e-12,481507.1182416667,360
2024-06-05 00:00:00+00:00,Swarm_A,1.1646449526111111e-12,1.0497938e-12,481655.19192222226,360
2024-06-05 03:00:00+00:00,Swarm_A,1.1979461846944445e-12,1.08598665e-12,481353.0705805556,360
2024-06-05 06:00:00+00:00,Swarm_A,1.271841056e-12,1.1901386e-12,480765.43392777775,360
2024-06-05 09:00:00+00:00,Swarm_A,1.341386468111111e-12,1.13282865e-12,480461.12425833335,360
2024-06-05 12:00:00+00:00,Swarm_A,1.3446698551111111e-12,1.20415685e-12,480497.4404777778,360
2024-06-05 15:00:00+00:00,Swarm_A,1.33735567975e-12,1.07610785e-12,480946.55352222227,360
2024-06-05 18:00:00+00:00,Swarm_A,1.2729863446388889e-12,1.0472166500000001e-12,481456.87596111104,360
2024-06-05 21:00:00+00:00,Swarm_A,1.2444624737777778e-12,1.0361195e-12,481652.1335972222,360
2024-06-06 00:00:00+00:00,Swarm_A,1.2415931505277777e-12,1.04998325e-12,481383.9694472222,360
2024-06-06 03:00:00+00:00,Swarm_A,1.2820348401944444e-12,1.0559737500000001e-12,481165.9315138889,360
2024-06-06 06:00:00+00:00,Swarm_A,1.3589242901666666e-12,1.1031948e-12,481255.48069999996,360
2024-06-06 09:00:00+00:00,Swarm_A,1.357513132472222e-12,1.059348e-12,481559.5879388889,360
2024-06-06 12:00:00+00:00,Swarm_A,1.3599465918055556e-12,1.1625302e-12,481520.0187805556,360
2024-06-06 15:00:00+00:00,Swarm_A,1.337306201861111e-12,1.14084355e-12,481057.1660888889,360
2024-06-06 18:00:00+00:00,Swarm_A,1.293119858138889e-12,1.0926564499999999e-12,480512.96165277774,360
2024-06-06 21:00:00+00:00,Swarm_A,1.2453199748611112e-12,1.0339403000000001e-12,480353.6096222222,360
2024-06-07 00:00:00+00:00,Swarm_A,1.2244673117222222e-12,1.08852585e-12,480572.02239444444,360
2024-06-07 03:00:00+00:00,Swarm_A,1.2471033207222222e-12,9.72789045e-13,481066.72818888887,360
2024-06-07 06:00:00+00:00,Swarm_A,1.334798435861111e-12,1.16927025e-12,481484.72493888886,360
2024-06-07 09:00:00+00:00,Swarm_A,1.3688477752777779e-12,1.1223075e-12,481516.9769027778,360
2024-06-07 12:00:00+00:00,Swarm_A,1.5088240445277777e-12,1.3641509500000001e-12,481228.2099944444,360
2024-06-07 15:00:00+00:00,Swarm_A,1.6250674240555554e-12,1.333577e-12,481071.99498055555,360
2024-06-07 18:00:00+00:00,Swarm_A,1.5557534388055554e-12,1.31443255e-12,481251.9244083333,360
2024-06-07 21:00:00+00:00,Swarm_A,1.494661447638889e-12,1.2756116999999998e-12,481486.2135277778,360
2024-06-08 00:00:00+00:00,Swarm_A,1.5090162417777779e-12,1.3441738e-12,481349.76600833336,360
2024-06-08 03:00:00+00:00,Swarm_A,1.5731430165277779e-12,1.3526819e-12,480786.24715,360
2024-06-08 06:00:00+00:00,Swarm_A,1.5871094718888889e-12,1.48639985e-12,480256.9922638889,360
2024-06-08 09:00:00+00:00,Swarm_A,1.5301985121666666e-12,1.3314517500000001e-12,480294.9949222222,360
2024-06-08 12:00:00+00:00,Swarm_A,1.4794379718055553e-12,1.2456204e-12,480663.6680444444,360
2024-06-08 15:00:00+00:00,Swarm_A,1.441598489638889e-12,1.19952665e-12,481163.22559999995,360
2024-06-08 18:00:00+00:00,Swarm_A,1.3290227552777777e-12,1.03521695e-12,481418.3751666667,360
2024-06-08 21:00:00+00:00,Swarm_A,1.2746183409444444e-12,1.03150315e-12,481326.62876388885,360
2024-06-09 00:00:00+00:00,Swarm_A,1.2620681787222223e-12,1.03912265e-12,481050.2252416667,360
2024-06-09 03:00:00+00:00,Swarm_A,1.2619729994444445e-12,1.0048135e-12,481032.1102388889,360
2024-06-09 06:00:00+00:00,Swarm_A,1.3172559751666667e-12,1.20225995e-12,481254.9114111111,360
2024-06-09 09:00:00+00:00,Swarm_A,1.3351085296944446e-12,1.1386084e-12,481442.37707777775,360
2024-06-09 12:00:00+00:00,Swarm_A,1.3612867017222222e-12,1.2023635500000002e-12,481096.6473111111,360
2024-06-09 15:00:00+00:00,Swarm_A,1.3332450345e-12,1.13408985e-12,480477.8831388889,360
2024-06-09 18:00:00+00:00,Swarm_A,1.331955660027778e-12,1.18131935e-12,480114.29129722225,360
2024-06-09 21:00:00+00:00,Swarm_A,1.278371931361111e-12,1.09127065e-12,480326.6767833333,360
2024-06-10 00:00:00+00:00,Swarm_A,1.194846818138889e-12,9.320965e-13,480772.87884444447,360
2024-06-10 03:00:00+00:00,Swarm_A,1.1647135654166667e-12,9.361100349999998e-13,481205.182875,360
2024-06-10 06:00:00+00:00,Swarm_A,1.1857283532222222e-12,9.601508599999999e-13,481342.97868055553,360
2024-06-10 09:00:00+00:00,Swarm_A,1.1998637995277777e-12,1.002351595e-12,481169.5491861111,360
2024-06-10 12:00:00+00:00,Swarm_A,1.2439862324722222e-12,9.834025649999998e-13,480950.0486472222,360
2024-06-10 15:00:00+00:00,Swarm_A,1.2189420927777777e-12,9.502956799999999e-13,481003.83979166666,360
2024-06-10 18:00:00+00:00,Swarm_A,1.2957780495e-12,1.1285589e-12,481255.8190083333,360
2024-06-10 21:00:00+00:00,Swarm_A,1.2791490189444445e-12,1.0829393e-12,481295.4993416667,360
2024-06-11 00:00:00+00:00,Swarm_A,1.3546909855e-12,1.2150268e-12,480861.42374166666,360
2024-06-11 03:00:00+00:00,Swarm_A,1.4022174759722222e-12,1.2383303499999998e-12,480239.9777944445,360
2024-06-11 06:00:00+00:00,Swarm_A,1.4123785038055555e-12,1.22250365e-12,480001.82668055553,360
2024-06-11 09:00:00+00:00,Swarm_A,1.3562722151944444e-12,1.30500235e-12,480389.47031388886,360
2024-06-11 12:00:00+00:00,Swarm_A,1.272057395e-12,1.0453143e-12,480900.8308666666,360
2024-06-11 15:00:00+00:00,Swarm_A,1.2101142454166668e-12,1.03706045e-12,481228.00745000003,360
2024-06-11 18:00:00+00:00,Swarm_A,1.1624938350833335e-12,8.98690825e-13,481191.7751222222,360
2024-06-11 21:00:00+00:00,Swarm_A,1.11173639525e-12,8.83013955e-13,480983.5166611111,360
2024-06-12 00:00:00+00:00,Swarm_A,1.0807229525e-12,8.27135885e-13,480863.21931666665,360
2024-06-12 03:00:00+00:00,Swarm_A,1.0742354874444445e-12,8.69577625e-13,481027.59560833336,360
2024-06-12 06:00:00+00:00,Swarm_A,1.0955042369722222e-12,1.039372e-12,481206.27343055554,360
2024-06-12 09:00:00+00:00,Swarm_A,1.1327299134166667e-12,9.627016100000001e-13,481140.7574972222,360
2024-06-12 12:00:00+00:00,Swarm_A,1.13453922125e-12,9.8798645e-13,480561.36999166664,360
2024-06-12 15:00:00+00:00,Swarm_A,1.1223874431944444e-12,9.6830543e-13,480013.37166111113,360
2024-06-12 18:00:00+00:00,Swarm_A,1.0775272045e-12,8.9871049e-13,479990.7150444445,360
2024-06-12 21:00:00+00:00,Swarm_A,1.0549859448055556e-12,7.5911206e-13,480510.44161944446,360
2024-06-13 00:00:00+00:00,Swarm_A,1.012521236138889e-12,7.48014705e-13,480978.8775055556,360
2024-06-13 03:00:00+00:00,Swarm_A,9.826677933611112e-13,7.63982165e-13,481175.4223972222,360
2024-06-13 06:00:00+00:00,Swarm_A,9.941422206666667e-13,7.32914475e-13,481061.04325555556,360
2024-06-13 09:00:00+00:00,Swarm_A,1.002498571388889e-12,7.42934055e-13,480870.81570833334,360
2024-06-13 12:00:00+00:00,Swarm_A,1.0141827395833333e-12,7.737024800000001e-13,480839.341325,360
2024-06-13 15:00:00+00:00,Swarm_A,1.0408250742222223e-12,8.18430945e-13,481027.84242222225,360
2024-06-13 18:00:00+00:00,Swarm_A,9.965527659999999e-13,7.8699417e-13,481160.39741944446,360
2024-06-13 21:00:00+00:00,Swarm_A,1.001377853138889e-12,7.89435315e-13,480922.44669444446,360
2024-06-14 00:00:00+00:00,Swarm_A,9.744856801944444e-13,8.0792079e-13,480323.2626777778,360
2024-06-14 03:00:00+00:00,Swarm_A,9.995963659444445e-13,8.54864595e-13,479881.12945277774,360
2024-06-14 06:00:00+00:00,Swarm_A,1.0624047717222222e-12,8.604066500000001e-13,480036.40493055555,360
2024-06-14 09:00:00+00:00,Swarm_A,1.0731850688333334e-12,8.75150915e-13,480634.3796638889,360
2024-06-14 12:00:00+00:00,Swarm_A,1.0797972943055555e-12,8.779998550000001e-13,481060.9416472222,360
2024-06-14 15:00:00+00:00,Swarm_A,1.0188430286111111e-12,8.00249695e-13,481108.32067499997,360
2024-06-14 18:00:00+00:00,Swarm_A,9.873139479166667e-13,6.834259749999999e-13,480900.694275,360
2024-06-14 21:00:00+00:00,Swarm_A,1.0044878452222222e-12,7.73077495e-13,480759.75447222224,360
2024-06-15 00:00:00+00:00,Swarm_A,1.0248478257777778e-12,7.7995754e-13,480851.66644722223,360
2024-06-15 03:00:00+00:00,Swarm_A,1.0732382483888888e-12,9.00665605e-13,481057.2068916667,360
2024-06-15 06:00:00+00:00,Swarm_A,1.1468075494444445e-12,9.44801485e-13,481032.6381111111,360
2024-06-15 09:00:00+00:00,Swarm_A,1.2016821667222223e-12,9.70816595e-13,480696.70002777776,360
2024-06-15 12:00:00+00:00,Swarm_A,1.3127346651944444e-12,1.2070659500000001e-12,480063.6015222222,360
2024-06-15 15:00:00+00:00,Swarm_A,1.2769774354166667e-12,1.0978613e-12,479786.0513166667,360
2024-06-15 18:00:00+00:00,Swarm_A,1.206888569611111e-12,9.09179785e-13,480122.4108805555,360
2024-06-15 21:00:00+00:00,Swarm_A,1.1371484406666667e-12,8.75126365e-13,480761.413325,360
2024-06-16 00:00:00+00:00,Swarm_A,1.0823540133333334e-12,9.08482315e-13,481042.7615444444,360
2024-06-16 03:00:00+00:00,Swarm_A,1.0694940062777778e-12,8.67825235e-13,480969.90003333334,360
2024-06-16 06:00:00+00:00,Swarm_A,1.0746475948333333e-12,8.361998650000001e-13,480754.7615361111,360
2024-06-16 09:00:00+00:00,Swarm_A,1.0704976706111111e-12,8.046996350000001e-13,480711.32283611107,360
2024-06-16 12:00:00+00:00,Swarm_A,1.1086937748611112e-12,9.02402535e-13,480849.44245000003,360
2024-06-16 15:00:00+00:00,Swarm_A,1.0652274441666666e-12,8.75738285e-13,480998.7285666667,360
2024-06-16 18:00:00+00:00,Swarm_A,1.0951518853611112e-12,8.97627655e-13,480878.09039722226,360
2024-06-16 21:00:00+00:00,Swarm_A,1.0564862320555555e-12,8.9240398e-13,480427.48453888885,360
2024-06-17 00:00:00+00:00,Swarm_A,1.0080482976666668e-12,8.57743085e-13,479877.9867722222,360
2024-06-17 03:00:00+00:00,Swarm_A,1.0105257378055555e-12,8.312016e-13,479766.8438916667,360
2024-06-17 06:00:00+00:00,Swarm_A,9.872434821666667e-13,6.8880642e-13,480242.86595000006,360
2024-06-17 09:00:00+00:00,Swarm_A,9.635769309722223e-13,7.27176175e-13,480839.89226111106,360
2024-06-17 12:00:00+00:00,Swarm_A,9.176906502499999e-13,6.9256893e-13,481019.53401666664,360
2024-06-17 15:00:00+00:00,Swarm_A,9.43639378888889e-13,7.630069349999999e-13,480833.3552972222,360
2024-06-17 18:00:00+00:00,Swarm_A,9.64517423611111e-13,7.89021685e-13,480630.9161777778,360
2024-06-17 21:00:00+00:00,Swarm_A,1.0297684595277778e-12,8.3071649e-13,480670.2555416667,360
2024-06-18 00:00:00+00:00,Swarm_A,1.007908183138889e-12,8.6610649e-13,480887.8689777777,360
2024-06-18 03:00:00+00:00,Swarm_A,1.059874454888889e-12,9.351753599999999e-13,480958.0798055555,360
2024-06-18 06:00:00+00:00,Swarm_A,1.1151070183611112e-12,9.84859775e-13,480678.09702222224,360
2024-06-18 09:00:00+00:00,Swarm_A,1.10742601175e-12,9.9751951e-13,480189.1820833334,360
2024-06-18 12:00:00+00:00,Swarm_A,1.082570041e-12,9.5859034e-13,479722.72593333333,360
2024-06-18 15:00:00+00:00,Swarm_A,1.0378357268888888e-12,8.4163819e-13,479806.39830833336,360
2024-06-18 18:00:00+00:00,Swarm_A,9.432081446666667e-13,6.7774923e-13,480380.9758833333,360
2024-06-18 21:00:00+00:00,Swarm_A,8.735984199444444e-13,6.55171585e-13,480909.3715722222,360
2024-06-19 00:00:00+00:00,Swarm_A,8.826596521388889e-13,7.080852e-13,480921.63511944446,360
2024-06-19 03:00:00+00:00,Swarm_A,9.31786910277778e-13,6.73887135e-13,480683.18753611116,360
2024-06-19 06:00:00+00:00,Swarm_A,9.956761225000001e-13,7.84946185e-13,480548.97530833335,360
2024-06-19 09:00:00+00:00,Swarm_A,1.0163526128333333e-12,7.5224533e-13,480696.27016666665,360
2024-06-19 12:00:00+00:00,Swarm_A,1.054918616888889e-12,8.930609150000001e-13,480870.1691222222,360
2024-06-19 15:00:00+00:00,Swarm_A,1.0662006609722223e-12,9.474816e-13,480814.9676805556,360
2024-06-19 18:00:00+00:00,Swarm_A,1.034949538861111e-12,8.0597056e-13,480451.03503888886,360
2024-06-19 21:00:00+00:00,Swarm_A,9.855434580277778e-13,8.18510405e-13,479958.97995,360
2024-06-20 00:00:00+00:00,Swarm_A,9.707644623055556e-13,8.23986875e-13,479646.4788277777,360
2024-06-20 03:00:00+00:00,Swarm_A,9.92385154611111e-13,7.7868669e-13,479879.79391666665,360
2024-06-20 06:00:00+00:00,Swarm_A,9.6489403275e-13,7.302505449999999e-13,480500.30911666667,360
2024-06-20 09:00:00+00:00,Swarm_A,9.461683480833333e-13,6.91057075e-13,480912.298475,360
2024-06-20 12:00:00+00:00,Swarm_A,9.518940679444444e-13,7.254513e-13,480815.40551944444,360
2024-06-20 15:00:00+00:00,Swarm_A,9.400782354166666e-13,6.37963705e-13,480538.4538083333,360
2024-06-20 18:00:00+00:00,Swarm_A,9.2306583825e-13,6.43860675e-13,480480.700175,360
2024-06-20 21:00:00+00:00,Swarm_A,9.552057893055555e-13,7.353265e-13,480696.5144861111,360
2024-06-21 00:00:00+00:00,Swarm_A,9.536309274722223e-13,7.58659995e-13,480873.1176416667,360
2024-06-21 03:00:00+00:00,Swarm_A,9.56445357527778e-13,8.01510735e-13,480685.510925,360
2024-06-21 06:00:00+00:00,Swarm_A,9.645416071111111e-13,7.362684600000001e-13,480212.9170527778,360
2024-06-21 09:00:00+00:00,Swarm_A,9.41724703388889e-13,7.67812125e-13,479768.40865555557,360
2024-06-21 12:00:00+00:00,Swarm_A,9.091868167222222e-13,7.2159837e-13,479615.4348472222,360
2024-06-21 15:00:00+00:00,Swarm_A,9.083833773888889e-13,6.10285275e-13,480004.6811666667,360
2024-06-21 18:00:00+00:00,Swarm_A,8.460427958888889e-13,5.812899800000001e-13,480613.49005555554,360
2024-06-21 21:00:00+00:00,Swarm_A,8.423947341388888e-13,6.1703023e-13,480880.07084444445,360
2024-06-22 00:00:00+00:00,Swarm_A,8.570954100277777e-13,6.6746041e-13,480669.4442111111,360
2024-06-22 03:00:00+00:00,Swarm_A,8.62713151861111e-13,5.75556465e-13,480431.3114944445,360
2024-06-22 06:00:00+00:00,Swarm_A,9.021662724444444e-13,6.7466861e-13,480483.67320555553,360
2024-06-22 09:00:00+00:00,Swarm_A,9.112499299722222e-13,7.301149750000001e-13,480748.266425,360
2024-06-22 12:00:00+00:00,Swarm_A,9.069321504722222e-13,7.33944385e-13,480793.5682833333,360
2024-06-22 15:00:00+00:00,Swarm_A,9.17201894111111e-13,7.3882741e-13,480471.65270833333,360
2024-06-22 18:00:00+00:00,Swarm_A,8.859919937777778e-13,6.790145850000001e-13,479989.2986805556,360
2024-06-22 21:00:00+00:00,Swarm_A,8.775603472777777e-13,6.9959282e-13,479642.01880277775,360
2024-06-23 00:00:00+00:00,Swarm_A,8.793125850000001e-13,7.07178435e-13,479656.8011083333,360
2024-06-23 03:00:00+00:00,Swarm_A,8.749890336388889e-13,6.39363035e-13,480118.86663055554,360
2024-06-23 06:00:00+00:00,Swarm_A,9.37554806888889e-13,7.0467172e-13,480684.33708055556,360
2024-06-23 09:00:00+00:00,Swarm_A,1.0783420825555556e-12,9.653521599999998e-13,480811.92082500004,360
2024-06-23 12:00:00+00:00,Swarm_A,1.0338428810277776e-12,7.567253e-13,480536.4254055555,360
2024-06-23 15:00:00+00:00,Swarm_A,1.0492630099166667e-12,7.7574789e-13,480330.3106222222,360
2024-06-23 18:00:00+00:00,Swarm_A,1.0286135669166667e-12,7.35680495e-13,480465.21589722217,360
2024-06-23 21:00:00+00:00,Swarm_A,1.0092229052222223e-12,7.75531515e-13,480740.67779166665,360
2024-06-24 00:00:00+00:00,Swarm_A,1.00067086125e-12,7.9633965e-13,480713.0720694444,360
2024-06-24 03:00:00+00:00,Swarm_A,1.0279720721944444e-12,7.972035999999999e-13,480259.8134166667,360
2024-06-24 06:00:00+00:00,Swarm_A,1.04345251675e-12,7.6902361e-13,479757.4092888889,360
2024-06-24 09:00:00+00:00,Swarm_A,1.015790605361111e-12,7.7285686e-13,479543.0947222222,360
2024-06-24 12:00:00+00:00,Swarm_A,1.0123183934722224e-12,7.26286565e-13,479721.0868333333,360
2024-06-24 15:00:00+00:00,Swarm_A,9.755784732222222e-13,6.678884550000001e-13,480248.5661888889,360
2024-06-24 18:00:00+00:00,Swarm_A,9.333121521666668e-13,6.103527799999999e-13,480697.54189999995,360
2024-06-24 21:00:00+00:00,Swarm_A,9.371862530555555e-13,6.66209805e-13,480681.78231388883,360
2024-06-25 00:00:00+00:00,Swarm_A,9.618596405e-13,6.9915742e-13,480391.3523361111,360
2024-06-25 03:00:00+00:00,Swarm_A,1.0320591889166666e-12,7.301043899999999e-13,480282.8859861111,360
2024-06-25 06:00:00+00:00,Swarm_A,1.1458664326944444e-12,9.7983295e-13,480506.63180277776,360
2024-06-25 09:00:00+00:00,Swarm_A,1.2349916386388889e-12,1.0812277000000001e-12,480735.0442472222,360
2024-06-25 12:00:00+00:00,Swarm_A,1.2417229190555555e-12,9.774576450000002e-13,480539.1084666667,360
2024-06-25 15:00:00+00:00,Swarm_A,1.2696110702777778e-12,1.04444555e-12,480010.49765833333,360
2024-06-25 18:00:00+00:00,Swarm_A,1.192878049361111e-12,9.119994999999999e-13,479585.12768888887,360
2024-06-25 21:00:00+00:00,Swarm_A,1.1891455583888888e-12,9.47782565e-13,479512.9274166667,360
2024-06-26 00:00:00+00:00,Swarm_A,1.1829399494722222e-12,8.65726685e-13,479812.5613583333,360
2024-06-26 03:00:00+00:00,Swarm_A,1.2050083498333334e-12,8.6252371e-13,480327.2349444445,360
2024-06-26 06:00:00+00:00,Swarm_A,1.22917194975e-12,8.9158209e-13,480677.030775,360
2024-06-26 09:00:00+00:00,Swarm_A,1.317671970361111e-12,1.11770495e-12,480555.46269722225,360
2024-06-26 12:00:00+00:00,Swarm_A,1.3481540411944445e-12,1.0314644e-12,480259.5597194445,360
2024-06-26 15:00:00+00:00,Swarm_A,1.3109353304999998e-12,9.75677045e-13,480221.4419638889,360
2024-06-26 18:00:00+00:00,Swarm_A,1.2442503379166667e-12,9.80995215e-13,480483.30094444443,360
2024-06-26 21:00:00+00:00,Swarm_A,1.1966010688333334e-12,9.66651075e-13,480652.606675,360
2024-06-27 00:00:00+00:00,Swarm_A,1.195909949361111e-12,1.0436902500000001e-12,480352.4730027777,360
2024-06-27 03:00:00+00:00,Swarm_A,1.2422838948888888e-12,9.809782550000002e-13,479741.9607583333,360
2024-06-27 06:00:00+00:00,Swarm_A,1.2625365667222223e-12,1.01404635e-12,479404.0273055556,360
2024-06-27 09:00:00+00:00,Swarm_A,1.2406096567222223e-12,1.0254507e-12,479490.6970916667,360
2024-06-27 12:00:00+00:00,Swarm_A,1.2458452444444444e-12,9.41362385e-13,479899.2959027778,360
2024-06-27 15:00:00+00:00,Swarm_A,1.2282834611944445e-12,8.52252935e-13,480373.32123611117,360
2024-06-27 18:00:00+00:00,Swarm_A,1.2452874778333333e-12,9.13192675e-13,480567.57849999995,360
2024-06-27 21:00:00+00:00,Swarm_A,1.2920089516944444e-12,9.76544175e-13,480362.3452277778,360
2024-06-28 00:00:00+00:00,Swarm_A,1.422485516361111e-12,1.08399285e-12,480134.12748055556,360
2024-06-28 03:00:00+00:00,Swarm_A,1.6509409583333335e-12,1.33256775e-12,480199.0013388889,360
2024-06-28 06:00:00+00:00,Swarm_A,1.8153894752499999e-12,1.6139056999999999e-12,480486.49830000004,360
2024-06-28 09:00:00+00:00,Swarm_A,1.8855573966666665e-12,1.7255074e-12,480537.8854138889,360
2024-06-28 12:00:00+00:00,Swarm_A,2.1733965423333335e-12,2.04672565e-12,480088.0282027778,360
2024-06-28 15:00:00+00:00,Swarm_A,2.070559708611111e-12,1.831836e-12,479497.04425833334,360
2024-06-28 18:00:00+00:00,Swarm_A,1.8477522197222223e-12,1.7207307e-12,479282.1898916667,360
2024-06-28 21:00:00+00:00,Swarm_A,1.5851273914722223e-12,1.31168495e-12,479505.8381638889,360
2024-06-29 00:00:00+00:00,Swarm_A,1.4803332850277776e-12,1.12572415e-12,479960.12323888886,360
2024-06-29 03:00:00+00:00,Swarm_A,1.3938295364722223e-12,1.0436679000000001e-12,480357.0337194444,360
2024-06-29 06:00:00+00:00,Swarm_A,1.3609614664444446e-12,1.0507567e-12,480437.92521388887,360
2024-06-29 09:00:00+00:00,Swarm_A,1.4160975784444445e-12,1.16403835e-12,480193.00701111107,360
2024-06-29 12:00:00+00:00,Swarm_A,1.4210217365555558e-12,1.0805322e-12,480015.90112777776,360
2024-06-29 15:00:00+00:00,Swarm_A,1.424090043722222e-12,1.13705175e-12,480160.08064444445,360
2024-06-29 18:00:00+00:00,Swarm_A,1.434983765861111e-12,1.24798065e-12,480429.3547888889,360
2024-06-29 21:00:00+00:00,Swarm_A,1.4636576739722221e-12,1.26127305e-12,480378.9547638889,360
2024-06-30 00:00:00+00:00,Swarm_A,1.4329628545277779e-12,1.2296505e-12,479849.8163722222,360
2024-06-30 03:00:00+00:00,Swarm_A,1.4447146203611112e-12,1.3025087e-12,479260.2612861111,360
2024-06-30 06:00:00+00:00,Swarm_A,1.4565861631944445e-12,1.2746314e-12,479210.92343611113,360
2024-06-30 09:00:00+00:00,Swarm_A,1.4696242198333333e-12,1.1811228e-12,479561.3713305555,360
2024-06-30 12:00:00+00:00,Swarm_A,1.4000046274444445e-12,1.0815805e-12,480038.2360055556,360
2024-06-30 15:00:00+00:00,Swarm_A,1.388329093638889e-12,1.17722595e-12,480319.3780138889,360
2024-06-30 18:00:00+00:00,Swarm_A,1.3367686384444446e-12,1.0164536999999999e-12,480280.35695555556,360
2024-06-30 21:00:00+00:00,Swarm_A,1.1281510425416666e-12,8.7437153e-13,482703.70232916664,240
2024-07-01 00:00:00+00:00,Swarm_A,1.3212025964166667e-12,1.000723695e-12,479954.76153333334,360
2024-07-01 03:00:00+00:00,Swarm_A,1.3807888836944443e-12,1.18722555e-12,480148.773875,360
2024-07-01 06:00:00+00:00,Swarm_A,1.4151409090277778e-12,1.1547221e-12,480376.30830277776,360
2024-07-01 09:00:00+00:00,Swarm_A,1.4431276276944443e-12,1.2750266500000002e-12,480173.63426388893,360
2024-07-01 12:00:00+00:00,Swarm_A,1.4020800075555556e-12,1.2171497500000002e-12,479564.01490833337,360
2024-07-01 15:00:00+00:00,Swarm_A,1.3287900623611113e-12,1.0386556999999999e-12,479089.1896611111,360
2024-07-01 18:00:00+00:00,Swarm_A,1.27711356825e-12,1.0100277e-12,479183.31000555557,360
2024-07-01 21:00:00+00:00,Swarm_A,1.2076386045277777e-12,8.638330250000001e-13,479628.8949638889,360
2024-07-02 00:00:00+00:00,Swarm_A,1.1655171920555555e-12,8.66311825e-13,480069.063725,360
2024-07-02 03:00:00+00:00,Swarm_A,1.210393523638889e-12,9.80042055e-13,480252.68580000004,360
2024-07-02 06:00:00+00:00,Swarm_A,1.2307133021944443e-12,8.7129218e-13,480126.0300861111,360
2024-07-02 09:00:00+00:00,Swarm_A,1.2753174761944444e-12,9.790293750000002e-13,479904.82402777777,360
2024-07-02 12:00:00+00:00,Swarm_A,1.26228843025e-12,9.581425350000001e-13,479907.41715555557,360
2024-07-02 15:00:00+00:00,Swarm_A,1.237373908111111e-12,1.0396043e-12,480144.4289194445,360
2024-07-02 18:00:00+00:00,Swarm_A,1.1916544009166666e-12,9.8309695e-13,480276.5089805556,360
2024-07-02 21:00:00+00:00,Swarm_A,1.3176551576333332e-12,1.1808074e-12,477633.01474666665,300
2024-07-03 00:00:00+00:00,Swarm_A,1.246240783e-12,1.020865e-12,479350.8409222222,360
2024-07-03 03:00:00+00:00,Swarm_A,1.2657524984722222e-12,1.0522521e-12,478953.60343333334,360
2024-07-03 06:00:00+00:00,Swarm_A,1.3022617172777778e-12,1.0563188e-12,479212.6544361111,360
2024-07-03 09:00:00+00:00,Swarm_A,1.2125334296388889e-12,8.551435850000001e-13,479714.2074722222,360
2024-07-03 12:00:00+00:00,Swarm_A,1.1489550765e-12,8.5473759e-13,480100.022925,360
2024-07-03 15:00:00+00:00,Swarm_A,1.0994382189722222e-12,8.03569255e-13,480152.04614166665,360
2024-07-03 18:00:00+00:00,Swarm_A,1.0695904219166666e-12,7.3165813e-13,479974.72655277775,360
2024-07-03 21:00:00+00:00,Swarm_A,1.0793963508611111e-12,7.748096149999999e-13,479805.5750083333,360
2024-07-04 00:00:00+00:00,Swarm_A,1.1183881274444445e-12,9.18033005e-13,479910.22374166665,360
2024-07-04 03:00:00+00:00,Swarm_A,1.2597527066944445e-12,1.1305436499999998e-12,480125.79474166664,360
2024-07-04 06:00:00+00:00,Swarm_A,1.2842372175555554e-12,1.0886116499999999e-12,480183.9769194445,360
2024-07-04 09:00:00+00:00,Swarm_A,1.2692469351111112e-12,9.5490001e-13,479737.93055277783,360
2024-07-04 12:00:00+00:00,Swarm_A,1.3326858483333333e-12,1.1574395500000001e-12,479115.04975,360
2024-07-04 15:00:00+00:00,Swarm_A,1.366881309361111e-12,1.1720049499999999e-12,478881.144275,360
2024-07-04 18:00:00+00:00,Swarm_A,1.266723301e-12,9.56938465e-13,479272.75856111106,360
2024-07-04 21:00:00+00:00,Swarm_A,1.2234069484444444e-12,9.4867914e-13,479781.7740472222,360
2024-07-05 00:00:00+00:00,Swarm_A,1.2069674862222223e-12,9.92455275e-13,480071.97705555556,360
2024-07-05 03:00:00+00:00,Swarm_A,1.2510816867777777e-12,1.0434947e-12,480032.9887277778,360
2024-07-05 06:00:00+00:00,Swarm_A,1.2715842379444443e-12,9.44235365e-13,479833.13673333335,360
2024-07-05 09:00:00+00:00,Swarm_A,1.307608252861111e-12,9.908426900000001e-13,479733.74291944446,360
2024-07-05 12:00:00+00:00,Swarm_A,1.2940802315000002e-12,1.12000045e-12,479880.9467305556,360
2024-07-05 15:00:00+00:00,Swarm_A,1.2291228609444444e-12,9.9679856e-13,480082.67659722216,360
2024-07-05 18:00:00+00:00,Swarm_A,1.2202833066944444e-12,1.0280778000000001e-12,480001.36529166665,360
2024-07-05 21:00:00+00:00,Swarm_A,1.1973557789722223e-12,9.05750145e-13,479511.28021111107,360
2024-07-06 00:00:00+00:00,Swarm_A,1.1541313625277778e-12,9.3542934e-13,478944.5609972222,360
2024-07-06 03:00:00+00:00,Swarm_A,1.1544665858055555e-12,9.208640750000001e-13,478835.9875305556,360
2024-07-06 06:00:00+00:00,Swarm_A,1.1449892320277777e-12,8.07757775e-13,479334.2687027778,360
2024-07-06 09:00:00+00:00,Swarm_A,1.1046985735277778e-12,8.0645908e-13,479842.61774444446,360
2024-07-06 12:00:00+00:00,Swarm_A,1.0627860275e-12,7.387266e-13,480031.49621111114,360
2024-07-06 15:00:00+00:00,Swarm_A,1.0335172940833333e-12,7.64668135e-13,479892.4676555556,360
2024-07-06 18:00:00+00:00,Swarm_A,9.937965540555556e-13,7.2630425e-13,479697.43861388887,360
2024-07-06 21:00:00+00:00,Swarm_A,1.0317452444444446e-12,7.67273035e-13,479690.46696388884,360
2024-07-07 00:00:00+00:00,Swarm_A,1.0981976224444444e-12,9.25330295e-13,479903.2490055555,360
2024-07-07 03:00:00+00:00,Swarm_A,1.1423094619444443e-12,9.33077515e-13,480020.70522777777,360
2024-07-07 06:00:00+00:00,Swarm_A,1.2025456651111112e-12,1.06480175e-12,479860.3698305556,360
2024-07-07 09:00:00+00:00,Swarm_A,1.1950672308333333e-12,9.1048485e-13,479269.66372499993,360
2024-07-07 12:00:00+00:00,Swarm_A,1.1672282225e-12,8.87099055e-13,478785.10888055555,360
2024-07-07 15:00:00+00:00,Swarm_A,1.1314233863333332e-12,8.9143494e-13,478854.1072916667,360
2024-07-07 18:00:00+00:00,Swarm_A,1.04579366275e-12,7.39457715e-13,479441.70328888885,360
2024-07-07 21:00:00+00:00,Swarm_A,1.0551111317777778e-12,7.91997675e-13,479871.7083805555,360
2024-07-08 00:00:00+00:00,Swarm_A,1.0397470336111111e-12,8.452853349999999e-13,479946.3939666667,360
2024-07-08 03:00:00+00:00,Swarm_A,1.1273065789444445e-12,9.268196049999999e-13,479762.2480888889,360
2024-07-08 06:00:00+00:00,Swarm_A,1.1671375988888889e-12,9.23950515e-13,479620.2193694444,360
2024-07-08 09:00:00+00:00,Swarm_A,1.259384933e-12,1.0430598e-12,479672.17888611107,360
2024-07-08 12:00:00+00:00,Swarm_A,1.2732650641111112e-12,1.07561895e-12,479869.0635027778,360
2024-07-08 15:00:00+00:00,Swarm_A,1.2261449835833332e-12,9.75683425e-13,479922.7040916666,360
2024-07-08 18:00:00+00:00,Swarm_A,1.1647765049722223e-12,9.63878115e-13,479632.2999583334,360
2024-07-08 21:00:00+00:00,Swarm_A,1.1430657971944444e-12,8.566211450000001e-13,479065.2223111111,360
2024-07-09 00:00:00+00:00,Swarm_A,1.1143382558055555e-12,8.9586298e-13,478688.9701583333,360
2024-07-09 03:00:00+00:00,Swarm_A,1.1491031421944445e-12,8.6347035e-13,478880.6455972222,360
2024-07-09 06:00:00+00:00,Swarm_A,1.117524143e-12,7.46751955e-13,479502.27295,360
2024-07-09 09:00:00+00:00,Swarm_A,1.1181397931666666e-12,9.350749e-13,479882.6908166667,360
2024-07-09 12:00:00+00:00,Swarm_A,1.087889038638889e-12,8.64453915e-13,479848.2848111111,360
2024-07-09 15:00:00+00:00,Swarm_A,1.0661831218888889e-12,8.032135100000001e-13,479611.1060888889,360
2024-07-09 18:00:00+00:00,Swarm_A,1.0275776373333334e-12,7.14492175e-13,479510.30606944446,360
2024-07-09 21:00:00+00:00,Swarm_A,1.0674193497500001e-12,7.2585441e-13,479664.89299722225,360
2024-07-10 00:00:00+00:00,Swarm_A,1.064071962111111e-12,8.27335615e-13,479871.8221666666,360
2024-07-10 03:00:00+00:00,Swarm_A,1.117637874361111e-12,8.868047949999999e-13,479795.1052027778,360
2024-07-10 06:00:00+00:00,Swarm_A,1.1793191826944444e-12,1.03510185e-12,479445.93107777776,360
2024-07-10 09:00:00+00:00,Swarm_A,1.1863216999166667e-12,9.47031315e-13,478857.44180000003,360
2024-07-10 12:00:00+00:00,Swarm_A,1.1968034455833334e-12,9.13208905e-13,478616.5659305556,360
2024-07-10 15:00:00+00:00,Swarm_A,1.1563931268055556e-12,8.51898945e-13,478955.03785555554,360
2024-07-10 18:00:00+00:00,Swarm_A,1.0731697752777778e-12,7.3707624e-13,479592.5127472222,360
2024-07-10 21:00:00+00:00,Swarm_A,1.0740561361944444e-12,7.501592e-13,479836.4818111111,360
2024-07-11 00:00:00+00:00,Swarm_A,1.0911692452777778e-12,8.1631321e-13,479716.14433333336,360
2024-07-11 03:00:00+00:00,Swarm_A,1.1580045586944444e-12,9.703563999999999e-13,479496.38631388894,360
2024-07-11 06:00:00+00:00,Swarm_A,1.21207887025e-12,1.00325655e-12,479493.41915555554,360
2024-07-11 09:00:00+00:00,Swarm_A,1.2370303052222222e-12,9.0688112e-13,479660.1998,360
2024-07-11 12:00:00+00:00,Swarm_A,1.1978833751666667e-12,9.81214715e-13,479794.03527500003,360
2024-07-11 15:00:00+00:00,Swarm_A,1.1865814564444446e-12,9.43760985e-13,479647.8463916667,360
2024-07-11 18:00:00+00:00,Swarm_A,1.1507720868055556e-12,8.8178931e-13,479213.61069722223,360
2024-07-11 21:00:00+00:00,Swarm_A,1.1827009269722223e-12,9.25257245e-13,478708.2942805556,360
2024-07-12 00:00:00+00:00,Swarm_A,1.1768944094444445e-12,9.07941675e-13,478593.9282388889,360
2024-07-12 03:00:00+00:00,Swarm_A,1.1986808508055556e-12,8.397897500000001e-13,479023.4282555555,360
2024-07-12 06:00:00+00:00,Swarm_A,1.2414260848333333e-12,1.0224623e-12,479623.8441444444,360
2024-07-12 09:00:00+00:00,Swarm_A,1.2449924858611112e-12,9.50168385e-13,479796.1590138889,360
2024-07-12 12:00:00+00:00,Swarm_A,1.206273642111111e-12,9.247208400000001e-13,479586.3704416667,360
2024-07-12 15:00:00+00:00,Swarm_A,1.1785731438888889e-12,8.55620825e-13,479364.1572444445,360
2024-07-12 18:00:00+00:00,Swarm_A,1.1539838285833334e-12,8.2016782e-13,479415.6449472222,360
2024-07-12 21:00:00+00:00,Swarm_A,1.1635336287777777e-12,8.188334550000001e-13,479653.5947055556,360
2024-07-13 00:00:00+00:00,Swarm_A,1.1820371051666667e-12,8.983480449999999e-13,479742.08383333334,360
2024-07-13 03:00:00+00:00,Swarm_A,1.2346304510555556e-12,9.13494185e-13,479444.52405833337,360
2024-07-13 06:00:00+00:00,Swarm_A,1.3081659230833332e-12,1.04697215e-12,479006.08560000005,360
2024-07-13 09:00:00+00:00,Swarm_A,1.3113493347222222e-12,1.03656e-12,478553.7576361112,360
2024-07-13 12:00:00+00:00,Swarm_A,1.2984132834722223e-12,1.0263735e-12,478588.39842222224,360
2024-07-13 15:00:00+00:00,Swarm_A,1.2406554976666666e-12,9.5917639e-13,479096.5126722222,360
2024-07-13 18:00:00+00:00,Swarm_A,1.2089782211944445e-12,8.749499e-13,479648.2388972222,360
2024-07-13 21:00:00+00:00,Swarm_A,1.223624487361111e-12,9.506157400000001e-13,479679.5706277778,360
2024-07-14 00:00:00+00:00,Swarm_A,1.2849137933055556e-12,9.62845815e-13,479436.0558638889,360
2024-07-14 03:00:00+00:00,Swarm_A,1.3794916782222223e-12,1.0491111e-12,479274.25545833335,360
2024-07-14 06:00:00+00:00,Swarm_A,1.460489641361111e-12,1.2163394e-12,479422.5636,360
2024-07-14 09:00:00+00:00,Swarm_A,1.4663305644444445e-12,1.1629095e-12,479619.1488527778,360
2024-07-14 12:00:00+00:00,Swarm_A,1.4714800310555555e-12,1.2041124e-12,479603.43107500003,360
2024-07-14 15:00:00+00:00,Swarm_A,1.4101494471111112e-12,1.10362415e-12,479262.7636611111,360
2024-07-14 18:00:00+00:00,Swarm_A,1.3759066320555556e-12,1.0363080000000001e-12,478791.3011722222,360
2024-07-14 21:00:00+00:00,Swarm_A,1.4012393465833333e-12,1.097575e-12,478452.72651388886,360
2024-07-15 00:00:00+00:00,Swarm_A,1.4051694100833333e-12,1.0076482999999999e-12,478604.32001388894,360
2024-07-15 03:00:00+00:00,Swarm_A,1.3862745140277778e-12,1.09164495e-12,479163.65551944444,360
2024-07-15 06:00:00+00:00,Swarm_A,1.4239977895833333e-12,1.1489752e-12,479623.51181388885,360
2024-07-15 09:00:00+00:00,Swarm_A,1.3886712630833333e-12,1.00747705e-12,479580.324225,360
2024-07-15 12:00:00+00:00,Swarm_A,1.3932047776944446e-12,9.728555400000001e-13,479286.75928055553,360
2024-07-15 15:00:00+00:00,Swarm_A,1.4030705629444443e-12,1.1270644e-12,479174.003575,360
2024-07-15 18:00:00+00:00,Swarm_A,1.4452056448333331e-12,1.104274e-12,479363.98871666664,360
2024-07-15 21:00:00+00:00,Swarm_A,1.4474237678055557e-12,1.0943782999999999e-12,479588.08193611115,360
2024-07-16 00:00:00+00:00,Swarm_A,1.64310873e-12,1.36190715e-12,479483.6001555555,360
2024-07-16 03:00:00+00:00,Swarm_A,1.7863413795e-12,1.3706475e-12,479013.286125,360
2024-07-16 06:00:00+00:00,Swarm_A,1.893827215888889e-12,1.63401165e-12,478593.41904444445,360
2024-07-16 09:00:00+00:00,Swarm_A,1.842989118972222e-12,1.4855227499999999e-12,478353.6023527778,360
2024-07-16 12:00:00+00:00,Swarm_A,1.7721427715277779e-12,1.4331127500000001e-12,478630.3440194444,360
2024-07-16 15:00:00+00:00,Swarm_A,1.6475520815555558e-12,1.3434447e-12,479186.73415833333,360
2024-07-16 18:00:00+00:00,Swarm_A,1.5465796581388888e-12,1.2918826499999999e-12,479563.4679861111,360
2024-07-16 21:00:00+00:00,Swarm_A,1.5612675838055556e-12,1.21256585e-12,479400.3301583333,360
2024-07-17 00:00:00+00:00,Swarm_A,1.571551654138889e-12,1.1141188999999999e-12,479128.96352222224,360
2024-07-17 03:00:00+00:00,Swarm_A,1.66747606525e-12,1.31664165e-12,479085.6436361111,360
2024-07-17 06:00:00+00:00,Swarm_A,1.7811820041944443e-12,1.550735e-12,479349.47959999996,360
2024-07-17 09:00:00+00:00,Swarm_A,1.73698078875e-12,1.43111415e-12,479482.6553222223,360
2024-07-17 12:00:00+00:00,Swarm_A,1.7687874057222223e-12,1.5007136e-12,479269.5526861111,360
2024-07-17 15:00:00+00:00,Swarm_A,1.7002202440833331e-12,1.3626954e-12,478796.1002944445,360
2024-07-17 18:00:00+00:00,Swarm_A,1.729652258111111e-12,1.3802861e-12,478400.72767777776,360
2024-07-17 21:00:00+00:00,Swarm_A,1.692117010138889e-12,1.3488988500000002e-12,478290.32763888885,360
2024-07-18 00:00:00+00:00,Swarm_A,1.6286529864722223e-12,1.2902117e-12,478649.62877222226,360
2024-07-18 03:00:00+00:00,Swarm_A,1.5865759688333334e-12,1.3289921e-12,479208.5352194444,360
2024-07-18 06:00:00+00:00,Swarm_A,1.5930258502500001e-12,1.2693645e-12,479463.093525,360
2024-07-18 09:00:00+00:00,Swarm_A,1.6240350544166666e-12,1.27093205e-12,479251.3525916667,360
2024-07-18 12:00:00+00:00,Swarm_A,1.6414221859444444e-12,1.28117365e-12,478978.96047499997,360
2024-07-18 15:00:00+00:00,Swarm_A,1.6560044908333333e-12,1.2815999e-12,479016.2089638889,360
2024-07-18 18:00:00+00:00,Swarm_A,1.6222945960833333e-12,1.3134130499999999e-12,479286.55960833334,360
2024-07-18 21:00:00+00:00,Swarm_A,1.6203591435555557e-12,1.32478785e-12,479401.42525833333,360
2024-07-19 00:00:00+00:00,Swarm_A,1.6121852595555556e-12,1.2959385000000002e-12,479090.35328333336,360
2024-07-19 03:00:00+00:00,Swarm_A,1.6992185795833333e-12,1.4611453e-12,478554.2950555555,360
2024-07-19 06:00:00+00:00,Swarm_A,1.769349123861111e-12,1.52857525e-12,478246.4420916667,360
2024-07-19 09:00:00+00:00,Swarm_A,1.727850072888889e-12,1.42771415e-12,478253.2173166667,360
2024-07-19 12:00:00+00:00,Swarm_A,1.654045687e-12,1.2580867e-12,478692.3270583333,360
2024-07-19 15:00:00+00:00,Swarm_A,1.5854059647777778e-12,1.2446693499999998e-12,479192.48309166665,360
2024-07-19 18:00:00+00:00,Swarm_A,1.5440196054722221e-12,1.2338968e-12,479350.6411555556,360
2024-07-19 21:00:00+00:00,Swarm_A,1.5559228722777776e-12,1.14928495e-12,479068.163575,360
2024-07-20 00:00:00+00:00,Swarm_A,1.584244381638889e-12,1.15714715e-12,478857.83053333336,360
2024-07-20 03:00:00+00:00,Swarm_A,1.6690489522777778e-12,1.4161949499999999e-12,478956.33951944445,360
2024-07-20 06:00:00+00:00,Swarm_A,1.7151611252777778e-12,1.5081682999999999e-12,479259.8333222222,360
2024-07-20 09:00:00+00:00,Swarm_A,1.7621988232222223e-12,1.4319513e-12,479243.7743166667,360
2024-07-20 12:00:00+00:00,Swarm_A,1.7031423019166666e-12,1.37397975e-12,478842.87645555555,360
2024-07-20 15:00:00+00:00,Swarm_A,1.6418584333055555e-12,1.3760223e-12,478344.20148888894,360
2024-07-20 18:00:00+00:00,Swarm_A,1.5777191739722222e-12,1.2139375e-12,478117.9977111111,360
2024-07-20 21:00:00+00:00,Swarm_A,1.5776238894166667e-12,1.1548922e-12,478235.25495833333,360
2024-07-21 00:00:00+00:00,Swarm_A,1.5619770671666665e-12,1.1110757500000001e-12,478706.7947472222,360
2024-07-21 03:00:00+00:00,Swarm_A,1.561297262111111e-12,1.1917085e-12,479164.0798027778,360
2024-07-21 06:00:00+00:00,Swarm_A,1.5318521552222222e-12,1.1869755e-12,479213.5312555556,360
2024-07-21 09:00:00+00:00,Swarm_A,1.5082091463333333e-12,1.152895e-12,478915.7383916667,360
2024-07-21 12:00:00+00:00,Swarm_A,1.4681098255833334e-12,1.06832295e-12,478739.46238333336,360
2024-07-21 15:00:00+00:00,Swarm_A,1.51139041675e-12,1.1354431e-12,478911.5378944444,360
2024-07-21 18:00:00+00:00,Swarm_A,1.5491349715833334e-12,1.30343865e-12,479183.07856388885,360
2024-07-21 21:00:00+00:00,Swarm_A,1.5901822293333331e-12,1.2953255000000001e-12,479125.40825,360
2024-07-22 00:00:00+00:00,Swarm_A,1.6393984915833335e-12,1.37528865e-12,478647.30605,360
2024-07-22 03:00:00+00:00,Swarm_A,1.7629759847222222e-12,1.55908935e-12,478146.4015805556,360
2024-07-22 06:00:00+00:00,Swarm_A,1.7916073156944444e-12,1.6181034500000001e-12,478015.5585166667,360
2024-07-22 09:00:00+00:00,Swarm_A,1.7733157724444444e-12,1.4771928500000001e-12,478238.3349138889,360
2024-07-22 12:00:00+00:00,Swarm_A,1.7415044045833334e-12,1.4287457e-12,478738.7248055556,360
2024-07-22 15:00:00+00:00,Swarm_A,1.7141421243055554e-12,1.39409755e-12,479108.6368111111,360
2024-07-22 18:00:00+00:00,Swarm_A,1.6412875774166665e-12,1.36461045e-12,479065.0569166667,360
2024-07-22 21:00:00+00:00,Swarm_A,1.6569790969444445e-12,1.37588405e-12,478752.8292972222,360
2024-07-23 00:00:00+00:00,Swarm_A,1.5705315404444444e-12,1.1963701e-12,478656.5689027778,360
2024-07-23 03:00:00+00:00,Swarm_A,1.519644142361111e-12,1.1732891e-12,478875.710675,360
2024-07-23 06:00:00+00:00,Swarm_A,1.4493433306666667e-12,1.1696469999999999e-12,479128.68073055556,360
2024-07-23 09:00:00+00:00,Swarm_A,1.3727490317222222e-12,1.13353645e-12,478928.1886416667,360
2024-07-23 12:00:00+00:00,Swarm_A,1.30896574575e-12,1.0382868e-12,478397.62763055554,360
2024-07-23 15:00:00+00:00,Swarm_A,1.2855216079722222e-12,1.0142845999999998e-12,477977.8066916667,360
2024-07-23 18:00:00+00:00,Swarm_A,1.2188841518333333e-12,8.9461318e-13,477956.25553888886,360
2024-07-23 21:00:00+00:00,Swarm_A,1.2123200518611112e-12,8.6967986e-13,478253.86145,360
2024-07-24 00:00:00+00:00,Swarm_A,1.2113419090833334e-12,9.995231200000001e-13,478736.5108777778,360
2024-07-24 03:00:00+00:00,Swarm_A,1.2870226986388889e-12,1.0695628500000002e-12,479044.5399583333,360
2024-07-24 06:00:00+00:00,Swarm_A,1.3219824847222223e-12,1.1092417e-12,478928.89365277777,360
2024-07-24 09:00:00+00:00,Swarm_A,1.370616290861111e-12,1.05980275e-12,478627.03259444446,360
2024-07-24 12:00:00+00:00,Swarm_A,1.3319909563055554e-12,1.03385145e-12,478577.8857638889,360
2024-07-24 15:00:00+00:00,Swarm_A,1.2807659073055554e-12,1.08403215e-12,478836.6960944445,360
2024-07-24 18:00:00+00:00,Swarm_A,1.1961281251111112e-12,9.493244700000002e-13,479039.27301388886,360
2024-07-24 21:00:00+00:00,Swarm_A,1.186235101388889e-12,1.0035313999999999e-12,478787.97496666666,360
2024-07-25 00:00:00+00:00,Swarm_A,1.1999859200833334e-12,1.0103186500000001e-12,478212.5730583333,360
2024-07-25 03:00:00+00:00,Swarm_A,1.2512503753333333e-12,1.02073445e-12,477835.79418611113,360
2024-07-25 06:00:00+00:00,Swarm_A,1.222676471361111e-12,1.0482369499999998e-12,477915.9695777778,360
2024-07-25 09:00:00+00:00,Swarm_A,1.16605048425e-12,8.805352000000001e-13,478295.62833888887,360
2024-07-25 12:00:00+00:00,Swarm_A,1.1247697310277777e-12,8.17634315e-13,478762.4098138889,360
2024-07-25 15:00:00+00:00,Swarm_A,1.1678397930833333e-12,9.6583741e-13,478964.9238222222,360
2024-07-25 18:00:00+00:00,Swarm_A,1.1887344243055555e-12,1.0495248500000001e-12,478780.5047166667,360
2024-07-25 21:00:00+00:00,Swarm_A,1.2736730941944445e-12,1.13347e-12,478521.3379944445,360
2024-07-26 00:00:00+00:00,Swarm_A,1.4780241744444446e-12,1.4363196499999999e-12,478553.2053972222,360
2024-07-26 03:00:00+00:00,Swarm_A,1.7067240261666667e-12,1.67429365e-12,478834.1970916667,360
2024-07-26 06:00:00+00:00,Swarm_A,1.6927598425555555e-12,1.4995618e-12,478964.6277638889,360
2024-07-26 09:00:00+00:00,Swarm_A,1.5741407904722222e-12,1.3890431e-12,478581.0527,360
2024-07-26 12:00:00+00:00,Swarm_A,1.4706499083055555e-12,1.30653555e-12,478003.4532777778,360
2024-07-26 15:00:00+00:00,Swarm_A,1.4156870909166666e-12,1.3194050499999999e-12,477735.9250472222,360
2024-07-26 18:00:00+00:00,Swarm_A,1.3824723190555556e-12,1.2150486e-12,477913.7486027778,360
2024-07-26 21:00:00+00:00,Swarm_A,1.2854996166666668e-12,1.02871465e-12,478321.1173944444,360
2024-07-27 00:00:00+00:00,Swarm_A,1.1848842170555556e-12,9.482626750000002e-13,478733.2695222222,360
2024-07-27 03:00:00+00:00,Swarm_A,1.1699420453055555e-12,9.782568100000002e-13,478875.44683333335,360
2024-07-27 06:00:00+00:00,Swarm_A,1.2937384751666666e-12,1.21352035e-12,478654.2758027778,360
2024-07-27 09:00:00+00:00,Swarm_A,1.3834382946944444e-12,1.1462901e-12,478416.36932777776,360
2024-07-27 12:00:00+00:00,Swarm_A,1.36854885975e-12,1.1452383e-12,478489.4983944444,360
2024-07-27 15:00:00+00:00,Swarm_A,1.3317186797777778e-12,1.12255355e-12,478774.57210555556,360
2024-07-27 18:00:00+00:00,Swarm_A,1.219741728111111e-12,9.92843275e-13,478838.7566166667,360
2024-07-27 21:00:00+00:00,Swarm_A,1.1861500675833332e-12,1.02649915e-12,478413.14316944446,360
2024-07-28 00:00:00+00:00,Swarm_A,1.1791738082777778e-12,1.002734e-12,477819.8063361111,360
2024-07-28 03:00:00+00:00,Swarm_A,1.1757604069166666e-12,9.99669135e-13,477631.7777583333,360
2024-07-28 06:00:00+00:00,Swarm_A,1.1688943244166666e-12,8.89685095e-13,477908.45794999995,360
2024-07-28 09:00:00+00:00,Swarm_A,1.1225376089166665e-12,9.028302750000001e-13,478359.82410277775,360
2024-07-28 12:00:00+00:00,Swarm_A,1.111317403888889e-12,9.16530405e-13,478717.4533166667,360
2024-07-28 15:00:00+00:00,Swarm_A,1.1325503192777778e-12,9.26003745e-13,478751.39369444444,360
2024-07-28 18:00:00+00:00,Swarm_A,1.1134291026666666e-12,9.29740455e-13,478505.0291694444,360
2024-07-28 21:00:00+00:00,Swarm_A,1.2075287790555556e-12,1.06064565e-12,478343.1180277778,360
2024-07-29 00:00:00+00:00,Swarm_A,1.2501000149722222e-12,1.1168561e-12,478479.17981111107,360
2024-07-29 03:00:00+00:00,Swarm_A,1.2462954839722222e-12,1.0992738e-12,478752.33277499996,360
2024-07-29 06:00:00+00:00,Swarm_A,1.1848452714722224e-12,9.91497575e-13,478722.3210777778,360
2024-07-29 09:00:00+00:00,Swarm_A,1.2018162455555554e-12,1.07567935e-12,478207.19066111115,360
2024-07-29 12:00:00+00:00,Swarm_A,1.1781360518611112e-12,9.67414335e-13,477665.1974722222,360
2024-07-29 15:00:00+00:00,Swarm_A,1.1187697856111112e-12,8.919259000000001e-13,477589.65928611107,360
2024-07-29 18:00:00+00:00,Swarm_A,1.1006117201388888e-12,8.47922185e-13,477934.0300916667,360
2024-07-29 21:00:00+00:00,Swarm_A,1.061869095111111e-12,8.1793776e-13,478379.651125,360
2024-07-30 00:00:00+00:00,Swarm_A,1.0891411444444446e-12,9.145975e-13,478673.9509722222,360
2024-07-30 03:00:00+00:00,Swarm_A,1.43048454575e-12,1.3816562e-12,478659.5721416666,360
2024-07-30 06:00:00+00:00,Swarm_A,1.5693763857777777e-12,1.3186402999999999e-12,478404.28887777776,360
2024-07-30 09:00:00+00:00,Swarm_A,1.6428803099722222e-12,1.5313223e-12,478268.18314999994,360
2024-07-30 12:00:00+00:00,Swarm_A,1.5209696519166665e-12,1.3194896499999999e-12,478436.21469444444,360
2024-07-30 15:00:00+00:00,Swarm_A,1.4241370435555555e-12,1.26296645e-12,478683.53668333334,360
2024-07-30 18:00:00+00:00,Swarm_A,1.3636534468055556e-12,1.1939411e-12,478582.37562777783,360
2024-07-30 21:00:00+00:00,Swarm_A,1.303296494138889e-12,1.0115622499999999e-12,478036.4426611111,360
2024-07-31 00:00:00+00:00,Swarm_A,1.2917101393333334e-12,1.0473315e-12,477501.4963055555,360
2024-07-31 03:00:00+00:00,Swarm_A,1.2882332328888889e-12,1.0232424e-12,477532.7906083333,360
2024-07-31 06:00:00+00:00,Swarm_A,1.2578170481944444e-12,1.0449736e-12,477948.0743194444,360
2024-07-31 09:00:00+00:00,Swarm_A,1.2357545484722223e-12,9.61235095e-13,478397.4653527778,360
2024-07-31 12:00:00+00:00,Swarm_A,1.2326524099444445e-12,9.6083575e-13,478607.47996944445,360
2024-07-31 15:00:00+00:00,Swarm_A,1.2794096215833334e-12,1.0903430500000001e-12,478509.67559166666,360
2024-07-31 18:00:00+00:00,Swarm_A,1.3516460051944444e-12,1.1490786e-12,478259.35764444445,360
2024-07-31 21:00:00+00:00,Swarm_A,1.482178649138889e-12,1.2627743e-12,478210.25495000003,360
2024-08-01 00:00:00+00:00,Swarm_A,1.6114994973333333e-12,1.31790205e-12,478407.36374166666,360
2024-08-01 03:00:00+00:00,Swarm_A,1.6586400653333334e-12,1.4070528500000002e-12,478610.1943194445,360
2024-08-01 06:00:00+00:00,Swarm_A,1.7544418398333333e-12,1.5942784499999999e-12,478411.65875277773,360
2024-08-01 09:00:00+00:00,Swarm_A,1.6800178483611112e-12,1.4434188e-12,477814.2602444444,360
2024-08-01 12:00:00+00:00,Swarm_A,1.5823654076944444e-12,1.36068305e-12,477372.78201944445,360
2024-08-01 15:00:00+00:00,Swarm_A,1.4743228853055554e-12,1.21410695e-12,477494.2639055556,360
2024-08-01 18:00:00+00:00,Swarm_A,1.382878293611111e-12,1.1883284e-12,477953.72742777783,360
2024-08-01 21:00:00+00:00,Swarm_A,1.3072756206666665e-12,1.0544911500000001e-12,478368.5896111111,360
2024-08-02 00:00:00+00:00,Swarm_A,1.2940084206666667e-12,1.0301166000000001e-12,478517.4585472222,360
2024-08-02 03:00:00+00:00,Swarm_A,1.3755057448055556e-12,1.1008913000000001e-12,478380.3832111111,360
2024-08-02 06:00:00+00:00,Swarm_A,1.3859814412777776e-12,1.0768990499999998e-12,478150.99187499995,360
2024-08-02 09:00:00+00:00,Swarm_A,1.406129324388889e-12,1.13025585e-12,478135.37919722224,360
2024-08-02 12:00:00+00:00,Swarm_A,1.4235920083888889e-12,1.1211088e-12,478357.1150861111,360
2024-08-02 15:00:00+00:00,Swarm_A,1.4019737553611111e-12,1.1831229e-12,478508.85634444444,360
2024-08-02 18:00:00+00:00,Swarm_A,1.3953997842777779e-12,1.2010334000000001e-12,478246.04851111106,360
2024-08-02 21:00:00+00:00,Swarm_A,1.394708613388889e-12,1.1124035e-12,477646.2065472222,360
2024-08-03 00:00:00+00:00,Swarm_A,1.4331017625277778e-12,1.2201736500000001e-12,477241.40693611116,360
2024-08-03 03:00:00+00:00,Swarm_A,1.48268077175e-12,1.36442255e-12,477477.68151111115,360
2024-08-03 06:00:00+00:00,Swarm_A,1.3753224385555556e-12,1.14035435e-12,477974.2431305556,360
2024-08-03 09:00:00+00:00,Swarm_A,1.4183158427777778e-12,1.25659135e-12,478358.87858333334,360
2024-08-03 12:00:00+00:00,Swarm_A,1.4261690573055554e-12,1.2409798500000001e-12,478416.6663972222,360
2024-08-03 15:00:00+00:00,Swarm_A,1.460612036388889e-12,1.3100999999999998e-12,478235.79716944444,360
2024-08-03 18:00:00+00:00,Swarm_A,1.4715615082777778e-12,1.31261365e-12,478033.2390694444,360
2024-08-03 21:00:00+00:00,Swarm_A,1.6168943665000002e-12,1.4546586e-12,478093.6515,360
2024-08-04 00:00:00+00:00,Swarm_A,1.5979235049166666e-12,1.3575851e-12,478303.53578055557,360
2024-08-04 03:00:00+00:00,Swarm_A,1.6842879763055557e-12,1.6377542e-12,478405.77736666665,360
2024-08-04 06:00:00+00:00,Swarm_A,1.8057499184166666e-12,1.66122645e-12,478044.12570277776,360
2024-08-04 09:00:00+00:00,Swarm_A,1.9867108308333332e-12,1.8377718e-12,477431.27007777774,360
2024-08-04 12:00:00+00:00,Swarm_A,2.086367826388889e-12,1.99729155e-12,477136.6075305556,360
2024-08-04 15:00:00+00:00,Swarm_A,2.247367382777778e-12,2.1461892e-12,477447.20380277775,360
2024-08-04 18:00:00+00:00,Swarm_A,2.0768608858333335e-12,1.9269872e-12,477953.0213111111,360
2024-08-04 21:00:00+00:00,Swarm_A,1.9448826377777776e-12,1.78200285e-12,478278.5139,360
2024-08-05 00:00:00+00:00,Swarm_A,1.7292918285833333e-12,1.51398995e-12,478285.87021666666,360
2024-08-05 03:00:00+00:00,Swarm_A,1.6938619003888889e-12,1.4710496e-12,478078.0922722222,360
2024-08-05 06:00:00+00:00,Swarm_A,1.6837042129722222e-12,1.4348964999999999e-12,477915.9899305556,360
2024-08-05 09:00:00+00:00,Swarm_A,1.6076173271944444e-12,1.2221482e-12,478001.51215,360
2024-08-05 12:00:00+00:00,Swarm_A,1.5418277825555556e-12,1.29405055e-12,478222.74447777774,360
2024-08-05 15:00:00+00:00,Swarm_A,1.4490207986944443e-12,1.23058325e-12,478242.1703666666,360
2024-08-05 18:00:00+00:00,Swarm_A,1.3789102954166665e-12,1.1957327500000002e-12,477846.1460138889,360
2024-08-05 21:00:00+00:00,Swarm_A,1.3582868065e-12,1.14181555e-12,477260.2953333333,360
2024-08-06 00:00:00+00:00,Swarm_A,1.409460407e-12,1.1365502e-12,477026.0556527778,360
2024-08-06 03:00:00+00:00,Swarm_A,1.4120526094444442e-12,1.212477e-12,477427.77091388893,360
2024-08-06 06:00:00+00:00,Swarm_A,1.4357848736666666e-12,1.261093e-12,477945.421625,360
2024-08-06 09:00:00+00:00,Swarm_A,1.3799807844166667e-12,1.1904899e-12,478225.74535555555,360
2024-08-06 12:00:00+00:00,Swarm_A,1.3570116901666668e-12,1.08608905e-12,478159.2201277778,360
2024-08-06 15:00:00+00:00,Swarm_A,1.3772388469444445e-12,1.07029335e-12,477943.62444166664,360
2024-08-06 18:00:00+00:00,Swarm_A,1.4373182318611111e-12,1.1485612e-12,477825.66895555553,360
2024-08-06 21:00:00+00:00,Swarm_A,1.4555906463055555e-12,1.2319843e-12,477971.034825,360
2024-08-07 00:00:00+00:00,Swarm_A,1.4696447517222222e-12,1.16623835e-12,478152.2920388889,360
2024-08-07 03:00:00+00:00,Swarm_A,1.5582317996666668e-12,1.37125975e-12,478134.8307666667,360
2024-08-07 06:00:00+00:00,Swarm_A,1.6228794146111112e-12,1.4394489e-12,477648.0543861111,360
2024-08-07 09:00:00+00:00,Swarm_A,1.633601194638889e-12,1.37439805e-12,477082.1928111111,360
2024-08-07 12:00:00+00:00,Swarm_A,1.5949319811944445e-12,1.3042798e-12,476962.0170666666,360
2024-08-07 15:00:00+00:00,Swarm_A,1.5801947176111113e-12,1.25662915e-12,477431.26514722226,360
2024-08-07 18:00:00+00:00,Swarm_A,1.5307982618888887e-12,1.2112102e-12,477922.1962,360
2024-08-07 21:00:00+00:00,Swarm_A,1.5428324013055557e-12,1.2715454e-12,478137.823375,360
2024-08-08 00:00:00+00:00,Swarm_A,1.6541965264166667e-12,1.4102073e-12,478031.93077222223,360
2024-08-08 03:00:00+00:00,Swarm_A,1.7135348704166666e-12,1.52701145e-12,477818.49456666666,360
2024-08-08 06:00:00+00:00,Swarm_A,1.7906139416388891e-12,1.58837455e-12,477736.7169027778,360
2024-08-08 09:00:00+00:00,Swarm_A,1.8468223743333334e-12,1.6163754e-12,477887.87320555554,360
2024-08-08 12:00:00+00:00,Swarm_A,1.8647248121666665e-12,1.6122957e-12,478060.1497416667,360
2024-08-08 15:00:00+00:00,Swarm_A,1.8371689780555557e-12,1.5182817e-12,477947.3464916666,360
2024-08-08 18:00:00+00:00,Swarm_A,1.838064088611111e-12,1.58847775e-12,477457.6120333333,360
2024-08-08 21:00:00+00:00,Swarm_A,1.907522109222222e-12,1.62438015e-12,476935.0406055556,360
2024-08-09 00:00:00+00:00,Swarm_A,1.922130483638889e-12,1.5903369500000001e-12,476879.47477777774,360
2024-08-09 03:00:00+00:00,Swarm_A,1.926021990138889e-12,1.7636351e-12,477395.5760611111,360
2024-08-09 06:00:00+00:00,Swarm_A,1.8767111265277778e-12,1.53683565e-12,477883.59017222223,360
2024-08-09 09:00:00+00:00,Swarm_A,1.91725240325e-12,1.77267505e-12,478037.9451,360
2024-08-09 12:00:00+00:00,Swarm_A,1.9131112589166665e-12,1.625279e-12,477872.2440638889,360
2024-08-09 15:00:00+00:00,Swarm_A,1.9241139400833333e-12,1.6076421e-12,477658.97185,360
2024-08-09 18:00:00+00:00,Swarm_A,1.9418461317222222e-12,1.6112666e-12,477633.90743333334,360
2024-08-09 21:00:00+00:00,Swarm_A,2.033271892388889e-12,1.5959111e-12,477828.11623333336,360
2024-08-10 00:00:00+00:00,Swarm_A,2.1691177446666664e-12,1.8363887499999997e-12,477940.68999444443,360
2024-08-10 03:00:00+00:00,Swarm_A,2.2685311856666666e-12,2.00770975e-12,477796.4230972222,360
2024-08-10 06:00:00+00:00,Swarm_A,2.3636194380555556e-12,2.2703872499999996e-12,477226.63481111114,360
2024-08-10 09:00:00+00:00,Swarm_A,2.2947772197222222e-12,2.0107220999999997e-12,476750.07458055555,360
2024-08-10 12:00:00+00:00,Swarm_A,2.2663198186111113e-12,1.9957484e-12,476804.55771666666,360
2024-08-10 15:00:00+00:00,Swarm_A,2.280404357777778e-12,1.96564155e-12,477371.70825555554,360
2024-08-10 18:00:00+00:00,Swarm_A,2.250577721111111e-12,1.96578005e-12,477798.7375388889,360
2024-08-10 21:00:00+00:00,Swarm_A,2.210674621111111e-12,1.8874526e-12,477887.82061111106,360
2024-08-11 00:00:00+00:00,Swarm_A,2.2813312843055556e-12,2.0079634500000002e-12,477704.79658055556,360
2024-08-11 03:00:00+00:00,Swarm_A,2.5272057666666667e-12,2.2785024e-12,477523.9191416667,360
2024-08-11 06:00:00+00:00,Swarm_A,2.7634568180555556e-12,2.6422886999999997e-12,477518.00255555555,360
2024-08-11 09:00:00+00:00,Swarm_A,2.7313251766666662e-12,2.36262835e-12,477690.27004722226,360
2024-08-11 12:00:00+00:00,Swarm_A,2.743677651944444e-12,2.42830355e-12,477780.6667666667,360
2024-08-11 15:00:00+00:00,Swarm_A,2.6784894272222222e-12,2.4496870499999997e-12,477548.82339722227,360
2024-08-11 18:00:00+00:00,Swarm_A,2.720527719722222e-12,2.48843515e-12,477003.19245000003,360
2024-08-11 21:00:00+00:00,Swarm_A,2.849607862222222e-12,2.775961e-12,476576.74411388894,360
2024-08-12 00:00:00+00:00,Swarm_A,3.1815331394444442e-12,3.1770878499999997e-12,476683.38642500003,360
2024-08-12 03:00:00+00:00,Swarm_A,3.4799031108333336e-12,3.28901635e-12,477267.27228888887,360
2024-08-12 06:00:00+00:00,Swarm_A,3.696540854166666e-12,3.5453237500000002e-12,477678.87806666666,360
2024-08-12 09:00:00+00:00,Swarm_A,3.729727254166667e-12,3.6109908000000002e-12,477702.9623444445,360
2024-08-12 12:00:00+00:00,Swarm_A,3.739512927222222e-12,3.7865011e-12,477465.0498222222,360
2024-08-12 15:00:00+00:00,Swarm_A,3.893539641111111e-12,3.74246425e-12,477283.9219138889,360
2024-08-12 18:00:00+00:00,Swarm_A,3.7420119902777776e-12,3.909607800000001e-12,477337.7912944444,360
2024-08-12 21:00:00+00:00,Swarm_A,3.596793879722222e-12,3.40460865e-12,477533.6063583334,360
2024-08-13 00:00:00+00:00,Swarm_A,3.3120801647222226e-12,3.0352645e-12,477547.77246666665,360
2024-08-13 03:00:00+00:00,Swarm_A,3.040070576111111e-12,2.8570419e-12,477292.14253333333,360
2024-08-13 06:00:00+00:00,Swarm_A,2.7249366136111107e-12,2.3410105000000002e-12,476697.21795277775,360
2024-08-13 09:00:00+00:00,Swarm_A,2.515071206388889e-12,2.0729635999999997e-12,476335.10312222224,360
2024-08-13 12:00:00+00:00,Swarm_A,2.286696889166667e-12,1.8790310499999997e-12,476540.43001666665,360
2024-08-13 15:00:00+00:00,Swarm_A,2.121718045e-12,1.84559305e-12,477153.8024,360
2024-08-13 18:00:00+00:00,Swarm_A,2.0946231361111113e-12,1.85453005e-12,477495.68481388886,360
2024-08-13 21:00:00+00:00,Swarm_A,2.1575782747222224e-12,2.0584992e-12,477483.3805583333,360
2024-08-14 00:00:00+00:00,Swarm_A,2.262757238611111e-12,2.1715250999999997e-12,477265.02732500003,360
2024-08-14 03:00:00+00:00,Swarm_A,2.3873483002777777e-12,2.0936426000000002e-12,477140.13752777776,360
2024-08-14 06:00:00+00:00,Swarm_A,2.2280040850000002e-12,1.98471205e-12,477201.43220277777,360
2024-08-14 09:00:00+00:00,Swarm_A,2.1863373947222224e-12,1.9940429e-12,477370.6297805555,360
2024-08-14 12:00:00+00:00,Swarm_A,2.0628408597222223e-12,1.874615e-12,477382.83658055554,360
2024-08-14 15:00:00+00:00,Swarm_A,2.0649786674444442e-12,1.8525225e-12,477065.2548277778,360
2024-08-14 18:00:00+00:00,Swarm_A,2.0446599905555554e-12,1.78497885e-12,476514.2308805556,360
2024-08-14 21:00:00+00:00,Swarm_A,2.0892693538888887e-12,1.8259061499999996e-12,476202.6588527778,360
2024-08-15 00:00:00+00:00,Swarm_A,2.023452618277778e-12,1.65829415e-12,476453.48016944446,360
2024-08-15 03:00:00+00:00,Swarm_A,1.9673119133888887e-12,1.7947379e-12,477070.21585277776,360
2024-08-15 06:00:00+00:00,Swarm_A,1.924503383888889e-12,1.797753e-12,477408.3330388889,360
2024-08-15 09:00:00+00:00,Swarm_A,1.9170488905555555e-12,1.6329086000000002e-12,477343.9793416666,360
2024-08-15 12:00:00+00:00,Swarm_A,1.938962435861111e-12,1.6466267e-12,477089.6120111111,360
2024-08-15 15:00:00+00:00,Swarm_A,1.938312007888889e-12,1.6687484e-12,476977.83657222224,360
2024-08-15 18:00:00+00:00,Swarm_A,1.9433084915555555e-12,1.772905e-12,477100.13784999994,360
2024-08-15 21:00:00+00:00,Swarm_A,1.991193483333333e-12,1.7505789999999998e-12,477286.2783,360
2024-08-16 00:00:00+00:00,Swarm_A,2.09060170975e-12,1.9323193e-12,477213.7208805555,360
2024-08-16 03:00:00+00:00,Swarm_A,2.1457924194444442e-12,2.1037875e-12,476890.3912416667,360
2024-08-16 06:00:00+00:00,Swarm_A,2.2658026005555558e-12,2.1646931000000003e-12,476314.2924638889,360
2024-08-16 09:00:00+00:00,Swarm_A,2.2920220244444445e-12,2.2664914e-12,476068.99881388893,360
2024-08-16 12:00:00+00:00,Swarm_A,2.1778734719444444e-12,2.0157636e-12,476390.2394361111,360
2024-08-16 15:00:00+00:00,Swarm_A,2.1328128705555555e-12,1.9796688500000003e-12,477011.07845833333,360
2024-08-16 18:00:00+00:00,Swarm_A,1.971719060277778e-12,1.7851466e-12,477273.6188666666,360
2024-08-16 21:00:00+00:00,Swarm_A,1.9322855808333333e-12,1.7511296e-12,477181.5524638889,360
2024-08-17 00:00:00+00:00,Swarm_A,1.9093893734722223e-12,1.728553e-12,476950.9633694444,360
2024-08-17 03:00:00+00:00,Swarm_A,1.8650483239722223e-12,1.75038595e-12,476883.50392499997,360
2024-08-17 06:00:00+00:00,Swarm_A,1.8568510621944443e-12,1.8003080500000001e-12,476993.76149722224,360
2024-08-17 09:00:00+00:00,Swarm_A,1.865418593611111e-12,1.70775445e-12,477145.1406388889,360
2024-08-17 12:00:00+00:00,Swarm_A,1.8829300705555557e-12,1.6928353e-12,477078.1478361111,360
2024-08-17 15:00:00+00:00,Swarm_A,2.2568022044444446e-12,2.24232695e-12,476694.5366972222,360
2024-08-17 18:00:00+00:00,Swarm_A,2.3617945900000003e-12,2.2840309e-12,476156.2838777778,360
2024-08-17 21:00:00+00:00,Swarm_A,2.3961998380555557e-12,2.3147865e-12,475954.9067027777,360
2024-08-18 00:00:00+00:00,Swarm_A,2.2959038508333333e-12,2.0314594e-12,476320.530575,360
2024-08-18 03:00:00+00:00,Swarm_A,2.1942618683333333e-12,2.2021232999999998e-12,476927.8100333333,360
2024-08-18 06:00:00+00:00,Swarm_A,2.0826318394444446e-12,1.99967395e-12,477181.8305888889,360
2024-08-18 09:00:00+00:00,Swarm_A,2.1513138058333336e-12,1.9745104e-12,477039.90380555554,360
2024-08-18 12:00:00+00:00,Swarm_A,2.105888910277778e-12,1.86963795e-12,476786.85021111113,360
2024-08-18 15:00:00+00:00,Swarm_A,2.1097728247222222e-12,1.8658856e-12,476730.0573888889,360
2024-08-18 18:00:00+00:00,Swarm_A,2.029107498611111e-12,1.8365274e-12,476892.7200166667,360
2024-08-18 21:00:00+00:00,Swarm_A,1.933948725e-12,1.7701912e-12,477042.317175,360
2024-08-19 00:00:00+00:00,Swarm_A,1.8840636953055554e-12,1.80693125e-12,476887.6378305555,360
2024-08-19 03:00:00+00:00,Swarm_A,1.859041359861111e-12,1.7896429500000001e-12,476511.6065888889,360
2024-08-19 06:00:00+00:00,Swarm_A,1.829703704638889e-12,1.7074726e-12,475965.06371666666,360
2024-08-19 09:00:00+00:00,Swarm_A,1.8368068851944444e-12,1.61459115e-12,475832.73933333333,360
2024-08-19 12:00:00+00:00,Swarm_A,1.8426098552777777e-12,1.6869412e-12,476247.1480166667,360
2024-08-19 15:00:00+00:00,Swarm_A,1.7812537366666667e-12,1.6283392e-12,476857.70644722227,360
2024-08-19 18:00:00+00:00,Swarm_A,1.829939576111111e-12,1.8209666999999998e-12,477040.1390361111,360
2024-08-19 21:00:00+00:00,Swarm_A,1.9414882258333334e-12,1.9259149e-12,476886.34304166667,360
2024-08-20 00:00:00+00:00,Swarm_A,1.9796689582222225e-12,1.91077135e-12,476656.76909722225,360
2024-08-20 03:00:00+00:00,Swarm_A,2.00617891475e-12,2.01005795e-12,476642.79770833335,360
2024-08-20 06:00:00+00:00,Swarm_A,1.9392756566944443e-12,1.88422605e-12,476785.55235833337,360
2024-08-20 09:00:00+00:00,Swarm_A,1.9524715705555555e-12,1.8696915e-12,476902.6076972222,360
2024-08-20 12:00:00+00:00,Swarm_A,1.9744980733333335e-12,1.8590693499999997e-12,476757.86710555555,360
2024-08-20 15:00:00+00:00,Swarm_A,1.948109017777778e-12,1.8024984e-12,476328.6308388889,360
2024-08-20 18:00:00+00:00,Swarm_A,1.8581310177777775e-12,1.7872481e-12,475825.1017361111,360
2024-08-20 21:00:00+00:00,Swarm_A,1.8054754911666666e-12,1.72870745e-12,475733.2166222222,360
2024-08-21 00:00:00+00:00,Swarm_A,1.7570110632500002e-12,1.6633388e-12,476188.22020555555,360
2024-08-21 03:00:00+00:00,Swarm_A,1.6431350924166666e-12,1.61468465e-12,476768.6785944445,360
2024-08-21 06:00:00+00:00,Swarm_A,1.6985661724444446e-12,1.6299393499999998e-12,476944.07008055557,360
2024-08-21 09:00:00+00:00,Swarm_A,1.6578540119444446e-12,1.487273e-12,476753.2601444445,360
2024-08-21 12:00:00+00:00,Swarm_A,1.7777042916666667e-12,1.66228835e-12,476524.9071083333,360
2024-08-21 15:00:00+00:00,Swarm_A,1.7656705419444445e-12,1.64369255e-12,476521.0405611111,360
2024-08-21 18:00:00+00:00,Swarm_A,1.7451623594444445e-12,1.7741951e-12,476710.25052777777,360
2024-08-21 21:00:00+00:00,Swarm_A,1.6988083794444444e-12,1.66367485e-12,476815.1252361111,360
2024-08-22 00:00:00+00:00,Swarm_A,1.735426966388889e-12,1.6414237e-12,476602.10064722225,360
2024-08-22 03:00:00+00:00,Swarm_A,1.7316872753333333e-12,1.7266614e-12,476178.7162444444,360
2024-08-22 06:00:00+00:00,Swarm_A,1.7501404916666666e-12,1.67830895e-12,475675.65588333335,360
2024-08-22 09:00:00+00:00,Swarm_A,1.7685605919444445e-12,1.66961385e-12,475643.66290555557,360
2024-08-22 12:00:00+00:00,Swarm_A,1.7327062427777779e-12,1.63417545e-12,476130.50345555553,360
2024-08-22 15:00:00+00:00,Swarm_A,1.6792037713888888e-12,1.58291385e-12,476706.51550277777,360
2024-08-22 18:00:00+00:00,Swarm_A,1.5689234126388887e-12,1.5961791e-12,476812.8255305556,360
2024-08-22 21:00:00+00:00,Swarm_A,1.581858659222222e-12,1.57213475e-12,476617.47077222227,360
2024-08-23 00:00:00+00:00,Swarm_A,1.5148646259444445e-12,1.41027245e-12,476410.77810277784,360
2024-08-23 03:00:00+00:00,Swarm_A,1.4534360026111111e-12,1.39949145e-12,476446.97219722223,360
2024-08-23 06:00:00+00:00,Swarm_A,1.5802153827777778e-12,1.52544205e-12,476604.8011194444,360
2024-08-23 09:00:00+00:00,Swarm_A,1.5109196488055554e-12,1.42644145e-12,476680.3134111111,360
2024-08-23 12:00:00+00:00,Swarm_A,1.5814971133333334e-12,1.39025565e-12,476474.8370416667,360
2024-08-23 15:00:00+00:00,Swarm_A,1.5196768567222222e-12,1.4410219500000002e-12,476022.57076111116,360
2024-08-23 18:00:00+00:00,Swarm_A,1.532115756277778e-12,1.5318708500000001e-12,475563.11889166664,360
2024-08-23 21:00:00+00:00,Swarm_A,1.5819007314166666e-12,1.5564876999999998e-12,475565.05083888886,360
2024-08-24 00:00:00+00:00,Swarm_A,1.5878931233055555e-12,1.5958815e-12,476082.22514166665,360
2024-08-24 03:00:00+00:00,Swarm_A,1.5765921386388888e-12,1.56839455e-12,476625.16464166663,360
2024-08-24 06:00:00+00:00,Swarm_A,1.5747386980277777e-12,1.5332457500000001e-12,476728.1991444444,360
2024-08-24 09:00:00+00:00,Swarm_A,1.6608267549999999e-12,1.63420285e-12,476503.8883444444,360
2024-08-24 12:00:00+00:00,Swarm_A,1.669415943888889e-12,1.5496344499999999e-12,476302.23370277777,360
2024-08-24 15:00:00+00:00,Swarm_A,1.7035762283333332e-12,1.6589931000000002e-12,476341.00600277784,360
2024-08-24 18:00:00+00:00,Swarm_A,1.5943170563333333e-12,1.64271305e-12,476541.5999944444,360
2024-08-24 21:00:00+00:00,Swarm_A,1.6134201649444444e-12,1.700241e-12,476600.25416666665,360
2024-08-25 00:00:00+00:00,Swarm_A,1.570371124888889e-12,1.54096685e-12,476345.0101472222,360
2024-08-25 03:00:00+00:00,Swarm_A,1.5695371268888889e-12,1.65411155e-12,475886.39715833333,360
2024-08-25 06:00:00+00:00,Swarm_A,1.5248392976388889e-12,1.47181145e-12,475430.98483055556,360
2024-08-25 09:00:00+00:00,Swarm_A,1.493663219277778e-12,1.4126357499999999e-12,475490.2076388889,360
2024-08-25 12:00:00+00:00,Swarm_A,1.4403007186666668e-12,1.3559097499999999e-12,476036.83814444445,360
2024-08-25 15:00:00+00:00,Swarm_A,1.4061550910277776e-12,1.3587222e-12,476563.53036944446,360
2024-08-25 18:00:00+00:00,Swarm_A,1.3332603121944443e-12,1.33465855e-12,476610.36526666663,360
2024-08-25 21:00:00+00:00,Swarm_A,1.3657550807777778e-12,1.3377742499999999e-12,476387.96904166666,360
2024-08-26 00:00:00+00:00,Swarm_A,1.3850491305277778e-12,1.3664892500000001e-12,476214.8653194444,360
2024-08-26 03:00:00+00:00,Swarm_A,1.4158073445833335e-12,1.4229578000000002e-12,476284.37583055557,360
2024-08-26 06:00:00+00:00,Swarm_A,1.4456048800833332e-12,1.3860038500000002e-12,476443.2880138889,360
2024-08-26 09:00:00+00:00,Swarm_A,1.5179184053055556e-12,1.39664445e-12,476471.9469861111,360
2024-08-26 12:00:00+00:00,Swarm_A,1.5454908807777776e-12,1.4172332999999999e-12,476222.3034222222,360
2024-08-26 15:00:00+00:00,Swarm_A,1.592079550111111e-12,1.6152175499999999e-12,475751.4696611111,360
2024-08-26 18:00:00+00:00,Swarm_A,1.5490560060833332e-12,1.5527647499999999e-12,475333.8382555556,360
2024-08-26 21:00:00+00:00,Swarm_A,1.504267170138889e-12,1.46275705e-12,475412.41267222224,360
2024-08-27 00:00:00+00:00,Swarm_A,1.4590836254722223e-12,1.39873455e-12,475978.5594861111,360
2024-08-27 03:00:00+00:00,Swarm_A,1.4258859790555557e-12,1.4477055e-12,476483.8005527778,360
2024-08-27 06:00:00+00:00,Swarm_A,1.4056741623055556e-12,1.40018955e-12,476522.6842638889,360
2024-08-27 09:00:00+00:00,Swarm_A,1.4952209879444443e-12,1.3584417e-12,476275.78528055554,360
2024-08-27 12:00:00+00:00,Swarm_A,1.6234285933333335e-12,1.53929755e-12,476101.7658027778,360
2024-08-27 15:00:00+00:00,Swarm_A,1.6584495148888887e-12,1.6941099e-12,476181.24234166666,360
2024-08-27 18:00:00+00:00,Swarm_A,1.6763007330555556e-12,1.63998605e-12,476381.4362861111,360
2024-08-27 21:00:00+00:00,Swarm_A,1.8014361038888889e-12,1.9262288e-12,476390.86818333337,360
2024-08-28 00:00:00+00:00,Swarm_A,1.9425813061111113e-12,1.96484945e-12,476097.68314999994,360
2024-08-28 03:00:00+00:00,Swarm_A,2.1449718455555555e-12,2.3120539500000003e-12,475612.2022166667,360
2024-08-28 06:00:00+00:00,Swarm_A,2.2817789380555558e-12,2.3159721500000003e-12,475205.2360833334,360
2024-08-28 09:00:00+00:00,Swarm_A,2.339901162222222e-12,2.40852045e-12,475335.2829027778,360
2024-08-28 12:00:00+00:00,Swarm_A,2.276329185e-12,2.2082292e-12,475916.31893888884,360
2024-08-28 15:00:00+00:00,Swarm_A,2.1086159061111114e-12,2.13276435e-12,476384.7227555556,360
2024-08-28 18:00:00+00:00,Swarm_A,1.9623933830555558e-12,2.03638075e-12,476379.13543611113,360
2024-08-28 21:00:00+00:00,Swarm_A,1.964291220833333e-12,1.86688395e-12,476140.40606111113,360
2024-08-29 00:00:00+00:00,Swarm_A,1.925055397222222e-12,1.82849425e-12,475998.63708055555,360
2024-08-29 03:00:00+00:00,Swarm_A,1.7984445880555556e-12,1.755128e-12,476092.36962777784,360
2024-08-29 06:00:00+00:00,Swarm_A,1.707555631388889e-12,1.74338245e-12,476244.5817888889,360
2024-08-29 09:00:00+00:00,Swarm_A,1.6608919477777778e-12,1.58884865e-12,476231.0473194444,360
2024-08-29 12:00:00+00:00,Swarm_A,1.6228127855555555e-12,1.55016915e-12,475948.52681388886,360
2024-08-29 15:00:00+00:00,Swarm_A,1.5905426449999999e-12,1.56549515e-12,475462.43254722224,360
2024-08-29 18:00:00+00:00,Swarm_A,1.5654329005e-12,1.5776446e-12,475089.7154472222,360
2024-08-29 21:00:00+00:00,Swarm_A,1.5680067076666666e-12,1.57301085e-12,475226.68673055555,360
2024-08-30 00:00:00+00:00,Swarm_A,1.5702689038888888e-12,1.6038155000000002e-12,475831.58233055554,360
2024-08-30 03:00:00+00:00,Swarm_A,1.5918768337499998e-12,1.64426595e-12,476289.87281111116,360
2024-08-30 06:00:00+00:00,Swarm_A,1.6245249563888889e-12,1.67441935e-12,476277.8433305556,360
2024-08-30 09:00:00+00:00,Swarm_A,1.8039337391666667e-12,1.70844105e-12,476016.7403611111,360
2024-08-30 12:00:00+00:00,Swarm_A,2.0024590002777778e-12,1.97924695e-12,475868.8686277778,360
2024-08-30 15:00:00+00:00,Swarm_A,2.0884782925e-12,2.1828555999999997e-12,475977.22993611114,360
2024-08-30 18:00:00+00:00,Swarm_A,2.2660027e-12,2.39226325e-12,476164.4198083334,360
2024-08-30 21:00:00+00:00,Swarm_A,2.2741869375e-12,2.26623465e-12,476126.13371944445,360
2024-08-31 00:00:00+00:00,Swarm_A,2.3165068705555557e-12,2.39846175e-12,475803.23910277773,360
2024-08-31 03:00:00+00:00,Swarm_A,2.3372741530555557e-12,2.4263864499999997e-12,475308.56175555557,360
2024-08-31 06:00:00+00:00,Swarm_A,2.287930333611111e-12,2.3051225e-12,474947.93683888885,360
2024-08-31 09:00:00+00:00,Swarm_A,2.0939351505555555e-12,2.0362226e-12,475133.83081388887,360
2024-08-31 12:00:00+00:00,Swarm_A,2.021546425e-12,1.9887574500000002e-12,475735.97513333336,360
2024-08-31 15:00:00+00:00,Swarm_A,1.967083211666667e-12,1.8746956e-12,476158.0035666667,360
2024-08-31 18:00:00+00:00,Swarm_A,1.9516466391666665e-12,1.9511657e-12,476124.60729722225,360
2024-08-31 21:00:00+00:00,Swarm_A,2.0732198769444446e-12,2.1488858e-12,475879.11475,360
2024-09-01 00:00:00+00:00,Swarm_A,1.9878656074999997e-12,1.9973395e-12,475761.0750055556,360
2024-09-01 03:00:00+00:00,Swarm_A,2.0396361508333334e-12,2.05264685e-12,475869.68333333335,360
2024-09-01 06:00:00+00:00,Swarm_A,1.9505118566666668e-12,2.0295053999999997e-12,476016.6099555555,360
2024-09-01 09:00:00+00:00,Swarm_A,1.865991260277778e-12,1.8878487e-12,475973.5646583334,360
2024-09-01 12:00:00+00:00,Swarm_A,1.8895591958333336e-12,1.8529236e-12,475663.37550277775,360
2024-09-01 15:00:00+00:00,Swarm_A,1.9385912361111113e-12,1.9999886000000002e-12,475166.9262111111,360
2024-09-01 18:00:00+00:00,Swarm_A,1.8874682866666665e-12,1.89881e-12,474829.99480833334,360
2024-09-01 21:00:00+00:00,Swarm_A,1.8851840255555553e-12,1.94496395e-12,475012.4729611111,360
2024-09-02 00:00:00+00:00,Swarm_A,1.8379338441666664e-12,1.9075072500000002e-12,475639.34993333335,360
2024-09-02 03:00:00+00:00,Swarm_A,1.7768565569444446e-12,1.819367e-12,476055.6532111111,360
2024-09-02 06:00:00+00:00,Swarm_A,1.7820739613888888e-12,1.8037608e-12,476010.50625277776,360
2024-09-02 09:00:00+00:00,Swarm_A,1.7999610175e-12,1.7208373e-12,475744.54021111113,360
2024-09-02 12:00:00+00:00,Swarm_A,1.872263746111111e-12,1.77778575e-12,475622.1604,360
2024-09-02 15:00:00+00:00,Swarm_A,1.9729741316666668e-12,2.0630214e-12,475743.2616472222,360
2024-09-02 18:00:00+00:00,Swarm_A,1.9324107494444443e-12,2.00682205e-12,475921.9090944444,360
2024-09-02 21:00:00+00:00,Swarm_A,1.9285602161111112e-12,1.98767055e-12,475850.87402222224,360
2024-09-03 00:00:00+00:00,Swarm_A,1.8886009775e-12,1.99291085e-12,475517.64643055556,360
2024-09-03 03:00:00+00:00,Swarm_A,1.911260734444444e-12,2.0034527e-12,475016.1991361111,360
2024-09-03 06:00:00+00:00,Swarm_A,2.0274292380555555e-12,2.0958231e-12,474692.5589361111,360
2024-09-03 09:00:00+00:00,Swarm_A,2.1349774444444446e-12,2.09117265e-12,474918.63766944443,360
2024-09-03 12:00:00+00:00,Swarm_A,2.114306106388889e-12,2.04531635e-12,475532.52644166665,360
2024-09-03 15:00:00+00:00,Swarm_A,1.9794060494444445e-12,2.01587485e-12,475921.52747222217,360
2024-09-03 18:00:00+00:00,Swarm_A,1.9071542869444445e-12,2.0153909e-12,475867.28972777777,360
2024-09-03 21:00:00+00:00,Swarm_A,1.9236484413888888e-12,1.9752897e-12,475621.72476111114,360
2024-09-04 00:00:00+00:00,Swarm_A,1.9267909008333334e-12,2.02656765e-12,475516.3509805555,360
2024-09-04 03:00:00+00:00,Swarm_A,1.9068850386111113e-12,1.9847050500000003e-12,475633.8541777778,360
2024-09-04 06:00:00+00:00,Swarm_A,1.966775143888889e-12,1.99416545e-12,475783.3590305555,360
2024-09-04 09:00:00+00:00,Swarm_A,2.1598874883333333e-12,2.0970430000000002e-12,475721.64520277776,360
2024-09-04 12:00:00+00:00,Swarm_A,2.329167116666667e-12,2.24873995e-12,475384.77880555554,360
2024-09-04 15:00:00+00:00,Swarm_A,2.348689338611111e-12,2.38225445e-12,474877.48118888884,360
2024-09-04 18:00:00+00:00,Swarm_A,2.2831826238888887e-12,2.2998895e-12,474569.5335611111,360
2024-09-04 21:00:00+00:00,Swarm_A,2.3011944272222223e-12,2.3366337e-12,474788.0900444445,360
2024-09-05 00:00:00+00:00,Swarm_A,2.175253723611111e-12,2.2902239e-12,475419.65375555557,360
2024-09-05 03:00:00+00:00,Swarm_A,2.1623606322222222e-12,2.2903061e-12,475802.4374277778,360
2024-09-05 06:00:00+00:00,Swarm_A,2.2006635438888887e-12,2.2855308e-12,475737.39827500004,360
2024-09-05 09:00:00+00:00,Swarm_A,2.199040777777778e-12,2.20261595e-12,475474.82550000004,360
2024-09-05 12:00:00+00:00,Swarm_A,2.2252253177777778e-12,2.2228389999999997e-12,475366.8799638889,360
2024-09-05 15:00:00+00:00,Swarm_A,2.1745122605555555e-12,2.2039799999999997e-12,475495.80402777775,360
2024-09-05 18:00:00+00:00,Swarm_A,2.1077856483333334e-12,2.1078241499999998e-12,475666.551125,360
2024-09-05 21:00:00+00:00,Swarm_A,2.12061689e-12,2.1390850500000003e-12,475572.3453333333,360
2024-09-06 00:00:00+00:00,Swarm_A,2.0833493530555555e-12,2.2036372999999997e-12,475237.42284444446,360
2024-09-06 03:00:00+00:00,Swarm_A,2.0862402866666668e-12,2.26601975e-12,474713.6199222222,360
2024-09-06 06:00:00+00:00,Swarm_A,2.142646005277778e-12,2.27146235e-12,474416.1751222222,360
2024-09-06 09:00:00+00:00,Swarm_A,2.1595220452777778e-12,2.1550397e-12,474666.1781805556,360
2024-09-06 12:00:00+00:00,Swarm_A,2.2764931497222223e-12,2.2303729e-12,475292.5119055556,360
2024-09-06 15:00:00+00:00,Swarm_A,2.1532515858333333e-12,2.2048381e-12,475647.35065555555,360
2024-09-06 18:00:00+00:00,Swarm_A,2.1029587580555556e-12,2.1581149e-12,475582.62367777777,360
2024-09-06 21:00:00+00:00,Swarm_A,2.1126235586111113e-12,2.1709634500000002e-12,475340.02690000006,360
2024-09-07 00:00:00+00:00,Swarm_A,2.1564213233333334e-12,2.2984568999999997e-12,475241.8414138889,360
2024-09-07 03:00:00+00:00,Swarm_A,2.1579753963888887e-12,2.21241165e-12,475360.84164166666,360
2024-09-07 06:00:00+00:00,Swarm_A,2.196687333611111e-12,2.31700155e-12,475508.67672222224,360
2024-09-07 09:00:00+00:00,Swarm_A,2.2432103775e-12,2.2603812e-12,475440.77606944443,360
2024-09-07 12:00:00+00:00,Swarm_A,2.3092977705555555e-12,2.37048475e-12,475085.67139722226,360
2024-09-07 15:00:00+00:00,Swarm_A,2.2243355833333334e-12,2.2495450500000002e-12,474573.454425,360
2024-09-07 18:00:00+00:00,Swarm_A,2.181405590277778e-12,2.21912605e-12,474284.7188444445,360
2024-09-07 21:00:00+00:00,Swarm_A,2.154451538888889e-12,2.22791375e-12,474527.2161305556,360
2024-09-08 00:00:00+00:00,Swarm_A,2.0941956297222223e-12,2.2580373e-12,475154.5217277778,360
2024-09-08 03:00:00+00:00,Swarm_A,2.0947616327777777e-12,2.25120455e-12,475516.74729722226,360
2024-09-08 06:00:00+00:00,Swarm_A,2.1264745055555555e-12,2.28691035e-12,475449.56529166666,360
2024-09-08 09:00:00+00:00,Swarm_A,2.165681528888889e-12,2.1944447999999996e-12,475199.53263888886,360
2024-09-08 12:00:00+00:00,Swarm_A,2.203595536388889e-12,2.2585041999999997e-12,475096.05522222223,360
2024-09-08 15:00:00+00:00,Swarm_A,2.1332428388888887e-12,2.18756185e-12,475226.1422694445,360
2024-09-08 18:00:00+00:00,Swarm_A,2.15772268e-12,2.2370334e-12,475395.0695527778,360
2024-09-08 21:00:00+00:00,Swarm_A,2.134923052777778e-12,2.19034e-12,475299.78111111105,360
2024-09-09 00:00:00+00:00,Swarm_A,2.201548129166667e-12,2.3567248e-12,474968.03059722215,360
2024-09-09 03:00:00+00:00,Swarm_A,2.242437310833333e-12,2.3933251000000003e-12,474421.73090277775,360
2024-09-09 06:00:00+00:00,Swarm_A,2.324476084722222e-12,2.4227862e-12,474134.35195555555,360
2024-09-09 09:00:00+00:00,Swarm_A,2.3418572894444443e-12,2.341103e-12,474396.14236388885,360
2024-09-09 12:00:00+00:00,Swarm_A,2.2539831075e-12,2.28485835e-12,475029.54203611106,360
2024-09-09 15:00:00+00:00,Swarm_A,2.2525794225e-12,2.30528185e-12,475360.1694055556,360
2024-09-09 18:00:00+00:00,Swarm_A,2.2342291511111113e-12,2.27408155e-12,475298.3435527778,360
2024-09-09 21:00:00+00:00,Swarm_A,2.29716159e-12,2.3812935000000002e-12,475063.0621194445,360
2024-09-10 00:00:00+00:00,Swarm_A,2.263517735833333e-12,2.3738297999999997e-12,474972.3605305556,360
2024-09-10 03:00:00+00:00,Swarm_A,2.193374395277778e-12,2.26373105e-12,475077.58003055555,360
2024-09-10 06:00:00+00:00,Swarm_A,2.1775293058333333e-12,2.2706911999999998e-12,475225.2173805556,360
2024-09-10 09:00:00+00:00,Swarm_A,2.1619692802777777e-12,2.25761775e-12,475162.6926694444,360
2024-09-10 12:00:00+00:00,Swarm_A,2.0955201669444447e-12,2.18190245e-12,474808.2322138889,360
2024-09-10 15:00:00+00:00,Swarm_A,2.038395581111111e-12,2.1074472000000003e-12,474286.2053805556,360
2024-09-10 18:00:00+00:00,Swarm_A,1.9619530152777778e-12,2.0150753e-12,473999.2187555556,360
2024-09-10 21:00:00+00:00,Swarm_A,1.9361213372222224e-12,2.0120783e-12,474251.5204222222,360
2024-09-11 00:00:00+00:00,Swarm_A,1.8460564616666667e-12,1.9822876e-12,474872.8953805556,360
2024-09-11 03:00:00+00:00,Swarm_A,1.8354363475e-12,1.9522545999999997e-12,475230.19389166665,360
2024-09-11 06:00:00+00:00,Swarm_A,1.869254367777778e-12,1.9459247e-12,475172.55090555554,360
2024-09-11 09:00:00+00:00,Swarm_A,1.9041255855555554e-12,1.9490699e-12,474934.1879444444,360
2024-09-11 12:00:00+00:00,Swarm_A,1.9594806475e-12,1.97687605e-12,474826.8501694444,360
2024-09-11 15:00:00+00:00,Swarm_A,1.9493252222222223e-12,1.9982231999999998e-12,474952.4267194444,360
2024-09-11 18:00:00+00:00,Swarm_A,2.0589678972222226e-12,2.117719e-12,475125.4205111111,360
2024-09-11 21:00:00+00:00,Swarm_A,2.0407586900000003e-12,2.1750304999999998e-12,475043.7584527778,360
2024-09-12 00:00:00+00:00,Swarm_A,2.0370715869444444e-12,2.1690435000000002e-12,474719.72168333334,360
2024-09-12 03:00:00+00:00,Swarm_A,2.0461389783333333e-12,2.0641781e-12,474149.9008527778,360
2024-09-12 06:00:00+00:00,Swarm_A,2.2906749944444446e-12,2.21416835e-12,473860.4637777778,360
2024-09-12 09:00:00+00:00,Swarm_A,2.650243962222222e-12,2.64433855e-12,474125.75189444446,360
2024-09-12 12:00:00+00:00,Swarm_A,3.0607599752777776e-12,3.08826165e-12,474755.574675,360
2024-09-12 15:00:00+00:00,Swarm_A,3.0711471425e-12,3.06705475e-12,475072.81789444445,360
2024-09-12 18:00:00+00:00,Swarm_A,3.4453597816666666e-12,3.3609568e-12,475017.84709444444,360
2024-09-12 21:00:00+00:00,Swarm_A,3.2144459230555556e-12,3.2639685500000002e-12,474791.04175833333,360
2024-09-13 00:00:00+00:00,Swarm_A,3.047676762777778e-12,3.0918928999999997e-12,474696.7920444445,360
2024-09-13 03:00:00+00:00,Swarm_A,2.6682034391666666e-12,2.70480575e-12,474780.73615,360
2024-09-13 06:00:00+00:00,Swarm_A,2.4190472194444445e-12,2.4612412e-12,474926.80701111106,360
2024-09-13 09:00:00+00:00,Swarm_A,2.2722067277777777e-12,2.3337174e-12,474881.3312666667,360
2024-09-13 12:00:00+00:00,Swarm_A,2.2494102522222223e-12,2.2409417e-12,474536.1421055555,360
2024-09-13 15:00:00+00:00,Swarm_A,2.1701405499999998e-12,2.1843902e-12,473995.26749166666,360
2024-09-13 18:00:00+00:00,Swarm_A,2.094993458611111e-12,2.1293125499999998e-12,473693.0652527778,360
2024-09-13 21:00:00+00:00,Swarm_A,2.210785363611111e-12,2.2160770500000003e-12,473934.98964166665,360
2024-09-14 00:00:00+00:00,Swarm_A,2.0492883330555556e-12,2.1536311000000002e-12,474553.2705333333,360
2024-09-14 03:00:00+00:00,Swarm_A,2.0043363863888887e-12,1.9750388e-12,474912.092525,360
2024-09-14 06:00:00+00:00,Swarm_A,1.830149640833333e-12,1.88651245e-12,474872.6624916667,360
2024-09-14 09:00:00+00:00,Swarm_A,1.851913389722222e-12,1.90500115e-12,474642.21955277777,360
2024-09-14 12:00:00+00:00,Swarm_A,1.8431034830555554e-12,1.87288155e-12,474527.8923111111,360
2024-09-14 15:00:00+00:00,Swarm_A,1.7683685641666666e-12,1.81564425e-12,474642.33461111115,360
2024-09-14 18:00:00+00:00,Swarm_A,1.7425785500000002e-12,1.6739011e-12,474821.2580833333,360
2024-09-14 21:00:00+00:00,Swarm_A,1.6991292549999999e-12,1.7302283499999998e-12,474762.801275,360
2024-09-15 00:00:00+00:00,Swarm_A,1.7308255283333335e-12,1.7486876e-12,471952.6088666667,300
2024-09-15 03:00:00+00:00,Swarm_A,1.6742526599999999e-12,1.66066935e-12,473869.8343027778,360
2024-09-15 06:00:00+00:00,Swarm_A,1.691049328888889e-12,1.6996872e-12,473563.79150555556,360
2024-09-15 09:00:00+00:00,Swarm_A,1.6395477261111109e-12,1.6419792000000002e-12,473818.2940638889,360
2024-09-15 12:00:00+00:00,Swarm_A,1.8489579527777778e-12,1.7648088e-12,474443.0926972222,360
2024-09-15 15:00:00+00:00,Swarm_A,1.7462072672222224e-12,1.6894478999999998e-12,474770.91329166666,360
2024-09-15 18:00:00+00:00,Swarm_A,1.7293096305555554e-12,1.7001525e-12,474753.4257305556,360
2024-09-15 21:00:00+00:00,Swarm_A,1.6714226627777779e-12,1.6938397e-12,474554.1057888889,360
2024-09-16 00:00:00+00:00,Swarm_A,1.6368746000000001e-12,1.5939642499999998e-12,474457.7777277778,360
2024-09-16 03:00:00+00:00,Swarm_A,1.6141680141944444e-12,1.63420565e-12,474527.6923055555,360
2024-09-16 06:00:00+00:00,Swarm_A,1.6751729758333333e-12,1.69314415e-12,474681.53259444446,360
2024-09-16 09:00:00+00:00,Swarm_A,1.8065020113888888e-12,1.8386959500000003e-12,474674.05569722224,360
2024-09-16 12:00:00+00:00,Swarm_A,1.8748218175e-12,1.8703845499999998e-12,474348.64571388887,360
2024-09-16 15:00:00+00:00,Swarm_A,1.839027780277778e-12,1.81416735e-12,473793.33716111106,360
2024-09-16 18:00:00+00:00,Swarm_A,1.701009554722222e-12,1.66744e-12,473462.3168611111,360
2024-09-16 21:00:00+00:00,Swarm_A,1.6673606783333334e-12,1.67337495e-12,473682.02621944447,360
2024-09-17 00:00:00+00:00,Swarm_A,1.7106292586363635e-12,1.6660156500000001e-12,476665.04712272726,220
2024-09-17 03:00:00+00:00,Swarm_A,2.2456359336666667e-12,2.2006492000000003e-12,472425.19873666664,300
2024-09-17 06:00:00+00:00,Swarm_A,2.321437340555556e-12,2.3131596999999996e-12,474655.7844638889,360
2024-09-17 09:00:00+00:00,Swarm_A,2.505205696388889e-12,2.4386822e-12,474431.6076083333,360
2024-09-17 12:00:00+00:00,Swarm_A,2.4680187577777777e-12,2.4548547999999997e-12,474304.52151666663,360
2024-09-17 15:00:00+00:00,Swarm_A,2.177336405277778e-12,2.12639e-12,474390.143575,360
2024-09-17 18:00:00+00:00,Swarm_A,1.9587690025e-12,1.9998310499999998e-12,474572.11490277783,360
2024-09-17 21:00:00+00:00,Swarm_A,1.7657683519444445e-12,1.823515e-12,474542.90808333334,360
2024-09-18 00:00:00+00:00,Swarm_A,1.605350991388889e-12,1.64081435e-12,474260.1026138889,360
2024-09-18 03:00:00+00:00,Swarm_A,1.4245814384722224e-12,1.43012675e-12,473665.9842472222,360
2024-09-18 06:00:00+00:00,Swarm_A,1.3361315224166668e-12,1.3233504999999999e-12,473327.80806944444,360
2024-09-18 09:00:00+00:00,Swarm_A,1.2994057796944442e-12,1.34605685e-12,473550.86994444445,360
2024-09-18 12:00:00+00:00,Swarm_A,1.3155290815e-12,1.3181579500000001e-12,474159.6621777778,360
2024-09-18 15:00:00+00:00,Swarm_A,1.30247339425e-12,1.27513525e-12,474511.1989361112,360
2024-09-18 18:00:00+00:00,Swarm_A,1.2558006416666666e-12,1.2283687e-12,474536.093975,360
2024-09-18 21:00:00+00:00,Swarm_A,1.2953963535e-12,1.2650109e-12,474356.81152222224,360
2024-09-19 00:00:00+00:00,Swarm_A,1.3644342678611111e-12,1.2791357500000001e-12,474240.43213055556,360
2024-09-19 03:00:00+00:00,Swarm_A,1.4573970461111113e-12,1.3941844e-12,474285.30165000004,360
2024-09-19 06:00:00+00:00,Swarm_A,1.456944355e-12,1.4461836499999999e-12,474450.60410000006,360
2024-09-19 09:00:00+00:00,Swarm_A,1.4822604575e-12,1.47126335e-12,474486.1964833333,360
2024-09-19 12:00:00+00:00,Swarm_A,1.5902758447222224e-12,1.6363205e-12,474188.9394638889,360
2024-09-19 15:00:00+00:00,Swarm_A,1.638086941388889e-12,1.61344485e-12,473619.96558055555,360
2024-09-19 18:00:00+00:00,Swarm_A,1.6292504211111113e-12,1.6319149e-12,473248.77845277777,360
2024-09-19 21:00:00+00:00,Swarm_A,1.5553051330555555e-12,1.57764465e-12,473436.1090666667,360
2024-09-20 00:00:00+00:00,Swarm_A,1.3884166879166667e-12,1.3472609e-12,474028.68221111107,360
2024-09-20 03:00:00+00:00,Swarm_A,1.3356481802777777e-12,1.2956908000000002e-12,474426.0334194444,360
2024-09-20 06:00:00+00:00,Swarm_A,1.3062796912222223e-12,1.2723981e-12,474463.46603055554,360
2024-09-20 09:00:00+00:00,Swarm_A,1.2769071392222222e-12,1.2460635e-12,474264.46816111106,360
2024-09-20 12:00:00+00:00,Swarm_A,1.2929413607222224e-12,1.2477186e-12,474125.62737222225,360
2024-09-20 15:00:00+00:00,Swarm_A,1.2514309266666667e-12,1.2259422e-12,474183.7904861111,360
2024-09-20 18:00:00+00:00,Swarm_A,1.2543488391666667e-12,1.2066109e-12,474375.3166611111,360
2024-09-20 21:00:00+00:00,Swarm_A,1.2508079848055555e-12,1.26240425e-12,474390.065925,360
2024-09-21 00:00:00+00:00,Swarm_A,1.2353332685555554e-12,1.14359665e-12,474143.56388333335,360
2024-09-21 03:00:00+00:00,Swarm_A,1.260011751111111e-12,1.2203648e-12,473538.01132222224,360
2024-09-21 06:00:00+00:00,Swarm_A,1.3005280918333333e-12,1.2148502e-12,473158.5673222222,360
2024-09-21 09:00:00+00:00,Swarm_A,1.3024842448611111e-12,1.25865045e-12,473337.2148388889,360
2024-09-21 12:00:00+00:00,Swarm_A,1.2904420785833334e-12,1.2348965e-12,473923.49621388887,360
2024-09-21 15:00:00+00:00,Swarm_A,1.2400595099444445e-12,1.15668965e-12,474301.76034166664,360
2024-09-21 18:00:00+00:00,Swarm_A,1.2806639091944445e-12,1.1967382e-12,474373.9179083333,360
2024-09-21 21:00:00+00:00,Swarm_A,1.262886532611111e-12,1.27678595e-12,474213.80901666667,360
2024-09-22 00:00:00+00:00,Swarm_A,1.2488054464166667e-12,1.18717095e-12,474071.68934166664,360
2024-09-22 03:00:00+00:00,Swarm_A,1.2260433966944445e-12,1.1196638499999999e-12,474089.5971861111,360
2024-09-22 06:00:00+00:00,Swarm_A,1.2456331714166665e-12,1.1791203e-12,474265.323425,360
2024-09-22 09:00:00+00:00,Swarm_A,1.3294986408888889e-12,1.2500099999999998e-12,474345.7469833334,360
2024-09-22 12:00:00+00:00,Swarm_A,1.2995704538888888e-12,1.20915855e-12,474083.46117777773,360
2024-09-22 15:00:00+00:00,Swarm_A,1.3229177549166667e-12,1.21809325e-12,473506.6744222222,360
2024-09-22 18:00:00+00:00,Swarm_A,1.308691593972222e-12,1.2282368e-12,473094.54984166665,360
2024-09-22 21:00:00+00:00,Swarm_A,1.31832549675e-12,1.2601842e-12,473239.43150277773,360
2024-09-23 00:00:00+00:00,Swarm_A,1.2909059163055555e-12,1.17552185e-12,473799.2319722222,360
2024-09-23 03:00:00+00:00,Swarm_A,1.2735753095e-12,1.1814665999999999e-12,474218.0849888889,360
2024-09-23 06:00:00+00:00,Swarm_A,1.3071233391944442e-12,1.2268494999999999e-12,474309.2557472222,360
2024-09-23 09:00:00+00:00,Swarm_A,1.4207732161666667e-12,1.4406871e-12,474142.3021694444,360
2024-09-23 12:00:00+00:00,Swarm_A,1.5704814747222222e-12,1.5402673e-12,473979.2382805555,360
2024-09-23 15:00:00+00:00,Swarm_A,1.7148156661111112e-12,1.7734081e-12,474000.947125,360
2024-09-23 18:00:00+00:00,Swarm_A,1.6962416941666668e-12,1.5931641e-12,474190.37645000004,360
2024-09-23 21:00:00+00:00,Swarm_A,1.6516463747222223e-12,1.54174755e-12,474255.35162777774,360
2024-09-24 00:00:00+00:00,Swarm_A,1.6007621885277778e-12,1.48156275e-12,474039.21661666664,360
2024-09-24 03:00:00+00:00,Swarm_A,1.5781223202777778e-12,1.44011575e-12,473425.52564722224,360
2024-09-24 06:00:00+00:00,Swarm_A,1.6081138616666667e-12,1.54987145e-12,472999.2131527778,360
2024-09-24 09:00:00+00:00,Swarm_A,1.6655178750000001e-12,1.6184153e-12,473125.7674416667,360
2024-09-24 12:00:00+00:00,Swarm_A,1.8227653772222224e-12,1.8053569000000001e-12,473674.61881666665,360
2024-09-24 15:00:00+00:00,Swarm_A,1.7934071527777778e-12,1.768587e-12,474069.15932499996,360
2024-09-24 18:00:00+00:00,Swarm_A,1.7901660044444444e-12,1.70392355e-12,474192.97137222224,360
2024-09-24 21:00:00+00:00,Swarm_A,1.7854230141666665e-12,1.65804625e-12,474061.0521277778,360
2024-09-25 00:00:00+00:00,Swarm_A,1.8368492233333334e-12,1.7610675e-12,473892.56600555556,360
2024-09-25 03:00:00+00:00,Swarm_A,1.8373585133333333e-12,1.7484585e-12,473870.5961027778,360
2024-09-25 06:00:00+00:00,Swarm_A,2.037632625277778e-12,1.9363168e-12,474044.93768611114,360
2024-09-25 09:00:00+00:00,Swarm_A,1.9435320269444446e-12,1.858258e-12,474165.5432277778,360
2024-09-25 12:00:00+00:00,Swarm_A,2.0578703519444445e-12,2.06780105e-12,473946.4045638889,360
2024-09-25 15:00:00+00:00,Swarm_A,2.1047745799999998e-12,2.0729775e-12,473367.16383055557,360
2024-09-25 18:00:00+00:00,Swarm_A,2.1743425822222222e-12,1.99900455e-12,472904.22955000005,360
2024-09-25 21:00:00+00:00,Swarm_A,2.162043623888889e-12,2.11189635e-12,472985.5711833333,360
2024-09-26 00:00:00+00:00,Swarm_A,2.06838128225e-12,2.0057529999999997e-12,473493.79144166666,360
2024-09-26 03:00:00+00:00,Swarm_A,1.9346327791666665e-12,1.8222706499999996e-12,473927.22482500004,360
2024-09-26 06:00:00+00:00,Swarm_A,1.8634094819444443e-12,1.7532069000000002e-12,474078.8259722222,360
2024-09-26 09:00:00+00:00,Swarm_A,1.8205139925e-12,1.7591562e-12,473952.43802777777,360
2024-09-26 12:00:00+00:00,Swarm_A,1.8755359288888886e-12,1.83633695e-12,473762.1911027777,360
2024-09-26 15:00:00+00:00,Swarm_A,1.7814346127777776e-12,1.6488834500000001e-12,473741.2177944444,360
2024-09-26 18:00:00+00:00,Swarm_A,1.7701335855555556e-12,1.5768722e-12,473926.2456444445,360
2024-09-26 21:00:00+00:00,Swarm_A,1.7090997722222222e-12,1.61251855e-12,474054.087425,360
2024-09-27 00:00:00+00:00,Swarm_A,1.6884320547222223e-12,1.51652475e-12,473875.7018222222,360
2024-09-27 03:00:00+00:00,Swarm_A,1.7295890127777777e-12,1.4950786000000001e-12,473268.8939805556,360
2024-09-27 06:00:00+00:00,Swarm_A,1.7957240055555557e-12,1.64535975e-12,472795.5191861111,360
2024-09-27 09:00:00+00:00,Swarm_A,1.902114508888889e-12,1.7989614499999999e-12,472860.0100666667,360
2024-09-27 12:00:00+00:00,Swarm_A,2.013901069166667e-12,1.8744127000000002e-12,473348.2803027778,360
2024-09-27 15:00:00+00:00,Swarm_A,1.9622103841666667e-12,1.7641278e-12,473761.83768888883,360
2024-09-27 18:00:00+00:00,Swarm_A,1.9058060375e-12,1.6527818e-12,473947.7194888889,360
2024-09-27 21:00:00+00:00,Swarm_A,1.850007811666667e-12,1.5855491500000002e-12,473866.2144277778,360
2024-09-28 00:00:00+00:00,Swarm_A,1.8108952597222223e-12,1.58829085e-12,473672.2985361111,360
2024-09-28 03:00:00+00:00,Swarm_A,1.7404807552777777e-12,1.5516006e-12,473603.2036944445,360
2024-09-28 06:00:00+00:00,Swarm_A,1.7302257080555555e-12,1.57061825e-12,473769.29984444444,360
2024-09-28 09:00:00+00:00,Swarm_A,1.8189600166666666e-12,1.7576055e-12,473939.9516055556,360
2024-09-28 12:00:00+00:00,Swarm_A,1.918431743333333e-12,1.8062453e-12,473783.45780833333,360
2024-09-28 15:00:00+00:00,Swarm_A,2.050801948611111e-12,1.9822475e-12,473218.38576111116,360
2024-09-28 18:00:00+00:00,Swarm_A,2.1268058888888887e-12,1.83975415e-12,472706.81295555556,360
2024-09-28 21:00:00+00:00,Swarm_A,2.109980288611111e-12,1.8994209499999997e-12,472715.7017527778,360
2024-09-29 00:00:00+00:00,Swarm_A,2.0765240380555556e-12,1.8919592e-12,473163.50229166663,360
2024-09-29 03:00:00+00:00,Swarm_A,2.0477662116666665e-12,1.8445370999999997e-12,473609.8766611111,360
2024-09-29 06:00:00+00:00,Swarm_A,2.1201845252777777e-12,2.03671475e-12,473831.109025,360
2024-09-29 09:00:00+00:00,Swarm_A,2.1839521838888888e-12,2.0439019999999997e-12,473756.6315611111,360
2024-09-29 12:00:00+00:00,Swarm_A,2.313116476111111e-12,2.25269105e-12,473542.0120222223,360
2024-09-29 15:00:00+00:00,Swarm_A,2.336898018888889e-12,2.11337455e-12,473471.597175,360
2024-09-29 18:00:00+00:00,Swarm_A,2.254827488611111e-12,1.94598865e-12,473638.9284055556,360
2024-09-29 21:00:00+00:00,Swarm_A,2.243995921111111e-12,1.9603697e-12,473823.5811388889,360
2024-09-30 00:00:00+00:00,Swarm_A,2.333184148888889e-12,2.11749295e-12,473693.4753944444,360
2024-09-30 03:00:00+00:00,Swarm_A,2.3089482361111112e-12,2.1143789e-12,473107.88609444443,360
2024-09-30 06:00:00+00:00,Swarm_A,2.3183070147222223e-12,2.15681295e-12,472591.05898611114,360
2024-09-30 09:00:00+00:00,Swarm_A,2.249422850833333e-12,2.0247778e-12,472578.1051305556,360
2024-09-30 12:00:00+00:00,Swarm_A,2.2054810341666667e-12,2.0347885e-12,472985.01749722223,360
2024-09-30 15:00:00+00:00,Swarm_A,2.241939802777778e-12,2.0629837e-12,473410.81868888886,360
2024-09-30 18:00:00+00:00,Swarm_A,2.2440465369444444e-12,1.93696415e-12,473667.334875,360
2024-09-30 21:00:00+00:00,Swarm_A,2.2522335872222224e-12,1.96259915e-12,473651.6749583334,360
2024-10-01 00:00:00+00:00,Swarm_A,2.2605712622222223e-12,1.90234615e-12,473435.0019777778,360
2024-10-01 03:00:00+00:00,Swarm_A,2.329414253611111e-12,1.9674347999999998e-12,473310.63958333334,360
2024-10-01 06:00:00+00:00,Swarm_A,2.326326523611111e-12,2.1013745999999998e-12,473450.54455833335,360
2024-10-01 09:00:00+00:00,Swarm_A,2.3181616647222224e-12,2.05634135e-12,473664.5981694444,360
2024-10-01 12:00:00+00:00,Swarm_A,2.3151747897222224e-12,2.0700179499999997e-12,473573.4629805556,360
2024-10-01 15:00:00+00:00,Swarm_A,2.3043347525e-12,1.9996836e-12,473041.07220833335,360
2024-10-01 18:00:00+00:00,Swarm_A,2.367907158888889e-12,1.9708795e-12,472482.37383888883,360
2024-10-01 21:00:00+00:00,Swarm_A,2.390786851111111e-12,1.9913189e-12,472407.3207861111,360
2024-10-02 00:00:00+00:00,Swarm_A,2.4077013166666665e-12,2.09843145e-12,472772.4092,360
2024-10-02 03:00:00+00:00,Swarm_A,2.424383773888889e-12,2.06030775e-12,473217.75718333333,360
2024-10-02 06:00:00+00:00,Swarm_A,2.4650573977777778e-12,2.1857475e-12,473512.1512888888,360
2024-10-02 09:00:00+00:00,Swarm_A,2.4898832005555557e-12,2.32167365e-12,473506.68437777774,360
2024-10-02 12:00:00+00:00,Swarm_A,2.5519737883333334e-12,2.3322451e-12,473282.8661388889,360
2024-10-02 15:00:00+00:00,Swarm_A,2.520937067222222e-12,2.28839865e-12,473157.235525,360
2024-10-02 18:00:00+00:00,Swarm_A,2.457086014722222e-12,2.0467327e-12,473290.90675,360
2024-10-02 21:00:00+00:00,Swarm_A,2.3690681241666667e-12,2.0827772999999998e-12,473521.60778888885,360
2024-10-03 00:00:00+00:00,Swarm_A,2.408113261111111e-12,2.0068067499999997e-12,473456.635525,360
2024-10-03 03:00:00+00:00,Swarm_A,2.4452874669444444e-12,2.0483964000000004e-12,472926.33204444445,360
2024-10-03 06:00:00+00:00,Swarm_A,2.497558590833333e-12,2.09523715e-12,472375.57364722225,360
2024-10-03 09:00:00+00:00,Swarm_A,2.5648837772222224e-12,2.27250635e-12,472265.9300111111,360
2024-10-03 12:00:00+00:00,Swarm_A,2.771788029722222e-12,2.60266315e-12,472565.4765666667,360
2024-10-03 15:00:00+00:00,Swarm_A,2.771796406111111e-12,2.3354713e-12,472987.5244194445,360
2024-10-03 18:00:00+00:00,Swarm_A,2.8259187030555553e-12,2.39550605e-12,473322.2152111111,360
2024-10-03 21:00:00+00:00,Swarm_A,2.806753556666667e-12,2.40007815e-12,473386.3843583333,360
2024-10-04 00:00:00+00:00,Swarm_A,2.8367282711111113e-12,2.37190905e-12,473163.92014444445,360
2024-10-04 03:00:00+00:00,Swarm_A,2.793869115e-12,2.4082856e-12,472980.31468888884,360
2024-10-04 06:00:00+00:00,Swarm_A,2.7769632041666664e-12,2.46895665e-12,473080.0752888889,360
2024-10-04 09:00:00+00:00,Swarm_A,2.752033927777778e-12,2.46583175e-12,473326.71440833336,360
2024-10-04 12:00:00+00:00,Swarm_A,2.7802987183333333e-12,2.45339165e-12,473312.5774833333,360
2024-10-04 15:00:00+00:00,Swarm_A,2.8021090000000003e-12,2.51588885e-12,472841.52706666663,360
2024-10-04 18:00:00+00:00,Swarm_A,2.825872171666667e-12,2.3874413e-12,472246.3448833333,360
2024-10-04 21:00:00+00:00,Swarm_A,2.8643008138888886e-12,2.4314712500000003e-12,472077.0036,360
2024-10-05 00:00:00+00:00,Swarm_A,2.823558919444444e-12,2.3875754e-12,472321.3410583333,360
2024-10-05 03:00:00+00:00,Swarm_A,2.7732922377777775e-12,2.3823283e-12,472748.96493055555,360
2024-10-05 06:00:00+00:00,Swarm_A,2.7729731966666668e-12,2.41447295e-12,473119.9853333333,360
2024-10-05 09:00:00+00:00,Swarm_A,2.7312171955555555e-12,2.4918735e-12,473208.6375638889,360
2024-10-05 12:00:00+00:00,Swarm_A,2.769802806111111e-12,2.4525416999999997e-12,472991.5603694445,360
2024-10-05 15:00:00+00:00,Swarm_A,2.660867879722222e-12,2.25062205e-12,472805.2184444444,360
2024-10-05 18:00:00+00:00,Swarm_A,2.5859134033333333e-12,2.16643315e-12,472886.8714027778,360
2024-10-05 21:00:00+00:00,Swarm_A,2.5570971327777778e-12,2.14176375e-12,473143.42092222226,360
2024-10-06 00:00:00+00:00,Swarm_A,2.4805573125e-12,1.9993812500000002e-12,473160.39958888886,360
2024-10-06 03:00:00+00:00,Swarm_A,2.4693566986111112e-12,2.1123321e-12,472714.9833305556,360
2024-10-06 06:00:00+00:00,Swarm_A,2.457715787222222e-12,2.2556844999999997e-12,472150.7433166667,360
2024-10-06 09:00:00+00:00,Swarm_A,2.5877945522222224e-12,2.5581579e-12,471928.77284444444,360
2024-10-06 12:00:00+00:00,Swarm_A,2.681016236388889e-12,2.58787295e-12,472097.1107388889,360
2024-10-06 15:00:00+00:00,Swarm_A,2.8079764211111116e-12,2.8014014499999998e-12,472497.9017833333,360
2024-10-06 18:00:00+00:00,Swarm_A,2.970784664722222e-12,2.81534755e-12,472910.4650944444,360
2024-10-06 21:00:00+00:00,Swarm_A,2.9515849399999998e-12,2.6829046e-12,473072.4750722222,360
2024-10-07 00:00:00+00:00,Swarm_A,3.213211125277778e-12,2.8559421e-12,472868.8136333333,360
2024-10-07 03:00:00+00:00,Swarm_A,3.3560195363888886e-12,3.0201722999999998e-12,472630.8572138889,360
2024-10-07 06:00:00+00:00,Swarm_A,3.1560969911111112e-12,2.9230101499999998e-12,472674.6668972222,360
2024-10-07 09:00:00+00:00,Swarm_A,2.8813302983333332e-12,2.5375215e-12,472929.6885777778,360
2024-10-07 12:00:00+00:00,Swarm_A,2.981365712777778e-12,2.92048075e-12,473003.4130777778,360
2024-10-07 15:00:00+00:00,Swarm_A,3.043508253611111e-12,2.9077816e-12,472627.40185,360
2024-10-07 18:00:00+00:00,Swarm_A,3.2606775266666667e-12,3.1410626500000003e-12,472025.8205666667,360
2024-10-07 21:00:00+00:00,Swarm_A,3.2905266688888892e-12,3.07111115e-12,471754.8661111111,360
2024-10-08 00:00:00+00:00,Swarm_A,3.448685312222222e-12,3.07628475e-12,471843.85244444443,360
2024-10-08 03:00:00+00:00,Swarm_A,3.5465890625e-12,3.3625891999999997e-12,472222.81628611113,360
2024-10-08 06:00:00+00:00,Swarm_A,3.5895658147222224e-12,3.3953766e-12,472660.5891277778,360
2024-10-08 09:00:00+00:00,Swarm_A,3.2748154538888893e-12,3.1960658499999998e-12,472868.31892222224,360
2024-10-08 12:00:00+00:00,Swarm_A,3.138694540277778e-12,2.95584655e-12,472674.1237722222,360
2024-10-08 15:00:00+00:00,Swarm_A,2.823565205e-12,2.55181925e-12,472435.2947472222,360
2024-10-08 18:00:00+00:00,Swarm_A,2.616167263333333e-12,2.3494719e-12,472447.1316861111,360
2024-10-08 21:00:00+00:00,Swarm_A,2.362488821944444e-12,2.08980245e-12,472706.1218833333,360
2024-10-09 00:00:00+00:00,Swarm_A,2.3275702447222223e-12,1.95296965e-12,472806.5743583333,360
2024-10-09 03:00:00+00:00,Swarm_A,2.4094411155555556e-12,2.0138901999999997e-12,472476.52611944446,360
2024-10-09 06:00:00+00:00,Swarm_A,2.502574585277778e-12,2.1588313e-12,471933.11257500004,360
2024-10-09 09:00:00+00:00,Swarm_A,2.3982080433333332e-12,2.0841903999999997e-12,471600.8540222223,360
2024-10-09 12:00:00+00:00,Swarm_A,2.393702498888889e-12,2.3223575e-12,471615.1374666667,360
2024-10-09 15:00:00+00:00,Swarm_A,2.3291943358333334e-12,2.17399705e-12,471953.6396694444,360
2024-10-09 18:00:00+00:00,Swarm_A,2.284816611388889e-12,2.05016435e-12,472432.506225,360
2024-10-09 21:00:00+00:00,Swarm_A,2.1692110923055555e-12,1.8387419500000002e-12,472712.17946388887,360
2024-10-10 00:00:00+00:00,Swarm_A,2.0920532947500002e-12,1.7642231000000001e-12,472567.7813611111,360
2024-10-10 03:00:00+00:00,Swarm_A,2.0115617877777778e-12,1.70943995e-12,472300.9193666667,360
2024-10-10 06:00:00+00:00,Swarm_A,1.9578713563055554e-12,1.53052265e-12,472279.49176111113,360
2024-10-10 09:00:00+00:00,Swarm_A,1.940633208333333e-12,1.6042962e-12,472514.7310888889,360
2024-10-10 12:00:00+00:00,Swarm_A,2.02063289e-12,1.83362125e-12,472676.28081944445,360
2024-10-10 15:00:00+00:00,Swarm_A,2.904527708055556e-12,3.0192701e-12,472432.0213638889,360
2024-10-10 18:00:00+00:00,Swarm_A,3.860595413888889e-12,3.835188e-12,471872.5780277778,360
2024-10-10 21:00:00+00:00,Swarm_A,4.542836455e-12,4.369173049999999e-12,471503.9343833333,360
2024-10-11 00:00:00+00:00,Swarm_A,5.155603875e-12,5.19028455e-12,471403.97133333335,360
2024-10-11 03:00:00+00:00,Swarm_A,4.729300352222222e-12,4.6812646e-12,471684.99203611107,360
2024-10-11 06:00:00+00:00,Swarm_A,4.288811876944444e-12,4.1960013499999995e-12,472166.1170083333,360
2024-10-11 09:00:00+00:00,Swarm_A,3.936629575555555e-12,3.98753075e-12,472506.257425,360
2024-10-11 12:00:00+00:00,Swarm_A,3.258433568888889e-12,3.1841897e-12,472375.8380638889,360
2024-10-11 15:00:00+00:00,Swarm_A,2.555291675555556e-12,2.42730275e-12,472108.732775,360
2024-10-11 18:00:00+00:00,Swarm_A,2.0328117091666668e-12,1.83577755e-12,472041.8533972222,360
2024-10-11 21:00:00+00:00,Swarm_A,1.8960571849166668e-12,1.4908888e-12,472272.2966416667,360
2024-10-12 00:00:00+00:00,Swarm_A,1.7642255802777778e-12,1.40306785e-12,472433.8258833333,360
2024-10-12 03:00:00+00:00,Swarm_A,1.6789084928611111e-12,1.4971064499999998e-12,472246.5160138889,360
2024-10-12 06:00:00+00:00,Swarm_A,1.6425621651666666e-12,1.33316365e-12,471775.35377222224,360
2024-10-12 09:00:00+00:00,Swarm_A,1.7480125481666669e-12,1.6927244e-12,471364.7605472222,360
2024-10-12 12:00:00+00:00,Swarm_A,1.821807843611111e-12,1.5532983e-12,471204.1184861111,360
2024-10-12 15:00:00+00:00,Swarm_A,1.845248175222222e-12,1.6383237e-12,471428.71178888885,360
2024-10-12 18:00:00+00:00,Swarm_A,1.879558500638889e-12,1.5597594499999999e-12,471935.8833277778,360
2024-10-12 21:00:00+00:00,Swarm_A,1.83564998525e-12,1.4858923e-12,472340.73421666666,360
2024-10-13 00:00:00+00:00,Swarm_A,1.7879767250833333e-12,1.32777765e-12,472295.9036555556,360
2024-10-13 03:00:00+00:00,Swarm_A,1.6996119562777778e-12,1.4902139e-12,472023.81313055556,360
2024-10-13 06:00:00+00:00,Swarm_A,1.6473405043055557e-12,1.3320528000000002e-12,471920.7144972223,360
2024-10-13 09:00:00+00:00,Swarm_A,1.6251222877500001e-12,1.2726241999999999e-12,472092.70331388887,360
2024-10-13 12:00:00+00:00,Swarm_A,1.6562949323611112e-12,1.33433165e-12,472312.06093055557,360
2024-10-13 15:00:00+00:00,Swarm_A,1.6567043279722222e-12,1.30451135e-12,472218.22035277775,360
2024-10-13 18:00:00+00:00,Swarm_A,1.6266024646666667e-12,1.23086035e-12,471766.00927222223,360
2024-10-13 21:00:00+00:00,Swarm_A,1.6596397019444444e-12,1.2444464e-12,471350.51355555555,360
2024-10-14 00:00:00+00:00,Swarm_A,1.7074196029166667e-12,1.2368265e-12,471074.6911666666,360
2024-10-14 03:00:00+00:00,Swarm_A,1.7266610099166665e-12,1.4693699000000002e-12,471231.58848055557,360
2024-10-14 06:00:00+00:00,Swarm_A,1.7096149622777779e-12,1.4722791e-12,471733.3532444445,360
2024-10-14 09:00:00+00:00,Swarm_A,1.67727332725e-12,1.4442440499999998e-12,472217.5454111111,360
2024-10-14 12:00:00+00:00,Swarm_A,1.7065624680833334e-12,1.4311383000000001e-12,472205.5496111112,360
2024-10-14 15:00:00+00:00,Swarm_A,1.7439203367777777e-12,1.5024085999999999e-12,471956.21122500004,360
2024-10-14 18:00:00+00:00,Swarm_A,1.763032920861111e-12,1.5195434000000002e-12,471816.5803805556,360
2024-10-14 21:00:00+00:00,Swarm_A,1.8111815070833334e-12,1.4653542e-12,471975.4892916667,360
2024-10-15 00:00:00+00:00,Swarm_A,1.8472217335277778e-12,1.40457985e-12,472162.1893444444,360
2024-10-15 03:00:00+00:00,Swarm_A,1.8624901530555557e-12,1.48913265e-12,472117.6833194445,360
2024-10-15 06:00:00+00:00,Swarm_A,1.9551277155555554e-12,1.7640363000000001e-12,471763.702875,360
2024-10-15 09:00:00+00:00,Swarm_A,1.9715837850000002e-12,1.7248561000000002e-12,471315.6929,360
2024-10-15 12:00:00+00:00,Swarm_A,1.9880353500000002e-12,1.76908915e-12,470976.66828611115,360
2024-10-15 15:00:00+00:00,Swarm_A,2.068755523888889e-12,2.14531595e-12,471037.0707111111,360
2024-10-15 18:00:00+00:00,Swarm_A,2.03169859825e-12,1.6285960499999999e-12,471509.53139722225,360
2024-10-15 21:00:00+00:00,Swarm_A,1.9953627244444445e-12,1.6715665e-12,471989.49156666663,360
2024-10-16 00:00:00+00:00,Swarm_A,1.992642193888889e-12,1.64223315e-12,472070.40971944446,360
2024-10-16 03:00:00+00:00,Swarm_A,1.9067508052777776e-12,1.5870669e-12,471837.4263555556,360
2024-10-16 06:00:00+00:00,Swarm_A,1.933459930277778e-12,1.68602485e-12,471658.3044083334,360
2024-10-16 09:00:00+00:00,Swarm_A,2.0178897908333334e-12,1.72565465e-12,471734.6632166666,360
2024-10-16 12:00:00+00:00,Swarm_A,2.007846189722222e-12,1.7266749e-12,471961.55950555555,360
2024-10-16 15:00:00+00:00,Swarm_A,2.0622589958333333e-12,1.9683932999999997e-12,472004.8405666667,360
2024-10-16 18:00:00+00:00,Swarm_A,2.048165586388889e-12,1.6919301500000001e-12,471691.8054777778,360
2024-10-16 21:00:00+00:00,Swarm_A,2.0403382522222223e-12,1.6268852e-12,471269.87882777775,360
2024-10-17 00:00:00+00:00,Swarm_A,2.0440241341666665e-12,1.6911656999999999e-12,470823.7615888889,360
2024-10-17 03:00:00+00:00,Swarm_A,1.969951791944444e-12,1.7846664499999999e-12,470796.84461944446,360
2024-10-17 06:00:00+00:00,Swarm_A,1.9322060391666664e-12,1.5798272000000001e-12,471236.80613888893,360
2024-10-17 09:00:00+00:00,Swarm_A,1.9300201964444445e-12,1.6988310000000001e-12,471811.96926944447,360
2024-10-17 12:00:00+00:00,Swarm_A,1.8744705643611113e-12,1.4831971e-12,471933.7837111111,360
2024-10-17 15:00:00+00:00,Swarm_A,1.873353375055556e-12,1.48841715e-12,471753.1244472222,360
2024-10-17 18:00:00+00:00,Swarm_A,1.8859608137777778e-12,1.55758505e-12,471564.4478222222,360
2024-10-17 21:00:00+00:00,Swarm_A,1.906760778611111e-12,1.42159265e-12,471618.33476388885,360
2024-10-18 00:00:00+00:00,Swarm_A,1.906089475722222e-12,1.3862535e-12,471783.69782777777,360
2024-10-18 03:00:00+00:00,Swarm_A,1.856227790277778e-12,1.5551959000000001e-12,471860.64107222226,360
2024-10-18 06:00:00+00:00,Swarm_A,1.8376069851944442e-12,1.5816185999999999e-12,471670.9275611111,360
2024-10-18 09:00:00+00:00,Swarm_A,1.8714703178333335e-12,1.4697862e-12,471250.3031416667,360
2024-10-18 12:00:00+00:00,Swarm_A,1.9403894980833333e-12,1.7379945000000001e-12,470771.0259638889,360
2024-10-18 15:00:00+00:00,Swarm_A,2.1984664119444444e-12,2.1186482e-12,470633.04164722224,360
2024-10-18 18:00:00+00:00,Swarm_A,2.1886610586111112e-12,1.7297903e-12,470998.31401666667,360
2024-10-18 21:00:00+00:00,Swarm_A,2.2305640916666667e-12,1.94336775e-12,471585.2469388889,360
2024-10-19 00:00:00+00:00,Swarm_A,2.2380519027777775e-12,1.9710406e-12,471816.15345277777,360
2024-10-19 03:00:00+00:00,Swarm_A,2.3224319847222223e-12,2.0135485e-12,471679.33321388887,360
2024-10-19 06:00:00+00:00,Swarm_A,2.2970497886111112e-12,2.0203575000000003e-12,471457.2159111111,360
2024-10-19 09:00:00+00:00,Swarm_A,2.1582574280555554e-12,1.96626835e-12,471426.1018694445,360
2024-10-19 12:00:00+00:00,Swarm_A,2.0548549308333333e-12,1.8142655e-12,471598.97734166664,360
2024-10-19 15:00:00+00:00,Swarm_A,2.002011067777778e-12,1.76342805e-12,471747.36894722225,360
2024-10-19 18:00:00+00:00,Swarm_A,2.0388476019444445e-12,1.7327039e-12,471606.40486666665,360
2024-10-19 21:00:00+00:00,Swarm_A,2.1037833458333334e-12,1.5668048e-12,471251.7438305556,360
2024-10-20 00:00:00+00:00,Swarm_A,2.1078660733333334e-12,1.6005057e-12,470693.30518055556,360
2024-10-20 03:00:00+00:00,Swarm_A,1.994584695277778e-12,1.6411415e-12,470462.0872777777,360
2024-10-20 06:00:00+00:00,Swarm_A,1.8827575004444445e-12,1.4865926e-12,470765.7844166666,360
2024-10-20 09:00:00+00:00,Swarm_A,1.8850613221944445e-12,1.4847845e-12,471366.5048305555,360
2024-10-20 12:00:00+00:00,Swarm_A,1.871290845e-12,1.47866675e-12,471633.61549444444,360
2024-10-20 15:00:00+00:00,Swarm_A,1.7933741404166665e-12,1.3891420999999999e-12,471581.08896666666,360
2024-10-20 18:00:00+00:00,Swarm_A,1.8185323662222222e-12,1.23886945e-12,471391.7745694444,360
2024-10-20 21:00:00+00:00,Swarm_A,1.8482915768333332e-12,1.41262445e-12,471328.636525,360
2024-10-21 00:00:00+00:00,Swarm_A,1.8231728635833334e-12,1.2787798999999999e-12,471418.3284388889,360
2024-10-21 03:00:00+00:00,Swarm_A,1.7493807405833333e-12,1.4045572e-12,471573.9918388889,360
2024-10-21 06:00:00+00:00,Swarm_A,1.7507416309444446e-12,1.35813435e-12,471564.7853611111,360
2024-10-21 09:00:00+00:00,Swarm_A,1.830665729138889e-12,1.394184e-12,471243.3469694445,360
2024-10-21 12:00:00+00:00,Swarm_A,1.8690847165277777e-12,1.3329212499999999e-12,470691.1428111111,360
2024-10-21 15:00:00+00:00,Swarm_A,1.8619153629166667e-12,1.4643421e-12,470351.54625,360
2024-10-21 18:00:00+00:00,Swarm_A,1.9307785639444443e-12,1.5184874e-12,470546.0704611111,360
2024-10-21 21:00:00+00:00,Swarm_A,1.9288375132222222e-12,1.43195635e-12,471123.27258611115,360
2024-10-22 00:00:00+00:00,Swarm_A,1.9562246214444443e-12,1.3998267e-12,471490.1302694445,360
2024-10-22 03:00:00+00:00,Swarm_A,1.9691064555e-12,1.66110375e-12,471508.8017277778,360
2024-10-22 06:00:00+00:00,Swarm_A,2.0506671975000003e-12,1.80083435e-12,471311.3229527778,360
2024-10-22 09:00:00+00:00,Swarm_A,2.1737362720833335e-12,1.8665617e-12,471182.5761305556,360
2024-10-22 12:00:00+00:00,Swarm_A,2.272667241388889e-12,1.9923187e-12,471242.6951722222,360
2024-10-22 15:00:00+00:00,Swarm_A,2.3588484397222224e-12,2.13833e-12,471433.3926416667,360
2024-10-22 18:00:00+00:00,Swarm_A,2.340304065e-12,1.8572274500000003e-12,471461.9612305556,360
2024-10-22 21:00:00+00:00,Swarm_A,2.302560890555556e-12,1.79167655e-12,471242.56217499997,360
2024-10-23 00:00:00+00:00,Swarm_A,2.2717681719444444e-12,1.85085455e-12,470650.55785555555,360
2024-10-23 03:00:00+00:00,Swarm_A,2.1698788252777778e-12,1.92283365e-12,470231.13060833333,360
2024-10-23 06:00:00+00:00,Swarm_A,2.1456472594444444e-12,1.79855505e-12,470336.16759722226,360
2024-10-23 09:00:00+00:00,Swarm_A,2.1790258891666667e-12,1.7947405e-12,470872.4846722222,360
2024-10-23 12:00:00+00:00,Swarm_A,2.2633243116666666e-12,1.7796511e-12,471254.9086861111,360
2024-10-23 15:00:00+00:00,Swarm_A,2.210651961666667e-12,1.70416795e-12,471369.4469527778,360
2024-10-23 18:00:00+00:00,Swarm_A,2.2330593213888887e-12,1.79983075e-12,471244.48634999996,360
2024-10-23 21:00:00+00:00,Swarm_A,2.2369818558333333e-12,1.7983721000000001e-12,471085.1830888889,360
2024-10-24 00:00:00+00:00,Swarm_A,2.199256652777778e-12,1.8391546e-12,471055.2390111111,360
2024-10-24 03:00:00+00:00,Swarm_A,2.2685078302777778e-12,1.83825075e-12,471218.21623055555,360
2024-10-24 06:00:00+00:00,Swarm_A,2.3435317330555557e-12,1.9225293000000003e-12,471361.7765638889,360
2024-10-24 09:00:00+00:00,Swarm_A,2.3850855216666666e-12,1.8926143e-12,471194.4071888889,360
2024-10-24 12:00:00+00:00,Swarm_A,2.3355635816666664e-12,1.77860075e-12,470657.0550694444,360
2024-10-24 15:00:00+00:00,Swarm_A,2.3005177047222225e-12,1.86036755e-12,470153.4933222222,360
2024-10-24 18:00:00+00:00,Swarm_A,2.346305801111111e-12,1.8107616e-12,470128.7585083333,360
2024-10-24 21:00:00+00:00,Swarm_A,2.3622646802777778e-12,1.89926275e-12,470593.35766111105,360
2024-10-25 00:00:00+00:00,Swarm_A,2.3296447975e-12,1.7855142e-12,471034.86460833333,360
2024-10-25 03:00:00+00:00,Swarm_A,2.2348705097222225e-12,1.7699397e-12,471235.6695111111,360
2024-10-25 06:00:00+00:00,Swarm_A,2.2324375122222223e-12,1.8465553e-12,471144.0257555556,360
2024-10-25 09:00:00+00:00,Swarm_A,2.258920545638889e-12,1.833028e-12,470957.77200833336,360
2024-10-25 12:00:00+00:00,Swarm_A,2.238270995277778e-12,1.6525355e-12,470875.8459277778,360
2024-10-25 15:00:00+00:00,Swarm_A,2.16677503125e-12,1.5780991e-12,471033.80433333333,360
2024-10-25 18:00:00+00:00,Swarm_A,2.110556146e-12,1.5209445e-12,471197.87543888885,360
2024-10-25 21:00:00+00:00,Swarm_A,2.1504600671944444e-12,1.5355165e-12,471155.26120277774,360
2024-10-26 00:00:00+00:00,Swarm_A,2.2435475411111113e-12,1.69286785e-12,470624.71753333334,360
2024-10-26 03:00:00+00:00,Swarm_A,2.283902010833333e-12,1.8303895e-12,470078.5031166667,360
2024-10-26 06:00:00+00:00,Swarm_A,2.3795350980555554e-12,1.9687072e-12,469958.3829138889,360
2024-10-26 09:00:00+00:00,Swarm_A,2.6204204108333333e-12,2.2729160999999997e-12,470334.0481111111,360
2024-10-26 12:00:00+00:00,Swarm_A,2.7028564202777778e-12,2.2020348999999997e-12,470752.7678805556,360
2024-10-26 15:00:00+00:00,Swarm_A,2.8140230302777777e-12,2.88940465e-12,471042.54315000004,360
2024-10-26 18:00:00+00:00,Swarm_A,3.1863060016666664e-12,3.1557310999999998e-12,471056.9342944444,360
2024-10-26 21:00:00+00:00,Swarm_A,3.3765766213888887e-12,2.66885725e-12,470864.1570055556,360
2024-10-27 00:00:00+00:00,Swarm_A,3.407664543611111e-12,2.8282219e-12,470696.64524166664,360
2024-10-27 03:00:00+00:00,Swarm_A,3.128447929722222e-12,2.4927854499999997e-12,470784.34671944444,360
2024-10-27 06:00:00+00:00,Swarm_A,2.9747602913888886e-12,2.6161674e-12,471013.8718972222,360
2024-10-27 09:00:00+00:00,Swarm_A,2.8674783847222218e-12,2.4359118e-12,471026.4322194445,360
2024-10-27 12:00:00+00:00,Swarm_A,2.910002493888889e-12,2.42490525e-12,470603.7692111111,360
2024-10-27 15:00:00+00:00,Swarm_A,2.978319151666667e-12,2.5059407499999997e-12,470019.28980277776,360
2024-10-27 18:00:00+00:00,Swarm_A,3.1039642505555556e-12,2.43829705e-12,469767.0732972222,360
2024-10-27 21:00:00+00:00,Swarm_A,3.032506889722222e-12,2.3007126e-12,470019.5246138889,360
2024-10-28 00:00:00+00:00,Swarm_A,2.969814663888889e-12,2.595952e-12,470434.6301388889,360
2024-10-28 03:00:00+00:00,Swarm_A,2.973209841388889e-12,2.5022183999999997e-12,470803.0463138889,360
2024-10-28 06:00:00+00:00,Swarm_A,3.1993058761111112e-12,2.7378224e-12,470894.4175055555,360
2024-10-28 09:00:00+00:00,Swarm_A,3.245436866111111e-12,2.8780589499999998e-12,470723.5235055556,360
2024-10-28 12:00:00+00:00,Swarm_A,3.149800841388889e-12,2.7323511e-12,470504.4691666667,360
2024-10-28 15:00:00+00:00,Swarm_A,3.095713269166667e-12,2.5952511999999998e-12,470549.8919333333,360
2024-10-28 18:00:00+00:00,Swarm_A,3.0499518227777775e-12,2.3514792500000004e-12,470769.59209166665,360
2024-10-28 21:00:00+00:00,Swarm_A,3.003246765e-12,2.2404732000000003e-12,470890.3538666666,360
2024-10-29 00:00:00+00:00,Swarm_A,3.0401388616666666e-12,2.3804584e-12,470513.27417777776,360
2024-10-29 03:00:00+00:00,Swarm_A,3.0225757316666668e-12,2.4921026e-12,469937.7547027777,360
2024-10-29 06:00:00+00:00,Swarm_A,3.042239466388889e-12,2.683998e-12,469612.7548277778,360
2024-10-29 09:00:00+00:00,Swarm_A,2.9796300991666668e-12,2.65998455e-12,469739.0831055556,360
2024-10-29 12:00:00+00:00,Swarm_A,2.975315408333334e-12,2.50175035e-12,470078.4097166667,360
2024-10-29 15:00:00+00:00,Swarm_A,3.0182849488888892e-12,2.5808559e-12,470499.8100777778,360
2024-10-29 18:00:00+00:00,Swarm_A,3.191317106388889e-12,2.67624775e-12,470721.6608722222,360
2024-10-29 21:00:00+00:00,Swarm_A,3.2076537869444446e-12,2.67080575e-12,470601.32755833335,360
2024-10-30 00:00:00+00:00,Swarm_A,3.3293188824999997e-12,2.7914356e-12,470333.6276777777,360
2024-10-30 03:00:00+00:00,Swarm_A,3.145657388055556e-12,2.66731285e-12,470289.1770722222,360
2024-10-30 06:00:00+00:00,Swarm_A,3.086589653611111e-12,2.51973325e-12,470511.8061944444,360
2024-10-30 09:00:00+00:00,Swarm_A,3.185478808888889e-12,2.63344975e-12,470682.67874722223,360
2024-10-30 12:00:00+00:00,Swarm_A,3.1672422419444445e-12,2.50930965e-12,470457.06583888887,360
2024-10-30 15:00:00+00:00,Swarm_A,3.2004730083333334e-12,2.7682468e-12,469911.2370277778,360
2024-10-30 18:00:00+00:00,Swarm_A,3.2285309991666664e-12,2.4080691e-12,469484.540175,360
2024-10-30 21:00:00+00:00,Swarm_A,3.3058733905555554e-12,2.62751895e-12,469460.4725972222,360
2024-10-31 00:00:00+00:00,Swarm_A,3.3174699575e-12,2.68703755e-12,469726.88639444445,360
2024-10-31 03:00:00+00:00,Swarm_A,3.2324566863888887e-12,2.8178053500000002e-12,470188.1340305555,360
2024-10-31 06:00:00+00:00,Swarm_A,3.1820634419444445e-12,2.784639e-12,470507.5479361111,360
2024-10-31 09:00:00+00:00,Swarm_A,3.1968972469444444e-12,2.7211581500000002e-12,470458.1455027778,360
2024-10-31 12:00:00+00:00,Swarm_A,3.2157111038888887e-12,2.63958645e-12,470170.8531722222,360
2024-10-31 15:00:00+00:00,Swarm_A,3.1472185905555555e-12,2.48929885e-12,470070.01523333334,360
2024-10-31 18:00:00+00:00,Swarm_A,3.136287426388889e-12,2.32115725e-12,470250.1381111111,360
2024-10-31 21:00:00+00:00,Swarm_A,3.3318907819444445e-12,2.65406305e-12,470478.0069805556,360
2024-11-01 00:00:00+00:00,Swarm_A,3.387718689166667e-12,2.65163805e-12,470317.54928888887,360
2024-11-01 03:00:00+00:00,Swarm_A,3.4762728530555556e-12,2.6987361e-12,469843.21307777776,360
2024-11-01 06:00:00+00:00,Swarm_A,3.3161459777777774e-12,2.796723e-12,469398.86795833334,360
2024-11-01 09:00:00+00:00,Swarm_A,3.298546241666667e-12,2.77806e-12,469234.90244722227,360
2024-11-01 12:00:00+00:00,Swarm_A,3.4771410974999998e-12,2.99666945e-12,469372.1193777778,360
2024-11-01 15:00:00+00:00,Swarm_A,3.3248855994444447e-12,2.77885565e-12,469813.14345,360
2024-11-01 18:00:00+00:00,Swarm_A,3.299779871111111e-12,2.55461635e-12,470252.5550666667,360
2024-11-01 21:00:00+00:00,Swarm_A,3.1993834891666664e-12,2.28382535e-12,470305.72613055556,360
2024-11-02 00:00:00+00:00,Swarm_A,3.1833271188888893e-12,2.6817755499999998e-12,470029.45828055555,360
2024-11-02 03:00:00+00:00,Swarm_A,3.099051251944444e-12,2.7670442e-12,469841.61464999994,360
2024-11-02 06:00:00+00:00,Swarm_A,3.1274470650000002e-12,2.74387275e-12,469956.18211388885,360
2024-11-02 09:00:00+00:00,Swarm_A,3.381636347222222e-12,2.9175200500000003e-12,470198.57379999995,360
2024-11-02 12:00:00+00:00,Swarm_A,3.655661175277778e-12,3.1219425499999998e-12,470191.88670277776,360
2024-11-02 15:00:00+00:00,Swarm_A,3.711062838055555e-12,3.1407281000000002e-12,469809.72196111106,360
2024-11-02 18:00:00+00:00,Swarm_A,3.7484763949999995e-12,3.04209125e-12,469326.85794722225,360
2024-11-02 21:00:00+00:00,Swarm_A,3.9484001952777775e-12,3.2391886e-12,469027.51241666666,360
2024-11-03 00:00:00+00:00,Swarm_A,3.9213390638888885e-12,3.1808189e-12,469028.93401944445,360
2024-11-03 03:00:00+00:00,Swarm_A,3.702099974722222e-12,3.15759245e-12,469439.9842805555,360
2024-11-03 06:00:00+00:00,Swarm_A,3.4134522997222223e-12,2.8764688e-12,469947.71160555555,360
2024-11-03 09:00:00+00:00,Swarm_A,3.3428545816666664e-12,2.7935345e-12,470103.9817,360
2024-11-03 12:00:00+00:00,Swarm_A,3.294491326111111e-12,2.72487155e-12,469871.8003027778,360
2024-11-03 15:00:00+00:00,Swarm_A,3.1741489250000003e-12,2.64137995e-12,469652.9642277778,360
2024-11-03 18:00:00+00:00,Swarm_A,3.229757657222222e-12,2.503236e-12,469699.99577777775,360
2024-11-03 21:00:00+00:00,Swarm_A,3.3407081633333335e-12,2.7482834e-12,469922.2353805555,360
2024-11-04 00:00:00+00:00,Swarm_A,3.3294368347222223e-12,2.67177175e-12,469964.5416916667,360
2024-11-04 03:00:00+00:00,Swarm_A,3.429643208611111e-12,2.90328935e-12,469709.9418861111,360
2024-11-04 06:00:00+00:00,Swarm_A,3.326293786666667e-12,2.7286233e-12,469290.3112083333,360
2024-11-04 09:00:00+00:00,Swarm_A,3.329372131388889e-12,2.7648697000000003e-12,468888.1204166667,360
2024-11-04 12:00:00+00:00,Swarm_A,3.234302383888889e-12,2.7077961e-12,468735.9965416667,360
2024-11-04 15:00:00+00:00,Swarm_A,3.238657273333333e-12,2.6553765e-12,469038.3627666666,360
2024-11-04 18:00:00+00:00,Swarm_A,3.1587961591666665e-12,2.45607105e-12,469611.90168055554,360
2024-11-04 21:00:00+00:00,Swarm_A,3.1632514319444445e-12,2.5386778500000002e-12,469896.48257777776,360
2024-11-05 00:00:00+00:00,Swarm_A,3.1606608624999997e-12,2.71015605e-12,469748.0845694444,360
2024-11-05 03:00:00+00:00,Swarm_A,3.0633106677777776e-12,2.5144687e-12,469488.6802638889,360
2024-11-05 06:00:00+00:00,Swarm_A,3.0353919469444445e-12,2.35468865e-12,469436.9616916666,360
2024-11-05 09:00:00+00:00,Swarm_A,2.9477984375e-12,2.2550012500000003e-12,469614.5754583333,360
2024-11-05 12:00:00+00:00,Swarm_A,2.949923382777778e-12,2.3865169e-12,469765.88597500004,360
2024-11-05 15:00:00+00:00,Swarm_A,2.9911948552777777e-12,2.5532898000000002e-12,469636.03445277776,360
2024-11-05 18:00:00+00:00,Swarm_A,3.1632264052777774e-12,2.53469795e-12,469264.99166666664,360
2024-11-05 21:00:00+00:00,Swarm_A,3.320206738888889e-12,2.55891845e-12,468798.01426666667,360
2024-11-06 00:00:00+00:00,Swarm_A,3.393524119166667e-12,2.87629495e-12,468490.79341944447,360
2024-11-06 03:00:00+00:00,Swarm_A,3.3606546300000003e-12,2.9228556500000002e-12,468690.2058333333,360
2024-11-06 06:00:00+00:00,Swarm_A,3.2487574869444446e-12,2.7533804e-12,469252.4540333333,360
2024-11-06 09:00:00+00:00,Swarm_A,3.2679093975e-12,2.79071415e-12,469630.8789694444,360
2024-11-06 12:00:00+00:00,Swarm_A,3.217990111111111e-12,2.6957631e-12,469592.58943333337,360
2024-11-06 15:00:00+00:00,Swarm_A,3.138690203888889e-12,2.7099476e-12,469370.11491111113,360
2024-11-06 18:00:00+00:00,Swarm_A,3.0976614094444445e-12,2.4031386500000002e-12,469260.1313888889,360
2024-11-06 21:00:00+00:00,Swarm_A,2.975319066944445e-12,2.1432723999999998e-12,469348.6765027778,360
2024-11-07 00:00:00+00:00,Swarm_A,2.8586740483333335e-12,2.16732695e-12,469490.0459444444,360
2024-11-07 03:00:00+00:00,Swarm_A,2.7649030216666663e-12,2.2761358e-12,469494.24597222224,360
2024-11-07 06:00:00+00:00,Swarm_A,2.7585972608333333e-12,2.2536855e-12,469253.4311277778,360
2024-11-07 09:00:00+00:00,Swarm_A,2.7918781547222224e-12,2.26548075e-12,468769.36043055553,360
2024-11-07 12:00:00+00:00,Swarm_A,2.780110222222222e-12,2.1335481e-12,468333.77478888887,360
2024-11-07 15:00:00+00:00,Swarm_A,2.870408016388889e-12,2.54671395e-12,468350.9555611111,360
2024-11-07 18:00:00+00:00,Swarm_A,3.057588946944445e-12,2.6430439e-12,468881.8221416666,360
2024-11-07 21:00:00+00:00,Swarm_A,3.169593959722222e-12,2.61303285e-12,469350.1456194445,360
2024-11-08 00:00:00+00:00,Swarm_A,3.0854977663888887e-12,2.5419906999999998e-12,469444.5135055555,360
2024-11-08 03:00:00+00:00,Swarm_A,2.942463347222222e-12,2.2877936e-12,469263.79544444446,360
2024-11-08 06:00:00+00:00,Swarm_A,2.7798256972222223e-12,2.4300484999999997e-12,469088.28228333336,360
2024-11-08 09:00:00+00:00,Swarm_A,2.6753702497222223e-12,2.13981905e-12,469083.9975638889,360
2024-11-08 12:00:00+00:00,Swarm_A,2.644558518888889e-12,2.0788912999999998e-12,469245.9847555555,360
2024-11-08 15:00:00+00:00,Swarm_A,2.705020771388889e-12,2.4762129999999997e-12,469341.4401833333,360
2024-11-08 18:00:00+00:00,Swarm_A,3.0269935980555555e-12,2.5528229499999997e-12,469216.4142388888,360
2024-11-08 21:00:00+00:00,Swarm_A,3.193866545277778e-12,2.5793977e-12,468760.49937222217,360
2024-11-09 00:00:00+00:00,Swarm_A,3.5085592319444443e-12,2.8438155499999997e-12,468215.4199555555,360
2024-11-09 03:00:00+00:00,Swarm_A,3.5977327033333333e-12,2.9652553e-12,468090.29815555556,360
2024-11-09 06:00:00+00:00,Swarm_A,3.639230504722222e-12,3.08159205e-12,468500.74168333336,360
2024-11-09 09:00:00+00:00,Swarm_A,3.644467381388889e-12,3.2513114000000002e-12,468989.55663888884,360
2024-11-09 12:00:00+00:00,Swarm_A,3.652061224722222e-12,3.0897066000000002e-12,469207.7816583333,360
2024-11-09 15:00:00+00:00,Swarm_A,3.6695753533333334e-12,3.2024965e-12,469145.6429861111,360
2024-11-09 18:00:00+00:00,Swarm_A,3.5129273794444444e-12,2.9478728e-12,468966.0014805555,360
2024-11-09 21:00:00+00:00,Swarm_A,3.1522418094444442e-12,2.6189010000000003e-12,468854.14598888886,360
2024-11-10 00:00:00+00:00,Swarm_A,2.944747134166667e-12,2.2492746e-12,468930.9503222222,360
2024-11-10 03:00:00+00:00,Swarm_A,2.796091309722222e-12,2.2748413e-12,469102.39066944446,360
2024-11-10 06:00:00+00:00,Swarm_A,2.792984795e-12,2.31902995e-12,469116.53335000004,360
2024-11-10 09:00:00+00:00,Swarm_A,2.752658453611111e-12,2.20853385e-12,468753.3782944444,360
2024-11-10 12:00:00+00:00,Swarm_A,2.8194564341666667e-12,2.1983e-12,468171.8945222222,360
2024-11-10 15:00:00+00:00,Swarm_A,3.0296822330555555e-12,2.78210085e-12,467853.9690277778,360
2024-11-10 18:00:00+00:00,Swarm_A,3.231228416388889e-12,2.93582555e-12,468136.4979333334,360
2024-11-10 21:00:00+00:00,Swarm_A,3.0458215658333332e-12,2.4306492e-12,468608.60640833335,360
2024-11-11 00:00:00+00:00,Swarm_A,2.7016811633333333e-12,2.1864336499999997e-12,468947.6508916667,360
2024-11-11 03:00:00+00:00,Swarm_A,2.4243944755555557e-12,1.91972715e-12,469006.38082222216,360
2024-11-11 06:00:00+00:00,Swarm_A,2.3958728877777776e-12,1.94333485e-12,468864.5827555555,360
2024-11-11 09:00:00+00:00,Swarm_A,2.3853872644444446e-12,2.0540902500000003e-12,468671.6906111111,360
2024-11-11 12:00:00+00:00,Swarm_A,2.3534200988888888e-12,1.7394535999999999e-12,468689.5299222222,360
2024-11-11 15:00:00+00:00,Swarm_A,2.289500412222222e-12,1.8118988e-12,468867.87176666665,360
2024-11-11 18:00:00+00:00,Swarm_A,2.2233720312222222e-12,1.6545863e-12,469009.8688694445,360
2024-11-11 21:00:00+00:00,Swarm_A,2.1771375496388888e-12,1.6357322e-12,468752.4243972222,360
2024-11-12 00:00:00+00:00,Swarm_A,2.13158250275e-12,1.71585135e-12,468174.2391777778,360
2024-11-12 03:00:00+00:00,Swarm_A,2.0503468089722223e-12,1.52337045e-12,467760.5394055555,360
2024-11-12 06:00:00+00:00,Swarm_A,2.051671513527778e-12,1.5882975999999998e-12,467857.55128888885,360
2024-11-12 09:00:00+00:00,Swarm_A,2.0241110644444445e-12,1.6297453000000001e-12,468247.7254305556,360
2024-11-12 12:00:00+00:00,Swarm_A,2.0210481849722224e-12,1.6219461500000002e-12,468653.50125833333,360
2024-11-12 15:00:00+00:00,Swarm_A,2.083523416361111e-12,1.61169435e-12,468880.83535,360
2024-11-12 18:00:00+00:00,Swarm_A,2.072564604e-12,1.5019575e-12,468827.3915527777,360
2024-11-12 21:00:00+00:00,Swarm_A,2.086123306111111e-12,1.7018176e-12,468595.20743333333,360
2024-11-13 00:00:00+00:00,Swarm_A,2.0597666362777775e-12,1.7031365e-12,468493.08356111107,360
2024-11-13 03:00:00+00:00,Swarm_A,1.960250758638889e-12,1.4263908e-12,468655.19430833333,360
2024-11-13 06:00:00+00:00,Swarm_A,1.863962417222222e-12,1.3839336e-12,468865.28962777776,360
2024-11-13 09:00:00+00:00,Swarm_A,1.8090815744166665e-12,1.3012349500000001e-12,468776.09890277777,360
2024-11-13 12:00:00+00:00,Swarm_A,1.8808589104444444e-12,1.52479185e-12,468284.83523055556,360
2024-11-13 15:00:00+00:00,Swarm_A,1.9794442123055555e-12,1.5065887e-12,467751.97079444444,360
2024-11-13 18:00:00+00:00,Swarm_A,2.076508498333333e-12,1.56001715e-12,467683.54957222217,360
2024-11-13 21:00:00+00:00,Swarm_A,1.9734826209444442e-12,1.5240421e-12,467925.16521111113,360
2024-11-14 00:00:00+00:00,Swarm_A,1.868752599611111e-12,1.35717695e-12,468352.4733805555,360
2024-11-14 03:00:00+00:00,Swarm_A,1.8994080058055554e-12,1.63796525e-12,468702.2959111111,360
2024-11-14 06:00:00+00:00,Swarm_A,1.8697333536111114e-12,1.48474615e-12,468789.3637944444,360
2024-11-14 09:00:00+00:00,Swarm_A,1.838867378861111e-12,1.6785901500000001e-12,468547.3143611111,360
2024-11-14 12:00:00+00:00,Swarm_A,1.913566928166667e-12,1.7110131e-12,468369.88411388884,360
2024-11-14 15:00:00+00:00,Swarm_A,1.986619157138889e-12,1.5871739499999998e-12,468448.3816444444,360
2024-11-14 18:00:00+00:00,Swarm_A,2.2213517558333332e-12,1.79049925e-12,468716.91533333337,360
2024-11-14 21:00:00+00:00,Swarm_A,2.1810881580555554e-12,1.64956515e-12,468723.3816777778,360
2024-11-15 00:00:00+00:00,Swarm_A,2.0490068927777776e-12,1.65587565e-12,468337.7342083333,360
2024-11-15 03:00:00+00:00,Swarm_A,2.0553767344444443e-12,1.68099505e-12,467819.05594166665,360
2024-11-15 06:00:00+00:00,Swarm_A,1.9595228441944443e-12,1.4023905e-12,467572.8524666667,360
2024-11-15 09:00:00+00:00,Swarm_A,1.9510435441666667e-12,1.7009369e-12,467641.91034166666,360
2024-11-15 12:00:00+00:00,Swarm_A,1.9432538355555557e-12,1.6422476e-12,468003.8005527778,360
2024-11-15 15:00:00+00:00,Swarm_A,2.0443842167222225e-12,1.7960097e-12,468462.6557666667,360
2024-11-15 18:00:00+00:00,Swarm_A,2.2361459797222223e-12,1.79069015e-12,468690.6762027778,360
2024-11-15 21:00:00+00:00,Swarm_A,2.187457768611111e-12,1.65185195e-12,468523.98829444445,360
2024-11-16 00:00:00+00:00,Swarm_A,2.1172691308333332e-12,1.6775114999999998e-12,468267.41921111115,360
2024-11-16 03:00:00+00:00,Swarm_A,1.9750308891666668e-12,1.54946815e-12,468256.89414166665,360
2024-11-16 06:00:00+00:00,Swarm_A,1.8588934730555556e-12,1.4690044e-12,468473.0247611111,360
2024-11-16 09:00:00+00:00,Swarm_A,1.7011667811111113e-12,1.3225167e-12,468629.4623305556,360
2024-11-16 12:00:00+00:00,Swarm_A,1.6305452189444444e-12,1.26532505e-12,468415.0525972222,360
2024-11-16 15:00:00+00:00,Swarm_A,1.554873327e-12,1.1354423e-12,467910.9003277778,360
2024-11-16 18:00:00+00:00,Swarm_A,1.57181211625e-12,1.0810916e-12,467565.3906027778,360
2024-11-16 21:00:00+00:00,Swarm_A,1.5623937769166667e-12,1.07786205e-12,467420.4453138889,360
2024-11-17 00:00:00+00:00,Swarm_A,1.5197886253611111e-12,1.09018405e-12,467674.64266111114,360
2024-11-17 03:00:00+00:00,Swarm_A,1.4864732035277777e-12,1.1284744e-12,468173.20913055557,360
2024-11-17 06:00:00+00:00,Swarm_A,1.4860237243611111e-12,1.1148401e-12,468576.46211666666,360
2024-11-17 09:00:00+00:00,Swarm_A,1.534323742361111e-12,1.2283522999999998e-12,468494.4061166666,360
2024-11-17 12:00:00+00:00,Swarm_A,1.6038614517222222e-12,1.35716805e-12,468238.9927638889,360
2024-11-17 15:00:00+00:00,Swarm_A,1.5811003444444446e-12,1.15942545e-12,468132.99168888887,360
2024-11-17 18:00:00+00:00,Swarm_A,1.633392867472222e-12,1.25742135e-12,468316.3738055555,360
2024-11-17 21:00:00+00:00,Swarm_A,1.6309237038333333e-12,1.2406422e-12,468483.61024999997,360
2024-11-18 00:00:00+00:00,Swarm_A,1.5460374092777778e-12,1.1980805e-12,468405.0844305556,360
2024-11-18 03:00:00+00:00,Swarm_A,1.5772196447499998e-12,1.19374155e-12,468044.27800833335,360
2024-11-18 06:00:00+00:00,Swarm_A,1.5371697373333333e-12,1.0813998000000001e-12,467624.09561666666,360
2024-11-18 09:00:00+00:00,Swarm_A,1.5493945941666665e-12,1.0406706999999998e-12,467317.3944944445,360
2024-11-18 12:00:00+00:00,Swarm_A,1.59640430275e-12,1.09653535e-12,467392.5918138889,360
2024-11-18 15:00:00+00:00,Swarm_A,1.7104584140277778e-12,1.40491655e-12,467856.8506194444,360
2024-11-18 18:00:00+00:00,Swarm_A,1.8038466395833332e-12,1.30772835e-12,468366.00190000003,360
2024-11-18 21:00:00+00:00,Swarm_A,1.8545683510277777e-12,1.44007275e-12,468455.6674583333,360
2024-11-19 00:00:00+00:00,Swarm_A,1.7826060560555558e-12,1.47958755e-12,468233.46569166664,360
2024-11-19 03:00:00+00:00,Swarm_A,1.7302494007777777e-12,1.3870425e-12,468045.8411638889,360
2024-11-19 06:00:00+00:00,Swarm_A,1.7287165774166667e-12,1.28628555e-12,468094.52834722225,360
2024-11-19 09:00:00+00:00,Swarm_A,1.714826533472222e-12,1.26742335e-12,468304.02321111114,360
2024-11-19 12:00:00+00:00,Swarm_A,1.8495336400277777e-12,1.45644695e-12,468378.2522083333,360
2024-11-19 15:00:00+00:00,Swarm_A,2.0379053566666665e-12,1.7791365e-12,468129.51259722223,360
2024-11-19 18:00:00+00:00,Swarm_A,2.1304142441666666e-12,1.5616491e-12,467744.1442194444,360
2024-11-19 21:00:00+00:00,Swarm_A,2.120422582527778e-12,1.56771355e-12,467263.46050555556,360
2024-11-20 00:00:00+00:00,Swarm_A,1.9881105151666667e-12,1.6130196e-12,467149.0035027778,360
2024-11-20 03:00:00+00:00,Swarm_A,1.9607009944444443e-12,1.5356171e-12,467519.7040916666,360
2024-11-20 06:00:00+00:00,Swarm_A,1.962578448861111e-12,1.53938135e-12,468108.2036138889,360
2024-11-20 09:00:00+00:00,Swarm_A,2.0511631783055556e-12,1.6546333e-12,468310.0450944444,360
2024-11-20 12:00:00+00:00,Swarm_A,2.0092195253055555e-12,1.5070417e-12,468198.3374027778,360
2024-11-20 15:00:00+00:00,Swarm_A,2.0368534252777777e-12,1.5767999499999999e-12,467999.93804166664,360
2024-11-20 18:00:00+00:00,Swarm_A,2.035964403361111e-12,1.4916676500000001e-12,467967.4899722222,360
2024-11-20 21:00:00+00:00,Swarm_A,1.9443848393333333e-12,1.4246004e-12,468074.64971388894,360
2024-11-21 00:00:00+00:00,Swarm_A,1.78681023775e-12,1.3563364e-12,468205.36259166664,360
2024-11-21 03:00:00+00:00,Swarm_A,1.7809360166388889e-12,1.3745145500000002e-12,468156.2182277778,360
2024-11-21 06:00:00+00:00,Swarm_A,1.8059477071944445e-12,1.5862511499999999e-12,467831.0287583333,360
2024-11-21 09:00:00+00:00,Swarm_A,1.873532761472222e-12,1.4337941e-12,467310.50012222223,360
2024-11-21 12:00:00+00:00,Swarm_A,1.934285673111111e-12,1.6143275999999999e-12,466997.8572611111,360
2024-11-21 15:00:00+00:00,Swarm_A,2.0441171629444443e-12,1.7510334e-12,467186.8894138889,360
2024-11-21 18:00:00+00:00,Swarm_A,2.1437919073333334e-12,1.73991155e-12,467757.5173694444,360
2024-11-21 21:00:00+00:00,Swarm_A,2.2442383443333334e-12,1.80910775e-12,468122.4448,360
2024-11-22 00:00:00+00:00,Swarm_A,2.1657590725555554e-12,1.6885638e-12,468148.1174222223,360
2024-11-22 03:00:00+00:00,Swarm_A,2.1355124302777777e-12,1.7106935e-12,467959.0058416666,360
2024-11-22 06:00:00+00:00,Swarm_A,2.056855461388889e-12,1.80265045e-12,467817.7227972222,360
2024-11-22 09:00:00+00:00,Swarm_A,1.979367267388889e-12,1.5049506e-12,467855.41984444443,360
2024-11-22 12:00:00+00:00,Swarm_A,2.0906344851944446e-12,1.83589875e-12,468034.6057277778,360
2024-11-22 15:00:00+00:00,Swarm_A,2.276206109777778e-12,2.05160915e-12,468094.6190972222,360
2024-11-22 18:00:00+00:00,Swarm_A,2.436690520555556e-12,1.84237015e-12,467928.1327138889,360
2024-11-22 21:00:00+00:00,Swarm_A,2.4601731175e-12,1.8277069000000003e-12,467368.6246833333,360
2024-11-23 00:00:00+00:00,Swarm_A,2.3775681805555555e-12,1.82721235e-12,466906.0252638889,360
2024-11-23 03:00:00+00:00,Swarm_A,2.268989684722222e-12,1.7365684e-12,466920.08900555555,360
2024-11-23 06:00:00+00:00,Swarm_A,2.2135603702777777e-12,1.9045956999999997e-12,467403.3421527778,360
2024-11-23 09:00:00+00:00,Swarm_A,2.1921288930555555e-12,1.7420499000000002e-12,467807.2374361111,360
2024-11-23 12:00:00+00:00,Swarm_A,2.3211473805555556e-12,2.1533022500000002e-12,467998.65566111106,360
2024-11-23 15:00:00+00:00,Swarm_A,2.3681023105555558e-12,1.79975265e-12,467938.1787777778,360
2024-11-23 18:00:00+00:00,Swarm_A,2.4961441952777777e-12,1.9331224000000003e-12,467765.5682916667,360
2024-11-23 21:00:00+00:00,Swarm_A,2.4555561933333333e-12,1.859161e-12,467657.79845277773,360
2024-11-24 00:00:00+00:00,Swarm_A,2.300943089138889e-12,1.7918034e-12,467764.73277222225,360
2024-11-24 03:00:00+00:00,Swarm_A,2.2279882455555556e-12,1.73672585e-12,467956.7918055556,360
2024-11-24 06:00:00+00:00,Swarm_A,2.1457758430555556e-12,1.7618769e-12,467917.77973333333,360
2024-11-24 09:00:00+00:00,Swarm_A,2.186453089722222e-12,1.70788675e-12,467482.41599999997,360
2024-11-24 12:00:00+00:00,Swarm_A,2.183980467027778e-12,1.6249898999999999e-12,466924.5132333333,360
2024-11-24 15:00:00+00:00,Swarm_A,2.330172543638889e-12,1.7263225500000001e-12,466705.3488888889,360
2024-11-24 18:00:00+00:00,Swarm_A,2.4231685111111113e-12,1.7739753999999998e-12,467031.64621944446,360
2024-11-24 21:00:00+00:00,Swarm_A,2.5089958844444445e-12,2.2169256e-12,467462.1647972222,360
2024-11-25 00:00:00+00:00,Swarm_A,2.6575015074999998e-12,2.3225715000000003e-12,467795.12616111117,360
2024-11-25 03:00:00+00:00,Swarm_A,2.6352863825e-12,2.053206e-12,467847.66378888884,360
2024-11-25 06:00:00+00:00,Swarm_A,2.5839540158333335e-12,2.2077442e-12,467695.1542861111,360
2024-11-25 09:00:00+00:00,Swarm_A,2.535083449166667e-12,2.1131277e-12,467492.27653055557,360
2024-11-25 12:00:00+00:00,Swarm_A,2.6433747869444446e-12,2.03719915e-12,467535.2765333333,360
2024-11-25 15:00:00+00:00,Swarm_A,2.7018579300000002e-12,2.3137204e-12,467730.0123166666,360
2024-11-25 18:00:00+00:00,Swarm_A,2.644688121111111e-12,2.19484775e-12,467864.2889777778,360
2024-11-25 21:00:00+00:00,Swarm_A,2.634032207222222e-12,1.9937917e-12,467522.0019472222,360
2024-11-26 00:00:00+00:00,Swarm_A,2.5658057166666666e-12,2.00676945e-12,466961.2799833333,360
2024-11-26 03:00:00+00:00,Swarm_A,2.534502091666667e-12,1.94172075e-12,466608.3427694445,360
2024-11-26 06:00:00+00:00,Swarm_A,2.4256068922222223e-12,1.93105e-12,466716.2489555556,360
2024-11-26 09:00:00+00:00,Swarm_A,2.4033214847222224e-12,1.8821653e-12,467039.64866388886,360
2024-11-26 12:00:00+00:00,Swarm_A,2.4154286075e-12,1.91224645e-12,467461.0346388889,360
2024-11-26 15:00:00+00:00,Swarm_A,2.391257508611111e-12,1.73399255e-12,467722.11530833336,360
2024-11-26 18:00:00+00:00,Swarm_A,2.5368792625e-12,1.8692187499999997e-12,467658.0122611111,360
2024-11-26 21:00:00+00:00,Swarm_A,2.5700405778333333e-12,1.9451642499999998e-12,467395.6599305555,360
2024-11-27 00:00:00+00:00,Swarm_A,2.483118551111111e-12,1.95920835e-12,467297.21024444443,360
2024-11-27 03:00:00+00:00,Swarm_A,2.4018097019444444e-12,1.8778587e-12,467483.70516111114,360
2024-11-27 06:00:00+00:00,Swarm_A,2.3242802983333333e-12,1.93530365e-12,467687.49124722223,360
2024-11-27 09:00:00+00:00,Swarm_A,2.3396197741666668e-12,1.78779035e-12,467564.1724472222,360
2024-11-27 12:00:00+00:00,Swarm_A,2.384295098333333e-12,1.8130552e-12,467078.1835333333,360
2024-11-27 15:00:00+00:00,Swarm_A,2.4342717844444446e-12,1.8961996499999997e-12,466586.3529,360
2024-11-27 18:00:00+00:00,Swarm_A,2.629435201388889e-12,2.0557014e-12,466489.45169722225,360
2024-11-27 21:00:00+00:00,Swarm_A,2.7231771219444446e-12,2.09624855e-12,466660.18994999997,360
2024-11-28 00:00:00+00:00,Swarm_A,2.6684611147222227e-12,2.14946935e-12,467097.2860555555,360
2024-11-28 03:00:00+00:00,Swarm_A,2.6566480191666666e-12,2.1584853e-12,467485.8726,360
2024-11-28 06:00:00+00:00,Swarm_A,2.5732389719444444e-12,2.18347295e-12,467582.6637916667,360
2024-11-28 09:00:00+00:00,Swarm_A,2.5725346e-12,2.1190653e-12,467316.66636111116,360
2024-11-28 12:00:00+00:00,Swarm_A,2.481648410277778e-12,2.1355043499999996e-12,467139.606475,360
2024-11-28 15:00:00+00:00,Swarm_A,2.4700928144444444e-12,1.98100605e-12,467205.5594916667,360
2024-11-28 18:00:00+00:00,Swarm_A,2.5158686366666667e-12,1.99872445e-12,467464.98923888884,360
2024-11-28 21:00:00+00:00,Swarm_A,2.4792717544444443e-12,1.9293991999999998e-12,467454.0861722223,360
2024-11-29 00:00:00+00:00,Swarm_A,2.4634561605555556e-12,2.02187905e-12,467116.62628055556,360
2024-11-29 03:00:00+00:00,Swarm_A,2.5092703272222224e-12,2.01287355e-12,466650.473875,360
2024-11-29 06:00:00+00:00,Swarm_A,2.5655560905555555e-12,2.0418715999999998e-12,466350.4396527778,360
2024-11-29 09:00:00+00:00,Swarm_A,2.6895018852777777e-12,2.3369860000000002e-12,466304.84843333333,360
2024-11-29 12:00:00+00:00,Swarm_A,2.6069221894444448e-12,2.1942222e-12,466650.60442499997,360
2024-11-29 15:00:00+00:00,Swarm_A,2.5682296730555557e-12,2.08228225e-12,467166.6900472222,360
2024-11-29 18:00:00+00:00,Swarm_A,2.6750422380555555e-12,2.21049375e-12,467425.7730472222,360
2024-11-29 21:00:00+00:00,Swarm_A,2.82195141617647e-12,2.3746604e-12,467412.8827941177,340
2024-11-30 00:00:00+00:00,Swarm_A,2.8621811133333332e-12,2.48401925e-12,467008.60523888894,360
2024-11-30 03:00:00+00:00,Swarm_A,2.5731894e-12,2.1400383499999997e-12,468178.7623,300
2024-11-30 06:00:00+00:00,Swarm_A,2.7258503077777777e-12,2.29595525e-12,467167.74325,360
2024-11-30 09:00:00+00:00,Swarm_A,2.518598160277778e-12,2.0109779e-12,467315.3834027778,360
2024-11-30 12:00:00+00:00,Swarm_A,2.4431939041666667e-12,1.958301e-12,467160.5407527778,360
2024-11-30 15:00:00+00:00,Swarm_A,2.430900561666667e-12,1.9633939e-12,466739.40966666664,360
2024-11-30 18:00:00+00:00,Swarm_A,2.5220222941666665e-12,1.8952285999999998e-12,466336.0663,360
2024-11-30 21:00:00+00:00,Swarm_A,2.524128303888889e-12,1.94618455e-12,466058.5668388889,360
2024-04-01 00:00:00+00:00,Swarm_B,7.927701123888889e-13,6.9588767e-13,518816.28085000004,360
2024-04-01 03:00:00+00:00,Swarm_B,8.027550529722222e-13,7.017676649999999e-13,518627.84575,360
2024-04-01 06:00:00+00:00,Swarm_B,8.333696854722223e-13,6.890902e-13,519352.0228388889,360
2024-04-01 09:00:00+00:00,Swarm_B,7.731275986944444e-13,6.0308182e-13,520005.241775,360
2024-04-01 12:00:00+00:00,Swarm_B,7.822858482777779e-13,7.1020096e-13,519993.7993527778,360
2024-04-01 15:00:00+00:00,Swarm_B,7.157297984444445e-13,5.6720679e-13,519649.18130833335,360
2024-04-01 18:00:00+00:00,Swarm_B,7.005809468055555e-13,5.12357285e-13,519642.3306333333,360
2024-04-01 21:00:00+00:00,Swarm_B,6.848634453055556e-13,5.67473695e-13,519988.0834361111,360
2024-04-02 00:00:00+00:00,Swarm_B,6.981527833333332e-13,6.459246800000001e-13,520002.79204166663,360
2024-04-02 03:00:00+00:00,Swarm_B,7.137057243333334e-13,6.19940855e-13,519356.19743055553,360
2024-04-02 06:00:00+00:00,Swarm_B,6.886221949166668e-13,5.70688405e-13,518766.2721388889,360
2024-04-02 09:00:00+00:00,Swarm_B,6.900504318333333e-13,6.4339312e-13,518756.0486083334,360
2024-04-02 12:00:00+00:00,Swarm_B,6.460225468611112e-13,5.27028105e-13,519397.40955555555,360
2024-04-02 15:00:00+00:00,Swarm_B,5.850631815833333e-13,4.592970899999999e-13,519975.33931388886,360
2024-04-02 18:00:00+00:00,Swarm_B,5.814383671666666e-13,4.3111342500000003e-13,519966.42076111113,360
2024-04-02 21:00:00+00:00,Swarm_B,5.700621704722222e-13,3.8651357000000004e-13,519605.27315555554,360
2024-04-03 00:00:00+00:00,Swarm_B,6.076141679166667e-13,5.256218800000001e-13,519634.7322555555,360
2024-04-03 03:00:00+00:00,Swarm_B,6.079104429166667e-13,5.0114198e-13,519952.6405638888,360
2024-04-03 06:00:00+00:00,Swarm_B,6.235857067777778e-13,5.38388555e-13,519963.42376944446,360
2024-04-03 09:00:00+00:00,Swarm_B,5.946001507222222e-13,5.08534105e-13,519253.6763333333,360
2024-04-03 12:00:00+00:00,Swarm_B,5.548403716944444e-13,4.3238764e-13,518574.9801222223,360
2024-04-03 15:00:00+00:00,Swarm_B,5.223883631111111e-13,3.87102315e-13,518749.9753944444,360
2024-04-03 18:00:00+00:00,Swarm_B,4.741973442777778e-13,3.1090850999999996e-13,519607.00841944444,360
2024-04-03 21:00:00+00:00,Swarm_B,4.637702154444444e-13,3.0898069e-13,520029.06861944444,360
2024-04-04 00:00:00+00:00,Swarm_B,4.754813376861111e-13,3.0751586e-13,519808.8992527778,360
2024-04-04 03:00:00+00:00,Swarm_B,5.084853804166667e-13,3.59386715e-13,519522.58081388887,360
2024-04-04 06:00:00+00:00,Swarm_B,5.553885410833334e-13,5.1638099e-13,519716.13577500003,360
2024-04-04 09:00:00+00:00,Swarm_B,5.925981532222223e-13,6.00316265e-13,520006.4876916667,360
2024-04-04 12:00:00+00:00,Swarm_B,6.354078894722222e-13,6.1916778e-13,519747.9256666667,360
2024-04-04 15:00:00+00:00,Swarm_B,6.165532354999999e-13,5.32396995e-13,519004.86395277776,360
2024-04-04 18:00:00+00:00,Swarm_B,6.219658136111111e-13,5.4807552e-13,518608.0881305555,360
2024-04-04 21:00:00+00:00,Swarm_B,6.350987537222223e-13,4.66607845e-13,518909.42549722217,360
2024-04-05 00:00:00+00:00,Swarm_B,5.945450003055556e-13,4.3877189e-13,519605.92168611113,360
2024-04-05 03:00:00+00:00,Swarm_B,6.240975171111111e-13,5.23309865e-13,519976.1684111111,360
2024-04-05 06:00:00+00:00,Swarm_B,6.217766128888889e-13,4.6635608e-13,519771.63585555553,360
2024-04-05 09:00:00+00:00,Swarm_B,6.473873315833334e-13,5.3436087e-13,519506.91027222225,360
2024-04-05 12:00:00+00:00,Swarm_B,6.766916075e-13,6.18189895e-13,519676.3798916667,360
2024-04-05 15:00:00+00:00,Swarm_B,6.548307516944444e-13,5.688590949999999e-13,519941.0114361112,360
2024-04-05 18:00:00+00:00,Swarm_B,6.330672285e-13,5.08543615e-13,519678.30296666664,360
2024-04-05 21:00:00+00:00,Swarm_B,6.377122530277777e-13,5.0831248e-13,518911.8628277778,360
2024-04-06 00:00:00+00:00,Swarm_B,6.59671237888889e-13,5.1765604e-13,518477.7019277778,360
2024-04-06 03:00:00+00:00,Swarm_B,6.760227450277777e-13,4.89375235e-13,518941.677575,360
2024-04-06 06:00:00+00:00,Swarm_B,6.810777137777778e-13,5.575299e-13,519773.4079138889,360
2024-04-06 09:00:00+00:00,Swarm_B,6.323211784999999e-13,4.6453899e-13,519968.9967555555,360
2024-04-06 12:00:00+00:00,Swarm_B,6.44023389e-13,5.020136700000001e-13,519611.3435833333,360
2024-04-06 15:00:00+00:00,Swarm_B,6.314115589166666e-13,4.6051281e-13,519450.7855388889,360
2024-04-06 18:00:00+00:00,Swarm_B,6.233149476666666e-13,4.5047804499999996e-13,519758.2349944444,360
2024-04-06 21:00:00+00:00,Swarm_B,6.175790570555556e-13,4.5397461000000005e-13,519965.50560833333,360
2024-04-07 00:00:00+00:00,Swarm_B,6.182002045277778e-13,4.56532095e-13,519468.2244416667,360
2024-04-07 03:00:00+00:00,Swarm_B,6.370246806388888e-13,5.30272715e-13,518677.69085,360
2024-04-07 06:00:00+00:00,Swarm_B,6.077402247777778e-13,5.072647e-13,518573.0505083333,360
2024-04-07 09:00:00+00:00,Swarm_B,5.681753416388889e-13,4.1539246e-13,519116.67640555557,360
2024-04-07 12:00:00+00:00,Swarm_B,5.524730969166666e-13,4.40718225e-13,519764.46958888887,360
2024-04-07 15:00:00+00:00,Swarm_B,5.488698338055556e-13,4.33571685e-13,519867.9692472222,360
2024-04-07 18:00:00+00:00,Swarm_B,5.659489789166667e-13,4.1274401e-13,519572.28568888886,360
2024-04-07 21:00:00+00:00,Swarm_B,6.070213385555555e-13,4.1208037e-13,519474.0047027777,360
2024-04-08 00:00:00+00:00,Swarm_B,6.209914180833334e-13,4.616615150000001e-13,519772.72336944443,360
2024-04-08 03:00:00+00:00,Swarm_B,6.523485950277777e-13,5.669959199999999e-13,519850.5322388889,360
2024-04-08 06:00:00+00:00,Swarm_B,7.018689746944443e-13,6.4091911e-13,519388.23655555554,360
2024-04-08 09:00:00+00:00,Swarm_B,6.801602601388888e-13,5.263144850000001e-13,518616.2362888889,360
2024-04-08 12:00:00+00:00,Swarm_B,6.435995730555556e-13,5.06199535e-13,518499.4916472222,360
2024-04-08 15:00:00+00:00,Swarm_B,5.996673697777778e-13,4.0469842000000004e-13,519187.4539833333,360
2024-04-08 18:00:00+00:00,Swarm_B,5.415718135833333e-13,4.4623135999999997e-13,519897.3960944445,360
2024-04-08 21:00:00+00:00,Swarm_B,5.314353618611111e-13,3.7439454500000004e-13,519807.63190555555,360
2024-04-09 00:00:00+00:00,Swarm_B,5.562120961111111e-13,3.9451929000000003e-13,519445.17758333334,360
2024-04-09 03:00:00+00:00,Swarm_B,6.120990505277777e-13,5.177831750000001e-13,519466.64033611113,360
2024-04-09 06:00:00+00:00,Swarm_B,6.93679235138889e-13,6.53723245e-13,519869.8879166667,360
2024-04-09 09:00:00+00:00,Swarm_B,7.172884918888889e-13,6.256404199999999e-13,519808.83266944444,360
2024-04-09 12:00:00+00:00,Swarm_B,7.186528914166667e-13,5.990208549999999e-13,519101.59200277773,360
2024-04-09 15:00:00+00:00,Swarm_B,6.797310014722223e-13,5.46594625e-13,518470.82096388884,360
2024-04-09 18:00:00+00:00,Swarm_B,6.426151205555556e-13,4.84544265e-13,518674.9580305556,360
2024-04-09 21:00:00+00:00,Swarm_B,6.068034629722223e-13,4.30496545e-13,519339.66675555555,360
2024-04-10 00:00:00+00:00,Swarm_B,6.075694733055556e-13,4.844873699999999e-13,519813.50285277783,360
2024-04-10 03:00:00+00:00,Swarm_B,6.261147295277778e-13,4.704261050000001e-13,519721.5027472222,360
2024-04-10 06:00:00+00:00,Swarm_B,6.541188558611111e-13,4.779038e-13,519453.2489805555,360
2024-04-10 09:00:00+00:00,Swarm_B,6.795027381388888e-13,5.758236400000001e-13,519510.64855000004,360
2024-04-10 12:00:00+00:00,Swarm_B,6.714486073611112e-13,5.3974743e-13,519782.8630083333,360
2024-04-10 15:00:00+00:00,Swarm_B,6.9644924175e-13,6.03747065e-13,519667.2352944444,360
2024-04-10 18:00:00+00:00,Swarm_B,6.748022875277778e-13,5.71857095e-13,519033.7454083333,360
2024-04-10 21:00:00+00:00,Swarm_B,6.653888461388889e-13,5.3663596e-13,518445.6647333333,360
2024-04-11 00:00:00+00:00,Swarm_B,6.671824651111111e-13,4.8283582e-13,518629.0271416667,360
2024-04-11 03:00:00+00:00,Swarm_B,6.705358898055556e-13,4.8514979e-13,519418.88641111116,360
2024-04-11 06:00:00+00:00,Swarm_B,6.754436234166667e-13,4.73472345e-13,519900.20283611113,360
2024-04-11 09:00:00+00:00,Swarm_B,6.655743986666666e-13,4.9318141e-13,519645.99693055556,360
2024-04-11 12:00:00+00:00,Swarm_B,6.692864291944444e-13,4.6053513e-13,519322.61350277776,360
2024-04-11 15:00:00+00:00,Swarm_B,6.6669822175e-13,5.4278158e-13,519508.0621138889,360
2024-04-11 18:00:00+00:00,Swarm_B,6.758507778611111e-13,5.370154250000001e-13,519841.9469527778,360
2024-04-11 21:00:00+00:00,Swarm_B,6.756381573888889e-13,5.021254199999999e-13,519582.1962944445,360
2024-04-12 00:00:00+00:00,Swarm_B,7.046428461944445e-13,5.740731199999999e-13,518767.61207222217,360
2024-04-12 03:00:00+00:00,Swarm_B,7.384592385e-13,6.309832e-13,518324.4978222222,360
2024-04-12 06:00:00+00:00,Swarm_B,7.195343943611111e-13,5.4702169e-13,518822.11301111116,360
2024-04-12 09:00:00+00:00,Swarm_B,6.875340141388889e-13,5.46617605e-13,519537.5268888889,360
2024-04-12 12:00:00+00:00,Swarm_B,6.909995353888889e-13,5.0515125e-13,519787.7039083333,360
2024-04-12 15:00:00+00:00,Swarm_B,6.735937336388888e-13,4.88533115e-13,519509.86788611114,360
2024-04-12 18:00:00+00:00,Swarm_B,6.979981445833334e-13,4.33520785e-13,519331.5947,360
2024-04-12 21:00:00+00:00,Swarm_B,7.143871629444444e-13,5.3521879e-13,519559.94475,360
2024-04-13 00:00:00+00:00,Swarm_B,7.433045328055556e-13,5.82195405e-13,519761.8592472222,360
2024-04-13 03:00:00+00:00,Swarm_B,8.121336699444446e-13,6.64495395e-13,519360.5775222222,360
2024-04-13 06:00:00+00:00,Swarm_B,8.215597100277778e-13,6.4472746e-13,518705.53987499996,360
2024-04-13 09:00:00+00:00,Swarm_B,7.983323654722222e-13,6.095843199999999e-13,518342.43443611107,360
2024-04-13 12:00:00+00:00,Swarm_B,7.689104071388889e-13,5.72545685e-13,518813.6594694445,360
2024-04-13 15:00:00+00:00,Swarm_B,7.439276684166666e-13,5.282483699999999e-13,519564.6076083333,360
2024-04-13 18:00:00+00:00,Swarm_B,7.297642540277778e-13,4.77204575e-13,519803.2664777778,360
2024-04-13 21:00:00+00:00,Swarm_B,7.844220311944445e-13,5.64048275e-13,519419.06564444443,360
2024-04-14 00:00:00+00:00,Swarm_B,8.2116508825e-13,5.870436699999999e-13,519266.0831361111,360
2024-04-14 03:00:00+00:00,Swarm_B,8.671462285555555e-13,6.98979415e-13,519557.42629722226,360
2024-04-14 06:00:00+00:00,Swarm_B,9.175009436388888e-13,7.91166175e-13,519787.9424944445,360
2024-04-14 09:00:00+00:00,Swarm_B,9.314568774444445e-13,7.75778045e-13,519238.048875,360
2024-04-14 12:00:00+00:00,Swarm_B,9.322208867777778e-13,8.01231155e-13,518438.7245666667,360
2024-04-14 15:00:00+00:00,Swarm_B,9.046020385833333e-13,6.51588545e-13,518315.20108611113,360
2024-04-14 18:00:00+00:00,Swarm_B,8.985893440833333e-13,6.03906e-13,519024.4636777778,360
2024-04-14 21:00:00+00:00,Swarm_B,9.078857193888888e-13,6.5446648e-13,519618.77411388885,360
2024-04-15 00:00:00+00:00,Swarm_B,9.18582785638889e-13,6.37833585e-13,519638.35449444444,360
2024-04-15 03:00:00+00:00,Swarm_B,1.0200296712222224e-12,7.483141300000001e-13,519327.0624694444,360
2024-04-15 06:00:00+00:00,Swarm_B,1.0305579968333334e-12,7.7858482e-13,519317.1067638889,360
2024-04-15 09:00:00+00:00,Swarm_B,1.0247144973055556e-12,8.3913496e-13,519592.75804444443,360
2024-04-15 12:00:00+00:00,Swarm_B,1.0165659111388889e-12,8.1475345e-13,519604.8310722222,360
2024-04-15 15:00:00+00:00,Swarm_B,1.0326060369722221e-12,8.06901375e-13,519046.1529472222,360
2024-04-15 18:00:00+00:00,Swarm_B,1.1280756309722223e-12,9.717369149999998e-13,518426.89165833336,360
2024-04-15 21:00:00+00:00,Swarm_B,1.1906632936388888e-12,8.4466702e-13,518356.25654166663,360
2024-04-16 00:00:00+00:00,Swarm_B,1.2743065128333332e-12,1.0040426500000001e-12,518994.065175,360
2024-04-16 03:00:00+00:00,Swarm_B,1.3340100989444446e-12,1.0608464e-12,519634.10624444444,360
2024-04-16 06:00:00+00:00,Swarm_B,1.4380777593888889e-12,1.36088355e-12,519616.05964722217,360
2024-04-16 09:00:00+00:00,Swarm_B,1.51777123125e-12,1.34252585e-12,519231.6300638889,360
2024-04-16 12:00:00+00:00,Swarm_B,1.53897190275e-12,1.2760628000000001e-12,519219.6415027778,360
2024-04-16 15:00:00+00:00,Swarm_B,1.506161824611111e-12,1.41563395e-12,519573.61476944445,360
2024-04-16 18:00:00+00:00,Swarm_B,1.5740715489444443e-12,1.45180965e-12,519574.92953611107,360
2024-04-16 21:00:00+00:00,Swarm_B,1.6639384077500001e-12,1.4541128500000002e-12,518873.59562222223,360
2024-04-17 00:00:00+00:00,Swarm_B,1.4793712240000001e-12,1.22286925e-12,518181.63584166666,360
2024-04-17 03:00:00+00:00,Swarm_B,1.3123646104166666e-12,1.0236997e-12,518356.45499166666,360
2024-04-17 06:00:00+00:00,Swarm_B,1.1942723894722222e-12,8.605497750000001e-13,519166.6117694444,360
2024-04-17 09:00:00+00:00,Swarm_B,1.1767753560833333e-12,8.8293306e-13,519613.0824472222,360
2024-04-17 12:00:00+00:00,Swarm_B,1.22792420575e-12,1.0238021000000001e-12,519417.98589722224,360
2024-04-17 15:00:00+00:00,Swarm_B,1.297003292e-12,1.08546865e-12,519125.9869444445,360
2024-04-17 18:00:00+00:00,Swarm_B,1.2704671345833332e-12,1.0243073e-12,519264.43474999996,360
2024-04-17 21:00:00+00:00,Swarm_B,1.272357170138889e-12,9.83467285e-13,519569.3421361111,360
2024-04-18 00:00:00+00:00,Swarm_B,1.2673912821111112e-12,9.88093645e-13,519360.53838611115,360
2024-04-18 03:00:00+00:00,Swarm_B,1.2537574964722222e-12,9.814115049999999e-13,518640.73511944443,360
2024-04-18 06:00:00+00:00,Swarm_B,1.2294618084444445e-12,1.0292260000000002e-12,518197.9339416667,360
2024-04-18 09:00:00+00:00,Swarm_B,1.1965872231666667e-12,8.6095855e-13,518413.62374444446,360
2024-04-18 12:00:00+00:00,Swarm_B,1.1775916587222223e-12,8.76886395e-13,519141.8316,360
2024-04-18 15:00:00+00:00,Swarm_B,1.1430259715833332e-12,8.0490204e-13,519562.1429388889,360
2024-04-18 18:00:00+00:00,Swarm_B,1.1107520015833334e-12,7.89191955e-13,519362.68694999994,360
2024-04-18 21:00:00+00:00,Swarm_B,1.1639451464444444e-12,7.849004e-13,519051.2286472222,360
2024-04-19 00:00:00+00:00,Swarm_B,1.2136939024444444e-12,9.904509349999999e-13,519218.03901944443,360
2024-04-19 03:00:00+00:00,Swarm_B,1.27417130075e-12,1.02318765e-12,519501.39855000004,360
2024-04-19 06:00:00+00:00,Swarm_B,1.5132923603055555e-12,1.5786752e-12,519294.2800138889,360
2024-04-19 09:00:00+00:00,Swarm_B,1.7696031881666667e-12,1.7670859e-12,518459.2321027778,360
2024-04-19 12:00:00+00:00,Swarm_B,1.838368771666667e-12,1.6522302499999999e-12,517996.12638888886,360
2024-04-19 15:00:00+00:00,Swarm_B,2.0968249755555556e-12,2.10277375e-12,518459.20533055556,360
2024-04-19 18:00:00+00:00,Swarm_B,2.1790125455555556e-12,2.0364392499999997e-12,519276.71351666667,360
2024-04-19 21:00:00+00:00,Swarm_B,1.9942718358333332e-12,1.7615879e-12,519462.9156333333,360
2024-04-20 00:00:00+00:00,Swarm_B,1.7088770780555557e-12,1.49385605e-12,519147.98274166667,360
2024-04-20 03:00:00+00:00,Swarm_B,1.4986726479444445e-12,1.16392885e-12,518969.5568111111,360
2024-04-20 06:00:00+00:00,Swarm_B,1.441583669972222e-12,1.19538365e-12,519254.76201111113,360
2024-04-20 09:00:00+00:00,Swarm_B,1.5096452791944443e-12,1.28762545e-12,519414.02455277776,360
2024-04-20 12:00:00+00:00,Swarm_B,1.5237371590833334e-12,1.31457435e-12,518973.697925,360
2024-04-20 15:00:00+00:00,Swarm_B,1.4776262131944444e-12,1.3158368e-12,518264.00118611107,360
2024-04-20 18:00:00+00:00,Swarm_B,1.4727433906111113e-12,1.2651879000000002e-12,518047.73990833334,360
2024-04-20 21:00:00+00:00,Swarm_B,1.3463489457222223e-12,1.09128255e-12,518486.5603166666,360
2024-04-21 00:00:00+00:00,Swarm_B,1.3303154326944443e-12,1.1078425e-12,519173.4779777778,360
2024-04-21 03:00:00+00:00,Swarm_B,1.374210599138889e-12,1.2484628000000001e-12,519393.94385277777,360
2024-04-21 06:00:00+00:00,Swarm_B,1.4876504438055557e-12,1.31272345e-12,519090.8033027778,360
2024-04-21 09:00:00+00:00,Swarm_B,1.5601031485e-12,1.34571585e-12,518900.3031444444,360
2024-04-21 12:00:00+00:00,Swarm_B,1.5906147517777777e-12,1.44435175e-12,519152.02139722224,360
2024-04-21 15:00:00+00:00,Swarm_B,1.5817634329722222e-12,1.4538839500000001e-12,519335.90941944445,360
2024-04-21 18:00:00+00:00,Swarm_B,1.6458318943055553e-12,1.54267215e-12,518901.9622194444,360
2024-04-21 21:00:00+00:00,Swarm_B,1.5668312198611112e-12,1.25122275e-12,518095.48843055556,360
2024-04-22 00:00:00+00:00,Swarm_B,1.4388337209166667e-12,1.18092345e-12,517882.77869999997,360
2024-04-22 03:00:00+00:00,Swarm_B,1.378450047e-12,1.1324535e-12,518559.1730416666,360
2024-04-22 06:00:00+00:00,Swarm_B,1.4111124894166666e-12,1.1470484e-12,519274.70638888894,360
2024-04-22 09:00:00+00:00,Swarm_B,1.3620711598611112e-12,1.1206032e-12,519270.60493888886,360
2024-04-22 12:00:00+00:00,Swarm_B,1.3642171223888889e-12,1.1541264e-12,518894.6449555555,360
2024-04-22 15:00:00+00:00,Swarm_B,1.3405614150555556e-12,1.0235236500000002e-12,518861.12023888895,360
2024-04-22 18:00:00+00:00,Swarm_B,1.332623168111111e-12,1.09421895e-12,519211.41220555553,360
2024-04-22 21:00:00+00:00,Swarm_B,1.3289192674444444e-12,1.0163701500000001e-12,519251.37660277775,360
2024-04-23 00:00:00+00:00,Swarm_B,1.3182496189444443e-12,1.0364457e-12,518616.86775833333,360
2024-04-23 03:00:00+00:00,Swarm_B,1.3598529137222223e-12,1.1069275e-12,517954.90798888885,360
2024-04-23 06:00:00+00:00,Swarm_B,1.348235649638889e-12,1.18360445e-12,517988.917975,360
2024-04-23 09:00:00+00:00,Swarm_B,1.3952509568055555e-12,1.15970265e-12,518603.4322472222,360
2024-04-23 12:00:00+00:00,Swarm_B,1.3282055573055555e-12,1.1043292e-12,519180.8845527778,360
2024-04-23 15:00:00+00:00,Swarm_B,1.2488738563611111e-12,1.0258990000000001e-12,519175.32126666664,360
2024-04-23 18:00:00+00:00,Swarm_B,1.2933527784722222e-12,9.66812475e-13,518845.11933055555,360
2024-04-23 21:00:00+00:00,Swarm_B,1.350333681611111e-12,1.0298898e-12,518834.42827499995,360
2024-04-24 00:00:00+00:00,Swarm_B,1.3231494878888888e-12,1.0430094e-12,519138.22774166666,360
2024-04-24 03:00:00+00:00,Swarm_B,1.37141232725e-12,1.11220175e-12,519138.41383888887,360
2024-04-24 06:00:00+00:00,Swarm_B,1.3377174625277778e-12,1.06107205e-12,518532.3952527778,360
2024-04-24 09:00:00+00:00,Swarm_B,1.296690005111111e-12,1.0834512500000001e-12,517806.9804972222,360
2024-04-24 12:00:00+00:00,Swarm_B,1.2263911925000001e-12,9.68797005e-13,517892.7696027778,360
2024-04-24 15:00:00+00:00,Swarm_B,1.1525898721666667e-12,8.86170605e-13,518699.6566388889,360
2024-04-24 18:00:00+00:00,Swarm_B,1.1098685859444444e-12,8.1369444e-13,519240.4188611111,360
2024-04-24 21:00:00+00:00,Swarm_B,1.1186496154722222e-12,8.1257165e-13,519034.9481527778,360
2024-04-25 00:00:00+00:00,Swarm_B,1.1422236543055555e-12,8.2730682e-13,518708.9804055556,360
2024-04-25 03:00:00+00:00,Swarm_B,1.1651316153333333e-12,8.68481275e-13,518840.04329166666,360
2024-04-25 06:00:00+00:00,Swarm_B,1.167274618861111e-12,1.0161044999999999e-12,519192.7920444445,360
2024-04-25 09:00:00+00:00,Swarm_B,1.1761686875e-12,1.0483834e-12,518983.55876111117,360
2024-04-25 12:00:00+00:00,Swarm_B,1.1797831928055555e-12,1.0124373000000001e-12,518234.1332027778,360
2024-04-25 15:00:00+00:00,Swarm_B,1.1388394639999999e-12,9.8128906e-13,517759.9209527778,360
2024-04-25 18:00:00+00:00,Swarm_B,1.1048265777777778e-12,9.15228725e-13,518047.7797722222,360
2024-04-25 21:00:00+00:00,Swarm_B,1.0654063892222223e-12,8.677144799999999e-13,518712.92866944446,360
2024-04-26 00:00:00+00:00,Swarm_B,1.077958701388889e-12,8.90642725e-13,519117.1444222223,360
2024-04-26 03:00:00+00:00,Swarm_B,1.1921789278055556e-12,1.14331895e-12,518975.2142666667,360
2024-04-26 06:00:00+00:00,Swarm_B,1.3105190473888889e-12,1.2831006e-12,518702.4313583333,360
2024-04-26 09:00:00+00:00,Swarm_B,1.3736608222500002e-12,1.28640285e-12,518799.8183305556,360
2024-04-26 12:00:00+00:00,Swarm_B,1.4142351053055555e-12,1.40646605e-12,519052.8851944444,360
2024-04-26 15:00:00+00:00,Swarm_B,1.445768564e-12,1.435523e-12,518876.964525,360
2024-04-26 18:00:00+00:00,Swarm_B,1.3425020945e-12,1.1302281499999999e-12,518177.076875,360
2024-04-26 21:00:00+00:00,Swarm_B,1.4116383125277779e-12,1.4177119e-12,517637.1064027778,360
2024-04-27 00:00:00+00:00,Swarm_B,1.334847565388889e-12,1.1550615999999998e-12,517950.2214111111,360
2024-04-27 03:00:00+00:00,Swarm_B,1.2417273870833333e-12,1.1474979500000001e-12,518802.68164722226,360
2024-04-27 06:00:00+00:00,Swarm_B,1.1263297678888888e-12,9.5087499e-13,519144.32683055557,360
2024-04-27 09:00:00+00:00,Swarm_B,1.0631743512222223e-12,8.8955933e-13,518813.4062722222,360
2024-04-27 12:00:00+00:00,Swarm_B,1.0334253410833334e-12,9.0752591e-13,518550.2531833333,360
2024-04-27 15:00:00+00:00,Swarm_B,9.623617812222222e-13,8.1553818e-13,518802.44789444446,360
2024-04-27 18:00:00+00:00,Swarm_B,9.364039640833333e-13,7.938877799999999e-13,519087.889975,360
2024-04-27 21:00:00+00:00,Swarm_B,9.587659062222222e-13,8.574359749999999e-13,518703.5578361111,360
2024-04-28 00:00:00+00:00,Swarm_B,9.688849676944445e-13,8.283366199999999e-13,517885.04028611106,360
2024-04-28 03:00:00+00:00,Swarm_B,9.355330510833335e-13,8.059097849999999e-13,517615.3470027778,360
2024-04-28 06:00:00+00:00,Swarm_B,8.298801919444445e-13,6.41499065e-13,518122.3848861111,360
2024-04-28 09:00:00+00:00,Swarm_B,7.560515804722222e-13,6.161574550000001e-13,518797.8154222222,360
2024-04-28 12:00:00+00:00,Swarm_B,7.108991203333334e-13,5.523619899999999e-13,519000.1747833333,360
2024-04-28 15:00:00+00:00,Swarm_B,6.625479217222222e-13,5.3908242e-13,518735.0088666667,360
2024-04-28 18:00:00+00:00,Swarm_B,6.746836772222222e-13,5.18167575e-13,518570.1836194444,360
2024-04-28 21:00:00+00:00,Swarm_B,6.812372470277778e-13,5.9591229e-13,518810.19029722223,360
2024-04-29 00:00:00+00:00,Swarm_B,6.877354119166668e-13,5.4618519e-13,518965.5653361111,360
2024-04-29 03:00:00+00:00,Swarm_B,7.029245358333333e-13,5.94533815e-13,518586.96756666666,360
2024-04-29 06:00:00+00:00,Swarm_B,6.727959098888889e-13,5.75772025e-13,517867.83951944445,360
2024-04-29 09:00:00+00:00,Swarm_B,6.496484622222223e-13,5.576135900000001e-13,517553.06853611115,360
2024-04-29 12:00:00+00:00,Swarm_B,6.182387800277777e-13,4.9951575e-13,518099.35771666665,360
2024-04-29 15:00:00+00:00,Swarm_B,5.653799974722222e-13,4.5134256e-13,518886.2611,360
2024-04-29 18:00:00+00:00,Swarm_B,5.421168433888889e-13,4.82277685e-13,519009.34818055556,360
2024-04-29 21:00:00+00:00,Swarm_B,5.437104540833333e-13,4.4667933000000003e-13,518629.67555833334,360
2024-04-30 00:00:00+00:00,Swarm_B,5.555484844444445e-13,4.0024604e-13,518512.80998055555,360
2024-04-30 03:00:00+00:00,Swarm_B,5.553659998055556e-13,4.57990855e-13,518858.5931638889,360
2024-04-30 06:00:00+00:00,Swarm_B,5.234348627222222e-13,4.2072101500000005e-13,519001.44176944444,360
2024-04-30 09:00:00+00:00,Swarm_B,5.040101146111111e-13,4.01671015e-13,518408.1314444444,360
2024-04-30 12:00:00+00:00,Swarm_B,5.087869305e-13,4.48055845e-13,517654.0942,360
2024-04-30 15:00:00+00:00,Swarm_B,5.333811040555556e-13,5.01888125e-13,517633.3968027778,360
2024-04-30 18:00:00+00:00,Swarm_B,6.012874690277778e-13,4.9706822e-13,518285.15406111116,360
2024-04-30 21:00:00+00:00,Swarm_B,6.085142578611112e-13,5.224966e-13,518864.1574388889,360
2024-05-01 00:00:00+00:00,Swarm_B,7.007795322222222e-13,6.622441e-13,518890.7943527778,360
2024-05-01 03:00:00+00:00,Swarm_B,6.922847883333334e-13,5.9366443e-13,518605.14677222224,360
2024-05-01 06:00:00+00:00,Swarm_B,6.393032943611111e-13,5.22035305e-13,518568.57991944446,360
2024-05-01 09:00:00+00:00,Swarm_B,6.032929886111111e-13,5.1781821e-13,518835.5481111111,360
2024-05-01 12:00:00+00:00,Swarm_B,5.868270710277778e-13,5.09217685e-13,518851.38228055555,360
2024-05-01 15:00:00+00:00,Swarm_B,5.417389326666667e-13,4.71026405e-13,518329.3691277778,360
2024-05-01 18:00:00+00:00,Swarm_B,5.400495321944444e-13,4.3469029e-13,517667.744825,360
2024-05-01 21:00:00+00:00,Swarm_B,5.517791263611111e-13,4.738794250000001e-13,517598.9031166667,360
2024-05-02 00:00:00+00:00,Swarm_B,5.663092949722222e-13,4.70394025e-13,518273.0829444445,360
2024-05-02 03:00:00+00:00,Swarm_B,5.590123290277778e-13,4.63537755e-13,518954.4353166666,360
2024-05-02 06:00:00+00:00,Swarm_B,5.620404684722223e-13,5.03272095e-13,518891.22005,360
2024-05-02 09:00:00+00:00,Swarm_B,5.846505354444444e-13,5.33688645e-13,518500.8492277778,360
2024-05-02 12:00:00+00:00,Swarm_B,6.516091561666666e-13,6.33807935e-13,518514.08892500005,360
2024-05-02 15:00:00+00:00,Swarm_B,8.396737852499999e-13,8.75931805e-13,518883.32182222226,360
2024-05-02 18:00:00+00:00,Swarm_B,1.002987365388889e-12,9.61851295e-13,518866.27630833327,360
2024-05-02 21:00:00+00:00,Swarm_B,8.951300814722222e-13,8.015882649999999e-13,518142.8499222222,360
2024-05-03 00:00:00+00:00,Swarm_B,8.891055133888888e-13,8.22005245e-13,517462.48908611113,360
2024-05-03 03:00:00+00:00,Swarm_B,7.698455777777778e-13,6.26272775e-13,517708.0038055556,360
2024-05-03 06:00:00+00:00,Swarm_B,6.486133611666667e-13,5.43315065e-13,518451.5821055556,360
2024-05-03 09:00:00+00:00,Swarm_B,5.810060423611111e-13,4.59713745e-13,518900.11399166664,360
2024-05-03 12:00:00+00:00,Swarm_B,5.222100197777777e-13,4.06641355e-13,518743.01955555554,360
2024-05-03 15:00:00+00:00,Swarm_B,4.942146784722222e-13,4.2023532e-13,518471.6811444445,360
2024-05-03 18:00:00+00:00,Swarm_B,4.877219350555556e-13,3.3487864000000003e-13,518573.76831388887,360
2024-05-03 21:00:00+00:00,Swarm_B,4.910018416944444e-13,4.0139262000000003e-13,518860.35061666666,360
2024-05-04 00:00:00+00:00,Swarm_B,4.909593490277777e-13,4.16857085e-13,518671.9907638889,360
2024-05-04 03:00:00+00:00,Swarm_B,5.013088860555555e-13,3.9434904e-13,518048.11600833334,360
2024-05-04 06:00:00+00:00,Swarm_B,4.847613982222223e-13,3.7771987e-13,517503.9388138889,360
2024-05-04 09:00:00+00:00,Swarm_B,4.857732271111111e-13,4.1299942999999997e-13,517689.9526583333,360
2024-05-04 12:00:00+00:00,Swarm_B,4.682523299166666e-13,3.3831944e-13,518441.6689222222,360
2024-05-04 15:00:00+00:00,Swarm_B,4.5086404775e-13,3.8540581e-13,518947.9039305555,360
2024-05-04 18:00:00+00:00,Swarm_B,4.4222993247222225e-13,3.85218475e-13,518709.2830388889,360
2024-05-04 21:00:00+00:00,Swarm_B,4.865493263611111e-13,4.5956343e-13,518396.779825,360
2024-05-05 00:00:00+00:00,Swarm_B,5.251802548888889e-13,4.4648228e-13,518540.5231833333,360
2024-05-05 03:00:00+00:00,Swarm_B,5.652890581388889e-13,5.1939876e-13,518888.67381944443,360
2024-05-05 06:00:00+00:00,Swarm_B,5.541961529444444e-13,4.804694850000001e-13,518646.9894166667,360
2024-05-05 09:00:00+00:00,Swarm_B,5.758015395555555e-13,5.08308705e-13,517831.6219277778,360
2024-05-05 12:00:00+00:00,Swarm_B,5.509766213055555e-13,4.581362699999999e-13,517363.7709444444,360
2024-05-05 15:00:00+00:00,Swarm_B,5.273333224722222e-13,4.2766139e-13,517835.7861111111,360
2024-05-05 18:00:00+00:00,Swarm_B,5.336674084444444e-13,4.50814e-13,518580.8443138889,360
2024-05-05 21:00:00+00:00,Swarm_B,6.233835399166667e-13,6.39514815e-13,518850.1668777778,360
2024-05-06 00:00:00+00:00,Swarm_B,7.357546131388889e-13,6.52539425e-13,518595.30334444443,360
2024-05-06 03:00:00+00:00,Swarm_B,7.388286655555556e-13,6.8000004e-13,518402.90234166663,360
2024-05-06 06:00:00+00:00,Swarm_B,7.612039567222223e-13,7.16692155e-13,518609.05001388886,360
2024-05-06 09:00:00+00:00,Swarm_B,7.758714657777777e-13,6.8766434e-13,518804.64845555555,360
2024-05-06 12:00:00+00:00,Swarm_B,7.540782435555555e-13,7.15906675e-13,518456.85075000004,360
2024-05-06 15:00:00+00:00,Swarm_B,7.024937587777778e-13,6.58745585e-13,517777.67240833334,360
2024-05-06 18:00:00+00:00,Swarm_B,6.816797566388888e-13,5.806326149999999e-13,517425.53981111106,360
2024-05-06 21:00:00+00:00,Swarm_B,6.243905917777778e-13,5.02480055e-13,517817.17251111113,360
2024-05-07 00:00:00+00:00,Swarm_B,6.100970648611111e-13,4.99584315e-13,518569.9401833333,360
2024-05-07 03:00:00+00:00,Swarm_B,6.316283851944445e-13,5.995739700000001e-13,518871.0606,360
2024-05-07 06:00:00+00:00,Swarm_B,6.027843854444445e-13,5.031103799999999e-13,518551.63933888887,360
2024-05-07 09:00:00+00:00,Swarm_B,6.252199286666667e-13,5.44223285e-13,518327.3161694445,360
2024-05-07 12:00:00+00:00,Swarm_B,6.21869894e-13,5.38656585e-13,518584.9173361111,360
2024-05-07 15:00:00+00:00,Swarm_B,6.05594224e-13,5.5211608e-13,518822.1013833333,360
2024-05-07 18:00:00+00:00,Swarm_B,6.389278487777778e-13,5.90000955e-13,518417.19622777775,360
2024-05-07 21:00:00+00:00,Swarm_B,6.447359755555555e-13,5.62737985e-13,517595.6344861111,360
2024-05-08 00:00:00+00:00,Swarm_B,6.66806056888889e-13,5.7312356e-13,517319.2817,360
2024-05-08 03:00:00+00:00,Swarm_B,6.778259993055555e-13,5.6943537e-13,517978.3609472223,360
2024-05-08 06:00:00+00:00,Swarm_B,6.534679953888888e-13,5.57068455e-13,518675.6864972222,360
2024-05-08 09:00:00+00:00,Swarm_B,6.579141376388888e-13,6.010758499999999e-13,518763.9099861111,360
2024-05-08 12:00:00+00:00,Swarm_B,6.731230295555555e-13,5.8111901e-13,518434.9395166667,360
2024-05-08 15:00:00+00:00,Swarm_B,6.912218172777777e-13,5.985929050000001e-13,518346.5012638889,360
2024-05-08 18:00:00+00:00,Swarm_B,6.940738813611111e-13,5.75657805e-13,518649.2695916667,360
2024-05-08 21:00:00+00:00,Swarm_B,7.035676865555556e-13,5.985553850000001e-13,518746.5949861111,360
2024-05-09 00:00:00+00:00,Swarm_B,7.350919936111111e-13,6.465464e-13,518197.89630555554,360
2024-05-09 03:00:00+00:00,Swarm_B,7.658072789166667e-13,7.187097049999999e-13,517566.7452111111,360
2024-05-09 06:00:00+00:00,Swarm_B,7.317007755277777e-13,6.47615725e-13,517401.82916388893,360
2024-05-09 09:00:00+00:00,Swarm_B,7.277665348055556e-13,5.88807075e-13,517974.37122777774,360
2024-05-09 12:00:00+00:00,Swarm_B,7.121053989166667e-13,5.8439007e-13,518648.3817555556,360
2024-05-09 15:00:00+00:00,Swarm_B,7.035062543055555e-13,6.2271325e-13,518766.6178055555,360
2024-05-09 18:00:00+00:00,Swarm_B,7.254612836944445e-13,6.68957895e-13,518385.07288333337,360
2024-05-09 21:00:00+00:00,Swarm_B,7.646778548055555e-13,6.7447492e-13,518307.89441388886,360
2024-05-10 00:00:00+00:00,Swarm_B,8.178513323333333e-13,7.72272125e-13,518612.2415972222,360
2024-05-10 03:00:00+00:00,Swarm_B,8.617601563055555e-13,8.7239146e-13,518746.21944444446,360
2024-05-10 06:00:00+00:00,Swarm_B,8.586377424722222e-13,7.3727305e-13,518124.1409694445,360
2024-05-10 09:00:00+00:00,Swarm_B,8.563359755555555e-13,7.7373899e-13,517358.7164944444,360
2024-05-10 12:00:00+00:00,Swarm_B,8.880168985277778e-13,7.896715e-13,517349.84558333334,360
2024-05-10 15:00:00+00:00,Swarm_B,9.085738249444444e-13,7.324035100000001e-13,518147.35604722216,360
2024-05-10 18:00:00+00:00,Swarm_B,1.7533991977222224e-12,1.6522629000000001e-12,518697.4258194444,360
2024-05-10 21:00:00+00:00,Swarm_B,2.7550237894444442e-12,2.76774595e-12,518611.3377277777,360
2024-05-11 00:00:00+00:00,Swarm_B,3.713778007222222e-12,3.6082402e-12,518271.50711944443,360
2024-05-11 03:00:00+00:00,Swarm_B,3.771749067777777e-12,3.65662945e-12,518318.77502777777,360
2024-05-11 06:00:00+00:00,Swarm_B,3.710377867222222e-12,3.74616995e-12,518595.7476138889,360
2024-05-11 09:00:00+00:00,Swarm_B,3.1967315411111114e-12,3.1923407999999998e-12,518493.305125,360
2024-05-11 12:00:00+00:00,Swarm_B,2.892094413611111e-12,2.9342017500000004e-12,517837.5530138889,360
2024-05-11 15:00:00+00:00,Swarm_B,2.2453003675e-12,2.23473165e-12,517282.4075,360
2024-05-11 18:00:00+00:00,Swarm_B,1.7331432819444443e-12,1.7363007999999998e-12,517344.1588138889,360
2024-05-11 21:00:00+00:00,Swarm_B,1.2647709788611111e-12,1.1395484e-12,517999.50165833335,360
2024-05-12 00:00:00+00:00,Swarm_B,1.0124473605e-12,9.2540904e-13,518562.9602527778,360
2024-05-12 03:00:00+00:00,Swarm_B,1.0253210898611113e-12,9.10018905e-13,518504.1361055555,360
2024-05-12 06:00:00+00:00,Swarm_B,9.211496056388888e-13,7.4766967e-13,518150.19279722223,360
2024-05-12 09:00:00+00:00,Swarm_B,8.5693096625e-13,8.10655155e-13,518172.1285,360
2024-05-12 12:00:00+00:00,Swarm_B,7.431831484722223e-13,6.466045700000001e-13,518492.4699527778,360
2024-05-12 15:00:00+00:00,Swarm_B,7.329237872777778e-13,6.61578085e-13,518437.2148166666,360
2024-05-12 18:00:00+00:00,Swarm_B,7.341390918055555e-13,6.803328e-13,517737.8247,360
2024-05-12 21:00:00+00:00,Swarm_B,8.858126131944445e-13,9.853927600000002e-13,517090.81686388893,360
2024-05-13 00:00:00+00:00,Swarm_B,8.992356837222223e-13,7.8101995e-13,517294.9722388889,360
2024-05-13 03:00:00+00:00,Swarm_B,9.904589068055556e-13,9.5000448e-13,518144.62931111106,360
2024-05-13 06:00:00+00:00,Swarm_B,8.668944019722223e-13,8.7648035e-13,518575.058975,360
2024-05-13 09:00:00+00:00,Swarm_B,8.690625985000001e-13,8.08062435e-13,518348.1973777778,360
2024-05-13 12:00:00+00:00,Swarm_B,8.709851450277778e-13,7.570485500000001e-13,518056.86943888885,360
2024-05-13 15:00:00+00:00,Swarm_B,8.512892260555555e-13,7.9281803e-13,518215.26775833336,360
2024-05-13 18:00:00+00:00,Swarm_B,8.303371578611111e-13,7.50938375e-13,518521.6894916667,360
2024-05-13 21:00:00+00:00,Swarm_B,8.366646323333333e-13,7.26431475e-13,518280.32748055557,360
2024-05-14 00:00:00+00:00,Swarm_B,8.849427816111111e-13,8.06620535e-13,517517.0936638889,360
2024-05-14 03:00:00+00:00,Swarm_B,8.820363035833333e-13,8.1505714e-13,517126.0867527778,360
2024-05-14 06:00:00+00:00,Swarm_B,8.649082314444445e-13,8.06040905e-13,517390.76105,360
2024-05-14 09:00:00+00:00,Swarm_B,8.678990075277779e-13,7.3374995e-13,518107.2883194444,360
2024-05-14 12:00:00+00:00,Swarm_B,8.489049862499999e-13,7.23955165e-13,518499.1798638888,360
2024-05-14 15:00:00+00:00,Swarm_B,8.361106590833333e-13,7.79911205e-13,518318.18135277776,360
2024-05-14 18:00:00+00:00,Swarm_B,8.651890271111111e-13,7.6278696e-13,518026.87486944447,360
2024-05-14 21:00:00+00:00,Swarm_B,8.699842747222222e-13,7.755185799999999e-13,518190.6037777778,360
2024-05-15 00:00:00+00:00,Swarm_B,8.9154177975e-13,8.08651765e-13,518448.2744194445,360
2024-05-15 03:00:00+00:00,Swarm_B,9.191203263333334e-13,8.7646879e-13,518252.7092916667,360
2024-05-15 06:00:00+00:00,Swarm_B,9.772597925555555e-13,9.76455995e-13,517442.55651111115,360
2024-05-15 09:00:00+00:00,Swarm_B,9.927185294444445e-13,8.661770150000001e-13,516965.8589388889,360
2024-05-15 12:00:00+00:00,Swarm_B,1.038804433361111e-12,9.67948625e-13,517391.9180361111,360
2024-05-15 15:00:00+00:00,Swarm_B,9.975781693055556e-13,9.47552685e-13,518244.2055555555,360
2024-05-15 18:00:00+00:00,Swarm_B,1.0188898800277779e-12,9.45890515e-13,518468.2337944445,360
2024-05-15 21:00:00+00:00,Swarm_B,1.063789309111111e-12,1.02764865e-12,518163.943975,360
2024-05-16 00:00:00+00:00,Swarm_B,1.1161219654722221e-12,1.0846416e-12,517971.14816388884,360
2024-05-16 03:00:00+00:00,Swarm_B,1.0899690007222223e-12,1.1226007500000001e-12,518255.5115388889,360
2024-05-16 06:00:00+00:00,Swarm_B,1.3380196592499999e-12,1.413668e-12,518434.0802722222,360
2024-05-16 09:00:00+00:00,Swarm_B,1.468765580138889e-12,1.4176058e-12,518010.09616944444,360
2024-05-16 12:00:00+00:00,Swarm_B,1.4240231959444446e-12,1.40765855e-12,517270.21945833333,360
2024-05-16 15:00:00+00:00,Swarm_B,1.3234614998611112e-12,1.2949035e-12,517037.70208611107,360
2024-05-16 18:00:00+00:00,Swarm_B,1.2124111860833332e-12,1.1750535e-12,517461.33888611116,360
2024-05-16 21:00:00+00:00,Swarm_B,1.1356294180277778e-12,1.0325711e-12,518145.00875000004,360
2024-05-17 00:00:00+00:00,Swarm_B,1.1006730941666668e-12,9.9321992e-13,518401.49654444447,360
2024-05-17 03:00:00+00:00,Swarm_B,1.1025232749722223e-12,1.0417160999999999e-12,518141.04584166664,360
2024-05-17 06:00:00+00:00,Swarm_B,1.134178370388889e-12,9.9731562e-13,517934.1715111111,360
2024-05-17 09:00:00+00:00,Swarm_B,1.145082472472222e-12,9.969891949999999e-13,518147.1827611111,360
2024-05-17 12:00:00+00:00,Swarm_B,1.1622976972777778e-12,1.03842065e-12,518345.60974166665,360
2024-05-17 15:00:00+00:00,Swarm_B,1.277062235e-12,1.23816615e-12,517967.7257777778,360
2024-05-17 18:00:00+00:00,Swarm_B,1.4408333604444444e-12,1.4959988499999998e-12,517182.1072083333,360
2024-05-17 21:00:00+00:00,Swarm_B,1.5158740435833332e-12,1.4908744e-12,516880.42799166666,360
2024-05-18 00:00:00+00:00,Swarm_B,1.6155767902222223e-12,1.6375454e-12,517466.817125,360
2024-05-18 03:00:00+00:00,Swarm_B,1.4883654213055555e-12,1.5200094000000002e-12,518250.2284694445,360
2024-05-18 06:00:00+00:00,Swarm_B,1.4146806261944445e-12,1.42424295e-12,518340.2712861111,360
2024-05-18 09:00:00+00:00,Swarm_B,1.3703673251666666e-12,1.3298081500000001e-12,517961.27011944447,360
2024-05-18 12:00:00+00:00,Swarm_B,1.3255419354166666e-12,1.22769755e-12,517856.3852194444,360
2024-05-18 15:00:00+00:00,Swarm_B,1.2451625256666665e-12,1.2078223000000001e-12,518180.3744944444,360
2024-05-18 18:00:00+00:00,Swarm_B,1.1622722320555555e-12,1.17531965e-12,518297.9064277778,360
2024-05-18 21:00:00+00:00,Swarm_B,1.1012028119444444e-12,1.0534926e-12,517727.42979444447,360
2024-05-19 00:00:00+00:00,Swarm_B,1.1042318379444445e-12,1.0360348e-12,516980.73995,360
2024-05-19 03:00:00+00:00,Swarm_B,1.0936215136111112e-12,1.1443085e-12,516954.3165416667,360
2024-05-19 06:00:00+00:00,Swarm_B,1.0342512858611111e-12,1.035287e-12,517527.3135694444,360
2024-05-19 09:00:00+00:00,Swarm_B,1.0550884587777777e-12,9.8274103e-13,518156.6931861111,360
2024-05-19 12:00:00+00:00,Swarm_B,1.0183768364722222e-12,9.2000088e-13,518221.65885833337,360
2024-05-19 15:00:00+00:00,Swarm_B,1.0776333151111111e-12,1.0881610499999999e-12,517923.2795222222,360
2024-05-19 18:00:00+00:00,Swarm_B,1.072294929e-12,1.0497004e-12,517831.4879666667,360
2024-05-19 21:00:00+00:00,Swarm_B,1.03830849275e-12,1.02482345e-12,518116.82805833337,360
2024-05-20 00:00:00+00:00,Swarm_B,1.0156732931944446e-12,9.69889625e-13,518160.3614166667,360
2024-05-20 03:00:00+00:00,Swarm_B,1.0077775245555556e-12,9.8607993e-13,517677.96326111106,360
2024-05-20 06:00:00+00:00,Swarm_B,1.024869551888889e-12,1.0451226999999998e-12,516905.9268611111,360
2024-05-20 09:00:00+00:00,Swarm_B,9.695468948055554e-13,9.28154515e-13,516824.7697027778,360
2024-05-20 12:00:00+00:00,Swarm_B,9.197406696666668e-13,8.4328866e-13,517536.2047222222,360
2024-05-20 15:00:00+00:00,Swarm_B,8.635849070833334e-13,8.567927e-13,518235.2278194444,360
2024-05-20 18:00:00+00:00,Swarm_B,8.41847049361111e-13,8.105087e-13,518142.9984194444,360
2024-05-20 21:00:00+00:00,Swarm_B,8.714692751944445e-13,8.41496085e-13,517788.34681666666,360
2024-05-21 00:00:00+00:00,Swarm_B,8.965365543888888e-13,8.710857849999999e-13,517796.80474166665,360
2024-05-21 03:00:00+00:00,Swarm_B,8.81432267611111e-13,8.92274725e-13,518175.92915277777,360
2024-05-21 06:00:00+00:00,Swarm_B,8.761805356111111e-13,8.850813099999999e-13,518110.5853555556,360
2024-05-21 09:00:00+00:00,Swarm_B,9.040784219166666e-13,8.26638105e-13,517425.54126944445,360
2024-05-21 12:00:00+00:00,Swarm_B,9.127849470277778e-13,8.3797984e-13,516801.4497027778,360
2024-05-21 15:00:00+00:00,Swarm_B,9.231954623611112e-13,9.3022667e-13,516953.57100555557,360
2024-05-21 18:00:00+00:00,Swarm_B,8.784846091111112e-13,9.052380199999999e-13,517593.589925,360
2024-05-21 21:00:00+00:00,Swarm_B,8.733998186111111e-13,8.3295001e-13,518118.0768972222,360
2024-05-22 00:00:00+00:00,Swarm_B,8.577060907777777e-13,8.21702905e-13,518078.38534166664,360
2024-05-22 03:00:00+00:00,Swarm_B,8.538490207777778e-13,8.6520201e-13,517789.41517777776,360
2024-05-22 06:00:00+00:00,Swarm_B,8.501892309444444e-13,7.8198711e-13,517794.2356083334,360
2024-05-22 09:00:00+00:00,Swarm_B,8.297257618333333e-13,7.652676549999999e-13,518072.1792333333,360
2024-05-22 12:00:00+00:00,Swarm_B,8.264918679166667e-13,7.7812965e-13,518022.5239527778,360
2024-05-22 15:00:00+00:00,Swarm_B,8.197021664722221e-13,7.93375125e-13,517410.823425,360
2024-05-22 18:00:00+00:00,Swarm_B,8.199017753611111e-13,7.8750154e-13,516746.5724666667,360
2024-05-22 21:00:00+00:00,Swarm_B,8.117702230833333e-13,7.84858495e-13,516847.90689444443,360
2024-05-23 00:00:00+00:00,Swarm_B,7.940000970555556e-13,7.3924639e-13,517642.56991944445,360
2024-05-23 03:00:00+00:00,Swarm_B,7.647572793333333e-13,7.59063325e-13,518192.7372638889,360
2024-05-23 06:00:00+00:00,Swarm_B,7.874899844722222e-13,7.58440295e-13,518001.3559166667,360
2024-05-23 09:00:00+00:00,Swarm_B,8.001612312222223e-13,7.789132649999999e-13,517659.0065527778,360
2024-05-23 12:00:00+00:00,Swarm_B,8.535627103333334e-13,7.5552005e-13,517785.2813361111,360
2024-05-23 15:00:00+00:00,Swarm_B,8.785418420555556e-13,8.73865255e-13,518130.85492222226,360
2024-05-23 18:00:00+00:00,Swarm_B,9.22939407388889e-13,9.7824491e-13,517958.99252499995,360
2024-05-23 21:00:00+00:00,Swarm_B,9.506199946666666e-13,9.777728900000002e-13,517186.27375833335,360
2024-05-24 00:00:00+00:00,Swarm_B,9.194930380833335e-13,8.9698917e-13,516663.1200527778,360
2024-05-24 03:00:00+00:00,Swarm_B,9.278826434722222e-13,9.8860462e-13,516987.1652027778,360
2024-05-24 06:00:00+00:00,Swarm_B,8.840890573333332e-13,8.71352855e-13,517687.3312666667,360
2024-05-24 09:00:00+00:00,Swarm_B,9.048879160833333e-13,8.65967225e-13,518088.0247777777,360
2024-05-24 12:00:00+00:00,Swarm_B,8.334627233888889e-13,7.8590913e-13,517918.28225833335,360
2024-05-24 15:00:00+00:00,Swarm_B,7.978570804722222e-13,7.7881702e-13,517662.07049722224,360
2024-05-24 18:00:00+00:00,Swarm_B,7.387270605833334e-13,7.138613749999999e-13,517789.5844583333,360
2024-05-24 21:00:00+00:00,Swarm_B,6.810550964166666e-13,6.926980850000001e-13,518049.7643222222,360
2024-05-25 00:00:00+00:00,Swarm_B,7.197530894444444e-13,7.413864e-13,517833.9636444444,360
2024-05-25 03:00:00+00:00,Swarm_B,7.251670266388889e-13,7.291602e-13,517169.72343888885,360
2024-05-25 06:00:00+00:00,Swarm_B,6.904907895555556e-13,6.82598535e-13,516611.4453138889,360
2024-05-25 09:00:00+00:00,Swarm_B,6.518549062499999e-13,6.497539649999999e-13,516914.80049166665,360
2024-05-25 12:00:00+00:00,Swarm_B,6.061621301388889e-13,5.5250268e-13,517733.3927166666,360
2024-05-25 15:00:00+00:00,Swarm_B,5.73049186e-13,5.467511499999999e-13,518140.5347138889,360
2024-05-25 18:00:00+00:00,Swarm_B,5.687890874166666e-13,5.79654945e-13,517831.72028055554,360
2024-05-25 21:00:00+00:00,Swarm_B,5.902651469166667e-13,5.9061695e-13,517573.5033027778,360
2024-05-26 00:00:00+00:00,Swarm_B,5.821491735000001e-13,5.6660352e-13,517788.73585833336,360
2024-05-26 03:00:00+00:00,Swarm_B,5.813854265277777e-13,5.9490408e-13,518102.89920000004,360
2024-05-26 06:00:00+00:00,Swarm_B,5.800291663055555e-13,6.20048535e-13,517730.4591416667,360
2024-05-26 09:00:00+00:00,Swarm_B,5.693446188888888e-13,5.687185350000001e-13,516928.11251111113,360
2024-05-26 12:00:00+00:00,Swarm_B,5.851268103611111e-13,5.293973399999999e-13,516589.4737138889,360
2024-05-26 15:00:00+00:00,Swarm_B,5.472045573333333e-13,5.678216750000001e-13,517076.70890555554,360
2024-05-26 18:00:00+00:00,Swarm_B,5.334895371388889e-13,5.1860106e-13,517746.847075,360
2024-05-26 21:00:00+00:00,Swarm_B,5.203897865555556e-13,4.99020855e-13,518011.8398527778,360
2024-05-27 00:00:00+00:00,Swarm_B,4.835993089444444e-13,4.695474299999999e-13,517789.18185555557,360
2024-05-27 03:00:00+00:00,Swarm_B,4.862362824722222e-13,4.620615300000001e-13,517606.93150277773,360
2024-05-27 06:00:00+00:00,Swarm_B,5.061998168888889e-13,4.45046665e-13,517782.2585333333,360
2024-05-27 09:00:00+00:00,Swarm_B,5.497620761944444e-13,5.13388235e-13,517966.4785027778,360
2024-05-27 12:00:00+00:00,Swarm_B,5.452474986944444e-13,5.211890899999999e-13,517646.18429999996,360
2024-05-27 15:00:00+00:00,Swarm_B,5.190039619722222e-13,5.162064149999999e-13,516949.4828972222,360
2024-05-27 18:00:00+00:00,Swarm_B,5.110695261111112e-13,5.2945726e-13,516550.6400861111,360
2024-05-27 21:00:00+00:00,Swarm_B,5.018850385833333e-13,5.064616350000001e-13,516995.3999833333,360
2024-05-28 00:00:00+00:00,Swarm_B,4.923131569722222e-13,4.78668455e-13,517811.0505333333,360
2024-05-28 03:00:00+00:00,Swarm_B,4.816314785833334e-13,4.708795349999999e-13,518063.2496472222,360
2024-05-28 06:00:00+00:00,Swarm_B,4.84859896e-13,4.36833165e-13,517704.43004999997,360
2024-05-28 09:00:00+00:00,Swarm_B,4.769002088611112e-13,4.3886769000000003e-13,517509.453475,360
2024-05-28 12:00:00+00:00,Swarm_B,4.720800017777778e-13,4.4328397000000004e-13,517803.8140194444,360
2024-05-28 15:00:00+00:00,Swarm_B,4.555269546388889e-13,4.52377855e-13,518033.2219888889,360
2024-05-28 18:00:00+00:00,Swarm_B,4.614811381111111e-13,4.622980750000001e-13,517554.44742222223,360
2024-05-28 21:00:00+00:00,Swarm_B,4.564092252222222e-13,4.3489326499999996e-13,516741.75998055557,360
2024-05-29 00:00:00+00:00,Swarm_B,4.5128745083333335e-13,4.53038715e-13,516559.3809194445,360
2024-05-29 03:00:00+00:00,Swarm_B,4.4313706058333335e-13,4.2984979499999997e-13,517167.636875,360
2024-05-29 06:00:00+00:00,Swarm_B,4.3666680572222224e-13,3.6867952999999997e-13,517821.41374999995,360
2024-05-29 09:00:00+00:00,Swarm_B,4.585954885e-13,3.970556e-13,517944.65820833336,360
2024-05-29 12:00:00+00:00,Swarm_B,4.487524516666667e-13,4.0307226500000003e-13,517660.040125,360
2024-05-29 15:00:00+00:00,Swarm_B,4.708691475277778e-13,4.3688533000000004e-13,517558.5436388889,360
2024-05-29 18:00:00+00:00,Swarm_B,5.090017293888889e-13,4.63083485e-13,517828.99955277774,360
2024-05-29 21:00:00+00:00,Swarm_B,5.252855125277777e-13,5.08435005e-13,517926.74722499994,360
2024-05-30 00:00:00+00:00,Swarm_B,5.159040805e-13,5.2223642e-13,517463.9138194444,360
2024-05-30 03:00:00+00:00,Swarm_B,5.086094575833333e-13,5.0250495e-13,516771.7005555555,360
2024-05-30 06:00:00+00:00,Swarm_B,5.046114028333333e-13,5.3532497e-13,516535.97116111114,360
2024-05-30 09:00:00+00:00,Swarm_B,4.978333523611112e-13,4.859788e-13,517127.87481666665,360
2024-05-30 12:00:00+00:00,Swarm_B,4.963508054444445e-13,4.442714e-13,517877.53253333335,360
2024-05-30 15:00:00+00:00,Swarm_B,5.164990230555556e-13,4.76601425e-13,517966.2776138889,360
2024-05-30 18:00:00+00:00,Swarm_B,5.270315985833334e-13,5.07167185e-13,517585.6373638889,360
2024-05-30 21:00:00+00:00,Swarm_B,5.612675125000001e-13,5.565883550000001e-13,517506.60874722217,360
2024-05-31 00:00:00+00:00,Swarm_B,5.687895654166666e-13,5.896366e-13,517853.7135333334,360
2024-05-31 03:00:00+00:00,Swarm_B,5.921699679722223e-13,5.87931845e-13,517967.32364722225,360
2024-05-31 06:00:00+00:00,Swarm_B,6.114239426388888e-13,6.56043905e-13,517325.9806861111,360
2024-05-31 09:00:00+00:00,Swarm_B,6.036605049444444e-13,6.1313255e-13,516577.0958472222,360
2024-05-31 12:00:00+00:00,Swarm_B,6.081104570555556e-13,5.8193892e-13,516597.19941111107,360
2024-05-31 15:00:00+00:00,Swarm_B,5.534336175555556e-13,5.90700175e-13,517291.0114,360
2024-05-31 18:00:00+00:00,Swarm_B,5.253417308333333e-13,4.9980722e-13,517844.03402500006,360
2024-05-31 21:00:00+00:00,Swarm_B,5.272042278888889e-13,5.283562149999999e-13,517847.0854638889,360
2024-06-01 00:00:00+00:00,Swarm_B,5.245862626388888e-13,5.293049899999999e-13,517574.71183611115,360
2024-06-01 03:00:00+00:00,Swarm_B,5.102446848888888e-13,5.0771365e-13,517567.88054444443,360
2024-06-01 06:00:00+00:00,Swarm_B,5.208016406388889e-13,5.52303005e-13,517822.86881944444,360
2024-06-01 09:00:00+00:00,Swarm_B,5.272846643888889e-13,5.4120967e-13,517804.6864388889,360
2024-06-01 12:00:00+00:00,Swarm_B,5.311030393055555e-13,5.1425388e-13,517268.12469722226,360
2024-06-01 15:00:00+00:00,Swarm_B,5.384794253333333e-13,5.305652200000001e-13,516629.19704166666,360
2024-06-01 18:00:00+00:00,Swarm_B,5.237338306388888e-13,5.329560200000001e-13,516564.85044166667,360
2024-06-01 21:00:00+00:00,Swarm_B,5.286082731111112e-13,5.3271842e-13,517228.3633527778,360
2024-06-02 00:00:00+00:00,Swarm_B,4.951931579166667e-13,5.038518899999999e-13,517912.6027472222,360
2024-06-02 03:00:00+00:00,Swarm_B,4.960095957222222e-13,4.918233749999999e-13,517872.64580555557,360
2024-06-02 06:00:00+00:00,Swarm_B,4.930797833055556e-13,4.9534835e-13,517486.4602583333,360
2024-06-02 09:00:00+00:00,Swarm_B,4.99522917e-13,4.4782785e-13,517483.5371472222,360
2024-06-02 12:00:00+00:00,Swarm_B,5.272664792222223e-13,5.0553409e-13,517846.3982722222,360
2024-06-02 15:00:00+00:00,Swarm_B,5.289797316944445e-13,5.59439555e-13,517841.91619444446,360
2024-06-02 18:00:00+00:00,Swarm_B,5.397454035833334e-13,5.63395335e-13,517126.6500111111,360
2024-06-02 21:00:00+00:00,Swarm_B,5.567695885277778e-13,6.01764275e-13,516428.7947944444,360
2024-06-03 00:00:00+00:00,Swarm_B,5.670437673611111e-13,6.22126035e-13,516631.0197888889,360
2024-06-03 03:00:00+00:00,Swarm_B,5.728044617222222e-13,5.870325849999999e-13,517388.066275,360
2024-06-03 06:00:00+00:00,Swarm_B,5.993671155e-13,5.7523766e-13,517861.1384666666,360
2024-06-03 09:00:00+00:00,Swarm_B,6.023083449722222e-13,5.8068473e-13,517730.81970833335,360
2024-06-03 12:00:00+00:00,Swarm_B,6.176669548888889e-13,5.839688900000001e-13,517455.7079055555,360
2024-06-03 15:00:00+00:00,Swarm_B,6.3146336e-13,6.0871344e-13,517541.1071583333,360
2024-06-03 18:00:00+00:00,Swarm_B,6.462163698611111e-13,6.47884485e-13,517827.1575111111,360
2024-06-03 21:00:00+00:00,Swarm_B,6.7117832925e-13,6.92769915e-13,517671.800775,360
2024-06-04 00:00:00+00:00,Swarm_B,7.089849955e-13,7.35950265e-13,517042.37662500003,360
2024-06-04 03:00:00+00:00,Swarm_B,7.298658510555555e-13,7.03753695e-13,516484.6237972222,360
2024-06-04 06:00:00+00:00,Swarm_B,7.448385845833334e-13,7.91518195e-13,516596.69083611114,360
2024-06-04 09:00:00+00:00,Swarm_B,7.597331505833333e-13,7.9498652e-13,517330.6196833333,360
2024-06-04 12:00:00+00:00,Swarm_B,7.191747200000001e-13,7.10072865e-13,517882.2284611111,360
2024-06-04 15:00:00+00:00,Swarm_B,6.755843439722223e-13,6.843260299999999e-13,517718.6864555556,360
2024-06-04 18:00:00+00:00,Swarm_B,6.366987606944445e-13,6.6897351e-13,517386.4092583333,360
2024-06-04 21:00:00+00:00,Swarm_B,6.354967129444444e-13,6.41288885e-13,517488.538225,360
2024-06-05 00:00:00+00:00,Swarm_B,6.443229424999999e-13,6.72376525e-13,517837.96805555554,360
2024-06-05 03:00:00+00:00,Swarm_B,6.491370630555555e-13,6.62211925e-13,517683.3907222222,360
2024-06-05 06:00:00+00:00,Swarm_B,6.772000702222222e-13,6.943605600000001e-13,516882.4649194444,360
2024-06-05 09:00:00+00:00,Swarm_B,6.837846527499999e-13,7.13845355e-13,516327.8200666667,360
2024-06-05 12:00:00+00:00,Swarm_B,7.080499752222222e-13,7.40655905e-13,516689.92625555553,360
2024-06-05 15:00:00+00:00,Swarm_B,7.194957232777778e-13,7.23737225e-13,517454.5041805555,360
2024-06-05 18:00:00+00:00,Swarm_B,6.867147356388889e-13,7.15755265e-13,517803.28479166667,360
2024-06-05 21:00:00+00:00,Swarm_B,7.146955308611111e-13,7.1810318e-13,517603.41139722225,360
2024-06-06 00:00:00+00:00,Swarm_B,7.103535193333333e-13,7.32034205e-13,517382.7381583333,360
2024-06-06 03:00:00+00:00,Swarm_B,7.168965951944444e-13,6.9210097e-13,517546.8032388889,360
2024-06-06 06:00:00+00:00,Swarm_B,7.541718633055555e-13,7.78080205e-13,517775.10014999995,360
2024-06-06 09:00:00+00:00,Swarm_B,7.423889822499999e-13,8.2112655e-13,517509.63936944446,360
2024-06-06 12:00:00+00:00,Swarm_B,7.518651899722222e-13,7.82164635e-13,516842.58037777775,360
2024-06-06 15:00:00+00:00,Swarm_B,7.220356976666667e-13,7.54613175e-13,516388.45248055557,360
2024-06-06 18:00:00+00:00,Swarm_B,6.906644596111111e-13,7.16891445e-13,516652.48235277773,360
2024-06-06 21:00:00+00:00,Swarm_B,6.835284794444444e-13,7.1490773e-13,517400.05389166664,360
2024-06-07 00:00:00+00:00,Swarm_B,6.573335717499999e-13,6.456521e-13,517837.51005277777,360
2024-06-07 03:00:00+00:00,Swarm_B,6.698696506666666e-13,6.7754575e-13,517591.36254444445,360
2024-06-07 06:00:00+00:00,Swarm_B,7.190623623333333e-13,7.2772654e-13,517301.0461361111,360
2024-06-07 09:00:00+00:00,Swarm_B,7.654764493333334e-13,7.2943795e-13,517484.43186944444,360
2024-06-07 12:00:00+00:00,Swarm_B,8.399400308888889e-13,8.313241900000001e-13,517789.81055833335,360
2024-06-07 15:00:00+00:00,Swarm_B,8.473686226388889e-13,8.749478800000001e-13,517512.92946388887,360
2024-06-07 18:00:00+00:00,Swarm_B,8.424831366111112e-13,8.9221333e-13,516687.72993888886,360
2024-06-07 21:00:00+00:00,Swarm_B,8.350813457777777e-13,8.84332945e-13,516235.744,360
2024-06-08 00:00:00+00:00,Swarm_B,8.586858431111111e-13,9.152958149999999e-13,516761.17548611114,360
2024-06-08 03:00:00+00:00,Swarm_B,8.229374506388888e-13,8.88735215e-13,517515.2623944445,360
2024-06-08 06:00:00+00:00,Swarm_B,8.262419480555555e-13,8.5022659e-13,517746.70205277775,360
2024-06-08 09:00:00+00:00,Swarm_B,7.915932165e-13,8.024609650000001e-13,517461.331625,360
2024-06-08 12:00:00+00:00,Swarm_B,7.736493375833334e-13,8.014999949999999e-13,517294.6944166667,360
2024-06-08 15:00:00+00:00,Swarm_B,7.271157351388889e-13,7.410782999999999e-13,517536.16449444444,360
2024-06-08 18:00:00+00:00,Swarm_B,7.352728005555555e-13,7.87461945e-13,517729.2547583333,360
2024-06-08 21:00:00+00:00,Swarm_B,7.177238831666666e-13,7.95326315e-13,517312.13184166665,360
2024-06-09 00:00:00+00:00,Swarm_B,7.132779923055555e-13,7.757183999999999e-13,516644.37635,360
2024-06-09 03:00:00+00:00,Swarm_B,6.987962890555555e-13,7.55187415e-13,516306.53089444444,360
2024-06-09 06:00:00+00:00,Swarm_B,6.979281353055554e-13,7.41166835e-13,516721.3108388889,360
2024-06-09 09:00:00+00:00,Swarm_B,6.83850032361111e-13,7.26201555e-13,517454.4838111111,360
2024-06-09 12:00:00+00:00,Swarm_B,6.863858499166667e-13,6.98838695e-13,517758.470675,360
2024-06-09 15:00:00+00:00,Swarm_B,6.505720248888889e-13,6.66134415e-13,517431.3974638889,360
2024-06-09 18:00:00+00:00,Swarm_B,6.654594795833334e-13,6.60633995e-13,517233.89150555554,360
2024-06-09 21:00:00+00:00,Swarm_B,6.591185475833334e-13,6.777896999999999e-13,517474.4096527778,360
2024-06-10 00:00:00+00:00,Swarm_B,6.536789091388889e-13,7.0779058e-13,517728.5335055556,360
2024-06-10 03:00:00+00:00,Swarm_B,6.329143730555555e-13,7.0956254e-13,517290.9685416667,360
2024-06-10 06:00:00+00:00,Swarm_B,6.521883711111111e-13,7.153500199999999e-13,516459.93312777777,360
2024-06-10 09:00:00+00:00,Swarm_B,6.406261280000001e-13,6.850439650000001e-13,516190.47398611106,360
2024-06-10 12:00:00+00:00,Swarm_B,6.543495462500001e-13,6.821779349999999e-13,516838.6913861111,360
2024-06-10 15:00:00+00:00,Swarm_B,6.179454289166667e-13,6.6043313e-13,517529.95993333333,360
2024-06-10 18:00:00+00:00,Swarm_B,6.473819934166667e-13,6.0966548e-13,517639.3300027778,360
2024-06-10 21:00:00+00:00,Swarm_B,6.474831569166667e-13,6.57988165e-13,517334.31566944445,360
2024-06-11 00:00:00+00:00,Swarm_B,6.963824351944445e-13,6.8832152e-13,517249.5785611111,360
2024-06-11 03:00:00+00:00,Swarm_B,7.377598446111111e-13,7.5171576e-13,517521.0115027778,360
2024-06-11 06:00:00+00:00,Swarm_B,7.085556055000001e-13,7.8117754e-13,517611.9009861111,360
2024-06-11 09:00:00+00:00,Swarm_B,7.033751334444444e-13,7.503115499999999e-13,517115.9198916667,360
2024-06-11 12:00:00+00:00,Swarm_B,6.923548466666667e-13,7.546708650000001e-13,516453.6024916667,360
2024-06-11 15:00:00+00:00,Swarm_B,6.609658530833334e-13,7.132137549999999e-13,516264.57625833334,360
2024-06-11 18:00:00+00:00,Swarm_B,6.176308488888889e-13,6.5615138e-13,516782.6368583333,360
2024-06-11 21:00:00+00:00,Swarm_B,6.118463396388889e-13,6.080321649999999e-13,517485.65731388883,360
2024-06-12 00:00:00+00:00,Swarm_B,5.740863754166666e-13,6.07650305e-13,517651.57392500003,360
2024-06-12 03:00:00+00:00,Swarm_B,5.554773978055556e-13,5.8300751e-13,517310.09149722225,360
2024-06-12 06:00:00+00:00,Swarm_B,5.455764614166667e-13,5.74155375e-13,517179.0677222222,360
2024-06-12 09:00:00+00:00,Swarm_B,5.367895254166667e-13,5.4111157e-13,517479.5987361111,360
2024-06-12 12:00:00+00:00,Swarm_B,5.554679633611112e-13,5.96301915e-13,517625.20129722223,360
2024-06-12 15:00:00+00:00,Swarm_B,5.608281896944444e-13,5.8881122e-13,517105.5260527778,360
2024-06-12 18:00:00+00:00,Swarm_B,5.67300725e-13,6.2459828e-13,516308.8843805556,360
2024-06-12 21:00:00+00:00,Swarm_B,5.753829435555556e-13,6.193926e-13,516174.7601555555,360
2024-06-13 00:00:00+00:00,Swarm_B,5.467922341111111e-13,5.92152765e-13,516912.06192500005,360
2024-06-13 03:00:00+00:00,Swarm_B,5.185414654722222e-13,5.5502224e-13,517551.7268305556,360
2024-06-13 06:00:00+00:00,Swarm_B,5.065615306944444e-13,5.41831595e-13,517548.2846805556,360
2024-06-13 09:00:00+00:00,Swarm_B,4.974829761111111e-13,4.952709299999999e-13,517222.59781666665,360
2024-06-13 12:00:00+00:00,Swarm_B,4.997556664166667e-13,5.087871349999999e-13,517206.98554444447,360
2024-06-13 15:00:00+00:00,Swarm_B,4.984912559722222e-13,4.9625718e-13,517532.4691833333,360
2024-06-13 18:00:00+00:00,Swarm_B,5.028523510833333e-13,5.2524209e-13,517549.4683555556,360
2024-06-13 21:00:00+00:00,Swarm_B,5.1030969625e-13,5.4748658e-13,516927.33003055555,360
2024-06-14 00:00:00+00:00,Swarm_B,5.117938964722222e-13,5.32681555e-13,516329.7155305555,360
2024-06-14 03:00:00+00:00,Swarm_B,5.075355333333334e-13,5.5519539e-13,516259.25610833336,360
2024-06-14 06:00:00+00:00,Swarm_B,5.209861249166667e-13,5.390012249999999e-13,516879.25868611113,360
2024-06-14 09:00:00+00:00,Swarm_B,5.334446718888889e-13,5.4247517e-13,517508.16934722225,360
2024-06-14 12:00:00+00:00,Swarm_B,5.425067238611111e-13,5.387192749999999e-13,517565.0901916667,360
2024-06-14 15:00:00+00:00,Swarm_B,5.281875947222222e-13,5.3810769e-13,517198.0270555556,360
2024-06-14 18:00:00+00:00,Swarm_B,4.983884165e-13,5.04300155e-13,517176.2780916667,360
2024-06-14 21:00:00+00:00,Swarm_B,5.248122541944444e-13,5.50815305e-13,517488.0065611111,360
2024-06-15 00:00:00+00:00,Swarm_B,5.403481106111111e-13,5.732043900000001e-13,517568.90805277776,360
2024-06-15 03:00:00+00:00,Swarm_B,5.5904126075e-13,6.0682588e-13,516899.62486944447,360
2024-06-15 06:00:00+00:00,Swarm_B,5.684160779444444e-13,5.94265415e-13,516162.36370833335,360
2024-06-15 09:00:00+00:00,Swarm_B,5.906436421388888e-13,5.95106075e-13,516213.9589833333,360
2024-06-15 12:00:00+00:00,Swarm_B,6.351016495555555e-13,6.193513699999999e-13,517029.0976861111,360
2024-06-15 15:00:00+00:00,Swarm_B,6.327265599166667e-13,6.4511683e-13,517545.20512222225,360
2024-06-15 18:00:00+00:00,Swarm_B,6.073921471944444e-13,6.16686075e-13,517439.26139444445,360
2024-06-15 21:00:00+00:00,Swarm_B,5.904462894444445e-13,6.0740683e-13,517139.3062027778,360
2024-06-16 00:00:00+00:00,Swarm_B,6.053492554166666e-13,6.38373025e-13,517232.92406388884,360
2024-06-16 03:00:00+00:00,Swarm_B,5.556185535833334e-13,5.64997805e-13,517520.30357222224,360
2024-06-16 06:00:00+00:00,Swarm_B,5.904776148611111e-13,6.2012091e-13,517403.50999444444,360
2024-06-16 09:00:00+00:00,Swarm_B,5.647555833611111e-13,6.4218791e-13,516745.9219166666,360
2024-06-16 12:00:00+00:00,Swarm_B,5.487664550277778e-13,5.874544300000001e-13,516209.2025944444,360
2024-06-16 15:00:00+00:00,Swarm_B,5.428113236666667e-13,5.5133608e-13,516290.07889444445,360
2024-06-16 18:00:00+00:00,Swarm_B,5.478788149722222e-13,5.78203185e-13,516953.32578055555,360
2024-06-16 21:00:00+00:00,Swarm_B,5.299733363333334e-13,5.710589e-13,517511.6183805556,360
2024-06-17 00:00:00+00:00,Swarm_B,5.098922164166667e-13,5.054313600000001e-13,517457.85935555556,360
2024-06-17 03:00:00+00:00,Swarm_B,4.799642601944445e-13,4.95057675e-13,517117.44529166666,360
2024-06-17 06:00:00+00:00,Swarm_B,4.840835054166666e-13,4.897183049999999e-13,517147.6979416667,360
2024-06-17 09:00:00+00:00,Swarm_B,4.918645108611111e-13,4.55623205e-13,517469.0233333334,360
2024-06-17 12:00:00+00:00,Swarm_B,4.790875011944445e-13,4.92070395e-13,517413.57200833334,360
2024-06-17 15:00:00+00:00,Swarm_B,4.867546845e-13,5.0641273e-13,516712.0579,360
2024-06-17 18:00:00+00:00,Swarm_B,5.122332786944445e-13,5.29443715e-13,516054.91799999995,360
2024-06-17 21:00:00+00:00,Swarm_B,5.499890001388889e-13,5.475682750000001e-13,516241.6703,360
2024-06-18 00:00:00+00:00,Swarm_B,5.280735585e-13,5.500068600000001e-13,517084.15894722217,360
2024-06-18 03:00:00+00:00,Swarm_B,5.150063276666667e-13,5.2708834e-13,517532.24093333335,360
2024-06-18 06:00:00+00:00,Swarm_B,5.224882086944444e-13,5.1065239e-13,517332.24514444446,360
2024-06-18 09:00:00+00:00,Swarm_B,5.199574583888888e-13,5.43595895e-13,517045.5255972222,360
2024-06-18 12:00:00+00:00,Swarm_B,5.138488824722222e-13,5.13161185e-13,517193.6665305556,360
2024-06-18 15:00:00+00:00,Swarm_B,4.994102981111111e-13,4.92956855e-13,517503.5366305556,360
2024-06-18 18:00:00+00:00,Swarm_B,4.969718258055556e-13,5.004761549999999e-13,517292.23769722227,360
2024-06-18 21:00:00+00:00,Swarm_B,4.796835968333333e-13,5.1600714e-13,516541.2724527778,360
2024-06-19 00:00:00+00:00,Swarm_B,4.855249256388888e-13,5.012051799999999e-13,516114.0597638888,360
2024-06-19 03:00:00+00:00,Swarm_B,4.9517005175e-13,5.35428455e-13,516322.8216361111,360
2024-06-19 06:00:00+00:00,Swarm_B,5.024063528055555e-13,5.16679015e-13,517032.9683333333,360
2024-06-19 09:00:00+00:00,Swarm_B,5.021918728611111e-13,5.11678285e-13,517474.10977222223,360
2024-06-19 12:00:00+00:00,Swarm_B,5.175675068888889e-13,5.13154085e-13,517337.57638611115,360
2024-06-19 15:00:00+00:00,Swarm_B,5.007349083888889e-13,4.644565300000001e-13,517032.525525,360
2024-06-19 18:00:00+00:00,Swarm_B,5.094152497500001e-13,4.919440699999999e-13,517169.22880277777,360
2024-06-19 21:00:00+00:00,Swarm_B,4.858622672222223e-13,5.08314025e-13,517448.56201388885,360
2024-06-20 00:00:00+00:00,Swarm_B,4.851414003611111e-13,5.2518117e-13,517310.5719583333,360
2024-06-20 03:00:00+00:00,Swarm_B,4.930760234166666e-13,5.52854405e-13,516513.25141944445,360
2024-06-20 06:00:00+00:00,Swarm_B,4.971949051111112e-13,5.32686195e-13,515967.719575,360
2024-06-20 09:00:00+00:00,Swarm_B,4.955568270833334e-13,5.024191049999999e-13,516313.95747500006,360
2024-06-20 12:00:00+00:00,Swarm_B,4.922822839722222e-13,5.21576995e-13,517168.017675,360
2024-06-20 15:00:00+00:00,Swarm_B,4.674080865555556e-13,4.5016423000000003e-13,517470.31722222216,360
2024-06-20 18:00:00+00:00,Swarm_B,4.722185420555556e-13,4.39217725e-13,517218.1195138889,360
2024-06-20 21:00:00+00:00,Swarm_B,4.72682608e-13,4.7170994e-13,516998.3807361111,360
2024-06-21 00:00:00+00:00,Swarm_B,4.698794561388889e-13,4.787701e-13,517243.1707166667,360
2024-06-21 03:00:00+00:00,Swarm_B,4.5894770825e-13,4.7811781e-13,517464.22020277777,360
2024-06-21 06:00:00+00:00,Swarm_B,4.647687758611111e-13,4.5399206499999997e-13,517129.83515000006,360
2024-06-21 09:00:00+00:00,Swarm_B,4.664957977222223e-13,4.8525938e-13,516402.36061944446,360
2024-06-21 12:00:00+00:00,Swarm_B,4.613422675277778e-13,4.60165355e-13,516062.75169166666,360
2024-06-21 15:00:00+00:00,Swarm_B,4.512317851388889e-13,4.39630925e-13,516383.03475555556,360
2024-06-21 18:00:00+00:00,Swarm_B,4.501537368055555e-13,4.4771766e-13,517085.9724777778,360
2024-06-21 21:00:00+00:00,Swarm_B,4.410308484722222e-13,4.3829429499999996e-13,517452.55639444443,360
2024-06-22 00:00:00+00:00,Swarm_B,4.460056996111111e-13,4.330354e-13,517247.5338472222,360
2024-06-22 03:00:00+00:00,Swarm_B,4.4287493488888886e-13,4.50542805e-13,516990.69188888895,360
2024-06-22 06:00:00+00:00,Swarm_B,4.2606596583333336e-13,4.27301765e-13,517161.36553055554,360
2024-06-22 09:00:00+00:00,Swarm_B,4.3434682438888887e-13,4.4533958500000004e-13,517427.55470555555,360
2024-06-22 12:00:00+00:00,Swarm_B,4.5296381755555554e-13,4.56563465e-13,517156.4340805555,360
2024-06-22 15:00:00+00:00,Swarm_B,4.440585944166667e-13,4.4989824000000005e-13,516367.5686138889,360
2024-06-22 18:00:00+00:00,Swarm_B,4.572472906944444e-13,4.73178875e-13,515926.07902222226,360
2024-06-22 21:00:00+00:00,Swarm_B,4.4142069600000003e-13,4.3050631e-13,516395.5797888889,360
2024-06-23 00:00:00+00:00,Swarm_B,4.482075346666667e-13,4.7274624e-13,517222.5107805556,360
2024-06-23 03:00:00+00:00,Swarm_B,4.4780891263888886e-13,4.31061975e-13,517448.57205555553,360
2024-06-23 06:00:00+00:00,Swarm_B,4.646994373333333e-13,4.33524585e-13,517124.5573,360
2024-06-23 09:00:00+00:00,Swarm_B,5.1038167625e-13,4.3887703e-13,516950.38237222226,360
2024-06-23 12:00:00+00:00,Swarm_B,5.161310204722223e-13,5.341196499999999e-13,517227.5885722222,360
2024-06-23 15:00:00+00:00,Swarm_B,5.074202362222222e-13,4.7210947e-13,517437.82642777776,360
2024-06-23 18:00:00+00:00,Swarm_B,5.2074578675e-13,5.4913417e-13,516998.72361388884,360
2024-06-23 21:00:00+00:00,Swarm_B,5.35884709e-13,5.420439849999999e-13,516226.28827500006,360
2024-06-24 00:00:00+00:00,Swarm_B,5.315872464166667e-13,5.4054949e-13,516019.17354166665,360
2024-06-24 03:00:00+00:00,Swarm_B,5.194307419722222e-13,5.25979695e-13,516458.76680000004,360
2024-06-24 06:00:00+00:00,Swarm_B,5.075964468333333e-13,5.2954287e-13,517155.8294583333,360
2024-06-24 09:00:00+00:00,Swarm_B,4.970964043055556e-13,5.028805099999999e-13,517383.2079388889,360
2024-06-24 12:00:00+00:00,Swarm_B,4.942590651944444e-13,4.769179850000001e-13,517128.42620000005,360
2024-06-24 15:00:00+00:00,Swarm_B,4.896161821666667e-13,4.840112600000001e-13,516936.1660472223,360
2024-06-24 18:00:00+00:00,Swarm_B,4.852849137222222e-13,4.824410200000001e-13,517183.1880861111,360
2024-06-24 21:00:00+00:00,Swarm_B,4.977161958611112e-13,4.890772350000001e-13,517354.0751416667,360
2024-06-25 00:00:00+00:00,Swarm_B,5.1113957e-13,5.1004583e-13,517005.87086388894,360
2024-06-25 03:00:00+00:00,Swarm_B,5.231382021388888e-13,5.169055700000001e-13,516178.8681083333,360
2024-06-25 06:00:00+00:00,Swarm_B,5.710440995833333e-13,5.53313435e-13,515882.93565833336,360
2024-06-25 09:00:00+00:00,Swarm_B,6.025036504444445e-13,5.7038296e-13,516467.1467194445,360
2024-06-25 12:00:00+00:00,Swarm_B,6.322321846666667e-13,6.098447950000001e-13,517263.6252,360
2024-06-25 15:00:00+00:00,Swarm_B,6.254116127222222e-13,5.8873307e-13,517343.023375,360
2024-06-25 18:00:00+00:00,Swarm_B,6.198071514166667e-13,6.254515149999999e-13,517011.41020833334,360
2024-06-25 21:00:00+00:00,Swarm_B,6.058119101666667e-13,6.1075496e-13,516909.64085,360
2024-06-26 00:00:00+00:00,Swarm_B,6.063152286111111e-13,5.767113849999999e-13,517250.90278055554,360
2024-06-26 03:00:00+00:00,Swarm_B,6.030157475833333e-13,6.152177899999999e-13,517339.6727916667,360
2024-06-26 06:00:00+00:00,Swarm_B,6.547948018333333e-13,6.52450585e-13,516802.0470833333,360
2024-06-26 09:00:00+00:00,Swarm_B,6.631546154166666e-13,6.255757399999999e-13,516094.12145000004,360
2024-06-26 12:00:00+00:00,Swarm_B,6.958161959166666e-13,6.72691005e-13,515994.44162777776,360
2024-06-26 15:00:00+00:00,Swarm_B,7.072388114444445e-13,6.8397667e-13,516507.58704722225,360
2024-06-26 18:00:00+00:00,Swarm_B,6.456710977777777e-13,6.66364405e-13,517157.8866583333,360
2024-06-26 21:00:00+00:00,Swarm_B,6.348015272222222e-13,6.335862649999999e-13,517312.75925000006,360
2024-06-27 00:00:00+00:00,Swarm_B,6.214776116944445e-13,5.6381155e-13,517026.70675,360
2024-06-27 03:00:00+00:00,Swarm_B,6.012582255555556e-13,5.672542300000001e-13,516896.09240555554,360
2024-06-27 06:00:00+00:00,Swarm_B,6.122703153055556e-13,5.8859668e-13,517160.41829444445,360
2024-06-27 09:00:00+00:00,Swarm_B,6.242647694444444e-13,5.973604e-13,517295.25644722226,360
2024-06-27 12:00:00+00:00,Swarm_B,6.468576478333334e-13,6.20487945e-13,516825.48679166666,360
2024-06-27 15:00:00+00:00,Swarm_B,6.438321262222222e-13,6.05434765e-13,516042.7802055556,360
2024-06-27 18:00:00+00:00,Swarm_B,6.894546438055555e-13,6.7580568e-13,515864.0223333333,360
2024-06-27 21:00:00+00:00,Swarm_B,7.463448952777778e-13,7.2442737e-13,516541.6585361111,360
2024-06-28 00:00:00+00:00,Swarm_B,7.534647397222222e-13,7.22559255e-13,517256.3235027778,360
2024-06-28 03:00:00+00:00,Swarm_B,8.133032187222222e-13,7.3423499e-13,517261.61324166664,360
2024-06-28 06:00:00+00:00,Swarm_B,9.074954953888888e-13,8.1654418e-13,516900.13509722217,360
2024-06-28 09:00:00+00:00,Swarm_B,9.572410801111111e-13,9.2342787e-13,516874.3391888889,360
2024-06-28 12:00:00+00:00,Swarm_B,1.0500395880833334e-12,1.0289504999999999e-12,517217.9844694445,360
2024-06-28 15:00:00+00:00,Swarm_B,1.0193358314722222e-12,9.7911883e-13,517263.3353194445,360
2024-06-28 18:00:00+00:00,Swarm_B,9.923996178611111e-13,9.00516145e-13,516635.2587083333,360
2024-06-28 21:00:00+00:00,Swarm_B,8.837540596111112e-13,9.42947085e-13,515947.6330111111,360
2024-06-29 00:00:00+00:00,Swarm_B,8.293622744722223e-13,8.023612400000001e-13,515964.30061388883,360
2024-06-29 03:00:00+00:00,Swarm_B,7.769554865833333e-13,7.229792e-13,516560.6586472222,360
2024-06-29 06:00:00+00:00,Swarm_B,7.362044777777778e-13,7.67150185e-13,517162.2670666666,360
2024-06-29 09:00:00+00:00,Swarm_B,7.249257441666667e-13,6.98841935e-13,517202.47995,360
2024-06-29 12:00:00+00:00,Swarm_B,7.231522112777777e-13,6.6513758e-13,516898.59286944446,360
2024-06-29 15:00:00+00:00,Swarm_B,6.992842465277778e-13,6.311819599999999e-13,516854.3006166667,360
2024-06-29 18:00:00+00:00,Swarm_B,7.282431362777778e-13,6.91182725e-13,517150.4739888889,360
2024-06-29 21:00:00+00:00,Swarm_B,7.409398051944444e-13,6.947200200000001e-13,517184.20673611114,360
2024-06-30 00:00:00+00:00,Swarm_B,7.351945898055556e-13,7.0574279e-13,516642.56039722223,360
2024-06-30 03:00:00+00:00,Swarm_B,7.301053849999999e-13,7.00003405e-13,515875.1694027778,360
2024-06-30 06:00:00+00:00,Swarm_B,7.361399914722222e-13,6.87950395e-13,515847.8652166666,360
2024-06-30 09:00:00+00:00,Swarm_B,7.443049125e-13,7.4673141e-13,516599.41701944446,360
2024-06-30 12:00:00+00:00,Swarm_B,7.345464639166667e-13,7.06524705e-13,517241.31206111115,360
2024-06-30 15:00:00+00:00,Swarm_B,7.36310895888889e-13,6.24007195e-13,517126.4440083333,360
2024-06-30 18:00:00+00:00,Swarm_B,7.238601986666667e-13,6.8568107e-13,516790.8748361111,360
2024-06-30 21:00:00+00:00,Swarm_B,7.093139052777778e-13,6.6483059e-13,516840.54112500005,360
2024-07-01 00:00:00+00:00,Swarm_B,6.585538313055555e-13,6.43426395e-13,517205.3515333333,360
2024-07-01 03:00:00+00:00,Swarm_B,6.789319747222222e-13,6.08775295e-13,517109.3228222222,360
2024-07-01 06:00:00+00:00,Swarm_B,7.06733814388889e-13,6.633699800000001e-13,516418.0125416666,360
2024-07-01 09:00:00+00:00,Swarm_B,7.129389878611111e-13,6.890594850000001e-13,515829.66373333335,360
2024-07-01 12:00:00+00:00,Swarm_B,7.300477398055555e-13,6.91137685e-13,515966.8713916667,360
2024-07-01 15:00:00+00:00,Swarm_B,7.081062884166666e-13,6.62482095e-13,516591.1539833334,360
2024-07-01 18:00:00+00:00,Swarm_B,6.7324841075e-13,6.4492783e-13,517118.40585277777,360
2024-07-01 21:00:00+00:00,Swarm_B,6.457983506111112e-13,6.198626599999999e-13,517100.37016666663,360
2024-07-02 00:00:00+00:00,Swarm_B,6.153943066111111e-13,5.581499600000001e-13,516805.8736222222,360
2024-07-02 03:00:00+00:00,Swarm_B,6.152880270555556e-13,5.64085045e-13,516804.13577777776,360
2024-07-02 06:00:00+00:00,Swarm_B,6.153694323055556e-13,5.6328835e-13,517085.95214722224,360
2024-07-02 09:00:00+00:00,Swarm_B,6.3078782225e-13,5.828888999999999e-13,517060.55894444446,360
2024-07-02 12:00:00+00:00,Swarm_B,6.5701072325e-13,5.98380135e-13,516446.9153916667,360
2024-07-02 15:00:00+00:00,Swarm_B,6.519344257499999e-13,5.98364705e-13,515754.58534166665,360
2024-07-02 18:00:00+00:00,Swarm_B,6.543605208611112e-13,6.0217943e-13,515835.580525,360
2024-07-02 21:00:00+00:00,Swarm_B,6.1890505225e-13,5.86877885e-13,516641.75680555555,360
2024-07-03 00:00:00+00:00,Swarm_B,6.265616277222222e-13,6.1174938e-13,517196.9198111111,360
2024-07-03 03:00:00+00:00,Swarm_B,6.270955407777778e-13,5.575970250000001e-13,517019.66521111113,360
2024-07-03 06:00:00+00:00,Swarm_B,6.337303280833334e-13,5.437865500000001e-13,516685.9955416667,360
2024-07-03 09:00:00+00:00,Swarm_B,6.2038517025e-13,5.382872499999999e-13,516802.47500555555,360
2024-07-03 12:00:00+00:00,Swarm_B,6.002254371111111e-13,5.61463695e-13,517156.2269277778,360
2024-07-03 15:00:00+00:00,Swarm_B,5.808312653611111e-13,5.5037281e-13,517005.59368888894,360
2024-07-03 18:00:00+00:00,Swarm_B,5.9720649125e-13,5.4002927e-13,516253.2783777778,360
2024-07-03 21:00:00+00:00,Swarm_B,5.952547574722222e-13,5.52787775e-13,515722.2898527778,360
2024-07-04 00:00:00+00:00,Swarm_B,5.904567515555556e-13,5.44886675e-13,515963.5981833333,360
2024-07-04 03:00:00+00:00,Swarm_B,6.439086948888889e-13,6.04277625e-13,516639.0959888889,360
2024-07-04 06:00:00+00:00,Swarm_B,6.381310434722222e-13,6.00588935e-13,517093.7995916666,360
2024-07-04 09:00:00+00:00,Swarm_B,6.354115539166667e-13,5.65671705e-13,516983.096175,360
2024-07-04 12:00:00+00:00,Swarm_B,6.732018438611112e-13,6.3839108e-13,516703.83270555554,360
2024-07-04 15:00:00+00:00,Swarm_B,6.623740359722222e-13,6.008031399999999e-13,516798.64845,360
2024-07-04 18:00:00+00:00,Swarm_B,6.511258134722222e-13,5.7916343e-13,517076.83445277775,360
2024-07-04 21:00:00+00:00,Swarm_B,6.513265415e-13,5.8933006e-13,516953.02726388886,360
2024-07-05 00:00:00+00:00,Swarm_B,6.416533628333334e-13,6.03919045e-13,516277.7716833333,360
2024-07-05 03:00:00+00:00,Swarm_B,6.769161759166667e-13,6.2750617e-13,515647.83462777775,360
2024-07-05 06:00:00+00:00,Swarm_B,6.826473906944444e-13,6.35916265e-13,515869.7970777778,360
2024-07-05 09:00:00+00:00,Swarm_B,6.867880293055556e-13,6.53787485e-13,516699.2712833333,360
2024-07-05 12:00:00+00:00,Swarm_B,6.791983451111112e-13,6.4004505e-13,517145.8441527778,360
2024-07-05 15:00:00+00:00,Swarm_B,6.591049845833333e-13,6.07622765e-13,516898.8249333334,360
2024-07-05 18:00:00+00:00,Swarm_B,6.399365839166667e-13,5.54301125e-13,516620.19739166665,360
2024-07-05 21:00:00+00:00,Swarm_B,5.890277699722223e-13,5.5513454e-13,516811.67655833333,360
2024-07-06 00:00:00+00:00,Swarm_B,5.641121664444444e-13,5.01621515e-13,517134.04266111116,360
2024-07-06 03:00:00+00:00,Swarm_B,5.722132880277778e-13,5.17245175e-13,516849.8511083333,360
2024-07-06 06:00:00+00:00,Swarm_B,5.895369809722222e-13,5.38012565e-13,516081.54052222223,360
2024-07-06 09:00:00+00:00,Swarm_B,5.808754186666667e-13,5.2956536e-13,515665.71478611114,360
2024-07-06 12:00:00+00:00,Swarm_B,6.065745267222222e-13,5.3648168e-13,516000.0056916667,360
2024-07-06 15:00:00+00:00,Swarm_B,5.812734893055555e-13,5.545686699999999e-13,516666.3059694444,360
2024-07-06 18:00:00+00:00,Swarm_B,5.641697649166666e-13,5.27507665e-13,517043.916075,360
2024-07-06 21:00:00+00:00,Swarm_B,5.382230792222222e-13,4.614358749999999e-13,516900.9039944444,360
2024-07-07 00:00:00+00:00,Swarm_B,5.476371762222222e-13,4.56952245e-13,516655.1532333334,360
2024-07-07 03:00:00+00:00,Swarm_B,5.433395454722223e-13,5.0642933e-13,516770.624075,360
2024-07-07 06:00:00+00:00,Swarm_B,5.670521606111111e-13,5.0850456e-13,517016.1281277777,360
2024-07-07 09:00:00+00:00,Swarm_B,5.810787701111111e-13,5.21067865e-13,516828.7384277778,360
2024-07-07 12:00:00+00:00,Swarm_B,6.071009883055555e-13,5.3354245e-13,516123.9406027778,360
2024-07-07 15:00:00+00:00,Swarm_B,6.114203724722222e-13,5.65522305e-13,515584.861775,360
2024-07-07 18:00:00+00:00,Swarm_B,6.061931074166667e-13,5.71951205e-13,515890.37308333337,360
2024-07-07 21:00:00+00:00,Swarm_B,5.862828151111111e-13,5.347010749999999e-13,516746.239475,360
2024-07-08 00:00:00+00:00,Swarm_B,5.792983317777778e-13,5.3541905e-13,517107.5783944444,360
2024-07-08 03:00:00+00:00,Swarm_B,5.868616272222222e-13,5.17778925e-13,516807.3689694444,360
2024-07-08 06:00:00+00:00,Swarm_B,6.073963999444445e-13,5.202316300000001e-13,516546.3747138889,360
2024-07-08 09:00:00+00:00,Swarm_B,6.267384541944445e-13,5.985443799999999e-13,516782.80454166664,360
2024-07-08 12:00:00+00:00,Swarm_B,6.269306063888889e-13,5.3989856e-13,517074.5470444444,360
2024-07-08 15:00:00+00:00,Swarm_B,6.110922929722222e-13,5.1482434e-13,516729.5929861111,360
2024-07-08 18:00:00+00:00,Swarm_B,6.277424541388889e-13,5.43818975e-13,515915.7876944444,360
2024-07-08 21:00:00+00:00,Swarm_B,6.1038760075e-13,5.5939783e-13,515591.76194999996,360
2024-07-09 00:00:00+00:00,Swarm_B,6.029064725e-13,5.472147699999999e-13,516018.3668222222,360
2024-07-09 03:00:00+00:00,Swarm_B,5.946979351111111e-13,5.72475095e-13,516703.70385833335,360
2024-07-09 06:00:00+00:00,Swarm_B,6.038656426666667e-13,5.5627533e-13,516989.2145333333,360
2024-07-09 09:00:00+00:00,Swarm_B,6.030272016388889e-13,5.315148100000001e-13,516777.21132222225,360
2024-07-09 12:00:00+00:00,Swarm_B,5.809046222222222e-13,4.91173475e-13,516566.6404222222,360
2024-07-09 15:00:00+00:00,Swarm_B,5.458981841388889e-13,4.5806735e-13,516761.9823333333,360
2024-07-09 18:00:00+00:00,Swarm_B,5.410961914166667e-13,4.4784842e-13,516965.56283055554,360
2024-07-09 21:00:00+00:00,Swarm_B,5.483141434444444e-13,4.7220226e-13,516684.07766944444,360
2024-07-10 00:00:00+00:00,Swarm_B,5.641080179444444e-13,4.79487645e-13,515952.00160277775,360
2024-07-10 03:00:00+00:00,Swarm_B,5.805967769722223e-13,5.080094e-13,515504.9207722223,360
2024-07-10 06:00:00+00:00,Swarm_B,6.033074322222222e-13,5.30728195e-13,515933.48625,360
2024-07-10 09:00:00+00:00,Swarm_B,6.308797371944445e-13,5.74287065e-13,516764.6840972222,360
2024-07-10 12:00:00+00:00,Swarm_B,6.202792855555556e-13,5.5435348e-13,517020.43672777776,360
2024-07-10 15:00:00+00:00,Swarm_B,5.9774400925e-13,4.930976e-13,516692.9882722222,360
2024-07-10 18:00:00+00:00,Swarm_B,6.050449905277778e-13,4.906316349999999e-13,516499.4433305556,360
2024-07-10 21:00:00+00:00,Swarm_B,5.788562887222223e-13,4.76446705e-13,516786.0830111111,360
2024-07-11 00:00:00+00:00,Swarm_B,5.657366436944445e-13,4.612824550000001e-13,517016.4317861111,360
2024-07-11 03:00:00+00:00,Swarm_B,6.003292494722222e-13,5.267849650000001e-13,516565.60315277777,360
2024-07-11 06:00:00+00:00,Swarm_B,6.448504379444445e-13,5.7004848e-13,515783.43493888894,360
2024-07-11 09:00:00+00:00,Swarm_B,6.607080483055555e-13,6.1167777e-13,515553.39168888883,360
2024-07-11 12:00:00+00:00,Swarm_B,6.589052406388889e-13,5.978445149999999e-13,516047.70773055556,360
2024-07-11 15:00:00+00:00,Swarm_B,6.169342688611111e-13,5.7477157e-13,516705.45202222216,360
2024-07-11 18:00:00+00:00,Swarm_B,6.222614808611111e-13,5.574030699999999e-13,516927.531525,360
2024-07-11 21:00:00+00:00,Swarm_B,6.183942039444444e-13,4.61402115e-13,516690.6935416667,360
2024-07-12 00:00:00+00:00,Swarm_B,6.150012208611111e-13,4.849562750000001e-13,516525.4371888889,360
2024-07-12 03:00:00+00:00,Swarm_B,6.032831118055555e-13,5.03486525e-13,516736.9333194445,360
2024-07-12 06:00:00+00:00,Swarm_B,6.410426670833333e-13,5.55436935e-13,516908.80114444444,360
2024-07-12 09:00:00+00:00,Swarm_B,6.567064622777778e-13,5.4052987e-13,516554.513725,360
2024-07-12 12:00:00+00:00,Swarm_B,6.723377556666667e-13,5.7120533e-13,515817.6395555556,360
2024-07-12 15:00:00+00:00,Swarm_B,6.674954039722222e-13,6.17826075e-13,515468.19193888886,360
2024-07-12 18:00:00+00:00,Swarm_B,6.398371563333334e-13,5.520058399999999e-13,515966.21495555557,360
2024-07-12 21:00:00+00:00,Swarm_B,6.346469948055556e-13,5.32400185e-13,516782.5043611111,360
2024-07-13 00:00:00+00:00,Swarm_B,6.345774813888889e-13,5.407049249999999e-13,516955.5189666667,360
2024-07-13 03:00:00+00:00,Swarm_B,6.491959251666667e-13,5.3154902e-13,516595.5503694444,360
2024-07-13 06:00:00+00:00,Swarm_B,6.6689208475e-13,5.3828692e-13,516447.5619444445,360
2024-07-13 09:00:00+00:00,Swarm_B,6.472877055555556e-13,5.52120505e-13,516761.6842083333,360
2024-07-13 12:00:00+00:00,Swarm_B,6.472388142499999e-13,5.37550935e-13,516952.852075,360
2024-07-13 15:00:00+00:00,Swarm_B,6.648070781666666e-13,5.1617219e-13,516441.4661055556,360
2024-07-13 18:00:00+00:00,Swarm_B,7.013879293055556e-13,5.724955950000001e-13,515637.8059444444,360
2024-07-13 21:00:00+00:00,Swarm_B,7.136246367777777e-13,6.23634595e-13,515524.90643888887,360
2024-07-14 00:00:00+00:00,Swarm_B,7.390566069722223e-13,6.4764284e-13,516080.18559166667,360
2024-07-14 03:00:00+00:00,Swarm_B,7.714674770555556e-13,6.6620622e-13,516723.84258888883,360
2024-07-14 06:00:00+00:00,Swarm_B,7.886199589166667e-13,7.28914745e-13,516851.0272111111,360
2024-07-14 09:00:00+00:00,Swarm_B,8.03208234638889e-13,6.7874285e-13,516584.5671527778,360
2024-07-14 12:00:00+00:00,Swarm_B,7.625570253888889e-13,6.09186685e-13,516464.0442861111,360
2024-07-14 15:00:00+00:00,Swarm_B,7.214983192222223e-13,5.60681905e-13,516726.65460833337,360
2024-07-14 18:00:00+00:00,Swarm_B,7.233288461111112e-13,5.99463385e-13,516825.056825,360
2024-07-14 21:00:00+00:00,Swarm_B,7.454183679444446e-13,5.84075995e-13,516413.24766111106,360
2024-07-15 00:00:00+00:00,Swarm_B,7.596602014444444e-13,6.66407945e-13,515661.8032833334,360
2024-07-15 03:00:00+00:00,Swarm_B,7.937715537222222e-13,7.1230465e-13,515417.26745000004,360
2024-07-15 06:00:00+00:00,Swarm_B,8.137789013888889e-13,7.30722645e-13,516002.6095833333,360
2024-07-15 09:00:00+00:00,Swarm_B,8.0351972025e-13,6.8558774e-13,516783.90365833335,360
2024-07-15 12:00:00+00:00,Swarm_B,7.9784839575e-13,7.01528655e-13,516843.3551388889,360
2024-07-15 15:00:00+00:00,Swarm_B,7.817204477777778e-13,6.6585406e-13,516481.674525,360
2024-07-15 18:00:00+00:00,Swarm_B,7.784144089166667e-13,6.23715035e-13,516390.60171666666,360
2024-07-15 21:00:00+00:00,Swarm_B,7.651185600555556e-13,6.251157149999999e-13,516744.3220916667,360
2024-07-16 00:00:00+00:00,Swarm_B,8.329668039722222e-13,6.9665182e-13,516835.75350833335,360
2024-07-16 03:00:00+00:00,Swarm_B,9.072581909166667e-13,7.5389502e-13,516239.89026666665,360
2024-07-16 06:00:00+00:00,Swarm_B,1.0258579038055557e-12,9.27286125e-13,515499.3602333333,360
2024-07-16 09:00:00+00:00,Swarm_B,1.0351176448611112e-12,8.827339e-13,515476.49994166667,360
2024-07-16 12:00:00+00:00,Swarm_B,1.0213246528333333e-12,8.7951523e-13,516076.4305194444,360
2024-07-16 15:00:00+00:00,Swarm_B,9.807298709722223e-13,8.7752046e-13,516673.40605,360
2024-07-16 18:00:00+00:00,Swarm_B,9.526572060833333e-13,8.0832457e-13,516749.63076666667,360
2024-07-16 21:00:00+00:00,Swarm_B,8.987809761388889e-13,7.311775749999999e-13,516468.52686111105,360
2024-07-17 00:00:00+00:00,Swarm_B,8.575668055555555e-13,7.43139475e-13,516392.19410555554,360
2024-07-17 03:00:00+00:00,Swarm_B,8.650990794722223e-13,7.37210365e-13,516651.0879666667,360
2024-07-17 06:00:00+00:00,Swarm_B,8.953131876666667e-13,7.3739122e-13,516717.30254444445,360
2024-07-17 09:00:00+00:00,Swarm_B,9.439950166111112e-13,8.016504600000001e-13,516225.66335555556,360
2024-07-17 12:00:00+00:00,Swarm_B,1.0107921037777779e-12,9.1486632e-13,515513.3100638889,360
2024-07-17 15:00:00+00:00,Swarm_B,1.0020749615277777e-12,8.8733076e-13,515360.4145055556,360
2024-07-17 18:00:00+00:00,Swarm_B,9.914594925e-13,8.6815106e-13,516003.3180416667,360
2024-07-17 21:00:00+00:00,Swarm_B,9.24587147611111e-13,8.011861400000001e-13,516723.9218972222,360
2024-07-18 00:00:00+00:00,Swarm_B,9.051928128333334e-13,7.9739004e-13,516731.06429444446,360
2024-07-18 03:00:00+00:00,Swarm_B,9.020978139166667e-13,7.423433850000001e-13,516356.66368611105,360
2024-07-18 06:00:00+00:00,Swarm_B,8.948219228611112e-13,7.49225155e-13,516324.2999194444,360
2024-07-18 09:00:00+00:00,Swarm_B,8.868056518055555e-13,7.22381575e-13,516666.68903055554,360
2024-07-18 12:00:00+00:00,Swarm_B,9.097913993333333e-13,7.71025885e-13,516729.9550444445,360
2024-07-18 15:00:00+00:00,Swarm_B,9.350317281111112e-13,7.5261568e-13,516087.7032277778,360
2024-07-18 18:00:00+00:00,Swarm_B,9.393401989444445e-13,8.31128165e-13,515351.7441805556,360
2024-07-18 21:00:00+00:00,Swarm_B,9.161712219166667e-13,7.8169673e-13,515427.58372777776,360
2024-07-19 00:00:00+00:00,Swarm_B,9.107939781388888e-13,7.70697615e-13,516067.09406944446,360
2024-07-19 03:00:00+00:00,Swarm_B,9.134737781666666e-13,8.0796168e-13,516633.1023611111,360
2024-07-19 06:00:00+00:00,Swarm_B,9.480056152222223e-13,8.5213395e-13,516631.28544999997,360
2024-07-19 09:00:00+00:00,Swarm_B,9.590843188333335e-13,7.5342376e-13,516344.18686111114,360
2024-07-19 12:00:00+00:00,Swarm_B,9.308216577777778e-13,7.60363395e-13,516321.987525,360
2024-07-19 15:00:00+00:00,Swarm_B,8.937055587777778e-13,7.458846700000001e-13,516615.8293944444,360
2024-07-19 18:00:00+00:00,Swarm_B,8.96614078388889e-13,7.42659885e-13,516601.9001166666,360
2024-07-19 21:00:00+00:00,Swarm_B,8.767240775555556e-13,6.6875701e-13,516084.1113583333,360
2024-07-20 00:00:00+00:00,Swarm_B,9.169438350555556e-13,7.94165215e-13,515359.86679444445,360
2024-07-20 03:00:00+00:00,Swarm_B,9.388671039444444e-13,8.54446465e-13,515310.1438805555,360
2024-07-20 06:00:00+00:00,Swarm_B,9.621905691944445e-13,9.0380409e-13,516008.6373777778,360
2024-07-20 09:00:00+00:00,Swarm_B,9.756094132777778e-13,8.73351745e-13,516693.5068527778,360
2024-07-20 12:00:00+00:00,Swarm_B,9.88278841888889e-13,8.72371935e-13,516596.05792777776,360
2024-07-20 15:00:00+00:00,Swarm_B,9.321172511388889e-13,7.2115601e-13,516243.35318888887,360
2024-07-20 18:00:00+00:00,Swarm_B,8.964734321944444e-13,6.9429622e-13,516264.72349444445,360
2024-07-20 21:00:00+00:00,Swarm_B,8.547624095555556e-13,6.8518244e-13,516650.50295833335,360
2024-07-21 00:00:00+00:00,Swarm_B,8.638319738888888e-13,7.373388000000001e-13,516591.03845833335,360
2024-07-21 03:00:00+00:00,Swarm_B,8.901420630555555e-13,6.824986649999999e-13,515890.0880111111,360
2024-07-21 06:00:00+00:00,Swarm_B,9.211247377222223e-13,7.99229675e-13,515240.22321944445,360
2024-07-21 09:00:00+00:00,Swarm_B,9.118101177777778e-13,7.572566550000001e-13,515402.9613111111,360
2024-07-21 12:00:00+00:00,Swarm_B,8.941256543333334e-13,7.5238841e-13,516055.01623888884,360
2024-07-21 15:00:00+00:00,Swarm_B,8.744737355555556e-13,7.5555383e-13,516564.27586388885,360
2024-07-21 18:00:00+00:00,Swarm_B,8.89031659e-13,7.9945866e-13,516528.55049444444,360
2024-07-21 21:00:00+00:00,Swarm_B,8.596575528333334e-13,6.365446000000001e-13,516257.5873694445,360
2024-07-22 00:00:00+00:00,Swarm_B,8.54093111388889e-13,6.6515342e-13,516261.50227500004,360
2024-07-22 03:00:00+00:00,Swarm_B,8.774196311944444e-13,7.237163449999999e-13,516524.32905,360
2024-07-22 06:00:00+00:00,Swarm_B,9.296701965e-13,8.0206408e-13,516479.6338694444,360
2024-07-22 09:00:00+00:00,Swarm_B,9.878351838333333e-13,8.563946550000001e-13,515900.0768166667,360
2024-07-22 12:00:00+00:00,Swarm_B,1.0203404758333333e-12,8.947932499999999e-13,515240.3813638889,360
2024-07-22 15:00:00+00:00,Swarm_B,1.0719632738055555e-12,9.8560063e-13,515265.3304555555,360
2024-07-22 18:00:00+00:00,Swarm_B,1.0113325476388888e-12,9.1882784e-13,515998.63793888886,360
2024-07-22 21:00:00+00:00,Swarm_B,9.440335636666668e-13,8.01686645e-13,516615.17597222223,360
2024-07-23 00:00:00+00:00,Swarm_B,8.896067520833333e-13,8.1448885e-13,516490.14377222216,360
2024-07-23 03:00:00+00:00,Swarm_B,8.130538672222222e-13,6.649277e-13,516128.4292916666,360
2024-07-23 06:00:00+00:00,Swarm_B,8.000825228055556e-13,6.672799900000001e-13,516192.1885055555,360
2024-07-23 09:00:00+00:00,Swarm_B,7.521781625277777e-13,6.11284305e-13,516543.43472499994,360
2024-07-23 12:00:00+00:00,Swarm_B,7.217453694166668e-13,5.72093205e-13,516467.79127499997,360
2024-07-23 15:00:00+00:00,Swarm_B,7.13419518611111e-13,5.239742349999999e-13,515737.01478055556,360
2024-07-23 18:00:00+00:00,Swarm_B,7.242149944722222e-13,5.8809136e-13,515101.12756111106,360
2024-07-23 21:00:00+00:00,Swarm_B,7.369407058055556e-13,6.17408975e-13,515348.9262527778,360
2024-07-24 00:00:00+00:00,Swarm_B,7.557434193333333e-13,6.669949100000001e-13,516037.5926166667,360
2024-07-24 03:00:00+00:00,Swarm_B,7.782896063888888e-13,6.848219550000001e-13,516509.49642222223,360
2024-07-24 06:00:00+00:00,Swarm_B,8.160522676111112e-13,7.243132550000001e-13,516400.04244722216,360
2024-07-24 09:00:00+00:00,Swarm_B,8.160490550833334e-13,6.25554805e-13,516132.5198138888,360
2024-07-24 12:00:00+00:00,Swarm_B,7.637530071388888e-13,6.280915950000001e-13,516197.42078611115,360
2024-07-24 15:00:00+00:00,Swarm_B,7.037190016111111e-13,5.80024585e-13,516483.2999583333,360
2024-07-24 18:00:00+00:00,Swarm_B,6.797974758333333e-13,5.40080065e-13,516350.2791305555,360
2024-07-24 21:00:00+00:00,Swarm_B,6.700387585833333e-13,5.033193249999999e-13,515762.70815,360
2024-07-25 00:00:00+00:00,Swarm_B,6.782229196666667e-13,5.8437432e-13,515114.8082888889,360
2024-07-25 03:00:00+00:00,Swarm_B,6.924139675833334e-13,5.921194449999999e-13,515234.09565,360
2024-07-25 06:00:00+00:00,Swarm_B,7.228845443055556e-13,6.3810488e-13,515993.10134444444,360
2024-07-25 09:00:00+00:00,Swarm_B,7.11040075e-13,6.2737646e-13,516565.1378527778,360
2024-07-25 12:00:00+00:00,Swarm_B,6.994281421111111e-13,5.97474075e-13,516365.1610444445,360
2024-07-25 15:00:00+00:00,Swarm_B,6.930117081666667e-13,5.591728949999999e-13,516049.44405833335,360
2024-07-25 18:00:00+00:00,Swarm_B,7.043989350277778e-13,5.5763419e-13,516158.4466805556,360
2024-07-25 21:00:00+00:00,Swarm_B,7.089019478888889e-13,5.757258e-13,516533.606225,360
2024-07-26 00:00:00+00:00,Swarm_B,7.714043760833333e-13,6.577120199999999e-13,516341.2115944444,360
2024-07-26 03:00:00+00:00,Swarm_B,9.065954540833333e-13,7.84259965e-13,515581.1860638889,360
2024-07-26 06:00:00+00:00,Swarm_B,9.640401344722224e-13,8.518431200000001e-13,515037.42822777777,360
2024-07-26 09:00:00+00:00,Swarm_B,9.35380785e-13,8.62999155e-13,515341.8297305556,360
2024-07-26 12:00:00+00:00,Swarm_B,8.766439160555555e-13,7.92178765e-13,516012.1993194444,360
2024-07-26 15:00:00+00:00,Swarm_B,8.681884292222222e-13,7.8439695e-13,516434.58449166664,360
2024-07-26 18:00:00+00:00,Swarm_B,8.076152606111111e-13,7.28236555e-13,516317.60812777776,360
2024-07-26 21:00:00+00:00,Swarm_B,7.340017864722223e-13,6.053503149999999e-13,516075.48053888883,360
2024-07-27 00:00:00+00:00,Swarm_B,6.836405421111111e-13,5.66742675e-13,516150.92082500004,360
2024-07-27 03:00:00+00:00,Swarm_B,6.655278183333334e-13,5.5393499e-13,516403.00131666666,360
2024-07-27 06:00:00+00:00,Swarm_B,7.301261125277778e-13,6.252981450000001e-13,516261.0181555556,360
2024-07-27 09:00:00+00:00,Swarm_B,8.0440549725e-13,7.07655835e-13,515622.31378055556,360
2024-07-27 12:00:00+00:00,Swarm_B,8.267176818333334e-13,6.99187495e-13,515032.50478333334,360
2024-07-27 15:00:00+00:00,Swarm_B,7.817277245277778e-13,6.612937750000001e-13,515208.0796222222,360
2024-07-27 18:00:00+00:00,Swarm_B,7.310577930000001e-13,6.1639e-13,515996.79434722225,360
2024-07-27 21:00:00+00:00,Swarm_B,6.817676906944444e-13,5.668113349999999e-13,516502.03886111116,360
2024-07-28 00:00:00+00:00,Swarm_B,6.558494410555555e-13,5.86244665e-13,516285.66787222226,360
2024-07-28 03:00:00+00:00,Swarm_B,6.550348145000001e-13,5.07064295e-13,515961.0227083334,360
2024-07-28 06:00:00+00:00,Swarm_B,6.387281468055555e-13,5.437057099999999e-13,516112.7624416667,360
2024-07-28 09:00:00+00:00,Swarm_B,6.274975818333333e-13,4.850605950000001e-13,516447.98038055556,360
2024-07-28 12:00:00+00:00,Swarm_B,6.483562316666667e-13,5.2868067e-13,516246.2431777778,360
2024-07-28 15:00:00+00:00,Swarm_B,6.848673515277777e-13,4.80087895e-13,515460.2584694444,360
2024-07-28 18:00:00+00:00,Swarm_B,7.026425617777778e-13,6.14863515e-13,514942.50212499994,360
2024-07-28 21:00:00+00:00,Swarm_B,6.872609061666667e-13,5.757635449999999e-13,515313.6325527778,360
2024-07-29 00:00:00+00:00,Swarm_B,7.138500416111111e-13,6.16053755e-13,516018.2073916667,360
2024-07-29 03:00:00+00:00,Swarm_B,7.1763637225e-13,6.4081206e-13,516395.5736111111,360
2024-07-29 06:00:00+00:00,Swarm_B,6.987093011944444e-13,5.4928893e-13,516212.58004166663,360
2024-07-29 09:00:00+00:00,Swarm_B,6.857958614166666e-13,4.999692900000001e-13,515977.1796916667,360
2024-07-29 12:00:00+00:00,Swarm_B,6.572061266388888e-13,5.13022015e-13,516107.55933888885,360
2024-07-29 15:00:00+00:00,Swarm_B,6.403472491388889e-13,4.55176385e-13,516363.5128472222,360
2024-07-29 18:00:00+00:00,Swarm_B,6.097595806388889e-13,4.623402600000001e-13,516128.5442305556,360
2024-07-29 21:00:00+00:00,Swarm_B,6.093062449e-13,4.774320700000001e-13,515495.20946944447,360
2024-07-30 00:00:00+00:00,Swarm_B,6.65117528e-13,5.738222400000001e-13,514930.2220972223,360
2024-07-30 03:00:00+00:00,Swarm_B,8.479262018611111e-13,8.2925692e-13,515191.5845972223,360
2024-07-30 06:00:00+00:00,Swarm_B,9.13392328111111e-13,7.83627635e-13,515979.2281083333,360
2024-07-30 09:00:00+00:00,Swarm_B,9.854475311111112e-13,8.88103625e-13,516440.34211666667,360
2024-07-30 12:00:00+00:00,Swarm_B,9.024641575555556e-13,7.82058795e-13,516159.5650333333,360
2024-07-30 15:00:00+00:00,Swarm_B,8.321791010833332e-13,6.3816534e-13,515885.79912777775,360
2024-07-30 18:00:00+00:00,Swarm_B,7.692831040277779e-13,5.87162985e-13,516059.12385555555,360
2024-07-30 21:00:00+00:00,Swarm_B,7.120683874444445e-13,5.543207349999999e-13,516401.5735694445,360
2024-07-31 00:00:00+00:00,Swarm_B,7.039776981388888e-13,5.406143400000001e-13,516093.6347527778,360
2024-07-31 03:00:00+00:00,Swarm_B,7.169033787499999e-13,5.348391000000001e-13,515301.4210555556,360
2024-07-31 06:00:00+00:00,Swarm_B,7.771454495555556e-13,7.00572765e-13,514871.66905,360
2024-07-31 09:00:00+00:00,Swarm_B,8.003317749444444e-13,7.0375028e-13,515292.82465,360
2024-07-31 12:00:00+00:00,Swarm_B,8.157849063611112e-13,7.549437850000001e-13,515968.560325,360
2024-07-31 15:00:00+00:00,Swarm_B,8.259357862777777e-13,7.58504045e-13,516304.8695361111,360
2024-07-31 18:00:00+00:00,Swarm_B,8.360343016666666e-13,7.18580335e-13,516122.5925916667,360
2024-07-31 21:00:00+00:00,Swarm_B,8.832734735e-13,6.38251735e-13,515912.7571722222,360
2024-08-01 00:00:00+00:00,Swarm_B,9.149375847222222e-13,7.1746793e-13,516045.4317305556,360
2024-08-01 03:00:00+00:00,Swarm_B,9.287712318055556e-13,7.7204533e-13,516270.39728055557,360
2024-08-01 06:00:00+00:00,Swarm_B,9.75193205611111e-13,8.64614745e-13,516031.91310833336,360
2024-08-01 09:00:00+00:00,Swarm_B,9.634364834722223e-13,7.57907035e-13,515354.08767222223,360
2024-08-01 12:00:00+00:00,Swarm_B,9.951785009722221e-13,8.9296457e-13,514844.2066611111,360
2024-08-01 15:00:00+00:00,Swarm_B,9.241030020833333e-13,7.8345003e-13,515148.66452500003,360
2024-08-01 18:00:00+00:00,Swarm_B,8.734413703333333e-13,7.89197705e-13,515957.51196944446,360
2024-08-01 21:00:00+00:00,Swarm_B,8.170655141111112e-13,6.502978650000001e-13,516348.93721111113,360
2024-08-02 00:00:00+00:00,Swarm_B,8.115101564166666e-13,7.246432250000001e-13,516064.43552500004,360
2024-08-02 03:00:00+00:00,Swarm_B,8.2386192725e-13,6.203481399999999e-13,515794.8197527778,360
2024-08-02 06:00:00+00:00,Swarm_B,8.19351044e-13,6.895784549999999e-13,516014.0811111111,360
2024-08-02 09:00:00+00:00,Swarm_B,7.991977258888889e-13,6.72107535e-13,516311.4093305555,360
2024-08-02 12:00:00+00:00,Swarm_B,8.339773476388889e-13,7.2603319e-13,515994.16313888883,360
2024-08-02 15:00:00+00:00,Swarm_B,8.790721194722223e-13,6.6496442e-13,515184.28046944446,360
2024-08-02 18:00:00+00:00,Swarm_B,8.61962883138889e-13,7.4840733e-13,514791.98110000003,360
2024-08-02 21:00:00+00:00,Swarm_B,8.471432604444444e-13,6.9395652e-13,515244.80607500003,360
2024-08-03 00:00:00+00:00,Swarm_B,8.486451836111111e-13,7.4370353e-13,515939.7779416666,360
2024-08-03 03:00:00+00:00,Swarm_B,8.955663468333334e-13,7.4987939e-13,516234.2312916666,360
2024-08-03 06:00:00+00:00,Swarm_B,9.005242428611111e-13,7.9421363e-13,516014.31382222223,360
2024-08-03 09:00:00+00:00,Swarm_B,9.192689513611111e-13,7.8160837e-13,515811.507125,360
2024-08-03 12:00:00+00:00,Swarm_B,8.845464664444445e-13,7.02433145e-13,515996.17700555554,360
2024-08-03 15:00:00+00:00,Swarm_B,8.831754780833334e-13,6.9486188e-13,516211.82218611107,360
2024-08-03 18:00:00+00:00,Swarm_B,8.8028950725e-13,7.208664000000001e-13,515911.1626527778,360
2024-08-03 21:00:00+00:00,Swarm_B,9.416960703055556e-13,7.595295149999999e-13,515228.56566944445,360
2024-08-04 00:00:00+00:00,Swarm_B,9.420363933333332e-13,7.80123655e-13,514746.38234999997,360
2024-08-04 03:00:00+00:00,Swarm_B,1.0209408856388889e-12,9.334218100000002e-13,515121.9272194444,360
2024-08-04 06:00:00+00:00,Swarm_B,1.1208478137777777e-12,1.02860825e-12,515928.022925,360
2024-08-04 09:00:00+00:00,Swarm_B,1.2509401333333333e-12,1.0656789000000001e-12,516268.63035555556,360
2024-08-04 12:00:00+00:00,Swarm_B,1.3720300973611113e-12,1.34722365e-12,515941.0085861111,360
2024-08-04 15:00:00+00:00,Swarm_B,1.4256396286666666e-12,1.2782159e-12,515714.06807777775,360
2024-08-04 18:00:00+00:00,Swarm_B,1.2869950645555556e-12,1.0553566000000001e-12,515951.15834444447,360
2024-08-04 21:00:00+00:00,Swarm_B,1.1510141545277778e-12,9.9360358e-13,516235.398875,360
2024-08-05 00:00:00+00:00,Swarm_B,1.0245261606944445e-12,8.416278700000001e-13,515822.62851111114,360
2024-08-05 03:00:00+00:00,Swarm_B,1.0088991269166667e-12,8.69688435e-13,515019.24758333334,360
2024-08-05 06:00:00+00:00,Swarm_B,1.0370780511666667e-12,9.8874442e-13,514708.2186611111,360
2024-08-05 09:00:00+00:00,Swarm_B,1.034096058722222e-12,8.102342549999999e-13,515201.0832916667,360
2024-08-05 12:00:00+00:00,Swarm_B,1.0109413170833333e-12,8.9652071e-13,515858.73809999996,360
2024-08-05 15:00:00+00:00,Swarm_B,9.485199618888889e-13,7.94688035e-13,516116.7965138889,360
2024-08-05 18:00:00+00:00,Swarm_B,8.770834158333333e-13,8.21694515e-13,515904.0311388889,360
2024-08-05 21:00:00+00:00,Swarm_B,8.288793304722221e-13,5.8162751e-13,515724.4146722222,360
2024-08-06 00:00:00+00:00,Swarm_B,8.109356872777778e-13,6.3755896e-13,515891.74556111114,360
2024-08-06 03:00:00+00:00,Swarm_B,8.276350926944444e-13,6.3299738e-13,516075.29376944446,360
2024-08-06 06:00:00+00:00,Swarm_B,8.888437846111111e-13,6.60635435e-13,515771.9659472222,360
2024-08-06 09:00:00+00:00,Swarm_B,9.210948119722222e-13,6.42256895e-13,515074.42292222223,360
2024-08-06 12:00:00+00:00,Swarm_B,9.40240634388889e-13,7.996647449999999e-13,514640.09085,360
2024-08-06 15:00:00+00:00,Swarm_B,9.462838874166667e-13,8.0969519e-13,515041.2095388888,360
2024-08-06 18:00:00+00:00,Swarm_B,9.284970950277778e-13,7.83849825e-13,515861.23215555557,360
2024-08-06 21:00:00+00:00,Swarm_B,9.352804698055555e-13,7.48976345e-13,516157.9617277778,360
2024-08-07 00:00:00+00:00,Swarm_B,9.341683085e-13,8.409897299999999e-13,515824.9014611111,360
2024-08-07 03:00:00+00:00,Swarm_B,9.61497875111111e-13,6.9615999e-13,515602.37270833337,360
2024-08-07 06:00:00+00:00,Swarm_B,9.87305680638889e-13,7.65629065e-13,515865.65935555554,360
2024-08-07 09:00:00+00:00,Swarm_B,9.978351938055556e-13,8.3194282e-13,516123.9063833334,360
2024-08-07 12:00:00+00:00,Swarm_B,9.906572624444444e-13,7.2330311e-13,515709.0814972222,360
2024-08-07 15:00:00+00:00,Swarm_B,1.0187416431666667e-12,7.639741e-13,514892.5932527778,360
2024-08-07 18:00:00+00:00,Swarm_B,1.0243388095833335e-12,8.50686945e-13,514612.88480277784,360
2024-08-07 21:00:00+00:00,Swarm_B,1.0657287632222222e-12,8.0056588e-13,515128.0535833333,360
2024-08-08 00:00:00+00:00,Swarm_B,1.0883938173888888e-12,8.935647100000001e-13,515801.5132972222,360
2024-08-08 03:00:00+00:00,Swarm_B,1.1244611134444444e-12,9.5894272e-13,516024.85146944446,360
2024-08-08 06:00:00+00:00,Swarm_B,1.1740831402777779e-12,1.051115e-12,515780.66891111113,360
2024-08-08 09:00:00+00:00,Swarm_B,1.1905393421666668e-12,9.03858095e-13,515612.00591666665,360
2024-08-08 12:00:00+00:00,Swarm_B,1.1475645509444446e-12,8.8024871e-13,515830.47120277776,360
2024-08-08 15:00:00+00:00,Swarm_B,1.1199480533333335e-12,8.736004799999999e-13,516000.35939444444,360
2024-08-08 18:00:00+00:00,Swarm_B,1.1267968568055556e-12,8.050530550000001e-13,515650.61871111114,360
2024-08-08 21:00:00+00:00,Swarm_B,1.1784881486944443e-12,9.09161595e-13,514935.44965555554,360
2024-08-09 00:00:00+00:00,Swarm_B,1.2400359661388888e-12,1.04412355e-12,514530.9801472222,360
2024-08-09 03:00:00+00:00,Swarm_B,1.3206839261944444e-12,1.0736068e-12,514987.7436138889,360
2024-08-09 06:00:00+00:00,Swarm_B,1.3007760479999998e-12,1.1681880500000002e-12,515793.4956861111,360
2024-08-09 09:00:00+00:00,Swarm_B,1.3686412031944443e-12,1.23137385e-12,516033.4522611111,360
2024-08-09 12:00:00+00:00,Swarm_B,1.3502953739722224e-12,1.113488e-12,515690.52945,360
2024-08-09 15:00:00+00:00,Swarm_B,1.2937627828888889e-12,8.90661565e-13,515508.98325555556,360
2024-08-09 18:00:00+00:00,Swarm_B,1.2015811010277778e-12,9.0960634e-13,515796.23504722223,360
2024-08-09 21:00:00+00:00,Swarm_B,1.2204859515555556e-12,9.1903854e-13,516020.66425555554,360
2024-08-10 00:00:00+00:00,Swarm_B,1.304827354388889e-12,1.00954725e-12,515537.27241944446,360
2024-08-10 03:00:00+00:00,Swarm_B,1.430111694861111e-12,1.0946768000000001e-12,514743.8214472222,360
2024-08-10 06:00:00+00:00,Swarm_B,1.5591845771944444e-12,1.35067465e-12,514525.9241,360
2024-08-10 09:00:00+00:00,Swarm_B,1.551255467111111e-12,1.2779185e-12,515049.23250555556,360
2024-08-10 12:00:00+00:00,Swarm_B,1.536371892138889e-12,1.3677695e-12,515688.5221333333,360
2024-08-10 15:00:00+00:00,Swarm_B,1.5671734666111111e-12,1.32533635e-12,515892.87656111113,360
2024-08-10 18:00:00+00:00,Swarm_B,1.5056078101388891e-12,1.26164125e-12,515664.7555666667,360
2024-08-10 21:00:00+00:00,Swarm_B,1.4777296203611111e-12,1.12507355e-12,515507.83040277776,360
2024-08-11 00:00:00+00:00,Swarm_B,1.4572690391944445e-12,1.14504455e-12,515696.36443055555,360
2024-08-11 03:00:00+00:00,Swarm_B,1.5688957666944444e-12,1.2702716e-12,515845.5464305556,360
2024-08-11 06:00:00+00:00,Swarm_B,1.8025358336666667e-12,1.6299936e-12,515496.634575,360
2024-08-11 09:00:00+00:00,Swarm_B,1.8103812825833335e-12,1.3145998e-12,514776.1476222222,360
2024-08-11 12:00:00+00:00,Swarm_B,1.8291084151666667e-12,1.62768865e-12,514401.34725,360
2024-08-11 15:00:00+00:00,Swarm_B,1.8429639975555556e-12,1.5810371999999999e-12,514860.5259416666,360
2024-08-11 18:00:00+00:00,Swarm_B,1.8166512832222222e-12,1.6425298000000002e-12,515680.6857916666,360
2024-08-11 21:00:00+00:00,Swarm_B,1.858425485027778e-12,1.66074165e-12,515894.0041777778,360
2024-08-12 00:00:00+00:00,Swarm_B,2.11586996475e-12,1.79472705e-12,515533.7035694444,360
2024-08-12 03:00:00+00:00,Swarm_B,2.380110998888889e-12,2.15280495e-12,515341.82149166666,360
2024-08-12 06:00:00+00:00,Swarm_B,2.4926391197222222e-12,1.9509052000000003e-12,515627.8428277778,360
2024-08-12 09:00:00+00:00,Swarm_B,2.443135082222222e-12,2.27501015e-12,515833.45508333336,360
2024-08-12 12:00:00+00:00,Swarm_B,2.625328111111111e-12,2.26127605e-12,515349.4222944444,360
2024-08-12 15:00:00+00:00,Swarm_B,2.624649393611111e-12,2.2798946999999998e-12,514525.75304166664,360
2024-08-12 18:00:00+00:00,Swarm_B,2.572348404722222e-12,2.3826337e-12,514333.2083722222,360
2024-08-12 21:00:00+00:00,Swarm_B,2.2732483005555556e-12,1.93456565e-12,514867.39914444444,360
2024-08-13 00:00:00+00:00,Swarm_B,2.0797946713888888e-12,1.88453465e-12,515518.24622777774,360
2024-08-13 03:00:00+00:00,Swarm_B,1.8699244372222223e-12,1.6014499000000002e-12,515689.9558305556,360
2024-08-13 06:00:00+00:00,Swarm_B,1.7019258772500002e-12,1.4022889499999999e-12,515435.1268638889,360
2024-08-13 09:00:00+00:00,Swarm_B,1.634101802361111e-12,1.1945994999999999e-12,515282.2197611111,360
2024-08-13 12:00:00+00:00,Swarm_B,1.5091354445000001e-12,1.1041067e-12,515509.9828861111,360
2024-08-13 15:00:00+00:00,Swarm_B,1.4006278070555556e-12,1.11499595e-12,515642.80318611115,360
2024-08-13 18:00:00+00:00,Swarm_B,1.3804570602222221e-12,1.192706e-12,515268.3445388889,360
2024-08-13 21:00:00+00:00,Swarm_B,1.4601066590555555e-12,1.1176883500000001e-12,514539.63727222226,360
2024-08-14 00:00:00+00:00,Swarm_B,1.5339103557222223e-12,1.2134405e-12,514188.5525944444,360
2024-08-14 03:00:00+00:00,Swarm_B,1.6079083339722223e-12,1.3061041e-12,514689.9973388889,360
2024-08-14 06:00:00+00:00,Swarm_B,1.557405449777778e-12,1.3097822500000002e-12,515492.0730972222,360
2024-08-14 09:00:00+00:00,Swarm_B,1.5000720874444445e-12,1.2633976e-12,515674.43213611114,360
2024-08-14 12:00:00+00:00,Swarm_B,1.4212206000277778e-12,1.1709280499999998e-12,515327.0427666667,360
2024-08-14 15:00:00+00:00,Swarm_B,1.3602533e-12,1.0356888000000001e-12,515168.47581388894,360
2024-08-14 18:00:00+00:00,Swarm_B,1.2699115155555556e-12,9.9582841e-13,515470.6029638889,360
2024-08-14 21:00:00+00:00,Swarm_B,1.2803261685e-12,9.3050175e-13,515653.7469833334,360
2024-08-15 00:00:00+00:00,Swarm_B,1.3131503849444446e-12,9.986174849999999e-13,515144.4326222222,360
2024-08-15 03:00:00+00:00,Swarm_B,1.3680772105833332e-12,1.08610015e-12,514366.44334444444,360
2024-08-15 06:00:00+00:00,Swarm_B,1.3894626049166668e-12,1.1797924e-12,514191.7536694445,360
2024-08-15 09:00:00+00:00,Swarm_B,1.42793039425e-12,1.1644392e-12,514722.246425,360
2024-08-15 12:00:00+00:00,Swarm_B,1.3884956900833334e-12,1.20118375e-12,515363.37028611114,360
2024-08-15 15:00:00+00:00,Swarm_B,1.3588862900833333e-12,1.0857560000000001e-12,515550.74572777783,360
2024-08-15 18:00:00+00:00,Swarm_B,1.2979445081666665e-12,1.08160865e-12,515307.1357638889,360
2024-08-15 21:00:00+00:00,Swarm_B,1.2942460321944444e-12,9.13863585e-13,515157.1525388889,360
2024-08-16 00:00:00+00:00,Swarm_B,1.3199814599722223e-12,9.82508865e-13,515366.717925,360
2024-08-16 03:00:00+00:00,Swarm_B,1.4003652785277778e-12,1.08832585e-12,515512.1211861111,360
2024-08-16 06:00:00+00:00,Swarm_B,1.5064478334444444e-12,1.2284699499999999e-12,515137.37283611106,360
2024-08-16 09:00:00+00:00,Swarm_B,1.5617127218333333e-12,1.1675967000000001e-12,514402.0212444445,360
2024-08-16 12:00:00+00:00,Swarm_B,1.5399486598888888e-12,1.19279515e-12,514061.34258888883,360
2024-08-16 15:00:00+00:00,Swarm_B,1.4825439564166665e-12,1.2691466000000002e-12,514558.21068055555,360
2024-08-16 18:00:00+00:00,Swarm_B,1.349469456638889e-12,1.1980535000000001e-12,515370.5059916667,360
2024-08-16 21:00:00+00:00,Swarm_B,1.3031708998055555e-12,1.0556044999999998e-12,515548.9804083333,360
2024-08-17 00:00:00+00:00,Swarm_B,1.3107042161388888e-12,1.0723794e-12,515194.3155916667,360
2024-08-17 03:00:00+00:00,Swarm_B,1.29057397325e-12,8.965570700000001e-13,515036.47429444443,360
2024-08-17 06:00:00+00:00,Swarm_B,1.2873351246666667e-12,1.0555942e-12,515334.5751027778,360
2024-08-17 09:00:00+00:00,Swarm_B,1.2614884969166665e-12,9.5018818e-13,515526.43004722224,360
2024-08-17 12:00:00+00:00,Swarm_B,1.2584219955555555e-12,1.0330207e-12,515031.3295944445,360
2024-08-17 15:00:00+00:00,Swarm_B,1.5604835834444444e-12,1.48749645e-12,514223.2527638889,360
2024-08-17 18:00:00+00:00,Swarm_B,1.603397691861111e-12,1.39499985e-12,514071.30916944443,360
2024-08-17 21:00:00+00:00,Swarm_B,1.68153395875e-12,1.45935275e-12,514591.44810000004,360
2024-08-18 00:00:00+00:00,Swarm_B,1.5836091851388888e-12,1.36747495e-12,515245.79165555554,360
2024-08-18 03:00:00+00:00,Swarm_B,1.535611094638889e-12,1.37670205e-12,515416.58375555556,360
2024-08-18 06:00:00+00:00,Swarm_B,1.5197687585833335e-12,1.3764178499999999e-12,515166.5007361111,360
2024-08-18 09:00:00+00:00,Swarm_B,1.5389609665e-12,1.2997387e-12,515009.2917416667,360
2024-08-18 12:00:00+00:00,Swarm_B,1.435316527138889e-12,1.12485875e-12,515242.05839444447,360
2024-08-18 15:00:00+00:00,Swarm_B,1.332342577888889e-12,1.0459103000000001e-12,515370.55657500005,360
2024-08-18 18:00:00+00:00,Swarm_B,1.311567299138889e-12,1.0334625000000002e-12,515008.2224388889,360
2024-08-18 21:00:00+00:00,Swarm_B,1.328103106611111e-12,8.96516035e-13,514245.3220694444,360
2024-08-19 00:00:00+00:00,Swarm_B,1.3034094316944447e-12,1.09420015e-12,513913.245325,360
2024-08-19 03:00:00+00:00,Swarm_B,1.304456534861111e-12,1.0772235e-12,514430.23501944443,360
2024-08-19 06:00:00+00:00,Swarm_B,1.300466866861111e-12,1.1160315e-12,515245.68189444445,360
2024-08-19 09:00:00+00:00,Swarm_B,1.3391905370833334e-12,1.2115291500000001e-12,515392.1533444444,360
2024-08-19 12:00:00+00:00,Swarm_B,1.3009526214166666e-12,1.0848868e-12,515051.76776666666,360
2024-08-19 15:00:00+00:00,Swarm_B,1.209615646861111e-12,9.043273450000001e-13,514901.53050833335,360
2024-08-19 18:00:00+00:00,Swarm_B,1.2455427754166667e-12,9.66913665e-13,515213.1522805556,360
2024-08-19 21:00:00+00:00,Swarm_B,1.2611445959444446e-12,9.148836649999998e-13,515367.3675916667,360
2024-08-20 00:00:00+00:00,Swarm_B,1.301260142361111e-12,9.58638525e-13,514860.0144361111,360
2024-08-20 03:00:00+00:00,Swarm_B,1.4017112315277778e-12,1.1393017e-12,514094.2314972222,360
2024-08-20 06:00:00+00:00,Swarm_B,1.43469261575e-12,1.3047915e-12,513931.1518,360
2024-08-20 09:00:00+00:00,Swarm_B,1.4112258984166665e-12,1.2209526499999999e-12,514436.56231944443,360
2024-08-20 12:00:00+00:00,Swarm_B,1.3860736833611112e-12,1.17567355e-12,515085.7751611111,360
2024-08-20 15:00:00+00:00,Swarm_B,1.3208074007777778e-12,1.0963884e-12,515288.67874999996,360
2024-08-20 18:00:00+00:00,Swarm_B,1.2582514943333333e-12,1.0572157999999998e-12,515038.45726666664,360
2024-08-20 21:00:00+00:00,Swarm_B,1.1978893403888888e-12,8.84920995e-13,514874.77779444447,360
2024-08-21 00:00:00+00:00,Swarm_B,1.164083688388889e-12,9.320245e-13,515086.52356111107,360
2024-08-21 03:00:00+00:00,Swarm_B,1.1245911354722223e-12,9.47619945e-13,515248.9232,360
2024-08-21 06:00:00+00:00,Swarm_B,1.2120265388611112e-12,1.02608005e-12,514874.08503055555,360
2024-08-21 09:00:00+00:00,Swarm_B,1.2235768348611112e-12,8.59283645e-13,514126.40684166667,360
2024-08-21 12:00:00+00:00,Swarm_B,1.266017261e-12,1.14007835e-12,513784.44184166664,360
2024-08-21 15:00:00+00:00,Swarm_B,1.2326495954444445e-12,9.53038065e-13,514293.6982083333,360
2024-08-21 18:00:00+00:00,Swarm_B,1.2193630393055554e-12,9.60845965e-13,515098.5795944445,360
2024-08-21 21:00:00+00:00,Swarm_B,1.210685600111111e-12,9.8291063e-13,515273.7314,360
2024-08-22 00:00:00+00:00,Swarm_B,1.1996698863055557e-12,9.70567045e-13,514931.11195833335,360
2024-08-22 03:00:00+00:00,Swarm_B,1.1995606341944445e-12,9.4368447e-13,514782.7542805556,360
2024-08-22 06:00:00+00:00,Swarm_B,1.2653319658333332e-12,1.0858485499999998e-12,515067.04442222224,360
2024-08-22 09:00:00+00:00,Swarm_B,1.2044510475833335e-12,8.8705631e-13,515259.08976388886,360
2024-08-22 12:00:00+00:00,Swarm_B,1.1637371496666666e-12,9.27049685e-13,514777.21951666666,360
2024-08-22 15:00:00+00:00,Swarm_B,1.1434691885833333e-12,8.26211525e-13,513982.19616388885,360
2024-08-22 18:00:00+00:00,Swarm_B,1.1071585828055556e-12,8.84474065e-13,513816.04466111114,360
2024-08-22 21:00:00+00:00,Swarm_B,1.1146059575833333e-12,9.34029095e-13,514297.57866666664,360
2024-08-23 00:00:00+00:00,Swarm_B,1.0818080287222222e-12,8.53223605e-13,514967.10579722223,360
2024-08-23 03:00:00+00:00,Swarm_B,1.0887165724444446e-12,9.52568105e-13,515173.3595027778,360
2024-08-23 06:00:00+00:00,Swarm_B,1.1692972562222221e-12,1.0813257000000001e-12,514928.72261666664,360
2024-08-23 09:00:00+00:00,Swarm_B,1.0968870548055555e-12,7.67846235e-13,514753.6320055555,360
2024-08-23 12:00:00+00:00,Swarm_B,1.03202316325e-12,8.254175749999999e-13,514988.1887111111,360
2024-08-23 15:00:00+00:00,Swarm_B,9.835798819166666e-13,7.05487395e-13,515145.30525833333,360
2024-08-23 18:00:00+00:00,Swarm_B,1.0046947153333332e-12,7.8859301e-13,514810.533775,360
2024-08-23 21:00:00+00:00,Swarm_B,1.0773360695e-12,7.8840388e-13,514011.6647194444,360
2024-08-24 00:00:00+00:00,Swarm_B,1.0878035854722222e-12,8.68310355e-13,513663.30072777777,360
2024-08-24 03:00:00+00:00,Swarm_B,1.1443205580555556e-12,9.15870875e-13,514178.04204166663,360
2024-08-24 06:00:00+00:00,Swarm_B,1.194649933e-12,1.06197265e-12,515003.14447500004,360
2024-08-24 09:00:00+00:00,Swarm_B,1.2228019393888888e-12,1.04401785e-12,515150.45803611114,360
2024-08-24 12:00:00+00:00,Swarm_B,1.1804841323611112e-12,9.592222199999999e-13,514825.9789055555,360
2024-08-24 15:00:00+00:00,Swarm_B,1.1771862624166666e-12,8.5839484e-13,514679.95363611105,360
2024-08-24 18:00:00+00:00,Swarm_B,1.080365397611111e-12,8.37577125e-13,514993.0451583333,360
2024-08-24 21:00:00+00:00,Swarm_B,1.0633415158611112e-12,8.29701445e-13,515139.1991416667,360
2024-08-25 00:00:00+00:00,Swarm_B,1.0197619583333333e-12,7.67981245e-13,514657.3418888889,360
2024-08-25 03:00:00+00:00,Swarm_B,1.062596117e-12,9.24681595e-13,513908.10860277776,360
2024-08-25 06:00:00+00:00,Swarm_B,1.0740107814166666e-12,9.1537828e-13,513716.87573333335,360
2024-08-25 09:00:00+00:00,Swarm_B,1.0992033805e-12,8.588124500000001e-13,514169.5282722222,360
2024-08-25 12:00:00+00:00,Swarm_B,1.0371194428333332e-12,8.3957218e-13,514833.307575,360
2024-08-25 15:00:00+00:00,Swarm_B,1.0063529881944445e-12,8.332690100000001e-13,515081.6497361111,360
2024-08-25 18:00:00+00:00,Swarm_B,9.690460936666666e-13,7.852591650000001e-13,514847.0251833334,360
2024-08-25 21:00:00+00:00,Swarm_B,9.81535098e-13,6.762931400000001e-13,514651.9080638889,360
2024-08-26 00:00:00+00:00,Swarm_B,9.51313938388889e-13,7.17137525e-13,514848.71753333334,360
2024-08-26 03:00:00+00:00,Swarm_B,9.697156352777778e-13,7.437589e-13,515042.01859444444,360
2024-08-26 06:00:00+00:00,Swarm_B,1.0081700955833333e-12,7.513541100000001e-13,514700.26194999996,360
2024-08-26 09:00:00+00:00,Swarm_B,1.0805951346944444e-12,7.19341395e-13,513930.2498722222,360
2024-08-26 12:00:00+00:00,Swarm_B,1.1240649682777778e-12,9.765418e-13,513552.80129722226,360
2024-08-26 15:00:00+00:00,Swarm_B,1.1205394341111112e-12,9.86816465e-13,514044.2146055555,360
2024-08-26 18:00:00+00:00,Swarm_B,1.0752307841666666e-12,8.842276649999999e-13,514860.59218888887,360
2024-08-26 21:00:00+00:00,Swarm_B,1.0680241455277778e-12,8.23347065e-13,515058.8621944444,360
2024-08-27 00:00:00+00:00,Swarm_B,1.0555948828888889e-12,8.1520657e-13,514730.3119944444,360
2024-08-27 03:00:00+00:00,Swarm_B,1.0399374664166667e-12,7.57074745e-13,514565.4345472222,360
2024-08-27 06:00:00+00:00,Swarm_B,1.0115165543333334e-12,7.683667399999999e-13,514839.5208388889,360
2024-08-27 09:00:00+00:00,Swarm_B,1.02527995125e-12,7.6316319e-13,515041.324225,360
2024-08-27 12:00:00+00:00,Swarm_B,1.1162081038333333e-12,8.3912063e-13,514594.9279555556,360
2024-08-27 15:00:00+00:00,Swarm_B,1.1851978849722223e-12,7.9971001e-13,513807.5398222222,360
2024-08-27 18:00:00+00:00,Swarm_B,1.1955857563611111e-12,8.932490299999999e-13,513599.50817499997,360
2024-08-27 21:00:00+00:00,Swarm_B,1.3356255808611111e-12,1.0794312499999999e-12,514026.7422333333,360
2024-08-28 00:00:00+00:00,Swarm_B,1.4869750128888887e-12,1.30025595e-12,514711.28604166664,360
2024-08-28 03:00:00+00:00,Swarm_B,1.6293207715e-12,1.40586375e-12,514961.20491666667,360
2024-08-28 06:00:00+00:00,Swarm_B,1.7726826778333333e-12,1.6682926499999999e-12,514731.01255555556,360
2024-08-28 09:00:00+00:00,Swarm_B,1.6780620770000001e-12,1.4400338e-12,514523.44724166667,360
2024-08-28 12:00:00+00:00,Swarm_B,1.5360882413055554e-12,1.32658145e-12,514739.010525,360
2024-08-28 15:00:00+00:00,Swarm_B,1.37225253875e-12,1.0307218500000001e-12,514924.87503611116,360
2024-08-28 18:00:00+00:00,Swarm_B,1.3288715638888888e-12,9.87422195e-13,514629.5697222222,360
2024-08-28 21:00:00+00:00,Swarm_B,1.346089385111111e-12,9.99518335e-13,513812.9150472222,360
2024-08-29 00:00:00+00:00,Swarm_B,1.3434591683611112e-12,1.19240905e-12,513416.7294722223,360
2024-08-29 03:00:00+00:00,Swarm_B,1.3315626493055556e-12,1.11387785e-12,513896.5763972222,360
2024-08-29 06:00:00+00:00,Swarm_B,1.2597755520555555e-12,1.0304524e-12,514722.50642499997,360
2024-08-29 09:00:00+00:00,Swarm_B,1.2257357798611112e-12,1.0051045299999999e-12,514907.37085833336,360
2024-08-29 12:00:00+00:00,Swarm_B,1.1790696789444444e-12,1.0235622999999998e-12,514611.746825,360
2024-08-29 15:00:00+00:00,Swarm_B,1.1136659656944444e-12,7.94740935e-13,514449.28548055555,360
2024-08-29 18:00:00+00:00,Swarm_B,1.0675050188333333e-12,7.8280503e-13,514739.2857611111,360
2024-08-29 21:00:00+00:00,Swarm_B,1.0623155818055555e-12,7.79524065e-13,514900.9712472222,360
2024-08-30 00:00:00+00:00,Swarm_B,1.083990144e-12,9.2226825e-13,514476.14527222223,360
2024-08-30 03:00:00+00:00,Swarm_B,1.1853361766388888e-12,9.15046965e-13,513742.7480388889,360
2024-08-30 06:00:00+00:00,Swarm_B,1.22879779625e-12,1.06326725e-12,513480.9936583334,360
2024-08-30 09:00:00+00:00,Swarm_B,1.3795857553333334e-12,1.20971185e-12,513856.69986666663,360
2024-08-30 12:00:00+00:00,Swarm_B,1.5822527306666666e-12,1.48986965e-12,514538.6861583333,360
2024-08-30 15:00:00+00:00,Swarm_B,1.5714659067222224e-12,1.3360061499999999e-12,514854.08617777773,360
2024-08-30 18:00:00+00:00,Swarm_B,1.6541123408611111e-12,1.4174782e-12,514637.99039444444,360
2024-08-30 21:00:00+00:00,Swarm_B,1.671576852388889e-12,1.3198833000000001e-12,514402.4861888889,360
2024-08-31 00:00:00+00:00,Swarm_B,1.6619826290277777e-12,1.41335175e-12,514574.4092722222,360
2024-08-31 03:00:00+00:00,Swarm_B,1.5969911946388889e-12,1.3095171999999999e-12,514812.6770972222,360
2024-08-31 06:00:00+00:00,Swarm_B,1.6013378760833335e-12,1.3451029e-12,514521.06931666663,360
2024-08-31 09:00:00+00:00,Swarm_B,1.4941029967222223e-12,1.16287315e-12,513733.509975,360
2024-08-31 12:00:00+00:00,Swarm_B,1.450090867972222e-12,1.3201487499999999e-12,513287.66089999996,360
2024-08-31 15:00:00+00:00,Swarm_B,1.4787347594444445e-12,1.212234e-12,513733.73180000007,360
2024-08-31 18:00:00+00:00,Swarm_B,1.4373649263611112e-12,1.2314087e-12,514552.29716666666,360
2024-08-31 21:00:00+00:00,Swarm_B,1.5789030054444444e-12,1.2686927e-12,514801.2409777778,360
2024-09-01 00:00:00+00:00,Swarm_B,1.6017752444444443e-12,1.2551493e-12,514498.2352833333,360
2024-09-01 03:00:00+00:00,Swarm_B,1.5638354909722224e-12,1.29283445e-12,514304.16778333334,360
2024-09-01 06:00:00+00:00,Swarm_B,1.4016546000277778e-12,1.05492485e-12,514548.1528472222,360
2024-09-01 09:00:00+00:00,Swarm_B,1.3205962973888888e-12,1.0772753e-12,514772.3044361111,360
2024-09-01 12:00:00+00:00,Swarm_B,1.2737105335833333e-12,9.9244255e-13,514387.68555833335,360
2024-09-01 15:00:00+00:00,Swarm_B,1.3414383729722221e-12,1.0495343e-12,513616.6521388889,360
2024-09-01 18:00:00+00:00,Swarm_B,1.4150792588611112e-12,1.11553565e-12,513325.47088333336,360
2024-09-01 21:00:00+00:00,Swarm_B,1.4093616384444445e-12,1.09421445e-12,513667.8655444444,360
2024-09-02 00:00:00+00:00,Swarm_B,1.3603010769722223e-12,1.06427185e-12,514371.63281944446,360
2024-09-02 03:00:00+00:00,Swarm_B,1.37384884825e-12,1.14901805e-12,514696.983475,360
2024-09-02 06:00:00+00:00,Swarm_B,1.392837024722222e-12,1.08884635e-12,514498.047075,360
2024-09-02 09:00:00+00:00,Swarm_B,1.3673908916388889e-12,9.26773345e-13,514241.34777777776,360
2024-09-02 12:00:00+00:00,Swarm_B,1.3614481658611113e-12,1.0723685000000001e-12,514424.6420583333,360
2024-09-02 15:00:00+00:00,Swarm_B,1.4114707794722223e-12,1.1158277e-12,514653.81803888886,360
2024-09-02 18:00:00+00:00,Swarm_B,1.3720981115555553e-12,1.0232969000000001e-12,514426.9373722222,360
2024-09-02 21:00:00+00:00,Swarm_B,1.4152442077222223e-12,1.0109723e-12,513603.8627166667,360
2024-09-03 00:00:00+00:00,Swarm_B,1.42105454975e-12,1.09245095e-12,513132.9060527778,360
2024-09-03 03:00:00+00:00,Swarm_B,1.47259119725e-12,1.2304490500000001e-12,513547.4408861111,360
2024-09-03 06:00:00+00:00,Swarm_B,1.6239859610833334e-12,1.46030405e-12,514376.90577777784,360
2024-09-03 09:00:00+00:00,Swarm_B,1.6244175125e-12,1.3270702e-12,514627.6922166667,360
2024-09-03 12:00:00+00:00,Swarm_B,1.5987589760555553e-12,1.31145915e-12,514369.6776527778,360
2024-09-03 15:00:00+00:00,Swarm_B,1.5136444049166666e-12,1.08486785e-12,514167.22847499995,360
2024-09-03 18:00:00+00:00,Swarm_B,1.3964988582777776e-12,9.63306635e-13,514408.2623944445,360
2024-09-03 21:00:00+00:00,Swarm_B,1.3520829777222222e-12,9.72662985e-13,514605.59725,360
2024-09-04 00:00:00+00:00,Swarm_B,1.3476539045555555e-12,1.05712175e-12,514264.7005055556,360
2024-09-04 03:00:00+00:00,Swarm_B,1.4199776352222223e-12,1.1385960500000002e-12,513549.9601611111,360
2024-09-04 06:00:00+00:00,Swarm_B,1.506771980111111e-12,1.32119225e-12,513186.5503777778,360
2024-09-04 09:00:00+00:00,Swarm_B,1.6140983538333333e-12,1.4182967499999999e-12,513464.8662055555,360
2024-09-04 12:00:00+00:00,Swarm_B,1.8263269345e-12,1.579786e-12,514162.99115555553,360
2024-09-04 15:00:00+00:00,Swarm_B,1.790817863388889e-12,1.3853004e-12,514566.0659305556,360
2024-09-04 18:00:00+00:00,Swarm_B,1.7628859637222222e-12,1.3812126e-12,514380.0675277778,360
2024-09-04 21:00:00+00:00,Swarm_B,1.6864172618333333e-12,1.250274e-12,514097.3634222222,360
2024-09-05 00:00:00+00:00,Swarm_B,1.5967430514444444e-12,1.22099225e-12,514236.90354722226,360
2024-09-05 03:00:00+00:00,Swarm_B,1.5850257772777777e-12,1.24542485e-12,514523.7863277778,360
2024-09-05 06:00:00+00:00,Swarm_B,1.58977643275e-12,1.2990901e-12,514311.5166916667,360
2024-09-05 09:00:00+00:00,Swarm_B,1.6477533587222222e-12,1.1584587e-12,513523.94434166665,360
2024-09-05 12:00:00+00:00,Swarm_B,1.7204676648333332e-12,1.3423902e-12,512990.0454666667,360
2024-09-05 15:00:00+00:00,Swarm_B,1.6728311081666666e-12,1.3226826e-12,513352.8169083334,360
2024-09-05 18:00:00+00:00,Swarm_B,1.6473290992777777e-12,1.2471009e-12,514157.9811444445,360
2024-09-05 21:00:00+00:00,Swarm_B,1.6218437026666667e-12,1.34979145e-12,514484.92183055554,360
2024-09-06 00:00:00+00:00,Swarm_B,1.5985304874722221e-12,1.33204625e-12,514242.40790833335,360
2024-09-06 03:00:00+00:00,Swarm_B,1.5506846835833332e-12,1.14273935e-12,514017.83379444445,360
2024-09-06 06:00:00+00:00,Swarm_B,1.5221547044444443e-12,1.1431334000000001e-12,514207.12598333333,360
2024-09-06 09:00:00+00:00,Swarm_B,1.535198908e-12,1.15417185e-12,514464.2716194444,360
2024-09-06 12:00:00+00:00,Swarm_B,1.5992848214444443e-12,1.1820340499999999e-12,514178.30854444444,360
2024-09-06 15:00:00+00:00,Swarm_B,1.5863150565833332e-12,1.0425979e-12,513454.34986944444,360
2024-09-06 18:00:00+00:00,Swarm_B,1.6203652633055556e-12,1.2277072499999999e-12,513034.41917777783,360
2024-09-06 21:00:00+00:00,Swarm_B,1.6508338475e-12,1.3228522999999999e-12,513252.0010916667,360
2024-09-07 00:00:00+00:00,Swarm_B,1.6592908201666667e-12,1.3215249999999999e-12,513964.4104777778,360
2024-09-07 03:00:00+00:00,Swarm_B,1.6741239109444446e-12,1.3940061999999999e-12,514406.107525,360
2024-09-07 06:00:00+00:00,Swarm_B,1.6745452020555556e-12,1.3057297999999998e-12,514246.25922500005,360
2024-09-07 09:00:00+00:00,Swarm_B,1.6636868358055556e-12,1.35950765e-12,513939.58424444444,360
2024-09-07 12:00:00+00:00,Swarm_B,1.633499105638889e-12,1.2595404e-12,514067.9319527777,360
2024-09-07 15:00:00+00:00,Swarm_B,1.5460618624722222e-12,1.1109786999999998e-12,514360.3012611111,360
2024-09-07 18:00:00+00:00,Swarm_B,1.5321778443333334e-12,1.1673756500000001e-12,514214.441325,360
2024-09-07 21:00:00+00:00,Swarm_B,1.5537118086666666e-12,1.10645825e-12,513405.8789722222,360
2024-09-08 00:00:00+00:00,Swarm_B,1.6118848713888889e-12,1.3193594e-12,512837.0473416667,360
2024-09-08 03:00:00+00:00,Swarm_B,1.6795000097222224e-12,1.4468460000000002e-12,513153.16195,360
2024-09-08 06:00:00+00:00,Swarm_B,1.6709179244444443e-12,1.33949885e-12,513953.93703611114,360
2024-09-08 09:00:00+00:00,Swarm_B,1.6342366533055557e-12,1.4367453e-12,514298.3773972222,360
2024-09-08 12:00:00+00:00,Swarm_B,1.6634460935000001e-12,1.4439782499999999e-12,514108.7006,360
2024-09-08 15:00:00+00:00,Swarm_B,1.6273389010555553e-12,1.1432390500000001e-12,513875.20352222223,360
2024-09-08 18:00:00+00:00,Swarm_B,1.5588758579444445e-12,1.1685674e-12,514035.2439694444,360
2024-09-08 21:00:00+00:00,Swarm_B,1.5558373235833333e-12,1.1453786000000001e-12,514261.4505361111,360
2024-09-09 00:00:00+00:00,Swarm_B,1.6501863972222223e-12,1.276417e-12,514034.6417194444,360
2024-09-09 03:00:00+00:00,Swarm_B,1.7187893930277777e-12,1.35962885e-12,513374.3847138889,360
2024-09-09 06:00:00+00:00,Swarm_B,1.7183225693333335e-12,1.4272741999999998e-12,512887.57120277773,360
2024-09-09 09:00:00+00:00,Swarm_B,1.7442047855e-12,1.4732245499999999e-12,513019.2363305555,360
2024-09-09 12:00:00+00:00,Swarm_B,1.7152297258611112e-12,1.3772656500000002e-12,513710.73546388885,360
2024-09-09 15:00:00+00:00,Swarm_B,1.7124811411111111e-12,1.42086235e-12,514238.560475,360
2024-09-09 18:00:00+00:00,Swarm_B,1.7002325534166665e-12,1.37047515e-12,514116.9548611111,360
2024-09-09 21:00:00+00:00,Swarm_B,1.7239623171111112e-12,1.3212986e-12,513778.84264444443,360
2024-09-10 00:00:00+00:00,Swarm_B,1.6955060780555556e-12,1.32238455e-12,513850.7938611111,360
2024-09-10 03:00:00+00:00,Swarm_B,1.6030095789444445e-12,1.22281135e-12,514179.3430611111,360
2024-09-10 06:00:00+00:00,Swarm_B,1.5623190537499999e-12,1.24874395e-12,514085.7865583334,360
2024-09-10 09:00:00+00:00,Swarm_B,1.5807358857222223e-12,1.1241554e-12,513331.6724444445,360
2024-09-10 12:00:00+00:00,Swarm_B,1.551275299361111e-12,1.11113735e-12,512691.9482305556,360
2024-09-10 15:00:00+00:00,Swarm_B,1.5007496688055557e-12,1.1976894e-12,512927.10891388886,360
2024-09-10 18:00:00+00:00,Swarm_B,1.4386996922500002e-12,1.1081494e-12,513700.49182500003,360
2024-09-10 21:00:00+00:00,Swarm_B,1.455474615638889e-12,1.17546195e-12,514129.94944166666,360
2024-09-11 00:00:00+00:00,Swarm_B,1.42435259425e-12,1.0874806e-12,513981.1354416667,360
2024-09-11 03:00:00+00:00,Swarm_B,1.4306847240277776e-12,1.05054965e-12,513721.211,360
2024-09-11 06:00:00+00:00,Swarm_B,1.3718548615555555e-12,1.0197898e-12,513827.217475,360
2024-09-11 09:00:00+00:00,Swarm_B,1.3336205228888889e-12,9.33075145e-13,514110.98736666667,360
2024-09-11 12:00:00+00:00,Swarm_B,1.3803709663055553e-12,1.01168055e-12,513958.16041666665,360
2024-09-11 15:00:00+00:00,Swarm_B,1.4512138278055555e-12,1.1653285e-12,513314.6173916667,360
2024-09-11 18:00:00+00:00,Swarm_B,1.5249473959722221e-12,1.18872945e-12,512755.2921277778,360
2024-09-11 21:00:00+00:00,Swarm_B,1.585883710972222e-12,1.31345525e-12,512803.4150444445,360
2024-09-12 00:00:00+00:00,Swarm_B,1.5792938522777778e-12,1.26395145e-12,513493.55887222226,360
2024-09-12 03:00:00+00:00,Swarm_B,1.5951722502777778e-12,1.4384435500000001e-12,514073.3032055556,360
2024-09-12 06:00:00+00:00,Swarm_B,1.8364005443055554e-12,1.7861499e-12,513989.113325,360
2024-09-12 09:00:00+00:00,Swarm_B,2.089491733611111e-12,1.8703245e-12,513642.338125,360
2024-09-12 12:00:00+00:00,Swarm_B,2.290199176111111e-12,2.0302933e-12,513686.2625333333,360
2024-09-12 15:00:00+00:00,Swarm_B,2.3296429669444445e-12,2.01497215e-12,514026.34322499996,360
2024-09-12 18:00:00+00:00,Swarm_B,2.4861488725e-12,2.4099188e-12,513986.51023888885,360
2024-09-12 21:00:00+00:00,Swarm_B,2.233540944722222e-12,2.04647595e-12,513236.55075000005,360
2024-09-13 00:00:00+00:00,Swarm_B,2.1006301919444445e-12,2.18655625e-12,512562.665775,360
2024-09-13 03:00:00+00:00,Swarm_B,1.9533470119444443e-12,1.8710421e-12,512724.5988527778,360
2024-09-13 06:00:00+00:00,Swarm_B,1.9386725458333334e-12,1.57865925e-12,513451.5356361111,360
2024-09-13 09:00:00+00:00,Swarm_B,1.8371595218055556e-12,1.49008575e-12,513913.20258888893,360
2024-09-13 12:00:00+00:00,Swarm_B,1.742549921638889e-12,1.41858945e-12,513840.85517777776,360
2024-09-13 15:00:00+00:00,Swarm_B,1.6627420491388888e-12,1.3623514000000001e-12,513590.35146944446,360
2024-09-13 18:00:00+00:00,Swarm_B,1.585333750611111e-12,1.3022446000000001e-12,513638.9058055556,360
2024-09-13 21:00:00+00:00,Swarm_B,1.6130861777777779e-12,1.39832525e-12,513883.05568333337,360
2024-09-14 00:00:00+00:00,Swarm_B,1.4502688065833333e-12,1.2102006e-12,513807.6677888889,360
2024-09-14 03:00:00+00:00,Swarm_B,1.4386301740833334e-12,1.33717285e-12,513246.5681638889,360
2024-09-14 06:00:00+00:00,Swarm_B,1.368396449222222e-12,1.1015592e-12,512627.6336055555,360
2024-09-14 09:00:00+00:00,Swarm_B,1.4252589874166666e-12,1.16865445e-12,512569.0554944445,360
2024-09-14 12:00:00+00:00,Swarm_B,1.3778426055833334e-12,1.1700205499999998e-12,513206.80708888883,360
2024-09-14 15:00:00+00:00,Swarm_B,1.339046369861111e-12,1.2408015e-12,513878.9558305556,360
2024-09-14 18:00:00+00:00,Swarm_B,1.3203044641666666e-12,1.06709695e-12,513864.6787833333,360
2024-09-14 21:00:00+00:00,Swarm_B,1.26278049775e-12,9.9789991e-13,513494.193775,360
2024-09-15 00:00:00+00:00,Swarm_B,1.1650682150833333e-12,9.705300300000002e-13,513469.28054999997,360
2024-09-15 03:00:00+00:00,Swarm_B,1.2274420766388888e-12,1.19984725e-12,513819.16664166667,360
2024-09-15 06:00:00+00:00,Swarm_B,1.2568451018333334e-12,1.03128335e-12,513862.3639361111,360
2024-09-15 09:00:00+00:00,Swarm_B,1.2233693623611111e-12,9.57341315e-13,513200.62569444446,360
2024-09-15 12:00:00+00:00,Swarm_B,1.2939822403055555e-12,1.1867118500000002e-12,512454.9906472222,360
2024-09-15 15:00:00+00:00,Swarm_B,1.2726075831111111e-12,1.0368997e-12,512517.53864444443,360
2024-09-15 18:00:00+00:00,Swarm_B,1.2751002955833334e-12,1.0519617e-12,513201.13077499997,360
2024-09-15 21:00:00+00:00,Swarm_B,1.1777970348888889e-12,9.775164600000001e-13,513746.23520555557,360
2024-09-16 00:00:00+00:00,Swarm_B,1.233756210861111e-12,1.05997935e-12,513737.1328722222,360
2024-09-16 03:00:00+00:00,Swarm_B,1.1839881437777778e-12,9.89737525e-13,513465.3733833334,360
2024-09-16 06:00:00+00:00,Swarm_B,1.2513586125833332e-12,1.08777355e-12,513452.07412777777,360
2024-09-16 09:00:00+00:00,Swarm_B,1.2350261005454545e-12,1.10937565e-12,514333.19251212117,330
2024-09-16 12:00:00+00:00,Swarm_B,1.3035961732727272e-12,1.1270966e-12,514339.8748424243,330
2024-09-16 15:00:00+00:00,Swarm_B,1.2806421541111112e-12,1.0126331e-12,513216.79734722216,360
2024-09-16 18:00:00+00:00,Swarm_B,1.198868196888889e-12,9.38999895e-13,512542.9546694444,360
2024-09-16 21:00:00+00:00,Swarm_B,1.139198333111111e-12,1.00333395e-12,512378.00360555557,360
2024-09-17 00:00:00+00:00,Swarm_B,1.5064017828888887e-12,1.585029e-12,512984.63378333335,360
2024-09-17 03:00:00+00:00,Swarm_B,1.725960772888889e-12,1.48280455e-12,513698.0712944445,360
2024-09-17 06:00:00+00:00,Swarm_B,1.8171496490277778e-12,1.66338695e-12,513748.6382,360
2024-09-17 09:00:00+00:00,Swarm_B,1.7839060565555556e-12,1.6448569000000002e-12,513390.80605277774,360
2024-09-17 12:00:00+00:00,Swarm_B,1.743121335638889e-12,1.5579153e-12,513322.6756833333,360
2024-09-17 15:00:00+00:00,Swarm_B,1.5025941147499998e-12,1.4088115e-12,513663.3953166667,360
2024-09-17 18:00:00+00:00,Swarm_B,1.2723347759722222e-12,1.13425135e-12,513763.55038888886,360
2024-09-17 21:00:00+00:00,Swarm_B,1.1708863477777777e-12,1.037996e-12,513155.49223611114,360
2024-09-18 00:00:00+00:00,Swarm_B,1.118122991861111e-12,9.812647e-13,512405.08961388894,360
2024-09-18 03:00:00+00:00,Swarm_B,1.0709077802777777e-12,8.0432822e-13,512352.279325,360
2024-09-18 06:00:00+00:00,Swarm_B,9.895145882499999e-13,7.23365365e-13,512953.2325361111,360
2024-09-18 09:00:00+00:00,Swarm_B,9.438912955833334e-13,7.3829364e-13,513541.50406944443,360
2024-09-18 12:00:00+00:00,Swarm_B,9.383784753333332e-13,7.97963595e-13,513642.51094722224,360
2024-09-18 15:00:00+00:00,Swarm_B,9.41062890138889e-13,7.84503905e-13,513396.06183888885,360
2024-09-18 18:00:00+00:00,Swarm_B,8.870918791944444e-13,6.564631649999999e-13,513312.3051888889,360
2024-09-18 21:00:00+00:00,Swarm_B,8.749487497222221e-13,7.2755789e-13,513548.7673527778,360
2024-09-19 00:00:00+00:00,Swarm_B,1.0102227973055556e-12,9.42319285e-13,513646.1907833334,360
2024-09-19 03:00:00+00:00,Swarm_B,1.0355137156666667e-12,8.367715150000001e-13,513225.64180277777,360
2024-09-19 06:00:00+00:00,Swarm_B,1.0064336585555556e-12,8.6201876e-13,512510.1333638889,360
2024-09-19 09:00:00+00:00,Swarm_B,1.0322416958333334e-12,8.9289761e-13,512226.6451527778,360
2024-09-19 12:00:00+00:00,Swarm_B,1.122624893388889e-12,1.0203267e-12,512748.1246194445,360
2024-09-19 15:00:00+00:00,Swarm_B,1.1830972320277779e-12,1.04398195e-12,513531.7467138889,360
2024-09-19 18:00:00+00:00,Swarm_B,1.16601964125e-12,1.04836455e-12,513677.5285722223,360
2024-09-19 21:00:00+00:00,Swarm_B,9.508376300357143e-13,8.14975925e-13,514045.18963928573,280
2024-09-20 00:00:00+00:00,Swarm_B,9.673185421944446e-13,7.5292566e-13,513192.79326944443,360
2024-09-20 03:00:00+00:00,Swarm_B,8.867906688055556e-13,7.07691715e-13,513507.3389055556,360
2024-09-20 06:00:00+00:00,Swarm_B,8.268613321388889e-13,6.719492400000001e-13,513694.5628805555,360
2024-09-20 09:00:00+00:00,Swarm_B,8.473532940555556e-13,6.5708268e-13,513194.9765888889,360
2024-09-20 12:00:00+00:00,Swarm_B,8.418536684444445e-13,6.709290999999999e-13,512390.7848888889,360
2024-09-20 15:00:00+00:00,Swarm_B,8.767725408611111e-13,7.00324595e-13,512236.08228333335,360
2024-09-20 18:00:00+00:00,Swarm_B,8.878740623611111e-13,7.2969121e-13,512747.6382722222,360
2024-09-20 21:00:00+00:00,Swarm_B,8.895181293055555e-13,7.9965348e-13,513391.90310277784,360
2024-09-21 00:00:00+00:00,Swarm_B,9.13219510888889e-13,8.12343245e-13,513573.7072972222,360
2024-09-21 03:00:00+00:00,Swarm_B,8.7031674725e-13,7.8885443e-13,513342.6027972222,360
2024-09-21 06:00:00+00:00,Swarm_B,8.389035118333333e-13,6.4506615e-13,513187.4360944444,360
2024-09-21 09:00:00+00:00,Swarm_B,7.593583519696969e-13,5.8998792e-13,514200.25885757577,330
2024-09-21 12:00:00+00:00,Swarm_B,7.541007076666665e-13,5.719401600000001e-13,514034.9703272727,330
2024-09-21 15:00:00+00:00,Swarm_B,8.039788461944445e-13,6.3363432e-13,513249.6635166667,360
2024-09-21 18:00:00+00:00,Swarm_B,8.341172720277777e-13,6.62478585e-13,512497.30789444444,360
2024-09-21 21:00:00+00:00,Swarm_B,8.388586040277778e-13,7.18110125e-13,512102.18163055554,360
2024-09-22 00:00:00+00:00,Swarm_B,8.875680421944445e-13,7.493527100000001e-13,512551.12148333335,360
2024-09-22 03:00:00+00:00,Swarm_B,8.773790866666666e-13,7.326788199999999e-13,513369.7757083333,360
2024-09-22 06:00:00+00:00,Swarm_B,8.681678704444445e-13,6.921945700000001e-13,513586.1911805555,360
2024-09-22 09:00:00+00:00,Swarm_B,8.874142100833333e-13,7.654546e-13,513277.5203833333,360
2024-09-22 12:00:00+00:00,Swarm_B,8.490300176388889e-13,6.1537557e-13,513097.37046944443,360
2024-09-22 15:00:00+00:00,Swarm_B,8.7533256225e-13,7.2629176e-13,513380.4309388889,360
2024-09-22 18:00:00+00:00,Swarm_B,8.083141910833333e-13,6.45404895e-13,513599.11591111106,360
2024-09-22 21:00:00+00:00,Swarm_B,8.378868279166667e-13,7.03536125e-13,513184.86946388887,360
2024-09-23 00:00:00+00:00,Swarm_B,8.783469940555556e-13,6.8965401e-13,512419.66130555555,360
2024-09-23 03:00:00+00:00,Swarm_B,8.862915466944444e-13,7.47765855e-13,512135.90261388884,360
2024-09-23 06:00:00+00:00,Swarm_B,9.057652566666668e-13,7.215032699999999e-13,512536.0705027778,360
2024-09-23 09:00:00+00:00,Swarm_B,9.48550720361111e-13,8.0962478e-13,513194.32317499997,360
2024-09-23 12:00:00+00:00,Swarm_B,1.0892485110277778e-12,1.05741875e-12,513503.08729444444,360
2024-09-23 15:00:00+00:00,Swarm_B,1.2276969273888889e-12,1.2222688e-12,513309.2870611111,360
2024-09-23 18:00:00+00:00,Swarm_B,1.0927515174166667e-12,8.9245106e-13,513091.5421805556,360
2024-09-23 21:00:00+00:00,Swarm_B,1.0858005522777777e-12,9.67301965e-13,513254.9035916667,360
2024-09-24 00:00:00+00:00,Swarm_B,1.0619608249166667e-12,9.2694112e-13,513495.82669722225,360
2024-09-24 03:00:00+00:00,Swarm_B,1.0589072305277778e-12,8.4953926e-13,513255.467675,360
2024-09-24 06:00:00+00:00,Swarm_B,1.07499068125e-12,8.372001899999999e-13,512523.34235555556,360
2024-09-24 09:00:00+00:00,Swarm_B,1.15461522725e-12,9.66204e-13,512013.1386,360
2024-09-24 12:00:00+00:00,Swarm_B,1.2691643715833332e-12,1.121223e-12,512341.84288333333,360
2024-09-24 15:00:00+00:00,Swarm_B,1.2641868143611112e-12,1.0875670499999999e-12,513166.14797222224,360
2024-09-24 18:00:00+00:00,Swarm_B,1.2326902493055556e-12,1.0686097e-12,513497.78777777776,360
2024-09-24 21:00:00+00:00,Swarm_B,1.211009192361111e-12,1.07935015e-12,513231.19403333333,360
2024-09-25 00:00:00+00:00,Swarm_B,1.2969093736944445e-12,1.24020125e-12,512998.62148888886,360
2024-09-25 03:00:00+00:00,Swarm_B,1.3056327865555556e-12,1.0826418500000002e-12,513206.4370166667,360
2024-09-25 06:00:00+00:00,Swarm_B,1.3492917926111113e-12,1.14348965e-12,513496.2527416666,360
2024-09-25 09:00:00+00:00,Swarm_B,1.365447429222222e-12,1.1429349499999999e-12,513207.82441111107,360
2024-09-25 12:00:00+00:00,Swarm_B,1.3901485275833332e-12,1.2284877e-12,512430.7865527778,360
2024-09-25 15:00:00+00:00,Swarm_B,1.4946667893888888e-12,1.3471999e-12,512046.53626388893,360
2024-09-25 18:00:00+00:00,Swarm_B,1.4771377322222224e-12,1.27649475e-12,512301.74610833335,360
2024-09-25 21:00:00+00:00,Swarm_B,1.4967111966666666e-12,1.3986184e-12,512975.50862222223,360
2024-09-26 00:00:00+00:00,Swarm_B,1.4305170963055557e-12,1.25085135e-12,513375.5423555555,360
2024-09-26 03:00:00+00:00,Swarm_B,1.3673467643333333e-12,1.19042905e-12,513247.68144722225,360
2024-09-26 06:00:00+00:00,Swarm_B,1.2832254784999999e-12,1.0280198e-12,512963.44989999995,360
2024-09-26 09:00:00+00:00,Swarm_B,1.2515676904166667e-12,1.0068897999999998e-12,513088.272875,360
2024-09-26 12:00:00+00:00,Swarm_B,1.2528628710277777e-12,1.0617081e-12,513360.44745833334,360
2024-09-26 15:00:00+00:00,Swarm_B,1.228624736361111e-12,1.0094734500000001e-12,513257.47771111113,360
2024-09-26 18:00:00+00:00,Swarm_B,1.2161349480833333e-12,9.36764555e-13,512508.74707499996,360
2024-09-26 21:00:00+00:00,Swarm_B,1.1782017700833333e-12,9.36141605e-13,511897.5470833333,360
2024-09-27 00:00:00+00:00,Swarm_B,1.1812239389999999e-12,9.8570711e-13,512119.66679444443,360
2024-09-27 03:00:00+00:00,Swarm_B,1.1767602238333333e-12,1.11935325e-12,512950.1811527778,360
2024-09-27 06:00:00+00:00,Swarm_B,1.225625963888889e-12,1.0585146e-12,513344.79698888893,360
2024-09-27 09:00:00+00:00,Swarm_B,1.3308222654166666e-12,1.1296795499999998e-12,513153.18275,360
2024-09-27 12:00:00+00:00,Swarm_B,1.3732886817222223e-12,1.1026333e-12,512889.8204555555,360
2024-09-27 15:00:00+00:00,Swarm_B,1.3417911687777777e-12,1.0335358e-12,513053.8001111111,360
2024-09-27 18:00:00+00:00,Swarm_B,1.2282268406666668e-12,9.95862875e-13,513328.69454999996,360
2024-09-27 21:00:00+00:00,Swarm_B,1.1799962178333333e-12,9.3057238e-13,513137.8152083333,360
2024-09-28 00:00:00+00:00,Swarm_B,1.1400120999444445e-12,9.18114835e-13,512450.2753527778,360
2024-09-28 03:00:00+00:00,Swarm_B,1.1618367776944445e-12,9.42268035e-13,511957.28171388886,360
2024-09-28 06:00:00+00:00,Swarm_B,1.192929486388889e-12,9.27923725e-13,512074.4963333334,360
2024-09-28 09:00:00+00:00,Swarm_B,1.2909190163611112e-12,1.1285128e-12,512714.507075,360
2024-09-28 12:00:00+00:00,Swarm_B,1.3608205841666665e-12,1.14382545e-12,513235.25189444446,360
2024-09-28 15:00:00+00:00,Swarm_B,1.4586108646944446e-12,1.28207325e-12,513184.83238611114,360
2024-09-28 18:00:00+00:00,Swarm_B,1.4159515065277779e-12,1.18372215e-12,512862.4475666667,360
2024-09-28 21:00:00+00:00,Swarm_B,1.3689836310555556e-12,1.1848627e-12,512885.88642777776,360
2024-09-29 00:00:00+00:00,Swarm_B,1.341828035722222e-12,1.20649805e-12,513200.53486944444,360
2024-09-29 03:00:00+00:00,Swarm_B,1.3347564293888889e-12,1.1459096500000001e-12,513182.32370277774,360
2024-09-29 06:00:00+00:00,Swarm_B,1.4275659369444444e-12,1.17346775e-12,512525.9823666667,360
2024-09-29 09:00:00+00:00,Swarm_B,1.5258451422499999e-12,1.2985337999999999e-12,511822.7556555556,360
2024-09-29 12:00:00+00:00,Swarm_B,1.5914433359166667e-12,1.39204565e-12,511884.8070194445,360
2024-09-29 15:00:00+00:00,Swarm_B,1.6146897047222221e-12,1.41471665e-12,512665.12611944444,360
2024-09-29 18:00:00+00:00,Swarm_B,1.5177023049999998e-12,1.2531186e-12,513180.3421416667,360
2024-09-29 21:00:00+00:00,Swarm_B,1.5421178961666666e-12,1.4313041500000001e-12,513074.7118166667,360
2024-09-30 00:00:00+00:00,Swarm_B,1.6480565456111111e-12,1.5847849e-12,512773.842675,360
2024-09-30 03:00:00+00:00,Swarm_B,1.5899903341666667e-12,1.2995664499999999e-12,512830.5488861111,360
2024-09-30 06:00:00+00:00,Swarm_B,1.4830096799999998e-12,1.2545454e-12,513151.6495777778,360
2024-09-30 09:00:00+00:00,Swarm_B,1.4581836704444446e-12,1.1758740999999999e-12,513099.0166777778,360
2024-09-30 12:00:00+00:00,Swarm_B,1.4671418053611112e-12,1.12330775e-12,512449.3873083333,360
2024-09-30 15:00:00+00:00,Swarm_B,1.5081668508333334e-12,1.2094504500000001e-12,511885.7803861111,360
2024-09-30 18:00:00+00:00,Swarm_B,1.515990876111111e-12,1.28993795e-12,511831.52795277775,360
2024-09-30 21:00:00+00:00,Swarm_B,1.5496696898611111e-12,1.3179084499999999e-12,512431.9451472222,360
2024-10-01 00:00:00+00:00,Swarm_B,1.4783176565277778e-12,1.2858706e-12,513033.7817638889,360
2024-10-01 03:00:00+00:00,Swarm_B,1.556899143722222e-12,1.47441435e-12,513091.86125555553,360
2024-10-01 06:00:00+00:00,Swarm_B,1.5394089516666667e-12,1.1903993e-12,512736.89200833335,360
2024-10-01 09:00:00+00:00,Swarm_B,1.5279295984166666e-12,1.2283331e-12,512705.84666944447,360
2024-10-01 12:00:00+00:00,Swarm_B,1.5205779416666667e-12,1.2399161e-12,513012.50810277776,360
2024-10-01 15:00:00+00:00,Swarm_B,1.5243927051111111e-12,1.2686945500000001e-12,513135.1678,360
2024-10-01 18:00:00+00:00,Swarm_B,1.5509820650555554e-12,1.236844e-12,512509.33098333335,360
2024-10-01 21:00:00+00:00,Swarm_B,1.5590529689444444e-12,1.19057105e-12,511745.0836666667,360
2024-10-02 00:00:00+00:00,Swarm_B,1.6171658564722223e-12,1.38916555e-12,511677.78338333336,360
2024-10-02 03:00:00+00:00,Swarm_B,1.616331050611111e-12,1.4364551500000001e-12,512392.53079444444,360
2024-10-02 06:00:00+00:00,Swarm_B,1.6255388434722221e-12,1.34522845e-12,512947.0468888889,360
2024-10-02 09:00:00+00:00,Swarm_B,1.623266783861111e-12,1.3350088e-12,512961.3539916667,360
2024-10-02 12:00:00+00:00,Swarm_B,1.6881387075555557e-12,1.4504368999999999e-12,512682.1882388889,360
2024-10-02 15:00:00+00:00,Swarm_B,1.6171096499166666e-12,1.31211395e-12,512675.4711888889,360
2024-10-02 18:00:00+00:00,Swarm_B,1.5468629503888888e-12,1.27738415e-12,512932.00662222225,360
2024-10-02 21:00:00+00:00,Swarm_B,1.5403600005555555e-12,1.2973139e-12,512973.29251666664,360
2024-10-03 00:00:00+00:00,Swarm_B,1.5573179510277779e-12,1.2733554e-12,512476.2512138889,360
2024-10-03 03:00:00+00:00,Swarm_B,1.5958300210277778e-12,1.3069653e-12,511836.94817499997,360
2024-10-03 06:00:00+00:00,Swarm_B,1.6751981245833333e-12,1.4352510500000002e-12,511621.0548444444,360
2024-10-03 09:00:00+00:00,Swarm_B,1.698005839972222e-12,1.4285979e-12,512117.63255555555,360
2024-10-03 12:00:00+00:00,Swarm_B,1.873716738611111e-12,1.6527474e-12,512816.2405138889,360
2024-10-03 15:00:00+00:00,Swarm_B,1.8223345469444443e-12,1.50530395e-12,512990.19083888887,360
2024-10-03 18:00:00+00:00,Swarm_B,1.8507039394444444e-12,1.63731275e-12,512649.0931638889,360
2024-10-03 21:00:00+00:00,Swarm_B,1.8159250019444446e-12,1.5553668999999999e-12,512493.8175361111,360
2024-10-04 00:00:00+00:00,Swarm_B,1.7271817708333333e-12,1.47990125e-12,512787.0304138889,360
2024-10-04 03:00:00+00:00,Swarm_B,1.7985550136111113e-12,1.5419352e-12,512981.4602666667,360
2024-10-04 06:00:00+00:00,Swarm_B,1.8067496019444443e-12,1.4192568e-12,512514.6822944444,360
2024-10-04 09:00:00+00:00,Swarm_B,1.831411881388889e-12,1.4868327e-12,511705.6678,360
2024-10-04 12:00:00+00:00,Swarm_B,1.8346976316666667e-12,1.5944577e-12,511451.84023611114,360
2024-10-04 15:00:00+00:00,Swarm_B,1.9014211219444445e-12,1.7875839e-12,512055.8103222222,360
2024-10-04 18:00:00+00:00,Swarm_B,1.8435361533333333e-12,1.60301265e-12,512702.5540138889,360
2024-10-04 21:00:00+00:00,Swarm_B,1.926485145e-12,1.8811101e-12,512839.65148055553,360
2024-10-05 00:00:00+00:00,Swarm_B,1.8662717966666666e-12,1.56217085e-12,512556.28472777776,360
2024-10-05 03:00:00+00:00,Swarm_B,1.7342434883333335e-12,1.477273e-12,512439.41093333333,360
2024-10-05 06:00:00+00:00,Swarm_B,1.7275571669444444e-12,1.47951355e-12,512681.51733055554,360
2024-10-05 09:00:00+00:00,Swarm_B,1.7253463277777777e-12,1.5029021e-12,512841.73950277775,360
2024-10-05 12:00:00+00:00,Swarm_B,1.6948969483333333e-12,1.4399677e-12,512427.3366166667,360
2024-10-05 15:00:00+00:00,Swarm_B,1.698182631388889e-12,1.3847506500000001e-12,511787.02293055557,360
2024-10-05 18:00:00+00:00,Swarm_B,1.6667696004166665e-12,1.4869427e-12,511390.4253277778,360
2024-10-05 21:00:00+00:00,Swarm_B,1.632496995361111e-12,1.5179149e-12,511782.93748888886,360
2024-10-06 00:00:00+00:00,Swarm_B,1.5934171441666666e-12,1.42066235e-12,512516.4131194444,360
2024-10-06 03:00:00+00:00,Swarm_B,1.5234103964444444e-12,1.2995685999999999e-12,512839.92775277776,360
2024-10-06 06:00:00+00:00,Swarm_B,1.519785330861111e-12,1.3407230500000001e-12,512516.33907222224,360
2024-10-06 09:00:00+00:00,Swarm_B,1.6482297508333334e-12,1.58871485e-12,512309.22732500004,360
2024-10-06 12:00:00+00:00,Swarm_B,1.6619838272222223e-12,1.5081342e-12,512534.83122222224,360
2024-10-06 15:00:00+00:00,Swarm_B,1.7608388e-12,1.6400929999999998e-12,512840.6077138889,360
2024-10-06 18:00:00+00:00,Swarm_B,1.7437056166666666e-12,1.5930664e-12,512462.3213333333,360
2024-10-06 21:00:00+00:00,Swarm_B,1.9211389766666666e-12,1.94785395e-12,511663.7772833333,360
2024-10-07 00:00:00+00:00,Swarm_B,2.2291628499999998e-12,2.1976297e-12,511281.43732777773,360
2024-10-07 03:00:00+00:00,Swarm_B,2.0922489605555556e-12,1.9951151499999997e-12,511733.7880361111,360
2024-10-07 06:00:00+00:00,Swarm_B,2.0081076230555555e-12,1.85251125e-12,512375.64161666663,360
2024-10-07 09:00:00+00:00,Swarm_B,1.8927360272222223e-12,1.7498772e-12,512660.8953972222,360
2024-10-07 12:00:00+00:00,Swarm_B,1.9916296997222223e-12,2.02788305e-12,512469.9224194445,360
2024-10-07 15:00:00+00:00,Swarm_B,2.0606077302777778e-12,1.9559260000000002e-12,512280.1400861111,360
2024-10-07 18:00:00+00:00,Swarm_B,2.2484991794444446e-12,2.23818885e-12,512416.49820277776,360
2024-10-07 21:00:00+00:00,Swarm_B,2.1059156897222222e-12,1.9255327499999997e-12,512638.2645166667,360
2024-10-08 00:00:00+00:00,Swarm_B,2.2258078775e-12,2.16663345e-12,512420.71431111114,360
2024-10-08 03:00:00+00:00,Swarm_B,2.245813175e-12,2.0332524500000002e-12,511762.3750388889,360
2024-10-08 06:00:00+00:00,Swarm_B,2.2628781302777777e-12,2.0660917e-12,511216.2868083333,360
2024-10-08 09:00:00+00:00,Swarm_B,2.157344403888889e-12,2.0012013e-12,511431.6898583333,360
2024-10-08 12:00:00+00:00,Swarm_B,2.0084807769444443e-12,1.7964651e-12,512196.11445,360
2024-10-08 15:00:00+00:00,Swarm_B,1.831023348611111e-12,1.6213327499999999e-12,512642.5625416666,360
2024-10-08 18:00:00+00:00,Swarm_B,1.6976996891666665e-12,1.53407855e-12,512412.2906861111,360
2024-10-08 21:00:00+00:00,Swarm_B,1.5215471930833333e-12,1.32320595e-12,512110.24347222224,360
2024-10-09 00:00:00+00:00,Swarm_B,1.5136798508611112e-12,1.3775115e-12,512271.2624972223,360
2024-10-09 03:00:00+00:00,Swarm_B,1.4430426881666668e-12,1.2928032000000001e-12,512605.56667499995,360
2024-10-09 06:00:00+00:00,Swarm_B,1.471898091111111e-12,1.3055815499999999e-12,512425.5237,360
2024-10-09 09:00:00+00:00,Swarm_B,1.4679150180555556e-12,1.3398553e-12,511668.3282055556,360
2024-10-09 12:00:00+00:00,Swarm_B,1.5353989080833332e-12,1.4391245e-12,511127.98363055557,360
2024-10-09 15:00:00+00:00,Swarm_B,1.4008098809722223e-12,1.2546497e-12,511398.65173333336,360
2024-10-09 18:00:00+00:00,Swarm_B,1.3106349525833332e-12,1.1953372e-12,512050.6778833333,360
2024-10-09 21:00:00+00:00,Swarm_B,1.2326974987777778e-12,1.19425115e-12,512481.1234888889,360
2024-10-10 00:00:00+00:00,Swarm_B,1.196309188111111e-12,1.10170955e-12,512372.57081666664,360
2024-10-10 03:00:00+00:00,Swarm_B,1.2003225303611112e-12,1.0614596e-12,512114.7333083333,360
2024-10-10 06:00:00+00:00,Swarm_B,1.1183843978611111e-12,9.5606651e-13,512178.16966111114,360
2024-10-10 09:00:00+00:00,Swarm_B,1.0869854232222222e-12,9.834576900000001e-13,512463.20759722224,360
2024-10-10 12:00:00+00:00,Swarm_B,1.1898477348611112e-12,1.1141796000000002e-12,512377.64853055554,360
2024-10-10 15:00:00+00:00,Swarm_B,1.90004508675e-12,1.7190630499999999e-12,511804.1417972222,360
2024-10-10 18:00:00+00:00,Swarm_B,2.479627751111111e-12,2.5080383e-12,511106.5926194444,360
2024-10-10 21:00:00+00:00,Swarm_B,3.3748294374999997e-12,3.30588135e-12,511146.70071666664,360
2024-10-11 00:00:00+00:00,Swarm_B,3.4913856766666664e-12,3.33485895e-12,511865.2403194444,360
2024-10-11 03:00:00+00:00,Swarm_B,3.1708461305555556e-12,3.22072525e-12,512446.79568333336,360
2024-10-11 06:00:00+00:00,Swarm_B,2.811943907222222e-12,2.7180965000000003e-12,512293.6425027778,360
2024-10-11 09:00:00+00:00,Swarm_B,2.4933546691666665e-12,2.39526945e-12,511966.22016666667,360
2024-10-11 12:00:00+00:00,Swarm_B,2.0605244005555555e-12,1.9680364999999998e-12,512012.7319388889,360
2024-10-11 15:00:00+00:00,Swarm_B,1.63287375875e-12,1.53162505e-12,512378.4595111111,360
2024-10-11 18:00:00+00:00,Swarm_B,1.2917257129166667e-12,1.17870375e-12,512304.08767499996,360
2024-10-11 21:00:00+00:00,Swarm_B,1.1178390337222224e-12,1.014583e-12,511649.61975,360
2024-10-12 00:00:00+00:00,Swarm_B,1.0132185261111111e-12,8.9405162e-13,511036.95941944444,360
2024-10-12 03:00:00+00:00,Swarm_B,9.709253790555554e-13,8.780343749999999e-13,511103.5483805555,360
2024-10-12 06:00:00+00:00,Swarm_B,9.032854016944444e-13,8.1688106e-13,511662.7531888889,360
2024-10-12 09:00:00+00:00,Swarm_B,1.0477274386666667e-12,1.1163946500000001e-12,512219.6952083334,360
2024-10-12 12:00:00+00:00,Swarm_B,1.035256079e-12,9.600056950000002e-13,512278.3146555555,360
2024-10-12 15:00:00+00:00,Swarm_B,9.996303100833333e-13,8.88985455e-13,511996.5845833333,360
2024-10-12 18:00:00+00:00,Swarm_B,9.680493073888889e-13,8.77942145e-13,511920.9300777778,360
2024-10-12 21:00:00+00:00,Swarm_B,9.144235443888889e-13,8.716107449999999e-13,512194.9189638889,360
2024-10-13 00:00:00+00:00,Swarm_B,8.899136244722223e-13,8.2202417e-13,512298.22006666666,360
2024-10-13 03:00:00+00:00,Swarm_B,8.640564491944445e-13,7.305705700000001e-13,511820.4348583333,360
2024-10-13 06:00:00+00:00,Swarm_B,8.60648049638889e-13,7.31251625e-13,511057.43940833333,360
2024-10-13 09:00:00+00:00,Swarm_B,8.932338591666666e-13,8.0305272e-13,510884.4340138889,360
2024-10-13 12:00:00+00:00,Swarm_B,8.986768893333333e-13,8.66455625e-13,511532.87782222225,360
2024-10-13 15:00:00+00:00,Swarm_B,9.295862051944443e-13,8.568479850000001e-13,512222.06947777775,360
2024-10-13 18:00:00+00:00,Swarm_B,9.286693391944445e-13,8.43289645e-13,512251.3133611111,360
2024-10-13 21:00:00+00:00,Swarm_B,8.936661782222222e-13,8.50576155e-13,511914.0131583333,360
2024-10-14 00:00:00+00:00,Swarm_B,8.800958829999999e-13,8.0719588e-13,511859.06613611116,360
2024-10-14 03:00:00+00:00,Swarm_B,8.670181866111112e-13,7.7116752e-13,512182.02753333334,360
2024-10-14 06:00:00+00:00,Swarm_B,8.540958412222223e-13,7.77700935e-13,512299.15356944443,360
2024-10-14 09:00:00+00:00,Swarm_B,8.685363669999999e-13,8.22125045e-13,511781.8427527778,360
2024-10-14 12:00:00+00:00,Swarm_B,8.944555928888889e-13,8.5581798e-13,511088.30546666664,360
2024-10-14 15:00:00+00:00,Swarm_B,9.052498046944444e-13,8.4422887e-13,510925.80689166667,360
2024-10-14 18:00:00+00:00,Swarm_B,9.192946815555555e-13,9.3569041e-13,511376.13766944443,360
2024-10-14 21:00:00+00:00,Swarm_B,1.0019950469444444e-12,1.0480763e-12,512034.1839638889,360
2024-10-15 00:00:00+00:00,Swarm_B,1.0347550132222223e-12,1.03600935e-12,512244.8208583333,360
2024-10-15 03:00:00+00:00,Swarm_B,1.0466308054722222e-12,9.42302305e-13,511968.93744722224,360
2024-10-15 06:00:00+00:00,Swarm_B,1.0553055503055557e-12,9.33182915e-13,511794.63301388884,360
2024-10-15 09:00:00+00:00,Swarm_B,1.1171010667777778e-12,1.14854505e-12,512038.8911638889,360
2024-10-15 12:00:00+00:00,Swarm_B,1.0602109145833332e-12,1.023299e-12,512263.02170833334,360
2024-10-15 15:00:00+00:00,Swarm_B,1.1130691946388887e-12,1.18046085e-12,511928.0426638889,360
2024-10-15 18:00:00+00:00,Swarm_B,1.0103792729444444e-12,9.1982862e-13,511102.89413055556,360
2024-10-15 21:00:00+00:00,Swarm_B,1.0113102822777778e-12,9.99737755e-13,510744.9808472222,360
2024-10-16 00:00:00+00:00,Swarm_B,1.0163389338333334e-12,1.0333602e-12,511262.30512777774,360
2024-10-16 03:00:00+00:00,Swarm_B,1.0177886539166666e-12,9.48704655e-13,512009.5049138889,360
2024-10-16 06:00:00+00:00,Swarm_B,1.06319166975e-12,1.0055363e-12,512177.5375222222,360
2024-10-16 09:00:00+00:00,Swarm_B,1.1147965305e-12,1.1172642e-12,511904.7147361111,360
2024-10-16 12:00:00+00:00,Swarm_B,1.1363305773611111e-12,1.1332331e-12,511758.7621888889,360
2024-10-16 15:00:00+00:00,Swarm_B,1.1439132435555556e-12,1.1820746e-12,512008.4929861111,360
2024-10-16 18:00:00+00:00,Swarm_B,1.0707508396944445e-12,1.07143595e-12,512185.5603944445,360
2024-10-16 21:00:00+00:00,Swarm_B,1.0885180438055556e-12,1.0774748000000002e-12,511839.5015277778,360
2024-10-17 00:00:00+00:00,Swarm_B,1.0416947878611111e-12,1.0142245499999999e-12,511180.1917833333,360
2024-10-17 03:00:00+00:00,Swarm_B,1.0692498310277778e-12,1.0053221e-12,510813.9754611111,360
2024-10-17 06:00:00+00:00,Swarm_B,1.0116860305277777e-12,9.35694035e-13,511075.2455527777,360
2024-10-17 09:00:00+00:00,Swarm_B,1.0002455665833332e-12,9.5439162e-13,511758.36884444446,360
2024-10-17 12:00:00+00:00,Swarm_B,9.894830968333334e-13,9.3464778e-13,512174.60571388894,360
2024-10-17 15:00:00+00:00,Swarm_B,9.471891845833334e-13,8.572554249999999e-13,511970.00378055556,360
2024-10-17 18:00:00+00:00,Swarm_B,9.399262254444444e-13,9.172311549999998e-13,511675.55159722216,360
2024-10-17 21:00:00+00:00,Swarm_B,8.697477050833334e-13,8.20725445e-13,514012.69085,120
2024-10-18 00:00:00+00:00,Swarm_B,9.544089862777778e-13,9.296263150000002e-13,512181.95430833334,360
2024-10-18 03:00:00+00:00,Swarm_B,9.612831660555556e-13,8.806888749999999e-13,512017.7997027778,360
2024-10-18 06:00:00+00:00,Swarm_B,9.450299383055556e-13,8.7449826e-13,511247.65865555557,360
2024-10-18 09:00:00+00:00,Swarm_B,9.341052675277779e-13,8.815149699999999e-13,510686.4879027778,360
2024-10-18 12:00:00+00:00,Swarm_B,9.906926535833333e-13,1.00885955e-12,511016.966375,360
2024-10-18 15:00:00+00:00,Swarm_B,1.1329819979722223e-12,1.17649295e-12,511770.7593111111,360
2024-10-18 18:00:00+00:00,Swarm_B,1.0868987679166667e-12,1.0798906e-12,512125.2201611111,360
2024-10-18 21:00:00+00:00,Swarm_B,1.1241980806111111e-12,1.1584734e-12,511932.61891666666,360
2024-10-19 00:00:00+00:00,Swarm_B,1.1217559557777778e-12,1.1102345e-12,511692.00816666667,360
2024-10-19 03:00:00+00:00,Swarm_B,1.1711298344999999e-12,1.1193817e-12,511829.493675,360
2024-10-19 06:00:00+00:00,Swarm_B,1.231617503611111e-12,1.1894722499999999e-12,512108.48423611105,360
2024-10-19 09:00:00+00:00,Swarm_B,1.1715405231388888e-12,1.0944158e-12,511940.27517499996,360
2024-10-19 12:00:00+00:00,Swarm_B,1.1385442906388889e-12,1.09035155e-12,511320.1014305555,360
2024-10-19 15:00:00+00:00,Swarm_B,1.1026766771111111e-12,1.0266016e-12,510782.4619027778,360
2024-10-19 18:00:00+00:00,Swarm_B,1.0999072579722223e-12,1.1191550999999998e-12,510842.72306111106,360
2024-10-19 21:00:00+00:00,Swarm_B,1.0869731045277778e-12,1.0826988e-12,511517.9349944444,360
2024-10-20 00:00:00+00:00,Swarm_B,1.0921013430555556e-12,1.0572696000000002e-12,512081.23050833336,360
2024-10-20 03:00:00+00:00,Swarm_B,1.013050384388889e-12,9.48960865e-13,511983.7449611111,360
2024-10-20 06:00:00+00:00,Swarm_B,9.37483088138889e-13,8.9257637e-13,511643.28072222223,360
2024-10-20 09:00:00+00:00,Swarm_B,8.854833573055556e-13,8.967846199999999e-13,511686.1370888889,360
2024-10-20 12:00:00+00:00,Swarm_B,8.817914546388888e-13,8.32017065e-13,512046.89547499997,360
2024-10-20 15:00:00+00:00,Swarm_B,8.721693113055557e-13,8.139863e-13,512039.43883055553,360
2024-10-20 18:00:00+00:00,Swarm_B,8.362777378888889e-13,7.73065665e-13,511342.1271305555,360
2024-10-20 21:00:00+00:00,Swarm_B,8.693333163055556e-13,8.252382e-13,510672.3882638889,360
2024-10-21 00:00:00+00:00,Swarm_B,8.571126162777777e-13,8.213115699999999e-13,510789.8525888889,360
2024-10-21 03:00:00+00:00,Swarm_B,8.551626098333334e-13,8.00209385e-13,511464.3860666667,360
2024-10-21 06:00:00+00:00,Swarm_B,8.718374327222221e-13,8.5254744e-13,511952.2092361111,360
2024-10-21 09:00:00+00:00,Swarm_B,9.220406810277778e-13,9.4781786e-13,511924.6515972222,360
2024-10-21 12:00:00+00:00,Swarm_B,9.053267350277779e-13,8.62472065e-13,511671.1651305556,360
2024-10-21 15:00:00+00:00,Swarm_B,8.990072262777777e-13,8.63709495e-13,511671.0025944444,360
2024-10-21 18:00:00+00:00,Swarm_B,8.760277252222222e-13,8.653263149999999e-13,511925.09544722224,360
2024-10-21 21:00:00+00:00,Swarm_B,9.024043023055555e-13,8.7228236e-13,511944.05398611113,360
2024-10-22 00:00:00+00:00,Swarm_B,8.912632635277777e-13,8.6708731e-13,511466.95194999996,360
2024-10-22 03:00:00+00:00,Swarm_B,9.515324978611112e-13,9.081503749999999e-13,510809.35726388893,360
2024-10-22 06:00:00+00:00,Swarm_B,9.938747921388889e-13,9.765199649999999e-13,510636.59365833335,360
2024-10-22 09:00:00+00:00,Swarm_B,1.056233827888889e-12,1.0774417500000001e-12,511204.62690000003,360
2024-10-22 12:00:00+00:00,Swarm_B,1.1609584138333334e-12,1.1974727e-12,511927.6177388889,360
2024-10-22 15:00:00+00:00,Swarm_B,1.2368255675555554e-12,1.27493785e-12,511991.9085638889,360
2024-10-22 18:00:00+00:00,Swarm_B,1.2334173056944443e-12,1.2657561999999999e-12,511619.50063055556,360
2024-10-22 21:00:00+00:00,Swarm_B,1.2088890647222223e-12,1.15059835e-12,511521.2372194444,360
2024-10-23 00:00:00+00:00,Swarm_B,1.1396310963333334e-12,1.0832161500000001e-12,511856.58989722223,360
2024-10-23 03:00:00+00:00,Swarm_B,1.1094002838055556e-12,1.05406325e-12,512013.69207777776,360
2024-10-23 06:00:00+00:00,Swarm_B,1.0744241165277778e-12,1.01791315e-12,511482.55882499996,360
2024-10-23 09:00:00+00:00,Swarm_B,1.0868079670277778e-12,1.05201965e-12,510702.0037916667,360
2024-10-23 12:00:00+00:00,Swarm_B,1.1427530690833333e-12,1.1578085e-12,510599.43744999997,360
2024-10-23 15:00:00+00:00,Swarm_B,1.0990053269166666e-12,1.0474414499999999e-12,511145.65424722224,360
2024-10-23 18:00:00+00:00,Swarm_B,1.079435106361111e-12,1.0762061e-12,511753.568175,360
2024-10-23 21:00:00+00:00,Swarm_B,1.0895976496944444e-12,1.0759636e-12,511884.52070555557,360
2024-10-24 00:00:00+00:00,Swarm_B,1.1194112179444445e-12,1.1276225499999999e-12,511635.43682222225,360
2024-10-24 03:00:00+00:00,Swarm_B,1.1571902694722222e-12,1.0860988000000001e-12,511495.4588555555,360
2024-10-24 06:00:00+00:00,Swarm_B,1.275403848611111e-12,1.2572972e-12,511730.34455,360
2024-10-24 09:00:00+00:00,Swarm_B,1.2560027794444443e-12,1.2449614e-12,511881.4118166667,360
2024-10-24 12:00:00+00:00,Swarm_B,1.2528856758333334e-12,1.2383384e-12,511557.78472222225,360
2024-10-24 15:00:00+00:00,Swarm_B,1.2014296157777777e-12,1.1512140999999998e-12,510839.82757499994,360
2024-10-24 18:00:00+00:00,Swarm_B,1.1353572752777778e-12,1.07023325e-12,510446.1963861111,360
2024-10-24 21:00:00+00:00,Swarm_B,1.1365144451666667e-12,1.1120625e-12,510875.9473611111,360
2024-10-25 00:00:00+00:00,Swarm_B,1.1171362475555556e-12,1.1083822999999999e-12,511670.3628888889,360
2024-10-25 03:00:00+00:00,Swarm_B,1.1001044880555555e-12,1.03441925e-12,511900.03739722224,360
2024-10-25 06:00:00+00:00,Swarm_B,1.0909653367500001e-12,1.05993855e-12,511586.6762138889,360
2024-10-25 09:00:00+00:00,Swarm_B,1.0768464129444445e-12,1.0903638e-12,511387.20345000003,360
2024-10-25 12:00:00+00:00,Swarm_B,1.0832015269166667e-12,1.0617789000000001e-12,511650.23237222224,360
2024-10-25 15:00:00+00:00,Swarm_B,1.082677350111111e-12,1.065415e-12,511902.3550222222,360
2024-10-25 18:00:00+00:00,Swarm_B,1.0584049787777777e-12,1.0325834e-12,511539.96335,360
2024-10-25 21:00:00+00:00,Swarm_B,1.0835593740277778e-12,1.0541139e-12,510794.1439333334,360
2024-10-26 00:00:00+00:00,Swarm_B,1.1048767038333334e-12,1.06299125e-12,510463.9746472222,360
2024-10-26 03:00:00+00:00,Swarm_B,1.1139633462777779e-12,1.0654562e-12,510812.28090833337,360
2024-10-26 06:00:00+00:00,Swarm_B,1.1591441840555555e-12,1.1267281000000001e-12,511453.03880555555,360
2024-10-26 09:00:00+00:00,Swarm_B,1.2539209165555556e-12,1.2768497e-12,511796.56910555554,360
2024-10-26 12:00:00+00:00,Swarm_B,1.3646265005555554e-12,1.37040175e-12,511633.24218055554,360
2024-10-26 15:00:00+00:00,Swarm_B,1.4545994152777779e-12,1.4703747e-12,511380.67878055555,360
2024-10-26 18:00:00+00:00,Swarm_B,1.593930387222222e-12,1.6076368e-12,511496.46181111113,360
2024-10-26 21:00:00+00:00,Swarm_B,1.6615330594444445e-12,1.634377e-12,511764.65962777776,360
2024-10-27 00:00:00+00:00,Swarm_B,1.7071414497222222e-12,1.6780192500000001e-12,511621.87049166666,360
2024-10-27 03:00:00+00:00,Swarm_B,1.6696689427777777e-12,1.61565165e-12,510936.8129166667,360
2024-10-27 06:00:00+00:00,Swarm_B,1.6001808027777777e-12,1.54375755e-12,510346.1111583333,360
2024-10-27 09:00:00+00:00,Swarm_B,1.549348509722222e-12,1.55565505e-12,510545.4596805556,360
2024-10-27 12:00:00+00:00,Swarm_B,1.5436244050000002e-12,1.5300651000000002e-12,511353.31725,360
2024-10-27 15:00:00+00:00,Swarm_B,1.560483497777778e-12,1.54033245e-12,511773.06512499996,360
2024-10-27 18:00:00+00:00,Swarm_B,1.5415479394444444e-12,1.5260977e-12,511561.03452499997,360
2024-10-27 21:00:00+00:00,Swarm_B,1.5395698738888888e-12,1.4987773499999999e-12,511270.0766555555,360
2024-10-28 00:00:00+00:00,Swarm_B,1.4929310641666667e-12,1.46113095e-12,511402.38879166666,360
2024-10-28 03:00:00+00:00,Swarm_B,1.4528568352777778e-12,1.44033385e-12,511727.86853611114,360
2024-10-28 06:00:00+00:00,Swarm_B,1.6207694925e-12,1.64543425e-12,511584.82739999995,360
2024-10-28 09:00:00+00:00,Swarm_B,1.6142454636111113e-12,1.59787745e-12,510877.0976361111,360
2024-10-28 12:00:00+00:00,Swarm_B,1.6669834644444443e-12,1.68978015e-12,510385.6495666667,360
2024-10-28 15:00:00+00:00,Swarm_B,1.6445757683333332e-12,1.5588910999999999e-12,510476.9304305556,360
2024-10-28 18:00:00+00:00,Swarm_B,1.5629244983333332e-12,1.54643125e-12,511096.8770166667,360
2024-10-28 21:00:00+00:00,Swarm_B,1.5697064497222224e-12,1.5389724e-12,511605.62258055556,360
2024-10-29 00:00:00+00:00,Swarm_B,1.5471290197222223e-12,1.5179716e-12,511589.79184444447,360
2024-10-29 03:00:00+00:00,Swarm_B,1.5399022891666668e-12,1.5054195e-12,511252.90962777776,360
2024-10-29 06:00:00+00:00,Swarm_B,1.5713154127777778e-12,1.57300105e-12,511256.10353888886,360
2024-10-29 09:00:00+00:00,Swarm_B,1.5200745369444444e-12,1.50450475e-12,511547.27706666663,360
2024-10-29 12:00:00+00:00,Swarm_B,1.4939975530555554e-12,1.5497885e-12,511617.6398472222,360
2024-10-29 15:00:00+00:00,Swarm_B,1.4960539758333333e-12,1.4700772000000001e-12,511002.6142583333,360
2024-10-29 18:00:00+00:00,Swarm_B,1.5350353866666669e-12,1.501272e-12,510269.82686944446,360
2024-10-29 21:00:00+00:00,Swarm_B,1.5751214369444445e-12,1.5671859e-12,510244.03508611117,360
2024-10-30 00:00:00+00:00,Swarm_B,1.5932337877777778e-12,1.5881450499999998e-12,510985.8235305555,360
2024-10-30 03:00:00+00:00,Swarm_B,1.6206011625e-12,1.5894267e-12,511532.6618055556,360
2024-10-30 06:00:00+00:00,Swarm_B,1.6314991475e-12,1.6350777e-12,511489.7954055555,360
2024-10-30 09:00:00+00:00,Swarm_B,1.7125328619444444e-12,1.70864435e-12,511180.03494166664,360
2024-10-30 12:00:00+00:00,Swarm_B,1.721580351388889e-12,1.7318236e-12,511182.17901111115,360
2024-10-30 15:00:00+00:00,Swarm_B,1.6824086574999999e-12,1.6829526500000001e-12,511463.96354722226,360
2024-10-30 18:00:00+00:00,Swarm_B,1.624001813888889e-12,1.61858705e-12,511490.651175,360
2024-10-30 21:00:00+00:00,Swarm_B,1.5986663616666666e-12,1.6189631e-12,510966.2569277777,360
2024-10-31 00:00:00+00:00,Swarm_B,1.6120685047222224e-12,1.6189402e-12,510349.06490833336,360
2024-10-31 03:00:00+00:00,Swarm_B,1.6100773755555556e-12,1.575345e-12,510186.4114472222,360
2024-10-31 06:00:00+00:00,Swarm_B,1.6020496563888888e-12,1.6024261e-12,510676.5251611111,360
2024-10-31 09:00:00+00:00,Swarm_B,1.5848978952777778e-12,1.64880655e-12,511338.32310277777,360
2024-10-31 12:00:00+00:00,Swarm_B,1.6212958652777777e-12,1.6775889500000001e-12,511506.6482805556,360
2024-10-31 15:00:00+00:00,Swarm_B,1.6130901505555554e-12,1.6315129e-12,511176.00395,360
2024-10-31 18:00:00+00:00,Swarm_B,1.5842841197222223e-12,1.63162645e-12,511015.37638055556,360
2024-10-31 21:00:00+00:00,Swarm_B,1.6635451030555556e-12,1.66790765e-12,511289.2988305555,360
2024-11-01 00:00:00+00:00,Swarm_B,1.7150858230555556e-12,1.723961e-12,511494.14988333336,360
2024-11-01 03:00:00+00:00,Swarm_B,1.7770944994444446e-12,1.78140205e-12,511084.31440277776,360
2024-11-01 06:00:00+00:00,Swarm_B,1.7145717258333332e-12,1.7181907e-12,510288.99458888883,360
2024-11-01 09:00:00+00:00,Swarm_B,1.694232045e-12,1.6956158e-12,509986.18968055554,360
2024-11-01 12:00:00+00:00,Swarm_B,1.7160709005555557e-12,1.7498476500000001e-12,510559.67070555553,360
2024-11-01 15:00:00+00:00,Swarm_B,1.6769414605555556e-12,1.68647815e-12,511224.6935666666,360
2024-11-01 18:00:00+00:00,Swarm_B,1.6020280205555556e-12,1.6087768000000001e-12,511387.64563888893,360
2024-11-01 21:00:00+00:00,Swarm_B,1.5294982372222223e-12,1.5504271499999999e-12,511112.5465361111,360
2024-11-02 00:00:00+00:00,Swarm_B,1.5053014805555557e-12,1.5123205e-12,510960.4626388889,360
2024-11-02 03:00:00+00:00,Swarm_B,1.5024835724999998e-12,1.4979202499999999e-12,511191.34748888883,360
2024-11-02 06:00:00+00:00,Swarm_B,1.5335485630555556e-12,1.53355135e-12,511391.4288666666,360
2024-11-02 09:00:00+00:00,Swarm_B,1.6977495205555556e-12,1.6921789e-12,511039.94283888885,360
2024-11-02 12:00:00+00:00,Swarm_B,1.867800820277778e-12,1.86160535e-12,510412.41726666666,360
2024-11-02 15:00:00+00:00,Swarm_B,1.9609169283333334e-12,1.94539805e-12,509966.9967444445,360
2024-11-02 18:00:00+00:00,Swarm_B,1.924350968611111e-12,1.93064595e-12,510269.4771,360
2024-11-02 21:00:00+00:00,Swarm_B,1.9180041169444443e-12,1.9285683e-12,510990.51737777784,360
2024-11-03 00:00:00+00:00,Swarm_B,1.9143497288888887e-12,1.92618645e-12,511389.25155,360
2024-11-03 03:00:00+00:00,Swarm_B,1.8825765466666668e-12,1.89570315e-12,511102.68295833335,360
2024-11-03 06:00:00+00:00,Swarm_B,1.7483775822222223e-12,1.7269675e-12,510838.9877388889,360
2024-11-03 09:00:00+00:00,Swarm_B,1.6678827022222222e-12,1.6937444000000001e-12,511010.580825,360
2024-11-03 12:00:00+00:00,Swarm_B,1.629028443888889e-12,1.66018715e-12,511360.14446111117,360
2024-11-03 15:00:00+00:00,Swarm_B,1.5602294330555555e-12,1.5896277499999999e-12,511105.4431111111,360
2024-11-03 18:00:00+00:00,Swarm_B,1.589232906111111e-12,1.57220165e-12,510337.7619666667,360
2024-11-03 21:00:00+00:00,Swarm_B,1.6080506091666667e-12,1.5980636e-12,509843.6507972222,360
2024-11-04 00:00:00+00:00,Swarm_B,1.6109632833333332e-12,1.63301365e-12,510188.68584166665,360
2024-11-04 03:00:00+00:00,Swarm_B,1.719632242777778e-12,1.7334804499999999e-12,510836.0993777778,360
2024-11-04 06:00:00+00:00,Swarm_B,1.7434533788888888e-12,1.752327e-12,511204.8164111111,360
2024-11-04 09:00:00+00:00,Swarm_B,1.7490114938888889e-12,1.7665217e-12,511075.12404722226,360
2024-11-04 12:00:00+00:00,Swarm_B,1.6943430466666667e-12,1.7257153e-12,510839.27262500004,360
2024-11-04 15:00:00+00:00,Swarm_B,1.6274126308333333e-12,1.6265087e-12,510902.0420555555,360
2024-11-04 18:00:00+00:00,Swarm_B,1.5119079475e-12,1.5478878000000001e-12,511151.4509861111,360
2024-11-04 21:00:00+00:00,Swarm_B,1.4614367619444444e-12,1.47562895e-12,511062.6455805556,360
2024-11-05 00:00:00+00:00,Swarm_B,1.4584392622222224e-12,1.451382e-12,510487.95410000003,360
2024-11-05 03:00:00+00:00,Swarm_B,1.4452068227777777e-12,1.44042165e-12,509866.3605972222,360
2024-11-05 06:00:00+00:00,Swarm_B,1.4563750761111113e-12,1.4350428e-12,509895.2663361111,360
2024-11-05 09:00:00+00:00,Swarm_B,1.4562324475e-12,1.4589192e-12,510588.7726777778,360
2024-11-05 12:00:00+00:00,Swarm_B,1.5552878316666667e-12,1.5538105500000001e-12,511183.95623055554,360
2024-11-05 15:00:00+00:00,Swarm_B,1.6041388680555554e-12,1.58201815e-12,511078.24548333336,360
2024-11-05 18:00:00+00:00,Swarm_B,1.5855016955555556e-12,1.5819291e-12,510718.88338333333,360
2024-11-05 21:00:00+00:00,Swarm_B,1.5925115969444445e-12,1.5927286e-12,510743.10381388885,360
2024-11-06 00:00:00+00:00,Swarm_B,1.6126255241666666e-12,1.60678105e-12,511087.6110444445,360
2024-11-06 03:00:00+00:00,Swarm_B,1.6807037566666666e-12,1.66484395e-12,511100.4862305556,360
2024-11-06 06:00:00+00:00,Swarm_B,1.6517297213888888e-12,1.6427137e-12,510464.15556388884,360
2024-11-06 09:00:00+00:00,Swarm_B,1.6587276591666667e-12,1.6570941500000001e-12,509772.7999222222,360
2024-11-06 12:00:00+00:00,Swarm_B,1.6201723497222223e-12,1.6616723499999999e-12,509840.7778694444,360
2024-11-06 15:00:00+00:00,Swarm_B,1.5702213372222223e-12,1.6024652e-12,510413.3647805556,360
2024-11-06 18:00:00+00:00,Swarm_B,1.4859365097222221e-12,1.5007225e-12,510970.0082833333,360
2024-11-06 21:00:00+00:00,Swarm_B,1.4301823725e-12,1.43728155e-12,511008.71995555557,360
2024-11-07 00:00:00+00:00,Swarm_B,1.3867804955555555e-12,1.39129635e-12,510736.5593722223,360
2024-11-07 03:00:00+00:00,Swarm_B,1.3871396952777777e-12,1.41142765e-12,510651.59344722226,360
2024-11-07 06:00:00+00:00,Swarm_B,1.4044018497222222e-12,1.38376075e-12,510923.75737222226,360
2024-11-07 09:00:00+00:00,Swarm_B,1.4249301430555554e-12,1.397078e-12,511014.06701666664,360
2024-11-07 12:00:00+00:00,Swarm_B,1.3961338695833332e-12,1.4635897e-12,510621.86973333335,360
2024-11-07 15:00:00+00:00,Swarm_B,1.4289123680555554e-12,1.3937373000000001e-12,509852.2261555556,360
2024-11-07 18:00:00+00:00,Swarm_B,1.4139624005555557e-12,1.350878e-12,509606.6690388889,360
2024-11-07 21:00:00+00:00,Swarm_B,1.4751249652777778e-12,1.4223829e-12,510162.58814722224,360
2024-11-08 00:00:00+00:00,Swarm_B,1.4471394730555556e-12,1.4345545e-12,510914.6660805556,360
2024-11-08 03:00:00+00:00,Swarm_B,1.401832774722222e-12,1.3709855e-12,510989.5390361111,360
2024-11-08 06:00:00+00:00,Swarm_B,1.3572649169444445e-12,1.35127245e-12,510667.71451944445,360
2024-11-08 09:00:00+00:00,Swarm_B,1.3007012146944445e-12,1.2821619000000001e-12,510547.0942805556,360
2024-11-08 12:00:00+00:00,Swarm_B,1.3651968533333334e-12,1.3267073e-12,510862.8050611111,360
2024-11-08 15:00:00+00:00,Swarm_B,1.3740098811111113e-12,1.3523357999999999e-12,511004.12974444445,360
2024-11-08 18:00:00+00:00,Swarm_B,1.433082758611111e-12,1.4607192499999998e-12,510571.199375,360
2024-11-08 21:00:00+00:00,Swarm_B,1.4877257247222221e-12,1.4547705000000002e-12,509869.9330916666,360
2024-11-09 00:00:00+00:00,Swarm_B,1.6694029486111113e-12,1.70012445e-12,509632.4128944444,360
2024-11-09 03:00:00+00:00,Swarm_B,1.7247996566666667e-12,1.7789827500000001e-12,509986.903575,360
2024-11-09 06:00:00+00:00,Swarm_B,1.8043732758333334e-12,1.81858045e-12,510633.38964999997,360
2024-11-09 09:00:00+00:00,Swarm_B,1.8305220805555556e-12,1.8416449e-12,510940.47552777774,360
2024-11-09 12:00:00+00:00,Swarm_B,1.840357065833333e-12,1.8146826e-12,510729.8668472222,360
2024-11-09 15:00:00+00:00,Swarm_B,1.8219831261111112e-12,1.8112906e-12,510475.9161388889,360
2024-11-09 18:00:00+00:00,Swarm_B,1.7672320791666668e-12,1.75561965e-12,510626.0001694444,360
2024-11-09 21:00:00+00:00,Swarm_B,1.6348460252777778e-12,1.6207198499999999e-12,510902.3975888889,360
2024-11-10 00:00:00+00:00,Swarm_B,1.4853218716666668e-12,1.4937336e-12,510702.84258888883,360
2024-11-10 03:00:00+00:00,Swarm_B,1.410100712222222e-12,1.4097646e-12,509960.88511944446,360
2024-11-10 06:00:00+00:00,Swarm_B,1.3352578344444446e-12,1.2962919e-12,509436.2223166667,360
2024-11-10 09:00:00+00:00,Swarm_B,1.2931615930555556e-12,1.29318205e-12,509753.71047222224,360
2024-11-10 12:00:00+00:00,Swarm_B,1.2997734527777777e-12,1.29531395e-12,510544.1958388889,360
2024-11-10 15:00:00+00:00,Swarm_B,1.4047027736111113e-12,1.3801014500000002e-12,510883.84821111115,360
2024-11-10 18:00:00+00:00,Swarm_B,1.4434976188888889e-12,1.42881065e-12,510649.7792638889,360
2024-11-10 21:00:00+00:00,Swarm_B,1.4334935769444446e-12,1.3882401e-12,510394.12639444444,360
2024-11-11 00:00:00+00:00,Swarm_B,1.3589582230555555e-12,1.3011197e-12,510550.3356194445,360
2024-11-11 03:00:00+00:00,Swarm_B,1.2136291204444444e-12,1.20328895e-12,510840.2041305555,360
2024-11-11 06:00:00+00:00,Swarm_B,1.0998855831388889e-12,1.05547545e-12,510659.31219722226,360
2024-11-11 09:00:00+00:00,Swarm_B,1.099595015138889e-12,1.06547535e-12,509976.42438611115,360
2024-11-11 12:00:00+00:00,Swarm_B,1.0946336766111112e-12,1.0386099500000001e-12,509517.36360555555,360
2024-11-11 15:00:00+00:00,Swarm_B,1.0850505320555556e-12,1.0309163e-12,509602.52348055557,360
2024-11-11 18:00:00+00:00,Swarm_B,1.025000643e-12,9.941850099999999e-13,510252.6850083333,360
2024-11-11 21:00:00+00:00,Swarm_B,9.9842505325e-13,9.46819955e-13,510766.2973083333,360
2024-11-12 00:00:00+00:00,Swarm_B,9.919590742777776e-13,9.5643398e-13,510721.3864805555,360
2024-11-12 03:00:00+00:00,Swarm_B,9.535427647222221e-13,9.1408547e-13,510367.0206527778,360
2024-11-12 06:00:00+00:00,Swarm_B,9.475604137222223e-13,8.9463224e-13,510394.6164833334,360
2024-11-12 09:00:00+00:00,Swarm_B,9.266599824166666e-13,9.266835550000001e-13,510704.4875805556,360
2024-11-12 12:00:00+00:00,Swarm_B,9.345257958333332e-13,8.9167985e-13,510768.0707166667,360
2024-11-12 15:00:00+00:00,Swarm_B,9.243798075e-13,8.55775505e-13,510103.77471388894,360
2024-11-12 18:00:00+00:00,Swarm_B,8.876821250277778e-13,8.55027945e-13,509405.70246388885,360
2024-11-12 21:00:00+00:00,Swarm_B,8.631146040555555e-13,8.25916445e-13,509440.89590833336,360
2024-11-13 00:00:00+00:00,Swarm_B,8.9457627025e-13,8.5488783e-13,510165.0766222222,360
2024-11-13 03:00:00+00:00,Swarm_B,8.800543106388889e-13,8.2273583e-13,510670.23308888887,360
2024-11-13 06:00:00+00:00,Swarm_B,8.656721960555556e-13,7.785497e-13,510652.56915,360
2024-11-13 09:00:00+00:00,Swarm_B,8.665335276944444e-13,8.1505144e-13,510372.39319166663,360
2024-11-13 12:00:00+00:00,Swarm_B,9.09988297888889e-13,8.2314774e-13,510371.0625555556,360
2024-11-13 15:00:00+00:00,Swarm_B,9.351775906666666e-13,9.102433800000001e-13,510623.41619444446,360
2024-11-13 18:00:00+00:00,Swarm_B,8.863076210277779e-13,8.59602695e-13,510672.2949555555,360
2024-11-13 21:00:00+00:00,Swarm_B,8.490865735833333e-13,8.3094662e-13,510205.5337888889,360
2024-11-14 00:00:00+00:00,Swarm_B,8.227264890277777e-13,7.789769849999999e-13,509579.31581388885,360
2024-11-14 03:00:00+00:00,Swarm_B,8.324808401666667e-13,8.1517218e-13,509351.85500000004,360
2024-11-14 06:00:00+00:00,Swarm_B,8.059974195555556e-13,7.62158585e-13,509850.5397916666,360
2024-11-14 09:00:00+00:00,Swarm_B,8.077862228611111e-13,7.835775449999999e-13,510562.1272083333,360
2024-11-14 12:00:00+00:00,Swarm_B,8.557332108888889e-13,7.5420449e-13,510734.54230833333,360
2024-11-14 15:00:00+00:00,Swarm_B,9.237955285555555e-13,8.92212585e-13,510388.8077361111,360
2024-11-14 18:00:00+00:00,Swarm_B,9.694250593055555e-13,9.69775135e-13,510224.96447777783,360
2024-11-14 21:00:00+00:00,Swarm_B,9.652088238888888e-13,9.5312803e-13,510515.45188611106,360
2024-11-15 00:00:00+00:00,Swarm_B,9.425885778333334e-13,9.1455703e-13,510743.8268472222,360
2024-11-15 03:00:00+00:00,Swarm_B,9.427711305000001e-13,9.1950668e-13,510329.04057222226,360
2024-11-15 06:00:00+00:00,Swarm_B,9.098964178888888e-13,8.6663741e-13,509546.14005833335,360
2024-11-15 09:00:00+00:00,Swarm_B,8.814880031944445e-13,8.0672778e-13,509266.3979666667,360
2024-11-15 12:00:00+00:00,Swarm_B,8.714695967777778e-13,8.3633898e-13,509772.99076666665,360
2024-11-15 15:00:00+00:00,Swarm_B,9.177604343333335e-13,9.164288500000001e-13,510416.81943055557,360
2024-11-15 18:00:00+00:00,Swarm_B,9.191078649166666e-13,8.492606650000001e-13,510641.0829277778,360
2024-11-15 21:00:00+00:00,Swarm_B,9.254106820277778e-13,9.06223265e-13,510410.65087777784,360
2024-11-16 00:00:00+00:00,Swarm_B,9.35619219138889e-13,9.25136455e-13,510228.8521444445,360
2024-11-16 03:00:00+00:00,Swarm_B,9.043869696666667e-13,8.38527965e-13,510414.5354444444,360
2024-11-16 06:00:00+00:00,Swarm_B,8.770301556944445e-13,8.0556872e-13,510638.868525,360
2024-11-16 09:00:00+00:00,Swarm_B,8.1433398875e-13,7.96235085e-13,510387.9658,360
2024-11-16 12:00:00+00:00,Swarm_B,7.733534183888888e-13,7.39322925e-13,509752.2053833333,360
2024-11-16 15:00:00+00:00,Swarm_B,7.109212011111111e-13,6.555713899999999e-13,509224.7230861111,360
2024-11-16 18:00:00+00:00,Swarm_B,6.482093701666667e-13,5.897753000000001e-13,509492.30488888884,360
2024-11-16 21:00:00+00:00,Swarm_B,6.172681954444445e-13,5.6815038e-13,510260.3148305555,360
2024-11-17 00:00:00+00:00,Swarm_B,6.207845355277778e-13,5.63484205e-13,510686.38555,360
2024-11-17 03:00:00+00:00,Swarm_B,6.396148854166666e-13,5.84337535e-13,510428.2057666667,360
2024-11-17 06:00:00+00:00,Swarm_B,6.458673056388888e-13,5.7952215e-13,510152.9753916667,360
2024-11-17 09:00:00+00:00,Swarm_B,6.627918621111111e-13,6.117460149999999e-13,510307.82828055555,360
2024-11-17 12:00:00+00:00,Swarm_B,7.140604801944444e-13,6.587411049999999e-13,510655.66105833335,360
2024-11-17 15:00:00+00:00,Swarm_B,7.047379463055556e-13,6.17759235e-13,510450.1185555556,360
2024-11-17 18:00:00+00:00,Swarm_B,7.153464110277777e-13,6.7916526e-13,509736.46246111114,360
2024-11-17 21:00:00+00:00,Swarm_B,7.138877778611111e-13,6.2567515e-13,509239.21864166664,360
2024-11-18 00:00:00+00:00,Swarm_B,6.827869394166668e-13,5.97039505e-13,509457.8275472222,360
2024-11-18 03:00:00+00:00,Swarm_B,6.959354421666667e-13,6.38214805e-13,510058.9941833333,360
2024-11-18 06:00:00+00:00,Swarm_B,6.685130625833334e-13,5.7149161e-13,510523.31262499996,360
2024-11-18 09:00:00+00:00,Swarm_B,6.980223088055556e-13,6.5116101e-13,510487.5172805555,360
2024-11-18 12:00:00+00:00,Swarm_B,7.323186545555555e-13,6.64423035e-13,510209.76807777776,360
2024-11-18 15:00:00+00:00,Swarm_B,7.675673789722222e-13,7.07306465e-13,510197.7941361111,360
2024-11-18 18:00:00+00:00,Swarm_B,7.742912989722222e-13,6.707268900000001e-13,510473.570525,360
2024-11-18 21:00:00+00:00,Swarm_B,7.742016774722223e-13,7.08272035e-13,510506.19380277774,360
2024-11-19 00:00:00+00:00,Swarm_B,7.731595046111111e-13,6.832471499999999e-13,509975.03496666666,360
2024-11-19 03:00:00+00:00,Swarm_B,7.669323003055557e-13,6.83794265e-13,509259.0885333334,360
2024-11-19 06:00:00+00:00,Swarm_B,7.610816561666667e-13,6.3870889e-13,509193.581625,360
2024-11-19 09:00:00+00:00,Swarm_B,7.759454388611111e-13,6.8588425e-13,509894.46273055556,360
2024-11-19 12:00:00+00:00,Swarm_B,8.86230066138889e-13,8.4524753e-13,510527.16166111117,360
2024-11-19 15:00:00+00:00,Swarm_B,9.8116564e-13,9.52937975e-13,510485.3403916667,360
2024-11-19 18:00:00+00:00,Swarm_B,9.684817389166667e-13,8.70113495e-13,510142.37121111114,360
2024-11-19 21:00:00+00:00,Swarm_B,9.634332013333333e-13,8.86024315e-13,510121.56568611116,360
2024-11-20 00:00:00+00:00,Swarm_B,9.485447569722222e-13,8.379088850000001e-13,510453.2853222222,360
2024-11-20 03:00:00+00:00,Swarm_B,9.291306879722223e-13,8.1309806e-13,510529.2082222222,360
2024-11-20 06:00:00+00:00,Swarm_B,9.337979415277778e-13,8.42002035e-13,509985.9387055555,360
2024-11-20 09:00:00+00:00,Swarm_B,9.3855885325e-13,8.591136300000001e-13,509327.0807055555,360
2024-11-20 12:00:00+00:00,Swarm_B,9.417210485277778e-13,9.015728899999999e-13,509203.54222777777,360
2024-11-20 15:00:00+00:00,Swarm_B,9.344973627777778e-13,8.72629575e-13,509670.13766111113,360
2024-11-20 18:00:00+00:00,Swarm_B,8.678236591944445e-13,7.72042525e-13,510310.64262777776,360
2024-11-20 21:00:00+00:00,Swarm_B,8.909349096666666e-13,7.84572615e-13,510502.12096944446,360
2024-11-21 00:00:00+00:00,Swarm_B,8.769399662777779e-13,7.73446725e-13,510215.7057527778,360
2024-11-21 03:00:00+00:00,Swarm_B,8.626317975833334e-13,7.2038574e-13,510046.71983055555,360
2024-11-21 06:00:00+00:00,Swarm_B,9.171910634166666e-13,8.1507916e-13,510286.8566194444,360
2024-11-21 09:00:00+00:00,Swarm_B,9.126349398055555e-13,8.295174149999999e-13,510518.3261,360
2024-11-21 12:00:00+00:00,Swarm_B,9.657415705555555e-13,9.1290582e-13,510188.3782694444,360
2024-11-21 15:00:00+00:00,Swarm_B,9.6221759925e-13,8.81755305e-13,509379.8057805555,360
2024-11-21 18:00:00+00:00,Swarm_B,9.417221942777778e-13,8.79950175e-13,509018.3754972222,360
2024-11-21 21:00:00+00:00,Swarm_B,9.999355985555556e-13,9.18472475e-13,509519.8752694444,360
2024-11-22 00:00:00+00:00,Swarm_B,9.776568752222223e-13,8.038036249999999e-13,510250.30079444445,360
2024-11-22 03:00:00+00:00,Swarm_B,9.824720773333333e-13,9.0403325e-13,510442.14742777776,360
2024-11-22 06:00:00+00:00,Swarm_B,9.869411662222222e-13,8.6973364e-13,510186.3167277778,360
2024-11-22 09:00:00+00:00,Swarm_B,1.0016968722222222e-12,9.10488635e-13,510023.23524999997,360
2024-11-22 12:00:00+00:00,Swarm_B,1.0415518592222221e-12,9.66899695e-13,510238.98298333335,360
2024-11-22 15:00:00+00:00,Swarm_B,1.1057521115555556e-12,1.0293589e-12,510434.3866138889,360
2024-11-22 18:00:00+00:00,Swarm_B,1.1402400215277777e-12,1.03592405e-12,510152.27155833336,360
2024-11-22 21:00:00+00:00,Swarm_B,1.1836144942777778e-12,1.0905440499999998e-12,509524.85260555556,360
2024-11-23 00:00:00+00:00,Swarm_B,1.1418682589722222e-12,9.780944199999998e-13,509098.30641666666,360
2024-11-23 03:00:00+00:00,Swarm_B,1.077876400888889e-12,9.30619755e-13,509282.4451472222,360
2024-11-23 06:00:00+00:00,Swarm_B,1.035797805611111e-12,9.24835265e-13,509955.6142055555,360
2024-11-23 09:00:00+00:00,Swarm_B,1.0323609814444444e-12,9.26774145e-13,510442.5903944444,360
2024-11-23 12:00:00+00:00,Swarm_B,1.1042484058333334e-12,9.96981905e-13,510279.4673805556,360
2024-11-23 15:00:00+00:00,Swarm_B,1.0798855580555556e-12,9.723928949999999e-13,509947.1402388889,360
2024-11-23 18:00:00+00:00,Swarm_B,1.1121834103333332e-12,1.05873595e-12,510027.708025,360
2024-11-23 21:00:00+00:00,Swarm_B,1.1703830813888889e-12,1.11449535e-12,510373.1869555555,360
2024-11-24 00:00:00+00:00,Swarm_B,1.1562746934166666e-12,1.0310694e-12,510305.2516638889,360
2024-11-24 03:00:00+00:00,Swarm_B,1.1501387141944446e-12,1.03629345e-12,509592.1775666667,360
2024-11-24 06:00:00+00:00,Swarm_B,1.0857689225e-12,9.148841000000002e-13,508948.8525444445,360
2024-11-24 09:00:00+00:00,Swarm_B,1.0773266568055557e-12,9.9346603e-13,509149.75225277775,360
2024-11-24 12:00:00+00:00,Swarm_B,1.083059223361111e-12,9.738445e-13,509856.0301166667,360
2024-11-24 15:00:00+00:00,Swarm_B,1.0812641986666666e-12,1.0300164e-12,510306.1492222222,360
2024-11-24 18:00:00+00:00,Swarm_B,1.08969235075e-12,9.41192215e-13,510210.95794999995,360
2024-11-24 21:00:00+00:00,Swarm_B,1.1758227555000001e-12,1.13263775e-12,509942.39696944447,360
2024-11-25 00:00:00+00:00,Swarm_B,1.3099235611111112e-12,1.25767805e-12,509974.0970444444,360
2024-11-25 03:00:00+00:00,Swarm_B,1.3135729789722224e-12,1.09743685e-12,510256.6594055556,360
2024-11-25 06:00:00+00:00,Swarm_B,1.3070373581666667e-12,1.18675325e-12,510231.90259722224,360
2024-11-25 09:00:00+00:00,Swarm_B,1.2724922605e-12,1.1522391e-12,509721.6626777778,360
2024-11-25 12:00:00+00:00,Swarm_B,1.2995239250555553e-12,1.1966068499999999e-12,509088.89785,360
2024-11-25 15:00:00+00:00,Swarm_B,1.3145913743611112e-12,1.1804212e-12,508946.3970694444,360
2024-11-25 18:00:00+00:00,Swarm_B,1.2572932874722223e-12,1.182524e-12,509532.777725,360
2024-11-25 21:00:00+00:00,Swarm_B,1.2909515160277778e-12,1.0959276e-12,510218.14834722225,360
2024-11-26 00:00:00+00:00,Swarm_B,1.2888842645e-12,1.1142653e-12,510266.6199972222,360
2024-11-26 03:00:00+00:00,Swarm_B,1.2911587729722223e-12,1.05860785e-12,509909.231025,360
2024-11-26 06:00:00+00:00,Swarm_B,1.2488883021666667e-12,1.1000531000000001e-12,509822.1940555556,360
2024-11-26 09:00:00+00:00,Swarm_B,1.2044497152777777e-12,1.0844295e-12,510154.2945611111,360
2024-11-26 12:00:00+00:00,Swarm_B,1.2174453728333335e-12,1.0741124e-12,510304.8237388889,360
2024-11-26 15:00:00+00:00,Swarm_B,1.182168875888889e-12,1.0497032500000001e-12,509776.19259166665,360
2024-11-26 18:00:00+00:00,Swarm_B,1.1778663563888888e-12,1.0660725e-12,509036.3955194444,360
2024-11-26 21:00:00+00:00,Swarm_B,1.2082902129722222e-12,9.969609450000001e-13,508895.9558166667,360
2024-11-27 00:00:00+00:00,Swarm_B,1.1789443691944443e-12,9.775146999999998e-13,509406.6376027778,360
2024-11-27 03:00:00+00:00,Swarm_B,1.1934632690000001e-12,1.0177258e-12,510002.76759722224,360
2024-11-27 06:00:00+00:00,Swarm_B,1.1973905478333334e-12,1.06422615e-12,510184.4654333333,360
2024-11-27 09:00:00+00:00,Swarm_B,1.2245522150277777e-12,1.0165088999999998e-12,509962.6210194444,360
2024-11-27 12:00:00+00:00,Swarm_B,1.277417689111111e-12,1.1791758999999999e-12,509796.7912555555,360
2024-11-27 15:00:00+00:00,Swarm_B,1.2523050930277778e-12,1.1061389000000001e-12,509979.8860861111,360
2024-11-27 18:00:00+00:00,Swarm_B,1.2813276040555557e-12,1.12123425e-12,510177.8137361111,360
2024-11-27 21:00:00+00:00,Swarm_B,1.3338927301944445e-12,1.24357145e-12,509921.45214722224,360
2024-11-28 00:00:00+00:00,Swarm_B,1.3465669692777778e-12,1.15266915e-12,509226.9782,360
2024-11-28 03:00:00+00:00,Swarm_B,1.3390540115833334e-12,1.1266089e-12,508758.4972055555,360
2024-11-28 06:00:00+00:00,Swarm_B,1.270242945e-12,1.1034722e-12,509082.2833944444,360
2024-11-28 09:00:00+00:00,Swarm_B,1.2607852200555555e-12,1.09561625e-12,509888.7878583334,360
2024-11-28 12:00:00+00:00,Swarm_B,1.275480412e-12,1.1329188500000001e-12,510211.8686055556,360
2024-11-28 15:00:00+00:00,Swarm_B,1.2527200395555555e-12,1.0651039e-12,509931.387175,360
2024-11-28 18:00:00+00:00,Swarm_B,1.2768278287777778e-12,1.1384321e-12,509673.1739,360
2024-11-28 21:00:00+00:00,Swarm_B,1.3009484383611111e-12,1.1535522000000001e-12,509872.0245833333,360
2024-11-29 00:00:00+00:00,Swarm_B,1.3159240097499999e-12,1.1976937e-12,510180.3043638889,360
2024-11-29 03:00:00+00:00,Swarm_B,1.33876124425e-12,1.20139375e-12,509950.0150777778,360
2024-11-29 06:00:00+00:00,Swarm_B,1.3248941687777776e-12,1.1977549e-12,509205.6479,360
2024-11-29 09:00:00+00:00,Swarm_B,1.3931386526388888e-12,1.26845025e-12,508781.9168333333,360
2024-11-29 12:00:00+00:00,Swarm_B,1.3414189674722224e-12,1.16660645e-12,508986.0524,360
2024-11-29 15:00:00+00:00,Swarm_B,1.26485208475e-12,1.15840805e-12,509614.5705333333,360
2024-11-29 18:00:00+00:00,Swarm_B,1.2833774731944443e-12,1.1677552e-12,510051.126925,360
2024-11-29 21:00:00+00:00,Swarm_B,1.3208317979166666e-12,1.1673886e-12,509981.9710777778,360
2024-11-30 00:00:00+00:00,Swarm_B,1.4206786937499998e-12,1.25507655e-12,509672.81797499995,360
2024-11-30 03:00:00+00:00,Swarm_B,1.4848085730833335e-12,1.2955466000000001e-12,509713.2495888889,360
2024-11-30 06:00:00+00:00,Swarm_B,1.4378536212777778e-12,1.2812115e-12,509993.57896666665,360
2024-11-30 09:00:00+00:00,Swarm_B,1.392968333138889e-12,1.23477965e-12,510014.24193888885,360
2024-11-30 12:00:00+00:00,Swarm_B,1.3500188164722221e-12,1.218036e-12,509402.0030138889,360
2024-11-30 15:00:00+00:00,Swarm_B,1.28415278125e-12,1.0825917e-12,508695.7721333333,360
2024-11-30 18:00:00+00:00,Swarm_B,1.2704949795e-12,1.11675995e-12,508705.4883527778,360
2024-11-30 21:00:00+00:00,Swarm_B,1.2365863395555555e-12,1.07092205e-12,509448.3594305556,360
