COMMENT,ORIGINATOR,NORAD_CAT_ID,OBJECT_NAME,OBJECT_TYPE,CLASSIFICATION_TYPE,INTLDES,EPOCH,EPOCH_MICROSECONDS,MEAN_MOTION,ECCENTRICITY,INCLINATION,RA_OF_ASC_NODE,ARG_OF_PERICENTER,MEAN_ANOMALY,EPHEMERIS_TYPE,ELEMENT_SET_NO,REV_AT_EPOCH,BSTAR,MEAN_MOTION_DOT,MEAN_MOTION_DDOT,FILE,TLE_LINE0,TLE_LINE1,TLE_LINE2,OBJECT_ID,OBJECT_NUMBER,SEMIMAJOR_AXIS,PERIOD,APOGEE,PERIGEE,DECAYED,datetime
GENERATED VIA SPACETRACK.ORG API,18 SPCS,58341,NINJASAT,PAYLOAD,U,23174CP,2023/11/28 15:55,769664,15.15663121,0.00104,97.4799,45.3459,177.2905,182.8386,0,999,316,0.00089307,0.00016972,0,4111631,0 NINJASAT,1 58341U 23174CP  23332.66373576  .00016972  00000-0  89307-3 0  9999,2 58341  97.4799  45.3459 0010400 177.2905 182.8386 15.15663121  3161,2023-174CP,58341,6897.103,95.008,526.141,511.795,0,55:46.8
GENERATED VIA SPACETRACK.ORG API,18 SPCS,58341,NINJASAT,PAYLOAD,U,23174CP,2023/11/29 22:02,988096,15.15712755,0.0010414,97.4793,46.5809,173.2528,186.8846,0,999,335,0.0010187,0.00019402,0,4113697,0 NINJASAT,1 58341U 23174CP  23333.91809014  .00019402  00000-0  10187-2 0  9999,2 58341  97.4793  46.5809 0010414 173.2528 186.8846 15.15712755  3353,2023-174CP,58341,6896.953,95.005,526,511.635,0,02:03.0
GENERATED VIA SPACETRACK.ORG API,18 SPCS,58341,NINJASAT,PAYLOAD,U,23174CP,2023/11/30 18:37,351616,15.15740841,0.0010466,97.4788,47.426,170.7108,189.432,0,999,348,0.00095401,0.00018178,0,4115957,0 NINJASAT,1 58341U 23174CP  23334.77631194  .00018178  00000-0  95401-3 0  9998,2 58341  97.4788  47.4260 0010466 170.7108 189.4320 15.15740841  3488,2023-174CP,58341,6896.867,95.003,525.951,511.514,0,37:53.4
GENERATED VIA SPACETRACK.ORG API,18 SPCS,58341,NINJASAT,PAYLOAD,U,23174CP,2023/12/1 21:33,886912,15.15786283,0.0010528,97.4786,48.5311,167.2242,192.9259,0,999,365,0.0011845,0.00022628,0,4116981,0 NINJASAT,1 58341U 23174CP  23335.89857508  .00022628  00000-0  11845-2 0  9995,2 58341  97.4786  48.5311 0010528 167.2242 192.9259 15.15786283  3653,2023-174CP,58341,6896.73,95,525.855,511.334,0,33:56.9
GENERATED VIA SPACETRACK.ORG API,18 SPCS,58341,NINJASAT,PAYLOAD,U,23174CP,2023/12/2 11:49,775424,15.1583622,0.0010564,97.4786,49.116,165.2924,194.8618,0,999,374,0.0018986,0.0003643,0,4117552,0 NINJASAT,1 58341U 23174CP  23336.49269416  .00036430  00000-0  18986-2 0  9996,2 58341  97.4786  49.1160 0010564 165.2924 194.8618 15.15836220  3744,2023-174CP,58341,6896.578,94.997,525.729,511.157,0,49:28.8
GENERATED VIA SPACETRACK.ORG API,18 SPCS,58341,NINJASAT,PAYLOAD,U,23174CP,2023/12/3 13:10,895552,15.15857283,0.001063,97.4787,50.1561,161.3118,198.8507,0,999,390,0.00079185,0.00015121,0,4120389,0 NINJASAT,1 58341U 23174CP  23337.54888768  .00015121  00000-0  79185-3 0  9993,2 58341  97.4787  50.1561 0010630 161.3118 198.8507 15.15857283  3909,2023-174CP,58341,6896.514,94.996,525.71,511.048,0,10:23.9
GENERATED VIA SPACETRACK.ORG API,18 SPCS,58341,NINJASAT,PAYLOAD,U,23174CP,2023/12/4 12:56,842240,15.15883201,0.0010704,97.4788,51.1313,157.6919,202.4781,0,999,405,0.00072125,0.00013775,0,4122164,0 NINJASAT,1 58341U 23174CP  23338.53904910  .00013775  00000-0  72125-3 0  9991,2 58341  97.4788  51.1313 0010704 157.6919 202.4781 15.15883201  4057,2023-174CP,58341,6896.436,94.994,525.682,510.919,0,56:13.8
GENERATED VIA SPACETRACK.ORG API,18 SPCS,58341,NINJASAT,PAYLOAD,U,23174CP,2023/12/5 3:11,130112,15.15897547,0.0010763,97.4788,51.7163,155.5086,204.666,0,999,414,0.00065795,0.00012563,0,4122741,0 NINJASAT,1 58341U 23174CP  23339.13313808  .00012563  00000-0  65795-3 0  9997,2 58341  97.4788  51.7163 0010763 155.5086 204.6660 15.15897547  4141,2023-174CP,58341,6896.392,94.993,525.68,510.834,0,11:43.1
GENERATED VIA SPACETRACK.ORG API,18 SPCS,58341,NINJASAT,PAYLOAD,U,23174CP,2023/12/6 4:32,912960,15.15923436,0.001087,97.4787,52.7567,152.2432,207.9383,0,999,430,0.00060851,0.00011622,0,4124457,0 NINJASAT,1 58341U 23174CP  23340.18928140  .00011622  00000-0  60851-3 0  9998,2 58341  97.4787  52.7567 0010870 152.2432 207.9383 15.15923436  4300,2023-174CP,58341,6896.314,94.992,525.675,510.682,0,32:33.9
GENERATED VIA SPACETRACK.ORG API,18 SPCS,58341,NINJASAT,PAYLOAD,U,23174CP,2023/12/7 10:38,437536,15.15945817,0.0010898,97.4787,53.9921,148.681,211.5074,0,999,449,0.00043123,8.22E-05,0,4126739,0 NINJASAT,1 58341U 23174CP  23341.44343099  .00008218  00000-0  43123-3 0  9992,2 58341  97.4787  53.9921 0010898 148.6810 211.5074 15.15945817  4491,2023-174CP,58341,6896.246,94.99,525.626,510.595,0,38:32.4
GENERATED VIA SPACETRACK.ORG API,18 SPCS,58341,NINJASAT,PAYLOAD,U,23174CP,2023/12/8 13:34,516544,15.15965977,0.0010935,97.4789,55.0975,145.1738,215.0213,0,999,466,0.00046047,8.79E-05,0,4128726,0 NINJASAT,1 58341U 23174CP  23342.56554996  .00008786  00000-0  46047-3 0  9994,2 58341  97.4789  55.0975 0010935 145.1738 215.0213 15.15965977  4660,2023-174CP,58341,6896.184,94.989,525.59,510.509,0,34:23.5
GENERATED VIA SPACETRACK.ORG API,18 SPCS,58341,NINJASAT,PAYLOAD,U,23174CP,2023/12/9 13:20,557792,15.15982597,0.0011008,97.4791,56.073,141.8762,218.3251,0,999,481,0.00044269,8.45E-05,0,4130247,0 NINJASAT,1 58341U 23174CP  23343.55564303  .00008448  00000-0  44269-3 0  9996,2 58341  97.4791  56.0730 0011008 141.8762 218.3251 15.15982597  4817,2023-174CP,58341,6896.134,94.988,525.59,510.408,0,20:07.6
GENERATED VIA SPACETRACK.ORG API,18 SPCS,58341,NINJASAT,PAYLOAD,U,23174CP,2023/12/10 3:35,524448,15.15991946,0.0011062,97.4792,56.6582,139.9558,220.2493,0,999,490,0.00041095,7.84E-05,0,4130918,0 NINJASAT,1 58341U 23174CP  23344.14969357  .00007839  00000-0  41095-3 0  9997,2 58341  97.4792  56.6582 0011062 139.9558 220.2493 15.15991946  4908,2023-174CP,58341,6896.106,94.987,525.599,510.342,0,35:33.5
GENERATED VIA SPACETRACK.ORG API,18 SPCS,58341,NINJASAT,PAYLOAD,U,23174CP,2023/12/11 4:56,935808,15.1600735,0.0011164,97.4792,57.6987,136.3954,223.8163,0,999,506,0.00035929,6.85E-05,0,4132409,0 NINJASAT,1 58341U 23174CP  23345.20577472  .00006847  00000-0  35929-3 0  9995,2 58341  97.4792  57.6987 0011164 136.3954 223.8163 15.16007350  5061,2023-174CP,58341,6896.059,94.986,525.623,510.225,0,56:18.9
GENERATED VIA SPACETRACK.ORG API,18 SPCS,58341,NINJASAT,PAYLOAD,U,23174CP,2023/12/12 11:02,693184,15.16024939,0.0011242,97.4789,58.9342,132.3749,227.8438,0,999,525,0.00035682,6.80E-05,0,4134248,0 NINJASAT,1 58341U 23174CP  23346.45985756  .00006803  00000-0  35682-3 0  9999,2 58341  97.4789  58.9342 0011242 132.3749 227.8438 15.16024939  5253,2023-174CP,58341,6896.006,94.985,525.623,510.118,0,02:11.7
GENERATED VIA SPACETRACK.ORG API,18 SPCS,58341,NINJASAT,PAYLOAD,U,23174CP,2023/12/13 12:22,15392,15.16043338,0.0011248,97.4782,59.9744,129.2229,231.0004,0,999,541,0.0004339,8.29E-05,0,4135433,0 NINJASAT,1 58341U 23174CP  23347.51591453  .00008293  00000-0  43390-3 0  9994,2 58341  97.4782  59.9744 0011248 129.2229 231.0004 15.16043338  5415,2023-174CP,58341,6895.95,94.984,525.571,510.058,0,22:55.0
GENERATED VIA SPACETRACK.ORG API,18 SPCS,58341,NINJASAT,PAYLOAD,U,23174CP,2023/12/14 4:13,536544,15.16055116,0.0011236,97.478,60.6245,127.3046,232.9212,0,999,551,0.00045556,8.71E-05,0,4136178,0 NINJASAT,1 58341U 23174CP  23348.17594371  .00008714  00000-0  45556-3 0  9993,2 58341  97.4780  60.6245 0011236 127.3046 232.9212 15.16055116  5510,2023-174CP,58341,6895.914,94.983,525.527,510.031,0,13:21.5
GENERATED VIA SPACETRACK.ORG API,18 SPCS,58341,NINJASAT,PAYLOAD,U,23174CP,2023/12/15 3:59,294432,15.16075397,0.0011245,97.4776,61.5998,124.2638,235.9661,0,999,566,0.00047069,9.01E-05,0,4136559,0 NINJASAT,1 58341U 23174CP  23349.16597563  .00009011  00000-0  47069-3 0  9991,2 58341  97.4776  61.5998 0011245 124.2638 235.9661 15.16075397  5663,2023-174CP,58341,6895.853,94.982,525.472,509.963,0,59:00.3
GENERATED VIA SPACETRACK.ORG API,18 SPCS,58341,NINJASAT,PAYLOAD,U,23174CP,2023/12/16 3:44,689792,15.16100866,0.0011285,97.4773,62.5748,121.0617,239.1725,0,999,581,0.00052162,0.00010002,0,4137335,0 NINJASAT,1 58341U 23174CP  23350.15599178  .00010002  00000-0  52162-3 0  9998,2 58341  97.4773  62.5748 0011285 121.0617 239.1725 15.16100866  5814,2023-174CP,58341,6895.775,94.98,525.422,509.859,0,44:37.7
GENERATED VIA SPACETRACK.ORG API,18 SPCS,58341,NINJASAT,PAYLOAD,U,23174CP,2023/12/17 3:30,762368,15.16124697,0.0011374,97.4773,63.5501,117.8275,242.4111,0,999,596,0.00052331,0.00010042,0,4138164,0 NINJASAT,1 58341U 23174CP  23351.14599262  .00010042  00000-0  52331-3 0  9994,2 58341  97.4773  63.5501 0011374 117.8275 242.4111 15.16124697  5964,2023-174CP,58341,6895.703,94.979,525.411,509.725,0,30:13.8
GENERATED VIA SPACETRACK.ORG API,18 SPCS,58341,NINJASAT,PAYLOAD,U,23174CP,2023/12/18 3:15,305664,15.1615738,0.001145,97.4773,64.5253,114.7379,245.5046,0,999,611,0.00078483,0.00015118,0,4139019,0 NINJASAT,1 58341U 23174CP  23352.13597576  .00015118  00000-0  78483-3 0  9995,2 58341  97.4773  64.5253 0011450 114.7379 245.5046 15.16157380  6119,2023-174CP,58341,6895.604,94.977,525.365,509.574,0,15:48.3
GENERATED VIA SPACETRACK.ORG API,18 SPCS,58341,NINJASAT,PAYLOAD,U,23174CP,2023/12/19 3:01,54432,15.1618717,0.0011473,97.477,65.5003,111.7829,248.4626,0,999,626,0.00070936,0.00013667,0,4139761,0 NINJASAT,1 58341U 23174CP  23353.12593813  .00013667  00000-0  70936-3 0  9997,2 58341  97.4770  65.5003 0011473 111.7829 248.4626 15.16187170  6264,2023-174CP,58341,6895.514,94.975,525.29,509.468,0,01:21.1
GENERATED VIA SPACETRACK.ORG API,18 SPCS,58341,NINJASAT,PAYLOAD,U,23174CP,2023/12/20 4:21,111456,15.16217629,0.0011411,97.4769,66.5406,108.5348,251.7126,0,999,642,0.00064361,0.00012402,0,4140520,0 NINJASAT,1 58341U 23174CP  23354.18187629  .00012402  00000-0  64361-3 0  9999,2 58341  97.4769  66.5406 0011411 108.5348 251.7126 15.16217629  6425,2023-174CP,58341,6895.421,94.973,525.155,509.418,0,21:54.1
GENERATED VIA SPACETRACK.ORG API,18 SPCS,58341,NINJASAT,PAYLOAD,U,23174CP,2023/12/21 4:07,347200,15.16251112,0.0011353,97.4771,67.5163,105.5144,254.7343,0,999,657,0.0008067,0.00015583,0,4141338,0 NINJASAT,1 58341U 23174CP  23355.17179800  .00015583  00000-0  80670-3 0  9995,2 58341  97.4771  67.5163 0011353 105.5144 254.7343 15.16251112  6570,2023-174CP,58341,6895.32,94.971,525.013,509.357,0,07:23.3
GENERATED VIA SPACETRACK.ORG API,18 SPCS,58341,NINJASAT,PAYLOAD,U,23174CP,2023/12/22 3:52,751264,15.16284116,0.0011336,97.4775,68.4917,102.412,257.8383,0,999,672,0.00082408,0.00015936,0,4142004,0 NINJASAT,1 58341U 23174CP  23356.16169851  .00015936  00000-0  82408-3 0  9993,2 58341  97.4775  68.4917 0011336 102.4120 257.8383 15.16284116  6727,2023-174CP,58341,6895.22,94.969,524.901,509.268,0,52:50.8
GENERATED VIA SPACETRACK.ORG API,18 SPCS,58341,NINJASAT,PAYLOAD,U,23174CP,2023/12/23 3:38,259712,15.1631753,0.0011398,97.4777,69.4673,99.2289,261.0234,0,999,687,0.00081572,0.00015789,0,4142852,0 NINJASAT,1 58341U 23174CP  23357.15157708  .00015789  00000-0  81572-3 0  9998,2 58341  97.4777  69.4673 0011398  99.2289 261.0234 15.16317530  6871,2023-174CP,58341,6895.119,94.967,524.843,509.124,0,38:16.3
GENERATED VIA SPACETRACK.ORG API,18 SPCS,58341,NINJASAT,PAYLOAD,U,23174CP,2023/12/24 3:23,945984,15.16350929,0.0011478,97.4779,70.4429,96.1174,264.1367,0,999,702,0.00085922,0.00016653,0,4143756,0 NINJASAT,1 58341U 23174CP  23358.14143456  .00016653  00000-0  85922-3 0  9997,2 58341  97.4779  70.4429 0011478  96.1174 264.1367 15.16350929  7020,2023-174CP,58341,6895.017,94.965,524.796,508.968,0,23:39.9
GENERATED VIA SPACETRACK.ORG API,18 SPCS,58341,NINJASAT,PAYLOAD,U,23174CP,2023/12/25 4:44,186240,15.16384704,0.0011502,97.4778,71.4835,92.7803,267.4746,0,999,718,0.00081762,0.00015857,0,4144536,0 NINJASAT,1 58341U 23174CP  23359.19725910  .00015857  00000-0  81762-3 0  9997,2 58341  97.4778  71.4835 0011502  92.7803 267.4746 15.16384704  7182,2023-174CP,58341,6894.915,94.963,524.71,508.849,0,44:03.2
GENERATED VIA SPACETRACK.ORG API,18 SPCS,58341,NINJASAT,PAYLOAD,U,23174CP,2023/12/26 4:29,115840,15.16414643,0.0011468,97.4774,72.4591,89.7205,270.5342,0,999,733,0.00074282,0.00014409,0,4145460,0 NINJASAT,1 58341U 23174CP  23360.18707310  .00014409  00000-0  74282-3 0  9993,2 58341  97.4774  72.4591 0011468  89.7205 270.5342 15.16414643  7331,2023-174CP,58341,6894.824,94.961,524.596,508.782,0,29:23.1
GENERATED VIA SPACETRACK.ORG API,18 SPCS,58341,NINJASAT,PAYLOAD,U,23174CP,2023/12/27 4:14,436672,15.16442354,0.0011381,97.4769,73.4344,86.6636,273.5899,0,999,748,0.00070933,0.00013766,0,4146303,0 NINJASAT,1 58341U 23174CP  23361.17686848  .00013766  00000-0  70933-3 0  9999,2 58341  97.4769  73.4344 0011381  86.6636 273.5899 15.16442354  7486,2023-174CP,58341,6894.74,94.959,524.452,508.758,0,14:41.4
GENERATED VIA SPACETRACK.ORG API,18 SPCS,58341,NINJASAT,PAYLOAD,U,23174CP,2023/12/28 3:59,232544,15.16469036,0.0011315,97.4766,74.4098,83.555,276.6971,0,999,763,0.00069195,0.00013436,0,4147189,0 NINJASAT,1 58341U 23174CP  23362.16664621  .00013436  00000-0  69195-3 0  9996,2 58341  97.4766  74.4098 0011315  83.5550 276.6971 15.16469036  7636,2023-174CP,58341,6894.659,94.957,524.326,508.723,0,59:58.2
GENERATED VIA SPACETRACK.ORG API,18 SPCS,58341,NINJASAT,PAYLOAD,U,23174CP,2023/12/29 3:45,552704,15.16493965,0.0011326,97.4764,75.3852,80.4528,279.7985,0,999,778,0.00062841,0.00012203,0,4148002,0 NINJASAT,1 58341U 23174CP  23363.15640686  .00012203  00000-0  62841-3 0  9993,2 58341  97.4764  75.3852 0011326  80.4528 279.7985 15.16493965  7788,2023-174CP,58341,6894.584,94.956,524.258,508.64,0,45:13.6
GENERATED VIA SPACETRACK.ORG API,18 SPCS,58341,NINJASAT,PAYLOAD,U,23174CP,2023/12/30 3:30,467136,15.16518894,0.0011367,97.4762,76.3605,77.477,282.7734,0,999,793,0.00061523,0.00011954,0,4148901,0 NINJASAT,1 58341U 23174CP  23364.14615124  .00011954  00000-0  61523-3 0  9990,2 58341  97.4762  76.3605 0011367  77.4770 282.7734 15.16518894  7935,2023-174CP,58341,6894.508,94.954,524.21,508.536,0,30:27.5
GENERATED VIA SPACETRACK.ORG API,18 SPCS,58341,NINJASAT,PAYLOAD,U,23174CP,2023/12/31 3:15,45824,15.16540202,0.0011395,97.4759,77.3359,74.5519,285.6972,0,999,808,0.00051124,9.93E-05,0,4149721,0 NINJASAT,1 58341U 23174CP  23365.13588016  .00009926  00000-0  51124-3 0  9991,2 58341  97.4759  77.3359 0011395  74.5519 285.6972 15.16540202  8089,2023-174CP,58341,6894.444,94.953,524.165,508.452,0,15:40.0
GENERATED VIA SPACETRACK.ORG API,18 SPCS,58341,NINJASAT,PAYLOAD,U,23174CP,2024/1/1 4:35,239840,15.16560041,0.0011327,97.4755,78.3763,71.2671,288.9791,0,999,824,0.00047686,9.26E-05,0,4150445,0 NINJASAT,1 58341U 23174CP  24001.19157685  .00009258  00000-0  47686-3 0  9995,2 58341  97.4755  78.3763 0011327  71.2671 288.9791 15.16560041  8249,2023-174CP,58341,6894.383,94.952,524.058,508.439,0,35:52.2
GENERATED VIA SPACETRACK.ORG API,18 SPCS,58341,NINJASAT,PAYLOAD,U,23174CP,2024/1/2 4:21,528064,15.16581943,0.0011251,97.4752,79.3518,68.0699,292.1729,0,999,839,0.00056378,0.00010967,0,4151273,0 NINJASAT,1 58341U 23174CP  24002.18127926  .00010967  00000-0  56378-3 0  9997,2 58341  97.4752  79.3518 0011251  68.0699 292.1729 15.16581943  8393,2023-174CP,58341,6894.317,94.95,523.939,508.425,0,21:02.5
GENERATED VIA SPACETRACK.ORG API,18 SPCS,58341,NINJASAT,PAYLOAD,U,23174CP,2024/1/3 4:06,633472,15.16602184,0.0011161,97.475,80.327,64.8389,295.4001,0,999,854,0.00054015,0.00010509,0,4152102,0 NINJASAT,1 58341U 23174CP  24003.17096798  .00010509  00000-0  54015-3 0  9997,2 58341  97.4750  80.3270 0011161  64.8389 295.4001 15.16602184  8545,2023-174CP,58341,6894.256,94.949,523.815,508.426,0,06:11.6
GENERATED VIA SPACETRACK.ORG API,18 SPCS,58341,NINJASAT,PAYLOAD,U,23174CP,2024/1/4 3:51,569024,15.16624018,0.0011114,97.4753,81.3027,61.7278,298.5075,0,999,869,0.0005916,0.00011525,0,4152895,0 NINJASAT,1 58341U 23174CP  24004.16064316  .00011525  00000-0  59160-3 0  9993,2 58341  97.4753  81.3027 0011114  61.7278 298.5075 15.16624018  8691,2023-174CP,58341,6894.19,94.948,523.717,508.392,0,51:19.6
GENERATED VIA SPACETRACK.ORG API,18 SPCS,58341,NINJASAT,PAYLOAD,U,23174CP,2024/1/5 3:36,264736,15.16644093,0.00111,97.4756,82.2782,58.7232,301.5087,0,999,884,0.00050651,9.86E-05,0,4153805,0 NINJASAT,1 58341U 23174CP  24005.15030399  .00009861  00000-0  50651-3 0  9993,2 58341  97.4756  82.2782 0011100  58.7232 301.5087 15.16644093  8843,2023-174CP,58341,6894.129,94.946,523.646,508.341,0,36:26.3
GENERATED VIA SPACETRACK.ORG API,18 SPCS,58341,NINJASAT,PAYLOAD,U,23174CP,2024/1/6 3:21,767264,15.16665653,0.0011116,97.4757,83.2537,55.8296,304.399,0,999,899,0.00051883,0.0001011,0,4154524,0 NINJASAT,1 58341U 23174CP  24006.13995101  .00010110  00000-0  51883-3 0  9990,2 58341  97.4757  83.2537 0011116  55.8296 304.3990 15.16665653  8993,2023-174CP,58341,6894.063,94.945,523.592,508.265,0,21:31.8
GENERATED VIA SPACETRACK.ORG API,18 SPCS,58341,NINJASAT,PAYLOAD,U,23174CP,2024/1/7 4:41,415968,15.16684506,0.0011046,97.4757,84.2945,52.4994,307.7242,0,999,915,0.00045173,8.80E-05,0,4155380,0 NINJASAT,1 58341U 23174CP  24007.19556037  .00008796  00000-0  45173-3 0  9990,2 58341  97.4757  84.2945 0011046  52.4994 307.7242 15.16684506  9151,2023-174CP,58341,6894.006,94.944,523.486,508.256,0,41:36.4
GENERATED VIA SPACETRACK.ORG API,18 SPCS,58341,NINJASAT,PAYLOAD,U,23174CP,2024/1/8 4:26,611616,15.16705589,0.0010978,97.4757,85.2702,49.4117,310.8069,0,999,930,0.00048647,9.48E-05,0,4156277,0 NINJASAT,1 58341U 23174CP  24008.18518069  .00009484  00000-0  48647-3 0  9997,2 58341  97.4757  85.2702 0010978  49.4117 310.8069 15.16705589  9303,2023-174CP,58341,6893.942,94.943,523.376,508.239,0,26:39.6
GENERATED VIA SPACETRACK.ORG API,18 SPCS,58341,NINJASAT,PAYLOAD,U,23174CP,2024/1/9 4:11,665920,15.16727504,0.0010877,97.4756,86.246,45.9298,314.2829,0,999,945,0.00057164,0.00011166,0,4156946,0 NINJASAT,1 58341U 23174CP  24009.17478780  .00011166  00000-0  57164-3 0  9996,2 58341  97.4756  86.2460 0010877  45.9298 314.2829 15.16727504  9452,2023-174CP,58341,6893.876,94.941,523.239,508.243,0,11:41.7
GENERATED VIA SPACETRACK.ORG API,18 SPCS,58341,NINJASAT,PAYLOAD,U,23174CP,2024/1/10 3:56,360288,15.16752839,0.0010788,97.4755,87.2215,42.5402,317.6665,0,999,960,0.00064474,0.00012614,0,4157888,0 NINJASAT,1 58341U 23174CP  24010.16437917  .00012614  00000-0  64474-3 0  9995,2 58341  97.4755  87.2215 0010788  42.5402 317.6665 15.16752839  9602,2023-174CP,58341,6893.799,94.94,523.101,508.227,0,56:42.4
GENERATED VIA SPACETRACK.ORG API,18 SPCS,58341,NINJASAT,PAYLOAD,U,23174CP,2024/1/11 3:41,464032,15.16784611,0.0010767,97.4753,88.1969,39.4642,320.7373,0,999,975,0.00080316,0.0001575,0,4158642,0 NINJASAT,1 58341U 23174CP  24011.15395213  .00015750  00000-0  80316-3 0  9994,2 58341  97.4753  88.1969 0010767  39.4642 320.7373 15.16784611  9754,2023-174CP,58341,6893.703,94.938,522.99,508.145,0,41:41.5
GENERATED VIA SPACETRACK.ORG API,18 SPCS,58341,NINJASAT,PAYLOAD,U,23174CP,2024/1/12 3:26,693760,15.16817443,0.0010754,97.475,89.1725,36.6061,323.5905,0,999,990,0.00079611,0.00015626,0,4159583,0 NINJASAT,1 58341U 23174CP  24012.14350340  .00015626  00000-0  79611-3 0  9994,2 58341  97.4750  89.1725 0010754  36.6061 323.5905 15.16817443  9901,2023-174CP,58341,6893.603,94.936,522.882,508.055,0,26:38.7
GENERATED VIA SPACETRACK.ORG API,18 SPCS,58341,NINJASAT,PAYLOAD,U,23174CP,2024/1/13 3:11,124640,15.16849161,0.0010706,97.4745,90.1479,33.5035,326.6873,0,999,1005,0.00079016,0.00015522,0,4160457,0 NINJASAT,1 58341U 23174CP  24013.13303385  .00015522  00000-0  79016-3 0  9995,2 58341  97.4745  90.1479 0010706  33.5035 326.6873 15.16849161 10055,2023-174CP,58341,6893.507,94.934,522.753,507.992,0,11:34.1
GENERATED VIA SPACETRACK.ORG API,18 SPCS,58341,NINJASAT,PAYLOAD,U,23174CP,2024/1/14 4:31,345216,15.16881943,0.00106,97.4739,91.1883,30.0678,330.1162,0,999,1021,0.00078823,0.00015498,0,4161291,0 NINJASAT,1 58341U 23174CP  24014.18851094  .00015498  00000-0  78823-3 0  9993,2 58341  97.4739  91.1883 0010600  30.0678 330.1162 15.16881943 10219,2023-174CP,58341,6893.408,94.932,522.58,507.966,0,31:27.3
GENERATED VIA SPACETRACK.ORG API,18 SPCS,58341,NINJASAT,PAYLOAD,U,23174CP,2024/1/15 2:41,685760,15.16915048,0.0010515,97.4734,92.0987,26.7014,333.4759,0,999,1035,0.00091728,0.00018069,0,4162130,0 NINJASAT,1 58341U 23174CP  24015.11203340  .00018069  00000-0  91728-3 0  9998,2 58341  97.4734  92.0987 0010515  26.7014 333.4759 15.16915048 10357,2023-174CP,58341,6893.308,94.93,522.421,507.924,0,41:19.7
GENERATED VIA SPACETRACK.ORG API,18 SPCS,58341,NINJASAT,PAYLOAD,U,23174CP,2024/1/16 4:01,756544,15.16953,0.0010428,97.4732,93.1392,22.9125,337.2571,0,999,1051,0.00090082,0.00017762,0,4163053,0 NINJASAT,1 58341U 23174CP  24016.16746246  .00017762  00000-0  90082-3 0  9992,2 58341  97.4732  93.1392 0010428  22.9125 337.2571 15.16953000 10513,2023-174CP,58341,6893.193,94.927,522.246,507.87,0,01:08.8
GENERATED VIA SPACETRACK.ORG API,18 SPCS,58341,NINJASAT,PAYLOAD,U,23174CP,2024/1/17 3:45,440800,15.16987699,0.0010365,97.4732,94.1146,19.5253,340.6375,0,999,1066,0.00085663,0.00016902,0,4163942,0 NINJASAT,1 58341U 23174CP  24017.15690325  .00016902  00000-0  85663-3 0  9992,2 58341  97.4732  94.1146 0010365  19.5253 340.6375 15.16987699 10662,2023-174CP,58341,6893.088,94.925,522.097,507.808,0,45:56.4
GENERATED VIA SPACETRACK.ORG API,18 SPCS,58341,NINJASAT,PAYLOAD,U,23174CP,2024/1/18 3:30,230304,15.17020868,0.0010333,97.4734,95.0903,16.5768,343.5801,0,999,1081,0.00081543,0.00016099,0,4164714,0 NINJASAT,1 58341U 23174CP  24018.14632211  .00016099  00000-0  81543-3 0  9992,2 58341  97.4734  95.0903 0010333  16.5768 343.5801 15.17020868 10818,2023-174CP,58341,6892.987,94.923,521.975,507.73,0,30:42.2
GENERATED VIA SPACETRACK.ORG API,18 SPCS,58341,NINJASAT,PAYLOAD,U,23174CP,2024/1/19 3:15,237376,15.17052969,0.0010266,97.4735,96.0662,13.5706,346.5801,0,999,1096,0.00082825,0.00016368,0,4165618,0 NINJASAT,1 58341U 23174CP  24019.13572034  .00016368  00000-0  82825-3 0  9991,2 58341  97.4735  96.0662 0010266  13.5706 346.5801 15.17052969 10962,2023-174CP,58341,6892.89,94.921,521.831,507.679,0,15:26.2
GENERATED VIA SPACETRACK.ORG API,18 SPCS,58341,NINJASAT,PAYLOAD,U,23174CP,2024/1/20 4:35,142496,15.17086447,0.0010172,97.4735,97.107,9.9906,350.1527,0,999,1112,0.00076724,0.00015169,0,4166450,0 NINJASAT,1 58341U 23174CP  24020.19105489  .00015169  00000-0  76724-3 0  9994,2 58341  97.4735  97.1070 0010172   9.9906 350.1527 15.17086447 11127,2023-174CP,58341,6892.789,94.919,521.665,507.642,0,35:07.1
GENERATED VIA SPACETRACK.ORG API,18 SPCS,58341,NINJASAT,PAYLOAD,U,23174CP,2024/1/21 4:19,474112,15.17116731,0.0010062,97.4735,98.0828,6.3296,353.8063,0,999,1127,0.00076686,0.00015175,0,4167390,0 NINJASAT,1 58341U 23174CP  24021.18041058  .00015175  00000-0  76686-3 0  9999,2 58341  97.4735  98.0828 0010062   6.3296 353.8063 15.17116731 11270,2023-174CP,58341,6892.697,94.917,521.497,507.626,0,19:47.5
GENERATED VIA SPACETRACK.ORG API,18 SPCS,58341,NINJASAT,PAYLOAD,U,23174CP,2024/1/22 4:04,133888,15.17146102,0.0009982,97.4734,99.0585,2.5307,357.5975,0,999,1142,0.00075399,0.00014931,0,4168163,0 NINJASAT,1 58341U 23174CP  24022.16974692  .00014931  00000-0  75399-3 0  9996,2 58341  97.4734  99.0585 0009982   2.5307 357.5975 15.17146102 11425,2023-174CP,58341,6892.608,94.915,521.353,507.593,0,04:26.1
GENERATED VIA SPACETRACK.ORG API,18 SPCS,58341,NINJASAT,PAYLOAD,U,23174CP,2024/1/23 3:49,29376,15.17178722,0.0009927,97.4735,100.0343,359.0971,1.0242,0,999,1157,0.0008142,0.00016146,0,4169046,0 NINJASAT,1 58341U 23174CP  24023.15906284  .00016146  00000-0  81420-3 0  9990,2 58341  97.4735 100.0343 0009927 359.0971   1.0242 15.17178722 11574,2023-174CP,58341,6892.509,94.913,521.216,507.532,0,49:03.0
GENERATED VIA SPACETRACK.ORG API,18 SPCS,58341,NINJASAT,PAYLOAD,U,23174CP,2024/1/24 3:33,985184,15.17213401,0.0009834,97.4735,101.0099,355.9159,4.1992,0,999,1172,0.00082447,0.00016367,0,4169737,0 NINJASAT,1 58341U 23174CP  24024.14835631  .00016367  00000-0  82447-3 0  9992,2 58341  97.4735 101.0099 0009834 355.9159   4.1992 15.17213401 11720,2023-174CP,58341,6892.404,94.911,521.047,507.491,0,33:38.0
GENERATED VIA SPACETRACK.ORG API,18 SPCS,58341,NINJASAT,PAYLOAD,U,23174CP,2024/1/25 3:18,154240,15.17244223,0.0009775,97.4733,101.9856,352.8665,7.2427,0,999,1187,0.00076525,0.00015197,0,4170655,0 NINJASAT,1 58341U 23174CP  24025.13762910  .00015197  00000-0  76525-3 0  9991,2 58341  97.4733 101.9856 0009775 352.8665   7.2427 15.17244223 11879,2023-174CP,58341,6892.311,94.909,520.913,507.438,0,18:11.2
GENERATED VIA SPACETRACK.ORG API,18 SPCS,58341,NINJASAT,PAYLOAD,U,23174CP,2024/1/26 3:02,753408,15.17274893,0.0009685,97.4728,102.9612,349.2852,10.8174,0,999,1202,0.00089036,0.00017714,0,4171387,0 NINJASAT,1 58341U 23174CP  24026.12688372  .00017714  00000-0  89036-3 0  9998,2 58341  97.4728 102.9612 0009685 349.2852  10.8174 15.17274893 12025,2023-174CP,58341,6892.218,94.907,520.758,507.408,0,02:42.8
GENERATED VIA SPACETRACK.ORG API,18 SPCS,58341,NINJASAT,PAYLOAD,U,23174CP,2024/1/27 4:22,684704,15.17301377,0.00096,97.4722,104.002,345.118,14.9769,0,999,1218,0.00072603,0.00014436,0,4172177,0 NINJASAT,1 58341U 23174CP  24027.18206811  .00014436  00000-0  72603-3 0  9999,2 58341  97.4722 104.0020 0009600 345.1180  14.9769 15.17301377 12181,2023-174CP,58341,6892.138,94.905,520.619,507.386,0,22:10.7
GENERATED VIA SPACETRACK.ORG API,18 SPCS,58341,NINJASAT,PAYLOAD,U,23174CP,2024/1/28 4:06,68064,15.1732959,0.0009545,97.4717,104.9774,341.2926,18.7955,0,999,1233,0.0007731,0.00015391,0,4173028,0 NINJASAT,1 58341U 23174CP  24028.17128551  .00015391  00000-0  77310-3 0  9994,2 58341  97.4717 104.9774 0009545 341.2926  18.7955 15.17329590 12336,2023-174CP,58341,6892.052,94.904,520.496,507.339,0,06:39.1
GENERATED VIA SPACETRACK.ORG API,18 SPCS,58341,NINJASAT,PAYLOAD,U,23174CP,2024/1/29 10:10,754336,15.17366831,0.0009467,97.4714,106.2131,336.7995,23.281,0,999,1252,0.00084833,0.00016916,0,4174122,0 NINJASAT,1 58341U 23174CP  24029.42426799  .00016916  00000-0  84833-3 0  9990,2 58341  97.4714 106.2131 0009467 336.7995  23.2810 15.17366831 12524,2023-174CP,58341,6891.939,94.901,520.329,507.28,0,10:56.8
GENERATED VIA SPACETRACK.ORG API,18 SPCS,58341,NINJASAT,PAYLOAD,U,23174CP,2024/1/30 3:35,15392,15.17387647,0.0009404,97.4713,106.9286,334.3226,25.754,0,999,1263,0.00076062,0.00015165,0,4174588,0 NINJASAT,1 58341U 23174CP  24030.14966453  .00015165  00000-0  76062-3 0  9997,2 58341  97.4713 106.9286 0009404 334.3226  25.7540 15.17387647 12630,2023-174CP,58341,6891.876,94.9,520.222,507.26,0,35:31.0
GENERATED VIA SPACETRACK.ORG API,18 SPCS,58341,NINJASAT,PAYLOAD,U,23174CP,2024/1/31 3:19,530112,15.17414262,0.0009312,97.4712,107.9043,330.9631,29.1084,0,999,1278,0.00067175,0.00013392,0,4175514,0 NINJASAT,1 58341U 23174CP  24031.13882558  .00013392  00000-0  67175-3 0  9995,2 58341  97.4712 107.9043 0009312 330.9631  29.1084 15.17414262 12782,2023-174CP,58341,6891.796,94.898,520.078,507.243,0,19:54.5
GENERATED VIA SPACETRACK.ORG API,18 SPCS,58341,NINJASAT,PAYLOAD,U,23174CP,2024/2/1 3:04,675392,15.17436412,0.0009221,97.4709,108.8799,327.426,32.6404,0,999,1293,0.00056158,0.00011188,0,4176318,0 NINJASAT,1 58341U 23174CP  24032.12797078  .00011188  00000-0  56158-3 0  9997,2 58341  97.4709 108.8799 0009221 327.4260  32.6404 15.17436412 12937,2023-174CP,58341,6891.729,94.897,519.949,507.239,0,04:16.7
GENERATED VIA SPACETRACK.ORG API,18 SPCS,58341,NINJASAT,PAYLOAD,U,23174CP,2024/2/2 4:23,935936,15.17460221,0.0009184,97.4707,109.9208,323.0903,36.9698,0,999,1309,0.00057818,0.00011529,0,4177128,0 NINJASAT,1 58341U 23174CP  24033.18304324  .00011529  00000-0  57818-3 0  9995,2 58341  97.4707 109.9208 0009184 323.0903  36.9698 15.17460221 13091,2023-174CP,58341,6891.657,94.895,519.851,507.192,0,23:34.9
GENERATED VIA SPACETRACK.ORG API,18 SPCS,58341,NINJASAT,PAYLOAD,U,23174CP,2024/2/3 4:07,560064,15.17481077,0.0009151,97.4706,110.8966,318.9282,41.1262,0,999,1324,0.00055374,0.00011045,0,4178072,0 NINJASAT,1 58341U 23174CP  24034.17215926  .00011045  00000-0  55374-3 0  9992,2 58341  97.4706 110.8966 0009151 318.9282  41.1262 15.17481077 13243,2023-174CP,58341,6891.593,94.894,519.765,507.152,0,07:54.6
GENERATED VIA SPACETRACK.ORG API,18 SPCS,58341,NINJASAT,PAYLOAD,U,23174CP,2024/2/4 3:52,876096,15.17507425,0.0009106,97.4707,111.8724,315.0188,45.0307,0,999,1339,0.00068794,0.00013753,0,4178900,0 NINJASAT,1 58341U 23174CP  24035.16126014  .00013753  00000-0  68794-3 0  9999,2 58341  97.4707 111.8724 0009106 315.0188  45.0307 15.17507425 13395,2023-174CP,58341,6891.514,94.892,519.654,507.103,0,52:12.9
GENERATED VIA SPACETRACK.ORG API,18 SPCS,58341,NINJASAT,PAYLOAD,U,23174CP,2024/2/5 3:36,605824,15.17537937,0.0009026,97.471,112.8482,311.5073,48.5385,0,999,1354,0.00078304,0.00015681,0,4179739,0 NINJASAT,1 58341U 23174CP  24036.15034266  .00015681  00000-0  78304-3 0  9996,2 58341  97.4710 112.8482 0009026 311.5073  48.5385 15.17537937 13548,2023-174CP,58341,6891.421,94.891,519.507,507.066,0,36:29.6
GENERATED VIA SPACETRACK.ORG API,18 SPCS,58341,NINJASAT,PAYLOAD,U,23174CP,2024/2/6 3:20,570400,15.17569779,0.0008956,97.4712,113.8241,308.077,51.9655,0,999,1369,0.00080812,0.00016201,0,4180564,0 NINJASAT,1 58341U 23174CP  24037.13940475  .00016201  00000-0  80812-3 0  9999,2 58341  97.4712 113.8241 0008956 308.0770  51.9655 15.17569779 13693,2023-174CP,58341,6891.325,94.889,519.362,507.018,0,20:44.6
GENERATED VIA SPACETRACK.ORG API,18 SPCS,58341,NINJASAT,PAYLOAD,U,23174CP,2024/2/7 4:39,454464,15.17605425,0.0008882,97.4711,114.865,304.0303,56.0086,0,999,1385,0.00081322,0.00016321,0,4181504,0 NINJASAT,1 58341U 23174CP  24038.19438026  .00016321  00000-0  81322-3 0  9990,2 58341  97.4711 114.8650 0008882 304.0303  56.0086 15.17605425 13854,2023-174CP,58341,6891.217,94.886,519.203,506.961,0,39:54.5
GENERATED VIA SPACETRACK.ORG API,18 SPCS,58341,NINJASAT,PAYLOAD,U,23174CP,2024/2/8 1:14,238656,15.17632097,0.0008894,97.4708,115.7107,300.4809,59.5545,0,999,1398,0.0007883,0.0001583,0,4182409,0 NINJASAT,1 58341U 23174CP  24039.05153054  .00015830  00000-0  78830-3 0  9995,2 58341  97.4708 115.7107 0008894 300.4809  59.5545 15.17632097 13988,2023-174CP,58341,6891.136,94.885,519.13,506.872,0,14:12.2
GENERATED VIA SPACETRACK.ORG API,18 SPCS,58341,NINJASAT,PAYLOAD,U,23174CP,2024/2/9 4:08,16128,15.17670596,0.0008922,97.4704,116.8164,295.8178,64.2135,0,999,1415,0.00089378,0.00017982,0,4183285,0 NINJASAT,1 58341U 23174CP  24040.17239602  .00017982  00000-0  89378-3 0  9993,2 58341  97.4704 116.8164 0008922 295.8178  64.2135 15.17670596 14151,2023-174CP,58341,6891.02,94.882,519.033,506.737,0,08:15.0
GENERATED VIA SPACETRACK.ORG API,18 SPCS,58341,NINJASAT,PAYLOAD,U,23174CP,2024/2/10 3:52,571040,15.17701066,0.0008919,97.4701,117.792,291.9127,68.1158,0,999,1430,0.00078753,0.00015846,0,4184147,0 NINJASAT,1 58341U 23174CP  24041.16137235  .00015846  00000-0  78753-3 0  9994,2 58341  97.4701 117.7920 0008919 291.9127  68.1158 15.17701066 14307,2023-174CP,58341,6890.928,94.88,518.939,506.647,0,52:22.6
GENERATED VIA SPACETRACK.ORG API,18 SPCS,58341,NINJASAT,PAYLOAD,U,23174CP,2024/2/11 3:36,291680,15.17740777,0.000886,97.4697,118.7678,288.2324,71.7945,0,999,1445,0.0010983,0.00022169,0,4185078,0 NINJASAT,1 58341U 23174CP  24042.15032745  .00022169  00000-0  10983-2 0  9990,2 58341  97.4697 118.7678 0008860 288.2324  71.7945 15.17740777 14457,2023-174CP,58341,6890.807,94.878,518.778,506.567,0,36:28.3
GENERATED VIA SPACETRACK.ORG API,18 SPCS,58341,NINJASAT,PAYLOAD,U,23174CP,2024/2/12 3:20,828992,15.17775407,0.0008769,97.4693,119.7434,284.5368,75.4893,0,999,1460,0.00094,0.00018974,0,4185907,0 NINJASAT,1 58341U 23174CP  24043.13925728  .00018974  00000-0  94000-3 0  9993,2 58341  97.4693 119.7434 0008769 284.5368  75.4893 15.17775407 14607,2023-174CP,58341,6890.703,94.876,518.61,506.525,0,20:31.8
GENERATED VIA SPACETRACK.ORG API,18 SPCS,58341,NINJASAT,PAYLOAD,U,23174CP,2024/2/13 3:04,118176,15.17813715,0.0008763,97.4689,120.7191,280.5424,79.4822,0,999,1475,0.00085261,0.00017219,0,4186804,0 NINJASAT,1 58341U 23174CP  24044.12816109  .00017219  00000-0  85261-3 0  9995,2 58341  97.4689 120.7191 0008763 280.5424  79.4822 15.17813715 14754,2023-174CP,58341,6890.587,94.873,518.49,506.413,0,04:33.1
GENERATED VIA SPACETRACK.ORG API,18 SPCS,58341,NINJASAT,PAYLOAD,U,23174CP,2024/2/14 4:23,156128,15.17858782,0.0008829,97.4681,121.7601,276.3564,83.6664,0,999,1491,0.0010969,0.00022216,0,4187831,0 NINJASAT,1 58341U 23174CP  24045.18296477  .00022216  00000-0  10969-2 0  9997,2 58341  97.4681 121.7601 0008829 276.3564  83.6664 15.17858782 14916,2023-174CP,58341,6890.45,94.87,518.399,506.232,0,23:28.2
GENERATED VIA SPACETRACK.ORG API,18 SPCS,58341,NINJASAT,PAYLOAD,U,23174CP,2024/2/15 4:07,922272,15.17898567,0.0008865,97.468,122.7357,272.1716,87.8502,0,999,1506,0.0010463,0.00021209,0,4188737,0 NINJASAT,1 58341U 23174CP  24046.17181623  .00021209  00000-0  10463-2 0  9993,2 58341  97.4680 122.7357 0008865 272.1716  87.8502 15.17898567 15066,2023-174CP,58341,6890.33,94.868,518.303,506.086,0,07:24.9
GENERATED VIA SPACETRACK.ORG API,18 SPCS,58341,NINJASAT,PAYLOAD,U,23174CP,2024/2/16 3:51,628640,15.17932407,0.0008913,97.468,123.7115,268.409,91.6123,0,999,1521,0.00091037,0.00018456,0,4189743,0 NINJASAT,1 58341U 23174CP  24047.16064385  .00018456  00000-0  91037-3 0  9995,2 58341  97.4680 123.7115 0008913 268.4090  91.6123 15.17932407 15217,2023-174CP,58341,6890.227,94.866,518.234,505.951,0,51:19.6
GENERATED VIA SPACETRACK.ORG API,18 SPCS,58341,NINJASAT,PAYLOAD,U,23174CP,2024/2/17 3:35,352992,15.17966635,0.0008852,97.4681,124.6875,264.4353,95.5871,0,999,1536,0.00082534,0.00016738,0,4190639,0 NINJASAT,1 58341U 23174CP  24048.14944853  .00016738  00000-0  82534-3 0  9994,2 58341  97.4681 124.6875 0008852 264.4353  95.5871 15.17966635 15360,2023-174CP,58341,6890.124,94.864,518.088,505.89,0,35:12.4
GENERATED VIA SPACETRACK.ORG API,18 SPCS,58341,NINJASAT,PAYLOAD,U,23174CP,2024/2/18 3:19,122112,15.18001828,0.0008815,97.4683,125.6633,260.482,99.5418,0,999,1551,0.00084093,0.00017074,0,4191633,0 NINJASAT,1 58341U 23174CP  24049.13823058  .00017074  00000-0  84093-3 0  9993,2 58341  97.4683 125.6633 0008815 260.4820  99.5418 15.18001828 15512,2023-174CP,58341,6890.017,94.862,517.956,505.809,0,19:03.1
GENERATED VIA SPACETRACK.ORG API,18 SPCS,58341,NINJASAT,PAYLOAD,U,23174CP,2024/2/19 4:37,71488,15.18038889,0.0008815,97.4683,126.7043,256.2497,103.7755,0,999,1567,0.00079984,0.00016252,0,4192504,0 NINJASAT,1 58341U 23174CP  24050.19290592  .00016252  00000-0  79984-3 0  9992,2 58341  97.4683 126.7043 0008815 256.2497 103.7755 15.18038889 15678,2023-174CP,58341,6889.905,94.859,517.844,505.697,0,37:47.1
GENERATED VIA SPACETRACK.ORG API,18 SPCS,58341,NINJASAT,PAYLOAD,U,23174CP,2024/2/20 4:21,29504,15.18065253,0.0008897,97.4681,127.6802,252.3296,107.6967,0,999,1582,0.00063491,0.00012891,0,4193474,0 NINJASAT,1 58341U 23174CP  24051.18164386  .00012891  00000-0  63491-3 0  9994,2 58341  97.4681 127.6802 0008897 252.3296 107.6967 15.18065253 15823,2023-174CP,58341,6889.825,94.858,517.82,505.56,0,21:34.0
GENERATED VIA SPACETRACK.ORG API,18 SPCS,58341,NINJASAT,PAYLOAD,U,23174CP,2024/2/21 4:05,482432,15.18093695,0.0008993,97.468,128.6561,248.5658,111.4617,0,999,1597,0.00070034,0.00014241,0,4194267,0 NINJASAT,1 58341U 23174CP  24052.17036438  .00014241  00000-0  70034-3 0  9992,2 58341  97.4680 128.6561 0008993 248.5658 111.4617 15.18093695 15973,2023-174CP,58341,6889.739,94.856,517.8,505.408,0,05:19.5
GENERATED VIA SPACETRACK.ORG API,18 SPCS,58341,NINJASAT,PAYLOAD,U,23174CP,2024/2/22 3:49,386208,15.181202,0.0009029,97.468,129.632,244.6866,115.3433,0,999,1612,0.00064583,0.00013135,0,4195262,0 NINJASAT,1 58341U 23174CP  24053.15906697  .00013135  00000-0  64583-3 0  9997,2 58341  97.4680 129.6320 0009029 244.6866 115.3433 15.18120200 16126,2023-174CP,58341,6889.659,94.854,517.745,505.303,0,49:03.4
GENERATED VIA SPACETRACK.ORG API,18 SPCS,58341,NINJASAT,PAYLOAD,U,23174CP,2024/2/23 3:32,785760,15.18146686,0.0009018,97.468,130.6077,240.7377,119.2956,0,999,1627,0.0006125,0.00012462,0,4196063,0 NINJASAT,1 58341U 23174CP  24054.14775215  .00012462  00000-0  61250-3 0  9997,2 58341  97.4680 130.6077 0009018 240.7377 119.2956 15.18146686 16274,2023-174CP,58341,6889.579,94.852,517.657,505.231,0,32:45.8
GENERATED VIA SPACETRACK.ORG API,18 SPCS,58341,NINJASAT,PAYLOAD,U,23174CP,2024/2/24 4:51,342240,15.181755,0.0009007,97.4676,131.6484,236.5152,123.5221,0,999,1643,0.00061394,0.00012502,0,4196996,0 NINJASAT,1 58341U 23174CP  24055.20233035  .00012502  00000-0  61394-3 0  9998,2 58341  97.4676 131.6484 0009007 236.5152 123.5221 15.18175500 16432,2023-174CP,58341,6889.492,94.851,517.562,505.151,0,51:21.3
GENERATED VIA SPACETRACK.ORG API,18 SPCS,58341,NINJASAT,PAYLOAD,U,23174CP,2024/2/25 10:54,912256,15.18211364,0.0009097,97.467,132.8843,231.6328,128.4089,0,999,1662,0.00075681,0.0001545,0,4198105,0 NINJASAT,1 58341U 23174CP  24056.45461704  .00015450  00000-0  75681-3 0  9991,2 58341  97.4670 132.8843 0009097 231.6328 128.4089 15.18211364 16624,2023-174CP,58341,6889.383,94.848,517.516,504.981,0,54:38.9
GENERATED VIA SPACETRACK.ORG API,18 SPCS,58341,NINJASAT,PAYLOAD,U,23174CP,2024/2/26 4:18,322144,15.1823667,0.0009172,97.4666,133.5998,229.1848,130.8591,0,999,1673,0.00083904,0.00017152,0,4198791,0 NINJASAT,1 58341U 23174CP  24057.17961021  .00017152  00000-0  83904-3 0  9996,2 58341  97.4666 133.5998 0009172 229.1848 130.8591 15.18236670 16735,2023-174CP,58341,6889.307,94.847,517.491,504.853,0,18:38.3
GENERATED VIA SPACETRACK.ORG API,18 SPCS,58341,NINJASAT,PAYLOAD,U,23174CP,2024/2/27 4:02,150976,15.182664,0.0009281,97.4661,134.5756,225.6979,134.3495,0,999,1688,0.00075653,0.00015469,0,4199577,0 NINJASAT,1 58341U 23174CP  24058.16821934  .00015469  00000-0  75653-3 0  9995,2 58341  97.4661 134.5756 0009281 225.6979 134.3495 15.18266400 16882,2023-174CP,58341,6889.217,94.845,517.476,504.688,0,02:14.2
GENERATED VIA SPACETRACK.ORG API,18 SPCS,58341,NINJASAT,PAYLOAD,U,23174CP,2024/2/28 3:45,423744,15.18292647,0.0009338,97.4659,135.5514,221.861,138.1911,0,999,1703,0.00066622,0.00013621,0,4200553,0 NINJASAT,1 58341U 23174CP  24059.15681046  .00013621  00000-0  66622-3 0  9997,2 58341  97.4659 135.5514 0009338 221.8610 138.1911 15.18292647 17030,2023-174CP,58341,6889.137,94.843,517.436,504.569,0,45:48.4
GENERATED VIA SPACETRACK.ORG API,18 SPCS,58341,NINJASAT,PAYLOAD,U,23174CP,2024/2/29 3:29,327072,15.18315003,0.0009364,97.4658,136.5273,217.9406,142.1169,0,999,1718,0.00055144,0.00011267,0,4201427,0 NINJASAT,1 58341U 23174CP  24060.14538573  .00011267  00000-0  55144-3 0  9995,2 58341  97.4658 136.5273 0009364 217.9406 142.1169 15.18315003 17188,2023-174CP,58341,6889.07,94.842,517.386,504.484,0,29:21.3
GENERATED VIA SPACETRACK.ORG API,18 SPCS,58341,NINJASAT,PAYLOAD,U,23174CP,2024/3/1 3:12,987968,15.18336845,0.0009415,97.4655,137.5031,214.1395,145.9234,0,999,1733,0.00053142,0.00010862,0,4202366,0 NINJASAT,1 58341U 23174CP  24061.13394662  .00010862  00000-0  53142-3 0  9990,2 58341  97.4655 137.5031 0009415 214.1395 145.9234 15.18336845 17339,2023-174CP,58341,6889.004,94.841,517.355,504.383,0,12:53.0
GENERATED VIA SPACETRACK.ORG API,18 SPCS,58341,NINJASAT,PAYLOAD,U,23174CP,2024/3/2 2:56,319168,15.18361318,0.000947,97.4652,138.479,210.8604,149.2074,0,999,1748,0.00057432,0.00011754,0,4203641,0 NINJASAT,1 58341U 23174CP  24062.12249212  .00011754  00000-0  57432-3 0  9997,2 58341  97.4652 138.4790 0009470 210.8604 149.2074 15.18361318 17483,2023-174CP,58341,6888.93,94.839,517.319,504.271,0,56:23.3
GENERATED VIA SPACETRACK.ORG API,18 SPCS,58341,NINJASAT,PAYLOAD,U,23174CP,2024/3/3 4:14,45248,15.18389829,0.0009583,97.4652,139.5202,207.0778,152.9958,0,999,1764,0.00061572,0.00012618,0,4205058,0 NINJASAT,1 58341U 23174CP  24063.17692182  .00012618  00000-0  61572-3 0  9991,2 58341  97.4652 139.5202 0009583 207.0778 152.9958 15.18389829 17645,2023-174CP,58341,6888.843,94.837,517.31,504.107,0,14:46.0
GENERATED VIA SPACETRACK.ORG API,18 SPCS,58341,NINJASAT,PAYLOAD,U,23174CP,2024/3/4 3:58,59552,15.18434178,0.0009694,97.4651,140.4962,203.7963,156.2824,0,999,1779,0.0011772,0.00024256,0,4206581,0 NINJASAT,1 58341U 23174CP  24064.16542893  .00024256  00000-0  11772-2 0  9991,2 58341  97.4651 140.4962 0009694 203.7963 156.2824 15.18434178 17793,2023-174CP,58341,6888.709,94.835,517.252,503.896,0,58:13.1
GENERATED VIA SPACETRACK.ORG API,18 SPCS,58341,NINJASAT,PAYLOAD,U,23174CP,2024/3/5 3:41,188608,15.1845831,0.0009762,97.4654,141.4721,200.057,160.0281,0,999,1794,0.00068024,0.00013978,0,4208707,0 NINJASAT,1 58341U 23174CP  24065.15391422  .00013978  00000-0  68024-3 0  9993,2 58341  97.4654 141.4721 0009762 200.0570 160.0281 15.18458310 17941,2023-174CP,58341,6888.636,94.833,517.226,503.777,0,41:38.2
GENERATED VIA SPACETRACK.ORG API,18 SPCS,58341,NINJASAT,PAYLOAD,U,23174CP,2024/3/6 3:25,267392,15.18493372,0.0009818,97.4656,142.448,196.2517,163.8404,0,999,1809,0.00073491,0.00015125,0,4210439,0 NINJASAT,1 58341U 23174CP  24066.14237578  .00015125  00000-0  73491-3 0  9994,2 58341  97.4656 142.4480 0009818 196.2517 163.8404 15.18493372 18097,2023-174CP,58341,6888.53,94.831,517.158,503.632,0,25:01.3
GENERATED VIA SPACETRACK.ORG API,18 SPCS,58341,NINJASAT,PAYLOAD,U,23174CP,2024/3/7 4:43,115520,15.18522075,0.0009878,97.4656,143.489,192.351,167.7484,0,999,1825,0.00061645,0.00012683,0,4211952,0 NINJASAT,1 58341U 23174CP  24067.19671430  .00012683  00000-0  61645-3 0  9993,2 58341  97.4656 143.4890 0009878 192.3510 167.7484 15.18522075 18251,2023-174CP,58341,6888.444,94.829,517.113,503.504,0,43:16.1
GENERATED VIA SPACETRACK.ORG API,18 SPCS,58341,NINJASAT,PAYLOAD,U,23174CP,2024/3/8 1:16,377792,15.18547689,0.0009962,97.4653,144.3348,189.4921,170.6126,0,999,1838,0.00070616,0.00014553,0,4212837,0 NINJASAT,1 58341U 23174CP  24068.05334928  .00014553  00000-0  70616-3 0  9993,2 58341  97.4653 144.3348 0009962 189.4921 170.6126 15.18547689 18381,2023-174CP,58341,6888.366,94.827,517.093,503.369,0,16:49.4
GENERATED VIA SPACETRACK.ORG API,18 SPCS,58341,NINJASAT,PAYLOAD,U,23174CP,2024/3/9 4:09,155808,15.18578646,0.001006,97.4649,145.4407,186.0562,174.0552,0,999,1855,0.00066529,0.00013718,0,4215387,0 NINJASAT,1 58341U 23174CP  24069.17354347  .00013718  00000-0  66529-3 0  9994,2 58341  97.4649 145.4407 0010060 186.0562 174.0552 15.18578646 18556,2023-174CP,58341,6888.272,94.826,517.067,503.208,0,09:54.2
GENERATED VIA SPACETRACK.ORG API,18 SPCS,58341,NINJASAT,PAYLOAD,U,23174CP,2024/3/10 3:53,749408,15.18608875,0.0010147,97.4646,146.4164,182.837,177.2808,0,999,1870,0.00071692,0.00014803,0,4217185,0 NINJASAT,1 58341U 23174CP  24070.16192997  .00014803  00000-0  71692-3 0  9999,2 58341  97.4646 146.4164 0010147 182.8370 177.2808 15.18608875 18705,2023-174CP,58341,6888.181,94.824,517.035,503.057,0,53:10.7
GENERATED VIA SPACETRACK.ORG API,18 SPCS,58341,NINJASAT,PAYLOAD,U,23174CP,2024/3/11 3:36,770528,15.18636459,0.0010217,97.4644,147.3923,179.219,180.9062,0,999,1885,0.00067466,0.00013936,0,4218996,0 NINJASAT,1 58341U 23174CP  24071.15029827  .00013936  00000-0  67466-3 0  9990,2 58341  97.4644 147.3923 0010217 179.2190 180.9062 15.18636459 18852,2023-174CP,58341,6888.098,94.822,517,502.925,0,36:25.8
GENERATED VIA SPACETRACK.ORG API,18 SPCS,58341,NINJASAT,PAYLOAD,U,23174CP,2024/3/12 3:19,291744,15.18661383,0.0010313,97.464,148.3681,175.6559,184.4766,0,999,1900,0.00059313,0.0001225,0,4220708,0 NINJASAT,1 58341U 23174CP  24072.13864921  .00012250  00000-0  59313-3 0  9991,2 58341  97.4640 148.3681 0010313 175.6559 184.4766 15.18661383 19008,2023-174CP,58341,6888.022,94.82,516.991,502.784,0,19:39.3
GENERATED VIA SPACETRACK.ORG API,18 SPCS,58341,NINJASAT,PAYLOAD,U,23174CP,2024/3/13 4:37,204736,15.18686183,0.0010393,97.4634,149.4091,172.0707,188.0693,0,999,1916,0.00053406,0.0001103,0,4222170,0 NINJASAT,1 58341U 23174CP  24073.19287274  .00011030  00000-0  53406-3 0  9990,2 58341  97.4634 149.4091 0010393 172.0707 188.0693 15.18686183 19163,2023-174CP,58341,6887.947,94.819,516.971,502.654,0,37:44.2
GENERATED VIA SPACETRACK.ORG API,18 SPCS,58341,NINJASAT,PAYLOAD,U,23174CP,2024/3/14 4:20,826368,15.18712857,0.001046,97.4629,150.3851,169.0792,191.0671,0,999,1931,0.00058674,0.00012136,0,4224057,0 NINJASAT,1 58341U 23174CP  24074.18119012  .00012136  00000-0  58674-3 0  9994,2 58341  97.4629 150.3851 0010460 169.0792 191.0671 15.18712857 19312,2023-174CP,58341,6887.867,94.817,516.936,502.527,0,20:54.8
GENERATED VIA SPACETRACK.ORG API,18 SPCS,58341,NINJASAT,PAYLOAD,U,23174CP,2024/3/15 4:04,901440,15.18742411,0.0010515,97.4626,151.361,166.2224,193.9299,0,999,1946,0.00068791,0.00014256,0,4225791,0 NINJASAT,1 58341U 23174CP  24075.16948960  .00014256  00000-0  68791-3 0  9991,2 58341  97.4626 151.3610 0010515 166.2224 193.9299 15.18742411 19465,2023-174CP,58341,6887.777,94.815,516.885,502.4,0,04:03.9
GENERATED VIA SPACETRACK.ORG API,18 SPCS,58341,NINJASAT,PAYLOAD,U,23174CP,2024/3/16 3:47,457600,15.18767297,0.0010583,97.4627,152.3369,162.8792,197.2801,0,999,1961,0.0005807,0.00012029,0,4227332,0 NINJASAT,1 58341U 23174CP  24076.15777150  .00012029  00000-0  58070-3 0  9997,2 58341  97.4627 152.3369 0010583 162.8792 197.2801 15.18767297 19617,2023-174CP,58341,6887.702,94.814,516.856,502.278,0,47:11.5
GENERATED VIA SPACETRACK.ORG API,18 SPCS,58341,NINJASAT,PAYLOAD,U,23174CP,2024/3/17 3:30,543232,15.18792923,0.0010676,97.4628,153.3129,159.4861,200.6804,0,999,1976,0.00055569,0.00011516,0,4229163,0 NINJASAT,1 58341U 23174CP  24077.14603638  .00011516  00000-0  55569-3 0  9996,2 58341  97.4628 153.3129 0010676 159.4861 200.6804 15.18792923 19767,2023-174CP,58341,6887.625,94.812,516.843,502.136,0,30:17.5
GENERATED VIA SPACETRACK.ORG API,18 SPCS,58341,NINJASAT,PAYLOAD,U,23174CP,2024/3/18 4:48,576544,15.18816943,0.0010752,97.4629,154.3539,155.85,204.3241,0,999,1992,0.00048712,0.00010092,0,4230802,0 NINJASAT,1 58341U 23174CP  24078.20016871  .00010092  00000-0  48712-3 0  9991,2 58341  97.4629 154.3539 0010752 155.8500 204.3241 15.18816943 19922,2023-174CP,58341,6887.552,94.811,516.822,502.011,0,48:14.6
GENERATED VIA SPACETRACK.ORG API,18 SPCS,58341,NINJASAT,PAYLOAD,U,23174CP,2024/3/19 2:56,600992,15.18844878,0.0010789,97.4627,155.265,152.9961,207.1837,0,999,2006,0.00065635,0.0001364,0,4232368,0 NINJASAT,1 58341U 23174CP  24079.12251853  .00013640  00000-0  65635-3 0  9999,2 58341  97.4627 155.2650 0010789 152.9961 207.1837 15.18844878 20060,2023-174CP,58341,6887.467,94.809,516.763,501.902,0,56:25.6
GENERATED VIA SPACETRACK.ORG API,18 SPCS,58341,NINJASAT,PAYLOAD,U,23174CP,2024/3/20 1:04,837824,15.18882406,0.001082,97.4627,156.1757,150.3442,209.8408,0,999,2020,0.00087611,0.0001826,0,4233830,0 NINJASAT,1 58341U 23174CP  24080.04484766  .00018260  00000-0  87611-3 0  9994,2 58341  97.4627 156.1757 0010820 150.3442 209.8408 15.18882406 20208,2023-174CP,58341,6887.354,94.807,516.671,501.767,0,04:34.8
GENERATED VIA SPACETRACK.ORG API,18 SPCS,58341,NINJASAT,PAYLOAD,U,23174CP,2024/3/21 3:57,856864,15.18928085,0.001082,97.4627,157.2817,147.0625,213.1285,0,999,2037,0.00099269,0.00020734,0,4235516,0 NINJASAT,1 58341U 23174CP  24081.16479001  .00020734  00000-0  99269-3 0  9995,2 58341  97.4627 157.2817 0010820 147.0625 213.1285 15.18928085 20376,2023-174CP,58341,6887.216,94.804,516.533,501.629,0,57:17.9
GENERATED VIA SPACETRACK.ORG API,18 SPCS,58341,NINJASAT,PAYLOAD,U,23174CP,2024/3/22 3:40,505888,15.18973582,0.0010874,97.4628,158.2576,143.6139,216.5836,0,999,2052,0.0011032,0.00023087,0,4237574,0 NINJASAT,1 58341U 23174CP  24082.15294567  .00023087  00000-0  11032-2 0  9992,2 58341  97.4628 158.2576 0010874 143.6139 216.5836 15.18973582 20529,2023-174CP,58341,6887.078,94.801,516.432,501.454,0,40:14.5
GENERATED VIA SPACETRACK.ORG API,18 SPCS,58341,NINJASAT,PAYLOAD,U,23174CP,2024/3/23 3:23,331360,15.19020251,0.0010938,97.4628,159.2336,140.3583,219.8453,0,999,2067,0.00096384,0.00020182,0,4239359,0 NINJASAT,1 58341U 23174CP  24083.14106865  .00020182  00000-0  96384-3 0  9992,2 58341  97.4628 159.2336 0010938 140.3583 219.8453 15.19020251 20676,2023-174CP,58341,6886.937,94.798,516.335,501.269,0,23:08.3
GENERATED VIA SPACETRACK.ORG API,18 SPCS,58341,NINJASAT,PAYLOAD,U,23174CP,2024/3/24 4:40,402784,15.19083362,0.0010963,97.4624,160.2744,136.9452,223.2642,0,999,2083,0.0012191,0.0002561,0,4241128,0 NINJASAT,1 58341U 23174CP  24084.19502781  .00025610  00000-0  12191-2 0  9999,2 58341  97.4624 160.2744 0010963 136.9452 223.2642 15.19083362 20830,2023-174CP,58341,6886.747,94.794,516.162,501.062,0,40:50.4
GENERATED VIA SPACETRACK.ORG API,18 SPCS,58341,NINJASAT,PAYLOAD,U,23174CP,2024/3/25 4:23,397472,15.19157521,0.0010972,97.462,161.2504,134.0923,226.1216,0,999,2098,0.0018102,0.00038208,0,4243395,0 NINJASAT,1 58341U 23174CP  24085.18307173  .00038208  00000-0  18102-2 0  9992,2 58341  97.4620 161.2504 0010972 134.0923 226.1216 15.19157521 20987,2023-174CP,58341,6886.522,94.789,515.943,500.832,0,23:37.4
GENERATED VIA SPACETRACK.ORG API,18 SPCS,58341,NINJASAT,PAYLOAD,U,23174CP,2024/3/26 4:06,134880,15.19210859,0.0010882,97.4615,162.2264,131.3016,228.9157,0,999,2113,0.0017468,0.00036916,0,4245557,0 NINJASAT,1 58341U 23174CP  24086.17107795  .00036916  00000-0  17468-2 0  9998,2 58341  97.4615 162.2264 0010882 131.3016 228.9157 15.19210859 21134,2023-174CP,58341,6886.361,94.786,515.72,500.733,0,06:21.1
GENERATED VIA SPACETRACK.ORG API,18 SPCS,58341,NINJASAT,PAYLOAD,U,23174CP,2024/3/27 3:49,371008,15.19244307,0.001093,97.4614,163.2021,128.3129,231.9089,0,999,2128,0.0010478,0.00022094,0,4247464,0 NINJASAT,1 58341U 23174CP  24087.15905522  .00022094  00000-0  10478-2 0  9997,2 58341  97.4614 163.2021 0010930 128.3129 231.9089 15.19244307 21289,2023-174CP,58341,6886.26,94.784,515.652,500.599,0,49:02.4
GENERATED VIA SPACETRACK.ORG API,18 SPCS,58341,NINJASAT,PAYLOAD,U,23174CP,2024/3/28 3:31,425536,15.19280457,0.0011,97.4612,164.1781,125.174,235.0526,0,999,2143,0.00087094,0.00018364,0,4248332,0 NINJASAT,1 58341U 23174CP  24088.14700724  .00018364  00000-0  87094-3 0  9998,2 58341  97.4612 164.1781 0011000 125.1740 235.0526 15.19280457 21437,2023-174CP,58341,6886.151,94.782,515.591,500.441,0,31:41.4
GENERATED VIA SPACETRACK.ORG API,18 SPCS,58341,NINJASAT,PAYLOAD,U,23174CP,2024/3/29 4:49,721696,15.19320441,0.001101,97.4609,165.2195,121.6558,238.5752,0,999,2159,0.00083526,0.00017627,0,4249573,0 NINJASAT,1 58341U 23174CP  24089.20079539  .00017627  00000-0  83526-3 0  9996,2 58341  97.4609 165.2195 0011010 121.6558 238.5752 15.19320441 21597,2023-174CP,58341,6886.03,94.779,515.477,500.314,0,49:08.7
GENERATED VIA SPACETRACK.ORG API,18 SPCS,58341,NINJASAT,PAYLOAD,U,23174CP,2024/3/30 4:31,426848,15.19354897,0.0011024,97.4605,166.1956,118.8547,241.3796,0,999,2174,0.00074791,0.00015789,0,4252228,0 NINJASAT,1 58341U 23174CP  24090.18869707  .00015789  00000-0  74791-3 0  9990,2 58341  97.4605 166.1956 0011024 118.8547 241.3796 15.19354897 21748,2023-174CP,58341,6885.926,94.777,515.382,500.2,0,31:43.4
GENERATED VIA SPACETRACK.ORG API,18 SPCS,58341,NINJASAT,PAYLOAD,U,23174CP,2024/3/31 4:14,409184,15.19391634,0.0010954,97.4602,167.1717,115.9069,244.3296,0,999,2189,0.00099486,0.00021061,0,4254433,0 NINJASAT,1 58341U 23174CP  24091.17657881  .00021061  00000-0  99486-3 0  9996,2 58341  97.4602 167.1717 0010954 115.9069 244.3296 15.19391634 21893,2023-174CP,58341,6885.815,94.775,515.223,500.137,0,14:16.4
GENERATED VIA SPACETRACK.ORG API,18 SPCS,58341,NINJASAT,PAYLOAD,U,23174CP,2024/4/1 3:56,402592,15.19420778,0.0010935,97.4602,168.1479,113.0253,247.2136,0,999,2204,0.00077864,0.00016473,0,4256316,0 NINJASAT,1 58341U 23174CP  24092.16443753  .00016473  00000-0  77864-3 0  9994,2 58341  97.4602 168.1479 0010935 113.0253 247.2136 15.19420778 22047,2023-174CP,58341,6885.727,94.773,515.122,500.062,0,56:47.4
GENERATED VIA SPACETRACK.ORG API,18 SPCS,58341,NINJASAT,PAYLOAD,U,23174CP,2024/4/2 3:39,557408,15.19454377,0.0010964,97.4603,169.1242,110.0287,250.2129,0,999,2219,0.00077568,0.00016426,0,4258311,0 NINJASAT,1 58341U 23174CP  24093.15227497  .00016426  00000-0  77568-3 0  9998,2 58341  97.4603 169.1242 0010964 110.0287 250.2129 15.19454377 22197,2023-174CP,58341,6885.625,94.771,515.04,499.941,0,39:16.6
GENERATED VIA SPACETRACK.ORG API,18 SPCS,58341,NINJASAT,PAYLOAD,U,23174CP,2024/4/3 3:21,89632,15.19480091,0.0011007,97.4605,170.1004,107.0007,253.2435,0,999,2234,0.0006181,0.00013079,0,4260113,0 NINJASAT,1 58341U 23174CP  24094.14009363  .00013079  00000-0  61810-3 0  9992,2 58341  97.4605 170.1004 0011007 107.0007 253.2435 15.19480091 22344,2023-174CP,58341,6885.548,94.769,514.992,499.834,0,21:44.1
GENERATED VIA SPACETRACK.ORG API,18 SPCS,58341,NINJASAT,PAYLOAD,U,23174CP,2024/4/4 4:38,951616,15.19502065,0.0011027,97.4606,171.1417,103.8477,256.3985,0,999,2250,0.00044604,9.42E-05,0,4262020,0 NINJASAT,1 58341U 23174CP  24095.19374944  .00009421  00000-0  44604-3 0  9996,2 58341  97.4606 171.1417 0011027 103.8477 256.3985 15.19502065 22509,2023-174CP,58341,6885.481,94.768,514.939,499.754,0,39:00.0
GENERATED VIA SPACETRACK.ORG API,18 SPCS,58341,NINJASAT,PAYLOAD,U,23174CP,2024/4/5 4:21,800256,15.19526932,0.0010955,97.4606,172.118,100.8501,259.3967,0,999,2265,0.00057543,0.00012186,0,4263789,0 NINJASAT,1 58341U 23174CP  24096.18153704  .00012186  00000-0  57543-3 0  9993,2 58341  97.4606 172.1180 0010955 100.8501 259.3967 15.19526932 22659,2023-174CP,58341,6885.406,94.766,514.814,499.728,0,21:24.8
GENERATED VIA SPACETRACK.ORG API,18 SPCS,58341,NINJASAT,PAYLOAD,U,23174CP,2024/4/6 4:03,195648,15.19553593,0.0010877,97.4606,173.0941,97.9516,262.2954,0,999,2280,0.00062463,0.00013246,0,4265582,0 NINJASAT,1 58341U 23174CP  24097.16930782  .00013246  00000-0  62463-3 0  9996,2 58341  97.4606 173.0941 0010877  97.9516 262.2954 15.19553593 22808,2023-174CP,58341,6885.326,94.765,514.68,499.702,0,03:48.2
GENERATED VIA SPACETRACK.ORG API,18 SPCS,58341,NINJASAT,PAYLOAD,U,23174CP,2024/4/7 11:40,891104,15.19590879,0.0010859,97.4605,174.3955,93.951,266.2966,0,999,2300,0.00061955,0.00013152,0,4267348,0 NINJASAT,1 58341U 23174CP  24098.48630661  .00013152  00000-0  61955-3 0  9996,2 58341  97.4605 174.3955 0010859  93.9510 266.2966 15.19590879 23004,2023-174CP,58341,6885.213,94.762,514.555,499.601,0,40:16.9
GENERATED VIA SPACETRACK.ORG API,18 SPCS,58341,NINJASAT,PAYLOAD,U,23174CP,2024/4/8 3:28,227520,15.19608748,0.0010869,97.4605,175.0463,91.9751,268.2728,0,999,2310,0.00059462,0.00012625,0,4268633,0 NINJASAT,1 58341U 23174CP  24099.14479430  .00012625  00000-0  59462-3 0  9999,2 58341  97.4605 175.0463 0010869  91.9751 268.2728 15.19608748 23106,2023-174CP,58341,6885.159,94.761,514.508,499.541,0,28:30.2
GENERATED VIA SPACETRACK.ORG API,18 SPCS,58341,NINJASAT,PAYLOAD,U,23174CP,2024/4/9 4:45,116512,15.19637183,0.0010877,97.4601,176.0876,88.8091,271.439,0,999,2326,0.00055924,0.00011879,0,4270382,0 NINJASAT,1 58341U 23174CP  24100.19835783  .00011879  00000-0  55924-3 0  9993,2 58341  97.4601 176.0876 0010877  88.8091 271.4390 15.19637183 23265,2023-174CP,58341,6885.073,94.759,514.427,499.449,0,45:38.1
GENERATED VIA SPACETRACK.ORG API,18 SPCS,58341,NINJASAT,PAYLOAD,U,23174CP,2024/4/10 4:27,225440,15.19666311,0.0010824,97.4596,177.0637,85.8944,274.3528,0,999,2341,0.00066746,0.00014207,0,4272017,0 NINJASAT,1 58341U 23174CP  24101.18605585  .00014207  00000-0  66746-3 0  9990,2 58341  97.4596 177.0637 0010824  85.8944 274.3528 15.19666311 23417,2023-174CP,58341,6884.985,94.758,514.303,499.398,0,27:55.2
GENERATED VIA SPACETRACK.ORG API,18 SPCS,58341,NINJASAT,PAYLOAD,U,23174CP,2024/4/11 4:10,829280,15.19691861,0.0010696,97.4592,178.0399,82.7079,277.5371,0,999,2356,0.0006194,0.00013187,0,4274023,0 NINJASAT,1 58341U 23174CP  24102.17373645  .00013187  00000-0  61940-3 0  9996,2 58341  97.4592 178.0399 0010696  82.7079 277.5371 15.19691861 23566,2023-174CP,58341,6884.908,94.756,514.137,499.409,0,10:10.8
GENERATED VIA SPACETRACK.ORG API,18 SPCS,58341,NINJASAT,PAYLOAD,U,23174CP,2024/4/12 3:52,835584,15.19721136,0.0010642,97.4588,179.0162,79.5549,280.6884,0,999,2371,0.00066157,0.00014102,0,4275685,0 NINJASAT,1 58341U 23174CP  24103.16139856  .00014102  00000-0  66157-3 0  9993,2 58341  97.4588 179.0162 0010642  79.5549 280.6884 15.19721136 23717,2023-174CP,58341,6884.82,94.754,514.012,499.358,0,52:24.8
GENERATED VIA SPACETRACK.ORG API,18 SPCS,58341,NINJASAT,PAYLOAD,U,23174CP,2024/4/13 3:34,132032,15.19752508,0.0010603,97.4588,179.9925,76.6067,283.6349,0,999,2386,0.00070824,0.00015118,0,4277379,0 NINJASAT,1 58341U 23174CP  24104.14904088  .00015118  00000-0  70824-3 0  9993,2 58341  97.4588 179.9925 0010603  76.6067 283.6349 15.19752508 23865,2023-174CP,58341,6884.725,94.752,513.89,499.29,0,34:37.1
GENERATED VIA SPACETRACK.ORG API,18 SPCS,58341,NINJASAT,PAYLOAD,U,23174CP,2024/4/14 4:51,12096,15.19792922,0.0010577,97.4587,181.0339,73.3349,286.9046,0,999,2402,0.00081889,0.00017516,0,4279146,0 NINJASAT,1 58341U 23174CP  24105.20250014  .00017516  00000-0  81889-3 0  9991,2 58341  97.4587 181.0339 0010577  73.3349 286.9046 15.19792922 24027,2023-174CP,58341,6884.603,94.75,513.75,499.186,0,51:36.0
GENERATED VIA SPACETRACK.ORG API,18 SPCS,58341,NINJASAT,PAYLOAD,U,23174CP,2024/4/15 4:33,953120,15.19835938,0.0010499,97.4585,182.0102,70.2431,289.9935,0,999,2417,0.00097952,0.00021001,0,4280778,0 NINJASAT,1 58341U 23174CP  24106.19009205  .00021001  00000-0  97952-3 0  9996,2 58341  97.4585 182.0102 0010499  70.2431 289.9935 15.19835938 24176,2023-174CP,58341,6884.473,94.747,513.566,499.11,0,33:44.0
GENERATED VIA SPACETRACK.ORG API,18 SPCS,58341,NINJASAT,PAYLOAD,U,23174CP,2024/4/16 4:15,461984,15.19881817,0.0010355,97.4584,182.9869,66.5226,293.7096,0,999,2432,0.0011697,0.00025139,0,4282744,0 NINJASAT,1 58341U 23174CP  24107.17765581  .00025139  00000-0  11697-2 0  9998,2 58341  97.4584 182.9869 0010355  66.5226 293.7096 15.19881817 24320,2023-174CP,58341,6884.334,94.744,513.328,499.071,0,15:49.5
GENERATED VIA SPACETRACK.ORG API,18 SPCS,58341,NINJASAT,PAYLOAD,U,23174CP,2024/4/17 3:57,835392,15.19945422,0.0010251,97.4586,183.9628,63.3449,296.8834,0,999,2447,0.0015109,0.00032584,0,4284701,0 NINJASAT,1 58341U 23174CP  24108.16518328  .00032584  00000-0  15109-2 0  9997,2 58341  97.4586 183.9628 0010251  63.3449 296.8834 15.19945422 24476,2023-174CP,58341,6884.142,94.74,513.064,498.95,0,57:51.8
GENERATED VIA SPACETRACK.ORG API,18 SPCS,58341,NINJASAT,PAYLOAD,U,23174CP,2024/4/18 3:39,922144,15.20000804,0.0010224,97.459,184.9395,60.0912,300.1337,0,999,2462,0.001354,0.00029226,0,4286542,0 NINJASAT,1 58341U 23174CP  24109.15267271  .00029226  00000-0  13540-2 0  9991,2 58341  97.4590 184.9395 0010224  60.0912 300.1337 15.20000804 24624,2023-174CP,58341,6883.975,94.737,512.878,498.802,0,39:50.9
GENERATED VIA SPACETRACK.ORG API,18 SPCS,58341,NINJASAT,PAYLOAD,U,23174CP,2024/4/19 4:56,463616,15.20059249,0.0010185,97.4591,185.9809,56.8459,303.3752,0,999,2478,0.0012809,0.00027686,0,4288308,0 NINJASAT,1 58341U 23174CP  24110.20595444  .00027686  00000-0  12809-2 0  9990,2 58341  97.4591 185.9809 0010185  56.8459 303.3752 15.20059249 24781,2023-174CP,58341,6883.799,94.733,512.675,498.653,0,56:34.5
GENERATED VIA SPACETRACK.ORG API,18 SPCS,58341,NINJASAT,PAYLOAD,U,23174CP,2024/4/20 4:38,535552,15.20132458,0.0010132,97.4591,186.9571,53.7411,306.4759,0,999,2493,0.001564,0.0003392,0,4290153,0 NINJASAT,1 58341U 23174CP  24111.19336268  .00033920  00000-0  15640-2 0  9990,2 58341  97.4591 186.9571 0010132  53.7411 306.4759 15.20132458 24936,2023-174CP,58341,6883.578,94.729,512.417,498.468,0,38:26.5
GENERATED VIA SPACETRACK.ORG API,18 SPCS,58341,NINJASAT,PAYLOAD,U,23174CP,2024/4/21 4:20,382528,15.20198739,0.000997,97.4588,187.9335,50.0773,310.1337,0,999,2508,0.0012038,0.00026114,0,4292338,0 NINJASAT,1 58341U 23174CP  24112.18072202  .00026114  00000-0  12038-2 0  9990,2 58341  97.4588 187.9335 0009970  50.0773 310.1337 15.20198739 25085,2023-174CP,58341,6883.378,94.724,512.105,498.38,0,20:14.4
GENERATED VIA SPACETRACK.ORG API,18 SPCS,58341,NINJASAT,PAYLOAD,U,23174CP,2024/4/22 2:27,833920,15.20264014,0.0009842,97.4587,188.8448,46.6882,313.5173,0,999,2522,0.0015481,0.00033699,0,4293666,0 NINJASAT,1 58341U 23174CP  24113.10222030  .00033699  00000-0  15481-2 0  9990,2 58341  97.4587 188.8448 0009842  46.6882 313.5173 15.20264014 25220,2023-174CP,58341,6883.181,94.72,511.82,498.271,0,27:11.8
GENERATED VIA SPACETRACK.ORG API,18 SPCS,58341,NINJASAT,PAYLOAD,U,23174CP,2024/4/23 3:43,399168,15.20328829,0.0009752,97.4587,189.8863,43.1291,317.0706,0,999,2538,0.0013537,0.00029497,0,4295533,0 NINJASAT,1 58341U 23174CP  24114.15531712  .00029497  00000-0  13537-2 0  9997,2 58341  97.4587 189.8863 0009752  43.1291 317.0706 15.20328829 25381,2023-174CP,58341,6882.985,94.716,511.562,498.138,0,43:39.4
GENERATED VIA SPACETRACK.ORG API,18 SPCS,58341,NINJASAT,PAYLOAD,U,23174CP,2024/4/24 3:25,574016,15.20392664,0.0009689,97.4585,190.8628,40.2244,319.9706,0,999,2553,0.0013867,0.00030277,0,4297067,0 NINJASAT,1 58341U 23174CP  24115.14255294  .00030277  00000-0  13867-2 0  9999,2 58341  97.4585 190.8628 0009689  40.2244 319.9706 15.20392664 25531,2023-174CP,58341,6882.792,94.712,511.326,497.989,0,25:16.6
GENERATED VIA SPACETRACK.ORG API,18 SPCS,58341,NINJASAT,PAYLOAD,U,23174CP,2024/4/25 4:41,248352,15.20457998,0.0009622,97.4583,191.9047,36.3693,323.8194,0,999,2569,0.001244,0.00027194,0,4297936,0 NINJASAT,1 58341U 23174CP  24116.19555843  .00027194  00000-0  12440-2 0  9998,2 58341  97.4583 191.9047 0009622  36.3693 323.8194 15.20457998 25691,2023-174CP,58341,6882.595,94.708,511.083,497.838,0,41:36.2
GENERATED VIA SPACETRACK.ORG API,18 SPCS,58341,NINJASAT,PAYLOAD,U,23174CP,2024/4/26 4:23,540576,15.20511499,0.0009481,97.4577,192.8816,32.4114,327.7702,0,999,2584,0.0012302,0.00026931,0,4298900,0 NINJASAT,1 58341U 23174CP  24117.18271459  .00026931  00000-0  12302-2 0  9991,2 58341  97.4577 192.8816 0009481  32.4114 327.7702 15.20511499 25848,2023-174CP,58341,6882.434,94.705,510.824,497.773,0,23:06.5
GENERATED VIA SPACETRACK.ORG API,18 SPCS,58341,NINJASAT,PAYLOAD,U,23174CP,2024/4/27 4:04,502080,15.20576138,0.0009334,97.4573,193.8581,28.9001,331.275,0,999,2599,0.0014542,0.00031928,0,4299778,0 NINJASAT,1 58341U 23174CP  24118.16983220  .00031928  00000-0  14542-2 0  9996,2 58341  97.4573 193.8581 0009334  28.9001 331.2750 15.20576138 25996,2023-174CP,58341,6882.239,94.701,510.528,497.68,0,04:33.5
GENERATED VIA SPACETRACK.ORG API,18 SPCS,58341,NINJASAT,PAYLOAD,U,23174CP,2024/4/28 5:20,627840,15.20633696,0.0009248,97.4572,194.9002,25.3503,334.8185,0,999,2615,0.0012231,0.00026869,0,4300845,0 NINJASAT,1 58341U 23174CP  24119.22271560  .00026869  00000-0  12231-2 0  9992,2 58341  97.4572 194.9002 0009248  25.3503 334.8185 15.20633696 26150,2023-174CP,58341,6882.065,94.697,510.295,497.565,0,20:42.6
GENERATED VIA SPACETRACK.ORG API,18 SPCS,58341,NINJASAT,PAYLOAD,U,23174CP,2024/4/29 3:27,321120,15.2066614,0.0009178,97.4572,195.8118,22.5175,337.6461,0,999,2629,0.00084399,0.00018516,0,4301798,0 NINJASAT,1 58341U 23174CP  24120.14396205  .00018516  00000-0  84399-3 0  9994,2 58341  97.4572 195.8118 0009178  22.5175 337.6461 15.20666140 26297,2023-174CP,58341,6881.967,94.695,510.148,497.516,0,27:18.3
GENERATED VIA SPACETRACK.ORG API,18 SPCS,58341,NINJASAT,PAYLOAD,U,23174CP,2024/4/30 4:43,818432,15.20697291,0.0009039,97.4572,196.8538,18.8663,341.2905,0,999,2645,0.00063717,0.00013965,0,4302795,0 NINJASAT,1 58341U 23174CP  24121.19679188  .00013965  00000-0  63717-3 0  9998,2 58341  97.4572 196.8538 0009039  18.8663 341.2905 15.20697291 26453,2023-174CP,58341,6881.873,94.693,509.959,497.518,0,43:22.8
GENERATED VIA SPACETRACK.ORG API,18 SPCS,58341,NINJASAT,PAYLOAD,U,23174CP,2024/5/1 4:24,436640,15.20729148,0.0008946,97.4571,197.8308,15.2443,344.906,0,999,2660,0.00078852,0.00017322,0,4303688,0 NINJASAT,1 58341U 23174CP  24122.18380135  .00017322  00000-0  78852-3 0  9996,2 58341  97.4571 197.8308 0008946  15.2443 344.9060 15.20729148 26607,2023-174CP,58341,6881.777,94.691,509.798,497.486,0,24:40.4
GENERATED VIA SPACETRACK.ORG API,18 SPCS,58341,NINJASAT,PAYLOAD,U,23174CP,2024/5/2 4:05,382144,15.20756907,0.0008816,97.4571,198.8077,11.4703,348.6732,0,999,2675,0.00071746,0.00015764,0,4304464,0 NINJASAT,1 58341U 23174CP  24123.17079146  .00015764  00000-0  71746-3 0  9996,2 58341  97.4571 198.8077 0008816  11.4703 348.6732 15.20756907 26750,2023-174CP,58341,6881.693,94.69,509.625,497.491,0,05:56.4
GENERATED VIA SPACETRACK.ORG API,18 SPCS,58341,NINJASAT,PAYLOAD,U,23174CP,2024/5/3 3:47,530528,15.20790622,0.0008717,97.4575,199.7846,7.7176,352.4192,0,999,2690,0.00078036,0.00017172,0,4305550,0 NINJASAT,1 58341U 23174CP  24124.15776077  .00017172  00000-0  78036-3 0  9996,2 58341  97.4575 199.7846 0008717   7.7176 352.4192 15.20790622 26902,2023-174CP,58341,6881.592,94.688,509.455,497.458,0,47:10.5
GENERATED VIA SPACETRACK.ORG API,18 SPCS,58341,NINJASAT,PAYLOAD,U,23174CP,2024/5/4 3:28,555200,15.20825948,0.0008624,97.4578,200.7617,4.597,355.5343,0,999,2705,0.0006892,0.00015169,0,4306520,0 NINJASAT,1 58341U 23174CP  24125.14470550  .00015169  00000-0  68920-3 0  9998,2 58341  97.4578 200.7617 0008624   4.5970 355.5343 15.20825948 27057,2023-174CP,58341,6881.485,94.685,509.285,497.415,0,28:22.6
GENERATED VIA SPACETRACK.ORG API,18 SPCS,58341,NINJASAT,PAYLOAD,U,23174CP,2024/5/5 4:44,674656,15.20854053,0.0008514,97.458,201.8035,0.8794,359.2454,0,999,2721,0.00062715,0.00013806,0,4307432,0 NINJASAT,1 58341U 23174CP  24126.19742679  .00013806  00000-0  62715-3 0  9990,2 58341  97.4580 201.8035 0008514   0.8794 359.2454 15.20854053 27218,2023-174CP,58341,6881.4,94.684,509.124,497.406,0,44:17.7
GENERATED VIA SPACETRACK.ORG API,18 SPCS,58341,NINJASAT,PAYLOAD,U,23174CP,2024/5/6 4:25,578560,15.20886006,0.0008419,97.4578,202.7804,356.9836,3.1348,0,999,2736,0.0008321,0.00018368,0,4308339,0 NINJASAT,1 58341U 23174CP  24127.18433540  .00018368  00000-0  83210-3 0  9995,2 58341  97.4578 202.7804 0008419 356.9836   3.1348 15.20886006 27361,2023-174CP,58341,6881.304,94.682,508.962,497.375,0,25:26.6
GENERATED VIA SPACETRACK.ORG API,18 SPCS,58341,NINJASAT,PAYLOAD,U,23174CP,2024/5/7 4:06,681888,15.20920305,0.0008347,97.4578,203.7574,352.9622,7.1495,0,999,2751,0.00093458,0.00020665,0,4309282,0 NINJASAT,1 58341U 23174CP  24128.17122317  .00020665  00000-0  93458-3 0  9990,2 58341  97.4578 203.7574 0008347 352.9622   7.1495 15.20920305 27510,2023-174CP,58341,6881.2,94.68,508.809,497.322,0,06:33.7
GENERATED VIA SPACETRACK.ORG API,18 SPCS,58341,NINJASAT,PAYLOAD,U,23174CP,2024/5/8 3:47,965632,15.20947934,0.000824,97.4577,204.7342,349.0399,11.0656,0,999,2766,0.00074055,0.00016364,0,4310224,0 NINJASAT,1 58341U 23174CP  24129.15808988  .00016364  00000-0  74055-3 0  9997,2 58341  97.4577 204.7342 0008240 349.0399  11.0656 15.20947934 27669,2023-174CP,58341,6881.117,94.678,508.652,497.312,0,47:39.0
GENERATED VIA SPACETRACK.ORG API,18 SPCS,58341,NINJASAT,PAYLOAD,U,23174CP,2024/5/9 5:03,547552,15.20985714,0.000815,97.4574,205.7765,345.4424,14.6576,0,999,2782,0.000824,0.0001824,0,4311207,0 NINJASAT,1 58341U 23174CP  24130.21072393  .00018240  00000-0  82400-3 0  9997,2 58341  97.4574 205.7765 0008150 345.4424  14.6576 15.20985714 27821,2023-174CP,58341,6881.003,94.675,508.476,497.26,0,03:26.5
GENERATED VIA SPACETRACK.ORG API,18 SPCS,58341,NINJASAT,PAYLOAD,U,23174CP,2024/5/10 4:44,864672,15.2102338,0.0008081,97.4571,206.7536,341.4683,18.6257,0,999,2797,0.00092254,0.00020458,0,4312142,0 NINJASAT,1 58341U 23174CP  24131.19754473  .00020458  00000-0  92254-3 0  9993,2 58341  97.4571 206.7536 0008081 341.4683  18.6257 15.21023380 27970,2023-174CP,58341,6880.889,94.673,508.315,497.194,0,44:27.9
GENERATED VIA SPACETRACK.ORG API,18 SPCS,58341,NINJASAT,PAYLOAD,U,23174CP,2024/5/11 4:25,439456,15.210846,0.0008062,97.4566,207.7311,337.2756,22.8122,0,999,2812,0.0014107,0.00031422,0,4313067,0 NINJASAT,1 58341U 23174CP  24132.18433379  .00031422  00000-0  14107-2 0  9995,2 58341  97.4566 207.7311 0008062 337.2756  22.8122 15.21084600 28127,2023-174CP,58341,6880.705,94.669,508.117,497.023,0,25:26.4
GENERATED VIA SPACETRACK.ORG API,18 SPCS,58341,NINJASAT,PAYLOAD,U,23174CP,2024/5/12 4:06,892288,15.21225849,0.0007985,97.4563,208.7079,332.6502,27.4312,0,999,2827,0.0013849,0.00030972,0,4314445,0 NINJASAT,1 58341U 23174CP  24133.17104042  .00030972  00000-0  13849-2 0  9998,2 58341  97.4563 208.7079 0007985 332.6502  27.4312 15.21225849 28277,2023-174CP,58341,6880.279,94.661,507.638,496.65,0,06:17.9
GENERATED VIA SPACETRACK.ORG API,18 SPCS,58341,NINJASAT,PAYLOAD,U,23174CP,2024/5/13 3:47,679168,15.21265216,0.0007979,97.4564,209.6856,329.3929,30.684,0,999,2842,0.00096082,0.00021463,0,4315577,0 NINJASAT,1 58341U 23174CP  24134.15770462  .00021463  00000-0  96082-3 0  9998,2 58341  97.4564 209.6856 0007979 329.3929  30.6840 15.21265216 28421,2023-174CP,58341,6880.16,94.658,507.515,496.536,0,47:05.7
GENERATED VIA SPACETRACK.ORG API,18 SPCS,58341,NINJASAT,PAYLOAD,U,23174CP,2024/5/14 3:27,917248,15.21311605,0.0007867,97.4564,210.6628,325.6551,34.4175,0,999,2857,0.0010447,0.0002338,0,4316565,0 NINJASAT,1 58341U 23174CP  24135.14433932  .00023380  00000-0  10447-2 0  9996,2 58341  97.4564 210.6628 0007867 325.6551  34.4175 15.21311605 28579,2023-174CP,58341,6880.02,94.655,507.298,496.473,0,27:50.9
GENERATED VIA SPACETRACK.ORG API,18 SPCS,58341,NINJASAT,PAYLOAD,U,23174CP,2024/5/15 4:43,423104,15.21360472,0.0007832,97.4564,211.7053,321.3274,38.74,0,999,2873,0.0010691,0.00023964,0,4317467,0 NINJASAT,1 58341U 23174CP  24136.19671786  .00023964  00000-0  10691-2 0  9992,2 58341  97.4564 211.7053 0007832 321.3274  38.7400 15.21360472 28732,2023-174CP,58341,6879.873,94.652,507.126,496.35,0,43:16.4
GENERATED VIA SPACETRACK.ORG API,18 SPCS,58341,NINJASAT,PAYLOAD,U,23174CP,2024/5/16 2:49,628640,15.21411845,0.0007853,97.4564,212.6175,317.0904,42.9719,0,999,2887,0.0013043,0.00029317,0,4318465,0 NINJASAT,1 58341U 23174CP  24137.11751885  .00029317  00000-0  13043-2 0  9996,2 58341  97.4564 212.6175 0007853 317.0904  42.9719 15.21411845 28878,2023-174CP,58341,6879.718,94.649,506.986,496.181,0,49:13.6
GENERATED VIA SPACETRACK.ORG API,18 SPCS,58341,NINJASAT,PAYLOAD,U,23174CP,2024/5/17 4:04,388384,15.21481974,0.0007849,97.4563,213.6595,312.4607,47.5965,0,999,2903,0.0012996,0.00029271,0,4319521,0 NINJASAT,1 58341U 23174CP  24138.16981931  .00029271  00000-0  12996-2 0  9994,2 58341  97.4563 213.6595 0007849 312.4607  47.5965 15.21481974 29031,2023-174CP,58341,6879.507,94.645,506.771,495.972,0,04:32.4
GENERATED VIA SPACETRACK.ORG API,18 SPCS,58341,NINJASAT,PAYLOAD,U,23174CP,2024/5/18 3:45,755456,15.21556376,0.0007832,97.4567,214.637,308.3843,51.6689,0,999,2918,0.0016409,0.00037096,0,4320493,0 NINJASAT,1 58341U 23174CP  24139.15630504  .00037096  00000-0  16409-2 0  9998,2 58341  97.4567 214.6370 0007832 308.3843  51.6689 15.21556376 29189,2023-174CP,58341,6879.282,94.64,506.535,495.76,0,45:04.8
GENERATED VIA SPACETRACK.ORG API,18 SPCS,58341,NINJASAT,PAYLOAD,U,23174CP,2024/5/19 5:00,504544,15.2163185,0.0007724,97.4571,215.6796,304.2347,55.8157,0,999,2934,0.0012077,0.00027308,0,4321520,0 NINJASAT,1 58341U 23174CP  24140.20850121  .00027308  00000-0  12077-2 0  9997,2 58341  97.4571 215.6796 0007724 304.2347  55.8157 15.21631850 29346,2023-174CP,58341,6879.055,94.635,506.233,495.607,0,00:14.5
GENERATED VIA SPACETRACK.ORG API,18 SPCS,58341,NINJASAT,PAYLOAD,U,23174CP,2024/5/20 4:40,741376,15.21691904,0.0007728,97.4571,216.6572,300.1286,59.9183,0,999,2949,0.0011542,0.00026137,0,4322179,0 NINJASAT,1 58341U 23174CP  24141.19489284  .00026137  00000-0  11542-2 0  9999,2 58341  97.4571 216.6572 0007728 300.1286  59.9183 15.21691904 29496,2023-174CP,58341,6878.874,94.632,506.055,495.423,0,40:38.7
GENERATED VIA SPACETRACK.ORG API,18 SPCS,58341,NINJASAT,PAYLOAD,U,23174CP,2024/5/21 4:20,912736,15.21745386,0.0007761,97.4569,217.6348,295.7284,64.3151,0,999,2964,0.0011229,0.00025464,0,4323052,0 NINJASAT,1 58341U 23174CP  24142.18124899  .00025464  00000-0  11229-2 0  9991,2 58341  97.4569 217.6348 0007761 295.7284  64.3151 15.21745386 29645,2023-174CP,58341,6878.713,94.628,505.916,495.239,0,20:59.9
GENERATED VIA SPACETRACK.ORG API,18 SPCS,58341,NINJASAT,PAYLOAD,U,23174CP,2024/5/22 4:01,365088,15.21791318,0.0007817,97.4568,218.6121,291.2119,68.8282,0,999,2979,0.00098965,0.00022455,0,4323939,0 NINJASAT,1 58341U 23174CP  24143.16757367  .00022455  00000-0  98965-3 0  9992,2 58341  97.4568 218.6121 0007817 291.2119  68.8282 15.21791318 29790,2023-174CP,58341,6878.574,94.625,505.816,495.062,0,01:18.4
GENERATED VIA SPACETRACK.ORG API,18 SPCS,58341,NINJASAT,PAYLOAD,U,23174CP,2024/5/23 3:41,317024,15.21834594,0.0007775,97.4569,219.5897,287.2134,72.825,0,999,2994,0.00090814,0.00020621,0,4324838,0 NINJASAT,1 58341U 23174CP  24144.15386941  .00020621  00000-0  90814-3 0  9996,2 58341  97.4569 219.5897 0007775 287.2134  72.8250 15.21834594 29947,2023-174CP,58341,6878.444,94.623,505.657,494.961,0,41:34.3
GENERATED VIA SPACETRACK.ORG API,18 SPCS,58341,NINJASAT,PAYLOAD,U,23174CP,2024/5/24 4:56,503744,15.21886205,0.0007728,97.4568,220.6326,282.8173,77.2199,0,999,3010,0.001017,0.00023144,0,4325622,0 NINJASAT,1 58341U 23174CP  24145.20588546  .00023144  00000-0  10170-2 0  9997,2 58341  97.4568 220.6326 0007728 282.8173  77.2199 15.21886205 30105,2023-174CP,58341,6878.288,94.619,505.469,494.838,0,56:28.5
GENERATED VIA SPACETRACK.ORG API,18 SPCS,58341,NINJASAT,PAYLOAD,U,23174CP,2024/5/25 4:36,86784,15.21928575,0.0007788,97.4564,221.6104,278.8529,81.1825,0,999,3025,0.00075668,0.0001721,0,4326613,0 NINJASAT,1 58341U 23174CP  24146.19211906  .00017210  00000-0  75668-3 0  9990,2 58341  97.4564 221.6104 0007788 278.8529  81.1825 15.21928575 30255,2023-174CP,58341,6878.161,94.617,505.383,494.669,0,36:39.1
GENERATED VIA SPACETRACK.ORG API,18 SPCS,58341,NINJASAT,PAYLOAD,U,23174CP,2024/5/26 4:16,580672,15.21963538,0.0007836,97.456,222.5881,274.8109,85.2232,0,999,3040,0.00071654,0.00016308,0,4327610,0 NINJASAT,1 58341U 23174CP  24147.17832848  .00016308  00000-0  71654-3 0  9991,2 58341  97.4560 222.5881 0007836 274.8109  85.2232 15.21963538 30409,2023-174CP,58341,6878.056,94.615,505.31,494.531,0,16:47.6
GENERATED VIA SPACETRACK.ORG API,18 SPCS,58341,NINJASAT,PAYLOAD,U,23174CP,2024/5/27 3:56,340512,15.21994146,0.0007901,97.4558,223.5658,270.6632,89.3698,0,999,3055,0.00069036,0.00015723,0,4328447,0 NINJASAT,1 58341U 23174CP  24148.16451783  .00015723  00000-0  69036-3 0  9997,2 58341  97.4558 223.5658 0007901 270.6632  89.3698 15.21994146 30553,2023-174CP,58341,6877.963,94.613,505.263,494.394,0,56:54.3
GENERATED VIA SPACETRACK.ORG API,18 SPCS,58341,NINJASAT,PAYLOAD,U,23174CP,2024/5/28 3:36,476896,15.22021138,0.0007931,97.4558,224.5437,266.4565,93.5764,0,999,3070,0.00059279,0.00013497,0,4329311,0 NINJASAT,1 58341U 23174CP  24149.15068839  .00013497  00000-0  59279-3 0  9997,2 58341  97.4558 224.5437 0007931 266.4565  93.5764 15.22021138 30701,2023-174CP,58341,6877.882,94.611,505.202,494.292,0,36:59.5
GENERATED VIA SPACETRACK.ORG API,18 SPCS,58341,NINJASAT,PAYLOAD,U,23174CP,2024/5/29 4:51,248096,15.22048766,0.0007914,97.4558,225.5868,262.1094,97.9244,0,999,3086,0.00050212,0.00011428,0,4330222,0 NINJASAT,1 58341U 23174CP  24150.20258389  .00011428  00000-0  50212-3 0  9996,2 58341  97.4558 225.5868 0007914 262.1094  97.9244 15.22048766 30865,2023-174CP,58341,6877.799,94.609,505.107,494.221,0,51:43.2
GENERATED VIA SPACETRACK.ORG API,18 SPCS,58341,NINJASAT,PAYLOAD,U,23174CP,2024/5/30 4:31,327648,15.22075271,0.0007989,97.4557,226.5647,258.0917,101.9424,0,999,3101,0.00054598,0.00012444,0,4331058,0 NINJASAT,1 58341U 23174CP  24151.18871907  .00012444  00000-0  54598-3 0  9991,2 58341  97.4557 226.5647 0007989 258.0917 101.9424 15.22075271 31015,2023-174CP,58341,6877.719,94.608,505.079,494.089,0,31:45.3
GENERATED VIA SPACETRACK.ORG API,18 SPCS,58341,NINJASAT,PAYLOAD,U,23174CP,2024/5/31 4:11,942720,15.22107072,0.0008077,97.4558,227.5426,254.38,105.6545,0,999,3116,0.00076737,0.00017547,0,4331942,0 NINJASAT,1 58341U 23174CP  24152.17483730  .00017547  00000-0  76737-3 0  9992,2 58341  97.4558 227.5426 0008077 254.3800 105.6545 15.22107072 31167,2023-174CP,58341,6877.623,94.606,505.043,493.933,0,11:45.9
GENERATED VIA SPACETRACK.ORG API,18 SPCS,58341,NINJASAT,PAYLOAD,U,23174CP,2024/6/1 3:51,777952,15.22138253,0.0008151,97.4561,228.5204,250.4754,109.5602,0,999,3131,0.00076877,0.00017596,0,4332983,0 NINJASAT,1 58341U 23174CP  24153.16093493  .00017596  00000-0  76877-3 0  9994,2 58341  97.4561 228.5204 0008151 250.4754 109.5602 15.22138253 31313,2023-174CP,58341,6877.529,94.604,505,493.788,0,51:44.8
GENERATED VIA SPACETRACK.ORG API,18 SPCS,58341,NINJASAT,PAYLOAD,U,23174CP,2024/6/2 3:31,767680,15.22172393,0.0008175,97.4566,229.4981,246.4702,113.5676,0,999,3146,0.00080042,0.00018344,0,4333895,0 NINJASAT,1 58341U 23174CP  24154.14701120  .00018344  00000-0  80042-3 0  9997,2 58341  97.4566 229.4981 0008175 246.4702 113.5676 15.22172393 31469,2023-174CP,58341,6877.426,94.602,504.914,493.669,0,31:41.8
GENERATED VIA SPACETRACK.ORG API,18 SPCS,58341,NINJASAT,PAYLOAD,U,23174CP,2024/6/3 4:46,574880,15.22206674,0.0008225,97.4567,230.5411,242.1754,117.8649,0,999,3162,0.00077767,0.00017837,0,4334745,0 NINJASAT,1 58341U 23174CP  24155.19880295  .00017837  00000-0  77767-3 0  9990,2 58341  97.4567 230.5411 0008225 242.1754 117.8649 15.22206674 31622,2023-174CP,58341,6877.323,94.6,504.845,493.531,0,46:16.6
GENERATED VIA SPACETRACK.ORG API,18 SPCS,58341,NINJASAT,PAYLOAD,U,23174CP,2024/6/4 4:26,689568,15.22245441,0.0008328,97.4567,231.5192,238.4047,121.6376,0,999,3177,0.00092596,0.00021287,0,4335724,0 NINJASAT,1 58341U 23174CP  24156.18483437  .00021287  00000-0  92596-3 0  9998,2 58341  97.4567 231.5192 0008328 238.4047 121.6376 15.22245441 31777,2023-174CP,58341,6877.206,94.597,504.799,493.344,0,26:09.7
GENERATED VIA SPACETRACK.ORG API,18 SPCS,58341,NINJASAT,PAYLOAD,U,23174CP,2024/6/5 4:06,594144,15.222849,0.0008454,97.4567,232.4972,234.9308,125.1135,0,999,3192,0.00099569,0.00022927,0,4336679,0 NINJASAT,1 58341U 23174CP  24157.17084021  .00022927  00000-0  99569-3 0  9993,2 58341  97.4567 232.4972 0008454 234.9308 125.1135 15.22284900 31926,2023-174CP,58341,6877.087,94.595,504.766,493.139,0,06:00.6
GENERATED VIA SPACETRACK.ORG API,18 SPCS,58341,NINJASAT,PAYLOAD,U,23174CP,2024/6/6 3:45,133952,15.22327471,0.0008533,97.4568,233.4752,231.1336,128.9139,0,999,3207,0.00099336,0.00022903,0,4337693,0 NINJASAT,1 58341U 23174CP  24158.15681868  .00022903  00000-0  99336-3 0  9990,2 58341  97.4568 233.4752 0008533 231.1336 128.9139 15.22327471 32075,2023-174CP,58341,6876.959,94.592,504.692,492.956,0,45:49.1
GENERATED VIA SPACETRACK.ORG API,18 SPCS,58341,NINJASAT,PAYLOAD,U,23174CP,2024/6/7 0:16,208192,15.22363986,0.0008564,97.4566,234.3229,227.4248,132.6267,0,999,3220,0.00088329,0.00020372,0,4338240,0 NINJASAT,1 58341U 23174CP  24159.01131028  .00020372  00000-0  88329-3 0  9992,2 58341  97.4566 234.3229 0008564 227.4248 132.6267 15.22363986 32206,2023-174CP,58341,6876.849,94.59,504.604,492.825,0,16:17.2
GENERATED VIA SPACETRACK.ORG API,18 SPCS,58341,NINJASAT,PAYLOAD,U,23174CP,2024/6/8 4:39,574368,15.22423336,0.000865,97.456,235.4967,223.143,136.9129,0,999,3238,0.0010956,0.00025347,0,4339204,0 NINJASAT,1 58341U 23174CP  24160.19441637  .00025347  00000-0  10956-2 0  9990,2 58341  97.4560 235.4967 0008650 223.1430 136.9129 15.22423336 32382,2023-174CP,58341,6876.671,94.586,504.484,492.587,0,39:57.6
GENERATED VIA SPACETRACK.ORG API,18 SPCS,58341,NINJASAT,PAYLOAD,U,23174CP,2024/6/9 4:19,113536,15.22470071,0.0008794,97.4558,236.475,219.9065,140.1526,0,999,3253,0.00091494,0.00021174,0,4340240,0 NINJASAT,1 58341U 23174CP  24161.18030224  .00021174  00000-0  91494-3 0  9997,2 58341  97.4558 236.4750 0008794 219.9065 140.1526 15.22470071 32539,2023-174CP,58341,6876.53,94.583,504.442,492.348,0,19:38.1
GENERATED VIA SPACETRACK.ORG API,18 SPCS,58341,NINJASAT,PAYLOAD,U,23174CP,2024/6/10 3:59,249920,15.22513316,0.0008904,97.4556,237.4532,216.409,143.6541,0,999,3268,0.00095766,0.00022198,0,4341115,0 NINJASAT,1 58341U 23174CP  24162.16616030  .00022198  00000-0  95766-3 0  9994,2 58341  97.4556 237.4532 0008904 216.4090 143.6541 15.22513316 32680,2023-174CP,58341,6876.4,94.58,504.387,492.142,0,59:16.2
GENERATED VIA SPACETRACK.ORG API,18 SPCS,58341,NINJASAT,PAYLOAD,U,23174CP,2024/6/11 3:38,75104,15.22557163,0.0008966,97.4556,238.4314,212.6274,147.4409,0,999,3283,0.0010967,0.00025476,0,4342044,0 NINJASAT,1 58341U 23174CP  24163.15199161  .00025476  00000-0  10967-2 0  9996,2 58341  97.4556 238.4314 0008966 212.6274 147.4409 15.22557163 32839,2023-174CP,58341,6876.268,94.578,504.298,491.967,0,38:52.1
GENERATED VIA SPACETRACK.ORG API,18 SPCS,58341,NINJASAT,PAYLOAD,U,23174CP,2024/6/12 4:53,642432,15.22597868,0.0009035,97.4554,239.4749,208.4207,151.6538,0,999,3299,0.00081081,0.00018822,0,4342549,0 NINJASAT,1 58341U 23174CP  24164.20351438  .00018822  00000-0  81081-3 0  9993,2 58341  97.4554 239.4749 0009035 208.4207 151.6538 15.22597868 32990,2023-174CP,58341,6876.145,94.575,504.223,491.797,0,53:03.6
GENERATED VIA SPACETRACK.ORG API,18 SPCS,58341,NINJASAT,PAYLOAD,U,23174CP,2024/6/13 4:32,960992,15.22629137,0.0009155,97.4554,240.453,205.1298,154.9494,0,999,3314,0.00066068,0.00015331,0,4343527,0 NINJASAT,1 58341U 23174CP  24165.18929353  .00015331  00000-0  66068-3 0  9998,2 58341  97.4554 240.4530 0009155 205.1298 154.9494 15.22629137 33147,2023-174CP,58341,6876.051,94.573,504.211,491.621,0,32:35.0
GENERATED VIA SPACETRACK.ORG API,18 SPCS,58341,NINJASAT,PAYLOAD,U,23174CP,2024/6/14 13:39,944544,15.22672996,0.0009284,97.4554,241.8224,200.7292,159.3569,0,999,3335,0.0007083,0.00016466,0,4344169,0 NINJASAT,1 58341U 23174CP  24166.56935121  .00016466  00000-0  70830-3 0  9993,2 58341  97.4554 241.8224 0009284 200.7292 159.3569 15.22672996 33356,2023-174CP,58341,6875.919,94.571,504.167,491.4,0,39:51.9
GENERATED VIA SPACETRACK.ORG API,18 SPCS,58341,NINJASAT,PAYLOAD,U,23174CP,2024/6/15 13:19,88256,15.22707714,0.0009384,97.4557,242.8007,197.1926,162.8994,0,999,3350,0.00079772,0.00018578,0,4344172,0 NINJASAT,1 58341U 23174CP  24167.55508204  .00018578  00000-0  79772-3 0  9991,2 58341  97.4557 242.8007 0009384 197.1926 162.8994 15.22707714 33508,2023-174CP,58341,6875.814,94.568,504.132,491.227,0,19:19.1
GENERATED VIA SPACETRACK.ORG API,18 SPCS,58341,NINJASAT,PAYLOAD,U,23174CP,2024/6/16 12:58,141952,15.22745002,0.0009461,97.4561,243.7788,193.5652,166.5332,0,999,3365,0.00080517,0.00018774,0,4344175,0 NINJASAT,1 58341U 23174CP  24168.54078868  .00018774  00000-0  80517-3 0  9996,2 58341  97.4561 243.7788 0009461 193.5652 166.5332 15.22745002 33656,2023-174CP,58341,6875.702,94.566,504.072,491.062,0,58:44.1
GENERATED VIA SPACETRACK.ORG API,18 SPCS,58341,NINJASAT,PAYLOAD,U,23174CP,2024/6/17 18:56,76064,15.22785806,0.0009568,97.4562,245.0179,189.201,170.9053,0,999,3384,0.00067619,0.00015768,0,4344228,0 NINJASAT,1 58341U 23174CP  24169.78931801  .00015768  00000-0  67619-3 0  9996,2 58341  97.4562 245.0179 0009568 189.2010 170.9053 15.22785806 33840,2023-174CP,58341,6875.579,94.564,504.023,490.866,0,56:37.1
GENERATED VIA SPACETRACK.ORG API,18 SPCS,58341,NINJASAT,PAYLOAD,U,23174CP,2024/6/18 2:49,236704,15.22796073,0.000962,97.4562,245.344,188.136,171.9722,0,999,3389,0.00067327,0.00015705,0,4344551,0 NINJASAT,1 58341U 23174CP  24170.11787311  .00015705  00000-0  67327-3 0  9997,2 58341  97.4562 245.3440 0009620 188.1360 171.9722 15.22796073 33896,2023-174CP,58341,6875.548,94.563,504.028,490.799,0,49:44.2
GENERATED VIA SPACETRACK.ORG API,18 SPCS,58341,NINJASAT,PAYLOAD,U,23174CP,2024/6/19 4:03,850432,15.22827902,0.0009719,97.4563,246.3876,184.9304,175.1838,0,999,3405,0.00063909,0.00014917,0,4345521,0 NINJASAT,1 58341U 23174CP  24171.16923438  .00014917  00000-0  63909-3 0  9991,2 58341  97.4563 246.3876 0009719 184.9304 175.1838 15.22827902 34051,2023-174CP,58341,6875.453,94.561,504,490.635,0,03:41.8
GENERATED VIA SPACETRACK.ORG API,18 SPCS,58341,NINJASAT,PAYLOAD,U,23174CP,2024/6/20 3:43,374016,15.22856399,0.0009812,97.4565,247.3659,181.6221,178.4985,0,999,3420,0.00056634,0.00013219,0,4346492,0 NINJASAT,1 58341U 23174CP  24172.15486544  .00013219  00000-0  56634-3 0  9994,2 58341  97.4565 247.3659 0009812 181.6221 178.4985 15.22856399 34207,2023-174CP,58341,6875.367,94.559,503.978,490.486,0,43:00.4
GENERATED VIA SPACETRACK.ORG API,18 SPCS,58341,NINJASAT,PAYLOAD,U,23174CP,2024/6/21 4:56,243168,15.22890445,0.0009904,97.4565,248.4097,177.8609,182.2672,0,999,3436,0.00061236,0.00014316,0,4347398,0 NINJASAT,1 58341U 23174CP  24173.20618337  .00014316  00000-0  61236-3 0  9991,2 58341  97.4565 248.4097 0009904 177.8609 182.2672 15.22890445 34367,2023-174CP,58341,6875.264,94.557,503.939,490.32,0,56:54.2
GENERATED VIA SPACETRACK.ORG API,18 SPCS,58341,NINJASAT,PAYLOAD,U,23174CP,2024/6/22 4:36,335808,15.22918568,0.0009981,97.4563,249.3881,174.625,185.5096,0,999,3451,0.00057924,0.00013548,0,4348132,0 NINJASAT,1 58341U 23174CP  24174.19177472  .00013548  00000-0  57924-3 0  9995,2 58341  97.4563 249.3881 0009981 174.6250 185.5096 15.22918568 34518,2023-174CP,58341,6875.18,94.555,503.907,490.183,0,36:09.3
GENERATED VIA SPACETRACK.ORG API,18 SPCS,58341,NINJASAT,PAYLOAD,U,23174CP,2024/6/23 4:15,917312,15.22946022,0.0010067,97.4559,250.3666,171.6711,188.4695,0,999,3466,0.00059757,0.00013992,0,4348989,0 NINJASAT,1 58341U 23174CP  24175.17734858  .00013992  00000-0  59757-3 0  9990,2 58341  97.4559 250.3666 0010067 171.6711 188.4695 15.22946022 34661,2023-174CP,58341,6875.097,94.554,503.883,490.041,0,15:22.9
GENERATED VIA SPACETRACK.ORG API,18 SPCS,58341,NINJASAT,PAYLOAD,U,23174CP,2024/6/24 3:54,863264,15.22977758,0.0010136,97.4556,251.3452,168.6665,191.4801,0,999,3481,0.00069788,0.00016373,0,4349880,0 NINJASAT,1 58341U 23174CP  24176.16290351  .00016373  00000-0  69788-3 0  9996,2 58341  97.4556 251.3452 0010136 168.6665 191.4801 15.22977758 34813,2023-174CP,58341,6875.002,94.552,503.835,489.898,0,54:34.9
GENERATED VIA SPACETRACK.ORG API,18 SPCS,58341,NINJASAT,PAYLOAD,U,23174CP,2024/6/25 3:33,7776,15.23009486,0.0010197,97.4555,252.3238,165.2639,194.8896,0,999,3496,0.00067186,0.00015774,0,4350651,0 NINJASAT,1 58341U 23174CP  24177.14843759  .00015774  00000-0  67186-3 0  9995,2 58341  97.4555 252.3238 0010197 165.2639 194.8896 15.23009486 34968,2023-174CP,58341,6874.906,94.55,503.781,489.761,0,33:45.0
GENERATED VIA SPACETRACK.ORG API,18 SPCS,58341,NINJASAT,PAYLOAD,U,23174CP,2024/6/26 3:12,188416,15.23045813,0.0010304,97.4553,253.3024,162.0634,198.0968,0,999,3511,0.00073376,0.00017256,0,4351459,0 NINJASAT,1 58341U 23174CP  24178.13394894  .00017256  00000-0  73376-3 0  9991,2 58341  97.4553 253.3024 0010304 162.0634 198.0968 15.23045813 35118,2023-174CP,58341,6874.797,94.547,503.746,489.578,0,12:53.2
GENERATED VIA SPACETRACK.ORG API,18 SPCS,58341,NINJASAT,PAYLOAD,U,23174CP,2024/6/27 4:26,568960,15.23088583,0.0010346,97.4549,254.3464,158.837,201.3296,0,999,3527,0.0008149,0.00019202,0,4352103,0 NINJASAT,1 58341U 23174CP  24179.18513390  .00019202  00000-0  81490-3 0  9990,2 58341  97.4549 254.3464 0010346 158.8370 201.3296 15.23088583 35278,2023-174CP,58341,6874.668,94.545,503.646,489.421,0,26:35.6
GENERATED VIA SPACETRACK.ORG API,18 SPCS,58341,NINJASAT,PAYLOAD,U,23174CP,2024/6/28 4:05,280128,15.23132952,0.0010363,97.4549,255.325,156.0515,204.1206,0,999,3542,0.0010121,0.00023912,0,4353152,0 NINJASAT,1 58341U 23174CP  24180.17059352  .00023912  00000-0  10121-2 0  9999,2 58341  97.4549 255.3250 0010363 156.0515 204.1206 15.23132952 35421,2023-174CP,58341,6874.535,94.542,503.524,489.275,0,05:39.3
GENERATED VIA SPACETRACK.ORG API,18 SPCS,58341,NINJASAT,PAYLOAD,U,23174CP,2024/6/29 3:44,152192,15.23187247,0.0010388,97.4551,256.3036,152.8583,207.3199,0,999,3557,0.0011226,0.00026583,0,4354046,0 NINJASAT,1 58341U 23174CP  24181.15602028  .00026583  00000-0  11226-2 0  9996,2 58341  97.4551 256.3036 0010388 152.8583 207.3199 15.23187247 35572,2023-174CP,58341,6874.371,94.539,503.377,489.095,0,44:40.2
GENERATED VIA SPACETRACK.ORG API,18 SPCS,58341,NINJASAT,PAYLOAD,U,23174CP,2024/6/30 3:23,153184,15.23233408,0.0010486,97.4555,257.2821,149.5522,210.6326,0,999,3572,0.0009954,0.00023586,0,4355076,0 NINJASAT,1 58341U 23174CP  24182.14141381  .00023586  00000-0  99540-3 0  9992,2 58341  97.4555 257.2821 0010486 149.5522 210.6326 15.23233408 35720,2023-174CP,58341,6874.232,94.536,503.306,488.889,0,23:38.2
GENERATED VIA SPACETRACK.ORG API,18 SPCS,58341,NINJASAT,PAYLOAD,U,23174CP,2024/7/1 4:37,348384,15.23276879,0.0010526,97.4556,258.326,146.3782,213.8124,0,999,3588,0.00084062,0.00019924,0,4356015,0 NINJASAT,1 58341U 23174CP  24183.19246931  .00019924  00000-0  84062-3 0  9999,2 58341  97.4556 258.3260 0010526 146.3782 213.8124 15.23276879 35885,2023-174CP,58341,6874.102,94.533,503.202,488.731,0,37:09.3
GENERATED VIA SPACETRACK.ORG API,18 SPCS,58341,NINJASAT,PAYLOAD,U,23174CP,2024/7/2 4:16,379648,15.23317579,0.0010505,97.4558,259.3045,143.7406,216.4545,0,999,3603,0.00075414,0.00017883,0,4357068,0 NINJASAT,1 58341U 23174CP  24184.17780532  .00017883  00000-0  75414-3 0  9991,2 58341  97.4558 259.3045 0010505 143.7406 216.4545 15.23317579 36037,2023-174CP,58341,6873.979,94.531,503.065,488.623,0,16:02.4
GENERATED VIA SPACETRACK.ORG API,18 SPCS,58341,NINJASAT,PAYLOAD,U,23174CP,2024/7/3 3:54,189568,15.23357764,0.0010548,97.4559,260.283,140.6693,219.5312,0,999,3618,0.00079164,0.00018801,0,4357929,0 NINJASAT,1 58341U 23174CP  24185.16311562  .00018801  00000-0  79164-3 0  9991,2 58341  97.4559 260.2830 0010548 140.6693 219.5312 15.23357764 36184,2023-174CP,58341,6873.858,94.528,502.974,488.473,0,54:53.2
GENERATED VIA SPACETRACK.ORG API,18 SPCS,58341,NINJASAT,PAYLOAD,U,23174CP,2024/7/4 3:33,787648,15.23397112,0.0010585,97.4561,261.2617,137.5791,222.6266,0,999,3633,0.00078013,0.00018548,0,4359208,0 NINJASAT,1 58341U 23174CP  24186.14840032  .00018548  00000-0  78013-3 0  9999,2 58341  97.4561 261.2617 0010585 137.5791 222.6266 15.23397112 36337,2023-174CP,58341,6873.74,94.526,502.881,488.329,0,33:41.8
GENERATED VIA SPACETRACK.ORG API,18 SPCS,58341,NINJASAT,PAYLOAD,U,23174CP,2024/7/5 4:47,211872,15.23438789,0.0010596,97.4561,262.3058,134.1135,226.0975,0,999,3649,0.00076855,0.00018293,0,4361099,0 NINJASAT,1 58341U 23174CP  24187.19934273  .00018293  00000-0  76855-3 0  9995,2 58341  97.4561 262.3058 0010596 134.1135 226.0975 15.23438789 36493,2023-174CP,58341,6873.614,94.523,502.763,488.196,0,47:03.2
GENERATED VIA SPACETRACK.ORG API,18 SPCS,58341,NINJASAT,PAYLOAD,U,23174CP,2024/7/6 4:25,254080,15.23477084,0.0010602,97.4557,263.2848,131.3143,228.9008,0,999,3664,0.000725,0.0001727,0,4363191,0 NINJASAT,1 58341U 23174CP  24188.18457470  .00017270  00000-0  72500-3 0  9991,2 58341  97.4557 263.2848 0010602 131.3143 228.9008 15.23477084 36647,2023-174CP,58341,6873.499,94.521,502.652,488.077,0,25:47.3
GENERATED VIA SPACETRACK.ORG API,18 SPCS,58341,NINJASAT,PAYLOAD,U,23174CP,2024/7/7 4:04,293536,15.23511888,0.0010564,97.4555,264.2636,128.5343,231.6842,0,999,3679,0.00068036,0.00016217,0,4364855,0 NINJASAT,1 58341U 23174CP  24189.16978349  .00016217  00000-0  68036-3 0  9992,2 58341  97.4555 264.2636 0010564 128.5343 231.6842 15.23511888 36792,2023-174CP,58341,6873.395,94.518,502.521,487.999,0,04:29.3
GENERATED VIA SPACETRACK.ORG API,18 SPCS,58341,NINJASAT,PAYLOAD,U,23174CP,2024/7/8 2:08,804608,15.23544601,0.0010579,97.4553,265.1773,125.8118,234.4104,0,999,3693,0.00070856,0.0001691,0,4366548,0 NINJASAT,1 58341U 23174CP  24190.08929172  .00016910  00000-0  70856-3 0  9998,2 58341  97.4553 265.1773 0010579 125.8118 234.4104 15.23544601 36935,2023-174CP,58341,6873.296,94.516,502.432,487.89,0,08:34.8
GENERATED VIA SPACETRACK.ORG API,18 SPCS,58341,NINJASAT,PAYLOAD,U,23174CP,2024/7/9 4:56,951168,15.23585852,0.0010642,97.4551,266.287,122.2294,237.9976,0,999,3710,0.00069004,0.00016485,0,4368712,0 NINJASAT,1 58341U 23174CP  24191.20580962  .00016485  00000-0  69004-3 0  9993,2 58341  97.4551 266.2870 0010642 122.2294 237.9976 15.23585852 37108,2023-174CP,58341,6873.172,94.514,502.352,487.723,0,56:22.0
GENERATED VIA SPACETRACK.ORG API,18 SPCS,58341,NINJASAT,PAYLOAD,U,23174CP,2024/7/10 4:34,933120,15.23619615,0.0010631,97.4547,267.2659,119.3876,240.8424,0,999,3725,0.00064337,0.00015379,0,4370187,0 NINJASAT,1 58341U 23174CP  24192.19094830  .00015379  00000-0  64337-3 0  9991,2 58341  97.4547 267.2659 0010631 119.3876 240.8424 15.23619615 37252,2023-174CP,58341,6873.071,94.512,502.242,487.629,0,34:57.9
GENERATED VIA SPACETRACK.ORG API,18 SPCS,58341,NINJASAT,PAYLOAD,U,23174CP,2024/7/11 4:13,24640,15.23655559,0.0010589,97.4543,268.245,116.4216,243.8109,0,999,3740,0.00072518,0.00017366,0,4372084,0 NINJASAT,1 58341U 23174CP  24193.17606510  .00017366  00000-0  72518-3 0  9992,2 58341  97.4543 268.2450 0010589 116.4216 243.8109 15.23655559 37403,2023-174CP,58341,6872.962,94.51,502.105,487.55,0,13:32.0
GENERATED VIA SPACETRACK.ORG API,18 SPCS,58341,NINJASAT,PAYLOAD,U,23174CP,2024/7/12 3:52,996768,15.2369532,0.0010562,97.4542,269.2236,113.7616,246.473,0,999,3755,0.00081457,0.00019544,0,4373344,0 NINJASAT,1 58341U 23174CP  24194.16115737  .00019544  00000-0  81457-3 0  9990,2 58341  97.4542 269.2236 0010562 113.7616 246.4730 15.23695320 37555,2023-174CP,58341,6872.843,94.507,501.967,487.449,0,52:04.0
GENERATED VIA SPACETRACK.ORG API,18 SPCS,58341,NINJASAT,PAYLOAD,U,23174CP,2024/7/13 3:30,781248,15.23735404,0.0010598,97.4544,270.2026,110.8134,249.4239,0,999,3770,0.00084388,0.00020276,0,4375461,0 NINJASAT,1 58341U 23174CP  24195.14622432  .00020276  00000-0  84388-3 0  9994,2 58341  97.4544 270.2026 0010598 110.8134 249.4239 15.23735404 37700,2023-174CP,58341,6872.722,94.505,501.871,487.304,0,30:33.8
GENERATED VIA SPACETRACK.ORG API,18 SPCS,58341,NINJASAT,PAYLOAD,U,23174CP,2024/7/14 4:43,87232,15.23777936,0.0010575,97.4545,271.2468,107.5262,252.7131,0,999,3786,0.00083936,0.00020193,0,4377232,0 NINJASAT,1 58341U 23174CP  24196.19693388  .00020193  00000-0  83936-3 0  9994,2 58341  97.4545 271.2468 0010575 107.5262 252.7131 15.23777936 37863,2023-174CP,58341,6872.595,94.502,501.727,487.192,0,43:35.1
GENERATED VIA SPACETRACK.ORG API,18 SPCS,58341,NINJASAT,PAYLOAD,U,23174CP,2024/7/15 4:22,156864,15.23820883,0.0010471,97.4545,272.226,104.6922,255.5476,0,999,3801,0.00092561,0.00022309,0,4379103,0 NINJASAT,1 58341U 23174CP  24197.18194626  .00022309  00000-0  92561-3 0  9990,2 58341  97.4545 272.2260 0010471 104.6922 255.5476 15.23820883 38011,2023-174CP,58341,6872.465,94.499,501.527,487.134,0,22:00.2
GENERATED VIA SPACETRACK.ORG API,18 SPCS,58341,NINJASAT,PAYLOAD,U,23174CP,2024/7/16 4:00,810752,15.23865525,0.0010409,97.4547,273.2048,101.7101,258.5305,0,999,3816,0.00099626,0.00024054,0,4380985,0 NINJASAT,1 58341U 23174CP  24198.16693068  .00024054  00000-0  99626-3 0  9991,2 58341  97.4547 273.2048 0010409 101.7101 258.5305 15.23865525 38168,2023-174CP,58341,6872.331,94.497,501.35,487.043,0,00:22.8
GENERATED VIA SPACETRACK.ORG API,18 SPCS,58341,NINJASAT,PAYLOAD,U,23174CP,2024/7/17 3:38,533088,15.23919973,0.0010399,97.455,274.1838,98.5796,261.662,0,999,3831,0.00098646,0.00023855,0,4382644,0 NINJASAT,1 58341U 23174CP  24199.15188117  .00023855  00000-0  98646-3 0  9994,2 58341  97.4550 274.1838 0010399  98.5796 261.6620 15.23919973 38319,2023-174CP,58341,6872.167,94.493,501.179,486.886,0,38:42.5
GENERATED VIA SPACETRACK.ORG API,18 SPCS,58341,NINJASAT,PAYLOAD,U,23174CP,2024/7/18 4:51,355648,15.23976161,0.0010397,97.4551,275.2279,95.6455,264.5968,0,999,3847,0.0010582,0.00025644,0,4384486,0 NINJASAT,1 58341U 23174CP  24200.20245782  .00025644  00000-0  10582-2 0  9995,2 58341  97.4551 275.2279 0010397  95.6455 264.5968 15.23976161 38475,2023-174CP,58341,6871.999,94.49,501.008,486.719,0,51:32.4
GENERATED VIA SPACETRACK.ORG API,18 SPCS,58341,NINJASAT,PAYLOAD,U,23174CP,2024/7/19 4:29,71456,15.24027543,0.0010274,97.4551,276.2071,92.5528,267.6886,0,999,3862,0.0010698,0.00025965,0,4386227,0 NINJASAT,1 58341U 23174CP  24201.18733879  .00025965  00000-0  10698-2 0  9996,2 58341  97.4551 276.2071 0010274  92.5528 267.6886 15.24027543 38629,2023-174CP,58341,6871.844,94.486,500.769,486.649,0,29:46.1
GENERATED VIA SPACETRACK.ORG API,18 SPCS,58341,NINJASAT,PAYLOAD,U,23174CP,2024/7/20 4:07,949888,15.24076953,0.0010169,97.4551,277.1864,89.4006,270.8397,0,999,3877,0.00097795,0.00023757,0,4388072,0 NINJASAT,1 58341U 23174CP  24202.17218692  .00023757  00000-0  97795-3 0  9998,2 58341  97.4551 277.1864 0010169  89.4006 270.8397 15.24076953 38776,2023-174CP,58341,6871.696,94.483,500.548,486.573,0,07:57.0
GENERATED VIA SPACETRACK.ORG API,18 SPCS,58341,NINJASAT,PAYLOAD,U,23174CP,2024/7/21 3:46,40192,15.24130315,0.0010114,97.455,278.1656,86.4783,273.7611,0,999,3892,0.0011482,0.00027965,0,4389909,0 NINJASAT,1 58341U 23174CP  24203.15700278  .00027965  00000-0  11482-2 0  9996,2 58341  97.4550 278.1656 0010114  86.4783 273.7611 15.24130315 38925,2023-174CP,58341,6871.535,94.48,500.35,486.45,0,46:05.0
GENERATED VIA SPACETRACK.ORG API,18 SPCS,58341,NINJASAT,PAYLOAD,U,23174CP,2024/7/22 4:58,431520,15.24184349,0.00101,97.4547,279.2103,83.3044,276.9342,0,999,3908,0.0010837,0.00026427,0,4391643,0 NINJASAT,1 58341U 23174CP  24204.20743555  .00026427  00000-0  10837-2 0  9993,2 58341  97.4547 279.2103 0010100  83.3044 276.9342 15.24184349 39081,2023-174CP,58341,6871.373,94.477,500.178,486.298,0,58:42.4
GENERATED VIA SPACETRACK.ORG API,18 SPCS,58341,NINJASAT,PAYLOAD,U,23174CP,2024/7/23 4:36,536032,15.24235252,0.0010008,97.4542,280.1898,80.198,280.0387,0,999,3923,0.0010578,0.0002583,0,4393290,0 NINJASAT,1 58341U 23174CP  24205.19218213  .00025830  00000-0  10578-2 0  9999,2 58341  97.4542 280.1898 0010008  80.1980 280.0387 15.24235252 39231,2023-174CP,58341,6871.22,94.474,499.962,486.208,0,36:44.5
GENERATED VIA SPACETRACK.ORG API,18 SPCS,58341,NINJASAT,PAYLOAD,U,23174CP,2024/7/24 4:14,107296,15.2427711,0.0009905,97.4538,281.1693,77.0271,283.2072,0,999,3938,0.00096213,0.00023509,0,4395162,0 NINJASAT,1 58341U 23174CP  24206.17689939  .00023509  00000-0  96213-3 0  9997,2 58341  97.4538 281.1693 0009905  77.0271 283.2072 15.24277110 39383,2023-174CP,58341,6871.094,94.471,499.765,486.153,0,14:44.1
GENERATED VIA SPACETRACK.ORG API,18 SPCS,58341,NINJASAT,PAYLOAD,U,23174CP,2024/7/25 3:52,374272,15.24317102,0.0009821,97.4536,282.1484,74.1957,286.0362,0,999,3953,0.00086461,0.00021137,0,4396943,0 NINJASAT,1 58341U 23174CP  24207.16158998  .00021137  00000-0  86461-3 0  9992,2 58341  97.4536 282.1484 0009821  74.1957 286.0362 15.24317102 39532,2023-174CP,58341,6870.974,94.469,499.587,486.091,0,52:41.4
GENERATED VIA SPACETRACK.ORG API,18 SPCS,58341,NINJASAT,PAYLOAD,U,23174CP,2024/7/26 5:05,58048,15.24360297,0.0009792,97.4534,283.193,71.0299,289.1998,0,999,3969,0.00088695,0.00021714,0,4398838,0 NINJASAT,1 58341U 23174CP  24208.21189882  .00021714  00000-0  88695-3 0  9997,2 58341  97.4534 283.1930 0009792  71.0299 289.1998 15.24360297 39698,2023-174CP,58341,6870.844,94.466,499.437,485.981,0,05:08.1
GENERATED VIA SPACETRACK.ORG API,18 SPCS,58341,NINJASAT,PAYLOAD,U,23174CP,2024/7/27 4:43,528096,15.24402185,0.0009745,97.4532,284.1725,67.8888,292.3383,0,999,3984,0.00075169,0.00018406,0,4400791,0 NINJASAT,1 58341U 23174CP  24209.19653389  .00018406  00000-0  75169-3 0  9999,2 58341  97.4532 284.1725 0009745  67.8888 292.3383 15.24402185 39848,2023-174CP,58341,6870.718,94.463,499.279,485.888,0,43:00.5
GENERATED VIA SPACETRACK.ORG API,18 SPCS,58341,NINJASAT,PAYLOAD,U,23174CP,2024/7/28 4:20,802720,15.24436749,0.0009632,97.4532,285.1518,64.6732,295.5502,0,999,3999,0.00062265,0.00015243,0,4401978,0 NINJASAT,1 58341U 23174CP  24210.18114355  .00015243  00000-0  62265-3 0  9994,2 58341  97.4532 285.1518 0009632  64.6732 295.5502 15.24436749 39994,2023-174CP,58341,6870.614,94.461,499.097,485.862,0,20:50.8
GENERATED VIA SPACETRACK.ORG API,18 SPCS,58341,NINJASAT,PAYLOAD,U,23174CP,2024/7/29 3:58,23616,15.24476089,0.0009506,97.4534,286.1309,61.4879,298.7314,0,999,4014,0.00073201,0.0001796,0,4404205,0 NINJASAT,1 58341U 23174CP  24211.16572944  .00017960  00000-0  73201-3 0  9995,2 58341  97.4534 286.1309 0009506  61.4879 298.7314 15.24476089 40148,2023-174CP,58341,6870.496,94.459,498.892,485.83,0,58:39.0
GENERATED VIA SPACETRACK.ORG API,18 SPCS,58341,NINJASAT,PAYLOAD,U,23174CP,2024/7/30 3:36,189056,15.24515728,0.0009443,97.4537,287.1101,58.4157,301.8001,0,999,4029,0.00082468,0.00020273,0,4406135,0 NINJASAT,1 58341U 23174CP  24212.15029154  .00020273  00000-0  82468-3 0  9991,2 58341  97.4537 287.1101 0009443  58.4157 301.8001 15.24515728 40296,2023-174CP,58341,6870.377,94.456,498.73,485.754,0,36:25.2
GENERATED VIA SPACETRACK.ORG API,18 SPCS,58341,NINJASAT,PAYLOAD,U,23174CP,2024/7/31 4:48,673152,15.2456701,0.0009359,97.4539,288.1548,55.0782,305.1333,0,999,4045,0.0010207,0.00025163,0,4407885,0 NINJASAT,1 58341U 23174CP  24213.20045918  .00025163  00000-0  10207-2 0  9998,2 58341  97.4539 288.1548 0009359  55.0782 305.1333 15.24567010 40451,2023-174CP,58341,6870.223,94.453,498.518,485.658,0,48:39.7
GENERATED VIA SPACETRACK.ORG API,18 SPCS,58341,NINJASAT,PAYLOAD,U,23174CP,2024/8/1 4:26,755680,15.24612338,0.0009256,97.4539,289.1344,51.6262,308.5806,0,999,4060,0.0012347,0.00030515,0,4409313,0 NINJASAT,1 58341U 23174CP  24214.18496245  .00030515  00000-0  12347-2 0  9993,2 58341  97.4539 289.1344 0009256  51.6262 308.5806 15.24612338 40600,2023-174CP,58341,6870.087,94.45,498.311,485.593,0,26:20.8
GENERATED VIA SPACETRACK.ORG API,18 SPCS,58341,NINJASAT,PAYLOAD,U,23174CP,2024/8/2 4:03,80320,15.2465707,0.0009137,97.454,290.1139,48.0727,312.1288,0,999,4075,0.00090866,0.00022443,0,4410842,0 NINJASAT,1 58341U 23174CP  24215.16943380  .00022443  00000-0  90866-3 0  9993,2 58341  97.4540 290.1139 0009137  48.0727 312.1288 15.24657070 40753,2023-174CP,58341,6869.952,94.447,498.094,485.54,0,03:59.1
GENERATED VIA SPACETRACK.ORG API,18 SPCS,58341,NINJASAT,PAYLOAD,U,23174CP,2024/8/3 3:41,967616,15.24703922,0.0009067,97.454,291.0935,44.9804,315.2167,0,999,4090,0.001028,0.00025446,0,4412946,0 NINJASAT,1 58341U 23174CP  24216.15387694  .00025446  00000-0  10280-2 0  9990,2 58341  97.4540 291.0935 0009067  44.9804 315.2167 15.24703922 40905,2023-174CP,58341,6869.812,94.445,497.906,485.448,0,41:35.0
GENERATED VIA SPACETRACK.ORG API,18 SPCS,58341,NINJASAT,PAYLOAD,U,23174CP,2024/8/4 4:53,348448,15.24754767,0.0008971,97.4538,292.1385,41.8365,318.3556,0,999,4106,0.0010466,0.00025948,0,4414905,0 NINJASAT,1 58341U 23174CP  24217.20391607  .00025948  00000-0  10466-2 0  9999,2 58341  97.4538 292.1385 0008971  41.8365 318.3556 15.24754767 41061,2023-174CP,58341,6869.659,94.441,497.687,485.361,0,53:38.3
GENERATED VIA SPACETRACK.ORG API,18 SPCS,58341,NINJASAT,PAYLOAD,U,23174CP,2024/8/5 4:31,325120,15.24816342,0.0008869,97.4535,293.1181,38.5195,321.6674,0,999,4121,0.001223,0.00030407,0,4417019,0 NINJASAT,1 58341U 23174CP  24218.18829080  .00030407  00000-0  12230-2 0  9995,2 58341  97.4535 293.1181 0008869  38.5195 321.6674 15.24816342 41216,2023-174CP,58341,6869.474,94.438,497.432,485.246,0,31:08.3
GENERATED VIA SPACETRACK.ORG API,18 SPCS,58341,NINJASAT,PAYLOAD,U,23174CP,2024/8/6 4:08,46240,15.24866627,0.000873,97.4531,294.098,34.5131,325.6672,0,999,4136,0.00094427,0.00023473,0,4419005,0 NINJASAT,1 58341U 23174CP  24219.17262785  .00023473  00000-0  94427-3 0  9992,2 58341  97.4531 294.0980 0008730  34.5131 325.6672 15.24866627 41361,2023-174CP,58341,6869.323,94.434,497.185,485.191,0,08:35.0
GENERATED VIA SPACETRACK.ORG API,18 SPCS,58341,NINJASAT,PAYLOAD,U,23174CP,2024/8/7 2:11,571072,15.2491346,0.0008646,97.4528,295.0124,31.4887,328.6867,0,999,4150,0.0010309,0.00025676,0,4420957,0 NINJASAT,1 58341U 23174CP  24220.09131448  .00025676  00000-0  10309-2 0  9999,2 58341  97.4528 295.0124 0008646  31.4887 328.6867 15.24913460 41501,2023-174CP,58341,6869.182,94.432,496.986,485.108,0,11:29.6
GENERATED VIA SPACETRACK.ORG API,18 SPCS,58341,NINJASAT,PAYLOAD,U,23174CP,2024/8/8 12:50,642528,15.24999706,0.0008489,97.4524,296.4491,26.7523,333.4151,0,999,4172,0.0012857,0.00032149,0,4422592,0 NINJASAT,1 58341U 23174CP  24221.53490327  .00032149  00000-0  12857-2 0  9996,2 58341  97.4524 296.4491 0008489  26.7523 333.4151 15.24999706 41729,2023-174CP,58341,6868.923,94.426,496.619,484.957,0,50:15.6
GENERATED VIA SPACETRACK.ORG API,18 SPCS,58341,NINJASAT,PAYLOAD,U,23174CP,2024/8/9 4:35,895392,15.25040552,0.0008506,97.4522,297.1024,24.1783,335.9853,0,999,4182,0.001211,0.00030307,0,4424155,0 NINJASAT,1 58341U 23174CP  24222.19105203  .00030307  00000-0  12110-2 0  9991,2 58341  97.4522 297.1024 0008506  24.1783 335.9853 15.25040552 41821,2023-174CP,58341,6868.801,94.424,496.508,484.823,0,35:06.9
GENERATED VIA SPACETRACK.ORG API,18 SPCS,58341,NINJASAT,PAYLOAD,U,23174CP,2024/8/10 4:12,679840,15.25107384,0.0008366,97.4518,298.0821,19.8151,340.341,0,999,4197,0.0012681,0.00031808,0,4425964,0 NINJASAT,1 58341U 23174CP  24223.17523935  .00031808  00000-0  12681-2 0  9996,2 58341  97.4518 298.0821 0008366  19.8151 340.3410 15.25107384 41977,2023-174CP,58341,6868.6,94.42,496.211,484.719,0,12:20.7
GENERATED VIA SPACETRACK.ORG API,18 SPCS,58341,NINJASAT,PAYLOAD,U,23174CP,2024/8/11 2:15,871424,15.25182197,0.0008315,97.4518,298.9962,16.2859,343.8645,0,999,4211,0.0015472,0.00038948,0,4427914,0 NINJASAT,1 58341U 23174CP  24224.09377166  .00038948  00000-0  15472-2 0  9994,2 58341  97.4518 298.9962 0008315  16.2859 343.8645 15.25182197 42112,2023-174CP,58341,6868.375,94.415,495.951,484.529,0,15:01.9
GENERATED VIA SPACETRACK.ORG API,18 SPCS,58341,NINJASAT,PAYLOAD,U,23174CP,2024/8/12 3:26,166048,15.25282848,0.0008229,97.4517,300.0414,12.7924,347.3521,0,999,4227,0.0018222,0.00046065,0,4430130,0 NINJASAT,1 58341U 23174CP  24225.14346257  .00046065  00000-0  18222-2 0  9993,2 58341  97.4517 300.0414 0008229  12.7924 347.3521 15.25282848 42279,2023-174CP,58341,6868.073,94.409,495.59,484.286,0,26:35.2
GENERATED VIA SPACETRACK.ORG API,18 SPCS,58341,NINJASAT,PAYLOAD,U,23174CP,2024/8/13 4:38,150368,15.25415212,0.0008043,97.4517,301.0863,8.8092,351.3285,0,999,4243,0.001113,0.00028151,0,4432359,0 NINJASAT,1 58341U 23174CP  24226.19306887  .00028151  00000-0  11130-2 0  9991,2 58341  97.4517 301.0863 0008043   8.8092 351.3285 15.25415212 42437,2023-174CP,58341,6867.676,94.401,495.065,484.017,0,38:01.1
GENERATED VIA SPACETRACK.ORG API,18 SPCS,58341,NINJASAT,PAYLOAD,U,23174CP,2024/8/16 19:12,769152,15.25699277,0.0007865,97.4524,304.6796,354.8246,5.2909,0,999,4298,0.0014722,0.00037625,0,4439271,0 NINJASAT,1 58341U 23174CP  24229.80059918  .00037625  00000-0  14722-2 0  9998,2 58341  97.4524 304.6796 0007865 354.8246   5.2909 15.25699277 42988,2023-174CP,58341,6866.823,94.383,494.089,483.288,0,12:51.8
GENERATED VIA SPACETRACK.ORG API,18 SPCS,58341,NINJASAT,PAYLOAD,U,23174CP,2024/8/17 4:39,117824,15.25724509,0.0007826,97.4523,305.0717,353.0175,7.0953,0,999,4304,0.0013028,0.00033293,0,4439912,0 NINJASAT,1 58341U 23174CP  24230.19411016  .00033293  00000-0  13028-2 0  9998,2 58341  97.4523 305.0717 0007826 353.0175   7.0953 15.25724509 43048,2023-174CP,58341,6866.748,94.381,493.987,483.239,0,39:31.1
GENERATED VIA SPACETRACK.ORG API,18 SPCS,58341,NINJASAT,PAYLOAD,U,23174CP,2024/8/18 4:16,722112,15.25800535,0.0007796,97.4522,306.052,348.738,11.3683,0,999,4319,0.0015896,0.00040771,0,4441582,0 NINJASAT,1 58341U 23174CP  24231.17785558  .00040771  00000-0  15896-2 0  9996,2 58341  97.4522 306.0520 0007796 348.7380  11.3683 15.25800535 43193,2023-174CP,58341,6866.52,94.377,493.738,483.031,0,16:06.7
GENERATED VIA SPACETRACK.ORG API,18 SPCS,58341,NINJASAT,PAYLOAD,U,23174CP,2024/8/19 3:52,996896,15.25874564,0.0007736,97.452,307.0323,344.6714,15.4288,0,999,4334,0.0013525,0.00034728,0,4443476,0 NINJASAT,1 58341U 23174CP  24232.16155089  .00034728  00000-0  13525-2 0  9998,2 58341  97.4520 307.0323 0007736 344.6714  15.4288 15.25874564 43349,2023-174CP,58341,6866.298,94.372,493.474,482.851,0,52:38.0
GENERATED VIA SPACETRACK.ORG API,18 SPCS,58341,NINJASAT,PAYLOAD,U,23174CP,2024/8/20 5:03,61088,15.25949503,0.0007637,97.4519,308.0781,340.9015,19.1936,0,999,4350,0.0013955,0.0003592,0,4445450,0 NINJASAT,1 58341U 23174CP  24233.21077617  .00035920  00000-0  13955-2 0  9997,2 58341  97.4519 308.0781 0007637 340.9015  19.1936 15.25949503 43504,2023-174CP,58341,6866.073,94.367,493.181,482.694,0,03:31.1
GENERATED VIA SPACETRACK.ORG API,18 SPCS,58341,NINJASAT,PAYLOAD,U,23174CP,2024/8/21 4:39,324864,15.26017417,0.000756,97.4514,309.0587,336.9355,23.1543,0,999,4365,0.0013559,0.00034965,0,4447226,0 NINJASAT,1 58341U 23174CP  24234.19437876  .00034965  00000-0  13559-2 0  9990,2 58341  97.4514 309.0587 0007560 336.9355  23.1543 15.26017417 43657,2023-174CP,58341,6865.869,94.363,492.925,482.543,0,39:54.3
GENERATED VIA SPACETRACK.ORG API,18 SPCS,58341,NINJASAT,PAYLOAD,U,23174CP,2024/8/22 4:16,83392,15.26078734,0.0007586,97.4508,310.0392,332.5925,27.4912,0,999,4380,0.0013048,0.00033701,0,4449084,0 NINJASAT,1 58341U 23174CP  24235.17794078  .00033701  00000-0  13048-2 0  9999,2 58341  97.4508 310.0392 0007586 332.5925  27.4912 15.26078734 43802,2023-174CP,58341,6865.685,94.359,492.758,482.342,0,16:14.1
GENERATED VIA SPACETRACK.ORG API,18 SPCS,58341,NINJASAT,PAYLOAD,U,23174CP,2024/8/23 3:52,418752,15.26140185,0.000754,97.4504,311.0195,328.6545,31.4243,0,999,4395,0.0012765,0.00033026,0,4451288,0 NINJASAT,1 58341U 23174CP  24236.16146318  .00033026  00000-0  12765-2 0  9992,2 58341  97.4504 311.0195 0007540 328.6545  31.4243 15.26140185 43952,2023-174CP,58341,6865.501,94.356,492.542,482.189,0,52:30.4
GENERATED VIA SPACETRACK.ORG API,18 SPCS,58341,NINJASAT,PAYLOAD,U,23174CP,2024/8/24 5:03,265312,15.26200362,0.000743,97.4501,312.0652,324.7833,35.2913,0,999,4411,0.0011836,0.00030662,0,4453063,0 NINJASAT,1 58341U 23174CP  24237.21051233  .00030662  00000-0  11836-2 0  9991,2 58341  97.4501 312.0652 0007430 324.7833  35.2913 15.26200362 44112,2023-174CP,58341,6865.32,94.352,492.286,482.084,0,03:08.3
GENERATED VIA SPACETRACK.ORG API,18 SPCS,58341,NINJASAT,PAYLOAD,U,23174CP,2024/8/25 4:39,789760,15.26260537,0.0007371,97.4499,313.0455,320.6912,39.379,0,999,4426,0.001171,0.00030389,0,4455059,0 NINJASAT,1 58341U 23174CP  24238.19395590  .00030389  00000-0  11710-2 0  9993,2 58341  97.4499 313.0455 0007371 320.6912  39.3790 15.26260537 44261,2023-174CP,58341,6865.14,94.348,492.065,481.945,0,39:17.8
GENERATED VIA SPACETRACK.ORG API,18 SPCS,58341,NINJASAT,PAYLOAD,U,23174CP,2024/8/26 4:15,102720,15.26315255,0.0007417,97.4498,314.0259,316.1446,43.9203,0,999,4441,0.0010785,0.0002802,0,4456829,0 NINJASAT,1 58341U 23174CP  24239.17736230  .00028020  00000-0  10785-2 0  9992,2 58341  97.4498 314.0259 0007417 316.1446  43.9203 15.26315255 44411,2023-174CP,58341,6864.976,94.345,491.933,481.749,0,15:24.1
GENERATED VIA SPACETRACK.ORG API,18 SPCS,58341,NINJASAT,PAYLOAD,U,23174CP,2024/8/27 3:51,364032,15.26371944,0.0007385,97.45,315.0062,312.1134,47.9476,0,999,4456,0.0011204,0.00029165,0,4458570,0 NINJASAT,1 58341U 23174CP  24240.16073338  .00029165  00000-0  11204-2 0  9994,2 58341  97.4500 315.0062 0007385 312.1134  47.9476 15.26371944 44561,2023-174CP,58341,6864.806,94.341,491.74,481.601,0,51:27.4
GENERATED VIA SPACETRACK.ORG API,18 SPCS,58341,NINJASAT,PAYLOAD,U,23174CP,2024/8/28 5:01,148128,15.26446887,0.0007293,97.4502,316.0517,308.008,52.0499,0,999,4472,0.0015741,0.00041163,0,4460213,0 NINJASAT,1 58341U 23174CP  24241.20961977  .00041163  00000-0  15741-2 0  9997,2 58341  97.4502 316.0517 0007293 308.0080  52.0499 15.26446887 44720,2023-174CP,58341,6864.581,94.337,491.452,481.44,0,01:51.1
GENERATED VIA SPACETRACK.ORG API,18 SPCS,58341,NINJASAT,PAYLOAD,U,23174CP,2024/8/29 10:55,430048,15.26545508,0.0007281,97.4503,317.2937,302.6054,57.4482,0,999,4491,0.0014401,0.00037747,0,4461621,0 NINJASAT,1 58341U 23174CP  24242.45509757  .00037747  00000-0  14401-2 0  9994,2 58341  97.4503 317.2937 0007281 302.6054  57.4482 15.26545508 44910,2023-174CP,58341,6864.285,94.331,491.148,481.153,0,55:20.4
GENERATED VIA SPACETRACK.ORG API,18 SPCS,58341,NINJASAT,PAYLOAD,U,23174CP,2024/8/30 4:13,716672,15.26590543,0.000734,97.4504,318.0128,299.5893,60.4614,0,999,4502,0.0012565,0.0003295,0,4462381,0 NINJASAT,1 58341U 23174CP  24243.17613098  .00032950  00000-0  12565-2 0  9998,2 58341  97.4504 318.0128 0007340 299.5893  60.4614 15.26590543 45026,2023-174CP,58341,6864.15,94.328,491.054,480.977,0,13:37.7
GENERATED VIA SPACETRACK.ORG API,18 SPCS,58341,NINJASAT,PAYLOAD,U,23174CP,2024/8/31 3:49,185792,15.26689075,0.0007333,97.4505,318.9933,295.672,64.376,0,999,4517,0.002607,0.00068977,0,4463908,0 NINJASAT,1 58341U 23174CP  24244.15931928  .00068977  00000-0  26070-2 0  9996,2 58341  97.4505 318.9933 0007333 295.6720  64.3760 15.26689075 45178,2023-174CP,58341,6863.855,94.322,490.753,480.687,0,49:25.2
GENERATED VIA SPACETRACK.ORG API,18 SPCS,58341,NINJASAT,PAYLOAD,U,23174CP,2024/9/1 4:59,420672,15.26765039,0.0007243,97.4504,320.0397,291.5206,68.5261,0,999,4533,0.0016535,0.00043674,0,4465564,0 NINJASAT,1 58341U 23174CP  24245.20799098  .00043674  00000-0  16535-2 0  9995,2 58341  97.4504 320.0397 0007243 291.5206  68.5261 15.26765039 45334,2023-174CP,58341,6863.627,94.317,490.464,480.521,0,59:30.4
GENERATED VIA SPACETRACK.ORG API,18 SPCS,58341,NINJASAT,PAYLOAD,U,23174CP,2024/9/2 4:35,143008,15.26840871,0.0007278,97.4502,321.0207,287.0434,73.0007,0,999,4548,0.0014594,0.00038601,0,4467464,0 NINJASAT,1 58341U 23174CP  24246.19106647  .00038601  00000-0  14594-2 0  9993,2 58341  97.4502 321.0207 0007278 287.0434  73.0007 15.26840871 45487,2023-174CP,58341,6863.4,94.312,490.26,480.27,0,35:08.1
GENERATED VIA SPACETRACK.ORG API,18 SPCS,58341,NINJASAT,PAYLOAD,U,23174CP,2024/9/3 4:10,638656,15.26918327,0.0007381,97.45,322.0018,283.2218,76.8197,0,999,4563,0.0015062,0.00039943,0,4469210,0 NINJASAT,1 58341U 23174CP  24247.17409304  .00039943  00000-0  15062-2 0  9999,2 58341  97.4500 322.0018 0007381 283.2218  76.8197 15.26918327 45639,2023-174CP,58341,6863.168,94.308,490.099,479.967,0,10:41.6
GENERATED VIA SPACETRACK.ORG API,18 SPCS,58341,NINJASAT,PAYLOAD,U,23174CP,2024/9/4 13:12,786976,15.27043641,0.0007421,97.4496,323.3752,277.9161,82.1236,0,999,4584,0.001912,0.00050992,0,4471112,0 NINJASAT,1 58341U 23174CP  24248.55024059  .00050992  00000-0  19120-2 0  9998,2 58341  97.4496 323.3752 0007421 277.9161  82.1236 15.27043641 45840,2023-174CP,58341,6862.793,94.3,489.75,479.565,0,12:20.8
GENERATED VIA SPACETRACK.ORG API,18 SPCS,58341,NINJASAT,PAYLOAD,U,23174CP,2024/9/5 4:55,34624,15.27102891,0.000737,97.4493,324.0293,275.3192,84.7206,0,999,4594,0.0018178,0.00048547,0,4471787,0 NINJASAT,1 58341U 23174CP  24249.20550966  .00048547  00000-0  18178-2 0  9997,2 58341  97.4493 324.0293 0007370 275.3192  84.7206 15.27102891 45943,2023-174CP,58341,6862.615,94.296,489.538,479.422,0,55:56.0
GENERATED VIA SPACETRACK.ORG API,18 SPCS,58341,NINJASAT,PAYLOAD,U,23174CP,2024/9/6 4:31,594304,15.2719309,0.0007414,97.4489,325.0105,271.4513,88.5877,0,999,4609,0.001694,0.0004534,0,4473645,0 NINJASAT,1 58341U 23174CP  24250.18836336  .00045340  00000-0  16940-2 0  9997,2 58341  97.4489 325.0105 0007414 271.4513  88.5877 15.27193090 46098,2023-174CP,58341,6862.345,94.291,489.298,479.122,0,31:14.6
GENERATED VIA SPACETRACK.ORG API,18 SPCS,58341,NINJASAT,PAYLOAD,U,23174CP,2024/9/7 4:06,161792,15.27285215,0.0007538,97.4484,325.9914,267.7227,92.3149,0,999,4624,0.0018028,0.00048413,0,4475400,0 NINJASAT,1 58341U 23174CP  24251.17115928  .00048413  00000-0  18028-2 0  9997,2 58341  97.4484 325.9914 0007538 267.7227  92.3149 15.27285215 46240,2023-174CP,58341,6862.069,94.285,489.107,478.761,0,06:28.2
GENERATED VIA SPACETRACK.ORG API,18 SPCS,58341,NINJASAT,PAYLOAD,U,23174CP,2024/9/8 3:41,534048,15.27380536,0.0007551,97.4481,326.9724,264.0365,96.0014,0,999,4639,0.0018408,0.00049585,0,4477413,0 NINJASAT,1 58341U 23174CP  24252.15389507  .00049585  00000-0  18408-2 0  9995,2 58341  97.4481 326.9724 0007551 264.0365  96.0014 15.27380536 46395,2023-174CP,58341,6861.783,94.279,488.83,478.467,0,41:36.5
GENERATED VIA SPACETRACK.ORG API,18 SPCS,58341,NINJASAT,PAYLOAD,U,23174CP,2024/9/9 4:50,718912,15.27480185,0.0007572,97.4479,328.0189,259.8156,100.2229,0,999,4655,0.0018155,0.00049047,0,4479338,0 NINJASAT,1 58341U 23174CP  24253.20208008  .00049047  00000-0  18155-2 0  9990,2 58341  97.4479 328.0189 0007572 259.8156 100.2229 15.27480185 46558,2023-174CP,58341,6861.485,94.273,488.546,478.154,0,50:59.7
GENERATED VIA SPACETRACK.ORG API,18 SPCS,58341,NINJASAT,PAYLOAD,U,23174CP,2024/9/10 4:25,104544,15.275794,0.0007632,97.4476,329,256.2485,103.7905,0,999,4670,0.0018692,0.00050664,0,4481305,0 NINJASAT,1 58341U 23174CP  24254.18468871  .00050664  00000-0  18692-2 0  9997,2 58341  97.4476 329.0000 0007632 256.2485 103.7905 15.27579400 46706,2023-174CP,58341,6861.188,94.267,488.289,477.816,0,25:57.1
GENERATED VIA SPACETRACK.ORG API,18 SPCS,58341,NINJASAT,PAYLOAD,U,23174CP,2024/9/11 4:00,288896,15.27669909,0.0007709,97.4475,329.9812,252.9143,107.1252,0,999,4685,0.0017529,0.00047619,0,4483217,0 NINJASAT,1 58341U 23174CP  24255.16723714  .00047619  00000-0  17529-2 0  9990,2 58341  97.4475 329.9812 0007709 252.9143 107.1252 15.27669909 46857,2023-174CP,58341,6860.917,94.261,488.071,477.493,0,00:49.3
GENERATED VIA SPACETRACK.ORG API,18 SPCS,58341,NINJASAT,PAYLOAD,U,23174CP,2024/9/12 3:35,644352,15.27757486,0.0007736,97.4478,330.9621,249.3405,110.7005,0,999,4700,0.0017803,0.000485,0,4485267,0 NINJASAT,1 58341U 23174CP  24256.14972968  .00048500  00000-0  17803-2 0  9991,2 58341  97.4478 330.9621 0007736 249.3405 110.7005 15.27757486 47003,2023-174CP,58341,6860.655,94.256,487.827,477.212,0,35:36.6
GENERATED VIA SPACETRACK.ORG API,18 SPCS,58341,NINJASAT,PAYLOAD,U,23174CP,2024/9/13 4:44,826944,15.27886954,0.0007785,97.448,332.0086,244.7453,115.298,0,999,4716,0.0023158,0.00063486,0,4487550,0 NINJASAT,1 58341U 23174CP  24257.19764846  .00063486  00000-0  23158-2 0  9991,2 58341  97.4480 332.0086 0007785 244.7453 115.2980 15.27886954 47162,2023-174CP,58341,6860.267,94.248,487.473,476.791,0,44:36.8
GENERATED VIA SPACETRACK.ORG API,18 SPCS,58341,NINJASAT,PAYLOAD,U,23174CP,2024/9/14 2:44,804832,15.27974451,0.000789,97.448,332.9247,241.8362,118.2081,0,999,4730,0.0024168,0.00066462,0,4489547,0 NINJASAT,1 58341U 23174CP  24258.11451163  .00066462  00000-0  24168-2 0  9998,2 58341  97.4480 332.9247 0007890 241.8362 118.2081 15.27974451 47305,2023-174CP,58341,6860.005,94.242,487.283,476.458,0,44:53.8
GENERATED VIA SPACETRACK.ORG API,18 SPCS,58341,NINJASAT,PAYLOAD,U,23174CP,2024/9/15 3:53,320832,15.28057901,0.0007906,97.4482,333.972,238.4074,121.6394,0,999,4746,0.0015319,0.00042071,0,4491812,0 NINJASAT,1 58341U 23174CP  24259.16229538  .00042071  00000-0  15319-2 0  9991,2 58341  97.4482 333.9720 0007906 238.4074 121.6394 15.28057901 47469,2023-174CP,58341,6859.755,94.237,487.044,476.197,0,53:42.3
GENERATED VIA SPACETRACK.ORG API,18 SPCS,58341,NINJASAT,PAYLOAD,U,23174CP,2024/9/16 5:02,982880,15.28137531,0.0007916,97.4485,335.0191,234.1469,125.9036,0,999,4762,0.0013772,0.00037885,0,4493741,0 NINJASAT,1 58341U 23174CP  24260.21002295  .00037885  00000-0  13772-2 0  9996,2 58341  97.4485 335.0191 0007916 234.1469 125.9036 15.28137531 47625,2023-174CP,58341,6859.517,94.232,486.812,475.952,0,02:26.0
GENERATED VIA SPACETRACK.ORG API,18 SPCS,58341,NINJASAT,PAYLOAD,U,23174CP,2024/9/17 4:36,444256,15.28248428,0.0007959,97.4482,336.001,230.3557,129.698,0,999,4777,0.0029781,0.00082781,0,4496057,0 NINJASAT,1 58341U 23174CP  24261.19221579  .00082781  00000-0  29781-2 0  9994,2 58341  97.4482 336.0010 0007959 230.3557 129.6980 15.28248428 47779,2023-174CP,58341,6859.185,94.226,486.51,475.591,0,36:47.4
GENERATED VIA SPACETRACK.ORG API,18 SPCS,58341,NINJASAT,PAYLOAD,U,23174CP,2024/9/18 4:11,852960,15.28314799,0.0008064,97.4479,336.9828,227.2353,132.8209,0,999,4792,0.0016587,0.00045942,0,4497973,0 NINJASAT,1 58341U 23174CP  24262.17435015  .00045942  00000-0  16587-2 0  9993,2 58341  97.4479 336.9828 0008064 227.2353 132.8209 15.28314799 47920,2023-174CP,58341,6858.987,94.221,486.383,475.321,0,11:03.9
GENERATED VIA SPACETRACK.ORG API,18 SPCS,58341,NINJASAT,PAYLOAD,U,23174CP,2024/9/19 3:45,190496,15.28374579,0.0008105,97.4475,337.9648,223.7721,136.2877,0,999,4807,0.00118,0.00032664,0,4498833,0 NINJASAT,1 58341U 23174CP  24263.15643739  .00032664  00000-0  11800-2 0  9996,2 58341  97.4475 337.9648 0008105 223.7721 136.2877 15.28374579 48071,2023-174CP,58341,6858.808,94.218,486.232,475.114,0,45:16.2
GENERATED VIA SPACETRACK.ORG API,18 SPCS,58341,NINJASAT,PAYLOAD,U,23174CP,2024/9/20 4:53,336160,15.28446348,0.0008182,97.447,339.012,219.2997,140.7649,0,999,4823,0.0012135,0.00033672,0,4499739,0 NINJASAT,1 58341U 23174CP  24264.20395065  .00033672  00000-0  12135-2 0  9991,2 58341  97.4470 339.0120 0008182 219.2997 140.7649 15.28446348 48233,2023-174CP,58341,6858.593,94.213,486.07,474.846,0,53:41.3
GENERATED VIA SPACETRACK.ORG API,18 SPCS,58341,NINJASAT,PAYLOAD,U,23174CP,2024/9/21 4:27,348704,15.28506419,0.0008254,97.4463,339.994,216.0827,143.9857,0,999,4838,0.0012326,0.00034269,0,4500638,0 NINJASAT,1 58341U 23174CP  24265.18595311  .00034269  00000-0  12326-2 0  9990,2 58341  97.4463 339.9940 0008254 216.0827 143.9857 15.28506419 48389,2023-174CP,58341,6858.413,94.21,485.939,474.618,0,27:46.3
GENERATED VIA SPACETRACK.ORG API,18 SPCS,58341,NINJASAT,PAYLOAD,U,23174CP,2024/9/22 4:01,307872,15.28559786,0.0008312,97.446,340.9756,212.6282,147.4445,0,999,4853,0.0011396,0.00031719,0,4501681,0 NINJASAT,1 58341U 23174CP  24266.16792023  .00031719  00000-0  11396-2 0  9991,2 58341  97.4460 340.9756 0008312 212.6282 147.4445 15.28559786 48539,2023-174CP,58341,6858.254,94.206,485.819,474.418,0,01:48.3
GENERATED VIA SPACETRACK.ORG API,18 SPCS,58341,NINJASAT,PAYLOAD,U,23174CP,2024/9/23 3:35,116896,15.28618162,0.000836,97.4459,341.9573,208.9831,151.0946,0,999,4868,0.0011668,0.0003254,0,4502611,0 NINJASAT,1 58341U 23174CP  24267.14985089  .00032540  00000-0  11668-2 0  9991,2 58341  97.4459 341.9573 0008360 208.9831 151.0946 15.28618162 48683,2023-174CP,58341,6858.079,94.203,485.678,474.211,0,35:47.1
GENERATED VIA SPACETRACK.ORG API,18 SPCS,58341,NINJASAT,PAYLOAD,U,23174CP,2024/9/24 4:43,986688,15.2868923,0.0008426,97.4458,343.0044,205.1758,154.9072,0,999,4884,0.0012668,0.00035426,0,4503562,0 NINJASAT,1 58341U 23174CP  24268.19719892  .00035426  00000-0  12668-2 0  9991,2 58341  97.4458 343.0044 0008426 205.1758 154.9072 15.28689230 48842,2023-174CP,58341,6857.867,94.198,485.51,473.953,0,43:58.0
GENERATED VIA SPACETRACK.ORG API,18 SPCS,58341,NINJASAT,PAYLOAD,U,23174CP,2024/9/25 4:17,930720,15.28771951,0.000851,97.4457,343.9861,202.1334,157.954,0,999,4899,0.0016329,0.00045866,0,4504667,0 NINJASAT,1 58341U 23174CP  24269.17903855  .00045866  00000-0  16329-2 0  9991,2 58341  97.4457 343.9861 0008510 202.1334 157.9540 15.28771951 48999,2023-174CP,58341,6857.619,94.193,485.32,473.648,0,17:48.9
GENERATED VIA SPACETRACK.ORG API,18 SPCS,58341,NINJASAT,PAYLOAD,U,23174CP,2024/9/26 3:51,17344,15.28865218,0.0008562,97.4459,344.968,198.7026,161.3901,0,999,4914,0.0017482,0.00049273,0,4505675,0 NINJASAT,1 58341U 23174CP  24270.16082196  .00049273  00000-0  17482-2 0  9995,2 58341  97.4459 344.9680 0008562 198.7026 161.3901 15.28865218 49144,2023-174CP,58341,6857.34,94.188,485.077,473.334,0,51:35.0
GENERATED VIA SPACETRACK.ORG API,18 SPCS,58341,NINJASAT,PAYLOAD,U,23174CP,2024/9/27 3:25,77216,15.28950189,0.0008603,97.4461,345.9501,195.0422,165.0563,0,999,4929,0.0015651,0.0004419,0,4506675,0 NINJASAT,1 58341U 23174CP  24271.14254719  .00044190  00000-0  15651-2 0  9995,2 58341  97.4461 345.9501 0008603 195.0422 165.0563 15.28950189 49299,2023-174CP,58341,6857.086,94.182,484.85,473.052,0,25:16.1
GENERATED VIA SPACETRACK.ORG API,18 SPCS,58341,NINJASAT,PAYLOAD,U,23174CP,2024/9/28 2:58,458528,15.29032801,0.0008669,97.4462,346.9322,191.7103,168.3937,0,999,4944,0.0014898,0.00042156,0,4507683,0 NINJASAT,1 58341U 23174CP  24272.12421827  .00042156  00000-0  14898-2 0  9992,2 58341  97.4462 346.9322 0008669 191.7103 168.3937 15.29032801 49444,2023-174CP,58341,6856.839,94.177,484.649,472.76,0,58:52.5
GENERATED VIA SPACETRACK.ORG API,18 SPCS,58341,NINJASAT,PAYLOAD,U,23174CP,2024/9/29 4:06,43360,15.29128203,0.0008692,97.4463,347.9799,188.6727,171.4364,0,999,4960,0.0016308,0.00046314,0,4508720,0 NINJASAT,1 58341U 23174CP  24273.17127365  .00046314  00000-0  16308-2 0  9996,2 58341  97.4463 347.9799 0008692 188.6727 171.4364 15.29128203 49606,2023-174CP,58341,6856.554,94.171,484.379,472.459,0,06:38.0
GENERATED VIA SPACETRACK.ORG API,18 SPCS,58341,NINJASAT,PAYLOAD,U,23174CP,2024/9/30 3:40,846720,15.29236633,0.0008746,97.4465,348.962,185.1747,174.9404,0,999,4975,0.0017238,0.00049141,0,4509703,0 NINJASAT,1 58341U 23174CP  24274.15282230  .00049141  00000-0  17238-2 0  9992,2 58341  97.4465 348.9620 0008746 185.1747 174.9404 15.29236633 49752,2023-174CP,58341,6856.23,94.165,484.091,472.099,0,40:03.8
GENERATED VIA SPACETRACK.ORG API,18 SPCS,58341,NINJASAT,PAYLOAD,U,23174CP,2024/10/1 4:47,778272,15.29352493,0.0008757,97.4463,350.0101,181.6128,178.5085,0,999,4991,0.0018798,0.00053819,0,4510715,0 NINJASAT,1 58341U 23174CP  24275.19973123  .00053819  00000-0  18798-2 0  9994,2 58341  97.4463 350.0101 0008757 181.6128 178.5085 15.29352493 49910,2023-174CP,58341,6855.884,94.157,483.752,471.745,0,47:36.8
GENERATED VIA SPACETRACK.ORG API,18 SPCS,58341,NINJASAT,PAYLOAD,U,23174CP,2024/10/2 4:20,503776,15.29453546,0.0008811,97.4458,350.9926,179.0698,181.056,0,999,5006,0.001902,0.00054631,0,4511676,0 NINJASAT,1 58341U 23174CP  24276.18114009  .00054631  00000-0  19020-2 0  9996,2 58341  97.4458 350.9926 0008811 179.0698 181.0560 15.29453546 50068,2023-174CP,58341,6855.582,94.151,483.487,471.406,0,20:50.5
GENERATED VIA SPACETRACK.ORG API,18 SPCS,58341,NINJASAT,PAYLOAD,U,23174CP,2024/10/3 3:53,399008,15.29570594,0.0008791,97.4457,351.9752,175.8432,184.2883,0,999,5021,0.0029376,0.00085062,0,4512704,0 NINJASAT,1 58341U 23174CP  24277.16248147  .00085062  00000-0  29376-2 0  9993,2 58341  97.4457 351.9752 0008791 175.8432 184.2883 15.29570594 50215,2023-174CP,58341,6855.232,94.144,483.123,471.071,0,53:58.4
GENERATED VIA SPACETRACK.ORG API,18 SPCS,58341,NINJASAT,PAYLOAD,U,23174CP,2024/10/4 3:26,959392,15.29685383,0.0008808,97.4454,352.9577,172.0238,188.1144,0,999,5036,0.0025396,0.00073677,0,4513728,0 NINJASAT,1 58341U 23174CP  24278.14374953  .00073677  00000-0  25396-2 0  9994,2 58341  97.4454 352.9577 0008808 172.0238 188.1144 15.29685383 50362,2023-174CP,58341,6854.889,94.137,482.792,470.716,0,27:00.0
GENERATED VIA SPACETRACK.ORG API,18 SPCS,58341,NINJASAT,PAYLOAD,U,23174CP,2024/10/5 4:34,830464,15.29822222,0.0008796,97.4448,354.006,168.8715,191.2722,0,999,5052,0.0024192,0.00070445,0,4514571,0 NINJASAT,1 58341U 23174CP  24279.19034526  .00070445  00000-0  24192-2 0  9992,2 58341  97.4448 354.0060 0008796 168.8715 191.2722 15.29822222 50524,2023-174CP,58341,6854.48,94.129,482.374,470.316,0,34:05.8
GENERATED VIA SPACETRACK.ORG API,18 SPCS,58341,NINJASAT,PAYLOAD,U,23174CP,2024/10/6 4:06,25984,15.29938378,0.000874,97.4444,354.9888,166.2517,193.8963,0,999,5067,0.0019854,0.0005791,0,4515653,0 NINJASAT,1 58341U 23174CP  24280.17144706  .00057910  00000-0  19854-2 0  9995,2 58341  97.4444 354.9888 0008740 166.2517 193.8963 15.29938378 50679,2023-174CP,58341,6854.133,94.121,481.989,470.008,0,06:53.0
GENERATED VIA SPACETRACK.ORG API,18 SPCS,58341,NINJASAT,PAYLOAD,U,23174CP,2024/10/7 3:39,808896,15.30063256,0.0008699,97.4442,355.9713,162.5382,197.6159,0,999,5082,0.0024449,0.00071735,0,4516741,0 NINJASAT,1 58341U 23174CP  24281.15247464  .00071735  00000-0  24449-2 0  9996,2 58341  97.4442 355.9713 0008699 162.5382 197.6159 15.30063256 50829,2023-174CP,58341,6853.76,94.114,481.587,469.663,0,39:33.8
GENERATED VIA SPACETRACK.ORG API,18 SPCS,58341,NINJASAT,PAYLOAD,U,23174CP,2024/10/8 4:46,863456,15.30253009,0.0008732,97.4437,357.0195,158.983,201.1771,0,999,5098,0.0064166,0.00192544,0,4517810,0 NINJASAT,1 58341U 23174CP  24282.19880629  .00192544  00000-0  64166-2 0  9999,2 58341  97.4437 357.0195 0008732 158.9830 201.1771 15.30253009 50980,2023-174CP,58341,6853.194,94.102,481.043,469.075,0,46:16.9
GENERATED VIA SPACETRACK.ORG API,18 SPCS,58341,NINJASAT,PAYLOAD,U,23174CP,2024/10/9 4:18,195808,15.30354222,0.0008723,97.4436,358.0026,156.4833,203.6808,0,999,5113,0.002532,0.00074995,0,4519162,0 NINJASAT,1 58341U 23174CP  24283.17964347  .00074995  00000-0  25320-2 0  9996,2 58341  97.4436 358.0026 0008723 156.4833 203.6808 15.30354222 51134,2023-174CP,58341,6852.892,94.096,480.734,468.779,0,18:41.2
GENERATED VIA SPACETRACK.ORG API,18 SPCS,58341,NINJASAT,PAYLOAD,U,23174CP,2024/10/10 3:50,609760,15.30449039,0.0008737,97.4436,358.9854,153.1059,207.0636,0,999,5128,0.0019306,0.00057197,0,4520173,0 NINJASAT,1 58341U 23174CP  24284.16041215  .00057197  00000-0  19306-2 0  9998,2 58341  97.4436 358.9854 0008737 153.1059 207.0636 15.30449039 51285,2023-174CP,58341,6852.609,94.09,480.461,468.486,0,50:59.6
GENERATED VIA SPACETRACK.ORG API,18 SPCS,58341,NINJASAT,PAYLOAD,U,23174CP,2024/10/11 4:57,875968,15.30647195,0.0008721,97.4437,0.0338,149.3876,210.7875,0,999,5144,0.0081232,0.00248591,0,4521231,0 NINJASAT,1 58341U 23174CP  24285.20649162  .00248591  00000-0  81232-2 0  9996,2 58341  97.4437   0.0338 0008721 149.3876 210.7875 15.30647195 51442,2023-174CP,58341,6852.017,94.078,479.858,467.907,0,57:20.9
GENERATED VIA SPACETRACK.ORG API,18 SPCS,58341,NINJASAT,PAYLOAD,U,23174CP,2024/10/12 4:29,490816,15.30737049,0.0008787,97.4438,1.0171,146.8187,213.3606,0,999,5159,0.0017142,0.00051192,0,4522635,0 NINJASAT,1 58341U 23174CP  24286.18707744  .00051192  00000-0  17142-2 0  9993,2 58341  97.4438   1.0171 0008787 146.8187 213.3606 15.30737049 51593,2023-174CP,58341,6851.749,94.072,479.635,467.593,0,29:23.5
GENERATED VIA SPACETRACK.ORG API,18 SPCS,58341,NINJASAT,PAYLOAD,U,23174CP,2024/10/13 11:51,912352,15.30831104,0.0008749,97.4442,2.3285,142.333,217.8525,0,999,5179,0.0013531,0.00040452,0,4523218,0 NINJASAT,1 58341U 23174CP  24287.49444343  .00040452  00000-0  13531-2 0  9996,2 58341  97.4442   2.3285 0008749 142.3330 217.8525 15.30831104 51795,2023-174CP,58341,6851.468,94.067,479.328,467.339,0,51:59.9
GENERATED VIA SPACETRACK.ORG API,18 SPCS,58341,NINJASAT,PAYLOAD,U,23174CP,2024/10/14 3:33,493536,15.30879115,0.0008737,97.4443,2.9842,139.9558,220.2329,0,999,5189,0.0013548,0.00040564,0,4524162,0 NINJASAT,1 58341U 23174CP  24288.14809599  .00040564  00000-0  13548-2 0  9999,2 58341  97.4443   2.9842 0008737 139.9558 220.2329 15.30879115 51897,2023-174CP,58341,6851.325,94.064,479.176,467.204,0,33:15.5
GENERATED VIA SPACETRACK.ORG API,18 SPCS,58341,NINJASAT,PAYLOAD,U,23174CP,2024/10/15 4:39,777696,15.30958812,0.0008765,97.4444,4.0334,136.5191,223.6743,0,999,5205,0.001516,0.00045542,0,4525005,0 NINJASAT,1 58341U 23174CP  24289.19389789  .00045542  00000-0  15160-2 0  9992,2 58341  97.4444   4.0334 0008765 136.5191 223.6743 15.30958812 52052,2023-174CP,58341,6851.087,94.059,478.957,466.947,0,39:12.8
GENERATED VIA SPACETRACK.ORG API,18 SPCS,58341,NINJASAT,PAYLOAD,U,23174CP,2024/10/16 4:10,260288,15.31035992,0.0008737,97.4444,5.017,133.6503,226.5464,0,999,5220,0.0013947,0.00041972,0,4525928,0 NINJASAT,1 58341U 23174CP  24290.17428542  .00041972  00000-0  13947-2 0  9997,2 58341  97.4444   5.0170 0008737 133.6503 226.5464 15.31035992 52200,2023-174CP,58341,6850.857,94.054,478.708,466.736,0,10:58.3
GENERATED VIA SPACETRACK.ORG API,18 SPCS,58341,NINJASAT,PAYLOAD,U,23174CP,2024/10/17 3:42,138624,15.3112208,0.0008758,97.4442,6.0008,130.5718,229.6287,0,999,5235,0.001504,0.00045409,0,4526791,0 NINJASAT,1 58341U 23174CP  24291.15461966  .00045409  00000-0  15040-2 0  9998,2 58341  97.4442   6.0008 0008758 130.5718 229.6287 15.31122080 52354,2023-174CP,58341,6850.6,94.049,478.465,466.466,0,42:39.1
GENERATED VIA SPACETRACK.ORG API,18 SPCS,58341,NINJASAT,PAYLOAD,U,23174CP,2024/10/18 4:48,768480,15.31207328,0.0008778,97.4437,7.0503,126.9533,233.2513,0,999,5251,0.0014781,0.0004474,0,4527671,0 NINJASAT,1 58341U 23174CP  24292.20025195  .00044740  00000-0  14781-2 0  9993,2 58341  97.4437   7.0503 0008778 126.9533 233.2513 15.31207328 52515,2023-174CP,58341,6850.346,94.043,478.224,466.198,0,48:21.8
GENERATED VIA SPACETRACK.ORG API,18 SPCS,58341,NINJASAT,PAYLOAD,U,23174CP,2024/10/19 4:19,543712,15.31298608,0.0008721,97.4431,8.0337,123.9446,236.2626,0,999,5266,0.0020713,0.00063055,0,4528420,0 NINJASAT,1 58341U 23174CP  24293.18048083  .00063055  00000-0  20713-2 0  9994,2 58341  97.4431   8.0337 0008721 123.9446 236.2626 15.31298608 52668,2023-174CP,58341,6850.074,94.038,477.913,465.965,0,19:53.5
GENERATED VIA SPACETRACK.ORG API,18 SPCS,58341,NINJASAT,PAYLOAD,U,23174CP,2024/10/20 3:51,337120,15.31399072,0.0008741,97.4428,9.0176,120.9212,239.2889,0,999,5281,0.0024642,0.00075387,0,4529397,0 NINJASAT,1 58341U 23174CP  24294.16065205  .00075387  00000-0  24642-2 0  9994,2 58341  97.4428   9.0176 0008741 120.9212 239.2889 15.31399072 52814,2023-174CP,58341,6849.774,94.032,477.627,465.652,0,51:20.3
GENERATED VIA SPACETRACK.ORG API,18 SPCS,58341,NINJASAT,PAYLOAD,U,23174CP,2024/10/21 4:56,758848,15.31460283,0.0008789,97.4424,10.0668,117.6345,242.5789,0,999,5297,0.001278,0.00038948,0,4530004,0 NINJASAT,1 58341U 23174CP  24295.20610832  .00038948  00000-0  12780-2 0  9994,2 58341  97.4424  10.0668 0008789 117.6345 242.5789 15.31460283 52976,2023-174CP,58341,6849.592,94.028,477.477,465.437,0,56:47.8
GENERATED VIA SPACETRACK.ORG API,18 SPCS,58341,NINJASAT,PAYLOAD,U,23174CP,2024/10/22 4:28,519136,15.31532996,0.0008721,97.442,11.0503,114.3921,245.8231,0,999,5312,0.0012334,0.00037664,0,4531413,0 NINJASAT,1 58341U 23174CP  24296.18617499  .00037664  00000-0  12334-2 0  9997,2 58341  97.4420  11.0503 0008721 114.3921 245.8231 15.31532996 53128,2023-174CP,58341,6849.375,94.023,477.213,465.267,0,28:05.5
GENERATED VIA SPACETRACK.ORG API,18 SPCS,58341,NINJASAT,PAYLOAD,U,23174CP,2024/10/23 8:41,713152,15.31641268,0.0008699,97.4422,12.2307,110.8075,249.4099,0,999,5330,0.0014104,0.00043257,0,4532037,0 NINJASAT,1 58341U 23174CP  24297.36218418  .00043257  00000-0  14104-2 0  9998,2 58341  97.4422  12.2307 0008699 110.8075 249.4099 15.31641268 53305,2023-174CP,58341,6849.052,94.017,476.875,464.959,0,41:32.7
GENERATED VIA SPACETRACK.ORG API,18 SPCS,58341,NINJASAT,PAYLOAD,U,23174CP,2024/10/24 3:30,718912,15.31718712,0.0008681,97.4421,13.0176,108,252.2188,0,999,5342,0.0015321,0.00047134,0,4532732,0 NINJASAT,1 58341U 23174CP  24298.14614258  .00047134  00000-0  15321-2 0  9997,2 58341  97.4421  13.0176 0008681 108.0000 252.2188 15.31718712 53428,2023-174CP,58341,6848.821,94.012,476.632,464.741,0,30:26.7
GENERATED VIA SPACETRACK.ORG API,18 SPCS,58341,NINJASAT,PAYLOAD,U,23174CP,2024/10/25 10:51,22208,15.31849506,0.0008643,97.4423,14.3299,103.6442,256.5762,0,999,5362,0.0015559,0.00048068,0,4533802,0 NINJASAT,1 58341U 23174CP  24299.45265072  .00048068  00000-0  15559-2 0  9998,2 58341  97.4423  14.3299 0008643 103.6442 256.5762 15.31849506 53622,2023-174CP,58341,6848.431,94.004,476.215,464.377,0,51:49.0
GENERATED VIA SPACETRACK.ORG API,18 SPCS,58341,NINJASAT,PAYLOAD,U,23174CP,2024/10/26 4:06,307968,15.31919159,0.000855,97.4423,15.0513,101.0277,259.1927,0,999,5373,0.0015594,0.00048281,0,4534538,0 NINJASAT,1 58341U 23174CP  24300.17118412  .00048281  00000-0  15594-2 0  9991,2 58341  97.4423  15.0513 0008550 101.0277 259.1927 15.31919159 53730,2023-174CP,58341,6848.224,94,475.944,464.234,0,06:30.3
GENERATED VIA SPACETRACK.ORG API,18 SPCS,58341,NINJASAT,PAYLOAD,U,23174CP,2024/10/27 3:37,377568,15.3204985,0.0008564,97.4427,16.0352,97.7339,262.4875,0,999,5388,0.0022501,0.00070187,0,4535537,0 NINJASAT,1 58341U 23174CP  24301.15094187  .00070187  00000-0  22501-2 0  9998,2 58341  97.4427  16.0352 0008564  97.7339 262.4875 15.32049850 53889,2023-174CP,58341,6847.834,93.992,475.564,463.835,0,37:21.4
GENERATED VIA SPACETRACK.ORG API,18 SPCS,58341,NINJASAT,PAYLOAD,U,23174CP,2024/10/28 4:42,596000,15.32191273,0.0008468,97.4427,17.0853,93.9786,266.2423,0,999,5404,0.0020689,0.00064766,0,4536513,0 NINJASAT,1 58341U 23174CP  24302.19592125  .00064766  00000-0  20689-2 0  9999,2 58341  97.4427  17.0853 0008468  93.9786 266.2423 15.32191273 54040,2023-174CP,58341,6847.413,93.983,475.076,463.48,0,42:07.6
GENERATED VIA SPACETRACK.ORG API,18 SPCS,58341,NINJASAT,PAYLOAD,U,23174CP,2024/10/29 4:12,202592,15.32327621,0.0008349,97.4428,18.0701,90.5614,269.6584,0,999,5419,0.0020876,0.00065636,0,4537563,0 NINJASAT,1 58341U 23174CP  24303.17550003  .00065636  00000-0  20876-2 0  9992,2 58341  97.4428  18.0701 0008349  90.5614 269.6584 15.32327621 54194,2023-174CP,58341,6847.007,93.975,474.588,463.155,0,
GENERATED VIA SPACETRACK.ORG API,18 SPCS,58341,NINJASAT,PAYLOAD,U,23174CP,2024/10/30 3:43,228448,15.32468222,0.0008304,97.4428,19.0543,87.0744,273.1448,0,999,5434,0.002301,0.00072739,0,4538443,0 NINJASAT,1 58341U 23174CP  24304.15499107  .00072739  00000-0  23010-2 0  9993,2 58341  97.4428  19.0543 0008304  87.0744 273.1448 15.32468222 54344,2023-174CP,58341,6846.588,93.966,474.138,462.768,0,
GENERATED VIA SPACETRACK.ORG API,18 SPCS,58341,NINJASAT,PAYLOAD,U,23174CP,2024/10/31 4:47,642304,15.32613685,0.0008299,97.4427,20.105,83.3926,276.8261,0,999,5450,0.0019652,0.0006231,0,4539403,0 NINJASAT,1 58341U 23174CP  24305.19968336  .00062310  00000-0  19652-2 0  9994,2 58341  97.4427  20.1050 0008299  83.3926 276.8261 15.32613685 54509,2023-174CP,58341,6846.155,93.957,473.701,462.338,0,
GENERATED VIA SPACETRACK.ORG API,18 SPCS,58341,NINJASAT,PAYLOAD,U,23174CP,2024/11/1 4:17,109248,15.32749033,0.0008165,97.4421,21.0895,79.9144,280.3019,0,999,5465,0.002353,0.00075061,0,4540431,0 NINJASAT,1 58341U 23174CP  24306.17899432  .00075061  00000-0  23530-2 0  9990,2 58341  97.4421  21.0895 0008165  79.9144 280.3019 15.32749033 54659,2023-174CP,58341,6845.752,93.949,473.206,462.027,0,
GENERATED VIA SPACETRACK.ORG API,18 SPCS,58341,NINJASAT,PAYLOAD,U,23174CP,2024/11/2 3:47,51616,15.32879762,0.0008149,97.442,22.0744,76.732,283.4831,0,999,5480,0.0018765,0.00059971,0,4541252,0 NINJASAT,1 58341U 23174CP  24307.15821819  .00059971  00000-0  18765-2 0  9999,2 58341  97.4420  22.0744 0008149  76.7320 283.4831 15.32879762 54801,2023-174CP,58341,6845.362,93.941,472.806,461.649,0,
GENERATED VIA SPACETRACK.ORG API,18 SPCS,58341,NINJASAT,PAYLOAD,U,23174CP,2024/11/3 4:51,844064,15.33044668,0.0008165,97.4418,23.1255,73.0552,287.1584,0,999,5496,0.0023043,0.00074181,0,4542129,0 NINJASAT,1 58341U 23174CP  24308.20262551  .00074181  00000-0  23043-2 0  9993,2 58341  97.4418  23.1255 0008165  73.0552 287.1584 15.33044668 54965,2023-174CP,58341,6844.872,93.931,472.325,461.148,0,
GENERATED VIA SPACETRACK.ORG API,18 SPCS,58341,NINJASAT,PAYLOAD,U,23174CP,2024/11/4 5:55,417632,15.33192552,0.000804,97.4413,24.1763,68.7429,291.4671,0,999,5512,0.0024374,0.00078882,0,4543340,0 NINJASAT,1 58341U 23174CP  24309.24692613  .00078882  00000-0  24374-2 0  9994,2 58341  97.4413  24.1763 0008040  68.7429 291.4671 15.33192552 55121,2023-174CP,58341,6844.431,93.922,471.799,460.793,0,
GENERATED VIA SPACETRACK.ORG API,18 SPCS,58341,NINJASAT,PAYLOAD,U,23174CP,2024/11/5 3:51,512192,15.33310944,0.0007988,97.441,25.0954,66.0419,294.1659,0,999,5526,0.0017635,0.00057099,0,4544139,0 NINJASAT,1 58341U 23174CP  24310.16060778  .00057099  00000-0  17635-2 0  9997,2 58341  97.4410  25.0954 0007988  66.0419 294.1659 15.33310944 55268,2023-174CP,58341,6844.079,93.914,471.411,460.477,0,
GENERATED VIA SPACETRACK.ORG API,18 SPCS,58341,NINJASAT,PAYLOAD,U,23174CP,2024/11/6 3:20,513856,15.33439901,0.0007997,97.4406,26.0805,62.814,297.3917,0,999,5541,0.001666,0.00054136,0,4545219,0 NINJASAT,1 58341U 23174CP  24311.13947354  .00054136  00000-0  16660-2 0  9995,2 58341  97.4406  26.0805 0007997  62.8140 297.3917 15.33439901 55418,2023-174CP,58341,6843.695,93.907,471.033,460.087,0,
GENERATED VIA SPACETRACK.ORG API,18 SPCS,58341,NINJASAT,PAYLOAD,U,23174CP,2024/11/7 4:24,479488,15.33586363,0.0007915,97.4402,27.1312,58.7927,301.409,0,999,5557,0.0019093,0.00062406,0,4546356,0 NINJASAT,1 58341U 23174CP  24312.18350092  .00062406  00000-0  19093-2 0  9990,2 58341  97.4402  27.1312 0007915  58.7927 301.4090 15.33586363 55577,2023-174CP,58341,6843.26,93.898,470.541,459.708,0,
GENERATED VIA SPACETRACK.ORG API,18 SPCS,58341,NINJASAT,PAYLOAD,U,23174CP,2024/11/8 3:53,406080,15.33712781,0.0007884,97.4403,28.1162,54.9077,305.2903,0,999,5572,0.0019427,0.00063764,0,4547168,0 NINJASAT,1 58341U 23174CP  24313.16219220  .00063764  00000-0  19427-2 0  9995,2 58341  97.4403  28.1162 0007884  54.9077 305.2903 15.33712781 55728,2023-174CP,58341,6842.884,93.89,470.143,459.354,0,
GENERATED VIA SPACETRACK.ORG API,18 SPCS,58341,NINJASAT,PAYLOAD,U,23174CP,2024/11/9 3:22,169248,15.33856218,0.0007918,97.4404,29.1018,51.8612,308.3343,0,999,5587,0.0024414,0.00080695,0,4548121,0 NINJASAT,1 58341U 23174CP  24314.14080057  .00080695  00000-0  24414-2 0  9992,2 58341  97.4404  29.1018 0007918  51.8612 308.3343 15.33856218 55871,2023-174CP,58341,6842.457,93.881,469.74,458.904,0,
GENERATED VIA SPACETRACK.ORG API,18 SPCS,58341,NINJASAT,PAYLOAD,U,23174CP,2024/11/10 4:25,493952,15.34044422,0.0007832,97.4405,30.1531,47.4704,312.7199,0,999,5603,0.0026464,0.00088081,0,4549296,0 NINJASAT,1 58341U 23174CP  24315.18453118  .00088081  00000-0  26464-2 0  9993,2 58341  97.4405  30.1531 0007832  47.4704 312.7199 15.34044422 56036,2023-174CP,58341,6841.897,93.87,469.121,458.404,0,
GENERATED VIA SPACETRACK.ORG API,18 SPCS,58341,NINJASAT,PAYLOAD,U,23174CP,2024/11/11 3:54,922176,15.34179108,0.0007834,97.4408,31.1391,43.2817,316.904,0,999,5618,0.0022131,0.00073822,0,4550312,0 NINJASAT,1 58341U 23174CP  24316.16292734  .00073822  00000-0  22131-2 0  9991,2 58341  97.4408  31.1391 0007834  43.2817 316.9040 15.34179108 56182,2023-174CP,58341,6841.497,93.861,468.721,458.002,0,
GENERATED VIA SPACETRACK.ORG API,18 SPCS,58341,NINJASAT,PAYLOAD,U,23174CP,2024/11/12 3:23,146016,15.34273578,0.0007841,97.4412,32.125,40.2849,319.8974,0,999,5633,0.001512,0.00050407,0,4551203,0 NINJASAT,1 58341U 23174CP  24317.14125169  .00050407  00000-0  15120-2 0  9991,2 58341  97.4412  32.1250 0007841  40.2849 319.8974 15.34273578 56333,2023-174CP,58341,6841.216,93.855,468.445,457.717,0,
GENERATED VIA SPACETRACK.ORG API,18 SPCS,58341,NINJASAT,PAYLOAD,U,23174CP,2024/11/13 4:26,193856,15.34358302,0.0007855,97.4412,33.1769,36.2149,323.9625,0,999,5649,0.0012736,0.00042517,0,4552252,0 NINJASAT,1 58341U 23174CP  24318.18473604  .00042517  00000-0  12736-2 0  9999,2 58341  97.4412  33.1769 0007855  36.2149 323.9625 15.34358302 56497,2023-174CP,58341,6840.964,93.85,468.203,457.456,0,
GENERATED VIA SPACETRACK.ORG API,18 SPCS,58341,NINJASAT,PAYLOAD,U,23174CP,2024/11/14 8:36,834720,15.34452478,0.0007786,97.4415,34.3607,32.4115,327.7605,0,999,5667,0.0011692,0.00039124,0,4553486,0 NINJASAT,1 58341U 23174CP  24319.35858605  .00039124  00000-0  11692-2 0  9997,2 58341  97.4415  34.3607 0007786  32.4115 327.7605 15.34452478 56677,2023-174CP,58341,6840.684,93.845,467.875,457.223,0,
GENERATED VIA SPACETRACK.ORG API,18 SPCS,58341,NINJASAT,PAYLOAD,U,23174CP,2024/11/15 3:23,145920,15.34519075,0.0007771,97.4412,35.1496,30.1221,330.0467,0,999,5679,0.0013211,0.0004434,0,4554080,0 NINJASAT,1 58341U 23174CP  24320.14111280  .00044340  00000-0  13211-2 0  9992,2 58341  97.4412  35.1496 0007771  30.1221 330.0467 15.34519075 56799,2023-174CP,58341,6840.486,93.84,467.667,457.036,0,
GENERATED VIA SPACETRACK.ORG API,18 SPCS,58341,NINJASAT,PAYLOAD,U,23174CP,2024/11/16 4:25,529952,15.34615688,0.0007693,97.4409,36.2015,26.4075,333.7559,0,999,5695,0.0015604,0.00052603,0,4555123,0 NINJASAT,1 58341U 23174CP  24321.18442743  .00052603  00000-0  15604-2 0  9997,2 58341  97.4409  36.2015 0007693  26.4075 333.7559 15.34615688 56959,2023-174CP,58341,6840.199,93.835,467.326,456.802,0,
GENERATED VIA SPACETRACK.ORG API,18 SPCS,58341,NINJASAT,PAYLOAD,U,23174CP,2024/11/17 3:53,580448,15.34676772,0.0007639,97.4406,37.188,23.1776,336.981,0,999,5710,0.00093784,0.00031558,0,4556042,0 NINJASAT,1 58341U 23174CP  24322.16248357  .00031558  00000-0  93784-3 0  9993,2 58341  97.4406  37.1880 0007639  23.1776 336.9810 15.34676772 57102,2023-174CP,58341,6840.018,93.831,467.108,456.658,0,
GENERATED VIA SPACETRACK.ORG API,18 SPCS,58341,NINJASAT,PAYLOAD,U,23174CP,2024/11/18 3:22,128288,15.3474174,0.000761,97.4401,38.1739,20.1716,339.9826,0,999,5725,0.0010181,0.00034348,0,4556644,0 NINJASAT,1 58341U 23174CP  24323.14049917  .00034348  00000-0  10181-2 0  9992,2 58341  97.4401  38.1739 0007610  20.1716 339.9826 15.34741740 57255,2023-174CP,58341,6839.825,93.827,466.895,456.485,0,
GENERATED VIA SPACETRACK.ORG API,18 SPCS,58341,NINJASAT,PAYLOAD,U,23174CP,2024/11/19 4:24,30976,15.34813554,0.0007542,97.4397,39.2259,16.5247,343.624,0,999,5741,0.001062,0.00035921,0,4557579,0 NINJASAT,1 58341U 23174CP  24324.18366934  .00035921  00000-0  10620-2 0  9994,2 58341  97.4397  39.2259 0007542  16.5247 343.6240 15.34813554 57413,2023-174CP,58341,6839.611,93.822,466.635,456.318,0,
GENERATED VIA SPACETRACK.ORG API,18 SPCS,58341,NINJASAT,PAYLOAD,U,23174CP,2024/11/20 3:52,626560,15.34896782,0.000749,97.4393,40.2118,13.234,346.9098,0,999,5756,0.0013308,0.00045207,0,4558491,0 NINJASAT,1 58341U 23174CP  24325.16159290  .00045207  00000-0  13308-2 0  9992,2 58341  97.4393  40.2118 0007490  13.2340 346.9098 15.34896782 57562,2023-174CP,58341,6839.364,93.817,466.352,456.106,0,
GENERATED VIA SPACETRACK.ORG API,18 SPCS,58341,NINJASAT,PAYLOAD,U,23174CP,2024/11/21 4:54,995872,15.34984083,0.000743,97.4392,41.2638,9.7848,350.3538,0,999,5772,0.0012527,0.00042652,0,4559325,0 NINJASAT,1 58341U 23174CP  24326.20465273  .00042652  00000-0  12527-2 0  9992,2 58341  97.4392  41.2638 0007430   9.7848 350.3538 15.34984083 57724,2023-174CP,58341,6839.105,93.812,466.051,455.888,0,
GENERATED VIA SPACETRACK.ORG API,18 SPCS,58341,NINJASAT,PAYLOAD,U,23174CP,2024/11/22 2:48,87040,15.35064356,0.0007414,97.4392,42.1844,6.2655,353.868,0,999,5786,0.0013989,0.00047793,0,4560066,0 NINJASAT,1 58341U 23174CP  24327.11728110  .00047793  00000-0  13989-2 0  9999,2 58341  97.4392  42.1844 0007414   6.2655 353.8680 15.35064356 57867,2023-174CP,58341,6838.866,93.807,465.802,455.661,0,
GENERATED VIA SPACETRACK.ORG API,18 SPCS,58341,NINJASAT,PAYLOAD,U,23174CP,2024/11/23 3:50,300896,15.3516759,0.0007346,97.4392,43.2366,2.4142,357.7135,0,999,5802,0.0015696,0.00053853,0,4560972,0 NINJASAT,1 58341U 23174CP  24328.16022339  .00053853  00000-0  15696-2 0  9996,2 58341  97.4392  43.2366 0007346   2.4142 357.7135 15.35167590 58022,2023-174CP,58341,6838.56,93.801,465.448,455.401,0,
GENERATED VIA SPACETRACK.ORG API,18 SPCS,58341,NINJASAT,PAYLOAD,U,23174CP,2024/11/24 1:44,575296,15.35260009,0.0007258,97.4394,44.1572,359.416,0.7073,0,999,5816,0.0014575,0.00050123,0,4561747,0 NINJASAT,1 58341U 23174CP  24329.07273814  .00050123  00000-0  14575-2 0  9995,2 58341  97.4394  44.1572 0007258 359.4160   0.7073 15.35260009 58160,2023-174CP,58341,6838.285,93.795,465.114,455.187,0,
GENERATED VIA SPACETRACK.ORG API,18 SPCS,58341,NINJASAT,PAYLOAD,U,23174CP,2024/11/25 4:20,935840,15.35374655,0.0007265,97.4396,45.2755,354.5806,5.5358,0,999,5833,0.0014944,0.00051592,0,4562617,0 NINJASAT,1 58341U 23174CP  24330.18071685  .00051592  00000-0  14944-2 0  9992,2 58341  97.4396  45.2755 0007265 354.5806   5.5358 15.35374655 58339,2023-174CP,58341,6837.945,93.788,464.778,454.842,0,
GENERATED VIA SPACETRACK.ORG API,18 SPCS,58341,NINJASAT,PAYLOAD,U,23174CP,2024/11/26 3:47,715488,15.35488781,0.0007169,97.4398,46.2623,351.6098,8.5024,0,999,5848,0.0015291,0.00052992,0,4563673,0 NINJASAT,1 58341U 23174CP  24331.15827217  .00052992  00000-0  15291-2 0  9991,2 58341  97.4398  46.2623 0007169 351.6098   8.5024 15.35488781 58485,2023-174CP,58341,6837.606,93.781,464.373,454.569,0,
GENERATED VIA SPACETRACK.ORG API,18 SPCS,58341,NINJASAT,PAYLOAD,U,23174CP,2024/11/27 3:15,440224,15.3559435,0.0007133,97.4399,47.2494,348.1202,11.9872,0,999,5863,0.001455,0.00050574,0,4564424,0 NINJASAT,1 58341U 23174CP  24332.13575741  .00050574  00000-0  14550-2 0  9993,2 58341  97.4399  47.2494 0007133 348.1202  11.9872 15.35594350 58638,2023-174CP,58341,6837.293,93.775,464.035,454.281,0,
GENERATED VIA SPACETRACK.ORG API,18 SPCS,58341,NINJASAT,PAYLOAD,U,23174CP,2024/11/28 2:42,300128,15.35702721,0.0007141,97.44,48.2366,343.8626,16.2389,0,999,5878,0.0015759,0.00055005,0,4565378,0 NINJASAT,1 58341U 23174CP  24333.11317477  .00055005  00000-0  15759-2 0  9998,2 58341  97.4400  48.2366 0007141 343.8626  16.2389 15.35702721 58781,2023-174CP,58341,6836.971,93.768,463.718,453.954,0,
GENERATED VIA SPACETRACK.ORG API,18 SPCS,58341,NINJASAT,PAYLOAD,U,23174CP,2024/11/29 2:10,961696,15.35818925,0.0007089,97.44,49.2237,340.6933,19.4041,0,999,5893,0.0015932,0.00055821,0,4566298,0 NINJASAT,1 58341U 23174CP  24334.09052039  .00055821  00000-0  15932-2 0  9995,2 58341  97.4400  49.2237 0007089 340.6933  19.4041 15.35818925 58937,2023-174CP,58341,6836.626,93.761,463.338,453.645,0,
GENERATED VIA SPACETRACK.ORG API,18 SPCS,58341,NINJASAT,PAYLOAD,U,23174CP,2024/11/30 4:45,84864,15.35951677,0.0007038,97.4398,50.3426,336.6987,23.3936,0,999,5910,0.0016585,0.00058378,0,4567187,0 NINJASAT,1 58341U 23174CP  24335.19809126  .00058378  00000-0  16585-2 0  9999,2 58341  97.4398  50.3426 0007038 336.6987  23.3936 15.35951677 59103,2023-174CP,58341,6836.232,93.753,462.909,453.286,0,
GENERATED VIA SPACETRACK.ORG API,18 SPCS,58341,NINJASAT,PAYLOAD,U,23174CP,2024/12/1 2:38,840256,15.36052579,0.0007089,97.4395,51.264,332.7521,27.3349,0,999,5924,0.0014299,0.00050431,0,4568122,0 NINJASAT,1 58341U 23174CP  24336.11013704  .00050431  00000-0  14299-2 0  9993,2 58341  97.4395  51.2640 0007089 332.7521  27.3349 15.36052579 59246,2023-174CP,58341,6835.933,93.747,462.644,452.952,0,
GENERATED VIA SPACETRACK.ORG API,18 SPCS,58341,NINJASAT,PAYLOAD,U,23174CP,2024/12/2 3:39,499968,15.36170034,0.0006998,97.4392,52.3171,329.3415,30.7418,0,999,5940,0.0014107,0.00049936,0,4569102,0 NINJASAT,1 58341U 23174CP  24337.15240162  .00049936  00000-0  14107-2 0  9994,2 58341  97.4392  52.3171 0006998 329.3415  30.7418 15.36170034 59406,2023-174CP,58341,6835.584,93.74,462.233,452.666,0,
GENERATED VIA SPACETRACK.ORG API,18 SPCS,58341,NINJASAT,PAYLOAD,U,23174CP,2024/12/3 3:06,26048,15.36268746,0.0006955,97.4387,53.3044,325.5575,34.5217,0,999,5955,0.0013572,0.0004818,0,4570002,0 NINJASAT,1 58341U 23174CP  24338.12945632  .00048180  00000-0  13572-2 0  9991,2 58341  97.4387  53.3044 0006955 325.5575  34.5217 15.36268746 59551,2023-174CP,58341,6835.292,93.734,461.911,452.403,0,
GENERATED VIA SPACETRACK.ORG API,18 SPCS,58341,NINJASAT,PAYLOAD,U,23174CP,2024/12/4 4:07,80000,15.36384352,0.0006957,97.4384,54.3577,321.3396,38.7349,0,999,5971,0.001493,0.00053241,0,4571078,0 NINJASAT,1 58341U 23174CP  24339.17157500  .00053241  00000-0  14930-2 0  9999,2 58341  97.4384  54.3577 0006957 321.3396  38.7349 15.36384352 59719,2023-174CP,58341,6834.949,93.727,461.569,452.059,0,
GENERATED VIA SPACETRACK.ORG API,18 SPCS,58341,NINJASAT,PAYLOAD,U,23174CP,2024/12/5 3:33,652640,15.36492764,0.0006887,97.4381,55.3449,318.0635,42.0081,0,999,5986,0.001437,0.00051406,0,4572033,0 NINJASAT,1 58341U 23174CP  24340.14849135  .00051406  00000-0  14370-2 0  9999,2 58341  97.4381  55.3449 0006887 318.0635  42.0081 15.36492764 59860,2023-174CP,58341,6834.627,93.72,461.199,451.785,0,
GENERATED VIA SPACETRACK.ORG API,18 SPCS,58341,NINJASAT,PAYLOAD,U,23174CP,2024/12/6 4:34,965184,15.36593518,0.0006902,97.4378,56.3984,314.2557,45.812,0,999,6002,0.001289,0.00046222,0,4573021,0 NINJASAT,1 58341U 23174CP  24341.19046256  .00046222  00000-0  12890-2 0  9993,2 58341  97.4378  56.3984 0006902 314.2557  45.8120 15.36593518 60024,2023-174CP,58341,6834.328,93.714,460.91,451.476,0,
GENERATED VIA SPACETRACK.ORG API,18 SPCS,58341,NINJASAT,PAYLOAD,U,23174CP,2024/12/7 4:00,334336,15.36686215,0.0006884,97.4377,57.3859,310.6467,49.4178,0,999,6017,0.0012596,0.00045294,0,4574119,0 NINJASAT,1 58341U 23174CP  24342.16724924  .00045294  00000-0  12596-2 0  9997,2 58341  97.4377  57.3859 0006884 310.6467  49.4178 15.36686215 60170,2023-174CP,58341,6834.054,93.708,460.623,451.214,0,
GENERATED VIA SPACETRACK.ORG API,18 SPCS,58341,NINJASAT,PAYLOAD,U,23174CP,2024/12/8 3:27,576512,15.36782138,0.0006823,97.4377,58.3736,307.2612,52.8009,0,999,6032,0.0013345,0.00048158,0,4575134,0 NINJASAT,1 58341U 23174CP  24343.14397658  .00048158  00000-0  13345-2 0  9991,2 58341  97.4377  58.3736 0006823 307.2612  52.8009 15.36782138 60321,2023-174CP,58341,6833.769,93.702,460.297,450.971,0,
GENERATED VIA SPACETRACK.ORG API,18 SPCS,58341,NINJASAT,PAYLOAD,U,23174CP,2024/12/9 4:27,107584,15.3688256,0.000681,97.4378,59.4272,303.1605,56.8986,0,999,6048,0.0013562,0.00049107,0,4576103,0 NINJASAT,1 58341U 23174CP  24344.18575356  .00049107  00000-0  13562-2 0  9995,2 58341  97.4378  59.4272 0006810 303.1605  56.8986 15.36882560 60487,2023-174CP,58341,6833.471,93.696,459.99,450.683,0,
GENERATED VIA SPACETRACK.ORG API,18 SPCS,58341,NINJASAT,PAYLOAD,U,23174CP,2024/12/10 3:53,562720,15.36981966,0.0006768,97.438,60.4152,299.6034,60.4536,0,999,6063,0.0014081,0.00051166,0,4577116,0 NINJASAT,1 58341U 23174CP  24345.16235605  .00051166  00000-0  14081-2 0  9999,2 58341  97.4380  60.4152 0006768 299.6034  60.4536 15.36981966 60635,2023-174CP,58341,6833.177,93.69,459.667,450.417,0,
GENERATED VIA SPACETRACK.ORG API,18 SPCS,58341,NINJASAT,PAYLOAD,U,23174CP,2024/12/11 3:20,899520,15.37065799,0.0006719,97.4382,61.4034,295.9089,64.1462,0,999,6078,0.0011374,0.00041372,0,4578167,0 NINJASAT,1 58341U 23174CP  24346.13889930  .00041372  00000-0  11374-2 0  9993,2 58341  97.4382  61.4034 0006719 295.9089  64.1462 15.37065799 60785,2023-174CP,58341,6832.928,93.685,459.384,450.202,0,
GENERATED VIA SPACETRACK.ORG API,18 SPCS,58341,NINJASAT,PAYLOAD,U,23174CP,2024/12/12 4:19,214176,15.37148528,0.0006738,97.4385,62.4575,291.8255,68.2272,0,999,6094,0.0010275,0.00037447,0,4579015,0 NINJASAT,1 58341U 23174CP  24347.18048859  .00037447  00000-0  10275-2 0  9993,2 58341  97.4385  62.4575 0006738 291.8255  68.2272 15.37148528 60944,2023-174CP,58341,6832.683,93.68,459.152,449.944,0,
GENERATED VIA SPACETRACK.ORG API,18 SPCS,58341,NINJASAT,PAYLOAD,U,23174CP,2024/12/13 3:45,448736,15.37229904,0.0006688,97.4386,63.4457,287.9455,72.106,0,999,6109,0.0010629,0.00038849,0,4579908,0 NINJASAT,1 58341U 23174CP  24348.15692649  .00038849  00000-0  10629-2 0  9993,2 58341  97.4386  63.4457 0006688 287.9455  72.1060 15.37229904 61091,2023-174CP,58341,6832.442,93.675,458.877,449.738,0,
GENERATED VIA SPACETRACK.ORG API,18 SPCS,58341,NINJASAT,PAYLOAD,U,23174CP,2024/12/14 4:45,656832,15.373023,0.0006631,97.4384,64.4998,283.8706,76.1801,0,999,6125,0.00098153,0.00035938,0,4580796,0 NINJASAT,1 58341U 23174CP  24349.19841038  .00035938  00000-0  98153-3 0  9991,2 58341  97.4384  64.4998 0006631 283.8706  76.1801 15.37302300 61259,2023-174CP,58341,6832.228,93.671,458.623,449.562,0,
GENERATED VIA SPACETRACK.ORG API,18 SPCS,58341,NINJASAT,PAYLOAD,U,23174CP,2024/12/15 4:11,788800,15.37380425,0.0006645,97.4382,65.4881,279.8946,80.1548,0,999,6140,0.0011669,0.00042888,0,4581522,0 NINJASAT,1 58341U 23174CP  24350.17475450  .00042888  00000-0  11669-2 0  9990,2 58341  97.4382  65.4881 0006645 279.8946  80.1548 15.37380425 61409,2023-174CP,58341,6831.996,93.666,458.401,449.321,0,
GENERATED VIA SPACETRACK.ORG API,18 SPCS,58341,NINJASAT,PAYLOAD,U,23174CP,2024/12/16 3:37,454752,15.3746145,0.0006586,97.4379,66.4763,275.8798,84.1695,0,999,6155,0.0011244,0.00041423,0,4582573,0 NINJASAT,1 58341U 23174CP  24351.15104693  .00041423  00000-0  11244-2 0  9990,2 58341  97.4379  66.4763 0006586 275.8798  84.1695 15.37461450 61551,2023-174CP,58341,6831.756,93.661,458.12,449.122,0,
GENERATED VIA SPACETRACK.ORG API,18 SPCS,58341,NINJASAT,PAYLOAD,U,23174CP,2024/12/17 4:37,907968,15.37543494,0.0006519,97.4373,67.5303,271.4011,88.6487,0,999,6171,0.0011418,0.0004218,0,4583506,0 NINJASAT,1 58341U 23174CP  24352.19237162  .00042180  00000-0  11418-2 0  9997,2 58341  97.4373  67.5303 0006519 271.4011  88.6487 15.37543494 61718,2023-174CP,58341,6831.513,93.656,457.831,448.925,0,
GENERATED VIA SPACETRACK.ORG API,18 SPCS,58341,NINJASAT,PAYLOAD,U,23174CP,2024/12/18 4:02,495872,15.37630915,0.0006518,97.4369,68.5186,267.2418,92.8081,0,999,6186,0.0012098,0.00044839,0,4584573,0 NINJASAT,1 58341U 23174CP  24353.16855898  .00044839  00000-0  12098-2 0  9995,2 58341  97.4369  68.5186 0006518 267.2418  92.8081 15.37630915 61864,2023-174CP,58341,6831.254,93.651,457.572,448.666,0,
