COMMENT,ORIGINATOR,NORAD_CAT_ID,OBJECT_NAME,OBJECT_TYPE,CLASSIFICATION_TYPE,INTLDES,EPOCH,EPOCH_MICROSECONDS,MEAN_MOTION,ECCENTRICITY,INCLINATION,RA_OF_ASC_NODE,ARG_OF_PERICENTER,MEAN_ANOMALY,EPHEMERIS_TYPE,ELEMENT_SET_NO,REV_AT_EPOCH,BSTAR,MEAN_MOTION_DOT,MEAN_MOTION_DDOT,FILE,TLE_LINE0,TLE_LINE1,TLE_LINE2,OBJECT_ID,OBJECT_NUMBER,SEMIMAJOR_AXIS,PERIOD,APOGEE,PERIGEE,DECAYED
GENERATED VIA SPACETRACK.ORG API,18 SPCS,58341,NINJASAT,PAYLOAD,U,23174CP,2023/11/28 15:55,769664,15.15663121,0.00104,97.4799,45.3459,177.2905,182.8386,0,999,316,0.00089307,0.00016972,0,4111631,0 NINJASAT,1 58341U 23174CP  23332.66373576  .00016972  00000-0  89307-3 0  9999,2 58341  97.4799  45.3459 0010400 177.2905 182.8386 15.15663121  3161,2023-174CP,58341,6897.103,95.008,526.141,511.795,0
GENERATED VIA SPACETRACK.ORG API,18 SPCS,58341,NINJASAT,PAYLOAD,U,23174CP,2023/11/28 15:55,769664,15.15663121,0.00104,97.4799,45.3459,177.2905,182.8386,0,999,316,0.00089307,0.00016972,0,4111621,0 NINJASAT,1 58341U 23174CP  23332.66373576  .00016972  00000-0  89307-3 0  9999,2 58341  97.4799  45.3459 0010400 177.2905 182.8386 15.15663121  3161,2023-174CP,58341,6897.103,95.008,526.141,511.795,0
GENERATED VIA SPACETRACK.ORG API,18 SPCS,58341,NINJASAT,PAYLOAD,U,23174CP,2023/11/29 22:02,988096,15.15712755,0.0010414,97.4793,46.5809,173.2528,186.8846,0,999,335,0.0010187,0.00019402,0,4113697,0 NINJASAT,1 58341U 23174CP  23333.91809014  .00019402  00000-0  10187-2 0  9999,2 58341  97.4793  46.5809 0010414 173.2528 186.8846 15.15712755  3353,2023-174CP,58341,6896.953,95.005,526,511.635,0
GENERATED VIA SPACETRACK.ORG API,18 SPCS,58341,NINJASAT,PAYLOAD,U,23174CP,2023/11/30 18:37,351616,15.15740841,0.0010466,97.4788,47.426,170.7108,189.432,0,999,348,0.00095401,0.00018178,0,4115957,0 NINJASAT,1 58341U 23174CP  23334.77631194  .00018178  00000-0  95401-3 0  9998,2 58341  97.4788  47.4260 0010466 170.7108 189.4320 15.15740841  3488,2023-174CP,58341,6896.867,95.003,525.951,511.514,0
GENERATED VIA SPACETRACK.ORG API,18 SPCS,58341,NINJASAT,PAYLOAD,U,23174CP,2023/12/1 21:33,886912,15.15786283,0.0010528,97.4786,48.5311,167.2242,192.9259,0,999,365,0.0011845,0.00022628,0,4116981,0 NINJASAT,1 58341U 23174CP  23335.89857508  .00022628  00000-0  11845-2 0  9995,2 58341  97.4786  48.5311 0010528 167.2242 192.9259 15.15786283  3653,2023-174CP,58341,6896.73,95,525.855,511.334,0
GENERATED VIA SPACETRACK.ORG API,18 SPCS,58341,NINJASAT,PAYLOAD,U,23174CP,2023/12/1 23:09,518976,15.1578959,0.0010518,97.4786,48.5962,166.989,193.1616,0,999,366,0.0011913,0.00022761,0,4117140,0 NINJASAT,1 58341U 23174CP  23335.96458934  .00022761  00000-0  11913-2 0  9997,2 58341  97.4786  48.5962 0010518 166.9890 193.1616 15.15789590  3664,2023-174CP,58341,6896.719,95,525.838,511.331,0
GENERATED VIA SPACETRACK.ORG API,18 SPCS,58341,NINJASAT,PAYLOAD,U,23174CP,2023/12/2 11:49,775424,15.1583622,0.0010564,97.4786,49.116,165.2924,194.8618,0,999,374,0.0018986,0.0003643,0,4117552,0 NINJASAT,1 58341U 23174CP  23336.49269416  .00036430  00000-0  18986-2 0  9996,2 58341  97.4786  49.1160 0010564 165.2924 194.8618 15.15836220  3744,2023-174CP,58341,6896.578,94.997,525.729,511.157,0
GENERATED VIA SPACETRACK.ORG API,18 SPCS,58341,NINJASAT,PAYLOAD,U,23174CP,2023/12/2 13:24,413536,15.15822328,0.0010588,97.4786,49.1809,164.9783,195.1767,0,999,375,0.00092917,0.00017743,0,4118466,0 NINJASAT,1 58341U 23174CP  23336.55870849  .00017743  00000-0  92917-3 0  9994,2 58341  97.4786  49.1809 0010588 164.9783 195.1767 15.15822328  3753,2023-174CP,58341,6896.62,94.998,525.787,511.183,0
GENERATED VIA SPACETRACK.ORG API,18 SPCS,58341,NINJASAT,PAYLOAD,U,23174CP,2023/12/2 18:09,885504,15.15830766,0.0010604,97.4787,49.376,164.2055,195.951,0,999,378,0.00088043,0.00016811,0,4118587,0 NINJASAT,1 58341U 23174CP  23336.75674636  .00016811  00000-0  88043-3 0  9992,2 58341  97.4787  49.3760 0010604 164.2055 195.9510 15.15830766  3788,2023-174CP,58341,6896.595,94.997,525.773,511.146,0
GENERATED VIA SPACETRACK.ORG API,18 SPCS,58341,NINJASAT,PAYLOAD,U,23174CP,2023/12/2 21:19,759968,15.15835001,0.0010592,97.4787,49.506,163.714,196.4435,0,999,380,0.0007465,0.0001424,0,4119201,0 NINJASAT,1 58341U 23174CP  23336.88877037  .00014240  00000-0  74650-3 0  9999,2 58341  97.4787  49.5060 0010592 163.7140 196.4435 15.15835001  3800,2023-174CP,58341,6896.582,94.997,525.752,511.142,0
GENERATED VIA SPACETRACK.ORG API,18 SPCS,58341,NINJASAT,PAYLOAD,U,23174CP,2023/12/3 13:10,895552,15.15857283,0.001063,97.4787,50.1561,161.3118,198.8507,0,999,390,0.00079185,0.00015121,0,4120389,0 NINJASAT,1 58341U 23174CP  23337.54888768  .00015121  00000-0  79185-3 0  9993,2 58341  97.4787  50.1561 0010630 161.3118 198.8507 15.15857283  3909,2023-174CP,58341,6896.514,94.996,525.71,511.048,0
GENERATED VIA SPACETRACK.ORG API,18 SPCS,58341,NINJASAT,PAYLOAD,U,23174CP,2023/12/3 19:30,351584,15.15864886,0.0010642,97.4787,50.4161,160.302,199.8626,0,999,394,0.00075744,0.00014463,0,4120563,0 NINJASAT,1 58341U 23174CP  23337.81293231  .00014463  00000-0  75744-3 0  9993,2 58341  97.4787  50.4161 0010642 160.3020 199.8626 15.15864886  3946,2023-174CP,58341,6896.491,94.995,525.695,511.017,0
GENERATED VIA SPACETRACK.ORG API,18 SPCS,58341,NINJASAT,PAYLOAD,U,23174CP,2023/12/4 12:56,842240,15.15883201,0.0010704,97.4788,51.1313,157.6919,202.4781,0,999,405,0.00072125,0.00013775,0,4122164,0 NINJASAT,1 58341U 23174CP  23338.53904910  .00013775  00000-0  72125-3 0  9991,2 58341  97.4788  51.1313 0010704 157.6919 202.4781 15.15883201  4057,2023-174CP,58341,6896.436,94.994,525.682,510.919,0
GENERATED VIA SPACETRACK.ORG API,18 SPCS,58341,NINJASAT,PAYLOAD,U,23174CP,2023/12/4 20:51,174336,15.15890469,0.0010731,97.4788,51.4562,156.4628,203.7098,0,999,410,0.00065033,0.00012414,0,4122657,0 NINJASAT,1 58341U 23174CP  23338.86909924  .00012414  00000-0  65033-3 0  9996,2 58341  97.4788  51.4562 0010731 156.4628 203.7098 15.15890469  4105,2023-174CP,58341,6896.413,94.994,525.679,510.878,0
GENERATED VIA SPACETRACK.ORG API,18 SPCS,58341,NINJASAT,PAYLOAD,U,23174CP,2023/12/5 3:11,130112,15.15897547,0.0010763,97.4788,51.7163,155.5086,204.666,0,999,414,0.00065795,0.00012563,0,4122741,0 NINJASAT,1 58341U 23174CP  23339.13313808  .00012563  00000-0  65795-3 0  9997,2 58341  97.4788  51.7163 0010763 155.5086 204.6660 15.15897547  4141,2023-174CP,58341,6896.392,94.993,525.68,510.834,0
GENERATED VIA SPACETRACK.ORG API,18 SPCS,58341,NINJASAT,PAYLOAD,U,23174CP,2023/12/5 11:06,153760,15.159065,0.0010801,97.4788,52.0414,154.4678,205.709,0,999,419,0.00069041,0.00013191,0,4123878,0 NINJASAT,1 58341U 23174CP  23339.46318465  .00013191  00000-0  69041-3 0  9993,2 58341  97.4788  52.0414 0010801 154.4678 205.7090 15.15906500  4196,2023-174CP,58341,6896.365,94.993,525.679,510.781,0
GENERATED VIA SPACETRACK.ORG API,18 SPCS,58341,NINJASAT,PAYLOAD,U,23174CP,2023/12/5 20:37,209856,15.15914901,0.0010849,97.4787,52.4316,153.2364,206.9431,0,999,425,0.00060954,0.00011639,0,4124334,0 NINJASAT,1 58341U 23174CP  23339.85923854  .00011639  00000-0  60954-3 0  9999,2 58341  97.4787  52.4316 0010849 153.2364 206.9431 15.15914901  4254,2023-174CP,58341,6896.339,94.992,525.686,510.723,0
GENERATED VIA SPACETRACK.ORG API,18 SPCS,58341,NINJASAT,PAYLOAD,U,23174CP,2023/12/6 4:32,912960,15.15923436,0.001087,97.4787,52.7567,152.2432,207.9383,0,999,430,0.00060851,0.00011622,0,4124457,0 NINJASAT,1 58341U 23174CP  23340.18928140  .00011622  00000-0  60851-3 0  9998,2 58341  97.4787  52.7567 0010870 152.2432 207.9383 15.15923436  4300,2023-174CP,58341,6896.314,94.992,525.675,510.682,0
GENERATED VIA SPACETRACK.ORG API,18 SPCS,58341,NINJASAT,PAYLOAD,U,23174CP,2023/12/6 10:52,349472,15.15929161,0.0010891,97.4787,53.0167,151.5633,208.6196,0,999,434,0.00059071,0.00011281,0,4125534,0 NINJASAT,1 58341U 23174CP  23340.45331423  .00011281  00000-0  59071-3 0  9993,2 58341  97.4787  53.0167 0010891 151.5633 208.6196 15.15929161  4343,2023-174CP,58341,6896.296,94.991,525.672,510.65,0
GENERATED VIA SPACETRACK.ORG API,18 SPCS,58341,NINJASAT,PAYLOAD,U,23174CP,2023/12/6 20:23,924320,15.15935588,0.0010909,97.4786,53.4069,150.3661,209.8192,0,999,440,0.000493,0.00009404,0,4126527,0 NINJASAT,1 58341U 23174CP  23340.84936255  .00009404  00000-0  49300-3 0  9998,2 58341  97.4786  53.4069 0010909 150.3661 209.8192 15.15935588  4401,2023-174CP,58341,6896.277,94.991,525.665,510.619,0
GENERATED VIA SPACETRACK.ORG API,18 SPCS,58341,NINJASAT,PAYLOAD,U,23174CP,2023/12/7 10:38,437536,15.15945817,0.0010898,97.4787,53.9921,148.681,211.5074,0,999,449,0.00043123,0.00008218,0,4126739,0 NINJASAT,1 58341U 23174CP  23341.44343099  .00008218  00000-0  43123-3 0  9992,2 58341  97.4787  53.9921 0010898 148.6810 211.5074 15.15945817  4491,2023-174CP,58341,6896.246,94.99,525.626,510.595,0
GENERATED VIA SPACETRACK.ORG API,18 SPCS,58341,NINJASAT,PAYLOAD,U,23174CP,2023/12/7 13:48,515392,15.15948968,0.0010905,97.4788,54.1222,148.228,211.9613,0,999,451,0.00046786,0.00008923,0,4127218,0 NINJASAT,1 58341U 23174CP  23341.57544578  .00008923  00000-0  46786-3 0  9992,2 58341  97.4788  54.1222 0010905 148.2280 211.9613 15.15948968  4511,2023-174CP,58341,6896.236,94.99,525.621,510.581,0
GENERATED VIA SPACETRACK.ORG API,18 SPCS,58341,NINJASAT,PAYLOAD,U,23174CP,2023/12/8 13:34,516544,15.15965977,0.0010935,97.4789,55.0975,145.1738,215.0213,0,999,466,0.00046047,0.00008786,0,4128726,0 NINJASAT,1 58341U 23174CP  23342.56554996  .00008786  00000-0  46047-3 0  9994,2 58341  97.4789  55.0975 0010935 145.1738 215.0213 15.15965977  4660,2023-174CP,58341,6896.184,94.989,525.59,510.509,0
GENERATED VIA SPACETRACK.ORG API,18 SPCS,58341,NINJASAT,PAYLOAD,U,23174CP,2023/12/8 18:19,405664,15.15969214,0.0010947,97.4789,55.2925,144.5503,215.6459,0,999,469,0.00045392,0.0000866,0,4128799,0 NINJASAT,1 58341U 23174CP  23342.76356951  .00008660  00000-0  45392-3 0  9990,2 58341  97.4789  55.2925 0010947 144.5503 215.6459 15.15969214  4692,2023-174CP,58341,6896.175,94.989,525.589,510.49,0
GENERATED VIA SPACETRACK.ORG API,18 SPCS,58341,NINJASAT,PAYLOAD,U,23174CP,2023/12/8 21:29,312448,15.15971184,0.0010962,97.479,55.4226,144.0797,216.1175,0,999,471,0.00045235,0.00008631,0,4129181,0 NINJASAT,1 58341U 23174CP  23342.89558232  .00008631  00000-0  45235-3 0  9994,2 58341  97.4790  55.4226 0010962 144.0797 216.1175 15.15971184  4710,2023-174CP,58341,6896.169,94.989,525.593,510.474,0
GENERATED VIA SPACETRACK.ORG API,18 SPCS,58341,NINJASAT,PAYLOAD,U,23174CP,2023/12/9 13:20,557792,15.15982597,0.0011008,97.4791,56.073,141.8762,218.3251,0,999,481,0.00044269,0.00008448,0,4130247,0 NINJASAT,1 58341U 23174CP  23343.55564303  .00008448  00000-0  44269-3 0  9996,2 58341  97.4791  56.0730 0011008 141.8762 218.3251 15.15982597  4817,2023-174CP,58341,6896.134,94.988,525.59,510.408,0
GENERATED VIA SPACETRACK.ORG API,18 SPCS,58341,NINJASAT,PAYLOAD,U,23174CP,2023/12/9 21:15,27968,15.15987328,0.0011041,97.4792,56.3981,140.8077,219.3957,0,999,486,0.00041369,0.0000789,0,4130742,0 NINJASAT,1 58341U 23174CP  23343.88567162  .00007890  00000-0  41369-3 0  9996,2 58341  97.4792  56.3981 0011041 140.8077 219.3957 15.15987328  4860,2023-174CP,58341,6896.12,94.988,525.599,510.371,0
GENERATED VIA SPACETRACK.ORG API,18 SPCS,58341,NINJASAT,PAYLOAD,U,23174CP,2023/12/10 3:35,524448,15.15991946,0.0011062,97.4792,56.6582,139.9558,220.2493,0,999,490,0.00041095,0.00007839,0,4130918,0 NINJASAT,1 58341U 23174CP  23344.14969357  .00007839  00000-0  41095-3 0  9997,2 58341  97.4792  56.6582 0011062 139.9558 220.2493 15.15991946  4908,2023-174CP,58341,6896.106,94.987,525.599,510.342,0
GENERATED VIA SPACETRACK.ORG API,18 SPCS,58341,NINJASAT,PAYLOAD,U,23174CP,2023/12/10 13:05,668512,15.15998179,0.0011097,97.4793,57.0484,138.5698,221.6378,0,999,496,0.0004017,0.00007662,0,4131684,0 NINJASAT,1 58341U 23174CP  23344.54572533  .00007662  00000-0  40170-3 0  9994,2 58341  97.4793  57.0484 0011097 138.5698 221.6378 15.15998179  4961,2023-174CP,58341,6896.087,94.987,525.604,510.299,0
GENERATED VIA SPACETRACK.ORG API,18 SPCS,58341,NINJASAT,PAYLOAD,U,23174CP,2023/12/10 21:01,844064,15.16002195,0.0011147,97.4792,57.3736,137.5057,222.704,0,999,501,0.00035812,0.00006824,0,4132333,0 NINJASAT,1 58341U 23174CP  23344.87575051  .00006824  00000-0  35812-3 0  9994,2 58341  97.4792  57.3736 0011147 137.5057 222.7040 15.16002195  5017,2023-174CP,58341,6896.075,94.987,525.627,510.253,0
GENERATED VIA SPACETRACK.ORG API,18 SPCS,58341,NINJASAT,PAYLOAD,U,23174CP,2023/12/11 4:56,935808,15.1600735,0.0011164,97.4792,57.6987,136.3954,223.8163,0,999,506,0.00035929,0.00006847,0,4132409,0 NINJASAT,1 58341U 23174CP  23345.20577472  .00006847  00000-0  35929-3 0  9995,2 58341  97.4792  57.6987 0011164 136.3954 223.8163 15.16007350  5061,2023-174CP,58341,6896.059,94.986,525.623,510.225,0
GENERATED VIA SPACETRACK.ORG API,18 SPCS,58341,NINJASAT,PAYLOAD,U,23174CP,2023/12/11 11:16,151488,15.16011512,0.0011204,97.4792,57.9588,135.5213,224.6921,0,999,510,0.00037429,0.00007137,0,4133233,0 NINJASAT,1 58341U 23174CP  23345.46979342  .00007137  00000-0  37429-3 0  9995,2 58341  97.4792  57.9588 0011204 135.5213 224.6921 15.16011512  5106,2023-174CP,58341,6896.046,94.986,525.638,510.185,0
GENERATED VIA SPACETRACK.ORG API,18 SPCS,58341,NINJASAT,PAYLOAD,U,23174CP,2023/12/11 20:46,847136,15.1601651,0.0011225,97.4791,58.3489,134.2661,225.9494,0,999,516,0.00034633,0.00006599,0,4133725,0 NINJASAT,1 58341U 23174CP  23345.86581999  .00006599  00000-0  34633-3 0  9991,2 58341  97.4791  58.3489 0011225 134.2661 225.9494 15.16016510  5164,2023-174CP,58341,6896.031,94.986,525.637,510.155,0
GENERATED VIA SPACETRACK.ORG API,18 SPCS,58341,NINJASAT,PAYLOAD,U,23174CP,2023/12/12 11:02,693184,15.16024939,0.0011242,97.4789,58.9342,132.3749,227.8438,0,999,525,0.00035682,0.00006803,0,4134248,0 NINJASAT,1 58341U 23174CP  23346.45985756  .00006803  00000-0  35682-3 0  9999,2 58341  97.4789  58.9342 0011242 132.3749 227.8438 15.16024939  5253,2023-174CP,58341,6896.006,94.985,525.623,510.118,0
GENERATED VIA SPACETRACK.ORG API,18 SPCS,58341,NINJASAT,PAYLOAD,U,23174CP,2023/12/12 11:02,693184,15.16024939,0.0011242,97.4789,58.9342,132.3749,227.8438,0,999,525,0.00035682,0.00006803,0,4134660,0 NINJASAT,1 58341U 23174CP  23346.45985756  .00006803  00000-0  35682-3 0  9999,2 58341  97.4789  58.9342 0011242 132.3749 227.8438 15.16024939  5253,2023-174CP,58341,6896.006,94.985,525.623,510.118,0
GENERATED VIA SPACETRACK.ORG API,18 SPCS,58341,NINJASAT,PAYLOAD,U,23174CP,2023/12/12 20:32,45824,15.16033996,0.001124,97.4786,59.3242,131.2165,229.0038,0,999,531,0.00046254,0.00008843,0,4134943,0 NINJASAT,1 58341U 23174CP  23346.85588016  .00008843  00000-0  46254-3 0  9994,2 58341  97.4786  59.3242 0011240 131.2165 229.0038 15.16033996  5312,2023-174CP,58341,6895.978,94.985,525.594,510.092,0
GENERATED VIA SPACETRACK.ORG API,18 SPCS,58341,NINJASAT,PAYLOAD,U,23174CP,2023/12/13 12:22,15392,15.16043338,0.0011248,97.4782,59.9744,129.2229,231.0004,0,999,541,0.0004339,0.00008293,0,4135433,0 NINJASAT,1 58341U 23174CP  23347.51591453  .00008293  00000-0  43390-3 0  9994,2 58341  97.4782  59.9744 0011248 129.2229 231.0004 15.16043338  5415,2023-174CP,58341,6895.95,94.984,525.571,510.058,0
GENERATED VIA SPACETRACK.ORG API,18 SPCS,58341,NINJASAT,PAYLOAD,U,23174CP,2023/12/13 18:43,676384,15.1604785,0.0011244,97.4781,60.2344,128.4945,231.7298,0,999,545,0.00043619,0.00008339,0,4135497,0 NINJASAT,1 58341U 23174CP  23347.77992681  .00008339  00000-0  43619-3 0  9995,2 58341  97.4781  60.2344 0011244 128.4945 231.7298 15.16047850  5456,2023-174CP,58341,6895.936,94.984,525.555,510.047,0
GENERATED VIA SPACETRACK.ORG API,18 SPCS,58341,NINJASAT,PAYLOAD,U,23174CP,2023/12/13 20:18,329536,15.16048792,0.0011242,97.4781,60.2994,128.2938,231.9307,0,999,546,0.00043387,0.00008294,0,4135688,0 NINJASAT,1 58341U 23174CP  23347.84592974  .00008294  00000-0  43387-3 0  9996,2 58341  97.4781  60.2994 0011242 128.2938 231.9307 15.16048792  5465,2023-174CP,58341,6895.933,94.984,525.551,510.046,0
GENERATED VIA SPACETRACK.ORG API,18 SPCS,58341,NINJASAT,PAYLOAD,U,23174CP,2023/12/14 4:13,536544,15.16055116,0.0011236,97.478,60.6245,127.3046,232.9212,0,999,551,0.00045556,0.00008714,0,4136178,0 NINJASAT,1 58341U 23174CP  23348.17594371  .00008714  00000-0  45556-3 0  9993,2 58341  97.4780  60.6245 0011236 127.3046 232.9212 15.16055116  5510,2023-174CP,58341,6895.914,94.983,525.527,510.031,0
GENERATED VIA SPACETRACK.ORG API,18 SPCS,58341,NINJASAT,PAYLOAD,U,23174CP,2023/12/14 21:38,61984,15.16069838,0.001125,97.4777,61.3397,125.0788,235.1501,0,999,562,0.00046635,0.00008926,0,4136513,0 NINJASAT,1 58341U 23174CP  23348.90196831  .00008926  00000-0  46635-3 0  9997,2 58341  97.4777  61.3397 0011250 125.0788 235.1501 15.16069838  5620,2023-174CP,58341,6895.87,94.982,525.492,509.977,0
GENERATED VIA SPACETRACK.ORG API,18 SPCS,58341,NINJASAT,PAYLOAD,U,23174CP,2023/12/15 3:59,294432,15.16075397,0.0011245,97.4776,61.5998,124.2638,235.9661,0,999,566,0.00047069,0.00009011,0,4136559,0 NINJASAT,1 58341U 23174CP  23349.16597563  .00009011  00000-0  47069-3 0  9991,2 58341  97.4776  61.5998 0011245 124.2638 235.9661 15.16075397  5663,2023-174CP,58341,6895.853,94.982,525.472,509.963,0
GENERATED VIA SPACETRACK.ORG API,18 SPCS,58341,NINJASAT,PAYLOAD,U,23174CP,2023/12/15 3:59,294432,15.16075397,0.0011245,97.4776,61.5998,124.2638,235.9661,0,999,566,0.00047069,0.00009011,0,4137031,0 NINJASAT,1 58341U 23174CP  23349.16597563  .00009011  00000-0  47069-3 0  9991,2 58341  97.4776  61.5998 0011245 124.2638 235.9661 15.16075397  5663,2023-174CP,58341,6895.853,94.982,525.472,509.963,0
GENERATED VIA SPACETRACK.ORG API,18 SPCS,58341,NINJASAT,PAYLOAD,U,23174CP,2023/12/15 18:14,882848,15.16090665,0.0011252,97.4774,62.1848,122.4125,237.8198,0,999,575,0.00048892,0.00009367,0,4137270,0 NINJASAT,1 58341U 23174CP  23349.75998707  .00009367  00000-0  48892-3 0  9990,2 58341  97.4774  62.1848 0011252 122.4125 237.8198 15.16090665  5752,2023-174CP,58341,6895.806,94.981,525.431,509.912,0
GENERATED VIA SPACETRACK.ORG API,18 SPCS,58341,NINJASAT,PAYLOAD,U,23174CP,2023/12/16 3:44,689792,15.16100866,0.0011285,97.4773,62.5748,121.0617,239.1725,0,999,581,0.00052162,0.00010002,0,4137335,0 NINJASAT,1 58341U 23174CP  23350.15599178  .00010002  00000-0  52162-3 0  9998,2 58341  97.4773  62.5748 0011285 121.0617 239.1725 15.16100866  5814,2023-174CP,58341,6895.775,94.98,525.422,509.859,0
GENERATED VIA SPACETRACK.ORG API,18 SPCS,58341,NINJASAT,PAYLOAD,U,23174CP,2023/12/16 3:44,689792,15.16100866,0.0011285,97.4773,62.5748,121.0617,239.1725,0,999,581,0.00052162,0.00010002,0,4137834,0 NINJASAT,1 58341U 23174CP  23350.15599178  .00010002  00000-0  52162-3 0  9998,2 58341  97.4773  62.5748 0011285 121.0617 239.1725 15.16100866  5814,2023-174CP,58341,6895.775,94.98,525.422,509.859,0
GENERATED VIA SPACETRACK.ORG API,18 SPCS,58341,NINJASAT,PAYLOAD,U,23174CP,2023/12/16 17:59,475552,15.16117051,0.0011321,97.4773,63.1601,119.0268,241.2101,0,999,590,0.00059608,0.00011447,0,4137916,0 NINJASAT,1 58341U 23174CP  23350.74999393  .00011447  00000-0  59608-3 0  9992,2 58341  97.4773  63.1601 0011321 119.0268 241.2101 15.16117051  5905,2023-174CP,58341,6895.726,94.979,525.398,509.785,0
GENERATED VIA SPACETRACK.ORG API,18 SPCS,58341,NINJASAT,PAYLOAD,U,23174CP,2023/12/16 17:59,475552,15.16117051,0.0011321,97.4773,63.1601,119.0268,241.2101,0,999,590,0.00059608,0.00011447,0,4138106,0 NINJASAT,1 58341U 23174CP  23350.74999393  .00011447  00000-0  59608-3 0  9992,2 58341  97.4773  63.1601 0011321 119.0268 241.2101 15.16117051  5905,2023-174CP,58341,6895.726,94.979,525.398,509.785,0
GENERATED VIA SPACETRACK.ORG API,18 SPCS,58341,NINJASAT,PAYLOAD,U,23174CP,2023/12/17 3:30,762368,15.16124697,0.0011374,97.4773,63.5501,117.8275,242.4111,0,999,596,0.00052331,0.00010042,0,4138164,0 NINJASAT,1 58341U 23174CP  23351.14599262  .00010042  00000-0  52331-3 0  9994,2 58341  97.4773  63.5501 0011374 117.8275 242.4111 15.16124697  5964,2023-174CP,58341,6895.703,94.979,525.411,509.725,0
GENERATED VIA SPACETRACK.ORG API,18 SPCS,58341,NINJASAT,PAYLOAD,U,23174CP,2023/12/17 11:25,473792,15.16134338,0.0011377,97.4773,63.8751,116.7482,243.4917,0,999,601,0.00061667,0.00011851,0,4138413,0 NINJASAT,1 58341U 23174CP  23351.47598928  .00011851  00000-0  61667-3 0  9999,2 58341  97.4773  63.8751 0011377 116.7482 243.4917 15.16134338  6010,2023-174CP,58341,6895.674,94.978,525.384,509.694,0
GENERATED VIA SPACETRACK.ORG API,18 SPCS,58341,NINJASAT,PAYLOAD,U,23174CP,2023/12/17 13:00,791712,15.16137832,0.0011386,97.4772,63.9401,116.6221,243.618,0,999,602,0.00069709,0.0001341,0,4138654,0 NINJASAT,1 58341U 23174CP  23351.54198833  .00013410  00000-0  69709-3 0  9996,2 58341  97.4772  63.9401 0011386 116.6221 243.6180 15.16137832  6029,2023-174CP,58341,6895.663,94.978,525.38,509.677,0
GENERATED VIA SPACETRACK.ORG API,18 SPCS,58341,NINJASAT,PAYLOAD,U,23174CP,2023/12/17 19:20,981312,15.16146461,0.0011415,97.4772,64.2002,115.7713,244.4699,0,999,606,0.00073788,0.00014203,0,4138729,0 NINJASAT,1 58341U 23174CP  23351.80598358  .00014203  00000-0  73788-3 0  9994,2 58341  97.4772  64.2002 0011415 115.7713 244.4699 15.16146461  6065,2023-174CP,58341,6895.637,94.978,525.374,509.631,0
GENERATED VIA SPACETRACK.ORG API,18 SPCS,58341,NINJASAT,PAYLOAD,U,23174CP,2023/12/17 20:55,252576,15.1614973,0.0011421,97.4773,64.2652,115.5744,244.667,0,999,607,0.00079786,0.00015367,0,4138912,0 NINJASAT,1 58341U 23174CP  23351.87198209  .00015367  00000-0  79786-3 0  9998,2 58341  97.4773  64.2652 0011421 115.5744 244.6670 15.16149730  6070,2023-174CP,58341,6895.627,94.977,525.368,509.617,0
GENERATED VIA SPACETRACK.ORG API,18 SPCS,58341,NINJASAT,PAYLOAD,U,23174CP,2023/12/18 3:15,305664,15.1615738,0.001145,97.4773,64.5253,114.7379,245.5046,0,999,611,0.00078483,0.00015118,0,4139019,0 NINJASAT,1 58341U 23174CP  23352.13597576  .00015118  00000-0  78483-3 0  9995,2 58341  97.4773  64.5253 0011450 114.7379 245.5046 15.16157380  6119,2023-174CP,58341,6895.604,94.977,525.365,509.574,0
GENERATED VIA SPACETRACK.ORG API,18 SPCS,58341,NINJASAT,PAYLOAD,U,23174CP,2023/12/18 11:10,412288,15.1616621,0.0011466,97.4772,64.8504,113.7239,246.5198,0,999,616,0.00072924,0.00014044,0,4139200,0 NINJASAT,1 58341U 23174CP  23352.46596542  .00014044  00000-0  72924-3 0  9994,2 58341  97.4772  64.8504 0011466 113.7239 246.5198 15.16166210  6167,2023-174CP,58341,6895.577,94.976,525.349,509.536,0
GENERATED VIA SPACETRACK.ORG API,18 SPCS,58341,NINJASAT,PAYLOAD,U,23174CP,2023/12/18 12:46,613568,15.16169811,0.0011479,97.4771,64.9153,113.5637,246.6802,0,999,617,0.00079718,0.00015363,0,4139416,0 NINJASAT,1 58341U 23174CP  23352.53196312  .00015363  00000-0  79718-3 0  9996,2 58341  97.4771  64.9153 0011479 113.5637 246.6802 15.16169811  6175,2023-174CP,58341,6895.566,94.976,525.347,509.516,0
GENERATED VIA SPACETRACK.ORG API,18 SPCS,58341,NINJASAT,PAYLOAD,U,23174CP,2023/12/18 19:06,321920,15.16177941,0.0011486,97.477,65.1752,112.7331,247.5117,0,999,621,0.00075642,0.00014576,0,4139494,0 NINJASAT,1 58341U 23174CP  23352.79595280  .00014576  00000-0  75642-3 0  9998,2 58341  97.4770  65.1752 0011486 112.7331 247.5117 15.16177941  6219,2023-174CP,58341,6895.542,94.976,525.327,509.487,0
GENERATED VIA SPACETRACK.ORG API,18 SPCS,58341,NINJASAT,PAYLOAD,U,23174CP,2023/12/18 20:41,491232,15.16179125,0.0011478,97.477,65.2402,112.5523,247.6926,0,999,622,0.00072805,0.00014026,0,4139685,0 NINJASAT,1 58341U 23174CP  23352.86195013  .00014026  00000-0  72805-3 0  9994,2 58341  97.4770  65.2402 0011478 112.5523 247.6926 15.16179125  6220,2023-174CP,58341,6895.538,94.976,525.318,509.488,0
GENERATED VIA SPACETRACK.ORG API,18 SPCS,58341,NINJASAT,PAYLOAD,U,23174CP,2023/12/19 3:01,54432,15.1618717,0.0011473,97.477,65.5003,111.7829,248.4626,0,999,626,0.00070936,0.00013667,0,4139761,0 NINJASAT,1 58341U 23174CP  23353.12593813  .00013667  00000-0  70936-3 0  9997,2 58341  97.4770  65.5003 0011473 111.7829 248.4626 15.16187170  6264,2023-174CP,58341,6895.514,94.975,525.29,509.468,0
GENERATED VIA SPACETRACK.ORG API,18 SPCS,58341,NINJASAT,PAYLOAD,U,23174CP,2023/12/19 10:56,547616,15.16198819,0.0011446,97.4769,65.8252,110.7581,249.488,0,999,631,0.00077143,0.00014876,0,4140045,0 NINJASAT,1 58341U 23174CP  23353.45592069  .00014876  00000-0  77143-3 0  9995,2 58341  97.4769  65.8252 0011446 110.7581 249.4880 15.16198819  6316,2023-174CP,58341,6895.478,94.974,525.236,509.451,0
GENERATED VIA SPACETRACK.ORG API,18 SPCS,58341,NINJASAT,PAYLOAD,U,23174CP,2023/12/19 12:31,637440,15.16199718,0.0011438,97.4768,65.8902,110.5778,249.6682,0,999,632,0.00072523,0.0001398,0,4140211,0 NINJASAT,1 58341U 23174CP  23353.52191710  .00013980  00000-0  72523-3 0  9993,2 58341  97.4768  65.8902 0011438 110.5778 249.6682 15.16199718  6326,2023-174CP,58341,6895.476,94.974,525.228,509.454,0
GENERATED VIA SPACETRACK.ORG API,18 SPCS,58341,NINJASAT,PAYLOAD,U,23174CP,2023/12/19 18:51,916384,15.16206353,0.0011412,97.4769,66.1504,109.7294,250.517,0,999,636,0.00066284,0.00012772,0,4140296,0 NINJASAT,1 58341U 23174CP  23353.78590181  .00012772  00000-0  66284-3 0  9991,2 58341  97.4769  66.1504 0011412 109.7294 250.5170 15.16206353  6365,2023-174CP,58341,6895.456,94.974,525.19,509.452,0
GENERATED VIA SPACETRACK.ORG API,18 SPCS,58341,NINJASAT,PAYLOAD,U,23174CP,2023/12/20 4:21,111456,15.16217629,0.0011411,97.4769,66.5406,108.5348,251.7126,0,999,642,0.00064361,0.00012402,0,4140520,0 NINJASAT,1 58341U 23174CP  23354.18187629  .00012402  00000-0  64361-3 0  9999,2 58341  97.4769  66.5406 0011411 108.5348 251.7126 15.16217629  6425,2023-174CP,58341,6895.421,94.973,525.155,509.418,0
GENERATED VIA SPACETRACK.ORG API,18 SPCS,58341,NINJASAT,PAYLOAD,U,23174CP,2023/12/20 10:42,62080,15.1622771,0.0011386,97.4769,66.8009,107.7129,252.5347,0,999,646,0.00076152,0.00014695,0,4140793,0 NINJASAT,1 58341U 23174CP  23354.44585720  .00014695  00000-0  76152-3 0  9999,2 58341  97.4769  66.8009 0011386 107.7129 252.5347 15.16227710  6466,2023-174CP,58341,6895.391,94.973,525.107,509.405,0
GENERATED VIA SPACETRACK.ORG API,18 SPCS,58341,NINJASAT,PAYLOAD,U,23174CP,2023/12/20 12:17,52544,15.16228654,0.0011388,97.4769,66.8658,107.5308,252.717,0,999,647,0.00072788,0.00014043,0,4141011,0 NINJASAT,1 58341U 23174CP  23354.51185246  .00014043  00000-0  72788-3 0  9994,2 58341  97.4769  66.8658 0011388 107.5308 252.7170 15.16228654  6470,2023-174CP,58341,6895.388,94.972,525.105,509.401,0
GENERATED VIA SPACETRACK.ORG API,18 SPCS,58341,NINJASAT,PAYLOAD,U,23174CP,2023/12/20 18:37,876160,15.16237124,0.0011374,97.4769,67.126,106.7379,253.5103,0,999,651,0.00074926,0.00014461,0,4141078,0 NINJASAT,1 58341U 23174CP  23354.77583190  .00014461  00000-0  74926-3 0  9992,2 58341  97.4769  67.1260 0011374 106.7379 253.5103 15.16237124  6519,2023-174CP,58341,6895.362,94.972,525.07,509.385,0
GENERATED VIA SPACETRACK.ORG API,18 SPCS,58341,NINJASAT,PAYLOAD,U,23174CP,2023/12/20 21:47,722304,15.16243039,0.0011365,97.477,67.256,106.2843,253.964,0,999,653,0.00083163,0.00016064,0,4141291,0 NINJASAT,1 58341U 23174CP  23354.90782086  .00016064  00000-0  83163-3 0  9996,2 58341  97.4770  67.2560 0011365 106.2843 253.9640 15.16243039  6530,2023-174CP,58341,6895.344,94.972,525.046,509.373,0
GENERATED VIA SPACETRACK.ORG API,18 SPCS,58341,NINJASAT,PAYLOAD,U,23174CP,2023/12/21 4:07,347200,15.16251112,0.0011353,97.4771,67.5163,105.5144,254.7343,0,999,657,0.0008067,0.00015583,0,4141338,0 NINJASAT,1 58341U 23174CP  23355.17179800  .00015583  00000-0  80670-3 0  9995,2 58341  97.4771  67.5163 0011353 105.5144 254.7343 15.16251112  6570,2023-174CP,58341,6895.32,94.971,525.013,509.357,0
GENERATED VIA SPACETRACK.ORG API,18 SPCS,58341,NINJASAT,PAYLOAD,U,23174CP,2023/12/21 10:27,831264,15.16259619,0.0011332,97.4771,67.7765,104.6367,255.6123,0,999,661,0.0008228,0.000159,0,4141601,0 NINJASAT,1 58341U 23174CP  23355.43577351  .00015900  00000-0  82280-3 0  9999,2 58341  97.4771  67.7765 0011332 104.6367 255.6123 15.16259619  6615,2023-174CP,58341,6895.294,94.971,524.973,509.345,0
GENERATED VIA SPACETRACK.ORG API,18 SPCS,58341,NINJASAT,PAYLOAD,U,23174CP,2023/12/21 13:37,535712,15.16263476,0.0011325,97.4772,67.9065,104.2371,256.012,0,999,663,0.00080294,0.00015516,0,4141803,0 NINJASAT,1 58341U 23174CP  23355.56776083  .00015516  00000-0  80294-3 0  9992,2 58341  97.4772  67.9065 0011325 104.2371 256.0120 15.16263476  6634,2023-174CP,58341,6895.282,94.97,524.956,509.339,0
GENERATED VIA SPACETRACK.ORG API,18 SPCS,58341,NINJASAT,PAYLOAD,U,23174CP,2023/12/21 21:32,629216,15.16274961,0.001133,97.4774,68.2315,103.268,256.9817,0,999,668,0.00082563,0.00015962,0,4141951,0 NINJASAT,1 58341U 23174CP  23355.89772719  .00015962  00000-0  82563-3 0  9996,2 58341  97.4774  68.2315 0011330 103.2680 256.9817 15.16274961  6684,2023-174CP,58341,6895.248,94.97,524.925,509.3,0
GENERATED VIA SPACETRACK.ORG API,18 SPCS,58341,NINJASAT,PAYLOAD,U,23174CP,2023/12/22 3:52,751264,15.16284116,0.0011336,97.4775,68.4917,102.412,257.8383,0,999,672,0.00082408,0.00015936,0,4142004,0 NINJASAT,1 58341U 23174CP  23356.16169851  .00015936  00000-0  82408-3 0  9993,2 58341  97.4775  68.4917 0011336 102.4120 257.8383 15.16284116  6727,2023-174CP,58341,6895.22,94.969,524.901,509.268,0
GENERATED VIA SPACETRACK.ORG API,18 SPCS,58341,NINJASAT,PAYLOAD,U,23174CP,2023/12/22 10:12,727296,15.1629286,0.0011356,97.4775,68.7519,101.562,258.6888,0,999,676,0.00082815,0.00016019,0,4142298,0 NINJASAT,1 58341U 23174CP  23356.42566814  .00016019  00000-0  82815-3 0  9997,2 58341  97.4775  68.7519 0011356 101.5620 258.6888 15.16292860  6763,2023-174CP,58341,6895.193,94.968,524.889,509.228,0
GENERATED VIA SPACETRACK.ORG API,18 SPCS,58341,NINJASAT,PAYLOAD,U,23174CP,2023/12/22 13:23,172544,15.16298779,0.0011351,97.4775,68.8819,101.1438,259.1071,0,999,678,0.00089328,0.0001729,0,4142519,0 NINJASAT,1 58341U 23174CP  23356.55765246  .00017290  00000-0  89328-3 0  9999,2 58341  97.4775  68.8819 0011351 101.1438 259.1071 15.16298779  6782,2023-174CP,58341,6895.175,94.968,524.867,509.214,0
GENERATED VIA SPACETRACK.ORG API,18 SPCS,58341,NINJASAT,PAYLOAD,U,23174CP,2023/12/22 18:08,275616,15.16305348,0.0011365,97.4776,69.0769,100.4793,259.7721,0,999,681,0.00087118,0.00016863,0,4142632,0 NINJASAT,1 58341U 23174CP  23356.75562819  .00016863  00000-0  87118-3 0  9992,2 58341  97.4776  69.0769 0011365 100.4793 259.7721 15.16305348  6814,2023-174CP,58341,6895.155,94.968,524.857,509.184,0
GENERATED VIA SPACETRACK.ORG API,18 SPCS,58341,NINJASAT,PAYLOAD,U,23174CP,2023/12/22 21:18,631872,15.16308998,0.0011372,97.4777,69.207,100.0695,260.1822,0,999,683,0.00083851,0.00016229,0,4142803,0 NINJASAT,1 58341U 23174CP  23356.88761148  .00016229  00000-0  83851-3 0  9998,2 58341  97.4777  69.2070 0011372 100.0695 260.1822 15.16308998  6831,2023-174CP,58341,6895.144,94.967,524.851,509.168,0
GENERATED VIA SPACETRACK.ORG API,18 SPCS,58341,NINJASAT,PAYLOAD,U,23174CP,2023/12/23 3:38,259712,15.1631753,0.0011398,97.4777,69.4673,99.2289,261.0234,0,999,687,0.00081572,0.00015789,0,4142852,0 NINJASAT,1 58341U 23174CP  23357.15157708  .00015789  00000-0  81572-3 0  9998,2 58341  97.4777  69.4673 0011398  99.2289 261.0234 15.16317530  6871,2023-174CP,58341,6895.119,94.967,524.843,509.124,0
GENERATED VIA SPACETRACK.ORG API,18 SPCS,58341,NINJASAT,PAYLOAD,U,23174CP,2023/12/23 11:33,363936,15.16327533,0.0011412,97.4778,69.7924,98.1346,262.1182,0,999,692,0.00080372,0.0001556,0,4143188,0 NINJASAT,1 58341U 23174CP  23357.48153199  .00015560  00000-0  80372-3 0  9998,2 58341  97.4778  69.7924 0011412  98.1346 262.1182 15.16327533  6927,2023-174CP,58341,6895.088,94.966,524.822,509.085,0
GENERATED VIA SPACETRACK.ORG API,18 SPCS,58341,NINJASAT,PAYLOAD,U,23174CP,2023/12/23 13:08,953504,15.16331388,0.0011404,97.4778,69.8574,97.9136,262.3391,0,999,693,0.0008737,0.00016925,0,4143387,0 NINJASAT,1 58341U 23174CP  23357.54752261  .00016925  00000-0  87370-3 0  9991,2 58341  97.4778  69.8574 0011404  97.9136 262.3391 15.16331388  6932,2023-174CP,58341,6895.077,94.966,524.805,509.078,0
GENERATED VIA SPACETRACK.ORG API,18 SPCS,58341,NINJASAT,PAYLOAD,U,23174CP,2023/12/23 17:53,686784,15.16337984,0.0011417,97.4778,70.0526,97.2753,262.9778,0,999,696,0.00085961,0.00016654,0,4143441,0 NINJASAT,1 58341U 23174CP  23357.74549406  .00016654  00000-0  85961-3 0  9991,2 58341  97.4778  70.0526 0011417  97.2753 262.9778 15.16337984  6961,2023-174CP,58341,6895.057,94.966,524.794,509.049,0
GENERATED VIA SPACETRACK.ORG API,18 SPCS,58341,NINJASAT,PAYLOAD,U,23174CP,2023/12/23 21:03,802848,15.16342411,0.0011451,97.4779,70.1826,96.9204,263.3332,0,999,698,0.00086955,0.0001685,0,4143662,0 NINJASAT,1 58341U 23174CP  23357.87747457  .00016850  00000-0  86955-3 0  9993,2 58341  97.4779  70.1826 0011451  96.9204 263.3332 15.16342411  6985,2023-174CP,58341,6895.043,94.965,524.804,509.013,0
GENERATED VIA SPACETRACK.ORG API,18 SPCS,58341,NINJASAT,PAYLOAD,U,23174CP,2023/12/24 3:23,945984,15.16350929,0.0011478,97.4779,70.4429,96.1174,264.1367,0,999,702,0.00085922,0.00016653,0,4143756,0 NINJASAT,1 58341U 23174CP  23358.14143456  .00016653  00000-0  85922-3 0  9997,2 58341  97.4779  70.4429 0011478  96.1174 264.1367 15.16350929  7020,2023-174CP,58341,6895.017,94.965,524.796,508.968,0
GENERATED VIA SPACETRACK.ORG API,18 SPCS,58341,NINJASAT,PAYLOAD,U,23174CP,2023/12/24 11:18,448864,15.16360227,0.0011495,97.4779,70.7681,95.0626,265.192,0,999,707,0.00082811,0.0001605,0,4144006,0 NINJASAT,1 58341U 23174CP  23358.47138251  .00016050  00000-0  82811-3 0  9995,2 58341  97.4779  70.7681 0011495  95.0626 265.1920 15.16360227  7075,2023-174CP,58341,6894.989,94.964,524.78,508.928,0
GENERATED VIA SPACETRACK.ORG API,18 SPCS,58341,NINJASAT,PAYLOAD,U,23174CP,2023/12/24 12:53,903648,15.16364112,0.0011482,97.4779,70.8331,94.8439,265.4106,0,999,708,0.00089081,0.00017275,0,4144212,0 NINJASAT,1 58341U 23174CP  23358.53737157  .00017275  00000-0  89081-3 0  9998,2 58341  97.4779  70.8331 0011482  94.8439 265.4106 15.16364112  7080,2023-174CP,58341,6894.977,94.964,524.759,508.926,0
GENERATED VIA SPACETRACK.ORG API,18 SPCS,58341,NINJASAT,PAYLOAD,U,23174CP,2023/12/24 19:13,704640,15.16372521,0.0011497,97.4779,71.0933,94.0109,266.2438,0,999,712,0.00085322,0.00016546,0,4144240,0 NINJASAT,1 58341U 23174CP  23358.80132760  .00016546  00000-0  85322-3 0  9991,2 58341  97.4779  71.0933 0011497  94.0109 266.2438 15.16372521  7128,2023-174CP,58341,6894.952,94.963,524.744,508.89,0
GENERATED VIA SPACETRACK.ORG API,18 SPCS,58341,NINJASAT,PAYLOAD,U,23174CP,2023/12/24 20:48,153376,15.16373402,0.0011488,97.4778,71.1583,93.7591,266.4956,0,999,713,0.00081256,0.00015753,0,4144500,0 NINJASAT,1 58341U 23174CP  23358.86731659  .00015753  00000-0  81256-3 0  9990,2 58341  97.4778  71.1583 0011488  93.7591 266.4956 15.16373402  7137,2023-174CP,58341,6894.949,94.963,524.735,508.893,0
GENERATED VIA SPACETRACK.ORG API,18 SPCS,58341,NINJASAT,PAYLOAD,U,23174CP,2023/12/25 4:44,186240,15.16384704,0.0011502,97.4778,71.4835,92.7803,267.4746,0,999,718,0.00081762,0.00015857,0,4144536,0 NINJASAT,1 58341U 23174CP  23359.19725910  .00015857  00000-0  81762-3 0  9997,2 58341  97.4778  71.4835 0011502  92.7803 267.4746 15.16384704  7182,2023-174CP,58341,6894.915,94.963,524.71,508.849,0
GENERATED VIA SPACETRACK.ORG API,18 SPCS,58341,NINJASAT,PAYLOAD,U,23174CP,2023/12/25 11:04,664960,15.16392301,0.0011496,97.4777,71.7437,91.9759,268.279,0,999,722,0.00079375,0.00015394,0,4144842,0 NINJASAT,1 58341U 23174CP  23359.46121140  .00015394  00000-0  79375-3 0  9995,2 58341  97.4777  71.7437 0011496  91.9759 268.2790 15.16392301  7220,2023-174CP,58341,6894.892,94.962,524.683,508.831,0
GENERATED VIA SPACETRACK.ORG API,18 SPCS,58341,NINJASAT,PAYLOAD,U,23174CP,2023/12/25 12:39,13472,15.16395072,0.0011496,97.4776,71.8087,91.7662,268.4887,0,999,723,0.0008172,0.00015853,0,4145093,0 NINJASAT,1 58341U 23174CP  23359.52719923  .00015853  00000-0  81720-3 0  9991,2 58341  97.4776  71.8087 0011496  91.7662 268.4887 15.16395072  7230,2023-174CP,58341,6894.883,94.962,524.675,508.822,0
GENERATED VIA SPACETRACK.ORG API,18 SPCS,58341,NINJASAT,PAYLOAD,U,23174CP,2023/12/25 18:59,339264,15.16403309,0.0011485,97.4775,72.0688,90.8971,269.3578,0,999,727,0.00079066,0.00015339,0,4145221,0 NINJASAT,1 58341U 23174CP  23359.79114976  .00015339  00000-0  79066-3 0  9996,2 58341  97.4775  72.0688 0011485  90.8971 269.3578 15.16403309  7274,2023-174CP,58341,6894.859,94.962,524.642,508.805,0
GENERATED VIA SPACETRACK.ORG API,18 SPCS,58341,NINJASAT,PAYLOAD,U,23174CP,2023/12/25 20:34,658400,15.16404368,0.0011478,97.4775,72.1338,90.7274,269.5274,0,999,728,0.0007537,0.00014617,0,4145360,0 NINJASAT,1 58341U 23174CP  23359.85713725  .00014617  00000-0  75370-3 0  9992,2 58341  97.4775  72.1338 0011478  90.7274 269.5274 15.16404368  7286,2023-174CP,58341,6894.855,94.961,524.634,508.806,0
GENERATED VIA SPACETRACK.ORG API,18 SPCS,58341,NINJASAT,PAYLOAD,U,23174CP,2023/12/26 4:29,115840,15.16414643,0.0011468,97.4774,72.4591,89.7205,270.5342,0,999,733,0.00074282,0.00014409,0,4145460,0 NINJASAT,1 58341U 23174CP  23360.18707310  .00014409  00000-0  74282-3 0  9993,2 58341  97.4774  72.4591 0011468  89.7205 270.5342 15.16414643  7331,2023-174CP,58341,6894.824,94.961,524.596,508.782,0
GENERATED VIA SPACETRACK.ORG API,18 SPCS,58341,NINJASAT,PAYLOAD,U,23174CP,2023/12/26 10:49,152192,15.16421425,0.0011437,97.4772,72.7191,88.9803,271.274,0,999,737,0.00072281,0.00014021,0,4145754,0 NINJASAT,1 58341U 23174CP  23360.45102028  .00014021  00000-0  72281-3 0  9995,2 58341  97.4772  72.7191 0011437  88.9803 271.2740 15.16421425  7379,2023-174CP,58341,6894.804,94.96,524.554,508.783,0
GENERATED VIA SPACETRACK.ORG API,18 SPCS,58341,NINJASAT,PAYLOAD,U,23174CP,2023/12/26 12:24,382336,15.16424864,0.0011429,97.4772,72.7841,88.7873,271.467,0,999,738,0.00078075,0.00015154,0,4145944,0 NINJASAT,1 58341U 23174CP  23360.51700674  .00015154  00000-0  78075-3 0  9998,2 58341  97.4772  72.7841 0011429  88.7873 271.4670 15.16424864  7382,2023-174CP,58341,6894.793,94.96,524.538,508.778,0
GENERATED VIA SPACETRACK.ORG API,18 SPCS,58341,NINJASAT,PAYLOAD,U,23174CP,2023/12/26 18:44,283040,15.16432179,0.0011412,97.4771,73.0443,87.9455,272.3085,0,999,742,0.00075629,0.00014679,0,4146033,0 NINJASAT,1 58341U 23174CP  23360.78095235  .00014679  00000-0  75629-3 0  9990,2 58341  97.4771  73.0443 0011412  87.9455 272.3085 15.16432179  7425,2023-174CP,58341,6894.771,94.96,524.504,508.768,0
GENERATED VIA SPACETRACK.ORG API,18 SPCS,58341,NINJASAT,PAYLOAD,U,23174CP,2023/12/26 21:54,698400,15.16435089,0.0011403,97.4771,73.1743,87.5294,272.7244,0,999,744,0.00073071,0.00014181,0,4146233,0 NINJASAT,1 58341U 23174CP  23360.91292475  .00014181  00000-0  73071-3 0  9997,2 58341  97.4771  73.1743 0011403  87.5294 272.7244 15.16435089  7442,2023-174CP,58341,6894.762,94.96,524.489,508.765,0
GENERATED VIA SPACETRACK.ORG API,18 SPCS,58341,NINJASAT,PAYLOAD,U,23174CP,2023/12/27 4:14,436672,15.16442354,0.0011381,97.4769,73.4344,86.6636,273.5899,0,999,748,0.00070933,0.00013766,0,4146303,0 NINJASAT,1 58341U 23174CP  23361.17686848  .00013766  00000-0  70933-3 0  9999,2 58341  97.4769  73.4344 0011381  86.6636 273.5899 15.16442354  7486,2023-174CP,58341,6894.74,94.959,524.452,508.758,0
GENERATED VIA SPACETRACK.ORG API,18 SPCS,58341,NINJASAT,PAYLOAD,U,23174CP,2023/12/27 10:34,55712,15.16449578,0.0011365,97.4768,73.6945,85.8779,274.3753,0,999,752,0.00072349,0.00014045,0,4146532,0 NINJASAT,1 58341U 23174CP  23361.44081083  .00014045  00000-0  72349-3 0  9993,2 58341  97.4768  73.6945 0011365  85.8779 274.3753 15.16449578  7523,2023-174CP,58341,6894.718,94.959,524.419,508.747,0
GENERATED VIA SPACETRACK.ORG API,18 SPCS,58341,NINJASAT,PAYLOAD,U,23174CP,2023/12/27 13:44,335424,15.16453493,0.0011333,97.4768,73.8246,85.4259,274.8268,0,999,754,0.00074013,0.00014372,0,4146803,0 NINJASAT,1 58341U 23174CP  23361.57278166  .00014372  00000-0  74013-3 0  9990,2 58341  97.4768  73.8246 0011333  85.4259 274.8268 15.16453493  7542,2023-174CP,58341,6894.706,94.958,524.385,508.758,0
GENERATED VIA SPACETRACK.ORG API,18 SPCS,58341,NINJASAT,PAYLOAD,U,23174CP,2023/12/27 18:29,693216,15.16459408,0.0011322,97.4767,74.0197,84.764,275.4884,0,999,757,0.00075171,0.00014601,0,4146872,0 NINJASAT,1 58341U 23174CP  23361.77073719  .00014601  00000-0  75171-3 0  9990,2 58341  97.4767  74.0197 0011322  84.7640 275.4884 15.16459408  7579,2023-174CP,58341,6894.688,94.958,524.36,508.747,0
GENERATED VIA SPACETRACK.ORG API,18 SPCS,58341,NINJASAT,PAYLOAD,U,23174CP,2023/12/27 21:39,896896,15.16461686,0.0011317,97.4767,74.1497,84.3394,275.9129,0,999,759,0.00069635,0.0001352,0,4147095,0 NINJASAT,1 58341U 23174CP  23361.90270714  .00013520  00000-0  69635-3 0  9996,2 58341  97.4767  74.1497 0011317  84.3394 275.9129 15.16461686  7599,2023-174CP,58341,6894.682,94.958,524.349,508.744,0
GENERATED VIA SPACETRACK.ORG API,18 SPCS,58341,NINJASAT,PAYLOAD,U,23174CP,2023/12/28 3:59,232544,15.16469036,0.0011315,97.4766,74.4098,83.555,276.6971,0,999,763,0.00069195,0.00013436,0,4147189,0 NINJASAT,1 58341U 23174CP  23362.16664621  .00013436  00000-0  69195-3 0  9996,2 58341  97.4766  74.4098 0011315  83.5550 276.6971 15.16469036  7636,2023-174CP,58341,6894.659,94.957,524.326,508.723,0
GENERATED VIA SPACETRACK.ORG API,18 SPCS,58341,NINJASAT,PAYLOAD,U,23174CP,2023/12/28 10:20,454144,15.16475781,0.0011316,97.4764,74.6698,82.7092,277.5427,0,999,767,0.00069188,0.00013438,0,4147437,0 NINJASAT,1 58341U 23174CP  23362.43058396  .00013438  00000-0  69188-3 0  9996,2 58341  97.4764  74.6698 0011316  82.7092 277.5427 15.16475781  7679,2023-174CP,58341,6894.639,94.957,524.306,508.702,0
GENERATED VIA SPACETRACK.ORG API,18 SPCS,58341,NINJASAT,PAYLOAD,U,23174CP,2023/12/28 13:30,522176,15.16479759,0.0011312,97.4764,74.7999,82.3077,277.944,0,999,769,0.00070207,0.00013638,0,4147674,0 NINJASAT,1 58341U 23174CP  23362.56255234  .00013638  00000-0  70207-3 0  9996,2 58341  97.4764  74.7999 0011312  82.3077 277.9440 15.16479759  7699,2023-174CP,58341,6894.627,94.957,524.291,508.693,0
GENERATED VIA SPACETRACK.ORG API,18 SPCS,58341,NINJASAT,PAYLOAD,U,23174CP,2023/12/28 18:15,607808,15.16484147,0.0011313,97.4764,74.9949,81.6914,278.5602,0,999,772,0.0006681,0.00012976,0,4147778,0 NINJASAT,1 58341U 23174CP  23362.76050472  .00012976  00000-0  66810-3 0  9994,2 58341  97.4764  74.9949 0011313  81.6914 278.5602 15.16484147  7727,2023-174CP,58341,6894.613,94.956,524.278,508.679,0
GENERATED VIA SPACETRACK.ORG API,18 SPCS,58341,NINJASAT,PAYLOAD,U,23174CP,2023/12/28 21:25,601536,15.16487039,0.0011312,97.4764,75.125,81.2879,278.9635,0,999,774,0.00063531,0.00012336,0,4147928,0 NINJASAT,1 58341U 23174CP  23362.89247224  .00012336  00000-0  63531-3 0  9998,2 58341  97.4764  75.1250 0011312  81.2879 278.9635 15.16487039  7745,2023-174CP,58341,6894.605,94.956,524.269,508.671,0
GENERATED VIA SPACETRACK.ORG API,18 SPCS,58341,NINJASAT,PAYLOAD,U,23174CP,2023/12/29 3:45,552704,15.16493965,0.0011326,97.4764,75.3852,80.4528,279.7985,0,999,778,0.00062841,0.00012203,0,4148002,0 NINJASAT,1 58341U 23174CP  23363.15640686  .00012203  00000-0  62841-3 0  9993,2 58341  97.4764  75.3852 0011326  80.4528 279.7985 15.16493965  7788,2023-174CP,58341,6894.584,94.956,524.258,508.64,0
GENERATED VIA SPACETRACK.ORG API,18 SPCS,58341,NINJASAT,PAYLOAD,U,23174CP,2023/12/29 10:05,400192,15.16500861,0.0011334,97.4763,75.6453,79.6113,280.6397,0,999,782,0.00065506,0.00012727,0,4148260,0 NINJASAT,1 58341U 23174CP  23363.42034028  .00012727  00000-0  65506-3 0  9992,2 58341  97.4763  75.6453 0011334  79.6113 280.6397 15.16500861  7823,2023-174CP,58341,6894.563,94.955,524.242,508.614,0
GENERATED VIA SPACETRACK.ORG API,18 SPCS,58341,NINJASAT,PAYLOAD,U,23174CP,2023/12/29 13:15,285920,15.16504286,0.0011333,97.4763,75.7753,79.2006,281.0502,0,999,784,0.00065242,0.00012676,0,4148460,0 NINJASAT,1 58341U 23174CP  23363.55230655  .00012676  00000-0  65242-3 0  9990,2 58341  97.4763  75.7753 0011333  79.2006 281.0502 15.16504286  7843,2023-174CP,58341,6894.552,94.955,524.231,508.604,0
GENERATED VIA SPACETRACK.ORG API,18 SPCS,58341,NINJASAT,PAYLOAD,U,23174CP,2023/12/29 18:00,65696,15.16509251,0.0011334,97.4763,75.9704,78.611,281.6396,0,999,787,0.00063413,0.0001232,0,4148540,0 NINJASAT,1 58341U 23174CP  23363.75025539  .00012320  00000-0  63413-3 0  9999,2 58341  97.4763  75.9704 0011334  78.6110 281.6396 15.16509251  7878,2023-174CP,58341,6894.537,94.955,524.217,508.588,0
GENERATED VIA SPACETRACK.ORG API,18 SPCS,58341,NINJASAT,PAYLOAD,U,23174CP,2023/12/29 21:10,890944,15.16512046,0.0011351,97.4763,76.1004,78.2787,281.9719,0,999,789,0.00061686,0.00011984,0,4148761,0 NINJASAT,1 58341U 23174CP  23363.88222096  .00011984  00000-0  61686-3 0  9995,2 58341  97.4763  76.1004 0011351  78.2787 281.9719 15.16512046  7899,2023-174CP,58341,6894.529,94.955,524.22,508.568,0
GENERATED VIA SPACETRACK.ORG API,18 SPCS,58341,NINJASAT,PAYLOAD,U,23174CP,2023/12/30 3:30,467136,15.16518894,0.0011367,97.4762,76.3605,77.477,282.7734,0,999,793,0.00061523,0.00011954,0,4148901,0 NINJASAT,1 58341U 23174CP  23364.14615124  .00011954  00000-0  61523-3 0  9990,2 58341  97.4762  76.3605 0011367  77.4770 282.7734 15.16518894  7935,2023-174CP,58341,6894.508,94.954,524.21,508.536,0
GENERATED VIA SPACETRACK.ORG API,18 SPCS,58341,NINJASAT,PAYLOAD,U,23174CP,2023/12/30 9:50,935328,15.16524836,0.0011374,97.4761,76.6206,76.6709,283.5792,0,999,797,0.0006025,0.00011707,0,4149094,0 NINJASAT,1 58341U 23174CP  23364.41008027  .00011707  00000-0  60250-3 0  9990,2 58341  97.4761  76.6206 0011374  76.6709 283.5792 15.16524836  7975,2023-174CP,58341,6894.49,94.954,524.197,508.513,0
GENERATED VIA SPACETRACK.ORG API,18 SPCS,58341,NINJASAT,PAYLOAD,U,23174CP,2023/12/30 13:00,643936,15.1652767,0.0011368,97.4761,76.7507,76.2974,283.9524,0,999,799,0.0005873,0.0001141,0,4149332,0 NINJASAT,1 58341U 23174CP  23364.54204449  .00011410  00000-0  58730-3 0  9991,2 58341  97.4761  76.7507 0011368  76.2974 283.9524 15.16527670  7991,2023-174CP,58341,6894.482,94.954,524.184,508.509,0
GENERATED VIA SPACETRACK.ORG API,18 SPCS,58341,NINJASAT,PAYLOAD,U,23174CP,2023/12/30 17:45,161056,15.16532395,0.0011384,97.476,76.9457,75.7056,284.544,0,999,802,0.00057005,0.00011074,0,4149427,0 NINJASAT,1 58341U 23174CP  23364.73999029  .00011074  00000-0  57005-3 0  9997,2 58341  97.4760  76.9457 0011384  75.7056 284.5440 15.16532395  8028,2023-174CP,58341,6894.467,94.953,524.181,508.484,0
GENERATED VIA SPACETRACK.ORG API,18 SPCS,58341,NINJASAT,PAYLOAD,U,23174CP,2023/12/30 20:55,800544,15.16534771,0.001139,97.476,77.0758,75.3231,284.9264,0,999,804,0.00053579,0.00010404,0,4149598,0 NINJASAT,1 58341U 23174CP  23364.87195371  .00010404  00000-0  53579-3 0  9998,2 58341  97.4760  77.0758 0011390  75.3231 284.9264 15.16534771  8042,2023-174CP,58341,6894.46,94.953,524.178,508.472,0
GENERATED VIA SPACETRACK.ORG API,18 SPCS,58341,NINJASAT,PAYLOAD,U,23174CP,2023/12/31 3:15,45824,15.16540202,0.0011395,97.4759,77.3359,74.5519,285.6972,0,999,808,0.00051124,0.00009926,0,4149721,0 NINJASAT,1 58341U 23174CP  23365.13588016  .00009926  00000-0  51124-3 0  9991,2 58341  97.4759  77.3359 0011395  74.5519 285.6972 15.16540202  8089,2023-174CP,58341,6894.444,94.953,524.165,508.452,0
GENERATED VIA SPACETRACK.ORG API,18 SPCS,58341,NINJASAT,PAYLOAD,U,23174CP,2023/12/31 11:10,995072,15.16545824,0.0011392,97.4757,77.661,73.5839,286.6646,0,999,813,0.00048307,0.00009376,0,4149960,0 NINJASAT,1 58341U 23174CP  23365.46578698  .00009376  00000-0  48307-3 0  9990,2 58341  97.4757  77.6610 0011392  73.5839 286.6646 15.16545824  8131,2023-174CP,58341,6894.427,94.953,524.146,508.437,0
GENERATED VIA SPACETRACK.ORG API,18 SPCS,58341,NINJASAT,PAYLOAD,U,23174CP,2023/12/31 19:05,822496,15.16553198,0.0011356,97.4756,77.9861,72.4959,287.7514,0,999,818,0.00051317,0.00009967,0,4150199,0 NINJASAT,1 58341U 23174CP  23365.79569239  .00009967  00000-0  51317-3 0  9998,2 58341  97.4756  77.9861 0011356  72.4959 287.7514 15.16553198  8186,2023-174CP,58341,6894.404,94.952,524.098,508.44,0
GENERATED VIA SPACETRACK.ORG API,18 SPCS,58341,NINJASAT,PAYLOAD,U,23174CP,2023/12/31 20:40,558432,15.16553501,0.0011343,97.4756,78.0511,72.2824,287.9646,0,999,819,0.00047569,0.00009233,0,4150400,0 NINJASAT,1 58341U 23174CP  23365.86167313  .00009233  00000-0  47569-3 0  9993,2 58341  97.4756  78.0511 0011343  72.2824 287.9646 15.16553501  8192,2023-174CP,58341,6894.403,94.952,524.089,508.448,0
GENERATED VIA SPACETRACK.ORG API,18 SPCS,58341,NINJASAT,PAYLOAD,U,23174CP,2024/1/1 4:35,239840,15.16560041,0.0011327,97.4755,78.3763,71.2671,288.9791,0,999,824,0.00047686,0.00009258,0,4150445,0 NINJASAT,1 58341U 23174CP  24001.19157685  .00009258  00000-0  47686-3 0  9995,2 58341  97.4755  78.3763 0011327  71.2671 288.9791 15.16560041  8249,2023-174CP,58341,6894.383,94.952,524.058,508.439,0
GENERATED VIA SPACETRACK.ORG API,18 SPCS,58341,NINJASAT,PAYLOAD,U,23174CP,2024/1/1 10:55,111008,15.16565041,0.0011316,97.4754,78.6364,70.4923,289.7531,0,999,828,0.00048237,0.00009367,0,4150675,0 NINJASAT,1 58341U 23174CP  24001.45549897  .00009367  00000-0  48237-3 0  9998,2 58341  97.4754  78.6364 0011316  70.4923 289.7531 15.16565041  8287,2023-174CP,58341,6894.368,94.951,524.035,508.432,0
GENERATED VIA SPACETRACK.ORG API,18 SPCS,58341,NINJASAT,PAYLOAD,U,23174CP,2024/1/1 12:30,804608,15.1656702,0.0011314,97.4754,78.7014,70.2677,289.9776,0,999,829,0.00050009,0.00009715,0,4150923,0 NINJASAT,1 58341U 23174CP  24001.52147922  .00009715  00000-0  50009-3 0  9996,2 58341  97.4754  78.7014 0011314  70.2677 289.9776 15.16567020  8295,2023-174CP,58341,6894.362,94.951,524.028,508.427,0
GENERATED VIA SPACETRACK.ORG API,18 SPCS,58341,NINJASAT,PAYLOAD,U,23174CP,2024/1/1 18:50,567776,15.1657217,0.0011277,97.4753,78.9615,69.3738,290.8704,0,999,833,0.00050311,0.00009775,0,4150958,0 NINJASAT,1 58341U 23174CP  24001.78540009  .00009775  00000-0  50311-3 0  9999,2 58341  97.4753  78.9615 0011277  69.3738 290.8704 15.16572170  8337,2023-174CP,58341,6894.347,94.951,523.986,508.437,0
GENERATED VIA SPACETRACK.ORG API,18 SPCS,58341,NINJASAT,PAYLOAD,U,23174CP,2024/1/1 22:00,905728,15.16575701,0.0011267,97.4753,79.0916,68.9123,291.3314,0,999,835,0.00053812,0.00010462,0,4151465,0 NINJASAT,1 58341U 23174CP  24001.91736002  .00010462  00000-0  53812-3 0  9998,2 58341  97.4753  79.0916 0011267  68.9123 291.3314 15.16575701  8353,2023-174CP,58341,6894.336,94.951,523.969,508.433,0
GENERATED VIA SPACETRACK.ORG API,18 SPCS,58341,NINJASAT,PAYLOAD,U,23174CP,2024/1/2 4:21,528064,15.16581943,0.0011251,97.4752,79.3518,68.0699,292.1729,0,999,839,0.00056378,0.00010967,0,4151273,0 NINJASAT,1 58341U 23174CP  24002.18127926  .00010967  00000-0  56378-3 0  9997,2 58341  97.4752  79.3518 0011251  68.0699 292.1729 15.16581943  8393,2023-174CP,58341,6894.317,94.95,523.939,508.425,0
GENERATED VIA SPACETRACK.ORG API,18 SPCS,58341,NINJASAT,PAYLOAD,U,23174CP,2024/1/2 10:41,60544,15.16587654,0.0011207,97.4751,79.6119,67.1816,293.0599,0,999,843,0.00059418,0.00011564,0,4151531,0 NINJASAT,1 58341U 23174CP  24002.44519746  .00011564  00000-0  59418-3 0  9993,2 58341  97.4751  79.6119 0011207  67.1816 293.0599 15.16587654  8439,2023-174CP,58341,6894.3,94.95,523.891,508.438,0
GENERATED VIA SPACETRACK.ORG API,18 SPCS,58341,NINJASAT,PAYLOAD,U,23174CP,2024/1/2 13:51,312096,15.16589319,0.0011193,97.4751,79.7419,66.7781,293.463,0,999,845,0.00054748,0.00010649,0,4151729,0 NINJASAT,1 58341U 23174CP  24002.57715639  .00010649  00000-0  54748-3 0  9990,2 58341  97.4751  79.7419 0011193  66.7781 293.4630 15.16589319  8455,2023-174CP,58341,6894.295,94.95,523.877,508.443,0
GENERATED VIA SPACETRACK.ORG API,18 SPCS,58341,NINJASAT,PAYLOAD,U,23174CP,2024/1/2 18:36,137152,15.16593826,0.0011182,97.475,79.937,66.1194,294.121,0,999,848,0.00055581,0.00010814,0,4151802,0 NINJASAT,1 58341U 23174CP  24002.77509418  .00010814  00000-0  55581-3 0  9998,2 58341  97.4750  79.9370 0011182  66.1194 294.1210 15.16593826  8485,2023-174CP,58341,6894.281,94.95,523.855,508.437,0
GENERATED VIA SPACETRACK.ORG API,18 SPCS,58341,NINJASAT,PAYLOAD,U,23174CP,2024/1/2 21:46,319584,15.16596229,0.0011176,97.4751,80.067,65.681,294.5589,0,999,850,0.00054004,0.00010505,0,4151993,0 NINJASAT,1 58341U 23174CP  24002.90705231  .00010505  00000-0  54004-3 0  9990,2 58341  97.4751  80.0670 0011176  65.6810 294.5589 15.16596229  8500,2023-174CP,58341,6894.274,94.949,523.844,508.434,0
GENERATED VIA SPACETRACK.ORG API,18 SPCS,58341,NINJASAT,PAYLOAD,U,23174CP,2024/1/3 4:06,633472,15.16602184,0.0011161,97.475,80.327,64.8389,295.4001,0,999,854,0.00054015,0.00010509,0,4152102,0 NINJASAT,1 58341U 23174CP  24003.17096798  .00010509  00000-0  54015-3 0  9997,2 58341  97.4750  80.3270 0011161  64.8389 295.4001 15.16602184  8545,2023-174CP,58341,6894.256,94.949,523.815,508.426,0
GENERATED VIA SPACETRACK.ORG API,18 SPCS,58341,NINJASAT,PAYLOAD,U,23174CP,2024/1/3 10:26,859232,15.16607066,0.0011144,97.4751,80.5873,63.9866,296.2513,0,999,858,0.00053053,0.00010322,0,4152368,0 NINJASAT,1 58341U 23174CP  24003.43488263  .00010322  00000-0  53053-3 0  9992,2 58341  97.4751  80.5873 0011144  63.9866 296.2513 15.16607066  8583,2023-174CP,58341,6894.241,94.949,523.789,508.423,0
GENERATED VIA SPACETRACK.ORG API,18 SPCS,58341,NINJASAT,PAYLOAD,U,23174CP,2024/1/3 10:26,859232,15.16607066,0.0011144,97.4751,80.5873,63.9866,296.2513,0,999,858,0.00053053,0.00010322,0,4152560,0 NINJASAT,1 58341U 23174CP  24003.43488263  .00010322  00000-0  53053-3 0  9992,2 58341  97.4751  80.5873 0011144  63.9866 296.2513 15.16607066  8583,2023-174CP,58341,6894.241,94.949,523.789,508.423,0
GENERATED VIA SPACETRACK.ORG API,18 SPCS,58341,NINJASAT,PAYLOAD,U,23174CP,2024/1/3 18:21,540128,15.16614206,0.0011124,97.4751,80.9124,62.9556,297.2811,0,999,863,0.00053358,0.00010384,0,4152643,0 NINJASAT,1 58341U 23174CP  24003.76477477  .00010384  00000-0  53358-3 0  9999,2 58341  97.4751  80.9124 0011124  62.9556 297.2811 15.16614206  8631,2023-174CP,58341,6894.219,94.948,523.753,508.415,0
GENERATED VIA SPACETRACK.ORG API,18 SPCS,58341,NINJASAT,PAYLOAD,U,23174CP,2024/1/3 21:31,576544,15.16617205,0.0011113,97.4752,81.0425,62.5534,297.6828,0,999,865,0.00055815,0.00010867,0,4152812,0 NINJASAT,1 58341U 23174CP  24003.89673121  .00010867  00000-0  55815-3 0  9993,2 58341  97.4752  81.0425 0011113  62.5534 297.6828 15.16617205  8654,2023-174CP,58341,6894.21,94.948,523.737,508.414,0
GENERATED VIA SPACETRACK.ORG API,18 SPCS,58341,NINJASAT,PAYLOAD,U,23174CP,2024/1/4 3:51,569024,15.16624018,0.0011114,97.4753,81.3027,61.7278,298.5075,0,999,869,0.0005916,0.00011525,0,4152895,0 NINJASAT,1 58341U 23174CP  24004.16064316  .00011525  00000-0  59160-3 0  9993,2 58341  97.4753  81.3027 0011114  61.7278 298.5075 15.16624018  8691,2023-174CP,58341,6894.19,94.948,523.717,508.392,0
GENERATED VIA SPACETRACK.ORG API,18 SPCS,58341,NINJASAT,PAYLOAD,U,23174CP,2024/1/4 10:11,463872,15.16629156,0.0011112,97.4753,81.5628,60.8927,299.3417,0,999,873,0.00057358,0.00011173,0,4153137,0 NINJASAT,1 58341U 23174CP  24004.42455398  .00011173  00000-0  57358-3 0  9992,2 58341  97.4753  81.5628 0011112  60.8927 299.3417 15.16629156  8731,2023-174CP,58341,6894.174,94.947,523.7,508.378,0
GENERATED VIA SPACETRACK.ORG API,18 SPCS,58341,NINJASAT,PAYLOAD,U,23174CP,2024/1/4 13:21,383648,15.16631584,0.00111,97.4753,81.6929,60.5192,299.7146,0,999,875,0.00054708,0.00010654,0,4153368,0 NINJASAT,1 58341U 23174CP  24004.55650907  .00010654  00000-0  54708-3 0  9998,2 58341  97.4753  81.6929 0011100  60.5192 299.7146 15.16631584  8757,2023-174CP,58341,6894.167,94.947,523.684,508.379,0
GENERATED VIA SPACETRACK.ORG API,18 SPCS,58341,NINJASAT,PAYLOAD,U,23174CP,2024/1/4 19:41,170496,15.16636515,0.0011104,97.4754,81.9531,59.7661,300.467,0,999,879,0.00052215,0.00010166,0,4153491,0 NINJASAT,1 58341U 23174CP  24004.82041864  .00010166  00000-0  52215-3 0  9993,2 58341  97.4754  81.9531 0011104  59.7661 300.4670 15.16636515  8790,2023-174CP,58341,6894.152,94.947,523.672,508.361,0
GENERATED VIA SPACETRACK.ORG API,18 SPCS,58341,NINJASAT,PAYLOAD,U,23174CP,2024/1/4 21:16,589344,15.16638412,0.0011091,97.4755,82.0181,59.4832,300.7494,0,999,880,0.00052009,0.00010126,0,4153685,0 NINJASAT,1 58341U 23174CP  24004.88639571  .00010126  00000-0  52009-3 0  9994,2 58341  97.4755  82.0181 0011091  59.4832 300.7494 15.16638412  8803,2023-174CP,58341,6894.146,94.947,523.657,508.365,0
GENERATED VIA SPACETRACK.ORG API,18 SPCS,58341,NINJASAT,PAYLOAD,U,23174CP,2024/1/5 3:36,264736,15.16644093,0.00111,97.4756,82.2782,58.7232,301.5087,0,999,884,0.00050651,0.00009861,0,4153805,0 NINJASAT,1 58341U 23174CP  24005.15030399  .00009861  00000-0  50651-3 0  9993,2 58341  97.4756  82.2782 0011100  58.7232 301.5087 15.16644093  8843,2023-174CP,58341,6894.129,94.946,523.646,508.341,0
GENERATED VIA SPACETRACK.ORG API,18 SPCS,58341,NINJASAT,PAYLOAD,U,23174CP,2024/1/5 11:31,220736,15.16651414,0.0011102,97.4757,82.6034,57.668,302.5627,0,999,889,0.00052901,0.00010305,0,4153996,0 NINJASAT,1 58341U 23174CP  24005.48018774  .00010305  00000-0  52901-3 0  9997,2 58341  97.4757  82.6034 0011102  57.6680 302.5627 15.16651414  8896,2023-174CP,58341,6894.107,94.946,523.625,508.318,0
GENERATED VIA SPACETRACK.ORG API,18 SPCS,58341,NINJASAT,PAYLOAD,U,23174CP,2024/1/5 13:06,608480,15.1665185,0.0011099,97.4757,82.6684,57.516,302.7144,0,999,890,0.0004884,0.00009508,0,4154254,0 NINJASAT,1 58341U 23174CP  24005.54616445  .00009508  00000-0  48840-3 0  9993,2 58341  97.4757  82.6684 0011099  57.5160 302.7144 15.16651850  8906,2023-174CP,58341,6894.105,94.946,523.622,508.318,0
GENERATED VIA SPACETRACK.ORG API,18 SPCS,58341,NINJASAT,PAYLOAD,U,23174CP,2024/1/5 19:26,74784,15.16657414,0.0011104,97.4757,82.9285,56.7496,303.48,0,999,894,0.00049748,0.00009688,0,4154344,0 NINJASAT,1 58341U 23174CP  24005.81007031  .00009688  00000-0  49748-3 0  9995,2 58341  97.4757  82.9285 0011104  56.7496 303.4800 15.16657414  8949,2023-174CP,58341,6894.088,94.946,523.609,508.298,0
GENERATED VIA SPACETRACK.ORG API,18 SPCS,58341,NINJASAT,PAYLOAD,U,23174CP,2024/1/5 21:01,412416,15.16659622,0.0011109,97.4757,82.9936,56.5773,303.6521,0,999,895,0.00052077,0.00010146,0,4154502,0 NINJASAT,1 58341U 23174CP  24005.87604644  .00010146  00000-0  52077-3 0  9994,2 58341  97.4757  82.9936 0011109  56.5773 303.6521 15.16659622  8959,2023-174CP,58341,6894.082,94.945,523.605,508.288,0
GENERATED VIA SPACETRACK.ORG API,18 SPCS,58341,NINJASAT,PAYLOAD,U,23174CP,2024/1/6 3:21,767264,15.16665653,0.0011116,97.4757,83.2537,55.8296,304.399,0,999,899,0.00051883,0.0001011,0,4154524,0 NINJASAT,1 58341U 23174CP  24006.13995101  .00010110  00000-0  51883-3 0  9990,2 58341  97.4757  83.2537 0011116  55.8296 304.3990 15.16665653  8993,2023-174CP,58341,6894.063,94.945,523.592,508.265,0
GENERATED VIA SPACETRACK.ORG API,18 SPCS,58341,NINJASAT,PAYLOAD,U,23174CP,2024/1/6 11:16,367296,15.16670871,0.0011097,97.4757,83.5789,54.7946,305.4325,0,999,904,0.00048699,0.00009486,0,4154869,0 NINJASAT,1 58341U 23174CP  24006.46983064  .00009486  00000-0  48699-3 0  9996,2 58341  97.4757  83.5789 0011097  54.7946 305.4325 15.16670871  9042,2023-174CP,58341,6894.048,94.945,523.563,508.262,0
GENERATED VIA SPACETRACK.ORG API,18 SPCS,58341,NINJASAT,PAYLOAD,U,23174CP,2024/1/6 11:16,367296,15.16670871,0.0011097,97.4757,83.5789,54.7946,305.4325,0,999,904,0.00048699,0.00009486,0,4155067,0 NINJASAT,1 58341U 23174CP  24006.46983064  .00009486  00000-0  48699-3 0  9996,2 58341  97.4757  83.5789 0011097  54.7946 305.4325 15.16670871  9042,2023-174CP,58341,6894.048,94.945,523.563,508.262,0
GENERATED VIA SPACETRACK.ORG API,18 SPCS,58341,NINJASAT,PAYLOAD,U,23174CP,2024/1/6 19:11,830816,15.16677567,0.0011078,97.4757,83.9042,53.8053,306.4203,0,999,909,0.00048708,0.00009489,0,4155102,0 NINJASAT,1 58341U 23174CP  24006.79970869  .00009489  00000-0  48708-3 0  9995,2 58341  97.4757  83.9042 0011078  53.8053 306.4203 15.16677567  9096,2023-174CP,58341,6894.027,94.944,523.53,508.255,0
GENERATED VIA SPACETRACK.ORG API,18 SPCS,58341,NINJASAT,PAYLOAD,U,23174CP,2024/1/6 20:46,95872,15.16678015,0.0011067,97.4757,83.9692,53.5787,306.6465,0,999,910,0.00045593,0.00008877,0,4155325,0 NINJASAT,1 58341U 23174CP  24006.86568398  .00008877  00000-0  45593-3 0  9992,2 58341  97.4757  83.9692 0011067  53.5787 306.6465 15.16678015  9109,2023-174CP,58341,6894.026,94.944,523.521,508.261,0
GENERATED VIA SPACETRACK.ORG API,18 SPCS,58341,NINJASAT,PAYLOAD,U,23174CP,2024/1/7 4:41,415968,15.16684506,0.0011046,97.4757,84.2945,52.4994,307.7242,0,999,915,0.00045173,0.00008796,0,4155380,0 NINJASAT,1 58341U 23174CP  24007.19556037  .00008796  00000-0  45173-3 0  9990,2 58341  97.4757  84.2945 0011046  52.4994 307.7242 15.16684506  9151,2023-174CP,58341,6894.006,94.944,523.486,508.256,0
GENERATED VIA SPACETRACK.ORG API,18 SPCS,58341,NINJASAT,PAYLOAD,U,23174CP,2024/1/7 11:01,377696,15.1669053,0.0011038,97.4757,84.5546,51.7976,308.425,0,999,919,0.00047907,0.00009335,0,4155679,0 NINJASAT,1 58341U 23174CP  24007.45946039  .00009335  00000-0  47907-3 0  9991,2 58341  97.4757  84.5546 0011038  51.7976 308.4250 15.16690530  9199,2023-174CP,58341,6893.988,94.944,523.463,508.243,0
GENERATED VIA SPACETRACK.ORG API,18 SPCS,58341,NINJASAT,PAYLOAD,U,23174CP,2024/1/7 12:36,600416,15.16692837,0.0011035,97.4757,84.6196,51.5456,308.6766,0,999,920,0.00051007,0.00009945,0,4155883,0 NINJASAT,1 58341U 23174CP  24007.52543519  .00009945  00000-0  51007-3 0  9998,2 58341  97.4757  84.6196 0011035  51.5456 308.6766 15.16692837  9207,2023-174CP,58341,6893.981,94.943,523.454,508.239,0
GENERATED VIA SPACETRACK.ORG API,18 SPCS,58341,NINJASAT,PAYLOAD,U,23174CP,2024/1/7 18:56,474880,15.1669787,0.0011012,97.4757,84.8798,50.6247,309.596,0,999,924,0.00050734,0.00009893,0,4155982,0 NINJASAT,1 58341U 23174CP  24007.78933420  .00009893  00000-0  50734-3 0  9998,2 58341  97.4757  84.8798 0011012  50.6247 309.5960 15.16697870  9242,2023-174CP,58341,6893.966,94.943,523.422,508.239,0
GENERATED VIA SPACETRACK.ORG API,18 SPCS,58341,NINJASAT,PAYLOAD,U,23174CP,2024/1/7 22:06,867616,15.16700042,0.0011001,97.4757,85.01,50.1542,310.0657,0,999,926,0.00049569,0.00009664,0,4156156,0 NINJASAT,1 58341U 23174CP  24007.92128319  .00009664  00000-0  49569-3 0  9997,2 58341  97.4757  85.0100 0011001  50.1542 310.0657 15.16700042  9261,2023-174CP,58341,6893.959,94.943,523.408,508.24,0
GENERATED VIA SPACETRACK.ORG API,18 SPCS,58341,NINJASAT,PAYLOAD,U,23174CP,2024/1/8 4:26,611616,15.16705589,0.0010978,97.4757,85.2702,49.4117,310.8069,0,999,930,0.00048647,0.00009484,0,4156277,0 NINJASAT,1 58341U 23174CP  24008.18518069  .00009484  00000-0  48647-3 0  9997,2 58341  97.4757  85.2702 0010978  49.4117 310.8069 15.16705589  9303,2023-174CP,58341,6893.942,94.943,523.376,508.239,0
GENERATED VIA SPACETRACK.ORG API,18 SPCS,58341,NINJASAT,PAYLOAD,U,23174CP,2024/1/8 10:46,277856,15.16709977,0.0010945,97.4757,85.5305,48.4666,311.7505,0,999,934,0.00047522,0.00009264,0,4156501,0 NINJASAT,1 58341U 23174CP  24008.44907729  .00009264  00000-0  47522-3 0  9998,2 58341  97.4757  85.5305 0010945  48.4666 311.7505 15.16709977  9341,2023-174CP,58341,6893.929,94.942,523.339,508.249,0
GENERATED VIA SPACETRACK.ORG API,18 SPCS,58341,NINJASAT,PAYLOAD,U,23174CP,2024/1/8 12:21,426272,15.16712394,0.0010932,97.4757,85.5955,48.2206,311.9959,0,999,935,0.0005224,0.00010193,0,4156666,0 NINJASAT,1 58341U 23174CP  24008.51505123  .00010193  00000-0  52240-3 0  9994,2 58341  97.4757  85.5955 0010932  48.2206 311.9959 15.16712394  9359,2023-174CP,58341,6893.922,94.942,523.323,508.25,0
GENERATED VIA SPACETRACK.ORG API,18 SPCS,58341,NINJASAT,PAYLOAD,U,23174CP,2024/1/8 18:41,995744,15.16717976,0.0010906,97.4757,85.8557,47.2451,312.9698,0,999,939,0.00053038,0.00010351,0,4156699,0 NINJASAT,1 58341U 23174CP  24008.77894671  .00010351  00000-0  53038-3 0  9993,2 58341  97.4757  85.8557 0010906  47.2451 312.9698 15.16717976  9398,2023-174CP,58341,6893.905,94.942,523.288,508.251,0
GENERATED VIA SPACETRACK.ORG API,18 SPCS,58341,NINJASAT,PAYLOAD,U,23174CP,2024/1/8 21:51,237280,15.1672125,0.0010898,97.4756,85.9857,46.8134,313.4008,0,999,941,0.00055708,0.00010877,0,4156930,0 NINJASAT,1 58341U 23174CP  24008.91089395  .00010877  00000-0  55708-3 0  9997,2 58341  97.4756  85.9857 0010898  46.8134 313.4008 15.16721250  9418,2023-174CP,58341,6893.895,94.942,523.273,508.247,0
GENERATED VIA SPACETRACK.ORG API,18 SPCS,58341,NINJASAT,PAYLOAD,U,23174CP,2024/1/9 4:11,665920,15.16727504,0.0010877,97.4756,86.246,45.9298,314.2829,0,999,945,0.00057164,0.00011166,0,4156946,0 NINJASAT,1 58341U 23174CP  24009.17478780  .00011166  00000-0  57164-3 0  9996,2 58341  97.4756  86.2460 0010877  45.9298 314.2829 15.16727504  9452,2023-174CP,58341,6893.876,94.941,523.239,508.243,0
GENERATED VIA SPACETRACK.ORG API,18 SPCS,58341,NINJASAT,PAYLOAD,U,23174CP,2024/1/9 10:31,977920,15.16734278,0.0010846,97.4756,86.5061,44.9184,315.2925,0,999,949,0.00062383,0.00012195,0,4157324,0 NINJASAT,1 58341U 23174CP  24009.43868030  .00012195  00000-0  62383-3 0  9998,2 58341  97.4756  86.5061 0010846  44.9184 315.2925 15.16734278  9499,2023-174CP,58341,6893.855,94.941,523.198,508.243,0
GENERATED VIA SPACETRACK.ORG API,18 SPCS,58341,NINJASAT,PAYLOAD,U,23174CP,2024/1/9 12:06,39072,15.16736786,0.0010838,97.4755,86.5712,44.7285,315.4821,0,999,950,0.00066442,0.00012996,0,4157515,0 NINJASAT,1 58341U 23174CP  24009.50465323  .00012996  00000-0  66442-3 0  9993,2 58341  97.4755  86.5712 0010838  44.7285 315.4821 15.16736786  9507,2023-174CP,58341,6893.848,94.941,523.184,508.241,0
GENERATED VIA SPACETRACK.ORG API,18 SPCS,58341,NINJASAT,PAYLOAD,U,23174CP,2024/1/9 18:26,254304,15.16742564,0.0010815,97.4755,86.8313,43.8743,316.3347,0,999,954,0.00063727,0.00012463,0,4157554,0 NINJASAT,1 58341U 23174CP  24009.76854461  .00012463  00000-0  63727-3 0  9998,2 58341  97.4755  86.8313 0010815  43.8743 316.3347 15.16742564  9549,2023-174CP,58341,6893.83,94.94,523.151,508.24,0
GENERATED VIA SPACETRACK.ORG API,18 SPCS,58341,NINJASAT,PAYLOAD,U,23174CP,2024/1/9 21:36,314400,15.16745849,0.0010811,97.4755,86.9614,43.3275,316.8807,0,999,956,0.00064572,0.0001263,0,4157773,0 NINJASAT,1 58341U 23174CP  24009.90048975  .00012630  00000-0  64572-3 0  9994,2 58341  97.4755  86.9614 0010811  43.3275 316.8807 15.16745849  9562,2023-174CP,58341,6893.82,94.94,523.138,508.232,0
GENERATED VIA SPACETRACK.ORG API,18 SPCS,58341,NINJASAT,PAYLOAD,U,23174CP,2024/1/10 3:56,360288,15.16752839,0.0010788,97.4755,87.2215,42.5402,317.6665,0,999,960,0.00064474,0.00012614,0,4157888,0 NINJASAT,1 58341U 23174CP  24010.16437917  .00012614  00000-0  64474-3 0  9995,2 58341  97.4755  87.2215 0010788  42.5402 317.6665 15.16752839  9602,2023-174CP,58341,6893.799,94.94,523.101,508.227,0
GENERATED VIA SPACETRACK.ORG API,18 SPCS,58341,NINJASAT,PAYLOAD,U,23174CP,2024/1/10 10:16,278304,15.16760381,0.0010787,97.4754,87.4817,41.7321,318.4733,0,999,964,0.00067763,0.00013264,0,4158134,0 NINJASAT,1 58341U 23174CP  24010.42826711  .00013264  00000-0  67763-3 0  9994,2 58341  97.4754  87.4817 0010787  41.7321 318.4733 15.16760381  9641,2023-174CP,58341,6893.776,94.939,523.078,508.205,0
GENERATED VIA SPACETRACK.ORG API,18 SPCS,58341,NINJASAT,PAYLOAD,U,23174CP,2024/1/10 10:16,278304,15.16760381,0.0010787,97.4754,87.4817,41.7321,318.4733,0,999,964,0.00067763,0.00013264,0,4158336,0 NINJASAT,1 58341U 23174CP  24010.42826711  .00013264  00000-0  67763-3 0  9994,2 58341  97.4754  87.4817 0010787  41.7321 318.4733 15.16760381  9641,2023-174CP,58341,6893.776,94.939,523.078,508.205,0
GENERATED VIA SPACETRACK.ORG API,18 SPCS,58341,NINJASAT,PAYLOAD,U,23174CP,2024/1/10 18:11,44928,15.16769873,0.0010771,97.4754,87.8069,40.6929,319.5107,0,999,969,0.00068875,0.00013487,0,4158402,0 NINJASAT,1 58341U 23174CP  24010.75812552  .00013487  00000-0  68875-3 0  9990,2 58341  97.4754  87.8069 0010771  40.6929 319.5107 15.16769873  9696,2023-174CP,58341,6893.748,94.939,523.038,508.187,0
GENERATED VIA SPACETRACK.ORG API,18 SPCS,58341,NINJASAT,PAYLOAD,U,23174CP,2024/1/11 3:41,464032,15.16784611,0.0010767,97.4753,88.1969,39.4642,320.7373,0,999,975,0.00080316,0.0001575,0,4158642,0 NINJASAT,1 58341U 23174CP  24011.15395213  .00015750  00000-0  80316-3 0  9994,2 58341  97.4753  88.1969 0010767  39.4642 320.7373 15.16784611  9754,2023-174CP,58341,6893.703,94.938,522.99,508.145,0
GENERATED VIA SPACETRACK.ORG API,18 SPCS,58341,NINJASAT,PAYLOAD,U,23174CP,2024/1/11 8:26,50464,15.16790539,0.0010768,97.4753,88.3922,38.8631,321.3374,0,999,978,0.00078934,0.0001548,0,4159018,0 NINJASAT,1 58341U 23174CP  24011.35186401  .00015480  00000-0  78934-3 0  9996,2 58341  97.4753  88.3922 0010768  38.8631 321.3374 15.16790539  9784,2023-174CP,58341,6893.685,94.937,522.973,508.127,0
GENERATED VIA SPACETRACK.ORG API,18 SPCS,58341,NINJASAT,PAYLOAD,U,23174CP,2024/1/11 13:11,565184,15.1679837,0.0010761,97.4752,88.5873,38.1364,322.0629,0,999,981,0.00084885,0.00016659,0,4159265,0 NINJASAT,1 58341U 23174CP  24011.54977506  .00016659  00000-0  84885-3 0  9992,2 58341  97.4752  88.5873 0010761  38.1364 322.0629 15.16798370  9815,2023-174CP,58341,6893.661,94.937,522.945,508.108,0
GENERATED VIA SPACETRACK.ORG API,18 SPCS,58341,NINJASAT,PAYLOAD,U,23174CP,2024/1/11 19:31,814464,15.16806681,0.0010767,97.4752,88.8473,37.46,322.7382,0,999,985,0.00081145,0.00015924,0,4159298,0 NINJASAT,1 58341U 23174CP  24011.81365526  .00015924  00000-0  81145-3 0  9995,2 58341  97.4752  88.8473 0010767  37.4600 322.7382 15.16806681  9857,2023-174CP,58341,6893.636,94.936,522.923,508.079,0
GENERATED VIA SPACETRACK.ORG API,18 SPCS,58341,NINJASAT,PAYLOAD,U,23174CP,2024/1/11 21:06,612960,15.16808421,0.0010757,97.4751,88.9124,37.2799,322.9179,0,999,986,0.00080165,0.00015731,0,4159545,0 NINJASAT,1 58341U 23174CP  24011.87962515  .00015731  00000-0  80165-3 0  9999,2 58341  97.4751  88.9124 0010757  37.2799 322.9179 15.16808421  9867,2023-174CP,58341,6893.631,94.936,522.911,508.08,0
GENERATED VIA SPACETRACK.ORG API,18 SPCS,58341,NINJASAT,PAYLOAD,U,23174CP,2024/1/12 3:26,693760,15.16817443,0.0010754,97.475,89.1725,36.6061,323.5905,0,999,990,0.00079611,0.00015626,0,4159583,0 NINJASAT,1 58341U 23174CP  24012.14350340  .00015626  00000-0  79611-3 0  9994,2 58341  97.4750  89.1725 0010754  36.6061 323.5905 15.16817443  9901,2023-174CP,58341,6893.603,94.936,522.882,508.055,0
GENERATED VIA SPACETRACK.ORG API,18 SPCS,58341,NINJASAT,PAYLOAD,U,23174CP,2024/1/12 8:11,910400,15.16823844,0.0010746,97.4749,89.3675,36.0036,324.1919,0,999,993,0.00079446,0.00015596,0,4159891,0 NINJASAT,1 58341U 23174CP  24012.34141100  .00015596  00000-0  79446-3 0  9990,2 58341  97.4749  89.3675 0010746  36.0036 324.1919 15.16823844  9939,2023-174CP,58341,6893.584,94.935,522.857,508.041,0
GENERATED VIA SPACETRACK.ORG API,18 SPCS,58341,NINJASAT,PAYLOAD,U,23174CP,2024/1/12 12:56,66560,15.16830507,0.001074,97.4748,89.5625,35.3722,324.8221,0,999,996,0.00081176,0.00015941,0,4160109,0 NINJASAT,1 58341U 23174CP  24012.53931790  .00015941  00000-0  81176-3 0  9990,2 58341  97.4748  89.5625 0010740  35.3722 324.8221 15.16830507  9963,2023-174CP,58341,6893.564,94.935,522.833,508.025,0
GENERATED VIA SPACETRACK.ORG API,18 SPCS,58341,NINJASAT,PAYLOAD,U,23174CP,2024/1/12 19:16,854464,15.16837306,0.0010722,97.4747,89.8227,34.6003,325.5926,0,999,1000,0.00074082,0.00014542,0,4160196,0 NINJASAT,1 58341U 23174CP  24012.80319276  .00014542  00000-0  74082-3 0  9993,2 58341  97.4747  89.8227 0010722  34.6003 325.5926 15.16837306 10008,2023-174CP,58341,6893.543,94.934,522.8,508.017,0
GENERATED VIA SPACETRACK.ORG API,18 SPCS,58341,NINJASAT,PAYLOAD,U,23174CP,2024/1/12 20:51,517312,15.16839903,0.0010717,97.4747,89.8878,34.3336,325.8588,0,999,1001,0.00076137,0.00014949,0,4160399,0 NINJASAT,1 58341U 23174CP  24012.86916108  .00014949  00000-0  76137-3 0  9990,2 58341  97.4747  89.8878 0010717  34.3336 325.8588 15.16839903 10013,2023-174CP,58341,6893.535,94.934,522.788,508.013,0
GENERATED VIA SPACETRACK.ORG API,18 SPCS,58341,NINJASAT,PAYLOAD,U,23174CP,2024/1/13 3:11,124640,15.16849161,0.0010706,97.4745,90.1479,33.5035,326.6873,0,999,1005,0.00079016,0.00015522,0,4160457,0 NINJASAT,1 58341U 23174CP  24013.13303385  .00015522  00000-0  79016-3 0  9995,2 58341  97.4745  90.1479 0010706  33.5035 326.6873 15.16849161 10055,2023-174CP,58341,6893.507,94.934,522.753,507.992,0
GENERATED VIA SPACETRACK.ORG API,18 SPCS,58341,NINJASAT,PAYLOAD,U,23174CP,2024/1/13 11:06,209920,15.16858952,0.0010672,97.4743,90.473,32.4674,327.7214,0,999,1010,0.00078539,0.00015432,0,4160764,0 NINJASAT,1 58341U 23174CP  24013.46287280  .00015432  00000-0  78539-3 0  9995,2 58341  97.4743  90.4730 0010672  32.4674 327.7214 15.16858952 10100,2023-174CP,58341,6893.478,94.933,522.699,507.986,0
GENERATED VIA SPACETRACK.ORG API,18 SPCS,58341,NINJASAT,PAYLOAD,U,23174CP,2024/1/13 12:41,814880,15.16860789,0.0010667,97.4742,90.538,32.14,328.0481,0,999,1011,0.00078375,0.000154,0,4160970,0 NINJASAT,1 58341U 23174CP  24013.52884045  .00015400  00000-0  78375-3 0  9997,2 58341  97.4742  90.5380 0010667  32.1400 328.0481 15.16860789 10111,2023-174CP,58341,6893.472,94.933,522.69,507.984,0
GENERATED VIA SPACETRACK.ORG API,18 SPCS,58341,NINJASAT,PAYLOAD,U,23174CP,2024/1/13 19:01,130176,15.16869022,0.0010648,97.4741,90.7981,31.3228,328.8638,0,999,1015,0.00077946,0.00015319,0,4161033,0 NINJASAT,1 58341U 23174CP  24013.79270984  .00015319  00000-0  77946-3 0  9999,2 58341  97.4741  90.7981 0010648  31.3228 328.8638 15.16869022 10152,2023-174CP,58341,6893.447,94.932,522.652,507.972,0
GENERATED VIA SPACETRACK.ORG API,18 SPCS,58341,NINJASAT,PAYLOAD,U,23174CP,2024/1/14 4:31,345216,15.16881943,0.00106,97.4739,91.1883,30.0678,330.1162,0,999,1021,0.00078823,0.00015498,0,4161291,0 NINJASAT,1 58341U 23174CP  24014.18851094  .00015498  00000-0  78823-3 0  9993,2 58341  97.4739  91.1883 0010600  30.0678 330.1162 15.16881943 10219,2023-174CP,58341,6893.408,94.932,522.58,507.966,0
GENERATED VIA SPACETRACK.ORG API,18 SPCS,58341,NINJASAT,PAYLOAD,U,23174CP,2024/1/14 10:51,335648,15.16889908,0.0010589,97.4737,91.4485,29.0253,331.1566,0,999,1025,0.00079981,0.00015731,0,4161598,0 NINJASAT,1 58341U 23174CP  24014.45237657  .00015731  00000-0  79981-3 0  9992,2 58341  97.4737  91.4485 0010589  29.0253 331.1566 15.16889908 10253,2023-174CP,58341,6893.384,94.931,522.548,507.95,0
GENERATED VIA SPACETRACK.ORG API,18 SPCS,58341,NINJASAT,PAYLOAD,U,23174CP,2024/1/14 12:26,798048,15.1689388,0.0010578,97.4737,91.5135,28.7514,331.43,0,999,1026,0.00087358,0.00017193,0,4161833,0 NINJASAT,1 58341U 23174CP  24014.51834257  .00017193  00000-0  87358-3 0  9999,2 58341  97.4737  91.5135 0010578  28.7514 331.4300 15.16893880 10264,2023-174CP,58341,6893.372,94.931,522.529,507.945,0
GENERATED VIA SPACETRACK.ORG API,18 SPCS,58341,NINJASAT,PAYLOAD,U,23174CP,2024/1/14 18:46,627776,15.16901947,0.0010555,97.4735,91.7736,27.7647,332.4147,0,999,1030,0.00084727,0.00016676,0,4161894,0 NINJASAT,1 58341U 23174CP  24014.78220634  .00016676  00000-0  84727-3 0  9998,2 58341  97.4735  91.7736 0010555  27.7647 332.4147 15.16901947 10301,2023-174CP,58341,6893.347,94.93,522.488,507.937,0
GENERATED VIA SPACETRACK.ORG API,18 SPCS,58341,NINJASAT,PAYLOAD,U,23174CP,2024/1/14 20:21,55616,15.16904765,0.0010551,97.4735,91.8386,27.5208,332.6581,0,999,1031,0.0008756,0.00017238,0,4162100,0 NINJASAT,1 58341U 23174CP  24014.84817194  .00017238  00000-0  87560-3 0  9991,2 58341  97.4735  91.8386 0010551  27.5208 332.6581 15.16904765 10316,2023-174CP,58341,6893.339,94.93,522.477,507.931,0
GENERATED VIA SPACETRACK.ORG API,18 SPCS,58341,NINJASAT,PAYLOAD,U,23174CP,2024/1/15 2:41,685760,15.16915048,0.0010515,97.4734,92.0987,26.7014,333.4759,0,999,1035,0.00091728,0.00018069,0,4162130,0 NINJASAT,1 58341U 23174CP  24015.11203340  .00018069  00000-0  91728-3 0  9998,2 58341  97.4734  92.0987 0010515  26.7014 333.4759 15.16915048 10357,2023-174CP,58341,6893.308,94.93,522.421,507.924,0
GENERATED VIA SPACETRACK.ORG API,18 SPCS,58341,NINJASAT,PAYLOAD,U,23174CP,2024/1/15 10:36,507872,15.16927222,0.00105,97.4733,92.4239,25.4336,334.7412,0,999,1040,0.00094227,0.00018571,0,4162467,0 NINJASAT,1 58341U 23174CP  24015.44185773  .00018571  00000-0  94227-3 0  9998,2 58341  97.4733  92.4239 0010500  25.4336 334.7412 15.16927222 10400,2023-174CP,58341,6893.271,94.929,522.374,507.898,0
GENERATED VIA SPACETRACK.ORG API,18 SPCS,58341,NINJASAT,PAYLOAD,U,23174CP,2024/1/15 13:46,177792,15.16931315,0.0010488,97.4732,92.554,24.95,335.2239,0,999,1042,0.00090538,0.00017842,0,4162722,0 NINJASAT,1 58341U 23174CP  24015.57378678  .00017842  00000-0  90538-3 0  9991,2 58341  97.4732  92.5540 0010488  24.9500 335.2239 15.16931315 10420,2023-174CP,58341,6893.258,94.928,522.353,507.894,0
GENERATED VIA SPACETRACK.ORG API,18 SPCS,58341,NINJASAT,PAYLOAD,U,23174CP,2024/1/15 18:31,117440,15.16938748,0.0010476,97.4732,92.7491,24.2236,335.9488,0,999,1045,0.00091015,0.0001794,0,4162768,0 NINJASAT,1 58341U 23174CP  24015.77167960  .00017940  00000-0  91015-3 0  9993,2 58341  97.4732  92.7491 0010476  24.2236 335.9488 15.16938748 10456,2023-174CP,58341,6893.236,94.928,522.322,507.88,0
GENERATED VIA SPACETRACK.ORG API,18 SPCS,58341,NINJASAT,PAYLOAD,U,23174CP,2024/1/15 21:41,707872,15.1694275,0.0010448,97.4732,92.879,23.8128,336.3587,0,999,1047,0.0008935,0.00017612,0,4162957,0 NINJASAT,1 58341U 23174CP  24015.90360773  .00017612  00000-0  89350-3 0  9990,2 58341  97.4732  92.8790 0010448  23.8128 336.3587 15.16942750 10478,2023-174CP,58341,6893.224,94.928,522.291,507.887,0
GENERATED VIA SPACETRACK.ORG API,18 SPCS,58341,NINJASAT,PAYLOAD,U,23174CP,2024/1/16 4:01,756544,15.16953,0.0010428,97.4732,93.1392,22.9125,337.2571,0,999,1051,0.00090082,0.00017762,0,4163053,0 NINJASAT,1 58341U 23174CP  24016.16746246  .00017762  00000-0  90082-3 0  9992,2 58341  97.4732  93.1392 0010428  22.9125 337.2571 15.16953000 10513,2023-174CP,58341,6893.193,94.927,522.246,507.87,0
GENERATED VIA SPACETRACK.ORG API,18 SPCS,58341,NINJASAT,PAYLOAD,U,23174CP,2024/1/16 10:21,648832,15.16963271,0.0010418,97.4731,93.3993,21.9564,338.2114,0,999,1055,0.000942,0.00018584,0,4163258,0 NINJASAT,1 58341U 23174CP  24016.43131538  .00018584  00000-0  94200-3 0  9993,2 58341  97.4731  93.3993 0010418  21.9564 338.2114 15.16963271 10555,2023-174CP,58341,6893.162,94.926,522.208,507.845,0
GENERATED VIA SPACETRACK.ORG API,18 SPCS,58341,NINJASAT,PAYLOAD,U,23174CP,2024/1/16 13:31,53504,15.16967057,0.0010407,97.4732,93.5294,21.4678,338.699,0,999,1057,0.00089621,0.00017677,0,4163580,0 NINJASAT,1 58341U 23174CP  24016.56324136  .00017677  00000-0  89621-3 0  9998,2 58341  97.4732  93.5294 0010407  21.4678 338.6990 15.16967057 10575,2023-174CP,58341,6893.15,94.926,522.189,507.841,0
GENERATED VIA SPACETRACK.ORG API,18 SPCS,58341,NINJASAT,PAYLOAD,U,23174CP,2024/1/16 18:16,620768,15.16972688,0.0010393,97.4732,93.7244,20.8995,339.2661,0,999,1060,0.00083896,0.00016544,0,4163650,0 NINJASAT,1 58341U 23174CP  24016.76112987  .00016544  00000-0  83896-3 0  9999,2 58341  97.4732  93.7244 0010393  20.8995 339.2661 15.16972688 10603,2023-174CP,58341,6893.133,94.926,522.162,507.834,0
GENERATED VIA SPACETRACK.ORG API,18 SPCS,58341,NINJASAT,PAYLOAD,U,23174CP,2024/1/16 21:25,908800,15.16978936,0.0010379,97.4732,93.8545,20.3579,339.8066,0,999,1062,0.00089722,0.00017703,0,4163878,0 NINJASAT,1 58341U 23174CP  24016.89305450  .00017703  00000-0  89722-3 0  9994,2 58341  97.4732  93.8545 0010379  20.3579 339.8066 15.16978936 10624,2023-174CP,58341,6893.114,94.926,522.134,507.825,0
GENERATED VIA SPACETRACK.ORG API,18 SPCS,58341,NINJASAT,PAYLOAD,U,23174CP,2024/1/17 3:45,440800,15.16987699,0.0010365,97.4732,94.1146,19.5253,340.6375,0,999,1066,0.00085663,0.00016902,0,4163942,0 NINJASAT,1 58341U 23174CP  24017.15690325  .00016902  00000-0  85663-3 0  9992,2 58341  97.4732  94.1146 0010365  19.5253 340.6375 15.16987699 10662,2023-174CP,58341,6893.088,94.925,522.097,507.808,0
GENERATED VIA SPACETRACK.ORG API,18 SPCS,58341,NINJASAT,PAYLOAD,U,23174CP,2024/1/17 10:05,817280,15.1699718,0.0010367,97.4733,94.3749,18.6742,341.487,0,999,1070,0.00087287,0.00017229,0,4164226,0 NINJASAT,1 58341U 23174CP  24017.42075020  .00017229  00000-0  87287-3 0  9998,2 58341  97.4733  94.3749 0010367  18.6742 341.4870 15.16997180 10709,2023-174CP,58341,6893.059,94.924,522.07,507.778,0
GENERATED VIA SPACETRACK.ORG API,18 SPCS,58341,NINJASAT,PAYLOAD,U,23174CP,2024/1/17 13:15,961888,15.17001926,0.001036,97.4733,94.5049,18.1823,341.9779,0,999,1072,0.00087716,0.00017316,0,4164412,0 NINJASAT,1 58341U 23174CP  24017.55267317  .00017316  00000-0  87716-3 0  9998,2 58341  97.4733  94.5049 0010360  18.1823 341.9779 15.17001926 10722,2023-174CP,58341,6893.045,94.924,522.051,507.768,0
GENERATED VIA SPACETRACK.ORG API,18 SPCS,58341,NINJASAT,PAYLOAD,U,23174CP,2024/1/17 18:00,137760,15.1700784,0.0010369,97.4733,94.7,17.5927,342.5663,0,999,1075,0.0008341,0.00016464,0,4164450,0 NINJASAT,1 58341U 23174CP  24017.75055715  .00016464  00000-0  83410-3 0  9997,2 58341  97.4733  94.7000 0010369  17.5927 342.5663 15.17007840 10751,2023-174CP,58341,6893.027,94.924,522.039,507.744,0
GENERATED VIA SPACETRACK.ORG API,18 SPCS,58341,NINJASAT,PAYLOAD,U,23174CP,2024/1/17 21:10,196832,15.17011764,0.0010341,97.4734,94.8301,17.3374,342.821,0,999,1077,0.00081357,0.00016058,0,4164693,0 NINJASAT,1 58341U 23174CP  24017.88247913  .00016058  00000-0  81357-3 0  9991,2 58341  97.4734  94.8301 0010341  17.3374 342.8210 15.17011764 10774,2023-174CP,58341,6893.015,94.923,522.008,507.752,0
GENERATED VIA SPACETRACK.ORG API,18 SPCS,58341,NINJASAT,PAYLOAD,U,23174CP,2024/1/18 3:30,230304,15.17020868,0.0010333,97.4734,95.0903,16.5768,343.5801,0,999,1081,0.00081543,0.00016099,0,4164714,0 NINJASAT,1 58341U 23174CP  24018.14632211  .00016099  00000-0  81543-3 0  9992,2 58341  97.4734  95.0903 0010333  16.5768 343.5801 15.17020868 10818,2023-174CP,58341,6892.987,94.923,521.975,507.73,0
GENERATED VIA SPACETRACK.ORG API,18 SPCS,58341,NINJASAT,PAYLOAD,U,23174CP,2024/1/18 9:50,141088,15.1702832,0.0010316,97.4735,95.3506,15.8416,344.3138,0,999,1085,0.00078846,0.00015566,0,4165063,0 NINJASAT,1 58341U 23174CP  24018.41016367  .00015566  00000-0  78846-3 0  9990,2 58341  97.4735  95.3506 0010316  15.8416 344.3138 15.17028320 10851,2023-174CP,58341,6892.965,94.922,521.94,507.719,0
GENERATED VIA SPACETRACK.ORG API,18 SPCS,58341,NINJASAT,PAYLOAD,U,23174CP,2024/1/18 13:00,50688,15.17033094,0.0010303,97.4735,95.4807,15.375,344.7794,0,999,1087,0.00081434,0.00016083,0,4165274,0 NINJASAT,1 58341U 23174CP  24018.54208392  .00016083  00000-0  81434-3 0  9997,2 58341  97.4735  95.4807 0010303  15.3750 344.7794 15.17033094 10876,2023-174CP,58341,6892.95,94.922,521.917,507.713,0
GENERATED VIA SPACETRACK.ORG API,18 SPCS,58341,NINJASAT,PAYLOAD,U,23174CP,2024/1/18 19:20,780896,15.17040604,0.001029,97.4735,95.7409,14.539,345.6138,0,999,1091,0.00076574,0.0001512,0,4165336,0 NINJASAT,1 58341U 23174CP  24018.80592339  .00015120  00000-0  76574-3 0  9993,2 58341  97.4735  95.7409 0010290  14.5390 345.6138 15.17040604 10915,2023-174CP,58341,6892.927,94.922,521.885,507.7,0
GENERATED VIA SPACETRACK.ORG API,18 SPCS,58341,NINJASAT,PAYLOAD,U,23174CP,2024/1/18 20:55,681696,15.17043553,0.0010283,97.4736,95.8059,14.3748,345.7776,0,999,1092,0.00080002,0.00015803,0,4165541,0 NINJASAT,1 58341U 23174CP  24018.87188289  .00015803  00000-0  80002-3 0  9994,2 58341  97.4736  95.8059 0010283  14.3748 345.7776 15.17043553 10921,2023-174CP,58341,6892.918,94.921,521.871,507.695,0
GENERATED VIA SPACETRACK.ORG API,18 SPCS,58341,NINJASAT,PAYLOAD,U,23174CP,2024/1/19 3:15,237376,15.17052969,0.0010266,97.4735,96.0662,13.5706,346.5801,0,999,1096,0.00082825,0.00016368,0,4165618,0 NINJASAT,1 58341U 23174CP  24019.13572034  .00016368  00000-0  82825-3 0  9991,2 58341  97.4735  96.0662 0010266  13.5706 346.5801 15.17052969 10962,2023-174CP,58341,6892.89,94.921,521.831,507.679,0
GENERATED VIA SPACETRACK.ORG API,18 SPCS,58341,NINJASAT,PAYLOAD,U,23174CP,2024/1/19 11:10,485632,15.17063488,0.0010247,97.4735,96.3915,12.4866,347.6619,0,999,1101,0.00083155,0.00016439,0,4165929,0 NINJASAT,1 58341U 23174CP  24019.46551488  .00016439  00000-0  83155-3 0  9993,2 58341  97.4735  96.3915 0010247  12.4866 347.6619 15.17063488 11014,2023-174CP,58341,6892.858,94.92,521.786,507.66,0
GENERATED VIA SPACETRACK.ORG API,18 SPCS,58341,NINJASAT,PAYLOAD,U,23174CP,2024/1/19 12:45,321632,15.1706496,0.0010242,97.4735,96.4566,12.2214,347.9265,0,999,1102,0.00080577,0.00015927,0,4166138,0 NINJASAT,1 58341U 23174CP  24019.53147363  .00015927  00000-0  80577-3 0  9990,2 58341  97.4735  96.4566 0010242  12.2214 347.9265 15.17064960 11024,2023-174CP,58341,6892.854,94.92,521.778,507.659,0
GENERATED VIA SPACETRACK.ORG API,18 SPCS,58341,NINJASAT,PAYLOAD,U,23174CP,2024/1/19 19:05,545536,15.17074087,0.0010228,97.4735,96.7167,11.3994,348.7469,0,999,1106,0.00080488,0.00015913,0,4166220,0 NINJASAT,1 58341U 23174CP  24019.79530724  .00015913  00000-0  80488-3 0  9991,2 58341  97.4735  96.7167 0010228  11.3994 348.7469 15.17074087 11063,2023-174CP,58341,6892.826,94.92,521.741,507.641,0
GENERATED VIA SPACETRACK.ORG API,18 SPCS,58341,NINJASAT,PAYLOAD,U,23174CP,2024/1/19 20:40,330560,15.17076099,0.0010218,97.4735,96.7818,11.1822,348.9636,0,999,1107,0.00079989,0.00015815,0,4166429,0 NINJASAT,1 58341U 23174CP  24019.86126540  .00015815  00000-0  79989-3 0  9991,2 58341  97.4735  96.7818 0010218  11.1822 348.9636 15.17076099 11077,2023-174CP,58341,6892.82,94.919,521.728,507.642,0
GENERATED VIA SPACETRACK.ORG API,18 SPCS,58341,NINJASAT,PAYLOAD,U,23174CP,2024/1/20 4:35,142496,15.17086447,0.0010172,97.4735,97.107,9.9906,350.1527,0,999,1112,0.00076724,0.00015169,0,4166450,0 NINJASAT,1 58341U 23174CP  24020.19105489  .00015169  00000-0  76724-3 0  9994,2 58341  97.4735  97.1070 0010172   9.9906 350.1527 15.17086447 11127,2023-174CP,58341,6892.789,94.919,521.665,507.642,0
GENERATED VIA SPACETRACK.ORG API,18 SPCS,58341,NINJASAT,PAYLOAD,U,23174CP,2024/1/20 10:55,62272,15.17093481,0.0010139,97.4735,97.3674,9.0142,351.1271,0,999,1116,0.00073952,0.00014621,0,4166814,0 NINJASAT,1 58341U 23174CP  24020.45488498  .00014621  00000-0  73952-3 0  9999,2 58341  97.4735  97.3674 0010139   9.0142 351.1271 15.17093481 11162,2023-174CP,58341,6892.767,94.918,521.621,507.644,0
GENERATED VIA SPACETRACK.ORG API,18 SPCS,58341,NINJASAT,PAYLOAD,U,23174CP,2024/1/20 14:04,472480,15.17098378,0.0010124,97.4735,97.4974,8.504,351.6363,0,999,1118,0.00076841,0.00015198,0,4166981,0 NINJASAT,1 58341U 23174CP  24020.58679945  .00015198  00000-0  76841-3 0  9992,2 58341  97.4735  97.4974 0010124   8.5040 351.6363 15.17098378 11180,2023-174CP,58341,6892.752,94.918,521.596,507.639,0
GENERATED VIA SPACETRACK.ORG API,18 SPCS,58341,NINJASAT,PAYLOAD,U,23174CP,2024/1/20 18:49,569216,15.17102836,0.0010112,97.4735,97.6925,7.7507,352.3881,0,999,1121,0.00071284,0.00014093,0,4167027,0 NINJASAT,1 58341U 23174CP  24020.78467094  .00014093  00000-0  71284-3 0  9993,2 58341  97.4735  97.6925 0010112   7.7507 352.3881 15.17102836 11216,2023-174CP,58341,6892.739,94.918,521.574,507.634,0
GENERATED VIA SPACETRACK.ORG API,18 SPCS,58341,NINJASAT,PAYLOAD,U,23174CP,2024/1/20 21:59,890432,15.1710827,0.0010095,97.4735,97.8226,7.2885,352.8493,0,999,1123,0.00076802,0.00015194,0,4167280,0 NINJASAT,1 58341U 23174CP  24020.91658438  .00015194  00000-0  76802-3 0  9996,2 58341  97.4735  97.8226 0010095   7.2885 352.8493 15.17108270 11230,2023-174CP,58341,6892.722,94.917,521.546,507.629,0
GENERATED VIA SPACETRACK.ORG API,18 SPCS,58341,NINJASAT,PAYLOAD,U,23174CP,2024/1/21 4:19,474112,15.17116731,0.0010062,97.4735,98.0828,6.3296,353.8063,0,999,1127,0.00076686,0.00015175,0,4167390,0 NINJASAT,1 58341U 23174CP  24021.18041058  .00015175  00000-0  76686-3 0  9999,2 58341  97.4735  98.0828 0010062   6.3296 353.8063 15.17116731 11270,2023-174CP,58341,6892.697,94.917,521.497,507.626,0
GENERATED VIA SPACETRACK.ORG API,18 SPCS,58341,NINJASAT,PAYLOAD,U,23174CP,2024/1/21 5:54,98432,15.17118443,0.0010058,97.4734,98.1479,6.0576,354.0777,0,999,1128,0.0007534,0.00014907,0,4167913,0 NINJASAT,1 58341U 23174CP  24021.24636688  .00014907  00000-0  75340-3 0  9993,2 58341  97.4734  98.1479 0010058   6.0576 354.0777 15.17118443 11283,2023-174CP,58341,6892.692,94.917,521.489,507.624,0
GENERATED VIA SPACETRACK.ORG API,18 SPCS,58341,NINJASAT,PAYLOAD,U,23174CP,2024/1/21 10:39,954976,15.17123732,0.0010046,97.4734,98.3431,5.2747,354.8591,0,999,1131,0.00075818,0.00015005,0,4167663,0 NINJASAT,1 58341U 23174CP  24021.44423559  .00015005  00000-0  75818-3 0  9996,2 58341  97.4734  98.3431 0010046   5.2747 354.8591 15.17123732 11314,2023-174CP,58341,6892.676,94.916,521.465,507.616,0
GENERATED VIA SPACETRACK.ORG API,18 SPCS,58341,NINJASAT,PAYLOAD,U,23174CP,2024/1/21 12:14,547328,15.1712685,0.0010043,97.4734,98.4081,5.0082,355.125,0,999,1132,0.00080211,0.00015881,0,4167708,0 NINJASAT,1 58341U 23174CP  24021.51019152  .00015881  00000-0  80211-3 0  9999,2 58341  97.4734  98.4081 0010043   5.0082 355.1250 15.17126850 11324,2023-174CP,58341,6892.666,94.916,521.453,507.609,0
GENERATED VIA SPACETRACK.ORG API,18 SPCS,58341,NINJASAT,PAYLOAD,U,23174CP,2024/1/21 18:34,869216,15.17134984,0.0010026,97.4735,98.6682,3.9491,356.182,0,999,1136,0.00079853,0.00015814,0,4167963,0 NINJASAT,1 58341U 23174CP  24021.77401469  .00015814  00000-0  79853-3 0  9999,2 58341  97.4735  98.6682 0010026   3.9491 356.1820 15.17134984 11361,2023-174CP,58341,6892.642,94.916,521.417,507.596,0
GENERATED VIA SPACETRACK.ORG API,18 SPCS,58341,NINJASAT,PAYLOAD,U,23174CP,2024/1/21 21:44,989120,15.17137717,0.0010008,97.4735,98.7983,3.4522,356.6779,0,999,1138,0.00075286,0.00014905,0,4168132,0 NINJASAT,1 58341U 23174CP  24021.90592580  .00014905  00000-0  75286-3 0  9995,2 58341  97.4735  98.7983 0010008   3.4522 356.6779 15.17137717 11383,2023-174CP,58341,6892.633,94.916,521.396,507.6,0
GENERATED VIA SPACETRACK.ORG API,18 SPCS,58341,NINJASAT,PAYLOAD,U,23174CP,2024/1/22 4:04,133888,15.17146102,0.0009982,97.4734,99.0585,2.5307,357.5975,0,999,1142,0.00075399,0.00014931,0,4168163,0 NINJASAT,1 58341U 23174CP  24022.16974692  .00014931  00000-0  75399-3 0  9996,2 58341  97.4734  99.0585 0009982   2.5307 357.5975 15.17146102 11425,2023-174CP,58341,6892.608,94.915,521.353,507.593,0
GENERATED VIA SPACETRACK.ORG API,18 SPCS,58341,NINJASAT,PAYLOAD,U,23174CP,2024/1/22 4:04,133888,15.17146102,0.0009982,97.4734,99.0585,2.5307,357.5975,0,999,1142,0.00075399,0.00014931,0,4168698,0 NINJASAT,1 58341U 23174CP  24022.16974692  .00014931  00000-0  75399-3 0  9996,2 58341  97.4734  99.0585 0009982   2.5307 357.5975 15.17146102 11425,2023-174CP,58341,6892.608,94.915,521.353,507.593,0
GENERATED VIA SPACETRACK.ORG API,18 SPCS,58341,NINJASAT,PAYLOAD,U,23174CP,2024/1/22 10:24,144736,15.17154413,0.0009976,97.4735,99.3188,1.5963,358.53,0,999,1146,0.00078024,0.00015457,0,4168493,0 NINJASAT,1 58341U 23174CP  24022.43356649  .00015457  00000-0  78024-3 0  9994,2 58341  97.4735  99.3188 0009976   1.5963 358.5300 15.17154413 11469,2023-174CP,58341,6892.583,94.915,521.324,507.572,0
GENERATED VIA SPACETRACK.ORG API,18 SPCS,58341,NINJASAT,PAYLOAD,U,23174CP,2024/1/22 18:19,523296,15.17164226,0.0009963,97.4735,99.644,0.4156,359.7084,0,999,1151,0.00076952,0.00015248,0,4168756,0 NINJASAT,1 58341U 23174CP  24022.76333939  .00015248  00000-0  76952-3 0  9993,2 58341  97.4735  99.6440 0009963   0.4156 359.7084 15.17164226 11512,2023-174CP,58341,6892.553,94.914,521.285,507.551,0
GENERATED VIA SPACETRACK.ORG API,18 SPCS,58341,NINJASAT,PAYLOAD,U,23174CP,2024/1/22 21:29,377088,15.17168957,0.0009953,97.4735,99.7741,359.9575,0.1656,0,999,1153,0.00077929,0.00015445,0,4168971,0 NINJASAT,1 58341U 23174CP  24022.89524742  .00015445  00000-0  77929-3 0  9995,2 58341  97.4735  99.7741 0009953 359.9575   0.1656 15.17168957 11532,2023-174CP,58341,6892.539,94.914,521.264,507.543,0
GENERATED VIA SPACETRACK.ORG API,18 SPCS,58341,NINJASAT,PAYLOAD,U,23174CP,2024/1/23 3:49,29376,15.17178722,0.0009927,97.4735,100.0343,359.0971,1.0242,0,999,1157,0.0008142,0.00016146,0,4169046,0 NINJASAT,1 58341U 23174CP  24023.15906284  .00016146  00000-0  81420-3 0  9990,2 58341  97.4735 100.0343 0009927 359.0971   1.0242 15.17178722 11574,2023-174CP,58341,6892.509,94.913,521.216,507.532,0
GENERATED VIA SPACETRACK.ORG API,18 SPCS,58341,NINJASAT,PAYLOAD,U,23174CP,2024/1/23 5:24,395360,15.17182981,0.0009929,97.4734,100.0994,358.8855,1.2354,0,999,1158,0.00088409,0.00017543,0,4169493,0 NINJASAT,1 58341U 23174CP  24023.22501615  .00017543  00000-0  88409-3 0  9993,2 58341  97.4734 100.0994 0009929 358.8855   1.2354 15.17182981 11584,2023-174CP,58341,6892.496,94.913,521.205,507.518,0
GENERATED VIA SPACETRACK.ORG API,18 SPCS,58341,NINJASAT,PAYLOAD,U,23174CP,2024/1/23 8:33,162752,15.17186386,0.0009919,97.4734,100.2295,358.4456,1.6745,0,999,1160,0.00085928,0.00017049,0,4169387,0 NINJASAT,1 58341U 23174CP  24023.35692318  .00017049  00000-0  85928-3 0  9992,2 58341  97.4734 100.2295 0009919 358.4456   1.6745 15.17186386 11606,2023-174CP,58341,6892.486,94.913,521.188,507.514,0
GENERATED VIA SPACETRACK.ORG API,18 SPCS,58341,NINJASAT,PAYLOAD,U,23174CP,2024/1/23 16:28,914912,15.17197558,0.0009895,97.4734,100.5547,357.2629,2.8549,0,999,1165,0.00085027,0.00016875,0,4169569,0 NINJASAT,1 58341U 23174CP  24023.68668883  .00016875  00000-0  85027-3 0  9994,2 58341  97.4734 100.5547 0009895 357.2629   2.8549 15.17197558 11654,2023-174CP,58341,6892.452,94.912,521.137,507.497,0
GENERATED VIA SPACETRACK.ORG API,18 SPCS,58341,NINJASAT,PAYLOAD,U,23174CP,2024/1/23 21:13,848704,15.17203663,0.0009882,97.4735,100.7498,356.6898,3.4268,0,999,1168,0.00081158,0.00016105,0,4169695,0 NINJASAT,1 58341U 23174CP  24023.88454686  .00016105  00000-0  81158-3 0  9997,2 58341  97.4735 100.7498 0009882 356.6898   3.4268 15.17203663 11682,2023-174CP,58341,6892.434,94.911,521.11,507.487,0
GENERATED VIA SPACETRACK.ORG API,18 SPCS,58341,NINJASAT,PAYLOAD,U,23174CP,2024/1/24 3:33,985184,15.17213401,0.0009834,97.4735,101.0099,355.9159,4.1992,0,999,1172,0.00082447,0.00016367,0,4169737,0 NINJASAT,1 58341U 23174CP  24024.14835631  .00016367  00000-0  82447-3 0  9992,2 58341  97.4735 101.0099 0009834 355.9159   4.1992 15.17213401 11720,2023-174CP,58341,6892.404,94.911,521.047,507.491,0
GENERATED VIA SPACETRACK.ORG API,18 SPCS,58341,NINJASAT,PAYLOAD,U,23174CP,2024/1/24 9:53,988608,15.17223449,0.0009827,97.4734,101.2701,355.1004,5.0132,0,999,1176,0.00088787,0.00017638,0,4170073,0 NINJASAT,1 58341U 23174CP  24024.41216422  .00017638  00000-0  88787-3 0  9998,2 58341  97.4734 101.2701 0009827 355.1004   5.0132 15.17223449 11767,2023-174CP,58341,6892.374,94.91,521.012,507.465,0
GENERATED VIA SPACETRACK.ORG API,18 SPCS,58341,NINJASAT,PAYLOAD,U,23174CP,2024/1/24 13:03,453600,15.17227017,0.0009806,97.4734,101.4002,354.7309,5.382,0,999,1178,0.00085529,0.00016989,0,4170326,0 NINJASAT,1 58341U 23174CP  24024.54406775  .00016989  00000-0  85529-3 0  9993,2 58341  97.4734 101.4002 0009806 354.7309   5.3820 15.17227017 11787,2023-174CP,58341,6892.363,94.91,520.986,507.469,0
GENERATED VIA SPACETRACK.ORG API,18 SPCS,58341,NINJASAT,PAYLOAD,U,23174CP,2024/1/24 19:23,287680,15.17235453,0.0009817,97.4734,101.6605,353.8664,6.2448,0,999,1182,0.00084185,0.00016724,0,4170345,0 NINJASAT,1 58341U 23174CP  24024.80787370  .00016724  00000-0  84185-3 0  9999,2 58341  97.4734 101.6605 0009817 353.8664   6.2448 15.17235453 11828,2023-174CP,58341,6892.337,94.909,520.968,507.436,0
GENERATED VIA SPACETRACK.ORG API,18 SPCS,58341,NINJASAT,PAYLOAD,U,23174CP,2024/1/24 20:58,472224,15.17235924,0.0009808,97.4734,101.7254,353.6931,6.4177,0,999,1183,0.00076905,0.00015269,0,4170567,0 NINJASAT,1 58341U 23174CP  24024.87382491  .00015269  00000-0  76905-3 0  9995,2 58341  97.4734 101.7254 0009808 353.6931   6.4177 15.17235924 11839,2023-174CP,58341,6892.336,94.909,520.961,507.441,0
GENERATED VIA SPACETRACK.ORG API,18 SPCS,58341,NINJASAT,PAYLOAD,U,23174CP,2024/1/25 3:18,154240,15.17244223,0.0009775,97.4733,101.9856,352.8665,7.2427,0,999,1187,0.00076525,0.00015197,0,4170655,0 NINJASAT,1 58341U 23174CP  24025.13762910  .00015197  00000-0  76525-3 0  9991,2 58341  97.4733 101.9856 0009775 352.8665   7.2427 15.17244223 11879,2023-174CP,58341,6892.311,94.909,520.913,507.438,0
GENERATED VIA SPACETRACK.ORG API,18 SPCS,58341,NINJASAT,PAYLOAD,U,23174CP,2024/1/25 11:13,866144,15.17252727,0.0009759,97.4732,102.3109,351.7067,8.4004,0,999,1192,0.00074505,0.00014797,0,4170874,0 NINJASAT,1 58341U 23174CP  24025.46738271  .00014797  00000-0  74505-3 0  9991,2 58341  97.4732 102.3109 0009759 351.7067   8.4004 15.17252727 11928,2023-174CP,58341,6892.285,94.908,520.876,507.424,0
GENERATED VIA SPACETRACK.ORG API,18 SPCS,58341,NINJASAT,PAYLOAD,U,23174CP,2024/1/25 12:47,995392,15.1725455,0.0009746,97.4731,102.3759,351.4895,8.6172,0,999,1193,0.00074852,0.00014867,0,4171093,0 NINJASAT,1 58341U 23174CP  24025.53333328  .00014867  00000-0  74852-3 0  9996,2 58341  97.4731 102.3759 0009746 351.4895   8.6172 15.17254550 11935,2023-174CP,58341,6892.279,94.908,520.862,507.427,0
GENERATED VIA SPACETRACK.ORG API,18 SPCS,58341,NINJASAT,PAYLOAD,U,23174CP,2024/1/25 19:07,424256,15.17263242,0.0009715,97.473,102.636,350.6123,9.4928,0,999,1197,0.00080652,0.0001603,0,4171200,0 NINJASAT,1 58341U 23174CP  24025.79713454  .00016030  00000-0  80652-3 0  9995,2 58341  97.4730 102.6360 0009715 350.6123   9.4928 15.17263242 11976,2023-174CP,58341,6892.253,94.908,520.814,507.422,0
GENERATED VIA SPACETRACK.ORG API,18 SPCS,58341,NINJASAT,PAYLOAD,U,23174CP,2024/1/25 20:42,497344,15.17265052,0.000971,97.473,102.7011,350.3126,9.7918,0,999,1198,0.00079973,0.00015895,0,4171361,0 NINJASAT,1 58341U 23174CP  24025.86308446  .00015895  00000-0  79973-3 0  9996,2 58341  97.4730 102.7011 0009710 350.3126   9.7918 15.17265052 11989,2023-174CP,58341,6892.248,94.908,520.805,507.42,0
GENERATED VIA SPACETRACK.ORG API,18 SPCS,58341,NINJASAT,PAYLOAD,U,23174CP,2024/1/26 3:02,753408,15.17274893,0.0009685,97.4728,102.9612,349.2852,10.8174,0,999,1202,0.00089036,0.00017714,0,4171387,0 NINJASAT,1 58341U 23174CP  24026.12688372  .00017714  00000-0  89036-3 0  9998,2 58341  97.4728 102.9612 0009685 349.2852  10.8174 15.17274893 12025,2023-174CP,58341,6892.218,94.907,520.758,507.408,0
GENERATED VIA SPACETRACK.ORG API,18 SPCS,58341,NINJASAT,PAYLOAD,U,23174CP,2024/1/26 10:57,897664,15.17283767,0.0009669,97.4726,103.2865,348.0121,12.0881,0,999,1207,0.00087009,0.00017312,0,4171666,0 NINJASAT,1 58341U 23174CP  24026.45663076  .00017312  00000-0  87009-3 0  9990,2 58341  97.4726 103.2865 0009669 348.0121  12.0881 15.17283767 12079,2023-174CP,58341,6892.191,94.906,520.72,507.392,0
GENERATED VIA SPACETRACK.ORG API,18 SPCS,58341,NINJASAT,PAYLOAD,U,23174CP,2024/1/26 12:32,935328,15.17281236,0.0009664,97.4726,103.3515,347.6703,12.4292,0,999,1208,0.00069365,0.0001378,0,4171858,0 NINJASAT,1 58341U 23174CP  24026.52258027  .00013780  00000-0  69365-3 0  9994,2 58341  97.4726 103.3515 0009664 347.6703  12.4292 15.17281236 12088,2023-174CP,58341,6892.199,94.907,520.724,507.403,0
GENERATED VIA SPACETRACK.ORG API,18 SPCS,58341,NINJASAT,PAYLOAD,U,23174CP,2024/1/26 18:52,933920,15.17289688,0.000966,97.4724,103.6117,346.6286,13.469,0,999,1212,0.00073317,0.00014574,0,4172001,0 NINJASAT,1 58341U 23174CP  24026.78637655  .00014574  00000-0  73317-3 0  9994,2 58341  97.4724 103.6117 0009660 346.6286  13.4690 15.17289688 12125,2023-174CP,58341,6892.173,94.906,520.696,507.38,0
GENERATED VIA SPACETRACK.ORG API,18 SPCS,58341,NINJASAT,PAYLOAD,U,23174CP,2024/1/27 4:22,684704,15.17301377,0.00096,97.4722,104.002,345.118,14.9769,0,999,1218,0.00072603,0.00014436,0,4172177,0 NINJASAT,1 58341U 23174CP  24027.18206811  .00014436  00000-0  72603-3 0  9999,2 58341  97.4722 104.0020 0009600 345.1180  14.9769 15.17301377 12181,2023-174CP,58341,6892.138,94.905,520.619,507.386,0
GENERATED VIA SPACETRACK.ORG API,18 SPCS,58341,NINJASAT,PAYLOAD,U,23174CP,2024/1/27 10:42,399904,15.17308824,0.0009614,97.4722,104.2621,344.0247,16.0682,0,999,1222,0.00075932,0.00015106,0,4172465,0 NINJASAT,1 58341U 23174CP  24027.44586111  .00015106  00000-0  75932-3 0  9995,2 58341  97.4722 104.2621 0009614 344.0247  16.0682 15.17308824 12223,2023-174CP,58341,6892.115,94.905,520.606,507.354,0
GENERATED VIA SPACETRACK.ORG API,18 SPCS,58341,NINJASAT,PAYLOAD,U,23174CP,2024/1/27 12:17,319200,15.17309615,0.0009601,97.4721,104.3271,343.7586,16.3338,0,999,1223,0.00071943,0.00014307,0,4172745,0 NINJASAT,1 58341U 23174CP  24027.51180925  .00014307  00000-0  71943-3 0  9996,2 58341  97.4721 104.3271 0009601 343.7586  16.3338 15.17309615 12233,2023-174CP,58341,6892.113,94.905,520.595,507.361,0
GENERATED VIA SPACETRACK.ORG API,18 SPCS,58341,NINJASAT,PAYLOAD,U,23174CP,2024/1/27 18:36,927264,15.1731683,0.0009598,97.472,104.5873,342.713,17.3775,0,999,1227,0.00072534,0.00014429,0,4172833,0 NINJASAT,1 58341U 23174CP  24027.77560101  .00014429  00000-0  72534-3 0  9994,2 58341  97.4720 104.5873 0009598 342.7130  17.3775 15.17316830 12278,2023-174CP,58341,6892.091,94.904,520.571,507.341,0
GENERATED VIA SPACETRACK.ORG API,18 SPCS,58341,NINJASAT,PAYLOAD,U,23174CP,2024/1/27 20:11,786080,15.17319733,0.0009593,97.472,104.6523,342.4606,17.6295,0,999,1228,0.00076293,0.00015183,0,4172992,0 NINJASAT,1 58341U 23174CP  24027.84154845  .00015183  00000-0  76293-3 0  9990,2 58341  97.4720 104.6523 0009593 342.4606  17.6295 15.17319733 12287,2023-174CP,58341,6892.082,94.904,520.559,507.335,0
GENERATED VIA SPACETRACK.ORG API,18 SPCS,58341,NINJASAT,PAYLOAD,U,23174CP,2024/1/28 4:06,68064,15.1732959,0.0009545,97.4717,104.9774,341.2926,18.7955,0,999,1233,0.0007731,0.00015391,0,4173028,0 NINJASAT,1 58341U 23174CP  24028.17128551  .00015391  00000-0  77310-3 0  9994,2 58341  97.4717 104.9774 0009545 341.2926  18.7955 15.17329590 12336,2023-174CP,58341,6892.052,94.904,520.496,507.339,0
GENERATED VIA SPACETRACK.ORG API,18 SPCS,58341,NINJASAT,PAYLOAD,U,23174CP,2024/1/28 10:26,397056,15.17334194,0.0009537,97.4717,105.2376,340.3,19.7864,0,999,1237,0.00069146,0.00013757,0,4173378,0 NINJASAT,1 58341U 23174CP  24028.43507404  .00013757  00000-0  69146-3 0  9993,2 58341  97.4717 105.2376 0009537 340.3000  19.7864 15.17334194 12372,2023-174CP,58341,6892.038,94.903,520.476,507.33,0
GENERATED VIA SPACETRACK.ORG API,18 SPCS,58341,NINJASAT,PAYLOAD,U,23174CP,2024/1/28 13:36,8416,15.1733935,0.000953,97.4716,105.3676,339.7934,20.2921,0,999,1239,0.00075133,0.00014959,0,4173554,0 NINJASAT,1 58341U 23174CP  24028.56696769  .00014959  00000-0  75133-3 0  9998,2 58341  97.4716 105.3676 0009530 339.7934  20.2921 15.17339350 12398,2023-174CP,58341,6892.023,94.903,520.456,507.32,0
GENERATED VIA SPACETRACK.ORG API,18 SPCS,58341,NINJASAT,PAYLOAD,U,23174CP,2024/1/28 18:21,390464,15.17344751,0.0009522,97.4716,105.5628,339.0782,21.006,0,999,1242,0.00074513,0.00014837,0,4173580,0 NINJASAT,1 58341U 23174CP  24028.76480776  .00014837  00000-0  74513-3 0  9995,2 58341  97.4716 105.5628 0009522 339.0782  21.0060 15.17344751 12420,2023-174CP,58341,6892.006,94.903,520.434,507.309,0
GENERATED VIA SPACETRACK.ORG API,18 SPCS,58341,NINJASAT,PAYLOAD,U,23174CP,2024/1/28 21:31,926656,15.17349044,0.0009501,97.4715,105.6929,338.5838,21.4997,0,999,1244,0.00077236,0.00015384,0,4173840,0 NINJASAT,1 58341U 23174CP  24028.89670054  .00015384  00000-0  77236-3 0  9992,2 58341  97.4715 105.6929 0009501 338.5838  21.4997 15.17349044 12442,2023-174CP,58341,6891.993,94.902,520.406,507.31,0
GENERATED VIA SPACETRACK.ORG API,18 SPCS,58341,NINJASAT,PAYLOAD,U,23174CP,2024/1/29 10:10,754336,15.17366831,0.0009467,97.4714,106.2131,336.7995,23.281,0,999,1252,0.00084833,0.00016916,0,4174122,0 NINJASAT,1 58341U 23174CP  24029.42426799  .00016916  00000-0  84833-3 0  9990,2 58341  97.4714 106.2131 0009467 336.7995  23.2810 15.17366831 12524,2023-174CP,58341,6891.939,94.901,520.329,507.28,0
GENERATED VIA SPACETRACK.ORG API,18 SPCS,58341,NINJASAT,PAYLOAD,U,23174CP,2024/1/29 18:05,187008,15.17374568,0.0009433,97.4714,106.5385,335.6435,24.4351,0,999,1257,0.00073804,0.00014707,0,4174432,0 NINJASAT,1 58341U 23174CP  24029.75399522  .00014707  00000-0  73804-3 0  9991,2 58341  97.4714 106.5385 0009433 335.6435  24.4351 15.17374568 12572,2023-174CP,58341,6891.916,94.901,520.282,507.28,0
GENERATED VIA SPACETRACK.ORG API,18 SPCS,58341,NINJASAT,PAYLOAD,U,23174CP,2024/1/29 21:15,480416,15.17379295,0.0009423,97.4715,106.6685,335.1753,24.9026,0,999,1259,0.0007607,0.00015163,0,4174567,0 NINJASAT,1 58341U 23174CP  24029.88588519  .00015163  00000-0  76070-3 0  9996,2 58341  97.4715 106.6685 0009423 335.1753  24.9026 15.17379295 12592,2023-174CP,58341,6891.902,94.9,520.261,507.272,0
GENERATED VIA SPACETRACK.ORG API,18 SPCS,58341,NINJASAT,PAYLOAD,U,23174CP,2024/1/30 3:35,15392,15.17387647,0.0009404,97.4713,106.9286,334.3226,25.754,0,999,1263,0.00076062,0.00015165,0,4174588,0 NINJASAT,1 58341U 23174CP  24030.14966453  .00015165  00000-0  76062-3 0  9997,2 58341  97.4713 106.9286 0009404 334.3226  25.7540 15.17387647 12630,2023-174CP,58341,6891.876,94.9,520.222,507.26,0
GENERATED VIA SPACETRACK.ORG API,18 SPCS,58341,NINJASAT,PAYLOAD,U,23174CP,2024/1/30 9:55,428544,15.17395053,0.0009392,97.4713,107.1889,333.4292,26.6459,0,999,1267,0.00075609,0.00015078,0,4174953,0 NINJASAT,1 58341U 23174CP  24030.41344246  .00015078  00000-0  75609-3 0  9996,2 58341  97.4713 107.1889 0009392 333.4292  26.6459 15.17395053 12674,2023-174CP,58341,6891.854,94.899,520.192,507.246,0
GENERATED VIA SPACETRACK.ORG API,18 SPCS,58341,NINJASAT,PAYLOAD,U,23174CP,2024/1/30 11:30,22976,15.17396429,0.0009395,97.4713,107.2539,333.1696,26.905,0,999,1268,0.00073844,0.00014724,0,4175201,0 NINJASAT,1 58341U 23174CP  24030.47938684  .00014724  00000-0  73844-3 0  9993,2 58341  97.4713 107.2539 0009395 333.1696  26.9050 15.17396429 12684,2023-174CP,58341,6891.85,94.899,520.19,507.24,0
GENERATED VIA SPACETRACK.ORG API,18 SPCS,58341,NINJASAT,PAYLOAD,U,23174CP,2024/1/30 17:50,313440,15.17404075,0.000938,97.4713,107.5141,332.311,27.7623,0,999,1272,0.00072304,0.00014418,0,4175287,0 NINJASAT,1 58341U 23174CP  24030.74316335  .00014418  00000-0  72304-3 0  9996,2 58341  97.4713 107.5141 0009380 332.3110  27.7623 15.17404075 12729,2023-174CP,58341,6891.827,94.899,520.156,507.227,0
GENERATED VIA SPACETRACK.ORG API,18 SPCS,58341,NINJASAT,PAYLOAD,U,23174CP,2024/1/30 21:00,411584,15.17406149,0.0009369,97.4713,107.6441,331.8287,28.2438,0,999,1274,0.00065287,0.0001301,0,4175464,0 NINJASAT,1 58341U 23174CP  24030.87505106  .00013010  00000-0  65287-3 0  9995,2 58341  97.4713 107.6441 0009369 331.8287  28.2438 15.17406149 12745,2023-174CP,58341,6891.82,94.899,520.142,507.228,0
GENERATED VIA SPACETRACK.ORG API,18 SPCS,58341,NINJASAT,PAYLOAD,U,23174CP,2024/1/31 3:19,530112,15.17414262,0.0009312,97.4712,107.9043,330.9631,29.1084,0,999,1278,0.00067175,0.00013392,0,4175514,0 NINJASAT,1 58341U 23174CP  24031.13882558  .00013392  00000-0  67175-3 0  9995,2 58341  97.4712 107.9043 0009312 330.9631  29.1084 15.17414262 12782,2023-174CP,58341,6891.796,94.898,520.078,507.243,0
GENERATED VIA SPACETRACK.ORG API,18 SPCS,58341,NINJASAT,PAYLOAD,U,23174CP,2024/1/31 11:14,54720,15.17421639,0.0009294,97.4711,108.2295,329.7946,30.275,0,999,1283,0.0006398,0.00012754,0,4175823,0 NINJASAT,1 58341U 23174CP  24031.46854230  .00012754  00000-0  63980-3 0  9998,2 58341  97.4711 108.2295 0009294 329.7946  30.2750 15.17421639 12833,2023-174CP,58341,6891.773,94.898,520.044,507.233,0
GENERATED VIA SPACETRACK.ORG API,18 SPCS,58341,NINJASAT,PAYLOAD,U,23174CP,2024/1/31 12:49,547200,15.17422708,0.0009291,97.4711,108.2945,329.5548,30.5145,0,999,1284,0.00061392,0.00012234,0,4176118,0 NINJASAT,1 58341U 23174CP  24031.53448550  .00012234  00000-0  61392-3 0  9998,2 58341  97.4711 108.2945 0009291 329.5548  30.5145 15.17422708 12848,2023-174CP,58341,6891.77,94.898,520.038,507.232,0
GENERATED VIA SPACETRACK.ORG API,18 SPCS,58341,NINJASAT,PAYLOAD,U,23174CP,2024/1/31 19:09,433312,15.17429658,0.0009267,97.471,108.5547,328.7016,31.3665,0,999,1288,0.00061067,0.00012172,0,4176074,0 NINJASAT,1 58341U 23174CP  24031.79825733  .00012172  00000-0  61067-3 0  9998,2 58341  97.4710 108.5547 0009267 328.7016  31.3665 15.17429658 12883,2023-174CP,58341,6891.749,94.897,520.001,507.228,0
GENERATED VIA SPACETRACK.ORG API,18 SPCS,58341,NINJASAT,PAYLOAD,U,23174CP,2024/1/31 20:44,887776,15.1743064,0.0009259,97.471,108.6197,328.4576,31.6101,0,999,1289,0.00058334,0.00011623,0,4176251,0 NINJASAT,1 58341U 23174CP  24031.86420009  .00011623  00000-0  58334-3 0  9996,2 58341  97.4710 108.6197 0009259 328.4576  31.6101 15.17430640 12896,2023-174CP,58341,6891.746,94.897,519.992,507.23,0
GENERATED VIA SPACETRACK.ORG API,18 SPCS,58341,NINJASAT,PAYLOAD,U,23174CP,2024/2/1 3:04,675392,15.17436412,0.0009221,97.4709,108.8799,327.426,32.6404,0,999,1293,0.00056158,0.00011188,0,4176318,0 NINJASAT,1 58341U 23174CP  24032.12797078  .00011188  00000-0  56158-3 0  9997,2 58341  97.4709 108.8799 0009221 327.4260  32.6404 15.17436412 12937,2023-174CP,58341,6891.729,94.897,519.949,507.239,0
GENERATED VIA SPACETRACK.ORG API,18 SPCS,58341,NINJASAT,PAYLOAD,U,23174CP,2024/2/1 10:59,787008,15.17442059,0.0009217,97.4708,109.2052,326.1034,33.961,0,999,1298,0.00051151,0.00010185,0,4176659,0 NINJASAT,1 58341U 23174CP  24032.45768272  .00010185  00000-0  51151-3 0  9991,2 58341  97.4708 109.2052 0009217 326.1034  33.9610 15.17442059 12985,2023-174CP,58341,6891.712,94.897,519.929,507.225,0
GENERATED VIA SPACETRACK.ORG API,18 SPCS,58341,NINJASAT,PAYLOAD,U,23174CP,2024/2/1 12:34,193088,15.17444364,0.0009218,97.4708,109.2703,325.8304,34.2335,0,999,1299,0.00054895,0.00010937,0,4176807,0 NINJASAT,1 58341U 23174CP  24032.52362492  .00010937  00000-0  54895-3 0  9996,2 58341  97.4708 109.2703 0009218 325.8304  34.2335 15.17444364 12995,2023-174CP,58341,6891.705,94.896,519.922,507.217,0
GENERATED VIA SPACETRACK.ORG API,18 SPCS,58341,NINJASAT,PAYLOAD,U,23174CP,2024/2/1 18:53,755200,15.17450829,0.0009221,97.4708,109.5304,324.7624,35.2999,0,999,1303,0.00056274,0.00011216,0,4176894,0 NINJASAT,1 58341U 23174CP  24032.78739300  .00011216  00000-0  56274-3 0  9994,2 58341  97.4708 109.5304 0009221 324.7624  35.2999 15.17450829 13038,2023-174CP,58341,6891.685,94.896,519.905,507.195,0
GENERATED VIA SPACETRACK.ORG API,18 SPCS,58341,NINJASAT,PAYLOAD,U,23174CP,2024/2/1 22:03,512928,15.17453196,0.0009213,97.4707,109.6605,324.1853,35.8761,0,999,1305,0.00055199,0.00011001,0,4177080,0 NINJASAT,1 58341U 23174CP  24032.91927677  .00011001  00000-0  55199-3 0  9992,2 58341  97.4707 109.6605 0009213 324.1853  35.8761 15.17453196 13056,2023-174CP,58341,6891.678,94.896,519.892,507.194,0
GENERATED VIA SPACETRACK.ORG API,18 SPCS,58341,NINJASAT,PAYLOAD,U,23174CP,2024/2/2 4:23,935936,15.17460221,0.0009184,97.4707,109.9208,323.0903,36.9698,0,999,1309,0.00057818,0.00011529,0,4177128,0 NINJASAT,1 58341U 23174CP  24033.18304324  .00011529  00000-0  57818-3 0  9995,2 58341  97.4707 109.9208 0009184 323.0903  36.9698 15.17460221 13091,2023-174CP,58341,6891.657,94.895,519.851,507.192,0
GENERATED VIA SPACETRACK.ORG API,18 SPCS,58341,NINJASAT,PAYLOAD,U,23174CP,2024/2/2 10:43,285504,15.17464525,0.0009182,97.4706,110.181,321.9347,38.1237,0,999,1313,0.00053718,0.00010707,0,4177399,0 NINJASAT,1 58341U 23174CP  24033.44680886  .00010707  00000-0  53718-3 0  9996,2 58341  97.4706 110.1810 0009182 321.9347  38.1237 15.17464525 13139,2023-174CP,58341,6891.644,94.895,519.837,507.181,0
GENERATED VIA SPACETRACK.ORG API,18 SPCS,58341,NINJASAT,PAYLOAD,U,23174CP,2024/2/2 13:53,920544,15.17468369,0.0009186,97.4706,110.3111,321.3259,38.7316,0,999,1315,0.00057085,0.00011385,0,4177630,0 NINJASAT,1 58341U 23174CP  24033.57869121  .00011385  00000-0  57085-3 0  9995,2 58341  97.4706 110.3111 0009186 321.3259  38.7316 15.17468369 13151,2023-174CP,58341,6891.632,94.895,519.828,507.166,0
GENERATED VIA SPACETRACK.ORG API,18 SPCS,58341,NINJASAT,PAYLOAD,U,23174CP,2024/2/2 18:38,856256,15.17472184,0.0009182,97.4706,110.5063,320.5176,39.5388,0,999,1318,0.00054967,0.0001096,0,4177712,0 NINJASAT,1 58341U 23174CP  24033.77651454  .00010960  00000-0  54967-3 0  9999,2 58341  97.4706 110.5063 0009182 320.5176  39.5388 15.17472184 13185,2023-174CP,58341,6891.62,94.895,519.813,507.158,0
GENERATED VIA SPACETRACK.ORG API,18 SPCS,58341,NINJASAT,PAYLOAD,U,23174CP,2024/2/2 21:48,443776,15.17474929,0.0009179,97.4706,110.6364,319.9926,40.063,0,999,1320,0.00054991,0.00010966,0,4177944,0 NINJASAT,1 58341U 23174CP  24033.90839634  .00010966  00000-0  54991-3 0  9995,2 58341  97.4706 110.6364 0009179 319.9926  40.0630 15.17474929 13200,2023-174CP,58341,6891.612,94.894,519.803,507.151,0
GENERATED VIA SPACETRACK.ORG API,18 SPCS,58341,NINJASAT,PAYLOAD,U,23174CP,2024/2/3 4:07,560064,15.17481077,0.0009151,97.4706,110.8966,318.9282,41.1262,0,999,1324,0.00055374,0.00011045,0,4178072,0 NINJASAT,1 58341U 23174CP  24034.17215926  .00011045  00000-0  55374-3 0  9992,2 58341  97.4706 110.8966 0009151 318.9282  41.1262 15.17481077 13243,2023-174CP,58341,6891.593,94.894,519.765,507.152,0
GENERATED VIA SPACETRACK.ORG API,18 SPCS,58341,NINJASAT,PAYLOAD,U,23174CP,2024/2/3 12:02,838784,15.17487678,0.0009151,97.4706,111.2219,317.5416,42.5109,0,999,1329,0.00055888,0.0001115,0,4178307,0 NINJASAT,1 58341U 23174CP  24034.50186156  .00011150  00000-0  55888-3 0  9998,2 58341  97.4706 111.2219 0009151 317.5416  42.5109 15.17487678 13296,2023-174CP,58341,6891.574,94.894,519.745,507.132,0
GENERATED VIA SPACETRACK.ORG API,18 SPCS,58341,NINJASAT,PAYLOAD,U,23174CP,2024/2/3 12:02,838784,15.17487678,0.0009151,97.4706,111.2219,317.5416,42.5109,0,999,1329,0.00055888,0.0001115,0,4178485,0 NINJASAT,1 58341U 23174CP  24034.50186156  .00011150  00000-0  55888-3 0  9998,2 58341  97.4706 111.2219 0009151 317.5416  42.5109 15.17487678 13296,2023-174CP,58341,6891.574,94.894,519.745,507.132,0
GENERATED VIA SPACETRACK.ORG API,18 SPCS,58341,NINJASAT,PAYLOAD,U,23174CP,2024/2/3 18:22,743392,15.17495529,0.0009147,97.4707,111.4821,316.5311,43.52,0,999,1333,0.00062249,0.00012432,0,4178567,0 NINJASAT,1 58341U 23174CP  24034.76562203  .00012432  00000-0  62249-3 0  9990,2 58341  97.4707 111.4821 0009147 316.5311  43.5200 15.17495529 13338,2023-174CP,58341,6891.55,94.893,519.718,507.111,0
GENERATED VIA SPACETRACK.ORG API,18 SPCS,58341,NINJASAT,PAYLOAD,U,23174CP,2024/2/3 21:32,146016,15.17499267,0.0009146,97.4707,111.6122,316.0165,44.034,0,999,1335,0.00064731,0.00012933,0,4178824,0 NINJASAT,1 58341U 23174CP  24034.89750169  .00012933  00000-0  64731-3 0  9998,2 58341  97.4707 111.6122 0009146 316.0165  44.0340 15.17499267 13351,2023-174CP,58341,6891.538,94.893,519.706,507.1,0
GENERATED VIA SPACETRACK.ORG API,18 SPCS,58341,NINJASAT,PAYLOAD,U,23174CP,2024/2/4 3:52,876096,15.17507425,0.0009106,97.4707,111.8724,315.0188,45.0307,0,999,1339,0.00068794,0.00013753,0,4178900,0 NINJASAT,1 58341U 23174CP  24035.16126014  .00013753  00000-0  68794-3 0  9999,2 58341  97.4707 111.8724 0009106 315.0188  45.0307 15.17507425 13395,2023-174CP,58341,6891.514,94.892,519.654,507.103,0
GENERATED VIA SPACETRACK.ORG API,18 SPCS,58341,NINJASAT,PAYLOAD,U,23174CP,2024/2/4 10:12,506816,15.17514768,0.0009095,97.4708,112.1326,314.0862,45.9622,0,999,1343,0.00072275,0.00014457,0,4179162,0 NINJASAT,1 58341U 23174CP  24035.42501744  .00014457  00000-0  72275-3 0  9996,2 58341  97.4708 112.1326 0009095 314.0862  45.9622 15.17514768 13435,2023-174CP,58341,6891.491,94.892,519.624,507.089,0
GENERATED VIA SPACETRACK.ORG API,18 SPCS,58341,NINJASAT,PAYLOAD,U,23174CP,2024/2/4 10:12,506816,15.17514768,0.0009095,97.4708,112.1326,314.0862,45.9622,0,999,1343,0.00072275,0.00014457,0,4179372,0 NINJASAT,1 58341U 23174CP  24035.42501744  .00014457  00000-0  72275-3 0  9996,2 58341  97.4708 112.1326 0009095 314.0862  45.9622 15.17514768 13435,2023-174CP,58341,6891.491,94.892,519.624,507.089,0
GENERATED VIA SPACETRACK.ORG API,18 SPCS,58341,NINJASAT,PAYLOAD,U,23174CP,2024/2/4 18:06,137536,15.17524849,0.0009071,97.4709,112.4578,312.8701,47.177,0,999,1348,0.00074619,0.00014933,0,4179425,0 NINJASAT,1 58341U 23174CP  24035.75471224  .00014933  00000-0  74619-3 0  9994,2 58341  97.4709 112.4578 0009071 312.8701  47.1770 15.17524849 13484,2023-174CP,58341,6891.461,94.891,519.577,507.075,0
GENERATED VIA SPACETRACK.ORG API,18 SPCS,58341,NINJASAT,PAYLOAD,U,23174CP,2024/2/4 19:41,223072,15.17526816,0.0009067,97.4709,112.5229,312.6267,47.4201,0,999,1349,0.00073865,0.00014782,0,4179604,0 NINJASAT,1 58341U 23174CP  24035.82065073  .00014782  00000-0  73865-3 0  9997,2 58341  97.4709 112.5229 0009067 312.6267  47.4201 15.17526816 13497,2023-174CP,58341,6891.455,94.891,519.568,507.072,0
GENERATED VIA SPACETRACK.ORG API,18 SPCS,58341,NINJASAT,PAYLOAD,U,23174CP,2024/2/4 21:16,318112,15.17528886,0.0009055,97.4709,112.5879,312.4303,47.6164,0,999,1350,0.00074938,0.00014999,0,4179687,0 NINJASAT,1 58341U 23174CP  24035.88658933  .00014999  00000-0  74938-3 0  9998,2 58341  97.4709 112.5879 0009055 312.4303  47.6164 15.17528886 13505,2023-174CP,58341,6891.449,94.891,519.554,507.074,0
GENERATED VIA SPACETRACK.ORG API,18 SPCS,58341,NINJASAT,PAYLOAD,U,23174CP,2024/2/5 3:36,605824,15.17537937,0.0009026,97.471,112.8482,311.5073,48.5385,0,999,1354,0.00078304,0.00015681,0,4179739,0 NINJASAT,1 58341U 23174CP  24036.15034266  .00015681  00000-0  78304-3 0  9996,2 58341  97.4710 112.8482 0009026 311.5073  48.5385 15.17537937 13548,2023-174CP,58341,6891.421,94.891,519.507,507.066,0
GENERATED VIA SPACETRACK.ORG API,18 SPCS,58341,NINJASAT,PAYLOAD,U,23174CP,2024/2/5 11:31,804544,15.17547246,0.0009007,97.4711,113.1736,310.3694,49.6753,0,999,1359,0.00077596,0.00015543,0,4180123,0 NINJASAT,1 58341U 23174CP  24036.48003246  .00015543  00000-0  77596-3 0  9995,2 58341  97.4711 113.1736 0009007 310.3694  49.6753 15.17547246 13590,2023-174CP,58341,6891.393,94.89,519.465,507.051,0
GENERATED VIA SPACETRACK.ORG API,18 SPCS,58341,NINJASAT,PAYLOAD,U,23174CP,2024/2/5 13:06,809728,15.1755033,0.0009026,97.4711,113.2388,310.1732,49.8711,0,999,1360,0.00080969,0.00016224,0,4180290,0 NINJASAT,1 58341U 23174CP  24036.54597002  .00016224  00000-0  80969-3 0  9995,2 58341  97.4711 113.2388 0009026 310.1732  49.8711 15.17550330 13602,2023-174CP,58341,6891.384,94.89,519.469,507.029,0
GENERATED VIA SPACETRACK.ORG API,18 SPCS,58341,NINJASAT,PAYLOAD,U,23174CP,2024/2/5 17:51,812320,15.17556551,0.0009016,97.4711,113.4339,309.5875,50.4561,0,999,1363,0.00079593,0.0001595,0,4180347,0 NINJASAT,1 58341U 23174CP  24036.74378255  .00015950  00000-0  79593-3 0  9990,2 58341  97.4711 113.4339 0009016 309.5875  50.4561 15.17556551 13634,2023-174CP,58341,6891.365,94.889,519.443,507.017,0
GENERATED VIA SPACETRACK.ORG API,18 SPCS,58341,NINJASAT,PAYLOAD,U,23174CP,2024/2/5 21:00,761344,15.1756055,0.0009012,97.4712,113.5639,309.1042,50.9389,0,999,1365,0.00078883,0.00015808,0,4180535,0 NINJASAT,1 58341U 23174CP  24036.87565696  .00015808  00000-0  78883-3 0  9994,2 58341  97.4712 113.5639 0009012 309.1042  50.9389 15.17560550 13656,2023-174CP,58341,6891.353,94.889,519.428,507.007,0
GENERATED VIA SPACETRACK.ORG API,18 SPCS,58341,NINJASAT,PAYLOAD,U,23174CP,2024/2/6 3:20,570400,15.17569779,0.0008956,97.4712,113.8241,308.077,51.9655,0,999,1369,0.00080812,0.00016201,0,4180564,0 NINJASAT,1 58341U 23174CP  24037.13940475  .00016201  00000-0  80812-3 0  9999,2 58341  97.4712 113.8241 0008956 308.0770  51.9655 15.17569779 13693,2023-174CP,58341,6891.325,94.889,519.362,507.018,0
GENERATED VIA SPACETRACK.ORG API,18 SPCS,58341,NINJASAT,PAYLOAD,U,23174CP,2024/2/6 9:40,217024,15.17580391,0.0008941,97.4711,114.0843,307.1322,52.9094,0,999,1373,0.00089313,0.00017922,0,4180911,0 NINJASAT,1 58341U 23174CP  24037.40315066  .00017922  00000-0  89313-3 0  9997,2 58341  97.4711 114.0843 0008941 307.1322  52.9094 15.17580391 13736,2023-174CP,58341,6891.293,94.888,519.319,506.996,0
GENERATED VIA SPACETRACK.ORG API,18 SPCS,58341,NINJASAT,PAYLOAD,U,23174CP,2024/2/6 12:50,20896,15.1758326,0.0008933,97.4712,114.2145,306.5977,53.4434,0,999,1375,0.00083915,0.00016834,0,4181108,0 NINJASAT,1 58341U 23174CP  24037.53502339  .00016834  00000-0  83915-3 0  9995,2 58341  97.4712 114.2145 0008933 306.5977  53.4434 15.17583260 13758,2023-174CP,58341,6891.284,94.888,519.305,506.993,0
GENERATED VIA SPACETRACK.ORG API,18 SPCS,58341,NINJASAT,PAYLOAD,U,23174CP,2024/2/6 17:35,647648,15.17589302,0.0008917,97.4712,114.4097,305.861,54.1795,0,999,1378,0.00080263,0.000161,0,4181208,0 NINJASAT,1 58341U 23174CP  24037.73283157  .00016100  00000-0  80263-3 0  9990,2 58341  97.4712 114.4097 0008917 305.8610  54.1795 15.17589302 13788,2023-174CP,58341,6891.266,94.887,519.276,506.986,0
GENERATED VIA SPACETRACK.ORG API,18 SPCS,58341,NINJASAT,PAYLOAD,U,23174CP,2024/2/6 20:45,341792,15.17594442,0.0008907,97.4712,114.5398,305.3432,54.6969,0,999,1380,0.00083266,0.00016708,0,4181430,0 NINJASAT,1 58341U 23174CP  24037.86470303  .00016708  00000-0  83266-3 0  9995,2 58341  97.4712 114.5398 0008907 305.3432  54.6969 15.17594442 13801,2023-174CP,58341,6891.25,94.887,519.253,506.977,0
GENERATED VIA SPACETRACK.ORG API,18 SPCS,58341,NINJASAT,PAYLOAD,U,23174CP,2024/2/7 4:39,454464,15.17605425,0.0008882,97.4711,114.865,304.0303,56.0086,0,999,1385,0.00081322,0.00016321,0,4181504,0 NINJASAT,1 58341U 23174CP  24038.19438026  .00016321  00000-0  81322-3 0  9990,2 58341  97.4711 114.8650 0008882 304.0303  56.0086 15.17605425 13854,2023-174CP,58341,6891.217,94.886,519.203,506.961,0
GENERATED VIA SPACETRACK.ORG API,18 SPCS,58341,NINJASAT,PAYLOAD,U,23174CP,2024/2/7 10:59,618976,15.17611293,0.0008895,97.471,115.1252,302.9,57.1377,0,999,1389,0.00073267,0.00014697,0,4181838,0 NINJASAT,1 58341U 23174CP  24038.45812059  .00014697  00000-0  73267-3 0  9994,2 58341  97.4710 115.1252 0008895 302.9000  57.1377 15.17611293 13899,2023-174CP,58341,6891.199,94.886,519.194,506.935,0
GENERATED VIA SPACETRACK.ORG API,18 SPCS,58341,NINJASAT,PAYLOAD,U,23174CP,2024/2/7 12:34,352864,15.1761619,0.0008877,97.471,115.1903,302.6778,57.3599,0,999,1390,0.00082228,0.00016509,0,4182068,0 NINJASAT,1 58341U 23174CP  24038.52405501  .00016509  00000-0  82228-3 0  9993,2 58341  97.4710 115.1903 0008877 302.6778  57.3599 15.17616190 13902,2023-174CP,58341,6891.184,94.886,519.167,506.932,0
GENERATED VIA SPACETRACK.ORG API,18 SPCS,58341,NINJASAT,PAYLOAD,U,23174CP,2024/2/7 18:54,384320,15.17622519,0.0008914,97.4709,115.4506,301.6958,58.3406,0,999,1394,0.00074352,0.00014921,0,4182154,0 NINJASAT,1 58341U 23174CP  24038.78779380  .00014921  00000-0  74352-3 0  9995,2 58341  97.4709 115.4506 0008914 301.6958  58.3406 15.17622519 13947,2023-174CP,58341,6891.165,94.885,519.173,506.887,0
GENERATED VIA SPACETRACK.ORG API,18 SPCS,58341,NINJASAT,PAYLOAD,U,23174CP,2024/2/7 20:29,98336,15.17625475,0.0008904,97.4709,115.5156,301.4384,58.5979,0,999,1395,0.00077137,0.00015485,0,4182370,0 NINJASAT,1 58341U 23174CP  24038.85372799  .00015485  00000-0  77137-3 0  9996,2 58341  97.4709 115.5156 0008904 301.4384  58.5979 15.17625475 13951,2023-174CP,58341,6891.156,94.885,519.157,506.885,0
GENERATED VIA SPACETRACK.ORG API,18 SPCS,58341,NINJASAT,PAYLOAD,U,23174CP,2024/2/8 1:14,238656,15.17632097,0.0008894,97.4708,115.7107,300.4809,59.5545,0,999,1398,0.0007883,0.0001583,0,4182409,0 NINJASAT,1 58341U 23174CP  24039.05153054  .00015830  00000-0  78830-3 0  9995,2 58341  97.4708 115.7107 0008894 300.4809  59.5545 15.17632097 13988,2023-174CP,58341,6891.136,94.885,519.13,506.872,0
GENERATED VIA SPACETRACK.ORG API,18 SPCS,58341,NINJASAT,PAYLOAD,U,23174CP,2024/2/8 7:33,982400,15.17639787,0.0008908,97.4707,115.9709,299.4559,60.5785,0,999,1402,0.00075503,0.00015161,0,4182686,0 NINJASAT,1 58341U 23174CP  24039.31526600  .00015161  00000-0  75503-3 0  9996,2 58341  97.4707 115.9709 0008908 299.4559  60.5785 15.17639787 14029,2023-174CP,58341,6891.113,94.884,519.117,506.839,0
GENERATED VIA SPACETRACK.ORG API,18 SPCS,58341,NINJASAT,PAYLOAD,U,23174CP,2024/2/8 7:33,982400,15.17639787,0.0008908,97.4707,115.9709,299.4559,60.5785,0,999,1402,0.00075503,0.00015161,0,4182958,0 NINJASAT,1 58341U 23174CP  24039.31526600  .00015161  00000-0  75503-3 0  9996,2 58341  97.4707 115.9709 0008908 299.4559  60.5785 15.17639787 14029,2023-174CP,58341,6891.113,94.884,519.117,506.839,0
GENERATED VIA SPACETRACK.ORG API,18 SPCS,58341,NINJASAT,PAYLOAD,U,23174CP,2024/2/8 18:38,502720,15.17655555,0.000895,97.4706,116.4263,297.5557,62.4767,0,999,1409,0.00082695,0.00016622,0,4183010,0 NINJASAT,1 58341U 23174CP  24039.77679980  .00016622  00000-0  82695-3 0  9999,2 58341  97.4706 116.4263 0008950 297.5557  62.4767 15.17655555 14092,2023-174CP,58341,6891.065,94.883,519.098,506.763,0
GENERATED VIA SPACETRACK.ORG API,18 SPCS,58341,NINJASAT,PAYLOAD,U,23174CP,2024/2/8 21:48,703520,15.17660703,0.0008959,97.4705,116.5563,296.9665,63.0653,0,999,1411,0.00087172,0.00017531,0,4183231,0 NINJASAT,1 58341U 23174CP  24039.90866555  .00017531  00000-0  87172-3 0  9995,2 58341  97.4705 116.5563 0008959 296.9665  63.0653 15.17660703 14112,2023-174CP,58341,6891.05,94.883,519.088,506.741,0
GENERATED VIA SPACETRACK.ORG API,18 SPCS,58341,NINJASAT,PAYLOAD,U,23174CP,2024/2/9 4:08,16128,15.17670596,0.0008922,97.4704,116.8164,295.8178,64.2135,0,999,1415,0.00089378,0.00017982,0,4183285,0 NINJASAT,1 58341U 23174CP  24040.17239602  .00017982  00000-0  89378-3 0  9993,2 58341  97.4704 116.8164 0008922 295.8178  64.2135 15.17670596 14151,2023-174CP,58341,6891.02,94.882,519.033,506.737,0
GENERATED VIA SPACETRACK.ORG API,18 SPCS,58341,NINJASAT,PAYLOAD,U,23174CP,2024/2/9 10:28,211232,15.17678092,0.0008926,97.4702,117.0766,294.7952,65.2353,0,999,1419,0.00086215,0.00017345,0,4183634,0 NINJASAT,1 58341U 23174CP  24040.43612513  .00017345  00000-0  86215-3 0  9998,2 58341  97.4702 117.0766 0008926 294.7952  65.2353 15.17678092 14198,2023-174CP,58341,6890.997,94.882,519.013,506.711,0
GENERATED VIA SPACETRACK.ORG API,18 SPCS,58341,NINJASAT,PAYLOAD,U,23174CP,2024/2/9 10:28,211232,15.17678092,0.0008926,97.4702,117.0766,294.7952,65.2353,0,999,1419,0.00086215,0.00017345,0,4183826,0 NINJASAT,1 58341U 23174CP  24040.43612513  .00017345  00000-0  86215-3 0  9998,2 58341  97.4702 117.0766 0008926 294.7952  65.2353 15.17678092 14198,2023-174CP,58341,6890.997,94.882,519.013,506.711,0
GENERATED VIA SPACETRACK.ORG API,18 SPCS,58341,NINJASAT,PAYLOAD,U,23174CP,2024/2/9 18:22,784256,15.17688982,0.0008933,97.4702,117.4018,293.4647,66.5648,0,999,1424,0.00085344,0.00017175,0,4183866,0 NINJASAT,1 58341U 23174CP  24040.76578454  .00017175  00000-0  85344-3 0  9992,2 58341  97.4702 117.4018 0008933 293.4647  66.5648 15.17688982 14243,2023-174CP,58341,6890.964,94.881,518.985,506.673,0
GENERATED VIA SPACETRACK.ORG API,18 SPCS,58341,NINJASAT,PAYLOAD,U,23174CP,2024/2/10 3:52,571040,15.17701066,0.0008919,97.4701,117.792,291.9127,68.1158,0,999,1430,0.00078753,0.00015846,0,4184147,0 NINJASAT,1 58341U 23174CP  24041.16137235  .00015846  00000-0  78753-3 0  9994,2 58341  97.4701 117.7920 0008919 291.9127  68.1158 15.17701066 14307,2023-174CP,58341,6890.928,94.88,518.939,506.647,0
GENERATED VIA SPACETRACK.ORG API,18 SPCS,58341,NINJASAT,PAYLOAD,U,23174CP,2024/2/10 10:12,292672,15.17712181,0.0008891,97.4699,118.0521,290.9374,69.0908,0,999,1434,0.00092714,0.0001868,0,4184482,0 NINJASAT,1 58341U 23174CP  24041.42509598  .00018680  00000-0  92714-3 0  9990,2 58341  97.4699 118.0521 0008891 290.9374  69.0908 15.17712181 14343,2023-174CP,58341,6890.894,94.88,518.886,506.632,0
GENERATED VIA SPACETRACK.ORG API,18 SPCS,58341,NINJASAT,PAYLOAD,U,23174CP,2024/2/10 13:22,79616,15.17716624,0.000889,97.4699,118.1822,290.526,69.5019,0,999,1436,0.000912,0.00018375,0,4184737,0 NINJASAT,1 58341U 23174CP  24041.55695694  .00018375  00000-0  91200-3 0  9997,2 58341  97.4699 118.1822 0008890 290.5260  69.5019 15.17716624 14363,2023-174CP,58341,6890.88,94.879,518.871,506.619,0
GENERATED VIA SPACETRACK.ORG API,18 SPCS,58341,NINJASAT,PAYLOAD,U,23174CP,2024/2/10 19:41,597344,15.17726668,0.0008867,97.4699,118.4426,289.4465,70.581,0,999,1440,0.00097047,0.00019566,0,4184776,0 NINJASAT,1 58341U 23174CP  24041.82067821  .00019566  00000-0  97047-3 0  9990,2 58341  97.4699 118.4426 0008867 289.4465  70.5810 15.17726668 14409,2023-174CP,58341,6890.85,94.879,518.825,506.605,0
GENERATED VIA SPACETRACK.ORG API,18 SPCS,58341,NINJASAT,PAYLOAD,U,23174CP,2024/2/10 21:16,954528,15.17728075,0.0008875,97.4699,118.5076,289.1357,70.8915,0,999,1441,0.00094404,0.00019031,0,4185013,0 NINJASAT,1 58341U 23174CP  24041.88660827  .00019031  00000-0  94404-3 0  9992,2 58341  97.4699 118.5076 0008875 289.1357  70.8915 15.17728075 14411,2023-174CP,58341,6890.846,94.879,518.826,506.595,0
GENERATED VIA SPACETRACK.ORG API,18 SPCS,58341,NINJASAT,PAYLOAD,U,23174CP,2024/2/11 3:36,291680,15.17740777,0.000886,97.4697,118.7678,288.2324,71.7945,0,999,1445,0.0010983,0.00022169,0,4185078,0 NINJASAT,1 58341U 23174CP  24042.15032745  .00022169  00000-0  10983-2 0  9990,2 58341  97.4697 118.7678 0008860 288.2324  71.7945 15.17740777 14457,2023-174CP,58341,6890.807,94.878,518.778,506.567,0
GENERATED VIA SPACETRACK.ORG API,18 SPCS,58341,NINJASAT,PAYLOAD,U,23174CP,2024/2/11 9:56,413696,15.17746219,0.0008842,97.4696,119.0279,287.3019,72.7247,0,999,1449,0.00089938,0.00018134,0,4185359,0 NINJASAT,1 58341U 23174CP  24042.41404414  .00018134  00000-0  89938-3 0  9999,2 58341  97.4696 119.0279 0008842 287.3019  72.7247 15.17746219 14495,2023-174CP,58341,6890.791,94.878,518.749,506.563,0
GENERATED VIA SPACETRACK.ORG API,18 SPCS,58341,NINJASAT,PAYLOAD,U,23174CP,2024/2/11 13:06,966496,15.17751758,0.0008841,97.4694,119.1578,286.8953,73.1311,0,999,1451,0.00094682,0.000191,0,4185591,0 NINJASAT,1 58341U 23174CP  24042.54590239  .00019100  00000-0  94682-3 0  9990,2 58341  97.4694 119.1578 0008841 286.8953  73.1311 15.17751758 14510,2023-174CP,58341,6890.774,94.877,518.731,506.547,0
GENERATED VIA SPACETRACK.ORG API,18 SPCS,58341,NINJASAT,PAYLOAD,U,23174CP,2024/2/11 19:25,889792,15.17763594,0.0008825,97.4694,119.4181,285.9733,74.0528,0,999,1455,0.0010048,0.00020284,0,4185653,0 NINJASAT,1 58341U 23174CP  24042.80961678  .00020284  00000-0  10048-2 0  9996,2 58341  97.4694 119.4181 0008825 285.9733  74.0528 15.17763594 14556,2023-174CP,58341,6890.738,94.876,518.684,506.522,0
GENERATED VIA SPACETRACK.ORG API,18 SPCS,58341,NINJASAT,PAYLOAD,U,23174CP,2024/2/11 21:00,92320,15.17764296,0.0008801,97.4694,119.4832,285.6209,74.4053,0,999,1456,0.00091982,0.00018559,0,4185871,0 NINJASAT,1 58341U 23174CP  24042.87554505  .00018559  00000-0  91982-3 0  9999,2 58341  97.4694 119.4832 0008801 285.6209  74.4053 15.17764296 14566,2023-174CP,58341,6890.736,94.876,518.666,506.537,0
GENERATED VIA SPACETRACK.ORG API,18 SPCS,58341,NINJASAT,PAYLOAD,U,23174CP,2024/2/12 3:20,828992,15.17775407,0.0008769,97.4693,119.7434,284.5368,75.4893,0,999,1460,0.00094,0.00018974,0,4185907,0 NINJASAT,1 58341U 23174CP  24043.13925728  .00018974  00000-0  94000-3 0  9993,2 58341  97.4693 119.7434 0008769 284.5368  75.4893 15.17775407 14607,2023-174CP,58341,6890.703,94.876,518.61,506.525,0
GENERATED VIA SPACETRACK.ORG API,18 SPCS,58341,NINJASAT,PAYLOAD,U,23174CP,2024/2/12 11:15,490848,15.17789401,0.0008746,97.469,120.0686,283.1938,76.832,0,999,1465,0.00091729,0.0001852,0,4186268,0 NINJASAT,1 58341U 23174CP  24043.46889457  .00018520  00000-0  91729-3 0  9999,2 58341  97.4690 120.0686 0008746 283.1938  76.8320 15.17789401 14655,2023-174CP,58341,6890.66,94.875,518.552,506.499,0
GENERATED VIA SPACETRACK.ORG API,18 SPCS,58341,NINJASAT,PAYLOAD,U,23174CP,2024/2/12 12:50,609568,15.17791569,0.0008783,97.4692,120.1337,283.1148,76.9106,0,999,1466,0.00095776,0.00019344,0,4186491,0 NINJASAT,1 58341U 23174CP  24043.53482187  .00019344  00000-0  95776-3 0  9997,2 58341  97.4692 120.1337 0008783 283.1148  76.9106 15.17791569 14667,2023-174CP,58341,6890.654,94.875,518.571,506.467,0
GENERATED VIA SPACETRACK.ORG API,18 SPCS,58341,NINJASAT,PAYLOAD,U,23174CP,2024/2/12 19:09,941888,15.17802807,0.0008771,97.469,120.3939,282.1259,77.8992,0,999,1470,0.00096828,0.00019564,0,4186577,0 NINJASAT,1 58341U 23174CP  24043.79852942  .00019564  00000-0  96828-3 0  9998,2 58341  97.4690 120.3939 0008771 282.1259  77.8992 15.17802807 14700,2023-174CP,58341,6890.62,94.874,518.528,506.441,0
GENERATED VIA SPACETRACK.ORG API,18 SPCS,58341,NINJASAT,PAYLOAD,U,23174CP,2024/2/12 20:44,968160,15.17804142,0.0008733,97.4689,120.459,281.5794,78.4459,0,999,1471,0.0008238,0.00016629,0,4186778,0 NINJASAT,1 58341U 23174CP  24043.86445565  .00016629  00000-0  82380-3 0  9992,2 58341  97.4689 120.4590 0008733 281.5794  78.4459 15.17804142 14717,2023-174CP,58341,6890.616,94.874,518.498,506.463,0
GENERATED VIA SPACETRACK.ORG API,18 SPCS,58341,NINJASAT,PAYLOAD,U,23174CP,2024/2/13 3:04,118176,15.17813715,0.0008763,97.4689,120.7191,280.5424,79.4822,0,999,1475,0.00085261,0.00017219,0,4186804,0 NINJASAT,1 58341U 23174CP  24044.12816109  .00017219  00000-0  85261-3 0  9995,2 58341  97.4689 120.7191 0008763 280.5424  79.4822 15.17813715 14754,2023-174CP,58341,6890.587,94.873,518.49,506.413,0
GENERATED VIA SPACETRACK.ORG API,18 SPCS,58341,NINJASAT,PAYLOAD,U,23174CP,2024/2/13 7:49,135648,15.17821928,0.0008775,97.4687,120.9143,279.8413,80.1829,0,999,1478,0.00089553,0.00018095,0,4187165,0 NINJASAT,1 58341U 23174CP  24044.32593907  .00018095  00000-0  89553-3 0  9996,2 58341  97.4687 120.9143 0008775 279.8413  80.1829 15.17821928 14787,2023-174CP,58341,6890.562,94.873,518.473,506.38,0
GENERATED VIA SPACETRACK.ORG API,18 SPCS,58341,NINJASAT,PAYLOAD,U,23174CP,2024/2/13 12:34,26112,15.178333,0.0008767,97.4686,121.1095,279.1199,80.9042,0,999,1481,0.001049,0.00021224,0,4187441,0 NINJASAT,1 58341U 23174CP  24044.52371558  .00021224  00000-0  10490-2 0  9995,2 58341  97.4686 121.1095 0008767 279.1199  80.9042 15.17833300 14816,2023-174CP,58341,6890.527,94.872,518.433,506.351,0
GENERATED VIA SPACETRACK.ORG API,18 SPCS,58341,NINJASAT,PAYLOAD,U,23174CP,2024/2/13 20:28,753120,15.17844513,0.000881,97.4685,121.4347,277.8471,82.1762,0,999,1486,0.0010196,0.00020632,0,4187486,0 NINJASAT,1 58341U 23174CP  24044.85334205  .00020632  00000-0  10196-2 0  9994,2 58341  97.4685 121.4347 0008810 277.8471  82.1762 15.17844513 14861,2023-174CP,58341,6890.493,94.871,518.429,506.288,0
GENERATED VIA SPACETRACK.ORG API,18 SPCS,58341,NINJASAT,PAYLOAD,U,23174CP,2024/2/13 22:03,637696,15.17848162,0.0008806,97.4684,121.4998,277.5892,82.4341,0,999,1487,0.0010515,0.00021284,0,4187767,0 NINJASAT,1 58341U 23174CP  24044.91926664  .00021284  00000-0  10515-2 0  9996,2 58341  97.4684 121.4998 0008806 277.5892  82.4341 15.17848162 14872,2023-174CP,58341,6890.482,94.871,518.415,506.28,0
GENERATED VIA SPACETRACK.ORG API,18 SPCS,58341,NINJASAT,PAYLOAD,U,23174CP,2024/2/14 4:23,156128,15.17858782,0.0008829,97.4681,121.7601,276.3564,83.6664,0,999,1491,0.0010969,0.00022216,0,4187831,0 NINJASAT,1 58341U 23174CP  24045.18296477  .00022216  00000-0  10969-2 0  9997,2 58341  97.4681 121.7601 0008829 276.3564  83.6664 15.17858782 14916,2023-174CP,58341,6890.45,94.87,518.399,506.232,0
GENERATED VIA SPACETRACK.ORG API,18 SPCS,58341,NINJASAT,PAYLOAD,U,23174CP,2024/2/14 10:43,468064,15.17870147,0.0008868,97.468,122.0202,275.0265,84.9957,0,999,1495,0.001093,0.00022144,0,4188177,0 NINJASAT,1 58341U 23174CP  24045.44666051  .00022144  00000-0  10930-2 0  9993,2 58341  97.4680 122.0202 0008868 275.0265  84.9957 15.17870147 14955,2023-174CP,58341,6890.416,94.87,518.391,506.17,0
GENERATED VIA SPACETRACK.ORG API,18 SPCS,58341,NINJASAT,PAYLOAD,U,23174CP,2024/2/14 13:53,86016,15.17874414,0.0008868,97.468,122.1502,274.436,85.586,0,999,1497,0.00099478,0.00020145,0,4188404,0 NINJASAT,1 58341U 23174CP  24045.57850794  .00020145  00000-0  99478-3 0  9990,2 58341  97.4680 122.1502 0008868 274.4360  85.5860 15.17874414 14971,2023-174CP,58341,6890.403,94.87,518.378,506.157,0
GENERATED VIA SPACETRACK.ORG API,18 SPCS,58341,NINJASAT,PAYLOAD,U,23174CP,2024/2/14 18:37,485728,15.1788058,0.0008855,97.4681,122.3454,273.8879,86.1342,0,999,1500,0.00096499,0.00019541,0,4188453,0 NINJASAT,1 58341U 23174CP  24045.77627877  .00019541  00000-0  96499-3 0  9994,2 58341  97.4681 122.3454 0008855 273.8879  86.1342 15.17880580 15002,2023-174CP,58341,6890.384,94.869,518.351,506.148,0
GENERATED VIA SPACETRACK.ORG API,18 SPCS,58341,NINJASAT,PAYLOAD,U,23174CP,2024/2/14 21:47,864,15.17886684,0.0008861,97.4679,122.4756,273.1637,86.8583,0,999,1502,0.0010639,0.00021561,0,4188727,0 NINJASAT,1 58341U 23174CP  24045.90812501  .00021561  00000-0  10639-2 0  9995,2 58341  97.4679 122.4756 0008861 273.1637  86.8583 15.17886684 15024,2023-174CP,58341,6890.366,94.869,518.336,506.125,0
GENERATED VIA SPACETRACK.ORG API,18 SPCS,58341,NINJASAT,PAYLOAD,U,23174CP,2024/2/15 4:07,922272,15.17898567,0.0008865,97.468,122.7357,272.1716,87.8502,0,999,1506,0.0010463,0.00021209,0,4188737,0 NINJASAT,1 58341U 23174CP  24046.17181623  .00021209  00000-0  10463-2 0  9993,2 58341  97.4680 122.7357 0008865 272.1716  87.8502 15.17898567 15066,2023-174CP,58341,6890.33,94.868,518.303,506.086,0
GENERATED VIA SPACETRACK.ORG API,18 SPCS,58341,NINJASAT,PAYLOAD,U,23174CP,2024/2/15 12:02,364512,15.17908039,0.0008876,97.4679,123.0609,270.9415,89.0801,0,999,1511,0.00091903,0.0001862,0,4189106,0 NINJASAT,1 58341U 23174CP  24046.50142783  .00018620  00000-0  91903-3 0  9996,2 58341  97.4679 123.0609 0008876 270.9415  89.0801 15.17908039 15110,2023-174CP,58341,6890.301,94.867,518.282,506.05,0
GENERATED VIA SPACETRACK.ORG API,18 SPCS,58341,NINJASAT,PAYLOAD,U,23174CP,2024/2/15 13:36,34816,15.17910463,0.0008887,97.468,123.126,270.7017,89.3198,0,999,1512,0.00091759,0.00018592,0,4189324,0 NINJASAT,1 58341U 23174CP  24046.56734994  .00018592  00000-0  91759-3 0  9990,2 58341  97.4680 123.1260 0008887 270.7017  89.3198 15.17910463 15121,2023-174CP,58341,6890.294,94.867,518.282,506.035,0
GENERATED VIA SPACETRACK.ORG API,18 SPCS,58341,NINJASAT,PAYLOAD,U,23174CP,2024/2/15 18:21,12032,15.17916891,0.0008898,97.468,123.3212,269.9764,90.045,0,999,1515,0.00089641,0.00018163,0,4189453,0 NINJASAT,1 58341U 23174CP  24046.76511588  .00018163  00000-0  89641-3 0  9995,2 58341  97.4680 123.3212 0008898 269.9764  90.0450 15.17916891 15155,2023-174CP,58341,6890.274,94.867,518.27,506.008,0
GENERATED VIA SPACETRACK.ORG API,18 SPCS,58341,NINJASAT,PAYLOAD,U,23174CP,2024/2/15 21:31,235136,15.17922326,0.0008915,97.468,123.4513,269.4529,90.5684,0,999,1517,0.00090927,0.00018429,0,4189707,0 NINJASAT,1 58341U 23174CP  24046.89695874  .00018429  00000-0  90927-3 0  9994,2 58341  97.4680 123.4513 0008915 269.4529  90.5684 15.17922326 15170,2023-174CP,58341,6890.258,94.867,518.266,505.98,0
GENERATED VIA SPACETRACK.ORG API,18 SPCS,58341,NINJASAT,PAYLOAD,U,23174CP,2024/2/16 3:51,628640,15.17932407,0.0008913,97.468,123.7115,268.409,91.6123,0,999,1521,0.00091037,0.00018456,0,4189743,0 NINJASAT,1 58341U 23174CP  24047.16064385  .00018456  00000-0  91037-3 0  9995,2 58341  97.4680 123.7115 0008913 268.4090  91.6123 15.17932407 15217,2023-174CP,58341,6890.227,94.866,518.234,505.951,0
GENERATED VIA SPACETRACK.ORG API,18 SPCS,58341,NINJASAT,PAYLOAD,U,23174CP,2024/2/16 11:45,400416,15.17947796,0.000891,97.4681,124.0368,267.1573,92.8642,0,999,1526,0.0010565,0.00021448,0,4190148,0 NINJASAT,1 58341U 23174CP  24047.49024769  .00021448  00000-0  10565-2 0  9994,2 58341  97.4681 124.0368 0008910 267.1573  92.8642 15.17947796 15262,2023-174CP,58341,6890.181,94.865,518.185,505.907,0
GENERATED VIA SPACETRACK.ORG API,18 SPCS,58341,NINJASAT,PAYLOAD,U,23174CP,2024/2/16 13:20,926432,15.17949355,0.0008911,97.4681,124.1019,267.0387,92.9827,0,999,1527,0.0010086,0.00020471,0,4190317,0 NINJASAT,1 58341U 23174CP  24047.55616813  .00020471  00000-0  10086-2 0  9991,2 58341  97.4681 124.1019 0008911 267.0387  92.9827 15.17949355 15279,2023-174CP,58341,6890.176,94.865,518.181,505.901,0
GENERATED VIA SPACETRACK.ORG API,18 SPCS,58341,NINJASAT,PAYLOAD,U,23174CP,2024/2/16 18:05,491520,15.17953919,0.0008879,97.4681,124.2971,266.1072,93.9146,0,999,1530,0.00089066,0.00018065,0,4190386,0 NINJASAT,1 58341U 23174CP  24047.75392930  .00018065  00000-0  89066-3 0  9995,2 58341  97.4681 124.2971 0008879 266.1072  93.9146 15.17953919 15301,2023-174CP,58341,6890.162,94.865,518.145,505.909,0
GENERATED VIA SPACETRACK.ORG API,18 SPCS,58341,NINJASAT,PAYLOAD,U,23174CP,2024/2/16 21:15,489120,15.17956586,0.0008874,97.4682,124.4272,265.5005,94.5215,0,999,1532,0.00081721,0.00016568,0,4190592,0 NINJASAT,1 58341U 23174CP  24047.88576955  .00016568  00000-0  81721-3 0  9996,2 58341  97.4682 124.4272 0008874 265.5005  94.5215 15.17956586 15321,2023-174CP,58341,6890.154,94.864,518.134,505.905,0
GENERATED VIA SPACETRACK.ORG API,18 SPCS,58341,NINJASAT,PAYLOAD,U,23174CP,2024/2/17 3:35,352992,15.17966635,0.0008852,97.4681,124.6875,264.4353,95.5871,0,999,1536,0.00082534,0.00016738,0,4190639,0 NINJASAT,1 58341U 23174CP  24048.14944853  .00016738  00000-0  82534-3 0  9994,2 58341  97.4681 124.6875 0008852 264.4353  95.5871 15.17966635 15360,2023-174CP,58341,6890.124,94.864,518.088,505.89,0
GENERATED VIA SPACETRACK.ORG API,18 SPCS,58341,NINJASAT,PAYLOAD,U,23174CP,2024/2/17 11:29,485408,15.17978256,0.0008835,97.4681,125.0127,263.1051,96.9178,0,999,1541,0.00084079,0.00017059,0,4190961,0 NINJASAT,1 58341U 23174CP  24048.47904497  .00017059  00000-0  84079-3 0  9993,2 58341  97.4681 125.0127 0008835 263.1051  96.9178 15.17978256 15410,2023-174CP,58341,6890.089,94.863,518.041,505.866,0
GENERATED VIA SPACETRACK.ORG API,18 SPCS,58341,NINJASAT,PAYLOAD,U,23174CP,2024/2/17 13:04,883552,15.17980882,0.0008849,97.4682,125.0778,262.8743,97.1485,0,999,1542,0.00084837,0.00017216,0,4191255,0 NINJASAT,1 58341U 23174CP  24048.54496393  .00017216  00000-0  84837-3 0  9999,2 58341  97.4682 125.0778 0008849 262.8743  97.1485 15.17980882 15425,2023-174CP,58341,6890.081,94.863,518.043,505.849,0
GENERATED VIA SPACETRACK.ORG API,18 SPCS,58341,NINJASAT,PAYLOAD,U,23174CP,2024/2/17 19:24,422560,15.17988946,0.0008843,97.4683,125.338,261.8518,98.1712,0,999,1546,0.00079415,0.00016112,0,4191292,0 NINJASAT,1 58341U 23174CP  24048.80863915  .00016112  00000-0  79415-3 0  9996,2 58341  97.4683 125.3380 0008843 261.8518  98.1712 15.17988946 15468,2023-174CP,58341,6890.056,94.862,518.014,505.828,0
GENERATED VIA SPACETRACK.ORG API,18 SPCS,58341,NINJASAT,PAYLOAD,U,23174CP,2024/2/17 22:34,116032,15.1799489,0.0008832,97.4683,125.4681,261.2876,98.7357,0,999,1548,0.00084862,0.00017228,0,4191569,0 NINJASAT,1 58341U 23174CP  24048.94047588  .00017228  00000-0  84862-3 0  9992,2 58341  97.4683 125.4681 0008832 261.2876  98.7357 15.17994890 15480,2023-174CP,58341,6890.038,94.862,517.989,505.818,0
GENERATED VIA SPACETRACK.ORG API,18 SPCS,58341,NINJASAT,PAYLOAD,U,23174CP,2024/2/18 3:19,122112,15.18001828,0.0008815,97.4683,125.6633,260.482,99.5418,0,999,1551,0.00084093,0.00017074,0,4191633,0 NINJASAT,1 58341U 23174CP  24049.13823058  .00017074  00000-0  84093-3 0  9993,2 58341  97.4683 125.6633 0008815 260.4820  99.5418 15.18001828 15512,2023-174CP,58341,6890.017,94.862,517.956,505.809,0
GENERATED VIA SPACETRACK.ORG API,18 SPCS,58341,NINJASAT,PAYLOAD,U,23174CP,2024/2/18 12:48,866432,15.18015892,0.0008806,97.4683,126.0537,258.9319,101.0924,0,999,1557,0.00085452,0.00017359,0,4192133,0 NINJASAT,1 58341U 23174CP  24049.53373688  .00017359  00000-0  85452-3 0  9992,2 58341  97.4683 126.0537 0008806 258.9319 101.0924 15.18015892 15578,2023-174CP,58341,6889.975,94.861,517.907,505.772,0
GENERATED VIA SPACETRACK.ORG API,18 SPCS,58341,NINJASAT,PAYLOAD,U,23174CP,2024/2/18 19:08,836064,15.18026321,0.0008809,97.4683,126.3139,257.9278,102.0969,0,999,1561,0.00086676,0.00017614,0,4192184,0 NINJASAT,1 58341U 23174CP  24049.79740551  .00017614  00000-0  86676-3 0  9990,2 58341  97.4683 126.3139 0008809 257.9278 102.0969 15.18026321 15619,2023-174CP,58341,6889.943,94.86,517.878,505.739,0
GENERATED VIA SPACETRACK.ORG API,18 SPCS,58341,NINJASAT,PAYLOAD,U,23174CP,2024/2/18 22:18,291936,15.18029646,0.0008811,97.4683,126.444,257.3748,102.6501,0,999,1563,0.00082432,0.00016748,0,4192439,0 NINJASAT,1 58341U 23174CP  24049.92923949  .00016748  00000-0  82432-3 0  9992,2 58341  97.4683 126.4440 0008811 257.3748 102.6501 15.18029646 15637,2023-174CP,58341,6889.933,94.86,517.869,505.727,0
GENERATED VIA SPACETRACK.ORG API,18 SPCS,58341,NINJASAT,PAYLOAD,U,23174CP,2024/2/19 4:37,71488,15.18038889,0.0008815,97.4683,126.7043,256.2497,103.7755,0,999,1567,0.00079984,0.00016252,0,4192504,0 NINJASAT,1 58341U 23174CP  24050.19290592  .00016252  00000-0  79984-3 0  9992,2 58341  97.4683 126.7043 0008815 256.2497 103.7755 15.18038889 15678,2023-174CP,58341,6889.905,94.859,517.844,505.697,0
GENERATED VIA SPACETRACK.ORG API,18 SPCS,58341,NINJASAT,PAYLOAD,U,23174CP,2024/2/19 10:57,738720,15.18046143,0.0008835,97.4682,126.9646,255.1669,104.8586,0,999,1571,0.00075755,0.0001539,0,4192804,0 NINJASAT,1 58341U 23174CP  24050.45657105  .00015390  00000-0  75755-3 0  9992,2 58341  97.4682 126.9646 0008835 255.1669 104.8586 15.18046143 15710,2023-174CP,58341,6889.883,94.859,517.835,505.661,0
GENERATED VIA SPACETRACK.ORG API,18 SPCS,58341,NINJASAT,PAYLOAD,U,23174CP,2024/2/19 12:32,883712,15.1804872,0.0008848,97.4682,127.0297,254.9485,105.077,0,999,1572,0.00077534,0.00015755,0,4193039,0 NINJASAT,1 58341U 23174CP  24050.52248708  .00015755  00000-0  77534-3 0  9997,2 58341  97.4682 127.0297 0008848 254.9485 105.0770 15.18048720 15723,2023-174CP,58341,6889.875,94.859,517.837,505.644,0
GENERATED VIA SPACETRACK.ORG API,18 SPCS,58341,NINJASAT,PAYLOAD,U,23174CP,2024/2/19 18:52,430848,15.18055442,0.0008865,97.4682,127.2899,253.9513,106.0745,0,999,1576,0.00071288,0.00014481,0,4193091,0 NINJASAT,1 58341U 23174CP  24050.78615082  .00014481  00000-0  71288-3 0  9993,2 58341  97.4682 127.2899 0008865 253.9513 106.0745 15.18055442 15769,2023-174CP,58341,6889.855,94.858,517.828,505.612,0
GENERATED VIA SPACETRACK.ORG API,18 SPCS,58341,NINJASAT,PAYLOAD,U,23174CP,2024/2/19 22:01,656032,15.1805733,0.0008877,97.4682,127.42,253.4025,106.6234,0,999,1578,0.00063178,0.00012824,0,4193358,0 NINJASAT,1 58341U 23174CP  24050.91798213  .00012824  00000-0  63178-3 0  9994,2 58341  97.4682 127.4200 0008877 253.4025 106.6234 15.18057330 15782,2023-174CP,58341,6889.849,94.858,517.83,505.598,0
GENERATED VIA SPACETRACK.ORG API,18 SPCS,58341,NINJASAT,PAYLOAD,U,23174CP,2024/2/20 4:21,29504,15.18065253,0.0008897,97.4681,127.6802,252.3296,107.6967,0,999,1582,0.00063491,0.00012891,0,4193474,0 NINJASAT,1 58341U 23174CP  24051.18164386  .00012891  00000-0  63491-3 0  9994,2 58341  97.4681 127.6802 0008897 252.3296 107.6967 15.18065253 15823,2023-174CP,58341,6889.825,94.858,517.82,505.56,0
GENERATED VIA SPACETRACK.ORG API,18 SPCS,58341,NINJASAT,PAYLOAD,U,23174CP,2024/2/20 9:06,235520,15.18070522,0.0008924,97.4681,127.8754,251.6267,108.3996,0,999,1585,0.00064156,0.00013029,0,4193728,0 NINJASAT,1 58341U 23174CP  24051.37938930  .00013029  00000-0  64156-3 0  9992,2 58341  97.4681 127.8754 0008924 251.6267 108.3996 15.18070522 15850,2023-174CP,58341,6889.809,94.857,517.823,505.526,0
GENERATED VIA SPACETRACK.ORG API,18 SPCS,58341,NINJASAT,PAYLOAD,U,23174CP,2024/2/20 13:51,387968,15.18077475,0.000895,97.4681,128.0706,250.8944,109.1321,0,999,1588,0.00071302,0.00014493,0,4193961,0 NINJASAT,1 58341U 23174CP  24051.57713412  .00014493  00000-0  71302-3 0  9997,2 58341  97.4681 128.0706 0008950 250.8944 109.1321 15.18077475 15880,2023-174CP,58341,6889.788,94.857,517.82,505.487,0
GENERATED VIA SPACETRACK.ORG API,18 SPCS,58341,NINJASAT,PAYLOAD,U,23174CP,2024/2/20 18:35,485120,15.18082921,0.0008965,97.4681,128.2658,250.1847,109.8421,0,999,1591,0.00071227,0.0001448,0,4194042,0 NINJASAT,1 58341U 23174CP  24051.77487830  .00014480  00000-0  71227-3 0  9993,2 58341  97.4681 128.2658 0008965 250.1847 109.8421 15.18082921 15913,2023-174CP,58341,6889.772,94.856,517.814,505.46,0
GENERATED VIA SPACETRACK.ORG API,18 SPCS,58341,NINJASAT,PAYLOAD,U,23174CP,2024/2/20 21:45,508128,15.18085827,0.0008991,97.4681,128.3959,249.7195,110.3073,0,999,1593,0.00068965,0.00014019,0,4194241,0 NINJASAT,1 58341U 23174CP  24051.90670727  .00014019  00000-0  68965-3 0  9990,2 58341  97.4681 128.3959 0008991 249.7195 110.3073 15.18085827 15937,2023-174CP,58341,6889.763,94.856,517.823,505.434,0
GENERATED VIA SPACETRACK.ORG API,18 SPCS,58341,NINJASAT,PAYLOAD,U,23174CP,2024/2/21 4:05,482432,15.18093695,0.0008993,97.468,128.6561,248.5658,111.4617,0,999,1597,0.00070034,0.00014241,0,4194267,0 NINJASAT,1 58341U 23174CP  24052.17036438  .00014241  00000-0  70034-3 0  9992,2 58341  97.4680 128.6561 0008993 248.5658 111.4617 15.18093695 15973,2023-174CP,58341,6889.739,94.856,517.8,505.408,0
GENERATED VIA SPACETRACK.ORG API,18 SPCS,58341,NINJASAT,PAYLOAD,U,23174CP,2024/2/21 11:59,271680,15.18103088,0.0009007,97.468,128.9814,247.3895,112.6387,0,999,1602,0.00071499,0.00014545,0,4194619,0 NINJASAT,1 58341U 23174CP  24052.49993370  .00014545  00000-0  71499-3 0  9997,2 58341  97.4680 128.9814 0009007 247.3895 112.6387 15.18103088 16026,2023-174CP,58341,6889.711,94.855,517.781,505.37,0
GENERATED VIA SPACETRACK.ORG API,18 SPCS,58341,NINJASAT,PAYLOAD,U,23174CP,2024/2/21 13:34,213632,15.18103737,0.0009012,97.468,129.0465,247.1321,112.8962,0,999,1603,0.00065775,0.00013373,0,4194887,0 NINJASAT,1 58341U 23174CP  24052.56584738  .00013373  00000-0  65775-3 0  9997,2 58341  97.4680 129.0465 0009012 247.1321 112.8962 15.18103737 16031,2023-174CP,58341,6889.709,94.855,517.783,505.365,0
GENERATED VIA SPACETRACK.ORG API,18 SPCS,58341,NINJASAT,PAYLOAD,U,23174CP,2024/2/21 18:19,17024,15.18108124,0.0009021,97.468,129.2417,246.3536,113.6751,0,999,1606,0.00061336,0.00012466,0,4194976,0 NINJASAT,1 58341U 23174CP  24052.76358816  .00012466  00000-0  61336-3 0  9996,2 58341  97.4680 129.2417 0009021 246.3536 113.6751 15.18108124 16062,2023-174CP,58341,6889.696,94.855,517.776,505.345,0
GENERATED VIA SPACETRACK.ORG API,18 SPCS,58341,NINJASAT,PAYLOAD,U,23174CP,2024/2/21 21:29,818848,15.18113037,0.0009029,97.468,129.3717,245.7857,114.2434,0,999,1608,0.00066126,0.00013448,0,4195143,0 NINJASAT,1 58341U 23174CP  24052.89541457  .00013448  00000-0  66126-3 0  9998,2 58341  97.4680 129.3717 0009029 245.7857 114.2434 15.18113037 16089,2023-174CP,58341,6889.681,94.855,517.766,505.325,0
GENERATED VIA SPACETRACK.ORG API,18 SPCS,58341,NINJASAT,PAYLOAD,U,23174CP,2024/2/22 3:49,386208,15.181202,0.0009029,97.468,129.632,244.6866,115.3433,0,999,1612,0.00064583,0.00013135,0,4195262,0 NINJASAT,1 58341U 23174CP  24053.15906697  .00013135  00000-0  64583-3 0  9997,2 58341  97.4680 129.6320 0009029 244.6866 115.3433 15.18120200 16126,2023-174CP,58341,6889.659,94.854,517.745,505.303,0
GENERATED VIA SPACETRACK.ORG API,18 SPCS,58341,NINJASAT,PAYLOAD,U,23174CP,2024/2/22 10:08,835200,15.18127265,0.0009022,97.468,129.8921,243.6852,116.3455,0,999,1616,0.00065144,0.00013253,0,4195534,0 NINJASAT,1 58341U 23174CP  24053.42271800  .00013253  00000-0  65144-3 0  9993,2 58341  97.4680 129.8921 0009022 243.6852 116.3455 15.18127265 16169,2023-174CP,58341,6889.638,94.854,517.719,505.287,0
GENERATED VIA SPACETRACK.ORG API,18 SPCS,58341,NINJASAT,PAYLOAD,U,23174CP,2024/2/22 13:18,507424,15.18132388,0.0009022,97.468,130.0222,243.145,116.8862,0,999,1618,0.00070142,0.00014279,0,4195736,0 NINJASAT,1 58341U 23174CP  24053.55454291  .00014279  00000-0  70142-3 0  9997,2 58341  97.4680 130.0222 0009022 243.1450 116.8862 15.18132388 16187,2023-174CP,58341,6889.622,94.853,517.703,505.271,0
GENERATED VIA SPACETRACK.ORG API,18 SPCS,58341,NINJASAT,PAYLOAD,U,23174CP,2024/2/22 18:03,1504,15.1813665,0.0009017,97.468,130.2174,242.35,117.6819,0,999,1621,0.00064686,0.00013163,0,4195763,0 NINJASAT,1 58341U 23174CP  24053.75228011  .00013163  00000-0  64686-3 0  9995,2 58341  97.4680 130.2174 0009017 242.3500 117.6819 15.18136650 16217,2023-174CP,58341,6889.609,94.853,517.687,505.262,0
GENERATED VIA SPACETRACK.ORG API,18 SPCS,58341,NINJASAT,PAYLOAD,U,23174CP,2024/2/22 21:13,621024,15.18139479,0.0009018,97.468,130.3475,241.8796,118.1527,0,999,1623,0.00061986,0.0001261,0,4196009,0 NINJASAT,1 58341U 23174CP  24053.88410441  .00012610  00000-0  61986-3 0  9995,2 58341  97.4680 130.3475 0009018 241.8796 118.1527 15.18139479 16230,2023-174CP,58341,6889.601,94.853,517.679,505.253,0
GENERATED VIA SPACETRACK.ORG API,18 SPCS,58341,NINJASAT,PAYLOAD,U,23174CP,2024/2/23 3:32,785760,15.18146686,0.0009018,97.468,130.6077,240.7377,119.2956,0,999,1627,0.0006125,0.00012462,0,4196063,0 NINJASAT,1 58341U 23174CP  24054.14775215  .00012462  00000-0  61250-3 0  9997,2 58341  97.4680 130.6077 0009018 240.7377 119.2956 15.18146686 16274,2023-174CP,58341,6889.579,94.852,517.657,505.231,0
GENERATED VIA SPACETRACK.ORG API,18 SPCS,58341,NINJASAT,PAYLOAD,U,23174CP,2024/2/23 11:27,569312,15.18155046,0.0009011,97.4679,130.933,239.3518,120.6828,0,999,1632,0.00059741,0.00012156,0,4196397,0 NINJASAT,1 58341U 23174CP  24054.47730983  .00012156  00000-0  59741-3 0  9998,2 58341  97.4679 130.9330 0009011 239.3518 120.6828 15.18155046 16321,2023-174CP,58341,6889.554,94.852,517.627,505.211,0
GENERATED VIA SPACETRACK.ORG API,18 SPCS,58341,NINJASAT,PAYLOAD,U,23174CP,2024/2/23 13:02,293536,15.18159077,0.0009013,97.4679,130.998,239.1936,120.8411,0,999,1633,0.00067914,0.00013833,0,4196606,0 NINJASAT,1 58341U 23174CP  24054.54322099  .00013833  00000-0  67914-3 0  9995,2 58341  97.4679 130.9980 0009013 239.1936 120.8411 15.18159077 16335,2023-174CP,58341,6889.542,94.852,517.616,505.197,0
GENERATED VIA SPACETRACK.ORG API,18 SPCS,58341,NINJASAT,PAYLOAD,U,23174CP,2024/2/23 19:21,186976,15.18165768,0.0009005,97.4677,131.258,238.2076,121.8282,0,999,1637,0.00064661,0.00013168,0,4196640,0 NINJASAT,1 58341U 23174CP  24054.80686559  .00013168  00000-0  64661-3 0  9995,2 58341  97.4677 131.2580 0009005 238.2076 121.8282 15.18165768 16374,2023-174CP,58341,6889.521,94.851,517.59,505.182,0
GENERATED VIA SPACETRACK.ORG API,18 SPCS,58341,NINJASAT,PAYLOAD,U,23174CP,2024/2/23 22:31,601728,15.18168357,0.0009003,97.4677,131.3881,237.6369,122.3994,0,999,1639,0.00061954,0.00012614,0,4196938,0 NINJASAT,1 58341U 23174CP  24054.93868752  .00012614  00000-0  61954-3 0  9993,2 58341  97.4677 131.3881 0009003 237.6369 122.3994 15.18168357 16390,2023-174CP,58341,6889.513,94.851,517.581,505.176,0
GENERATED VIA SPACETRACK.ORG API,18 SPCS,58341,NINJASAT,PAYLOAD,U,23174CP,2024/2/24 4:51,342240,15.181755,0.0009007,97.4676,131.6484,236.5152,123.5221,0,999,1643,0.00061394,0.00012502,0,4196996,0 NINJASAT,1 58341U 23174CP  24055.20233035  .00012502  00000-0  61394-3 0  9998,2 58341  97.4676 131.6484 0009007 236.5152 123.5221 15.18175500 16432,2023-174CP,58341,6889.492,94.851,517.562,505.151,0
GENERATED VIA SPACETRACK.ORG API,18 SPCS,58341,NINJASAT,PAYLOAD,U,23174CP,2024/2/24 11:10,981664,15.18182259,0.0009026,97.4675,131.9086,235.4342,124.6041,0,999,1647,0.00064346,0.0001311,0,4197280,0 NINJASAT,1 58341U 23174CP  24055.46597201  .00013110  00000-0  64346-3 0  9990,2 58341  97.4675 131.9086 0009026 235.4342 124.6041 15.18182259 16477,2023-174CP,58341,6889.471,94.85,517.555,505.118,0
GENERATED VIA SPACETRACK.ORG API,18 SPCS,58341,NINJASAT,PAYLOAD,U,23174CP,2024/2/24 12:45,638496,15.18184042,0.0009042,97.4674,131.9737,235.2088,124.8296,0,999,1648,0.0006581,0.00013411,0,4197491,0 NINJASAT,1 58341U 23174CP  24055.53188239  .00013411  00000-0  65810-3 0  9996,2 58341  97.4674 131.9737 0009042 235.2088 124.8296 15.18184042 16489,2023-174CP,58341,6889.466,94.85,517.56,505.102,0
GENERATED VIA SPACETRACK.ORG API,18 SPCS,58341,NINJASAT,PAYLOAD,U,23174CP,2024/2/24 19:05,144864,15.18192099,0.0009048,97.4673,132.2339,234.1812,125.8582,0,999,1652,0.0006943,0.00014157,0,4197528,0 NINJASAT,1 58341U 23174CP  24055.79552251  .00014157  00000-0  69430-3 0  9993,2 58341  97.4673 132.2339 0009048 234.1812 125.8582 15.18192099 16524,2023-174CP,58341,6889.442,94.85,517.54,505.073,0
GENERATED VIA SPACETRACK.ORG API,18 SPCS,58341,NINJASAT,PAYLOAD,U,23174CP,2024/2/24 20:40,756768,15.18193642,0.0009048,97.4673,132.2989,233.8935,126.1462,0,999,1653,0.00069133,0.00014097,0,4197760,0 NINJASAT,1 58341U 23174CP  24055.86143237  .00014097  00000-0  69133-3 0  9994,2 58341  97.4673 132.2989 0009048 233.8935 126.1462 15.18193642 16534,2023-174CP,58341,6889.437,94.85,517.535,505.068,0
GENERATED VIA SPACETRACK.ORG API,18 SPCS,58341,NINJASAT,PAYLOAD,U,23174CP,2024/2/24 23:50,955520,15.18197726,0.0009061,97.4672,132.429,233.3261,126.7141,0,999,1655,0.00072053,0.00014698,0,4197853,0 NINJASAT,1 58341U 23174CP  24055.99325180  .00014698  00000-0  72053-3 0  9999,2 58341  97.4672 132.4290 0009061 233.3261 126.7141 15.18197726 16551,2023-174CP,58341,6889.425,94.849,517.532,505.047,0
GENERATED VIA SPACETRACK.ORG API,18 SPCS,58341,NINJASAT,PAYLOAD,U,23174CP,2024/2/25 10:54,912256,15.18211364,0.0009097,97.467,132.8843,231.6328,128.4089,0,999,1662,0.00075681,0.0001545,0,4198105,0 NINJASAT,1 58341U 23174CP  24056.45461704  .00015450  00000-0  75681-3 0  9991,2 58341  97.4670 132.8843 0009097 231.6328 128.4089 15.18211364 16624,2023-174CP,58341,6889.383,94.848,517.516,504.981,0
GENERATED VIA SPACETRACK.ORG API,18 SPCS,58341,NINJASAT,PAYLOAD,U,23174CP,2024/2/25 12:29,432576,15.18215301,0.0009114,97.4669,132.9494,231.4421,128.5997,0,999,1663,0.00083482,0.00017055,0,4198379,0 NINJASAT,1 58341U 23174CP  24056.52052584  .00017055  00000-0  83482-3 0  9992,2 58341  97.4669 132.9494 0009114 231.4421 128.5997 15.18215301 16632,2023-174CP,58341,6889.371,94.848,517.515,504.957,0
GENERATED VIA SPACETRACK.ORG API,18 SPCS,58341,NINJASAT,PAYLOAD,U,23174CP,2024/2/25 18:49,483616,15.18224002,0.0009138,97.4667,133.2095,230.5214,129.5213,0,999,1667,0.00084813,0.00017333,0,4198434,0 NINJASAT,1 58341U 23174CP  24056.78416069  .00017333  00000-0  84813-3 0  9990,2 58341  97.4667 133.2095 0009138 230.5214 129.5213 15.18224002 16671,2023-174CP,58341,6889.345,94.848,517.506,504.915,0
GENERATED VIA SPACETRACK.ORG API,18 SPCS,58341,NINJASAT,PAYLOAD,U,23174CP,2024/2/25 20:24,981472,15.18224936,0.0009152,97.4667,133.2746,230.2531,129.7897,0,999,1668,0.00080667,0.00016481,0,4198683,0 NINJASAT,1 58341U 23174CP  24056.85006923  .00016481  00000-0  80667-3 0  9998,2 58341  97.4667 133.2746 0009152 230.2531 129.7897 15.18224936 16686,2023-174CP,58341,6889.342,94.848,517.512,504.902,0
GENERATED VIA SPACETRACK.ORG API,18 SPCS,58341,NINJASAT,PAYLOAD,U,23174CP,2024/2/26 4:18,322144,15.1823667,0.0009172,97.4666,133.5998,229.1848,130.8591,0,999,1673,0.00083904,0.00017152,0,4198791,0 NINJASAT,1 58341U 23174CP  24057.17961021  .00017152  00000-0  83904-3 0  9996,2 58341  97.4666 133.5998 0009172 229.1848 130.8591 15.18236670 16735,2023-174CP,58341,6889.307,94.847,517.491,504.853,0
GENERATED VIA SPACETRACK.ORG API,18 SPCS,58341,NINJASAT,PAYLOAD,U,23174CP,2024/2/26 10:38,19808,15.18245504,0.00092,97.4665,133.86,228.3359,131.7088,0,999,1677,0.00085074,0.00017398,0,4199038,0 NINJASAT,1 58341U 23174CP  24057.44324097  .00017398  00000-0  85074-3 0  9994,2 58341  97.4665 133.8600 0009200 228.3359 131.7088 15.18245504 16778,2023-174CP,58341,6889.28,94.846,517.483,504.807,0
GENERATED VIA SPACETRACK.ORG API,18 SPCS,58341,NINJASAT,PAYLOAD,U,23174CP,2024/2/26 13:48,824576,15.18250018,0.0009211,97.4664,133.9901,227.8694,132.1758,0,999,1679,0.00084591,0.00017301,0,4199244,0 NINJASAT,1 58341U 23174CP  24057.57505584  .00017301  00000-0  84591-3 0  9997,2 58341  97.4664 133.9901 0009211 227.8694 132.1758 15.18250018 16797,2023-174CP,58341,6889.266,94.846,517.477,504.786,0
GENERATED VIA SPACETRACK.ORG API,18 SPCS,58341,NINJASAT,PAYLOAD,U,23174CP,2024/2/26 18:32,990688,15.18256037,0.0009229,97.4663,134.1853,227.1702,132.8757,0,999,1682,0.00082464,0.00016866,0,4199279,0 NINJASAT,1 58341U 23174CP  24057.77277767  .00016866  00000-0  82464-3 0  9990,2 58341  97.4663 134.1853 0009229 227.1702 132.8757 15.18256037 16824,2023-174CP,58341,6889.248,94.846,517.471,504.755,0
GENERATED VIA SPACETRACK.ORG API,18 SPCS,58341,NINJASAT,PAYLOAD,U,23174CP,2024/2/26 21:42,750528,15.18258186,0.000926,97.4662,134.3154,226.726,133.3202,0,999,1684,0.00076381,0.00015615,0,4199532,0 NINJASAT,1 58341U 23174CP  24057.90459202  .00015615  00000-0  76381-3 0  9993,2 58341  97.4662 134.3154 0009260 226.7260 133.3202 15.18258186 16848,2023-174CP,58341,6889.242,94.846,517.486,504.727,0
GENERATED VIA SPACETRACK.ORG API,18 SPCS,58341,NINJASAT,PAYLOAD,U,23174CP,2024/2/27 4:02,150976,15.182664,0.0009281,97.4661,134.5756,225.6979,134.3495,0,999,1688,0.00075653,0.00015469,0,4199577,0 NINJASAT,1 58341U 23174CP  24058.16821934  .00015469  00000-0  75653-3 0  9995,2 58341  97.4661 134.5756 0009281 225.6979 134.3495 15.18266400 16882,2023-174CP,58341,6889.217,94.845,517.476,504.688,0
GENERATED VIA SPACETRACK.ORG API,18 SPCS,58341,NINJASAT,PAYLOAD,U,23174CP,2024/2/27 10:21,416640,15.18274413,0.0009292,97.466,134.8358,224.8149,135.2335,0,999,1692,0.00076773,0.00015703,0,4199839,0 NINJASAT,1 58341U 23174CP  24058.43184510  .00015703  00000-0  76773-3 0  9992,2 58341  97.4660 134.8358 0009292 224.8149 135.2335 15.18274413 16925,2023-174CP,58341,6889.193,94.845,517.459,504.656,0
GENERATED VIA SPACETRACK.ORG API,18 SPCS,58341,NINJASAT,PAYLOAD,U,23174CP,2024/2/27 13:31,17504,15.18277748,0.0009296,97.466,134.9659,224.3101,135.739,0,999,1694,0.0007385,0.00015103,0,4200159,0 NINJASAT,1 58341U 23174CP  24058.56365761  .00015103  00000-0  73850-3 0  9992,2 58341  97.4660 134.9659 0009296 224.3101 135.7390 15.18277748 16949,2023-174CP,58341,6889.183,94.844,517.452,504.643,0
GENERATED VIA SPACETRACK.ORG API,18 SPCS,58341,NINJASAT,PAYLOAD,U,23174CP,2024/2/27 18:16,878624,15.18282454,0.0009313,97.466,135.1611,223.4906,136.5594,0,999,1697,0.00069376,0.00014184,0,4200233,0 NINJASAT,1 58341U 23174CP  24058.76137591  .00014184  00000-0  69376-3 0  9998,2 58341  97.4660 135.1611 0009313 223.4906 136.5594 15.18282454 16971,2023-174CP,58341,6889.168,94.844,517.449,504.617,0
GENERATED VIA SPACETRACK.ORG API,18 SPCS,58341,NINJASAT,PAYLOAD,U,23174CP,2024/2/27 21:26,431968,15.1828441,0.0009322,97.466,135.2913,222.9716,137.079,0,999,1699,0.0006401,0.00013081,0,4200457,0 NINJASAT,1 58341U 23174CP  24058.89318787  .00013081  00000-0  64010-3 0  9995,2 58341  97.4660 135.2913 0009322 222.9716 137.0790 15.18284410 16990,2023-174CP,58341,6889.162,94.844,517.449,504.605,0
GENERATED VIA SPACETRACK.ORG API,18 SPCS,58341,NINJASAT,PAYLOAD,U,23174CP,2024/2/28 3:45,423744,15.18292647,0.0009338,97.4659,135.5514,221.861,138.1911,0,999,1703,0.00066622,0.00013621,0,4200553,0 NINJASAT,1 58341U 23174CP  24059.15681046  .00013621  00000-0  66622-3 0  9997,2 58341  97.4659 135.5514 0009338 221.8610 138.1911 15.18292647 17030,2023-174CP,58341,6889.137,94.843,517.436,504.569,0
GENERATED VIA SPACETRACK.ORG API,18 SPCS,58341,NINJASAT,PAYLOAD,U,23174CP,2024/2/28 11:40,528896,15.18300391,0.0009333,97.4659,135.8767,220.6577,139.3961,0,999,1708,0.00063627,0.00013008,0,4200805,0 NINJASAT,1 58341U 23174CP  24059.48633714  .00013008  00000-0  63627-3 0  9993,2 58341  97.4659 135.8767 0009333 220.6577 139.3961 15.18300391 17086,2023-174CP,58341,6889.114,94.843,517.409,504.549,0
GENERATED VIA SPACETRACK.ORG API,18 SPCS,58341,NINJASAT,PAYLOAD,U,23174CP,2024/2/28 13:15,735584,15.18301468,0.0009336,97.4659,135.9418,220.4394,139.6147,0,999,1709,0.00060566,0.00012378,0,4201083,0 NINJASAT,1 58341U 23174CP  24059.55224231  .00012378  00000-0  60566-3 0  9999,2 58341  97.4659 135.9418 0009336 220.4394 139.6147 15.18301468 17094,2023-174CP,58341,6889.111,94.843,517.407,504.544,0
GENERATED VIA SPACETRACK.ORG API,18 SPCS,58341,NINJASAT,PAYLOAD,U,23174CP,2024/2/28 17:59,311584,15.18306279,0.0009346,97.4659,136.137,219.644,140.4112,0,999,1712,0.00058278,0.00011909,0,4201124,0 NINJASAT,1 58341U 23174CP  24059.74995731  .00011909  00000-0  58278-3 0  9996,2 58341  97.4659 136.1370 0009346 219.6440 140.4112 15.18306279 17128,2023-174CP,58341,6889.096,94.843,517.4,504.523,0
GENERATED VIA SPACETRACK.ORG API,18 SPCS,58341,NINJASAT,PAYLOAD,U,23174CP,2024/2/28 21:09,674848,15.18308368,0.0009355,97.4659,136.267,219.092,140.9639,0,999,1714,0.00054524,0.00011137,0,4201365,0 NINJASAT,1 58341U 23174CP  24059.88176707  .00011137  00000-0  54524-3 0  9998,2 58341  97.4659 136.2670 0009355 219.0920 140.9639 15.18308368 17141,2023-174CP,58341,6889.09,94.842,517.4,504.51,0
GENERATED VIA SPACETRACK.ORG API,18 SPCS,58341,NINJASAT,PAYLOAD,U,23174CP,2024/2/29 3:29,327072,15.18315003,0.0009364,97.4658,136.5273,217.9406,142.1169,0,999,1718,0.00055144,0.00011267,0,4201427,0 NINJASAT,1 58341U 23174CP  24060.14538573  .00011267  00000-0  55144-3 0  9995,2 58341  97.4658 136.5273 0009364 217.9406 142.1169 15.18315003 17188,2023-174CP,58341,6889.07,94.842,517.386,504.484,0
GENERATED VIA SPACETRACK.ORG API,18 SPCS,58341,NINJASAT,PAYLOAD,U,23174CP,2024/2/29 11:23,15776,15.18322123,0.0009372,97.4657,136.8526,216.6277,143.4317,0,999,1723,0.00055149,0.0001127,0,4201707,0 NINJASAT,1 58341U 23174CP  24060.47490759  .00011270  00000-0  55149-3 0  9993,2 58341  97.4657 136.8526 0009372 216.6277 143.4317 15.18322123 17238,2023-174CP,58341,6889.048,94.842,517.37,504.457,0
GENERATED VIA SPACETRACK.ORG API,18 SPCS,58341,NINJASAT,PAYLOAD,U,23174CP,2024/2/29 12:58,135200,15.18323948,0.0009377,97.4657,136.9176,216.4291,143.6306,0,999,1724,0.00056131,0.00011473,0,4201938,0 NINJASAT,1 58341U 23174CP  24060.54081175  .00011473  00000-0  56131-3 0  9996,2 58341  97.4657 136.9176 0009377 216.4291 143.6306 15.18323948 17246,2023-174CP,58341,6889.043,94.841,517.368,504.448,0
GENERATED VIA SPACETRACK.ORG API,18 SPCS,58341,NINJASAT,PAYLOAD,U,23174CP,2024/2/29 19:18,566240,15.1832976,0.0009389,97.4657,137.1779,215.4373,144.6238,0,999,1728,0.00054217,0.00011081,0,4202060,0 NINJASAT,1 58341U 23174CP  24060.80442785  .00011081  00000-0  54217-3 0  9991,2 58341  97.4657 137.1779 0009389 215.4373 144.6238 15.18329760 17288,2023-174CP,58341,6889.025,94.841,517.358,504.422,0
GENERATED VIA SPACETRACK.ORG API,18 SPCS,58341,NINJASAT,PAYLOAD,U,23174CP,2024/2/29 20:53,658880,15.18331088,0.0009395,97.4657,137.243,215.2091,144.8523,0,999,1729,0.00053936,0.00011023,0,4202276,0 NINJASAT,1 58341U 23174CP  24060.87033170  .00011023  00000-0  53936-3 0  9995,2 58341  97.4657 137.2430 0009395 215.2091 144.8523 15.18331088 17291,2023-174CP,58341,6889.021,94.841,517.358,504.414,0
GENERATED VIA SPACETRACK.ORG API,18 SPCS,58341,NINJASAT,PAYLOAD,U,23174CP,2024/3/1 3:12,987968,15.18336845,0.0009415,97.4655,137.5031,214.1395,145.9234,0,999,1733,0.00053142,0.00010862,0,4202366,0 NINJASAT,1 58341U 23174CP  24061.13394662  .00010862  00000-0  53142-3 0  9990,2 58341  97.4655 137.5031 0009415 214.1395 145.9234 15.18336845 17339,2023-174CP,58341,6889.004,94.841,517.355,504.383,0
GENERATED VIA SPACETRACK.ORG API,18 SPCS,58341,NINJASAT,PAYLOAD,U,23174CP,2024/3/1 11:07,232576,15.18346232,0.0009438,97.4655,137.8285,212.939,147.1257,0,999,1738,0.00061767,0.00012642,0,4202637,0 NINJASAT,1 58341U 23174CP  24061.46346334  .00012642  00000-0  61767-3 0  9999,2 58341  97.4655 137.8285 0009438 212.9390 147.1257 15.18346232 17384,2023-174CP,58341,6888.975,94.84,517.342,504.339,0
GENERATED VIA SPACETRACK.ORG API,18 SPCS,58341,NINJASAT,PAYLOAD,U,23174CP,2024/3/1 12:42,272512,15.1834772,0.0009451,97.4655,137.8936,212.7509,147.3141,0,999,1739,0.00061911,0.00012672,0,4202819,0 NINJASAT,1 58341U 23174CP  24061.52936658  .00012672  00000-0  61911-3 0  9994,2 58341  97.4655 137.8936 0009451 212.7509 147.3141 15.18347720 17390,2023-174CP,58341,6888.971,94.84,517.347,504.325,0
GENERATED VIA SPACETRACK.ORG API,18 SPCS,58341,NINJASAT,PAYLOAD,U,23174CP,2024/3/1 19:01,344128,15.18354226,0.0009468,97.4654,138.1538,211.886,148.1802,0,999,1743,0.0006112,0.00012512,0,4202967,0 NINJASAT,1 58341U 23174CP  24061.79297852  .00012512  00000-0  61120-3 0  9994,2 58341  97.4654 138.1538 0009468 211.8860 148.1802 15.18354226 17436,2023-174CP,58341,6888.951,94.84,517.339,504.294,0
GENERATED VIA SPACETRACK.ORG API,18 SPCS,58341,NINJASAT,PAYLOAD,U,23174CP,2024/3/1 20:36,347776,15.18354904,0.0009479,97.4653,138.2188,211.7242,148.3422,0,999,1744,0.00057669,0.00011801,0,4203428,0 NINJASAT,1 58341U 23174CP  24061.85888134  .00011801  00000-0  57669-3 0  9993,2 58341  97.4653 138.2188 0009479 211.7242 148.3422 15.18354904 17446,2023-174CP,58341,6888.949,94.839,517.344,504.284,0
GENERATED VIA SPACETRACK.ORG API,18 SPCS,58341,NINJASAT,PAYLOAD,U,23174CP,2024/3/2 2:56,319168,15.18361318,0.000947,97.4652,138.479,210.8604,149.2074,0,999,1748,0.00057432,0.00011754,0,4203641,0 NINJASAT,1 58341U 23174CP  24062.12249212  .00011754  00000-0  57432-3 0  9997,2 58341  97.4652 138.4790 0009470 210.8604 149.2074 15.18361318 17483,2023-174CP,58341,6888.93,94.839,517.319,504.271,0
GENERATED VIA SPACETRACK.ORG API,18 SPCS,58341,NINJASAT,PAYLOAD,U,23174CP,2024/3/2 10:50,65248,15.18371895,0.0009501,97.4652,138.8044,209.5804,150.4893,0,999,1753,0.00065666,0.00013456,0,4203982,0 NINJASAT,1 58341U 23174CP  24062.45200307  .00013456  00000-0  65666-3 0  9994,2 58341  97.4652 138.8044 0009501 209.5804 150.4893 15.18371895 17531,2023-174CP,58341,6888.898,94.838,517.308,504.218,0
GENERATED VIA SPACETRACK.ORG API,18 SPCS,58341,NINJASAT,PAYLOAD,U,23174CP,2024/3/2 12:25,991136,15.1837421,0.0009502,97.4652,138.8694,209.485,150.5849,0,999,1754,0.00067275,0.00013789,0,4204354,0 NINJASAT,1 58341U 23174CP  24062.51790499  .00013789  00000-0  67275-3 0  9994,2 58341  97.4652 138.8694 0009502 209.4850 150.5849 15.18374210 17540,2023-174CP,58341,6888.891,94.838,517.302,504.21,0
GENERATED VIA SPACETRACK.ORG API,18 SPCS,58341,NINJASAT,PAYLOAD,U,23174CP,2024/3/2 18:45,712832,15.18379607,0.000951,97.4652,139.1296,208.5154,151.5561,0,999,1758,0.00062357,0.00012776,0,4204464,0 NINJASAT,1 58341U 23174CP  24062.78151288  .00012776  00000-0  62357-3 0  9991,2 58341  97.4652 139.1296 0009510 208.5154 151.5561 15.18379607 17589,2023-174CP,58341,6888.874,94.838,517.291,504.188,0
GENERATED VIA SPACETRACK.ORG API,18 SPCS,58341,NINJASAT,PAYLOAD,U,23174CP,2024/3/2 20:20,616256,15.18380163,0.0009527,97.4652,139.1948,208.3009,151.7709,0,999,1759,0.00057741,0.00011824,0,4204905,0 NINJASAT,1 58341U 23174CP  24062.84741454  .00011824  00000-0  57741-3 0  9992,2 58341  97.4652 139.1948 0009527 208.3009 151.7709 15.18380163 17594,2023-174CP,58341,6888.873,94.838,517.301,504.175,0
GENERATED VIA SPACETRACK.ORG API,18 SPCS,58341,NINJASAT,PAYLOAD,U,23174CP,2024/3/3 4:14,45248,15.18389829,0.0009583,97.4652,139.5202,207.0778,152.9958,0,999,1764,0.00061572,0.00012618,0,4205058,0 NINJASAT,1 58341U 23174CP  24063.17692182  .00012618  00000-0  61572-3 0  9991,2 58341  97.4652 139.5202 0009583 207.0778 152.9958 15.18389829 17645,2023-174CP,58341,6888.843,94.837,517.31,504.107,0
GENERATED VIA SPACETRACK.ORG API,18 SPCS,58341,NINJASAT,PAYLOAD,U,23174CP,2024/3/3 10:34,469728,15.18397037,0.0009626,97.4653,139.7808,206.3676,153.707,0,999,1768,0.00065775,0.00013489,0,4205627,0 NINJASAT,1 58341U 23174CP  24063.44052627  .00013489  00000-0  65775-3 0  9991,2 58341  97.4653 139.7808 0009626 206.3676 153.7070 15.18397037 17685,2023-174CP,58341,6888.822,94.837,517.318,504.055,0
GENERATED VIA SPACETRACK.ORG API,18 SPCS,58341,NINJASAT,PAYLOAD,U,23174CP,2024/3/3 12:09,326496,15.18397768,0.000963,97.4652,139.8456,206.0838,153.9912,0,999,1769,0.00062629,0.00012839,0,4206173,0 NINJASAT,1 58341U 23174CP  24063.50642739  .00012839  00000-0  62629-3 0  9990,2 58341  97.4652 139.8456 0009630 206.0838 153.9912 15.18397768 17695,2023-174CP,58341,6888.819,94.837,517.318,504.051,0
GENERATED VIA SPACETRACK.ORG API,18 SPCS,58341,NINJASAT,PAYLOAD,U,23174CP,2024/3/3 18:28,608416,15.18407165,0.0009654,97.4652,140.1059,205.2159,154.8605,0,999,1773,0.00071014,0.00014575,0,4206335,0 NINJASAT,1 58341U 23174CP  24063.77003019  .00014575  00000-0  71014-3 0  9998,2 58341  97.4652 140.1059 0009654 205.2159 154.8605 15.18407165 17739,2023-174CP,58341,6888.791,94.836,517.306,504.006,0
GENERATED VIA SPACETRACK.ORG API,18 SPCS,58341,NINJASAT,PAYLOAD,U,23174CP,2024/3/3 20:03,336448,15.18425996,0.0009646,97.4652,140.1709,205.1442,154.9323,0,999,1774,0.0013899,0.00028661,0,4206364,0 NINJASAT,1 58341U 23174CP  24063.83592982  .00028661  00000-0  13899-2 0  9994,2 58341  97.4652 140.1709 0009646 205.1442 154.9323 15.18425996 17747,2023-174CP,58341,6888.734,94.835,517.244,503.954,0
GENERATED VIA SPACETRACK.ORG API,18 SPCS,58341,NINJASAT,PAYLOAD,U,23174CP,2024/3/4 3:58,59552,15.18434178,0.0009694,97.4651,140.4962,203.7963,156.2824,0,999,1779,0.0011772,0.00024256,0,4206581,0 NINJASAT,1 58341U 23174CP  24064.16542893  .00024256  00000-0  11772-2 0  9991,2 58341  97.4651 140.4962 0009694 203.7963 156.2824 15.18434178 17793,2023-174CP,58341,6888.709,94.835,517.252,503.896,0
GENERATED VIA SPACETRACK.ORG API,18 SPCS,58341,NINJASAT,PAYLOAD,U,23174CP,2024/3/4 11:52,744640,15.1843838,0.0009709,97.4652,140.8214,202.5725,157.5083,0,999,1784,0.0009419,0.00019384,0,4207309,0 NINJASAT,1 58341U 23174CP  24064.49492760  .00019384  00000-0  94190-3 0  9996,2 58341  97.4652 140.8214 0009709 202.5725 157.5083 15.18438380 17844,2023-174CP,58341,6888.697,94.834,517.25,503.873,0
GENERATED VIA SPACETRACK.ORG API,18 SPCS,58341,NINJASAT,PAYLOAD,U,23174CP,2024/3/4 13:27,437248,15.18437495,0.000971,97.4652,140.8865,202.246,157.8354,0,999,1785,0.00078899,0.00016219,0,4208022,0 NINJASAT,1 58341U 23174CP  24064.56082682  .00016219  00000-0  78899-3 0  9994,2 58341  97.4652 140.8865 0009710 202.2460 157.8354 15.18437495 17852,2023-174CP,58341,6888.699,94.834,517.253,503.875,0
GENERATED VIA SPACETRACK.ORG API,18 SPCS,58341,NINJASAT,PAYLOAD,U,23174CP,2024/3/4 19:47,93632,15.18446646,0.0009737,97.4653,141.1468,201.307,158.776,0,999,1789,0.00073982,0.00015206,0,4208081,0 NINJASAT,1 58341U 23174CP  24064.82442238  .00015206  00000-0  73982-3 0  9993,2 58341  97.4653 141.1468 0009737 201.3070 158.7760 15.18446646 17895,2023-174CP,58341,6888.672,94.834,517.244,503.829,0
GENERATED VIA SPACETRACK.ORG API,18 SPCS,58341,NINJASAT,PAYLOAD,U,23174CP,2024/3/4 21:22,711072,15.18449129,0.000974,97.4653,141.2118,201.0536,159.0299,0,999,1790,0.00071967,0.0001479,0,4208633,0 NINJASAT,1 58341U 23174CP  24064.89032073  .00014790  00000-0  71967-3 0  9990,2 58341  97.4653 141.2118 0009740 201.0536 159.0299 15.18449129 17908,2023-174CP,58341,6888.664,94.834,517.239,503.82,0
GENERATED VIA SPACETRACK.ORG API,18 SPCS,58341,NINJASAT,PAYLOAD,U,23174CP,2024/3/5 3:41,188608,15.1845831,0.0009762,97.4654,141.4721,200.057,160.0281,0,999,1794,0.00068024,0.00013978,0,4208707,0 NINJASAT,1 58341U 23174CP  24065.15391422  .00013978  00000-0  68024-3 0  9993,2 58341  97.4654 141.4721 0009762 200.0570 160.0281 15.18458310 17941,2023-174CP,58341,6888.636,94.833,517.226,503.777,0
GENERATED VIA SPACETRACK.ORG API,18 SPCS,58341,NINJASAT,PAYLOAD,U,23174CP,2024/3/5 13:10,594304,15.18474203,0.0009779,97.4655,141.8624,198.6015,161.4863,0,999,1800,0.00074,0.00015222,0,4209183,0 NINJASAT,1 58341U 23174CP  24065.54930086  .00015222  00000-0  74000-3 0  9996,2 58341  97.4655 141.8624 0009779 198.6015 161.4863 15.18474203 18000,2023-174CP,58341,6888.588,94.832,517.19,503.717,0
GENERATED VIA SPACETRACK.ORG API,18 SPCS,58341,NINJASAT,PAYLOAD,U,23174CP,2024/3/5 19:30,750432,15.18481736,0.0009795,97.4656,142.1227,197.607,162.4826,0,999,1804,0.00068809,0.0001415,0,4209379,0 NINJASAT,1 58341U 23174CP  24065.81289063  .00014150  00000-0  68809-3 0  9997,2 58341  97.4656 142.1227 0009795 197.6070 162.4826 15.18481736 18045,2023-174CP,58341,6888.566,94.832,517.178,503.683,0
GENERATED VIA SPACETRACK.ORG API,18 SPCS,58341,NINJASAT,PAYLOAD,U,23174CP,2024/3/6 3:25,267392,15.18493372,0.0009818,97.4656,142.448,196.2517,163.8404,0,999,1809,0.00073491,0.00015125,0,4210439,0 NINJASAT,1 58341U 23174CP  24066.14237578  .00015125  00000-0  73491-3 0  9994,2 58341  97.4656 142.4480 0009818 196.2517 163.8404 15.18493372 18097,2023-174CP,58341,6888.53,94.831,517.158,503.632,0
GENERATED VIA SPACETRACK.ORG API,18 SPCS,58341,NINJASAT,PAYLOAD,U,23174CP,2024/3/6 11:19,597728,15.18502312,0.0009825,97.4656,142.7734,195.0325,165.0619,0,999,1814,0.00070369,0.00014482,0,4210925,0 NINJASAT,1 58341U 23174CP  24066.47185877  .00014482  00000-0  70369-3 0  9990,2 58341  97.4656 142.7734 0009825 195.0325 165.0619 15.18502312 18147,2023-174CP,58341,6888.503,94.83,517.136,503.6,0
GENERATED VIA SPACETRACK.ORG API,18 SPCS,58341,NINJASAT,PAYLOAD,U,23174CP,2024/3/6 12:54,26816,15.18506305,0.0009825,97.4656,142.8385,194.7993,165.2955,0,999,1815,0.00077415,0.00015944,0,4211361,0 NINJASAT,1 58341U 23174CP  24066.53775494  .00015944  00000-0  77415-3 0  9990,2 58341  97.4656 142.8385 0009825 194.7993 165.2955 15.18506305 18159,2023-174CP,58341,6888.491,94.83,517.124,503.588,0
GENERATED VIA SPACETRACK.ORG API,18 SPCS,58341,NINJASAT,PAYLOAD,U,23174CP,2024/3/6 19:13,742304,15.18512866,0.0009837,97.4656,143.0987,193.827,166.2696,0,999,1819,0.00070878,0.00014592,0,4211524,0 NINJASAT,1 58341U 23174CP  24066.80133961  .00014592  00000-0  70878-3 0  9991,2 58341  97.4656 143.0987 0009837 193.8270 166.2696 15.18512866 18197,2023-174CP,58341,6888.471,94.83,517.113,503.56,0
GENERATED VIA SPACETRACK.ORG API,18 SPCS,58341,NINJASAT,PAYLOAD,U,23174CP,2024/3/7 4:43,115520,15.18522075,0.0009878,97.4656,143.489,192.351,167.7484,0,999,1825,0.00061645,0.00012683,0,4211952,0 NINJASAT,1 58341U 23174CP  24067.19671430  .00012683  00000-0  61645-3 0  9993,2 58341  97.4656 143.4890 0009878 192.3510 167.7484 15.18522075 18251,2023-174CP,58341,6888.444,94.829,517.113,503.504,0
GENERATED VIA SPACETRACK.ORG API,18 SPCS,58341,NINJASAT,PAYLOAD,U,23174CP,2024/3/7 11:02,544160,15.18530011,0.0009897,97.4655,143.7493,191.4592,168.6418,0,999,1829,0.00066045,0.00013598,0,4212721,0 NINJASAT,1 58341U 23174CP  24067.46029565  .00013598  00000-0  66045-3 0  9994,2 58341  97.4655 143.7493 0009897 191.4592 168.6418 15.18530011 18293,2023-174CP,58341,6888.42,94.829,517.102,503.467,0
GENERATED VIA SPACETRACK.ORG API,18 SPCS,58341,NINJASAT,PAYLOAD,U,23174CP,2024/3/8 1:16,377792,15.18547689,0.0009962,97.4653,144.3348,189.4921,170.6126,0,999,1838,0.00070616,0.00014553,0,4212837,0 NINJASAT,1 58341U 23174CP  24068.05334928  .00014553  00000-0  70616-3 0  9993,2 58341  97.4653 144.3348 0009962 189.4921 170.6126 15.18547689 18381,2023-174CP,58341,6888.366,94.827,517.093,503.369,0
GENERATED VIA SPACETRACK.ORG API,18 SPCS,58341,NINJASAT,PAYLOAD,U,23174CP,2024/3/8 4:26,921472,15.18551919,0.0009972,97.4653,144.4649,189.08,171.0255,0,999,1840,0.00071087,0.00014652,0,4213727,0 NINJASAT,1 58341U 23174CP  24068.18513798  .00014652  00000-0  71087-3 0  9994,2 58341  97.4653 144.4649 0009972 189.0800 171.0255 15.18551919 18401,2023-174CP,58341,6888.353,94.827,517.087,503.349,0
GENERATED VIA SPACETRACK.ORG API,18 SPCS,58341,NINJASAT,PAYLOAD,U,23174CP,2024/3/8 10:46,918112,15.18559318,0.0009993,97.4652,144.7251,188.3477,171.7593,0,999,1844,0.00072064,0.00014858,0,4214068,0 NINJASAT,1 58341U 23174CP  24068.44871433  .00014858  00000-0  72064-3 0  9990,2 58341  97.4652 144.7251 0009993 188.3477 171.7593 15.18559318 18444,2023-174CP,58341,6888.331,94.827,517.079,503.312,0
GENERATED VIA SPACETRACK.ORG API,18 SPCS,58341,NINJASAT,PAYLOAD,U,23174CP,2024/3/8 12:21,160576,15.18559584,0.0010008,97.4652,144.7901,188.1655,171.9418,0,999,1845,0.00065657,0.00013529,0,4214683,0 NINJASAT,1 58341U 23174CP  24068.51460834  .00013529  00000-0  65657-3 0  9991,2 58341  97.4652 144.7901 0010008 188.1655 171.9418 15.18559584 18455,2023-174CP,58341,6888.33,94.827,517.089,503.301,0
GENERATED VIA SPACETRACK.ORG API,18 SPCS,58341,NINJASAT,PAYLOAD,U,23174CP,2024/3/8 18:40,52672,15.18567165,0.0010025,97.4651,145.0503,187.3235,172.7855,0,999,1849,0.00066242,0.00013653,0,4214772,0 NINJASAT,1 58341U 23174CP  24068.77818348  .00013653  00000-0  66242-3 0  9995,2 58341  97.4651 145.0503 0010025 187.3235 172.7855 15.18567165 18492,2023-174CP,58341,6888.307,94.826,517.078,503.267,0
GENERATED VIA SPACETRACK.ORG API,18 SPCS,58341,NINJASAT,PAYLOAD,U,23174CP,2024/3/8 20:15,245024,15.18568283,0.0010031,97.465,145.1154,187.1615,172.9478,0,999,1850,0.00062726,0.00012924,0,4215142,0 NINJASAT,1 58341U 23174CP  24068.84407691  .00012924  00000-0  62726-3 0  9991,2 58341  97.4650 145.1154 0010031 187.1615 172.9478 15.18568283 18508,2023-174CP,58341,6888.304,94.826,517.078,503.259,0
GENERATED VIA SPACETRACK.ORG API,18 SPCS,58341,NINJASAT,PAYLOAD,U,23174CP,2024/3/9 4:09,155808,15.18578646,0.001006,97.4649,145.4407,186.0562,174.0552,0,999,1855,0.00066529,0.00013718,0,4215387,0 NINJASAT,1 58341U 23174CP  24069.17354347  .00013718  00000-0  66529-3 0  9994,2 58341  97.4649 145.4407 0010060 186.0562 174.0552 15.18578646 18556,2023-174CP,58341,6888.272,94.826,517.067,503.208,0
GENERATED VIA SPACETRACK.ORG API,18 SPCS,58341,NINJASAT,PAYLOAD,U,23174CP,2024/3/9 10:29,702304,15.18590177,0.0010068,97.4649,145.701,185.2578,174.8552,0,999,1859,0.00082318,0.00017003,0,4216005,0 NINJASAT,1 58341U 23174CP  24069.43711461  .00017003  00000-0  82318-3 0  9992,2 58341  97.4649 145.7010 0010068 185.2578 174.8552 15.18590177 18590,2023-174CP,58341,6888.238,94.825,517.038,503.167,0
GENERATED VIA SPACETRACK.ORG API,18 SPCS,58341,NINJASAT,PAYLOAD,U,23174CP,2024/3/9 12:04,841952,15.18589398,0.0010086,97.4648,145.7659,185.0993,175.014,0,999,1860,0.00071817,0.0001482,0,4216444,0 NINJASAT,1 58341U 23174CP  24069.50300743  .00014820  00000-0  71817-3 0  9993,2 58341  97.4648 145.7659 0010086 185.0993 175.0140 15.18589398 18608,2023-174CP,58341,6888.24,94.825,517.052,503.157,0
GENERATED VIA SPACETRACK.ORG API,18 SPCS,58341,NINJASAT,PAYLOAD,U,23174CP,2024/3/9 18:23,283904,15.18597539,0.0010106,97.4647,146.0262,184.2662,175.8488,0,999,1864,0.00072436,0.00014953,0,4216540,0 NINJASAT,1 58341U 23174CP  24069.76657736  .00014953  00000-0  72436-3 0  9993,2 58341  97.4647 146.0262 0010106 184.2662 175.8488 15.18597539 18641,2023-174CP,58341,6888.215,94.824,517.042,503.119,0
GENERATED VIA SPACETRACK.ORG API,18 SPCS,58341,NINJASAT,PAYLOAD,U,23174CP,2024/3/9 21:33,479392,15.1860038,0.001013,97.4647,146.1562,183.7194,176.3967,0,999,1866,0.00070011,0.0001445,0,4216947,0 NINJASAT,1 58341U 23174CP  24069.89836203  .00014450  00000-0  70011-3 0  9994,2 58341  97.4647 146.1562 0010130 183.7194 176.3967 15.18600380 18665,2023-174CP,58341,6888.207,94.824,517.049,503.094,0
GENERATED VIA SPACETRACK.ORG API,18 SPCS,58341,NINJASAT,PAYLOAD,U,23174CP,2024/3/10 3:53,749408,15.18608875,0.0010147,97.4646,146.4164,182.837,177.2808,0,999,1870,0.00071692,0.00014803,0,4217185,0 NINJASAT,1 58341U 23174CP  24070.16192997  .00014803  00000-0  71692-3 0  9999,2 58341  97.4646 146.4164 0010147 182.8370 177.2808 15.18608875 18705,2023-174CP,58341,6888.181,94.824,517.035,503.057,0
GENERATED VIA SPACETRACK.ORG API,18 SPCS,58341,NINJASAT,PAYLOAD,U,23174CP,2024/3/10 11:47,920608,15.18617449,0.0010155,97.4646,146.7418,181.6419,178.4784,0,999,1875,0.00067958,0.0001403,0,4217893,0 NINJASAT,1 58341U 23174CP  24070.49138797  .00014030  00000-0  67958-3 0  9995,2 58341  97.4646 146.7418 0010155 181.6419 178.4784 15.18617449 18758,2023-174CP,58341,6888.155,94.823,517.015,503.025,0
GENERATED VIA SPACETRACK.ORG API,18 SPCS,58341,NINJASAT,PAYLOAD,U,23174CP,2024/3/10 13:22,934112,15.18619646,0.0010159,97.4645,146.8068,181.3918,178.7289,0,999,1876,0.00068563,0.00014157,0,4218257,0 NINJASAT,1 58341U 23174CP  24070.55727933  .00014157  00000-0  68563-3 0  9991,2 58341  97.4645 146.8068 0010159 181.3918 178.7289 15.18619646 18769,2023-174CP,58341,6888.148,94.823,517.011,503.016,0
GENERATED VIA SPACETRACK.ORG API,18 SPCS,58341,NINJASAT,PAYLOAD,U,23174CP,2024/3/10 19:42,937152,15.18626096,0.0010184,97.4645,147.067,180.4199,179.7028,0,999,1880,0.00063847,0.0001318,0,4218434,0 NINJASAT,1 58341U 23174CP  24070.82084418  .00013180  00000-0  63847-3 0  9990,2 58341  97.4645 147.0670 0010184 180.4199 179.7028 15.18626096 18804,2023-174CP,58341,6888.129,94.823,517.009,502.979,0
GENERATED VIA SPACETRACK.ORG API,18 SPCS,58341,NINJASAT,PAYLOAD,U,23174CP,2024/3/10 21:16,920416,15.18627773,0.0010195,97.4645,147.132,180.1827,179.9405,0,999,1881,0.00063634,0.00013136,0,4218864,0 NINJASAT,1 58341U 23174CP  24070.88673519  .00013136  00000-0  63634-3 0  9997,2 58341  97.4645 147.1320 0010195 180.1827 179.9405 15.18627773 18819,2023-174CP,58341,6888.124,94.822,517.011,502.966,0
GENERATED VIA SPACETRACK.ORG API,18 SPCS,58341,NINJASAT,PAYLOAD,U,23174CP,2024/3/11 3:36,770528,15.18636459,0.0010217,97.4644,147.3923,179.219,180.9062,0,999,1885,0.00067466,0.00013936,0,4218996,0 NINJASAT,1 58341U 23174CP  24071.15029827  .00013936  00000-0  67466-3 0  9990,2 58341  97.4644 147.3923 0010217 179.2190 180.9062 15.18636459 18852,2023-174CP,58341,6888.098,94.822,517,502.925,0
GENERATED VIA SPACETRACK.ORG API,18 SPCS,58341,NINJASAT,PAYLOAD,U,23174CP,2024/3/11 11:30,429376,15.1864456,0.0010234,97.4642,147.7176,178.0565,182.0711,0,999,1890,0.00064184,0.00013257,0,4219575,0 NINJASAT,1 58341U 23174CP  24071.47975034  .00013257  00000-0  64184-3 0  9995,2 58341  97.4642 147.7176 0010234 178.0565 182.0711 15.18644560 18908,2023-174CP,58341,6888.073,94.821,516.987,502.889,0
GENERATED VIA SPACETRACK.ORG API,18 SPCS,58341,NINJASAT,PAYLOAD,U,23174CP,2024/3/11 13:05,339200,15.18646852,0.0010235,97.4642,147.7826,177.846,182.282,0,999,1891,0.00065484,0.00013528,0,4220034,0 NINJASAT,1 58341U 23174CP  24071.54564050  .00013528  00000-0  65484-3 0  9990,2 58341  97.4642 147.7826 0010235 177.8460 182.2820 15.18646852 18912,2023-174CP,58341,6888.066,94.821,516.981,502.881,0
GENERATED VIA SPACETRACK.ORG API,18 SPCS,58341,NINJASAT,PAYLOAD,U,23174CP,2024/3/11 19:25,927520,15.18652794,0.0010262,97.4642,148.0428,176.9326,183.1973,0,999,1895,0.00059033,0.00012189,0,4220105,0 NINJASAT,1 58341U 23174CP  24071.80920055  .00012189  00000-0  59033-3 0  9995,2 58341  97.4642 148.0428 0010262 176.9326 183.1973 15.18652794 18950,2023-174CP,58341,6888.048,94.821,516.982,502.845,0
GENERATED VIA SPACETRACK.ORG API,18 SPCS,58341,NINJASAT,PAYLOAD,U,23174CP,2024/3/12 3:19,291744,15.18661383,0.0010313,97.464,148.3681,175.6559,184.4766,0,999,1900,0.00059313,0.0001225,0,4220708,0 NINJASAT,1 58341U 23174CP  24072.13864921  .00012250  00000-0  59313-3 0  9991,2 58341  97.4640 148.3681 0010313 175.6559 184.4766 15.18661383 19008,2023-174CP,58341,6888.022,94.82,516.991,502.784,0
GENERATED VIA SPACETRACK.ORG API,18 SPCS,58341,NINJASAT,PAYLOAD,U,23174CP,2024/3/12 11:14,494400,15.18668754,0.0010331,97.4638,148.6934,174.4571,185.6779,0,999,1905,0.00057543,0.00011885,0,4221206,0 NINJASAT,1 58341U 23174CP  24072.46809600  .00011885  00000-0  57543-3 0  9996,2 58341  97.4638 148.6934 0010331 174.4571 185.6779 15.18668754 19051,2023-174CP,58341,6888,94.82,516.981,502.749,0
GENERATED VIA SPACETRACK.ORG API,18 SPCS,58341,NINJASAT,PAYLOAD,U,23174CP,2024/3/12 15:58,944800,15.18674199,0.001034,97.4637,148.8886,173.7881,186.3483,0,999,1908,0.00058488,0.00012083,0,4221796,0 NINJASAT,1 58341U 23174CP  24072.66576325  .00012083  00000-0  58488-3 0  9993,2 58341  97.4637 148.8886 0010340 173.7881 186.3483 15.18674199 19087,2023-174CP,58341,6887.984,94.82,516.971,502.726,0
GENERATED VIA SPACETRACK.ORG API,18 SPCS,58341,NINJASAT,PAYLOAD,U,23174CP,2024/3/12 22:18,120128,15.18680228,0.0010363,97.4635,149.1489,172.9347,187.2035,0,999,1912,0.00057068,0.0001179,0,4222103,0 NINJASAT,1 58341U 23174CP  24072.92931852  .00011790  00000-0  57068-3 0  9999,2 58341  97.4635 149.1489 0010363 172.9347 187.2035 15.18680228 19129,2023-174CP,58341,6887.965,94.819,516.968,502.692,0
GENERATED VIA SPACETRACK.ORG API,18 SPCS,58341,NINJASAT,PAYLOAD,U,23174CP,2024/3/13 4:37,204736,15.18686183,0.0010393,97.4634,149.4091,172.0707,188.0693,0,999,1916,0.00053406,0.0001103,0,4222170,0 NINJASAT,1 58341U 23174CP  24073.19287274  .00011030  00000-0  53406-3 0  9990,2 58341  97.4634 149.4091 0010393 172.0707 188.0693 15.18686183 19163,2023-174CP,58341,6887.947,94.819,516.971,502.654,0
GENERATED VIA SPACETRACK.ORG API,18 SPCS,58341,NINJASAT,PAYLOAD,U,23174CP,2024/3/13 10:57,179616,15.1869438,0.0010403,97.4633,149.6694,171.3418,188.7997,0,999,1920,0.00062734,0.00012975,0,4222967,0 NINJASAT,1 58341U 23174CP  24073.45642569  .00012975  00000-0  62734-3 0  9994,2 58341  97.4633 149.6694 0010403 171.3418 188.7997 15.18694380 19203,2023-174CP,58341,6887.922,94.818,516.953,502.622,0
GENERATED VIA SPACETRACK.ORG API,18 SPCS,58341,NINJASAT,PAYLOAD,U,23174CP,2024/3/13 10:57,179616,15.1869438,0.0010403,97.4633,149.6694,171.3418,188.7997,0,999,1920,0.00062734,0.00012975,0,4223455,0 NINJASAT,1 58341U 23174CP  24073.45642569  .00012975  00000-0  62734-3 0  9994,2 58341  97.4633 149.6694 0010403 171.3418 188.7997 15.18694380 19203,2023-174CP,58341,6887.922,94.818,516.953,502.622,0
GENERATED VIA SPACETRACK.ORG API,18 SPCS,58341,NINJASAT,PAYLOAD,U,23174CP,2024/3/13 18:51,747232,15.18703278,0.0010423,97.4631,149.9947,170.3732,189.7704,0,999,1925,0.00062818,0.00012995,0,4223510,0 NINJASAT,1 58341U 23174CP  24073.78586513  .00012995  00000-0  62818-3 0  9991,2 58341  97.4631 149.9947 0010423 170.3732 189.7704 15.18703278 19254,2023-174CP,58341,6887.896,94.818,516.94,502.581,0
GENERATED VIA SPACETRACK.ORG API,18 SPCS,58341,NINJASAT,PAYLOAD,U,23174CP,2024/3/13 22:01,135744,15.18706603,0.0010428,97.463,150.1249,169.9424,190.2021,0,999,1927,0.00063303,0.00013098,0,4223970,0 NINJASAT,1 58341U 23174CP  24073.91764046  .00013098  00000-0  63303-3 0  9990,2 58341  97.4630 150.1249 0010428 169.9424 190.2021 15.18706603 19275,2023-174CP,58341,6887.886,94.818,516.933,502.568,0
GENERATED VIA SPACETRACK.ORG API,18 SPCS,58341,NINJASAT,PAYLOAD,U,23174CP,2024/3/14 4:20,826368,15.18712857,0.001046,97.4629,150.3851,169.0792,191.0671,0,999,1931,0.00058674,0.00012136,0,4224057,0 NINJASAT,1 58341U 23174CP  24074.18119012  .00012136  00000-0  58674-3 0  9994,2 58341  97.4629 150.3851 0010460 169.0792 191.0671 15.18712857 19312,2023-174CP,58341,6887.867,94.817,516.936,502.527,0
GENERATED VIA SPACETRACK.ORG API,18 SPCS,58341,NINJASAT,PAYLOAD,U,23174CP,2024/3/14 5:55,476128,15.18714848,0.0010458,97.4629,150.4501,168.9042,191.2425,0,999,1932,0.00059435,0.00012295,0,4225152,0 NINJASAT,1 58341U 23174CP  24074.24707727  .00012295  00000-0  59435-3 0  9999,2 58341  97.4629 150.4501 0010458 168.9042 191.2425 15.18714848 19320,2023-174CP,58341,6887.861,94.817,516.929,502.522,0
GENERATED VIA SPACETRACK.ORG API,18 SPCS,58341,NINJASAT,PAYLOAD,U,23174CP,2024/3/14 12:15,7776,15.18723524,0.0010474,97.4628,150.7104,168.18,191.9682,0,999,1936,0.00066991,0.00013873,0,4224643,0 NINJASAT,1 58341U 23174CP  24074.51062509  .00013873  00000-0  66991-3 0  9999,2 58341  97.4628 150.7104 0010474 168.1800 191.9682 15.18723524 19360,2023-174CP,58341,6887.834,94.816,516.914,502.485,0
GENERATED VIA SPACETRACK.ORG API,18 SPCS,58341,NINJASAT,PAYLOAD,U,23174CP,2024/3/14 20:09,50080,15.18731808,0.0010484,97.4627,151.0358,167.2129,192.9373,0,999,1941,0.00063981,0.00013249,0,4225220,0 NINJASAT,1 58341U 23174CP  24074.84005845  .00013249  00000-0  63981-3 0  9998,2 58341  97.4627 151.0358 0010484 167.2129 192.9373 15.18731808 19417,2023-174CP,58341,6887.809,94.816,516.895,502.453,0
GENERATED VIA SPACETRACK.ORG API,18 SPCS,58341,NINJASAT,PAYLOAD,U,23174CP,2024/3/14 21:44,632448,15.18734054,0.001049,97.4627,151.1008,167.0268,193.1238,0,999,1942,0.00065998,0.0001367,0,4225645,0 NINJASAT,1 58341U 23174CP  24074.90594482  .00013670  00000-0  65998-3 0  9993,2 58341  97.4627 151.1008 0010490 167.0268 193.1238 15.18734054 19429,2023-174CP,58341,6887.803,94.816,516.893,502.442,0
GENERATED VIA SPACETRACK.ORG API,18 SPCS,58341,NINJASAT,PAYLOAD,U,23174CP,2024/3/15 4:04,901440,15.18742411,0.0010515,97.4626,151.361,166.2224,193.9299,0,999,1946,0.00068791,0.00014256,0,4225791,0 NINJASAT,1 58341U 23174CP  24075.16948960  .00014256  00000-0  68791-3 0  9991,2 58341  97.4626 151.3610 0010515 166.2224 193.9299 15.18742411 19465,2023-174CP,58341,6887.777,94.815,516.885,502.4,0
GENERATED VIA SPACETRACK.ORG API,18 SPCS,58341,NINJASAT,PAYLOAD,U,23174CP,2024/3/15 11:58,585184,15.18750887,0.0010519,97.4626,151.6864,165.1276,195.027,0,999,1951,0.00067634,0.00014019,0,4226467,0 NINJASAT,1 58341U 23174CP  24075.49891881  .00014019  00000-0  67634-3 0  9998,2 58341  97.4626 151.6864 0010519 165.1276 195.0270 15.18750887 19512,2023-174CP,58341,6887.752,94.815,516.862,502.371,0
GENERATED VIA SPACETRACK.ORG API,18 SPCS,58341,NINJASAT,PAYLOAD,U,23174CP,2024/3/15 19:52,100448,15.18759472,0.0010546,97.4626,152.0117,164.0472,196.1097,0,999,1956,0.00064097,0.00013284,0,4226923,0 NINJASAT,1 58341U 23174CP  24075.82834607  .00013284  00000-0  64097-3 0  9991,2 58341  97.4626 152.0117 0010546 164.0472 196.1097 15.18759472 19567,2023-174CP,58341,6887.726,94.814,516.854,502.327,0
GENERATED VIA SPACETRACK.ORG API,18 SPCS,58341,NINJASAT,PAYLOAD,U,23174CP,2024/3/15 21:27,592960,15.18760835,0.0010555,97.4627,152.0767,163.8228,196.3346,0,999,1957,0.0006324,0.00013106,0,4227250,0 NINJASAT,1 58341U 23174CP  24075.89423140  .00013106  00000-0  63240-3 0  9996,2 58341  97.4627 152.0767 0010555 163.8228 196.3346 15.18760835 19570,2023-174CP,58341,6887.722,94.814,516.857,502.317,0
GENERATED VIA SPACETRACK.ORG API,18 SPCS,58341,NINJASAT,PAYLOAD,U,23174CP,2024/3/16 3:47,457600,15.18767297,0.0010583,97.4627,152.3369,162.8792,197.2801,0,999,1961,0.0005807,0.00012029,0,4227332,0 NINJASAT,1 58341U 23174CP  24076.15777150  .00012029  00000-0  58070-3 0  9997,2 58341  97.4627 152.3369 0010583 162.8792 197.2801 15.18767297 19617,2023-174CP,58341,6887.702,94.814,516.856,502.278,0
GENERATED VIA SPACETRACK.ORG API,18 SPCS,58341,NINJASAT,PAYLOAD,U,23174CP,2024/3/16 11:41,641952,15.18776047,0.0010603,97.4627,152.6622,161.7539,198.4078,0,999,1966,0.00059039,0.00012235,0,4227959,0 NINJASAT,1 58341U 23174CP  24076.48719493  .00012235  00000-0  59039-3 0  9994,2 58341  97.4627 152.6622 0010603 161.7539 198.4078 15.18776047 19669,2023-174CP,58341,6887.676,94.813,516.844,502.238,0
GENERATED VIA SPACETRACK.ORG API,18 SPCS,58341,NINJASAT,PAYLOAD,U,23174CP,2024/3/16 13:16,55840,15.18778257,0.0010601,97.4627,152.7273,161.5792,198.5828,0,999,1967,0.00060366,0.00012512,0,4228482,0 NINJASAT,1 58341U 23174CP  24076.55307935  .00012512  00000-0  60366-3 0  9999,2 58341  97.4627 152.7273 0010601 161.5792 198.5828 15.18778257 19679,2023-174CP,58341,6887.669,94.813,516.835,502.232,0
GENERATED VIA SPACETRACK.ORG API,18 SPCS,58341,NINJASAT,PAYLOAD,U,23174CP,2024/3/16 19:35,666464,15.18784874,0.001063,97.4628,152.9876,160.6861,199.4779,0,999,1971,0.00058149,0.00012052,0,4228666,0 NINJASAT,1 58341U 23174CP  24076.81661651  .00012052  00000-0  58149-3 0  9991,2 58341  97.4628 152.9876 0010630 160.6861 199.4779 15.18784874 19712,2023-174CP,58341,6887.649,94.813,516.835,502.192,0
GENERATED VIA SPACETRACK.ORG API,18 SPCS,58341,NINJASAT,PAYLOAD,U,23174CP,2024/3/16 21:10,63936,15.18786291,0.0010634,97.4628,153.0527,160.4223,199.7422,0,999,1972,0.00057947,0.0001201,0,4229019,0 NINJASAT,1 58341U 23174CP  24076.88250074  .00012010  00000-0  57947-3 0  9990,2 58341  97.4628 153.0527 0010634 160.4223 199.7422 15.18786291 19725,2023-174CP,58341,6887.645,94.813,516.834,502.185,0
GENERATED VIA SPACETRACK.ORG API,18 SPCS,58341,NINJASAT,PAYLOAD,U,23174CP,2024/3/17 3:30,543232,15.18792923,0.0010676,97.4628,153.3129,159.4861,200.6804,0,999,1976,0.00055569,0.00011516,0,4229163,0 NINJASAT,1 58341U 23174CP  24077.14603638  .00011516  00000-0  55569-3 0  9996,2 58341  97.4628 153.3129 0010676 159.4861 200.6804 15.18792923 19767,2023-174CP,58341,6887.625,94.812,516.843,502.136,0
GENERATED VIA SPACETRACK.ORG API,18 SPCS,58341,NINJASAT,PAYLOAD,U,23174CP,2024/3/17 11:24,288672,15.18799964,0.0010688,97.4628,153.6382,158.3169,201.852,0,999,1981,0.00053898,0.0001117,0,4229644,0 NINJASAT,1 58341U 23174CP  24077.47545473  .00011170  00000-0  53898-3 0  9993,2 58341  97.4628 153.6382 0010688 158.3169 201.8520 15.18799964 19819,2023-174CP,58341,6887.603,94.812,516.83,502.107,0
GENERATED VIA SPACETRACK.ORG API,18 SPCS,58341,NINJASAT,PAYLOAD,U,23174CP,2024/3/17 12:59,611840,15.18802394,0.0010684,97.4629,153.7033,158.0838,202.0855,0,999,1982,0.00056422,0.00011698,0,4230125,0 NINJASAT,1 58341U 23174CP  24077.54133810  .00011698  00000-0  56422-3 0  9990,2 58341  97.4629 153.7033 0010684 158.0838 202.0855 15.18802394 19827,2023-174CP,58341,6887.596,94.812,516.82,502.102,0
GENERATED VIA SPACETRACK.ORG API,18 SPCS,58341,NINJASAT,PAYLOAD,U,23174CP,2024/3/17 19:19,861312,15.18808928,0.00107,97.4629,153.9636,157.1764,202.9948,0,999,1986,0.0005517,0.00011438,0,4230269,0 NINJASAT,1 58341U 23174CP  24077.80487108  .00011438  00000-0  55170-3 0  9992,2 58341  97.4629 153.9636 0010700 157.1764 202.9948 15.18808928 19860,2023-174CP,58341,6887.576,94.811,516.811,502.071,0
GENERATED VIA SPACETRACK.ORG API,18 SPCS,58341,NINJASAT,PAYLOAD,U,23174CP,2024/3/17 20:53,161152,15.18810304,0.0010716,97.4629,154.0286,156.9591,203.2126,0,999,1987,0.00054813,0.00011364,0,4230670,0 NINJASAT,1 58341U 23174CP  24077.87075418  .00011364  00000-0  54813-3 0  9997,2 58341  97.4629 154.0286 0010716 156.9591 203.2126 15.18810304 19879,2023-174CP,58341,6887.572,94.811,516.818,502.056,0
GENERATED VIA SPACETRACK.ORG API,18 SPCS,58341,NINJASAT,PAYLOAD,U,23174CP,2024/3/18 4:48,576544,15.18816943,0.0010752,97.4629,154.3539,155.85,204.3241,0,999,1992,0.00048712,0.00010092,0,4230802,0 NINJASAT,1 58341U 23174CP  24078.20016871  .00010092  00000-0  48712-3 0  9991,2 58341  97.4629 154.3539 0010752 155.8500 204.3241 15.18816943 19922,2023-174CP,58341,6887.552,94.811,516.822,502.011,0
GENERATED VIA SPACETRACK.ORG API,18 SPCS,58341,NINJASAT,PAYLOAD,U,23174CP,2024/3/18 11:07,566816,15.18825721,0.0010753,97.4629,154.6143,154.9786,205.1972,0,999,1996,0.00059637,0.00012378,0,4231353,0 NINJASAT,1 58341U 23174CP  24078.46369869  .00012378  00000-0  59637-3 0  9994,2 58341  97.4629 154.6143 0010753 154.9786 205.1972 15.18825721 19961,2023-174CP,58341,6887.525,94.81,516.797,501.984,0
GENERATED VIA SPACETRACK.ORG API,18 SPCS,58341,NINJASAT,PAYLOAD,U,23174CP,2024/3/18 12:42,798400,15.18827708,0.0010751,97.4629,154.6794,154.8104,205.3657,0,999,1997,0.0006067,0.00012594,0,4231680,0 NINJASAT,1 58341U 23174CP  24078.52958100  .00012594  00000-0  60670-3 0  9992,2 58341  97.4629 154.6794 0010751 154.8104 205.3657 15.18827708 19974,2023-174CP,58341,6887.519,94.81,516.789,501.98,0
GENERATED VIA SPACETRACK.ORG API,18 SPCS,58341,NINJASAT,PAYLOAD,U,23174CP,2024/3/18 19:02,684128,15.18834735,0.0010757,97.4629,154.9396,153.9332,206.2446,0,999,2001,0.00061323,0.00012734,0,4231774,0 NINJASAT,1 58341U 23174CP  24078.79310977  .00012734  00000-0  61323-3 0  9997,2 58341  97.4629 154.9396 0010757 153.9332 206.2446 15.18834735 20015,2023-174CP,58341,6887.498,94.81,516.772,501.954,0
GENERATED VIA SPACETRACK.ORG API,18 SPCS,58341,NINJASAT,PAYLOAD,U,23174CP,2024/3/18 20:36,884608,15.18836264,0.0010765,97.4629,155.0047,153.7658,206.4123,0,999,2002,0.00060984,0.00012663,0,4232179,0 NINJASAT,1 58341U 23174CP  24078.85899172  .00012663  00000-0  60984-3 0  9996,2 58341  97.4629 155.0047 0010765 153.7658 206.4123 15.18836264 20022,2023-174CP,58341,6887.494,94.809,516.773,501.944,0
GENERATED VIA SPACETRACK.ORG API,18 SPCS,58341,NINJASAT,PAYLOAD,U,23174CP,2024/3/19 2:56,600992,15.18844878,0.0010789,97.4627,155.265,152.9961,207.1837,0,999,2006,0.00065635,0.0001364,0,4232368,0 NINJASAT,1 58341U 23174CP  24079.12251853  .00013640  00000-0  65635-3 0  9999,2 58341  97.4627 155.2650 0010789 152.9961 207.1837 15.18844878 20060,2023-174CP,58341,6887.467,94.809,516.763,501.902,0
GENERATED VIA SPACETRACK.ORG API,18 SPCS,58341,NINJASAT,PAYLOAD,U,23174CP,2024/3/19 10:50,225824,15.18860395,0.0010766,97.4628,155.5902,152.0257,208.1558,0,999,2011,0.00085244,0.00017753,0,4233772,0 NINJASAT,1 58341U 23174CP  24079.45192391  .00017753  00000-0  85244-3 0  9993,2 58341  97.4628 155.5902 0010766 152.0257 208.1558 15.18860395 20117,2023-174CP,58341,6887.421,94.808,516.701,501.871,0
GENERATED VIA SPACETRACK.ORG API,18 SPCS,58341,NINJASAT,PAYLOAD,U,23174CP,2024/3/19 20:19,722816,15.18874453,0.0010778,97.4628,155.9805,150.8609,209.3229,0,999,2017,0.00085103,0.0001773,0,4233173,0 NINJASAT,1 58341U 23174CP  24079.84720744  .00017730  00000-0  85103-3 0  9994,2 58341  97.4628 155.9805 0010778 150.8609 209.3229 15.18874453 20177,2023-174CP,58341,6887.378,94.807,516.666,501.82,0
GENERATED VIA SPACETRACK.ORG API,18 SPCS,58341,NINJASAT,PAYLOAD,U,23174CP,2024/3/20 1:04,837824,15.18882406,0.001082,97.4627,156.1757,150.3442,209.8408,0,999,2020,0.00087611,0.0001826,0,4233830,0 NINJASAT,1 58341U 23174CP  24080.04484766  .00018260  00000-0  87611-3 0  9994,2 58341  97.4627 156.1757 0010820 150.3442 209.8408 15.18882406 20208,2023-174CP,58341,6887.354,94.807,516.671,501.767,0
GENERATED VIA SPACETRACK.ORG API,18 SPCS,58341,NINJASAT,PAYLOAD,U,23174CP,2024/3/20 10:33,788768,15.18897848,0.0010812,97.4627,156.566,149.1121,211.0751,0,999,2026,0.00088432,0.00018441,0,4234278,0 NINJASAT,1 58341U 23174CP  24080.44012487  .00018441  00000-0  88432-3 0  9998,2 58341  97.4627 156.5660 0010812 149.1121 211.0751 15.18897848 20264,2023-174CP,58341,6887.307,94.806,516.619,501.726,0
GENERATED VIA SPACETRACK.ORG API,18 SPCS,58341,NINJASAT,PAYLOAD,U,23174CP,2024/3/20 12:08,754240,15.18900706,0.0010802,97.4628,156.6311,148.9752,211.2122,0,999,2027,0.00090408,0.00018857,0,4234892,0 NINJASAT,1 58341U 23174CP  24080.50600410  .00018857  00000-0  90408-3 0  9991,2 58341  97.4628 156.6311 0010802 148.9752 211.2122 15.18900706 20278,2023-174CP,58341,6887.299,94.805,516.603,501.724,0
GENERATED VIA SPACETRACK.ORG API,18 SPCS,58341,NINJASAT,PAYLOAD,U,23174CP,2024/3/20 20:02,446816,15.18913164,0.001081,97.4627,156.9564,148.0283,212.1609,0,999,2032,0.0009196,0.0001919,0,4234962,0 NINJASAT,1 58341U 23174CP  24080.83539869  .00019190  00000-0  91960-3 0  9991,2 58341  97.4627 156.9564 0010810 148.0283 212.1609 15.18913164 20327,2023-174CP,58341,6887.261,94.805,516.571,501.681,0
GENERATED VIA SPACETRACK.ORG API,18 SPCS,58341,NINJASAT,PAYLOAD,U,23174CP,2024/3/20 21:37,360448,15.18915663,0.0010812,97.4627,157.0215,147.8303,212.3593,0,999,2033,0.00092917,0.00019392,0,4235427,0 NINJASAT,1 58341U 23174CP  24080.90127732  .00019392  00000-0  92917-3 0  9998,2 58341  97.4627 157.0215 0010812 147.8303 212.3593 15.18915663 20335,2023-174CP,58341,6887.253,94.804,516.565,501.672,0
GENERATED VIA SPACETRACK.ORG API,18 SPCS,58341,NINJASAT,PAYLOAD,U,23174CP,2024/3/21 3:57,856864,15.18928085,0.001082,97.4627,157.2817,147.0625,213.1285,0,999,2037,0.00099269,0.00020734,0,4235516,0 NINJASAT,1 58341U 23174CP  24081.16479001  .00020734  00000-0  99269-3 0  9995,2 58341  97.4627 157.2817 0010820 147.0625 213.1285 15.18928085 20376,2023-174CP,58341,6887.216,94.804,516.533,501.629,0
GENERATED VIA SPACETRACK.ORG API,18 SPCS,58341,NINJASAT,PAYLOAD,U,23174CP,2024/3/21 11:51,57824,15.18941588,0.0010823,97.4628,157.6069,145.8671,214.3261,0,999,2042,0.0010466,0.00021875,0,4236229,0 NINJASAT,1 58341U 23174CP  24081.49417891  .00021875  00000-0  10466-2 0  9998,2 58341  97.4628 157.6069 0010823 145.8671 214.3261 15.18941588 20426,2023-174CP,58341,6887.175,94.803,516.494,501.586,0
GENERATED VIA SPACETRACK.ORG API,18 SPCS,58341,NINJASAT,PAYLOAD,U,23174CP,2024/3/21 13:26,862592,15.18944576,0.0010827,97.4628,157.672,145.6611,214.5326,0,999,2043,0.0010564,0.00022083,0,4236727,0 NINJASAT,1 58341U 23174CP  24081.56005628  .00022083  00000-0  10564-2 0  9998,2 58341  97.4628 157.6720 0010827 145.6611 214.5326 15.18944576 20431,2023-174CP,58341,6887.166,94.803,516.488,501.574,0
GENERATED VIA SPACETRACK.ORG API,18 SPCS,58341,NINJASAT,PAYLOAD,U,23174CP,2024/3/21 19:45,931328,15.18959864,0.0010831,97.4628,157.9322,144.7999,215.3952,0,999,2047,0.001204,0.000252,0,4236973,0 NINJASAT,1 58341U 23174CP  24081.82356402  .00025200  00000-0  12040-2 0  9991,2 58341  97.4628 157.9322 0010831 144.7999 215.3952 15.18959864 20470,2023-174CP,58341,6887.12,94.802,516.444,501.525,0
GENERATED VIA SPACETRACK.ORG API,18 SPCS,58341,NINJASAT,PAYLOAD,U,23174CP,2024/3/21 22:55,418176,15.18965278,0.0010871,97.4628,158.0624,144.3501,215.8461,0,999,2049,0.0012957,0.00027136,0,4237326,0 NINJASAT,1 58341U 23174CP  24081.95531734  .00027136  00000-0  12957-2 0  9995,2 58341  97.4628 158.0624 0010871 144.3501 215.8461 15.18965278 20494,2023-174CP,58341,6887.104,94.801,516.455,501.482,0
GENERATED VIA SPACETRACK.ORG API,18 SPCS,58341,NINJASAT,PAYLOAD,U,23174CP,2024/3/22 3:40,505888,15.18973582,0.0010874,97.4628,158.2576,143.6139,216.5836,0,999,2052,0.0011032,0.00023087,0,4237574,0 NINJASAT,1 58341U 23174CP  24082.15294567  .00023087  00000-0  11032-2 0  9992,2 58341  97.4628 158.2576 0010874 143.6139 216.5836 15.18973582 20529,2023-174CP,58341,6887.078,94.801,516.432,501.454,0
GENERATED VIA SPACETRACK.ORG API,18 SPCS,58341,NINJASAT,PAYLOAD,U,23174CP,2024/3/22 11:34,713248,15.18989724,0.0010923,97.4629,158.5827,142.753,217.4464,0,999,2057,0.00098438,0.00020596,0,4238078,0 NINJASAT,1 58341U 23174CP  24082.48232307  .00020596  00000-0  98438-3 0  9990,2 58341  97.4629 158.5827 0010923 142.7530 217.4464 15.18989724 20579,2023-174CP,58341,6887.03,94.8,516.417,501.372,0
GENERATED VIA SPACETRACK.ORG API,18 SPCS,58341,NINJASAT,PAYLOAD,U,23174CP,2024/3/22 19:28,644128,15.19005023,0.0010946,97.4629,158.9081,141.5658,218.6358,0,999,2062,0.00087704,0.00018346,0,4238717,0 NINJASAT,1 58341U 23174CP  24082.81169727  .00018346  00000-0  87704-3 0  9996,2 58341  97.4629 158.9081 0010946 141.5658 218.6358 15.19005023 20621,2023-174CP,58341,6886.983,94.799,516.387,501.31,0
GENERATED VIA SPACETRACK.ORG API,18 SPCS,58341,NINJASAT,PAYLOAD,U,23174CP,2024/3/22 21:03,208704,15.1900772,0.0010972,97.4629,158.9733,141.2172,218.9852,0,999,2063,0.0008943,0.00018711,0,4239209,0 NINJASAT,1 58341U 23174CP  24082.87757186  .00018711  00000-0  89430-3 0  9998,2 58341  97.4629 158.9733 0010972 141.2172 218.9852 15.19007720 20631,2023-174CP,58341,6886.975,94.799,516.397,501.284,0
GENERATED VIA SPACETRACK.ORG API,18 SPCS,58341,NINJASAT,PAYLOAD,U,23174CP,2024/3/23 3:23,331360,15.19020251,0.0010938,97.4628,159.2336,140.3583,219.8453,0,999,2067,0.00096384,0.00020182,0,4239359,0 NINJASAT,1 58341U 23174CP  24083.14106865  .00020182  00000-0  96384-3 0  9992,2 58341  97.4628 159.2336 0010938 140.3583 219.8453 15.19020251 20676,2023-174CP,58341,6886.937,94.798,516.335,501.269,0
GENERATED VIA SPACETRACK.ORG API,18 SPCS,58341,NINJASAT,PAYLOAD,U,23174CP,2024/3/23 11:17,583136,15.19042188,0.0010968,97.4627,159.5586,139.3755,220.83,0,999,2072,0.0012298,0.00025806,0,4239983,0 NINJASAT,1 58341U 23174CP  24083.47043499  .00025806  00000-0  12298-2 0  9990,2 58341  97.4627 159.5586 0010968 139.3755 220.8300 15.19042188 20729,2023-174CP,58341,6886.871,94.797,516.29,501.183,0
GENERATED VIA SPACETRACK.ORG API,18 SPCS,58341,NINJASAT,PAYLOAD,U,23174CP,2024/3/23 19:11,568800,15.19058806,0.0010993,97.4627,159.884,138.2798,221.9277,0,999,2077,0.0011685,0.00024524,0,4240642,0 NINJASAT,1 58341U 23174CP  24083.79979825  .00024524  00000-0  11685-2 0  9991,2 58341  97.4627 159.8840 0010993 138.2798 221.9277 15.19058806 20772,2023-174CP,58341,6886.821,94.796,516.256,501.115,0
GENERATED VIA SPACETRACK.ORG API,18 SPCS,58341,NINJASAT,PAYLOAD,U,23174CP,2024/3/23 20:46,895776,15.19063473,0.0010989,97.4626,159.9491,138.0696,222.1382,0,999,2078,0.0012187,0.00025587,0,4241084,0 NINJASAT,1 58341U 23174CP  24083.86567009  .00025587  00000-0  12187-2 0  9994,2 58341  97.4626 159.9491 0010989 138.0696 222.1382 15.19063473 20781,2023-174CP,58341,6886.807,94.795,516.24,501.104,0
GENERATED VIA SPACETRACK.ORG API,18 SPCS,58341,NINJASAT,PAYLOAD,U,23174CP,2024/3/24 4:40,402784,15.19083362,0.0010963,97.4624,160.2744,136.9452,223.2642,0,999,2083,0.0012191,0.0002561,0,4241128,0 NINJASAT,1 58341U 23174CP  24084.19502781  .00025610  00000-0  12191-2 0  9999,2 58341  97.4624 160.2744 0010963 136.9452 223.2642 15.19083362 20830,2023-174CP,58341,6886.747,94.794,516.162,501.062,0
GENERATED VIA SPACETRACK.ORG API,18 SPCS,58341,NINJASAT,PAYLOAD,U,23174CP,2024/3/24 11:00,295968,15.19101666,0.0010995,97.4623,160.5346,136.3544,223.8562,0,999,2087,0.0013374,0.00028127,0,4241782,0 NINJASAT,1 58341U 23174CP  24084.45851037  .00028127  00000-0  13374-2 0  9999,2 58341  97.4623 160.5346 0010995 136.3544 223.8562 15.19101666 20870,2023-174CP,58341,6886.691,94.793,516.128,500.984,0
GENERATED VIA SPACETRACK.ORG API,18 SPCS,58341,NINJASAT,PAYLOAD,U,23174CP,2024/3/24 11:00,295968,15.19101666,0.0010995,97.4623,160.5346,136.3544,223.8562,0,999,2087,0.0013374,0.00028127,0,4242350,0 NINJASAT,1 58341U 23174CP  24084.45851037  .00028127  00000-0  13374-2 0  9999,2 58341  97.4623 160.5346 0010995 136.3544 223.8562 15.19101666 20870,2023-174CP,58341,6886.691,94.793,516.128,500.984,0
GENERATED VIA SPACETRACK.ORG API,18 SPCS,58341,NINJASAT,PAYLOAD,U,23174CP,2024/3/24 20:29,158816,15.19146182,0.0010987,97.4622,160.925,135.0337,225.1789,0,999,2093,0.0025211,0.0005333,0,4242541,0 NINJASAT,1 58341U 23174CP  24084.85372869  .00053330  00000-0  25211-2 0  9991,2 58341  97.4622 160.9250 0010987 135.0337 225.1789 15.19146182 20939,2023-174CP,58341,6886.557,94.79,515.988,500.855,0
GENERATED VIA SPACETRACK.ORG API,18 SPCS,58341,NINJASAT,PAYLOAD,U,23174CP,2024/3/24 22:04,237824,15.19151967,0.0010989,97.4621,160.9901,134.8264,225.3866,0,999,2094,0.0026227,0.00055508,0,4243115,0 NINJASAT,1 58341U 23174CP  24084.91959766  .00055508  00000-0  26227-2 0  9992,2 58341  97.4621 160.9901 0010989 134.8264 225.3866 15.19151967 20945,2023-174CP,58341,6886.539,94.79,515.972,500.837,0
GENERATED VIA SPACETRACK.ORG API,18 SPCS,58341,NINJASAT,PAYLOAD,U,23174CP,2024/3/25 4:23,397472,15.19157521,0.0010972,97.462,161.2504,134.0923,226.1216,0,999,2098,0.0018102,0.00038208,0,4243395,0 NINJASAT,1 58341U 23174CP  24085.18307173  .00038208  00000-0  18102-2 0  9992,2 58341  97.4620 161.2504 0010972 134.0923 226.1216 15.19157521 20987,2023-174CP,58341,6886.522,94.789,515.943,500.832,0
GENERATED VIA SPACETRACK.ORG API,18 SPCS,58341,NINJASAT,PAYLOAD,U,23174CP,2024/3/25 10:43,326432,15.19172031,0.0010961,97.4619,161.5106,133.4702,226.7446,0,999,2102,0.0016969,0.00035815,0,4244193,0 NINJASAT,1 58341U 23174CP  24085.44654313  .00035815  00000-0  16969-2 0  9992,2 58341  97.4619 161.5106 0010961 133.4702 226.7446 15.19172031 21022,2023-174CP,58341,6886.479,94.788,515.892,500.795,0
GENERATED VIA SPACETRACK.ORG API,18 SPCS,58341,NINJASAT,PAYLOAD,U,23174CP,2024/3/25 20:12,797376,15.19191002,0.001091,97.4617,161.901,132.3152,227.9009,0,999,2108,0.0013723,0.0002894,0,4244873,0 NINJASAT,1 58341U 23174CP  24085.84174534  .00028940  00000-0  13723-2 0  9994,2 58341  97.4617 161.9010 0010910 132.3152 227.9009 15.19191002 21082,2023-174CP,58341,6886.421,94.787,515.799,500.773,0
GENERATED VIA SPACETRACK.ORG API,18 SPCS,58341,NINJASAT,PAYLOAD,U,23174CP,2024/3/25 21:46,751104,15.19195631,0.0010907,97.4617,161.9661,132.1864,228.0299,0,999,2109,0.0016501,0.00034844,0,4245511,0 NINJASAT,1 58341U 23174CP  24085.90761286  .00034844  00000-0  16501-2 0  9994,2 58341  97.4617 161.9661 0010907 132.1864 228.0299 15.19195631 21094,2023-174CP,58341,6886.407,94.787,515.783,500.761,0
GENERATED VIA SPACETRACK.ORG API,18 SPCS,58341,NINJASAT,PAYLOAD,U,23174CP,2024/3/26 4:06,134880,15.19210859,0.0010882,97.4615,162.2264,131.3016,228.9157,0,999,2113,0.0017468,0.00036916,0,4245557,0 NINJASAT,1 58341U 23174CP  24086.17107795  .00036916  00000-0  17468-2 0  9998,2 58341  97.4615 162.2264 0010882 131.3016 228.9157 15.19210859 21134,2023-174CP,58341,6886.361,94.786,515.72,500.733,0
GENERATED VIA SPACETRACK.ORG API,18 SPCS,58341,NINJASAT,PAYLOAD,U,23174CP,2024/3/26 12:00,113824,15.19215325,0.0010906,97.4615,162.5514,130.4866,229.732,0,999,2118,0.0010754,0.00022661,0,4246406,0 NINJASAT,1 58341U 23174CP  24086.50040641  .00022661  00000-0  10754-2 0  9994,2 58341  97.4615 162.5514 0010906 130.4866 229.7320 15.19215325 21184,2023-174CP,58341,6886.348,94.786,515.723,500.703,0
GENERATED VIA SPACETRACK.ORG API,18 SPCS,58341,NINJASAT,PAYLOAD,U,23174CP,2024/3/26 13:35,895616,15.19218568,0.0010906,97.4615,162.6165,130.2779,229.941,0,999,2119,0.0011023,0.00023233,0,4246985,0 NINJASAT,1 58341U 23174CP  24086.56627194  .00023233  00000-0  11023-2 0  9990,2 58341  97.4615 162.6165 0010906 130.2779 229.9410 15.19218568 21193,2023-174CP,58341,6886.338,94.786,515.713,500.693,0
GENERATED VIA SPACETRACK.ORG API,18 SPCS,58341,NINJASAT,PAYLOAD,U,23174CP,2024/3/26 19:54,875040,15.19227994,0.0010939,97.4614,162.8769,129.3873,230.8332,0,999,2123,0.00096659,0.00020362,0,4247081,0 NINJASAT,1 58341U 23174CP  24086.82973235  .00020362  00000-0  96659-3 0  9998,2 58341  97.4614 162.8769 0010939 129.3873 230.8332 15.19227994 21236,2023-174CP,58341,6886.31,94.785,515.707,500.642,0
GENERATED VIA SPACETRACK.ORG API,18 SPCS,58341,NINJASAT,PAYLOAD,U,23174CP,2024/3/26 21:29,604992,15.19230442,0.0010938,97.4614,162.942,129.1391,231.0817,0,999,2124,0.00098077,0.00020664,0,4247357,0 NINJASAT,1 58341U 23174CP  24086.89559728  .00020664  00000-0  98077-3 0  9993,2 58341  97.4614 162.9420 0010938 129.1391 231.0817 15.19230442 21247,2023-174CP,58341,6886.302,94.785,515.699,500.635,0
GENERATED VIA SPACETRACK.ORG API,18 SPCS,58341,NINJASAT,PAYLOAD,U,23174CP,2024/3/27 3:49,371008,15.19244307,0.001093,97.4614,163.2021,128.3129,231.9089,0,999,2128,0.0010478,0.00022094,0,4247464,0 NINJASAT,1 58341U 23174CP  24087.15905522  .00022094  00000-0  10478-2 0  9997,2 58341  97.4614 163.2021 0010930 128.3129 231.9089 15.19244307 21289,2023-174CP,58341,6886.26,94.784,515.652,500.599,0
GENERATED VIA SPACETRACK.ORG API,18 SPCS,58341,NINJASAT,PAYLOAD,U,23174CP,2024/3/27 11:43,611232,15.19254931,0.001094,97.4613,163.5274,127.4498,232.7733,0,999,2133,0.00087007,0.00018331,0,4247737,0 NINJASAT,1 58341U 23174CP  24087.48837513  .00018331  00000-0  87007-3 0  9999,2 58341  97.4613 163.5274 0010940 127.4498 232.7733 15.19254931 21336,2023-174CP,58341,6886.228,94.783,515.627,500.56,0
GENERATED VIA SPACETRACK.ORG API,18 SPCS,58341,NINJASAT,PAYLOAD,U,23174CP,2024/3/27 13:18,249600,15.19257231,0.0010936,97.4613,163.5925,127.0904,233.1331,0,999,2134,0.00091299,0.00019243,0,4247956,0 NINJASAT,1 58341U 23174CP  24087.55423900  .00019243  00000-0  91299-3 0  9999,2 58341  97.4613 163.5925 0010936 127.0904 233.1331 15.19257231 21348,2023-174CP,58341,6886.221,94.783,515.617,500.555,0
GENERATED VIA SPACETRACK.ORG API,18 SPCS,58341,NINJASAT,PAYLOAD,U,23174CP,2024/3/27 19:37,638048,15.19267469,0.0010954,97.4612,163.8528,126.2403,233.9845,0,999,2138,0.00087763,0.00018498,0,4248074,0 NINJASAT,1 58341U 23174CP  24087.81769257  .00018498  00000-0  87763-3 0  9998,2 58341  97.4612 163.8528 0010954 126.2403 233.9845 15.19267469 21380,2023-174CP,58341,6886.19,94.783,515.598,500.512,0
GENERATED VIA SPACETRACK.ORG API,18 SPCS,58341,NINJASAT,PAYLOAD,U,23174CP,2024/3/27 21:12,220256,15.1926951,0.001096,97.4613,163.9178,126.098,234.1271,0,999,2139,0.00086468,0.00018225,0,4248304,0 NINJASAT,1 58341U 23174CP  24087.88355579  .00018225  00000-0  86468-3 0  9992,2 58341  97.4613 163.9178 0010960 126.0980 234.1271 15.19269510 21394,2023-174CP,58341,6886.184,94.782,515.596,500.502,0
GENERATED VIA SPACETRACK.ORG API,18 SPCS,58341,NINJASAT,PAYLOAD,U,23174CP,2024/3/28 3:31,425536,15.19280457,0.0011,97.4612,164.1781,125.174,235.0526,0,999,2143,0.00087094,0.00018364,0,4248332,0 NINJASAT,1 58341U 23174CP  24088.14700724  .00018364  00000-0  87094-3 0  9998,2 58341  97.4612 164.1781 0011000 125.1740 235.0526 15.19280457 21437,2023-174CP,58341,6886.151,94.782,515.591,500.441,0
GENERATED VIA SPACETRACK.ORG API,18 SPCS,58341,NINJASAT,PAYLOAD,U,23174CP,2024/3/28 11:25,962464,15.19292795,0.0010993,97.4611,164.5036,123.9165,236.3116,0,999,2148,0.00086124,0.00018164,0,4248724,0 NINJASAT,1 58341U 23174CP  24088.47631901  .00018164  00000-0  86124-3 0  9995,2 58341  97.4611 164.5036 0010993 123.9165 236.3116 15.19292795 21482,2023-174CP,58341,6886.114,94.781,515.549,500.409,0
GENERATED VIA SPACETRACK.ORG API,18 SPCS,58341,NINJASAT,PAYLOAD,U,23174CP,2024/3/28 13:00,435808,15.19295547,0.0010986,97.4611,164.5687,123.738,236.4902,0,999,2149,0.00086232,0.00018189,0,4249182,0 NINJASAT,1 58341U 23174CP  24088.54218097  .00018189  00000-0  86232-3 0  9997,2 58341  97.4611 164.5687 0010986 123.7380 236.4902 15.19295547 21496,2023-174CP,58341,6886.105,94.781,515.535,500.405,0
GENERATED VIA SPACETRACK.ORG API,18 SPCS,58341,NINJASAT,PAYLOAD,U,23174CP,2024/3/28 19:20,257472,15.19305217,0.0010991,97.461,164.8291,122.9269,237.3025,0,999,2153,0.00082921,0.00017491,0,4249250,0 NINJASAT,1 58341U 23174CP  24088.80562798  .00017491  00000-0  82921-3 0  9992,2 58341  97.4610 164.8291 0010991 122.9269 237.3025 15.19305217 21539,2023-174CP,58341,6886.076,94.78,515.51,500.373,0
GENERATED VIA SPACETRACK.ORG API,18 SPCS,58341,NINJASAT,PAYLOAD,U,23174CP,2024/3/28 22:29,116896,15.19310193,0.0011004,97.4609,164.9592,122.5573,237.6726,0,999,2155,0.00084011,0.00017725,0,4249475,0 NINJASAT,1 58341U 23174CP  24088.93735089  .00017725  00000-0  84011-3 0  9993,2 58341  97.4609 164.9592 0011004 122.5573 237.6726 15.19310193 21554,2023-174CP,58341,6886.061,94.78,515.504,500.349,0
GENERATED VIA SPACETRACK.ORG API,18 SPCS,58341,NINJASAT,PAYLOAD,U,23174CP,2024/3/29 4:49,721696,15.19320441,0.001101,97.4609,165.2195,121.6558,238.5752,0,999,2159,0.00083526,0.00017627,0,4249573,0 NINJASAT,1 58341U 23174CP  24089.20079539  .00017627  00000-0  83526-3 0  9996,2 58341  97.4609 165.2195 0011010 121.6558 238.5752 15.19320441 21597,2023-174CP,58341,6886.03,94.779,515.477,500.314,0
GENERATED VIA SPACETRACK.ORG API,18 SPCS,58341,NINJASAT,PAYLOAD,U,23174CP,2024/3/29 11:08,182208,15.19332126,0.0011016,97.4608,165.4799,120.8201,239.4119,0,999,2163,0.00094409,0.00019946,0,4250060,0 NINJASAT,1 58341U 23174CP  24089.46423822  .00019946  00000-0  94409-3 0  9990,2 58341  97.4608 165.4799 0011016 120.8201 239.4119 15.19332126 21635,2023-174CP,58341,6885.995,94.778,515.445,500.274,0
GENERATED VIA SPACETRACK.ORG API,18 SPCS,58341,NINJASAT,PAYLOAD,U,23174CP,2024/3/29 12:43,514720,15.19335534,0.0011004,97.4608,165.545,120.6882,239.5438,0,999,2164,0.00097881,0.00020686,0,4250244,0 NINJASAT,1 58341U 23174CP  24089.53009855  .00020686  00000-0  97881-3 0  9994,2 58341  97.4608 165.5450 0011004 120.6882 239.5438 15.19335534 21642,2023-174CP,58341,6885.985,94.778,515.427,500.272,0
GENERATED VIA SPACETRACK.ORG API,18 SPCS,58341,NINJASAT,PAYLOAD,U,23174CP,2024/3/29 19:02,782560,15.19341467,0.0011019,97.4606,165.8053,119.8608,240.3723,0,999,2168,0.00079356,0.00016752,0,4250758,0 NINJASAT,1 58341U 23174CP  24089.79353915  .00016752  00000-0  79356-3 0  9997,2 58341  97.4606 165.8053 0011019 119.8608 240.3723 15.19341467 21687,2023-174CP,58341,6885.967,94.778,515.419,500.244,0
GENERATED VIA SPACETRACK.ORG API,18 SPCS,58341,NINJASAT,PAYLOAD,U,23174CP,2024/3/29 22:12,365504,15.19345952,0.0011009,97.4606,165.9353,119.6079,240.6254,0,999,2170,0.00078891,0.00016655,0,4251655,0 NINJASAT,1 58341U 23174CP  24089.92525886  .00016655  00000-0  78891-3 0  9995,2 58341  97.4606 165.9353 0011009 119.6079 240.6254 15.19345952 21708,2023-174CP,58341,6885.953,94.778,515.399,500.237,0
GENERATED VIA SPACETRACK.ORG API,18 SPCS,58341,NINJASAT,PAYLOAD,U,23174CP,2024/3/30 4:31,426848,15.19354897,0.0011024,97.4605,166.1956,118.8547,241.3796,0,999,2174,0.00074791,0.00015789,0,4252228,0 NINJASAT,1 58341U 23174CP  24090.18869707  .00015789  00000-0  74791-3 0  9990,2 58341  97.4605 166.1956 0011024 118.8547 241.3796 15.19354897 21748,2023-174CP,58341,6885.926,94.777,515.382,500.2,0
GENERATED VIA SPACETRACK.ORG API,18 SPCS,58341,NINJASAT,PAYLOAD,U,23174CP,2024/3/30 10:51,381920,15.19363342,0.0010993,97.4604,166.4559,118.0363,242.1985,0,999,2178,0.00075616,0.00015968,0,4253339,0 NINJASAT,1 58341U 23174CP  24090.45213405  .00015968  00000-0  75616-3 0  9994,2 58341  97.4604 166.4559 0010993 118.0363 242.1985 15.19363342 21789,2023-174CP,58341,6885.901,94.777,515.335,500.196,0
GENERATED VIA SPACETRACK.ORG API,18 SPCS,58341,NINJASAT,PAYLOAD,U,23174CP,2024/3/30 14:00,798976,15.19368589,0.0010981,97.4603,166.586,117.651,242.584,0,999,2180,0.0007829,0.00016539,0,4253807,0 NINJASAT,1 58341U 23174CP  24090.58385184  .00016539  00000-0  78290-3 0  9998,2 58341  97.4603 166.5860 0010981 117.6510 242.5840 15.19368589 21805,2023-174CP,58341,6885.885,94.776,515.311,500.188,0
GENERATED VIA SPACETRACK.ORG API,18 SPCS,58341,NINJASAT,PAYLOAD,U,23174CP,2024/3/30 20:20,620128,15.19377367,0.0010949,97.4603,166.8464,116.8983,243.3372,0,999,2184,0.00084283,0.00017817,0,4253891,0 NINJASAT,1 58341U 23174CP  24090.84728727  .00017817  00000-0  84283-3 0  9990,2 58341  97.4603 166.8464 0010949 116.8983 243.3372 15.19377367 21844,2023-174CP,58341,6885.858,94.776,515.262,500.184,0
GENERATED VIA SPACETRACK.ORG API,18 SPCS,58341,NINJASAT,PAYLOAD,U,23174CP,2024/3/30 21:54,800576,15.19380618,0.0010958,97.4603,166.9115,116.6821,243.5537,0,999,2185,0.00090254,0.00019089,0,4254317,0 NINJASAT,1 58341U 23174CP  24090.91314584  .00019089  00000-0  90254-3 0  9998,2 58341  97.4603 166.9115 0010958 116.6821 243.5537 15.19380618 21856,2023-174CP,58341,6885.848,94.775,515.259,500.168,0
GENERATED VIA SPACETRACK.ORG API,18 SPCS,58341,NINJASAT,PAYLOAD,U,23174CP,2024/3/31 4:14,409184,15.19391634,0.0010954,97.4602,167.1717,115.9069,244.3296,0,999,2189,0.00099486,0.00021061,0,4254433,0 NINJASAT,1 58341U 23174CP  24091.17657881  .00021061  00000-0  99486-3 0  9996,2 58341  97.4602 167.1717 0010954 115.9069 244.3296 15.19391634 21893,2023-174CP,58341,6885.815,94.775,515.223,500.137,0
GENERATED VIA SPACETRACK.ORG API,18 SPCS,58341,NINJASAT,PAYLOAD,U,23174CP,2024/3/31 12:08,907072,15.19399312,0.0010921,97.4602,167.4971,114.9343,245.3027,0,999,2194,0.00083509,0.00017664,0,4255008,0 NINJASAT,1 58341U 23174CP  24091.50586698  .00017664  00000-0  83509-3 0  9993,2 58341  97.4602 167.4971 0010921 114.9343 245.3027 15.19399312 21946,2023-174CP,58341,6885.792,94.774,515.177,500.137,0
GENERATED VIA SPACETRACK.ORG API,18 SPCS,58341,NINJASAT,PAYLOAD,U,23174CP,2024/3/31 13:43,984704,15.19402416,0.0010914,97.4602,167.5622,114.7264,245.5108,0,999,2195,0.000862,0.00018238,0,4255611,0 NINJASAT,1 58341U 23174CP  24091.57172436  .00018238  00000-0  86200-3 0  9990,2 58341  97.4602 167.5622 0010914 114.7264 245.5108 15.19402416 21955,2023-174CP,58341,6885.782,94.774,515.163,500.132,0
GENERATED VIA SPACETRACK.ORG API,18 SPCS,58341,NINJASAT,PAYLOAD,U,23174CP,2024/3/31 20:02,270176,15.19409328,0.0010919,97.4602,167.8225,113.9634,246.2746,0,999,2199,0.00079058,0.00016721,0,4255675,0 NINJASAT,1 58341U 23174CP  24091.83515359  .00016721  00000-0  79058-3 0  9992,2 58341  97.4602 167.8225 0010919 113.9634 246.2746 15.19409328 21993,2023-174CP,58341,6885.762,94.774,515.145,500.108,0
GENERATED VIA SPACETRACK.ORG API,18 SPCS,58341,NINJASAT,PAYLOAD,U,23174CP,2024/3/31 21:37,318432,15.19411415,0.0010921,97.4602,167.8876,113.8185,246.4195,0,999,2200,0.00079104,0.00016732,0,4256238,0 NINJASAT,1 58341U 23174CP  24091.90101063  .00016732  00000-0  79104-3 0  9997,2 58341  97.4602 167.8876 0010921 113.8185 246.4195 15.19411415 22001,2023-174CP,58341,6885.755,94.774,515.14,500.1,0
GENERATED VIA SPACETRACK.ORG API,18 SPCS,58341,NINJASAT,PAYLOAD,U,23174CP,2024/4/1 3:56,402592,15.19420778,0.0010935,97.4602,168.1479,113.0253,247.2136,0,999,2204,0.00077864,0.00016473,0,4256316,0 NINJASAT,1 58341U 23174CP  24092.16443753  .00016473  00000-0  77864-3 0  9994,2 58341  97.4602 168.1479 0010935 113.0253 247.2136 15.19420778 22047,2023-174CP,58341,6885.727,94.773,515.122,500.062,0
GENERATED VIA SPACETRACK.ORG API,18 SPCS,58341,NINJASAT,PAYLOAD,U,23174CP,2024/4/1 11:50,306912,15.19433895,0.0010936,97.4602,168.4733,111.9794,248.2604,0,999,2209,0.00085326,0.00018069,0,4256968,0 NINJASAT,1 58341U 23174CP  24092.49371883  .00018069  00000-0  85326-3 0  9999,2 58341  97.4602 168.4733 0010936 111.9794 248.2604 15.19433895 22091,2023-174CP,58341,6885.687,94.772,515.083,500.022,0
GENERATED VIA SPACETRACK.ORG API,18 SPCS,58341,NINJASAT,PAYLOAD,U,23174CP,2024/4/1 13:25,256672,15.19436609,0.0010937,97.4602,168.5384,111.794,248.4459,0,999,2210,0.00086063,0.00018227,0,4257565,0 NINJASAT,1 58341U 23174CP  24092.55957473  .00018227  00000-0  86063-3 0  9996,2 58341  97.4602 168.5384 0010937 111.7940 248.4459 15.19436609 22104,2023-174CP,58341,6885.679,94.772,515.075,500.013,0
GENERATED VIA SPACETRACK.ORG API,18 SPCS,58341,NINJASAT,PAYLOAD,U,23174CP,2024/4/1 19:45,40160,15.19442773,0.0010943,97.4602,168.7988,110.9823,249.2584,0,999,2214,0.00075662,0.00016014,0,4257887,0 NINJASAT,1 58341U 23174CP  24092.82299815  .00016014  00000-0  75662-3 0  9990,2 58341  97.4602 168.7988 0010943 110.9823 249.2584 15.19442773 22145,2023-174CP,58341,6885.661,94.772,515.061,499.991,0
GENERATED VIA SPACETRACK.ORG API,18 SPCS,58341,NINJASAT,PAYLOAD,U,23174CP,2024/4/2 3:39,557408,15.19454377,0.0010964,97.4603,169.1242,110.0287,250.2129,0,999,2219,0.00077568,0.00016426,0,4258311,0 NINJASAT,1 58341U 23174CP  24093.15227497  .00016426  00000-0  77568-3 0  9998,2 58341  97.4603 169.1242 0010964 110.0287 250.2129 15.19454377 22197,2023-174CP,58341,6885.625,94.771,515.04,499.941,0
GENERATED VIA SPACETRACK.ORG API,18 SPCS,58341,NINJASAT,PAYLOAD,U,23174CP,2024/4/2 11:33,904448,15.19462161,0.0010976,97.4604,169.4496,108.9647,251.2778,0,999,2224,0.00068327,0.0001446,0,4258886,0 NINJASAT,1 58341U 23174CP  24093.48154982  .00014460  00000-0  68327-3 0  9991,2 58341  97.4604 169.4496 0010976 108.9647 251.2778 15.19462161 22248,2023-174CP,58341,6885.602,94.77,515.025,499.909,0
GENERATED VIA SPACETRACK.ORG API,18 SPCS,58341,NINJASAT,PAYLOAD,U,23174CP,2024/4/2 13:08,748800,15.19464326,0.0010981,97.4604,169.5147,108.8036,251.4391,0,999,2225,0.00068256,0.00014446,0,4259431,0 NINJASAT,1 58341U 23174CP  24093.54740450  .00014446  00000-0  68256-3 0  9994,2 58341  97.4604 169.5147 0010981 108.8036 251.4391 15.19464326 22258,2023-174CP,58341,6885.595,94.77,515.022,499.899,0
GENERATED VIA SPACETRACK.ORG API,18 SPCS,58341,NINJASAT,PAYLOAD,U,23174CP,2024/4/2 19:27,76096,15.19470773,0.0010988,97.4605,169.7751,108.0026,252.2407,0,999,2229,0.0006175,0.00013063,0,4259590,0 NINJASAT,1 58341U 23174CP  24093.81082264  .00013063  00000-0  61750-3 0  9992,2 58341  97.4605 169.7751 0010988 108.0026 252.2407 15.19470773 22294,2023-174CP,58341,6885.576,94.77,515.007,499.875,0
GENERATED VIA SPACETRACK.ORG API,18 SPCS,58341,NINJASAT,PAYLOAD,U,23174CP,2024/4/2 22:37,702592,15.1947461,0.0010996,97.4605,169.9052,107.621,252.6226,0,999,2231,0.00063232,0.0001338,0,4260070,0 NINJASAT,1 58341U 23174CP  24093.94253128  .00013380  00000-0  63232-3 0  9994,2 58341  97.4605 169.9052 0010996 107.6210 252.6226 15.19474610 22319,2023-174CP,58341,6885.564,94.77,515.001,499.858,0
GENERATED VIA SPACETRACK.ORG API,18 SPCS,58341,NINJASAT,PAYLOAD,U,23174CP,2024/4/3 3:21,89632,15.19480091,0.0011007,97.4605,170.1004,107.0007,253.2435,0,999,2234,0.0006181,0.00013079,0,4260113,0 NINJASAT,1 58341U 23174CP  24094.14009363  .00013079  00000-0  61810-3 0  9992,2 58341  97.4605 170.1004 0011007 107.0007 253.2435 15.19480091 22344,2023-174CP,58341,6885.548,94.769,514.992,499.834,0
GENERATED VIA SPACETRACK.ORG API,18 SPCS,58341,NINJASAT,PAYLOAD,U,23174CP,2024/4/3 11:15,942464,15.19487935,0.0011017,97.4606,170.4258,105.9855,254.2594,0,999,2239,0.00060182,0.00012735,0,4260802,0 NINJASAT,1 58341U 23174CP  24094.46936276  .00012735  00000-0  60182-3 0  9998,2 58341  97.4606 170.4258 0011017 105.9855 254.2594 15.19487935 22394,2023-174CP,58341,6885.524,94.769,514.975,499.803,0
GENERATED VIA SPACETRACK.ORG API,18 SPCS,58341,NINJASAT,PAYLOAD,U,23174CP,2024/4/3 12:50,704736,15.19488795,0.0011016,97.4606,170.4909,105.8216,254.4234,0,999,2240,0.00057197,0.00012099,0,4261282,0 NINJASAT,1 58341U 23174CP  24094.53521649  .00012099  00000-0  57197-3 0  9995,2 58341  97.4606 170.4909 0011016 105.8216 254.4234 15.19488795 22406,2023-174CP,58341,6885.522,94.769,514.972,499.801,0
GENERATED VIA SPACETRACK.ORG API,18 SPCS,58341,NINJASAT,PAYLOAD,U,23174CP,2024/4/3 17:35,934528,15.19493977,0.0011015,97.4606,170.6861,105.2095,255.0358,0,999,2243,0.00056822,0.00012021,0,4261515,0 NINJASAT,1 58341U 23174CP  24094.73277702  .00012021  00000-0  56822-3 0  9994,2 58341  97.4606 170.6861 0011015 105.2095 255.0358 15.19493977 22438,2023-174CP,58341,6885.506,94.768,514.955,499.786,0
GENERATED VIA SPACETRACK.ORG API,18 SPCS,58341,NINJASAT,PAYLOAD,U,23174CP,2024/4/3 20:44,386496,15.19496554,0.0011013,97.4606,170.8163,104.8212,255.4243,0,999,2245,0.000543,0.00011485,0,4261881,0 NINJASAT,1 58341U 23174CP  24094.86448364  .00011485  00000-0  54300-3 0  9994,2 58341  97.4606 170.8163 0011013 104.8212 255.4243 15.19496554 22452,2023-174CP,58341,6885.498,94.768,514.946,499.78,0
GENERATED VIA SPACETRACK.ORG API,18 SPCS,58341,NINJASAT,PAYLOAD,U,23174CP,2024/4/4 4:38,951616,15.19502065,0.0011027,97.4606,171.1417,103.8477,256.3985,0,999,2250,0.00044604,0.00009421,0,4262020,0 NINJASAT,1 58341U 23174CP  24095.19374944  .00009421  00000-0  44604-3 0  9996,2 58341  97.4606 171.1417 0011027 103.8477 256.3985 15.19502065 22509,2023-174CP,58341,6885.481,94.768,514.939,499.754,0
GENERATED VIA SPACETRACK.ORG API,18 SPCS,58341,NINJASAT,PAYLOAD,U,23174CP,2024/4/4 10:58,706080,15.19508269,0.0011011,97.4605,171.402,103.0667,257.1798,0,999,2254,0.00049349,0.00010433,0,4262669,0 NINJASAT,1 58341U 23174CP  24095.45716095  .00010433  00000-0  49349-3 0  9998,2 58341  97.4605 171.4020 0011011 103.0667 257.1798 15.19508269 22544,2023-174CP,58341,6885.463,94.768,514.909,499.746,0
GENERATED VIA SPACETRACK.ORG API,18 SPCS,58341,NINJASAT,PAYLOAD,U,23174CP,2024/4/4 20:27,682688,15.1951719,0.0010972,97.4605,171.7926,101.9046,258.3419,0,999,2260,0.00051144,0.00010819,0,4263223,0 NINJASAT,1 58341U 23174CP  24095.85227642  .00010819  00000-0  51144-3 0  9991,2 58341  97.4605 171.7926 0010972 101.9046 258.3419 15.19517190 22608,2023-174CP,58341,6885.436,94.767,514.855,499.746,0
GENERATED VIA SPACETRACK.ORG API,18 SPCS,58341,NINJASAT,PAYLOAD,U,23174CP,2024/4/4 22:02,321408,15.19518934,0.0010965,97.4605,171.8577,101.7189,258.5277,0,999,2261,0.00052599,0.00011129,0,4263706,0 NINJASAT,1 58341U 23174CP  24095.91812872  .00011129  00000-0  52599-3 0  9993,2 58341  97.4605 171.8577 0010965 101.7189 258.5277 15.19518934 22611,2023-174CP,58341,6885.43,94.767,514.845,499.746,0
GENERATED VIA SPACETRACK.ORG API,18 SPCS,58341,NINJASAT,PAYLOAD,U,23174CP,2024/4/5 4:21,800256,15.19526932,0.0010955,97.4606,172.118,100.8501,259.3967,0,999,2265,0.00057543,0.00012186,0,4263789,0 NINJASAT,1 58341U 23174CP  24096.18153704  .00012186  00000-0  57543-3 0  9993,2 58341  97.4606 172.1180 0010955 100.8501 259.3967 15.19526932 22659,2023-174CP,58341,6885.406,94.766,514.814,499.728,0
GENERATED VIA SPACETRACK.ORG API,18 SPCS,58341,NINJASAT,PAYLOAD,U,23174CP,2024/4/5 12:15,756256,15.19535995,0.0010911,97.4606,172.4434,99.8911,260.3556,0,999,2270,0.00063153,0.00013387,0,4264417,0 NINJASAT,1 58341U 23174CP  24096.51079579  .00013387  00000-0  63153-3 0  9995,2 58341  97.4606 172.4434 0010911  99.8911 260.3556 15.19535995 22709,2023-174CP,58341,6885.379,94.766,514.757,499.731,0
GENERATED VIA SPACETRACK.ORG API,18 SPCS,58341,NINJASAT,PAYLOAD,U,23174CP,2024/4/5 13:50,329312,15.19537927,0.0010907,97.4606,172.5085,99.7076,260.5391,0,999,2271,0.00063803,0.00013526,0,4264927,0 NINJASAT,1 58341U 23174CP  24096.57664733  .00013526  00000-0  63803-3 0  9990,2 58341  97.4606 172.5085 0010907  99.7076 260.5391 15.19537927 22715,2023-174CP,58341,6885.373,94.766,514.748,499.728,0
GENERATED VIA SPACETRACK.ORG API,18 SPCS,58341,NINJASAT,PAYLOAD,U,23174CP,2024/4/5 20:09,562784,15.19544612,0.0010894,97.4606,172.7688,98.9431,261.3037,0,999,2275,0.00063063,0.00013371,0,4265102,0 NINJASAT,1 58341U 23174CP  24096.84005281  .00013371  00000-0  63063-3 0  9993,2 58341  97.4606 172.7688 0010894  98.9431 261.3037 15.19544612 22756,2023-174CP,58341,6885.353,94.765,514.719,499.717,0
GENERATED VIA SPACETRACK.ORG API,18 SPCS,58341,NINJASAT,PAYLOAD,U,23174CP,2024/4/5 21:44,105600,15.19546366,0.0010886,97.4606,172.8339,98.7389,261.5079,0,999,2276,0.00063708,0.00013509,0,4265532,0 NINJASAT,1 58341U 23174CP  24096.90590400  .00013509  00000-0  63708-3 0  9991,2 58341  97.4606 172.8339 0010886  98.7389 261.5079 15.19546366 22768,2023-174CP,58341,6885.348,94.765,514.708,499.717,0
GENERATED VIA SPACETRACK.ORG API,18 SPCS,58341,NINJASAT,PAYLOAD,U,23174CP,2024/4/6 4:03,195648,15.19553593,0.0010877,97.4606,173.0941,97.9516,262.2954,0,999,2280,0.00062463,0.00013246,0,4265582,0 NINJASAT,1 58341U 23174CP  24097.16930782  .00013246  00000-0  62463-3 0  9996,2 58341  97.4606 173.0941 0010877  97.9516 262.2954 15.19553593 22808,2023-174CP,58341,6885.326,94.765,514.68,499.702,0
GENERATED VIA SPACETRACK.ORG API,18 SPCS,58341,NINJASAT,PAYLOAD,U,23174CP,2024/4/6 11:57,615104,15.19564561,0.0010856,97.4606,173.4194,96.9385,263.3085,0,999,2285,0.00070061,0.00014873,0,4266241,0 NINJASAT,1 58341U 23174CP  24097.49856036  .00014873  00000-0  70061-3 0  9991,2 58341  97.4606 173.4194 0010856  96.9385 263.3085 15.19564561 22851,2023-174CP,58341,6885.293,94.764,514.632,499.683,0
GENERATED VIA SPACETRACK.ORG API,18 SPCS,58341,NINJASAT,PAYLOAD,U,23174CP,2024/4/6 13:32,80160,15.1956658,0.0010853,97.4606,173.4845,96.7467,263.5003,0,999,2286,0.00070089,0.0001488,0,4266712,0 NINJASAT,1 58341U 23174CP  24097.56441065  .00014880  00000-0  70089-3 0  9999,2 58341  97.4606 173.4845 0010853  96.7467 263.5003 15.19566580 22866,2023-174CP,58341,6885.287,94.764,514.624,499.679,0
GENERATED VIA SPACETRACK.ORG API,18 SPCS,58341,NINJASAT,PAYLOAD,U,23174CP,2024/4/6 19:52,885088,15.19573029,0.0010865,97.4605,173.7447,96.0102,264.2371,0,999,2290,0.00065323,0.00013865,0,4266841,0 NINJASAT,1 58341U 23174CP  24097.82781117  .00013865  00000-0  65323-3 0  9990,2 58341  97.4605 173.7447 0010865  96.0102 264.2371 15.19573029 22905,2023-174CP,58341,6885.267,94.763,514.613,499.651,0
GENERATED VIA SPACETRACK.ORG API,18 SPCS,58341,NINJASAT,PAYLOAD,U,23174CP,2024/4/6 21:26,320768,15.19574663,0.0010866,97.4605,173.8098,95.8251,264.4222,0,999,2291,0.00064916,0.00013778,0,4267273,0 NINJASAT,1 58341U 23174CP  24097.89366112  .00013778  00000-0  64916-3 0  9991,2 58341  97.4605 173.8098 0010866  95.8251 264.4222 15.19574663 22914,2023-174CP,58341,6885.262,94.763,514.609,499.646,0
GENERATED VIA SPACETRACK.ORG API,18 SPCS,58341,NINJASAT,PAYLOAD,U,23174CP,2024/4/7 11:40,891104,15.19590879,0.0010859,97.4605,174.3955,93.951,266.2966,0,999,2300,0.00061955,0.00013152,0,4267348,0 NINJASAT,1 58341U 23174CP  24098.48630661  .00013152  00000-0  61955-3 0  9996,2 58341  97.4605 174.3955 0010859  93.9510 266.2966 15.19590879 23004,2023-174CP,58341,6885.213,94.762,514.555,499.601,0
GENERATED VIA SPACETRACK.ORG API,18 SPCS,58341,NINJASAT,PAYLOAD,U,23174CP,2024/4/7 13:15,253344,15.19592883,0.0010858,97.4605,174.4606,93.7593,266.4883,0,999,2301,0.00062152,0.00013195,0,4267861,0 NINJASAT,1 58341U 23174CP  24098.55215571  .00013195  00000-0  62152-3 0  9990,2 58341  97.4605 174.4606 0010858  93.7593 266.4883 15.19592883 23014,2023-174CP,58341,6885.207,94.762,514.548,499.596,0
GENERATED VIA SPACETRACK.ORG API,18 SPCS,58341,NINJASAT,PAYLOAD,U,23174CP,2024/4/7 19:34,637504,15.19599574,0.001088,97.4605,174.7209,92.9415,267.3065,0,999,2305,0.00058162,0.00012344,0,4267983,0 NINJASAT,1 58341U 23174CP  24098.81555136  .00012344  00000-0  58162-3 0  9994,2 58341  97.4605 174.7209 0010880  92.9415 267.3065 15.19599574 23055,2023-174CP,58341,6885.187,94.762,514.543,499.561,0
GENERATED VIA SPACETRACK.ORG API,18 SPCS,58341,NINJASAT,PAYLOAD,U,23174CP,2024/4/7 22:44,287680,15.19603122,0.0010856,97.4605,174.8511,92.5588,267.689,0,999,2307,0.00058825,0.00012487,0,4268432,0 NINJASAT,1 58341U 23174CP  24098.94724870  .00012487  00000-0  58825-3 0  9995,2 58341  97.4605 174.8511 0010856  92.5588 267.6890 15.19603122 23078,2023-174CP,58341,6885.176,94.762,514.516,499.567,0
GENERATED VIA SPACETRACK.ORG API,18 SPCS,58341,NINJASAT,PAYLOAD,U,23174CP,2024/4/8 3:28,227520,15.19608748,0.0010869,97.4605,175.0463,91.9751,268.2728,0,999,2310,0.00059462,0.00012625,0,4268633,0 NINJASAT,1 58341U 23174CP  24099.14479430  .00012625  00000-0  59462-3 0  9999,2 58341  97.4605 175.0463 0010869  91.9751 268.2728 15.19608748 23106,2023-174CP,58341,6885.159,94.761,514.508,499.541,0
GENERATED VIA SPACETRACK.ORG API,18 SPCS,58341,NINJASAT,PAYLOAD,U,23174CP,2024/4/8 11:22,611904,15.19619531,0.0010873,97.4604,175.3717,90.9247,269.3234,0,999,2315,0.00067152,0.00014275,0,4269249,0 NINJASAT,1 58341U 23174CP  24099.47403486  .00014275  00000-0  67152-3 0  9991,2 58341  97.4604 175.3717 0010873  90.9247 269.3234 15.19619531 23155,2023-174CP,58341,6885.127,94.761,514.478,499.505,0
GENERATED VIA SPACETRACK.ORG API,18 SPCS,58341,NINJASAT,PAYLOAD,U,23174CP,2024/4/8 12:57,872192,15.19621493,0.0010871,97.4604,175.4367,90.7274,269.5207,0,999,2316,0.00067445,0.00014338,0,4269708,0 NINJASAT,1 58341U 23174CP  24099.53988278  .00014338  00000-0  67445-3 0  9990,2 58341  97.4604 175.4367 0010871  90.7274 269.5207 15.19621493 23166,2023-174CP,58341,6885.121,94.76,514.47,499.501,0
GENERATED VIA SPACETRACK.ORG API,18 SPCS,58341,NINJASAT,PAYLOAD,U,23174CP,2024/4/8 17:41,614176,15.19626923,0.0010878,97.4603,175.632,90.122,270.1261,0,999,2319,0.0006589,0.00014008,0,4269836,0 NINJASAT,1 58341U 23174CP  24099.73742609  .00014008  00000-0  65890-3 0  9994,2 58341  97.4603 175.6320 0010878  90.1220 270.1261 15.19626923 23192,2023-174CP,58341,6885.104,94.76,514.459,499.48,0
GENERATED VIA SPACETRACK.ORG API,18 SPCS,58341,NINJASAT,PAYLOAD,U,23174CP,2024/4/8 22:26,305184,15.19630772,0.0010884,97.4602,175.8273,89.5635,270.6847,0,999,2322,0.00061073,0.00012978,0,4270195,0 NINJASAT,1 58341U 23174CP  24099.93496881  .00012978  00000-0  61073-3 0  9997,2 58341  97.4602 175.8273 0010884  89.5635 270.6847 15.19630772 23225,2023-174CP,58341,6885.093,94.76,514.451,499.464,0
GENERATED VIA SPACETRACK.ORG API,18 SPCS,58341,NINJASAT,PAYLOAD,U,23174CP,2024/4/9 4:45,116512,15.19637183,0.0010877,97.4601,176.0876,88.8091,271.439,0,999,2326,0.00055924,0.00011879,0,4270382,0 NINJASAT,1 58341U 23174CP  24100.19835783  .00011879  00000-0  55924-3 0  9993,2 58341  97.4601 176.0876 0010877  88.8091 271.4390 15.19637183 23265,2023-174CP,58341,6885.073,94.759,514.427,499.449,0
GENERATED VIA SPACETRACK.ORG API,18 SPCS,58341,NINJASAT,PAYLOAD,U,23174CP,2024/4/9 11:04,842304,15.1964349,0.0010851,97.4599,176.348,88.0279,272.2199,0,999,2330,0.00056548,0.00012014,0,4270980,0 NINJASAT,1 58341U 23174CP  24100.46174586  .00012014  00000-0  56548-3 0  9995,2 58341  97.4599 176.3480 0010851  88.0279 272.2199 15.19643490 23306,2023-174CP,58341,6885.054,94.759,514.39,499.448,0
GENERATED VIA SPACETRACK.ORG API,18 SPCS,58341,NINJASAT,PAYLOAD,U,23174CP,2024/4/9 12:39,982496,15.19648412,0.0010845,97.4599,176.413,87.8189,272.4287,0,999,2331,0.00068046,0.00014478,0,4271457,0 NINJASAT,1 58341U 23174CP  24100.52759239  .00014478  00000-0  68046-3 0  9998,2 58341  97.4599 176.4130 0010845  87.8189 272.4287 15.19648412 23319,2023-174CP,58341,6885.039,94.759,514.371,499.438,0
GENERATED VIA SPACETRACK.ORG API,18 SPCS,58341,NINJASAT,PAYLOAD,U,23174CP,2024/4/9 20:33,691232,15.19656768,0.0010831,97.4598,176.7384,86.8171,273.4303,0,999,2336,0.00065453,0.00013926,0,4271548,0 NINJASAT,1 58341U 23174CP  24100.85682513  .00013926  00000-0  65453-3 0  9990,2 58341  97.4598 176.7384 0010831  86.8171 273.4303 15.19656768 23365,2023-174CP,58341,6885.014,94.758,514.336,499.422,0
GENERATED VIA SPACETRACK.ORG API,18 SPCS,58341,NINJASAT,PAYLOAD,U,23174CP,2024/4/9 22:08,817600,15.1965829,0.0010827,97.4597,176.8034,86.6591,273.5882,0,999,2337,0.00065383,0.00013912,0,4271964,0 NINJASAT,1 58341U 23174CP  24100.92267150  .00013912  00000-0  65383-3 0  9991,2 58341  97.4597 176.8034 0010827  86.6591 273.5882 15.19658290 23372,2023-174CP,58341,6885.01,94.758,514.329,499.42,0
GENERATED VIA SPACETRACK.ORG API,18 SPCS,58341,NINJASAT,PAYLOAD,U,23174CP,2024/4/10 4:27,225440,15.19666311,0.0010824,97.4596,177.0637,85.8944,274.3528,0,999,2341,0.00066746,0.00014207,0,4272017,0 NINJASAT,1 58341U 23174CP  24101.18605585  .00014207  00000-0  66746-3 0  9990,2 58341  97.4596 177.0637 0010824  85.8944 274.3528 15.19666311 23417,2023-174CP,58341,6884.985,94.758,514.303,499.398,0
GENERATED VIA SPACETRACK.ORG API,18 SPCS,58341,NINJASAT,PAYLOAD,U,23174CP,2024/4/10 10:47,527872,15.19673053,0.0010785,97.4595,177.324,85.0584,275.1882,0,999,2345,0.00067158,0.00014298,0,4272664,0 NINJASAT,1 58341U 23174CP  24101.44943898  .00014298  00000-0  67158-3 0  9999,2 58341  97.4595 177.3240 0010785  85.0584 275.1882 15.19673053 23454,2023-174CP,58341,6884.965,94.757,514.255,499.405,0
GENERATED VIA SPACETRACK.ORG API,18 SPCS,58341,NINJASAT,PAYLOAD,U,23174CP,2024/4/10 10:47,527872,15.19673053,0.0010785,97.4595,177.324,85.0584,275.1882,0,999,2345,0.00067158,0.00014298,0,4273273,0 NINJASAT,1 58341U 23174CP  24101.44943898  .00014298  00000-0  67158-3 0  9999,2 58341  97.4595 177.3240 0010785  85.0584 275.1882 15.19673053 23454,2023-174CP,58341,6884.965,94.757,514.255,499.405,0
GENERATED VIA SPACETRACK.ORG API,18 SPCS,58341,NINJASAT,PAYLOAD,U,23174CP,2024/4/10 20:16,796192,15.19682687,0.0010708,97.4593,177.7145,83.8084,276.437,0,999,2351,0.0006271,0.00013348,0,4273409,0 NINJASAT,1 58341U 23174CP  24101.84451153  .00013348  00000-0  62710-3 0  9995,2 58341  97.4593 177.7145 0010708  83.8084 276.4370 15.19682687 23512,2023-174CP,58341,6884.936,94.757,514.173,499.428,0
GENERATED VIA SPACETRACK.ORG API,18 SPCS,58341,NINJASAT,PAYLOAD,U,23174CP,2024/4/11 4:10,829280,15.19691861,0.0010696,97.4592,178.0399,82.7079,277.5371,0,999,2356,0.0006194,0.00013187,0,4274023,0 NINJASAT,1 58341U 23174CP  24102.17373645  .00013187  00000-0  61940-3 0  9996,2 58341  97.4592 178.0399 0010696  82.7079 277.5371 15.19691861 23566,2023-174CP,58341,6884.908,94.756,514.137,499.409,0
GENERATED VIA SPACETRACK.ORG API,18 SPCS,58341,NINJASAT,PAYLOAD,U,23174CP,2024/4/11 12:04,664512,15.19702431,0.0010657,97.459,178.3654,81.5972,278.6471,0,999,2361,0.00068734,0.00014648,0,4274578,0 NINJASAT,1 58341U 23174CP  24102.50295908  .00014648  00000-0  68734-3 0  9999,2 58341  97.4590 178.3654 0010657  81.5972 278.6471 15.19702431 23612,2023-174CP,58341,6884.876,94.755,514.078,499.404,0
GENERATED VIA SPACETRACK.ORG API,18 SPCS,58341,NINJASAT,PAYLOAD,U,23174CP,2024/4/11 13:39,614624,15.1970444,0.0010651,97.459,178.4305,81.3534,278.8907,0,999,2362,0.00068987,0.00014703,0,4275078,0 NINJASAT,1 58341U 23174CP  24102.56880341  .00014703  00000-0  68987-3 0  9998,2 58341  97.4590 178.4305 0010651  81.3534 278.8907 15.19704440 23621,2023-174CP,58341,6884.87,94.755,514.068,499.402,0
GENERATED VIA SPACETRACK.ORG API,18 SPCS,58341,NINJASAT,PAYLOAD,U,23174CP,2024/4/11 19:58,345952,15.1971106,0.001064,97.4589,178.6908,80.5905,279.6532,0,999,2366,0.00065437,0.00013944,0,4275194,0 NINJASAT,1 58341U 23174CP  24102.83217993  .00013944  00000-0  65437-3 0  9998,2 58341  97.4589 178.6908 0010640  80.5905 279.6532 15.19711060 23664,2023-174CP,58341,6884.85,94.755,514.041,499.39,0
GENERATED VIA SPACETRACK.ORG API,18 SPCS,58341,NINJASAT,PAYLOAD,U,23174CP,2024/4/11 21:33,272736,15.19712215,0.0010639,97.4589,178.7559,80.374,279.8696,0,999,2367,0.00063702,0.00013572,0,4275619,0 NINJASAT,1 58341U 23174CP  24102.89802399  .00013572  00000-0  63702-3 0  9994,2 58341  97.4589 178.7559 0010639  80.3740 279.8696 15.19712215 23677,2023-174CP,58341,6884.847,94.755,514.036,499.387,0
GENERATED VIA SPACETRACK.ORG API,18 SPCS,58341,NINJASAT,PAYLOAD,U,23174CP,2024/4/12 3:52,835584,15.19721136,0.0010642,97.4588,179.0162,79.5549,280.6884,0,999,2371,0.00066157,0.00014102,0,4275685,0 NINJASAT,1 58341U 23174CP  24103.16139856  .00014102  00000-0  66157-3 0  9993,2 58341  97.4588 179.0162 0010642  79.5549 280.6884 15.19721136 23717,2023-174CP,58341,6884.82,94.754,514.012,499.358,0
GENERATED VIA SPACETRACK.ORG API,18 SPCS,58341,NINJASAT,PAYLOAD,U,23174CP,2024/4/12 11:46,116992,15.19732392,0.0010624,97.4588,179.3416,78.5347,281.708,0,999,2376,0.00072762,0.00015525,0,4276358,0 NINJASAT,1 58341U 23174CP  24103.49061478  .00015525  00000-0  72762-3 0  9992,2 58341  97.4588 179.3416 0010624  78.5347 281.7080 15.19732392 23768,2023-174CP,58341,6884.786,94.754,513.965,499.336,0
GENERATED VIA SPACETRACK.ORG API,18 SPCS,58341,NINJASAT,PAYLOAD,U,23174CP,2024/4/12 13:21,951328,15.19734431,0.001062,97.4588,179.4067,78.3444,281.8982,0,999,2377,0.00072396,0.00015448,0,4276832,0 NINJASAT,1 58341U 23174CP  24103.55645777  .00015448  00000-0  72396-3 0  9996,2 58341  97.4588 179.4067 0010620  78.3444 281.8982 15.19734431 23772,2023-174CP,58341,6884.78,94.753,513.956,499.333,0
GENERATED VIA SPACETRACK.ORG API,18 SPCS,58341,NINJASAT,PAYLOAD,U,23174CP,2024/4/12 19:40,214368,15.1974174,0.0010619,97.4588,179.667,77.5933,282.649,0,999,2381,0.00068136,0.00014536,0,4276918,0 NINJASAT,1 58341U 23174CP  24103.81982887  .00014536  00000-0  68136-3 0  9995,2 58341  97.4588 179.6670 0010619  77.5933 282.6490 15.19741740 23815,2023-174CP,58341,6884.757,94.753,513.933,499.312,0
GENERATED VIA SPACETRACK.ORG API,18 SPCS,58341,NINJASAT,PAYLOAD,U,23174CP,2024/4/12 21:15,13280,15.19743798,0.0010627,97.4588,179.732,77.4073,282.835,0,999,2382,0.00068747,0.00014668,0,4277234,0 NINJASAT,1 58341U 23174CP  24103.88567145  .00014668  00000-0  68747-3 0  9992,2 58341  97.4588 179.7320 0010627  77.4073 282.8350 15.19743798 23824,2023-174CP,58341,6884.751,94.753,513.933,499.3,0
GENERATED VIA SPACETRACK.ORG API,18 SPCS,58341,NINJASAT,PAYLOAD,U,23174CP,2024/4/13 3:34,132032,15.19752508,0.0010603,97.4588,179.9925,76.6067,283.6349,0,999,2386,0.00070824,0.00015118,0,4277379,0 NINJASAT,1 58341U 23174CP  24104.14904088  .00015118  00000-0  70824-3 0  9993,2 58341  97.4588 179.9925 0010603  76.6067 283.6349 15.19752508 23865,2023-174CP,58341,6884.725,94.752,513.89,499.29,0
GENERATED VIA SPACETRACK.ORG API,18 SPCS,58341,NINJASAT,PAYLOAD,U,23174CP,2024/4/13 11:28,768032,15.19766153,0.0010602,97.4588,180.3179,75.5039,284.7371,0,999,2391,0.00081173,0.00017349,0,4278081,0 NINJASAT,1 58341U 23174CP  24104.47824963  .00017349  00000-0  81173-3 0  9999,2 58341  97.4588 180.3179 0010602  75.5039 284.7371 15.19766153 23912,2023-174CP,58341,6884.684,94.751,513.848,499.25,0
GENERATED VIA SPACETRACK.ORG API,18 SPCS,58341,NINJASAT,PAYLOAD,U,23174CP,2024/4/13 13:03,472768,15.19768726,0.0010598,97.4588,180.383,75.2932,284.9477,0,999,2392,0.00081999,0.00017528,0,4278498,0 NINJASAT,1 58341U 23174CP  24104.54409112  .00017528  00000-0  81999-3 0  9997,2 58341  97.4588 180.3830 0010598  75.2932 284.9477 15.19768726 23927,2023-174CP,58341,6884.676,94.751,513.837,499.245,0
GENERATED VIA SPACETRACK.ORG API,18 SPCS,58341,NINJASAT,PAYLOAD,U,23174CP,2024/4/13 19:22,160384,15.19779891,0.0010585,97.4588,180.6434,74.5152,285.7251,0,999,2396,0.00085389,0.00018263,0,4278628,0 NINJASAT,1 58341U 23174CP  24104.80745556  .00018263  00000-0  85389-3 0  9995,2 58341  97.4588 180.6434 0010585  74.5152 285.7251 15.19779891 23960,2023-174CP,58341,6884.642,94.751,513.795,499.22,0
GENERATED VIA SPACETRACK.ORG API,18 SPCS,58341,NINJASAT,PAYLOAD,U,23174CP,2024/4/13 20:57,826240,15.19781507,0.0010588,97.4588,180.7085,74.3716,285.8686,0,999,2397,0.00083222,0.00017798,0,4278987,0 NINJASAT,1 58341U 23174CP  24104.87329660  .00017798  00000-0  83222-3 0  9992,2 58341  97.4588 180.7085 0010588  74.3716 285.8686 15.19781507 23971,2023-174CP,58341,6884.637,94.75,513.792,499.213,0
GENERATED VIA SPACETRACK.ORG API,18 SPCS,58341,NINJASAT,PAYLOAD,U,23174CP,2024/4/14 4:51,12096,15.19792922,0.0010577,97.4587,181.0339,73.3349,286.9046,0,999,2402,0.00081889,0.00017516,0,4279146,0 NINJASAT,1 58341U 23174CP  24105.20250014  .00017516  00000-0  81889-3 0  9991,2 58341  97.4587 181.0339 0010577  73.3349 286.9046 15.19792922 24027,2023-174CP,58341,6884.603,94.75,513.75,499.186,0
GENERATED VIA SPACETRACK.ORG API,18 SPCS,58341,NINJASAT,PAYLOAD,U,23174CP,2024/4/14 11:10,363616,15.19803287,0.0010558,97.4587,181.2943,72.4616,287.7772,0,999,2406,0.00086343,0.00018481,0,4279655,0 NINJASAT,1 58341U 23174CP  24105.46586069  .00018481  00000-0  86343-3 0  9993,2 58341  97.4587 181.2943 0010558  72.4616 287.7772 15.19803287 24062,2023-174CP,58341,6884.572,94.749,513.705,499.168,0
GENERATED VIA SPACETRACK.ORG API,18 SPCS,58341,NINJASAT,PAYLOAD,U,23174CP,2024/4/14 19:04,87232,15.19818004,0.0010567,97.4586,181.6197,71.3985,288.8396,0,999,2411,0.00093534,0.00020038,0,4280269,0 NINJASAT,1 58341U 23174CP  24105.79505888  .00020038  00000-0  93534-3 0  9990,2 58341  97.4586 181.6197 0010567  71.3985 288.8396 15.19818004 24116,2023-174CP,58341,6884.527,94.748,513.667,499.117,0
GENERATED VIA SPACETRACK.ORG API,18 SPCS,58341,NINJASAT,PAYLOAD,U,23174CP,2024/4/14 20:39,592384,15.19821049,0.0010543,97.4586,181.6848,71.1583,289.0794,0,999,2412,0.00095445,0.00020452,0,4280633,0 NINJASAT,1 58341U 23174CP  24105.86089806  .00020452  00000-0  95445-3 0  9998,2 58341  97.4586 181.6848 0010543  71.1583 289.0794 15.19821049 24124,2023-174CP,58341,6884.518,94.748,513.641,499.125,0
GENERATED VIA SPACETRACK.ORG API,18 SPCS,58341,NINJASAT,PAYLOAD,U,23174CP,2024/4/15 4:33,953120,15.19835938,0.0010499,97.4585,182.0102,70.2431,289.9935,0,999,2417,0.00097952,0.00021001,0,4280778,0 NINJASAT,1 58341U 23174CP  24106.19009205  .00021001  00000-0  97952-3 0  9996,2 58341  97.4585 182.0102 0010499  70.2431 289.9935 15.19835938 24176,2023-174CP,58341,6884.473,94.747,513.566,499.11,0
GENERATED VIA SPACETRACK.ORG API,18 SPCS,58341,NINJASAT,PAYLOAD,U,23174CP,2024/4/15 10:52,643680,15.19848602,0.0010415,97.4585,182.2706,69.2329,291.0021,0,999,2421,0.0010818,0.00023217,0,4281412,0 NINJASAT,1 58341U 23174CP  24106.45344495  .00023217  00000-0  10818-2 0  9994,2 58341  97.4585 182.2706 0010415  69.2329 291.0021 15.19848602 24217,2023-174CP,58341,6884.435,94.746,513.47,499.13,0
GENERATED VIA SPACETRACK.ORG API,18 SPCS,58341,NINJASAT,PAYLOAD,U,23174CP,2024/4/15 14:02,431936,15.1985467,0.0010396,97.4585,182.4008,68.865,291.3695,0,999,2423,0.001065,0.00022858,0,4281855,0 NINJASAT,1 58341U 23174CP  24106.58512074  .00022858  00000-0  10650-2 0  9992,2 58341  97.4585 182.4008 0010396  68.8650 291.3695 15.19854670 24238,2023-174CP,58341,6884.416,94.746,513.438,499.124,0
GENERATED VIA SPACETRACK.ORG API,18 SPCS,58341,NINJASAT,PAYLOAD,U,23174CP,2024/4/15 20:21,909088,15.19864531,0.0010367,97.4585,182.6614,67.9044,292.3291,0,999,2427,0.0010285,0.00022076,0,4282075,0 NINJASAT,1 58341U 23174CP  24106.84847117  .00022076  00000-0  10285-2 0  9996,2 58341  97.4585 182.6614 0010367  67.9044 292.3291 15.19864531 24272,2023-174CP,58341,6884.387,94.745,513.389,499.115,0
GENERATED VIA SPACETRACK.ORG API,18 SPCS,58341,NINJASAT,PAYLOAD,U,23174CP,2024/4/16 4:15,461984,15.19881817,0.0010355,97.4584,182.9869,66.5226,293.7096,0,999,2432,0.0011697,0.00025139,0,4282744,0 NINJASAT,1 58341U 23174CP  24107.17765581  .00025139  00000-0  11697-2 0  9998,2 58341  97.4584 182.9869 0010355  66.5226 293.7096 15.19881817 24320,2023-174CP,58341,6884.334,94.744,513.328,499.071,0
GENERATED VIA SPACETRACK.ORG API,18 SPCS,58341,NINJASAT,PAYLOAD,U,23174CP,2024/4/16 12:09,614848,15.19903828,0.0010269,97.4585,183.312,65.5596,294.6709,0,999,2437,0.0014614,0.00031471,0,4283497,0 NINJASAT,1 58341U 23174CP  24107.50683582  .00031471  00000-0  14614-2 0  9993,2 58341  97.4585 183.3120 0010269  65.5596 294.6709 15.19903828 24372,2023-174CP,58341,6884.268,94.743,513.202,499.064,0
GENERATED VIA SPACETRACK.ORG API,18 SPCS,58341,NINJASAT,PAYLOAD,U,23174CP,2024/4/16 13:44,808960,15.19907392,0.0010271,97.4585,183.3771,65.4044,294.8259,0,999,2438,0.0014288,0.00030768,0,4283936,0 NINJASAT,1 58341U 23174CP  24107.57267140  .00030768  00000-0  14288-2 0  9993,2 58341  97.4585 183.3771 0010271  65.4044 294.8259 15.19907392 24387,2023-174CP,58341,6884.257,94.743,513.193,499.051,0
GENERATED VIA SPACETRACK.ORG API,18 SPCS,58341,NINJASAT,PAYLOAD,U,23174CP,2024/4/16 20:03,422112,15.19923625,0.0010267,97.4586,183.6375,64.6069,295.6227,0,999,2442,0.001455,0.00031351,0,4284051,0 NINJASAT,1 58341U 23174CP  24107.83601183  .00031351  00000-0  14550-2 0  9992,2 58341  97.4586 183.6375 0010267  64.6069 295.6227 15.19923625 24420,2023-174CP,58341,6884.208,94.742,513.141,499.005,0
GENERATED VIA SPACETRACK.ORG API,18 SPCS,58341,NINJASAT,PAYLOAD,U,23174CP,2024/4/16 21:38,544512,15.19927209,0.0010271,97.4586,183.7026,64.3423,295.8872,0,999,2443,0.0014581,0.00031421,0,4284483,0 NINJASAT,1 58341U 23174CP  24107.90184658  .00031421  00000-0  14581-2 0  9995,2 58341  97.4586 183.7026 0010271  64.3423 295.8872 15.19927209 24431,2023-174CP,58341,6884.197,94.741,513.133,498.992,0
GENERATED VIA SPACETRACK.ORG API,18 SPCS,58341,NINJASAT,PAYLOAD,U,23174CP,2024/4/17 3:57,835392,15.19945422,0.0010251,97.4586,183.9628,63.3449,296.8834,0,999,2447,0.0015109,0.00032584,0,4284701,0 NINJASAT,1 58341U 23174CP  24108.16518328  .00032584  00000-0  15109-2 0  9997,2 58341  97.4586 183.9628 0010251  63.3449 296.8834 15.19945422 24476,2023-174CP,58341,6884.142,94.74,513.064,498.95,0
GENERATED VIA SPACETRACK.ORG API,18 SPCS,58341,NINJASAT,PAYLOAD,U,23174CP,2024/4/17 11:51,881472,15.19960992,0.0010242,97.4588,184.2883,62.3276,297.8997,0,999,2452,0.0012468,0.00026867,0,4285205,0 NINJASAT,1 58341U 23174CP  24108.49435048  .00026867  00000-0  12468-2 0  9992,2 58341  97.4588 184.2883 0010242  62.3276 297.8997 15.19960992 24528,2023-174CP,58341,6884.095,94.739,513.011,498.91,0
GENERATED VIA SPACETRACK.ORG API,18 SPCS,58341,NINJASAT,PAYLOAD,U,23174CP,2024/4/17 13:26,831936,15.19965181,0.0010234,97.4588,184.3534,62.2714,297.9558,0,999,2453,0.0012065,0.00025997,0,4285817,0 NINJASAT,1 58341U 23174CP  24108.56018324  .00025997  00000-0  12065-2 0  9990,2 58341  97.4588 184.3534 0010234  62.2714 297.9558 15.19965181 24539,2023-174CP,58341,6884.083,94.739,512.993,498.903,0
GENERATED VIA SPACETRACK.ORG API,18 SPCS,58341,NINJASAT,PAYLOAD,U,23174CP,2024/4/17 19:45,569856,15.19981399,0.0010249,97.4589,184.6138,61.4082,298.8182,0,999,2457,0.0012823,0.00027654,0,4285947,0 NINJASAT,1 58341U 23174CP  24108.82351354  .00027654  00000-0  12823-2 0  9996,2 58341  97.4589 184.6138 0010249  61.4082 298.8182 15.19981399 24574,2023-174CP,58341,6884.034,94.738,512.954,498.843,0
GENERATED VIA SPACETRACK.ORG API,18 SPCS,58341,NINJASAT,PAYLOAD,U,23174CP,2024/4/17 21:20,457248,15.19985474,0.0010228,97.459,184.679,61.1288,299.0972,0,999,2458,0.0013214,0.00028506,0,4286350,0 NINJASAT,1 58341U 23174CP  24108.88934557  .00028506  00000-0  13214-2 0  9996,2 58341  97.4590 184.6790 0010228  61.1288 299.0972 15.19985474 24581,2023-174CP,58341,6884.021,94.738,512.927,498.845,0
GENERATED VIA SPACETRACK.ORG API,18 SPCS,58341,NINJASAT,PAYLOAD,U,23174CP,2024/4/18 3:39,922144,15.20000804,0.0010224,97.459,184.9395,60.0912,300.1337,0,999,2462,0.001354,0.00029226,0,4286542,0 NINJASAT,1 58341U 23174CP  24109.15267271  .00029226  00000-0  13540-2 0  9991,2 58341  97.4590 184.9395 0010224  60.0912 300.1337 15.20000804 24624,2023-174CP,58341,6883.975,94.737,512.878,498.802,0
GENERATED VIA SPACETRACK.ORG API,18 SPCS,58341,NINJASAT,PAYLOAD,U,23174CP,2024/4/18 11:33,874400,15.20017472,0.0010166,97.4591,185.2647,59.3164,300.9072,0,999,2467,0.0011863,0.00025597,0,4287035,0 NINJASAT,1 58341U 23174CP  24109.48182725  .00025597  00000-0  11863-2 0  9990,2 58341  97.4591 185.2647 0010166  59.3164 300.9072 15.20017472 24672,2023-174CP,58341,6883.925,94.736,512.788,498.792,0
GENERATED VIA SPACETRACK.ORG API,18 SPCS,58341,NINJASAT,PAYLOAD,U,23174CP,2024/4/18 13:08,639968,15.20021593,0.0010175,97.4591,185.3297,59.1066,301.1168,0,999,2468,0.0012094,0.00026102,0,4287604,0 NINJASAT,1 58341U 23174CP  24109.54765787  .00026102  00000-0  12094-2 0  9992,2 58341  97.4591 185.3297 0010175  59.1066 301.1168 15.20021593 24682,2023-174CP,58341,6883.912,94.735,512.782,498.773,0
GENERATED VIA SPACETRACK.ORG API,18 SPCS,58341,NINJASAT,PAYLOAD,U,23174CP,2024/4/18 19:27,526848,15.20037577,0.0010169,97.4592,185.5903,58.2282,301.9942,0,999,2472,0.0012863,0.00027785,0,4287722,0 NINJASAT,1 58341U 23174CP  24109.81097832  .00027785  00000-0  12863-2 0  9993,2 58341  97.4592 185.5903 0010169  58.2282 301.9942 15.20037577 24724,2023-174CP,58341,6883.864,94.735,512.729,498.729,0
GENERATED VIA SPACETRACK.ORG API,18 SPCS,58341,NINJASAT,PAYLOAD,U,23174CP,2024/4/18 21:02,232800,15.20040803,0.0010179,97.4592,185.6554,58.0863,302.1361,0,999,2473,0.0013196,0.00028512,0,4288150,0 NINJASAT,1 58341U 23174CP  24109.87680825  .00028512  00000-0  13196-2 0  9998,2 58341  97.4592 185.6554 0010179  58.0863 302.1361 15.20040803 24736,2023-174CP,58341,6883.854,94.734,512.726,498.712,0
GENERATED VIA SPACETRACK.ORG API,18 SPCS,58341,NINJASAT,PAYLOAD,U,23174CP,2024/4/19 4:56,463616,15.20059249,0.0010185,97.4591,185.9809,56.8459,303.3752,0,999,2478,0.0012809,0.00027686,0,4288308,0 NINJASAT,1 58341U 23174CP  24110.20595444  .00027686  00000-0  12809-2 0  9990,2 58341  97.4591 185.9809 0010185  56.8459 303.3752 15.20059249 24781,2023-174CP,58341,6883.799,94.733,512.675,498.653,0
GENERATED VIA SPACETRACK.ORG API,18 SPCS,58341,NINJASAT,PAYLOAD,U,23174CP,2024/4/19 11:15,781120,15.20077748,0.0010162,97.4592,186.2411,56.0903,304.1297,0,999,2482,0.001507,0.00032624,0,4288881,0 NINJASAT,1 58341U 23174CP  24110.46926830  .00032624  00000-0  15070-2 0  9996,2 58341  97.4592 186.2411 0010162  56.0903 304.1297 15.20077748 24828,2023-174CP,58341,6883.743,94.732,512.603,498.613,0
GENERATED VIA SPACETRACK.ORG API,18 SPCS,58341,NINJASAT,PAYLOAD,U,23174CP,2024/4/19 11:15,781120,15.20077748,0.0010162,97.4592,186.2411,56.0903,304.1297,0,999,2482,0.001507,0.00032624,0,4289403,0 NINJASAT,1 58341U 23174CP  24110.46926830  .00032624  00000-0  15070-2 0  9996,2 58341  97.4592 186.2411 0010162  56.0903 304.1297 15.20077748 24828,2023-174CP,58341,6883.743,94.732,512.603,498.613,0
GENERATED VIA SPACETRACK.ORG API,18 SPCS,58341,NINJASAT,PAYLOAD,U,23174CP,2024/4/19 19:09,152256,15.20114793,0.0010142,97.4592,186.5666,54.994,305.2246,0,999,2487,0.0022058,0.00047933,0,4289563,0 NINJASAT,1 58341U 23174CP  24110.79840454  .00047933  00000-0  22058-2 0  9992,2 58341  97.4592 186.5666 0010142  54.9940 305.2246 15.20114793 24872,2023-174CP,58341,6883.631,94.73,512.477,498.515,0
GENERATED VIA SPACETRACK.ORG API,18 SPCS,58341,NINJASAT,PAYLOAD,U,23174CP,2024/4/19 20:44,638752,15.20118724,0.0010154,97.4592,186.6316,54.7792,305.4392,0,999,2488,0.0022823,0.00049615,0,4290026,0 NINJASAT,1 58341U 23174CP  24110.86423193  .00049615  00000-0  22823-2 0  9996,2 58341  97.4592 186.6316 0010154  54.7792 305.4392 15.20118724 24884,2023-174CP,58341,6883.619,94.729,512.474,498.495,0
GENERATED VIA SPACETRACK.ORG API,18 SPCS,58341,NINJASAT,PAYLOAD,U,23174CP,2024/4/20 4:38,535552,15.20132458,0.0010132,97.4591,186.9571,53.7411,306.4759,0,999,2493,0.001564,0.0003392,0,4290153,0 NINJASAT,1 58341U 23174CP  24111.19336268  .00033920  00000-0  15640-2 0  9990,2 58341  97.4591 186.9571 0010132  53.7411 306.4759 15.20132458 24936,2023-174CP,58341,6883.578,94.729,512.417,498.468,0
GENERATED VIA SPACETRACK.ORG API,18 SPCS,58341,NINJASAT,PAYLOAD,U,23174CP,2024/4/20 10:57,639136,15.20154396,0.0010104,97.4592,187.2175,52.8579,307.3578,0,999,2497,0.001583,0.00034356,0,4290920,0 NINJASAT,1 58341U 23174CP  24111.45666249  .00034356  00000-0  15830-2 0  9999,2 58341  97.4592 187.2175 0010104  52.8579 307.3578 15.20154396 24973,2023-174CP,58341,6883.511,94.727,512.332,498.421,0
GENERATED VIA SPACETRACK.ORG API,18 SPCS,58341,NINJASAT,PAYLOAD,U,23174CP,2024/4/20 12:32,879392,15.20155687,0.0010094,97.4591,187.2825,52.512,307.7032,0,999,2498,0.0013313,0.00028862,0,4291469,0 NINJASAT,1 58341U 23174CP  24111.52248703  .00028862  00000-0  13313-2 0  9997,2 58341  97.4591 187.2825 0010094  52.5120 307.7032 15.20155687 24985,2023-174CP,58341,6883.508,94.727,512.321,498.424,0
GENERATED VIA SPACETRACK.ORG API,18 SPCS,58341,NINJASAT,PAYLOAD,U,23174CP,2024/4/20 18:51,619232,15.20175192,0.0010041,97.459,187.5429,51.4562,308.7571,0,999,2502,0.0012316,0.00026703,0,4291668,0 NINJASAT,1 58341U 23174CP  24111.78578263  .00026703  00000-0  12316-2 0  9996,2 58341  97.4590 187.5429 0010041  51.4562 308.7571 15.20175192 25025,2023-174CP,58341,6883.449,94.726,512.225,498.402,0
GENERATED VIA SPACETRACK.ORG API,18 SPCS,58341,NINJASAT,PAYLOAD,U,23174CP,2024/4/20 20:26,792096,15.20177953,0.0010036,97.459,187.608,51.2557,308.9573,0,999,2503,0.00118,0.00025579,0,4292116,0 NINJASAT,1 58341U 23174CP  24111.85160639  .00025579  00000-0  11800-2 0  9995,2 58341  97.4590 187.6080 0010036  51.2557 308.9573 15.20177953 25037,2023-174CP,58341,6883.44,94.726,512.214,498.397,0
GENERATED VIA SPACETRACK.ORG API,18 SPCS,58341,NINJASAT,PAYLOAD,U,23174CP,2024/4/21 4:20,382528,15.20198739,0.000997,97.4588,187.9335,50.0773,310.1337,0,999,2508,0.0012038,0.00026114,0,4292338,0 NINJASAT,1 58341U 23174CP  24112.18072202  .00026114  00000-0  12038-2 0  9990,2 58341  97.4588 187.9335 0009970  50.0773 310.1337 15.20198739 25085,2023-174CP,58341,6883.378,94.724,512.105,498.38,0
GENERATED VIA SPACETRACK.ORG API,18 SPCS,58341,NINJASAT,PAYLOAD,U,23174CP,2024/4/21 12:14,534912,15.20225115,0.0009906,97.4588,188.259,48.92,311.2889,0,999,2513,0.0015517,0.0003374,0,4292766,0 NINJASAT,1 58341U 23174CP  24112.50983258  .00033740  00000-0  15517-2 0  9996,2 58341  97.4588 188.2590 0009906  48.9200 311.2889 15.20225115 25131,2023-174CP,58341,6883.298,94.723,511.982,498.344,0
GENERATED VIA SPACETRACK.ORG API,18 SPCS,58341,NINJASAT,PAYLOAD,U,23174CP,2024/4/21 18:33,393472,15.20241167,0.000987,97.4587,188.5193,47.9366,312.2707,0,999,2517,0.0014637,0.00031829,0,4292886,0 NINJASAT,1 58341U 23174CP  24112.77311798  .00031829  00000-0  14637-2 0  9997,2 58341  97.4587 188.5193 0009870  47.9366 312.2707 15.20241167 25173,2023-174CP,58341,6883.25,94.722,511.908,498.321,0
GENERATED VIA SPACETRACK.ORG API,18 SPCS,58341,NINJASAT,PAYLOAD,U,23174CP,2024/4/21 21:42,208704,15.20250643,0.0009856,97.4587,188.6495,47.4749,312.7317,0,999,2519,0.0015423,0.00033559,0,4293451,0 NINJASAT,1 58341U 23174CP  24112.90475936  .00033559  00000-0  15423-2 0  9993,2 58341  97.4587 188.6495 0009856  47.4749 312.7317 15.20250643 25196,2023-174CP,58341,6883.221,94.721,511.87,498.302,0
GENERATED VIA SPACETRACK.ORG API,18 SPCS,58341,NINJASAT,PAYLOAD,U,23174CP,2024/4/22 2:27,833920,15.20264014,0.0009842,97.4587,188.8448,46.6882,313.5173,0,999,2522,0.0015481,0.00033699,0,4293666,0 NINJASAT,1 58341U 23174CP  24113.10222030  .00033699  00000-0  15481-2 0  9990,2 58341  97.4587 188.8448 0009842  46.6882 313.5173 15.20264014 25220,2023-174CP,58341,6883.181,94.72,511.82,498.271,0
GENERATED VIA SPACETRACK.ORG API,18 SPCS,58341,NINJASAT,PAYLOAD,U,23174CP,2024/4/22 10:21,872608,15.20285193,0.000979,97.4587,189.1703,45.6062,314.5973,0,999,2527,0.001525,0.00033213,0,4294216,0 NINJASAT,1 58341U 23174CP  24113.43131797  .00033213  00000-0  15250-2 0  9991,2 58341  97.4587 189.1703 0009790  45.6062 314.5973 15.20285193 25274,2023-174CP,58341,6883.117,94.719,511.72,498.243,0
GENERATED VIA SPACETRACK.ORG API,18 SPCS,58341,NINJASAT,PAYLOAD,U,23174CP,2024/4/22 10:21,872608,15.20285193,0.000979,97.4587,189.1703,45.6062,314.5973,0,999,2527,0.001525,0.00033213,0,4294713,0 NINJASAT,1 58341U 23174CP  24113.43131797  .00033213  00000-0  15250-2 0  9991,2 58341  97.4587 189.1703 0009790  45.6062 314.5973 15.20285193 25274,2023-174CP,58341,6883.117,94.719,511.72,498.243,0
GENERATED VIA SPACETRACK.ORG API,18 SPCS,58341,NINJASAT,PAYLOAD,U,23174CP,2024/4/22 19:49,188192,15.2030758,0.0009767,97.4587,189.5609,44.2849,315.9166,0,999,2533,0.0012812,0.0002789,0,4294963,0 NINJASAT,1 58341U 23174CP  24113.82622903  .00027890  00000-0  12812-2 0  9993,2 58341  97.4587 189.5609 0009767  44.2849 315.9166 15.20307580 25336,2023-174CP,58341,6883.049,94.718,511.637,498.191,0
GENERATED VIA SPACETRACK.ORG API,18 SPCS,58341,NINJASAT,PAYLOAD,U,23174CP,2024/4/22 21:24,863392,15.20311159,0.0009764,97.4587,189.626,44.0657,316.1355,0,999,2534,0.0012844,0.00027963,0,4295412,0 NINJASAT,1 58341U 23174CP  24113.89204703  .00027963  00000-0  12844-2 0  9990,2 58341  97.4587 189.6260 0009764  44.0657 316.1355 15.20311159 25343,2023-174CP,58341,6883.038,94.717,511.624,498.183,0
GENERATED VIA SPACETRACK.ORG API,18 SPCS,58341,NINJASAT,PAYLOAD,U,23174CP,2024/4/23 3:43,399168,15.20328829,0.0009752,97.4587,189.8863,43.1291,317.0706,0,999,2538,0.0013537,0.00029497,0,4295533,0 NINJASAT,1 58341U 23174CP  24114.15531712  .00029497  00000-0  13537-2 0  9997,2 58341  97.4587 189.8863 0009752  43.1291 317.0706 15.20328829 25381,2023-174CP,58341,6882.985,94.716,511.562,498.138,0
GENERATED VIA SPACETRACK.ORG API,18 SPCS,58341,NINJASAT,PAYLOAD,U,23174CP,2024/4/23 6:53,544800,15.20337979,0.0009745,97.4587,190.0165,42.7795,317.4197,0,999,2540,0.0013653,0.00029759,0,4296140,0 NINJASAT,1 58341U 23174CP  24114.28695075  .00029759  00000-0  13653-2 0  9994,2 58341  97.4587 190.0165 0009745  42.7795 317.4197 15.20337979 25403,2023-174CP,58341,6882.957,94.716,511.53,498.115,0
GENERATED VIA SPACETRACK.ORG API,18 SPCS,58341,NINJASAT,PAYLOAD,U,23174CP,2024/4/23 13:12,671904,15.2035471,0.0009738,97.4587,190.2769,42.018,318.18,0,999,2544,0.0013621,0.00029704,0,4296658,0 NINJASAT,1 58341U 23174CP  24114.55021611  .00029704  00000-0  13621-2 0  9998,2 58341  97.4587 190.2769 0009738  42.0180 318.1800 15.20354710 25443,2023-174CP,58341,6882.907,94.715,511.474,498.069,0
GENERATED VIA SPACETRACK.ORG API,18 SPCS,58341,NINJASAT,PAYLOAD,U,23174CP,2024/4/23 19:31,556224,15.20370972,0.0009711,97.4586,190.5373,41.4143,318.7826,0,999,2548,0.0013023,0.00028405,0,4296715,0 NINJASAT,1 58341U 23174CP  24114.81347866  .00028405  00000-0  13023-2 0  9993,2 58341  97.4586 190.5373 0009711  41.4143 318.7826 15.20370972 25485,2023-174CP,58341,6882.858,94.714,511.407,498.039,0
GENERATED VIA SPACETRACK.ORG API,18 SPCS,58341,NINJASAT,PAYLOAD,U,23174CP,2024/4/23 21:06,997280,15.20374707,0.0009707,97.4586,190.6024,41.0383,319.1581,0,999,2549,0.0013253,0.00028913,0,4296933,0 NINJASAT,1 58341U 23174CP  24114.87929395  .00028913  00000-0  13253-2 0  9991,2 58341  97.4586 190.6024 0009707  41.0383 319.1581 15.20374707 25490,2023-174CP,58341,6882.846,94.713,511.393,498.03,0
GENERATED VIA SPACETRACK.ORG API,18 SPCS,58341,NINJASAT,PAYLOAD,U,23174CP,2024/4/24 3:25,574016,15.20392664,0.0009689,97.4585,190.8628,40.2244,319.9706,0,999,2553,0.0013867,0.00030277,0,4297067,0 NINJASAT,1 58341U 23174CP  24115.14255294  .00030277  00000-0  13867-2 0  9999,2 58341  97.4585 190.8628 0009689  40.2244 319.9706 15.20392664 25531,2023-174CP,58341,6882.792,94.712,511.326,497.989,0
GENERATED VIA SPACETRACK.ORG API,18 SPCS,58341,NINJASAT,PAYLOAD,U,23174CP,2024/4/24 11:19,98464,15.2041699,0.0009688,97.4585,191.1884,39.1465,321.047,0,999,2558,0.0014613,0.00031939,0,4297289,0 NINJASAT,1 58341U 23174CP  24115.47162151  .00031939  00000-0  14613-2 0  9990,2 58341  97.4585 191.1884 0009688  39.1465 321.0470 15.20416990 25586,2023-174CP,58341,6882.719,94.711,511.252,497.916,0
GENERATED VIA SPACETRACK.ORG API,18 SPCS,58341,NINJASAT,PAYLOAD,U,23174CP,2024/4/24 12:53,363264,15.20420326,0.0009694,97.4585,191.2536,38.8902,321.3029,0,999,2559,0.0013812,0.0003018,0,4297616,0 NINJASAT,1 58341U 23174CP  24115.53743476  .00030180  00000-0  13812-2 0  9999,2 58341  97.4585 191.2536 0009694  38.8902 321.3029 15.20420326 25592,2023-174CP,58341,6882.709,94.711,511.246,497.902,0
GENERATED VIA SPACETRACK.ORG API,18 SPCS,58341,NINJASAT,PAYLOAD,U,23174CP,2024/4/24 19:12,288544,15.20435695,0.0009659,97.4585,191.5141,37.8358,322.3554,0,999,2563,0.0012921,0.00028234,0,4297696,0 NINJASAT,1 58341U 23174CP  24115.80068621  .00028234  00000-0  12921-2 0  9998,2 58341  97.4585 191.5141 0009659  37.8358 322.3554 15.20435695 25636,2023-174CP,58341,6882.662,94.71,511.175,497.879,0
GENERATED VIA SPACETRACK.ORG API,18 SPCS,58341,NINJASAT,PAYLOAD,U,23174CP,2024/4/24 20:47,475584,15.20440092,0.0009652,97.4584,191.5792,37.5959,322.5949,0,999,2564,0.0013335,0.00029148,0,4297865,0 NINJASAT,1 58341U 23174CP  24115.86649856  .00029148  00000-0  13335-2 0  9994,2 58341  97.4584 191.5792 0009652  37.5959 322.5949 15.20440092 25642,2023-174CP,58341,6882.649,94.709,511.157,497.871,0
GENERATED VIA SPACETRACK.ORG API,18 SPCS,58341,NINJASAT,PAYLOAD,U,23174CP,2024/4/25 4:41,248352,15.20457998,0.0009622,97.4583,191.9047,36.3693,323.8194,0,999,2569,0.001244,0.00027194,0,4297936,0 NINJASAT,1 58341U 23174CP  24116.19555843  .00027194  00000-0  12440-2 0  9998,2 58341  97.4583 191.9047 0009622  36.3693 323.8194 15.20457998 25691,2023-174CP,58341,6882.595,94.708,511.083,497.838,0
GENERATED VIA SPACETRACK.ORG API,18 SPCS,58341,NINJASAT,PAYLOAD,U,23174CP,2024/4/25 11:00,605984,15.2047154,0.0009571,97.4581,192.1653,35.1642,325.0223,0,999,2573,0.0011829,0.0002586,0,4298261,0 NINJASAT,1 58341U 23174CP  24116.45880331  .00025860  00000-0  11829-2 0  9998,2 58341  97.4581 192.1653 0009571  35.1642 325.0223 15.20471540 25730,2023-174CP,58341,6882.554,94.707,511.007,497.832,0
GENERATED VIA SPACETRACK.ORG API,18 SPCS,58341,NINJASAT,PAYLOAD,U,23174CP,2024/4/25 12:35,669472,15.20474913,0.000955,97.4581,192.2303,34.8745,325.3114,0,999,2574,0.0011665,0.00025502,0,4298476,0 NINJASAT,1 58341U 23174CP  24116.52461423  .00025502  00000-0  11665-2 0  9994,2 58341  97.4581 192.2303 0009550  34.8745 325.3114 15.20474913 25740,2023-174CP,58341,6882.544,94.707,510.982,497.836,0
GENERATED VIA SPACETRACK.ORG API,18 SPCS,58341,NINJASAT,PAYLOAD,U,23174CP,2024/4/25 17:19,783040,15.20485731,0.0009536,97.458,192.4256,34.0854,326.0992,0,999,2577,0.0011429,0.0002499,0,4298536,0 NINJASAT,1 58341U 23174CP  24116.72204610  .00024990  00000-0  11429-2 0  9997,2 58341  97.4580 192.4256 0009536  34.0854 326.0992 15.20485731 25770,2023-174CP,58341,6882.511,94.707,510.94,497.813,0
GENERATED VIA SPACETRACK.ORG API,18 SPCS,58341,NINJASAT,PAYLOAD,U,23174CP,2024/4/25 22:04,789472,15.204967,0.0009518,97.4578,192.6211,33.2935,326.8897,0,999,2580,0.0012925,0.00028292,0,4298762,0 NINJASAT,1 58341U 23174CP  24116.91947673  .00028292  00000-0  12925-2 0  9992,2 58341  97.4578 192.6211 0009518  33.2935 326.8897 15.20496700 25805,2023-174CP,58341,6882.478,94.706,510.894,497.793,0
GENERATED VIA SPACETRACK.ORG API,18 SPCS,58341,NINJASAT,PAYLOAD,U,23174CP,2024/4/26 4:23,540576,15.20511499,0.0009481,97.4577,192.8816,32.4114,327.7702,0,999,2584,0.0012302,0.00026931,0,4298900,0 NINJASAT,1 58341U 23174CP  24117.18271459  .00026931  00000-0  12302-2 0  9991,2 58341  97.4577 192.8816 0009481  32.4114 327.7702 15.20511499 25848,2023-174CP,58341,6882.434,94.705,510.824,497.773,0
GENERATED VIA SPACETRACK.ORG API,18 SPCS,58341,NINJASAT,PAYLOAD,U,23174CP,2024/4/26 12:16,899840,15.20533898,0.0009368,97.4575,193.207,31.2967,328.8824,0,999,2589,0.0014271,0.00031291,0,4299170,0 NINJASAT,1 58341U 23174CP  24117.51175810  .00031291  00000-0  14271-2 0  9994,2 58341  97.4575 193.2070 0009368  31.2967 328.8824 15.20533898 25899,2023-174CP,58341,6882.366,94.704,510.678,497.784,0
GENERATED VIA SPACETRACK.ORG API,18 SPCS,58341,NINJASAT,PAYLOAD,U,23174CP,2024/4/26 15:26,537792,15.20542642,0.0009348,97.4575,193.3372,30.8189,329.3594,0,999,2591,0.0014063,0.0003084,0,4299500,0 NINJASAT,1 58341U 23174CP  24117.64337428  .00030840  00000-0  14063-2 0  9991,2 58341  97.4575 193.3372 0009348  30.8189 329.3594 15.20542642 25914,2023-174CP,58341,6882.34,94.703,510.638,497.771,0
GENERATED VIA SPACETRACK.ORG API,18 SPCS,58341,NINJASAT,PAYLOAD,U,23174CP,2024/4/26 21:45,622752,15.20561633,0.0009336,97.4573,193.5976,29.9683,330.2085,0,999,2595,0.0015898,0.00034911,0,4299721,0 NINJASAT,1 58341U 23174CP  24117.90660443  .00034911  00000-0  15898-2 0  9996,2 58341  97.4573 193.5976 0009336  29.9683 330.2085 15.20561633 25950,2023-174CP,58341,6882.282,94.702,510.573,497.722,0
GENERATED VIA SPACETRACK.ORG API,18 SPCS,58341,NINJASAT,PAYLOAD,U,23174CP,2024/4/27 4:04,502080,15.20576138,0.0009334,97.4573,193.8581,28.9001,331.275,0,999,2599,0.0014542,0.00031928,0,4299778,0 NINJASAT,1 58341U 23174CP  24118.16983220  .00031928  00000-0  14542-2 0  9996,2 58341  97.4573 193.8581 0009334  28.9001 331.2750 15.20576138 25996,2023-174CP,58341,6882.239,94.701,510.528,497.68,0
GENERATED VIA SPACETRACK.ORG API,18 SPCS,58341,NINJASAT,PAYLOAD,U,23174CP,2024/4/27 11:58,705312,15.20593481,0.0009286,97.4573,194.1838,27.7797,332.3933,0,999,2604,0.0012521,0.00027478,0,4300174,0 NINJASAT,1 58341U 23174CP  24118.49886233  .00027478  00000-0  12521-2 0  9998,2 58341  97.4573 194.1838 0009286  27.7797 332.3933 15.20593481 26042,2023-174CP,58341,6882.186,94.7,510.442,497.661,0
GENERATED VIA SPACETRACK.ORG API,18 SPCS,58341,NINJASAT,PAYLOAD,U,23174CP,2024/4/27 13:33,310880,15.20597107,0.0009284,97.4573,194.2488,27.5587,332.6139,0,999,2605,0.0012204,0.00026781,0,4300408,0 NINJASAT,1 58341U 23174CP  24118.56466795  .00026781  00000-0  12204-2 0  9997,2 58341  97.4573 194.2488 0009284  27.5587 332.6139 15.20597107 26058,2023-174CP,58341,6882.175,94.7,510.43,497.651,0
GENERATED VIA SPACETRACK.ORG API,18 SPCS,58341,NINJASAT,PAYLOAD,U,23174CP,2024/4/27 19:52,572448,15.20613,0.0009248,97.4573,194.5093,26.8661,333.3051,0,999,2609,0.0012319,0.00027047,0,4300458,0 NINJASAT,1 58341U 23174CP  24118.82788857  .00027047  00000-0  12319-2 0  9995,2 58341  97.4573 194.5093 0009248  26.8661 333.3051 15.20613000 26094,2023-174CP,58341,6882.127,94.699,510.357,497.628,0
GENERATED VIA SPACETRACK.ORG API,18 SPCS,58341,NINJASAT,PAYLOAD,U,23174CP,2024/4/27 21:26,122720,15.20615601,0.0009253,97.4573,194.5745,26.6484,333.5225,0,999,2610,0.0012133,0.00026639,0,4300757,0 NINJASAT,1 58341U 23174CP  24118.89369355  .00026639  00000-0  12133-2 0  9990,2 58341  97.4573 194.5745 0009253  26.6484 333.5225 15.20615601 26101,2023-174CP,58341,6882.12,94.698,510.353,497.617,0
GENERATED VIA SPACETRACK.ORG API,18 SPCS,58341,NINJASAT,PAYLOAD,U,23174CP,2024/4/28 5:20,627840,15.20633696,0.0009248,97.4572,194.9002,25.3503,334.8185,0,999,2615,0.0012231,0.00026869,0,4300845,0 NINJASAT,1 58341U 23174CP  24119.22271560  .00026869  00000-0  12231-2 0  9992,2 58341  97.4572 194.9002 0009248  25.3503 334.8185 15.20633696 26150,2023-174CP,58341,6882.065,94.697,510.295,497.565,0
GENERATED VIA SPACETRACK.ORG API,18 SPCS,58341,NINJASAT,PAYLOAD,U,23174CP,2024/4/28 11:39,420256,15.20644598,0.0009184,97.4573,195.1607,24.5722,335.5949,0,999,2619,0.0011241,0.00024689,0,4301133,0 NINJASAT,1 58341U 23174CP  24119.48593079  .00024689  00000-0  11241-2 0  9990,2 58341  97.4573 195.1607 0009184  24.5722 335.5949 15.20644598 26191,2023-174CP,58341,6882.032,94.697,510.218,497.577,0
GENERATED VIA SPACETRACK.ORG API,18 SPCS,58341,NINJASAT,PAYLOAD,U,23174CP,2024/4/28 11:39,420256,15.20644598,0.0009184,97.4573,195.1607,24.5722,335.5949,0,999,2619,0.0011241,0.00024689,0,4301411,0 NINJASAT,1 58341U 23174CP  24119.48593079  .00024689  00000-0  11241-2 0  9990,2 58341  97.4573 195.1607 0009184  24.5722 335.5949 15.20644598 26191,2023-174CP,58341,6882.032,94.697,510.218,497.577,0
GENERATED VIA SPACETRACK.ORG API,18 SPCS,58341,NINJASAT,PAYLOAD,U,23174CP,2024/4/28 19:33,479552,15.20653815,0.0009203,97.4572,195.4861,23.7534,336.4124,0,999,2624,0.00080343,0.00017614,0,4301475,0 NINJASAT,1 58341U 23174CP  24119.81494768  .00017614  00000-0  80343-3 0  9992,2 58341  97.4572 195.4861 0009203  23.7534 336.4124 15.20653815 26242,2023-174CP,58341,6882.004,94.696,510.203,497.536,0
GENERATED VIA SPACETRACK.ORG API,18 SPCS,58341,NINJASAT,PAYLOAD,U,23174CP,2024/4/28 21:08,870848,15.20655667,0.00092,97.4572,195.5513,23.561,336.6045,0,999,2625,0.00079829,0.00017502,0,4301761,0 NINJASAT,1 58341U 23174CP  24119.88075082  .00017502  00000-0  79829-3 0  9996,2 58341  97.4572 195.5513 0009200  23.5610 336.6045 15.20655667 26259,2023-174CP,58341,6881.999,94.696,510.195,497.532,0
GENERATED VIA SPACETRACK.ORG API,18 SPCS,58341,NINJASAT,PAYLOAD,U,23174CP,2024/4/29 3:27,321120,15.2066614,0.0009178,97.4572,195.8118,22.5175,337.6461,0,999,2629,0.00084399,0.00018516,0,4301798,0 NINJASAT,1 58341U 23174CP  24120.14396205  .00018516  00000-0  84399-3 0  9994,2 58341  97.4572 195.8118 0009178  22.5175 337.6461 15.20666140 26297,2023-174CP,58341,6881.967,94.695,510.148,497.516,0
GENERATED VIA SPACETRACK.ORG API,18 SPCS,58341,NINJASAT,PAYLOAD,U,23174CP,2024/4/29 11:21,927680,15.20676153,0.0009158,97.4573,196.1374,21.3365,338.825,0,999,2634,0.00076295,0.00016732,0,4302139,0 NINJASAT,1 58341U 23174CP  24120.47297370  .00016732  00000-0  76295-3 0  9997,2 58341  97.4573 196.1374 0009158  21.3365 338.8250 15.20676153 26342,2023-174CP,58341,6881.937,94.695,510.104,497.499,0
GENERATED VIA SPACETRACK.ORG API,18 SPCS,58341,NINJASAT,PAYLOAD,U,23174CP,2024/4/29 12:55,219616,15.20678097,0.0009133,97.4572,196.2026,21.0679,339.0931,0,999,2635,0.00074146,0.00016259,0,4302365,0 NINJASAT,1 58341U 23174CP  24120.53877569  .00016259  00000-0  74146-3 0  9995,2 58341  97.4572 196.2026 0009133  21.0679 339.0931 15.20678097 26353,2023-174CP,58341,6881.931,94.695,510.081,497.511,0
GENERATED VIA SPACETRACK.ORG API,18 SPCS,58341,NINJASAT,PAYLOAD,U,23174CP,2024/4/29 19:14,344160,15.20686568,0.000911,97.4572,196.4631,20.1956,339.9638,0,999,2639,0.00071051,0.00015579,0,4302474,0 NINJASAT,1 58341U 23174CP  24120.80198315  .00015579  00000-0  71051-3 0  9996,2 58341  97.4572 196.4631 0009110  20.1956 339.9638 15.20686568 26399,2023-174CP,58341,6881.905,94.694,510.04,497.501,0
GENERATED VIA SPACETRACK.ORG API,18 SPCS,58341,NINJASAT,PAYLOAD,U,23174CP,2024/4/29 22:24,870144,15.20689239,0.0009084,97.4572,196.5933,19.764,340.3945,0,999,2641,0.0006591,0.00014446,0,4302696,0 NINJASAT,1 58341U 23174CP  24120.93358646  .00014446  00000-0  65910-3 0  9994,2 58341  97.4572 196.5933 0009084  19.7640 340.3945 15.20689239 26417,2023-174CP,58341,6881.897,94.694,510.014,497.511,0
GENERATED VIA SPACETRACK.ORG API,18 SPCS,58341,NINJASAT,PAYLOAD,U,23174CP,2024/4/30 4:43,818432,15.20697291,0.0009039,97.4572,196.8538,18.8663,341.2905,0,999,2645,0.00063717,0.00013965,0,4302795,0 NINJASAT,1 58341U 23174CP  24121.19679188  .00013965  00000-0  63717-3 0  9998,2 58341  97.4572 196.8538 0009039  18.8663 341.2905 15.20697291 26453,2023-174CP,58341,6881.873,94.693,509.959,497.518,0
GENERATED VIA SPACETRACK.ORG API,18 SPCS,58341,NINJASAT,PAYLOAD,U,23174CP,2024/4/30 11:02,658720,15.20704828,0.0009016,97.4571,197.1144,17.9569,342.1983,0,999,2649,0.00064717,0.00014189,0,4303051,0 NINJASAT,1 58341U 23174CP  24121.45999605  .00014189  00000-0  64717-3 0  9996,2 58341  97.4571 197.1144 0009016  17.9569 342.1983 15.20704828 26494,2023-174CP,58341,6881.85,94.693,509.92,497.511,0
GENERATED VIA SPACETRACK.ORG API,18 SPCS,58341,NINJASAT,PAYLOAD,U,23174CP,2024/4/30 12:37,867712,15.20706546,0.0009004,97.4571,197.1796,17.6931,342.4616,0,999,2650,0.00065004,0.00014253,0,4303298,0 NINJASAT,1 58341U 23174CP  24121.52579708  .00014253  00000-0  65004-3 0  9994,2 58341  97.4571 197.1796 0009004  17.6931 342.4616 15.20706546 26501,2023-174CP,58341,6881.845,94.693,509.907,497.514,0
GENERATED VIA SPACETRACK.ORG API,18 SPCS,58341,NINJASAT,PAYLOAD,U,23174CP,2024/4/30 20:30,755424,15.20716607,0.0008987,97.4571,197.5052,16.4554,343.6971,0,999,2655,0.00067995,0.00014918,0,4303367,0 NINJASAT,1 58341U 23174CP  24121.85480041  .00014918  00000-0  67995-3 0  9990,2 58341  97.4571 197.5052 0008987  16.4554 343.6971 15.20716607 26558,2023-174CP,58341,6881.815,94.692,509.865,497.495,0
GENERATED VIA SPACETRACK.ORG API,18 SPCS,58341,NINJASAT,PAYLOAD,U,23174CP,2024/4/30 22:05,912576,15.20718808,0.0008978,97.4571,197.5703,16.2417,343.9104,0,999,2656,0.00070128,0.0001539,0,4303571,0 NINJASAT,1 58341U 23174CP  24121.92060084  .00015390  00000-0  70128-3 0  9996,2 58341  97.4571 197.5703 0008978  16.2417 343.9104 15.20718808 26564,2023-174CP,58341,6881.808,94.692,509.852,497.495,0
GENERATED VIA SPACETRACK.ORG API,18 SPCS,58341,NINJASAT,PAYLOAD,U,23174CP,2024/5/1 4:24,436640,15.20729148,0.0008946,97.4571,197.8308,15.2443,344.906,0,999,2660,0.00078852,0.00017322,0,4303688,0 NINJASAT,1 58341U 23174CP  24122.18380135  .00017322  00000-0  78852-3 0  9996,2 58341  97.4571 197.8308 0008946  15.2443 344.9060 15.20729148 26607,2023-174CP,58341,6881.777,94.691,509.798,497.486,0
GENERATED VIA SPACETRACK.ORG API,18 SPCS,58341,NINJASAT,PAYLOAD,U,23174CP,2024/5/1 10:43,838016,15.20734344,0.00089,97.4571,198.0914,14.13,346.0182,0,999,2664,0.00070157,0.00015403,0,4303933,0 NINJASAT,1 58341U 23174CP  24122.44700044  .00015403  00000-0  70157-3 0  9998,2 58341  97.4571 198.0914 0008900  14.1300 346.0182 15.20734344 26649,2023-174CP,58341,6881.761,94.691,509.751,497.502,0
GENERATED VIA SPACETRACK.ORG API,18 SPCS,58341,NINJASAT,PAYLOAD,U,23174CP,2024/5/1 13:53,7168,15.20738618,0.0008883,97.4571,198.2216,13.592,346.5553,0,999,2666,0.00071744,0.00015756,0,4304190,0 NINJASAT,1 58341U 23174CP  24122.57859962  .00015756  00000-0  71744-3 0  9990,2 58341  97.4571 198.2216 0008883  13.5920 346.5553 15.20738618 26664,2023-174CP,58341,6881.748,94.691,509.726,497.5,0
GENERATED VIA SPACETRACK.ORG API,18 SPCS,58341,NINJASAT,PAYLOAD,U,23174CP,2024/5/1 20:12,253024,15.20746322,0.0008852,97.4571,198.4821,12.5974,347.548,0,999,2670,0.00071136,0.00015625,0,4304246,0 NINJASAT,1 58341U 23174CP  24122.84179691  .00015625  00000-0  71136-3 0  9994,2 58341  97.4571 198.4821 0008852  12.5974 347.5480 15.20746322 26708,2023-174CP,58341,6881.725,94.69,509.682,497.498,0
GENERATED VIA SPACETRACK.ORG API,18 SPCS,58341,NINJASAT,PAYLOAD,U,23174CP,2024/5/1 21:46,304768,15.20747924,0.0008843,97.4571,198.5472,12.379,347.7661,0,999,2671,0.00070637,0.00015515,0,4304452,0 NINJASAT,1 58341U 23174CP  24122.90759612  .00015515  00000-0  70637-3 0  9991,2 58341  97.4571 198.5472 0008843  12.3790 347.7661 15.20747924 26718,2023-174CP,58341,6881.72,94.69,509.671,497.5,0
GENERATED VIA SPACETRACK.ORG API,18 SPCS,58341,NINJASAT,PAYLOAD,U,23174CP,2024/5/2 4:05,382144,15.20756907,0.0008816,97.4571,198.8077,11.4703,348.6732,0,999,2675,0.00071746,0.00015764,0,4304464,0 NINJASAT,1 58341U 23174CP  24123.17079146  .00015764  00000-0  71746-3 0  9996,2 58341  97.4571 198.8077 0008816  11.4703 348.6732 15.20756907 26750,2023-174CP,58341,6881.693,94.69,509.625,497.491,0
GENERATED VIA SPACETRACK.ORG API,18 SPCS,58341,NINJASAT,PAYLOAD,U,23174CP,2024/5/2 11:59,339328,15.2076571,0.0008778,97.4572,199.1333,10.1416,349.9995,0,999,2680,0.00070151,0.00015415,0,4304881,0 NINJASAT,1 58341U 23174CP  24123.49978402  .00015415  00000-0  70151-3 0  9996,2 58341  97.4572 199.1333 0008778  10.1416 349.9995 15.20765710 26807,2023-174CP,58341,6881.667,94.689,509.572,497.491,0
GENERATED VIA SPACETRACK.ORG API,18 SPCS,58341,NINJASAT,PAYLOAD,U,23174CP,2024/5/2 19:53,44224,15.20777922,0.0008751,97.4574,199.4589,8.8791,351.2597,0,999,2685,0.00074272,0.00016333,0,4305231,0 NINJASAT,1 58341U 23174CP  24123.82877366  .00016333  00000-0  74272-3 0  9998,2 58341  97.4574 199.4589 0008751   8.8791 351.2597 15.20777922 26853,2023-174CP,58341,6881.63,94.688,509.517,497.473,0
GENERATED VIA SPACETRACK.ORG API,18 SPCS,58341,NINJASAT,PAYLOAD,U,23174CP,2024/5/3 3:47,530528,15.20790622,0.0008717,97.4575,199.7846,7.7176,352.4192,0,999,2690,0.00078036,0.00017172,0,4305550,0 NINJASAT,1 58341U 23174CP  24124.15776077  .00017172  00000-0  78036-3 0  9996,2 58341  97.4575 199.7846 0008717   7.7176 352.4192 15.20790622 26902,2023-174CP,58341,6881.592,94.688,509.455,497.458,0
GENERATED VIA SPACETRACK.ORG API,18 SPCS,58341,NINJASAT,PAYLOAD,U,23174CP,2024/5/3 11:40,731712,15.20806054,0.000872,97.4576,200.1102,6.7257,353.4094,0,999,2695,0.00088506,0.000195,0,4305852,0 NINJASAT,1 58341U 23174CP  24124.48674458  .00019500  00000-0  88506-3 0  9992,2 58341  97.4576 200.1102 0008720   6.7257 353.4094 15.20806054 26952,2023-174CP,58341,6881.545,94.687,509.411,497.409,0
GENERATED VIA SPACETRACK.ORG API,18 SPCS,58341,NINJASAT,PAYLOAD,U,23174CP,2024/5/3 13:15,555360,15.20805373,0.0008709,97.4576,200.1754,6.5052,353.6295,0,999,2696,0.00075175,0.00016546,0,4306126,0 NINJASAT,1 58341U 23174CP  24124.55254115  .00016546  00000-0  75175-3 0  9999,2 58341  97.4576 200.1754 0008709   6.5052 353.6295 15.20805373 26962,2023-174CP,58341,6881.547,94.687,509.405,497.419,0
GENERATED VIA SPACETRACK.ORG API,18 SPCS,58341,NINJASAT,PAYLOAD,U,23174CP,2024/5/3 19:34,732448,15.20814567,0.0008671,97.4577,200.436,5.7123,354.421,0,999,2700,0.00069759,0.0001535,0,4306218,0 NINJASAT,1 58341U 23174CP  24124.81572607  .00015350  00000-0  69759-3 0  9990,2 58341  97.4577 200.4360 0008671   5.7123 354.4210 15.20814567 27004,2023-174CP,58341,6881.519,94.686,509.351,497.417,0
GENERATED VIA SPACETRACK.ORG API,18 SPCS,58341,NINJASAT,PAYLOAD,U,23174CP,2024/5/3 19:34,732448,15.20814567,0.0008671,97.4577,200.436,5.7123,354.421,0,999,2700,0.00069759,0.0001535,0,4306422,0 NINJASAT,1 58341U 23174CP  24124.81572607  .00015350  00000-0  69759-3 0  9990,2 58341  97.4577 200.4360 0008671   5.7123 354.4210 15.20814567 27004,2023-174CP,58341,6881.519,94.686,509.351,497.417,0
GENERATED VIA SPACETRACK.ORG API,18 SPCS,58341,NINJASAT,PAYLOAD,U,23174CP,2024/5/4 3:28,555200,15.20825948,0.0008624,97.4578,200.7617,4.597,355.5343,0,999,2705,0.0006892,0.00015169,0,4306520,0 NINJASAT,1 58341U 23174CP  24125.14470550  .00015169  00000-0  68920-3 0  9998,2 58341  97.4578 200.7617 0008624   4.5970 355.5343 15.20825948 27057,2023-174CP,58341,6881.485,94.685,509.285,497.415,0
GENERATED VIA SPACETRACK.ORG API,18 SPCS,58341,NINJASAT,PAYLOAD,U,23174CP,2024/5/4 11:22,178368,15.2083405,0.0008593,97.4579,201.0873,3.4079,356.7213,0,999,2710,0.00061113,0.00013443,0,4306823,0 NINJASAT,1 58341U 23174CP  24125.47368262  .00013443  00000-0  61113-3 0  9990,2 58341  97.4579 201.0873 0008593   3.4079 356.7213 15.20834050 27108,2023-174CP,58341,6881.461,94.685,509.239,497.412,0
GENERATED VIA SPACETRACK.ORG API,18 SPCS,58341,NINJASAT,PAYLOAD,U,23174CP,2024/5/4 19:15,688352,15.20843337,0.0008566,97.4579,201.4128,2.2036,357.9236,0,999,2715,0.00062068,0.00013658,0,4307178,0 NINJASAT,1 58341U 23174CP  24125.80265843  .00013658  00000-0  62068-3 0  9996,2 58341  97.4579 201.4128 0008566   2.2036 357.9236 15.20843337 27156,2023-174CP,58341,6881.433,94.684,509.192,497.403,0
GENERATED VIA SPACETRACK.ORG API,18 SPCS,58341,NINJASAT,PAYLOAD,U,23174CP,2024/5/5 4:44,674656,15.20854053,0.0008514,97.458,201.8035,0.8794,359.2454,0,999,2721,0.00062715,0.00013806,0,4307432,0 NINJASAT,1 58341U 23174CP  24126.19742679  .00013806  00000-0  62715-3 0  9990,2 58341  97.4580 201.8035 0008514   0.8794 359.2454 15.20854053 27218,2023-174CP,58341,6881.4,94.684,509.124,497.406,0
GENERATED VIA SPACETRACK.ORG API,18 SPCS,58341,NINJASAT,PAYLOAD,U,23174CP,2024/5/5 11:03,198560,15.20861643,0.0008497,97.4579,202.0641,359.8542,0.2689,0,999,2725,0.00067724,0.00014919,0,4307766,0 NINJASAT,1 58341U 23174CP  24126.46060415  .00014919  00000-0  67724-3 0  9992,2 58341  97.4579 202.0641 0008497 359.8542   0.2689 15.20861643 27250,2023-174CP,58341,6881.377,94.683,509.089,497.395,0
GENERATED VIA SPACETRACK.ORG API,18 SPCS,58341,NINJASAT,PAYLOAD,U,23174CP,2024/5/5 12:38,828672,15.2086287,0.0008493,97.4579,202.1292,359.6114,0.5113,0,999,2726,0.00066629,0.00014677,0,4307968,0 NINJASAT,1 58341U 23174CP  24126.52639848  .00014677  00000-0  66629-3 0  9995,2 58341  97.4579 202.1292 0008493 359.6114   0.5113 15.20862870 27261,2023-174CP,58341,6881.374,94.683,509.083,497.394,0
GENERATED VIA SPACETRACK.ORG API,18 SPCS,58341,NINJASAT,PAYLOAD,U,23174CP,2024/5/5 20:31,817664,15.20872032,0.0008465,97.4579,202.4548,358.2977,1.8228,0,999,2731,0.00067815,0.00014944,0,4308037,0 NINJASAT,1 58341U 23174CP  24126.85536826  .00014944  00000-0  67815-3 0  9998,2 58341  97.4579 202.4548 0008465 358.2977   1.8228 15.20872032 27317,2023-174CP,58341,6881.346,94.683,509.036,497.386,0
GENERATED VIA SPACETRACK.ORG API,18 SPCS,58341,NINJASAT,PAYLOAD,U,23174CP,2024/5/5 22:06,398528,15.20873808,0.0008458,97.4579,202.5199,358.0466,2.0734,0,999,2732,0.00068424,0.0001508,0,4308260,0 NINJASAT,1 58341U 23174CP  24126.92116202  .00015080  00000-0  68424-3 0  9997,2 58341  97.4579 202.5199 0008458 358.0466   2.0734 15.20873808 27321,2023-174CP,58341,6881.341,94.682,509.026,497.385,0
GENERATED VIA SPACETRACK.ORG API,18 SPCS,58341,NINJASAT,PAYLOAD,U,23174CP,2024/5/6 4:25,578560,15.20886006,0.0008419,97.4578,202.7804,356.9836,3.1348,0,999,2736,0.0008321,0.00018368,0,4308339,0 NINJASAT,1 58341U 23174CP  24127.18433540  .00018368  00000-0  83210-3 0  9995,2 58341  97.4578 202.7804 0008419 356.9836   3.1348 15.20886006 27361,2023-174CP,58341,6881.304,94.682,508.962,497.375,0
GENERATED VIA SPACETRACK.ORG API,18 SPCS,58341,NINJASAT,PAYLOAD,U,23174CP,2024/5/6 12:19,166656,15.20894288,0.000839,97.4578,203.1061,355.5232,4.5927,0,999,2741,0.00079154,0.00017471,0,4308695,0 NINJASAT,1 58341U 23174CP  24127.51330054  .00017471  00000-0  79154-3 0  9994,2 58341  97.4578 203.1061 0008390 355.5232   4.5927 15.20894288 27419,2023-174CP,58341,6881.279,94.681,508.917,497.37,0
GENERATED VIA SPACETRACK.ORG API,18 SPCS,58341,NINJASAT,PAYLOAD,U,23174CP,2024/5/6 13:53,646432,15.20897694,0.0008392,97.4578,203.1712,355.2351,4.8803,0,999,2742,0.00083245,0.00018382,0,4309203,0 NINJASAT,1 58341U 23174CP  24127.57909313  .00018382  00000-0  83245-3 0  9998,2 58341  97.4578 203.1712 0008392 355.2351   4.8803 15.20897694 27424,2023-174CP,58341,6881.269,94.681,508.908,497.359,0
GENERATED VIA SPACETRACK.ORG API,18 SPCS,58341,NINJASAT,PAYLOAD,U,23174CP,2024/5/6 20:12,536160,15.2090495,0.0008397,97.4578,203.4318,354.0332,6.0802,0,999,2746,0.00078636,0.00017362,0,4308995,0 NINJASAT,1 58341U 23174CP  24127.84226315  .00017362  00000-0  78636-3 0  9997,2 58341  97.4578 203.4318 0008397 354.0332   6.0802 15.20904950 27461,2023-174CP,58341,6881.247,94.68,508.89,497.333,0
GENERATED VIA SPACETRACK.ORG API,18 SPCS,58341,NINJASAT,PAYLOAD,U,23174CP,2024/5/6 21:47,995200,15.20906684,0.000839,97.4578,203.497,353.7881,6.3249,0,999,2747,0.0007778,0.00017172,0,4309210,0 NINJASAT,1 58341U 23174CP  24127.90805550  .00017172  00000-0  77780-3 0  9996,2 58341  97.4578 203.4970 0008390 353.7881   6.3249 15.20906684 27478,2023-174CP,58341,6881.241,94.68,508.88,497.333,0
GENERATED VIA SPACETRACK.ORG API,18 SPCS,58341,NINJASAT,PAYLOAD,U,23174CP,2024/5/7 4:06,681888,15.20920305,0.0008347,97.4578,203.7574,352.9622,7.1495,0,999,2751,0.00093458,0.00020665,0,4309282,0 NINJASAT,1 58341U 23174CP  24128.17122317  .00020665  00000-0  93458-3 0  9990,2 58341  97.4578 203.7574 0008347 352.9622   7.1495 15.20920305 27510,2023-174CP,58341,6881.2,94.68,508.809,497.322,0
GENERATED VIA SPACETRACK.ORG API,18 SPCS,58341,NINJASAT,PAYLOAD,U,23174CP,2024/5/7 12:00,641856,15.209256,0.0008333,97.4577,204.083,351.5294,8.5799,0,999,2756,0.00072413,0.00015989,0,4309639,0 NINJASAT,1 58341U 23174CP  24128.50018104  .00015989  00000-0  72413-3 0  9996,2 58341  97.4577 204.0830 0008333 351.5294   8.5799 15.20925600 27563,2023-174CP,58341,6881.184,94.679,508.783,497.315,0
GENERATED VIA SPACETRACK.ORG API,18 SPCS,58341,NINJASAT,PAYLOAD,U,23174CP,2024/5/7 12:00,641856,15.209256,0.0008333,97.4577,204.083,351.5294,8.5799,0,999,2756,0.00072413,0.00015989,0,4309871,0 NINJASAT,1 58341U 23174CP  24128.50018104  .00015989  00000-0  72413-3 0  9996,2 58341  97.4577 204.0830 0008333 351.5294   8.5799 15.20925600 27563,2023-174CP,58341,6881.184,94.679,508.783,497.315,0
GENERATED VIA SPACETRACK.ORG API,18 SPCS,58341,NINJASAT,PAYLOAD,U,23174CP,2024/5/7 19:53,395328,15.20937017,0.0008284,97.4577,204.4087,350.2185,9.8888,0,999,2761,0.00073995,0.00016345,0,4309935,0 NINJASAT,1 58341U 23174CP  24128.82913652  .00016345  00000-0  73995-3 0  9996,2 58341  97.4577 204.4087 0008284 350.2185   9.8888 15.20937017 27615,2023-174CP,58341,6881.15,94.678,508.715,497.315,0
GENERATED VIA SPACETRACK.ORG API,18 SPCS,58341,NINJASAT,PAYLOAD,U,23174CP,2024/5/7 21:28,734272,15.20938457,0.0008275,97.4577,204.4737,350.0225,10.0845,0,999,2762,0.00072222,0.00015952,0,4310193,0 NINJASAT,1 58341U 23174CP  24128.89492748  .00015952  00000-0  72222-3 0  9996,2 58341  97.4577 204.4737 0008275 350.0225  10.0845 15.20938457 27627,2023-174CP,58341,6881.146,94.678,508.705,497.316,0
GENERATED VIA SPACETRACK.ORG API,18 SPCS,58341,NINJASAT,PAYLOAD,U,23174CP,2024/5/8 3:47,965632,15.20947934,0.000824,97.4577,204.7342,349.0399,11.0656,0,999,2766,0.00074055,0.00016364,0,4310224,0 NINJASAT,1 58341U 23174CP  24129.15808988  .00016364  00000-0  74055-3 0  9997,2 58341  97.4577 204.7342 0008240 349.0399  11.0656 15.20947934 27669,2023-174CP,58341,6881.117,94.678,508.652,497.312,0
GENERATED VIA SPACETRACK.ORG API,18 SPCS,58341,NINJASAT,PAYLOAD,U,23174CP,2024/5/8 11:41,324256,15.20959345,0.0008228,97.4576,205.06,347.9873,12.1165,0,999,2771,0.00078184,0.00017288,0,4310571,0 NINJASAT,1 58341U 23174CP  24129.48704079  .00017288  00000-0  78184-3 0  9992,2 58341  97.4576 205.0600 0008228 347.9873  12.1165 15.20959345 27711,2023-174CP,58341,6881.083,94.677,508.609,497.286,0
GENERATED VIA SPACETRACK.ORG API,18 SPCS,58341,NINJASAT,PAYLOAD,U,23174CP,2024/5/8 13:16,568160,15.20961923,0.0008224,97.4576,205.1252,347.7396,12.3638,0,999,2772,0.00079151,0.00017505,0,4310854,0 NINJASAT,1 58341U 23174CP  24129.55283065  .00017505  00000-0  79151-3 0  9994,2 58341  97.4576 205.1252 0008224 347.7396  12.3638 15.20961923 27722,2023-174CP,58341,6881.075,94.677,508.599,497.281,0
GENERATED VIA SPACETRACK.ORG API,18 SPCS,58341,NINJASAT,PAYLOAD,U,23174CP,2024/5/8 21:09,675360,15.20972534,0.0008184,97.4575,205.4507,346.5484,13.5532,0,999,2777,0.00077037,0.00017039,0,4310989,0 NINJASAT,1 58341U 23174CP  24129.88177865  .00017039  00000-0  77037-3 0  9993,2 58341  97.4575 205.4507 0008184 346.5484  13.5532 15.20972534 27778,2023-174CP,58341,6881.043,94.676,508.539,497.276,0
GENERATED VIA SPACETRACK.ORG API,18 SPCS,58341,NINJASAT,PAYLOAD,U,23174CP,2024/5/8 22:44,872608,15.20974955,0.0008174,97.4574,205.5159,346.3141,13.7872,0,999,2778,0.00078236,0.00017307,0,4311154,0 NINJASAT,1 58341U 23174CP  24129.94756797  .00017307  00000-0  78236-3 0  9997,2 58341  97.4574 205.5159 0008174 346.3141  13.7872 15.20974955 27787,2023-174CP,58341,6881.036,94.676,508.525,497.276,0
GENERATED VIA SPACETRACK.ORG API,18 SPCS,58341,NINJASAT,PAYLOAD,U,23174CP,2024/5/9 5:03,547552,15.20985714,0.000815,97.4574,205.7765,345.4424,14.6576,0,999,2782,0.000824,0.0001824,0,4311207,0 NINJASAT,1 58341U 23174CP  24130.21072393  .00018240  00000-0  82400-3 0  9997,2 58341  97.4574 205.7765 0008150 345.4424  14.6576 15.20985714 27821,2023-174CP,58341,6881.003,94.675,508.476,497.26,0
GENERATED VIA SPACETRACK.ORG API,18 SPCS,58341,NINJASAT,PAYLOAD,U,23174CP,2024/5/9 11:22,107584,15.20995134,0.0008129,97.4574,206.0371,344.4155,15.6829,0,999,2786,0.00086351,0.00019125,0,4311626,0 NINJASAT,1 58341U 23174CP  24130.47387856  .00019125  00000-0  86351-3 0  9990,2 58341  97.4574 206.0371 0008129 344.4155  15.6829 15.20995134 27867,2023-174CP,58341,6880.975,94.675,508.433,497.246,0
GENERATED VIA SPACETRACK.ORG API,18 SPCS,58341,NINJASAT,PAYLOAD,U,23174CP,2024/5/9 12:57,221888,15.2099731,0.0008127,97.4574,206.1023,344.0443,16.0535,0,999,2787,0.00085725,0.00018987,0,4311785,0 NINJASAT,1 58341U 23174CP  24130.53966692  .00018987  00000-0  85725-3 0  9997,2 58341  97.4574 206.1023 0008127 344.0443  16.0535 15.20997310 27874,2023-174CP,58341,6880.968,94.675,508.425,497.241,0
GENERATED VIA SPACETRACK.ORG API,18 SPCS,58341,NINJASAT,PAYLOAD,U,23174CP,2024/5/9 19:16,599616,15.21008839,0.000812,97.4573,206.3627,342.9959,17.1003,0,999,2791,0.00093757,0.00020785,0,4311851,0 NINJASAT,1 58341U 23174CP  24130.80281944  .00020785  00000-0  93757-3 0  9990,2 58341  97.4573 206.3627 0008120 342.9959  17.1003 15.21008839 27914,2023-174CP,58341,6880.933,94.674,508.386,497.211,0
GENERATED VIA SPACETRACK.ORG API,18 SPCS,58341,NINJASAT,PAYLOAD,U,23174CP,2024/5/9 20:50,670720,15.21011534,0.0008111,97.4573,206.4279,342.723,17.3729,0,999,2792,0.00095561,0.00021189,0,4312075,0 NINJASAT,1 58341U 23174CP  24130.86860730  .00021189  00000-0  95561-3 0  9996,2 58341  97.4573 206.4279 0008111 342.7230  17.3729 15.21011534 27922,2023-174CP,58341,6880.925,94.674,508.371,497.209,0
GENERATED VIA SPACETRACK.ORG API,18 SPCS,58341,NINJASAT,PAYLOAD,U,23174CP,2024/5/10 4:44,864672,15.2102338,0.0008081,97.4571,206.7536,341.4683,18.6257,0,999,2797,0.00092254,0.00020458,0,4312142,0 NINJASAT,1 58341U 23174CP  24131.19754473  .00020458  00000-0  92254-3 0  9993,2 58341  97.4571 206.7536 0008081 341.4683  18.6257 15.21023380 27970,2023-174CP,58341,6880.889,94.673,508.315,497.194,0
GENERATED VIA SPACETRACK.ORG API,18 SPCS,58341,NINJASAT,PAYLOAD,U,23174CP,2024/5/10 11:03,841504,15.21034,0.0008065,97.4571,207.0143,340.4188,19.6737,0,999,2801,0.00096862,0.00021493,0,4312481,0 NINJASAT,1 58341U 23174CP  24131.46069261  .00021493  00000-0  96862-3 0  9996,2 58341  97.4571 207.0143 0008065 340.4188  19.6737 15.21034000 28010,2023-174CP,58341,6880.857,94.672,508.272,497.173,0
GENERATED VIA SPACETRACK.ORG API,18 SPCS,58341,NINJASAT,PAYLOAD,U,23174CP,2024/5/10 12:38,814976,15.21036759,0.0008063,97.457,207.0794,340.1214,19.9706,0,999,2802,0.00097741,0.00021691,0,4312738,0 NINJASAT,1 58341U 23174CP  24131.52647934  .00021691  00000-0  97741-3 0  9999,2 58341  97.4570 207.0794 0008063 340.1214  19.9706 15.21036759 28029,2023-174CP,58341,6880.849,94.672,508.262,497.166,0
GENERATED VIA SPACETRACK.ORG API,18 SPCS,58341,NINJASAT,PAYLOAD,U,23174CP,2024/5/10 20:31,398944,15.21064941,0.0008058,97.4568,207.4051,338.6296,21.4602,0,999,2807,0.0014871,0.00033116,0,4312804,0 NINJASAT,1 58341U 23174CP  24131.85540971  .00033116  00000-0  14871-2 0  9995,2 58341  97.4568 207.4051 0008058 338.6296  21.4602 15.21064941 28074,2023-174CP,58341,6880.764,94.671,508.174,497.085,0
GENERATED VIA SPACETRACK.ORG API,18 SPCS,58341,NINJASAT,PAYLOAD,U,23174CP,2024/5/11 4:25,439456,15.210846,0.0008062,97.4566,207.7311,337.2756,22.8122,0,999,2812,0.0014107,0.00031422,0,4313067,0 NINJASAT,1 58341U 23174CP  24132.18433379  .00031422  00000-0  14107-2 0  9995,2 58341  97.4566 207.7311 0008062 337.2756  22.8122 15.21084600 28127,2023-174CP,58341,6880.705,94.669,508.117,497.023,0
GENERATED VIA SPACETRACK.ORG API,18 SPCS,58341,NINJASAT,PAYLOAD,U,23174CP,2024/5/11 12:19,389600,15.21157583,0.0008003,97.4565,208.0566,335.9307,24.1553,0,999,2817,0.0032379,0.00072769,0,4313482,0 NINJASAT,1 58341U 23174CP  24132.51324525  .00072769  00000-0  32379-2 0  9994,2 58341  97.4565 208.0566 0008003 335.9307  24.1553 15.21157583 28173,2023-174CP,58341,6880.485,94.665,507.856,496.843,0
GENERATED VIA SPACETRACK.ORG API,18 SPCS,58341,NINJASAT,PAYLOAD,U,23174CP,2024/5/11 20:12,334048,15.21205657,0.000803,97.4562,208.3823,334.0791,26.0041,0,999,2822,0.0020476,0.00045891,0,4313956,0 NINJASAT,1 58341U 23174CP  24132.84214507  .00045891  00000-0  20476-2 0  9999,2 58341  97.4562 208.3823 0008030 334.0791  26.0041 15.21205657 28221,2023-174CP,58341,6880.34,94.662,507.73,496.68,0
GENERATED VIA SPACETRACK.ORG API,18 SPCS,58341,NINJASAT,PAYLOAD,U,23174CP,2024/5/11 21:47,669888,15.21209692,0.0008022,97.4562,208.4474,333.7566,26.3262,0,999,2823,0.0018464,0.00041354,0,4314338,0 NINJASAT,1 58341U 23174CP  24132.90792442  .00041354  00000-0  18464-2 0  9999,2 58341  97.4562 208.4474 0008022 333.7566  26.3262 15.21209692 28233,2023-174CP,58341,6880.328,94.662,507.712,496.673,0
GENERATED VIA SPACETRACK.ORG API,18 SPCS,58341,NINJASAT,PAYLOAD,U,23174CP,2024/5/12 4:06,892288,15.21225849,0.0007985,97.4563,208.7079,332.6502,27.4312,0,999,2827,0.0013849,0.00030972,0,4314445,0 NINJASAT,1 58341U 23174CP  24133.17104042  .00030972  00000-0  13849-2 0  9998,2 58341  97.4563 208.7079 0007985 332.6502  27.4312 15.21225849 28277,2023-174CP,58341,6880.279,94.661,507.638,496.65,0
GENERATED VIA SPACETRACK.ORG API,18 SPCS,58341,NINJASAT,PAYLOAD,U,23174CP,2024/5/12 11:59,63456,15.21237796,0.0008029,97.4563,209.0341,331.8114,28.2686,0,999,2832,0.0011158,0.00024929,0,4314854,0 NINJASAT,1 58341U 23174CP  24133.49993129  .00024929  00000-0  11158-2 0  9991,2 58341  97.4563 209.0341 0008029 331.8114  28.2686 15.21237796 28326,2023-174CP,58341,6880.243,94.66,507.632,496.584,0
GENERATED VIA SPACETRACK.ORG API,18 SPCS,58341,NINJASAT,PAYLOAD,U,23174CP,2024/5/12 13:34,271424,15.2124123,0.0008042,97.4563,209.0992,331.5396,28.5399,0,999,2833,0.001135,0.00025363,0,4315151,0 NINJASAT,1 58341U 23174CP  24133.56570916  .00025363  00000-0  11350-2 0  9991,2 58341  97.4563 209.0992 0008042 331.5396  28.5399 15.21241230 28335,2023-174CP,58341,6880.233,94.66,507.631,496.564,0
GENERATED VIA SPACETRACK.ORG API,18 SPCS,58341,NINJASAT,PAYLOAD,U,23174CP,2024/5/12 19:53,980608,15.21253007,0.0007993,97.4563,209.3595,330.5047,29.5737,0,999,2837,0.0010146,0.00022664,0,4315257,0 NINJASAT,1 58341U 23174CP  24133.82881922  .00022664  00000-0  10146-2 0  9995,2 58341  97.4563 209.3595 0007993 330.5047  29.5737 15.21253007 28379,2023-174CP,58341,6880.197,94.659,507.561,496.563,0
GENERATED VIA SPACETRACK.ORG API,18 SPCS,58341,NINJASAT,PAYLOAD,U,23174CP,2024/5/12 21:28,141920,15.21255226,0.0007989,97.4563,209.4247,330.2799,29.7982,0,999,2838,0.0010093,0.00022547,0,4315518,0 NINJASAT,1 58341U 23174CP  24133.89459655  .00022547  00000-0  10093-2 0  9997,2 58341  97.4563 209.4247 0007989 330.2799  29.7982 15.21255226 28380,2023-174CP,58341,6880.19,94.659,507.552,496.559,0
GENERATED VIA SPACETRACK.ORG API,18 SPCS,58341,NINJASAT,PAYLOAD,U,23174CP,2024/5/13 3:47,679168,15.21265216,0.0007979,97.4564,209.6856,329.3929,30.684,0,999,2842,0.00096082,0.00021463,0,4315577,0 NINJASAT,1 58341U 23174CP  24134.15770462  .00021463  00000-0  96082-3 0  9998,2 58341  97.4564 209.6856 0007979 329.3929  30.6840 15.21265216 28421,2023-174CP,58341,6880.16,94.658,507.515,496.536,0
GENERATED VIA SPACETRACK.ORG API,18 SPCS,58341,NINJASAT,PAYLOAD,U,23174CP,2024/5/13 11:40,991520,15.21282887,0.0007918,97.4564,210.011,327.7821,32.293,0,999,2847,0.001084,0.00024245,0,4315966,0 NINJASAT,1 58341U 23174CP  24134.48658555  .00024245  00000-0  10840-2 0  9990,2 58341  97.4564 210.0110 0007918 327.7821  32.2930 15.21282887 28472,2023-174CP,58341,6880.107,94.657,507.42,496.524,0
GENERATED VIA SPACETRACK.ORG API,18 SPCS,58341,NINJASAT,PAYLOAD,U,23174CP,2024/5/13 13:15,26688,15.21286592,0.0007908,97.4564,210.0761,327.5572,32.5177,0,999,2848,0.0011034,0.00024685,0,4316169,0 NINJASAT,1 58341U 23174CP  24134.55236142  .00024685  00000-0  11034-2 0  9996,2 58341  97.4564 210.0761 0007908 327.5572  32.5177 15.21286592 28488,2023-174CP,58341,6880.096,94.657,507.402,496.52,0
GENERATED VIA SPACETRACK.ORG API,18 SPCS,58341,NINJASAT,PAYLOAD,U,23174CP,2024/5/13 21:08,60832,15.21299217,0.0007866,97.4564,210.4021,326.5141,33.5596,0,999,2853,0.00097729,0.00021855,0,4316264,0 NINJASAT,1 58341U 23174CP  24134.88123913  .00021855  00000-0  97729-3 0  9995,2 58341  97.4564 210.4021 0007866 326.5141  33.5596 15.21299217 28535,2023-174CP,58341,6880.058,94.656,507.335,496.511,0
GENERATED VIA SPACETRACK.ORG API,18 SPCS,58341,NINJASAT,PAYLOAD,U,23174CP,2024/5/14 3:27,917248,15.21311605,0.0007867,97.4564,210.6628,325.6551,34.4175,0,999,2857,0.0010447,0.0002338,0,4316565,0 NINJASAT,1 58341U 23174CP  24135.14433932  .00023380  00000-0  10447-2 0  9996,2 58341  97.4564 210.6628 0007867 325.6551  34.4175 15.21311605 28579,2023-174CP,58341,6880.02,94.655,507.298,496.473,0
GENERATED VIA SPACETRACK.ORG API,18 SPCS,58341,NINJASAT,PAYLOAD,U,23174CP,2024/5/14 11:21,432992,15.21324181,0.0007828,97.4565,210.9882,324.0754,35.9955,0,999,2862,0.00090144,0.00020163,0,4316822,0 NINJASAT,1 58341U 23174CP  24135.47321103  .00020163  00000-0  90144-3 0  9997,2 58341  97.4565 210.9882 0007828 324.0754  35.9955 15.21324181 28621,2023-174CP,58341,6879.982,94.654,507.233,496.462,0
GENERATED VIA SPACETRACK.ORG API,18 SPCS,58341,NINJASAT,PAYLOAD,U,23174CP,2024/5/14 12:56,317824,15.21328763,0.000782,97.4565,211.0534,323.93,36.1407,0,999,2863,0.0010058,0.00022516,0,4317118,0 NINJASAT,1 58341U 23174CP  24135.53898516  .00022516  00000-0  10058-2 0  9990,2 58341  97.4565 211.0534 0007820 323.9300  36.1407 15.21328763 28630,2023-174CP,58341,6879.969,94.654,507.214,496.453,0
GENERATED VIA SPACETRACK.ORG API,18 SPCS,58341,NINJASAT,PAYLOAD,U,23174CP,2024/5/14 19:14,702496,15.2134173,0.0007805,97.4565,211.3141,322.8621,37.2074,0,999,2867,0.0010614,0.00023777,0,4317201,0 NINJASAT,1 58341U 23174CP  24135.80207989  .00023777  00000-0  10614-2 0  9996,2 58341  97.4565 211.3141 0007805 322.8621  37.2074 15.21341730 28679,2023-174CP,58341,6879.93,94.653,507.164,496.425,0
GENERATED VIA SPACETRACK.ORG API,18 SPCS,58341,NINJASAT,PAYLOAD,U,23174CP,2024/5/14 22:24,320096,15.21348093,0.0007817,97.4565,211.4446,322.3278,37.7409,0,999,2869,0.0011197,0.00025096,0,4317370,0 NINJASAT,1 58341U 23174CP  24135.93362639  .00025096  00000-0  11197-2 0  9997,2 58341  97.4565 211.4446 0007817 322.3278  37.7409 15.21348093 28692,2023-174CP,58341,6879.91,94.653,507.153,496.397,0
GENERATED VIA SPACETRACK.ORG API,18 SPCS,58341,NINJASAT,PAYLOAD,U,23174CP,2024/5/15 4:43,423104,15.21360472,0.0007832,97.4564,211.7053,321.3274,38.74,0,999,2873,0.0010691,0.00023964,0,4317467,0 NINJASAT,1 58341U 23174CP  24136.19671786  .00023964  00000-0  10691-2 0  9992,2 58341  97.4564 211.7053 0007832 321.3274  38.7400 15.21360472 28732,2023-174CP,58341,6879.873,94.652,507.126,496.35,0
GENERATED VIA SPACETRACK.ORG API,18 SPCS,58341,NINJASAT,PAYLOAD,U,23174CP,2024/5/15 11:02,307520,15.21380442,0.0007817,97.4565,211.9658,319.8081,40.2576,0,999,2877,0.0014959,0.00033622,0,4317923,0 NINJASAT,1 58341U 23174CP  24136.45980680  .00033622  00000-0  14959-2 0  9990,2 58341  97.4565 211.9658 0007817 319.8081  40.2576 15.21380442 28772,2023-174CP,58341,6879.813,94.651,507.056,496.3,0
GENERATED VIA SPACETRACK.ORG API,18 SPCS,58341,NINJASAT,PAYLOAD,U,23174CP,2024/5/15 12:36,985856,15.21380001,0.0007805,97.4565,212.0309,319.5274,40.5381,0,999,2878,0.0012432,0.00027909,0,4318101,0 NINJASAT,1 58341U 23174CP  24136.52557854  .00027909  00000-0  12432-2 0  9996,2 58341  97.4565 212.0309 0007805 319.5274  40.5381 15.21380001 28784,2023-174CP,58341,6879.814,94.651,507.049,496.309,0
GENERATED VIA SPACETRACK.ORG API,18 SPCS,58341,NINJASAT,PAYLOAD,U,23174CP,2024/5/15 20:30,272128,15.21395933,0.0007808,97.4564,212.3568,318.1921,41.8717,0,999,2883,0.0012113,0.00027201,0,4318212,0 NINJASAT,1 58341U 23174CP  24136.85443602  .00027201  00000-0  12113-2 0  9998,2 58341  97.4564 212.3568 0007808 318.1921  41.8717 15.21395933 28833,2023-174CP,58341,6879.766,94.65,507.003,496.259,0
GENERATED VIA SPACETRACK.ORG API,18 SPCS,58341,NINJASAT,PAYLOAD,U,23174CP,2024/5/15 22:05,884800,15.21399689,0.0007818,97.4564,212.422,317.9451,42.1184,0,999,2884,0.001246,0.00027988,0,4318417,0 NINJASAT,1 58341U 23174CP  24136.92020700  .00027988  00000-0  12460-2 0  9993,2 58341  97.4564 212.4220 0007818 317.9451  42.1184 15.21399689 28840,2023-174CP,58341,6879.755,94.65,506.998,496.241,0
GENERATED VIA SPACETRACK.ORG API,18 SPCS,58341,NINJASAT,PAYLOAD,U,23174CP,2024/5/16 2:49,628640,15.21411845,0.0007853,97.4564,212.6175,317.0904,42.9719,0,999,2887,0.0013043,0.00029317,0,4318465,0 NINJASAT,1 58341U 23174CP  24137.11751885  .00029317  00000-0  13043-2 0  9996,2 58341  97.4564 212.6175 0007853 317.0904  42.9719 15.21411845 28878,2023-174CP,58341,6879.718,94.649,506.986,496.181,0
GENERATED VIA SPACETRACK.ORG API,18 SPCS,58341,NINJASAT,PAYLOAD,U,23174CP,2024/5/16 7:33,230784,15.21423985,0.0007859,97.4563,212.8128,316.1055,43.9556,0,999,2890,0.0013331,0.00029979,0,4318817,0 NINJASAT,1 58341U 23174CP  24137.31482906  .00029979  00000-0  13331-2 0  9997,2 58341  97.4563 212.8128 0007859 316.1055  43.9556 15.21423985 28902,2023-174CP,58341,6879.682,94.648,506.953,496.14,0
GENERATED VIA SPACETRACK.ORG API,18 SPCS,58341,NINJASAT,PAYLOAD,U,23174CP,2024/5/16 7:33,230784,15.21423985,0.0007859,97.4563,212.8128,316.1055,43.9556,0,999,2890,0.0013331,0.00029979,0,4319123,0 NINJASAT,1 58341U 23174CP  24137.31482906  .00029979  00000-0  13331-2 0  9997,2 58341  97.4563 212.8128 0007859 316.1055  43.9556 15.21423985 28902,2023-174CP,58341,6879.682,94.648,506.953,496.14,0
GENERATED VIA SPACETRACK.ORG API,18 SPCS,58341,NINJASAT,PAYLOAD,U,23174CP,2024/5/16 20:11,738528,15.21460771,0.0007828,97.4562,213.3338,313.8618,46.197,0,999,2898,0.001416,0.0003189,0,4319157,0 NINJASAT,1 58341U 23174CP  24137.84098077  .00031890  00000-0  14160-2 0  9993,2 58341  97.4562 213.3338 0007828 313.8618  46.1970 15.21460771 28982,2023-174CP,58341,6879.571,94.646,506.821,496.05,0
GENERATED VIA SPACETRACK.ORG API,18 SPCS,58341,NINJASAT,PAYLOAD,U,23174CP,2024/5/16 21:45,103232,15.21464784,0.0007835,97.4563,213.3989,313.5907,46.4677,0,999,2899,0.0014047,0.00031637,0,4319396,0 NINJASAT,1 58341U 23174CP  24137.90674888  .00031637  00000-0  14047-2 0  9993,2 58341  97.4563 213.3989 0007835 313.5907  46.4677 15.21464784 28997,2023-174CP,58341,6879.559,94.646,506.814,496.033,0
GENERATED VIA SPACETRACK.ORG API,18 SPCS,58341,NINJASAT,PAYLOAD,U,23174CP,2024/5/17 4:04,388384,15.21481974,0.0007849,97.4563,213.6595,312.4607,47.5965,0,999,2903,0.0012996,0.00029271,0,4319521,0 NINJASAT,1 58341U 23174CP  24138.16981931  .00029271  00000-0  12996-2 0  9994,2 58341  97.4563 213.6595 0007849 312.4607  47.5965 15.21481974 29031,2023-174CP,58341,6879.507,94.645,506.771,495.972,0
GENERATED VIA SPACETRACK.ORG API,18 SPCS,58341,NINJASAT,PAYLOAD,U,23174CP,2024/5/17 11:58,606240,15.21504651,0.000785,97.4565,213.9852,310.9436,49.1119,0,999,2908,0.0013247,0.00029859,0,4319673,0 NINJASAT,1 58341U 23174CP  24138.49865285  .00029859  00000-0  13247-2 0  9995,2 58341  97.4565 213.9852 0007850 310.9436  49.1119 15.21504651 29089,2023-174CP,58341,6879.438,94.643,506.704,495.903,0
GENERATED VIA SPACETRACK.ORG API,18 SPCS,58341,NINJASAT,PAYLOAD,U,23174CP,2024/5/17 13:32,792960,15.21509871,0.0007861,97.4565,214.0504,310.6399,49.4152,0,999,2909,0.0013449,0.00030322,0,4320024,0 NINJASAT,1 58341U 23174CP  24138.56441890  .00030322  00000-0  13449-2 0  9996,2 58341  97.4565 214.0504 0007861 310.6399  49.4152 15.21509871 29092,2023-174CP,58341,6879.423,94.643,506.696,495.88,0
GENERATED VIA SPACETRACK.ORG API,18 SPCS,58341,NINJASAT,PAYLOAD,U,23174CP,2024/5/17 19:51,392960,15.21530064,0.0007826,97.4566,214.311,309.5043,50.55,0,999,2913,0.0014711,0.00033207,0,4320178,0 NINJASAT,1 58341U 23174CP  24138.82748140  .00033207  00000-0  14711-2 0  9991,2 58341  97.4566 214.3110 0007826 309.5043  50.5500 15.21530064 29136,2023-174CP,58341,6879.362,94.642,506.611,495.843,0
GENERATED VIA SPACETRACK.ORG API,18 SPCS,58341,NINJASAT,PAYLOAD,U,23174CP,2024/5/17 21:26,520064,15.21533113,0.0007827,97.4566,214.3762,309.3489,50.7052,0,999,2914,0.0014325,0.00032333,0,4320369,0 NINJASAT,1 58341U 23174CP  24138.89324676  .00032333  00000-0  14325-2 0  9992,2 58341  97.4566 214.3762 0007827 309.3489  50.7052 15.21533113 29145,2023-174CP,58341,6879.353,94.641,506.602,495.833,0
GENERATED VIA SPACETRACK.ORG API,18 SPCS,58341,NINJASAT,PAYLOAD,U,23174CP,2024/5/18 3:45,755456,15.21556376,0.0007832,97.4567,214.637,308.3843,51.6689,0,999,2918,0.0016409,0.00037096,0,4320493,0 NINJASAT,1 58341U 23174CP  24139.15630504  .00037096  00000-0  16409-2 0  9998,2 58341  97.4567 214.6370 0007832 308.3843  51.6689 15.21556376 29189,2023-174CP,58341,6879.282,94.64,506.535,495.76,0
GENERATED VIA SPACETRACK.ORG API,18 SPCS,58341,NINJASAT,PAYLOAD,U,23174CP,2024/5/18 11:38,544256,15.21586007,0.0007781,97.4569,214.9627,307.0222,53.0301,0,999,2923,0.001815,0.00041096,0,4320842,0 NINJASAT,1 58341U 23174CP  24139.48512204  .00041096  00000-0  18150-2 0  9990,2 58341  97.4569 214.9627 0007781 307.0222  53.0301 15.21586007 29236,2023-174CP,58341,6879.193,94.638,506.411,495.705,0
GENERATED VIA SPACETRACK.ORG API,18 SPCS,58341,NINJASAT,PAYLOAD,U,23174CP,2024/5/18 13:13,446720,15.2158855,0.0007785,97.4569,215.0279,306.8269,53.2252,0,999,2924,0.001623,0.00036722,0,4321083,0 NINJASAT,1 58341U 23174CP  24139.55088480  .00036722  00000-0  16230-2 0  9999,2 58341  97.4569 215.0279 0007785 306.8269  53.2252 15.21588550 29246,2023-174CP,58341,6879.185,94.638,506.406,495.695,0
GENERATED VIA SPACETRACK.ORG API,18 SPCS,58341,NINJASAT,PAYLOAD,U,23174CP,2024/5/18 19:32,841440,15.21608977,0.0007743,97.457,215.2886,305.8093,54.2422,0,999,2928,0.0015159,0.00034304,0,4321188,0 NINJASAT,1 58341U 23174CP  24139.81393335  .00034304  00000-0  15159-2 0  9999,2 58341  97.4570 215.2886 0007743 305.8093  54.2422 15.21608977 29282,2023-174CP,58341,6879.124,94.637,506.315,495.662,0
GENERATED VIA SPACETRACK.ORG API,18 SPCS,58341,NINJASAT,PAYLOAD,U,23174CP,2024/5/18 22:41,458016,15.21617009,0.0007731,97.457,215.419,305.1976,54.8535,0,999,2930,0.001453,0.00032879,0,4321432,0 NINJASAT,1 58341U 23174CP  24139.94545669  .00032879  00000-0  14530-2 0  9999,2 58341  97.4570 215.4190 0007731 305.1976  54.8535 15.21617009 29302,2023-174CP,58341,6879.1,94.636,506.283,495.646,0
GENERATED VIA SPACETRACK.ORG API,18 SPCS,58341,NINJASAT,PAYLOAD,U,23174CP,2024/5/19 5:00,504544,15.2163185,0.0007724,97.4571,215.6796,304.2347,55.8157,0,999,2934,0.0012077,0.00027308,0,4321520,0 NINJASAT,1 58341U 23174CP  24140.20850121  .00027308  00000-0  12077-2 0  9997,2 58341  97.4571 215.6796 0007724 304.2347  55.8157 15.21631850 29346,2023-174CP,58341,6879.055,94.635,506.233,495.607,0
GENERATED VIA SPACETRACK.ORG API,18 SPCS,58341,NINJASAT,PAYLOAD,U,23174CP,2024/5/19 12:53,913536,15.21657171,0.0007716,97.4572,216.0054,302.8775,57.1718,0,999,2939,0.0014132,0.0003201,0,4321746,0 NINJASAT,1 58341U 23174CP  24140.53730224  .00032010  00000-0  14132-2 0  9994,2 58341  97.4572 216.0054 0007716 302.8775  57.1718 15.21657171 29396,2023-174CP,58341,6878.979,94.634,506.151,495.536,0
GENERATED VIA SPACETRACK.ORG API,18 SPCS,58341,NINJASAT,PAYLOAD,U,23174CP,2024/5/19 19:12,420064,15.2167114,0.0007706,97.4572,216.266,301.7853,58.2632,0,999,2943,0.0012911,0.00029239,0,4321894,0 NINJASAT,1 58341U 23174CP  24140.80034051  .00029239  00000-0  12911-2 0  9991,2 58341  97.4572 216.2660 0007706 301.7853  58.2632 15.21671140 29439,2023-174CP,58341,6878.937,94.633,506.102,495.501,0
GENERATED VIA SPACETRACK.ORG API,18 SPCS,58341,NINJASAT,PAYLOAD,U,23174CP,2024/5/20 4:40,741376,15.21691904,0.0007728,97.4571,216.6572,300.1286,59.9183,0,999,2949,0.0011542,0.00026137,0,4322179,0 NINJASAT,1 58341U 23174CP  24141.19489284  .00026137  00000-0  11542-2 0  9999,2 58341  97.4571 216.6572 0007728 300.1286  59.9183 15.21691904 29496,2023-174CP,58341,6878.874,94.632,506.055,495.423,0
GENERATED VIA SPACETRACK.ORG API,18 SPCS,58341,NINJASAT,PAYLOAD,U,23174CP,2024/5/20 10:59,656928,15.21708784,0.0007725,97.457,216.9177,298.8327,61.2133,0,999,2953,0.0012531,0.00028405,0,4322463,0 NINJASAT,1 58341U 23174CP  24141.45792427  .00028405  00000-0  12531-2 0  9993,2 58341  97.4570 216.9177 0007725 298.8327  61.2133 15.21708784 29536,2023-174CP,58341,6878.823,94.63,506.002,495.374,0
GENERATED VIA SPACETRACK.ORG API,18 SPCS,58341,NINJASAT,PAYLOAD,U,23174CP,2024/5/20 12:34,103200,15.21712771,0.0007723,97.4571,216.9829,298.5146,61.5312,0,999,2954,0.0012567,0.0002849,0,4322688,0 NINJASAT,1 58341U 23174CP  24141.52368175  .00028490  00000-0  12567-2 0  9993,2 58341  97.4571 216.9829 0007723 298.5146  61.5312 15.21712771 29549,2023-174CP,58341,6878.811,94.63,505.989,495.364,0
GENERATED VIA SPACETRACK.ORG API,18 SPCS,58341,NINJASAT,PAYLOAD,U,23174CP,2024/5/20 20:27,172992,15.21728933,0.0007724,97.457,217.3089,296.9946,63.0501,0,999,2959,0.0011789,0.00026729,0,4322739,0 NINJASAT,1 58341U 23174CP  24141.85246728  .00026729  00000-0  11789-2 0  9996,2 58341  97.4570 217.3089 0007724 296.9946  63.0501 15.21728933 29591,2023-174CP,58341,6878.762,94.629,505.941,495.314,0
GENERATED VIA SPACETRACK.ORG API,18 SPCS,58341,NINJASAT,PAYLOAD,U,23174CP,2024/5/21 4:20,912736,15.21745386,0.0007761,97.4569,217.6348,295.7284,64.3151,0,999,2964,0.0011229,0.00025464,0,4323052,0 NINJASAT,1 58341U 23174CP  24142.18124899  .00025464  00000-0  11229-2 0  9991,2 58341  97.4569 217.6348 0007761 295.7284  64.3151 15.21745386 29645,2023-174CP,58341,6878.713,94.628,505.916,495.239,0
GENERATED VIA SPACETRACK.ORG API,18 SPCS,58341,NINJASAT,PAYLOAD,U,23174CP,2024/5/21 7:30,511520,15.21752139,0.000778,97.4569,217.765,294.933,65.1097,0,999,2966,0.0011253,0.00025524,0,4323382,0 NINJASAT,1 58341U 23174CP  24142.31276055  .00025524  00000-0  11253-2 0  9992,2 58341  97.4569 217.7650 0007780 294.9330  65.1097 15.21752139 29660,2023-174CP,58341,6878.692,94.628,505.909,495.206,0
GENERATED VIA SPACETRACK.ORG API,18 SPCS,58341,NINJASAT,PAYLOAD,U,23174CP,2024/5/21 13:49,593312,15.21764352,0.0007797,97.4569,218.0255,293.5412,66.5004,0,999,2970,0.001073,0.00024339,0,4323618,0 NINJASAT,1 58341U 23174CP  24142.57578233  .00024339  00000-0  10730-2 0  9995,2 58341  97.4569 218.0255 0007797 293.5412  66.5004 15.21764352 29707,2023-174CP,58341,6878.656,94.627,505.884,495.157,0
GENERATED VIA SPACETRACK.ORG API,18 SPCS,58341,NINJASAT,PAYLOAD,U,23174CP,2024/5/21 20:07,492800,15.21778078,0.0007785,97.4569,218.2864,292.6138,67.4274,0,999,2974,0.0011297,0.00025644,0,4323672,0 NINJASAT,1 58341U 23174CP  24142.83880200  .00025644  00000-0  11297-2 0  9993,2 58341  97.4569 218.2864 0007785 292.6138  67.4274 15.21778078 29740,2023-174CP,58341,6878.614,94.626,505.834,495.124,0
GENERATED VIA SPACETRACK.ORG API,18 SPCS,58341,NINJASAT,PAYLOAD,U,23174CP,2024/5/21 21:42,686784,15.21780622,0.0007791,97.4568,218.3515,292.3106,67.7303,0,999,2975,0.001112,0.00025241,0,4323884,0 NINJASAT,1 58341U 23174CP  24142.90455656  .00025241  00000-0  11120-2 0  9992,2 58341  97.4568 218.3515 0007791 292.3106  67.7303 15.21780622 29757,2023-174CP,58341,6878.607,94.626,505.831,495.113,0
GENERATED VIA SPACETRACK.ORG API,18 SPCS,58341,NINJASAT,PAYLOAD,U,23174CP,2024/5/22 4:01,365088,15.21791318,0.0007817,97.4568,218.6121,291.2119,68.8282,0,999,2979,0.00098965,0.00022455,0,4323939,0 NINJASAT,1 58341U 23174CP  24143.16757367  .00022455  00000-0  98965-3 0  9992,2 58341  97.4568 218.6121 0007817 291.2119  68.8282 15.21791318 29790,2023-174CP,58341,6878.574,94.625,505.816,495.062,0
GENERATED VIA SPACETRACK.ORG API,18 SPCS,58341,NINJASAT,PAYLOAD,U,23174CP,2024/5/22 8:45,735360,15.21800555,0.0007832,97.4569,218.8075,290.1954,69.8439,0,999,2982,0.00098744,0.00022411,0,4324318,0 NINJASAT,1 58341U 23174CP  24143.36483490  .00022411  00000-0  98744-3 0  9994,2 58341  97.4569 218.8075 0007832 290.1954  69.8439 15.21800555 29826,2023-174CP,58341,6878.547,94.625,505.799,495.024,0
GENERATED VIA SPACETRACK.ORG API,18 SPCS,58341,NINJASAT,PAYLOAD,U,23174CP,2024/5/22 13:29,13184,15.21809645,0.0007821,97.4569,219.003,289.2658,70.7731,0,999,2985,0.00096102,0.00021813,0,4324498,0 NINJASAT,1 58341U 23174CP  24143.56209506  .00021813  00000-0  96102-3 0  9991,2 58341  97.4569 219.0030 0007821 289.2658  70.7731 15.21809645 29856,2023-174CP,58341,6878.519,94.624,505.764,495.004,0
GENERATED VIA SPACETRACK.ORG API,18 SPCS,58341,NINJASAT,PAYLOAD,U,23174CP,2024/5/22 19:48,238752,15.21820418,0.0007768,97.4569,219.2637,288.2583,71.7807,0,999,2989,0.00087735,0.00019909,0,4324543,0 NINJASAT,1 58341U 23174CP  24143.82510693  .00019909  00000-0  87735-3 0  9997,2 58341  97.4569 219.2637 0007768 288.2583  71.7807 15.21820418 29897,2023-174CP,58341,6878.487,94.624,505.695,495.009,0
GENERATED VIA SPACETRACK.ORG API,18 SPCS,58341,NINJASAT,PAYLOAD,U,23174CP,2024/5/23 3:41,317024,15.21834594,0.0007775,97.4569,219.5897,287.2134,72.825,0,999,2994,0.00090814,0.00020621,0,4324838,0 NINJASAT,1 58341U 23174CP  24144.15386941  .00020621  00000-0  90814-3 0  9996,2 58341  97.4569 219.5897 0007775 287.2134  72.8250 15.21834594 29947,2023-174CP,58341,6878.444,94.623,505.657,494.961,0
GENERATED VIA SPACETRACK.ORG API,18 SPCS,58341,NINJASAT,PAYLOAD,U,23174CP,2024/5/23 11:34,39328,15.21850354,0.0007765,97.457,219.9153,285.619,74.4189,0,999,2999,0.00091812,0.00020859,0,4325125,0 NINJASAT,1 58341U 23174CP  24144.48262777  .00020859  00000-0  91812-3 0  9994,2 58341  97.4570 219.9153 0007765 285.6190  74.4189 15.21850354 29997,2023-174CP,58341,6878.397,94.622,505.603,494.92,0
GENERATED VIA SPACETRACK.ORG API,18 SPCS,58341,NINJASAT,PAYLOAD,U,23174CP,2024/5/23 13:09,956832,15.21853713,0.0007759,97.457,219.9805,285.3139,74.7239,0,999,3000,0.00092816,0.0002109,0,4325336,0 NINJASAT,1 58341U 23174CP  24144.54837913  .00021090  00000-0  92816-3 0  9994,2 58341  97.4570 219.9805 0007759 285.3139  74.7239 15.21853713 30009,2023-174CP,58341,6878.386,94.621,505.588,494.914,0
GENERATED VIA SPACETRACK.ORG API,18 SPCS,58341,NINJASAT,PAYLOAD,U,23174CP,2024/5/23 17:53,665280,15.21861721,0.0007745,97.457,220.1762,284.2955,75.7421,0,999,3003,0.00088451,0.00020097,0,4325418,0 NINJASAT,1 58341U 23174CP  24144.74563270  .00020097  00000-0  88451-3 0  9994,2 58341  97.4570 220.1762 0007745 284.2955  75.7421 15.21861721 30039,2023-174CP,58341,6878.362,94.621,505.555,494.9,0
GENERATED VIA SPACETRACK.ORG API,18 SPCS,58341,NINJASAT,PAYLOAD,U,23174CP,2024/5/23 19:28,518848,15.21866361,0.0007736,97.457,220.2415,284.0523,75.9853,0,999,3004,0.00096916,0.00022036,0,4325574,0 NINJASAT,1 58341U 23174CP  24144.81138332  .00022036  00000-0  96916-3 0  9999,2 58341  97.4570 220.2415 0007736 284.0523  75.9853 15.21866361 30041,2023-174CP,58341,6878.348,94.621,505.534,494.892,0
GENERATED VIA SPACETRACK.ORG API,18 SPCS,58341,NINJASAT,PAYLOAD,U,23174CP,2024/5/24 4:56,503744,15.21886205,0.0007728,97.4568,220.6326,282.8173,77.2199,0,999,3010,0.001017,0.00023144,0,4325622,0 NINJASAT,1 58341U 23174CP  24145.20588546  .00023144  00000-0  10170-2 0  9997,2 58341  97.4568 220.6326 0007728 282.8173  77.2199 15.21886205 30105,2023-174CP,58341,6878.288,94.619,505.469,494.838,0
GENERATED VIA SPACETRACK.ORG API,18 SPCS,58341,NINJASAT,PAYLOAD,U,23174CP,2024/5/24 11:15,564640,15.21899465,0.0007729,97.4569,220.8931,281.7237,78.3132,0,999,3014,0.0010195,0.0002321,0,4325986,0 NINJASAT,1 58341U 23174CP  24145.46888385  .00023210  00000-0  10195-2 0  9990,2 58341  97.4569 220.8931 0007729 281.7237  78.3132 15.21899465 30145,2023-174CP,58341,6878.249,94.619,505.43,494.797,0
GENERATED VIA SPACETRACK.ORG API,18 SPCS,58341,NINJASAT,PAYLOAD,U,23174CP,2024/5/24 12:49,301568,15.21902798,0.0007725,97.4568,220.9583,281.4178,78.619,0,999,3015,0.0010122,0.00023045,0,4326215,0 NINJASAT,1 58341U 23174CP  24145.53463312  .00023045  00000-0  10122-2 0  9993,2 58341  97.4568 220.9583 0007725 281.4178  78.6190 15.21902798 30157,2023-174CP,58341,6878.239,94.618,505.417,494.79,0
GENERATED VIA SPACETRACK.ORG API,18 SPCS,58341,NINJASAT,PAYLOAD,U,23174CP,2024/5/24 19:08,131776,15.21915385,0.0007723,97.4567,221.2191,280.4739,79.5627,0,999,3019,0.00096705,0.00022019,0,4326264,0 NINJASAT,1 58341U 23174CP  24145.79762884  .00022019  00000-0  96705-3 0  9999,2 58341  97.4567 221.2191 0007723 280.4739  79.5627 15.21915385 30190,2023-174CP,58341,6878.201,94.618,505.378,494.754,0
GENERATED VIA SPACETRACK.ORG API,18 SPCS,58341,NINJASAT,PAYLOAD,U,23174CP,2024/5/24 22:17,485536,15.2191935,0.0007739,97.4566,221.3496,279.9035,80.1327,0,999,3021,0.00089408,0.0002035,0,4326555,0 NINJASAT,1 58341U 23174CP  24145.92912599  .00020350  00000-0  89408-3 0  9992,2 58341  97.4566 221.3496 0007739 279.9035  80.1327 15.21919350 30211,2023-174CP,58341,6878.189,94.617,505.377,494.731,0
GENERATED VIA SPACETRACK.ORG API,18 SPCS,58341,NINJASAT,PAYLOAD,U,23174CP,2024/5/25 4:36,86784,15.21928575,0.0007788,97.4564,221.6104,278.8529,81.1825,0,999,3025,0.00075668,0.0001721,0,4326613,0 NINJASAT,1 58341U 23174CP  24146.19211906  .00017210  00000-0  75668-3 0  9990,2 58341  97.4564 221.6104 0007788 278.8529  81.1825 15.21928575 30255,2023-174CP,58341,6878.161,94.617,505.383,494.669,0
GENERATED VIA SPACETRACK.ORG API,18 SPCS,58341,NINJASAT,PAYLOAD,U,23174CP,2024/5/25 10:55,516960,15.21939133,0.00078,97.4563,221.871,277.6769,82.3581,0,999,3029,0.0007607,0.00017307,0,4326931,0 NINJASAT,1 58341U 23174CP  24146.45511015  .00017307  00000-0  76070-3 0  9998,2 58341  97.4563 221.8710 0007800 277.6769  82.3581 15.21939133 30295,2023-174CP,58341,6878.129,94.616,505.359,494.629,0
GENERATED VIA SPACETRACK.ORG API,18 SPCS,58341,NINJASAT,PAYLOAD,U,23174CP,2024/5/25 20:23,944064,15.21953757,0.0007829,97.4562,222.2622,276.1571,83.8773,0,999,3035,0.00079398,0.00018077,0,4327238,0 NINJASAT,1 58341U 23174CP  24146.84959426  .00018077  00000-0  79398-3 0  9994,2 58341  97.4562 222.2622 0007829 276.1571  83.8773 15.21953757 30351,2023-174CP,58341,6878.085,94.615,505.335,494.565,0
GENERATED VIA SPACETRACK.ORG API,18 SPCS,58341,NINJASAT,PAYLOAD,U,23174CP,2024/5/26 4:16,580672,15.21963538,0.0007836,97.456,222.5881,274.8109,85.2232,0,999,3040,0.00071654,0.00016308,0,4327610,0 NINJASAT,1 58341U 23174CP  24147.17832848  .00016308  00000-0  71654-3 0  9991,2 58341  97.4560 222.5881 0007836 274.8109  85.2232 15.21963538 30409,2023-174CP,58341,6878.056,94.615,505.31,494.531,0
GENERATED VIA SPACETRACK.ORG API,18 SPCS,58341,NINJASAT,PAYLOAD,U,23174CP,2024/5/26 12:10,2144,15.21973864,0.0007887,97.4559,222.9141,273.4772,86.5562,0,999,3045,0.00070467,0.00016041,0,4327857,0 NINJASAT,1 58341U 23174CP  24147.50706021  .00016041  00000-0  70467-3 0  9996,2 58341  97.4559 222.9141 0007887 273.4772  86.5562 15.21973864 30455,2023-174CP,58341,6878.024,94.614,505.314,494.465,0
GENERATED VIA SPACETRACK.ORG API,18 SPCS,58341,NINJASAT,PAYLOAD,U,23174CP,2024/5/26 13:44,470368,15.21975915,0.0007895,97.4559,222.9793,273.2332,86.8001,0,999,3046,0.00070087,0.00015955,0,4328092,0 NINJASAT,1 58341U 23174CP  24147.57280637  .00015955  00000-0  70087-3 0  9994,2 58341  97.4559 222.9793 0007895 273.2332  86.8001 15.21975915 30468,2023-174CP,58341,6878.018,94.614,505.313,494.453,0
GENERATED VIA SPACETRACK.ORG API,18 SPCS,58341,NINJASAT,PAYLOAD,U,23174CP,2024/5/26 20:03,253408,15.21984234,0.0007916,97.4559,223.2401,272.0272,88.0057,0,999,3050,0.00069918,0.0001592,0,4328219,0 NINJASAT,1 58341U 23174CP  24147.83578997  .00015920  00000-0  69918-3 0  9995,2 58341  97.4559 223.2401 0007916 272.0272  88.0057 15.21984234 30506,2023-174CP,58341,6877.993,94.613,505.303,494.414,0
GENERATED VIA SPACETRACK.ORG API,18 SPCS,58341,NINJASAT,PAYLOAD,U,23174CP,2024/5/26 21:38,691392,15.21985866,0.0007906,97.4559,223.3052,271.7764,88.2567,0,999,3051,0.00069246,0.00015767,0,4328412,0 NINJASAT,1 58341U 23174CP  24147.90153578  .00015767  00000-0  69246-3 0  9990,2 58341  97.4559 223.3052 0007906 271.7764  88.2567 15.21985866 30511,2023-174CP,58341,6877.988,94.613,505.291,494.415,0
GENERATED VIA SPACETRACK.ORG API,18 SPCS,58341,NINJASAT,PAYLOAD,U,23174CP,2024/5/27 3:56,340512,15.21994146,0.0007901,97.4558,223.5658,270.6632,89.3698,0,999,3055,0.00069036,0.00015723,0,4328447,0 NINJASAT,1 58341U 23174CP  24148.16451783  .00015723  00000-0  69036-3 0  9997,2 58341  97.4558 223.5658 0007901 270.6632  89.3698 15.21994146 30553,2023-174CP,58341,6877.963,94.613,505.263,494.394,0
GENERATED VIA SPACETRACK.ORG API,18 SPCS,58341,NINJASAT,PAYLOAD,U,23174CP,2024/5/27 11:50,228896,15.2200312,0.000792,97.4558,223.8918,269.3991,90.6338,0,999,3060,0.00066769,0.00015207,0,4328753,0 NINJASAT,1 58341U 23174CP  24148.49324339  .00015207  00000-0  66769-3 0  9996,2 58341  97.4558 223.8918 0007920 269.3991  90.6338 15.22003120 30605,2023-174CP,58341,6877.936,94.612,505.249,494.354,0
GENERATED VIA SPACETRACK.ORG API,18 SPCS,58341,NINJASAT,PAYLOAD,U,23174CP,2024/5/27 11:50,228896,15.2200312,0.000792,97.4558,223.8918,269.3991,90.6338,0,999,3060,0.00066769,0.00015207,0,4329170,0 NINJASAT,1 58341U 23174CP  24148.49324339  .00015207  00000-0  66769-3 0  9996,2 58341  97.4558 223.8918 0007920 269.3991  90.6338 15.22003120 30605,2023-174CP,58341,6877.936,94.612,505.249,494.354,0
GENERATED VIA SPACETRACK.ORG API,18 SPCS,58341,NINJASAT,PAYLOAD,U,23174CP,2024/5/27 19:43,923744,15.22012294,0.0007923,97.4558,224.2177,267.9466,92.0863,0,999,3065,0.00061857,0.00014085,0,4329083,0 NINJASAT,1 58341U 23174CP  24148.82196671  .00014085  00000-0  61857-3 0  9995,2 58341  97.4558 224.2177 0007923 267.9466  92.0863 15.22012294 30657,2023-174CP,58341,6877.909,94.612,505.223,494.324,0
GENERATED VIA SPACETRACK.ORG API,18 SPCS,58341,NINJASAT,PAYLOAD,U,23174CP,2024/5/27 21:18,253728,15.22013559,0.0007925,97.4558,224.2829,267.6686,92.3643,0,999,3066,0.0006018,0.00013701,0,4329288,0 NINJASAT,1 58341U 23174CP  24148.88771127  .00013701  00000-0  60180-3 0  9998,2 58341  97.4558 224.2829 0007925 267.6686  92.3643 15.22013559 30669,2023-174CP,58341,6877.905,94.612,505.221,494.319,0
GENERATED VIA SPACETRACK.ORG API,18 SPCS,58341,NINJASAT,PAYLOAD,U,23174CP,2024/5/28 3:36,476896,15.22021138,0.0007931,97.4558,224.5437,266.4565,93.5764,0,999,3070,0.00059279,0.00013497,0,4329311,0 NINJASAT,1 58341U 23174CP  24149.15068839  .00013497  00000-0  59279-3 0  9997,2 58341  97.4558 224.5437 0007931 266.4565  93.5764 15.22021138 30701,2023-174CP,58341,6877.882,94.611,505.202,494.292,0
GENERATED VIA SPACETRACK.ORG API,18 SPCS,58341,NINJASAT,PAYLOAD,U,23174CP,2024/5/28 11:30,834784,15.22029615,0.000792,97.4559,224.8697,265.2533,94.7799,0,999,3075,0.00056106,0.00012773,0,4329655,0 NINJASAT,1 58341U 23174CP  24149.47940781  .00012773  00000-0  56106-3 0  9999,2 58341  97.4559 224.8697 0007920 265.2533  94.7799 15.22029615 30757,2023-174CP,58341,6877.856,94.611,505.169,494.274,0
GENERATED VIA SPACETRACK.ORG API,18 SPCS,58341,NINJASAT,PAYLOAD,U,23174CP,2024/5/28 11:30,834784,15.22029615,0.000792,97.4559,224.8697,265.2533,94.7799,0,999,3075,0.00056106,0.00012773,0,4329851,0 NINJASAT,1 58341U 23174CP  24149.47940781  .00012773  00000-0  56106-3 0  9999,2 58341  97.4559 224.8697 0007920 265.2533  94.7799 15.22029615 30757,2023-174CP,58341,6877.856,94.611,505.169,494.274,0
GENERATED VIA SPACETRACK.ORG API,18 SPCS,58341,NINJASAT,PAYLOAD,U,23174CP,2024/5/28 19:23,12960,15.22039634,0.0007918,97.4558,225.1956,263.9207,96.1127,0,999,3080,0.0005615,0.00012787,0,4329892,0 NINJASAT,1 58341U 23174CP  24149.80812515  .00012787  00000-0  56150-3 0  9993,2 58341  97.4558 225.1956 0007918 263.9207  96.1127 15.22039634 30807,2023-174CP,58341,6877.826,94.61,505.137,494.245,0
GENERATED VIA SPACETRACK.ORG API,18 SPCS,58341,NINJASAT,PAYLOAD,U,23174CP,2024/5/28 20:58,239264,15.22041004,0.0007915,97.4558,225.2608,263.5652,96.4682,0,999,3081,0.00055311,0.00012595,0,4330098,0 NINJASAT,1 58341U 23174CP  24149.87386851  .00012595  00000-0  55311-3 0  9994,2 58341  97.4558 225.2608 0007915 263.5652  96.4682 15.22041004 30813,2023-174CP,58341,6877.822,94.61,505.131,494.243,0
GENERATED VIA SPACETRACK.ORG API,18 SPCS,58341,NINJASAT,PAYLOAD,U,23174CP,2024/5/29 4:51,248096,15.22048766,0.0007914,97.4558,225.5868,262.1094,97.9244,0,999,3086,0.00050212,0.00011428,0,4330222,0 NINJASAT,1 58341U 23174CP  24150.20258389  .00011428  00000-0  50212-3 0  9996,2 58341  97.4558 225.5868 0007914 262.1094  97.9244 15.22048766 30865,2023-174CP,58341,6877.799,94.609,505.107,494.221,0
GENERATED VIA SPACETRACK.ORG API,18 SPCS,58341,NINJASAT,PAYLOAD,U,23174CP,2024/5/29 11:10,942496,15.22055559,0.0007927,97.4559,225.8476,261.029,99.0049,0,999,3090,0.00052482,0.00011951,0,4330464,0 NINJASAT,1 58341U 23174CP  24150.46555489  .00011951  00000-0  52482-3 0  9997,2 58341  97.4559 225.8476 0007927 261.0290  99.0049 15.22055559 30903,2023-174CP,58341,6877.778,94.609,505.095,494.191,0
GENERATED VIA SPACETRACK.ORG API,18 SPCS,58341,NINJASAT,PAYLOAD,U,23174CP,2024/5/29 11:10,942496,15.22055559,0.0007927,97.4559,225.8476,261.029,99.0049,0,999,3090,0.00052482,0.00011951,0,4330703,0 NINJASAT,1 58341U 23174CP  24150.46555489  .00011951  00000-0  52482-3 0  9997,2 58341  97.4559 225.8476 0007927 261.0290  99.0049 15.22055559 30903,2023-174CP,58341,6877.778,94.609,505.095,494.191,0
GENERATED VIA SPACETRACK.ORG API,18 SPCS,58341,NINJASAT,PAYLOAD,U,23174CP,2024/5/29 19:03,674848,15.22065107,0.0007934,97.4557,226.1735,259.7888,100.2453,0,999,3095,0.00055617,0.00012674,0,4330839,0 NINJASAT,1 58341U 23174CP  24150.79426707  .00012674  00000-0  55617-3 0  9999,2 58341  97.4557 226.1735 0007934 259.7888 100.2453 15.22065107 30957,2023-174CP,58341,6877.75,94.608,505.071,494.158,0
GENERATED VIA SPACETRACK.ORG API,18 SPCS,58341,NINJASAT,PAYLOAD,U,23174CP,2024/5/29 20:38,797472,15.22066939,0.0007954,97.4558,226.2387,259.5137,100.5203,0,999,3096,0.00056467,0.0001287,0,4331016,0 NINJASAT,1 58341U 23174CP  24150.86000923  .00012870  00000-0  56467-3 0  9997,2 58341  97.4558 226.2387 0007954 259.5137 100.5203 15.22066939 30960,2023-174CP,58341,6877.744,94.608,505.08,494.138,0
GENERATED VIA SPACETRACK.ORG API,18 SPCS,58341,NINJASAT,PAYLOAD,U,23174CP,2024/5/30 4:31,327648,15.22075271,0.0007989,97.4557,226.5647,258.0917,101.9424,0,999,3101,0.00054598,0.00012444,0,4331058,0 NINJASAT,1 58341U 23174CP  24151.18871907  .00012444  00000-0  54598-3 0  9991,2 58341  97.4557 226.5647 0007989 258.0917 101.9424 15.22075271 31015,2023-174CP,58341,6877.719,94.608,505.079,494.089,0
GENERATED VIA SPACETRACK.ORG API,18 SPCS,58341,NINJASAT,PAYLOAD,U,23174CP,2024/5/30 10:50,634976,15.22082992,0.000801,97.4558,226.8255,257.1718,102.8623,0,999,3105,0.00060023,0.00013693,0,4331316,0 NINJASAT,1 58341U 23174CP  24151.45168559  .00013693  00000-0  60023-3 0  9990,2 58341  97.4558 226.8255 0008010 257.1718 102.8623 15.22082992 31052,2023-174CP,58341,6877.696,94.607,505.07,494.052,0
GENERATED VIA SPACETRACK.ORG API,18 SPCS,58341,NINJASAT,PAYLOAD,U,23174CP,2024/5/30 12:25,708352,15.22085102,0.0008025,97.4558,226.8906,256.9517,103.0824,0,999,3106,0.00062514,0.00014266,0,4331646,0 NINJASAT,1 58341U 23174CP  24151.51742718  .00014266  00000-0  62514-3 0  9996,2 58341  97.4558 226.8906 0008025 256.9517 103.0824 15.22085102 31068,2023-174CP,58341,6877.689,94.607,505.074,494.035,0
GENERATED VIA SPACETRACK.ORG API,18 SPCS,58341,NINJASAT,PAYLOAD,U,23174CP,2024/5/30 20:18,913664,15.22101769,0.0008069,97.4558,227.2166,255.7298,104.3042,0,999,3111,0.0009275,0.00021231,0,4331767,0 NINJASAT,1 58341U 23174CP  24151.84613326  .00021231  00000-0  92750-3 0  9999,2 58341  97.4558 227.2166 0008069 255.7298 104.3042 15.22101769 31112,2023-174CP,58341,6877.639,94.606,505.054,493.955,0
GENERATED VIA SPACETRACK.ORG API,18 SPCS,58341,NINJASAT,PAYLOAD,U,23174CP,2024/5/30 21:53,929152,15.22104014,0.0008067,97.4558,227.2818,255.4795,104.5547,0,999,3112,0.00094477,0.0002163,0,4331912,0 NINJASAT,1 58341U 23174CP  24151.91187418  .00021630  00000-0  94477-3 0  9996,2 58341  97.4558 227.2818 0008067 255.4795 104.5547 15.22104014 31122,2023-174CP,58341,6877.632,94.606,505.045,493.949,0
GENERATED VIA SPACETRACK.ORG API,18 SPCS,58341,NINJASAT,PAYLOAD,U,23174CP,2024/5/31 4:11,942720,15.22107072,0.0008077,97.4558,227.5426,254.38,105.6545,0,999,3116,0.00076737,0.00017547,0,4331942,0 NINJASAT,1 58341U 23174CP  24152.17483730  .00017547  00000-0  76737-3 0  9992,2 58341  97.4558 227.5426 0008077 254.3800 105.6545 15.22107072 31167,2023-174CP,58341,6877.623,94.606,505.043,493.933,0
GENERATED VIA SPACETRACK.ORG API,18 SPCS,58341,NINJASAT,PAYLOAD,U,23174CP,2024/5/31 12:05,733312,15.22123079,0.0008104,97.4559,227.8685,253.2375,106.7972,0,999,3121,0.0010091,0.00023126,0,4332372,0 NINJASAT,1 58341U 23174CP  24152.50353858  .00023126  00000-0  10091-2 0  9996,2 58341  97.4559 227.8685 0008104 253.2375 106.7972 15.22123079 31211,2023-174CP,58341,6877.575,94.605,505.013,493.866,0
GENERATED VIA SPACETRACK.ORG API,18 SPCS,58341,NINJASAT,PAYLOAD,U,23174CP,2024/5/31 13:39,653760,15.22126286,0.0008107,97.4559,227.9337,253.036,106.9987,0,999,3122,0.0010351,0.00023727,0,4332540,0 NINJASAT,1 58341U 23174CP  24152.56927840  .00023727  00000-0  10351-2 0  9996,2 58341  97.4559 227.9337 0008107 253.0360 106.9987 15.22126286 31223,2023-174CP,58341,6877.565,94.605,505.006,493.855,0
GENERATED VIA SPACETRACK.ORG API,18 SPCS,58341,NINJASAT,PAYLOAD,U,23174CP,2024/5/31 19:58,351968,15.22126963,0.0008131,97.456,228.1944,251.9051,108.13,0,999,3126,0.00074832,0.00017119,0,4332606,0 NINJASAT,1 58341U 23174CP  24152.83223787  .00017119  00000-0  74832-3 0  9998,2 58341  97.4560 228.1944 0008131 251.9051 108.1300 15.22126963 31262,2023-174CP,58341,6877.563,94.604,505.02,493.836,0
GENERATED VIA SPACETRACK.ORG API,18 SPCS,58341,NINJASAT,PAYLOAD,U,23174CP,2024/5/31 21:33,257728,15.22128881,0.0008139,97.456,228.2596,251.5923,108.4428,0,999,3127,0.00074949,0.00017147,0,4333223,0 NINJASAT,1 58341U 23174CP  24152.89797752  .00017147  00000-0  74949-3 0  9992,2 58341  97.4560 228.2596 0008139 251.5923 108.4428 15.22128881 31274,2023-174CP,58341,6877.557,94.604,505.02,493.825,0
GENERATED VIA SPACETRACK.ORG API,18 SPCS,58341,NINJASAT,PAYLOAD,U,23174CP,2024/6/1 3:51,777952,15.22138253,0.0008151,97.4561,228.5204,250.4754,109.5602,0,999,3131,0.00076877,0.00017596,0,4332983,0 NINJASAT,1 58341U 23174CP  24153.16093493  .00017596  00000-0  76877-3 0  9994,2 58341  97.4561 228.5204 0008151 250.4754 109.5602 15.22138253 31313,2023-174CP,58341,6877.529,94.604,505,493.788,0
GENERATED VIA SPACETRACK.ORG API,18 SPCS,58341,NINJASAT,PAYLOAD,U,23174CP,2024/6/1 11:45,973248,15.22147436,0.0008161,97.4563,228.8462,249.1807,110.8555,0,999,3136,0.00070552,0.00016144,0,4333291,0 NINJASAT,1 58341U 23174CP  24153.48962932  .00016144  00000-0  70552-3 0  9994,2 58341  97.4563 228.8462 0008161 249.1807 110.8555 15.22147436 31369,2023-174CP,58341,6877.502,94.603,504.979,493.754,0
GENERATED VIA SPACETRACK.ORG API,18 SPCS,58341,NINJASAT,PAYLOAD,U,23174CP,2024/6/1 13:19,793472,15.22149727,0.0008163,97.4563,228.9114,248.9131,111.1232,0,999,3137,0.00070686,0.00016176,0,4333553,0 NINJASAT,1 58341U 23174CP  24153.55536798  .00016176  00000-0  70686-3 0  9992,2 58341  97.4563 228.9114 0008163 248.9131 111.1232 15.22149727 31375,2023-174CP,58341,6877.495,94.603,504.974,493.746,0
GENERATED VIA SPACETRACK.ORG API,18 SPCS,58341,NINJASAT,PAYLOAD,U,23174CP,2024/6/1 19:38,972416,15.22159982,0.0008174,97.4564,229.1722,247.8346,112.2023,0,999,3141,0.00075333,0.00017252,0,4333685,0 NINJASAT,1 58341U 23174CP  24153.81832144  .00017252  00000-0  75333-3 0  9995,2 58341  97.4564 229.1722 0008174 247.8346 112.2023 15.22159982 31411,2023-174CP,58341,6877.464,94.602,504.95,493.707,0
GENERATED VIA SPACETRACK.ORG API,18 SPCS,58341,NINJASAT,PAYLOAD,U,23174CP,2024/6/2 3:31,767680,15.22172393,0.0008175,97.4566,229.4981,246.4702,113.5676,0,999,3146,0.00080042,0.00018344,0,4333895,0 NINJASAT,1 58341U 23174CP  24154.14701120  .00018344  00000-0  80042-3 0  9997,2 58341  97.4566 229.4981 0008175 246.4702 113.5676 15.22172393 31469,2023-174CP,58341,6877.426,94.602,504.914,493.669,0
GENERATED VIA SPACETRACK.ORG API,18 SPCS,58341,NINJASAT,PAYLOAD,U,23174CP,2024/6/2 11:25,363360,15.22180771,0.0008188,97.4567,229.8241,245.1741,114.8644,0,999,3151,0.00071758,0.00016438,0,4334193,0 NINJASAT,1 58341U 23174CP  24154.47569865  .00016438  00000-0  71758-3 0  9997,2 58341  97.4567 229.8241 0008188 245.1741 114.8644 15.22180771 31510,2023-174CP,58341,6877.401,94.601,504.897,493.635,0
GENERATED VIA SPACETRACK.ORG API,18 SPCS,58341,NINJASAT,PAYLOAD,U,23174CP,2024/6/2 12:59,69536,15.22182744,0.0008198,97.4567,229.8893,244.938,115.1006,0,999,3152,0.00071442,0.00016366,0,4334418,0 NINJASAT,1 58341U 23174CP  24154.54143599  .00016366  00000-0  71442-3 0  9997,2 58341  97.4567 229.8893 0008198 244.9380 115.1006 15.22182744 31529,2023-174CP,58341,6877.395,94.601,504.898,493.622,0
GENERATED VIA SPACETRACK.ORG API,18 SPCS,58341,NINJASAT,PAYLOAD,U,23174CP,2024/6/2 19:18,768096,15.22192465,0.0008199,97.4568,230.15,243.8978,116.1415,0,999,3156,0.00073926,0.00016944,0,4334455,0 NINJASAT,1 58341U 23174CP  24154.80438389  .00016944  00000-0  73926-3 0  9991,2 58341  97.4568 230.1500 0008199 243.8978 116.1415 15.22192465 31562,2023-174CP,58341,6877.366,94.6,504.87,493.592,0
GENERATED VIA SPACETRACK.ORG API,18 SPCS,58341,NINJASAT,PAYLOAD,U,23174CP,2024/6/2 20:52,425024,15.22194399,0.0008211,97.4568,230.2153,243.5808,116.4585,0,999,3157,0.0007367,0.00016886,0,4334623,0 NINJASAT,1 58341U 23174CP  24154.87012066  .00016886  00000-0  73670-3 0  9999,2 58341  97.4568 230.2153 0008211 243.5808 116.4585 15.22194399 31571,2023-174CP,58341,6877.36,94.6,504.872,493.578,0
GENERATED VIA SPACETRACK.ORG API,18 SPCS,58341,NINJASAT,PAYLOAD,U,23174CP,2024/6/3 4:46,574880,15.22206674,0.0008225,97.4567,230.5411,242.1754,117.8649,0,999,3162,0.00077767,0.00017837,0,4334745,0 NINJASAT,1 58341U 23174CP  24155.19880295  .00017837  00000-0  77767-3 0  9990,2 58341  97.4567 230.5411 0008225 242.1754 117.8649 15.22206674 31622,2023-174CP,58341,6877.323,94.6,504.845,493.531,0
GENERATED VIA SPACETRACK.ORG API,18 SPCS,58341,NINJASAT,PAYLOAD,U,23174CP,2024/6/3 12:39,527744,15.2221735,0.000825,97.4568,230.8672,240.9458,119.0952,0,999,3167,0.00079492,0.00018241,0,4334995,0 NINJASAT,1 58341U 23174CP  24155.52748296  .00018241  00000-0  79492-3 0  9998,2 58341  97.4568 230.8672 0008250 240.9458 119.0952 15.22217350 31679,2023-174CP,58341,6877.291,94.599,504.83,493.482,0
GENERATED VIA SPACETRACK.ORG API,18 SPCS,58341,NINJASAT,PAYLOAD,U,23174CP,2024/6/3 14:14,81856,15.22220162,0.0008272,97.4568,230.9324,240.705,119.336,0,999,3168,0.00080782,0.00018541,0,4335298,0 NINJASAT,1 58341U 23174CP  24155.59321854  .00018541  00000-0  80782-3 0  9999,2 58341  97.4568 230.9324 0008272 240.7050 119.3360 15.22220162 31686,2023-174CP,58341,6877.282,94.599,504.836,493.459,0
GENERATED VIA SPACETRACK.ORG API,18 SPCS,58341,NINJASAT,PAYLOAD,U,23174CP,2024/6/3 18:58,707040,15.22227263,0.0008289,97.4568,231.128,239.9614,120.08,0,999,3171,0.0008043,0.00018464,0,4335370,0 NINJASAT,1 58341U 23174CP  24155.79042485  .00018464  00000-0  80430-3 0  9995,2 58341  97.4568 231.1280 0008289 239.9614 120.0800 15.22227263 31715,2023-174CP,58341,6877.261,94.598,504.827,493.426,0
GENERATED VIA SPACETRACK.ORG API,18 SPCS,58341,NINJASAT,PAYLOAD,U,23174CP,2024/6/3 22:07,756512,15.22231698,0.0008299,97.4567,231.2584,239.3176,120.7243,0,999,3173,0.00080584,0.00018502,0,4335600,0 NINJASAT,1 58341U 23174CP  24155.92189533  .00018502  00000-0  80584-3 0  9999,2 58341  97.4567 231.2584 0008299 239.3176 120.7243 15.22231698 31737,2023-174CP,58341,6877.248,94.598,504.82,493.405,0
GENERATED VIA SPACETRACK.ORG API,18 SPCS,58341,NINJASAT,PAYLOAD,U,23174CP,2024/6/4 4:26,689568,15.22245441,0.0008328,97.4567,231.5192,238.4047,121.6376,0,999,3177,0.00092596,0.00021287,0,4335724,0 NINJASAT,1 58341U 23174CP  24156.18483437  .00021287  00000-0  92596-3 0  9998,2 58341  97.4567 231.5192 0008328 238.4047 121.6376 15.22245441 31777,2023-174CP,58341,6877.206,94.597,504.799,493.344,0
GENERATED VIA SPACETRACK.ORG API,18 SPCS,58341,NINJASAT,PAYLOAD,U,23174CP,2024/6/4 10:44,478336,15.22255567,0.0008433,97.4567,231.7798,237.389,122.6533,0,999,3181,0.0010178,0.00023419,0,4335987,0 NINJASAT,1 58341U 23174CP  24156.44777174  .00023419  00000-0  10178-2 0  9995,2 58341  97.4567 231.7798 0008433 237.3890 122.6533 15.22255567 31813,2023-174CP,58341,6877.176,94.596,504.84,493.241,0
GENERATED VIA SPACETRACK.ORG API,18 SPCS,58341,NINJASAT,PAYLOAD,U,23174CP,2024/6/4 13:54,317856,15.22260278,0.0008453,97.4568,231.9102,236.8306,123.212,0,999,3183,0.00095902,0.00022062,0,4336232,0 NINJASAT,1 58341U 23174CP  24156.57923979  .00022062  00000-0  95902-3 0  9997,2 58341  97.4568 231.9102 0008453 236.8306 123.2120 15.22260278 31839,2023-174CP,58341,6877.162,94.596,504.84,493.213,0
GENERATED VIA SPACETRACK.ORG API,18 SPCS,58341,NINJASAT,PAYLOAD,U,23174CP,2024/6/4 18:38,496352,15.22269139,0.0008458,97.4568,232.1059,236.1036,123.9396,0,999,3186,0.00098965,0.00022777,0,4336347,0 NINJASAT,1 58341U 23174CP  24156.77644093  .00022777  00000-0  98965-3 0  9991,2 58341  97.4568 232.1059 0008458 236.1036 123.9396 15.22269139 31861,2023-174CP,58341,6877.135,94.596,504.817,493.183,0
GENERATED VIA SPACETRACK.ORG API,18 SPCS,58341,NINJASAT,PAYLOAD,U,23174CP,2024/6/4 21:47,237376,15.22272979,0.0008462,97.4567,232.2364,235.6715,124.3721,0,999,3188,0.00094944,0.00021848,0,4336540,0 NINJASAT,1 58341U 23174CP  24156.90790784  .00021848  00000-0  94944-3 0  9996,2 58341  97.4567 232.2364 0008462 235.6715 124.3721 15.22272979 31888,2023-174CP,58341,6877.123,94.595,504.808,493.169,0
GENERATED VIA SPACETRACK.ORG API,18 SPCS,58341,NINJASAT,PAYLOAD,U,23174CP,2024/6/5 4:06,594144,15.222849,0.0008454,97.4567,232.4972,234.9308,125.1135,0,999,3192,0.00099569,0.00022927,0,4336679,0 NINJASAT,1 58341U 23174CP  24157.17084021  .00022927  00000-0  99569-3 0  9993,2 58341  97.4567 232.4972 0008454 234.9308 125.1135 15.22284900 31926,2023-174CP,58341,6877.087,94.595,504.766,493.139,0
GENERATED VIA SPACETRACK.ORG API,18 SPCS,58341,NINJASAT,PAYLOAD,U,23174CP,2024/6/5 11:59,9952,15.22298128,0.0008509,97.4568,232.823,233.5593,126.4859,0,999,3197,0.00094491,0.0002176,0,4336988,0 NINJASAT,1 58341U 23174CP  24157.49950243  .00021760  00000-0  94491-3 0  9999,2 58341  97.4568 232.8230 0008509 233.5593 126.4859 15.22298128 31979,2023-174CP,58341,6877.048,94.594,504.764,493.061,0
GENERATED VIA SPACETRACK.ORG API,18 SPCS,58341,NINJASAT,PAYLOAD,U,23174CP,2024/6/5 13:33,269440,15.22301132,0.0008513,97.4569,232.8882,233.2724,126.7731,0,999,3198,0.00094334,0.00021725,0,4337216,0 NINJASAT,1 58341U 23174CP  24157.56523460  .00021725  00000-0  94334-3 0  9991,2 58341  97.4569 232.8882 0008513 233.2724 126.7731 15.22301132 31984,2023-174CP,58341,6877.039,94.594,504.758,493.049,0
GENERATED VIA SPACETRACK.ORG API,18 SPCS,58341,NINJASAT,PAYLOAD,U,23174CP,2024/6/5 19:52,221856,15.22311605,0.0008489,97.4568,233.149,232.406,127.6406,0,999,3202,0.000913,0.00021029,0,4337305,0 NINJASAT,1 58341U 23174CP  24157.82816229  .00021029  00000-0  91300-3 0  9995,2 58341  97.4568 233.1490 0008489 232.4060 127.6406 15.22311605 32029,2023-174CP,58341,6877.007,94.593,504.71,493.034,0
GENERATED VIA SPACETRACK.ORG API,18 SPCS,58341,NINJASAT,PAYLOAD,U,23174CP,2024/6/5 21:27,427776,15.22314441,0.0008515,97.4568,233.2142,232.1384,127.9082,0,999,3203,0.00092146,0.00021227,0,4337549,0 NINJASAT,1 58341U 23174CP  24157.89389384  .00021227  00000-0  92146-3 0  9998,2 58341  97.4568 233.2142 0008515 232.1384 127.9082 15.22314441 32035,2023-174CP,58341,6876.999,94.593,504.719,493.008,0
GENERATED VIA SPACETRACK.ORG API,18 SPCS,58341,NINJASAT,PAYLOAD,U,23174CP,2024/6/6 3:45,133952,15.22327471,0.0008533,97.4568,233.4752,231.1336,128.9139,0,999,3207,0.00099336,0.00022903,0,4337693,0 NINJASAT,1 58341U 23174CP  24158.15681868  .00022903  00000-0  99336-3 0  9990,2 58341  97.4568 233.4752 0008533 231.1336 128.9139 15.22327471 32075,2023-174CP,58341,6876.959,94.592,504.692,492.956,0
GENERATED VIA SPACETRACK.ORG API,18 SPCS,58341,NINJASAT,PAYLOAD,U,23174CP,2024/6/6 11:39,749696,15.22341879,0.0008582,97.4568,233.801,229.5913,130.4575,0,999,3212,0.00094559,0.00021804,0,4337945,0 NINJASAT,1 58341U 23174CP  24158.48547164  .00021804  00000-0  94559-3 0  9997,2 58341  97.4568 233.8010 0008582 229.5913 130.4575 15.22341879 32128,2023-174CP,58341,6876.916,94.591,504.683,492.879,0
GENERATED VIA SPACETRACK.ORG API,18 SPCS,58341,NINJASAT,PAYLOAD,U,23174CP,2024/6/6 13:13,838976,15.22346155,0.0008576,97.4568,233.8662,229.2401,130.8091,0,999,3213,0.00099326,0.00022913,0,4338168,0 NINJASAT,1 58341U 23174CP  24158.55120184  .00022913  00000-0  99326-3 0  9993,2 58341  97.4568 233.8662 0008576 229.2401 130.8091 15.22346155 32133,2023-174CP,58341,6876.903,94.591,504.666,492.87,0
GENERATED VIA SPACETRACK.ORG API,18 SPCS,58341,NINJASAT,PAYLOAD,U,23174CP,2024/6/6 14:48,912704,15.22349868,0.000858,97.4568,233.9314,228.9891,131.0604,0,999,3214,0.00099485,0.00022953,0,4338169,0 NINJASAT,1 58341U 23174CP  24158.61693186  .00022953  00000-0  99485-3 0  9997,2 58341  97.4568 233.9314 0008580 228.9891 131.0604 15.22349868 32140,2023-174CP,58341,6876.892,94.591,504.657,492.856,0
GENERATED VIA SPACETRACK.ORG API,18 SPCS,58341,NINJASAT,PAYLOAD,U,23174CP,2024/6/7 0:16,208192,15.22363986,0.0008564,97.4566,234.3229,227.4248,132.6267,0,999,3220,0.00088329,0.00020372,0,4338240,0 NINJASAT,1 58341U 23174CP  24159.01131028  .00020372  00000-0  88329-3 0  9992,2 58341  97.4566 234.3229 0008564 227.4248 132.6267 15.22363986 32206,2023-174CP,58341,6876.849,94.59,504.604,492.825,0
GENERATED VIA SPACETRACK.ORG API,18 SPCS,58341,NINJASAT,PAYLOAD,U,23174CP,2024/6/7 8:09,133600,15.22378144,0.0008603,97.4565,234.6488,226.2959,133.7565,0,999,3225,0.0008289,0.00019118,0,4338600,0 NINJASAT,1 58341U 23174CP  24159.33995525  .00019118  00000-0  82890-3 0  9990,2 58341  97.4565 234.6488 0008603 226.2959 133.7565 15.22378144 32255,2023-174CP,58341,6876.807,94.589,504.588,492.756,0
GENERATED VIA SPACETRACK.ORG API,18 SPCS,58341,NINJASAT,PAYLOAD,U,23174CP,2024/6/7 12:53,964256,15.22389407,0.0008639,97.4564,234.8443,225.4874,134.5657,0,999,3228,0.00099631,0.00023014,0,4338820,0 NINJASAT,1 58341U 23174CP  24159.53714079  .00023014  00000-0  99631-3 0  9996,2 58341  97.4564 234.8443 0008639 225.4874 134.5657 15.22389407 32281,2023-174CP,58341,6876.773,94.588,504.579,492.697,0
GENERATED VIA SPACETRACK.ORG API,18 SPCS,58341,NINJASAT,PAYLOAD,U,23174CP,2024/6/7 19:12,543776,15.2240457,0.0008654,97.4563,235.1054,224.3718,135.6825,0,999,3232,0.0011235,0.00025983,0,4338951,0 NINJASAT,1 58341U 23174CP  24159.80005259  .00025983  00000-0  11235-2 0  9999,2 58341  97.4563 235.1054 0008654 224.3718 135.6825 15.22404570 32327,2023-174CP,58341,6876.727,94.587,504.543,492.641,0
GENERATED VIA SPACETRACK.ORG API,18 SPCS,58341,NINJASAT,PAYLOAD,U,23174CP,2024/6/7 22:21,255776,15.22411317,0.0008639,97.4562,235.2358,223.8798,136.1753,0,999,3234,0.0011581,0.00026793,0,4339174,0 NINJASAT,1 58341U 23174CP  24159.93150759  .00026793  00000-0  11581-2 0  9993,2 58341  97.4562 235.2358 0008639 223.8798 136.1753 15.22411317 32344,2023-174CP,58341,6876.707,94.587,504.513,492.631,0
GENERATED VIA SPACETRACK.ORG API,18 SPCS,58341,NINJASAT,PAYLOAD,U,23174CP,2024/6/8 4:39,574368,15.22423336,0.000865,97.456,235.4967,223.143,136.9129,0,999,3238,0.0010956,0.00025347,0,4339204,0 NINJASAT,1 58341U 23174CP  24160.19441637  .00025347  00000-0  10956-2 0  9990,2 58341  97.4560 235.4967 0008650 223.1430 136.9129 15.22423336 32382,2023-174CP,58341,6876.671,94.586,504.484,492.587,0
GENERATED VIA SPACETRACK.ORG API,18 SPCS,58341,NINJASAT,PAYLOAD,U,23174CP,2024/6/8 12:33,363616,15.22440733,0.0008739,97.456,235.8226,221.8609,138.196,0,999,3243,0.0010813,0.00025028,0,4339644,0 NINJASAT,1 58341U 23174CP  24160.52304819  .00025028  00000-0  10813-2 0  9995,2 58341  97.4560 235.8226 0008739 221.8609 138.1960 15.22440733 32438,2023-174CP,58341,6876.618,94.585,504.493,492.474,0
GENERATED VIA SPACETRACK.ORG API,18 SPCS,58341,NINJASAT,PAYLOAD,U,23174CP,2024/6/8 14:07,90016,15.22444642,0.0008748,97.4559,235.8878,221.6446,138.4124,0,999,3244,0.0010894,0.0002522,0,4339667,0 NINJASAT,1 58341U 23174CP  24160.58877419  .00025220  00000-0  10894-2 0  9995,2 58341  97.4559 235.8878 0008748 221.6446 138.4124 15.22444642 32445,2023-174CP,58341,6876.606,94.585,504.487,492.456,0
GENERATED VIA SPACETRACK.ORG API,18 SPCS,58341,NINJASAT,PAYLOAD,U,23174CP,2024/6/8 20:26,870336,15.22456374,0.0008775,97.4559,236.1489,220.8076,139.2504,0,999,3248,0.0010131,0.00023451,0,4339799,0 NINJASAT,1 58341U 23174CP  24160.85167674  .00023451  00000-0  10131-2 0  9998,2 58341  97.4559 236.1489 0008775 220.8076 139.2504 15.22456374 32487,2023-174CP,58341,6876.571,94.584,504.47,492.402,0
GENERATED VIA SPACETRACK.ORG API,18 SPCS,58341,NINJASAT,PAYLOAD,U,23174CP,2024/6/8 22:01,544032,15.22459119,0.0008775,97.4558,236.2142,220.6164,139.4418,0,999,3249,0.001015,0.00023497,0,4340103,0 NINJASAT,1 58341U 23174CP  24160.91740213  .00023497  00000-0  10150-2 0  9992,2 58341  97.4558 236.2142 0008775 220.6164 139.4418 15.22459119 32496,2023-174CP,58341,6876.563,94.584,504.462,492.394,0
GENERATED VIA SPACETRACK.ORG API,18 SPCS,58341,NINJASAT,PAYLOAD,U,23174CP,2024/6/9 4:19,113536,15.22470071,0.0008794,97.4558,236.475,219.9065,140.1526,0,999,3253,0.00091494,0.00021174,0,4340240,0 NINJASAT,1 58341U 23174CP  24161.18030224  .00021174  00000-0  91494-3 0  9997,2 58341  97.4558 236.4750 0008794 219.9065 140.1526 15.22470071 32539,2023-174CP,58341,6876.53,94.583,504.442,492.348,0
GENERATED VIA SPACETRACK.ORG API,18 SPCS,58341,NINJASAT,PAYLOAD,U,23174CP,2024/6/9 12:12,71616,15.22484866,0.0008876,97.4558,236.8009,218.723,141.3371,0,999,3258,0.00094424,0.00021866,0,4340478,0 NINJASAT,1 58341U 23174CP  24161.50892444  .00021866  00000-0  94424-3 0  9997,2 58341  97.4558 236.8009 0008876 218.7230 141.3371 15.22484866 32585,2023-174CP,58341,6876.485,94.582,504.454,492.247,0
GENERATED VIA SPACETRACK.ORG API,18 SPCS,58341,NINJASAT,PAYLOAD,U,23174CP,2024/6/9 13:47,636448,15.22488155,0.0008886,97.4558,236.8661,218.4911,141.5692,0,999,3259,0.00095594,0.00022141,0,4340710,0 NINJASAT,1 58341U 23174CP  24161.57464857  .00022141  00000-0  95594-3 0  9993,2 58341  97.4558 236.8661 0008886 218.4911 141.5692 15.22488155 32597,2023-174CP,58341,6876.475,94.582,504.451,492.23,0
GENERATED VIA SPACETRACK.ORG API,18 SPCS,58341,NINJASAT,PAYLOAD,U,23174CP,2024/6/9 20:06,806784,15.22499196,0.0008905,97.4557,237.1272,217.3941,142.6676,0,999,3263,0.0009918,0.00022985,0,4340821,0 NINJASAT,1 58341U 23174CP  24161.83754406  .00022985  00000-0  99180-3 0  9995,2 58341  97.4557 237.1272 0008905 217.3941 142.6676 15.22499196 32637,2023-174CP,58341,6876.442,94.581,504.431,492.184,0
GENERATED VIA SPACETRACK.ORG API,18 SPCS,58341,NINJASAT,PAYLOAD,U,23174CP,2024/6/9 21:40,324960,15.22501735,0.0008899,97.4557,237.1924,217.1907,142.8714,0,999,3264,0.001005,0.00023294,0,4341001,0 NINJASAT,1 58341U 23174CP  24161.90326765  .00023294  00000-0  10050-2 0  9998,2 58341  97.4557 237.1924 0008899 217.1907 142.8714 15.22501735 32642,2023-174CP,58341,6876.434,94.581,504.419,492.18,0
GENERATED VIA SPACETRACK.ORG API,18 SPCS,58341,NINJASAT,PAYLOAD,U,23174CP,2024/6/10 3:59,249920,15.22513316,0.0008904,97.4556,237.4532,216.409,143.6541,0,999,3268,0.00095766,0.00022198,0,4341115,0 NINJASAT,1 58341U 23174CP  24162.16616030  .00022198  00000-0  95766-3 0  9994,2 58341  97.4556 237.4532 0008904 216.4090 143.6541 15.22513316 32680,2023-174CP,58341,6876.4,94.58,504.387,492.142,0
GENERATED VIA SPACETRACK.ORG API,18 SPCS,58341,NINJASAT,PAYLOAD,U,23174CP,2024/6/10 11:52,444224,15.22525745,0.0008959,97.4556,237.779,215.0703,144.9945,0,999,3273,0.00089247,0.00020686,0,4341455,0 NINJASAT,1 58341U 23174CP  24162.49477366  .00020686  00000-0  89247-3 0  9994,2 58341  97.4556 237.7790 0008959 215.0703 144.9945 15.22525745 32732,2023-174CP,58341,6876.362,94.58,504.388,492.067,0
GENERATED VIA SPACETRACK.ORG API,18 SPCS,58341,NINJASAT,PAYLOAD,U,23174CP,2024/6/10 13:27,858720,15.22529043,0.0008964,97.4556,237.8442,214.8058,145.2593,0,999,3274,0.00091656,0.0002125,0,4341678,0 NINJASAT,1 58341U 23174CP  24162.56049605  .00021250  00000-0  91656-3 0  9998,2 58341  97.4556 237.8442 0008964 214.8058 145.2593 15.22529043 32742,2023-174CP,58341,6876.352,94.579,504.381,492.053,0
GENERATED VIA SPACETRACK.ORG API,18 SPCS,58341,NINJASAT,PAYLOAD,U,23174CP,2024/6/10 19:45,392288,15.22541794,0.0008971,97.4556,238.1052,213.6814,146.3853,0,999,3278,0.0010131,0.00023511,0,4341769,0 NINJASAT,1 58341U 23174CP  24162.82338417  .00023511  00000-0  10131-2 0  9999,2 58341  97.4556 238.1052 0008971 213.6814 146.3853 15.22541794 32780,2023-174CP,58341,6876.314,94.579,504.348,492.01,0
GENERATED VIA SPACETRACK.ORG API,18 SPCS,58341,NINJASAT,PAYLOAD,U,23174CP,2024/6/10 21:20,737664,15.22545405,0.0008967,97.4556,238.1703,213.5627,146.5042,0,999,3279,0.00099786,0.00023158,0,4341979,0 NINJASAT,1 58341U 23174CP  24162.88910576  .00023158  00000-0  99786-3 0  9998,2 58341  97.4556 238.1703 0008967 213.5627 146.5042 15.22545405 32795,2023-174CP,58341,6876.303,94.578,504.334,492.002,0
GENERATED VIA SPACETRACK.ORG API,18 SPCS,58341,NINJASAT,PAYLOAD,U,23174CP,2024/6/11 3:38,75104,15.22557163,0.0008966,97.4556,238.4314,212.6274,147.4409,0,999,3283,0.0010967,0.00025476,0,4342044,0 NINJASAT,1 58341U 23174CP  24163.15199161  .00025476  00000-0  10967-2 0  9996,2 58341  97.4556 238.4314 0008966 212.6274 147.4409 15.22557163 32839,2023-174CP,58341,6876.268,94.578,504.298,491.967,0
GENERATED VIA SPACETRACK.ORG API,18 SPCS,58341,NINJASAT,PAYLOAD,U,23174CP,2024/6/11 13:06,672160,15.22575115,0.0009025,97.4556,238.8224,210.9751,149.0954,0,999,3289,0.0010464,0.00024313,0,4342306,0 NINJASAT,1 58341U 23174CP  24163.54631565  .00024313  00000-0  10464-2 0  9999,2 58341  97.4556 238.8224 0009025 210.9751 149.0954 15.22575115 32897,2023-174CP,58341,6876.214,94.577,504.284,491.873,0
GENERATED VIA SPACETRACK.ORG API,18 SPCS,58341,NINJASAT,PAYLOAD,U,23174CP,2024/6/12 4:53,642432,15.22597868,0.0009035,97.4554,239.4749,208.4207,151.6538,0,999,3299,0.00081081,0.00018822,0,4342549,0 NINJASAT,1 58341U 23174CP  24164.20351438  .00018822  00000-0  81081-3 0  9993,2 58341  97.4554 239.4749 0009035 208.4207 151.6538 15.22597868 32990,2023-174CP,58341,6876.145,94.575,504.223,491.797,0
GENERATED VIA SPACETRACK.ORG API,18 SPCS,58341,NINJASAT,PAYLOAD,U,23174CP,2024/6/12 4:53,642432,15.22597868,0.0009035,97.4554,239.4749,208.4207,151.6538,0,999,3299,0.00081081,0.00018822,0,4343257,0 NINJASAT,1 58341U 23174CP  24164.20351438  .00018822  00000-0  81081-3 0  9993,2 58341  97.4554 239.4749 0009035 208.4207 151.6538 15.22597868 32990,2023-174CP,58341,6876.145,94.575,504.223,491.797,0
GENERATED VIA SPACETRACK.ORG API,18 SPCS,58341,NINJASAT,PAYLOAD,U,23174CP,2024/6/12 11:11,142656,15.22607961,0.0009085,97.4555,239.7355,207.5116,152.564,0,999,3303,0.0008114,0.00018842,0,4343063,0 NINJASAT,1 58341U 23174CP  24164.46639054  .00018842  00000-0  81140-3 0  9992,2 58341  97.4555 239.7355 0009085 207.5116 152.5640 15.22607961 33037,2023-174CP,58341,6876.115,94.575,504.227,491.733,0
GENERATED VIA SPACETRACK.ORG API,18 SPCS,58341,NINJASAT,PAYLOAD,U,23174CP,2024/6/12 19:04,640064,15.2261731,0.00091,97.4555,240.0617,206.3845,153.6929,0,999,3308,0.00072239,0.00016767,0,4343369,0 NINJASAT,1 58341U 23174CP  24164.79498426  .00016767  00000-0  72239-3 0  9997,2 58341  97.4555 240.0617 0009100 206.3845 153.6929 15.22617310 33083,2023-174CP,58341,6876.087,94.574,504.209,491.694,0
GENERATED VIA SPACETRACK.ORG API,18 SPCS,58341,NINJASAT,PAYLOAD,U,23174CP,2024/6/12 20:39,702912,15.22619862,0.0009114,97.4555,240.1269,206.2123,153.8653,0,999,3309,0.00073174,0.00016987,0,4343479,0 NINJASAT,1 58341U 23174CP  24164.86070258  .00016987  00000-0  73174-3 0  9997,2 58341  97.4555 240.1269 0009114 206.2123 153.8653 15.22619862 33091,2023-174CP,58341,6876.079,94.574,504.211,491.677,0
GENERATED VIA SPACETRACK.ORG API,18 SPCS,58341,NINJASAT,PAYLOAD,U,23174CP,2024/6/13 4:32,960992,15.22629137,0.0009155,97.4554,240.453,205.1298,154.9494,0,999,3314,0.00066068,0.00015331,0,4343527,0 NINJASAT,1 58341U 23174CP  24165.18929353  .00015331  00000-0  66068-3 0  9998,2 58341  97.4554 240.4530 0009155 205.1298 154.9494 15.22629137 33147,2023-174CP,58341,6876.051,94.573,504.211,491.621,0
GENERATED VIA SPACETRACK.ORG API,18 SPCS,58341,NINJASAT,PAYLOAD,U,23174CP,2024/6/13 10:51,16256,15.22637893,0.0009167,97.4554,240.7139,204.237,155.8437,0,999,3318,0.0006881,0.00015976,0,4343819,0 NINJASAT,1 58341U 23174CP  24165.45216454  .00015976  00000-0  68810-3 0  9991,2 58341  97.4554 240.7139 0009167 204.2370 155.8437 15.22637893 33188,2023-174CP,58341,6876.025,94.573,504.193,491.586,0
GENERATED VIA SPACETRACK.ORG API,18 SPCS,58341,NINJASAT,PAYLOAD,U,23174CP,2024/6/13 14:00,3712,15.22641326,0.0009193,97.4554,240.8443,203.9018,156.1792,0,999,3320,0.00065978,0.00015316,0,4344164,0 NINJASAT,1 58341U 23174CP  24165.58359958  .00015316  00000-0  65978-3 0  9992,2 58341  97.4554 240.8443 0009193 203.9018 156.1792 15.22641326 33208,2023-174CP,58341,6876.014,94.573,504.2,491.558,0
GENERATED VIA SPACETRACK.ORG API,18 SPCS,58341,NINJASAT,PAYLOAD,U,23174CP,2024/6/13 21:53,840160,15.22651308,0.0009215,97.4554,241.1704,202.8122,157.2706,0,999,3325,0.00065191,0.00015137,0,4344167,0 NINJASAT,1 58341U 23174CP  24165.91218565  .00015137  00000-0  65191-3 0  9995,2 58341  97.4554 241.1704 0009215 202.8122 157.2706 15.22651308 33254,2023-174CP,58341,6875.984,94.572,504.185,491.513,0
GENERATED VIA SPACETRACK.ORG API,18 SPCS,58341,NINJASAT,PAYLOAD,U,23174CP,2024/6/14 13:39,944544,15.22672996,0.0009284,97.4554,241.8224,200.7292,159.3569,0,999,3335,0.0007083,0.00016466,0,4344169,0 NINJASAT,1 58341U 23174CP  24166.56935121  .00016466  00000-0  70830-3 0  9993,2 58341  97.4554 241.8224 0009284 200.7292 159.3569 15.22672996 33356,2023-174CP,58341,6875.919,94.571,504.167,491.4,0
GENERATED VIA SPACETRACK.ORG API,18 SPCS,58341,NINJASAT,PAYLOAD,U,23174CP,2024/6/14 19:58,376864,15.22680906,0.0009315,97.4555,242.0833,199.8791,160.2084,0,999,3339,0.00069767,0.00016221,0,4344170,0 NINJASAT,1 58341U 23174CP  24166.83221501  .00016221  00000-0  69767-3 0  9999,2 58341  97.4555 242.0833 0009315 199.8791 160.2084 15.22680906 33390,2023-174CP,58341,6875.895,94.57,504.165,491.355,0
GENERATED VIA SPACETRACK.ORG API,18 SPCS,58341,NINJASAT,PAYLOAD,U,23174CP,2024/6/15 13:19,88256,15.22707714,0.0009384,97.4557,242.8007,197.1926,162.8994,0,999,3350,0.00079772,0.00018578,0,4344172,0 NINJASAT,1 58341U 23174CP  24167.55508204  .00018578  00000-0  79772-3 0  9991,2 58341  97.4557 242.8007 0009384 197.1926 162.8994 15.22707714 33508,2023-174CP,58341,6875.814,94.568,504.132,491.227,0
GENERATED VIA SPACETRACK.ORG API,18 SPCS,58341,NINJASAT,PAYLOAD,U,23174CP,2024/6/15 21:12,655488,15.22722125,0.0009412,97.4558,243.1267,195.9957,164.0984,0,999,3355,0.00086816,0.00020238,0,4344173,0 NINJASAT,1 58341U 23174CP  24167.88365342  .00020238  00000-0  86816-3 0  9994,2 58341  97.4558 243.1267 0009412 195.9957 164.0984 15.22722125 33554,2023-174CP,58341,6875.771,94.567,504.107,491.165,0
GENERATED VIA SPACETRACK.ORG API,18 SPCS,58341,NINJASAT,PAYLOAD,U,23174CP,2024/6/16 12:58,141952,15.22745002,0.0009461,97.4561,243.7788,193.5652,166.5332,0,999,3365,0.00080517,0.00018774,0,4344175,0 NINJASAT,1 58341U 23174CP  24168.54078868  .00018774  00000-0  80517-3 0  9996,2 58341  97.4561 243.7788 0009461 193.5652 166.5332 15.22745002 33656,2023-174CP,58341,6875.702,94.566,504.072,491.062,0
GENERATED VIA SPACETRACK.ORG API,18 SPCS,58341,NINJASAT,PAYLOAD,U,23174CP,2024/6/16 22:26,583168,15.22759171,0.0009495,97.4562,244.1701,192.0672,168.0338,0,999,3371,0.00076951,0.00017945,0,4344176,0 NINJASAT,1 58341U 23174CP  24168.93506462  .00017945  00000-0  76951-3 0  9991,2 58341  97.4562 244.1701 0009495 192.0672 168.0338 15.22759171 33712,2023-174CP,58341,6875.659,94.565,504.053,490.996,0
GENERATED VIA SPACETRACK.ORG API,18 SPCS,58341,NINJASAT,PAYLOAD,U,23174CP,2024/6/17 18:56,76064,15.22785806,0.0009568,97.4562,245.0179,189.201,170.9053,0,999,3384,0.00067619,0.00015768,0,4344228,0 NINJASAT,1 58341U 23174CP  24169.78931801  .00015768  00000-0  67619-3 0  9996,2 58341  97.4562 245.0179 0009568 189.2010 170.9053 15.22785806 33840,2023-174CP,58341,6875.579,94.564,504.023,490.866,0
GENERATED VIA SPACETRACK.ORG API,18 SPCS,58341,NINJASAT,PAYLOAD,U,23174CP,2024/6/17 20:31,515968,15.22788137,0.0009576,97.4562,245.0832,189.0063,171.1003,0,999,3385,0.00068471,0.0001597,0,4344470,0 NINJASAT,1 58341U 23174CP  24169.85502912  .00015970  00000-0  68471-3 0  9993,2 58341  97.4562 245.0832 0009576 189.0063 171.1003 15.22788137 33850,2023-174CP,58341,6875.572,94.563,504.021,490.853,0
GENERATED VIA SPACETRACK.ORG API,18 SPCS,58341,NINJASAT,PAYLOAD,U,23174CP,2024/6/18 2:49,236704,15.22796073,0.000962,97.4562,245.344,188.136,171.9722,0,999,3389,0.00067327,0.00015705,0,4344551,0 NINJASAT,1 58341U 23174CP  24170.11787311  .00015705  00000-0  67327-3 0  9997,2 58341  97.4562 245.3440 0009620 188.1360 171.9722 15.22796073 33896,2023-174CP,58341,6875.548,94.563,504.028,490.799,0
GENERATED VIA SPACETRACK.ORG API,18 SPCS,58341,NINJASAT,PAYLOAD,U,23174CP,2024/6/18 10:42,181344,15.22806435,0.0009644,97.4562,245.6702,187.2313,172.8786,0,999,3394,0.00068398,0.00015961,0,4344898,0 NINJASAT,1 58341U 23174CP  24170.44642571  .00015961  00000-0  68398-3 0  9994,2 58341  97.4562 245.6702 0009644 187.2313 172.8786 15.22806435 33944,2023-174CP,58341,6875.517,94.562,504.013,490.751,0
GENERATED VIA SPACETRACK.ORG API,18 SPCS,58341,NINJASAT,PAYLOAD,U,23174CP,2024/6/18 13:52,915136,15.22810908,0.0009648,97.4563,245.8006,186.8592,173.2514,0,999,3396,0.0006961,0.00016248,0,4345144,0 NINJASAT,1 58341U 23174CP  24170.57784624  .00016248  00000-0  69610-3 0  9991,2 58341  97.4563 245.8006 0009648 186.8592 173.2514 15.22810908 33968,2023-174CP,58341,6875.504,94.562,504.002,490.735,0
GENERATED VIA SPACETRACK.ORG API,18 SPCS,58341,NINJASAT,PAYLOAD,U,23174CP,2024/6/18 18:35,965280,15.22816663,0.0009674,97.4563,245.9962,186.2256,173.8861,0,999,3399,0.00068229,0.00015927,0,4345228,0 NINJASAT,1 58341U 23174CP  24170.77497645  .00015927  00000-0  68229-3 0  9995,2 58341  97.4563 245.9962 0009674 186.2256 173.8861 15.22816663 33998,2023-174CP,58341,6875.486,94.562,504.003,490.7,0
GENERATED VIA SPACETRACK.ORG API,18 SPCS,58341,NINJASAT,PAYLOAD,U,23174CP,2024/6/18 21:45,622176,15.22820213,0.0009691,97.4563,246.1267,185.8179,174.2947,0,999,3401,0.00066946,0.00015627,0,4345420,0 NINJASAT,1 58341U 23174CP  24170.90639609  .00015627  00000-0  66946-3 0  9999,2 58341  97.4563 246.1267 0009691 185.8179 174.2947 15.22820213 34017,2023-174CP,58341,6875.476,94.561,504.004,490.678,0
GENERATED VIA SPACETRACK.ORG API,18 SPCS,58341,NINJASAT,PAYLOAD,U,23174CP,2024/6/19 4:03,850432,15.22827902,0.0009719,97.4563,246.3876,184.9304,175.1838,0,999,3405,0.00063909,0.00014917,0,4345521,0 NINJASAT,1 58341U 23174CP  24171.16923438  .00014917  00000-0  63909-3 0  9991,2 58341  97.4563 246.3876 0009719 184.9304 175.1838 15.22827902 34051,2023-174CP,58341,6875.453,94.561,504,490.635,0
GENERATED VIA SPACETRACK.ORG API,18 SPCS,58341,NINJASAT,PAYLOAD,U,23174CP,2024/6/19 11:56,204096,15.22837859,0.0009734,97.4564,246.7137,183.8644,176.2519,0,999,3410,0.00064195,0.00014989,0,4345813,0 NINJASAT,1 58341U 23174CP  24171.49778014  .00014989  00000-0  64195-3 0  9992,2 58341  97.4564 246.7137 0009734 183.8644 176.2519 15.22837859 34104,2023-174CP,58341,6875.423,94.56,503.98,490.595,0
GENERATED VIA SPACETRACK.ORG API,18 SPCS,58341,NINJASAT,PAYLOAD,U,23174CP,2024/6/19 13:31,453920,15.22840039,0.0009741,97.4564,246.7789,183.654,176.4627,0,999,3411,0.00064377,0.00015032,0,4346095,0 NINJASAT,1 58341U 23174CP  24171.56348905  .00015032  00000-0  64377-3 0  9994,2 58341  97.4564 246.7789 0009741 183.6540 176.4627 15.22840039 34115,2023-174CP,58341,6875.416,94.56,503.978,490.584,0
GENERATED VIA SPACETRACK.ORG API,18 SPCS,58341,NINJASAT,PAYLOAD,U,23174CP,2024/6/19 19:49,372000,15.22846984,0.0009763,97.4564,247.0398,182.7391,177.3794,0,999,3415,0.00058872,0.00013741,0,4346214,0 NINJASAT,1 58341U 23174CP  24171.82632375  .00013741  00000-0  58872-3 0  9998,2 58341  97.4564 247.0398 0009763 182.7391 177.3794 15.22846984 34157,2023-174CP,58341,6875.395,94.56,503.973,490.548,0
GENERATED VIA SPACETRACK.ORG API,18 SPCS,58341,NINJASAT,PAYLOAD,U,23174CP,2024/6/19 21:24,588128,15.22848698,0.0009775,97.4565,247.105,182.5302,177.5887,0,999,3416,0.00058336,0.00013616,0,4346387,0 NINJASAT,1 58341U 23174CP  24171.89203227  .00013616  00000-0  58336-3 0  9991,2 58341  97.4565 247.1050 0009775 182.5302 177.5887 15.22848698 34167,2023-174CP,58341,6875.39,94.56,503.976,490.534,0
GENERATED VIA SPACETRACK.ORG API,18 SPCS,58341,NINJASAT,PAYLOAD,U,23174CP,2024/6/20 3:43,374016,15.22856399,0.0009812,97.4565,247.3659,181.6221,178.4985,0,999,3420,0.00056634,0.00013219,0,4346492,0 NINJASAT,1 58341U 23174CP  24172.15486544  .00013219  00000-0  56634-3 0  9994,2 58341  97.4565 247.3659 0009812 181.6221 178.4985 15.22856399 34207,2023-174CP,58341,6875.367,94.559,503.978,490.486,0
GENERATED VIA SPACETRACK.ORG API,18 SPCS,58341,NINJASAT,PAYLOAD,U,23174CP,2024/6/20 13:10,292352,15.22869836,0.0009837,97.4565,247.7572,180.2181,179.9053,0,999,3426,0.00061408,0.00014347,0,4346663,0 NINJASAT,1 58341U 23174CP  24172.54911218  .00014347  00000-0  61408-3 0  9996,2 58341  97.4565 247.7572 0009837 180.2181 179.9053 15.22869836 34260,2023-174CP,58341,6875.326,94.558,503.955,490.428,0
GENERATED VIA SPACETRACK.ORG API,18 SPCS,58341,NINJASAT,PAYLOAD,U,23174CP,2024/6/20 21:03,862368,15.22879087,0.0009872,97.4566,248.0835,179.1313,180.9942,0,999,3431,0.00057647,0.00013467,0,4347274,0 NINJASAT,1 58341U 23174CP  24172.87764887  .00013467  00000-0  57647-3 0  9992,2 58341  97.4566 248.0835 0009872 179.1313 180.9942 15.22879087 34314,2023-174CP,58341,6875.299,94.558,503.951,490.376,0
GENERATED VIA SPACETRACK.ORG API,18 SPCS,58341,NINJASAT,PAYLOAD,U,23174CP,2024/6/20 22:38,962720,15.22880878,0.000988,97.4566,248.1487,178.807,181.3192,0,999,3432,0.00057638,0.00013465,0,4346850,0 NINJASAT,1 58341U 23174CP  24172.94335605  .00013465  00000-0  57638-3 0  9990,2 58341  97.4566 248.1487 0009880 178.8070 181.3192 15.22880878 34326,2023-174CP,58341,6875.293,94.558,503.951,490.365,0
GENERATED VIA SPACETRACK.ORG API,18 SPCS,58341,NINJASAT,PAYLOAD,U,23174CP,2024/6/21 4:56,243168,15.22890445,0.0009904,97.4565,248.4097,177.8609,182.2672,0,999,3436,0.00061236,0.00014316,0,4347398,0 NINJASAT,1 58341U 23174CP  24173.20618337  .00014316  00000-0  61236-3 0  9991,2 58341  97.4565 248.4097 0009904 177.8609 182.2672 15.22890445 34367,2023-174CP,58341,6875.264,94.557,503.939,490.32,0
GENERATED VIA SPACETRACK.ORG API,18 SPCS,58341,NINJASAT,PAYLOAD,U,23174CP,2024/6/21 11:15,413888,15.22898192,0.0009916,97.4565,248.6705,176.9556,183.1742,0,999,3440,0.00062194,0.00014545,0,4347630,0 NINJASAT,1 58341U 23174CP  24173.46900942  .00014545  00000-0  62194-3 0  9993,2 58341  97.4565 248.6705 0009916 176.9556 183.1742 15.22898192 34409,2023-174CP,58341,6875.241,94.557,503.924,490.289,0
GENERATED VIA SPACETRACK.ORG API,18 SPCS,58341,NINJASAT,PAYLOAD,U,23174CP,2024/6/21 12:49,439936,15.22901049,0.0009924,97.4565,248.7357,176.7826,183.3477,0,999,3441,0.0006548,0.0001532,0,4347757,0 NINJASAT,1 58341U 23174CP  24173.53471574  .00015320  00000-0  65480-3 0  9998,2 58341  97.4565 248.7357 0009924 176.7826 183.3477 15.22901049 34414,2023-174CP,58341,6875.232,94.556,503.92,490.274,0
GENERATED VIA SPACETRACK.ORG API,18 SPCS,58341,NINJASAT,PAYLOAD,U,23174CP,2024/6/21 19:08,481920,15.2290823,0.0009943,97.4564,248.9967,175.8832,184.2488,0,999,3445,0.00062301,0.00014575,0,4347811,0 NINJASAT,1 58341U 23174CP  24173.79754030  .00014575  00000-0  62301-3 0  9997,2 58341  97.4564 248.9967 0009943 175.8832 184.2488 15.22908230 34455,2023-174CP,58341,6875.211,94.556,503.912,490.24,0
GENERATED VIA SPACETRACK.ORG API,18 SPCS,58341,NINJASAT,PAYLOAD,U,23174CP,2024/6/21 20:43,482912,15.22909251,0.0009954,97.4564,249.062,175.6656,184.4669,0,999,3446,0.00059952,0.00014022,0,4347990,0 NINJASAT,1 58341U 23174CP  24173.86324633  .00014022  00000-0  59952-3 0  9992,2 58341  97.4564 249.0620 0009954 175.6656 184.4669 15.22909251 34465,2023-174CP,58341,6875.208,94.556,503.916,490.229,0
GENERATED VIA SPACETRACK.ORG API,18 SPCS,58341,NINJASAT,PAYLOAD,U,23174CP,2024/6/22 4:36,335808,15.22918568,0.0009981,97.4563,249.3881,174.625,185.5096,0,999,3451,0.00057924,0.00013548,0,4348132,0 NINJASAT,1 58341U 23174CP  24174.19177472  .00013548  00000-0  57924-3 0  9995,2 58341  97.4563 249.3881 0009981 174.6250 185.5096 15.22918568 34518,2023-174CP,58341,6875.18,94.555,503.907,490.183,0
GENERATED VIA SPACETRACK.ORG API,18 SPCS,58341,NINJASAT,PAYLOAD,U,23174CP,2024/6/22 10:54,102176,15.22925733,0.0009999,97.4562,249.649,173.8568,186.2793,0,999,3455,0.00059693,0.00013968,0,4348395,0 NINJASAT,1 58341U 23174CP  24174.45459609  .00013968  00000-0  59693-3 0  9990,2 58341  97.4562 249.6490 0009999 173.8568 186.2793 15.22925733 34556,2023-174CP,58341,6875.158,94.555,503.898,490.149,0
GENERATED VIA SPACETRACK.ORG API,18 SPCS,58341,NINJASAT,PAYLOAD,U,23174CP,2024/6/22 12:29,33184,15.22927803,0.0010008,97.4562,249.7142,173.6552,186.4813,0,999,3456,0.00061094,0.00014299,0,4348629,0 NINJASAT,1 58341U 23174CP  24174.52030131  .00014299  00000-0  61094-3 0  9999,2 58341  97.4562 249.7142 0010008 173.6552 186.4813 15.22927803 34561,2023-174CP,58341,6875.152,94.555,503.898,490.136,0
GENERATED VIA SPACETRACK.ORG API,18 SPCS,58341,NINJASAT,PAYLOAD,U,23174CP,2024/6/22 20:22,557760,15.22937259,0.0010035,97.4561,250.0404,172.746,187.3923,0,999,3461,0.00062075,0.00014534,0,4348719,0 NINJASAT,1 58341U 23174CP  24174.84882590  .00014534  00000-0  62075-3 0  9990,2 58341  97.4561 250.0404 0010035 172.7460 187.3923 15.22937259 34618,2023-174CP,58341,6875.123,94.554,503.888,490.089,0
GENERATED VIA SPACETRACK.ORG API,18 SPCS,58341,NINJASAT,PAYLOAD,U,23174CP,2024/6/22 21:56,452480,15.22938717,0.001004,97.456,250.1056,172.5203,187.6185,0,999,3462,0.00061631,0.0001443,0,4348886,0 NINJASAT,1 58341U 23174CP  24174.91453070  .00014430  00000-0  61631-3 0  9997,2 58341  97.4560 250.1056 0010040 172.5203 187.6185 15.22938717 34624,2023-174CP,58341,6875.119,94.554,503.887,490.081,0
GENERATED VIA SPACETRACK.ORG API,18 SPCS,58341,NINJASAT,PAYLOAD,U,23174CP,2024/6/23 4:15,917312,15.22946022,0.0010067,97.4559,250.3666,171.6711,188.4695,0,999,3466,0.00059757,0.00013992,0,4348989,0 NINJASAT,1 58341U 23174CP  24175.17734858  .00013992  00000-0  59757-3 0  9990,2 58341  97.4559 250.3666 0010067 171.6711 188.4695 15.22946022 34661,2023-174CP,58341,6875.097,94.554,503.883,490.041,0
GENERATED VIA SPACETRACK.ORG API,18 SPCS,58341,NINJASAT,PAYLOAD,U,23174CP,2024/6/23 10:33,271552,15.2295371,0.0010091,97.4558,250.6275,170.9346,189.2075,0,999,3470,0.00062934,0.00014744,0,4349235,0 NINJASAT,1 58341U 23174CP  24175.44016518  .00014744  00000-0  62934-3 0  9993,2 58341  97.4558 250.6275 0010091 170.9346 189.2075 15.22953710 34700,2023-174CP,58341,6875.074,94.553,503.877,490.001,0
GENERATED VIA SPACETRACK.ORG API,18 SPCS,58341,NINJASAT,PAYLOAD,U,23174CP,2024/6/23 13:43,895104,15.22959267,0.0010091,97.4558,250.758,170.5575,189.5853,0,999,3472,0.0006869,0.00016105,0,4349479,0 NINJASAT,1 58341U 23174CP  24175.57157286  .00016105  00000-0  68690-3 0  9993,2 58341  97.4558 250.7580 0010091 170.5575 189.5853 15.22959267 34722,2023-174CP,58341,6875.057,94.553,503.86,489.985,0
GENERATED VIA SPACETRACK.ORG API,18 SPCS,58341,NINJASAT,PAYLOAD,U,23174CP,2024/6/23 20:01,62720,15.22967722,0.0010118,97.4557,251.0189,169.79,190.3544,0,999,3476,0.0007061,0.00016562,0,4349555,0 NINJASAT,1 58341U 23174CP  24175.83438730  .00016562  00000-0  70610-3 0  9990,2 58341  97.4557 251.0189 0010118 169.7900 190.3544 15.22967722 34768,2023-174CP,58341,6875.032,94.552,503.853,489.941,0
GENERATED VIA SPACETRACK.ORG API,18 SPCS,58341,NINJASAT,PAYLOAD,U,23174CP,2024/6/23 21:36,847712,15.22969039,0.0010128,97.4557,251.0842,169.5803,190.5645,0,999,3477,0.00069162,0.00016221,0,4349781,0 NINJASAT,1 58341U 23174CP  24175.90009083  .00016221  00000-0  69162-3 0  9995,2 58341  97.4557 251.0842 0010128 169.5803 190.5645 15.22969039 34773,2023-174CP,58341,6875.028,94.552,503.856,489.93,0
GENERATED VIA SPACETRACK.ORG API,18 SPCS,58341,NINJASAT,PAYLOAD,U,23174CP,2024/6/24 3:54,863264,15.22977758,0.0010136,97.4556,251.3452,168.6665,191.4801,0,999,3481,0.00069788,0.00016373,0,4349880,0 NINJASAT,1 58341U 23174CP  24176.16290351  .00016373  00000-0  69788-3 0  9996,2 58341  97.4556 251.3452 0010136 168.6665 191.4801 15.22977758 34813,2023-174CP,58341,6875.002,94.552,503.835,489.898,0
GENERATED VIA SPACETRACK.ORG API,18 SPCS,58341,NINJASAT,PAYLOAD,U,23174CP,2024/6/24 11:47,444352,15.2298769,0.0010145,97.4556,251.6714,167.5487,192.6002,0,999,3486,0.00068478,0.00016068,0,4350142,0 NINJASAT,1 58341U 23174CP  24176.49141718  .00016068  00000-0  68478-3 0  9990,2 58341  97.4556 251.6714 0010145 167.5487 192.6002 15.22987690 34864,2023-174CP,58341,6874.972,94.551,503.811,489.862,0
GENERATED VIA SPACETRACK.ORG API,18 SPCS,58341,NINJASAT,PAYLOAD,U,23174CP,2024/6/24 13:22,135168,15.22990017,0.0010151,97.4556,251.7366,167.3321,192.8172,0,999,3487,0.00068569,0.00016091,0,4350351,0 NINJASAT,1 58341U 23174CP  24176.55711962  .00016091  00000-0  68569-3 0  9998,2 58341  97.4556 251.7366 0010151 167.3321 192.8172 15.22990017 34878,2023-174CP,58341,6874.965,94.551,503.808,489.851,0
GENERATED VIA SPACETRACK.ORG API,18 SPCS,58341,NINJASAT,PAYLOAD,U,23174CP,2024/6/24 19:40,819808,15.22998713,0.0010169,97.4556,251.9976,166.4375,193.7136,0,999,3491,0.00067508,0.00015845,0,4350369,0 NINJASAT,1 58341U 23174CP  24176.81992847  .00015845  00000-0  67508-3 0  9998,2 58341  97.4556 251.9976 0010169 166.4375 193.7136 15.22998713 34911,2023-174CP,58341,6874.938,94.55,503.795,489.812,0
GENERATED VIA SPACETRACK.ORG API,18 SPCS,58341,NINJASAT,PAYLOAD,U,23174CP,2024/6/24 21:15,473472,15.23000709,0.0010175,97.4556,252.0628,166.1937,193.958,0,999,3492,0.00067331,0.00015804,0,4350598,0 NINJASAT,1 58341U 23174CP  24176.88563048  .00015804  00000-0  67331-3 0  9991,2 58341  97.4556 252.0628 0010175 166.1937 193.9580 15.23000709 34921,2023-174CP,58341,6874.932,94.55,503.793,489.802,0
GENERATED VIA SPACETRACK.ORG API,18 SPCS,58341,NINJASAT,PAYLOAD,U,23174CP,2024/6/25 3:33,7776,15.23009486,0.0010197,97.4555,252.3238,165.2639,194.8896,0,999,3496,0.00067186,0.00015774,0,4350651,0 NINJASAT,1 58341U 23174CP  24177.14843759  .00015774  00000-0  67186-3 0  9995,2 58341  97.4555 252.3238 0010197 165.2639 194.8896 15.23009486 34968,2023-174CP,58341,6874.906,94.55,503.781,489.761,0
GENERATED VIA SPACETRACK.ORG API,18 SPCS,58341,NINJASAT,PAYLOAD,U,23174CP,2024/6/25 9:52,383104,15.23018594,0.0010215,97.4554,252.5848,164.4494,195.7058,0,999,3500,0.0006922,0.00016259,0,4350936,0 NINJASAT,1 58341U 23174CP  24177.41124286  .00016259  00000-0  69220-3 0  9992,2 58341  97.4554 252.5848 0010215 164.4494 195.7058 15.23018594 35003,2023-174CP,58341,6874.879,94.549,503.766,489.721,0
GENERATED VIA SPACETRACK.ORG API,18 SPCS,58341,NINJASAT,PAYLOAD,U,23174CP,2024/6/25 13:01,528000,15.2302408,0.001022,97.4554,252.7153,163.9732,196.183,0,999,3502,0.00073099,0.00017179,0,4351124,0 NINJASAT,1 58341U 23174CP  24177.54264500  .00017179  00000-0  73099-3 0  9991,2 58341  97.4554 252.7153 0010220 163.9732 196.1830 15.23024080 35021,2023-174CP,58341,6874.862,94.549,503.753,489.701,0
GENERATED VIA SPACETRACK.ORG API,18 SPCS,58341,NINJASAT,PAYLOAD,U,23174CP,2024/6/25 19:19,674368,15.23034968,0.0010244,97.4554,252.9762,163.1181,197.0399,0,999,3506,0.00076707,0.00018038,0,4351207,0 NINJASAT,1 58341U 23174CP  24177.80544762  .00018038  00000-0  76707-3 0  9995,2 58341  97.4554 252.9762 0010244 163.1181 197.0399 15.23034968 35065,2023-174CP,58341,6874.829,94.548,503.737,489.652,0
GENERATED VIA SPACETRACK.ORG API,18 SPCS,58341,NINJASAT,PAYLOAD,U,23174CP,2024/6/25 20:54,198432,15.23036795,0.0010257,97.4553,253.0415,162.8943,197.2642,0,999,3507,0.00075455,0.00017743,0,4351374,0 NINJASAT,1 58341U 23174CP  24177.87114813  .00017743  00000-0  75455-3 0  9993,2 58341  97.4553 253.0415 0010257 162.8943 197.2642 15.23036795 35071,2023-174CP,58341,6874.824,94.548,503.74,489.637,0
GENERATED VIA SPACETRACK.ORG API,18 SPCS,58341,NINJASAT,PAYLOAD,U,23174CP,2024/6/26 3:12,188416,15.23045813,0.0010304,97.4553,253.3024,162.0634,198.0968,0,999,3511,0.00073376,0.00017256,0,4351459,0 NINJASAT,1 58341U 23174CP  24178.13394894  .00017256  00000-0  73376-3 0  9991,2 58341  97.4553 253.3024 0010304 162.0634 198.0968 15.23045813 35118,2023-174CP,58341,6874.797,94.547,503.746,489.578,0
GENERATED VIA SPACETRACK.ORG API,18 SPCS,58341,NINJASAT,PAYLOAD,U,23174CP,2024/6/26 11:05,435488,15.23060722,0.001032,97.4551,253.6286,161.0419,199.1204,0,999,3516,0.00084179,0.00019823,0,4351725,0 NINJASAT,1 58341U 23174CP  24178.46244717  .00019823  00000-0  84179-3 0  9990,2 58341  97.4551 253.6286 0010320 161.0419 199.1204 15.23060722 35163,2023-174CP,58341,6874.752,94.546,503.712,489.522,0
GENERATED VIA SPACETRACK.ORG API,18 SPCS,58341,NINJASAT,PAYLOAD,U,23174CP,2024/6/26 12:40,853280,15.23063597,0.0010313,97.4551,253.6939,160.8602,199.3024,0,999,3517,0.00084934,0.00020003,0,4351883,0 NINJASAT,1 58341U 23174CP  24178.52814645  .00020003  00000-0  84934-3 0  9991,2 58341  97.4551 253.6939 0010313 160.8602 199.3024 15.23063597 35177,2023-174CP,58341,6874.743,94.546,503.698,489.518,0
GENERATED VIA SPACETRACK.ORG API,18 SPCS,58341,NINJASAT,PAYLOAD,U,23174CP,2024/6/26 18:58,453600,15.23073335,0.0010328,97.455,253.9549,159.9778,200.1865,0,999,3521,0.00082075,0.00019331,0,4351917,0 NINJASAT,1 58341U 23174CP  24178.79094275  .00019331  00000-0  82075-3 0  9995,2 58341  97.4550 253.9549 0010328 159.9778 200.1865 15.23073335 35215,2023-174CP,58341,6874.714,94.546,503.679,489.479,0
GENERATED VIA SPACETRACK.ORG API,18 SPCS,58341,NINJASAT,PAYLOAD,U,23174CP,2024/6/26 22:08,200192,15.23077523,0.0010351,97.455,254.0855,159.6136,200.5516,0,999,3523,0.00079746,0.00018782,0,4352047,0 NINJASAT,1 58341U 23174CP  24178.92234028  .00018782  00000-0  79746-3 0  9992,2 58341  97.4550 254.0855 0010351 159.6136 200.5516 15.23077523 35230,2023-174CP,58341,6874.701,94.545,503.682,489.45,0
GENERATED VIA SPACETRACK.ORG API,18 SPCS,58341,NINJASAT,PAYLOAD,U,23174CP,2024/6/27 4:26,568960,15.23088583,0.0010346,97.4549,254.3464,158.837,201.3296,0,999,3527,0.0008149,0.00019202,0,4352103,0 NINJASAT,1 58341U 23174CP  24179.18513390  .00019202  00000-0  81490-3 0  9990,2 58341  97.4549 254.3464 0010346 158.8370 201.3296 15.23088583 35278,2023-174CP,58341,6874.668,94.545,503.646,489.421,0
GENERATED VIA SPACETRACK.ORG API,18 SPCS,58341,NINJASAT,PAYLOAD,U,23174CP,2024/6/27 10:45,780480,15.23098593,0.0010352,97.4549,254.6073,158.2136,201.9543,0,999,3531,0.0008306,0.0001958,0,4352428,0 NINJASAT,1 58341U 23174CP  24179.44792570  .00019580  00000-0  83060-3 0  9992,2 58341  97.4549 254.6073 0010352 158.2136 201.9543 15.23098593 35316,2023-174CP,58341,6874.638,94.544,503.62,489.386,0
GENERATED VIA SPACETRACK.ORG API,18 SPCS,58341,NINJASAT,PAYLOAD,U,23174CP,2024/6/27 20:12,311776,15.23115129,0.0010352,97.4549,254.9988,157.1042,203.0658,0,999,3537,0.00086845,0.00020488,0,4352892,0 NINJASAT,1 58341U 23174CP  24179.84211009  .00020488  00000-0  86845-3 0  9992,2 58341  97.4549 254.9988 0010352 157.1042 203.0658 15.23115129 35379,2023-174CP,58341,6874.588,94.543,503.57,489.337,0
GENERATED VIA SPACETRACK.ORG API,18 SPCS,58341,NINJASAT,PAYLOAD,U,23174CP,2024/6/27 21:47,536032,15.23117761,0.0010355,97.4549,255.064,156.8538,203.3167,0,999,3538,0.00087486,0.00020641,0,4353025,0 NINJASAT,1 58341U 23174CP  24179.90780713  .00020641  00000-0  87486-3 0  9995,2 58341  97.4549 255.0640 0010355 156.8538 203.3167 15.23117761 35388,2023-174CP,58341,6874.58,94.543,503.564,489.327,0
GENERATED VIA SPACETRACK.ORG API,18 SPCS,58341,NINJASAT,PAYLOAD,U,23174CP,2024/6/28 4:05,280128,15.23132952,0.0010363,97.4549,255.325,156.0515,204.1206,0,999,3542,0.0010121,0.00023912,0,4353152,0 NINJASAT,1 58341U 23174CP  24180.17059352  .00023912  00000-0  10121-2 0  9999,2 58341  97.4549 255.3250 0010363 156.0515 204.1206 15.23132952 35421,2023-174CP,58341,6874.535,94.542,503.524,489.275,0
GENERATED VIA SPACETRACK.ORG API,18 SPCS,58341,NINJASAT,PAYLOAD,U,23174CP,2024/6/28 11:58,912384,15.23153492,0.0010368,97.455,255.6511,155.2307,204.943,0,999,3547,0.0013413,0.00031765,0,4353447,0 NINJASAT,1 58341U 23174CP  24180.49907306  .00031765  00000-0  13413-2 0  9997,2 58341  97.4550 255.6511 0010368 155.2307 204.9430 15.23153492 35475,2023-174CP,58341,6874.473,94.541,503.465,489.21,0
GENERATED VIA SPACETRACK.ORG API,18 SPCS,58341,NINJASAT,PAYLOAD,U,23174CP,2024/6/28 13:33,992352,15.2315706,0.001038,97.4549,255.7163,155.012,205.1621,0,999,3548,0.001313,0.00031094,0,4353615,0 NINJASAT,1 58341U 23174CP  24180.56476843  .00031094  00000-0  13130-2 0  9993,2 58341  97.4549 255.7163 0010380 155.0120 205.1621 15.23157060 35483,2023-174CP,58341,6874.462,94.54,503.463,489.191,0
GENERATED VIA SPACETRACK.ORG API,18 SPCS,58341,NINJASAT,PAYLOAD,U,23174CP,2024/6/28 19:51,195584,15.23169606,0.0010404,97.4551,255.9773,154.0317,206.1444,0,999,3552,0.0011778,0.00027884,0,4353748,0 NINJASAT,1 58341U 23174CP  24180.82754856  .00027884  00000-0  11778-2 0  9993,2 58341  97.4551 255.9773 0010404 154.0317 206.1444 15.23169606 35527,2023-174CP,58341,6874.424,94.54,503.441,489.137,0
GENERATED VIA SPACETRACK.ORG API,18 SPCS,58341,NINJASAT,PAYLOAD,U,23174CP,2024/6/28 21:26,214208,15.2317254,0.0010403,97.4551,256.0426,153.79,206.3866,0,999,3553,0.0011533,0.00027302,0,4353920,0 NINJASAT,1 58341U 23174CP  24180.89324322  .00027302  00000-0  11533-2 0  9995,2 58341  97.4551 256.0426 0010403 153.7900 206.3866 15.23172540 35539,2023-174CP,58341,6874.415,94.54,503.432,489.129,0
GENERATED VIA SPACETRACK.ORG API,18 SPCS,58341,NINJASAT,PAYLOAD,U,23174CP,2024/6/29 3:44,152192,15.23187247,0.0010388,97.4551,256.3036,152.8583,207.3199,0,999,3557,0.0011226,0.00026583,0,4354046,0 NINJASAT,1 58341U 23174CP  24181.15602028  .00026583  00000-0  11226-2 0  9996,2 58341  97.4551 256.3036 0010388 152.8583 207.3199 15.23187247 35572,2023-174CP,58341,6874.371,94.539,503.377,489.095,0
GENERATED VIA SPACETRACK.ORG API,18 SPCS,58341,NINJASAT,PAYLOAD,U,23174CP,2024/6/29 11:37,745920,15.2320418,0.001045,97.4553,256.6295,151.8808,208.2995,0,999,3562,0.0010573,0.0002504,0,4354287,0 NINJASAT,1 58341U 23174CP  24181.48448780  .00025040  00000-0  10573-2 0  9996,2 58341  97.4553 256.6295 0010450 151.8808 208.2995 15.23204180 35629,2023-174CP,58341,6874.32,94.538,503.369,489.002,0
GENERATED VIA SPACETRACK.ORG API,18 SPCS,58341,NINJASAT,PAYLOAD,U,23174CP,2024/6/29 13:12,632352,15.23207597,0.0010473,97.4554,256.6947,151.6821,208.4987,0,999,3563,0.001049,0.00024845,0,4354599,0 NINJASAT,1 58341U 23174CP  24181.55018093  .00024845  00000-0  10490-2 0  9994,2 58341  97.4554 256.6947 0010473 151.6821 208.4987 15.23207597 35631,2023-174CP,58341,6874.31,94.537,503.374,488.975,0
GENERATED VIA SPACETRACK.ORG API,18 SPCS,58341,NINJASAT,PAYLOAD,U,23174CP,2024/6/29 17:56,231168,15.23216654,0.0010494,97.4555,256.8905,150.9263,209.256,0,999,3566,0.00099317,0.00023521,0,4354703,0 NINJASAT,1 58341U 23174CP  24181.74725962  .00023521  00000-0  99317-3 0  9991,2 58341  97.4555 256.8905 0010494 150.9263 209.2560 15.23216654 35666,2023-174CP,58341,6874.283,94.537,503.362,488.934,0
GENERATED VIA SPACETRACK.ORG API,18 SPCS,58341,NINJASAT,PAYLOAD,U,23174CP,2024/6/29 21:05,915040,15.2322173,0.00105,97.4555,257.0211,150.4752,209.7079,0,999,3568,0.0010001,0.0002369,0,4354925,0 NINJASAT,1 58341U 23174CP  24181.87864485  .00023690  00000-0  10001-2 0  9998,2 58341  97.4555 257.0211 0010500 150.4752 209.7079 15.23221730 35688,2023-174CP,58341,6874.267,94.536,503.35,488.914,0
GENERATED VIA SPACETRACK.ORG API,18 SPCS,58341,NINJASAT,PAYLOAD,U,23174CP,2024/6/30 3:23,153184,15.23233408,0.0010486,97.4555,257.2821,149.5522,210.6326,0,999,3572,0.0009954,0.00023586,0,4355076,0 NINJASAT,1 58341U 23174CP  24182.14141381  .00023586  00000-0  99540-3 0  9992,2 58341  97.4555 257.2821 0010486 149.5522 210.6326 15.23233408 35720,2023-174CP,58341,6874.232,94.536,503.306,488.889,0
GENERATED VIA SPACETRACK.ORG API,18 SPCS,58341,NINJASAT,PAYLOAD,U,23174CP,2024/6/30 9:42,193472,15.23244276,0.001052,97.4556,257.5428,148.7831,211.4032,0,999,3576,0.00093079,0.00022053,0,4355361,0 NINJASAT,1 58341U 23174CP  24182.40418048  .00022053  00000-0  93079-3 0  9997,2 58341  97.4556 257.5428 0010520 148.7831 211.4032 15.23244276 35762,2023-174CP,58341,6874.2,94.535,503.296,488.833,0
GENERATED VIA SPACETRACK.ORG API,18 SPCS,58341,NINJASAT,PAYLOAD,U,23174CP,2024/6/30 12:51,660480,15.2324946,0.0010539,97.4556,257.6733,148.3771,211.8101,0,999,3578,0.00089546,0.00021214,0,4355600,0 NINJASAT,1 58341U 23174CP  24182.53556320  .00021214  00000-0  89546-3 0  9999,2 58341  97.4556 257.6733 0010539 148.3771 211.8101 15.23249460 35784,2023-174CP,58341,6874.184,94.535,503.294,488.804,0
GENERATED VIA SPACETRACK.ORG API,18 SPCS,58341,NINJASAT,PAYLOAD,U,23174CP,2024/6/30 19:09,465760,15.23261014,0.0010555,97.4557,257.9343,147.4972,212.6917,0,999,3582,0.0008887,0.00021061,0,4355653,0 NINJASAT,1 58341U 23174CP  24182.79832715  .00021061  00000-0  88870-3 0  9991,2 58341  97.4557 257.9343 0010555 147.4972 212.6917 15.23261014 35824,2023-174CP,58341,6874.149,94.534,503.27,488.759,0
GENERATED VIA SPACETRACK.ORG API,18 SPCS,58341,NINJASAT,PAYLOAD,U,23174CP,2024/6/30 22:18,786752,15.23267203,0.001054,97.4556,258.0649,147.079,213.1105,0,999,3584,0.00094337,0.00022369,0,4355944,0 NINJASAT,1 58341U 23174CP  24182.92970818  .00022369  00000-0  94337-3 0  9990,2 58341  97.4556 258.0649 0010540 147.0790 213.1105 15.23267203 35845,2023-174CP,58341,6874.131,94.534,503.241,488.75,0
GENERATED VIA SPACETRACK.ORG API,18 SPCS,58341,NINJASAT,PAYLOAD,U,23174CP,2024/7/1 4:37,348384,15.23276879,0.0010526,97.4556,258.326,146.3782,213.8124,0,999,3588,0.00084062,0.00019924,0,4356015,0 NINJASAT,1 58341U 23174CP  24183.19246931  .00019924  00000-0  84062-3 0  9999,2 58341  97.4556 258.3260 0010526 146.3782 213.8124 15.23276879 35885,2023-174CP,58341,6874.102,94.533,503.202,488.731,0
GENERATED VIA SPACETRACK.ORG API,18 SPCS,58341,NINJASAT,PAYLOAD,U,23174CP,2024/7/1 10:55,700928,15.23289181,0.0010538,97.4557,258.5867,145.9291,214.2624,0,999,3592,0.0008906,0.00021124,0,4356313,0 NINJASAT,1 58341U 23174CP  24183.45522802  .00021124  00000-0  89060-3 0  9990,2 58341  97.4557 258.5867 0010538 145.9291 214.2624 15.23289181 35929,2023-174CP,58341,6874.065,94.532,503.173,488.686,0
GENERATED VIA SPACETRACK.ORG API,18 SPCS,58341,NINJASAT,PAYLOAD,U,23174CP,2024/7/1 10:55,700928,15.23289181,0.0010538,97.4557,258.5867,145.9291,214.2624,0,999,3592,0.0008906,0.00021124,0,4356582,0 NINJASAT,1 58341U 23174CP  24183.45522802  .00021124  00000-0  89060-3 0  9990,2 58341  97.4557 258.5867 0010538 145.9291 214.2624 15.23289181 35929,2023-174CP,58341,6874.065,94.532,503.173,488.686,0
GENERATED VIA SPACETRACK.ORG API,18 SPCS,58341,NINJASAT,PAYLOAD,U,23174CP,2024/7/1 20:23,931232,15.23306452,0.001054,97.4558,258.9783,144.8049,215.3886,0,999,3598,0.00087212,0.00020693,0,4356666,0 NINJASAT,1 58341U 23174CP  24183.84936263  .00020693  00000-0  87212-3 0  9990,2 58341  97.4558 258.9783 0010540 144.8049 215.3886 15.23306452 35982,2023-174CP,58341,6874.013,94.531,503.123,488.632,0
GENERATED VIA SPACETRACK.ORG API,18 SPCS,58341,NINJASAT,PAYLOAD,U,23174CP,2024/7/2 4:16,379648,15.23317579,0.0010505,97.4558,259.3045,143.7406,216.4545,0,999,3603,0.00075414,0.00017883,0,4357068,0 NINJASAT,1 58341U 23174CP  24184.17780532  .00017883  00000-0  75414-3 0  9991,2 58341  97.4558 259.3045 0010505 143.7406 216.4545 15.23317579 36037,2023-174CP,58341,6873.979,94.531,503.065,488.623,0
GENERATED VIA SPACETRACK.ORG API,18 SPCS,58341,NINJASAT,PAYLOAD,U,23174CP,2024/7/2 10:34,130848,15.23329179,0.0010515,97.4559,259.5653,143.1153,217.0809,0,999,3607,0.00082299,0.00019533,0,4357329,0 NINJASAT,1 58341U 23174CP  24184.44055707  .00019533  00000-0  82299-3 0  9993,2 58341  97.4559 259.5653 0010515 143.1153 217.0809 15.23329179 36072,2023-174CP,58341,6873.944,94.53,503.037,488.581,0
GENERATED VIA SPACETRACK.ORG API,18 SPCS,58341,NINJASAT,PAYLOAD,U,23174CP,2024/7/2 13:43,951584,15.23335459,0.0010526,97.4559,259.6957,142.6952,217.5018,0,999,3609,0.00085222,0.00020235,0,4357586,0 NINJASAT,1 58341U 23174CP  24184.57193231  .00020235  00000-0  85222-3 0  9992,2 58341  97.4559 259.6957 0010526 142.6952 217.5018 15.23335459 36090,2023-174CP,58341,6873.925,94.529,503.026,488.555,0
GENERATED VIA SPACETRACK.ORG API,18 SPCS,58341,NINJASAT,PAYLOAD,U,23174CP,2024/7/2 20:01,480736,15.23346511,0.0010539,97.456,259.9568,141.8112,218.3873,0,999,3613,0.00087387,0.0002076,0,4357616,0 NINJASAT,1 58341U 23174CP  24184.83468149  .00020760  00000-0  87387-3 0  9991,2 58341  97.4560 259.9568 0010539 141.8112 218.3873 15.23346511 36130,2023-174CP,58341,6873.892,94.529,503.001,488.513,0
GENERATED VIA SPACETRACK.ORG API,18 SPCS,58341,NINJASAT,PAYLOAD,U,23174CP,2024/7/2 21:36,856544,15.23347584,0.0010539,97.456,260.0221,141.5617,218.6372,0,999,3614,0.00083389,0.00019805,0,4357884,0 NINJASAT,1 58341U 23174CP  24184.90036871  .00019805  00000-0  83389-3 0  9998,2 58341  97.4560 260.0221 0010539 141.5617 218.6372 15.23347584 36145,2023-174CP,58341,6873.889,94.529,502.998,488.509,0
GENERATED VIA SPACETRACK.ORG API,18 SPCS,58341,NINJASAT,PAYLOAD,U,23174CP,2024/7/3 3:54,189568,15.23357764,0.0010548,97.4559,260.283,140.6693,219.5312,0,999,3618,0.00079164,0.00018801,0,4357929,0 NINJASAT,1 58341U 23174CP  24185.16311562  .00018801  00000-0  79164-3 0  9991,2 58341  97.4559 260.2830 0010548 140.6693 219.5312 15.23357764 36184,2023-174CP,58341,6873.858,94.528,502.974,488.473,0
GENERATED VIA SPACETRACK.ORG API,18 SPCS,58341,NINJASAT,PAYLOAD,U,23174CP,2024/7/3 10:13,355840,15.23368782,0.0010553,97.456,260.5439,139.8126,220.3893,0,999,3622,0.00081554,0.00019378,0,4358295,0 NINJASAT,1 58341U 23174CP  24185.42586060  .00019378  00000-0  81554-3 0  9993,2 58341  97.4560 260.5439 0010553 139.8126 220.3893 15.23368782 36222,2023-174CP,58341,6873.825,94.527,502.944,488.436,0
GENERATED VIA SPACETRACK.ORG API,18 SPCS,58341,NINJASAT,PAYLOAD,U,23174CP,2024/7/3 19:40,815808,15.23384328,0.0010574,97.456,260.9355,138.5581,221.646,0,999,3628,0.00078584,0.00018677,0,4358617,0 NINJASAT,1 58341U 23174CP  24185.81997472  .00018677  00000-0  78584-3 0  9999,2 58341  97.4560 260.9355 0010574 138.5581 221.6460 15.23384328 36281,2023-174CP,58341,6873.778,94.526,502.912,488.375,0
GENERATED VIA SPACETRACK.ORG API,18 SPCS,58341,NINJASAT,PAYLOAD,U,23174CP,2024/7/3 21:15,27456,15.23386835,0.0010576,97.456,261.0007,138.3805,221.8239,0,999,3629,0.0007868,0.00018701,0,4359094,0 NINJASAT,1 58341U 23174CP  24185.88566004  .00018701  00000-0  78680-3 0  9994,2 58341  97.4560 261.0007 0010576 138.3805 221.8239 15.23386835 36298,2023-174CP,58341,6873.771,94.526,502.905,488.366,0
GENERATED VIA SPACETRACK.ORG API,18 SPCS,58341,NINJASAT,PAYLOAD,U,23174CP,2024/7/4 3:33,787648,15.23397112,0.0010585,97.4561,261.2617,137.5791,222.6266,0,999,3633,0.00078013,0.00018548,0,4359208,0 NINJASAT,1 58341U 23174CP  24186.14840032  .00018548  00000-0  78013-3 0  9999,2 58341  97.4561 261.2617 0010585 137.5791 222.6266 15.23397112 36337,2023-174CP,58341,6873.74,94.526,502.881,488.329,0
GENERATED VIA SPACETRACK.ORG API,18 SPCS,58341,NINJASAT,PAYLOAD,U,23174CP,2024/7/4 11:26,485600,15.23410307,0.0010581,97.4562,261.5879,136.5364,223.6709,0,999,3638,0.0007908,0.0001881,0,4360029,0 NINJASAT,1 58341U 23174CP  24186.47682275  .00018810  00000-0  79080-3 0  9995,2 58341  97.4562 261.5879 0010581 136.5364 223.6709 15.23410307 36382,2023-174CP,58341,6873.7,94.525,502.838,488.292,0
GENERATED VIA SPACETRACK.ORG API,18 SPCS,58341,NINJASAT,PAYLOAD,U,23174CP,2024/7/4 13:01,590976,15.23413542,0.0010583,97.4561,261.6532,136.2924,223.9152,0,999,3639,0.000804,0.00019128,0,4360440,0 NINJASAT,1 58341U 23174CP  24186.54250684  .00019128  00000-0  80400-3 0  9999,2 58341  97.4561 261.6532 0010583 136.2924 223.9152 15.23413542 36399,2023-174CP,58341,6873.69,94.525,502.83,488.281,0
GENERATED VIA SPACETRACK.ORG API,18 SPCS,58341,NINJASAT,PAYLOAD,U,23174CP,2024/7/4 19:19,947680,15.23424506,0.001059,97.4561,261.9142,135.4468,224.7622,0,999,3643,0.0008133,0.00019357,0,4360681,0 NINJASAT,1 58341U 23174CP  24186.80524245  .00019357  00000-0  81330-3 0  9992,2 58341  97.4561 261.9142 0010590 135.4468 224.7622 15.23424506 36439,2023-174CP,58341,6873.657,94.524,502.802,488.243,0
GENERATED VIA SPACETRACK.ORG API,18 SPCS,58341,NINJASAT,PAYLOAD,U,23174CP,2024/7/4 22:28,70304,15.23429486,0.00106,97.4561,262.0448,134.9979,225.2118,0,999,3645,0.00081446,0.00019388,0,4361047,0 NINJASAT,1 58341U 23174CP  24186.93660961  .00019388  00000-0  81446-3 0  9994,2 58341  97.4561 262.0448 0010600 134.9979 225.2118 15.23429486 36453,2023-174CP,58341,6873.642,94.524,502.793,488.221,0
GENERATED VIA SPACETRACK.ORG API,18 SPCS,58341,NINJASAT,PAYLOAD,U,23174CP,2024/7/5 4:47,211872,15.23438789,0.0010596,97.4561,262.3058,134.1135,226.0975,0,999,3649,0.00076855,0.00018293,0,4361099,0 NINJASAT,1 58341U 23174CP  24187.19934273  .00018293  00000-0  76855-3 0  9995,2 58341  97.4561 262.3058 0010596 134.1135 226.0975 15.23438789 36493,2023-174CP,58341,6873.614,94.523,502.763,488.196,0
GENERATED VIA SPACETRACK.ORG API,18 SPCS,58341,NINJASAT,PAYLOAD,U,23174CP,2024/7/5 11:05,147808,15.23450567,0.0010602,97.456,262.5669,133.4093,226.8028,0,999,3653,0.00082251,0.00019593,0,4361787,0 NINJASAT,1 58341U 23174CP  24187.46207347  .00019593  00000-0  82251-3 0  9991,2 58341  97.4560 262.5669 0010602 133.4093 226.8028 15.23450567 36535,2023-174CP,58341,6873.579,94.522,502.731,488.157,0
GENERATED VIA SPACETRACK.ORG API,18 SPCS,58341,NINJASAT,PAYLOAD,U,23174CP,2024/7/5 12:39,94208,15.23454104,0.0010614,97.456,262.6321,133.5133,226.6988,0,999,3654,0.00081947,0.00019522,0,4362273,0 NINJASAT,1 58341U 23174CP  24187.52775572  .00019522  00000-0  81947-3 0  9991,2 58341  97.4560 262.6321 0010614 133.5133 226.6988 15.23454104 36545,2023-174CP,58341,6873.568,94.522,502.729,488.138,0
GENERATED VIA SPACETRACK.ORG API,18 SPCS,58341,NINJASAT,PAYLOAD,U,23174CP,2024/7/5 18:58,865120,15.23464021,0.0010601,97.4559,262.8932,132.4974,227.7161,0,999,3658,0.00081075,0.00019319,0,4362418,0 NINJASAT,1 58341U 23174CP  24187.79048455  .00019319  00000-0  81075-3 0  9999,2 58341  97.4559 262.8932 0010601 132.4974 227.7161 15.23464021 36588,2023-174CP,58341,6873.539,94.521,502.69,488.117,0
GENERATED VIA SPACETRACK.ORG API,18 SPCS,58341,NINJASAT,PAYLOAD,U,23174CP,2024/7/5 20:32,787328,15.23466091,0.0010603,97.4559,262.9585,132.3057,227.908,0,999,3659,0.00079673,0.00018984,0,4362844,0 NINJASAT,1 58341U 23174CP  24187.85616652  .00018984  00000-0  79673-3 0  9994,2 58341  97.4559 262.9585 0010603 132.3057 227.9080 15.23466091 36598,2023-174CP,58341,6873.532,94.521,502.685,488.109,0
GENERATED VIA SPACETRACK.ORG API,18 SPCS,58341,NINJASAT,PAYLOAD,U,23174CP,2024/7/6 4:25,254080,15.23477084,0.0010602,97.4557,263.2848,131.3143,228.9008,0,999,3664,0.000725,0.0001727,0,4363191,0 NINJASAT,1 58341U 23174CP  24188.18457470  .00017270  00000-0  72500-3 0  9991,2 58341  97.4557 263.2848 0010602 131.3143 228.9008 15.23477084 36647,2023-174CP,58341,6873.499,94.521,502.652,488.077,0
GENERATED VIA SPACETRACK.ORG API,18 SPCS,58341,NINJASAT,PAYLOAD,U,23174CP,2024/7/6 10:44,648288,15.23485544,0.0010592,97.4556,263.5458,130.5459,229.6702,0,999,3668,0.00068208,0.00016245,0,4363813,0 NINJASAT,1 58341U 23174CP  24188.44729917  .00016245  00000-0  68208-3 0  9999,2 58341  97.4556 263.5458 0010592 130.5459 229.6702 15.23485544 36688,2023-174CP,58341,6873.474,94.52,502.619,488.058,0
GENERATED VIA SPACETRACK.ORG API,18 SPCS,58341,NINJASAT,PAYLOAD,U,23174CP,2024/7/6 12:18,479776,15.23487802,0.0010596,97.4556,263.611,130.372,229.8444,0,999,3669,0.00067745,0.00016135,0,4364218,0 NINJASAT,1 58341U 23174CP  24188.51298009  .00016135  00000-0  67745-3 0  9993,2 58341  97.4556 263.6110 0010596 130.3720 229.8444 15.23487802 36692,2023-174CP,58341,6873.467,94.52,502.615,488.049,0
GENERATED VIA SPACETRACK.ORG API,18 SPCS,58341,NINJASAT,PAYLOAD,U,23174CP,2024/7/6 20:11,480832,15.23500597,0.0010572,97.4555,263.9374,129.4648,230.7526,0,999,3674,0.00069707,0.00016612,0,4364313,0 NINJASAT,1 58341U 23174CP  24188.84138288  .00016612  00000-0  69707-3 0  9991,2 58341  97.4555 263.9374 0010572 129.4648 230.7526 15.23500597 36743,2023-174CP,58341,6873.429,94.519,502.56,488.027,0
GENERATED VIA SPACETRACK.ORG API,18 SPCS,58341,NINJASAT,PAYLOAD,U,23174CP,2024/7/6 21:46,266528,15.23502448,0.0010572,97.4555,264.0027,129.2624,230.9553,0,999,3675,0.00068705,0.00016372,0,4364786,0 NINJASAT,1 58341U 23174CP  24188.90706327  .00016372  00000-0  68705-3 0  9993,2 58341  97.4555 264.0027 0010572 129.2624 230.9553 15.23502448 36752,2023-174CP,58341,6873.423,94.519,502.555,488.021,0
GENERATED VIA SPACETRACK.ORG API,18 SPCS,58341,NINJASAT,PAYLOAD,U,23174CP,2024/7/7 4:04,293536,15.23511888,0.0010564,97.4555,264.2636,128.5343,231.6842,0,999,3679,0.00068036,0.00016217,0,4364855,0 NINJASAT,1 58341U 23174CP  24189.16978349  .00016217  00000-0  68036-3 0  9992,2 58341  97.4555 264.2636 0010564 128.5343 231.6842 15.23511888 36792,2023-174CP,58341,6873.395,94.518,502.521,487.999,0
GENERATED VIA SPACETRACK.ORG API,18 SPCS,58341,NINJASAT,PAYLOAD,U,23174CP,2024/7/7 11:57,860864,15.23525298,0.0010551,97.4554,264.5899,127.5836,232.6361,0,999,3684,0.00075474,0.00018009,0,4365433,0 NINJASAT,1 58341U 23174CP  24189.49818126  .00018009  00000-0  75474-3 0  9999,2 58341  97.4554 264.5899 0010551 127.5836 232.6361 15.23525298 36840,2023-174CP,58341,6873.354,94.518,502.471,487.967,0
GENERATED VIA SPACETRACK.ORG API,18 SPCS,58341,NINJASAT,PAYLOAD,U,23174CP,2024/7/7 11:57,860864,15.23525298,0.0010551,97.4554,264.5899,127.5836,232.6361,0,999,3684,0.00075474,0.00018009,0,4365919,0 NINJASAT,1 58341U 23174CP  24189.49818126  .00018009  00000-0  75474-3 0  9999,2 58341  97.4554 264.5899 0010551 127.5836 232.6361 15.23525298 36840,2023-174CP,58341,6873.354,94.518,502.471,487.967,0
GENERATED VIA SPACETRACK.ORG API,18 SPCS,58341,NINJASAT,PAYLOAD,U,23174CP,2024/7/7 19:50,245024,15.23535611,0.0010564,97.4553,264.9162,126.5718,233.6493,0,999,3689,0.00070802,0.00016892,0,4366072,0 NINJASAT,1 58341U 23174CP  24189.82657691  .00016892  00000-0  70802-3 0  9992,2 58341  97.4553 264.9162 0010564 126.5718 233.6493 15.23535611 36890,2023-174CP,58341,6873.323,94.517,502.449,487.927,0
GENERATED VIA SPACETRACK.ORG API,18 SPCS,58341,NINJASAT,PAYLOAD,U,23174CP,2024/7/8 2:08,804608,15.23544601,0.0010579,97.4553,265.1773,125.8118,234.4104,0,999,3693,0.00070856,0.0001691,0,4366548,0 NINJASAT,1 58341U 23174CP  24190.08929172  .00016910  00000-0  70856-3 0  9998,2 58341  97.4553 265.1773 0010579 125.8118 234.4104 15.23544601 36935,2023-174CP,58341,6873.296,94.516,502.432,487.89,0
GENERATED VIA SPACETRACK.ORG API,18 SPCS,58341,NINJASAT,PAYLOAD,U,23174CP,2024/7/8 11:36,338560,15.23558979,0.0010594,97.4552,265.5689,124.4728,235.7511,0,999,3699,0.00071774,0.00017138,0,4367161,0 NINJASAT,1 58341U 23174CP  24190.48336040  .00017138  00000-0  71774-3 0  9991,2 58341  97.4552 265.5689 0010594 124.4728 235.7511 15.23558979 36998,2023-174CP,58341,6873.253,94.516,502.399,487.836,0
GENERATED VIA SPACETRACK.ORG API,18 SPCS,58341,NINJASAT,PAYLOAD,U,23174CP,2024/7/8 13:10,877152,15.23562846,0.0010591,97.4552,265.6342,124.3304,235.8937,0,999,3700,0.00075601,0.00018059,0,4367778,0 NINJASAT,1 58341U 23174CP  24190.54903793  .00018059  00000-0  75601-3 0  9999,2 58341  97.4552 265.6342 0010591 124.3304 235.8937 15.23562846 37005,2023-174CP,58341,6873.241,94.515,502.386,487.827,0
GENERATED VIA SPACETRACK.ORG API,18 SPCS,58341,NINJASAT,PAYLOAD,U,23174CP,2024/7/8 19:28,11648,15.23572778,0.0010617,97.4552,265.8954,123.4362,236.7891,0,999,3704,0.00075064,0.00017936,0,4367886,0 NINJASAT,1 58341U 23174CP  24190.81174782  .00017936  00000-0  75064-3 0  9993,2 58341  97.4552 265.8954 0010617 123.4362 236.7891 15.23572778 37047,2023-174CP,58341,6873.211,94.515,502.374,487.779,0
GENERATED VIA SPACETRACK.ORG API,18 SPCS,58341,NINJASAT,PAYLOAD,U,23174CP,2024/7/8 21:03,522592,15.23575228,0.0010621,97.4552,265.9607,123.277,236.9485,0,999,3705,0.00075601,0.00018066,0,4368352,0 NINJASAT,1 58341U 23174CP  24190.87742503  .00018066  00000-0  75601-3 0  9993,2 58341  97.4552 265.9607 0010621 123.2770 236.9485 15.23575228 37054,2023-174CP,58341,6873.204,94.515,502.369,487.769,0
GENERATED VIA SPACETRACK.ORG API,18 SPCS,58341,NINJASAT,PAYLOAD,U,23174CP,2024/7/9 4:56,951168,15.23585852,0.0010642,97.4551,266.287,122.2294,237.9976,0,999,3710,0.00069004,0.00016485,0,4368712,0 NINJASAT,1 58341U 23174CP  24191.20580962  .00016485  00000-0  69004-3 0  9993,2 58341  97.4551 266.2870 0010642 122.2294 237.9976 15.23585852 37108,2023-174CP,58341,6873.172,94.514,502.352,487.723,0
GENERATED VIA SPACETRACK.ORG API,18 SPCS,58341,NINJASAT,PAYLOAD,U,23174CP,2024/7/9 11:14,727104,15.23595278,0.001064,97.455,266.548,121.4245,238.8034,0,999,3714,0.00070261,0.00016792,0,4369228,0 NINJASAT,1 58341U 23174CP  24191.46851536  .00016792  00000-0  70261-3 0  9997,2 58341  97.4550 266.5480 0010640 121.4245 238.8034 15.23595278 37144,2023-174CP,58341,6873.144,94.513,502.322,487.696,0
GENERATED VIA SPACETRACK.ORG API,18 SPCS,58341,NINJASAT,PAYLOAD,U,23174CP,2024/7/9 11:14,727104,15.23595278,0.001064,97.455,266.548,121.4245,238.8034,0,999,3714,0.00070261,0.00016792,0,4369589,0 NINJASAT,1 58341U 23174CP  24191.46851536  .00016792  00000-0  70261-3 0  9997,2 58341  97.4550 266.5480 0010640 121.4245 238.8034 15.23595278 37144,2023-174CP,58341,6873.144,94.513,502.322,487.696,0
GENERATED VIA SPACETRACK.ORG API,18 SPCS,58341,NINJASAT,PAYLOAD,U,23174CP,2024/7/9 19:07,759968,15.23606739,0.0010636,97.4549,266.8743,120.4183,239.8107,0,999,3719,0.00067445,0.00016121,0,4369654,0 NINJASAT,1 58341U 23174CP  24191.79689537  .00016121  00000-0  67445-3 0  9999,2 58341  97.4549 266.8743 0010636 120.4183 239.8107 15.23606739 37194,2023-174CP,58341,6873.109,94.513,502.285,487.664,0
GENERATED VIA SPACETRACK.ORG API,18 SPCS,58341,NINJASAT,PAYLOAD,U,23174CP,2024/7/9 20:42,139584,15.23608973,0.0010632,97.4548,266.9396,120.26,239.9691,0,999,3720,0.00067481,0.0001613,0,4370123,0 NINJASAT,1 58341U 23174CP  24191.86257106  .00016130  00000-0  67481-3 0  9990,2 58341  97.4548 266.9396 0010632 120.2600 239.9691 15.23608973 37209,2023-174CP,58341,6873.103,94.512,502.275,487.66,0
GENERATED VIA SPACETRACK.ORG API,18 SPCS,58341,NINJASAT,PAYLOAD,U,23174CP,2024/7/10 4:34,933120,15.23619615,0.0010631,97.4547,267.2659,119.3876,240.8424,0,999,3725,0.00064337,0.00015379,0,4370187,0 NINJASAT,1 58341U 23174CP  24192.19094830  .00015379  00000-0  64337-3 0  9991,2 58341  97.4547 267.2659 0010631 119.3876 240.8424 15.23619615 37252,2023-174CP,58341,6873.071,94.512,502.242,487.629,0
GENERATED VIA SPACETRACK.ORG API,18 SPCS,58341,NINJASAT,PAYLOAD,U,23174CP,2024/7/10 10:53,206208,15.23629607,0.0010609,97.4546,267.527,118.5468,241.6838,0,999,3729,0.00070126,0.00016777,0,4370921,0 NINJASAT,1 58341U 23174CP  24192.45364822  .00016777  00000-0  70126-3 0  9997,2 58341  97.4546 267.5270 0010609 118.5468 241.6838 15.23629607 37290,2023-174CP,58341,6873.041,94.511,502.197,487.614,0
GENERATED VIA SPACETRACK.ORG API,18 SPCS,58341,NINJASAT,PAYLOAD,U,23174CP,2024/7/10 12:27,514112,15.236315,0.0010607,97.4546,267.5922,118.3903,241.8405,0,999,3730,0.00069492,0.00016625,0,4371425,0 NINJASAT,1 58341U 23174CP  24192.51932308  .00016625  00000-0  69492-3 0  9990,2 58341  97.4546 267.5922 0010607 118.3903 241.8405 15.23631500 37303,2023-174CP,58341,6873.035,94.511,502.19,487.61,0
GENERATED VIA SPACETRACK.ORG API,18 SPCS,58341,NINJASAT,PAYLOAD,U,23174CP,2024/7/10 18:46,624768,15.23640965,0.00106,97.4545,267.8533,117.5631,242.6684,0,999,3734,0.00070229,0.00016807,0,4371544,0 NINJASAT,1 58341U 23174CP  24192.78202112  .00016807  00000-0  70229-3 0  9994,2 58341  97.4545 267.8533 0010600 117.5631 242.6684 15.23640965 37342,2023-174CP,58341,6873.006,94.51,502.157,487.586,0
GENERATED VIA SPACETRACK.ORG API,18 SPCS,58341,NINJASAT,PAYLOAD,U,23174CP,2024/7/10 21:55,134304,15.23645326,0.0010599,97.4545,267.9838,117.2212,243.0106,0,999,3736,0.00070798,0.00016947,0,4371930,0 NINJASAT,1 58341U 23174CP  24192.91336961  .00016947  00000-0  70798-3 0  9995,2 58341  97.4545 267.9838 0010599 117.2212 243.0106 15.23645326 37362,2023-174CP,58341,6872.993,94.51,502.143,487.574,0
GENERATED VIA SPACETRACK.ORG API,18 SPCS,58341,NINJASAT,PAYLOAD,U,23174CP,2024/7/11 4:13,24640,15.23655559,0.0010589,97.4543,268.245,116.4216,243.8109,0,999,3740,0.00072518,0.00017366,0,4372084,0 NINJASAT,1 58341U 23174CP  24193.17606510  .00017366  00000-0  72518-3 0  9992,2 58341  97.4543 268.2450 0010589 116.4216 243.8109 15.23655559 37403,2023-174CP,58341,6872.962,94.51,502.105,487.55,0
GENERATED VIA SPACETRACK.ORG API,18 SPCS,58341,NINJASAT,PAYLOAD,U,23174CP,2024/7/11 13:40,58176,15.2367236,0.0010564,97.4543,268.6366,115.2309,245.0024,0,999,3746,0.00081118,0.00019449,0,4372493,0 NINJASAT,1 58341U 23174CP  24193.57010484  .00019449  00000-0  81118-3 0  9995,2 58341  97.4543 268.6366 0010564 115.2309 245.0024 15.23672360 37461,2023-174CP,58341,6872.912,94.509,502.038,487.516,0
GENERATED VIA SPACETRACK.ORG API,18 SPCS,58341,NINJASAT,PAYLOAD,U,23174CP,2024/7/11 15:15,207104,15.23674385,0.001056,97.4543,268.7018,115.0657,245.1677,0,999,3747,0.00079317,0.00019016,0,4372631,0 NINJASAT,1 58341U 23174CP  24193.63577786  .00019016  00000-0  79317-3 0  9993,2 58341  97.4543 268.7018 0010560 115.0657 245.1677 15.23674385 37471,2023-174CP,58341,6872.906,94.508,502.029,487.513,0
GENERATED VIA SPACETRACK.ORG API,18 SPCS,58341,NINJASAT,PAYLOAD,U,23174CP,2024/7/11 15:15,207104,15.23674385,0.001056,97.4543,268.7018,115.0657,245.1677,0,999,3747,0.00079317,0.00019016,0,4373307,0 NINJASAT,1 58341U 23174CP  24193.63577786  .00019016  00000-0  79317-3 0  9993,2 58341  97.4543 268.7018 0010560 115.0657 245.1677 15.23674385 37471,2023-174CP,58341,6872.906,94.508,502.029,487.513,0
GENERATED VIA SPACETRACK.ORG API,18 SPCS,58341,NINJASAT,PAYLOAD,U,23174CP,2024/7/12 3:52,996768,15.2369532,0.0010562,97.4542,269.2236,113.7616,246.473,0,999,3755,0.00081457,0.00019544,0,4373344,0 NINJASAT,1 58341U 23174CP  24194.16115737  .00019544  00000-0  81457-3 0  9990,2 58341  97.4542 269.2236 0010562 113.7616 246.4730 15.23695320 37555,2023-174CP,58341,6872.843,94.507,501.967,487.449,0
GENERATED VIA SPACETRACK.ORG API,18 SPCS,58341,NINJASAT,PAYLOAD,U,23174CP,2024/7/12 11:44,166848,15.23709181,0.001056,97.4542,269.55,112.7017,247.5337,0,999,3760,0.00085847,0.00020613,0,4374229,0 NINJASAT,1 58341U 23174CP  24194.48951582  .00020613  00000-0  85847-3 0  9997,2 58341  97.4542 269.5500 0010560 112.7017 247.5337 15.23709181 37606,2023-174CP,58341,6872.801,94.506,501.924,487.409,0
GENERATED VIA SPACETRACK.ORG API,18 SPCS,58341,NINJASAT,PAYLOAD,U,23174CP,2024/7/12 13:19,158528,15.2371264,0.0010545,97.4543,269.6152,112.5249,247.7105,0,999,3761,0.00087722,0.00021068,0,4374714,0 NINJASAT,1 58341U 23174CP  24194.55518702  .00021068  00000-0  87722-3 0  9997,2 58341  97.4543 269.6152 0010545 112.5249 247.7105 15.23712640 37619,2023-174CP,58341,6872.791,94.506,501.903,487.408,0
GENERATED VIA SPACETRACK.ORG API,18 SPCS,58341,NINJASAT,PAYLOAD,U,23174CP,2024/7/12 19:37,91552,15.23721761,0.0010576,97.4543,269.8764,111.7219,248.5145,0,999,3765,0.00082429,0.00019795,0,4374933,0 NINJASAT,1 58341U 23174CP  24194.81787143  .00019795  00000-0  82429-3 0  9996,2 58341  97.4543 269.8764 0010576 111.7219 248.5145 15.23721761 37653,2023-174CP,58341,6872.763,94.505,501.897,487.36,0
GENERATED VIA SPACETRACK.ORG API,18 SPCS,58341,NINJASAT,PAYLOAD,U,23174CP,2024/7/12 21:12,50400,15.23724264,0.0010576,97.4543,269.9416,111.5473,248.6892,0,999,3766,0.00082594,0.00019836,0,4375345,0 NINJASAT,1 58341U 23174CP  24194.88354225  .00019836  00000-0  82594-3 0  9993,2 58341  97.4543 269.9416 0010576 111.5473 248.6892 15.23724264 37660,2023-174CP,58341,6872.756,94.505,501.89,487.352,0
GENERATED VIA SPACETRACK.ORG API,18 SPCS,58341,NINJASAT,PAYLOAD,U,23174CP,2024/7/13 3:30,781248,15.23735404,0.0010598,97.4544,270.2026,110.8134,249.4239,0,999,3770,0.00084388,0.00020276,0,4375461,0 NINJASAT,1 58341U 23174CP  24195.14622432  .00020276  00000-0  84388-3 0  9994,2 58341  97.4544 270.2026 0010598 110.8134 249.4239 15.23735404 37700,2023-174CP,58341,6872.722,94.505,501.871,487.304,0
GENERATED VIA SPACETRACK.ORG API,18 SPCS,58341,NINJASAT,PAYLOAD,U,23174CP,2024/7/13 11:23,209152,15.23748328,0.0010588,97.4545,270.529,109.763,250.4749,0,999,3775,0.00084673,0.00020353,0,4376017,0 NINJASAT,1 58341U 23174CP  24195.47457418  .00020353  00000-0  84673-3 0  9993,2 58341  97.4545 270.5290 0010588 109.7630 250.4749 15.23748328 37756,2023-174CP,58341,6872.684,94.504,501.825,487.272,0
GENERATED VIA SPACETRACK.ORG API,18 SPCS,58341,NINJASAT,PAYLOAD,U,23174CP,2024/7/13 12:57,66048,15.23751292,0.0010585,97.4545,270.5943,109.5571,250.681,0,999,3776,0.00085502,0.00020555,0,4376497,0 NINJASAT,1 58341U 23174CP  24195.54024382  .00020555  00000-0  85502-3 0  9997,2 58341  97.4545 270.5943 0010585 109.5571 250.6810 15.23751292 37766,2023-174CP,58341,6872.675,94.504,501.814,487.265,0
GENERATED VIA SPACETRACK.ORG API,18 SPCS,58341,NINJASAT,PAYLOAD,U,23174CP,2024/7/13 19:16,396000,15.23763535,0.0010573,97.4545,270.8553,108.6809,251.5577,0,999,3780,0.00090515,0.00021776,0,4376624,0 NINJASAT,1 58341U 23174CP  24195.80292125  .00021776  00000-0  90515-3 0  9994,2 58341  97.4545 270.8553 0010573 108.6809 251.5577 15.23763535 37805,2023-174CP,58341,6872.638,94.503,501.769,487.236,0
GENERATED VIA SPACETRACK.ORG API,18 SPCS,58341,NINJASAT,PAYLOAD,U,23174CP,2024/7/13 20:50,203648,15.23766092,0.0010572,97.4545,270.9205,108.5355,251.7031,0,999,3781,0.00090591,0.00021796,0,4377096,0 NINJASAT,1 58341U 23174CP  24195.86859032  .00021796  00000-0  90591-3 0  9992,2 58341  97.4545 270.9205 0010572 108.5355 251.7031 15.23766092 37813,2023-174CP,58341,6872.63,94.503,501.761,487.229,0
GENERATED VIA SPACETRACK.ORG API,18 SPCS,58341,NINJASAT,PAYLOAD,U,23174CP,2024/7/14 4:43,87232,15.23777936,0.0010575,97.4545,271.2468,107.5262,252.7131,0,999,3786,0.00083936,0.00020193,0,4377232,0 NINJASAT,1 58341U 23174CP  24196.19693388  .00020193  00000-0  83936-3 0  9994,2 58341  97.4545 271.2468 0010575 107.5262 252.7131 15.23777936 37863,2023-174CP,58341,6872.595,94.502,501.727,487.192,0
GENERATED VIA SPACETRACK.ORG API,18 SPCS,58341,NINJASAT,PAYLOAD,U,23174CP,2024/7/14 11:01,999008,15.23789651,0.0010538,97.4546,271.5079,107.0102,253.2291,0,999,3790,0.00091675,0.00022074,0,4377939,0 NINJASAT,1 58341U 23174CP  24196.45960647  .00022074  00000-0  91675-3 0  9997,2 58341  97.4546 271.5079 0010538 107.0102 253.2291 15.23789651 37907,2023-174CP,58341,6872.559,94.501,501.667,487.182,0
GENERATED VIA SPACETRACK.ORG API,18 SPCS,58341,NINJASAT,PAYLOAD,U,23174CP,2024/7/14 12:36,703840,15.23792622,0.0010543,97.4546,271.5732,106.825,253.4145,0,999,3791,0.00091858,0.0002212,0,4378423,0 NINJASAT,1 58341U 23174CP  24196.52527435  .00022120  00000-0  91858-3 0  9994,2 58341  97.4546 271.5732 0010543 106.8250 253.4145 15.23792622 37913,2023-174CP,58341,6872.55,94.501,501.661,487.17,0
GENERATED VIA SPACETRACK.ORG API,18 SPCS,58341,NINJASAT,PAYLOAD,U,23174CP,2024/7/14 20:29,53472,15.23807809,0.0010521,97.4546,271.8996,105.7712,254.4686,0,999,3796,0.00096345,0.00023218,0,4378647,0 NINJASAT,1 58341U 23174CP  24196.85361173  .00023218  00000-0  96345-3 0  9990,2 58341  97.4546 271.8996 0010521 105.7712 254.4686 15.23807809 37965,2023-174CP,58341,6872.505,94.5,501.6,487.139,0
GENERATED VIA SPACETRACK.ORG API,18 SPCS,58341,NINJASAT,PAYLOAD,U,23174CP,2024/7/14 22:03,703872,15.23809752,0.0010518,97.4545,271.9649,105.5322,254.7077,0,999,3797,0.0009492,0.00022874,0,4379045,0 NINJASAT,1 58341U 23174CP  24196.91927898  .00022874  00000-0  94920-3 0  9993,2 58341  97.4545 271.9649 0010518 105.5322 254.7077 15.23809752 37978,2023-174CP,58341,6872.499,94.5,501.592,487.135,0
GENERATED VIA SPACETRACK.ORG API,18 SPCS,58341,NINJASAT,PAYLOAD,U,23174CP,2024/7/15 4:22,156864,15.23820883,0.0010471,97.4545,272.226,104.6922,255.5476,0,999,3801,0.00092561,0.00022309,0,4379103,0 NINJASAT,1 58341U 23174CP  24197.18194626  .00022309  00000-0  92561-3 0  9990,2 58341  97.4545 272.2260 0010471 104.6922 255.5476 15.23820883 38011,2023-174CP,58341,6872.465,94.499,501.527,487.134,0
GENERATED VIA SPACETRACK.ORG API,18 SPCS,58341,NINJASAT,PAYLOAD,U,23174CP,2024/7/15 10:40,431008,15.23832689,0.0010432,97.4546,272.4868,104.1322,256.1075,0,999,3805,0.00098192,0.00023683,0,4379740,0 NINJASAT,1 58341U 23174CP  24197.44461147  .00023683  00000-0  98192-3 0  9996,2 58341  97.4546 272.4868 0010432 104.1322 256.1075 15.23832689 38057,2023-174CP,58341,6872.43,94.499,501.464,487.126,0
GENERATED VIA SPACETRACK.ORG API,18 SPCS,58341,NINJASAT,PAYLOAD,U,23174CP,2024/7/15 13:49,482976,15.23839214,0.0010433,97.4546,272.6172,103.7565,256.4833,0,999,3807,0.00096361,0.00023243,0,4380266,0 NINJASAT,1 58341U 23174CP  24197.57594309  .00023243  00000-0  96361-3 0  9995,2 58341  97.4546 272.6172 0010433 103.7565 256.4833 15.23839214 38070,2023-174CP,58341,6872.41,94.498,501.445,487.105,0
GENERATED VIA SPACETRACK.ORG API,18 SPCS,58341,NINJASAT,PAYLOAD,U,23174CP,2024/7/15 20:07,521248,15.23847918,0.001043,97.4547,272.8784,102.8722,257.3681,0,999,3811,0.00083019,0.00020011,0,4380342,0 NINJASAT,1 58341U 23174CP  24197.83860557  .00020011  00000-0  83019-3 0  9991,2 58341  97.4547 272.8784 0010430 102.8722 257.3681 15.23847918 38110,2023-174CP,58341,6872.384,94.498,501.417,487.081,0
GENERATED VIA SPACETRACK.ORG API,18 SPCS,58341,NINJASAT,PAYLOAD,U,23174CP,2024/7/15 21:42,8352,15.23850312,0.0010435,97.4547,272.9437,102.6056,257.6348,0,999,3812,0.00083136,0.00020041,0,4380878,0 NINJASAT,1 58341U 23174CP  24197.90427093  .00020041  00000-0  83136-3 0  9996,2 58341  97.4547 272.9437 0010435 102.6056 257.6348 15.23850312 38125,2023-174CP,58341,6872.377,94.497,501.413,487.071,0
GENERATED VIA SPACETRACK.ORG API,18 SPCS,58341,NINJASAT,PAYLOAD,U,23174CP,2024/7/16 4:00,810752,15.23865525,0.0010409,97.4547,273.2048,101.7101,258.5305,0,999,3816,0.00099626,0.00024054,0,4380985,0 NINJASAT,1 58341U 23174CP  24198.16693068  .00024054  00000-0  99626-3 0  9991,2 58341  97.4547 273.2048 0010409 101.7101 258.5305 15.23865525 38168,2023-174CP,58341,6872.331,94.497,501.35,487.043,0
GENERATED VIA SPACETRACK.ORG API,18 SPCS,58341,NINJASAT,PAYLOAD,U,23174CP,2024/7/16 11:53,699360,15.23884326,0.0010407,97.4548,273.5308,100.8357,259.4052,0,999,3821,0.0010514,0.00025408,0,4381740,0 NINJASAT,1 58341U 23174CP  24198.49525115  .00025408  00000-0  10514-2 0  9996,2 58341  97.4548 273.5308 0010407 100.8357 259.4052 15.23884326 38217,2023-174CP,58341,6872.275,94.495,501.292,486.988,0
GENERATED VIA SPACETRACK.ORG API,18 SPCS,58341,NINJASAT,PAYLOAD,U,23174CP,2024/7/16 13:27,43040,15.23887982,0.0010413,97.4548,273.5961,100.6233,259.6177,0,999,3822,0.0010373,0.00025068,0,4382085,0 NINJASAT,1 58341U 23174CP  24198.56091485  .00025068  00000-0  10373-2 0  9997,2 58341  97.4548 273.5961 0010413 100.6233 259.6177 15.23887982 38222,2023-174CP,58341,6872.264,94.495,501.285,486.973,0
GENERATED VIA SPACETRACK.ORG API,18 SPCS,58341,NINJASAT,PAYLOAD,U,23174CP,2024/7/16 21:20,557536,15.2390577,0.0010432,97.4549,273.9226,99.5278,260.7138,0,999,3827,0.0010184,0.00024622,0,4382438,0 NINJASAT,1 58341U 23174CP  24198.88923099  .00024622  00000-0  10184-2 0  9992,2 58341  97.4549 273.9226 0010432  99.5278 260.7138 15.23905770 38278,2023-174CP,58341,6872.21,94.494,501.244,486.906,0
GENERATED VIA SPACETRACK.ORG API,18 SPCS,58341,NINJASAT,PAYLOAD,U,23174CP,2024/7/17 3:38,533088,15.23919973,0.0010399,97.455,274.1838,98.5796,261.662,0,999,3831,0.00098646,0.00023855,0,4382644,0 NINJASAT,1 58341U 23174CP  24199.15188117  .00023855  00000-0  98646-3 0  9994,2 58341  97.4550 274.1838 0010399  98.5796 261.6620 15.23919973 38319,2023-174CP,58341,6872.167,94.493,501.179,486.886,0
GENERATED VIA SPACETRACK.ORG API,18 SPCS,58341,NINJASAT,PAYLOAD,U,23174CP,2024/7/17 11:31,454016,15.23940701,0.0010374,97.4552,274.5098,97.8203,262.4212,0,999,3836,0.0011929,0.00028899,0,4383367,0 NINJASAT,1 58341U 23174CP  24199.48019044  .00028899  00000-0  11929-2 0  9993,2 58341  97.4552 274.5098 0010374  97.8203 262.4212 15.23940701 38365,2023-174CP,58341,6872.105,94.492,501.099,486.841,0
GENERATED VIA SPACETRACK.ORG API,18 SPCS,58341,NINJASAT,PAYLOAD,U,23174CP,2024/7/17 13:06,587744,15.23944988,0.0010379,97.4552,274.575,97.7142,262.5274,0,999,3837,0.0012104,0.00029329,0,4383859,0 NINJASAT,1 58341U 23174CP  24199.54585171  .00029329  00000-0  12104-2 0  9994,2 58341  97.4552 274.5750 0010379  97.7142 262.5274 15.23944988 38377,2023-174CP,58341,6872.092,94.492,501.09,486.825,0
GENERATED VIA SPACETRACK.ORG API,18 SPCS,58341,NINJASAT,PAYLOAD,U,23174CP,2024/7/17 19:24,49216,15.23956491,0.0010412,97.4552,274.8362,96.9462,263.296,0,999,3841,0.0010871,0.00026333,0,4384051,0 NINJASAT,1 58341U 23174CP  24199.80849594  .00026333  00000-0  10871-2 0  9996,2 58341  97.4552 274.8362 0010412  96.9462 263.2960 15.23956491 38410,2023-174CP,58341,6872.058,94.491,501.078,486.767,0
GENERATED VIA SPACETRACK.ORG API,18 SPCS,58341,NINJASAT,PAYLOAD,U,23174CP,2024/7/17 22:33,212992,15.23962311,0.0010418,97.4552,274.9668,96.5435,263.6989,0,999,3843,0.0010972,0.00026584,0,4384343,0 NINJASAT,1 58341U 23174CP  24199.93981728  .00026584  00000-0  10972-2 0  9996,2 58341  97.4552 274.9668 0010418  96.5435 263.6989 15.23962311 38437,2023-174CP,58341,6872.04,94.491,501.064,486.746,0
GENERATED VIA SPACETRACK.ORG API,18 SPCS,58341,NINJASAT,PAYLOAD,U,23174CP,2024/7/18 4:51,355648,15.23976161,0.0010397,97.4551,275.2279,95.6455,264.5968,0,999,3847,0.0010582,0.00025644,0,4384486,0 NINJASAT,1 58341U 23174CP  24200.20245782  .00025644  00000-0  10582-2 0  9995,2 58341  97.4551 275.2279 0010397  95.6455 264.5968 15.23976161 38475,2023-174CP,58341,6871.999,94.49,501.008,486.719,0
GENERATED VIA SPACETRACK.ORG API,18 SPCS,58341,NINJASAT,PAYLOAD,U,23174CP,2024/7/18 11:09,282304,15.23990894,0.0010379,97.4552,275.4888,95.0328,265.2094,0,999,3851,0.0011236,0.00027251,0,4385126,0 NINJASAT,1 58341U 23174CP  24200.46509586  .00027251  00000-0  11236-2 0  9991,2 58341  97.4552 275.4888 0010379  95.0328 265.2094 15.23990894 38519,2023-174CP,58341,6871.954,94.489,500.952,486.687,0
GENERATED VIA SPACETRACK.ORG API,18 SPCS,58341,NINJASAT,PAYLOAD,U,23174CP,2024/7/18 12:44,234592,15.23994818,0.0010373,97.4552,275.5541,94.8513,265.3909,0,999,3852,0.0011414,0.00027688,0,4385553,0 NINJASAT,1 58341U 23174CP  24200.53075503  .00027688  00000-0  11414-2 0  9998,2 58341  97.4552 275.5541 0010373  94.8513 265.3909 15.23994818 38520,2023-174CP,58341,6871.942,94.489,500.936,486.679,0
GENERATED VIA SPACETRACK.ORG API,18 SPCS,58341,NINJASAT,PAYLOAD,U,23174CP,2024/7/18 19:02,920192,15.24007572,0.0010356,97.4552,275.8153,93.9931,266.249,0,999,3856,0.0010669,0.0002588,0,4385646,0 NINJASAT,1 58341U 23174CP  24200.79339028  .00025880  00000-0  10669-2 0  9994,2 58341  97.4552 275.8153 0010356  93.9931 266.2490 15.24007572 38569,2023-174CP,58341,6871.904,94.488,500.886,486.653,0
GENERATED VIA SPACETRACK.ORG API,18 SPCS,58341,NINJASAT,PAYLOAD,U,23174CP,2024/7/18 20:37,807680,15.24010996,0.0010339,97.4552,275.8806,93.7778,266.4641,0,999,3857,0.0010906,0.00026461,0,4386044,0 NINJASAT,1 58341U 23174CP  24200.85904870  .00026461  00000-0  10906-2 0  9994,2 58341  97.4552 275.8806 0010339  93.7778 266.4641 15.24010996 38577,2023-174CP,58341,6871.894,94.488,500.864,486.654,0
GENERATED VIA SPACETRACK.ORG API,18 SPCS,58341,NINJASAT,PAYLOAD,U,23174CP,2024/7/19 4:29,71456,15.24027543,0.0010274,97.4551,276.2071,92.5528,267.6886,0,999,3862,0.0010698,0.00025965,0,4386227,0 NINJASAT,1 58341U 23174CP  24201.18733879  .00025965  00000-0  10698-2 0  9996,2 58341  97.4551 276.2071 0010274  92.5528 267.6886 15.24027543 38629,2023-174CP,58341,6871.844,94.486,500.769,486.649,0
GENERATED VIA SPACETRACK.ORG API,18 SPCS,58341,NINJASAT,PAYLOAD,U,23174CP,2024/7/19 10:47,245568,15.24041359,0.001024,97.4551,276.4681,91.8767,268.3643,0,999,3866,0.0011122,0.00027012,0,4386889,0 NINJASAT,1 58341U 23174CP  24201.44996812  .00027012  00000-0  11122-2 0  9991,2 58341  97.4551 276.4681 0010240  91.8767 268.3643 15.24041359 38662,2023-174CP,58341,6871.803,94.486,500.704,486.631,0
GENERATED VIA SPACETRACK.ORG API,18 SPCS,58341,NINJASAT,PAYLOAD,U,23174CP,2024/7/19 12:22,985312,15.24042372,0.0010242,97.4552,276.5334,91.7448,268.4962,0,999,3867,0.00093057,0.00022576,0,4387281,0 NINJASAT,1 58341U 23174CP  24201.51562483  .00022576  00000-0  93057-3 0  9990,2 58341  97.4552 276.5334 0010242  91.7448 268.4962 15.24042372 38678,2023-174CP,58341,6871.8,94.486,500.703,486.626,0
GENERATED VIA SPACETRACK.ORG API,18 SPCS,58341,NINJASAT,PAYLOAD,U,23174CP,2024/7/19 20:15,621824,15.24060051,0.0010205,97.4551,276.8599,90.6529,269.5878,0,999,3872,0.00097469,0.00023666,0,4387466,0 NINJASAT,1 58341U 23174CP  24201.84390766  .00023666  00000-0  97469-3 0  9991,2 58341  97.4551 276.8599 0010205  90.6529 269.5878 15.24060051 38728,2023-174CP,58341,6871.746,94.484,500.624,486.599,0
GENERATED VIA SPACETRACK.ORG API,18 SPCS,58341,NINJASAT,PAYLOAD,U,23174CP,2024/7/19 21:49,320960,15.24062695,0.0010191,97.4551,276.9252,90.4055,269.835,0,999,3873,0.00097134,0.00023586,0,4387890,0 NINJASAT,1 58341U 23174CP  24201.90956390  .00023586  00000-0  97134-3 0  9999,2 58341  97.4551 276.9252 0010191  90.4055 269.8350 15.24062695 38736,2023-174CP,58341,6871.738,94.484,500.606,486.6,0
GENERATED VIA SPACETRACK.ORG API,18 SPCS,58341,NINJASAT,PAYLOAD,U,23174CP,2024/7/20 4:07,949888,15.24076953,0.0010169,97.4551,277.1864,89.4006,270.8397,0,999,3877,0.00097795,0.00023757,0,4388072,0 NINJASAT,1 58341U 23174CP  24202.17218692  .00023757  00000-0  97795-3 0  9998,2 58341  97.4551 277.1864 0010169  89.4006 270.8397 15.24076953 38776,2023-174CP,58341,6871.696,94.483,500.548,486.573,0
GENERATED VIA SPACETRACK.ORG API,18 SPCS,58341,NINJASAT,PAYLOAD,U,23174CP,2024/7/20 12:00,958272,15.24094752,0.0010132,97.4551,277.5125,88.6546,271.5852,0,999,3882,0.0010655,0.00025911,0,4388650,0 NINJASAT,1 58341U 23174CP  24202.50046248  .00025911  00000-0  10655-2 0  9994,2 58341  97.4551 277.5125 0010132  88.6546 271.5852 15.24094752 38827,2023-174CP,58341,6871.642,94.482,500.469,486.545,0
GENERATED VIA SPACETRACK.ORG API,18 SPCS,58341,NINJASAT,PAYLOAD,U,23174CP,2024/7/20 13:35,521760,15.24098569,0.001013,97.4551,277.5778,88.4514,271.7884,0,999,3883,0.0010719,0.00026071,0,4389230,0 NINJASAT,1 58341U 23174CP  24202.56611715  .00026071  00000-0  10719-2 0  9996,2 58341  97.4551 277.5778 0010130  88.4514 271.7884 15.24098569 38830,2023-174CP,58341,6871.631,94.482,500.457,486.535,0
GENERATED VIA SPACETRACK.ORG API,18 SPCS,58341,NINJASAT,PAYLOAD,U,23174CP,2024/7/20 19:53,661664,15.2411213,0.0010138,97.455,277.8391,87.6447,272.5951,0,999,3887,0.0010871,0.00026454,0,4389271,0 NINJASAT,1 58341U 23174CP  24202.82873451  .00026454  00000-0  10871-2 0  9996,2 58341  97.4550 277.8391 0010138  87.6447 272.5951 15.24112130 38876,2023-174CP,58341,6871.59,94.481,500.421,486.488,0
GENERATED VIA SPACETRACK.ORG API,18 SPCS,58341,NINJASAT,PAYLOAD,U,23174CP,2024/7/20 21:27,173312,15.24114634,0.0010147,97.455,277.9043,87.4607,272.7791,0,999,3888,0.0010752,0.00026164,0,4389813,0 NINJASAT,1 58341U 23174CP  24202.89438858  .00026164  00000-0  10752-2 0  9997,2 58341  97.4550 277.9043 0010147  87.4607 272.7791 15.24114634 38883,2023-174CP,58341,6871.582,94.481,500.42,486.475,0
GENERATED VIA SPACETRACK.ORG API,18 SPCS,58341,NINJASAT,PAYLOAD,U,23174CP,2024/7/21 3:46,40192,15.24130315,0.0010114,97.455,278.1656,86.4783,273.7611,0,999,3892,0.0011482,0.00027965,0,4389909,0 NINJASAT,1 58341U 23174CP  24203.15700278  .00027965  00000-0  11482-2 0  9996,2 58341  97.4550 278.1656 0010114  86.4783 273.7611 15.24130315 38925,2023-174CP,58341,6871.535,94.48,500.35,486.45,0
GENERATED VIA SPACETRACK.ORG API,18 SPCS,58341,NINJASAT,PAYLOAD,U,23174CP,2024/7/21 11:38,44608,15.24147606,0.0010099,97.455,278.4918,85.6223,274.6168,0,999,3897,0.0011056,0.00026935,0,4390620,0 NINJASAT,1 58341U 23174CP  24203.48526672  .00026935  00000-0  11056-2 0  9999,2 58341  97.4550 278.4918 0010099  85.6223 274.6168 15.24147606 38974,2023-174CP,58341,6871.483,94.479,500.288,486.409,0
GENERATED VIA SPACETRACK.ORG API,18 SPCS,58341,NINJASAT,PAYLOAD,U,23174CP,2024/7/21 13:13,410240,15.24151602,0.0010098,97.455,278.5571,85.4793,274.7598,0,999,3898,0.0011177,0.00027235,0,4391052,0 NINJASAT,1 58341U 23174CP  24203.55091910  .00027235  00000-0  11177-2 0  9997,2 58341  97.4550 278.5571 0010098  85.4793 274.7598 15.24151602 38989,2023-174CP,58341,6871.471,94.479,500.275,486.397,0
GENERATED VIA SPACETRACK.ORG API,18 SPCS,58341,NINJASAT,PAYLOAD,U,23174CP,2024/7/21 19:31,760448,15.24165317,0.0010117,97.4549,278.8184,84.6306,275.6086,0,999,3902,0.0011159,0.00027202,0,4391142,0 NINJASAT,1 58341U 23174CP  24203.81352732  .00027202  00000-0  11159-2 0  9992,2 58341  97.4549 278.8184 0010117  84.6306 275.6086 15.24165317 39029,2023-174CP,58341,6871.43,94.478,500.247,486.343,0
GENERATED VIA SPACETRACK.ORG API,18 SPCS,58341,NINJASAT,PAYLOAD,U,23174CP,2024/7/21 21:06,75104,15.24168004,0.0010117,97.4548,278.8838,84.4528,275.7863,0,999,3903,0.0011171,0.00027233,0,4391543,0 NINJASAT,1 58341U 23174CP  24203.87917911  .00027233  00000-0  11171-2 0  9992,2 58341  97.4548 278.8838 0010117  84.4528 275.7863 15.24168004 39039,2023-174CP,58341,6871.422,94.478,500.239,486.335,0
GENERATED VIA SPACETRACK.ORG API,18 SPCS,58341,NINJASAT,PAYLOAD,U,23174CP,2024/7/22 4:58,431520,15.24184349,0.00101,97.4547,279.2103,83.3044,276.9342,0,999,3908,0.0010837,0.00026427,0,4391643,0 NINJASAT,1 58341U 23174CP  24204.20743555  .00026427  00000-0  10837-2 0  9993,2 58341  97.4547 279.2103 0010100  83.3044 276.9342 15.24184349 39081,2023-174CP,58341,6871.373,94.477,500.178,486.298,0
GENERATED VIA SPACETRACK.ORG API,18 SPCS,58341,NINJASAT,PAYLOAD,U,23174CP,2024/7/22 11:16,273696,15.24198874,0.0010083,97.4546,279.4712,82.6177,277.6205,0,999,3912,0.001162,0.00028361,0,4392318,0 NINJASAT,1 58341U 23174CP  24204.47003789  .00028361  00000-0  11620-2 0  9990,2 58341  97.4546 279.4712 0010083  82.6177 277.6205 15.24198874 39126,2023-174CP,58341,6871.329,94.476,500.122,486.266,0
GENERATED VIA SPACETRACK.ORG API,18 SPCS,58341,NINJASAT,PAYLOAD,U,23174CP,2024/7/22 12:51,448384,15.24202914,0.0010076,97.4546,279.5365,82.4543,277.7839,0,999,3913,0.0011788,0.00028777,0,4392757,0 NINJASAT,1 58341U 23174CP  24204.53568806  .00028777  00000-0  11788-2 0  9999,2 58341  97.4546 279.5365 0010076  82.4543 277.7839 15.24202914 39134,2023-174CP,58341,6871.317,94.476,500.106,486.258,0
GENERATED VIA SPACETRACK.ORG API,18 SPCS,58341,NINJASAT,PAYLOAD,U,23174CP,2024/7/22 16:00,755424,15.24210755,0.0010063,97.4546,279.6672,82.0198,278.2181,0,999,3915,0.0011694,0.00028553,0,4392892,0 NINJASAT,1 58341U 23174CP  24204.66698791  .00028553  00000-0  11694-2 0  9998,2 58341  97.4546 279.6672 0010063  82.0198 278.2181 15.24210755 39154,2023-174CP,58341,6871.293,94.475,500.073,486.244,0
GENERATED VIA SPACETRACK.ORG API,18 SPCS,58341,NINJASAT,PAYLOAD,U,23174CP,2024/7/22 22:18,242496,15.24222116,0.0010058,97.4544,279.9286,81.1159,279.1216,0,999,3919,0.0010938,0.00026705,0,4393189,0 NINJASAT,1 58341U 23174CP  24204.92958614  .00026705  00000-0  10938-2 0  9997,2 58341  97.4544 279.9286 0010058  81.1159 279.1216 15.24222116 39194,2023-174CP,58341,6871.259,94.474,500.035,486.213,0
GENERATED VIA SPACETRACK.ORG API,18 SPCS,58341,NINJASAT,PAYLOAD,U,23174CP,2024/7/23 4:36,536032,15.24235252,0.0010008,97.4542,280.1898,80.198,280.0387,0,999,3923,0.0010578,0.0002583,0,4393290,0 NINJASAT,1 58341U 23174CP  24205.19218213  .00025830  00000-0  10578-2 0  9999,2 58341  97.4542 280.1898 0010008  80.1980 280.0387 15.24235252 39231,2023-174CP,58341,6871.22,94.474,499.962,486.208,0
GENERATED VIA SPACETRACK.ORG API,18 SPCS,58341,NINJASAT,PAYLOAD,U,23174CP,2024/7/23 10:54,632576,15.24248331,0.0009963,97.4541,280.4508,79.473,280.7629,0,999,3927,0.0010777,0.00026329,0,4394076,0 NINJASAT,1 58341U 23174CP  24205.45477584  .00026329  00000-0  10777-2 0  9991,2 58341  97.4541 280.4508 0009963  79.4730 280.7629 15.24248331 39275,2023-174CP,58341,6871.18,94.473,499.891,486.2,0
GENERATED VIA SPACETRACK.ORG API,18 SPCS,58341,NINJASAT,PAYLOAD,U,23174CP,2024/7/23 14:03,632896,15.2425402,0.0009952,97.4541,280.5814,79.0878,281.1479,0,999,3929,0.0010466,0.00025569,0,4394545,0 NINJASAT,1 58341U 23174CP  24205.58607214  .00025569  00000-0  10466-2 0  9990,2 58341  97.4541 280.5814 0009952  79.0878 281.1479 15.24254020 39295,2023-174CP,58341,6871.163,94.472,499.867,486.19,0
GENERATED VIA SPACETRACK.ORG API,18 SPCS,58341,NINJASAT,PAYLOAD,U,23174CP,2024/7/23 18:47,543520,15.24261899,0.0009945,97.454,280.7774,78.4952,281.7402,0,999,3932,0.00099195,0.00024231,0,4394662,0 NINJASAT,1 58341U 23174CP  24205.78301555  .00024231  00000-0  99195-3 0  9993,2 58341  97.4540 280.7774 0009945  78.4952 281.7402 15.24261899 39327,2023-174CP,58341,6871.14,94.472,499.838,486.171,0
GENERATED VIA SPACETRACK.ORG API,18 SPCS,58341,NINJASAT,PAYLOAD,U,23174CP,2024/7/23 21:56,450528,15.24266921,0.0009936,97.4539,280.9081,78.0002,282.2348,0,999,3934,0.0010384,0.00025377,0,4395100,0 NINJASAT,1 58341U 23174CP  24205.91431077  .00025377  00000-0  10384-2 0  9995,2 58341  97.4539 280.9081 0009936  78.0002 282.2348 15.24266921 39348,2023-174CP,58341,6871.125,94.472,499.817,486.162,0
GENERATED VIA SPACETRACK.ORG API,18 SPCS,58341,NINJASAT,PAYLOAD,U,23174CP,2024/7/24 4:14,107296,15.2427711,0.0009905,97.4538,281.1693,77.0271,283.2072,0,999,3938,0.00096213,0.00023509,0,4395162,0 NINJASAT,1 58341U 23174CP  24206.17689939  .00023509  00000-0  96213-3 0  9997,2 58341  97.4538 281.1693 0009905  77.0271 283.2072 15.24277110 39383,2023-174CP,58341,6871.094,94.471,499.765,486.153,0
GENERATED VIA SPACETRACK.ORG API,18 SPCS,58341,NINJASAT,PAYLOAD,U,23174CP,2024/7/24 10:32,581760,15.2428963,0.0009853,97.4537,281.4302,76.3666,283.8668,0,999,3942,0.0010591,0.00025903,0,4395984,0 NINJASAT,1 58341U 23174CP  24206.43948590  .00025903  00000-0  10591-2 0  9991,2 58341  97.4537 281.4302 0009853  76.3666 283.8668 15.24289630 39426,2023-174CP,58341,6871.056,94.47,499.691,486.151,0
GENERATED VIA SPACETRACK.ORG API,18 SPCS,58341,NINJASAT,PAYLOAD,U,23174CP,2024/7/24 13:41,273632,15.24294644,0.0009834,97.4537,281.5608,76.0024,284.2306,0,999,3944,0.0010261,0.00025094,0,4396351,0 NINJASAT,1 58341U 23174CP  24206.57077863  .00025094  00000-0  10261-2 0  9997,2 58341  97.4537 281.5608 0009834  76.0024 284.2306 15.24294644 39447,2023-174CP,58341,6871.041,94.47,499.663,486.149,0
GENERATED VIA SPACETRACK.ORG API,18 SPCS,58341,NINJASAT,PAYLOAD,U,23174CP,2024/7/24 20:00,525184,15.24304684,0.000982,97.4536,281.822,75.27,284.9625,0,999,3948,0.00096597,0.00023622,0,4396489,0 NINJASAT,1 58341U 23174CP  24206.83336256  .00023622  00000-0  96597-3 0  9992,2 58341  97.4536 281.8220 0009820  75.2700 284.9625 15.24304684 39487,2023-174CP,58341,6871.011,94.469,499.623,486.129,0
GENERATED VIA SPACETRACK.ORG API,18 SPCS,58341,NINJASAT,PAYLOAD,U,23174CP,2024/7/24 21:34,330944,15.24306324,0.0009821,97.4536,281.8874,75.024,285.2084,0,999,3949,0.00095673,0.00023396,0,4396874,0 NINJASAT,1 58341U 23174CP  24206.89900846  .00023396  00000-0  95673-3 0  9992,2 58341  97.4536 281.8874 0009821  75.0240 285.2084 15.24306324 39497,2023-174CP,58341,6871.006,94.469,499.619,486.123,0
GENERATED VIA SPACETRACK.ORG API,18 SPCS,58341,NINJASAT,PAYLOAD,U,23174CP,2024/7/25 3:52,374272,15.24317102,0.0009821,97.4536,282.1484,74.1957,286.0362,0,999,3953,0.00086461,0.00021137,0,4396943,0 NINJASAT,1 58341U 23174CP  24207.16158998  .00021137  00000-0  86461-3 0  9992,2 58341  97.4536 282.1484 0009821  74.1957 286.0362 15.24317102 39532,2023-174CP,58341,6870.974,94.469,499.587,486.091,0
GENERATED VIA SPACETRACK.ORG API,18 SPCS,58341,NINJASAT,PAYLOAD,U,23174CP,2024/7/25 3:52,374272,15.24317102,0.0009821,97.4536,282.1484,74.1957,286.0362,0,999,3953,0.00086461,0.00021137,0,4398177,0 NINJASAT,1 58341U 23174CP  24207.16158998  .00021137  00000-0  86461-3 0  9992,2 58341  97.4536 282.1484 0009821  74.1957 286.0362 15.24317102 39532,2023-174CP,58341,6870.974,94.469,499.587,486.091,0
GENERATED VIA SPACETRACK.ORG API,18 SPCS,58341,NINJASAT,PAYLOAD,U,23174CP,2024/7/25 10:10,277632,15.2432794,0.0009781,97.4535,282.4095,73.4144,286.8167,0,999,3957,0.00092311,0.00022583,0,4397758,0 NINJASAT,1 58341U 23174CP  24207.42416988  .00022583  00000-0  92311-3 0  9994,2 58341  97.4535 282.4095 0009781  73.4144 286.8167 15.24327940 39573,2023-174CP,58341,6870.941,94.468,499.527,486.086,0
GENERATED VIA SPACETRACK.ORG API,18 SPCS,58341,NINJASAT,PAYLOAD,U,23174CP,2024/7/25 19:37,354464,15.24340367,0.000981,97.4534,282.8013,72.2365,287.9942,0,999,3963,0.00075067,0.00018348,0,4398327,0 NINJASAT,1 58341U 23174CP  24207.81803651  .00018348  00000-0  75067-3 0  9997,2 58341  97.4534 282.8013 0009810  72.2365 287.9942 15.24340367 39639,2023-174CP,58341,6870.904,94.467,499.509,486.029,0
GENERATED VIA SPACETRACK.ORG API,18 SPCS,58341,NINJASAT,PAYLOAD,U,23174CP,2024/7/25 21:12,2112,15.24342919,0.00098,97.4534,282.8666,72.0443,288.1862,0,999,3964,0.0007551,0.00018458,0,4398706,0 NINJASAT,1 58341U 23174CP  24207.88368058  .00018458  00000-0  75510-3 0  9996,2 58341  97.4534 282.8666 0009800  72.0443 288.1862 15.24342919 39647,2023-174CP,58341,6870.896,94.467,499.495,486.028,0
GENERATED VIA SPACETRACK.ORG API,18 SPCS,58341,NINJASAT,PAYLOAD,U,23174CP,2024/7/26 5:05,58048,15.24360297,0.0009792,97.4534,283.193,71.0299,289.1998,0,999,3969,0.00088695,0.00021714,0,4398838,0 NINJASAT,1 58341U 23174CP  24208.21189882  .00021714  00000-0  88695-3 0  9997,2 58341  97.4534 283.1930 0009792  71.0299 289.1998 15.24360297 39698,2023-174CP,58341,6870.844,94.466,499.437,485.981,0
GENERATED VIA SPACETRACK.ORG API,18 SPCS,58341,NINJASAT,PAYLOAD,U,23174CP,2024/7/26 11:23,278848,15.24372539,0.0009772,97.4533,283.4541,70.3171,289.912,0,999,3973,0.00093912,0.00023008,0,4399538,0 NINJASAT,1 58341U 23174CP  24208.47447082  .00023008  00000-0  93912-3 0  9990,2 58341  97.4533 283.4541 0009772  70.3171 289.9120 15.24372539 39739,2023-174CP,58341,6870.807,94.465,499.386,485.958,0
GENERATED VIA SPACETRACK.ORG API,18 SPCS,58341,NINJASAT,PAYLOAD,U,23174CP,2024/7/26 12:57,811584,15.2437552,0.000977,97.4534,283.5194,70.1433,290.0856,0,999,3974,0.00092505,0.00022663,0,4400028,0 NINJASAT,1 58341U 23174CP  24208.54011356  .00022663  00000-0  92505-3 0  9992,2 58341  97.4534 283.5194 0009770  70.1433 290.0856 15.24375520 39745,2023-174CP,58341,6870.798,94.465,499.376,485.95,0
GENERATED VIA SPACETRACK.ORG API,18 SPCS,58341,NINJASAT,PAYLOAD,U,23174CP,2024/7/26 19:15,810336,15.24387202,0.0009757,97.4533,283.7807,69.3536,290.8747,0,999,3978,0.000859,0.00021042,0,4400308,0 NINJASAT,1 58341U 23174CP  24208.80268299  .00021042  00000-0  85900-3 0  9992,2 58341  97.4533 283.7807 0009757  69.3536 290.8747 15.24387202 39787,2023-174CP,58341,6870.763,94.464,499.332,485.924,0
GENERATED VIA SPACETRACK.ORG API,18 SPCS,58341,NINJASAT,PAYLOAD,U,23174CP,2024/7/26 20:50,290368,15.24389505,0.0009761,97.4533,283.846,69.1268,291.1013,0,999,3979,0.00084923,0.00020803,0,4400718,0 NINJASAT,1 58341U 23174CP  24208.86832512  .00020803  00000-0  84923-3 0  9991,2 58341  97.4533 283.8460 0009761  69.1268 291.1013 15.24389505 39797,2023-174CP,58341,6870.756,94.464,499.328,485.915,0
GENERATED VIA SPACETRACK.ORG API,18 SPCS,58341,NINJASAT,PAYLOAD,U,23174CP,2024/7/27 4:43,528096,15.24402185,0.0009745,97.4532,284.1725,67.8888,292.3383,0,999,3984,0.00075169,0.00018406,0,4400791,0 NINJASAT,1 58341U 23174CP  24209.19653389  .00018406  00000-0  75169-3 0  9999,2 58341  97.4532 284.1725 0009745  67.8888 292.3383 15.24402185 39848,2023-174CP,58341,6870.718,94.463,499.279,485.888,0
GENERATED VIA SPACETRACK.ORG API,18 SPCS,58341,NINJASAT,PAYLOAD,U,23174CP,2024/7/27 4:43,528096,15.24402185,0.0009745,97.4532,284.1725,67.8888,292.3383,0,999,3984,0.00075169,0.00018406,0,4401714,0 NINJASAT,1 58341U 23174CP  24209.19653389  .00018406  00000-0  75169-3 0  9999,2 58341  97.4532 284.1725 0009745  67.8888 292.3383 15.24402185 39848,2023-174CP,58341,6870.718,94.463,499.279,485.888,0
GENERATED VIA SPACETRACK.ORG API,18 SPCS,58341,NINJASAT,PAYLOAD,U,23174CP,2024/7/27 9:26,743552,15.24409592,0.0009696,97.4532,284.3682,67.3216,292.9046,0,999,3987,0.00072733,0.0001781,0,4401300,0 NINJASAT,1 58341U 23174CP  24209.39345768  .00017810  00000-0  72733-3 0  9992,2 58341  97.4532 284.3682 0009696  67.3216 292.9046 15.24409592 39871,2023-174CP,58341,6870.696,94.463,499.223,485.899,0
GENERATED VIA SPACETRACK.ORG API,18 SPCS,58341,NINJASAT,PAYLOAD,U,23174CP,2024/7/27 11:01,129408,15.24413546,0.0009689,97.4532,284.4334,67.1398,293.0861,0,999,3988,0.00080387,0.00019699,0,4401810,0 NINJASAT,1 58341U 23174CP  24209.45909872  .00019699  00000-0  80387-3 0  9992,2 58341  97.4532 284.4334 0009689  67.1398 293.0861 15.24413546 39889,2023-174CP,58341,6870.684,94.463,499.206,485.892,0
GENERATED VIA SPACETRACK.ORG API,18 SPCS,58341,NINJASAT,PAYLOAD,U,23174CP,2024/7/27 11:01,129408,15.24413546,0.0009689,97.4532,284.4334,67.1398,293.0861,0,999,3988,0.00080387,0.00019699,0,4401937,0 NINJASAT,1 58341U 23174CP  24209.45909872  .00019699  00000-0  80387-3 0  9992,2 58341  97.4532 284.4334 0009689  67.1398 293.0861 15.24413546 39889,2023-174CP,58341,6870.684,94.463,499.206,485.892,0
GENERATED VIA SPACETRACK.ORG API,18 SPCS,58341,NINJASAT,PAYLOAD,U,23174CP,2024/7/28 4:20,802720,15.24436749,0.0009632,97.4532,285.1518,64.6732,295.5502,0,999,3999,0.00062265,0.00015243,0,4401978,0 NINJASAT,1 58341U 23174CP  24210.18114355  .00015243  00000-0  62265-3 0  9994,2 58341  97.4532 285.1518 0009632  64.6732 295.5502 15.24436749 39994,2023-174CP,58341,6870.614,94.461,499.097,485.862,0
GENERATED VIA SPACETRACK.ORG API,18 SPCS,58341,NINJASAT,PAYLOAD,U,23174CP,2024/7/28 12:13,82272,15.24451464,0.0009567,97.4533,285.4783,63.5387,296.6831,0,999,4004,0.00072163,0.00017691,0,4403026,0 NINJASAT,1 58341U 23174CP  24210.50934123  .00017691  00000-0  72163-3 0  9990,2 58341  97.4533 285.4783 0009567  63.5387 296.6831 15.24451464 40049,2023-174CP,58341,6870.57,94.46,499.008,485.862,0
GENERATED VIA SPACETRACK.ORG API,18 SPCS,58341,NINJASAT,PAYLOAD,U,23174CP,2024/7/28 20:06,157056,15.24464284,0.0009527,97.4533,285.8047,62.4977,297.7227,0,999,4009,0.00074153,0.00018189,0,4403734,0 NINJASAT,1 58341U 23174CP  24210.83753654  .00018189  00000-0  74153-3 0  9998,2 58341  97.4533 285.8047 0009527  62.4977 297.7227 15.24464284 40095,2023-174CP,58341,6870.532,94.459,498.942,485.851,0
GENERATED VIA SPACETRACK.ORG API,18 SPCS,58341,NINJASAT,PAYLOAD,U,23174CP,2024/7/28 21:40,362336,15.2446607,0.000953,97.4533,285.8699,62.2518,297.9684,0,999,4010,0.00073204,0.00017955,0,4404078,0 NINJASAT,1 58341U 23174CP  24210.90317549  .00017955  00000-0  73204-3 0  9991,2 58341  97.4533 285.8699 0009530  62.2518 297.9684 15.24466070 40107,2023-174CP,58341,6870.526,94.459,498.939,485.844,0
GENERATED VIA SPACETRACK.ORG API,18 SPCS,58341,NINJASAT,PAYLOAD,U,23174CP,2024/7/29 3:58,23616,15.24476089,0.0009506,97.4534,286.1309,61.4879,298.7314,0,999,4014,0.00073201,0.0001796,0,4404205,0 NINJASAT,1 58341U 23174CP  24211.16572944  .00017960  00000-0  73201-3 0  9995,2 58341  97.4534 286.1309 0009506  61.4879 298.7314 15.24476089 40148,2023-174CP,58341,6870.496,94.459,498.892,485.83,0
GENERATED VIA SPACETRACK.ORG API,18 SPCS,58341,NINJASAT,PAYLOAD,U,23174CP,2024/7/29 11:51,630976,15.24490518,0.0009484,97.4535,286.4573,60.3787,299.8394,0,999,4019,0.00082094,0.00020165,0,4404768,0 NINJASAT,1 58341U 23174CP  24211.49391934  .00020165  00000-0  82094-3 0  9990,2 58341  97.4535 286.4573 0009484  60.3787 299.8394 15.24490518 40194,2023-174CP,58341,6870.453,94.458,498.834,485.802,0
GENERATED VIA SPACETRACK.ORG API,18 SPCS,58341,NINJASAT,PAYLOAD,U,23174CP,2024/7/29 11:51,630976,15.24490518,0.0009484,97.4535,286.4573,60.3787,299.8394,0,999,4019,0.00082094,0.00020165,0,4405367,0 NINJASAT,1 58341U 23174CP  24211.49391934  .00020165  00000-0  82094-3 0  9990,2 58341  97.4535 286.4573 0009484  60.3787 299.8394 15.24490518 40194,2023-174CP,58341,6870.453,94.458,498.834,485.802,0
GENERATED VIA SPACETRACK.ORG API,18 SPCS,58341,NINJASAT,PAYLOAD,U,23174CP,2024/7/29 19:43,17152,15.24502794,0.0009473,97.4536,286.7837,59.409,300.8081,0,999,4024,0.00080407,0.00019755,0,4405437,0 NINJASAT,1 58341U 23174CP  24211.82210668  .00019755  00000-0  80407-3 0  9990,2 58341  97.4536 286.7837 0009473  59.4090 300.8081 15.24502794 40247,2023-174CP,58341,6870.416,94.457,498.789,485.773,0
GENERATED VIA SPACETRACK.ORG API,18 SPCS,58341,NINJASAT,PAYLOAD,U,23174CP,2024/7/29 21:18,73824,15.24505018,0.0009465,97.4536,286.849,59.2155,301.0013,0,999,4025,0.00080302,0.00019731,0,4405987,0 NINJASAT,1 58341U 23174CP  24211.88774391  .00019731  00000-0  80302-3 0  9992,2 58341  97.4536 286.8490 0009465  59.2155 301.0013 15.24505018 40255,2023-174CP,58341,6870.409,94.457,498.777,485.771,0
GENERATED VIA SPACETRACK.ORG API,18 SPCS,58341,NINJASAT,PAYLOAD,U,23174CP,2024/7/30 3:36,189056,15.24515728,0.0009443,97.4537,287.1101,58.4157,301.8001,0,999,4029,0.00082468,0.00020273,0,4406135,0 NINJASAT,1 58341U 23174CP  24212.15029154  .00020273  00000-0  82468-3 0  9991,2 58341  97.4537 287.1101 0009443  58.4157 301.8001 15.24515728 40296,2023-174CP,58341,6870.377,94.456,498.73,485.754,0
GENERATED VIA SPACETRACK.ORG API,18 SPCS,58341,NINJASAT,PAYLOAD,U,23174CP,2024/7/30 11:29,56832,15.24534463,0.0009395,97.454,287.4363,57.4284,302.7859,0,999,4034,0.0011796,0.00029078,0,4406640,0 NINJASAT,1 58341U 23174CP  24212.47847288  .00029078  00000-0  11796-2 0  9999,2 58341  97.4540 287.4363 0009395  57.4284 302.7859 15.24534463 40343,2023-174CP,58341,6870.321,94.455,498.64,485.731,0
GENERATED VIA SPACETRACK.ORG API,18 SPCS,58341,NINJASAT,PAYLOAD,U,23174CP,2024/7/30 13:03,994272,15.24538129,0.0009391,97.454,287.5016,57.2691,302.945,0,999,4035,0.0012055,0.00029724,0,4407123,0 NINJASAT,1 58341U 23174CP  24212.54410873  .00029724  00000-0  12055-2 0  9990,2 58341  97.4540 287.5016 0009391  57.2691 302.9450 15.24538129 40358,2023-174CP,58341,6870.31,94.455,498.627,485.723,0
GENERATED VIA SPACETRACK.ORG API,18 SPCS,58341,NINJASAT,PAYLOAD,U,23174CP,2024/7/30 19:21,555680,15.24549791,0.0009391,97.454,287.7629,56.565,303.6484,0,999,4039,0.0010454,0.00025762,0,4407275,0 NINJASAT,1 58341U 23174CP  24212.80664995  .00025762  00000-0  10454-2 0  9994,2 58341  97.4540 287.7629 0009391  56.5650 303.6484 15.24549791 40393,2023-174CP,58341,6870.275,94.454,498.592,485.688,0
GENERATED VIA SPACETRACK.ORG API,18 SPCS,58341,NINJASAT,PAYLOAD,U,23174CP,2024/7/30 22:30,298368,15.24555351,0.0009389,97.454,287.8936,56.1155,304.0974,0,999,4041,0.0010432,0.00025712,0,4407788,0 NINJASAT,1 58341U 23174CP  24212.93792012  .00025712  00000-0  10432-2 0  9991,2 58341  97.4540 287.8936 0009389  56.1155 304.0974 15.24555351 40419,2023-174CP,58341,6870.258,94.454,498.573,485.672,0
GENERATED VIA SPACETRACK.ORG API,18 SPCS,58341,NINJASAT,PAYLOAD,U,23174CP,2024/7/31 4:48,673152,15.2456701,0.0009359,97.4539,288.1548,55.0782,305.1333,0,999,4045,0.0010207,0.00025163,0,4407885,0 NINJASAT,1 58341U 23174CP  24213.20045918  .00025163  00000-0  10207-2 0  9998,2 58341  97.4539 288.1548 0009359  55.0782 305.1333 15.24567010 40451,2023-174CP,58341,6870.223,94.453,498.518,485.658,0
GENERATED VIA SPACETRACK.ORG API,18 SPCS,58341,NINJASAT,PAYLOAD,U,23174CP,2024/7/31 11:06,824160,15.2458105,0.0009306,97.454,288.4158,54.2904,305.9198,0,999,4049,0.0011348,0.00028005,0,4408312,0 NINJASAT,1 58341U 23174CP  24213.46299565  .00028005  00000-0  11348-2 0  9990,2 58341  97.4540 288.4158 0009306  54.2904 305.9198 15.24581050 40493,2023-174CP,58341,6870.181,94.452,498.439,485.652,0
GENERATED VIA SPACETRACK.ORG API,18 SPCS,58341,NINJASAT,PAYLOAD,U,23174CP,2024/7/31 11:06,824160,15.2458105,0.0009306,97.454,288.4158,54.2904,305.9198,0,999,4049,0.0011348,0.00028005,0,4408741,0 NINJASAT,1 58341U 23174CP  24213.46299565  .00028005  00000-0  11348-2 0  9990,2 58341  97.4540 288.4158 0009306  54.2904 305.9198 15.24581050 40493,2023-174CP,58341,6870.181,94.452,498.439,485.652,0
GENERATED VIA SPACETRACK.ORG API,18 SPCS,58341,NINJASAT,PAYLOAD,U,23174CP,2024/7/31 20:33,316096,15.2459495,0.0009276,97.454,288.8078,53.0502,307.1583,0,999,4055,0.001038,0.00025613,0,4408905,0 NINJASAT,1 58341U 23174CP  24213.85679764  .00025613  00000-0  10380-2 0  9993,2 58341  97.4540 288.8078 0009276  53.0502 307.1583 15.24594950 40557,2023-174CP,58341,6870.139,94.451,498.377,485.631,0
GENERATED VIA SPACETRACK.ORG API,18 SPCS,58341,NINJASAT,PAYLOAD,U,23174CP,2024/7/31 22:08,28032,15.24598029,0.0009275,97.454,288.8732,52.7708,307.4375,0,999,4056,0.0010801,0.0002666,0,4409202,0 NINJASAT,1 58341U 23174CP  24213.92243088  .00026660  00000-0  10801-2 0  9998,2 58341  97.4540 288.8732 0009275  52.7708 307.4375 15.24598029 40561,2023-174CP,58341,6870.13,94.451,498.367,485.623,0
GENERATED VIA SPACETRACK.ORG API,18 SPCS,58341,NINJASAT,PAYLOAD,U,23174CP,2024/8/1 4:26,755680,15.24612338,0.0009256,97.4539,289.1344,51.6262,308.5806,0,999,4060,0.0012347,0.00030515,0,4409313,0 NINJASAT,1 58341U 23174CP  24214.18496245  .00030515  00000-0  12347-2 0  9993,2 58341  97.4539 289.1344 0009256  51.6262 308.5806 15.24612338 40600,2023-174CP,58341,6870.087,94.45,498.311,485.593,0
GENERATED VIA SPACETRACK.ORG API,18 SPCS,58341,NINJASAT,PAYLOAD,U,23174CP,2024/8/1 12:18,764992,15.24626812,0.0009182,97.454,289.4607,50.5733,309.6316,0,999,4065,0.0010302,0.00025443,0,4409686,0 NINJASAT,1 58341U 23174CP  24214.51312228  .00025443  00000-0  10302-2 0  9991,2 58341  97.4540 289.4607 0009182  50.5733 309.6316 15.24626812 40651,2023-174CP,58341,6870.043,94.449,498.216,485.6,0
GENERATED VIA SPACETRACK.ORG API,18 SPCS,58341,NINJASAT,PAYLOAD,U,23174CP,2024/8/1 13:53,351648,15.2463008,0.0009175,97.454,289.526,50.3492,309.8553,0,999,4066,0.0010131,0.0002502,0,4410117,0 NINJASAT,1 58341U 23174CP  24214.57875407  .00025020  00000-0  10131-2 0  9991,2 58341  97.4540 289.5260 0009175  50.3492 309.8553 15.24630080 40667,2023-174CP,58341,6870.033,94.449,498.202,485.595,0
GENERATED VIA SPACETRACK.ORG API,18 SPCS,58341,NINJASAT,PAYLOAD,U,23174CP,2024/8/1 20:11,572992,15.24642511,0.0009175,97.454,289.7875,49.4175,310.7859,0,999,4070,0.00098388,0.00024303,0,4410228,0 NINJASAT,1 58341U 23174CP  24214.84127978  .00024303  00000-0  98388-3 0  9998,2 58341  97.4540 289.7875 0009175  49.4175 310.7859 15.24642511 40705,2023-174CP,58341,6869.996,94.448,498.164,485.558,0
GENERATED VIA SPACETRACK.ORG API,18 SPCS,58341,NINJASAT,PAYLOAD,U,23174CP,2024/8/1 21:45,95712,15.24645567,0.000915,97.454,289.8527,49.098,311.1049,0,999,4071,0.0010017,0.00024748,0,4410768,0 NINJASAT,1 58341U 23174CP  24214.90691083  .00024748  00000-0  10017-2 0  9993,2 58341  97.4540 289.8527 0009150  49.0980 311.1049 15.24645567 40714,2023-174CP,58341,6869.987,94.448,498.138,485.566,0
GENERATED VIA SPACETRACK.ORG API,18 SPCS,58341,NINJASAT,PAYLOAD,U,23174CP,2024/8/2 4:03,80320,15.2465707,0.0009137,97.454,290.1139,48.0727,312.1288,0,999,4075,0.00090866,0.00022443,0,4410842,0 NINJASAT,1 58341U 23174CP  24215.16943380  .00022443  00000-0  90866-3 0  9993,2 58341  97.4540 290.1139 0009137  48.0727 312.1288 15.24657070 40753,2023-174CP,58341,6869.952,94.447,498.094,485.54,0
GENERATED VIA SPACETRACK.ORG API,18 SPCS,58341,NINJASAT,PAYLOAD,U,23174CP,2024/8/2 11:56,310304,15.24671763,0.0009065,97.454,290.4401,47.1048,313.0949,0,999,4080,0.00091168,0.00022528,0,4411471,0 NINJASAT,1 58341U 23174CP  24215.49758461  .00022528  00000-0  91168-3 0  9993,2 58341  97.4540 290.4401 0009065  47.1048 313.0949 15.24671763 40809,2023-174CP,58341,6869.908,94.447,498.001,485.546,0
GENERATED VIA SPACETRACK.ORG API,18 SPCS,58341,NINJASAT,PAYLOAD,U,23174CP,2024/8/2 13:31,729344,15.2467491,0.0009064,97.454,290.5054,46.9494,313.2501,0,999,4081,0.00091171,0.00022531,0,4412141,0 NINJASAT,1 58341U 23174CP  24215.56321446  .00022531  00000-0  91171-3 0  9998,2 58341  97.4540 290.5054 0009064  46.9494 313.2501 15.24674910 40819,2023-174CP,58341,6869.899,94.446,497.991,485.537,0
GENERATED VIA SPACETRACK.ORG API,18 SPCS,58341,NINJASAT,PAYLOAD,U,23174CP,2024/8/2 19:49,280224,15.24687924,0.0009056,97.4541,290.7668,46.1938,314.0047,0,999,4085,0.00097431,0.00024097,0,4412358,0 NINJASAT,1 58341U 23174CP  24215.82573241  .00024097  00000-0  97431-3 0  9993,2 58341  97.4541 290.7668 0009056  46.1938 314.0047 15.24687924 40856,2023-174CP,58341,6869.86,94.446,497.946,485.503,0
GENERATED VIA SPACETRACK.ORG API,18 SPCS,58341,NINJASAT,PAYLOAD,U,23174CP,2024/8/2 21:23,640512,15.24690631,0.0009059,97.4541,290.8321,45.9632,314.235,0,999,4086,0.00098338,0.00024325,0,4412788,0 NINJASAT,1 58341U 23174CP  24215.89136158  .00024325  00000-0  98338-3 0  9993,2 58341  97.4541 290.8321 0009059  45.9632 314.2350 15.24690631 40863,2023-174CP,58341,6869.852,94.445,497.94,485.493,0
GENERATED VIA SPACETRACK.ORG API,18 SPCS,58341,NINJASAT,PAYLOAD,U,23174CP,2024/8/3 3:41,967616,15.24703922,0.0009067,97.454,291.0935,44.9804,315.2167,0,999,4090,0.001028,0.00025446,0,4412946,0 NINJASAT,1 58341U 23174CP  24216.15387694  .00025446  00000-0  10280-2 0  9990,2 58341  97.4540 291.0935 0009067  44.9804 315.2167 15.24703922 40905,2023-174CP,58341,6869.812,94.445,497.906,485.448,0
GENERATED VIA SPACETRACK.ORG API,18 SPCS,58341,NINJASAT,PAYLOAD,U,23174CP,2024/8/3 11:34,324960,15.24717679,0.0008988,97.4541,291.4198,44.0983,316.0969,0,999,4095,0.00091498,0.00022641,0,4413569,0 NINJASAT,1 58341U 23174CP  24216.48201765  .00022641  00000-0  91498-3 0  9995,2 58341  97.4541 291.4198 0008988  44.0983 316.0969 15.24717679 40959,2023-174CP,58341,6869.77,94.444,497.81,485.461,0
GENERATED VIA SPACETRACK.ORG API,18 SPCS,58341,NINJASAT,PAYLOAD,U,23174CP,2024/8/3 13:08,567744,15.24721319,0.0008977,97.4541,291.4851,43.9342,316.2608,0,999,4096,0.00093671,0.00023184,0,4414088,0 NINJASAT,1 58341U 23174CP  24216.54764546  .00023184  00000-0  93671-3 0  9991,2 58341  97.4541 291.4851 0008977  43.9342 316.2608 15.24721319 40969,2023-174CP,58341,6869.759,94.443,497.791,485.457,0
GENERATED VIA SPACETRACK.ORG API,18 SPCS,58341,NINJASAT,PAYLOAD,U,23174CP,2024/8/3 19:26,428288,15.24735228,0.000898,97.454,291.7465,43.2186,316.9754,0,999,4100,0.0010271,0.00025447,0,4414319,0 NINJASAT,1 58341U 23174CP  24216.81015542  .00025447  00000-0  10271-2 0  9994,2 58341  97.4540 291.7465 0008980  43.2186 316.9754 15.24735228 41004,2023-174CP,58341,6869.718,94.443,497.752,485.414,0
GENERATED VIA SPACETRACK.ORG API,18 SPCS,58341,NINJASAT,PAYLOAD,U,23174CP,2024/8/3 21:01,616640,15.24737856,0.0008974,97.454,291.8119,43.0513,317.1425,0,999,4101,0.0010273,0.00025454,0,4414737,0 NINJASAT,1 58341U 23174CP  24216.87578260  .00025454  00000-0  10273-2 0  9991,2 58341  97.4540 291.8119 0008974  43.0513 317.1425 15.24737856 41014,2023-174CP,58341,6869.71,94.442,497.74,485.41,0
GENERATED VIA SPACETRACK.ORG API,18 SPCS,58341,NINJASAT,PAYLOAD,U,23174CP,2024/8/4 4:53,348448,15.24754767,0.0008971,97.4538,292.1385,41.8365,318.3556,0,999,4106,0.0010466,0.00025948,0,4414905,0 NINJASAT,1 58341U 23174CP  24217.20391607  .00025948  00000-0  10466-2 0  9999,2 58341  97.4538 292.1385 0008971  41.8365 318.3556 15.24754767 41061,2023-174CP,58341,6869.659,94.441,497.687,485.361,0
GENERATED VIA SPACETRACK.ORG API,18 SPCS,58341,NINJASAT,PAYLOAD,U,23174CP,2024/8/4 11:11,689728,15.24767743,0.0008908,97.4538,292.3995,41.0004,319.1902,0,999,4110,0.0010261,0.00025446,0,4415640,0 NINJASAT,1 58341U 23174CP  24217.46642002  .00025446  00000-0  10261-2 0  9991,2 58341  97.4538 292.3995 0008908  41.0004 319.1902 15.24767743 41109,2023-174CP,58341,6869.62,94.441,497.604,485.365,0
GENERATED VIA SPACETRACK.ORG API,18 SPCS,58341,NINJASAT,PAYLOAD,U,23174CP,2024/8/4 12:46,724288,15.24774365,0.0008899,97.4537,292.4648,40.8275,319.3627,0,999,4111,0.0011595,0.00028782,0,4416025,0 NINJASAT,1 58341U 23174CP  24217.53204542  .00028782  00000-0  11595-2 0  9999,2 58341  97.4537 292.4648 0008899  40.8275 319.3627 15.24774365 41115,2023-174CP,58341,6869.6,94.44,497.578,485.352,0
GENERATED VIA SPACETRACK.ORG API,18 SPCS,58341,NINJASAT,PAYLOAD,U,23174CP,2024/8/4 19:04,777856,15.24789174,0.000888,97.4536,292.7262,40.0072,320.1818,0,999,4115,0.0011308,0.00028077,0,4416169,0 NINJASAT,1 58341U 23174CP  24217.79454604  .00028077  00000-0  11308-2 0  9992,2 58341  97.4536 292.7262 0008880  40.0072 320.1818 15.24789174 41156,2023-174CP,58341,6869.556,94.439,497.521,485.32,0
GENERATED VIA SPACETRACK.ORG API,18 SPCS,58341,NINJASAT,PAYLOAD,U,23174CP,2024/8/4 22:13,610240,15.24814192,0.0008889,97.4535,292.8569,39.5397,320.6487,0,999,4117,0.0019355,0.00048275,0,4416738,0 NINJASAT,1 58341U 23174CP  24217.92579410  .00048275  00000-0  19355-2 0  9992,2 58341  97.4535 292.8569 0008889  39.5397 320.6487 15.24814192 41176,2023-174CP,58341,6869.48,94.438,497.452,485.239,0
GENERATED VIA SPACETRACK.ORG API,18 SPCS,58341,NINJASAT,PAYLOAD,U,23174CP,2024/8/5 4:31,325120,15.24816342,0.0008869,97.4535,293.1181,38.5195,321.6674,0,999,4121,0.001223,0.00030407,0,4417019,0 NINJASAT,1 58341U 23174CP  24218.18829080  .00030407  00000-0  12230-2 0  9995,2 58341  97.4535 293.1181 0008869  38.5195 321.6674 15.24816342 41216,2023-174CP,58341,6869.474,94.438,497.432,485.246,0
GENERATED VIA SPACETRACK.ORG API,18 SPCS,58341,NINJASAT,PAYLOAD,U,23174CP,2024/8/5 10:49,708224,15.24830767,0.000883,97.4535,293.3794,37.5031,322.6821,0,999,4125,0.0010926,0.00027157,0,4417572,0 NINJASAT,1 58341U 23174CP  24218.45078366  .00027157  00000-0  10926-2 0  9996,2 58341  97.4535 293.3794 0008830  37.5031 322.6821 15.24830767 41250,2023-174CP,58341,6869.431,94.437,497.361,485.23,0
GENERATED VIA SPACETRACK.ORG API,18 SPCS,58341,NINJASAT,PAYLOAD,U,23174CP,2024/8/5 20:16,425184,15.24850177,0.0008748,97.4533,293.7714,35.9498,324.2327,0,999,4131,0.00093102,0.0002313,0,4418384,0 NINJASAT,1 58341U 23174CP  24218.84451881  .00023130  00000-0  93102-3 0  9991,2 58341  97.4533 293.7714 0008748  35.9498 324.2327 15.24850177 41314,2023-174CP,58341,6869.372,94.436,497.247,485.228,0
GENERATED VIA SPACETRACK.ORG API,18 SPCS,58341,NINJASAT,PAYLOAD,U,23174CP,2024/8/5 21:50,179808,15.2485296,0.0008746,97.4532,293.8368,35.6845,324.4975,0,999,4132,0.00093417,0.00023211,0,4418857,0 NINJASAT,1 58341U 23174CP  24218.91014097  .00023211  00000-0  93417-3 0  9992,2 58341  97.4532 293.8368 0008746  35.6845 324.4975 15.24852960 41324,2023-174CP,58341,6869.364,94.435,497.237,485.221,0
GENERATED VIA SPACETRACK.ORG API,18 SPCS,58341,NINJASAT,PAYLOAD,U,23174CP,2024/8/6 4:08,46240,15.24866627,0.000873,97.4531,294.098,34.5131,325.6672,0,999,4136,0.00094427,0.00023473,0,4419005,0 NINJASAT,1 58341U 23174CP  24219.17262785  .00023473  00000-0  94427-3 0  9992,2 58341  97.4531 294.0980 0008730  34.5131 325.6672 15.24866627 41361,2023-174CP,58341,6869.323,94.434,497.185,485.191,0
GENERATED VIA SPACETRACK.ORG API,18 SPCS,58341,NINJASAT,PAYLOAD,U,23174CP,2024/8/6 12:01,345024,15.24883086,0.0008663,97.453,294.4243,33.4465,326.7318,0,999,4141,0.00097228,0.00024185,0,4419744,0 NINJASAT,1 58341U 23174CP  24219.50073316  .00024185  00000-0  97228-3 0  9992,2 58341  97.4530 294.4243 0008663  33.4465 326.7318 15.24883086 41412,2023-174CP,58341,6869.274,94.433,497.089,485.188,0
GENERATED VIA SPACETRACK.ORG API,18 SPCS,58341,NINJASAT,PAYLOAD,U,23174CP,2024/8/6 13:35,974368,15.24886562,0.0008657,97.453,294.4896,33.2367,326.9413,0,999,4142,0.00097194,0.00024179,0,4420137,0 NINJASAT,1 58341U 23174CP  24219.56635387  .00024179  00000-0  97194-3 0  9995,2 58341  97.4530 294.4896 0008657  33.2367 326.9413 15.24886562 41429,2023-174CP,58341,6869.263,94.433,497.075,485.181,0
GENERATED VIA SPACETRACK.ORG API,18 SPCS,58341,NINJASAT,PAYLOAD,U,23174CP,2024/8/6 19:53,372512,15.24899818,0.0008648,97.4529,294.751,32.4906,327.6863,0,999,4146,0.00099357,0.00024731,0,4420378,0 NINJASAT,1 58341U 23174CP  24219.82883533  .00024731  00000-0  99357-3 0  9999,2 58341  97.4529 294.7510 0008648  32.4906 327.6863 15.24899818 41462,2023-174CP,58341,6869.223,94.432,497.029,485.148,0
GENERATED VIA SPACETRACK.ORG API,18 SPCS,58341,NINJASAT,PAYLOAD,U,23174CP,2024/8/6 21:28,947424,15.24902495,0.0008652,97.4529,294.8163,32.2614,327.9151,0,999,4147,0.00098882,0.00024614,0,4420814,0 NINJASAT,1 58341U 23174CP  24219.89445541  .00024614  00000-0  98882-3 0  9991,2 58341  97.4529 294.8163 0008652  32.2614 327.9151 15.24902495 41476,2023-174CP,58341,6869.215,94.432,497.023,485.137,0
GENERATED VIA SPACETRACK.ORG API,18 SPCS,58341,NINJASAT,PAYLOAD,U,23174CP,2024/8/7 2:11,571072,15.2491346,0.0008646,97.4528,295.0124,31.4887,328.6867,0,999,4150,0.0010309,0.00025676,0,4420957,0 NINJASAT,1 58341U 23174CP  24220.09131448  .00025676  00000-0  10309-2 0  9999,2 58341  97.4528 295.0124 0008646  31.4887 328.6867 15.24913460 41501,2023-174CP,58341,6869.182,94.432,496.986,485.108,0
GENERATED VIA SPACETRACK.ORG API,18 SPCS,58341,NINJASAT,PAYLOAD,U,23174CP,2024/8/7 11:38,427840,15.24935655,0.000857,97.4527,295.404,30.2413,329.9318,0,999,4156,0.0010723,0.00026731,0,4421452,0 NINJASAT,1 58341U 23174CP  24220.48502810  .00026731  00000-0  10723-2 0  9990,2 58341  97.4527 295.4040 0008570  30.2413 329.9318 15.24935655 41560,2023-174CP,58341,6869.116,94.43,496.867,485.094,0
GENERATED VIA SPACETRACK.ORG API,18 SPCS,58341,NINJASAT,PAYLOAD,U,23174CP,2024/8/7 13:12,860192,15.24939403,0.0008561,97.4527,295.4694,30.0792,330.0936,0,999,4157,0.0010676,0.00026616,0,4421867,0 NINJASAT,1 58341U 23174CP  24220.55064653  .00026616  00000-0  10676-2 0  9995,2 58341  97.4527 295.4694 0008561  30.0792 330.0936 15.24939403 41578,2023-174CP,58341,6869.104,94.43,496.85,485.089,0
GENERATED VIA SPACETRACK.ORG API,18 SPCS,58341,NINJASAT,PAYLOAD,U,23174CP,2024/8/7 19:30,461728,15.24953776,0.0008563,97.4527,295.7308,29.3743,330.7975,0,999,4161,0.0010675,0.00026625,0,4422005,0 NINJASAT,1 58341U 23174CP  24220.81311877  .00026625  00000-0  10675-2 0  9996,2 58341  97.4527 295.7308 0008563  29.3743 330.7975 15.24953776 41616,2023-174CP,58341,6869.061,94.429,496.808,485.044,0
GENERATED VIA SPACETRACK.ORG API,18 SPCS,58341,NINJASAT,PAYLOAD,U,23174CP,2024/8/7 19:30,461728,15.24953776,0.0008563,97.4527,295.7308,29.3743,330.7975,0,999,4161,0.0010675,0.00026625,0,4422406,0 NINJASAT,1 58341U 23174CP  24220.81311877  .00026625  00000-0  10675-2 0  9996,2 58341  97.4527 295.7308 0008563  29.3743 330.7975 15.24953776 41616,2023-174CP,58341,6869.061,94.429,496.808,485.044,0
GENERATED VIA SPACETRACK.ORG API,18 SPCS,58341,NINJASAT,PAYLOAD,U,23174CP,2024/8/8 12:50,642528,15.24999706,0.0008489,97.4524,296.4491,26.7523,333.4151,0,999,4172,0.0012857,0.00032149,0,4422592,0 NINJASAT,1 58341U 23174CP  24221.53490327  .00032149  00000-0  12857-2 0  9996,2 58341  97.4524 296.4491 0008489  26.7523 333.4151 15.24999706 41729,2023-174CP,58341,6868.923,94.426,496.619,484.957,0
GENERATED VIA SPACETRACK.ORG API,18 SPCS,58341,NINJASAT,PAYLOAD,U,23174CP,2024/8/8 19:08,339456,15.25016559,0.0008496,97.4523,296.7106,25.7952,334.3708,0,999,4176,0.0012924,0.00032334,0,4422739,0 NINJASAT,1 58341U 23174CP  24221.79736504  .00032334  00000-0  12924-2 0  9995,2 58341  97.4523 296.7106 0008496  25.7952 334.3708 15.25016559 41766,2023-174CP,58341,6868.873,94.425,496.574,484.902,0
GENERATED VIA SPACETRACK.ORG API,18 SPCS,58341,NINJASAT,PAYLOAD,U,23174CP,2024/8/8 22:17,608864,15.2502382,0.0008503,97.4522,296.8413,25.2362,334.929,0,999,4178,0.0013064,0.00032694,0,4423933,0 NINJASAT,1 58341U 23174CP  24221.92859501  .00032694  00000-0  13064-2 0  9998,2 58341  97.4522 296.8413 0008503  25.2362 334.9290 15.25023820 41789,2023-174CP,58341,6868.851,94.425,496.556,484.875,0
GENERATED VIA SPACETRACK.ORG API,18 SPCS,58341,NINJASAT,PAYLOAD,U,23174CP,2024/8/9 4:35,895392,15.25040552,0.0008506,97.4522,297.1024,24.1783,335.9853,0,999,4182,0.001211,0.00030307,0,4424155,0 NINJASAT,1 58341U 23174CP  24222.19105203  .00030307  00000-0  12110-2 0  9991,2 58341  97.4522 297.1024 0008506  24.1783 335.9853 15.25040552 41821,2023-174CP,58341,6868.801,94.424,496.508,484.823,0
GENERATED VIA SPACETRACK.ORG API,18 SPCS,58341,NINJASAT,PAYLOAD,U,23174CP,2024/8/9 10:53,933088,15.25057426,0.0008437,97.452,297.3637,23.1363,337.0253,0,999,4186,0.0012225,0.00030612,0,4424864,0 NINJASAT,1 58341U 23174CP  24222.45350617  .00030612  00000-0  12225-2 0  9997,2 58341  97.4520 297.3637 0008437  23.1363 337.0253 15.25057426 41866,2023-174CP,58341,6868.75,94.423,496.41,484.82,0
GENERATED VIA SPACETRACK.ORG API,18 SPCS,58341,NINJASAT,PAYLOAD,U,23174CP,2024/8/9 10:53,933088,15.25057426,0.0008437,97.452,297.3637,23.1363,337.0253,0,999,4186,0.0012225,0.00030612,0,4425174,0 NINJASAT,1 58341U 23174CP  24222.45350617  .00030612  00000-0  12225-2 0  9997,2 58341  97.4520 297.3637 0008437  23.1363 337.0253 15.25057426 41866,2023-174CP,58341,6868.75,94.423,496.41,484.82,0
GENERATED VIA SPACETRACK.ORG API,18 SPCS,58341,NINJASAT,PAYLOAD,U,23174CP,2024/8/9 18:45,601344,15.25079347,0.0008391,97.4519,297.6903,21.5666,338.5923,0,999,4191,0.0011677,0.0002925,0,4425486,0 NINJASAT,1 58341U 23174CP  24222.78156946  .00029250  00000-0  11677-2 0  9998,2 58341  97.4519 297.6903 0008391  21.5666 338.5923 15.25079347 41912,2023-174CP,58341,6868.684,94.421,496.313,484.786,0
GENERATED VIA SPACETRACK.ORG API,18 SPCS,58341,NINJASAT,PAYLOAD,U,23174CP,2024/8/9 20:19,479008,15.25085064,0.0008385,97.4519,297.7556,21.2528,338.9056,0,999,4192,0.0012491,0.00031308,0,4425869,0 NINJASAT,1 58341U 23174CP  24222.84718147  .00031308  00000-0  12491-2 0  9994,2 58341  97.4519 297.7556 0008385  21.2528 338.9056 15.25085064 41929,2023-174CP,58341,6868.667,94.421,496.291,484.773,0
GENERATED VIA SPACETRACK.ORG API,18 SPCS,58341,NINJASAT,PAYLOAD,U,23174CP,2024/8/10 4:12,679840,15.25107384,0.0008366,97.4518,298.0821,19.8151,340.341,0,999,4197,0.0012681,0.00031808,0,4425964,0 NINJASAT,1 58341U 23174CP  24223.17523935  .00031808  00000-0  12681-2 0  9996,2 58341  97.4518 298.0821 0008366  19.8151 340.3410 15.25107384 41977,2023-174CP,58341,6868.6,94.42,496.211,484.719,0
GENERATED VIA SPACETRACK.ORG API,18 SPCS,58341,NINJASAT,PAYLOAD,U,23174CP,2024/8/10 10:30,682464,15.25127523,0.0008315,97.4518,298.3433,18.8341,341.3203,0,999,4201,0.0013601,0.00034152,0,4426675,0 NINJASAT,1 58341U 23174CP  24223.43768151  .00034152  00000-0  13601-2 0  9994,2 58341  97.4518 298.3433 0008315  18.8341 341.3203 15.25127523 42017,2023-174CP,58341,6868.54,94.418,496.116,484.693,0
GENERATED VIA SPACETRACK.ORG API,18 SPCS,58341,NINJASAT,PAYLOAD,U,23174CP,2024/8/10 13:39,71456,15.25138736,0.0008322,97.4518,298.4739,18.3125,341.841,0,999,4203,0.0014105,0.00035438,0,4427093,0 NINJASAT,1 58341U 23174CP  24223.56890129  .00035438  00000-0  14105-2 0  9997,2 58341  97.4518 298.4739 0008322  18.3125 341.8410 15.25138736 42035,2023-174CP,58341,6868.506,94.418,496.087,484.655,0
GENERATED VIA SPACETRACK.ORG API,18 SPCS,58341,NINJASAT,PAYLOAD,U,23174CP,2024/8/10 18:22,31392,15.25153006,0.0008301,97.4517,298.6698,17.6142,342.5382,0,999,4206,0.0013614,0.00034211,0,4427288,0 NINJASAT,1 58341U 23174CP  24223.76572953  .00034211  00000-0  13614-2 0  9993,2 58341  97.4517 298.6698 0008301  17.6142 342.5382 15.25153006 42064,2023-174CP,58341,6868.463,94.417,496.03,484.627,0
GENERATED VIA SPACETRACK.ORG API,18 SPCS,58341,NINJASAT,PAYLOAD,U,23174CP,2024/8/10 21:31,219936,15.25165241,0.0008336,97.4518,298.8001,17.1756,342.9762,0,999,4208,0.0014809,0.00037249,0,4427718,0 NINJASAT,1 58341U 23174CP  24223.89694699  .00037249  00000-0  14809-2 0  9990,2 58341  97.4518 298.8001 0008336  17.1756 342.9762 15.25165241 42081,2023-174CP,58341,6868.426,94.416,496.017,484.566,0
GENERATED VIA SPACETRACK.ORG API,18 SPCS,58341,NINJASAT,PAYLOAD,U,23174CP,2024/8/11 2:15,871424,15.25182197,0.0008315,97.4518,298.9962,16.2859,343.8645,0,999,4211,0.0015472,0.00038948,0,4427914,0 NINJASAT,1 58341U 23174CP  24224.09377166  .00038948  00000-0  15472-2 0  9994,2 58341  97.4518 298.9962 0008315  16.2859 343.8645 15.25182197 42112,2023-174CP,58341,6868.375,94.415,495.951,484.529,0
GENERATED VIA SPACETRACK.ORG API,18 SPCS,58341,NINJASAT,PAYLOAD,U,23174CP,2024/8/11 8:32,737024,15.2520628,0.0008276,97.4518,299.2574,15.4214,344.7274,0,999,4215,0.0016243,0.00040933,0,4428572,0 NINJASAT,1 58341U 23174CP  24224.35620066  .00040933  00000-0  16243-2 0  9997,2 58341  97.4518 299.2574 0008276  15.4214 344.7274 15.25206280 42159,2023-174CP,58341,6868.303,94.413,495.852,484.484,0
GENERATED VIA SPACETRACK.ORG API,18 SPCS,58341,NINJASAT,PAYLOAD,U,23174CP,2024/8/11 19:34,128320,15.25252816,0.0008257,97.4518,299.7147,13.997,346.1495,0,999,4222,0.0018499,0.00046729,0,4429394,0 NINJASAT,1 58341U 23174CP  24224.81544130  .00046729  00000-0  18499-2 0  9999,2 58341  97.4518 299.7147 0008257  13.9970 346.1495 15.25252816 42226,2023-174CP,58341,6868.163,94.411,495.699,484.357,0
GENERATED VIA SPACETRACK.ORG API,18 SPCS,58341,NINJASAT,PAYLOAD,U,23174CP,2024/8/11 21:08,383040,15.25258129,0.000824,97.4518,299.78,13.7678,346.3783,0,999,4223,0.0018363,0.0004639,0,4429963,0 NINJASAT,1 58341U 23174CP  24224.88104610  .00046390  00000-0  18363-2 0  9995,2 58341  97.4518 299.7800 0008240  13.7678 346.3783 15.25258129 42233,2023-174CP,58341,6868.147,94.41,495.672,484.353,0
GENERATED VIA SPACETRACK.ORG API,18 SPCS,58341,NINJASAT,PAYLOAD,U,23174CP,2024/8/12 3:26,166048,15.25282848,0.0008229,97.4517,300.0414,12.7924,347.3521,0,999,4227,0.0018222,0.00046065,0,4430130,0 NINJASAT,1 58341U 23174CP  24225.14346257  .00046065  00000-0  18222-2 0  9993,2 58341  97.4517 300.0414 0008229  12.7924 347.3521 15.25282848 42279,2023-174CP,58341,6868.073,94.409,495.59,484.286,0
GENERATED VIA SPACETRACK.ORG API,18 SPCS,58341,NINJASAT,PAYLOAD,U,23174CP,2024/8/12 11:18,459008,15.25329839,0.0008183,97.4518,300.3682,11.8647,348.2782,0,999,4232,0.0030417,0.00077372,0,4430943,0 NINJASAT,1 58341U 23174CP  24225.47147522  .00077372  00000-0  30417-2 0  9998,2 58341  97.4518 300.3682 0008183  11.8647 348.2782 15.25329839 42328,2023-174CP,58341,6867.932,94.406,495.417,484.177,0
GENERATED VIA SPACETRACK.ORG API,18 SPCS,58341,NINJASAT,PAYLOAD,U,23174CP,2024/8/12 12:53,414784,15.25339475,0.0008186,97.4518,300.4335,11.4392,348.703,0,999,4233,0.0031281,0.00079619,0,4431433,0 NINJASAT,1 58341U 23174CP  24225.53707656  .00079619  00000-0  31281-2 0  9991,2 58341  97.4518 300.4335 0008186  11.4392 348.7030 15.25339475 42339,2023-174CP,58341,6867.903,94.405,495.39,484.146,0
GENERATED VIA SPACETRACK.ORG API,18 SPCS,58341,NINJASAT,PAYLOAD,U,23174CP,2024/8/12 17:36,28960,15.25372146,0.0008173,97.4517,300.6294,10.6418,349.4992,0,999,4236,0.0031258,0.00079638,0,4431486,0 NINJASAT,1 58341U 23174CP  24225.73387765  .00079638  00000-0  31258-2 0  9993,2 58341  97.4517 300.6294 0008173  10.6418 349.4992 15.25372146 42360,2023-174CP,58341,6867.805,94.403,495.283,484.057,0
GENERATED VIA SPACETRACK.ORG API,18 SPCS,58341,NINJASAT,PAYLOAD,U,23174CP,2024/8/12 22:20,426272,15.25400135,0.0008117,97.4517,300.8251,9.8976,350.242,0,999,4239,0.0036424,0.00093055,0,4432249,0 NINJASAT,1 58341U 23174CP  24225.93067623  .00093055  00000-0  36424-2 0  9992,2 58341  97.4517 300.8251 0008117   9.8976 350.2420 15.25400135 42391,2023-174CP,58341,6867.721,94.401,495.161,484.012,0
GENERATED VIA SPACETRACK.ORG API,18 SPCS,58341,NINJASAT,PAYLOAD,U,23174CP,2024/8/13 4:38,150368,15.25415212,0.0008043,97.4517,301.0863,8.8092,351.3285,0,999,4243,0.001113,0.00028151,0,4432359,0 NINJASAT,1 58341U 23174CP  24226.19306887  .00028151  00000-0  11130-2 0  9991,2 58341  97.4517 301.0863 0008043   8.8092 351.3285 15.25415212 42437,2023-174CP,58341,6867.676,94.401,495.065,484.017,0
GENERATED VIA SPACETRACK.ORG API,18 SPCS,58341,NINJASAT,PAYLOAD,U,23174CP,2024/8/13 10:55,420864,15.25445974,0.0008081,97.4517,301.3479,7.8251,352.3111,0,999,4247,0.001449,0.00036748,0,4433446,0 NINJASAT,1 58341U 23174CP  24226.45545626  .00036748  00000-0  14490-2 0  9999,2 58341  97.4517 301.3479 0008081   7.8251 352.3111 15.25445974 42472,2023-174CP,58341,6867.584,94.399,494.998,483.899,0
GENERATED VIA SPACETRACK.ORG API,18 SPCS,58341,NINJASAT,PAYLOAD,U,23174CP,2024/8/13 14:04,458912,15.2545913,0.00081,97.4517,301.4786,6.9872,353.1478,0,999,4249,0.0015884,0.00040326,0,4434080,0 NINJASAT,1 58341U 23174CP  24226.58664883  .00040326  00000-0  15884-2 0  9995,2 58341  97.4517 301.4786 0008100   6.9872 353.1478 15.25459130 42491,2023-174CP,58341,6867.544,94.398,494.972,483.846,0
GENERATED VIA SPACETRACK.ORG API,18 SPCS,58341,NINJASAT,PAYLOAD,U,23174CP,2024/8/13 20:22,275808,15.25478748,0.0008059,97.4516,301.7396,5.6366,354.4961,0,999,4253,0.0013622,0.00034566,0,4434288,0 NINJASAT,1 58341U 23174CP  24226.84903097  .00034566  00000-0  13622-2 0  9994,2 58341  97.4516 301.7396 0008059   5.6366 354.4961 15.25478748 42539,2023-174CP,58341,6867.485,94.397,494.885,483.816,0
GENERATED VIA SPACETRACK.ORG API,18 SPCS,58341,NINJASAT,PAYLOAD,U,23174CP,2024/8/13 20:22,275808,15.25478748,0.0008059,97.4516,301.7396,5.6366,354.4961,0,999,4253,0.0013622,0.00034566,0,4434793,0 NINJASAT,1 58341U 23174CP  24226.84903097  .00034566  00000-0  13622-2 0  9994,2 58341  97.4516 301.7396 0008059   5.6366 354.4961 15.25478748 42539,2023-174CP,58341,6867.485,94.397,494.885,483.816,0
GENERATED VIA SPACETRACK.ORG API,18 SPCS,58341,NINJASAT,PAYLOAD,U,23174CP,2024/8/16 19:12,769152,15.25699277,0.0007865,97.4524,304.6796,354.8246,5.2909,0,999,4298,0.0014722,0.00037625,0,4439271,0 NINJASAT,1 58341U 23174CP  24229.80059918  .00037625  00000-0  14722-2 0  9998,2 58341  97.4524 304.6796 0007865 354.8246   5.2909 15.25699277 42988,2023-174CP,58341,6866.823,94.383,494.089,483.288,0
GENERATED VIA SPACETRACK.ORG API,18 SPCS,58341,NINJASAT,PAYLOAD,U,23174CP,2024/8/17 4:39,117824,15.25724509,0.0007826,97.4523,305.0717,353.0175,7.0953,0,999,4304,0.0013028,0.00033293,0,4439912,0 NINJASAT,1 58341U 23174CP  24230.19411016  .00033293  00000-0  13028-2 0  9998,2 58341  97.4523 305.0717 0007826 353.0175   7.0953 15.25724509 43048,2023-174CP,58341,6866.748,94.381,493.987,483.239,0
GENERATED VIA SPACETRACK.ORG API,18 SPCS,58341,NINJASAT,PAYLOAD,U,23174CP,2024/8/17 10:57,6976,15.25745605,0.0007822,97.4524,305.3331,352.063,8.0483,0,999,4308,0.0014623,0.00037422,0,4440464,0 NINJASAT,1 58341U 23174CP  24230.45644684  .00037422  00000-0  14623-2 0  9996,2 58341  97.4524 305.3331 0007822 352.0630   8.0483 15.25745605 43088,2023-174CP,58341,6866.684,94.38,493.921,483.178,0
GENERATED VIA SPACETRACK.ORG API,18 SPCS,58341,NINJASAT,PAYLOAD,U,23174CP,2024/8/17 12:31,434336,15.25750598,0.0007826,97.4524,305.3984,351.7938,8.317,0,999,4309,0.0014746,0.00037745,0,4440885,0 NINJASAT,1 58341U 23174CP  24230.52203049  .00037745  00000-0  14746-2 0  9994,2 58341  97.4524 305.3984 0007826 351.7938   8.3170 15.25750598 43097,2023-174CP,58341,6866.669,94.38,493.908,483.161,0
GENERATED VIA SPACETRACK.ORG API,18 SPCS,58341,NINJASAT,PAYLOAD,U,23174CP,2024/8/17 18:49,984800,15.25768842,0.0007818,97.4523,305.6598,350.5514,9.5576,0,999,4313,0.0014515,0.0003717,0,4441014,0 NINJASAT,1 58341U 23174CP  24230.78436325  .00037170  00000-0  14515-2 0  9993,2 58341  97.4523 305.6598 0007818 350.5514   9.5576 15.25768842 43137,2023-174CP,58341,6866.615,94.379,493.848,483.111,0
GENERATED VIA SPACETRACK.ORG API,18 SPCS,58341,NINJASAT,PAYLOAD,U,23174CP,2024/8/17 20:23,307616,15.25774992,0.000781,97.4523,305.7252,350.153,9.9554,0,999,4314,0.0015315,0.0003924,0,4441361,0 NINJASAT,1 58341U 23174CP  24230.84994569  .00039240  00000-0  15315-2 0  9998,2 58341  97.4523 305.7252 0007810 350.1530   9.9554 15.25774992 43145,2023-174CP,58341,6866.596,94.378,493.824,483.098,0
GENERATED VIA SPACETRACK.ORG API,18 SPCS,58341,NINJASAT,PAYLOAD,U,23174CP,2024/8/18 4:16,722112,15.25800535,0.0007796,97.4522,306.052,348.738,11.3683,0,999,4319,0.0015896,0.00040771,0,4441582,0 NINJASAT,1 58341U 23174CP  24231.17785558  .00040771  00000-0  15896-2 0  9996,2 58341  97.4522 306.0520 0007796 348.7380  11.3683 15.25800535 43193,2023-174CP,58341,6866.52,94.377,493.738,483.031,0
GENERATED VIA SPACETRACK.ORG API,18 SPCS,58341,NINJASAT,PAYLOAD,U,23174CP,2024/8/18 4:16,722112,15.25800535,0.0007796,97.4522,306.052,348.738,11.3683,0,999,4319,0.0015896,0.00040771,0,4442839,0 NINJASAT,1 58341U 23174CP  24231.17785558  .00040771  00000-0  15896-2 0  9996,2 58341  97.4522 306.0520 0007796 348.7380  11.3683 15.25800535 43193,2023-174CP,58341,6866.52,94.377,493.738,483.031,0
GENERATED VIA SPACETRACK.ORG API,18 SPCS,58341,NINJASAT,PAYLOAD,U,23174CP,2024/8/18 10:33,481152,15.25822433,0.0007764,97.4522,306.3134,347.605,12.4996,0,999,4323,0.0016619,0.00042667,0,4442197,0 NINJASAT,1 58341U 23174CP  24231.44017918  .00042667  00000-0  16619-2 0  9994,2 58341  97.4522 306.3134 0007764 347.6050  12.4996 15.25822433 43239,2023-174CP,58341,6866.454,94.375,493.65,482.988,0
GENERATED VIA SPACETRACK.ORG API,18 SPCS,58341,NINJASAT,PAYLOAD,U,23174CP,2024/8/18 20:00,21824,15.25851987,0.0007748,97.4521,306.7055,346.0405,14.0617,0,999,4329,0.0014856,0.00038144,0,4442965,0 NINJASAT,1 58341U 23174CP  24231.83365766  .00038144  00000-0  14856-2 0  9990,2 58341  97.4521 306.7055 0007748 346.0405  14.0617 15.25851987 43293,2023-174CP,58341,6866.365,94.374,493.55,482.91,0
GENERATED VIA SPACETRACK.ORG API,18 SPCS,58341,NINJASAT,PAYLOAD,U,23174CP,2024/8/18 21:34,53472,15.25856495,0.0007742,97.4521,306.7709,345.817,14.2849,0,999,4330,0.0014765,0.00037914,0,4443368,0 NINJASAT,1 58341U 23174CP  24231.89923673  .00037914  00000-0  14765-2 0  9996,2 58341  97.4521 306.7709 0007742 345.8170  14.2849 15.25856495 43309,2023-174CP,58341,6866.352,94.373,493.533,482.901,0
GENERATED VIA SPACETRACK.ORG API,18 SPCS,58341,NINJASAT,PAYLOAD,U,23174CP,2024/8/19 3:52,996896,15.25874564,0.0007736,97.452,307.0323,344.6714,15.4288,0,999,4334,0.0013525,0.00034728,0,4443476,0 NINJASAT,1 58341U 23174CP  24232.16155089  .00034728  00000-0  13525-2 0  9998,2 58341  97.4520 307.0323 0007736 344.6714  15.4288 15.25874564 43349,2023-174CP,58341,6866.298,94.372,493.474,482.851,0
GENERATED VIA SPACETRACK.ORG API,18 SPCS,58341,NINJASAT,PAYLOAD,U,23174CP,2024/8/19 11:44,540832,15.25897375,0.0007709,97.4521,307.3591,343.4091,16.6894,0,999,4339,0.0013285,0.00034131,0,4444183,0 NINJASAT,1 58341U 23174CP  24232.48943913  .00034131  00000-0  13285-2 0  9995,2 58341  97.4521 307.3591 0007709 343.4091  16.6894 15.25897375 43391,2023-174CP,58341,6866.229,94.371,493.387,482.801,0
GENERATED VIA SPACETRACK.ORG API,18 SPCS,58341,NINJASAT,PAYLOAD,U,23174CP,2024/8/19 13:19,395360,15.25902097,0.0007705,97.4521,307.4245,343.1343,16.9638,0,999,4340,0.001318,0.00033864,0,4444727,0 NINJASAT,1 58341U 23174CP  24232.55501615  .00033864  00000-0  13180-2 0  9998,2 58341  97.4521 307.4245 0007705 343.1343  16.9638 15.25902097 43400,2023-174CP,58341,6866.215,94.37,493.37,482.79,0
GENERATED VIA SPACETRACK.ORG API,18 SPCS,58341,NINJASAT,PAYLOAD,U,23174CP,2024/8/19 19:36,665728,15.25920424,0.0007674,97.452,307.686,342.3728,17.7243,0,999,4344,0.0013128,0.00033748,0,4444925,0 NINJASAT,1 58341U 23174CP  24232.81732252  .00033748  00000-0  13128-2 0  9993,2 58341  97.4520 307.6860 0007674 342.3728  17.7243 15.25920424 43446,2023-174CP,58341,6866.16,94.369,493.294,482.756,0
GENERATED VIA SPACETRACK.ORG API,18 SPCS,58341,NINJASAT,PAYLOAD,U,23174CP,2024/8/20 5:03,61088,15.25949503,0.0007637,97.4519,308.0781,340.9015,19.1936,0,999,4350,0.0013955,0.0003592,0,4445450,0 NINJASAT,1 58341U 23174CP  24233.21077617  .00035920  00000-0  13955-2 0  9997,2 58341  97.4519 308.0781 0007637 340.9015  19.1936 15.25949503 43504,2023-174CP,58341,6866.073,94.367,493.181,482.694,0
GENERATED VIA SPACETRACK.ORG API,18 SPCS,58341,NINJASAT,PAYLOAD,U,23174CP,2024/8/20 11:21,620384,15.25968804,0.0007604,97.4518,308.3396,340.0197,20.0742,0,999,4354,0.0014248,0.000367,0,4446023,0 NINJASAT,1 58341U 23174CP  24233.47307431  .00036700  00000-0  14248-2 0  9998,2 58341  97.4518 308.3396 0007604 340.0197  20.0742 15.25968804 43549,2023-174CP,58341,6866.015,94.366,493.101,482.659,0
GENERATED VIA SPACETRACK.ORG API,18 SPCS,58341,NINJASAT,PAYLOAD,U,23174CP,2024/8/20 12:55,218304,15.25973523,0.0007604,97.4518,308.405,339.8023,20.2913,0,999,4355,0.001413,0.00036399,0,4446563,0 NINJASAT,1 58341U 23174CP  24233.53864836  .00036399  00000-0  14130-2 0  9996,2 58341  97.4518 308.4050 0007604 339.8023  20.2913 15.25973523 43558,2023-174CP,58341,6866.001,94.366,493.087,482.645,0
GENERATED VIA SPACETRACK.ORG API,18 SPCS,58341,NINJASAT,PAYLOAD,U,23174CP,2024/8/20 19:13,447552,15.25990455,0.0007589,97.4516,308.6664,338.7207,21.3714,0,999,4359,0.0013041,0.00033593,0,4446766,0 NINJASAT,1 58341U 23174CP  24233.80094268  .00033593  00000-0  13041-2 0  9993,2 58341  97.4516 308.6664 0007589 338.7207  21.3714 15.25990455 43591,2023-174CP,58341,6865.95,94.365,493.025,482.604,0
GENERATED VIA SPACETRACK.ORG API,18 SPCS,58341,NINJASAT,PAYLOAD,U,23174CP,2024/8/21 4:39,324864,15.26017417,0.000756,97.4514,309.0587,336.9355,23.1543,0,999,4365,0.0013559,0.00034965,0,4447226,0 NINJASAT,1 58341U 23174CP  24234.19437876  .00034965  00000-0  13559-2 0  9990,2 58341  97.4514 309.0587 0007560 336.9355  23.1543 15.26017417 43657,2023-174CP,58341,6865.869,94.363,492.925,482.543,0
GENERATED VIA SPACETRACK.ORG API,18 SPCS,58341,NINJASAT,PAYLOAD,U,23174CP,2024/8/21 10:57,916480,15.26033645,0.0007561,97.4512,309.3202,335.8436,24.2447,0,999,4369,0.0013179,0.00033995,0,4447818,0 NINJASAT,1 58341U 23174CP  24234.45666570  .00033995  00000-0  13179-2 0  9994,2 58341  97.4512 309.3202 0007561 335.8436  24.2447 15.26033645 43691,2023-174CP,58341,6865.82,94.362,492.877,482.494,0
GENERATED VIA SPACETRACK.ORG API,18 SPCS,58341,NINJASAT,PAYLOAD,U,23174CP,2024/8/21 14:06,626752,15.2604184,0.0007577,97.4512,309.4509,335.2286,24.8587,0,999,4371,0.0012845,0.00033136,0,4448368,0 NINJASAT,1 58341U 23174CP  24234.58780818  .00033136  00000-0  12845-2 0  9996,2 58341  97.4512 309.4509 0007577 335.2286  24.8587 15.26041840 43716,2023-174CP,58341,6865.796,94.362,492.863,482.459,0
GENERATED VIA SPACETRACK.ORG API,18 SPCS,58341,NINJASAT,PAYLOAD,U,23174CP,2024/8/21 17:15,267904,15.26050203,0.0007577,97.4511,309.5816,334.5707,25.5157,0,999,4373,0.0012513,0.00032282,0,4448462,0 NINJASAT,1 58341U 23174CP  24234.71894986  .00032282  00000-0  12513-2 0  9996,2 58341  97.4511 309.5816 0007577 334.5707  25.5157 15.26050203 43733,2023-174CP,58341,6865.771,94.361,492.838,482.433,0
GENERATED VIA SPACETRACK.ORG API,18 SPCS,58341,NINJASAT,PAYLOAD,U,23174CP,2024/8/21 18:49,571200,15.26053125,0.0007591,97.4511,309.647,334.3472,25.7388,0,999,4374,0.0012049,0.0003108,0,4448599,0 NINJASAT,1 58341U 23174CP  24234.78452050  .00031080  00000-0  12049-2 0  9994,2 58341  97.4511 309.6470 0007591 334.3472  25.7388 15.26053125 43748,2023-174CP,58341,6865.762,94.361,492.839,482.415,0
GENERATED VIA SPACETRACK.ORG API,18 SPCS,58341,NINJASAT,PAYLOAD,U,23174CP,2024/8/21 20:24,854624,15.26057098,0.0007583,97.451,309.7123,333.987,26.0986,0,999,4375,0.0012197,0.00031468,0,4449034,0 NINJASAT,1 58341U 23174CP  24234.85009091  .00031468  00000-0  12197-2 0  9999,2 58341  97.4510 309.7123 0007583 333.9870  26.0986 15.26057098 43753,2023-174CP,58341,6865.75,94.361,492.821,482.409,0
GENERATED VIA SPACETRACK.ORG API,18 SPCS,58341,NINJASAT,PAYLOAD,U,23174CP,2024/8/22 4:16,83392,15.26078734,0.0007586,97.4508,310.0392,332.5925,27.4912,0,999,4380,0.0013048,0.00033701,0,4449084,0 NINJASAT,1 58341U 23174CP  24235.17794078  .00033701  00000-0  13048-2 0  9999,2 58341  97.4508 310.0392 0007586 332.5925  27.4912 15.26078734 43802,2023-174CP,58341,6865.685,94.359,492.758,482.342,0
GENERATED VIA SPACETRACK.ORG API,18 SPCS,58341,NINJASAT,PAYLOAD,U,23174CP,2024/8/22 13:42,21024,15.26103454,0.0007568,97.4506,310.4313,330.9726,29.1091,0,999,4386,0.0013044,0.00033715,0,4449626,0 NINJASAT,1 58341U 23174CP  24235.57135441  .00033715  00000-0  13044-2 0  9997,2 58341  97.4506 310.4313 0007568 330.9726  29.1091 15.26103454 43869,2023-174CP,58341,6865.611,94.358,492.672,482.28,0
GENERATED VIA SPACETRACK.ORG API,18 SPCS,58341,NINJASAT,PAYLOAD,U,23174CP,2024/8/22 18:26,280320,15.26116255,0.0007561,97.4505,310.6274,330.1677,29.9129,0,999,4389,0.0012904,0.00033364,0,4449908,0 NINJASAT,1 58341U 23174CP  24235.76805880  .00033364  00000-0  12904-2 0  9993,2 58341  97.4505 310.6274 0007561 330.1677  29.9129 15.26116255 43892,2023-174CP,58341,6865.573,94.357,492.629,482.247,0
GENERATED VIA SPACETRACK.ORG API,18 SPCS,58341,NINJASAT,PAYLOAD,U,23174CP,2024/8/22 20:00,336512,15.26119374,0.0007546,97.4504,310.6927,329.9153,30.165,0,999,4390,0.0012549,0.00032443,0,4450627,0 NINJASAT,1 58341U 23174CP  24235.83362658  .00032443  00000-0  12549-2 0  9994,2 58341  97.4504 310.6927 0007546 329.9153  30.1650 15.26119374 43904,2023-174CP,58341,6865.563,94.357,492.609,482.247,0
GENERATED VIA SPACETRACK.ORG API,18 SPCS,58341,NINJASAT,PAYLOAD,U,23174CP,2024/8/22 23:09,413472,15.26127468,0.0007546,97.4504,310.8234,329.452,30.6278,0,999,4392,0.0012786,0.00033068,0,4451070,0 NINJASAT,1 58341U 23174CP  24235.96476173  .00033068  00000-0  12786-2 0  9993,2 58341  97.4504 310.8234 0007546 329.4520  30.6278 15.26127468 43926,2023-174CP,58341,6865.539,94.356,492.585,482.223,0
GENERATED VIA SPACETRACK.ORG API,18 SPCS,58341,NINJASAT,PAYLOAD,U,23174CP,2024/8/23 3:52,418752,15.26140185,0.000754,97.4504,311.0195,328.6545,31.4243,0,999,4395,0.0012765,0.00033026,0,4451288,0 NINJASAT,1 58341U 23174CP  24236.16146318  .00033026  00000-0  12765-2 0  9992,2 58341  97.4504 311.0195 0007540 328.6545  31.4243 15.26140185 43952,2023-174CP,58341,6865.501,94.356,492.542,482.189,0
GENERATED VIA SPACETRACK.ORG API,18 SPCS,58341,NINJASAT,PAYLOAD,U,23174CP,2024/8/23 11:44,125152,15.26158574,0.0007498,97.4504,311.3462,327.3907,32.6868,0,999,4400,0.0012191,0.00031549,0,4451903,0 NINJASAT,1 58341U 23174CP  24236.48929543  .00031549  00000-0  12191-2 0  9997,2 58341  97.4504 311.3462 0007498 327.3907  32.6868 15.26158574 44006,2023-174CP,58341,6865.446,94.355,492.458,482.163,0
GENERATED VIA SPACETRACK.ORG API,18 SPCS,58341,NINJASAT,PAYLOAD,U,23174CP,2024/8/23 13:19,18912,15.26163,0.0007467,97.4503,311.4115,327.0811,32.9961,0,999,4401,0.0012207,0.00031594,0,4452365,0 NINJASAT,1 58341U 23174CP  24236.55486133  .00031594  00000-0  12207-2 0  9996,2 58341  97.4503 311.4115 0007467 327.0811  32.9961 15.26163000 44016,2023-174CP,58341,6865.432,94.354,492.424,482.171,0
GENERATED VIA SPACETRACK.ORG API,18 SPCS,58341,NINJASAT,PAYLOAD,U,23174CP,2024/8/23 16:27,786560,15.26169951,0.0007444,97.4502,311.5422,326.6291,33.4477,0,999,4403,0.0011587,0.00029986,0,4452442,0 NINJASAT,1 58341U 23174CP  24236.68599290  .00029986  00000-0  11587-2 0  9991,2 58341  97.4502 311.5422 0007444 326.6291  33.4477 15.26169951 44030,2023-174CP,58341,6865.412,94.354,492.387,482.166,0
GENERATED VIA SPACETRACK.ORG API,18 SPCS,58341,NINJASAT,PAYLOAD,U,23174CP,2024/8/24 5:03,265312,15.26200362,0.000743,97.4501,312.0652,324.7833,35.2913,0,999,4411,0.0011836,0.00030662,0,4453063,0 NINJASAT,1 58341U 23174CP  24237.21051233  .00030662  00000-0  11836-2 0  9991,2 58341  97.4501 312.0652 0007430 324.7833  35.2913 15.26200362 44112,2023-174CP,58341,6865.32,94.352,492.286,482.084,0
GENERATED VIA SPACETRACK.ORG API,18 SPCS,58341,NINJASAT,PAYLOAD,U,23174CP,2024/8/24 11:20,117184,15.26216894,0.0007382,97.45,312.3264,323.5283,36.5452,0,999,4415,0.0012146,0.00031486,0,4453761,0 NINJASAT,1 58341U 23174CP  24237.47276756  .00031486  00000-0  12146-2 0  9998,2 58341  97.4500 312.3264 0007382 323.5283  36.5452 15.26216894 44158,2023-174CP,58341,6865.271,94.351,492.204,482.068,0
GENERATED VIA SPACETRACK.ORG API,18 SPCS,58341,NINJASAT,PAYLOAD,U,23174CP,2024/8/24 19:12,374656,15.26237211,0.0007359,97.4499,312.6533,322.1882,37.8839,0,999,4420,0.0012021,0.00031179,0,4454450,0 NINJASAT,1 58341U 23174CP  24237.80058304  .00031179  00000-0  12021-2 0  9993,2 58341  97.4499 312.6533 0007359 322.1882  37.8839 15.26237211 44206,2023-174CP,58341,6865.21,94.35,492.127,482.023,0
GENERATED VIA SPACETRACK.ORG API,18 SPCS,58341,NINJASAT,PAYLOAD,U,23174CP,2024/8/24 20:47,971200,15.2624098,0.0007362,97.4499,312.7187,321.8933,38.1784,0,999,4421,0.0012007,0.00031146,0,4454881,0 NINJASAT,1 58341U 23174CP  24237.86614550  .00031146  00000-0  12007-2 0  9998,2 58341  97.4499 312.7187 0007362 321.8933  38.1784 15.26240980 44210,2023-174CP,58341,6865.199,94.349,492.118,482.009,0
GENERATED VIA SPACETRACK.ORG API,18 SPCS,58341,NINJASAT,PAYLOAD,U,23174CP,2024/8/25 4:39,789760,15.26260537,0.0007371,97.4499,313.0455,320.6912,39.379,0,999,4426,0.001171,0.00030389,0,4455059,0 NINJASAT,1 58341U 23174CP  24238.19395590  .00030389  00000-0  11710-2 0  9993,2 58341  97.4499 313.0455 0007371 320.6912  39.3790 15.26260537 44261,2023-174CP,58341,6865.14,94.348,492.065,481.945,0
GENERATED VIA SPACETRACK.ORG API,18 SPCS,58341,NINJASAT,PAYLOAD,U,23174CP,2024/8/25 10:56,753440,15.2627615,0.000736,97.4498,313.307,319.3916,40.6773,0,999,4430,0.0011603,0.00030123,0,4455643,0 NINJASAT,1 58341U 23174CP  24238.45620085  .00030123  00000-0  11603-2 0  9999,2 58341  97.4498 313.3070 0007360 319.3916  40.6773 15.26276150 44302,2023-174CP,58341,6865.093,94.347,492.011,481.905,0
GENERATED VIA SPACETRACK.ORG API,18 SPCS,58341,NINJASAT,PAYLOAD,U,23174CP,2024/8/25 12:31,210880,15.26280246,0.0007362,97.4498,313.3723,319.1131,40.9555,0,999,4431,0.0011594,0.00030103,0,4456157,0 NINJASAT,1 58341U 23174CP  24238.52176170  .00030103  00000-0  11594-2 0  9995,2 58341  97.4498 313.3723 0007362 319.1131  40.9555 15.26280246 44319,2023-174CP,58341,6865.081,94.347,492,481.892,0
GENERATED VIA SPACETRACK.ORG API,18 SPCS,58341,NINJASAT,PAYLOAD,U,23174CP,2024/8/25 18:48,912768,15.2629543,0.000737,97.4498,313.6337,317.6614,42.4055,0,999,4435,0.0011349,0.00029477,0,4456244,0 NINJASAT,1 58341U 23174CP  24238.78400362  .00029477  00000-0  11349-2 0  9996,2 58341  97.4498 313.6337 0007370 317.6614  42.4055 15.26295430 44358,2023-174CP,58341,6865.035,94.346,491.96,481.841,0
GENERATED VIA SPACETRACK.ORG API,18 SPCS,58341,NINJASAT,PAYLOAD,U,23174CP,2024/8/25 21:57,700640,15.26300138,0.0007388,97.4498,313.7645,317.1862,42.88,0,999,4437,0.0010519,0.00027312,0,4456728,0 NINJASAT,1 58341U 23174CP  24238.91512385  .00027312  00000-0  10519-2 0  9994,2 58341  97.4498 313.7645 0007388 317.1862  42.8800 15.26300138 44376,2023-174CP,58341,6865.021,94.346,491.958,481.814,0
GENERATED VIA SPACETRACK.ORG API,18 SPCS,58341,NINJASAT,PAYLOAD,U,23174CP,2024/8/26 4:15,102720,15.26315255,0.0007417,97.4498,314.0259,316.1446,43.9203,0,999,4441,0.0010785,0.0002802,0,4456829,0 NINJASAT,1 58341U 23174CP  24239.17736230  .00028020  00000-0  10785-2 0  9992,2 58341  97.4498 314.0259 0007417 316.1446  43.9203 15.26315255 44411,2023-174CP,58341,6864.976,94.345,491.933,481.749,0
GENERATED VIA SPACETRACK.ORG API,18 SPCS,58341,NINJASAT,PAYLOAD,U,23174CP,2024/8/26 12:07,526784,15.26334334,0.0007402,97.4499,314.3525,314.5,45.5632,0,999,4446,0.0011405,0.00029658,0,4457387,0 NINJASAT,1 58341U 23174CP  24239.50515656  .00029658  00000-0  11405-2 0  9994,2 58341  97.4499 314.3525 0007402 314.5000  45.5632 15.26334334 44461,2023-174CP,58341,6864.919,94.344,491.865,481.702,0
GENERATED VIA SPACETRACK.ORG API,18 SPCS,58341,NINJASAT,PAYLOAD,U,23174CP,2024/8/26 13:41,772544,15.26338494,0.0007399,97.4499,314.4178,314.2352,45.8278,0,999,4447,0.0011482,0.00029864,0,4457823,0 NINJASAT,1 58341U 23174CP  24239.57071496  .00029864  00000-0  11482-2 0  9994,2 58341  97.4499 314.4178 0007399 314.2352  45.8278 15.26338494 44479,2023-174CP,58341,6864.906,94.343,491.85,481.692,0
GENERATED VIA SPACETRACK.ORG API,18 SPCS,58341,NINJASAT,PAYLOAD,U,23174CP,2024/8/26 19:59,627712,15.26354626,0.0007376,97.4499,314.6793,313.2997,46.7626,0,999,4451,0.0012242,0.00031869,0,4457834,0 NINJASAT,1 58341U 23174CP  24239.83294708  .00031869  00000-0  12242-2 0  9999,2 58341  97.4499 314.6793 0007376 313.2997  46.7626 15.26354626 44510,2023-174CP,58341,6864.858,94.342,491.786,481.659,0
GENERATED VIA SPACETRACK.ORG API,18 SPCS,58341,NINJASAT,PAYLOAD,U,23174CP,2024/8/26 21:33,817312,15.26357606,0.0007381,97.4499,314.7448,313.1192,46.9428,0,999,4452,0.0012202,0.00031767,0,4458257,0 NINJASAT,1 58341U 23174CP  24239.89850483  .00031767  00000-0  12202-2 0  9996,2 58341  97.4499 314.7448 0007381 313.1192  46.9428 15.26357606 44524,2023-174CP,58341,6864.849,94.342,491.781,481.647,0
GENERATED VIA SPACETRACK.ORG API,18 SPCS,58341,NINJASAT,PAYLOAD,U,23174CP,2024/8/27 3:51,364032,15.26371944,0.0007385,97.45,315.0062,312.1134,47.9476,0,999,4456,0.0011204,0.00029165,0,4458570,0 NINJASAT,1 58341U 23174CP  24240.16073338  .00029165  00000-0  11204-2 0  9994,2 58341  97.4500 315.0062 0007385 312.1134  47.9476 15.26371944 44561,2023-174CP,58341,6864.806,94.341,491.74,481.601,0
GENERATED VIA SPACETRACK.ORG API,18 SPCS,58341,NINJASAT,PAYLOAD,U,23174CP,2024/8/27 11:43,738336,15.26392911,0.000736,97.4501,315.3326,310.4772,49.5824,0,999,4461,0.0012322,0.00032116,0,4459007,0 NINJASAT,1 58341U 23174CP  24240.48851549  .00032116  00000-0  12322-2 0  9999,2 58341  97.4501 315.3326 0007360 310.4772  49.5824 15.26392911 44618,2023-174CP,58341,6864.743,94.34,491.66,481.556,0
GENERATED VIA SPACETRACK.ORG API,18 SPCS,58341,NINJASAT,PAYLOAD,U,23174CP,2024/8/27 13:17,754272,15.26398313,0.0007348,97.4501,315.398,310.2605,49.7991,0,999,4462,0.0012723,0.00033173,0,4459510,0 NINJASAT,1 58341U 23174CP  24240.55407123  .00033173  00000-0  12723-2 0  9991,2 58341  97.4501 315.3980 0007348 310.2605  49.7991 15.26398313 44623,2023-174CP,58341,6864.727,94.34,491.636,481.548,0
GENERATED VIA SPACETRACK.ORG API,18 SPCS,58341,NINJASAT,PAYLOAD,U,23174CP,2024/8/27 19:35,738528,15.26414338,0.0007301,97.4502,315.6596,309.4501,50.6091,0,999,4466,0.001292,0.00033706,0,4459634,0 NINJASAT,1 58341U 23174CP  24240.81629327  .00033706  00000-0  12920-2 0  9993,2 58341  97.4502 315.6596 0007301 309.4501  50.6091 15.26414338 44666,2023-174CP,58341,6864.679,94.339,491.556,481.532,0
GENERATED VIA SPACETRACK.ORG API,18 SPCS,58341,NINJASAT,PAYLOAD,U,23174CP,2024/8/27 22:44,626976,15.26422604,0.0007298,97.4502,315.7904,309.111,50.9479,0,999,4468,0.0013287,0.00034679,0,4460045,0 NINJASAT,1 58341U 23174CP  24240.94740309  .00034679  00000-0  13287-2 0  9998,2 58341  97.4502 315.7904 0007298 309.1110  50.9479 15.26422604 44688,2023-174CP,58341,6864.654,94.338,491.529,481.509,0
GENERATED VIA SPACETRACK.ORG API,18 SPCS,58341,NINJASAT,PAYLOAD,U,23174CP,2024/8/28 5:01,148128,15.26446887,0.0007293,97.4502,316.0517,308.008,52.0499,0,999,4472,0.0015741,0.00041163,0,4460213,0 NINJASAT,1 58341U 23174CP  24241.20961977  .00041163  00000-0  15741-2 0  9997,2 58341  97.4502 316.0517 0007293 308.0080  52.0499 15.26446887 44720,2023-174CP,58341,6864.581,94.337,491.452,481.44,0
GENERATED VIA SPACETRACK.ORG API,18 SPCS,58341,NINJASAT,PAYLOAD,U,23174CP,2024/8/28 11:19,323680,15.26470835,0.0007268,97.4503,316.3131,306.9745,53.0827,0,999,4476,0.0017415,0.00045608,0,4460807,0 NINJASAT,1 58341U 23174CP  24241.47183245  .00045608  00000-0  17415-2 0  9998,2 58341  97.4503 316.3131 0007268 306.9745  53.0827 15.26470835 44763,2023-174CP,58341,6864.509,94.335,491.363,481.385,0
GENERATED VIA SPACETRACK.ORG API,18 SPCS,58341,NINJASAT,PAYLOAD,U,23174CP,2024/8/28 12:53,36352,15.26480239,0.0007259,97.4503,316.3785,306.6932,53.3639,0,999,4477,0.0018943,0.00049657,0,4461114,0 NINJASAT,1 58341U 23174CP  24241.53738468  .00049657  00000-0  18943-2 0  9993,2 58341  97.4503 316.3785 0007259 306.6932  53.3639 15.26480239 44777,2023-174CP,58341,6864.481,94.335,491.329,481.363,0
GENERATED VIA SPACETRACK.ORG API,18 SPCS,58341,NINJASAT,PAYLOAD,U,23174CP,2024/8/28 19:11,841248,15.26495412,0.0007249,97.4503,316.6399,305.5321,54.5241,0,999,4481,0.0015506,0.00040603,0,4461156,0 NINJASAT,1 58341U 23174CP  24241.79959307  .00040603  00000-0  15506-2 0  9992,2 58341  97.4503 316.6399 0007249 305.5321  54.5241 15.26495412 44816,2023-174CP,58341,6864.436,94.334,491.277,481.325,0
GENERATED VIA SPACETRACK.ORG API,18 SPCS,58341,NINJASAT,PAYLOAD,U,23174CP,2024/8/28 20:45,486528,15.26499984,0.0007261,97.4503,316.7053,305.1834,54.8724,0,999,4482,0.00153,0.00040066,0,4461305,0 NINJASAT,1 58341U 23174CP  24241.86514452  .00040066  00000-0  15300-2 0  9993,2 58341  97.4503 316.7053 0007261 305.1834  54.8724 15.26499984 44821,2023-174CP,58341,6864.422,94.333,491.271,481.303,0
GENERATED VIA SPACETRACK.ORG API,18 SPCS,58341,NINJASAT,PAYLOAD,U,23174CP,2024/8/29 10:55,430048,15.26545508,0.0007281,97.4503,317.2937,302.6054,57.4482,0,999,4491,0.0014401,0.00037747,0,4461621,0 NINJASAT,1 58341U 23174CP  24242.45509757  .00037747  00000-0  14401-2 0  9994,2 58341  97.4503 317.2937 0007281 302.6054  57.4482 15.26545508 44910,2023-174CP,58341,6864.285,94.331,491.148,481.153,0
GENERATED VIA SPACETRACK.ORG API,18 SPCS,58341,NINJASAT,PAYLOAD,U,23174CP,2024/8/29 21:56,365888,15.26574049,0.0007312,97.4503,317.7514,300.7719,59.2799,0,999,4498,0.0012793,0.00033535,0,4462302,0 NINJASAT,1 58341U 23174CP  24242.91393942  .00033535  00000-0  12793-2 0  9995,2 58341  97.4503 317.7514 0007312 300.7719  59.2799 15.26574049 44988,2023-174CP,58341,6864.2,94.329,491.084,481.046,0
GENERATED VIA SPACETRACK.ORG API,18 SPCS,58341,NINJASAT,PAYLOAD,U,23174CP,2024/8/30 4:13,716672,15.26590543,0.000734,97.4504,318.0128,299.5893,60.4614,0,999,4502,0.0012565,0.0003295,0,4462381,0 NINJASAT,1 58341U 23174CP  24243.17613098  .00032950  00000-0  12565-2 0  9998,2 58341  97.4504 318.0128 0007340 299.5893  60.4614 15.26590543 45026,2023-174CP,58341,6864.15,94.328,491.054,480.977,0
GENERATED VIA SPACETRACK.ORG API,18 SPCS,58341,NINJASAT,PAYLOAD,U,23174CP,2024/8/30 10:31,808256,15.266077,0.0007338,97.4504,318.2742,298.3243,61.7255,0,999,4506,0.001311,0.00034407,0,4462817,0 NINJASAT,1 58341U 23174CP  24243.43831954  .00034407  00000-0  13110-2 0  9996,2 58341  97.4504 318.2742 0007338 298.3243  61.7255 15.26607700 45066,2023-174CP,58341,6864.099,94.327,491.001,480.927,0
GENERATED VIA SPACETRACK.ORG API,18 SPCS,58341,NINJASAT,PAYLOAD,U,23174CP,2024/8/30 13:39,250368,15.26619263,0.0007348,97.4504,318.405,297.8255,62.2238,0,999,4508,0.0014401,0.00037832,0,4463476,0 NINJASAT,1 58341U 23174CP  24243.56941262  .00037832  00000-0  14401-2 0  9993,2 58341  97.4504 318.4050 0007348 297.8255  62.2238 15.26619263 45084,2023-174CP,58341,6864.064,94.326,490.973,480.886,0
GENERATED VIA SPACETRACK.ORG API,18 SPCS,58341,NINJASAT,PAYLOAD,U,23174CP,2024/8/30 19:57,873664,15.26641877,0.0007325,97.4504,318.6664,296.798,63.2508,0,999,4512,0.0015866,0.00041739,0,4463369,0 NINJASAT,1 58341U 23174CP  24243.83159576  .00041739  00000-0  15866-2 0  9999,2 58341  97.4504 318.6664 0007325 296.7980  63.2508 15.26641877 45127,2023-174CP,58341,6863.997,94.325,490.889,480.834,0
GENERATED VIA SPACETRACK.ORG API,18 SPCS,58341,NINJASAT,PAYLOAD,U,23174CP,2024/8/30 21:31,984992,15.26646985,0.0007328,97.4504,318.7318,296.6002,63.4485,0,999,4513,0.0016119,0.00042416,0,4463804,0 NINJASAT,1 58341U 23174CP  24243.89714103  .00042416  00000-0  16119-2 0  9993,2 58341  97.4504 318.7318 0007328 296.6002  63.4485 15.26646985 45133,2023-174CP,58341,6863.981,94.324,490.876,480.816,0
GENERATED VIA SPACETRACK.ORG API,18 SPCS,58341,NINJASAT,PAYLOAD,U,23174CP,2024/8/31 3:49,185792,15.26689075,0.0007333,97.4505,318.9933,295.672,64.376,0,999,4517,0.002607,0.00068977,0,4463908,0 NINJASAT,1 58341U 23174CP  24244.15931928  .00068977  00000-0  26070-2 0  9996,2 58341  97.4505 318.9933 0007333 295.6720  64.3760 15.26689075 45178,2023-174CP,58341,6863.855,94.322,490.753,480.687,0
GENERATED VIA SPACETRACK.ORG API,18 SPCS,58341,NINJASAT,PAYLOAD,U,23174CP,2024/8/31 11:41,897440,15.26703449,0.0007305,97.4506,319.3203,294.2988,65.7488,0,999,4522,0.0018077,0.00047691,0,4464399,0 NINJASAT,1 58341U 23174CP  24244.48703585  .00047691  00000-0  18077-2 0  9996,2 58341  97.4506 319.3203 0007305 294.2988  65.7488 15.26703449 45224,2023-174CP,58341,6863.812,94.321,490.691,480.663,0
GENERATED VIA SPACETRACK.ORG API,18 SPCS,58341,NINJASAT,PAYLOAD,U,23174CP,2024/8/31 13:15,766848,15.26709635,0.0007298,97.4506,319.3857,293.9604,66.087,0,999,4523,0.0017917,0.00047275,0,4464732,0 NINJASAT,1 58341U 23174CP  24244.55257832  .00047275  00000-0  17917-2 0  9993,2 58341  97.4506 319.3857 0007298 293.9604  66.0870 15.26709635 45234,2023-174CP,58341,6863.794,94.32,490.668,480.649,0
GENERATED VIA SPACETRACK.ORG API,18 SPCS,58341,NINJASAT,PAYLOAD,U,23174CP,2024/8/31 19:33,70816,15.26730839,0.0007264,97.4505,319.6473,292.9327,67.1145,0,999,4527,0.0016455,0.00043416,0,4464914,0 NINJASAT,1 58341U 23174CP  24244.81474619  .00043416  00000-0  16455-2 0  9995,2 58341  97.4505 319.6473 0007264 292.9327  67.1145 15.26730839 45275,2023-174CP,58341,6863.73,94.319,490.581,480.609,0
GENERATED VIA SPACETRACK.ORG API,18 SPCS,58341,NINJASAT,PAYLOAD,U,23174CP,2024/8/31 21:07,846912,15.2673594,0.0007254,97.4505,319.7127,292.6448,67.4023,0,999,4528,0.0016332,0.00043096,0,4465213,0 NINJASAT,1 58341U 23174CP  24244.88028758  .00043096  00000-0  16332-2 0  9999,2 58341  97.4505 319.7127 0007254 292.6448  67.4023 15.26735940 45289,2023-174CP,58341,6863.715,94.319,490.559,480.601,0
GENERATED VIA SPACETRACK.ORG API,18 SPCS,58341,NINJASAT,PAYLOAD,U,23174CP,2024/9/1 4:59,420672,15.26765039,0.0007243,97.4504,320.0397,291.5206,68.5261,0,999,4533,0.0016535,0.00043674,0,4465564,0 NINJASAT,1 58341U 23174CP  24245.20799098  .00043674  00000-0  16535-2 0  9995,2 58341  97.4504 320.0397 0007243 291.5206  68.5261 15.26765039 45334,2023-174CP,58341,6863.627,94.317,490.464,480.521,0
GENERATED VIA SPACETRACK.ORG API,18 SPCS,58341,NINJASAT,PAYLOAD,U,23174CP,2024/9/1 11:17,878784,15.26787743,0.0007236,97.4504,320.3013,289.9884,70.0575,0,999,4537,0.0016919,0.00044727,0,4466013,0 NINJASAT,1 58341U 23174CP  24245.47014906  .00044727  00000-0  16919-2 0  9998,2 58341  97.4504 320.3013 0007236 289.9884  70.0575 15.26787743 45373,2023-174CP,58341,6863.559,94.316,490.391,480.458,0
GENERATED VIA SPACETRACK.ORG API,18 SPCS,58341,NINJASAT,PAYLOAD,U,23174CP,2024/9/1 19:08,524608,15.26814413,0.0007261,97.4504,320.6283,288.5847,71.4603,0,999,4542,0.0016242,0.00042959,0,4466739,0 NINJASAT,1 58341U 23174CP  24245.79784172  .00042959  00000-0  16242-2 0  9996,2 58341  97.4504 320.6283 0007261 288.5847  71.4603 15.26814413 45425,2023-174CP,58341,6863.479,94.314,490.328,480.361,0
GENERATED VIA SPACETRACK.ORG API,18 SPCS,58341,NINJASAT,PAYLOAD,U,23174CP,2024/9/1 20:43,9536,15.26817631,0.0007259,97.4503,320.6937,288.3493,71.6956,0,999,4543,0.0015496,0.00040976,0,4467281,0 NINJASAT,1 58341U 23174CP  24245.86337974  .00040976  00000-0  15496-2 0  9995,2 58341  97.4503 320.6937 0007259 288.3493  71.6956 15.26817631 45431,2023-174CP,58341,6863.47,94.314,490.317,480.353,0
GENERATED VIA SPACETRACK.ORG API,18 SPCS,58341,NINJASAT,PAYLOAD,U,23174CP,2024/9/2 4:35,143008,15.26840871,0.0007278,97.4502,321.0207,287.0434,73.0007,0,999,4548,0.0014594,0.00038601,0,4467464,0 NINJASAT,1 58341U 23174CP  24246.19106647  .00038601  00000-0  14594-2 0  9993,2 58341  97.4502 321.0207 0007278 287.0434  73.0007 15.26840871 45487,2023-174CP,58341,6863.4,94.312,490.26,480.27,0
GENERATED VIA SPACETRACK.ORG API,18 SPCS,58341,NINJASAT,PAYLOAD,U,23174CP,2024/9/2 12:26,771904,15.2686661,0.0007303,97.4501,321.3477,285.6394,74.4038,0,999,4553,0.0014871,0.0003937,0,4467954,0 NINJASAT,1 58341U 23174CP  24246.51874736  .00039370  00000-0  14871-2 0  9992,2 58341  97.4501 321.3477 0007303 285.6394  74.4038 15.26866610 45530,2023-174CP,58341,6863.323,94.311,490.2,480.176,0
GENERATED VIA SPACETRACK.ORG API,18 SPCS,58341,NINJASAT,PAYLOAD,U,23174CP,2024/9/2 20:18,925600,15.26894364,0.0007352,97.45,321.6748,284.3971,75.6452,0,999,4558,0.0015729,0.00041694,0,4468655,0 NINJASAT,1 58341U 23174CP  24246.84642275  .00041694  00000-0  15729-2 0  9994,2 58341  97.4500 321.6748 0007352 284.3971  75.6452 15.26894364 45589,2023-174CP,58341,6863.24,94.309,490.151,480.059,0
GENERATED VIA SPACETRACK.ORG API,18 SPCS,58341,NINJASAT,PAYLOAD,U,23174CP,2024/9/2 21:53,110720,15.26899188,0.0007365,97.45,321.7401,284.4062,75.6359,0,999,4559,0.0015839,0.00041994,0,4469143,0 NINJASAT,1 58341U 23174CP  24246.91195730  .00041994  00000-0  15839-2 0  9996,2 58341  97.4500 321.7401 0007365 284.4062  75.6359 15.26899188 45598,2023-174CP,58341,6863.225,94.309,490.145,480.036,0
GENERATED VIA SPACETRACK.ORG API,18 SPCS,58341,NINJASAT,PAYLOAD,U,23174CP,2024/9/3 4:10,638656,15.26918327,0.0007381,97.45,322.0018,283.2218,76.8197,0,999,4563,0.0015062,0.00039943,0,4469210,0 NINJASAT,1 58341U 23174CP  24247.17409304  .00039943  00000-0  15062-2 0  9999,2 58341  97.4500 322.0018 0007381 283.2218  76.8197 15.26918327 45639,2023-174CP,58341,6863.168,94.308,490.099,479.967,0
GENERATED VIA SPACETRACK.ORG API,18 SPCS,58341,NINJASAT,PAYLOAD,U,23174CP,2024/9/3 12:02,776288,15.26949697,0.0007402,97.4499,322.3289,281.767,78.2738,0,999,4568,0.0017197,0.00045693,0,4470007,0 NINJASAT,1 58341U 23174CP  24247.50175667  .00045693  00000-0  17197-2 0  9998,2 58341  97.4499 322.3289 0007402 281.7670  78.2738 15.26949697 45684,2023-174CP,58341,6863.074,94.306,490.019,479.859,0
GENERATED VIA SPACETRACK.ORG API,18 SPCS,58341,NINJASAT,PAYLOAD,U,23174CP,2024/9/3 16:45,626624,15.26966041,0.0007408,97.4499,322.525,281.0644,78.9761,0,999,4571,0.0016533,0.00043938,0,4470442,0 NINJASAT,1 58341U 23174CP  24247.69835216  .00043938  00000-0  16533-2 0  9994,2 58341  97.4499 322.5250 0007408 281.0644  78.9761 15.26966041 45713,2023-174CP,58341,6863.025,94.305,489.974,479.806,0
GENERATED VIA SPACETRACK.ORG API,18 SPCS,58341,NINJASAT,PAYLOAD,U,23174CP,2024/9/3 21:28,267872,15.2698357,0.0007429,97.4497,322.7212,280.2706,79.7695,0,999,4574,0.0017142,0.00045593,0,4470760,0 NINJASAT,1 58341U 23174CP  24247.89494523  .00045593  00000-0  17142-2 0  9994,2 58341  97.4497 322.7212 0007429 280.2706  79.7695 15.26983570 45748,2023-174CP,58341,6862.973,94.304,489.936,479.739,0
GENERATED VIA SPACETRACK.ORG API,18 SPCS,58341,NINJASAT,PAYLOAD,U,23174CP,2024/9/4 13:12,786976,15.27043641,0.0007421,97.4496,323.3752,277.9161,82.1236,0,999,4584,0.001912,0.00050992,0,4471112,0 NINJASAT,1 58341U 23174CP  24248.55024059  .00050992  00000-0  19120-2 0  9998,2 58341  97.4496 323.3752 0007421 277.9161  82.1236 15.27043641 45840,2023-174CP,58341,6862.793,94.3,489.75,479.565,0
GENERATED VIA SPACETRACK.ORG API,18 SPCS,58341,NINJASAT,PAYLOAD,U,23174CP,2024/9/4 17:55,623840,15.27063905,0.0007388,97.4495,323.5714,277.2553,82.7846,0,999,4587,0.002041,0.00054496,0,4471208,0 NINJASAT,1 58341U 23174CP  24248.74682435  .00054496  00000-0  20410-2 0  9994,2 58341  97.4495 323.5714 0007388 277.2553  82.7846 15.27063905 45870,2023-174CP,58341,6862.732,94.299,489.667,479.527,0
GENERATED VIA SPACETRACK.ORG API,18 SPCS,58341,NINJASAT,PAYLOAD,U,23174CP,2024/9/4 21:04,691168,15.27072702,0.0007379,97.4494,323.7022,276.5518,83.4881,0,999,4589,0.0018817,0.00050221,0,4472160,0 NINJASAT,1 58341U 23174CP  24248.87787837  .00050221  00000-0  18817-2 0  9990,2 58341  97.4494 323.7022 0007379 276.5518  83.4881 15.27072702 45890,2023-174CP,58341,6862.706,94.298,489.635,479.507,0
GENERATED VIA SPACETRACK.ORG API,18 SPCS,58341,NINJASAT,PAYLOAD,U,23174CP,2024/9/5 4:55,34624,15.27102891,0.000737,97.4493,324.0293,275.3192,84.7206,0,999,4594,0.0018178,0.00048547,0,4471787,0 NINJASAT,1 58341U 23174CP  24249.20550966  .00048547  00000-0  18178-2 0  9997,2 58341  97.4493 324.0293 0007370 275.3192  84.7206 15.27102891 45943,2023-174CP,58341,6862.615,94.296,489.538,479.422,0
GENERATED VIA SPACETRACK.ORG API,18 SPCS,58341,NINJASAT,PAYLOAD,U,23174CP,2024/9/5 11:13,470304,15.27127886,0.0007364,97.4492,324.2909,274.0789,85.9607,0,999,4598,0.001811,0.000484,0,4472492,0 NINJASAT,1 58341U 23174CP  24249.46760961  .00048400  00000-0  18110-2 0  9997,2 58341  97.4492 324.2909 0007364 274.0789  85.9607 15.27127886 45982,2023-174CP,58341,6862.54,94.295,489.459,479.352,0
GENERATED VIA SPACETRACK.ORG API,18 SPCS,58341,NINJASAT,PAYLOAD,U,23174CP,2024/9/5 12:47,765504,15.27133681,0.0007356,97.4492,324.3563,273.8527,86.1871,0,999,4599,0.0017607,0.00047054,0,4472882,0 NINJASAT,1 58341U 23174CP  24249.53313386  .00047054  00000-0  17607-2 0  9994,2 58341  97.4492 324.3563 0007356 273.8527  86.1871 15.27133681 45994,2023-174CP,58341,6862.523,94.294,489.436,479.34,0
GENERATED VIA SPACETRACK.ORG API,18 SPCS,58341,NINJASAT,PAYLOAD,U,23174CP,2024/9/5 19:05,777824,15.27156214,0.0007381,97.4492,324.6181,272.9552,87.0842,0,999,4603,0.0016537,0.00044203,0,4473041,0 NINJASAT,1 58341U 23174CP  24249.79522891  .00044203  00000-0  16537-2 0  9999,2 58341  97.4492 324.6181 0007381 272.9552  87.0842 15.27156214 46030,2023-174CP,58341,6862.455,94.293,489.386,479.255,0
GENERATED VIA SPACETRACK.ORG API,18 SPCS,58341,NINJASAT,PAYLOAD,U,23174CP,2024/9/5 20:39,945152,15.27163336,0.0007389,97.4491,324.6834,272.627,87.4123,0,999,4604,0.0016967,0.00045371,0,4474121,0 NINJASAT,1 58341U 23174CP  24249.86075168  .00045371  00000-0  16967-2 0  9991,2 58341  97.4491 324.6834 0007389 272.6270  87.4123 15.27163336 46046,2023-174CP,58341,6862.434,94.292,489.37,479.228,0
GENERATED VIA SPACETRACK.ORG API,18 SPCS,58341,NINJASAT,PAYLOAD,U,23174CP,2024/9/6 4:31,594304,15.2719309,0.0007414,97.4489,325.0105,271.4513,88.5877,0,999,4609,0.001694,0.0004534,0,4473645,0 NINJASAT,1 58341U 23174CP  24250.18836336  .00045340  00000-0  16940-2 0  9997,2 58341  97.4489 325.0105 0007414 271.4513  88.5877 15.27193090 46098,2023-174CP,58341,6862.345,94.291,489.298,479.122,0
GENERATED VIA SPACETRACK.ORG API,18 SPCS,58341,NINJASAT,PAYLOAD,U,23174CP,2024/9/6 10:48,697696,15.27216738,0.0007448,97.4488,325.2723,270.1712,89.8673,0,999,4613,0.0017086,0.00045767,0,4474319,0 NINJASAT,1 58341U 23174CP  24250.45044789  .00045767  00000-0  17086-2 0  9995,2 58341  97.4488 325.2723 0007448 270.1712  89.8673 15.27216738 46137,2023-174CP,58341,6862.274,94.289,489.25,479.028,0
GENERATED VIA SPACETRACK.ORG API,18 SPCS,58341,NINJASAT,PAYLOAD,U,23174CP,2024/9/6 12:22,661984,15.27224592,0.0007462,97.4487,325.3376,270.0132,90.0252,0,999,4614,0.0017903,0.00047985,0,4474805,0 NINJASAT,1 58341U 23174CP  24250.51596831  .00047985  00000-0  17903-2 0  9994,2 58341  97.4487 325.3376 0007462 270.0132  90.0252 15.27224592 46147,2023-174CP,58341,6862.251,94.289,489.236,478.995,0
GENERATED VIA SPACETRACK.ORG API,18 SPCS,58341,NINJASAT,PAYLOAD,U,23174CP,2024/9/6 20:14,180160,15.27253552,0.0007511,97.4485,325.6646,268.8739,91.1639,0,999,4619,0.0017184,0.00046084,0,4474862,0 NINJASAT,1 58341U 23174CP  24250.84356690  .00046084  00000-0  17184-2 0  9997,2 58341  97.4485 325.6646 0007511 268.8739  91.1639 15.27253552 46195,2023-174CP,58341,6862.164,94.287,489.183,478.875,0
GENERATED VIA SPACETRACK.ORG API,18 SPCS,58341,NINJASAT,PAYLOAD,U,23174CP,2024/9/7 4:06,161792,15.27285215,0.0007538,97.4484,325.9914,267.7227,92.3149,0,999,4624,0.0018028,0.00048413,0,4475400,0 NINJASAT,1 58341U 23174CP  24251.17115928  .00048413  00000-0  18028-2 0  9997,2 58341  97.4484 325.9914 0007538 267.7227  92.3149 15.27285215 46240,2023-174CP,58341,6862.069,94.285,489.107,478.761,0
GENERATED VIA SPACETRACK.ORG API,18 SPCS,58341,NINJASAT,PAYLOAD,U,23174CP,2024/9/7 11:58,529120,15.27318165,0.0007543,97.4483,326.3184,266.4278,93.6099,0,999,4629,0.0019115,0.00051408,0,4476027,0 NINJASAT,1 58341U 23174CP  24251.49874455  .00051408  00000-0  19115-2 0  9995,2 58341  97.4483 326.3184 0007543 266.4278  93.6099 15.27318165 46295,2023-174CP,58341,6861.97,94.283,489.011,478.659,0
GENERATED VIA SPACETRACK.ORG API,18 SPCS,58341,NINJASAT,PAYLOAD,U,23174CP,2024/9/7 19:49,306336,15.27350696,0.0007545,97.4481,326.6455,265.1425,94.8952,0,999,4634,0.0019136,0.00051516,0,4476800,0 NINJASAT,1 58341U 23174CP  24251.82632299  .00051516  00000-0  19136-2 0  9993,2 58341  97.4481 326.6455 0007545 265.1425  94.8952 15.27350696 46341,2023-174CP,58341,6861.873,94.281,488.915,478.561,0
GENERATED VIA SPACETRACK.ORG API,18 SPCS,58341,NINJASAT,PAYLOAD,U,23174CP,2024/9/7 21:24,792832,15.27356992,0.0007543,97.4481,326.7108,264.8899,95.1479,0,999,4635,0.0019307,0.0005199,0,4477330,0 NINJASAT,1 58341U 23174CP  24251.89183788  .00051990  00000-0  19307-2 0  9990,2 58341  97.4481 326.7108 0007543 264.8899  95.1479 15.27356992 46350,2023-174CP,58341,6861.854,94.281,488.895,478.543,0
GENERATED VIA SPACETRACK.ORG API,18 SPCS,58341,NINJASAT,PAYLOAD,U,23174CP,2024/9/8 3:41,534048,15.27380536,0.0007551,97.4481,326.9724,264.0365,96.0014,0,999,4639,0.0018408,0.00049585,0,4477413,0 NINJASAT,1 58341U 23174CP  24252.15389507  .00049585  00000-0  18408-2 0  9995,2 58341  97.4481 326.9724 0007551 264.0365  96.0014 15.27380536 46395,2023-174CP,58341,6861.783,94.279,488.83,478.467,0
GENERATED VIA SPACETRACK.ORG API,18 SPCS,58341,NINJASAT,PAYLOAD,U,23174CP,2024/9/8 11:33,160416,15.27409504,0.0007567,97.4481,327.2994,262.4685,97.5694,0,999,4644,0.0017458,0.00047048,0,4478032,0 NINJASAT,1 58341U 23174CP  24252.48146019  .00047048  00000-0  17458-2 0  9996,2 58341  97.4481 327.2994 0007567 262.4685  97.5694 15.27409504 46445,2023-174CP,58341,6861.697,94.277,488.754,478.369,0
GENERATED VIA SPACETRACK.ORG API,18 SPCS,58341,NINJASAT,PAYLOAD,U,23174CP,2024/9/8 13:07,408448,15.27417082,0.0007567,97.4481,327.3648,262.2925,97.7455,0,999,4645,0.0017885,0.00048219,0,4478647,0 NINJASAT,1 58341U 23174CP  24252.54697232  .00048219  00000-0  17885-2 0  9996,2 58341  97.4481 327.3648 0007567 262.2925  97.7455 15.27417082 46455,2023-174CP,58341,6861.674,94.277,488.731,478.347,0
GENERATED VIA SPACETRACK.ORG API,18 SPCS,58341,NINJASAT,PAYLOAD,U,23174CP,2024/9/8 19:24,210496,15.27441278,0.0007576,97.448,327.6265,261.2112,98.8269,0,999,4649,0.0017479,0.00047151,0,4478894,0 NINJASAT,1 58341U 23174CP  24252.80901864  .00047151  00000-0  17479-2 0  9997,2 58341  97.4480 327.6265 0007576 261.2112  98.8269 15.27441278 46492,2023-174CP,58341,6861.602,94.275,488.665,478.268,0
GENERATED VIA SPACETRACK.ORG API,18 SPCS,58341,NINJASAT,PAYLOAD,U,23174CP,2024/9/8 22:33,465504,15.27454508,0.0007574,97.448,327.7573,260.7385,99.2997,0,999,4651,0.0018155,0.00049009,0,4479279,0 NINJASAT,1 58341U 23174CP  24252.94004011  .00049009  00000-0  18155-2 0  9996,2 58341  97.4480 327.7573 0007574 260.7385  99.2997 15.27454508 46515,2023-174CP,58341,6861.562,94.274,488.624,478.23,0
GENERATED VIA SPACETRACK.ORG API,18 SPCS,58341,NINJASAT,PAYLOAD,U,23174CP,2024/9/9 4:50,718912,15.27480185,0.0007572,97.4479,328.0189,259.8156,100.2229,0,999,4655,0.0018155,0.00049047,0,4479338,0 NINJASAT,1 58341U 23174CP  24253.20208008  .00049047  00000-0  18155-2 0  9990,2 58341  97.4479 328.0189 0007572 259.8156 100.2229 15.27480185 46558,2023-174CP,58341,6861.485,94.273,488.546,478.154,0
GENERATED VIA SPACETRACK.ORG API,18 SPCS,58341,NINJASAT,PAYLOAD,U,23174CP,2024/9/9 11:08,529088,15.27507251,0.0007576,97.4478,328.2806,258.7375,101.3013,0,999,4659,0.0018556,0.00050181,0,4480017,0 NINJASAT,1 58341U 23174CP  24253.46411492  .00050181  00000-0  18556-2 0  9997,2 58341  97.4478 328.2806 0007576 258.7375 101.3013 15.27507251 46591,2023-174CP,58341,6861.404,94.271,488.467,478.071,0
GENERATED VIA SPACETRACK.ORG API,18 SPCS,58341,NINJASAT,PAYLOAD,U,23174CP,2024/9/9 12:42,426336,15.27513838,0.0007578,97.4478,328.346,258.528,101.5108,0,999,4660,0.0018468,0.00049951,0,4480636,0 NINJASAT,1 58341U 23174CP  24253.52962299  .00049951  00000-0  18468-2 0  9995,2 58341  97.4478 328.3460 0007578 258.5280 101.5108 15.27513838 46600,2023-174CP,58341,6861.384,94.271,488.449,478.05,0
GENERATED VIA SPACETRACK.ORG API,18 SPCS,58341,NINJASAT,PAYLOAD,U,23174CP,2024/9/9 18:59,807104,15.27537238,0.0007601,97.4477,328.6076,257.6051,102.4337,0,999,4664,0.0017162,0.00046425,0,4480796,0 NINJASAT,1 58341U 23174CP  24253.79165286  .00046425  00000-0  17162-2 0  9998,2 58341  97.4477 328.6076 0007601 257.6051 102.4337 15.27537238 46646,2023-174CP,58341,6861.314,94.269,488.394,477.964,0
GENERATED VIA SPACETRACK.ORG API,18 SPCS,58341,NINJASAT,PAYLOAD,U,23174CP,2024/9/9 20:34,566976,15.27545034,0.0007609,97.4477,328.673,257.3431,102.6958,0,999,4665,0.0017783,0.0004813,0,4481180,0 NINJASAT,1 58341U 23174CP  24253.85715934  .00048130  00000-0  17783-2 0  9990,2 58341  97.4477 328.6730 0007609 257.3431 102.6958 15.27545034 46655,2023-174CP,58341,6861.291,94.269,488.377,477.935,0
GENERATED VIA SPACETRACK.ORG API,18 SPCS,58341,NINJASAT,PAYLOAD,U,23174CP,2024/9/10 4:25,104544,15.275794,0.0007632,97.4476,329,256.2485,103.7905,0,999,4670,0.0018692,0.00050664,0,4481305,0 NINJASAT,1 58341U 23174CP  24254.18468871  .00050664  00000-0  18692-2 0  9997,2 58341  97.4476 329.0000 0007632 256.2485 103.7905 15.27579400 46706,2023-174CP,58341,6861.188,94.267,488.289,477.816,0
GENERATED VIA SPACETRACK.ORG API,18 SPCS,58341,NINJASAT,PAYLOAD,U,23174CP,2024/9/10 12:17,48544,15.27609384,0.000765,97.4476,329.3271,255.019,105.0203,0,999,4675,0.0017838,0.00048375,0,4482116,0 NINJASAT,1 58341U 23174CP  24254.51221121  .00048375  00000-0  17838-2 0  9996,2 58341  97.4476 329.3271 0007650 255.0190 105.0203 15.27609384 46755,2023-174CP,58341,6861.098,94.265,488.212,477.714,0
GENERATED VIA SPACETRACK.ORG API,18 SPCS,58341,NINJASAT,PAYLOAD,U,23174CP,2024/9/10 20:09,426624,15.27637982,0.0007679,97.4474,329.6542,254.0022,106.0371,0,999,4680,0.0016281,0.0004416,0,4482870,0 NINJASAT,1 58341U 23174CP  24254.83972716  .00044160  00000-0  16281-2 0  9993,2 58341  97.4474 329.6542 0007679 254.0022 106.0371 15.27637982 46809,2023-174CP,58341,6861.012,94.263,488.146,477.609,0
GENERATED VIA SPACETRACK.ORG API,18 SPCS,58341,NINJASAT,PAYLOAD,U,23174CP,2024/9/10 21:43,840896,15.2764434,0.0007682,97.4474,329.7195,253.7293,106.3101,0,999,4681,0.0016684,0.00045271,0,4483177,0 NINJASAT,1 58341U 23174CP  24254.90522964  .00045271  00000-0  16684-2 0  9998,2 58341  97.4474 329.7195 0007682 253.7293 106.3101 15.27644340 46815,2023-174CP,58341,6860.993,94.263,488.129,477.588,0
GENERATED VIA SPACETRACK.ORG API,18 SPCS,58341,NINJASAT,PAYLOAD,U,23174CP,2024/9/11 4:00,288896,15.27669909,0.0007709,97.4475,329.9812,252.9143,107.1252,0,999,4685,0.0017529,0.00047619,0,4483217,0 NINJASAT,1 58341U 23174CP  24255.16723714  .00047619  00000-0  17529-2 0  9990,2 58341  97.4475 329.9812 0007709 252.9143 107.1252 15.27669909 46857,2023-174CP,58341,6860.917,94.261,488.071,477.493,0
GENERATED VIA SPACETRACK.ORG API,18 SPCS,58341,NINJASAT,PAYLOAD,U,23174CP,2024/9/11 11:52,590432,15.27696611,0.000774,97.4476,330.308,251.6315,108.4083,0,999,4690,0.0016471,0.0004476,0,4483842,0 NINJASAT,1 58341U 23174CP  24255.49474063  .00044760  00000-0  16471-2 0  9995,2 58341  97.4476 330.3080 0007740 251.6315 108.4083 15.27696611 46905,2023-174CP,58341,6860.837,94.26,488.012,477.392,0
GENERATED VIA SPACETRACK.ORG API,18 SPCS,58341,NINJASAT,PAYLOAD,U,23174CP,2024/9/11 19:44,381344,15.27728058,0.0007728,97.4477,330.635,250.4358,109.6047,0,999,4695,0.0017551,0.00047764,0,4484741,0 NINJASAT,1 58341U 23174CP  24255.82223821  .00047764  00000-0  17551-2 0  9993,2 58341  97.4477 330.6350 0007728 250.4358 109.6047 15.27728058 46958,2023-174CP,58341,6860.743,94.258,487.91,477.306,0
GENERATED VIA SPACETRACK.ORG API,18 SPCS,58341,NINJASAT,PAYLOAD,U,23174CP,2024/9/11 21:18,476800,15.27733355,0.000774,97.4477,330.7004,250.1442,109.8963,0,999,4696,0.0017551,0.00047772,0,4485202,0 NINJASAT,1 58341U 23174CP  24255.88773700  .00047772  00000-0  17551-2 0  9994,2 58341  97.4477 330.7004 0007740 250.1442 109.8963 15.27733355 46966,2023-174CP,58341,6860.727,94.257,487.902,477.282,0
GENERATED VIA SPACETRACK.ORG API,18 SPCS,58341,NINJASAT,PAYLOAD,U,23174CP,2024/9/12 3:35,644352,15.27757486,0.0007736,97.4478,330.9621,249.3405,110.7005,0,999,4700,0.0017803,0.000485,0,4485267,0 NINJASAT,1 58341U 23174CP  24256.14972968  .00048500  00000-0  17803-2 0  9991,2 58341  97.4478 330.9621 0007736 249.3405 110.7005 15.27757486 47003,2023-174CP,58341,6860.655,94.256,487.827,477.212,0
GENERATED VIA SPACETRACK.ORG API,18 SPCS,58341,NINJASAT,PAYLOAD,U,23174CP,2024/9/12 11:27,274048,15.27788253,0.0007752,97.4479,331.2891,248.0292,112.0123,0,999,4705,0.0017631,0.00048073,0,4485817,0 NINJASAT,1 58341U 23174CP  24256.47721382  .00048073  00000-0  17631-2 0  9993,2 58341  97.4479 331.2891 0007752 248.0292 112.0123 15.27788253 47052,2023-174CP,58341,6860.563,94.254,487.746,477.109,0
GENERATED VIA SPACETRACK.ORG API,18 SPCS,58341,NINJASAT,PAYLOAD,U,23174CP,2024/9/12 11:27,274048,15.27788253,0.0007752,97.4479,331.2891,248.0292,112.0123,0,999,4705,0.0017631,0.00048073,0,4486509,0 NINJASAT,1 58341U 23174CP  24256.47721382  .00048073  00000-0  17631-2 0  9993,2 58341  97.4479 331.2891 0007752 248.0292 112.0123 15.27788253 47052,2023-174CP,58341,6860.563,94.254,487.746,477.109,0
GENERATED VIA SPACETRACK.ORG API,18 SPCS,58341,NINJASAT,PAYLOAD,U,23174CP,2024/9/12 19:18,177984,15.27835153,0.0007743,97.4479,331.6163,246.7694,113.273,0,999,4710,0.0024,0.00065712,0,4486811,0 NINJASAT,1 58341U 23174CP  24256.80468956  .00065712  00000-0  24000-2 0  9992,2 58341  97.4479 331.6163 0007743 246.7694 113.2730 15.27835153 47104,2023-174CP,58341,6860.422,94.251,487.599,476.975,0
GENERATED VIA SPACETRACK.ORG API,18 SPCS,58341,NINJASAT,PAYLOAD,U,23174CP,2024/9/12 22:27,506624,15.27851349,0.0007782,97.4479,331.747,246.2057,113.8367,0,999,4712,0.0023824,0.00065258,0,4487389,0 NINJASAT,1 58341U 23174CP  24256.93567716  .00065258  00000-0  23824-2 0  9998,2 58341  97.4479 331.7470 0007782 246.2057 113.8367 15.27851349 47126,2023-174CP,58341,6860.374,94.25,487.577,476.9,0
GENERATED VIA SPACETRACK.ORG API,18 SPCS,58341,NINJASAT,PAYLOAD,U,23174CP,2024/9/13 4:44,826944,15.27886954,0.0007785,97.448,332.0086,244.7453,115.298,0,999,4716,0.0023158,0.00063486,0,4487550,0 NINJASAT,1 58341U 23174CP  24257.19764846  .00063486  00000-0  23158-2 0  9991,2 58341  97.4480 332.0086 0007785 244.7453 115.2980 15.27886954 47162,2023-174CP,58341,6860.267,94.248,487.473,476.791,0
GENERATED VIA SPACETRACK.ORG API,18 SPCS,58341,NINJASAT,PAYLOAD,U,23174CP,2024/9/13 11:01,672064,15.27911492,0.0007784,97.448,332.2709,244.1555,115.8882,0,999,4720,0.0020953,0.0005743,0,4488110,0 NINJASAT,1 58341U 23174CP  24257.45961426  .00057430  00000-0  20953-2 0  9995,2 58341  97.4480 332.2709 0007784 244.1555 115.8882 15.27911492 47200,2023-174CP,58341,6860.194,94.246,487.399,476.719,0
GENERATED VIA SPACETRACK.ORG API,18 SPCS,58341,NINJASAT,PAYLOAD,U,23174CP,2024/9/13 18:53,470432,15.27943098,0.0007836,97.4479,332.5979,243.2642,116.7796,0,999,4725,0.0018004,0.00049332,0,4489013,0 NINJASAT,1 58341U 23174CP  24257.78706563  .00049332  00000-0  18004-2 0  9996,2 58341  97.4479 332.5979 0007836 243.2642 116.7796 15.27943098 47251,2023-174CP,58341,6860.099,94.244,487.34,476.588,0
GENERATED VIA SPACETRACK.ORG API,18 SPCS,58341,NINJASAT,PAYLOAD,U,23174CP,2024/9/14 2:44,804832,15.27974451,0.000789,97.448,332.9247,241.8362,118.2081,0,999,4730,0.0024168,0.00066462,0,4489547,0 NINJASAT,1 58341U 23174CP  24258.11451163  .00066462  00000-0  24168-2 0  9998,2 58341  97.4480 332.9247 0007890 241.8362 118.2081 15.27974451 47305,2023-174CP,58341,6860.005,94.242,487.283,476.458,0
GENERATED VIA SPACETRACK.ORG API,18 SPCS,58341,NINJASAT,PAYLOAD,U,23174CP,2024/9/14 10:36,492960,15.28003719,0.0007885,97.448,333.2522,240.7658,119.2793,0,999,4735,0.0019049,0.00052317,0,4490066,0 NINJASAT,1 58341U 23174CP  24258.44195015  .00052317  00000-0  19049-2 0  9991,2 58341  97.4480 333.2522 0007885 240.7658 119.2793 15.28003719 47352,2023-174CP,58341,6859.918,94.241,487.192,476.374,0
GENERATED VIA SPACETRACK.ORG API,18 SPCS,58341,NINJASAT,PAYLOAD,U,23174CP,2024/9/14 12:10,561984,15.28011118,0.0007888,97.448,333.3176,240.5757,119.4696,0,999,4736,0.0019603,0.00053864,0,4490768,0 NINJASAT,1 58341U 23174CP  24258.50743706  .00053864  00000-0  19603-2 0  9998,2 58341  97.4480 333.3176 0007888 240.5757 119.4696 15.28011118 47366,2023-174CP,58341,6859.895,94.24,487.172,476.349,0
GENERATED VIA SPACETRACK.ORG API,18 SPCS,58341,NINJASAT,PAYLOAD,U,23174CP,2024/9/14 20:02,676416,15.2802959,0.000788,97.4481,333.6445,239.6373,120.4087,0,999,4741,0.0014478,0.0003971,0,4490995,0 NINJASAT,1 58341U 23174CP  24258.83486894  .00039710  00000-0  14478-2 0  9995,2 58341  97.4481 333.6445 0007880 239.6373 120.4087 15.28029590 47419,2023-174CP,58341,6859.84,94.239,487.111,476.3,0
GENERATED VIA SPACETRACK.ORG API,18 SPCS,58341,NINJASAT,PAYLOAD,U,23174CP,2024/9/14 21:36,646080,15.28034618,0.0007896,97.4481,333.71,239.3186,120.7275,0,999,4742,0.0014581,0.00040001,0,4491570,0 NINJASAT,1 58341U 23174CP  24258.90035470  .00040001  00000-0  14581-2 0  9993,2 58341  97.4481 333.7100 0007896 239.3186 120.7275 15.28034618 47424,2023-174CP,58341,6859.825,94.239,487.107,476.274,0
GENERATED VIA SPACETRACK.ORG API,18 SPCS,58341,NINJASAT,PAYLOAD,U,23174CP,2024/9/15 3:53,320832,15.28057901,0.0007906,97.4482,333.972,238.4074,121.6394,0,999,4746,0.0015319,0.00042071,0,4491812,0 NINJASAT,1 58341U 23174CP  24259.16229538  .00042071  00000-0  15319-2 0  9991,2 58341  97.4482 333.9720 0007906 238.4074 121.6394 15.28057901 47469,2023-174CP,58341,6859.755,94.237,487.044,476.197,0
GENERATED VIA SPACETRACK.ORG API,18 SPCS,58341,NINJASAT,PAYLOAD,U,23174CP,2024/9/15 11:45,474496,15.28084516,0.0007928,97.4485,334.2991,236.9588,123.0891,0,999,4751,0.0015702,0.00043166,0,4492345,0 NINJASAT,1 58341U 23174CP  24259.48971614  .00043166  00000-0  15702-2 0  9997,2 58341  97.4485 334.2991 0007928 236.9588 123.0891 15.28084516 47519,2023-174CP,58341,6859.676,94.236,486.979,476.102,0
GENERATED VIA SPACETRACK.ORG API,18 SPCS,58341,NINJASAT,PAYLOAD,U,23174CP,2024/9/15 19:36,165920,15.28109913,0.0007924,97.4484,334.6263,235.5338,124.5153,0,999,4756,0.0015348,0.00042218,0,4493150,0 NINJASAT,1 58341U 23174CP  24259.81713155  .00042218  00000-0  15348-2 0  9991,2 58341  97.4484 334.6263 0007924 235.5338 124.5153 15.28109913 47569,2023-174CP,58341,6859.6,94.234,486.9,476.029,0
GENERATED VIA SPACETRACK.ORG API,18 SPCS,58341,NINJASAT,PAYLOAD,U,23174CP,2024/9/15 22:45,507360,15.28120839,0.000792,97.4485,334.7573,235.0785,124.9711,0,999,4758,0.0015945,0.00043887,0,4493626,0 NINJASAT,1 58341U 23174CP  24259.94809615  .00043887  00000-0  15945-2 0  9998,2 58341  97.4485 334.7573 0007920 235.0785 124.9711 15.28120839 47588,2023-174CP,58341,6859.567,94.233,486.865,475.999,0
GENERATED VIA SPACETRACK.ORG API,18 SPCS,58341,NINJASAT,PAYLOAD,U,23174CP,2024/9/16 5:02,982880,15.28137531,0.0007916,97.4485,335.0191,234.1469,125.9036,0,999,4762,0.0013772,0.00037885,0,4493741,0 NINJASAT,1 58341U 23174CP  24260.21002295  .00037885  00000-0  13772-2 0  9996,2 58341  97.4485 335.0191 0007916 234.1469 125.9036 15.28137531 47625,2023-174CP,58341,6859.517,94.232,486.812,475.952,0
GENERATED VIA SPACETRACK.ORG API,18 SPCS,58341,NINJASAT,PAYLOAD,U,23174CP,2024/9/16 11:19,119712,15.28159342,0.0007938,97.4485,335.281,232.9538,127.0976,0,999,4766,0.0014428,0.0003973,0,4494672,0 NINJASAT,1 58341U 23174CP  24260.47194583  .00039730  00000-0  14428-2 0  9996,2 58341  97.4485 335.2810 0007938 232.9538 127.0976 15.28159342 47666,2023-174CP,58341,6859.452,94.231,486.762,475.872,0
GENERATED VIA SPACETRACK.ORG API,18 SPCS,58341,NINJASAT,PAYLOAD,U,23174CP,2024/9/16 12:53,611584,15.28164785,0.0007937,97.4485,335.3464,232.7278,127.3238,0,999,4767,0.0014501,0.00039939,0,4494952,0 NINJASAT,1 58341U 23174CP  24260.53742606  .00039939  00000-0  14501-2 0  9991,2 58341  97.4485 335.3464 0007937 232.7278 127.3238 15.28164785 47672,2023-174CP,58341,6859.436,94.231,486.745,475.856,0
GENERATED VIA SPACETRACK.ORG API,18 SPCS,58341,NINJASAT,PAYLOAD,U,23174CP,2024/9/16 19:11,363072,15.2818572,0.0007955,97.4484,335.6082,231.6691,128.3834,0,999,4771,0.0014225,0.00039199,0,4495315,0 NINJASAT,1 58341U 23174CP  24260.79934448  .00039199  00000-0  14225-2 0  9997,2 58341  97.4484 335.6082 0007955 231.6691 128.3834 15.28185720 47717,2023-174CP,58341,6859.373,94.229,486.695,475.781,0
GENERATED VIA SPACETRACK.ORG API,18 SPCS,58341,NINJASAT,PAYLOAD,U,23174CP,2024/9/16 22:19,150688,15.28195126,0.0007967,97.4483,335.7392,231.2351,128.8177,0,999,4773,0.001445,0.00039835,0,4495681,0 NINJASAT,1 58341U 23174CP  24260.93030267  .00039835  00000-0  14450-2 0  9996,2 58341  97.4483 335.7392 0007967 231.2351 128.8177 15.28195126 47731,2023-174CP,58341,6859.345,94.229,486.675,475.745,0
GENERATED VIA SPACETRACK.ORG API,18 SPCS,58341,NINJASAT,PAYLOAD,U,23174CP,2024/9/17 4:36,444256,15.28248428,0.0007959,97.4482,336.001,230.3557,129.698,0,999,4777,0.0029781,0.00082781,0,4496057,0 NINJASAT,1 58341U 23174CP  24261.19221579  .00082781  00000-0  29781-2 0  9994,2 58341  97.4482 336.0010 0007959 230.3557 129.6980 15.28248428 47779,2023-174CP,58341,6859.185,94.226,486.51,475.591,0
GENERATED VIA SPACETRACK.ORG API,18 SPCS,58341,NINJASAT,PAYLOAD,U,23174CP,2024/9/17 10:53,247936,15.28277479,0.0008002,97.4481,336.2628,229.1921,130.8625,0,999,4781,0.0031425,0.00087487,0,4496861,0 NINJASAT,1 58341U 23174CP  24261.45412324  .00087487  00000-0  31425-2 0  9999,2 58341  97.4481 336.2628 0008002 229.1921 130.8625 15.28277479 47819,2023-174CP,58341,6859.098,94.224,486.452,475.475,0
GENERATED VIA SPACETRACK.ORG API,18 SPCS,58341,NINJASAT,PAYLOAD,U,23174CP,2024/9/17 12:28,484928,15.28286945,0.0008024,97.448,336.3282,229.0648,130.9897,0,999,4782,0.0034301,0.00095632,0,4497321,0 NINJASAT,1 58341U 23174CP  24261.51960052  .00095632  00000-0  34301-2 0  9999,2 58341  97.4480 336.3282 0008024 229.0648 130.9897 15.28286945 47825,2023-174CP,58341,6859.07,94.223,486.439,475.431,0
GENERATED VIA SPACETRACK.ORG API,18 SPCS,58341,NINJASAT,PAYLOAD,U,23174CP,2024/9/17 20:19,925120,15.28287109,0.0008042,97.448,336.6555,228.1132,131.9422,0,999,4787,0.0018157,0.00050284,0,4497563,0 NINJASAT,1 58341U 23174CP  24261.84697830  .00050284  00000-0  18157-2 0  9991,2 58341  97.4480 336.6555 0008042 228.1132 131.9422 15.28287109 47872,2023-174CP,58341,6859.07,94.223,486.451,475.419,0
GENERATED VIA SPACETRACK.ORG API,18 SPCS,58341,NINJASAT,PAYLOAD,U,23174CP,2024/9/17 21:53,950432,15.28293151,0.000803,97.4479,336.7209,227.9423,132.1134,0,999,4788,0.001812,0.0005019,0,4497690,0 NINJASAT,1 58341U 23174CP  24261.91245313  .00050190  00000-0  18120-2 0  9990,2 58341  97.4479 336.7209 0008030 227.9423 132.1134 15.28293151 47882,2023-174CP,58341,6859.051,94.223,486.424,475.409,0
GENERATED VIA SPACETRACK.ORG API,18 SPCS,58341,NINJASAT,PAYLOAD,U,23174CP,2024/9/18 4:11,852960,15.28314799,0.0008064,97.4479,336.9828,227.2353,132.8209,0,999,4792,0.0016587,0.00045942,0,4497973,0 NINJASAT,1 58341U 23174CP  24262.17435015  .00045942  00000-0  16587-2 0  9993,2 58341  97.4479 336.9828 0008064 227.2353 132.8209 15.28314799 47920,2023-174CP,58341,6858.987,94.221,486.383,475.321,0
GENERATED VIA SPACETRACK.ORG API,18 SPCS,58341,NINJASAT,PAYLOAD,U,23174CP,2024/9/18 10:28,493696,15.28328185,0.0008087,97.4478,337.2446,226.2299,133.8272,0,999,4796,0.0013186,0.00036476,0,4498299,0 NINJASAT,1 58341U 23174CP  24262.43624414  .00036476  00000-0  13186-2 0  9999,2 58341  97.4478 337.2446 0008087 226.2299 133.8272 15.28328185 47961,2023-174CP,58341,6858.947,94.221,486.359,475.265,0
GENERATED VIA SPACETRACK.ORG API,18 SPCS,58341,NINJASAT,PAYLOAD,U,23174CP,2024/9/18 12:02,354848,15.28333598,0.0008087,97.4478,337.3101,226.0029,134.0545,0,999,4797,0.0013348,0.00036933,0,4498437,0 NINJASAT,1 58341U 23174CP  24262.50171707  .00036933  00000-0  13348-2 0  9997,2 58341  97.4478 337.3101 0008087 226.0029 134.0545 15.28333598 47970,2023-174CP,58341,6858.93,94.22,486.342,475.249,0
GENERATED VIA SPACETRACK.ORG API,18 SPCS,58341,NINJASAT,PAYLOAD,U,23174CP,2024/9/18 19:53,461024,15.28351928,0.0008086,97.4476,337.6375,224.8677,135.1909,0,999,4802,0.0011028,0.00030492,0,4498531,0 NINJASAT,1 58341U 23174CP  24262.82907941  .00030492  00000-0  11028-2 0  9996,2 58341  97.4476 337.6375 0008086 224.8677 135.1909 15.28351928 48028,2023-174CP,58341,6858.876,94.219,486.287,475.195,0
GENERATED VIA SPACETRACK.ORG API,18 SPCS,58341,NINJASAT,PAYLOAD,U,23174CP,2024/9/18 21:28,229728,15.28356677,0.0008094,97.4476,337.7029,224.6818,135.377,0,999,4803,0.0011378,0.00031471,0,4498850,0 NINJASAT,1 58341U 23174CP  24262.89455127  .00031471  00000-0  11378-2 0  9993,2 58341  97.4476 337.7029 0008094 224.6818 135.3770 15.28356677 48034,2023-174CP,58341,6858.861,94.219,486.278,475.175,0
GENERATED VIA SPACETRACK.ORG API,18 SPCS,58341,NINJASAT,PAYLOAD,U,23174CP,2024/9/19 3:45,190496,15.28374579,0.0008105,97.4475,337.9648,223.7721,136.2877,0,999,4807,0.00118,0.00032664,0,4498833,0 NINJASAT,1 58341U 23174CP  24263.15643739  .00032664  00000-0  11800-2 0  9996,2 58341  97.4475 337.9648 0008105 223.7721 136.2877 15.28374579 48071,2023-174CP,58341,6858.808,94.218,486.232,475.114,0
GENERATED VIA SPACETRACK.ORG API,18 SPCS,58341,NINJASAT,PAYLOAD,U,23174CP,2024/9/19 11:36,521664,15.28395977,0.0008151,97.4475,338.2921,222.273,137.7882,0,999,4812,0.0012184,0.00033757,0,4499281,0 NINJASAT,1 58341U 23174CP  24263.48379076  .00033757  00000-0  12184-2 0  9992,2 58341  97.4475 338.2921 0008151 222.2730 137.7882 15.28395977 48127,2023-174CP,58341,6858.744,94.216,486.199,475.018,0
GENERATED VIA SPACETRACK.ORG API,18 SPCS,58341,NINJASAT,PAYLOAD,U,23174CP,2024/9/19 13:10,139168,15.28401421,0.0008144,97.4475,338.3576,222.0986,137.9629,0,999,4813,0.0012597,0.00034915,0,4499371,0 NINJASAT,1 58341U 23174CP  24263.54926087  .00034915  00000-0  12597-2 0  9994,2 58341  97.4475 338.3576 0008144 222.0986 137.9629 15.28401421 48131,2023-174CP,58341,6858.728,94.216,486.178,475.007,0
GENERATED VIA SPACETRACK.ORG API,18 SPCS,58341,NINJASAT,PAYLOAD,U,23174CP,2024/9/19 19:28,393184,15.28423969,0.0008171,97.4473,338.6193,220.8606,139.2021,0,999,4817,0.0014383,0.0003993,0,4499547,0 NINJASAT,1 58341U 23174CP  24263.81113881  .00039930  00000-0  14383-2 0  9991,2 58341  97.4473 338.6193 0008171 220.8606 139.2021 15.28423969 48178,2023-174CP,58341,6858.66,94.215,486.129,474.921,0
GENERATED VIA SPACETRACK.ORG API,18 SPCS,58341,NINJASAT,PAYLOAD,U,23174CP,2024/9/19 21:02,926016,15.2842786,0.0008174,97.4472,338.6847,220.5323,139.5308,0,999,4818,0.0014318,0.00039753,0,4499636,0 NINJASAT,1 58341U 23174CP  24263.87660794  .00039753  00000-0  14318-2 0  9998,2 58341  97.4472 338.6847 0008174 220.5323 139.5308 15.28427860 48185,2023-174CP,58341,6858.648,94.214,486.12,474.907,0
GENERATED VIA SPACETRACK.ORG API,18 SPCS,58341,NINJASAT,PAYLOAD,U,23174CP,2024/9/20 4:53,336160,15.28446348,0.0008182,97.447,339.012,219.2997,140.7649,0,999,4823,0.0012135,0.00033672,0,4499739,0 NINJASAT,1 58341U 23174CP  24264.20395065  .00033672  00000-0  12135-2 0  9991,2 58341  97.4470 339.0120 0008182 219.2997 140.7649 15.28446348 48233,2023-174CP,58341,6858.593,94.213,486.07,474.846,0
GENERATED VIA SPACETRACK.ORG API,18 SPCS,58341,NINJASAT,PAYLOAD,U,23174CP,2024/9/20 11:10,962912,15.28462051,0.0008202,97.4469,339.274,218.1444,141.9216,0,999,4827,0.0011249,0.00031213,0,4500007,0 NINJASAT,1 58341U 23174CP  24264.46582133  .00031213  00000-0  11249-2 0  9997,2 58341  97.4469 339.2740 0008202 218.1444 141.9216 15.28462051 48275,2023-174CP,58341,6858.546,94.212,486.037,474.786,0
GENERATED VIA SPACETRACK.ORG API,18 SPCS,58341,NINJASAT,PAYLOAD,U,23174CP,2024/9/20 12:45,339360,15.28466016,0.0008205,97.4468,339.3394,217.9194,142.1468,0,999,4828,0.0011093,0.00030781,0,4500145,0 NINJASAT,1 58341U 23174CP  24264.53128865  .00030781  00000-0  11093-2 0  9999,2 58341  97.4468 339.3394 0008205 217.9194 142.1468 15.28466016 48280,2023-174CP,58341,6858.534,94.212,486.027,474.772,0
GENERATED VIA SPACETRACK.ORG API,18 SPCS,58341,NINJASAT,PAYLOAD,U,23174CP,2024/9/20 19:02,687904,15.28481673,0.0008235,97.4467,339.6012,217.0081,143.0592,0,999,4832,0.0010553,0.00029288,0,4500285,0 NINJASAT,1 58341U 23174CP  24264.79315611  .00029288  00000-0  10553-2 0  9994,2 58341  97.4467 339.6012 0008235 217.0081 143.0592 15.28481673 48327,2023-174CP,58341,6858.487,94.211,486,474.705,0
GENERATED VIA SPACETRACK.ORG API,18 SPCS,58341,NINJASAT,PAYLOAD,U,23174CP,2024/9/20 20:36,996096,15.28484939,0.0008254,97.4466,339.6666,216.8743,143.193,0,999,4833,0.0010598,0.00029416,0,4500424,0 NINJASAT,1 58341U 23174CP  24264.85862264  .00029416  00000-0  10598-2 0  9994,2 58341  97.4466 339.6666 0008254 216.8743 143.1930 15.28484939 48330,2023-174CP,58341,6858.478,94.211,486.004,474.682,0
GENERATED VIA SPACETRACK.ORG API,18 SPCS,58341,NINJASAT,PAYLOAD,U,23174CP,2024/9/21 4:27,348704,15.28506419,0.0008254,97.4463,339.994,216.0827,143.9857,0,999,4838,0.0012326,0.00034269,0,4500638,0 NINJASAT,1 58341U 23174CP  24265.18595311  .00034269  00000-0  12326-2 0  9990,2 58341  97.4463 339.9940 0008254 216.0827 143.9857 15.28506419 48389,2023-174CP,58341,6858.413,94.21,485.939,474.618,0
GENERATED VIA SPACETRACK.ORG API,18 SPCS,58341,NINJASAT,PAYLOAD,U,23174CP,2024/9/21 10:44,156384,15.28520773,0.0008306,97.4462,340.2556,215.1172,144.9521,0,999,4842,0.0012223,0.00033996,0,4500987,0 NINJASAT,1 58341U 23174CP  24265.44781431  .00033996  00000-0  12223-2 0  9991,2 58341  97.4462 340.2556 0008306 215.1172 144.9521 15.28520773 48420,2023-174CP,58341,6858.371,94.209,485.932,474.539,0
GENERATED VIA SPACETRACK.ORG API,18 SPCS,58341,NINJASAT,PAYLOAD,U,23174CP,2024/9/21 12:19,321152,15.28522712,0.0008324,97.4462,340.321,214.9046,145.1648,0,999,4843,0.00113,0.00031415,0,4501119,0 NINJASAT,1 58341U 23174CP  24265.51327918  .00031415  00000-0  11300-2 0  9994,2 58341  97.4462 340.3210 0008324 214.9046 145.1648 15.28522712 48434,2023-174CP,58341,6858.365,94.209,485.939,474.521,0
GENERATED VIA SPACETRACK.ORG API,18 SPCS,58341,NINJASAT,PAYLOAD,U,23174CP,2024/9/21 20:10,9344,15.28540021,0.0008333,97.4461,340.6484,213.6424,146.4287,0,999,4848,0.0011112,0.00030905,0,4501278,0 NINJASAT,1 58341U 23174CP  24265.84060196  .00030905  00000-0  11112-2 0  9996,2 58341  97.4461 340.6484 0008333 213.6424 146.4287 15.28540021 48486,2023-174CP,58341,6858.313,94.208,485.893,474.463,0
GENERATED VIA SPACETRACK.ORG API,18 SPCS,58341,NINJASAT,PAYLOAD,U,23174CP,2024/9/22 4:01,307872,15.28559786,0.0008312,97.446,340.9756,212.6282,147.4445,0,999,4853,0.0011396,0.00031719,0,4501681,0 NINJASAT,1 58341U 23174CP  24266.16792023  .00031719  00000-0  11396-2 0  9991,2 58341  97.4460 340.9756 0008312 212.6282 147.4445 15.28559786 48539,2023-174CP,58341,6858.254,94.206,485.819,474.418,0
GENERATED VIA SPACETRACK.ORG API,18 SPCS,58341,NINJASAT,PAYLOAD,U,23174CP,2024/9/22 11:53,270304,15.28576687,0.0008386,97.446,341.3026,211.4215,148.6525,0,999,4858,0.0010777,0.00030002,0,4502039,0 NINJASAT,1 58341U 23174CP  24266.49523461  .00030002  00000-0  10777-2 0  9991,2 58341  97.4460 341.3026 0008386 211.4215 148.6525 15.28576687 48584,2023-174CP,58341,6858.203,94.205,485.82,474.317,0
GENERATED VIA SPACETRACK.ORG API,18 SPCS,58341,NINJASAT,PAYLOAD,U,23174CP,2024/9/22 13:27,208704,15.2858217,0.0008389,97.446,341.368,211.2128,148.8615,0,999,4859,0.001129,0.00031445,0,4502159,0 NINJASAT,1 58341U 23174CP  24266.56069686  .00031445  00000-0  11290-2 0  9996,2 58341  97.4460 341.3680 0008389 211.2128 148.8615 15.28582170 48591,2023-174CP,58341,6858.187,94.205,485.805,474.299,0
GENERATED VIA SPACETRACK.ORG API,18 SPCS,58341,NINJASAT,PAYLOAD,U,23174CP,2024/9/22 19:44,874176,15.28597761,0.0008388,97.4459,341.6299,210.109,149.9669,0,999,4863,0.001141,0.00031796,0,4502305,0 NINJASAT,1 58341U 23174CP  24266.82254484  .00031796  00000-0  11410-2 0  9990,2 58341  97.4459 341.6299 0008388 210.1090 149.9669 15.28597761 48631,2023-174CP,58341,6858.14,94.204,485.758,474.253,0
GENERATED VIA SPACETRACK.ORG API,18 SPCS,58341,NINJASAT,PAYLOAD,U,23174CP,2024/9/22 21:18,754688,15.28601398,0.000838,97.4459,341.6954,209.8544,150.2219,0,999,4864,0.0011436,0.00031873,0,4502422,0 NINJASAT,1 58341U 23174CP  24266.88800642  .00031873  00000-0  11436-2 0  9993,2 58341  97.4459 341.6954 0008380 209.8544 150.2219 15.28601398 48649,2023-174CP,58341,6858.129,94.204,485.741,474.247,0
GENERATED VIA SPACETRACK.ORG API,18 SPCS,58341,NINJASAT,PAYLOAD,U,23174CP,2024/9/23 3:35,116896,15.28618162,0.000836,97.4459,341.9573,208.9831,151.0946,0,999,4868,0.0011668,0.0003254,0,4502611,0 NINJASAT,1 58341U 23174CP  24267.14985089  .00032540  00000-0  11668-2 0  9991,2 58341  97.4459 341.9573 0008360 208.9831 151.0946 15.28618162 48683,2023-174CP,58341,6858.079,94.203,485.678,474.211,0
GENERATED VIA SPACETRACK.ORG API,18 SPCS,58341,NINJASAT,PAYLOAD,U,23174CP,2024/9/23 11:27,89184,15.28640593,0.0008412,97.4459,342.2843,207.7663,152.3129,0,999,4873,0.0014743,0.00041212,0,4502903,0 NINJASAT,1 58341U 23174CP  24267.47715381  .00041212  00000-0  14743-2 0  9996,2 58341  97.4459 342.2843 0008412 207.7663 152.3129 15.28640593 48731,2023-174CP,58341,6858.012,94.201,485.646,474.108,0
GENERATED VIA SPACETRACK.ORG API,18 SPCS,58341,NINJASAT,PAYLOAD,U,23174CP,2024/9/23 13:01,813312,15.28646902,0.0008416,97.4459,342.3497,207.5361,152.5434,0,999,4874,0.0015685,0.00043874,0,4503058,0 NINJASAT,1 58341U 23174CP  24267.54261358  .00043874  00000-0  15685-2 0  9996,2 58341  97.4459 342.3497 0008416 207.5361 152.5434 15.28646902 48746,2023-174CP,58341,6857.993,94.201,485.63,474.087,0
GENERATED VIA SPACETRACK.ORG API,18 SPCS,58341,NINJASAT,PAYLOAD,U,23174CP,2024/9/23 19:18,444576,15.28673326,0.0008389,97.4459,342.6117,206.5393,153.5418,0,999,4878,0.001854,0.0005197,0,4503231,0 NINJASAT,1 58341U 23174CP  24267.80444959  .00051970  00000-0  18540-2 0  9994,2 58341  97.4459 342.6117 0008389 206.5393 153.5418 15.28673326 48788,2023-174CP,58341,6857.914,94.199,485.532,474.026,0
GENERATED VIA SPACETRACK.ORG API,18 SPCS,58341,NINJASAT,PAYLOAD,U,23174CP,2024/9/23 22:26,661280,15.28687535,0.00084,97.4458,342.7426,206.1755,153.9061,0,999,4880,0.0021042,0.00059075,0,4503348,0 NINJASAT,1 58341U 23174CP  24267.93536645  .00059075  00000-0  21042-2 0  9997,2 58341  97.4458 342.7426 0008400 206.1755 153.9061 15.28687535 48801,2023-174CP,58341,6857.872,94.198,485.497,473.976,0
GENERATED VIA SPACETRACK.ORG API,18 SPCS,58341,NINJASAT,PAYLOAD,U,23174CP,2024/9/24 4:43,986688,15.2868923,0.0008426,97.4458,343.0044,205.1758,154.9072,0,999,4884,0.0012668,0.00035426,0,4503562,0 NINJASAT,1 58341U 23174CP  24268.19719892  .00035426  00000-0  12668-2 0  9991,2 58341  97.4458 343.0044 0008426 205.1758 154.9072 15.28689230 48842,2023-174CP,58341,6857.867,94.198,485.51,473.953,0
GENERATED VIA SPACETRACK.ORG API,18 SPCS,58341,NINJASAT,PAYLOAD,U,23174CP,2024/9/24 11:00,972544,15.28709787,0.0008448,97.4458,343.2662,204.197,155.8875,0,999,4888,0.0013147,0.00036799,0,4503940,0 NINJASAT,1 58341U 23174CP  24268.45902746  .00036799  00000-0  13147-2 0  9999,2 58341  97.4458 343.2662 0008448 204.1970 155.8875 15.28709787 48884,2023-174CP,58341,6857.805,94.197,485.464,473.877,0
GENERATED VIA SPACETRACK.ORG API,18 SPCS,58341,NINJASAT,PAYLOAD,U,23174CP,2024/9/24 11:00,972544,15.28709787,0.0008448,97.4458,343.2662,204.197,155.8875,0,999,4888,0.0013147,0.00036799,0,4504155,0 NINJASAT,1 58341U 23174CP  24268.45902746  .00036799  00000-0  13147-2 0  9999,2 58341  97.4458 343.2662 0008448 204.1970 155.8875 15.28709787 48884,2023-174CP,58341,6857.805,94.197,485.464,473.877,0
GENERATED VIA SPACETRACK.ORG API,18 SPCS,58341,NINJASAT,PAYLOAD,U,23174CP,2024/9/24 15:43,294752,15.28724525,0.0008461,97.4458,343.4626,203.7529,156.3322,0,999,4891,0.0012853,0.00035987,0,4504444,0 NINJASAT,1 58341U 23174CP  24268.65539693  .00035987  00000-0  12853-2 0  9999,2 58341  97.4458 343.4626 0008461 203.7529 156.3322 15.28724525 48910,2023-174CP,58341,6857.761,94.196,485.428,473.824,0
GENERATED VIA SPACETRACK.ORG API,18 SPCS,58341,NINJASAT,PAYLOAD,U,23174CP,2024/9/24 18:52,53536,15.28735693,0.0008476,97.4457,343.5934,203.2709,156.8148,0,999,4893,0.0013312,0.00037294,0,4504345,0 NINJASAT,1 58341U 23174CP  24268.78630849  .00037294  00000-0  13312-2 0  9992,2 58341  97.4457 343.5934 0008476 203.2709 156.8148 15.28735693 48934,2023-174CP,58341,6857.728,94.195,485.405,473.78,0
GENERATED VIA SPACETRACK.ORG API,18 SPCS,58341,NINJASAT,PAYLOAD,U,23174CP,2024/9/25 4:17,930720,15.28771951,0.000851,97.4457,343.9861,202.1334,157.954,0,999,4899,0.0016329,0.00045866,0,4504667,0 NINJASAT,1 58341U 23174CP  24269.17903855  .00045866  00000-0  16329-2 0  9991,2 58341  97.4457 343.9861 0008510 202.1334 157.9540 15.28771951 48999,2023-174CP,58341,6857.619,94.193,485.32,473.648,0
GENERATED VIA SPACETRACK.ORG API,18 SPCS,58341,NINJASAT,PAYLOAD,U,23174CP,2024/9/25 9:00,571232,15.28788727,0.0008545,97.4457,344.1825,201.4831,158.6051,0,999,4902,0.0016644,0.00046782,0,4504956,0 NINJASAT,1 58341U 23174CP  24269.37540013  .00046782  00000-0  16644-2 0  9994,2 58341  97.4457 344.1825 0008545 201.4831 158.6051 15.28788727 49023,2023-174CP,58341,6857.569,94.192,485.294,473.574,0
GENERATED VIA SPACETRACK.ORG API,18 SPCS,58341,NINJASAT,PAYLOAD,U,23174CP,2024/9/25 13:43,998336,15.28807622,0.0008551,97.4458,344.3789,200.8621,159.2271,0,999,4905,0.0017122,0.00048165,0,4505134,0 NINJASAT,1 58341U 23174CP  24269.57175924  .00048165  00000-0  17122-2 0  9990,2 58341  97.4458 344.3789 0008551 200.8621 159.2271 15.28807622 49052,2023-174CP,58341,6857.513,94.191,485.241,473.514,0
GENERATED VIA SPACETRACK.ORG API,18 SPCS,58341,NINJASAT,PAYLOAD,U,23174CP,2024/9/25 20:00,239776,15.28832923,0.0008572,97.4458,344.6407,199.787,160.3039,0,999,4909,0.0017318,0.00048759,0,4505297,0 NINJASAT,1 58341U 23174CP  24269.83356759  .00048759  00000-0  17318-2 0  9992,2 58341  97.4458 344.6407 0008572 199.7870 160.3039 15.28832923 49098,2023-174CP,58341,6857.437,94.189,485.18,473.424,0
GENERATED VIA SPACETRACK.ORG API,18 SPCS,58341,NINJASAT,PAYLOAD,U,23174CP,2024/9/25 21:34,245056,15.28838624,0.000857,97.4458,344.7062,199.559,160.5322,0,999,4910,0.0017257,0.00048594,0,4505447,0 NINJASAT,1 58341U 23174CP  24269.89901904  .00048594  00000-0  17257-2 0  9995,2 58341  97.4458 344.7062 0008570 199.5590 160.5322 15.28838624 49104,2023-174CP,58341,6857.42,94.189,485.162,473.408,0
GENERATED VIA SPACETRACK.ORG API,18 SPCS,58341,NINJASAT,PAYLOAD,U,23174CP,2024/9/26 3:51,17344,15.28865218,0.0008562,97.4459,344.968,198.7026,161.3901,0,999,4914,0.0017482,0.00049273,0,4505675,0 NINJASAT,1 58341U 23174CP  24270.16082196  .00049273  00000-0  17482-2 0  9995,2 58341  97.4459 344.9680 0008562 198.7026 161.3901 15.28865218 49144,2023-174CP,58341,6857.34,94.188,485.077,473.334,0
GENERATED VIA SPACETRACK.ORG API,18 SPCS,58341,NINJASAT,PAYLOAD,U,23174CP,2024/9/26 11:42,234176,15.28891331,0.0008572,97.4461,345.2953,197.4162,162.6785,0,999,4919,0.0015281,0.00043059,0,4506057,0 NINJASAT,1 58341U 23174CP  24270.48806984  .00043059  00000-0  15281-2 0  9990,2 58341  97.4461 345.2953 0008572 197.4162 162.6785 15.28891331 49196,2023-174CP,58341,6857.262,94.186,485.005,473.249,0
GENERATED VIA SPACETRACK.ORG API,18 SPCS,58341,NINJASAT,PAYLOAD,U,23174CP,2024/9/26 19:34,902368,15.28921596,0.0008587,97.4462,345.6227,196.0472,164.0497,0,999,4924,0.0015231,0.00042957,0,4506340,0 NINJASAT,1 58341U 23174CP  24270.81531137  .00042957  00000-0  15231-2 0  9993,2 58341  97.4462 345.6227 0008587 196.0472 164.0497 15.28921596 49249,2023-174CP,58341,6857.172,94.184,484.925,473.149,0
GENERATED VIA SPACETRACK.ORG API,18 SPCS,58341,NINJASAT,PAYLOAD,U,23174CP,2024/9/26 22:42,232960,15.28933045,0.0008594,97.4462,345.7537,195.5907,164.507,0,999,4926,0.0015676,0.00044238,0,4506475,0 NINJASAT,1 58341U 23174CP  24270.94620640  .00044238  00000-0  15676-2 0  9992,2 58341  97.4462 345.7537 0008594 195.5907 164.5070 15.28933045 49265,2023-174CP,58341,6857.138,94.183,484.896,473.11,0
GENERATED VIA SPACETRACK.ORG API,18 SPCS,58341,NINJASAT,PAYLOAD,U,23174CP,2024/9/27 3:25,77216,15.28950189,0.0008603,97.4461,345.9501,195.0422,165.0563,0,999,4929,0.0015651,0.0004419,0,4506675,0 NINJASAT,1 58341U 23174CP  24271.14254719  .00044190  00000-0  15651-2 0  9995,2 58341  97.4461 345.9501 0008603 195.0422 165.0563 15.28950189 49299,2023-174CP,58341,6857.086,94.182,484.85,473.052,0
GENERATED VIA SPACETRACK.ORG API,18 SPCS,58341,NINJASAT,PAYLOAD,U,23174CP,2024/9/27 11:16,712928,15.28977105,0.0008651,97.4462,346.2774,193.6631,166.4375,0,999,4934,0.0015022,0.00042437,0,4507034,0 NINJASAT,1 58341U 23174CP  24271.46977677  .00042437  00000-0  15022-2 0  9999,2 58341  97.4462 346.2774 0008651 193.6631 166.4375 15.28977105 49344,2023-174CP,58341,6857.006,94.181,484.803,472.939,0
GENERATED VIA SPACETRACK.ORG API,18 SPCS,58341,NINJASAT,PAYLOAD,U,23174CP,2024/9/27 12:50,182528,15.28982694,0.0008649,97.4462,346.3429,193.4191,166.682,0,999,4935,0.0014953,0.00042248,0,4507270,0 NINJASAT,1 58341U 23174CP  24271.53522202  .00042248  00000-0  14953-2 0  9999,2 58341  97.4462 346.3429 0008649 193.4191 166.6820 15.28982694 49355,2023-174CP,58341,6856.989,94.18,484.785,472.924,0
GENERATED VIA SPACETRACK.ORG API,18 SPCS,58341,NINJASAT,PAYLOAD,U,23174CP,2024/9/27 19:07,839744,15.29005608,0.000867,97.4462,346.6048,192.5631,167.5395,0,999,4939,0.0014935,0.00042226,0,4507398,0 NINJASAT,1 58341U 23174CP  24271.79700046  .00042226  00000-0  14935-2 0  9997,2 58341  97.4462 346.6048 0008670 192.5631 167.5395 15.29005608 49391,2023-174CP,58341,6856.921,94.179,484.731,472.841,0
GENERATED VIA SPACETRACK.ORG API,18 SPCS,58341,NINJASAT,PAYLOAD,U,23174CP,2024/9/27 19:07,839744,15.29005608,0.000867,97.4462,346.6048,192.5631,167.5395,0,999,4939,0.0014935,0.00042226,0,4507483,0 NINJASAT,1 58341U 23174CP  24271.79700046  .00042226  00000-0  14935-2 0  9997,2 58341  97.4462 346.6048 0008670 192.5631 167.5395 15.29005608 49391,2023-174CP,58341,6856.921,94.179,484.731,472.841,0
GENERATED VIA SPACETRACK.ORG API,18 SPCS,58341,NINJASAT,PAYLOAD,U,23174CP,2024/9/28 2:58,458528,15.29032801,0.0008669,97.4462,346.9322,191.7103,168.3937,0,999,4944,0.0014898,0.00042156,0,4507683,0 NINJASAT,1 58341U 23174CP  24272.12421827  .00042156  00000-0  14898-2 0  9992,2 58341  97.4462 346.9322 0008669 191.7103 168.3937 15.29032801 49444,2023-174CP,58341,6856.839,94.177,484.649,472.76,0
GENERATED VIA SPACETRACK.ORG API,18 SPCS,58341,NINJASAT,PAYLOAD,U,23174CP,2024/9/28 10:50,552864,15.29058742,0.0008694,97.4462,347.2596,190.6716,169.4341,0,999,4949,0.0013974,0.00039555,0,4507934,0 NINJASAT,1 58341U 23174CP  24272.45143001  .00039555  00000-0  13974-2 0  9996,2 58341  97.4462 347.2596 0008694 190.6716 169.4341 15.29058742 49495,2023-174CP,58341,6856.762,94.176,484.588,472.666,0
GENERATED VIA SPACETRACK.ORG API,18 SPCS,58341,NINJASAT,PAYLOAD,U,23174CP,2024/9/28 12:24,706240,15.29065912,0.0008696,97.4462,347.3251,190.544,169.5619,0,999,4950,0.0014653,0.000415,0,4508135,0 NINJASAT,1 58341U 23174CP  24272.51687160  .00041500  00000-0  14653-2 0  9990,2 58341  97.4462 347.3251 0008696 190.5440 169.5619 15.29065912 49507,2023-174CP,58341,6856.74,94.175,484.568,472.643,0
GENERATED VIA SPACETRACK.ORG API,18 SPCS,58341,NINJASAT,PAYLOAD,U,23174CP,2024/9/28 20:15,147392,15.29098758,0.0008696,97.4462,347.6525,189.6317,170.4758,0,999,4955,0.001646,0.00046707,0,4508397,0 NINJASAT,1 58341U 23174CP  24272.84407578  .00046707  00000-0  16460-2 0  9991,2 58341  97.4462 347.6525 0008696 189.6317 170.4758 15.29098758 49550,2023-174CP,58341,6856.642,94.173,484.47,472.545,0
GENERATED VIA SPACETRACK.ORG API,18 SPCS,58341,NINJASAT,PAYLOAD,U,23174CP,2024/9/28 21:49,175488,15.29104229,0.0008693,97.4462,347.7179,189.3824,170.7255,0,999,4956,0.0016507,0.00046849,0,4508501,0 NINJASAT,1 58341U 23174CP  24272.90951592  .00046849  00000-0  16507-2 0  9997,2 58341  97.4462 347.7179 0008693 189.3824 170.7255 15.29104229 49560,2023-174CP,58341,6856.626,94.173,484.451,472.53,0
GENERATED VIA SPACETRACK.ORG API,18 SPCS,58341,NINJASAT,PAYLOAD,U,23174CP,2024/9/29 4:06,43360,15.29128203,0.0008692,97.4463,347.9799,188.6727,171.4364,0,999,4960,0.0016308,0.00046314,0,4508720,0 NINJASAT,1 58341U 23174CP  24273.17127365  .00046314  00000-0  16308-2 0  9996,2 58341  97.4463 347.9799 0008692 188.6727 171.4364 15.29128203 49606,2023-174CP,58341,6856.554,94.171,484.379,472.459,0
GENERATED VIA SPACETRACK.ORG API,18 SPCS,58341,NINJASAT,PAYLOAD,U,23174CP,2024/9/29 11:57,288736,15.29165362,0.0008698,97.4464,348.3073,187.632,172.4789,0,999,4965,0.0018698,0.00053221,0,4509037,0 NINJASAT,1 58341U 23174CP  24273.49846399  .00053221  00000-0  18698-2 0  9995,2 58341  97.4464 348.3073 0008698 187.6320 172.4789 15.29165362 49655,2023-174CP,58341,6856.443,94.169,484.272,472.344,0
GENERATED VIA SPACETRACK.ORG API,18 SPCS,58341,NINJASAT,PAYLOAD,U,23174CP,2024/9/29 13:32,68000,15.29171635,0.0008692,97.4464,348.3728,187.3674,172.744,0,999,4966,0.0018379,0.00052316,0,4509172,0 NINJASAT,1 58341U 23174CP  24273.56390125  .00052316  00000-0  18379-2 0  9994,2 58341  97.4464 348.3728 0008692 187.3674 172.7440 15.29171635 49663,2023-174CP,58341,6856.424,94.169,484.249,472.33,0
GENERATED VIA SPACETRACK.ORG API,18 SPCS,58341,NINJASAT,PAYLOAD,U,23174CP,2024/9/29 19:48,886976,15.29200382,0.0008701,97.4464,348.6347,186.3624,173.7507,0,999,4970,0.0018748,0.00053423,0,4509367,0 NINJASAT,1 58341U 23174CP  24273.82564684  .00053423  00000-0  18748-2 0  9996,2 58341  97.4464 348.6347 0008701 186.3624 173.7507 15.29200382 49700,2023-174CP,58341,6856.338,94.167,484.169,472.238,0
GENERATED VIA SPACETRACK.ORG API,18 SPCS,58341,NINJASAT,PAYLOAD,U,23174CP,2024/9/29 21:23,523680,15.29207878,0.0008695,97.4465,348.7001,186.2673,173.846,0,999,4971,0.0017973,0.00051208,0,4509473,0 NINJASAT,1 58341U 23174CP  24273.89108245  .00051208  00000-0  17973-2 0  9998,2 58341  97.4465 348.7001 0008695 186.2673 173.8460 15.29207878 49711,2023-174CP,58341,6856.316,94.166,484.143,472.219,0
GENERATED VIA SPACETRACK.ORG API,18 SPCS,58341,NINJASAT,PAYLOAD,U,23174CP,2024/9/30 3:40,846720,15.29236633,0.0008746,97.4465,348.962,185.1747,174.9404,0,999,4975,0.0017238,0.00049141,0,4509703,0 NINJASAT,1 58341U 23174CP  24274.15282230  .00049141  00000-0  17238-2 0  9992,2 58341  97.4465 348.9620 0008746 185.1747 174.9404 15.29236633 49752,2023-174CP,58341,6856.23,94.165,484.091,472.099,0
GENERATED VIA SPACETRACK.ORG API,18 SPCS,58341,NINJASAT,PAYLOAD,U,23174CP,2024/9/30 11:31,62560,15.29271514,0.0008682,97.4465,349.29,183.9273,176.19,0,999,4980,0.0017699,0.0005052,0,4509968,0 NINJASAT,1 58341U 23174CP  24274.47998915  .00050520  00000-0  17699-2 0  9995,2 58341  97.4465 349.2900 0008682 183.9273 176.1900 15.29271514 49804,2023-174CP,58341,6856.126,94.162,483.943,472.038,0
GENERATED VIA SPACETRACK.ORG API,18 SPCS,58341,NINJASAT,PAYLOAD,U,23174CP,2024/9/30 13:05,439200,15.2927856,0.0008659,97.4465,349.3555,183.8399,176.2776,0,999,4981,0.0017851,0.00050968,0,4510156,0 NINJASAT,1 58341U 23174CP  24274.54542175  .00050968  00000-0  17851-2 0  9992,2 58341  97.4465 349.3555 0008659 183.8399 176.2776 15.29278560 49814,2023-174CP,58341,6856.105,94.162,483.906,472.033,0
GENERATED VIA SPACETRACK.ORG API,18 SPCS,58341,NINJASAT,PAYLOAD,U,23174CP,2024/9/30 19:22,686560,15.29307982,0.0008682,97.4463,349.6173,183.0841,177.0347,0,999,4985,0.0018688,0.00053427,0,4510389,0 NINJASAT,1 58341U 23174CP  24274.80714915  .00053427  00000-0  18688-2 0  9996,2 58341  97.4463 349.6173 0008682 183.0841 177.0347 15.29307982 49859,2023-174CP,58341,6856.017,94.16,483.834,471.929,0
GENERATED VIA SPACETRACK.ORG API,18 SPCS,58341,NINJASAT,PAYLOAD,U,23174CP,2024/9/30 20:56,924096,15.29314522,0.000871,97.4463,349.6827,182.8939,177.2252,0,999,4986,0.0018679,0.00053412,0,4510507,0 NINJASAT,1 58341U 23174CP  24274.87258014  .00053412  00000-0  18679-2 0  9990,2 58341  97.4463 349.6827 0008710 182.8939 177.2252 15.29314522 49868,2023-174CP,58341,6855.997,94.16,483.834,471.891,0
GENERATED VIA SPACETRACK.ORG API,18 SPCS,58341,NINJASAT,PAYLOAD,U,23174CP,2024/10/1 4:47,778272,15.29352493,0.0008757,97.4463,350.0101,181.6128,178.5085,0,999,4991,0.0018798,0.00053819,0,4510715,0 NINJASAT,1 58341U 23174CP  24275.19973123  .00053819  00000-0  18798-2 0  9994,2 58341  97.4463 350.0101 0008757 181.6128 178.5085 15.29352493 49910,2023-174CP,58341,6855.884,94.157,483.752,471.745,0
GENERATED VIA SPACETRACK.ORG API,18 SPCS,58341,NINJASAT,PAYLOAD,U,23174CP,2024/10/1 11:04,956864,15.29377927,0.0008741,97.4461,350.2726,180.7767,179.3461,0,999,4995,0.0019011,0.00054477,0,4511061,0 NINJASAT,1 58341U 23174CP  24275.46144626  .00054477  00000-0  19011-2 0  9992,2 58341  97.4461 350.2726 0008741 180.7767 179.3461 15.29377927 49955,2023-174CP,58341,6855.808,94.156,483.665,471.68,0
GENERATED VIA SPACETRACK.ORG API,18 SPCS,58341,NINJASAT,PAYLOAD,U,23174CP,2024/10/1 13:07,413984,15.29391862,0.0008747,97.4461,350.3579,180.5254,288.4045,0,999,4996,0.0019547,0.00056051,0,4511205,0 NINJASAT,1 58341U 23174CP  24275.54664831  .00056051  00000-0  19547-2 0  9990,2 58341  97.4461 350.3579 0008747 180.5254 288.4045 15.29391862 49962,2023-174CP,58341,6855.766,94.155,483.628,471.634,0
GENERATED VIA SPACETRACK.ORG API,18 SPCS,58341,NINJASAT,PAYLOAD,U,23174CP,2024/10/1 20:29,543488,15.29417367,0.0008764,97.4461,350.6654,179.6856,180.4391,0,999,5001,0.0017993,0.00051599,0,4511376,0 NINJASAT,1 58341U 23174CP  24275.85401092  .00051599  00000-0  17993-2 0  9997,2 58341  97.4461 350.6654 0008764 179.6856 180.4391 15.29417367 50017,2023-174CP,58341,6855.69,94.154,483.563,471.547,0
GENERATED VIA SPACETRACK.ORG API,18 SPCS,58341,NINJASAT,PAYLOAD,U,23174CP,2024/10/1 20:29,543488,15.29417367,0.0008764,97.4461,350.6654,179.6856,180.4391,0,999,5001,0.0017993,0.00051599,0,4511491,0 NINJASAT,1 58341U 23174CP  24275.85401092  .00051599  00000-0  17993-2 0  9997,2 58341  97.4461 350.6654 0008764 179.6856 180.4391 15.29417367 50017,2023-174CP,58341,6855.69,94.154,483.563,471.547,0
GENERATED VIA SPACETRACK.ORG API,18 SPCS,58341,NINJASAT,PAYLOAD,U,23174CP,2024/10/2 4:20,503776,15.29453546,0.0008811,97.4458,350.9926,179.0698,181.056,0,999,5006,0.001902,0.00054631,0,4511676,0 NINJASAT,1 58341U 23174CP  24276.18114009  .00054631  00000-0  19020-2 0  9996,2 58341  97.4458 350.9926 0008811 179.0698 181.0560 15.29453546 50068,2023-174CP,58341,6855.582,94.151,483.487,471.406,0
GENERATED VIA SPACETRACK.ORG API,18 SPCS,58341,NINJASAT,PAYLOAD,U,23174CP,2024/10/2 10:37,187648,15.29479497,0.0008769,97.4458,351.255,178.123,182.0045,0,999,5010,0.0020483,0.00058919,0,4511959,0 NINJASAT,1 58341U 23174CP  24276.44283782  .00058919  00000-0  20483-2 0  9998,2 58341  97.4458 351.2550 0008769 178.1230 182.0045 15.29479497 50106,2023-174CP,58341,6855.504,94.15,483.381,471.358,0
GENERATED VIA SPACETRACK.ORG API,18 SPCS,58341,NINJASAT,PAYLOAD,U,23174CP,2024/10/2 10:37,187648,15.29479497,0.0008769,97.4458,351.255,178.123,182.0045,0,999,5010,0.0020483,0.00058919,0,4512136,0 NINJASAT,1 58341U 23174CP  24276.44283782  .00058919  00000-0  20483-2 0  9998,2 58341  97.4458 351.2550 0008769 178.1230 182.0045 15.29479497 50106,2023-174CP,58341,6855.504,94.15,483.381,471.358,0
GENERATED VIA SPACETRACK.ORG API,18 SPCS,58341,NINJASAT,PAYLOAD,U,23174CP,2024/10/2 20:02,455296,15.29526703,0.0008719,97.4457,351.6478,177.0872,183.0421,0,999,5016,0.0024756,0.00071446,0,4512321,0 NINJASAT,1 58341U 23174CP  24276.83537564  .00071446  00000-0  24756-2 0  9998,2 58341  97.4457 351.6478 0008719 177.0872 183.0421 15.29526703 50161,2023-174CP,58341,6855.363,94.147,483.205,471.251,0
GENERATED VIA SPACETRACK.ORG API,18 SPCS,58341,NINJASAT,PAYLOAD,U,23174CP,2024/10/2 20:02,455296,15.29526703,0.0008719,97.4457,351.6478,177.0872,183.0421,0,999,5016,0.0024756,0.00071446,0,4512457,0 NINJASAT,1 58341U 23174CP  24276.83537564  .00071446  00000-0  24756-2 0  9998,2 58341  97.4457 351.6478 0008719 177.0872 183.0421 15.29526703 50161,2023-174CP,58341,6855.363,94.147,483.205,471.251,0
GENERATED VIA SPACETRACK.ORG API,18 SPCS,58341,NINJASAT,PAYLOAD,U,23174CP,2024/10/3 3:53,399008,15.29570594,0.0008791,97.4457,351.9752,175.8432,184.2883,0,999,5021,0.0029376,0.00085062,0,4512704,0 NINJASAT,1 58341U 23174CP  24277.16248147  .00085062  00000-0  29376-2 0  9993,2 58341  97.4457 351.9752 0008791 175.8432 184.2883 15.29570594 50215,2023-174CP,58341,6855.232,94.144,483.123,471.071,0
GENERATED VIA SPACETRACK.ORG API,18 SPCS,58341,NINJASAT,PAYLOAD,U,23174CP,2024/10/3 10:10,417952,15.29589721,0.0008766,97.4457,352.2375,174.6674,185.4661,0,999,5025,0.0019837,0.00057239,0,4512888,0 NINJASAT,1 58341U 23174CP  24277.42415993  .00057239  00000-0  19837-2 0  9993,2 58341  97.4457 352.2375 0008766 174.6674 185.4661 15.29589721 50250,2023-174CP,58341,6855.175,94.143,483.049,471.031,0
GENERATED VIA SPACETRACK.ORG API,18 SPCS,58341,NINJASAT,PAYLOAD,U,23174CP,2024/10/3 19:36,179136,15.29639901,0.0008729,97.4455,352.6305,173.2232,186.9128,0,999,5031,0.0022638,0.00065503,0,4513210,0 NINJASAT,1 58341U 23174CP  24277.81666874  .00065503  00000-0  22638-2 0  9998,2 58341  97.4455 352.6305 0008729 173.2232 186.9128 15.29639901 50316,2023-174CP,58341,6855.025,94.14,482.874,470.906,0
GENERATED VIA SPACETRACK.ORG API,18 SPCS,58341,NINJASAT,PAYLOAD,U,23174CP,2024/10/3 21:10,189792,15.29648166,0.0008743,97.4455,352.6959,173.0418,187.0946,0,999,5032,0.002296,0.00066462,0,4513468,0 NINJASAT,1 58341U 23174CP  24277.88208553  .00066462  00000-0  22960-2 0  9994,2 58341  97.4455 352.6959 0008743 173.0418 187.0946 15.29648166 50325,2023-174CP,58341,6855,94.139,482.859,470.872,0
GENERATED VIA SPACETRACK.ORG API,18 SPCS,58341,NINJASAT,PAYLOAD,U,23174CP,2024/10/4 3:26,959392,15.29685383,0.0008808,97.4454,352.9577,172.0238,188.1144,0,999,5036,0.0025396,0.00073677,0,4513728,0 NINJASAT,1 58341U 23174CP  24278.14374953  .00073677  00000-0  25396-2 0  9994,2 58341  97.4454 352.9577 0008808 172.0238 188.1144 15.29685383 50362,2023-174CP,58341,6854.889,94.137,482.792,470.716,0
GENERATED VIA SPACETRACK.ORG API,18 SPCS,58341,NINJASAT,PAYLOAD,U,23174CP,2024/10/4 11:17,829856,15.29727088,0.0008772,97.4452,353.2857,170.6995,189.4409,0,999,5041,0.0022614,0.00065611,0,4513996,0 NINJASAT,1 58341U 23174CP  24278.47081979  .00065611  00000-0  22614-2 0  9992,2 58341  97.4452 353.2857 0008772 170.6995 189.4409 15.29727088 50412,2023-174CP,58341,6854.764,94.134,482.642,470.616,0
GENERATED VIA SPACETRACK.ORG API,18 SPCS,58341,NINJASAT,PAYLOAD,U,23174CP,2024/10/4 11:17,829856,15.29727088,0.0008772,97.4452,353.2857,170.6995,189.4409,0,999,5041,0.0022614,0.00065611,0,4514132,0 NINJASAT,1 58341U 23174CP  24278.47081979  .00065611  00000-0  22614-2 0  9992,2 58341  97.4452 353.2857 0008772 170.6995 189.4409 15.29727088 50412,2023-174CP,58341,6854.764,94.134,482.642,470.616,0
GENERATED VIA SPACETRACK.ORG API,18 SPCS,58341,NINJASAT,PAYLOAD,U,23174CP,2024/10/4 19:08,41952,15.29767931,0.0008739,97.445,353.6132,169.9577,190.184,0,999,5046,0.0023557,0.00068461,0,4514275,0 NINJASAT,1 58341U 23174CP  24278.79788243  .00068461  00000-0  23557-2 0  9998,2 58341  97.4450 353.6132 0008739 169.9577 190.1840 15.29767931 50464,2023-174CP,58341,6854.642,94.132,482.498,470.517,0
GENERATED VIA SPACETRACK.ORG API,18 SPCS,58341,NINJASAT,PAYLOAD,U,23174CP,2024/10/4 20:43,594688,15.29775104,0.0008752,97.445,353.6786,169.8406,190.3013,0,999,5047,0.0023992,0.00069754,0,4514403,0 NINJASAT,1 58341U 23174CP  24278.86329392  .00069754  00000-0  23992-2 0  9991,2 58341  97.4450 353.6786 0008752 169.8406 190.3013 15.29775104 50470,2023-174CP,58341,6854.621,94.131,482.485,470.487,0
GENERATED VIA SPACETRACK.ORG API,18 SPCS,58341,NINJASAT,PAYLOAD,U,23174CP,2024/10/5 4:34,830464,15.29822222,0.0008796,97.4448,354.006,168.8715,191.2722,0,999,5052,0.0024192,0.00070445,0,4514571,0 NINJASAT,1 58341U 23174CP  24279.19034526  .00070445  00000-0  24192-2 0  9992,2 58341  97.4448 354.0060 0008796 168.8715 191.2722 15.29822222 50524,2023-174CP,58341,6854.48,94.129,482.374,470.316,0
GENERATED VIA SPACETRACK.ORG API,18 SPCS,58341,NINJASAT,PAYLOAD,U,23174CP,2024/10/5 10:50,46080,15.29850846,0.0008739,97.4447,354.2686,168.0545,192.0904,0,999,5056,0.0021776,0.00063399,0,4514973,0 NINJASAT,1 58341U 23174CP  24279.45197970  .00063399  00000-0  21776-2 0  9999,2 58341  97.4447 354.2686 0008739 168.0545 192.0904 15.29850846 50567,2023-174CP,58341,6854.395,94.127,482.25,470.27,0
GENERATED VIA SPACETRACK.ORG API,18 SPCS,58341,NINJASAT,PAYLOAD,U,23174CP,2024/10/5 12:25,285184,15.2985857,0.0008717,97.4446,354.3342,167.9971,192.1479,0,999,5057,0.0021791,0.00063458,0,4515143,0 NINJASAT,1 58341U 23174CP  24279.51738756  .00063458  00000-0  21791-2 0  9992,2 58341  97.4446 354.3342 0008717 167.9971 192.1479 15.29858570 50574,2023-174CP,58341,6854.372,94.126,482.212,470.262,0
GENERATED VIA SPACETRACK.ORG API,18 SPCS,58341,NINJASAT,PAYLOAD,U,23174CP,2024/10/5 20:15,20192,15.29900015,0.0008687,97.4444,354.6614,167.3064,192.8397,0,999,5062,0.0023169,0.00067598,0,4515334,0 NINJASAT,1 58341U 23174CP  24279.84442153  .00067598  00000-0  23169-2 0  9991,2 58341  97.4444 354.6614 0008687 167.3064 192.8397 15.29900015 50624,2023-174CP,58341,6854.248,94.124,482.067,470.159,0
GENERATED VIA SPACETRACK.ORG API,18 SPCS,58341,NINJASAT,PAYLOAD,U,23174CP,2024/10/5 20:15,20192,15.29900015,0.0008687,97.4444,354.6614,167.3064,192.8397,0,999,5062,0.0023169,0.00067598,0,4515455,0 NINJASAT,1 58341U 23174CP  24279.84442153  .00067598  00000-0  23169-2 0  9991,2 58341  97.4444 354.6614 0008687 167.3064 192.8397 15.29900015 50624,2023-174CP,58341,6854.248,94.124,482.067,470.159,0
GENERATED VIA SPACETRACK.ORG API,18 SPCS,58341,NINJASAT,PAYLOAD,U,23174CP,2024/10/6 4:06,25984,15.29938378,0.000874,97.4444,354.9888,166.2517,193.8963,0,999,5067,0.0019854,0.0005791,0,4515653,0 NINJASAT,1 58341U 23174CP  24280.17144706  .00057910  00000-0  19854-2 0  9995,2 58341  97.4444 354.9888 0008740 166.2517 193.8963 15.29938378 50679,2023-174CP,58341,6854.133,94.121,481.989,470.008,0
GENERATED VIA SPACETRACK.ORG API,18 SPCS,58341,NINJASAT,PAYLOAD,U,23174CP,2024/10/6 11:57,350080,15.29973162,0.0008664,97.4444,355.3168,164.853,195.2971,0,999,5072,0.0020506,0.00059893,0,4516054,0 NINJASAT,1 58341U 23174CP  24280.49846470  .00059893  00000-0  20506-2 0  9995,2 58341  97.4444 355.3168 0008664 164.8530 195.2971 15.29973162 50720,2023-174CP,58341,6854.029,94.119,481.833,469.956,0
GENERATED VIA SPACETRACK.ORG API,18 SPCS,58341,NINJASAT,PAYLOAD,U,23174CP,2024/10/6 11:57,350080,15.29973162,0.0008664,97.4444,355.3168,164.853,195.2971,0,999,5072,0.0020506,0.00059893,0,4516175,0 NINJASAT,1 58341U 23174CP  24280.49846470  .00059893  00000-0  20506-2 0  9995,2 58341  97.4444 355.3168 0008664 164.8530 195.2971 15.29973162 50720,2023-174CP,58341,6854.029,94.119,481.833,469.956,0
GENERATED VIA SPACETRACK.ORG API,18 SPCS,58341,NINJASAT,PAYLOAD,U,23174CP,2024/10/6 19:48,995072,15.30014527,0.0008658,97.4442,355.644,163.7256,196.4264,0,999,5077,0.0021402,0.00062615,0,4516403,0 NINJASAT,1 58341U 23174CP  24280.82547448  .00062615  00000-0  21402-2 0  9997,2 58341  97.4442 355.6440 0008658 163.7256 196.4264 15.30014527 50776,2023-174CP,58341,6853.906,94.117,481.705,469.837,0
GENERATED VIA SPACETRACK.ORG API,18 SPCS,58341,NINJASAT,PAYLOAD,U,23174CP,2024/10/7 3:39,808896,15.30063256,0.0008699,97.4442,355.9713,162.5382,197.6159,0,999,5082,0.0024449,0.00071735,0,4516741,0 NINJASAT,1 58341U 23174CP  24281.15247464  .00071735  00000-0  24449-2 0  9996,2 58341  97.4442 355.9713 0008699 162.5382 197.6159 15.30063256 50829,2023-174CP,58341,6853.76,94.114,481.587,469.663,0
GENERATED VIA SPACETRACK.ORG API,18 SPCS,58341,NINJASAT,PAYLOAD,U,23174CP,2024/10/7 11:30,598016,15.30115404,0.0008686,97.4441,356.2992,161.2619,198.8943,0,999,5087,0.0027189,0.00079998,0,4517040,0 NINJASAT,1 58341U 23174CP  24281.47946294  .00079998  00000-0  27189-2 0  9991,2 58341  97.4441 356.2992 0008686 161.2619 198.8943 15.30115404 50878,2023-174CP,58341,6853.605,94.111,481.423,469.517,0
GENERATED VIA SPACETRACK.ORG API,18 SPCS,58341,NINJASAT,PAYLOAD,U,23174CP,2024/10/7 13:04,913504,15.30118087,0.0008682,97.444,356.3647,161.1513,199.005,0,999,5088,0.0023338,0.00068558,0,4517222,0 NINJASAT,1 58341U 23174CP  24281.54486011  .00068558  00000-0  23338-2 0  9997,2 58341  97.4440 356.3647 0008682 161.1513 199.0050 15.30118087 50886,2023-174CP,58341,6853.597,94.11,481.412,469.511,0
GENERATED VIA SPACETRACK.ORG API,18 SPCS,58341,NINJASAT,PAYLOAD,U,23174CP,2024/10/7 19:21,669152,15.30158469,0.0008693,97.4439,356.6267,160.3269,199.8309,0,999,5092,0.0024308,0.00071528,0,4517399,0 NINJASAT,1 58341U 23174CP  24281.80644293  .00071528  00000-0  24308-2 0  9993,2 58341  97.4439 356.6267 0008693 160.3269 199.8309 15.30158469 50924,2023-174CP,58341,6853.476,94.108,481.299,469.383,0
GENERATED VIA SPACETRACK.ORG API,18 SPCS,58341,NINJASAT,PAYLOAD,U,23174CP,2024/10/7 19:21,669152,15.30158469,0.0008693,97.4439,356.6267,160.3269,199.8309,0,999,5092,0.0024308,0.00071528,0,4517538,0 NINJASAT,1 58341U 23174CP  24281.80644293  .00071528  00000-0  24308-2 0  9993,2 58341  97.4439 356.6267 0008693 160.3269 199.8309 15.30158469 50924,2023-174CP,58341,6853.476,94.108,481.299,469.383,0
GENERATED VIA SPACETRACK.ORG API,18 SPCS,58341,NINJASAT,PAYLOAD,U,23174CP,2024/10/8 4:46,863456,15.30253009,0.0008732,97.4437,357.0195,158.983,201.1771,0,999,5098,0.0064166,0.00192544,0,4517810,0 NINJASAT,1 58341U 23174CP  24282.19880629  .00192544  00000-0  64166-2 0  9999,2 58341  97.4437 357.0195 0008732 158.9830 201.1771 15.30253009 50980,2023-174CP,58341,6853.194,94.102,481.043,469.075,0
GENERATED VIA SPACETRACK.ORG API,18 SPCS,58341,NINJASAT,PAYLOAD,U,23174CP,2024/10/8 11:02,881600,15.30306159,0.0008724,97.4436,357.2822,158.1893,201.9721,0,999,5102,0.0066534,0.00200182,0,4518267,0 NINJASAT,1 58341U 23174CP  24282.46036900  .00200182  00000-0  66534-2 0  9993,2 58341  97.4436 357.2822 0008724 158.1893 201.9721 15.30306159 51024,2023-174CP,58341,6853.035,94.099,480.879,468.922,0
GENERATED VIA SPACETRACK.ORG API,18 SPCS,58341,NINJASAT,PAYLOAD,U,23174CP,2024/10/8 11:02,881600,15.30306159,0.0008724,97.4436,357.2822,158.1893,201.9721,0,999,5102,0.0066534,0.00200182,0,4518461,0 NINJASAT,1 58341U 23174CP  24282.46036900  .00200182  00000-0  66534-2 0  9993,2 58341  97.4436 357.2822 0008724 158.1893 201.9721 15.30306159 51024,2023-174CP,58341,6853.035,94.099,480.879,468.922,0
GENERATED VIA SPACETRACK.ORG API,18 SPCS,58341,NINJASAT,PAYLOAD,U,23174CP,2024/10/8 17:19,516992,15.30316556,0.0008703,97.4435,357.5444,157.639,202.5232,0,999,5106,0.0035716,0.00106129,0,4518721,0 NINJASAT,1 58341U 23174CP  24282.72192728  .00106129  00000-0  35716-2 0  9997,2 58341  97.4435 357.5444 0008703 157.6390 202.5232 15.30316556 51069,2023-174CP,58341,6853.004,94.098,480.833,468.905,0
GENERATED VIA SPACETRACK.ORG API,18 SPCS,58341,NINJASAT,PAYLOAD,U,23174CP,2024/10/8 20:27,719776,15.30312204,0.0008709,97.4435,357.6751,157.3589,202.8037,0,999,5108,0.0020002,0.00059026,0,4518921,0 NINJASAT,1 58341U 23174CP  24282.85270509  .00059026  00000-0  20002-2 0  9990,2 58341  97.4435 357.6751 0008709 157.3589 202.8037 15.30312204 51088,2023-174CP,58341,6853.017,94.098,480.85,468.914,0
GENERATED VIA SPACETRACK.ORG API,18 SPCS,58341,NINJASAT,PAYLOAD,U,23174CP,2024/10/9 4:18,195808,15.30354222,0.0008723,97.4436,358.0026,156.4833,203.6808,0,999,5113,0.002532,0.00074995,0,4519162,0 NINJASAT,1 58341U 23174CP  24283.17964347  .00074995  00000-0  25320-2 0  9996,2 58341  97.4436 358.0026 0008723 156.4833 203.6808 15.30354222 51134,2023-174CP,58341,6852.892,94.096,480.734,468.779,0
GENERATED VIA SPACETRACK.ORG API,18 SPCS,58341,NINJASAT,PAYLOAD,U,23174CP,2024/10/9 12:09,883008,15.30382702,0.000867,97.4436,358.3307,155.1749,204.9911,0,999,5118,0.0017519,0.00051752,0,4519569,0 NINJASAT,1 58341U 23174CP  24283.50657272  .00051752  00000-0  17519-2 0  9996,2 58341  97.4436 358.3307 0008670 155.1749 204.9911 15.30382702 51180,2023-174CP,58341,6852.807,94.094,480.613,468.73,0
GENERATED VIA SPACETRACK.ORG API,18 SPCS,58341,NINJASAT,PAYLOAD,U,23174CP,2024/10/9 20:00,987008,15.30418257,0.0008688,97.4435,358.6579,154.3121,205.8553,0,999,5123,0.0015994,0.00047264,0,4519894,0 NINJASAT,1 58341U 23174CP  24283.83349522  .00047264  00000-0  15994-2 0  9996,2 58341  97.4435 358.6579 0008688 154.3121 205.8553 15.30418257 51230,2023-174CP,58341,6852.7,94.092,480.519,468.612,0
GENERATED VIA SPACETRACK.ORG API,18 SPCS,58341,NINJASAT,PAYLOAD,U,23174CP,2024/10/9 20:00,987008,15.30418257,0.0008688,97.4435,358.6579,154.3121,205.8553,0,999,5123,0.0015994,0.00047264,0,4519993,0 NINJASAT,1 58341U 23174CP  24283.83349522  .00047264  00000-0  15994-2 0  9996,2 58341  97.4435 358.6579 0008688 154.3121 205.8553 15.30418257 51230,2023-174CP,58341,6852.7,94.092,480.519,468.612,0
GENERATED VIA SPACETRACK.ORG API,18 SPCS,58341,NINJASAT,PAYLOAD,U,23174CP,2024/10/10 3:50,609760,15.30449039,0.0008737,97.4436,358.9854,153.1059,207.0636,0,999,5128,0.0019306,0.00057197,0,4520173,0 NINJASAT,1 58341U 23174CP  24284.16041215  .00057197  00000-0  19306-2 0  9998,2 58341  97.4436 358.9854 0008737 153.1059 207.0636 15.30449039 51285,2023-174CP,58341,6852.609,94.09,480.461,468.486,0
GENERATED VIA SPACETRACK.ORG API,18 SPCS,58341,NINJASAT,PAYLOAD,U,23174CP,2024/10/10 11:41,556864,15.30475107,0.0008754,97.4436,359.3133,151.7614,208.4103,0,999,5133,0.0014976,0.00044313,0,4520530,0 NINJASAT,1 58341U 23174CP  24284.48732126  .00044313  00000-0  14976-2 0  9995,2 58341  97.4436 359.3133 0008754 151.7614 208.4103 15.30475107 51335,2023-174CP,58341,6852.531,94.088,480.394,468.397,0
GENERATED VIA SPACETRACK.ORG API,18 SPCS,58341,NINJASAT,PAYLOAD,U,23174CP,2024/10/10 11:41,556864,15.30475107,0.0008754,97.4436,359.3133,151.7614,208.4103,0,999,5133,0.0014976,0.00044313,0,4520681,0 NINJASAT,1 58341U 23174CP  24284.48732126  .00044313  00000-0  14976-2 0  9995,2 58341  97.4436 359.3133 0008754 151.7614 208.4103 15.30475107 51335,2023-174CP,58341,6852.531,94.088,480.394,468.397,0
GENERATED VIA SPACETRACK.ORG API,18 SPCS,58341,NINJASAT,PAYLOAD,U,23174CP,2024/10/10 19:32,897440,15.30554936,0.0008752,97.4436,359.6411,150.5994,209.5741,0,999,5138,0.0036409,0.00109031,0,4520914,0 NINJASAT,1 58341U 23174CP  24284.81422335  .00109031  00000-0  36409-2 0  9994,2 58341  97.4436 359.6411 0008752 150.5994 209.5741 15.30554936 51386,2023-174CP,58341,6852.292,94.084,480.155,468.16,0
GENERATED VIA SPACETRACK.ORG API,18 SPCS,58341,NINJASAT,PAYLOAD,U,23174CP,2024/10/10 19:32,897440,15.30554936,0.0008752,97.4436,359.6411,150.5994,209.5741,0,999,5138,0.0036409,0.00109031,0,4521009,0 NINJASAT,1 58341U 23174CP  24284.81422335  .00109031  00000-0  36409-2 0  9994,2 58341  97.4436 359.6411 0008752 150.5994 209.5741 15.30554936 51386,2023-174CP,58341,6852.292,94.084,480.155,468.16,0
GENERATED VIA SPACETRACK.ORG API,18 SPCS,58341,NINJASAT,PAYLOAD,U,23174CP,2024/10/11 4:57,875968,15.30647195,0.0008721,97.4437,0.0338,149.3876,210.7875,0,999,5144,0.0081232,0.00248591,0,4521231,0 NINJASAT,1 58341U 23174CP  24285.20649162  .00248591  00000-0  81232-2 0  9996,2 58341  97.4437   0.0338 0008721 149.3876 210.7875 15.30647195 51442,2023-174CP,58341,6852.017,94.078,479.858,467.907,0
GENERATED VIA SPACETRACK.ORG API,18 SPCS,58341,NINJASAT,PAYLOAD,U,23174CP,2024/10/11 11:13,208128,15.30704448,0.0008703,97.4437,0.2964,148.3407,211.8359,0,999,5148,0.0077797,0.00238166,0,4521762,0 NINJASAT,1 58341U 23174CP  24285.46798852  .00238166  00000-0  77797-2 0  9993,2 58341  97.4437   0.2964 0008703 148.3407 211.8359 15.30704448 51486,2023-174CP,58341,6851.846,94.074,479.674,467.748,0
GENERATED VIA SPACETRACK.ORG API,18 SPCS,58341,NINJASAT,PAYLOAD,U,23174CP,2024/10/11 12:48,397312,15.30672495,0.0008739,97.4438,0.3621,148.5233,211.6532,0,999,5149,0.0032832,0.00098533,0,4521985,0 NINJASAT,1 58341U 23174CP  24285.53336108  .00098533  00000-0  32832-2 0  9996,2 58341  97.4438   0.3621 0008739 148.5233 211.6532 15.30672495 51494,2023-174CP,58341,6851.942,94.076,479.795,467.819,0
GENERATED VIA SPACETRACK.ORG API,18 SPCS,58341,NINJASAT,PAYLOAD,U,23174CP,2024/10/11 19:04,118624,15.30701698,0.0008748,97.4438,0.624,147.7715,212.4062,0,999,5153,0.0021136,0.00063167,0,4522266,0 NINJASAT,1 58341U 23174CP  24285.79485091  .00063167  00000-0  21136-2 0  9990,2 58341  97.4438   0.6240 0008748 147.7715 212.4062 15.30701698 51530,2023-174CP,58341,6851.854,94.075,479.714,467.725,0
GENERATED VIA SPACETRACK.ORG API,18 SPCS,58341,NINJASAT,PAYLOAD,U,23174CP,2024/10/11 20:38,211040,15.30710136,0.0008752,97.4438,0.6894,147.6485,212.5294,0,999,5154,0.002122,0.00063437,0,4522417,0 NINJASAT,1 58341U 23174CP  24285.86022235  .00063437  00000-0  21220-2 0  9999,2 58341  97.4438   0.6894 0008752 147.6485 212.5294 15.30710136 51549,2023-174CP,58341,6851.829,94.074,479.691,467.698,0
GENERATED VIA SPACETRACK.ORG API,18 SPCS,58341,NINJASAT,PAYLOAD,U,23174CP,2024/10/12 4:29,490816,15.30737049,0.0008787,97.4438,1.0171,146.8187,213.3606,0,999,5159,0.0017142,0.00051192,0,4522635,0 NINJASAT,1 58341U 23174CP  24286.18707744  .00051192  00000-0  17142-2 0  9993,2 58341  97.4438   1.0171 0008787 146.8187 213.3606 15.30737049 51593,2023-174CP,58341,6851.749,94.072,479.635,467.593,0
GENERATED VIA SPACETRACK.ORG API,18 SPCS,58341,NINJASAT,PAYLOAD,U,23174CP,2024/10/12 12:20,285888,15.30755736,0.00087,97.4439,1.3452,145.4335,214.7473,0,999,5164,0.0015675,0.00046803,0,4523065,0 NINJASAT,1 58341U 23174CP  24286.51392692  .00046803  00000-0  15675-2 0  9994,2 58341  97.4439   1.3452 0008700 145.4335 214.7473 15.30755736 51640,2023-174CP,58341,6851.693,94.071,479.519,467.597,0
GENERATED VIA SPACETRACK.ORG API,18 SPCS,58341,NINJASAT,PAYLOAD,U,23174CP,2024/10/12 20:10,583296,15.30785045,0.0008742,97.4439,1.6729,144.4492,215.7333,0,999,5169,0.0014361,0.00042891,0,4523216,0 NINJASAT,1 58341U 23174CP  24286.84077064  .00042891  00000-0  14361-2 0  9997,2 58341  97.4439   1.6729 0008742 144.4492 215.7333 15.30785045 51696,2023-174CP,58341,6851.606,94.069,479.46,467.481,0
GENERATED VIA SPACETRACK.ORG API,18 SPCS,58341,NINJASAT,PAYLOAD,U,23174CP,2024/10/13 11:51,912352,15.30831104,0.0008749,97.4442,2.3285,142.333,217.8525,0,999,5179,0.0013531,0.00040452,0,4523218,0 NINJASAT,1 58341U 23174CP  24287.49444343  .00040452  00000-0  13531-2 0  9996,2 58341  97.4442   2.3285 0008749 142.3330 217.8525 15.30831104 51795,2023-174CP,58341,6851.468,94.067,479.328,467.339,0
GENERATED VIA SPACETRACK.ORG API,18 SPCS,58341,NINJASAT,PAYLOAD,U,23174CP,2024/10/13 11:51,912352,15.30831104,0.0008749,97.4442,2.3285,142.333,217.8525,0,999,5179,0.0013531,0.00040452,0,4523246,0 NINJASAT,1 58341U 23174CP  24287.49444343  .00040452  00000-0  13531-2 0  9996,2 58341  97.4442   2.3285 0008749 142.3330 217.8525 15.30831104 51795,2023-174CP,58341,6851.468,94.067,479.328,467.339,0
GENERATED VIA SPACETRACK.ORG API,18 SPCS,58341,NINJASAT,PAYLOAD,U,23174CP,2024/10/13 19:42,928448,15.30851801,0.0008748,97.4443,2.6563,141.0958,219.0914,0,999,5184,0.0012039,0.00035985,0,4523738,0 NINJASAT,1 58341U 23174CP  24287.82127232  .00035985  00000-0  12039-2 0  9995,2 58341  97.4443   2.6563 0008748 141.0958 219.0914 15.30851801 51847,2023-174CP,58341,6851.407,94.065,479.265,467.278,0
GENERATED VIA SPACETRACK.ORG API,18 SPCS,58341,NINJASAT,PAYLOAD,U,23174CP,2024/10/13 19:42,928448,15.30851801,0.0008748,97.4443,2.6563,141.0958,219.0914,0,999,5184,0.0012039,0.00035985,0,4523921,0 NINJASAT,1 58341U 23174CP  24287.82127232  .00035985  00000-0  12039-2 0  9995,2 58341  97.4443   2.6563 0008748 141.0958 219.0914 15.30851801 51847,2023-174CP,58341,6851.407,94.065,479.265,467.278,0
GENERATED VIA SPACETRACK.ORG API,18 SPCS,58341,NINJASAT,PAYLOAD,U,23174CP,2024/10/14 3:33,493536,15.30879115,0.0008737,97.4443,2.9842,139.9558,220.2329,0,999,5189,0.0013548,0.00040564,0,4524162,0 NINJASAT,1 58341U 23174CP  24288.14809599  .00040564  00000-0  13548-2 0  9999,2 58341  97.4443   2.9842 0008737 139.9558 220.2329 15.30879115 51897,2023-174CP,58341,6851.325,94.064,479.176,467.204,0
GENERATED VIA SPACETRACK.ORG API,18 SPCS,58341,NINJASAT,PAYLOAD,U,23174CP,2024/10/14 6:41,391008,15.30886682,0.000875,97.4444,3.1154,139.4085,220.781,0,999,5191,0.0012369,0.00037019,0,4524467,0 NINJASAT,1 58341U 23174CP  24288.27882397  .00037019  00000-0  12369-2 0  9991,2 58341  97.4444   3.1154 0008750 139.4085 220.7810 15.30886682 51912,2023-174CP,58341,6851.303,94.063,479.162,467.173,0
GENERATED VIA SPACETRACK.ORG API,18 SPCS,58341,NINJASAT,PAYLOAD,U,23174CP,2024/10/14 12:57,984640,15.30905692,0.0008734,97.4443,3.3775,138.571,221.6194,0,999,5195,0.0012409,0.00037161,0,4524553,0 NINJASAT,1 58341U 23174CP  24288.54027760  .00037161  00000-0  12409-2 0  9999,2 58341  97.4443   3.3775 0008734 138.5710 221.6194 15.30905692 51951,2023-174CP,58341,6851.246,94.062,479.095,467.127,0
GENERATED VIA SPACETRACK.ORG API,18 SPCS,58341,NINJASAT,PAYLOAD,U,23174CP,2024/10/14 19:14,328576,15.30924031,0.0008762,97.4444,3.6399,137.7101,222.4817,0,999,5199,0.0012306,0.00036872,0,4524727,0 NINJASAT,1 58341U 23174CP  24288.80172834  .00036872  00000-0  12306-2 0  9995,2 58341  97.4444   3.6399 0008762 137.7101 222.4817 15.30924031 51996,2023-174CP,58341,6851.191,94.061,479.059,467.053,0
GENERATED VIA SPACETRACK.ORG API,18 SPCS,58341,NINJASAT,PAYLOAD,U,23174CP,2024/10/14 20:48,630432,15.30927733,0.0008769,97.4443,3.7054,137.5331,222.659,0,999,5200,0.0012268,0.00036761,0,4524819,0 NINJASAT,1 58341U 23174CP  24288.86709063  .00036761  00000-0  12268-2 0  9995,2 58341  97.4443   3.7054 0008769 137.5331 222.6590 15.30927733 52009,2023-174CP,58341,6851.18,94.061,479.053,467.037,0
GENERATED VIA SPACETRACK.ORG API,18 SPCS,58341,NINJASAT,PAYLOAD,U,23174CP,2024/10/15 4:39,777696,15.30958812,0.0008765,97.4444,4.0334,136.5191,223.6743,0,999,5205,0.001516,0.00045542,0,4525005,0 NINJASAT,1 58341U 23174CP  24289.19389789  .00045542  00000-0  15160-2 0  9992,2 58341  97.4444   4.0334 0008765 136.5191 223.6743 15.30958812 52052,2023-174CP,58341,6851.087,94.059,478.957,466.947,0
GENERATED VIA SPACETRACK.ORG API,18 SPCS,58341,NINJASAT,PAYLOAD,U,23174CP,2024/10/15 10:55,353536,15.30976654,0.000875,97.4445,4.2959,135.8214,224.3728,0,999,5209,0.0014249,0.00042808,0,4525344,0 NINJASAT,1 58341U 23174CP  24289.45533974  .00042808  00000-0  14249-2 0  9997,2 58341  97.4445   4.2959 0008750 135.8214 224.3728 15.30976654 52099,2023-174CP,58341,6851.034,94.058,478.894,466.904,0
GENERATED VIA SPACETRACK.ORG API,18 SPCS,58341,NINJASAT,PAYLOAD,U,23174CP,2024/10/15 12:29,459264,15.30981069,0.0008754,97.4445,4.3614,135.571,224.6235,0,999,5210,0.0013925,0.00041834,0,4525360,0 NINJASAT,1 58341U 23174CP  24289.52069976  .00041834  00000-0  13925-2 0  9999,2 58341  97.4445   4.3614 0008754 135.5710 224.6235 15.30981069 52104,2023-174CP,58341,6851.021,94.057,478.883,466.889,0
GENERATED VIA SPACETRACK.ORG API,18 SPCS,58341,NINJASAT,PAYLOAD,U,23174CP,2024/10/15 20:20,591328,15.31009104,0.0008749,97.4444,4.6892,134.6357,225.5599,0,999,5215,0.0013951,0.00041949,0,4525561,0 NINJASAT,1 58341U 23174CP  24289.84749527  .00041949  00000-0  13951-2 0  9997,2 58341  97.4444   4.6892 0008749 134.6357 225.5599 15.31009104 52155,2023-174CP,58341,6850.937,94.056,478.796,466.808,0
GENERATED VIA SPACETRACK.ORG API,18 SPCS,58341,NINJASAT,PAYLOAD,U,23174CP,2024/10/15 21:54,565728,15.31015115,0.0008748,97.4443,4.7548,134.4186,225.7772,0,999,5216,0.0014426,0.00043396,0,4525699,0 NINJASAT,1 58341U 23174CP  24289.91285377  .00043396  00000-0  14426-2 0  9999,2 58341  97.4443   4.7548 0008748 134.4186 225.7772 15.31015115 52165,2023-174CP,58341,6850.919,94.055,478.778,466.791,0
GENERATED VIA SPACETRACK.ORG API,18 SPCS,58341,NINJASAT,PAYLOAD,U,23174CP,2024/10/16 4:10,260288,15.31035992,0.0008737,97.4444,5.017,133.6503,226.5464,0,999,5220,0.0013947,0.00041972,0,4525928,0 NINJASAT,1 58341U 23174CP  24290.17428542  .00041972  00000-0  13947-2 0  9997,2 58341  97.4444   5.0170 0008737 133.6503 226.5464 15.31035992 52200,2023-174CP,58341,6850.857,94.054,478.708,466.736,0
GENERATED VIA SPACETRACK.ORG API,18 SPCS,58341,NINJASAT,PAYLOAD,U,23174CP,2024/10/16 13:35,168384,15.31071268,0.0008723,97.4443,5.4105,132.3725,227.8256,0,999,5226,0.001503,0.00045306,0,4526587,0 NINJASAT,1 58341U 23174CP  24290.56642556  .00045306  00000-0  15030-2 0  9993,2 58341  97.4443   5.4105 0008723 132.3725 227.8256 15.31071268 52263,2023-174CP,58341,6850.752,94.052,478.593,466.641,0
GENERATED VIA SPACETRACK.ORG API,18 SPCS,58341,NINJASAT,PAYLOAD,U,23174CP,2024/10/16 15:09,936288,15.3107505,0.0008723,97.4443,5.476,132.1512,228.0472,0,999,5227,0.0014268,0.00042997,0,4526349,0 NINJASAT,1 58341U 23174CP  24290.63178167  .00042997  00000-0  14268-2 0  9998,2 58341  97.4443   5.4760 0008723 132.1512 228.0472 15.31075050 52279,2023-174CP,58341,6850.741,94.052,478.581,466.63,0
GENERATED VIA SPACETRACK.ORG API,18 SPCS,58341,NINJASAT,PAYLOAD,U,23174CP,2024/10/16 19:52,35232,15.31092946,0.0008741,97.4442,5.6727,131.5364,228.6629,0,999,5230,0.0014735,0.0004444,0,4526470,0 NINJASAT,1 58341U 23174CP  24290.82784763  .00044440  00000-0  14735-2 0  9998,2 58341  97.4442   5.6727 0008741 131.5364 228.6629 15.31092946 52308,2023-174CP,58341,6850.687,94.05,478.54,466.564,0
GENERATED VIA SPACETRACK.ORG API,18 SPCS,58341,NINJASAT,PAYLOAD,U,23174CP,2024/10/16 21:26,704640,15.31098273,0.0008763,97.4442,5.7383,131.2583,228.9414,0,999,5231,0.0014807,0.00044667,0,4526592,0 NINJASAT,1 58341U 23174CP  24290.89320260  .00044667  00000-0  14807-2 0  9994,2 58341  97.4442   5.7383 0008763 131.2583 228.9414 15.31098273 52316,2023-174CP,58341,6850.671,94.05,478.54,466.533,0
GENERATED VIA SPACETRACK.ORG API,18 SPCS,58341,NINJASAT,PAYLOAD,U,23174CP,2024/10/17 3:42,138624,15.3112208,0.0008758,97.4442,6.0008,130.5718,229.6287,0,999,5235,0.001504,0.00045409,0,4526791,0 NINJASAT,1 58341U 23174CP  24291.15461966  .00045409  00000-0  15040-2 0  9998,2 58341  97.4442   6.0008 0008758 130.5718 229.6287 15.31122080 52354,2023-174CP,58341,6850.6,94.049,478.465,466.466,0
GENERATED VIA SPACETRACK.ORG API,18 SPCS,58341,NINJASAT,PAYLOAD,U,23174CP,2024/10/17 13:07,170112,15.31153237,0.0008785,97.4442,6.3943,129.2405,230.9617,0,999,5241,0.0013622,0.00041137,0,4526960,0 NINJASAT,1 58341U 23174CP  24291.54673808  .00041137  00000-0  13622-2 0  9999,2 58341  97.4442   6.3943 0008785 129.2405 230.9617 15.31153237 52410,2023-174CP,58341,6850.507,94.047,478.391,466.354,0
GENERATED VIA SPACETRACK.ORG API,18 SPCS,58341,NINJASAT,PAYLOAD,U,23174CP,2024/10/17 19:23,836864,15.31171604,0.0008795,97.444,6.6567,128.3498,231.8535,0,999,5245,0.0012411,0.00037477,0,4527230,0 NINJASAT,1 58341U 23174CP  24291.80814626  .00037477  00000-0  12411-2 0  9990,2 58341  97.4440   6.6567 0008795 128.3498 231.8535 15.31171604 52457,2023-174CP,58341,6850.453,94.046,478.343,466.293,0
GENERATED VIA SPACETRACK.ORG API,18 SPCS,58341,NINJASAT,PAYLOAD,U,23174CP,2024/10/17 20:57,211648,15.31176925,0.0008796,97.4439,6.7223,128.0707,232.1329,0,999,5246,0.0012754,0.00038526,0,4527436,0 NINJASAT,1 58341U 23174CP  24291.87349782  .00038526  00000-0  12754-2 0  9999,2 58341  97.4439   6.7223 0008796 128.0707 232.1329 15.31176925 52463,2023-174CP,58341,6850.437,94.045,478.327,466.276,0
GENERATED VIA SPACETRACK.ORG API,18 SPCS,58341,NINJASAT,PAYLOAD,U,23174CP,2024/10/18 4:48,768480,15.31207328,0.0008778,97.4437,7.0503,126.9533,233.2513,0,999,5251,0.0014781,0.0004474,0,4527671,0 NINJASAT,1 58341U 23174CP  24292.20025195  .00044740  00000-0  14781-2 0  9993,2 58341  97.4437   7.0503 0008778 126.9533 233.2513 15.31207328 52515,2023-174CP,58341,6850.346,94.043,478.224,466.198,0
GENERATED VIA SPACETRACK.ORG API,18 SPCS,58341,NINJASAT,PAYLOAD,U,23174CP,2024/10/18 11:04,663680,15.31230227,0.0008771,97.4437,7.3127,126.1024,234.1031,0,999,5255,0.0015911,0.00048222,0,4527929,0 NINJASAT,1 58341U 23174CP  24292.46165120  .00048222  00000-0  15911-2 0  9999,2 58341  97.4437   7.3127 0008771 126.1024 234.1031 15.31230227 52553,2023-174CP,58341,6850.278,94.042,478.151,466.134,0
GENERATED VIA SPACETRACK.ORG API,18 SPCS,58341,NINJASAT,PAYLOAD,U,23174CP,2024/10/18 11:04,663680,15.31230227,0.0008771,97.4437,7.3127,126.1024,234.1031,0,999,5255,0.0015911,0.00048222,0,4528056,0 NINJASAT,1 58341U 23174CP  24292.46165120  .00048222  00000-0  15911-2 0  9999,2 58341  97.4437   7.3127 0008771 126.1024 234.1031 15.31230227 52553,2023-174CP,58341,6850.278,94.042,478.151,466.134,0
GENERATED VIA SPACETRACK.ORG API,18 SPCS,58341,NINJASAT,PAYLOAD,U,23174CP,2024/10/18 22:03,523744,15.31271719,0.0008758,97.4433,7.7715,124.8169,235.3897,0,999,5262,0.0018721,0.0005689,0,4528062,0 NINJASAT,1 58341U 23174CP  24292.91909171  .00056890  00000-0  18721-2 0  9993,2 58341  97.4433   7.7715 0008758 124.8169 235.3897 15.31271719 52628,2023-174CP,58341,6850.154,94.039,478.018,466.02,0
GENERATED VIA SPACETRACK.ORG API,18 SPCS,58341,NINJASAT,PAYLOAD,U,23174CP,2024/10/19 4:19,543712,15.31298608,0.0008721,97.4431,8.0337,123.9446,236.2626,0,999,5266,0.0020713,0.00063055,0,4528420,0 NINJASAT,1 58341U 23174CP  24293.18048083  .00063055  00000-0  20713-2 0  9994,2 58341  97.4431   8.0337 0008721 123.9446 236.2626 15.31298608 52668,2023-174CP,58341,6850.074,94.038,477.913,465.965,0
GENERATED VIA SPACETRACK.ORG API,18 SPCS,58341,NINJASAT,PAYLOAD,U,23174CP,2024/10/19 9:02,291712,15.31321946,0.0008711,97.4431,8.2306,123.5346,236.6728,0,999,5269,0.0023356,0.00071238,0,4528761,0 NINJASAT,1 58341U 23174CP  24293.37651958  .00071238  00000-0  23356-2 0  9994,2 58341  97.4431   8.2306 0008711 123.5346 236.6728 15.31321946 52692,2023-174CP,58341,6850.004,94.036,477.836,465.902,0
GENERATED VIA SPACETRACK.ORG API,18 SPCS,58341,NINJASAT,PAYLOAD,U,23174CP,2024/10/19 9:02,291712,15.31321946,0.0008711,97.4431,8.2306,123.5346,236.6728,0,999,5269,0.0023356,0.00071238,0,4528833,0 NINJASAT,1 58341U 23174CP  24293.37651958  .00071238  00000-0  23356-2 0  9994,2 58341  97.4431   8.2306 0008711 123.5346 236.6728 15.31321946 52692,2023-174CP,58341,6850.004,94.036,477.836,465.902,0
GENERATED VIA SPACETRACK.ORG API,18 SPCS,58341,NINJASAT,PAYLOAD,U,23174CP,2024/10/19 20:00,990048,15.31353256,0.0008732,97.4429,8.6896,122.0465,238.1625,0,999,5276,0.0018262,0.00055624,0,4529004,0 NINJASAT,1 58341U 23174CP  24293.83393507  .00055624  00000-0  18262-2 0  9999,2 58341  97.4429   8.6896 0008732 122.0465 238.1625 15.31353256 52766,2023-174CP,58341,6849.911,94.034,477.757,465.794,0
GENERATED VIA SPACETRACK.ORG API,18 SPCS,58341,NINJASAT,PAYLOAD,U,23174CP,2024/10/19 21:34,715104,15.31361365,0.0008752,97.4428,8.755,121.8309,238.3785,0,999,5277,0.0019372,0.00059052,0,4529168,0 NINJASAT,1 58341U 23174CP  24293.89927911  .00059052  00000-0  19372-2 0  9999,2 58341  97.4428   8.7550 0008752 121.8309 238.3785 15.31361365 52779,2023-174CP,58341,6849.887,94.034,477.747,465.757,0
GENERATED VIA SPACETRACK.ORG API,18 SPCS,58341,NINJASAT,PAYLOAD,U,23174CP,2024/10/20 3:51,337120,15.31399072,0.0008741,97.4428,9.0176,120.9212,239.2889,0,999,5281,0.0024642,0.00075387,0,4529397,0 NINJASAT,1 58341U 23174CP  24294.16065205  .00075387  00000-0  24642-2 0  9994,2 58341  97.4428   9.0176 0008741 120.9212 239.2889 15.31399072 52814,2023-174CP,58341,6849.774,94.032,477.627,465.652,0
GENERATED VIA SPACETRACK.ORG API,18 SPCS,58341,NINJASAT,PAYLOAD,U,23174CP,2024/10/20 13:15,697312,15.31430533,0.0008764,97.4428,9.411,119.7257,240.4857,0,999,5287,0.0023297,0.000713,0,4529550,0 NINJASAT,1 58341U 23174CP  24294.55270483  .00071300  00000-0  23297-2 0  9999,2 58341  97.4428   9.4110 0008764 119.7257 240.4857 15.31430533 52879,2023-174CP,58341,6849.68,94.03,477.548,465.542,0
GENERATED VIA SPACETRACK.ORG API,18 SPCS,58341,NINJASAT,PAYLOAD,U,23174CP,2024/10/20 19:32,565056,15.31433224,0.0008807,97.4427,9.6733,118.9406,241.2719,0,999,5291,0.001498,0.00045668,0,4529751,0 NINJASAT,1 58341U 23174CP  24294.81406904  .00045668  00000-0  14980-2 0  9994,2 58341  97.4427   9.6733 0008807 118.9406 241.2719 15.31433224 52917,2023-174CP,58341,6849.672,94.03,477.57,465.505,0
GENERATED VIA SPACETRACK.ORG API,18 SPCS,58341,NINJASAT,PAYLOAD,U,23174CP,2024/10/20 21:06,977344,15.3144109,0.0008798,97.4426,9.7388,118.8413,241.3712,0,999,5292,0.0016372,0.0004996,0,4529875,0 NINJASAT,1 58341U 23174CP  24294.87940946  .00049960  00000-0  16372-2 0  9995,2 58341  97.4426   9.7388 0008798 118.8413 241.3712 15.31441090 52924,2023-174CP,58341,6849.649,94.029,477.54,465.488,0
GENERATED VIA SPACETRACK.ORG API,18 SPCS,58341,NINJASAT,PAYLOAD,U,23174CP,2024/10/21 4:56,758848,15.31460283,0.0008789,97.4424,10.0668,117.6345,242.5789,0,999,5297,0.001278,0.00038948,0,4530004,0 NINJASAT,1 58341U 23174CP  24295.20610832  .00038948  00000-0  12780-2 0  9994,2 58341  97.4424  10.0668 0008789 117.6345 242.5789 15.31460283 52976,2023-174CP,58341,6849.592,94.028,477.477,465.437,0
GENERATED VIA SPACETRACK.ORG API,18 SPCS,58341,NINJASAT,PAYLOAD,U,23174CP,2024/10/21 11:13,910336,15.31483946,0.0008786,97.4424,10.3292,116.8089,243.4052,0,999,5301,0.001496,0.00045679,0,4530441,0 NINJASAT,1 58341U 23174CP  24295.46746424  .00045679  00000-0  14960-2 0  9990,2 58341  97.4424  10.3292 0008786 116.8089 243.4052 15.31483946 53015,2023-174CP,58341,6849.521,94.026,477.404,465.368,0
GENERATED VIA SPACETRACK.ORG API,18 SPCS,58341,NINJASAT,PAYLOAD,U,23174CP,2024/10/21 12:47,155872,15.31489028,0.0008782,97.4423,10.3947,116.548,243.6663,0,999,5302,0.0015012,0.00045846,0,4530563,0 NINJASAT,1 58341U 23174CP  24295.53280273  .00045846  00000-0  15012-2 0  9998,2 58341  97.4423  10.3947 0008782 116.5480 243.6663 15.31489028 53027,2023-174CP,58341,6849.506,94.026,477.386,465.356,0
GENERATED VIA SPACETRACK.ORG API,18 SPCS,58341,NINJASAT,PAYLOAD,U,23174CP,2024/10/21 19:03,916832,15.31511553,0.0008751,97.4422,10.6569,115.7011,244.5134,0,999,5306,0.0015966,0.00048818,0,4531015,0 NINJASAT,1 58341U 23174CP  24295.79415413  .00048818  00000-0  15966-2 0  9992,2 58341  97.4422  10.6569 0008751 115.7011 244.5134 15.31511553 53062,2023-174CP,58341,6849.439,94.025,477.298,465.31,0
GENERATED VIA SPACETRACK.ORG API,18 SPCS,58341,NINJASAT,PAYLOAD,U,23174CP,2024/10/21 20:37,46592,15.31518056,0.0008745,97.4422,10.7225,115.5021,244.7126,0,999,5307,0.001663,0.00050875,0,4530606,0 NINJASAT,1 58341U 23174CP  24295.85949128  .00050875  00000-0  16630-2 0  9999,2 58341  97.4422  10.7225 0008745 115.5021 244.7126 15.31518056 53073,2023-174CP,58341,6849.419,94.024,477.274,465.295,0
GENERATED VIA SPACETRACK.ORG API,18 SPCS,58341,NINJASAT,PAYLOAD,U,23174CP,2024/10/22 4:28,519136,15.31532996,0.0008721,97.442,11.0503,114.3921,245.8231,0,999,5312,0.0012334,0.00037664,0,4531413,0 NINJASAT,1 58341U 23174CP  24296.18617499  .00037664  00000-0  12334-2 0  9997,2 58341  97.4420  11.0503 0008721 114.3921 245.8231 15.31532996 53128,2023-174CP,58341,6849.375,94.023,477.213,465.267,0
GENERATED VIA SPACETRACK.ORG API,18 SPCS,58341,NINJASAT,PAYLOAD,U,23174CP,2024/10/22 10:44,536192,15.31554624,0.0008707,97.442,11.3128,113.5591,246.6565,0,999,5316,0.0013017,0.00039792,0,4530883,0 NINJASAT,1 58341U 23174CP  24296.44751778  .00039792  00000-0  13017-2 0  9998,2 58341  97.4420  11.3128 0008707 113.5591 246.6565 15.31554624 53167,2023-174CP,58341,6849.31,94.022,477.139,465.212,0
GENERATED VIA SPACETRACK.ORG API,18 SPCS,58341,NINJASAT,PAYLOAD,U,23174CP,2024/10/22 12:18,472416,15.31561634,0.0008695,97.442,11.3783,113.3245,246.8912,0,999,5317,0.0013528,0.00041375,0,4530941,0 NINJASAT,1 58341U 23174CP  24296.51285269  .00041375  00000-0  13528-2 0  9990,2 58341  97.4420  11.3783 0008695 113.3245 246.8912 15.31561634 53172,2023-174CP,58341,6849.289,94.022,477.11,465.199,0
GENERATED VIA SPACETRACK.ORG API,18 SPCS,58341,NINJASAT,PAYLOAD,U,23174CP,2024/10/22 18:34,66976,15.31583296,0.0008694,97.442,11.6405,112.5358,247.6804,0,999,5321,0.0013047,0.0003992,0,4531646,0 NINJASAT,1 58341U 23174CP  24296.77419059  .00039920  00000-0  13047-2 0  9993,2 58341  97.4420  11.6405 0008694 112.5358 247.6804 15.31583296 53213,2023-174CP,58341,6849.225,94.02,477.045,465.135,0
GENERATED VIA SPACETRACK.ORG API,18 SPCS,58341,NINJASAT,PAYLOAD,U,23174CP,2024/10/22 21:42,700096,15.31597171,0.0008695,97.4419,11.7716,112.1395,248.077,0,999,5323,0.0014122,0.00043253,0,4531744,0 NINJASAT,1 58341U 23174CP  24296.90485764  .00043253  00000-0  14122-2 0  9993,2 58341  97.4419  11.7716 0008695 112.1395 248.0770 15.31597171 53231,2023-174CP,58341,6849.184,94.019,477.004,465.093,0
GENERATED VIA SPACETRACK.ORG API,18 SPCS,58341,NINJASAT,PAYLOAD,U,23174CP,2024/10/23 8:41,713152,15.31641268,0.0008699,97.4422,12.2307,110.8075,249.4099,0,999,5330,0.0014104,0.00043257,0,4532037,0 NINJASAT,1 58341U 23174CP  24297.36218418  .00043257  00000-0  14104-2 0  9998,2 58341  97.4422  12.2307 0008699 110.8075 249.4099 15.31641268 53305,2023-174CP,58341,6849.052,94.017,476.875,464.959,0
GENERATED VIA SPACETRACK.ORG API,18 SPCS,58341,NINJASAT,PAYLOAD,U,23174CP,2024/10/23 11:49,947104,15.31654415,0.0008693,97.4421,12.3616,110.3185,249.8991,0,999,5332,0.0014493,0.00044478,0,4532333,0 NINJASAT,1 58341U 23174CP  24297.49284661  .00044478  00000-0  14493-2 0  9992,2 58341  97.4421  12.3616 0008693 110.3185 249.8991 15.31654415 53324,2023-174CP,58341,6849.013,94.016,476.832,464.924,0
GENERATED VIA SPACETRACK.ORG API,18 SPCS,58341,NINJASAT,PAYLOAD,U,23174CP,2024/10/23 13:23,519584,15.31661303,0.0008686,97.4421,12.4273,110.0459,250.1718,0,999,5333,0.001456,0.00044695,0,4532443,0 NINJASAT,1 58341U 23174CP  24297.55817731  .00044695  00000-0  14560-2 0  9995,2 58341  97.4421  12.4273 0008686 110.0459 250.1718 15.31661303 53334,2023-174CP,58341,6848.992,94.016,476.806,464.908,0
GENERATED VIA SPACETRACK.ORG API,18 SPCS,58341,NINJASAT,PAYLOAD,U,23174CP,2024/10/23 22:48,537152,15.31696086,0.0008699,97.4422,12.8208,108.7078,251.5108,0,999,5339,0.0013917,0.00042753,0,4532456,0 NINJASAT,1 58341U 23174CP  24297.95015668  .00042753  00000-0  13917-2 0  9996,2 58341  97.4422  12.8208 0008699 108.7078 251.5108 15.31696086 53392,2023-174CP,58341,6848.889,94.013,476.712,464.796,0
GENERATED VIA SPACETRACK.ORG API,18 SPCS,58341,NINJASAT,PAYLOAD,U,23174CP,2024/10/24 3:30,718912,15.31718712,0.0008681,97.4421,13.0176,108,252.2188,0,999,5342,0.0015321,0.00047134,0,4532732,0 NINJASAT,1 58341U 23174CP  24298.14614258  .00047134  00000-0  15321-2 0  9997,2 58341  97.4421  13.0176 0008681 108.0000 252.2188 15.31718712 53428,2023-174CP,58341,6848.821,94.012,476.632,464.741,0
GENERATED VIA SPACETRACK.ORG API,18 SPCS,58341,NINJASAT,PAYLOAD,U,23174CP,2024/10/24 9:46,917600,15.3174686,0.0008677,97.4422,13.28,107.0815,253.1377,0,999,5346,0.0016001,0.00049286,0,4533184,0 NINJASAT,1 58341U 23174CP  24298.40745275  .00049286  00000-0  16001-2 0  9996,2 58341  97.4422  13.2800 0008677 107.0815 253.1377 15.31746860 53462,2023-174CP,58341,6848.737,94.01,476.545,464.66,0
GENERATED VIA SPACETRACK.ORG API,18 SPCS,58341,NINJASAT,PAYLOAD,U,23174CP,2024/10/24 12:54,394688,15.31762267,0.0008676,97.4422,13.4112,106.6245,253.5949,0,999,5348,0.0017067,0.00052623,0,4533303,0 NINJASAT,1 58341U 23174CP  24298.53810642  .00052623  00000-0  17067-2 0  9993,2 58341  97.4422  13.4112 0008676 106.6245 253.5949 15.31762267 53481,2023-174CP,58341,6848.691,94.009,476.498,464.614,0
GENERATED VIA SPACETRACK.ORG API,18 SPCS,58341,NINJASAT,PAYLOAD,U,23174CP,2024/10/24 19:11,70656,15.31785062,0.0008659,97.4422,13.6736,105.6333,254.5865,0,999,5352,0.0015647,0.00048245,0,4533492,0 NINJASAT,1 58341U 23174CP  24298.79941054  .00048245  00000-0  15647-2 0  9990,2 58341  97.4422  13.6736 0008659 105.6333 254.5865 15.31785062 53524,2023-174CP,58341,6848.623,94.008,476.419,464.558,0
GENERATED VIA SPACETRACK.ORG API,18 SPCS,58341,NINJASAT,PAYLOAD,U,23174CP,2024/10/24 19:11,70656,15.31785062,0.0008659,97.4422,13.6736,105.6333,254.5865,0,999,5352,0.0015647,0.00048245,0,4533525,0 NINJASAT,1 58341U 23174CP  24298.79941054  .00048245  00000-0  15647-2 0  9990,2 58341  97.4422  13.6736 0008659 105.6333 254.5865 15.31785062 53524,2023-174CP,58341,6848.623,94.008,476.419,464.558,0
GENERATED VIA SPACETRACK.ORG API,18 SPCS,58341,NINJASAT,PAYLOAD,U,23174CP,2024/10/25 10:51,22208,15.31849506,0.0008643,97.4423,14.3299,103.6442,256.5762,0,999,5362,0.0015559,0.00048068,0,4533802,0 NINJASAT,1 58341U 23174CP  24299.45265072  .00048068  00000-0  15559-2 0  9998,2 58341  97.4423  14.3299 0008643 103.6442 256.5762 15.31849506 53622,2023-174CP,58341,6848.431,94.004,476.215,464.377,0
GENERATED VIA SPACETRACK.ORG API,18 SPCS,58341,NINJASAT,PAYLOAD,U,23174CP,2024/10/25 20:16,902944,15.31886678,0.0008596,97.4422,14.7233,102.116,258.1045,0,999,5368,0.0015232,0.00047104,0,4534133,0 NINJASAT,1 58341U 23174CP  24299.84458221  .00047104  00000-0  15232-2 0  9999,2 58341  97.4422  14.7233 0008596 102.1160 258.1045 15.31886678 53680,2023-174CP,58341,6848.321,94.002,476.072,464.299,0
GENERATED VIA SPACETRACK.ORG API,18 SPCS,58341,NINJASAT,PAYLOAD,U,23174CP,2024/10/25 21:50,634752,15.31893032,0.0008579,97.4423,14.7889,101.8812,258.3392,0,999,5369,0.0015502,0.00047955,0,4534355,0 NINJASAT,1 58341U 23174CP  24299.90990318  .00047955  00000-0  15502-2 0  9998,2 58341  97.4423  14.7889 0008579 101.8812 258.3392 15.31893032 53699,2023-174CP,58341,6848.302,94.001,476.042,464.291,0
GENERATED VIA SPACETRACK.ORG API,18 SPCS,58341,NINJASAT,PAYLOAD,U,23174CP,2024/10/26 4:06,307968,15.31919159,0.000855,97.4423,15.0513,101.0277,259.1927,0,999,5373,0.0015594,0.00048281,0,4534538,0 NINJASAT,1 58341U 23174CP  24300.17118412  .00048281  00000-0  15594-2 0  9991,2 58341  97.4423  15.0513 0008550 101.0277 259.1927 15.31919159 53730,2023-174CP,58341,6848.224,94,475.944,464.234,0
GENERATED VIA SPACETRACK.ORG API,18 SPCS,58341,NINJASAT,PAYLOAD,U,23174CP,2024/10/26 11:56,74496,15.31956234,0.0008541,97.4425,15.3794,99.922,260.2986,0,999,5378,0.0017477,0.00054225,0,4534835,0 NINJASAT,1 58341U 23174CP  24300.49777864  .00054225  00000-0  17477-2 0  9995,2 58341  97.4425  15.3794 0008541  99.9220 260.2986 15.31956234 53787,2023-174CP,58341,6848.113,93.997,475.827,464.129,0
GENERATED VIA SPACETRACK.ORG API,18 SPCS,58341,NINJASAT,PAYLOAD,U,23174CP,2024/10/26 19:47,173152,15.31999061,0.0008516,97.4425,15.7072,98.4431,261.7777,0,999,5383,0.0021761,0.00067746,0,4535129,0 NINJASAT,1 58341U 23174CP  24300.82436543  .00067746  00000-0  21761-2 0  9991,2 58341  97.4425  15.7072 0008516  98.4431 261.7777 15.31999061 53835,2023-174CP,58341,6847.986,93.995,475.682,464.019,0
GENERATED VIA SPACETRACK.ORG API,18 SPCS,58341,NINJASAT,PAYLOAD,U,23174CP,2024/10/26 21:21,479872,15.3200878,0.0008532,97.4426,15.7727,98.2626,261.9584,0,999,5384,0.0022449,0.00069932,0,4535278,0 NINJASAT,1 58341U 23174CP  24300.88968148  .00069932  00000-0  22449-2 0  9991,2 58341  97.4426  15.7727 0008532  98.2626 261.9584 15.32008780 53844,2023-174CP,58341,6847.957,93.994,475.664,463.979,0
GENERATED VIA SPACETRACK.ORG API,18 SPCS,58341,NINJASAT,PAYLOAD,U,23174CP,2024/10/27 3:37,377568,15.3204985,0.0008564,97.4427,16.0352,97.7339,262.4875,0,999,5388,0.0022501,0.00070187,0,4535537,0 NINJASAT,1 58341U 23174CP  24301.15094187  .00070187  00000-0  22501-2 0  9998,2 58341  97.4427  16.0352 0008564  97.7339 262.4875 15.32049850 53889,2023-174CP,58341,6847.834,93.992,475.564,463.835,0
GENERATED VIA SPACETRACK.ORG API,18 SPCS,58341,NINJASAT,PAYLOAD,U,23174CP,2024/10/27 11:27,684288,15.3209342,0.0008568,97.4428,16.3638,96.1978,264.0239,0,999,5393,0.0022157,0.00069197,0,4535798,0 NINJASAT,1 58341U 23174CP  24301.47750792  .00069197  00000-0  22157-2 0  9990,2 58341  97.4428  16.3638 0008568  96.1978 264.0239 15.32093420 53936,2023-174CP,58341,6847.704,93.989,475.437,463.702,0
GENERATED VIA SPACETRACK.ORG API,18 SPCS,58341,NINJASAT,PAYLOAD,U,23174CP,2024/10/27 13:01,687744,15.32097695,0.0008533,97.4427,16.4294,95.8582,264.3633,0,999,5394,0.0020089,0.00062686,0,4535963,0 NINJASAT,1 58341U 23174CP  24301.54282046  .00062686  00000-0  20089-2 0  9998,2 58341  97.4427  16.4294 0008533  95.8582 264.3633 15.32097695 53943,2023-174CP,58341,6847.692,93.989,475.4,463.714,0
GENERATED VIA SPACETRACK.ORG API,18 SPCS,58341,NINJASAT,PAYLOAD,U,23174CP,2024/10/27 19:17,252288,15.32136486,0.0008489,97.4427,16.6917,94.8921,265.329,0,999,5398,0.0022359,0.00069928,0,4536129,0 NINJASAT,1 58341U 23174CP  24301.80406542  .00069928  00000-0  22359-2 0  9994,2 58341  97.4427  16.6917 0008489  94.8921 265.3290 15.32136486 53989,2023-174CP,58341,6847.576,93.986,475.254,463.628,0
GENERATED VIA SPACETRACK.ORG API,18 SPCS,58341,NINJASAT,PAYLOAD,U,23174CP,2024/10/27 22:25,830656,15.32154522,0.0008484,97.4426,16.8228,94.7386,265.4824,0,999,5400,0.0023782,0.0007447,0,4536275,0 NINJASAT,1 58341U 23174CP  24301.93468554  .00074470  00000-0  23782-2 0  9998,2 58341  97.4426  16.8228 0008484  94.7386 265.4824 15.32154522 54003,2023-174CP,58341,6847.522,93.985,475.197,463.578,0
GENERATED VIA SPACETRACK.ORG API,18 SPCS,58341,NINJASAT,PAYLOAD,U,23174CP,2024/10/28 4:42,596000,15.32191273,0.0008468,97.4427,17.0853,93.9786,266.2423,0,999,5404,0.0020689,0.00064766,0,4536513,0 NINJASAT,1 58341U 23174CP  24302.19592125  .00064766  00000-0  20689-2 0  9999,2 58341  97.4427  17.0853 0008468  93.9786 266.2423 15.32191273 54040,2023-174CP,58341,6847.413,93.983,475.076,463.48,0
