date,satellite,rho_mean,rho_mean_norm,alt_mean_km,n_samples_density,dEdt_Jkg_per_day,n_bins_dEdt,neg_dEdt_Jkg_per_day,neg_dEdt_norm
2024-04-01 00:00:00+00:00,GRACE-FO,8.539321215856481e-13,0.6108961550135469,492.55707472731484,8640,-453.63652510941023,8,453.63652510941023,0.5622465058535617
2024-04-02 00:00:00+00:00,GRACE-FO,7.277757625324074e-13,0.520644912873801,492.1759529232639,8640,-325.55707833729684,8,325.55707833729684,0.40350218648485625
2024-04-03 00:00:00+00:00,GRACE-FO,6.232654879976852e-13,0.44587910507854006,492.1609570688657,8640,-316.95004930719733,8,316.95004930719733,0.3928344564188382
2024-04-04 00:00:00+00:00,GRACE-FO,6.268023542326389e-13,0.44840935066728593,492.2847084809028,8640,-381.06990537419915,8,381.06990537419915,0.47230593420782374
2024-04-05 00:00:00+00:00,GRACE-FO,7.157371984976853e-13,0.5120326212234529,492.44790752037034,8640,-162.71722877584406,8,162.71722877584406,0.20167510387160212
2024-04-06 00:00:00+00:00,GRACE-FO,7.260365145243055e-13,0.519400668871372,491.96708253368047,8640,-465.1027744729072,8,465.1027744729072,0.5764580128267203
2024-04-07 00:00:00+00:00,GRACE-FO,6.605453170775463e-13,0.4725487942362223,492.20695749421293,8640,-254.5502880699933,8,254.5502880699933,0.315494899791971
2024-04-08 00:00:00+00:00,GRACE-FO,7.0176691846875e-13,0.5020383955251717,492.27909249097223,8640,-558.2196686826646,8,558.2196686826646,0.6918690203348673
2024-04-09 00:00:00+00:00,GRACE-FO,7.121002661712964e-13,0.5094307891596703,492.16531010613426,8640,-156.62002468481654,8,156.62002468481654,0.19411810282361674
2024-04-10 00:00:00+00:00,GRACE-FO,7.454738521608798e-13,0.5333059835043833,491.99582667314814,8640,-531.3804369289428,8,531.3804369289428,0.6586039205511043
2024-04-11 00:00:00+00:00,GRACE-FO,7.629151087349537e-13,0.5457833178385478,492.1303679008102,8640,-388.6552808620035,8,388.6552808620035,0.48170740571097626
2024-04-12 00:00:00+00:00,GRACE-FO,8.07591606e-13,0.5777445237807846,492.24498032766206,8640,-414.72623804211617,8,414.72623804211617,0.5140202900741584
2024-04-13 00:00:00+00:00,GRACE-FO,8.782688935937501e-13,0.6283064854945976,491.8911506888889,8640,-518.8237780686468,8,518.8237780686468,0.6430409374608563
2024-04-14 00:00:00+00:00,GRACE-FO,1.008231227917824e-12,0.7212804916576843,492.07392844375,8640,-453.2949293367565,8,453.2949293367565,0.5618231249771154
2024-04-15 00:00:00+00:00,GRACE-FO,1.162603553193287e-12,0.8317172085435267,492.0034373656251,8640,-615.7064726185054,8,615.7064726185054,0.7631193559153625
2024-04-16 00:00:00+00:00,GRACE-FO,1.6273005062418985e-12,1.1641576621673744,492.0564187428241,8640,-745.5179280061275,8,745.5179280061275,0.9240103626389788
2024-04-17 00:00:00+00:00,GRACE-FO,1.4475897671574077e-12,1.035594048331767,491.7696279831019,8640,-2343.323755895098,3,2343.323755895098,2.904364002695542
2024-04-18 00:00:00+00:00,GRACE-FO,1.3739474335243056e-12,0.9829109165868808,491.94011958043984,8640,-544.146089756063,7,544.146089756063,0.6744259350929379
2024-04-19 00:00:00+00:00,GRACE-FO,1.901401811181713e-12,1.360247525798454,491.8778774440973,8640,-1059.0981761086732,8,1059.0981761086732,1.3126682176426652
2024-04-20 00:00:00+00:00,GRACE-FO,1.672819283144676e-12,1.1967214281716225,491.7229191421297,8640,-841.411890136078,8,841.411890136078,1.0428633256516346
2024-04-21 00:00:00+00:00,GRACE-FO,1.7008718529016204e-12,1.2167900104038318,491.75174715543983,8640,-831.3535382840782,8,831.3535382840782,1.0303967960174334
2024-04-22 00:00:00+00:00,GRACE-FO,1.6365538732766204e-12,1.170777446339381,491.639252162963,8640,-793.8623648304492,8,793.8623648304492,0.9839294590463447
2024-04-23 00:00:00+00:00,GRACE-FO,1.5760026447511574e-12,1.127459585642368,491.7338931341435,8640,-798.6545364093035,8,798.6545364093035,0.9898689757662819
2024-04-24 00:00:00+00:00,GRACE-FO,1.525954935523148e-12,1.0916558579668532,491.48484472511575,8640,-792.7994095031172,8,792.7994095031172,0.9826120101955786
2024-04-25 00:00:00+00:00,GRACE-FO,1.4196401319965277e-12,1.0155991046796788,491.63327720243046,8640,-856.4624158125371,8,856.4624158125371,1.0615172589318251
2024-04-26 00:00:00+00:00,GRACE-FO,1.5989135934641204e-12,1.143849893633678,491.4339754234953,8640,-714.5270519964397,8,714.5270519964397,0.8855996289671577
2024-04-27 00:00:00+00:00,GRACE-FO,1.380299454789352e-12,0.9874551013871617,491.52106330046297,8640,-699.8042204622179,8,699.8042204622179,0.8673518465947169
2024-04-28 00:00:00+00:00,GRACE-FO,1.036530173576389e-12,0.7415253292235244,491.43582229340274,8640,-470.14759933017194,8,470.14759933017194,0.5827106732533828
2024-04-29 00:00:00+00:00,GRACE-FO,8.708387638773148e-13,0.622991030600368,491.3493373877315,8640,-411.86182747781277,8,411.86182747781277,0.5104700802873227
2024-04-30 00:00:00+00:00,GRACE-FO,7.609210536608796e-13,0.5443567869154867,491.4184529111111,8640,-420.7786047756672,8,420.7786047756672,0.5215217187725258
2024-05-01 00:00:00+00:00,GRACE-FO,8.385416941018519e-13,0.599885967275899,491.3426850265046,8640,-342.4010745342821,8,342.4010745342821,0.42437898427815895
2024-05-02 00:00:00+00:00,GRACE-FO,9.854439385949074e-13,0.7049786485970181,491.42121325196763,8640,-454.34581330604857,8,454.34581330604857,0.5631256123366803
2024-05-03 00:00:00+00:00,GRACE-FO,8.619299776712962e-13,0.6166177567750565,491.13833446979163,8640,-467.89185115508735,8,467.89185115508735,0.5799148522395855
2024-05-04 00:00:00+00:00,GRACE-FO,6.90758055474537e-13,0.4941627436973102,491.4135991947917,8640,-252.41005045920613,8,252.41005045920613,0.31284224496425134
2024-05-05 00:00:00+00:00,GRACE-FO,7.919865847928241e-13,0.566580817423578,491.2733813731482,8640,-274.7129275202751,8,274.7129275202751,0.34048489277582955
2024-05-06 00:00:00+00:00,GRACE-FO,1.0502296353958333e-12,0.751325813758189,491.1964360393519,8640,-445.4692062065005,8,445.4692062065005,0.552123761627344
2024-05-07 00:00:00+00:00,GRACE-FO,9.2605306584375e-13,0.6624908970656548,491.15989639479164,8640,-539.8149796016514,8,539.8149796016514,0.6690578674528874
2024-05-08 00:00:00+00:00,GRACE-FO,9.93398578894676e-13,0.7106693341337339,491.2769484594907,8640,-377.52572186663747,8,377.52572186663747,0.4679131997542879
2024-05-09 00:00:00+00:00,GRACE-FO,1.0900221764351853e-12,0.7797930767931242,491.214530813426,8640,-489.7024268656969,8,489.7024268656969,0.6069473315598677
2024-05-10 00:00:00+00:00,GRACE-FO,1.602703460800926e-12,1.1465611341708848,490.9089495273148,8640,-873.1958687752485,8,873.1958687752485,1.0822570471507749
2024-05-11 00:00:00+00:00,GRACE-FO,3.3249900658043987e-12,2.37867108557342,491.19619221655086,8640,-1770.6444684471937,8,1770.6444684471937,2.1945734313463032
2024-05-12 00:00:00+00:00,GRACE-FO,1.2059563837777777e-12,0.8627314740144651,491.01157565775463,8640,-550.2850581798702,8,550.2850581798702,0.6820346997200775
2024-05-13 00:00:00+00:00,GRACE-FO,1.3181280347164353e-12,0.9429781687197828,490.89508605185193,8640,-592.1720180790871,8,592.1720180790871,0.7339502654662061
2024-05-14 00:00:00+00:00,GRACE-FO,1.3281908976597222e-12,0.9501770597382719,490.78113003761575,8640,-562.4213870521635,8,562.4213870521635,0.6970767171164739
2024-05-15 00:00:00+00:00,GRACE-FO,1.448658083072917e-12,1.0363583129244989,491.07020775416663,8640,-770.3542459979653,8,770.3542459979653,0.9547930096178808
2024-05-16 00:00:00+00:00,GRACE-FO,1.8132375453483802e-12,1.2971755208395994,490.8365772997685,8640,-786.5940873939544,8,786.5940873939544,0.9749210054363583
2024-05-17 00:00:00+00:00,GRACE-FO,1.821304622570602e-12,1.3029466428441232,490.53286724259254,8640,-882.9574231281875,8,882.9574231281875,1.094355719816773
2024-05-18 00:00:00+00:00,GRACE-FO,1.9432078023136574e-12,1.3901551947963273,490.87912780219904,8640,-879.7064125295728,8,879.7064125295728,1.0903263499393736
2024-05-19 00:00:00+00:00,GRACE-FO,1.6252009836215278e-12,1.1626556806120174,490.74815876817127,8640,-741.2870316114277,8,741.2870316114277,0.9187665020085443
2024-05-20 00:00:00+00:00,GRACE-FO,1.481089112008102e-12,1.0595592095517965,490.54268706516206,8640,-1096.5932232961059,4,1096.5932232961059,1.3591403557996709
2024-05-29 00:00:00+00:00,GRACE-FO,8.219934968738426e-13,0.5880475203976798,490.6757278550926,8640,41.570173526803615,3,-41.570173526803615,-0.051522934154242604
2024-05-30 00:00:00+00:00,GRACE-FO,9.047312360358796e-13,0.6472374319268864,490.2335529422454,8640,-367.89113478176296,8,367.89113478176296,0.4559718929503306
2024-05-31 00:00:00+00:00,GRACE-FO,9.88395212300926e-13,0.707089966011863,490.0394231004629,8640,-369.69221468083555,8,369.69221468083555,0.4582041886848339
2024-06-01 00:00:00+00:00,GRACE-FO,9.110762486203704e-13,0.6517766027736048,490.4155020164352,8640,-448.4617493264377,8,448.4617493264377,0.5558327815577718
2024-06-02 00:00:00+00:00,GRACE-FO,9.03409187195602e-13,0.6462916488454794,490.38001598680563,8640,-340.4554078280925,8,340.4554078280925,0.4219674846599418
2024-06-03 00:00:00+00:00,GRACE-FO,1.065161301559028e-12,0.76200780734581,490.0320860668981,8640,-567.113364521414,8,567.113364521414,0.7028920511815462
2024-06-04 00:00:00+00:00,GRACE-FO,1.2274663853148148e-12,0.8781195556911578,489.9870881371528,8640,-505.3185973707586,8,505.3185973707586,0.6263023367574028
2024-06-05 00:00:00+00:00,GRACE-FO,1.1774071903020833e-12,0.8423076111778566,490.51848619247687,8640,-520.788618599996,8,520.788618599996,0.6454762015151432
2024-06-06 00:00:00+00:00,GRACE-FO,1.2046535568587964e-12,0.8617994421405781,489.9789570940972,8640,-643.3439203053713,8,643.3439203053713,0.7973737810609197
2024-06-07 00:00:00+00:00,GRACE-FO,1.358597626164352e-12,0.971929788158333,489.83273161932874,8640,-549.2913788259029,8,549.2913788259029,0.6808031129456832
2024-06-08 00:00:00+00:00,GRACE-FO,1.3468420073935185e-12,0.9635199132685441,490.1933701818287,8640,-748.3963375557214,8,748.3963375557214,0.9275779230581589
2024-06-09 00:00:00+00:00,GRACE-FO,1.1787601007986112e-12,0.843275472439325,490.1553071988426,8640,-535.0867018159479,8,535.0867018159479,0.6631975420236781
2024-06-10 00:00:00+00:00,GRACE-FO,1.1245347746724536e-12,0.8044831113166233,489.74613140092595,8640,-530.3455568160862,8,530.3455568160862,0.6573212687027095
2024-06-11 00:00:00+00:00,GRACE-FO,1.1883269474305556e-12,0.850119517387777,489.7707307150463,8640,-502.64737943187356,8,502.64737943187356,0.6229915739123051
2024-06-12 00:00:00+00:00,GRACE-FO,9.701399935914353e-13,0.6940303297285351,490.28449241296295,8640,-458.57293304242194,8,458.57293304242194,0.5683647920985554
2024-06-13 00:00:00+00:00,GRACE-FO,9.06919817917824e-13,0.6488031257599389,489.7013611453704,8640,-366.98437730968,8,366.98437730968,0.4548480389568447
2024-06-14 00:00:00+00:00,GRACE-FO,9.454368607314817e-13,0.6763579076478289,489.63784951099535,8640,-469.2478431239724,8,469.2478431239724,0.5815954967738571
2024-06-15 00:00:00+00:00,GRACE-FO,1.0490942281469908e-12,0.7505135525665096,489.98356489236113,8640,-429.72193711064756,8,429.72193711064756,0.5326062701208043
2024-06-16 00:00:00+00:00,GRACE-FO,9.57637994605324e-13,0.6850865004503754,489.9275604622685,8640,-435.0890424195677,8,435.0890424195677,0.53925837161497
2024-06-17 00:00:00+00:00,GRACE-FO,8.7625873634375e-13,0.6268684352047016,489.5225557076389,8640,-360.96343473158777,8,360.96343473158777,0.4473855580076733
2024-06-18 00:00:00+00:00,GRACE-FO,9.058333288402781e-13,0.6480258602336059,489.6288263747685,8640,-632.9570255249739,5,632.9570255249739,0.7845000485158199
2024-06-19 00:00:00+00:00,GRACE-FO,8.665215819305555e-13,0.619902553442638,490.0761907621528,8640,-41.48916250467299,4,41.48916250467299,0.05142252741535053
2024-06-20 00:00:00+00:00,GRACE-FO,8.376855560173611e-13,0.5992734929928085,489.4678761768519,8640,-349.1767495088279,8,349.1767495088279,0.4327768961930318
2024-06-21 00:00:00+00:00,GRACE-FO,7.928372088865742e-13,0.5671893470421486,489.5027048987269,8640,-472.45081604644656,8,472.45081604644656,0.5855653277603949
2024-06-22 00:00:00+00:00,GRACE-FO,7.644024236979167e-13,0.5468473309716773,489.8121440576389,8640,-542.4203319847584,5,542.4203319847584,0.6722869951638137
2024-06-23 00:00:00+00:00,GRACE-FO,8.548689759791668e-13,0.6115663730933462,489.71813319328703,8640,-385.07856749370694,4,385.07856749370694,0.47727435307422167
2024-06-24 00:00:00+00:00,GRACE-FO,8.485617280625e-13,0.607054218785514,489.3437565444445,8640,-372.528349686414,8,372.528349686414,0.4617193531584857
2024-06-25 00:00:00+00:00,GRACE-FO,9.965770313877317e-13,0.7129431734212119,489.5117830351852,8640,-487.2513331286609,8,487.2513331286609,0.6039093952101973
2024-06-26 00:00:00+00:00,GRACE-FO,1.073952943525463e-12,0.7682972771265907,489.862229287963,8640,-601.4272706843913,8,601.4272706843913,0.7454214172586445
2024-06-27 00:00:00+00:00,GRACE-FO,1.060469516822917e-12,0.7586513423727869,489.2549140384259,8640,-828.9280381798744,6,828.9280381798744,1.027390580946442
2024-06-28 00:00:00+00:00,GRACE-FO,1.5489763110590278e-12,1.1081251644169694,489.3584383782408,8640,-968.6381266191603,4,968.6381266191603,1.2005501585147058
2024-06-29 00:00:00+00:00,GRACE-FO,1.2146007131145832e-12,0.8689155575277069,489.58586326192125,8640,-456.75821043737227,8,456.75821043737227,0.5661155873116689
2024-06-30 00:00:00+00:00,GRACE-FO,1.1695969020034722e-12,0.8367201938989408,489.4453525862268,8640,-981.2880635882417,6,981.2880635882417,1.2162287524251465
2024-07-01 00:00:00+00:00,GRACE-FO,1.107925240392361e-12,0.7926007844058695,489.1355393,8640,-726.9143463261427,4,726.9143463261427,0.9009526981499696
2024-07-02 00:00:00+00:00,GRACE-FO,1.0357364977870372e-12,0.7409575399627785,489.30980937164355,8640,-445.36316573806107,8,445.36316573806107,0.5519923328742365
2024-07-03 00:00:00+00:00,GRACE-FO,9.770172206342593e-13,0.6989502425078027,489.56190674131943,8640,-551.4894859883934,8,551.4894859883934,0.6835274924944946
2024-07-04 00:00:00+00:00,GRACE-FO,1.0148386538692128e-12,0.7260073909113919,489.0112313672454,8640,-593.3830318391323,5,593.3830318391323,0.7354512210053611
2024-07-05 00:00:00+00:00,GRACE-FO,1.03152416159375e-12,0.7379440686117708,489.19850383761576,8640,-197.47435048222545,3,197.47435048222545,0.24475380047396825
2024-07-06 00:00:00+00:00,GRACE-FO,8.970490086203703e-13,0.6417416283712596,489.3365109980324,8640,-434.51447814144194,8,434.51447814144194,0.538546244747129
2024-07-07 00:00:00+00:00,GRACE-FO,8.94512082184028e-13,0.6399267316524947,489.1845937521991,8640,-793.829685571293,6,793.829685571293,0.9838889556956278
2024-07-08 00:00:00+00:00,GRACE-FO,9.510725287152778e-13,0.6803896190862523,488.9925161701389,8640,-464.8658892661333,4,464.8658892661333,0.5761644123946015
2024-07-09 00:00:00+00:00,GRACE-FO,9.006755182789353e-13,0.644336004142513,489.13784679444444,8640,-497.64341655746097,8,497.64341655746097,0.6167895586736052
2024-07-10 00:00:00+00:00,GRACE-FO,9.050865521805556e-13,0.6474916222320757,489.2963653377315,8640,-516.3790943436325,8,516.3790943436325,0.6400109458128627
2024-07-11 00:00:00+00:00,GRACE-FO,9.387526029722222e-13,0.6715760435382218,488.8309750087963,8640,-449.2110308036209,8,449.2110308036209,0.556761456541219
2024-07-12 00:00:00+00:00,GRACE-FO,1.0032321786081842e-12,0.7177042120860583,489.1080884871355,4081,-610.1362596064806,5,610.1362596064806,0.7562155185267934
2024-07-13 00:00:00+00:00,GRACE-FO,1.0275287592205884e-12,0.735085789966667,489.2600512301471,4080,-455.2519714925438,8,455.2519714925438,0.5642487235631952
2024-07-14 00:00:00+00:00,GRACE-FO,1.1127136514363429e-12,0.7960263750605003,489.00617465243056,8640,-485.49547552689904,8,485.49547552689904,0.6017331489277161
2024-07-15 00:00:00+00:00,GRACE-FO,1.1432833626018517e-12,0.8178956999621178,488.9121260893519,8640,-632.0483337081969,8,632.0483337081969,0.7833737970554522
2024-07-16 00:00:00+00:00,GRACE-FO,1.407641781394676e-12,1.0070155813949884,488.97077988483795,8640,-768.3605592343956,8,768.3605592343956,0.9523219929458586
2024-07-17 00:00:00+00:00,GRACE-FO,1.3490532410243056e-12,0.9651018119800906,489.06437503333336,8640,-615.1094134543091,8,615.1094134543091,0.7623793484197663
2024-07-18 00:00:00+00:00,GRACE-FO,1.3094433350231482e-12,0.9367652045789975,488.69398403854166,8640,-681.2459016423672,8,681.2459016423672,0.8443502818321333
2024-07-19 00:00:00+00:00,GRACE-FO,1.329412772582176e-12,0.951051179206513,488.9073240488426,8640,-550.2634281720966,8,550.2634281720966,0.6820078910403985
2024-07-20 00:00:00+00:00,GRACE-FO,1.3152850016736112e-12,0.9409442858027043,488.8359446480324,8640,-671.2832056172192,8,671.2832056172192,0.8320023100111482
2024-07-21 00:00:00+00:00,GRACE-FO,1.2289498413738425e-12,0.8791808081955242,488.7404304991898,8640,-653.4639486819506,8,653.4639486819506,0.8099167538572533
2024-07-22 00:00:00+00:00,GRACE-FO,1.380079386525463e-12,0.9872976663254607,488.7217059542824,8640,-1098.3840428069234,6,1098.3840428069234,1.361359934596437
2024-07-23 00:00:00+00:00,GRACE-FO,1.0860999989583332e-12,0.7769871826484696,488.6543339398148,8640,-738.0653310120105,4,738.0653310120105,0.9147734595512779
2024-07-24 00:00:00+00:00,GRACE-FO,1.0108977810173613e-12,0.7231881222461929,488.7669032805556,8640,-956.3116060197353,5,956.3116060197353,1.1852724135520685
2024-07-25 00:00:00+00:00,GRACE-FO,9.465751760405092e-13,0.6771722492423186,488.52094870011575,8640,-239.68433838337666,4,239.68433838337666,0.2970697338169006
2024-07-26 00:00:00+00:00,GRACE-FO,1.1939294644097222e-12,0.8541275128647661,488.6671681171297,8640,-510.7477720826864,8,510.7477720826864,0.6330313683553627
2024-07-27 00:00:00+00:00,GRACE-FO,1.0132411586516202e-12,0.7248645557124211,488.5475417549769,8640,-630.7469571065158,8,630.7469571065158,0.7817608439385966
2024-07-28 00:00:00+00:00,GRACE-FO,9.078216042986109e-13,0.6494482564661634,488.5398550114583,8640,-641.0442450344564,6,641.0442450344564,0.794523515894644
2024-07-29 00:00:00+00:00,GRACE-FO,9.141384790555556e-13,0.6539672977379146,488.5731708431713,8640,-607.0094319321215,4,607.0094319321215,0.7523400635380431
2024-07-30 00:00:00+00:00,GRACE-FO,1.145967000775463e-12,0.8198155530748716,488.3819426844908,8640,-533.3594596423209,8,533.3594596423209,0.6610567622955676
2024-07-31 00:00:00+00:00,GRACE-FO,1.0417217516481482e-12,0.7452393423193209,488.5597249726852,8640,-554.7781465444714,8,554.7781465444714,0.6876035265090557
2024-08-01 00:00:00+00:00,GRACE-FO,1.2373598099166669e-12,0.8851972318862695,488.38151046597216,8640,-637.914733953774,8,637.914733953774,0.7906447350365124
2024-08-02 00:00:00+00:00,GRACE-FO,1.110684608170139e-12,0.7945748138668794,488.4087729223379,8640,-510.87717883661395,8,510.87717883661395,0.6331917577667135
2024-08-03 00:00:00+00:00,GRACE-FO,1.1805953248287037e-12,0.8445883769140861,488.3147068037037,8640,-610.7575589455664,8,610.7575589455664,0.756985569797259
2024-08-04 00:00:00+00:00,GRACE-FO,1.5488037590648148e-12,1.108001722111498,488.3631136863426,8640,-888.3840356506407,8,888.3840356506407,1.1010815757840249
2024-08-05 00:00:00+00:00,GRACE-FO,1.2538483509502314e-12,0.8969930012039569,488.3467887303241,8640,-679.2379381135106,8,679.2379381135106,0.8418615702414854
2024-08-06 00:00:00+00:00,GRACE-FO,1.1574212474108797e-12,0.8280098287687754,488.06765400416674,8640,-657.4771154243499,8,657.4771154243499,0.8148907558465718
2024-08-07 00:00:00+00:00,GRACE-FO,1.253587893505787e-12,0.8968066720481215,488.35707649583327,8640,-718.1642365194857,8,718.1642365194857,0.8901076308057091
2024-08-08 00:00:00+00:00,GRACE-FO,1.454039451119213e-12,1.0402081002379104,488.1842804982639,8640,-847.7915033791214,8,847.7915033791214,1.0507703504524555
2024-08-09 00:00:00+00:00,GRACE-FO,1.6024615917847222e-12,1.1463881030267449,488.0500622883102,8640,-1211.7785251066089,6,1211.7785251066089,1.5019034048134678
2024-08-10 00:00:00+00:00,GRACE-FO,1.8526443863761574e-12,1.3253668571959338,488.06853136493055,8640,-940.6382480226457,4,940.6382480226457,1.1658465289923314
2024-08-11 00:00:00+00:00,GRACE-FO,2.1639946349988427e-12,1.5481043148207003,488.115761887037,8640,-1335.387031339109,8,1335.387031339109,1.6551063478662553
2024-08-12 00:00:00+00:00,GRACE-FO,3.0061092045439817e-12,2.150546288382665,487.9802689222222,8640,-1447.9282959196717,8,1447.9282959196717,1.7945923223686422
2024-08-13 00:00:00+00:00,GRACE-FO,2.113201629984954e-12,1.5117674085488635,487.6489244159722,8640,-1241.911423733458,8,1241.911423733458,1.5392507435448437
2024-08-14 00:00:00+00:00,GRACE-FO,1.7481913612870368e-12,1.2506420051924865,488.032791347338,8640,-901.7206635996699,8,901.7206635996699,1.1176112687191386
2024-08-15 00:00:00+00:00,GRACE-FO,1.6138450044687501e-12,1.1545317046829189,487.799533890162,8640,-908.0974739082158,8,908.0974739082158,1.1255148195048832
2024-08-16 00:00:00+00:00,GRACE-FO,1.7574659472743057e-12,1.2572769692320689,487.53421543703706,8640,-968.6633038818836,8,968.6633038818836,1.2005813637356473
2024-08-17 00:00:00+00:00,GRACE-FO,1.6651539882361109e-12,1.1912377379949464,487.76204519016204,8640,-971.4188585858792,8,971.4188585858792,1.203996655314376
2024-08-18 00:00:00+00:00,GRACE-FO,1.7448062078425924e-12,1.2482202937108973,487.7308579599537,8640,-898.847435856238,8,898.847435856238,1.1140501307378519
2024-08-19 00:00:00+00:00,GRACE-FO,1.524401985650463e-12,1.0905448901484855,487.52997561192126,8640,-964.3414205275475,8,964.3414205275475,1.1952247319827343
2024-08-20 00:00:00+00:00,GRACE-FO,1.5826289146215277e-12,1.1321999656837871,487.34987688935183,8640,-963.6520666778089,8,963.6520666778089,1.1943703325420836
2024-08-21 00:00:00+00:00,GRACE-FO,1.4058276920821758e-12,1.0057177965267956,487.7635663976852,8640,-799.9729941766709,8,799.9729941766709,0.9915030996337085
2024-08-22 00:00:00+00:00,GRACE-FO,1.3884910570138889e-12,0.9933153075743675,487.4392219486112,8640,-741.2292061150074,8,741.2292061150074,0.9186948318904828
2024-08-23 00:00:00+00:00,GRACE-FO,1.2643517364085648e-12,0.9045070384780278,487.1539258777778,8640,-790.0602783113718,8,790.0602783113718,0.9792170742581298
2024-08-24 00:00:00+00:00,GRACE-FO,1.337410359258102e-12,0.9567725882344796,487.6119576831018,8640,-796.5281608905643,8,796.5281608905643,0.987233501902586
2024-08-25 00:00:00+00:00,GRACE-FO,1.1935967357141205e-12,0.8538894814385348,487.4016569938657,8640,-809.984923146665,8,809.984923146665,1.0039120917863478
2024-08-26 00:00:00+00:00,GRACE-FO,1.2278450055914352e-12,0.8783904175844522,487.149894521875,8640,-666.6082898005843,8,666.6082898005843,0.826208122511743
2024-08-27 00:00:00+00:00,GRACE-FO,1.3080128509374998e-12,0.9357418477973038,487.22875152407414,8640,-738.0194058027118,8,738.0194058027118,0.9147165388955778
2024-08-28 00:00:00+00:00,GRACE-FO,1.7591891782569445e-12,1.258509754783618,487.4962348371528,8640,-1059.3305446766317,8,1059.3305446766317,1.3129562200590785
2024-08-29 00:00:00+00:00,GRACE-FO,1.389842618092593e-12,0.9942822034732044,487.0871124138889,8640,-948.1691084057093,8,948.1691084057093,1.1751804333454416
2024-08-30 00:00:00+00:00,GRACE-FO,1.5890559992650462e-12,1.1367978502198335,486.8914681611111,8640,-900.8146750833839,8,900.8146750833839,1.1164883677853958
2024-08-31 00:00:00+00:00,GRACE-FO,1.7591452093368057e-12,1.258478299772647,487.45524335451387,8640,-1126.075791766867,8,1126.075791766867,1.395681661864644
2024-09-01 00:00:00+00:00,GRACE-FO,1.6091947257534725e-12,1.1512049327825606,487.0070579453703,8640,-1096.7846472170204,8,1096.7846472170204,1.3593776105724098
2024-09-02 00:00:00+00:00,GRACE-FO,1.587215078090278e-12,1.1354808700537045,486.7625282614583,8640,-1040.3292529881,8,1040.3292529881,1.289405625547306
2024-09-03 00:00:00+00:00,GRACE-FO,1.6807795686886576e-12,1.2024161522705337,487.11135093298606,8640,-1035.4311903435737,8,1035.4311903435737,1.283334865247146
2024-09-04 00:00:00+00:00,GRACE-FO,1.803221880590278e-12,1.2900103950222594,487.06942135462964,8640,-1171.3675764594227,8,1171.3675764594227,1.4518172379872225
2024-09-05 00:00:00+00:00,GRACE-FO,1.86173166940625e-12,1.3318678262100694,486.67521103125,8640,-1282.9484966434538,8,1282.9484966434538,1.5901129417519617
2024-09-06 00:00:00+00:00,GRACE-FO,1.8214269566122687e-12,1.3030341596312218,486.6704025159722,8640,-1640.8356886655092,5,1640.8356886655092,2.0336857408241085
2024-09-07 00:00:00+00:00,GRACE-FO,1.8540098085949078e-12,1.3263436692426054,487.1257475938657,8640,-1292.6314793080091,8,1292.6314793080091,1.602114231039842
2024-09-08 00:00:00+00:00,GRACE-FO,1.839654650900463e-12,1.316074105165468,486.53957162766204,8640,-1218.7039074655622,8,1218.7039074655622,1.510486867161616
2024-09-09 00:00:00+00:00,GRACE-FO,1.928794467130787e-12,1.3798440110130226,486.4084174153935,8640,-1569.585455296295,7,1569.585455296295,1.9453767257080317
2024-09-12 00:00:00+00:00,GRACE-FO,2.307083558164352e-12,1.650468976808733,486.27660816574075,8640,-1343.3901882682528,7,1343.3901882682528,1.6650256263417342
2024-09-13 00:00:00+00:00,GRACE-FO,2.008414327707176e-12,1.4368034173397375,486.50550122858795,8640,-1256.7924231551588,8,1256.7924231551588,1.5576945624733178
2024-09-14 00:00:00+00:00,GRACE-FO,1.5620108784699074e-12,1.117449988852412,486.6064422017362,8640,-993.819523634389,8,993.819523634389,1.23176050358317
2024-09-15 00:00:00+00:00,GRACE-FO,1.4455408929097225e-12,1.0341283002138801,486.1017158959491,8640,-1023.2995301429182,8,1023.2995301429182,1.2682986342990843
2024-09-16 00:00:00+00:00,GRACE-FO,1.4587737137280092e-12,1.0435949535385776,486.1667207655093,8640,-942.9176447112113,8,942.9176447112113,1.1686716604635927
2024-09-17 00:00:00+00:00,GRACE-FO,1.818176462207176e-12,1.3007087821407055,486.6366558498843,8640,-1349.8043187782168,8,1349.8043187782168,1.6729754325581676
2024-09-18 00:00:00+00:00,GRACE-FO,1.142123469741898e-12,0.817065921961663,485.98901535162037,8640,-803.6721485704184,8,803.6721485704184,0.996087908213652
2024-09-19 00:00:00+00:00,GRACE-FO,1.285360679201389e-12,0.9195366667688621,485.9897600322917,8640,-1160.1040924127612,7,1160.1040924127612,1.4378570425478332
2024-09-20 00:00:00+00:00,GRACE-FO,1.0887145911469908e-12,0.778857640820266,486.4216354304398,8640,-813.7775531448424,4,813.7775531448424,1.0086127559666767
2024-09-21 00:00:00+00:00,GRACE-FO,1.0759559702685185e-12,0.7697302263093077,486.08094645243057,8640,-697.8559660892935,8,697.8559660892935,0.8649371397687475
2024-09-22 00:00:00+00:00,GRACE-FO,1.0987435246203704e-12,0.7860322589695374,485.8701467055556,8640,-748.8839897550642,8,748.8839897550642,0.9281823292952585
2024-09-23 00:00:00+00:00,GRACE-FO,1.2679010012939817e-12,0.9070461539613518,486.0965141653935,8640,-937.7009417228401,8,937.7009417228401,1.1622059707209509
2024-09-24 00:00:00+00:00,GRACE-FO,1.4325940372974538e-12,1.0248662240919935,486.2479649844908,8640,-962.3470553793013,8,962.3470553793013,1.192752874506692
2024-09-25 00:00:00+00:00,GRACE-FO,1.7312277152534722e-12,1.2385063495883004,485.6930971091435,8640,-1130.5697857029736,8,1130.5697857029736,1.401251611037704
2024-09-26 00:00:00+00:00,GRACE-FO,1.5659284601377316e-12,1.1202525951923417,485.83136797210636,8640,-1179.4556823335588,8,1179.4556823335588,1.4618418039447583
2024-09-27 00:00:00+00:00,GRACE-FO,1.56245110028125e-12,1.1177649199869886,486.2090767877315,8640,-1108.126683216542,8,1108.126683216542,1.3734351649293002
2024-09-28 00:00:00+00:00,GRACE-FO,1.639847979744213e-12,1.1731340235477905,485.58564663622684,8640,-1151.3739685993642,8,1151.3739685993642,1.4270367462576092
2024-09-29 00:00:00+00:00,GRACE-FO,1.8685914998472223e-12,1.3367752936006314,485.6649010394676,8640,-1353.39089300856,8,1353.39089300856,1.6774207069516007
2024-09-30 00:00:00+00:00,GRACE-FO,1.912560149212963e-12,1.3682301108626795,485.92715908020836,8640,-1393.7589145489037,8,1393.7589145489037,1.727453669032433
2024-10-01 00:00:00+00:00,GRACE-FO,2.0005382329166666e-12,1.431168922627078,485.6259730546296,8640,-1367.3142133764923,8,1367.3142133764923,1.6946775586234575
2024-10-02 00:00:00+00:00,GRACE-FO,2.091211396539352e-12,1.4960357728366203,485.435041569676,8640,-1356.447031551972,8,1356.447031551972,1.6812085483671997
2024-10-03 00:00:00+00:00,GRACE-FO,2.2230533903935184e-12,1.59035447227291,485.5810525310185,8640,-1328.40584076941,3,1328.40584076941,1.6464537156656969
2024-10-04 00:00:00+00:00,GRACE-FO,2.3920032156712963e-12,1.7112198151303202,485.6662760755787,8640,-1113.245972280701,3,1113.245972280701,1.3797801178364397
2024-10-05 00:00:00+00:00,GRACE-FO,2.305303425856481e-12,1.6491954845078762,485.1424441153935,8640,-1620.7913262806833,8,1620.7913262806833,2.0088423428851687
2024-10-06 00:00:00+00:00,GRACE-FO,2.24993175806713e-12,1.6095830398016262,485.3219330009259,8640,-1500.1360462270677,8,1500.1360462270677,1.8592996895316567
2024-10-07 00:00:00+00:00,GRACE-FO,2.653193236296296e-12,1.8980730500589207,485.5149493825231,8640,-1934.3715079519898,8,1934.3715079519898,2.3975001155526012
2024-10-08 00:00:00+00:00,GRACE-FO,2.6006290603703705e-12,1.860469062396556,484.94642530451387,8640,-1835.9032196439803,8,1835.9032196439803,2.2754564793502325
2024-10-09 00:00:00+00:00,GRACE-FO,1.9607260438692128e-12,1.4026876035655576,485.0947625607639,8640,-1173.9171216189861,8,1173.9171216189861,1.4549771970692973
2024-10-10 00:00:00+00:00,GRACE-FO,2.2186798762395838e-12,1.5872256955083412,485.203779815625,8640,-1705.7926905192435,8,1705.7926905192435,2.114194794441819
2024-10-11 00:00:00+00:00,GRACE-FO,2.9027288492199075e-12,2.076588815680806,484.91465913125,8640,-2004.546847941354,8,2004.546847941354,2.4844768855483363
2024-10-12 00:00:00+00:00,GRACE-FO,1.4912875228472225e-12,1.0668550704421194,484.8268947210648,8640,-927.2868533022702,8,927.2868533022702,1.1492985338149317
2024-10-13 00:00:00+00:00,GRACE-FO,1.3875112447476852e-12,0.9926143577787941,484.9009229466435,8640,-939.5811171643435,8,939.5811171643435,1.1645362991091293
2024-10-14 00:00:00+00:00,GRACE-FO,1.420221186099537e-12,1.016014786100263,484.9601950076389,8640,-953.6983982250094,8,953.6983982250094,1.1820335496812644
2024-10-15 00:00:00+00:00,GRACE-FO,1.644747606726852e-12,1.1766391771882658,484.60080320347225,8640,-949.6959635969251,8,949.6959635969251,1.177072849296733
2024-10-16 00:00:00+00:00,GRACE-FO,1.6448088234988425e-12,1.176682971173392,484.75496272395833,8640,-1019.0021830014884,8,1019.0021830014884,1.2629724132366908
2024-10-17 00:00:00+00:00,GRACE-FO,1.5528465746064814e-12,1.110893919755085,484.85402034027777,8640,-1265.4927603125573,5,1265.4927603125573,1.568477940565096
2024-10-18 00:00:00+00:00,GRACE-FO,1.682863182349537e-12,1.2039067526845355,484.4573436979167,8640,-1006.380502326414,8,1006.380502326414,1.2473288407623437
2024-10-19 00:00:00+00:00,GRACE-FO,1.7592985730254633e-12,1.2585880149190285,484.64081768055564,8640,-1225.2365148160607,8,1225.2365148160607,1.5185835160283385
2024-10-20 00:00:00+00:00,GRACE-FO,1.5160595387083334e-12,1.084576770866489,484.6055577229167,8640,-1207.7622026987374,4,1207.7622026987374,1.4969254916269965
2024-10-21 00:00:00+00:00,GRACE-FO,1.5403851238344909e-12,1.10197909834239,484.4414548011574,8640,-600.7117035835981,4,600.7117035835981,0.7445345285716551
2024-10-22 00:00:00+00:00,GRACE-FO,1.7852037498020836e-12,1.2771203695263218,484.4717402945602,8640,-1072.5999021343887,8,1072.5999021343887,1.3294025365538678
2024-10-23 00:00:00+00:00,GRACE-FO,1.7695190127349536e-12,1.2658996350856075,484.3685526680556,8640,-1298.4589344281703,8,1298.4589344281703,1.609336899625752
2024-10-24 00:00:00+00:00,GRACE-FO,1.913415266215278e-12,1.368841854671814,484.4312311780093,8640,-1242.833466393873,8,1242.833466393873,1.540393542317366
2024-10-25 00:00:00+00:00,GRACE-FO,1.8152313470324077e-12,1.2986018704894642,484.2243188623843,8640,-1162.2115981597453,8,1162.2115981597453,1.4404691288255471
2024-10-26 00:00:00+00:00,GRACE-FO,2.154941356170139e-12,1.541627672138082,484.21980428738425,8640,-1842.0532826185226,3,1842.0532826185226,2.283078994793366
2024-10-27 00:00:00+00:00,GRACE-FO,2.4947351229525458e-12,1.78471339333041,484.27205401412044,8640,-713.1963081359862,3,713.1963081359862,0.8839502774614658
2024-10-28 00:00:00+00:00,GRACE-FO,2.5247566761921296e-12,1.8061905704713062,483.9963062326389,8640,-1685.5728076547384,8,1685.5728076547384,2.0891338527846313
2024-10-29 00:00:00+00:00,GRACE-FO,2.4429006913634266e-12,1.7476314588830832,484.069550403125,8640,-1810.7552373688668,8,1810.7552373688668,2.244287549202821
2024-10-30 00:00:00+00:00,GRACE-FO,2.598659008263889e-12,1.8590597030029883,483.9522418216436,8640,-1799.8089243676513,8,1799.8089243676513,2.2307204621270427
2024-10-31 00:00:00+00:00,GRACE-FO,2.6119638100578707e-12,1.8685778509373563,483.8549423733796,8640,-1727.4879514947534,8,1727.4879514947534,2.1410843502907877
2024-11-01 00:00:00+00:00,GRACE-FO,2.691548535960648e-12,1.9255121222018403,483.8627709002315,8640,-1739.8329888377339,8,1739.8329888377339,2.156385045288944
2024-11-02 00:00:00+00:00,GRACE-FO,2.805992481805556e-12,2.0073843983628685,483.60717744212957,8640,-2024.7493890356272,8,2024.7493890356272,2.509516333456281
2024-11-03 00:00:00+00:00,GRACE-FO,2.731224349398148e-12,1.9538958792515189,483.7369623730324,8640,-1878.2100966032597,8,1878.2100966032597,2.32789249899877
2024-11-04 00:00:00+00:00,GRACE-FO,2.6332443211342597e-12,1.8838017569887522,483.58468980150474,8640,-1653.5635000858456,8,1653.5635000858456,2.0494608539425268
2024-11-05 00:00:00+00:00,GRACE-FO,2.4553710527546294e-12,1.7565526548809214,483.34876164837965,8640,-1730.9200806438923,5,1730.9200806438923,2.145338202251399
2024-11-06 00:00:00+00:00,GRACE-FO,2.5183177147685186e-12,1.8015841893825373,483.5494052351852,8640,-1808.4093326851726,8,1808.4093326851726,2.2413799863447497
2024-11-07 00:00:00+00:00,GRACE-FO,2.314105905023148e-12,1.6554927071343286,483.3430675475695,8640,-1565.297587769106,8,1565.297587769106,1.9400622538758892
2024-11-08 00:00:00+00:00,GRACE-FO,2.285276422607639e-12,1.6348683278499867,483.2022761126157,8640,-1774.0523947980255,8,1774.0523947980255,2.1987972858573555
2024-11-09 00:00:00+00:00,GRACE-FO,2.7791584156944442e-12,1.9881875238147861,483.24904554155097,8640,-2346.136946098879,8,2346.136946098879,2.9078507289065674
2024-11-10 00:00:00+00:00,GRACE-FO,2.3287320644131943e-12,1.6659561436395665,483.1747607174768,8640,-1745.0110928434879,8,1745.0110928434879,2.16280289465299
2024-11-11 00:00:00+00:00,GRACE-FO,1.842538494162037e-12,1.318137183384011,483.0699868017361,8640,-1284.063793014735,8,1284.063793014735,1.5914952631767911
2024-11-12 00:00:00+00:00,GRACE-FO,1.5713058627372685e-12,1.1240995456571128,482.91495627511574,8640,-1044.2463596779853,8,1044.2463596779853,1.2942605687177495
2024-11-13 00:00:00+00:00,GRACE-FO,1.532466671929398e-12,1.096314301691459,483.1255105008102,8640,-1010.9463844038546,8,1010.9463844038546,1.2529878895868651
2024-11-14 00:00:00+00:00,GRACE-FO,1.5186183466400464e-12,1.0864073214306242,482.9621258144676,8640,-1086.6656927727163,8,1086.6656927727163,1.3468359688299838
2024-11-15 00:00:00+00:00,GRACE-FO,1.5626797218159722e-12,1.1179284739896835,482.67776109780095,8640,-1082.8435226362199,8,1082.8435226362199,1.3420986919903275
2024-11-16 00:00:00+00:00,GRACE-FO,1.3551762904247684e-12,0.9694821921545183,483.0820664039352,8640,-1002.4207826387137,8,1002.4207826387137,1.2424210821597224
2024-11-17 00:00:00+00:00,GRACE-FO,1.190143125605324e-12,0.851418796611195,482.8310143076389,8640,-796.5930689070374,8,796.5930689070374,0.9873139502427082
2024-11-18 00:00:00+00:00,GRACE-FO,1.2545082153136577e-12,0.8974650628494412,482.5548202743056,8640,-878.9791160263121,4,878.9791160263121,1.089424923588003
2024-11-19 00:00:00+00:00,GRACE-FO,1.4582053336296296e-12,1.0431883389987222,482.96399826631944,8640,-1270.9691209942102,4,1270.9691209942102,1.575265455431344
2024-11-20 00:00:00+00:00,GRACE-FO,1.5408422906574074e-12,1.1023061518016286,482.73416264178235,8640,-1065.6303954087198,8,1065.6303954087198,1.3207643855516196
2024-11-21 00:00:00+00:00,GRACE-FO,1.5078040312789352e-12,1.0786708474109568,482.4847086222222,8640,-1081.045782547444,8,1081.045782547444,1.3398705356858869
2024-11-22 00:00:00+00:00,GRACE-FO,1.708988355787037e-12,1.2225964911293143,482.7131048376157,8640,-1248.0976538006216,8,1248.0976538006216,1.5469180852317375
2024-11-23 00:00:00+00:00,GRACE-FO,1.8050969132569445e-12,1.291351778274671,482.68364207673613,8640,-1297.0488243903967,8,1297.0488243903967,1.6075891800358975
2024-11-24 00:00:00+00:00,GRACE-FO,1.7918517223483797e-12,1.281876275487122,482.397100169676,8640,-1334.8856659997255,8,1334.8856659997255,1.654484945279335
2024-11-25 00:00:00+00:00,GRACE-FO,2.0517304010648145e-12,1.4677913869869388,482.3869491171297,8640,-1431.033444315195,8,1431.033444315195,1.7736524933298752
2024-11-26 00:00:00+00:00,GRACE-FO,1.9324153277581018e-12,1.3824343455128645,482.6535548972222,8640,-1319.968098046258,8,1319.968098046258,1.6359958025551085
2024-11-27 00:00:00+00:00,GRACE-FO,1.942014981969908e-12,1.389301860739441,482.25750036979167,8640,-1462.2475283388048,8,1462.2475283388048,1.8123398756376847
2024-11-28 00:00:00+00:00,GRACE-FO,1.9874386888831016e-12,1.421797614439636,482.08467997754633,8640,-1353.4379436727613,8,1353.4379436727613,1.6774790225194198
2024-11-29 00:00:00+00:00,GRACE-FO,2.0504583734282405e-12,1.4668813886713687,482.5855824335648,8640,-1584.458794368431,8,1584.458794368431,1.9638110502405783
2024-11-30 00:00:00+00:00,GRACE-FO,2.0950701360300927e-12,1.498796283957475,482.0966175013889,8640,-1518.9200013913214,4,1518.9200013913214,1.8825809126533275
2024-04-01 00:00:00+00:00,Swarm_A,1.0808760823368056e-12,0.6408217698386895,484.5909962840278,2880,-453.63652510941023,8,453.63652510941023,0.5622465058535617
2024-04-02 00:00:00+00:00,Swarm_A,9.133951501770834e-13,0.5415269208595227,484.7361794170139,2880,-325.55707833729684,8,325.55707833729684,0.40350218648485625
2024-04-03 00:00:00+00:00,Swarm_A,7.85942310013889e-13,0.46596362924910123,484.63744545138894,2880,-316.95004930719733,8,316.95004930719733,0.3928344564188382
2024-04-04 00:00:00+00:00,Swarm_A,8.143756941041666e-13,0.4828210024605082,484.49593584201386,2880,-381.06990537419915,8,381.06990537419915,0.47230593420782374
2024-04-05 00:00:00+00:00,Swarm_A,8.999571481493056e-13,0.5335598981977582,484.47055465902775,2880,-162.71722877584406,8,162.71722877584406,0.20167510387160212
2024-04-06 00:00:00+00:00,Swarm_A,9.138454548993057e-13,0.5417938941729087,484.6983375208333,2880,-465.1027744729072,8,465.1027744729072,0.5764580128267203
2024-04-07 00:00:00+00:00,Swarm_A,8.383753835659722e-13,0.49704975978784527,484.3435102177084,2880,-254.5502880699933,8,254.5502880699933,0.315494899791971
2024-04-08 00:00:00+00:00,Swarm_A,8.661809766354168e-13,0.5135349329296667,484.3129799336806,2880,-558.2196686826646,8,558.2196686826646,0.6918690203348673
2024-04-09 00:00:00+00:00,Swarm_A,8.73754777013889e-13,0.5180252313480057,484.6315742517361,2880,-156.62002468481654,8,156.62002468481654,0.19411810282361674
2024-04-10 00:00:00+00:00,Swarm_A,9.067376732743057e-13,0.5375798854858886,484.23759921631944,2880,-531.3804369289428,8,531.3804369289428,0.6586039205511043
2024-04-11 00:00:00+00:00,Swarm_A,9.155389628854166e-13,0.5427979285877967,484.23547654687496,2880,-388.6552808620035,8,388.6552808620035,0.48170740571097626
2024-04-12 00:00:00+00:00,Swarm_A,9.592534012604166e-13,0.5687150195705194,484.4033180690973,2880,-414.72623804211617,8,414.72623804211617,0.5140202900741584
2024-04-13 00:00:00+00:00,Swarm_A,1.0585240712291669e-12,0.6275698757950319,484.2400021347223,2880,-518.8237780686468,8,518.8237780686468,0.6430409374608563
2024-04-14 00:00:00+00:00,Swarm_A,1.2120245488125e-12,0.7185760968813305,484.1233520802083,2880,-453.2949293367565,8,453.2949293367565,0.5618231249771154
2024-04-15 00:00:00+00:00,Swarm_A,1.3950246769563493e-12,0.8270718513107513,484.0847929992064,2520,-615.7064726185054,8,615.7064726185054,0.7631193559153625
2024-04-16 00:00:00+00:00,Swarm_A,1.9495946375902776e-12,1.1558611634995173,484.24077504375003,2880,-745.5179280061275,8,745.5179280061275,0.9240103626389788
2024-04-17 00:00:00+00:00,Swarm_A,1.7346070869583336e-12,1.0284009440158948,483.8855690635417,2880,-2343.323755895098,3,2343.323755895098,2.904364002695542
2024-04-18 00:00:00+00:00,Swarm_A,1.5904460622395834e-12,0.9429318282572189,483.8044905177084,2880,-544.146089756063,7,544.146089756063,0.6744259350929379
2024-04-19 00:00:00+00:00,Swarm_A,2.210242997559028e-12,1.3103924239004479,484.09252797013886,2880,-1059.0981761086732,8,1059.0981761086732,1.3126682176426652
2024-04-20 00:00:00+00:00,Swarm_A,1.9812627835069443e-12,1.1746363382355094,483.6357072996528,2880,-841.411890136078,8,841.411890136078,1.0428633256516346
2024-04-21 00:00:00+00:00,Swarm_A,1.969453865625e-12,1.1676351548615311,483.5752156288194,2880,-831.3535382840782,8,831.3535382840782,1.0303967960174334
2024-04-22 00:00:00+00:00,Swarm_A,1.8358567575e-12,1.088429095376059,483.76089543715284,2880,-793.8623648304492,8,793.8623648304492,0.9839294590463447
2024-04-23 00:00:00+00:00,Swarm_A,1.7786755261006948e-12,1.0545279123397593,483.4742899034722,2880,-798.6545364093035,8,798.6545364093035,0.9898689757662819
2024-04-24 00:00:00+00:00,Swarm_A,1.6951520236909722e-12,1.00500911965669,483.38518256631943,2880,-792.7994095031172,8,792.7994095031172,0.9826120101955786
2024-04-25 00:00:00+00:00,Swarm_A,1.5407998255625e-12,0.9134979368304997,483.394230415625,2880,-856.4624158125371,8,856.4624158125371,1.0615172589318251
2024-04-26 00:00:00+00:00,Swarm_A,1.747746067767361e-12,1.036190685202243,483.4145373201389,2880,-714.5270519964397,8,714.5270519964397,0.8855996289671577
2024-04-27 00:00:00+00:00,Swarm_A,1.5122757781076389e-12,0.8965868117980457,483.1665092791666,2880,-699.8042204622179,8,699.8042204622179,0.8673518465947169
2024-04-28 00:00:00+00:00,Swarm_A,1.1148865183402777e-12,0.6609856240944072,483.09304601909724,2880,-470.14759933017194,8,470.14759933017194,0.5827106732533828
2024-04-29 00:00:00+00:00,Swarm_A,9.012491124930556e-13,0.5343258684054998,483.37023721006943,2880,-411.86182747781277,8,411.86182747781277,0.5104700802873227
2024-04-30 00:00:00+00:00,Swarm_A,8.034775386354168e-13,0.47635978512987504,483.00219676909717,2880,-420.7786047756672,8,420.7786047756672,0.5215217187725258
2024-05-01 00:00:00+00:00,Swarm_A,9.06618689003472e-13,0.5375093429766551,482.95743689513887,2880,-342.4010745342821,8,342.4010745342821,0.42437898427815895
2024-05-02 00:00:00+00:00,Swarm_A,1.0317821860972222e-12,0.6117153459010715,483.27374391458335,2880,-454.34581330604857,8,454.34581330604857,0.5631256123366803
2024-05-03 00:00:00+00:00,Swarm_A,9.283934851944445e-13,0.550419022135073,482.8986332041667,2880,-467.89185115508735,8,467.89185115508735,0.5799148522395855
2024-05-04 00:00:00+00:00,Swarm_A,7.312088744548611e-13,0.4335136771986693,482.87580203263894,2880,-252.41005045920613,8,252.41005045920613,0.31284224496425134
2024-05-05 00:00:00+00:00,Swarm_A,8.256106586458334e-13,0.4894819046483895,483.0559122038195,2880,-274.7129275202751,8,274.7129275202751,0.34048489277582955
2024-05-06 00:00:00+00:00,Swarm_A,1.0878337941979169e-12,0.6449468062806335,482.8954460243056,2880,-445.4692062065005,8,445.4692062065005,0.552123761627344
2024-05-07 00:00:00+00:00,Swarm_A,9.485480299861111e-13,0.5623680986987493,482.7851794309028,2880,-539.8149796016514,8,539.8149796016514,0.6690578674528874
2024-05-08 00:00:00+00:00,Swarm_A,1.0289881609930556e-12,0.6100588450852196,482.7874026576389,2880,-377.52572186663747,8,377.52572186663747,0.4679131997542879
2024-05-09 00:00:00+00:00,Swarm_A,1.0984229915e-12,0.6512248507921019,482.9067776767361,2880,-489.7024268656969,8,489.7024268656969,0.6069473315598677
2024-05-10 00:00:00+00:00,Swarm_A,1.6455326564618056e-12,0.9755911583883397,482.637164003125,2880,-873.1958687752485,8,873.1958687752485,1.0822570471507749
2024-05-11 00:00:00+00:00,Swarm_A,3.740308905868056e-12,2.2175265157314348,482.4645160642362,2880,-1770.6444684471937,8,1770.6444684471937,2.1945734313463032
2024-05-12 00:00:00+00:00,Swarm_A,1.2488936245e-12,0.7404347601642676,482.7228844458333,2880,-550.2850581798702,8,550.2850581798702,0.6820346997200775
2024-05-13 00:00:00+00:00,Swarm_A,1.35693407528125e-12,0.8044889787885969,482.3243420979167,2880,-592.1720180790871,8,592.1720180790871,0.7339502654662061
2024-05-14 00:00:00+00:00,Swarm_A,1.3617192233402778e-12,0.807325961767716,482.25400541944447,2880,-562.4213870521635,8,562.4213870521635,0.6970767171164739
2024-05-15 00:00:00+00:00,Swarm_A,1.4938982782430556e-12,0.8856912964092957,482.54655083263884,2880,-770.3542459979653,8,770.3542459979653,0.9547930096178808
2024-05-16 00:00:00+00:00,Swarm_A,1.8928250514861112e-12,1.1222040336631056,482.1558357934028,2880,-786.5940873939544,8,786.5940873939544,0.9749210054363583
2024-05-17 00:00:00+00:00,Swarm_A,1.870909276059028e-12,1.1092107717840862,482.0799153802084,2880,-882.9574231281875,8,882.9574231281875,1.094355719816773
2024-05-18 00:00:00+00:00,Swarm_A,2.045505814392361e-12,1.2127242684104378,482.2157774822916,2880,-879.7064125295728,8,879.7064125295728,1.0903263499393736
2024-05-19 00:00:00+00:00,Swarm_A,1.6956814954895832e-12,1.005323028957312,482.00450828923607,2880,-741.2870316114277,8,741.2870316114277,0.9187665020085443
2024-05-20 00:00:00+00:00,Swarm_A,1.5444564567083332e-12,0.9156658530984351,481.8710982600695,2880,-1096.5932232961059,4,1096.5932232961059,1.3591403557996709
2024-05-29 00:00:00+00:00,Swarm_A,8.774759349290779e-13,0.5202314037668692,481.48253222446806,2820,41.570173526803615,3,-41.570173526803615,-0.051522934154242604
2024-05-30 00:00:00+00:00,Swarm_A,9.676349251052632e-13,0.573684195068036,481.35034580666667,2850,-367.89113478176296,8,367.89113478176296,0.4559718929503306
2024-05-31 00:00:00+00:00,Swarm_A,1.0224844134236112e-12,0.6062029516149663,481.5982090826389,2880,-369.69221468083555,8,369.69221468083555,0.4582041886848339
2024-06-01 00:00:00+00:00,Swarm_A,9.560628057256946e-13,0.5668234030283348,481.29482272534716,2880,-448.4617493264377,8,448.4617493264377,0.5558327815577718
2024-06-02 00:00:00+00:00,Swarm_A,9.722593564131945e-13,0.5764258934955182,481.23714904201387,2880,-340.4554078280925,8,340.4554078280925,0.4219674846599418
2024-06-03 00:00:00+00:00,Swarm_A,1.1290573934826389e-12,0.6693871471156755,481.3697749888889,2880,-567.113364521414,8,567.113364521414,0.7028920511815462
2024-06-04 00:00:00+00:00,Swarm_A,1.2769993331840278e-12,0.7570978636187642,481.2555814190972,2880,-505.3185973707586,8,505.3185973707586,0.6263023367574028
2024-06-05 00:00:00+00:00,Swarm_A,1.2719116268368058e-12,0.7540815021328132,481.0984780309028,2880,-520.788618599996,8,520.788618599996,0.6454762015151432
2024-06-06 00:00:00+00:00,Swarm_A,1.3094697550034725e-12,0.7763486857229595,481.1010907180555,2880,-643.3439203053713,8,643.3439203053713,0.7973737810609197
2024-06-07 00:00:00+00:00,Swarm_A,1.419940399826389e-12,0.8418436997097557,481.2098494170139,2880,-549.2913788259029,8,549.2913788259029,0.6808031129456832
2024-06-08 00:00:00+00:00,Swarm_A,1.4655181000034724e-12,0.86886546748679,480.90748723993056,2880,-748.3963375557214,8,748.3963375557214,0.9275779230581589
2024-06-09 00:00:00+00:00,Swarm_A,1.310158126329861e-12,0.7767568021933774,480.8493903125,2880,-535.0867018159479,8,535.0867018159479,0.6631975420236781
2024-06-10 00:00:00+00:00,Swarm_A,1.2228759912500001e-12,0.7250096193375473,481.124474546875,2880,-530.3455568160862,8,530.3455568160862,0.6573212687027095
2024-06-11 00:00:00+00:00,Swarm_A,1.2852451314027778e-12,0.7619865711168968,480.7246035788194,2880,-502.64737943187356,8,502.64737943187356,0.6229915739123051
2024-06-12 00:00:00+00:00,Swarm_A,1.096579050510417e-12,0.6501316287773561,480.6642180211805,2880,-458.57293304242194,8,458.57293304242194,0.5683647920985554
2024-06-13 00:00:00+00:00,Swarm_A,1.0055960318125e-12,0.5961902935771033,481.0045233409722,2880,-366.98437730968,8,366.98437730968,0.4548480389568447
2024-06-14 00:00:00+00:00,Swarm_A,1.02501425034375e-12,0.6077028225058658,480.5881109743056,2880,-469.2478431239724,8,469.2478431239724,0.5815954967738571
2024-06-15 00:00:00+00:00,Swarm_A,1.1725406126527777e-12,0.6951671545765208,480.5464610652778,2880,-429.72193711064756,8,429.72193711064756,0.5326062701208043
2024-06-16 00:00:00+00:00,Swarm_A,1.0778190776875e-12,0.6390093556667172,480.8290614878472,2880,-435.0890424195677,8,435.0890424195677,0.53925837161497
2024-06-17 00:00:00+00:00,Swarm_A,9.78126295111111e-13,0.57990424045996,480.4852062385417,2880,-360.96343473158777,8,360.96343473158777,0.4473855580076733
2024-06-18 00:00:00+00:00,Swarm_A,1.028441000079861e-12,0.6097344483939524,480.4415874482639,2880,-632.9570255249739,5,632.9570255249739,0.7845000485158199
2024-06-19 00:00:00+00:00,Swarm_A,9.960109465625002e-13,0.5905075595483512,480.6181524902778,2880,-41.48916250467299,4,41.48916250467299,0.05142252741535053
2024-06-20 00:00:00+00:00,Swarm_A,9.555569910833334e-13,0.5665235194064978,480.433744290625,2880,-349.1767495088279,8,349.1767495088279,0.4327768961930318
2024-06-21 00:00:00+00:00,Swarm_A,9.152937899548612e-13,0.5426525722848472,480.33170389861107,2880,-472.45081604644656,8,472.45081604644656,0.5855653277603949
2024-06-22 00:00:00+00:00,Swarm_A,8.901138937430557e-13,0.5277241027604603,480.40365422638877,2880,-542.4203319847584,5,542.4203319847584,0.6722869951638137
2024-06-23 00:00:00+00:00,Swarm_A,9.863926088958332e-13,0.5848051110742077,480.4180694201389,2880,-385.07856749370694,4,385.07856749370694,0.47727435307422167
2024-06-24 00:00:00+00:00,Swarm_A,9.932851659340277e-13,0.5888915190095011,480.20279584166656,2880,-372.528349686414,8,372.528349686414,0.4617193531584857
2024-06-25 00:00:00+00:00,Swarm_A,1.1585168122291666e-12,0.6868528281202502,480.1954469503472,2880,-487.2513331286609,8,487.2513331286609,0.6039093952101973
2024-06-26 00:00:00+00:00,Swarm_A,1.254341624732639e-12,0.7436647300083716,480.37364988472217,2880,-601.4272706843913,8,601.4272706843913,0.7454214172586445
2024-06-27 00:00:00+00:00,Swarm_A,1.244095650357639e-12,0.7375901729522896,480.023962378125,2880,-828.9280381798744,6,828.9280381798744,1.027390580946442
2024-06-28 00:00:00+00:00,Swarm_A,1.80640115109375e-12,1.0709656746034237,479.96632663124996,2880,-968.6381266191603,4,968.6381266191603,1.2005501585147058
2024-06-29 00:00:00+00:00,Swarm_A,1.4243718858124998e-12,0.8444710061503751,480.2415475635417,2880,-456.75821043737227,8,456.75821043737227,0.5661155873116689
2024-06-30 00:00:00+00:00,Swarm_A,1.393185771192029e-12,0.8259816145428966,480.0421058634059,2760,-981.2880635882417,6,981.2880635882417,1.2162287524251465
2024-07-01 00:00:00+00:00,Swarm_A,1.3469852824409725e-12,0.7985906125097523,479.76486093923614,2880,-726.9143463261427,4,726.9143463261427,0.9009526981499696
2024-07-02 00:00:00+00:00,Swarm_A,1.2346345784751774e-12,0.7319809630462082,479.8351239553191,2820,-445.36316573806107,8,445.36316573806107,0.5519923328742365
2024-07-03 00:00:00+00:00,Swarm_A,1.178021062079861e-12,0.6984163626576009,479.6579596114584,2880,-551.4894859883934,8,551.4894859883934,0.6835274924944946
2024-07-04 00:00:00+00:00,Swarm_A,1.2651652992430557e-12,0.7500817896225762,479.62608157361115,2880,-593.3830318391323,5,593.3830318391323,0.7354512210053611
2024-07-05 00:00:00+00:00,Swarm_A,1.2472604802395833e-12,0.7394665137459552,479.89351428333333,2880,-197.47435048222545,3,197.47435048222545,0.24475380047396825
2024-07-06 00:00:00+00:00,Swarm_A,1.085016359246528e-12,0.6432764264087327,479.5336630524306,2880,-434.51447814144194,8,434.51447814144194,0.538546244747129
2024-07-07 00:00:00+00:00,Swarm_A,1.1297095479618055e-12,0.6697737916111706,479.5008269538195,2880,-793.829685571293,6,793.829685571293,0.9838889556956278
2024-07-08 00:00:00+00:00,Swarm_A,1.1751035617881945e-12,0.6966866567912552,479.68629127187495,2880,-464.8658892661333,4,464.8658892661333,0.5761644123946015
2024-07-09 00:00:00+00:00,Swarm_A,1.093521810222222e-12,0.6483190749015524,479.4486461861112,2880,-497.64341655746097,8,497.64341655746097,0.6167895586736052
2024-07-10 00:00:00+00:00,Swarm_A,1.1309716503680557e-12,0.6705220574955839,479.3713623239584,2880,-516.3790943436325,8,516.3790943436325,0.6400109458128627
2024-07-11 00:00:00+00:00,Swarm_A,1.1770276031041666e-12,0.6978273680915538,479.46624203090283,2880,-449.2110308036209,8,449.2110308036209,0.556761456541219
2024-07-12 00:00:00+00:00,Swarm_A,1.1955447592881945e-12,0.7088056818799152,479.3821408739584,2880,-610.1362596064806,5,610.1362596064806,0.7562155185267934
2024-07-13 00:00:00+00:00,Swarm_A,1.2509817879652778e-12,0.7416727749833565,479.2198964684028,2880,-455.2519714925438,8,455.2519714925438,0.5642487235631952
2024-07-14 00:00:00+00:00,Swarm_A,1.406250141767361e-12,0.8337271213690011,479.2327807746528,2880,-485.49547552689904,8,485.49547552689904,0.6017331489277161
2024-07-15 00:00:00+00:00,Swarm_A,1.4116272162569446e-12,0.8369150412862592,479.29808063506954,2880,-632.0483337081969,8,632.0483337081969,0.7833737970554522
2024-07-16 00:00:00+00:00,Swarm_A,1.711726067423611e-12,1.0148354153918786,479.028098,2880,-768.3605592343956,8,768.3605592343956,0.9523219929458586
2024-07-17 00:00:00+00:00,Swarm_A,1.7059959287986114e-12,1.0114381734368576,478.9754312972222,2880,-615.1094134543091,8,615.1094134543091,0.7623793484197663
2024-07-18 00:00:00+00:00,Swarm_A,1.6215462845486113e-12,0.961370296670139,479.1569705517361,2880,-681.2459016423672,8,681.2459016423672,0.8443502818321333
2024-07-19 00:00:00+00:00,Swarm_A,1.6434996456770832e-12,0.9743858420801553,478.80599032847215,2880,-550.2634281720966,8,550.2634281720966,0.6820078910403985
2024-07-20 00:00:00+00:00,Swarm_A,1.6538746351284721e-12,0.980536888634838,478.73226353819445,2880,-671.2832056172192,8,671.2832056172192,0.8320023100111482
2024-07-21 00:00:00+00:00,Swarm_A,1.5352691342604169e-12,0.9102189417203758,478.9949539111111,2880,-653.4639486819506,8,653.4639486819506,0.8099167538572533
2024-07-22 00:00:00+00:00,Swarm_A,1.7151513459618054e-12,1.0168661690470902,478.58910611145836,2880,-1098.3840428069234,6,1098.3840428069234,1.361359934596437
2024-07-23 00:00:00+00:00,Swarm_A,1.367244950326389e-12,0.8106020136711216,478.5218375326389,2880,-738.0653310120105,4,738.0653310120105,0.9147734595512779
2024-07-24 00:00:00+00:00,Swarm_A,1.2732604341770832e-12,0.7548811729934167,478.8223508652778,2880,-956.3116060197353,5,956.3116060197353,1.1852724135520685
2024-07-25 00:00:00+00:00,Swarm_A,1.1993725367048613e-12,0.711075066075552,478.41114268854164,2880,-239.68433838337666,4,239.68433838337666,0.2970697338169006
2024-07-26 00:00:00+00:00,Swarm_A,1.5007447210729166e-12,0.8897503644958479,478.363415909375,2880,-510.7477720826864,8,510.7477720826864,0.6330313683553627
2024-07-27 00:00:00+00:00,Swarm_A,1.2672702959305556e-12,0.7513297843972149,478.6494164715278,2880,-630.7469571065158,8,630.7469571065158,0.7817608439385966
2024-07-28 00:00:00+00:00,Swarm_A,1.1513989691770834e-12,0.6826328542891994,478.2546075444445,2880,-641.0442450344564,6,641.0442450344564,0.794523515894644
2024-07-29 00:00:00+00:00,Swarm_A,1.1678054585868057e-12,0.6923598116640429,478.2161952875,2880,-607.0094319321215,4,607.0094319321215,0.7523400635380431
2024-07-30 00:00:00+00:00,Swarm_A,1.4179923777951389e-12,0.8406887709014028,478.46807060104175,2880,-533.3594596423209,8,533.3594596423209,0.6610567622955676
2024-07-31 00:00:00+00:00,Swarm_A,1.30242520684375e-12,0.7721721664223682,478.1208243427084,2880,-554.7781465444714,8,554.7781465444714,0.6876035265090557
2024-08-01 00:00:00+00:00,Swarm_A,1.5564301822673612e-12,0.9227647464218125,478.05410500277776,2880,-637.914733953774,8,637.914733953774,0.7906447350365124
2024-08-02 00:00:00+00:00,Swarm_A,1.3846623865694445e-12,0.8209283336829373,478.24280491493056,2880,-510.87717883661395,8,510.87717883661395,0.6331917577667135
2024-08-03 00:00:00+00:00,Swarm_A,1.4605822230104169e-12,0.8659391214587073,477.9789455371528,2880,-610.7575589455664,8,610.7575589455664,0.756985569797259
2024-08-04 00:00:00+00:00,Swarm_A,1.92876887040625e-12,1.143514137597839,477.8750069340278,2880,-888.3840356506407,8,888.3840356506407,1.1010815757840249
2024-08-05 00:00:00+00:00,Swarm_A,1.5553151190381944e-12,0.922103656030718,477.9816025951389,2880,-679.2379381135106,8,679.2379381135106,0.8418615702414854
2024-08-06 00:00:00+00:00,Swarm_A,1.4080547612256945e-12,0.8347970307268568,477.8155677371528,2880,-657.4771154243499,8,657.4771154243499,0.8148907558465718
2024-08-07 00:00:00+00:00,Swarm_A,1.5666393153298609e-12,0.9288174612746435,477.6838339739583,2880,-718.1642365194857,8,718.1642365194857,0.8901076308057091
2024-08-08 00:00:00+00:00,Swarm_A,1.806580962607639e-12,1.0710722799159575,477.7343955399306,2880,-847.7915033791214,8,847.7915033791214,1.0507703504524555
2024-08-09 00:00:00+00:00,Swarm_A,1.9318074033333336e-12,1.1453156003925724,477.64872821145843,2880,-1211.7785251066089,6,1211.7785251066089,1.5019034048134678
2024-08-10 00:00:00+00:00,Swarm_A,2.2630027633402777e-12,1.3416722412973878,477.4470808256945,2880,-940.6382480226457,4,940.6382480226457,1.1658465289923314
2024-08-11 00:00:00+00:00,Swarm_A,2.6619527133506946e-12,1.5781987194205929,477.4183018815972,2880,-1335.387031339109,8,1335.387031339109,1.6551063478662553
2024-08-12 00:00:00+00:00,Swarm_A,3.632445349618056e-12,2.153577173020675,477.36910856423606,2880,-1447.9282959196717,8,1447.9282959196717,1.7945923223686422
2024-08-13 00:00:00+00:00,Swarm_A,2.5315968632291666e-12,1.5009143128648423,477.06819173298607,2880,-1241.911423733458,8,1241.911423733458,1.5392507435448437
2024-08-14 00:00:00+00:00,Swarm_A,2.1657744862777778e-12,1.284028263783467,477.0177759972222,2880,-901.7206635996699,8,901.7206635996699,1.1176112687191386
2024-08-15 00:00:00+00:00,Swarm_A,1.9555116530937498e-12,1.159369199627859,477.0912341420139,2880,-908.0974739082158,8,908.0974739082158,1.1255148195048832
2024-08-16 00:00:00+00:00,Swarm_A,2.1261137172256944e-12,1.2605144821090937,476.792986578125,2880,-968.6633038818836,8,968.6633038818836,1.2005813637356473
2024-08-17 00:00:00+00:00,Swarm_A,2.0493042570381945e-12,1.2149762608253973,476.7321555680556,2880,-971.4188585858792,8,971.4188585858792,1.203996655314376
2024-08-18 00:00:00+00:00,Swarm_A,2.1128536653819444e-12,1.2526529612284634,476.8652524743055,2880,-898.847435856238,8,898.847435856238,1.1140501307378519
2024-08-19 00:00:00+00:00,Swarm_A,1.850613379861111e-12,1.0971778918503448,476.5285480013889,2880,-964.3414205275475,8,964.3414205275475,1.1952247319827343
2024-08-20 00:00:00+00:00,Swarm_A,1.9329760875347225e-12,1.1460084811867308,476.4540678954861,2880,-963.6520666778089,8,963.6520666778089,1.1943703325420836
2024-08-21 00:00:00+00:00,Swarm_A,1.7179889890694446e-12,1.0185485297803172,476.65319405729167,2880,-799.9729941766709,8,799.9729941766709,0.9915030996337085
2024-08-22 00:00:00+00:00,Swarm_A,1.693563426420139e-12,1.0040672839261264,476.2959313677083,2880,-741.2292061150074,8,741.2292061150074,0.9186948318904828
2024-08-23 00:00:00+00:00,Swarm_A,1.5343282647361113e-12,0.9096611259969959,476.22105529548605,2880,-790.0602783113718,8,790.0602783113718,0.9792170742581298
2024-08-24 00:00:00+00:00,Swarm_A,1.6225975135590276e-12,0.9619935415045554,476.4655713923611,2880,-796.5281608905643,8,796.5281608905643,0.987233501902586
2024-08-25 00:00:00+00:00,Swarm_A,1.462985246420139e-12,0.8673638080990599,476.0939128246528,2880,-809.984923146665,8,809.984923146665,1.0039120917863478
2024-08-26 00:00:00+00:00,Swarm_A,1.494409170951389e-12,0.8859941906771048,476.0168125201389,2880,-666.6082898005843,8,666.6082898005843,0.826208122511743
2024-08-27 00:00:00+00:00,Swarm_A,1.5681849624930557e-12,0.9297338330649446,476.2895177746528,2880,-738.0194058027118,8,738.0194058027118,0.9147165388955778
2024-08-28 00:00:00+00:00,Swarm_A,2.127607868368056e-12,1.2614003233217002,475.8838734430556,2880,-1059.3305446766317,8,1059.3305446766317,1.3129562200590785
2024-08-29 00:00:00+00:00,Swarm_A,1.6798428253958332e-12,0.9959327160738736,475.7867496694445,2880,-948.1691084057093,8,948.1691084057093,1.1751804333454416
2024-08-30 00:00:00+00:00,Swarm_A,1.902716420434028e-12,1.1280683548918888,476.06908636562497,2880,-900.8146750833839,8,900.8146750833839,1.1164883677853958
2024-08-31 00:00:00+00:00,Swarm_A,2.1311428325694443e-12,1.2634961065968306,475.63640865729167,2880,-1126.075791766867,8,1126.075791766867,1.395681661864644
2024-09-01 00:00:00+00:00,Swarm_A,1.9306009524305555e-12,1.1446003287574833,475.5367128045139,2880,-1096.7846472170204,8,1096.7846472170204,1.3593776105724098
2024-09-02 00:00:00+00:00,Swarm_A,1.862879277916667e-12,1.1044500062296627,475.82353184652777,2880,-1040.3292529881,8,1040.3292529881,1.289405625547306
2024-09-03 00:00:00+00:00,Swarm_A,1.9858479098263888e-12,1.177354733813852,475.386013821875,2880,-1035.4311903435737,8,1035.4311903435737,1.283334865247146
2024-09-04 00:00:00+00:00,Swarm_A,2.1528215097569445e-12,1.2763487994356075,475.2843866239584,2880,-1171.3675764594227,8,1171.3675764594227,1.4518172379872225
2024-09-05 00:00:00+00:00,Swarm_A,2.1706823492708334e-12,1.2869380010796574,475.5669869260416,2880,-1282.9484966434538,8,1282.9484966434538,1.5901129417519617
2024-09-06 00:00:00+00:00,Swarm_A,2.1396355928125e-12,1.2685312311025043,475.1119886510417,2880,-1640.8356886655092,5,1640.8356886655092,2.0336857408241085
2024-09-07 00:00:00+00:00,Swarm_A,2.2029731142361108e-12,1.3060823095648242,475.0028995805556,2880,-1292.6314793080091,8,1292.6314793080091,1.602114231039842
2024-09-08 00:00:00+00:00,Swarm_A,2.1388246756250002e-12,1.2680504605537077,475.2921768888889,2880,-1218.7039074655622,8,1218.7039074655622,1.510486867161616
2024-09-09 00:00:00+00:00,Swarm_A,2.2685340106597224e-12,1.3449515660549483,474.83392161666666,2880,-1569.585455296295,7,1569.585455296295,1.9453767257080317
2024-09-12 00:00:00+00:00,Swarm_A,2.726980293055556e-12,1.6167517870624495,474.5616399538194,2880,-1343.3901882682528,7,1343.3901882682528,1.6650256263417342
2024-09-13 00:00:00+00:00,Swarm_A,2.391557971701389e-12,1.417889096763229,474.4306413704861,2880,-1256.7924231551588,8,1256.7924231551588,1.5576945624733178
2024-09-14 00:00:00+00:00,Swarm_A,1.8486084502777776e-12,1.0959892241159124,474.71681642291674,2880,-993.819523634389,8,993.819523634389,1.23176050358317
2024-09-15 00:00:00+00:00,Swarm_A,1.716140659822695e-12,1.0174527060883118,474.00859124716305,2820,-1023.2995301429182,8,1023.2995301429182,1.2682986342990843
2024-09-16 00:00:00+00:00,Swarm_A,1.7268671790312498e-12,1.0238121649899965,474.2034230350695,2880,-942.9176447112113,8,942.9176447112113,1.1686716604635927
2024-09-17 00:00:00+00:00,Swarm_A,2.1644709017164176e-12,1.2832554042675646,474.43164882164183,2680,-1349.8043187782168,8,1349.8043187782168,1.6729754325581676
2024-09-18 00:00:00+00:00,Swarm_A,1.354333650361111e-12,0.802947258209441,474.0460664357639,2880,-803.6721485704184,8,803.6721485704184,0.996087908213652
2024-09-19 00:00:00+00:00,Swarm_A,1.5217443083437498e-12,0.9022004435573476,473.99454086597217,2880,-1160.1040924127612,7,1160.1040924127612,1.4378570425478332
2024-09-20 00:00:00+00:00,Swarm_A,1.2945976012500001e-12,0.7675313938563387,474.2821812833333,2880,-813.7775531448424,4,813.7775531448424,1.0086127559666767
2024-09-21 00:00:00+00:00,Swarm_A,1.2715511733368056e-12,0.7538677991435536,473.87379260590285,2880,-697.8559660892935,8,697.8559660892935,0.8649371397687475
2024-09-22 00:00:00+00:00,Swarm_A,1.2874357443680556e-12,0.7632853254333083,473.8370592350694,2880,-748.8839897550642,8,748.8839897550642,0.9281823292952585
2024-09-23 00:00:00+00:00,Swarm_A,1.4906953738611109e-12,0.8837923822893491,474.1118485451389,2880,-937.7009417228401,8,937.7009417228401,1.1622059707209509
2024-09-24 00:00:00+00:00,Swarm_A,1.7055347242604165e-12,1.0111647379216737,473.69844056249997,2880,-962.3470553793013,8,962.3470553793013,1.192752874506692
2024-09-25 00:00:00+00:00,Swarm_A,2.019300440868056e-12,1.1971878215266993,473.6471265187501,2880,-1130.5697857029736,8,1130.5697857029736,1.401251611037704
2024-09-26 00:00:00+00:00,Swarm_A,1.8528926794131945e-12,1.0985292260105022,473.8670027791666,2880,-1179.4556823335588,8,1179.4556823335588,1.4618418039447583
2024-09-27 00:00:00+00:00,Swarm_A,1.855973110555556e-12,1.1003555291073814,473.46552212048607,2880,-1108.126683216542,8,1108.126683216542,1.3734351649293002
2024-09-28 00:00:00+00:00,Swarm_A,1.9133227011458335e-12,1.1343565276882104,473.42613899479164,2880,-1151.3739685993642,8,1151.3739685993642,1.4270367462576092
2024-09-29 00:00:00+00:00,Swarm_A,2.1971581079513888e-12,1.3026347519031332,473.6046547850694,2880,-1353.39089300856,8,1353.39089300856,1.6774207069516007
2024-09-30 00:00:00+00:00,Swarm_A,2.2691954014583334e-12,1.345343686510796,473.21067145312503,2880,-1393.7589145489037,8,1393.7589145489037,1.727453669032433
2024-10-01 00:00:00+00:00,Swarm_A,2.326584657048611e-12,1.3793682013817126,473.1706267628472,2880,-1367.3142133764923,8,1367.3142133764923,1.6946775586234575
2024-10-02 00:00:00+00:00,Swarm_A,2.4607613354166665e-12,1.4589178721608105,473.2827022815973,2880,-1356.447031551972,8,1356.447031551972,1.6812085483671997
2024-10-03 00:00:00+00:00,Swarm_A,2.636512473958333e-12,1.5631158995683045,472.9107589729167,2880,-1328.40584076941,3,1328.40584076941,1.6464537156656969
2024-10-04 00:00:00+00:00,Swarm_A,2.8040219027430548e-12,1.6624276434144827,472.87855969548616,2880,-1113.245972280701,3,1113.245972280701,1.3797801178364397
2024-10-05 00:00:00+00:00,Swarm_A,2.709340346423611e-12,1.606293546746775,472.903250003125,2880,-1620.7913262806833,8,1620.7913262806833,2.0088423428851687
2024-10-06 00:00:00+00:00,Swarm_A,2.675848326597222e-12,1.586437047217043,472.5666064711806,2880,-1500.1360462270677,8,1500.1360462270677,1.8592996895316567
2024-10-07 00:00:00+00:00,Swarm_A,3.1478420141319445e-12,1.866269152988851,472.56444099097223,2880,-1934.3715079519898,8,1934.3715079519898,2.3975001155526012
2024-10-08 00:00:00+00:00,Swarm_A,3.100071434236111e-12,1.8379472869994715,472.48228110868047,2880,-1835.9032196439803,8,1835.9032196439803,2.2754564793502325
2024-10-09 00:00:00+00:00,Swarm_A,2.3518398159131945e-12,1.3943412920677147,472.1913162375,2880,-1173.9171216189861,8,1173.9171216189861,1.4549771970692973
2024-10-10 00:00:00+00:00,Swarm_A,2.666339014263889e-12,1.5807992368713644,472.2684672715278,2880,-1705.7926905192435,8,1705.7926905192435,2.114194794441819
2024-10-11 00:00:00+00:00,Swarm_A,3.48161747728125e-12,2.06415546624841,472.0700073350695,2880,-2004.546847941354,8,2004.546847941354,2.4844768855483363
2024-10-12 00:00:00+00:00,Swarm_A,1.7769966613993056e-12,1.0535325595265692,471.8412380045139,2880,-927.2868533022702,8,927.2868533022702,1.1492985338149317
2024-10-13 00:00:00+00:00,Swarm_A,1.669911612545139e-12,0.9900447724884556,471.9974923385417,2880,-939.5811171643435,8,939.5811171643435,1.1645362991091293
2024-10-14 00:00:00+00:00,Swarm_A,1.7307082668958333e-12,1.0260894405849628,471.7763761013889,2880,-953.6983982250094,8,953.6983982250094,1.1820335496812644
2024-10-15 00:00:00+00:00,Swarm_A,1.9650344479652778e-12,1.1650150034004711,471.6090038,2880,-949.6959635969251,8,949.6959635969251,1.177072849296733
2024-10-16 00:00:00+00:00,Swarm_A,2.001168968055556e-12,1.1864381688261156,471.7786110097222,2880,-1019.0021830014884,8,1019.0021830014884,1.2629724132366908
2024-10-17 00:00:00+00:00,Swarm_A,1.9270934616909725e-12,1.1425208337439818,471.4423840451389,2880,-1265.4927603125573,5,1265.4927603125573,1.568477940565096
2024-10-18 00:00:00+00:00,Swarm_A,2.0036844536666666e-12,1.187929531219694,471.3191497711806,2880,-1006.380502326414,8,1006.380502326414,1.2473288407623437
2024-10-19 00:00:00+00:00,Swarm_A,2.1519110063194442e-12,1.2758089869318452,471.57291242916665,2880,-1225.2365148160607,8,1225.2365148160607,1.5185835160283385
2024-10-20 00:00:00+00:00,Swarm_A,1.9002198149652778e-12,1.126588186016642,471.15284965763885,2880,-1207.7622026987374,4,1207.7622026987374,1.4969254916269965
2024-10-21 00:00:00+00:00,Swarm_A,1.843072140107639e-12,1.0927068977331007,471.0640605895833,2880,-600.7117035835981,4,600.7117035835981,0.7445345285716551
2024-10-22 00:00:00+00:00,Swarm_A,2.1780143978993054e-12,1.2912849715191206,471.3591802875,2880,-1072.5999021343887,8,1072.5999021343887,1.3294025365538678
2024-10-23 00:00:00+00:00,Swarm_A,2.213792199548611e-12,1.3124966483695122,470.88054572638885,2880,-1298.4589344281703,8,1298.4589344281703,1.609336899625752
2024-10-24 00:00:00+00:00,Swarm_A,2.3176291881944444e-12,1.3740587496372951,470.79528794444445,2880,-1242.833466393873,8,1242.833466393873,1.540393542317366
2024-10-25 00:00:00+00:00,Swarm_A,2.2152419506006944e-12,1.3133561659869368,471.0793898482639,2880,-1162.2115981597453,8,1162.2115981597453,1.4404691288255471
2024-10-26 00:00:00+00:00,Swarm_A,2.700895891805556e-12,1.6012870613206516,470.5890067506944,2880,-1842.0532826185226,3,1842.0532826185226,2.283078994793366
2024-10-27 00:00:00+00:00,Swarm_A,3.0503929919097225e-12,1.8084943017270065,470.4913691253472,2880,-713.1963081359862,3,713.1963081359862,0.8839502774614658
2024-10-28 00:00:00+00:00,Swarm_A,3.0858099932291666e-12,1.8294920699622308,470.69624056527783,2880,-1685.5728076547384,8,1685.5728076547384,2.0891338527846313
2024-10-29 00:00:00+00:00,Swarm_A,3.0596444261805558e-12,1.8139792232456367,470.21300937986103,2880,-1810.7552373688668,8,1810.7552373688668,2.244287549202821
2024-10-30 00:00:00+00:00,Swarm_A,3.206145546631945e-12,1.9008357175516661,470.1413256663194,2880,-1799.8089243676513,8,1799.8089243676513,2.2307204621270427
2024-10-31 00:00:00+00:00,Swarm_A,3.219999404444445e-12,1.9090492896970561,470.2312159201389,2880,-1727.4879514947534,8,1727.4879514947534,2.1410843502907877
2024-11-01 00:00:00+00:00,Swarm_A,3.3474842273611117e-12,1.9846315430044004,469.8172595996528,2880,-1739.8329888377339,8,1739.8329888377339,2.156385045288944
2024-11-02 00:00:00+00:00,Swarm_A,3.4818827983333334e-12,2.0643127678197466,469.79772598402786,2880,-2024.7493890356272,8,2024.7493890356272,2.509516333456281
2024-11-03 00:00:00+00:00,Swarm_A,3.4273564989583333e-12,2.0319856211289813,469.70845091180564,2880,-1878.2100966032597,8,1878.2100966032597,2.32789249899877
2024-11-04 00:00:00+00:00,Swarm_A,3.2762191512152776e-12,1.9423804348803961,469.39195734618056,2880,-1653.5635000858456,8,1653.5635000858456,2.0494608539425268
2024-11-05 00:00:00+00:00,Swarm_A,3.078964162118056e-12,1.8254333645469398,469.4691535430556,2880,-1730.9200806438923,5,1730.9200806438923,2.145338202251399
2024-11-06 00:00:00+00:00,Swarm_A,3.212563303125e-12,1.9046406292723344,469.20448056145835,2880,-1808.4093326851726,8,1808.4093326851726,2.2413799863447497
2024-11-07 00:00:00+00:00,Swarm_A,2.8814692038541667e-12,1.7083440230793514,468.9904726982639,2880,-1565.297587769106,8,1565.297587769106,1.9400622538758892
2024-11-08 00:00:00+00:00,Swarm_A,2.8816995617708333e-12,1.7084805959670921,469.1806159184028,2880,-1774.0523947980255,8,1774.0523947980255,2.1987972858573555
2024-11-09 00:00:00+00:00,Swarm_A,3.5470994485416666e-12,2.1029779301749927,468.7461985684028,2880,-2346.136946098879,8,2346.136946098879,2.9078507289065674
2024-11-10 00:00:00+00:00,Swarm_A,2.9265837927430552e-12,1.7350912248814483,468.5842775659722,2880,-1745.0110928434879,8,1745.0110928434879,2.16280289465299
2024-11-11 00:00:00+00:00,Swarm_A,2.3688457353854165e-12,1.4044236350781762,468.8512500045139,2880,-1284.063793014735,8,1284.063793014735,1.5914952631767911
2024-11-12 00:00:00+00:00,Swarm_A,2.065121425142361e-12,1.2243538257692295,468.3746238621528,2880,-1044.2463596779853,8,1044.2463596779853,1.2942605687177495
2024-11-13 00:00:00+00:00,Swarm_A,1.9504194535729168e-12,1.1563501742625673,468.30439840104157,2880,-1010.9463844038546,8,1010.9463844038546,1.2529878895868651
2024-11-14 00:00:00+00:00,Swarm_A,1.9724234171354165e-12,1.1693957204671814,468.5812512770833,2880,-1086.6656927727163,8,1086.6656927727163,1.3468359688299838
2024-11-15 00:00:00+00:00,Swarm_A,2.0532739770243057e-12,1.2173297988755354,468.131584221875,2880,-1082.8435226362199,8,1082.8435226362199,1.3420986919903275
2024-11-16 00:00:00+00:00,Swarm_A,1.7464980891597225e-12,1.0354507929304677,468.11732366076393,2880,-1002.4207826387137,8,1002.4207826387137,1.2424210821597224
2024-11-17 00:00:00+00:00,Swarm_A,1.5594859578854166e-12,0.9245764319348813,468.26133606666656,2880,-796.5930689070374,8,796.5930689070374,0.9873139502427082
2024-11-18 00:00:00+00:00,Swarm_A,1.6468873866145833e-12,0.9763943407219517,467.9327455427084,2880,-878.9791160263121,4,878.9791160263121,1.089424923588003
2024-11-19 00:00:00+00:00,Swarm_A,1.886834298888889e-12,1.1186522808352348,468.0241534930556,2880,-1270.9691209942102,4,1270.9691209942102,1.575265455431344
2024-11-20 00:00:00+00:00,Swarm_A,1.9986219162569438e-12,1.1849280917061475,467.9159214291667,2880,-1065.6303954087198,8,1065.6303954087198,1.3207643855516196
2024-11-21 00:00:00+00:00,Swarm_A,1.9517074763472225e-12,1.1571138076219425,467.69597731805555,2880,-1081.045782547444,8,1081.045782547444,1.3398705356858869
2024-11-22 00:00:00+00:00,Swarm_A,2.200149808079861e-12,1.3044084488166678,467.9007810159722,2880,-1248.0976538006216,8,1248.0976538006216,1.5469180852317375
2024-11-23 00:00:00+00:00,Swarm_A,2.3366496510416667e-12,1.3853354601354648,467.5496118802083,2880,-1297.0488243903967,8,1297.0488243903967,1.6075891800358975
2024-11-24 00:00:00+00:00,Swarm_A,2.2884347092118057e-12,1.356750144148749,467.40567418125,2880,-1334.8856659997255,8,1334.8856659997255,1.654484945279335
2024-11-25 00:00:00+00:00,Swarm_A,2.6294723000347224e-12,1.5589419736322745,467.6852250677083,2880,-1431.033444315195,8,1431.033444315195,1.7736524933298752
2024-11-26 00:00:00+00:00,Swarm_A,2.480355267715278e-12,1.470534576960633,467.19529281388884,2880,-1319.968098046258,8,1319.968098046258,1.6359958025551085
2024-11-27 00:00:00+00:00,Swarm_A,2.4650009414583333e-12,1.4614314182475792,467.10584464756954,2880,-1462.2475283388048,8,1462.2475283388048,1.8123398756376847
2024-11-28 00:00:00+00:00,Swarm_A,2.552220540208333e-12,1.5131415250294395,467.3433412732639,2880,-1353.4379436727613,8,1353.4379436727613,1.6774790225194198
2024-11-29 00:00:00+00:00,Swarm_A,2.6110264911188813e-12,1.5480059596814426,466.88109937902095,2860,-1584.458794368431,8,1584.458794368431,1.9638110502405783
2024-11-30 00:00:00+00:00,Swarm_A,2.5750466993971628e-12,1.5266745284597512,466.9704617914894,2820,-1518.9200013913214,4,1518.9200013913214,1.8825809126533275
2024-04-01 00:00:00+00:00,Swarm_B,7.606853110451388e-13,0.7790644438752891,519.5093482430556,2880,-453.63652510941023,8,453.63652510941023,0.5622465058535617
2024-04-02 00:00:00+00:00,Swarm_B,6.466396750625e-13,0.6622633190433336,519.4782191256945,2880,-325.55707833729684,8,325.55707833729684,0.40350218648485625
2024-04-03 00:00:00+00:00,Swarm_B,5.561133453576389e-13,0.5695497570965541,519.4706881847222,2880,-316.95004930719733,8,316.95004930719733,0.3928344564188382
2024-04-04 00:00:00+00:00,Swarm_B,5.801223880892363e-13,0.594138889096449,519.4155508475694,2880,-381.06990537419915,8,381.06990537419915,0.47230593420782374
2024-04-05 00:00:00+00:00,Swarm_B,6.36263537826389e-13,0.6516364810223417,519.6335241684028,2880,-162.71722877584406,8,162.71722877584406,0.20167510387160212
2024-04-06 00:00:00+00:00,Swarm_B,6.456777284791666e-13,0.661278130596678,519.4934567371528,2880,-465.1027744729072,8,465.1027744729072,0.5764580128267203
2024-04-07 00:00:00+00:00,Swarm_B,5.881817124722223e-13,0.6023929370940564,519.3142964291667,2880,-254.5502880699933,8,254.5502880699933,0.315494899791971
2024-04-08 00:00:00+00:00,Swarm_B,6.214554207777778e-13,0.6364705808717709,519.3774627604166,2880,-558.2196686826646,8,558.2196686826646,0.6918690203348673
2024-04-09 00:00:00+00:00,Swarm_B,6.533851687604166e-13,0.669171792521297,519.2721970322917,2880,-156.62002468481654,8,156.62002468481654,0.19411810282361674
2024-04-10 00:00:00+00:00,Swarm_B,6.594243474513889e-13,0.6753568855157727,519.4285514468751,2880,-531.3804369289428,8,531.3804369289428,0.6586039205511043
2024-04-11 00:00:00+00:00,Swarm_B,6.707762453993056e-13,0.6869830598789555,519.4811165229168,2880,-388.6552808620035,8,388.6552808620035,0.48170740571097626
2024-04-12 00:00:00+00:00,Swarm_B,7.0339363371875e-13,0.7203885261378463,519.2051076298611,2880,-414.72623804211617,8,414.72623804211617,0.5140202900741584
2024-04-13 00:00:00+00:00,Swarm_B,7.752943298784722e-13,0.7940264353423219,519.2213762850695,2880,-518.8237780686468,8,518.8237780686468,0.6430409374608563
2024-04-14 00:00:00+00:00,Swarm_B,8.975708908402779e-13,0.919257354858578,519.1558330309027,2880,-453.2949293367565,8,453.2949293367565,0.5618231249771154
2024-04-15 00:00:00+00:00,Swarm_B,1.0452244779652777e-12,1.070478442040717,519.1636767489583,2880,-615.7064726185054,8,615.7064726185054,0.7631193559153625
2024-04-16 00:00:00+00:00,Swarm_B,1.4809136608090278e-12,1.5166944343914668,519.3397053201389,2880,-745.5179280061275,8,745.5179280061275,0.9240103626389788
2024-04-17 00:00:00+00:00,Swarm_B,1.2788169228055557e-12,1.309714779972529,519.0869418472222,2880,-2343.323755895098,3,2343.323755895098,2.904364002695542
2024-04-18 00:00:00+00:00,Swarm_B,1.1928140735659721e-12,1.2216339915812429,518.9663401659722,2880,-544.146089756063,7,544.146089756063,0.6744259350929379
2024-04-19 00:00:00+00:00,Swarm_B,1.7349048600347225e-12,1.7768223867797068,518.9584888194445,2880,-1059.0981761086732,8,1059.0981761086732,1.3126682176426652
2024-04-20 00:00:00+00:00,Swarm_B,1.4974042979722222e-12,1.5335835065007228,518.8197906815973,2880,-841.411890136078,8,841.411890136078,1.0428633256516346
2024-04-21 00:00:00+00:00,Swarm_B,1.5171651153819444e-12,1.5538217706058552,519.0054887180555,2880,-831.3535382840782,8,831.3535382840782,1.0303967960174334
2024-04-22 00:00:00+00:00,Swarm_B,1.3695985487743057e-12,1.4026898064683961,518.9007271340278,2880,-793.8623648304492,8,793.8623648304492,0.9839294590463447
2024-04-23 00:00:00+00:00,Swarm_B,1.330294376607639e-12,1.3624359950875349,518.6499849243056,2880,-798.6545364093035,8,798.6545364093035,0.9898689757662819
2024-04-24 00:00:00+00:00,Swarm_B,1.242058568607639e-12,1.2720682967880106,518.685476323264,2880,-792.7994095031172,8,792.7994095031172,0.9826120101955786
2024-04-25 00:00:00+00:00,Swarm_B,1.1424567749756944e-12,1.1700599960647597,518.5600171375,2880,-856.4624158125371,8,856.4624158125371,1.0615172589318251
2024-04-26 00:00:00+00:00,Swarm_B,1.3210576968958334e-12,1.3529761453461941,518.667330171875,2880,-714.5270519964397,8,714.5270519964397,0.8855996289671577
2024-04-27 00:00:00+00:00,Swarm_B,1.0821295080243057e-12,1.108275144963289,518.73184813125,2880,-699.8042204622179,8,699.8042204622179,0.8673518465947169
2024-04-28 00:00:00+00:00,Swarm_B,7.774647196875002e-13,0.79624926455305,518.442018145486,2880,-470.14759933017194,8,470.14759933017194,0.5827106732533828
2024-04-29 00:00:00+00:00,Swarm_B,6.228187993541667e-13,0.6378669004233428,518.4497604392361,2880,-411.86182747781277,8,411.86182747781277,0.5104700802873227
2024-04-30 00:00:00+00:00,Swarm_B,5.487911528784723e-13,0.5620506510550661,518.4022223576388,2880,-420.7786047756672,8,420.7786047756672,0.5215217187725258
2024-05-01 00:00:00+00:00,Swarm_B,6.070069082222222e-13,0.6216729737200652,518.4184335631944,2880,-342.4010745342821,8,342.4010745342821,0.42437898427815895
2024-05-02 00:00:00+00:00,Swarm_B,7.076766270243057e-13,0.724775002055371,518.6282655645833,2880,-454.34581330604857,8,454.34581330604857,0.5631256123366803
2024-05-03 00:00:00+00:00,Swarm_B,6.104648712118056e-13,0.6252144855309345,518.3963760774305,2880,-467.89185115508735,8,467.89185115508735,0.5799148522395855
2024-05-04 00:00:00+00:00,Swarm_B,4.763373121145833e-13,0.48784623256328014,518.3012042451389,2880,-252.41005045920613,8,252.41005045920613,0.31284224496425134
2024-05-05 00:00:00+00:00,Swarm_B,5.569784872083335e-13,0.570435801884061,518.3172970743055,2880,-274.7129275202751,8,274.7129275202751,0.34048489277582955
2024-05-06 00:00:00+00:00,Swarm_B,7.217876314930555e-13,0.7392269464919792,518.2361424545139,2880,-445.4692062065005,8,445.4692062065005,0.552123761627344
2024-05-07 00:00:00+00:00,Swarm_B,6.226072133125e-13,0.6376502021915125,518.467475715625,2880,-539.8149796016514,8,539.8149796016514,0.6690578674528874
2024-05-08 00:00:00+00:00,Swarm_B,6.772500754965278e-13,0.6936133060151743,518.3643180611112,2880,-377.52572186663747,8,377.52572186663747,0.4679131997542879
2024-05-09 00:00:00+00:00,Swarm_B,7.332646718229166e-13,0.7509812868375718,518.1561010958333,2880,-489.7024268656969,8,489.7024268656969,0.6069473315598677
2024-05-10 00:00:00+00:00,Swarm_B,1.2124498646631945e-12,1.2417442085777968,518.2059104604166,2880,-873.1958687752485,8,873.1958687752485,1.0822570471507749
2024-05-11 00:00:00+00:00,Swarm_B,2.8159931906562496e-12,2.8840311981586697,518.0178694840278,2880,-1770.6444684471937,8,1770.6444684471937,2.1945734313463032
2024-05-12 00:00:00+00:00,Swarm_B,8.63988457875e-13,0.8848635272373674,518.1434679986111,2880,-550.2850581798702,8,550.2850581798702,0.6820346997200775
2024-05-13 00:00:00+00:00,Swarm_B,8.768659690347224e-13,0.8980521755844256,518.1796265090278,2880,-592.1720180790871,8,592.1720180790871,0.7339502654662061
2024-05-14 00:00:00+00:00,Swarm_B,8.649969089166666e-13,0.8858963437497199,517.89700870625,2880,-562.4213870521635,8,562.4213870521635,0.6970767171164739
2024-05-15 00:00:00+00:00,Swarm_B,9.87462777486111e-13,1.0113211447882364,517.9222125652777,2880,-770.3542459979653,8,770.3542459979653,0.9547930096178808
2024-05-16 00:00:00+00:00,Swarm_B,1.2635501881874999e-12,1.2940791814637764,517.8231381656251,2880,-786.5940873939544,8,786.5940873939544,0.9749210054363583
2024-05-17 00:00:00+00:00,Swarm_B,1.2348155685381944e-12,1.2646502965464421,517.8749709222222,2880,-882.9574231281875,8,882.9574231281875,1.094355719816773
2024-05-18 00:00:00+00:00,Swarm_B,1.340396208496528e-12,1.37278190019227,518.010085367014,2880,-879.7064125295728,8,879.7064125295728,1.0903263499393736
2024-05-19 00:00:00+00:00,Swarm_B,1.0617258336909722e-12,1.0873784916866918,517.7140397065972,2880,-741.2870316114277,8,741.2870316114277,0.9187665020085443
2024-05-20 00:00:00+00:00,Swarm_B,9.393136457187499e-13,0.9620086682374813,517.6589748774306,2880,-1096.5932232961059,4,1096.5932232961059,1.3591403557996709
2024-05-29 00:00:00+00:00,Swarm_B,4.679494558437499e-13,0.4792557149260138,517.5584275368057,2880,41.570173526803615,3,-41.570173526803615,-0.051522934154242604
2024-05-30 00:00:00+00:00,Swarm_B,5.16013404107639e-13,0.5284809498305897,517.3544395763889,2880,-367.89113478176296,8,367.89113478176296,0.4559718929503306
2024-05-31 00:00:00+00:00,Swarm_B,5.737667517881945e-13,0.5876296924701309,517.4129305017361,2880,-369.69221468083555,8,369.69221468083555,0.4582041886848339
2024-06-01 00:00:00+00:00,Swarm_B,5.256052276180556e-13,0.5383045241002515,517.3075853965278,2880,-448.4617493264377,8,448.4617493264377,0.5558327815577718
2024-06-02 00:00:00+00:00,Swarm_B,5.170708321215278e-13,0.5295639266616351,517.4998756538195,2880,-340.4554078280925,8,340.4554078280925,0.4219674846599418
2024-06-03 00:00:00+00:00,Swarm_B,6.135060879444444e-13,0.6283291819607396,517.5133521986111,2880,-567.113364521414,8,567.113364521414,0.7028920511815462
2024-06-04 00:00:00+00:00,Swarm_B,7.012971399166667e-13,0.7182413783563756,517.2412716677084,2880,-505.3185973707586,8,505.3185973707586,0.6263023367574028
2024-06-05 00:00:00+00:00,Swarm_B,6.854250866909723e-13,0.7019858359659942,517.2853462986111,2880,-520.788618599996,8,520.788618599996,0.6454762015151432
2024-06-06 00:00:00+00:00,Swarm_B,7.214880983472224e-13,0.7389201762411377,517.1872312524305,2880,-643.3439203053713,8,643.3439203053713,0.7973737810609197
2024-06-07 00:00:00+00:00,Swarm_B,7.7207689625e-13,0.7907312643904503,517.3050705704861,2880,-549.2913788259029,8,549.2913788259029,0.6808031129456832
2024-06-08 00:00:00+00:00,Swarm_B,7.8165252684375e-13,0.8005382545018084,517.4195896336805,2880,-748.3963375557214,8,748.3963375557214,0.9275779230581589
2024-06-09 00:00:00+00:00,Swarm_B,6.81923543875e-13,0.6983996913842316,517.1281088989583,2880,-535.0867018159479,8,535.0867018159479,0.6631975420236781
2024-06-10 00:00:00+00:00,Swarm_B,6.433209883506946e-13,0.6588644486037601,517.1265257690972,2880,-530.3455568160862,8,530.3455568160862,0.6573212687027095
2024-06-11 00:00:00+00:00,Swarm_B,6.786088633784723e-13,0.6950049239552357,517.0606104829861,2880,-502.64737943187356,8,502.64737943187356,0.6229915739123051
2024-06-12 00:00:00+00:00,Swarm_B,5.588636977083333e-13,0.5723665614878614,517.1043379708333,2880,-458.57293304242194,8,458.57293304242194,0.5683647920985554
2024-06-13 00:00:00+00:00,Swarm_B,5.100983970138889e-13,0.5224230285783975,517.3063655458334,2880,-366.98437730968,8,366.98437730968,0.4548480389568447
2024-06-14 00:00:00+00:00,Swarm_B,5.209569019861111e-13,0.5335438889587282,517.0504751965278,2880,-469.2478431239724,8,469.2478431239724,0.5815954967738571
2024-06-15 00:00:00+00:00,Swarm_B,5.905144671944445e-13,0.6047820541625437,516.9997157524306,2880,-429.72193711064756,8,429.72193711064756,0.5326062701208043
2024-06-16 00:00:00+00:00,Swarm_B,5.607038671527778e-13,0.5742511917864308,516.9833606496528,2880,-435.0890424195677,8,435.0890424195677,0.53925837161497
2024-06-17 00:00:00+00:00,Swarm_B,4.992336196770833e-13,0.5112957442851098,516.9517805163194,2880,-360.96343473158777,8,360.96343473158777,0.4473855580076733
2024-06-18 00:00:00+00:00,Swarm_B,5.094300195590279e-13,0.5217385022669131,517.1906104916667,2880,-632.9570255249739,5,632.9570255249739,0.7845000485158199
2024-06-19 00:00:00+00:00,Swarm_B,4.998591419131945e-13,0.5119363799407899,516.9914815291665,2880,-41.48916250467299,4,41.48916250467299,0.05142252741535053
2024-06-20 00:00:00+00:00,Swarm_B,4.844450845694445e-13,0.4961498992003226,516.870041946875,2880,-349.1767495088279,8,349.1767495088279,0.4327768961930318
2024-06-21 00:00:00+00:00,Swarm_B,4.579812969895834e-13,0.4690467125679796,516.9029877510417,2880,-472.45081604644656,8,472.45081604644656,0.5855653277603949
2024-06-22 00:00:00+00:00,Swarm_B,4.4312297792361124e-13,0.45382939745491535,516.8341009347222,2880,-542.4203319847584,5,542.4203319847584,0.6722869951638137
2024-06-23 00:00:00+00:00,Swarm_B,4.939099141666668e-13,0.5058434112209548,517.0795561746528,2880,-385.07856749370694,4,385.07856749370694,0.47727435307422167
2024-06-24 00:00:00+00:00,Swarm_B,5.028233995590277e-13,0.5149722578535383,516.952354151736,2880,-372.528349686414,8,372.528349686414,0.4617193531584857
2024-06-25 00:00:00+00:00,Swarm_B,5.863860476423611e-13,0.6005538866986437,516.7578151229167,2880,-487.2513331286609,8,487.2513331286609,0.6039093952101973
2024-06-26 00:00:00+00:00,Swarm_B,6.513510032256945e-13,0.667088478938074,516.8074273361111,2880,-601.4272706843913,8,601.4272706843913,0.7454214172586445
2024-06-27 00:00:00+00:00,Swarm_B,6.482200293923611e-13,0.663881856760892,516.7065527204861,2880,-828.9280381798744,6,828.9280381798744,1.027390580946442
2024-06-28 00:00:00+00:00,Swarm_B,9.221292038715278e-13,0.9444090282331025,516.9195778173612,2880,-968.6381266191603,4,968.6381266191603,1.2005501585147058
2024-06-29 00:00:00+00:00,Swarm_B,7.448834227847223e-13,0.7628807617257459,516.8721600611112,2880,-456.75821043737227,8,456.75821043737227,0.5661155873116689
2024-06-30 00:00:00+00:00,Swarm_B,7.312220428159722e-13,0.7488893052937816,516.6205230083333,2880,-981.2880635882417,6,981.2880635882417,1.2162287524251465
2024-07-01 00:00:00+00:00,Swarm_B,6.892949247326388e-13,0.7059491742585086,516.667394003125,2880,-726.9143463261427,4,726.9143463261427,0.9009526981499696
2024-07-02 00:00:00+00:00,Swarm_B,6.323812887916668e-13,0.6476604318712601,516.5544198194444,2880,-445.36316573806107,8,445.36316573806107,0.5519923328742365
2024-07-03 00:00:00+00:00,Swarm_B,6.101613272534723e-13,0.6249036075612182,516.7303055520833,2880,-551.4894859883934,8,551.4894859883934,0.6835274924944946
2024-07-04 00:00:00+00:00,Swarm_B,6.432420348298611e-13,0.6587835874645914,516.7764916013889,2880,-593.3830318391323,5,593.3830318391323,0.7354512210053611
2024-07-05 00:00:00+00:00,Swarm_B,6.569090802916666e-13,0.6727808462751903,516.4964022135417,2880,-197.47435048222545,3,197.47435048222545,0.24475380047396825
2024-07-06 00:00:00+00:00,Swarm_B,5.746223392847222e-13,0.588505952058019,516.5427851010418,2880,-434.51447814144194,8,434.51447814144194,0.538546244747129
2024-07-07 00:00:00+00:00,Swarm_B,5.812631169652778e-13,0.595307179445325,516.45200735,2880,-793.829685571293,6,793.829685571293,0.9838889556956278
2024-07-08 00:00:00+00:00,Swarm_B,6.095559709236111e-13,0.6242836250459496,516.5694770368056,2880,-464.8658892661333,4,464.8658892661333,0.5761644123946015
2024-07-09 00:00:00+00:00,Swarm_B,5.775887991423611e-13,0.5915440853908351,516.6833449739584,2880,-497.64341655746097,8,497.64341655746097,0.6167895586736052
2024-07-10 00:00:00+00:00,Swarm_B,5.976020672986111e-13,0.6120408997763449,516.394255507986,2880,-516.3790943436325,8,516.3790943436325,0.6400109458128627
2024-07-11 00:00:00+00:00,Swarm_B,6.235149467152779e-13,0.6385798675976323,516.4112807982639,2880,-449.2110308036209,8,449.2110308036209,0.556761456541219
2024-07-12 00:00:00+00:00,Swarm_B,6.412938466006945e-13,0.6567883285089073,516.3450295236112,2880,-610.1362596064806,5,610.1362596064806,0.7562155185267934
2024-07-13 00:00:00+00:00,Swarm_B,6.656264569201389e-13,0.681708845904605,516.4146682565973,2880,-455.2519714925438,8,455.2519714925438,0.5642487235631952
2024-07-14 00:00:00+00:00,Swarm_B,7.5689435453125e-13,0.7751818929894433,516.583578240625,2880,-485.49547552689904,8,485.49547552689904,0.6017331489277161
2024-07-15 00:00:00+00:00,Swarm_B,7.867290236631944e-13,0.8057374059959279,516.2906921809029,2880,-632.0483337081969,8,632.0483337081969,0.7833737970554522
2024-07-16 00:00:00+00:00,Swarm_B,9.568366561979166e-13,0.9799550571262274,516.2524372684028,2880,-768.3605592343956,8,768.3605592343956,0.9523219929458586
2024-07-17 00:00:00+00:00,Swarm_B,9.363609743402778e-13,0.9589846565311749,516.1984015600696,2880,-615.1094134543091,8,615.1094134543091,0.7623793484197663
2024-07-18 00:00:00+00:00,Swarm_B,9.111565937152778e-13,0.9331713057411376,516.2094628888888,2880,-681.2459016423672,8,681.2459016423672,0.8443502818321333
2024-07-19 00:00:00+00:00,Swarm_B,9.161528828576388e-13,0.9382883116378147,516.4124371420139,2880,-550.2634281720966,8,550.2634281720966,0.6820078910403985
2024-07-20 00:00:00+00:00,Swarm_B,9.3315535703125e-13,0.955701587396182,516.1408490593749,2880,-671.2832056172192,8,671.2832056172192,0.8320023100111482
2024-07-21 00:00:00+00:00,Swarm_B,8.880246867708333e-13,0.9094805022540973,516.0662176208333,2880,-653.4639486819506,8,653.4639486819506,0.8099167538572533
2024-07-22 00:00:00+00:00,Swarm_B,9.620859979826389e-13,0.9853312297416906,516.0356334677084,2880,-1098.3840428069234,6,1098.3840428069234,1.361359934596437
2024-07-23 00:00:00+00:00,Swarm_B,7.689052366180555e-13,0.7874829733935758,516.0011320204861,2880,-738.0653310120105,4,738.0653310120105,0.9147734595512779
2024-07-24 00:00:00+00:00,Swarm_B,7.479303239479167e-13,0.7660012799292403,516.234169915625,2880,-956.3116060197353,5,956.3116060197353,1.1852724135520685
2024-07-25 00:00:00+00:00,Swarm_B,7.0128777996875e-13,0.7182317922601114,516.0017251430556,2880,-239.68433838337666,4,239.68433838337666,0.2970697338169006
2024-07-26 00:00:00+00:00,Swarm_B,8.579837677499999e-13,0.8787137560968556,515.8926910118056,2880,-510.7477720826864,8,510.7477720826864,0.6330313683553627
2024-07-27 00:00:00+00:00,Swarm_B,7.381213575347221e-13,0.7559553163057448,515.8970839614584,2880,-630.7469571065158,8,630.7469571065158,0.7817608439385966
2024-07-28 00:00:00+00:00,Swarm_B,6.625296294166668e-13,0.6785371950764125,515.8462587159722,2880,-641.0442450344564,6,641.0442450344564,0.794523515894644
2024-07-29 00:00:00+00:00,Swarm_B,6.665763472236112e-13,0.6826816867762138,516.0872958277778,2880,-607.0094319321215,4,607.0094319321215,0.7523400635380431
2024-07-30 00:00:00+00:00,Swarm_B,8.284847923993055e-13,0.8485020476639635,515.8809298131944,2880,-533.3594596423209,8,533.3594596423209,0.6610567622955676
2024-07-31 00:00:00+00:00,Swarm_B,7.949233461493055e-13,0.8141297138239912,515.7335411416666,2880,-554.7781465444714,8,554.7781465444714,0.6876035265090557
2024-08-01 00:00:00+00:00,Swarm_B,9.240158616388888e-13,0.9463412700720998,515.7501437697917,2880,-637.914733953774,8,637.914733953774,0.7906447350365124
2024-08-02 00:00:00+00:00,Swarm_B,8.345095580312499e-13,0.8546723793614178,515.6749970628472,2880,-510.87717883661395,8,510.87717883661395,0.6331917577667135
2024-08-03 00:00:00+00:00,Swarm_B,8.9421403084375e-13,0.9158193888187591,515.9184447118056,2880,-610.7575589455664,8,610.7575589455664,0.756985569797259
2024-08-04 00:00:00+00:00,Swarm_B,1.1963055213993056e-12,1.2252097972726377,515.7383245916667,2880,-888.3840356506407,8,888.3840356506407,1.1010815757840249
2024-08-05 00:00:00+00:00,Swarm_B,9.712529278472225e-13,0.9947196443900337,515.5443948090278,2880,-679.2379381135106,8,679.2379381135106,0.8418615702414854
2024-08-06 00:00:00+00:00,Swarm_B,8.998514328993056e-13,0.9215929977389559,515.5642403090277,2880,-657.4771154243499,8,657.4771154243499,0.8148907558465718
2024-08-07 00:00:00+00:00,Swarm_B,9.975341920590278e-13,1.0216358976556297,515.4699316305555,2880,-718.1642365194857,8,718.1642365194857,0.8901076308057091
2024-08-08 00:00:00+00:00,Swarm_B,1.1437843778819444e-12,1.1714196755601134,515.7044923197917,2880,-847.7915033791214,8,847.7915033791214,1.0507703504524555
2024-08-09 00:00:00+00:00,Swarm_B,1.287032794121528e-12,1.318129157277823,515.5452604645833,2880,-1211.7785251066089,6,1211.7785251066089,1.5019034048134678
2024-08-10 00:00:00+00:00,Swarm_B,1.4915327353506945e-12,1.5275700793949272,515.3262793920138,2880,-940.6382480226457,4,940.6382480226457,1.1658465289923314
2024-08-11 00:00:00+00:00,Swarm_B,1.7482788878888888e-12,1.7905195483014187,515.3314070274306,2880,-1335.387031339109,8,1335.387031339109,1.6551063478662553
2024-08-12 00:00:00+00:00,Swarm_B,2.440916171947917e-12,2.4998918375748174,515.1765757281249,2880,-1447.9282959196717,8,1447.9282959196717,1.7945923223686422
2024-08-13 00:00:00+00:00,Swarm_B,1.6295092198819445e-12,1.6688802527720323,515.3607895708333,2880,-1241.911423733458,8,1241.911423733458,1.5392507435448437
2024-08-14 00:00:00+00:00,Swarm_B,1.4413759763750001e-12,1.4762014687873437,515.2081154618056,2880,-901.7206635996699,8,901.7206635996699,1.1176112687191386
2024-08-15 00:00:00+00:00,Swarm_B,1.3547741394027778e-12,1.387507220351489,514.9754100472222,2880,-908.0974739082158,8,908.0974739082158,1.1255148195048832
2024-08-16 00:00:00+00:00,Swarm_B,1.4329550333159724e-12,1.4675770649426405,514.9946591076389,2880,-968.6633038818836,8,968.6633038818836,1.2005813637356473
2024-08-17 00:00:00+00:00,Swarm_B,1.4067423800729168e-12,1.440731080374805,514.8761418329861,2880,-971.4188585858792,8,971.4188585858792,1.203996655314376
2024-08-18 00:00:00+00:00,Swarm_B,1.448159939454861e-12,1.483149341116863,515.0880409208334,2880,-898.847435856238,8,898.847435856238,1.1140501307378519
2024-08-19 00:00:00+00:00,Swarm_B,1.2830973762673612e-12,1.3140986546804208,514.9393917163194,2880,-964.3414205275475,8,964.3414205275475,1.1952247319827343
2024-08-20 00:00:00+00:00,Swarm_B,1.3389889758645834e-12,1.3713406670149095,514.7012061281249,2880,-963.6520666778089,8,963.6520666778089,1.1943703325420836
2024-08-21 00:00:00+00:00,Swarm_B,1.2066242116805554e-12,1.2357778003466526,514.7232987097221,2880,-799.9729941766709,8,799.9729941766709,0.9915030996337085
2024-08-22 00:00:00+00:00,Swarm_B,1.1747480515694445e-12,1.2031314713203667,514.6141299291667,2880,-741.2292061150074,8,741.2292061150074,0.9186948318904828
2024-08-23 00:00:00+00:00,Swarm_B,1.0667928427743057e-12,1.0925679262088261,514.847314048264,2880,-790.0602783113718,8,790.0602783113718,0.9792170742581298
2024-08-24 00:00:00+00:00,Swarm_B,1.1438691655208333e-12,1.1715065117771133,514.7041402652777,2880,-796.5281608905643,8,796.5281608905643,0.987233501902586
2024-08-25 00:00:00+00:00,Swarm_B,1.0312032324930557e-12,1.0561184252931248,514.4832181319445,2880,-809.984923146665,8,809.984923146665,1.0039120917863478
2024-08-26 00:00:00+00:00,Swarm_B,1.0497067670034725e-12,1.075069028931414,514.5047147795138,2880,-666.6082898005843,8,666.6082898005843,0.826208122511743
2024-08-27 00:00:00+00:00,Swarm_B,1.1206182726145833e-12,1.1476938474748093,514.4006637239585,2880,-738.0194058027118,8,738.0194058027118,0.9147165388955778
2024-08-28 00:00:00+00:00,Swarm_B,1.5187927835347226e-12,1.5554887653089808,514.629165135764,2880,-1059.3305446766317,8,1059.3305446766317,1.3129562200590785
2024-08-29 00:00:00+00:00,Swarm_B,1.1978861743576388e-12,1.2268286408339149,514.4555590583333,2880,-948.1691084057093,8,948.1691084057093,1.1751804333454416
2024-08-30 00:00:00+00:00,Swarm_B,1.419639712857639e-12,1.4539400292627478,514.2487294694445,2880,-900.8146750833839,8,900.8146750833839,1.1164883677853958
2024-08-31 00:00:00+00:00,Swarm_B,1.5374385319618056e-12,1.5745850189345776,514.2520745631945,2880,-1126.075791766867,8,1126.075791766867,1.395681661864644
2024-09-01 00:00:00+00:00,Swarm_B,1.4159314295868054e-12,1.4501421491115527,514.140066809375,2880,-1096.7846472170204,8,1096.7846472170204,1.3593776105724098
2024-09-02 00:00:00+00:00,Swarm_B,1.3818298882743056e-12,1.415216670819602,514.3646589166667,2880,-1040.3292529881,8,1040.3292529881,1.289405625547306
2024-09-03 00:00:00+00:00,Swarm_B,1.5003793046944444e-12,1.5366303932013334,514.1544638381945,2880,-1035.4311903435737,8,1035.4311903435737,1.283334865247146
2024-09-04 00:00:00+00:00,Swarm_B,1.6193687371458337e-12,1.6584947629660298,513.9590706607639,2880,-1171.3675764594227,8,1171.3675764594227,1.4518172379872225
2024-09-05 00:00:00+00:00,Swarm_B,1.635221274392361e-12,1.6747303178461546,513.9477395322916,2880,-1282.9484966434538,8,1282.9484966434538,1.5901129417519617
2024-09-06 00:00:00+00:00,Swarm_B,1.5829209715416665e-12,1.6211663725940717,513.8563397486112,2880,-1640.8356886655092,5,1640.8356886655092,2.0336857408241085
2024-09-07 00:00:00+00:00,Swarm_B,1.6171371737604168e-12,1.656209282146841,514.0756143729167,2880,-1292.6314793080091,8,1292.6314793080091,1.602114231039842
2024-09-08 00:00:00+00:00,Swarm_B,1.6252547043680557e-12,1.664522942706149,513.8153902940971,2880,-1218.7039074655622,8,1218.7039074655622,1.510486867161616
2024-09-09 00:00:00+00:00,Swarm_B,1.7104261103229168e-12,1.7517521990764786,513.6451159263889,2880,-1569.585455296295,7,1569.585455296295,1.9453767257080317
2024-09-12 00:00:00+00:00,Swarm_B,2.0549862925937497e-12,2.104637397311187,513.766747534375,2880,-1343.3901882682528,7,1343.3901882682528,1.6650256263417342
2024-09-13 00:00:00+00:00,Swarm_B,1.8041901463368053e-12,1.8477816944696503,513.4506463736111,2880,-1256.7924231551588,8,1256.7924231551588,1.5576945624733178
2024-09-14 00:00:00+00:00,Swarm_B,1.3728160443333333e-12,1.4059850408471448,513.3369450663193,2880,-993.819523634389,8,993.819523634389,1.23176050358317
2024-09-15 00:00:00+00:00,Swarm_B,1.2365264887256944e-12,1.266402554760234,513.2839165118055,2880,-1023.2995301429182,8,1023.2995301429182,1.2682986342990843
2024-09-16 00:00:00+00:00,Swarm_B,1.2274317534893616e-12,1.2570880790549628,513.4139550315602,2820,-942.9176447112113,8,942.9176447112113,1.1686716604635927
2024-09-17 00:00:00+00:00,Swarm_B,1.5652943544374998e-12,1.6031138738113715,513.4659078694444,2880,-1349.8043187782168,8,1349.8043187782168,1.6729754325581676
2024-09-18 00:00:00+00:00,Swarm_B,9.70489831295139e-13,0.9939381104464438,513.1439688590277,2880,-803.6721485704184,8,803.6721485704184,0.996087908213652
2024-09-19 00:00:00+00:00,Swarm_B,1.0665892302357144e-12,1.0923593941301328,513.1772918078573,2800,-1160.1040924127612,7,1160.1040924127612,1.4378570425478332
2024-09-20 00:00:00+00:00,Swarm_B,8.780427797708333e-13,0.8992574195773918,513.0445100239584,2880,-813.7775531448424,4,813.7775531448424,1.0086127559666767
2024-09-21 00:00:00+00:00,Swarm_B,8.280934421560283e-13,0.8481012418968319,513.2555565085106,2820,-697.8559660892935,8,697.8559660892935,0.8649371397687475
2024-09-22 00:00:00+00:00,Swarm_B,8.613866010347223e-13,0.8821988061984807,513.2557994423611,2880,-748.8839897550642,8,748.8839897550642,0.9281823292952585
2024-09-23 00:00:00+00:00,Swarm_B,1.014306503236111e-12,1.0388134493842476,512.930597215625,2880,-937.7009417228401,8,937.7009417228401,1.1622059707209509
2024-09-24 00:00:00+00:00,Swarm_B,1.1659405739444445e-12,1.1941111937387776,512.9405934993056,2880,-962.3470553793013,8,962.3470553793013,1.192752874506692
2024-09-25 00:00:00+00:00,Swarm_B,1.3969932034930556e-12,1.4307463511837075,512.8329641506944,2880,-1130.5697857029736,8,1130.5697857029736,1.401251611037704
2024-09-26 00:00:00+00:00,Swarm_B,1.2760601693888888e-12,1.306891419857285,512.9623957381945,2880,-1179.4556823335588,8,1179.4556823335588,1.4618418039447583
2024-09-27 00:00:00+00:00,Swarm_B,1.254716912642361e-12,1.2850324826512074,512.997244751389,2880,-1108.126683216542,8,1108.126683216542,1.3734351649293002
2024-09-28 00:00:00+00:00,Swarm_B,1.2987579958541668e-12,1.330137654923996,512.67062234375,2880,-1151.3739685993642,8,1151.3739685993642,1.4270367462576092
2024-09-29 00:00:00+00:00,Swarm_B,1.4869935982638888e-12,1.522921270933847,512.6920729614583,2880,-1353.39089300856,8,1353.39089300856,1.6774207069516007
2024-09-30 00:00:00+00:00,Swarm_B,1.527526181548611e-12,1.5644331734210337,512.5567123263888,2880,-1393.7589145489037,8,1393.7589145489037,1.727453669032433
2024-10-01 00:00:00+00:00,Swarm_B,1.532195128888889e-12,1.5692149285178147,512.74630903125,2880,-1367.3142133764923,8,1367.3142133764923,1.6946775586234575
2024-10-02 00:00:00+00:00,Swarm_B,1.6093467303541668e-12,1.6482306116352556,512.655209203125,2880,-1356.447031551972,8,1356.447031551972,1.6812085483671997
2024-10-03 00:00:00+00:00,Swarm_B,1.7361290204444446e-12,1.778076124475133,512.3751536052083,2880,-1328.40584076941,3,1328.40584076941,1.6464537156656969
2024-10-04 00:00:00+00:00,Swarm_B,1.833754789965278e-12,1.8780606578101433,512.3798371034723,2880,-1113.245972280701,3,1113.245972280701,1.3797801178364397
2024-10-05 00:00:00+00:00,Swarm_B,1.718220619402778e-12,1.7597350334935646,512.2383343572916,2880,-1620.7913262806833,8,1620.7913262806833,2.0088423428851687
2024-10-06 00:00:00+00:00,Swarm_B,1.6715637303576389e-12,1.7119508541632693,512.4604306027777,2880,-1500.1360462270677,8,1500.1360462270677,1.8592996895316567
2024-10-07 00:00:00+00:00,Swarm_B,2.07861347e-12,2.1288354376296637,512.2320734503472,2880,-1934.3715079519898,8,1934.3715079519898,2.3975001155526012
2024-10-08 00:00:00+00:00,Swarm_B,1.993824324309028e-12,2.041997677421516,512.0240346458334,2880,-1835.9032196439803,8,1835.9032196439803,2.2754564793502325
2024-10-09 00:00:00+00:00,Swarm_B,1.422009611076389e-12,1.4563671872622823,512.0036397267362,2880,-1173.9171216189861,8,1173.9171216189861,1.4549771970692973
2024-10-10 00:00:00+00:00,Swarm_B,1.6932939437222222e-12,1.7342060973556357,511.9454706309028,2880,-1705.7926905192435,8,1705.7926905192435,2.114194794441819
2024-10-11 00:00:00+00:00,Swarm_B,2.2588116611944443e-12,2.313387448259855,512.1145996934029,2880,-2004.546847941354,8,2004.546847941354,2.4844768855483363
2024-10-12 00:00:00+00:00,Swarm_B,9.815644982986113e-13,1.005280355609966,511.8017130597222,2880,-927.2868533022702,8,927.2868533022702,1.1492985338149317
2024-10-13 00:00:00+00:00,Swarm_B,8.948063243020834e-13,0.9164259928467684,511.7476002708333,2880,-939.5811171643435,8,939.5811171643435,1.1645362991091293
2024-10-14 00:00:00+00:00,Swarm_B,8.988426754895833e-13,0.9205598674563025,511.6933154979167,2880,-953.6983982250094,8,953.6983982250094,1.1820335496812644
2024-10-15 00:00:00+00:00,Swarm_B,1.0560952625277778e-12,1.0816118787019775,511.7607777291666,2880,-949.6959635969251,8,949.6959635969251,1.177072849296733
2024-10-16 00:00:00+00:00,Swarm_B,1.0814535615520834e-12,1.1075828667572754,511.89329742465276,2880,-1019.0021830014884,8,1019.0021830014884,1.2629724132366908
2024-10-17 00:00:00+00:00,Swarm_B,9.94007812439394e-13,1.0180243161811715,511.6343872295455,2640,-1265.4927603125573,5,1265.4927603125573,1.568477940565096
2024-10-18 00:00:00+00:00,Swarm_B,1.01619985728125e-12,1.0407525492916831,511.62243316666667,2880,-1006.380502326414,8,1006.380502326414,1.2473288407623437
2024-10-19 00:00:00+00:00,Swarm_B,1.1405181434097222e-12,1.1680745246735111,511.5041853302083,2880,-1225.2365148160607,8,1225.2365148160607,1.5185835160283385
2024-10-20 00:00:00+00:00,Swarm_B,9.234612491284722e-13,0.9457732574120417,511.6869053725695,2880,-1207.7622026987374,4,1207.7622026987374,1.4969254916269965
2024-10-21 00:00:00+00:00,Swarm_B,8.861149160868055e-13,0.9075245890607201,511.6678020809028,2880,-600.7117035835981,4,600.7117035835981,0.7445345285716551
2024-10-22 00:00:00+00:00,Swarm_B,1.091624341652778e-12,1.117999385951052,511.397224240625,2880,-1072.5999021343887,8,1072.5999021343887,1.3294025365538678
2024-10-23 00:00:00+00:00,Swarm_B,1.10263182696875e-12,1.1292728262313312,511.4297531461806,2880,-1298.4589344281703,8,1298.4589344281703,1.609336899625752
2024-10-24 00:00:00+00:00,Swarm_B,1.1917743909409722e-12,1.2205691888904435,511.3078010111111,2880,-1242.833466393873,8,1242.833466393873,1.540393542317366
2024-10-25 00:00:00+00:00,Swarm_B,1.0866119643923613e-12,1.112865903226751,511.5538718284722,2880,-1162.2115981597453,8,1162.2115981597453,1.4404691288255471
2024-10-26 00:00:00+00:00,Swarm_B,1.3383243141527777e-12,1.3706599462235987,511.3501132333333,2880,-1842.0532826185226,3,1842.0532826185226,2.283078994793366
2024-10-27 00:00:00+00:00,Swarm_B,1.5889456776388889e-12,1.6273366433183685,511.17596847534725,2880,-713.1963081359862,3,713.1963081359862,0.8839502774614658
2024-10-28 00:00:00+00:00,Swarm_B,1.578124129548611e-12,1.6162536327456538,511.1446577447917,2880,-1685.5728076547384,8,1685.5728076547384,2.0891338527846313
2024-10-29 00:00:00+00:00,Swarm_B,1.5348287013888888e-12,1.5719121315074436,511.09752476736105,2880,-1810.7552373688668,8,1810.7552373688668,2.244287549202821
2024-10-30 00:00:00+00:00,Swarm_B,1.6480655180208333e-12,1.6878848948757361,511.28642079305564,2880,-1799.8089243676513,8,1799.8089243676513,2.2307204621270427
2024-10-31 00:00:00+00:00,Swarm_B,1.6114135838194445e-12,1.6503474029313645,510.9422065076389,2880,-1727.4879514947534,8,1727.4879514947534,2.1410843502907877
2024-11-01 00:00:00+00:00,Swarm_B,1.678190339027778e-12,1.7187375701986929,510.8922756253473,2880,-1739.8329888377339,8,1739.8329888377339,2.156385045288944
2024-11-02 00:00:00+00:00,Swarm_B,1.738769496354167e-12,1.780780397669718,510.77782379027775,2880,-2024.7493890356272,8,2024.7493890356272,2.509516333456281
2024-11-03 00:00:00+00:00,Swarm_B,1.6999659940277778e-12,1.7410393529546744,510.87356292604164,2880,-1878.2100966032597,8,1878.2100966032597,2.32789249899877
2024-11-04 00:00:00+00:00,Swarm_B,1.639770098229167e-12,1.6793890471015398,510.90751711562496,2880,-1653.5635000858456,8,1653.5635000858456,2.0494608539425268
2024-11-05 00:00:00+00:00,Swarm_B,1.519211700104167e-12,1.5559178034400785,510.57031782777784,2880,-1730.9200806438923,5,1730.9200806438923,2.145338202251399
2024-11-06 00:00:00+00:00,Swarm_B,1.5887874038194445e-12,1.6271745454004318,510.58224045624996,2880,-1808.4093326851726,8,1808.4093326851726,2.2413799863447497
2024-11-07 00:00:00+00:00,Swarm_B,1.4146732233854169e-12,1.4488535430344636,510.4461662854166,2880,-1565.297587769106,8,1565.297587769106,1.9400622538758892
2024-11-08 00:00:00+00:00,Swarm_B,1.3958691996493054e-12,1.4295951899653558,510.6783851486111,2880,-1774.0523947980255,8,1774.0523947980255,2.1987972858573555
2024-11-09 00:00:00+00:00,Swarm_B,1.7616895322569444e-12,1.8042542110389623,510.4909202989583,2880,-2346.136946098879,8,2346.136946098879,2.9078507289065674
2024-11-10 00:00:00+00:00,Swarm_B,1.388163679201389e-12,1.4217034942597062,510.29070127569446,2880,-1745.0110928434879,8,1745.0110928434879,2.16280289465299
2024-11-11 00:00:00+00:00,Swarm_B,1.1218972308368056e-12,1.1490037069681738,510.27064321701386,2880,-1284.063793014735,8,1284.063793014735,1.5914952631767911
2024-11-12 00:00:00+00:00,Swarm_B,9.286780709444445e-13,0.951116124334597,510.238244375,2880,-1044.2463596779853,8,1044.2463596779853,1.2942605687177495
2024-11-13 00:00:00+00:00,Swarm_B,8.859245484756945e-13,0.907329621923944,510.46657244340275,2880,-1010.9463844038546,8,1010.9463844038546,1.2529878895868651
2024-11-14 00:00:00+00:00,Swarm_B,8.728941992812502e-13,0.8939844427792027,510.15095052777775,2880,-1086.6656927727163,8,1086.6656927727163,1.3468359688299838
2024-11-15 00:00:00+00:00,Swarm_B,9.13811588434028e-13,0.9358904485377995,510.1408686809028,2880,-1082.8435226362199,8,1082.8435226362199,1.3420986919903275
2024-11-16 00:00:00+00:00,Swarm_B,7.851403147951388e-13,0.8041103118838161,510.0499712628472,2880,-1002.4207826387137,8,1002.4207826387137,1.2424210821597224
2024-11-17 00:00:00+00:00,Swarm_B,6.771364005104166e-13,0.6934968844955902,510.2071069631944,2880,-796.5930689070374,8,796.5930689070374,0.9873139502427082
2024-11-18 00:00:00+00:00,Swarm_B,7.242045953680557e-13,0.7417023073143889,510.2393722722222,2880,-878.9791160263121,4,878.9791160263121,1.089424923588003
2024-11-19 00:00:00+00:00,Swarm_B,8.595536932916666e-13,0.88032161305332,509.94982585069437,2880,-1270.9691209942102,4,1270.9691209942102,1.575265455431344
2024-11-20 00:00:00+00:00,Swarm_B,9.23126152486111e-13,0.9454300644049795,509.9977445552083,2880,-1065.6303954087198,8,1065.6303954087198,1.3207643855516196
2024-11-21 00:00:00+00:00,Swarm_B,9.298768412152775e-13,0.9523438584328113,509.89675538993055,2880,-1081.045782547444,8,1081.045782547444,1.3398705356858869
2024-11-22 00:00:00+00:00,Swarm_B,1.0524906846979169e-12,1.0779202096482297,510.1565617451389,2880,-1248.0976538006216,8,1248.0976538006216,1.5469180852317375
2024-11-23 00:00:00+00:00,Swarm_B,1.0943254878159722e-12,1.120765795270253,509.9258073454861,2880,-1297.0488243903967,8,1297.0488243903967,1.6075891800358975
2024-11-24 00:00:00+00:00,Swarm_B,1.1124184393993056e-12,1.1392958957712942,509.7889460357639,2880,-1334.8856659997255,8,1334.8856659997255,1.654484945279335
2024-11-25 00:00:00+00:00,Swarm_B,1.2956732827083333e-12,1.3269784111518617,509.7463178395833,2880,-1431.033444315195,8,1431.033444315195,1.7736524933298752
2024-11-26 00:00:00+00:00,Swarm_B,1.227393984125e-12,1.2570493971343124,509.77071341319447,2880,-1319.968098046258,8,1319.968098046258,1.6359958025551085
2024-11-27 00:00:00+00:00,Swarm_B,1.2424116896805557e-12,1.2724299497189901,509.9290543597222,2880,-1462.2475283388048,8,1462.2475283388048,1.8123398756376847
2024-11-28 00:00:00+00:00,Swarm_B,1.290328233076389e-12,1.321504218264825,509.58062511527777,2880,-1353.4379436727613,8,1353.4379436727613,1.6774790225194198
2024-11-29 00:00:00+00:00,Swarm_B,1.32289979984375e-12,1.3548627558641597,509.5939506388889,2880,-1584.458794368431,8,1584.458794368431,1.9638110502405783
2024-11-30 00:00:00+00:00,Swarm_B,1.3596952672534722e-12,1.392547248963285,509.455688925,2880,-1518.9200013913214,4,1518.9200013913214,1.8825809126533275
