datetime,E_J2_mean_Jkg,n_samples,a_equiv_mean_km,kp,storm_kp6
2024-03-31 12:00:00,-28945196.42253807,15,6881.918520730135,1.0,False
2024-03-31 15:00:00,-28945371.311845794,18,6882.857218580968,1.333,False
2024-03-31 18:00:00,-28945403.9768287,16,6883.075539268473,1.0,False
2024-03-31 21:00:00,-28945178.763831493,18,6882.03384569915,2.333,False
2024-04-01 00:00:00,-28945277.7822899,18,6881.945138057903,1.667,False
2024-04-01 03:00:00,-28945550.97443472,18,6882.442222991405,3.333,False
2024-04-01 06:00:00,-28945610.149504382,17,6882.594829677358,3.667,False
2024-04-01 09:00:00,-28945609.82087834,16,6882.056301091075,1.667,False
2024-04-01 12:00:00,-28945583.89985668,18,6881.900811613179,1.667,False
2024-04-01 15:00:00,-28945813.040212642,18,6881.851289618317,2.0,False
2024-04-01 18:00:00,-28945986.067195825,13,6883.470909852819,2.333,False
2024-04-01 21:00:00,-28945710.777106967,18,6882.780399970149,1.333,False
2024-04-02 00:00:00,-28945653.042064644,18,6882.418618858531,1.0,False
2024-04-02 03:00:00,-28945943.16837083,18,6881.7936894919985,1.667,False
2024-04-02 06:00:00,-28945889.745447505,17,6882.090385476993,1.333,False
2024-04-02 09:00:00,-28945887.35483018,15,6881.255613730933,2.667,False
2024-04-02 12:00:00,-28945860.137425784,18,6882.748543405939,2.0,False
2024-04-02 15:00:00,-28946120.52767656,18,6882.2519198043055,2.0,False
2024-04-02 18:00:00,-28946100.128892846,15,6882.843847569634,1.667,False
2024-04-02 21:00:00,-28945969.226044886,16,6882.559980861281,1.0,False
2024-04-03 00:00:00,-28946045.7072834,18,6882.462077581663,2.667,False
2024-04-03 03:00:00,-28946354.116828527,18,6882.616292501932,2.333,False
2024-04-03 06:00:00,-28946223.406053416,16,6881.313936251129,1.333,False
2024-04-03 09:00:00,-28946359.2776043,12,6881.933881972647,0.667,False
2024-04-03 12:00:00,-28946241.35844105,17,6881.679741339099,1.667,False
2024-04-03 15:00:00,-28946410.98270237,17,6882.572427562764,1.667,False
2024-04-03 18:00:00,-28946442.740870986,16,6882.983279831186,0.667,False
2024-04-03 21:00:00,-28946363.646268953,16,6882.678476904025,0.333,False
2024-04-04 00:00:00,-28946285.187157948,18,6881.673080845917,0.0,False
2024-04-04 03:00:00,-28946512.73054125,18,6882.122703575739,0.667,False
2024-04-04 06:00:00,-28946714.547895074,16,6881.6664831869575,2.0,False
2024-04-04 09:00:00,-28946308.78699127,16,6881.6306255925465,2.667,False
2024-04-04 12:00:00,-28946432.521287765,18,6881.767309480001,2.667,False
2024-04-04 15:00:00,-28946739.456933174,15,6882.418190459055,3.0,False
2024-04-04 18:00:00,-28946593.7101791,15,6882.708735894758,3.0,False
2024-04-04 21:00:00,-28946505.432369787,18,6882.5986148671545,3.333,False
2024-04-05 00:00:00,-28946905.54086786,18,6882.211009121226,2.0,False
2024-04-05 03:00:00,-28946792.771765206,18,6881.642925176967,3.333,False
2024-04-05 06:00:00,-28946808.307071093,14,6881.236097483433,2.667,False
2024-04-05 09:00:00,-28946578.86186889,14,6881.775283277966,2.667,False
2024-04-05 12:00:00,-28946777.112578552,18,6882.526203246053,2.0,False
2024-04-05 15:00:00,-28947173.955658194,14,6882.056425070226,2.333,False
2024-04-05 18:00:00,-28947026.286661938,9,6881.599066812721,2.333,False
2024-04-05 21:00:00,-28946823.52118446,15,6881.903366644207,2.333,False
2024-04-06 00:00:00,-28946912.88651074,18,6882.1640894916545,3.0,False
2024-04-06 03:00:00,-28947248.054306302,18,6882.423210350126,2.667,False
2024-04-06 06:00:00,-28947204.943839394,13,6882.104049092639,3.0,False
2024-04-06 09:00:00,-28946296.83742392,3,6878.517006354635,1.667,False
2024-04-06 12:00:00,-28947229.52584033,16,6881.1870647277365,2.0,False
2024-04-06 15:00:00,-28947579.051406767,11,6883.474392716649,1.333,False
2024-04-06 18:00:00,-28947791.12064013,6,6884.932404981189,1.667,False
2024-04-06 21:00:00,-28947300.591358382,18,6881.984010678547,2.0,False
2024-04-07 00:00:00,-28947366.021885764,18,6881.433716913498,1.333,False
2024-04-07 03:00:00,-28947558.365002207,15,6882.512636258418,1.333,False
2024-04-07 06:00:00,-28947601.297472563,14,6881.71312966077,0.667,False
2024-04-07 09:00:00,-28947972.045974955,9,6882.766498041327,1.333,False
2024-04-07 12:00:00,-28947527.155368418,18,6881.884265875748,2.0,False
2024-04-07 15:00:00,-28947857.655457024,18,6881.296866631339,2.333,False
2024-04-07 18:00:00,-28947802.878714327,16,6881.9603863851335,1.667,False
2024-04-07 21:00:00,-28947413.95874306,18,6882.161880332488,2.0,False
2024-04-08 00:00:00,-28947761.755077228,18,6882.268462393066,2.333,False
2024-04-08 03:00:00,-28947968.63062177,18,6881.737728412648,2.667,False
2024-04-08 06:00:00,-28947955.2050292,17,6880.93796216203,3.333,False
2024-04-08 09:00:00,-28947806.12862019,12,6880.801147992186,1.333,False
2024-04-08 12:00:00,-28947978.14800633,18,6882.067204735041,0.333,False
2024-04-08 15:00:00,-28948062.308191314,18,6882.19199179609,1.333,False
2024-04-08 18:00:00,-28948251.671398357,8,6883.449566071921,0.333,False
2024-04-08 21:00:00,-28948298.06988091,16,6881.983159740066,0.0,False
2024-04-09 00:00:00,-28947994.08327674,18,6881.499850418692,0.333,False
2024-04-09 03:00:00,-28948178.694602557,18,6882.0464443552155,2.333,False
2024-04-09 06:00:00,-28948203.647619378,15,6881.289979044927,3.333,False
2024-04-09 09:00:00,-28948322.49698688,13,6881.681511008663,1.667,False
2024-04-09 12:00:00,-28948219.562935207,18,6881.182753353778,2.333,False
2024-04-09 15:00:00,-28948539.726979986,18,6881.4015777652385,1.667,False
2024-04-09 18:00:00,-28948720.389803268,15,6883.362509661375,2.0,False
2024-04-09 21:00:00,-28948346.686580762,18,6882.081228093982,2.667,False
2024-04-10 00:00:00,-28948258.70662626,18,6881.536826930906,2.667,False
2024-04-10 03:00:00,-28948582.068249818,18,6881.091832526166,1.667,False
2024-04-10 06:00:00,-28948675.46361123,15,6880.952834299246,1.333,False
2024-04-10 09:00:00,-28948682.205670074,12,6882.597008959954,1.667,False
2024-04-10 12:00:00,-28948753.61449423,18,6881.956317907098,1.333,False
2024-04-10 15:00:00,-28949002.540376168,16,6881.856369452145,2.667,False
2024-04-10 18:00:00,-28949069.70294217,14,6882.549934619389,2.0,False
2024-04-10 21:00:00,-28948769.243485138,18,6881.42574347288,1.333,False
2024-04-11 00:00:00,-28948898.91059574,18,6881.956430239215,2.0,False
2024-04-11 03:00:00,-28949149.420001253,18,6881.843189881505,2.667,False
2024-04-11 06:00:00,-28949163.635078233,14,6881.136321051992,0.333,False
2024-04-11 09:00:00,-28949034.14496308,14,6880.502267109976,0.667,False
2024-04-11 12:00:00,-28949013.730735935,18,6881.41278029557,1.0,False
2024-04-11 15:00:00,-28949381.316050544,18,6881.853789448905,1.0,False
2024-04-11 18:00:00,-28949312.425531607,15,6882.179367286236,0.667,False
2024-04-11 21:00:00,-28949150.330699857,18,6881.218535145666,1.0,False
2024-04-12 00:00:00,-28949295.133942746,18,6880.933377036827,1.333,False
2024-04-12 03:00:00,-28949416.79748539,18,6881.353200282039,2.333,False
2024-04-12 06:00:00,-28949561.519062564,17,6881.462286568985,1.333,False
2024-04-12 09:00:00,-28949486.236772012,6,6879.734008363192,1.0,False
2024-04-12 12:00:00,-28949451.76310129,18,6881.1060203374645,1.0,False
2024-04-12 15:00:00,-28949597.151634857,18,6880.870757873895,0.667,False
2024-04-12 18:00:00,-28949750.41621401,11,6882.30839391185,0.667,False
2024-04-12 21:00:00,-28949595.50774398,18,6881.834164030305,1.333,False
2024-04-13 00:00:00,-28949679.409374706,18,6881.625540484211,1.333,False
2024-04-13 03:00:00,-28949853.573432002,18,6880.98848376682,2.0,False
2024-04-13 06:00:00,-28949900.732247822,17,6880.829906098706,0.333,False
2024-04-13 09:00:00,-28949833.560960077,11,6880.202912445212,0.333,False
2024-04-13 12:00:00,-28949932.861540403,18,6881.768823123114,1.667,False
2024-04-13 15:00:00,-28950121.649614185,18,6881.488075045179,1.667,False
2024-04-13 18:00:00,-28950304.343786553,11,6882.208093180636,1.0,False
2024-04-13 21:00:00,-28950117.418622684,18,6880.778239512503,1.667,False
2024-04-14 00:00:00,-28950195.14605214,18,6881.28618246625,1.667,False
2024-04-14 03:00:00,-28950514.58094997,18,6881.632507202733,0.0,False
2024-04-14 06:00:00,-28950370.8494764,17,6880.944385376348,1.333,False
2024-04-14 09:00:00,-28950368.710178643,17,6880.596228444107,1.333,False
2024-04-14 12:00:00,-28950317.970941577,18,6880.73989795554,1.333,False
2024-04-14 15:00:00,-28950677.892948344,17,6881.376237048796,1.333,False
2024-04-14 18:00:00,-28951088.73984634,17,6882.007001865149,1.333,False
2024-04-14 21:00:00,-28950601.49965327,18,6881.310794560305,1.667,False
2024-04-15 00:00:00,-28950617.65488023,18,6880.721651402226,1.333,False
2024-04-15 03:00:00,-28951000.548105575,17,6881.038366675922,1.333,False
2024-04-15 06:00:00,-28951058.692978818,17,6880.782634515166,0.333,False
2024-04-15 09:00:00,-28950959.71037213,17,6881.504845648507,1.333,False
2024-04-15 12:00:00,-28951019.133297995,18,6881.17792364708,0.667,False
2024-04-15 15:00:00,-28951252.301330198,18,6880.554917264746,2.0,False
2024-04-15 18:00:00,-28951473.33865307,13,6882.556783514434,2.333,False
2024-04-15 21:00:00,-28951115.477592397,16,6880.256939990951,2.667,False
2024-04-16 00:00:00,-28951335.089886338,18,6881.448322949879,4.0,False
2024-04-16 03:00:00,-28951540.782889955,18,6881.02027023181,3.333,False
2024-04-16 06:00:00,-28951579.440651108,15,6879.459553798168,4.0,False
2024-04-16 09:00:00,-28951528.426214673,16,6880.010878196094,3.333,False
2024-04-16 12:00:00,-28951679.167538155,18,6881.064688155573,3.333,False
2024-04-16 15:00:00,-28952058.45471946,18,6881.267872711835,4.667,False
2024-04-16 18:00:00,-28952270.4243923,16,6881.042248591471,5.333,False
2024-04-16 21:00:00,-28951956.15772266,18,6880.351907768108,5.0,False
2024-04-17 00:00:00,-28951985.445612088,18,6880.423481628071,3.0,False
2024-04-17 03:00:00,-28952208.999336995,18,6880.962210123143,1.0,False
2024-04-17 06:00:00,-28952341.149786986,10,6880.343643863173,0.667,False
2024-04-17 12:00:00,-28952518.592545744,16,6880.830661719746,0.667,False
2024-04-17 15:00:00,-28952719.113592096,18,6880.2778088046625,1.667,False
2024-04-17 18:00:00,-28953667.53957343,2,6887.735624018289,1.333,False
2024-04-18 00:00:00,-28952832.571524568,9,6880.460114742945,1.333,False
2024-04-18 03:00:00,-28953003.15857084,18,6880.079968598247,0.333,False
2024-04-18 06:00:00,-28953100.852054246,17,6879.643010579775,0.333,False
2024-04-18 09:00:00,-28952951.376864478,13,6879.207197401399,0.667,False
2024-04-18 12:00:00,-28953102.490032986,18,6881.00824946314,0.667,False
2024-04-18 15:00:00,-28953363.61719404,18,6880.466610107811,0.667,False
2024-04-18 18:00:00,-28953446.5329159,15,6880.939723584723,0.333,False
2024-04-18 21:00:00,-28953306.49909273,17,6880.223341390187,1.667,False
2024-04-19 00:00:00,-28953481.48665975,18,6880.734280749974,1.667,False
2024-04-19 03:00:00,-28953768.173311234,18,6880.835882715962,2.333,False
2024-04-19 06:00:00,-28953717.39231109,15,6878.8842328848705,4.667,False
2024-04-19 09:00:00,-28953934.778797414,15,6880.434386853006,4.667,False
2024-04-19 12:00:00,-28953900.56253685,18,6880.053185860185,5.0,False
2024-04-19 15:00:00,-28954167.883217677,17,6881.117331468638,5.667,False
2024-04-19 18:00:00,-28954544.877004493,16,6881.5731884747465,7.0,True
2024-04-19 21:00:00,-28954433.40441004,16,6881.047634888839,3.667,False
2024-04-20 00:00:00,-28954472.77769466,18,6879.7049683102705,2.0,False
2024-04-20 03:00:00,-28954805.280991036,18,6879.867436454063,2.0,False
2024-04-20 06:00:00,-28954894.11824867,14,6880.127347097708,2.667,False
2024-04-20 09:00:00,-28954701.21224842,13,6879.936886615789,2.667,False
2024-04-20 12:00:00,-28954810.622172132,18,6880.052711422944,1.667,False
2024-04-20 15:00:00,-28955132.96308006,17,6879.967745713699,2.667,False
2024-04-20 18:00:00,-28955357.889582932,16,6880.402331993013,2.333,False
2024-04-20 21:00:00,-28955240.95739762,18,6880.369177807253,2.667,False
2024-04-21 00:00:00,-28955348.04848735,18,6880.439748834391,3.333,False
2024-04-21 03:00:00,-28955632.94021029,18,6879.833671008022,3.0,False
2024-04-21 06:00:00,-28955642.50183046,17,6878.841450509507,2.333,False
2024-04-21 09:00:00,-28955928.16694124,16,6879.516878916852,3.0,False
2024-04-21 12:00:00,-28955784.602703895,15,6879.7288819282585,4.0,False
2024-04-21 15:00:00,-28956129.969737504,18,6880.237533459438,3.667,False
2024-04-21 18:00:00,-28956227.470965285,12,6880.704115563079,3.667,False
2024-04-21 21:00:00,-28956018.425652683,18,6879.330723599863,3.0,False
2024-04-22 00:00:00,-28956233.287308857,18,6879.574412811469,2.0,False
2024-04-22 03:00:00,-28956461.63913434,18,6880.1026020983345,2.333,False
2024-04-22 06:00:00,-28956538.865498014,14,6880.276378734334,2.333,False
2024-04-22 09:00:00,-28956418.613148484,17,6879.3064039868095,1.333,False
2024-04-22 12:00:00,-28956661.89826222,18,6879.174845448035,1.333,False
2024-04-22 15:00:00,-28956811.64240878,18,6879.460991003843,1.667,False
2024-04-22 18:00:00,-28957125.965752136,12,6881.905600235853,1.667,False
2024-04-22 21:00:00,-28956883.060300305,18,6880.036468128729,2.333,False
2024-04-23 00:00:00,-28956956.377390895,18,6879.469718122896,1.333,False
2024-04-23 03:00:00,-28957205.322800443,18,6879.044777142633,1.0,False
2024-04-23 06:00:00,-28957287.511884466,18,6879.355490256952,1.667,False
2024-04-23 09:00:00,-28957306.448978484,13,6878.551767365327,1.667,False
2024-04-23 12:00:00,-28957401.31209499,18,6879.915129803465,1.667,False
2024-04-23 15:00:00,-28957665.757230125,18,6879.284717457075,1.333,False
2024-04-23 18:00:00,-28957815.91667489,16,6879.594929985316,2.667,False
2024-04-23 21:00:00,-28957617.861062646,18,6879.294724224625,2.0,False
2024-04-24 00:00:00,-28957818.885701373,18,6879.8058619611975,1.0,False
2024-04-24 03:00:00,-28958189.736840915,18,6879.7130178500865,0.667,False
2024-04-24 06:00:00,-28958230.809231054,16,6878.418814960916,0.333,False
2024-04-24 09:00:00,-28958173.598137055,12,6878.627290217672,0.333,False
2024-04-24 12:00:00,-28958186.564319536,18,6879.165512615084,0.667,False
2024-04-24 15:00:00,-28958543.696988232,17,6880.09599185387,0.667,False
2024-04-24 18:00:00,-28958593.65548473,16,6880.40080262533,0.333,False
2024-04-24 21:00:00,-28958437.3054832,18,6879.078464763377,0.667,False
2024-04-25 00:00:00,-28958585.040099826,18,6878.717660362353,0.0,False
2024-04-25 03:00:00,-28958735.386286225,18,6879.0541286015805,0.0,False
2024-04-25 06:00:00,-28958780.105585348,16,6879.0539545366055,0.0,False
2024-04-25 09:00:00,-28958813.40390953,16,6878.6850124323355,0.667,False
2024-04-25 12:00:00,-28958907.788899764,18,6878.960416034416,0.667,False
2024-04-25 15:00:00,-28959260.12208775,17,6878.889705682634,0.333,False
2024-04-25 18:00:00,-28959407.185363647,15,6879.984870838478,0.667,False
2024-04-25 21:00:00,-28959266.889560953,18,6879.482999595112,0.667,False
2024-04-26 00:00:00,-28959468.380853698,18,6879.396144511722,1.0,False
2024-04-26 03:00:00,-28959651.281728353,18,6878.774032836211,2.667,False
2024-04-26 06:00:00,-28959525.884678964,16,6877.536794208792,3.0,False
2024-04-26 09:00:00,-28959455.486631416,17,6878.598042857176,2.0,False
2024-04-26 12:00:00,-28959747.85573702,18,6879.367643867856,4.0,False
2024-04-26 15:00:00,-28960141.619584665,17,6879.534795955403,5.0,False
2024-04-26 18:00:00,-28960182.639681946,15,6880.155863154232,3.333,False
2024-04-26 21:00:00,-28959996.045299787,14,6878.166691262005,2.0,False
2024-04-27 00:00:00,-28960168.279218856,18,6878.728377053977,3.333,False
2024-04-27 03:00:00,-28960479.74284987,18,6879.198787363558,3.0,False
2024-04-27 06:00:00,-28960462.421955604,15,6878.556030889824,1.667,False
2024-04-27 09:00:00,-28960391.386413433,15,6877.621787833641,1.0,False
2024-04-27 12:00:00,-28960608.29835611,18,6878.23912816807,3.333,False
2024-04-27 15:00:00,-28960828.383845568,17,6878.788788233153,2.333,False
2024-04-27 18:00:00,-28960963.374033164,15,6880.42950510119,3.0,False
2024-04-27 21:00:00,-28960682.6376054,17,6879.6200340200385,2.667,False
2024-04-28 00:00:00,-28960881.29535417,18,6878.4690860844885,3.667,False
2024-04-28 03:00:00,-28961024.007132478,18,6878.1393011342125,2.0,False
2024-04-28 06:00:00,-28961192.90301436,18,6878.492920764712,1.0,False
2024-04-28 09:00:00,-28961019.142067734,15,6877.873410132941,0.667,False
2024-04-28 12:00:00,-28961057.055237297,18,6879.003841944596,0.667,False
2024-04-28 15:00:00,-28961385.83804032,18,6878.344670126328,0.667,False
2024-04-28 18:00:00,-28961471.43293177,16,6878.627478417846,0.333,False
2024-04-28 21:00:00,-28961198.124731984,18,6878.50111738419,1.0,False
2024-04-29 00:00:00,-28961306.103426244,18,6879.00399345039,1.667,False
2024-04-29 03:00:00,-28961536.758819554,18,6878.881061265887,1.333,False
2024-04-29 06:00:00,-28961459.464495502,18,6878.326557382705,1.333,False
2024-04-29 09:00:00,-28961524.745759264,17,6877.598487659397,1.333,False
2024-04-29 12:00:00,-28961563.197085306,18,6878.4115818400005,1.333,False
2024-04-29 15:00:00,-28961900.671959933,17,6879.29099009217,1.667,False
2024-04-29 18:00:00,-28961779.51186287,13,6879.491618849807,2.667,False
2024-04-29 21:00:00,-28961662.07927213,18,6878.274120327364,1.0,False
2024-04-30 00:00:00,-28961665.872541055,18,6877.98759307672,1.667,False
2024-04-30 03:00:00,-28962013.718996715,18,6878.311534059004,1.333,False
2024-04-30 06:00:00,-28961845.309117295,18,6878.880519993558,0.0,False
2024-04-30 09:00:00,-28961780.04682318,14,6878.004239345878,0.667,False
2024-04-30 12:00:00,-28961852.29940501,18,6878.231842543184,2.667,False
2024-04-30 15:00:00,-28962192.449456826,16,6878.701505932261,3.333,False
2024-04-30 18:00:00,-28962063.30419849,16,6878.679463857208,4.0,False
2024-04-30 21:00:00,-28961984.03082389,18,6878.846697416556,4.333,False
2024-05-01 00:00:00,-28962185.478198845,18,6878.73209800198,3.667,False
2024-05-01 03:00:00,-28962276.95363304,18,6878.130004897233,2.0,False
2024-05-01 06:00:00,-28962340.41102445,15,6877.1426863799325,1.667,False
2024-05-01 09:00:00,-28962217.51248105,16,6878.389857368524,0.333,False
2024-05-01 12:00:00,-28962307.839051887,18,6878.768897971468,1.0,False
2024-05-01 15:00:00,-28962547.380395103,18,6878.637927625197,1.0,False
2024-05-01 18:00:00,-28962614.679163653,13,6879.671141348274,2.0,False
2024-05-01 21:00:00,-28962291.37487398,18,6877.840517716275,1.0,False
2024-05-02 00:00:00,-28962562.936297823,18,6878.173736948299,2.333,False
2024-05-02 03:00:00,-28962709.956323545,18,6878.675234475781,1.667,False
2024-05-02 06:00:00,-28962713.915998932,14,6878.631873854017,2.333,False
2024-05-02 09:00:00,-28962470.50911096,15,6877.11649572877,3.333,False
2024-05-02 12:00:00,-28962615.097778548,18,6877.761395944735,5.0,False
2024-05-02 15:00:00,-28962823.61049539,18,6878.113661617392,6.667,True
2024-05-02 18:00:00,-28962911.711323418,16,6879.453896333156,6.667,True
2024-05-02 21:00:00,-28962798.5723544,18,6878.583353235049,4.0,False
2024-05-03 00:00:00,-28962964.430444017,18,6877.973868757378,4.0,False
2024-05-03 03:00:00,-28963250.094703842,18,6877.613945745584,3.0,False
2024-05-03 06:00:00,-28963253.58517393,16,6877.062651967583,1.0,False
2024-05-03 09:00:00,-28963095.652989052,15,6877.373242536825,1.333,False
2024-05-03 12:00:00,-28963123.81029187,18,6878.511649450915,0.667,False
2024-05-03 15:00:00,-28963385.593746193,18,6877.8724801514245,0.667,False
2024-05-03 18:00:00,-28963371.951995537,16,6878.187005604688,1.667,False
2024-05-03 21:00:00,-28963399.407756403,16,6878.884895738756,1.333,False
2024-05-04 00:00:00,-28963299.378744323,18,6878.528199404774,0.667,False
2024-05-04 03:00:00,-28963667.11180279,14,6878.871465615144,0.667,False
2024-05-04 06:00:00,-28963442.45039987,13,6876.037924835132,0.333,False
2024-05-04 09:00:00,-28963324.782294385,14,6876.696623269946,0.667,False
2024-05-04 12:00:00,-28963429.970687907,18,6877.952842996422,0.667,False
2024-05-04 15:00:00,-28963826.642107595,17,6878.835303060903,1.0,False
2024-05-04 18:00:00,-28963733.17284825,14,6880.048414410398,1.333,False
2024-05-04 21:00:00,-28963567.72562355,18,6877.840135712028,3.0,False
2024-05-05 00:00:00,-28963635.880978093,18,6877.518397984126,1.667,False
2024-05-05 03:00:00,-28963800.47373472,18,6877.864825415341,1.333,False
2024-05-05 06:00:00,-28963776.578334987,15,6878.046730902719,2.0,False
2024-05-05 09:00:00,-28963798.336330093,15,6878.9226458358235,1.667,False
2024-05-05 12:00:00,-28963866.23709897,18,6877.7761537049155,1.0,False
2024-05-05 15:00:00,-28964131.213873513,17,6877.732319161446,1.333,False
2024-05-05 18:00:00,-28963961.011698518,17,6877.84825965572,3.0,False
2024-05-05 21:00:00,-28963832.65743972,18,6878.391716973491,4.333,False
2024-05-06 00:00:00,-28963920.375016965,18,6878.335211231216,5.333,False
2024-05-06 03:00:00,-28964173.617717396,18,6877.70486887421,2.333,False
2024-05-06 06:00:00,-28964310.50511345,13,6877.034247802102,2.333,False
2024-05-06 09:00:00,-28964402.04919449,1,6869.742141534896,2.333,False
2024-05-06 12:00:00,-28964266.56982954,18,6878.287388252031,4.0,False
2024-05-06 15:00:00,-28964510.90600423,18,6878.19470099112,2.0,False
2024-05-06 18:00:00,-28964399.96892497,8,6880.392713070765,2.0,False
2024-05-06 21:00:00,-28964249.81126039,18,6877.373313276457,1.333,False
2024-05-07 00:00:00,-28964394.159608707,18,6877.700229321473,1.333,False
2024-05-07 03:00:00,-28964646.01428757,18,6878.193144436024,1.333,False
2024-05-07 06:00:00,-28964764.126832735,16,6877.2820579195395,1.0,False
2024-05-07 09:00:00,-28964637.23050073,15,6876.663295667613,1.333,False
2024-05-07 12:00:00,-28964707.897083297,18,6877.26286941438,2.0,False
2024-05-07 15:00:00,-28964937.13025196,18,6877.56697873404,2.667,False
2024-05-07 18:00:00,-28964934.21710167,16,6879.015295422153,1.333,False
2024-05-07 21:00:00,-28964738.252853684,18,6878.1506449276185,1.333,False
2024-05-08 00:00:00,-28964985.347974617,18,6877.53695567041,1.0,False
2024-05-08 03:00:00,-28965170.195926294,18,6877.156357859029,1.667,False
2024-05-08 06:00:00,-28965162.391209766,18,6877.502760714355,1.667,False
2024-05-08 09:00:00,-28965046.349016104,15,6877.581441919788,1.667,False
2024-05-08 12:00:00,-28965107.228335787,17,6877.907050707772,1.667,False
2024-05-08 15:00:00,-28965293.34359444,18,6877.124047782031,2.0,False
2024-05-08 18:00:00,-28965437.579927247,14,6879.003562293812,0.667,False
2024-05-08 21:00:00,-28965152.615097128,18,6878.0776059595155,1.0,False
2024-05-09 00:00:00,-28965326.037174907,18,6878.001558617125,0.667,False
2024-05-09 03:00:00,-28965564.734919686,18,6877.383847544644,1.333,False
2024-05-09 06:00:00,-28965565.687820524,17,6876.899933584078,0.667,False
2024-05-09 09:00:00,-28965388.10700858,12,6876.514886454158,1.333,False
2024-05-09 12:00:00,-28965527.92977569,18,6877.981552740687,1.0,False
2024-05-09 15:00:00,-28965827.762332134,18,6877.893574101643,1.0,False
2024-05-09 18:00:00,-28965949.11726158,14,6879.204236897425,2.333,False
2024-05-09 21:00:00,-28965751.671930417,18,6877.015810139081,2.0,False
2024-05-10 00:00:00,-28965706.38519535,18,6877.381977934514,2.667,False
2024-05-10 03:00:00,-28966015.638513137,18,6877.857472415512,2.667,False
2024-05-10 06:00:00,-28966057.755974274,15,6876.990448983702,2.333,False
2024-05-10 09:00:00,-28966122.515044957,16,6876.8804474251265,2.0,False
2024-05-10 12:00:00,-28966039.953995828,18,6877.162080463094,3.667,False
2024-05-10 15:00:00,-28966400.770418845,17,6877.113486474267,7.667,True
2024-05-10 18:00:00,-28966489.010648653,15,6878.836185807111,8.667,True
2024-05-10 21:00:00,-28966482.059376076,16,6877.244374819339,8.667,True
2024-05-11 00:00:00,-28966722.38948724,18,6877.597071171501,9.0,True
2024-05-11 03:00:00,-28967189.542604886,18,6876.900088266321,8.333,True
2024-05-11 06:00:00,-28967471.41549041,16,6875.639150003492,8.333,True
2024-05-11 09:00:00,-28967511.3322772,17,6876.858484528037,9.0,True
2024-05-11 12:00:00,-28967783.064202372,18,6877.491195458814,8.667,True
2024-05-11 15:00:00,-28968316.84941764,17,6877.460619146255,8.333,True
2024-05-11 18:00:00,-28968517.966209434,14,6878.538658582625,7.667,True
2024-05-11 21:00:00,-28968322.22092719,18,6876.420603222754,7.667,True
2024-05-12 00:00:00,-28968423.51687302,18,6876.827467403174,6.333,True
2024-05-12 03:00:00,-28968707.68281232,18,6877.264510626133,7.0,True
2024-05-12 06:00:00,-28968825.29484265,18,6877.1231101855155,3.667,False
2024-05-12 09:00:00,-28968287.549349688,2,6869.522262523133,4.333,False
2024-05-12 12:00:00,-28968658.98587662,12,6875.821093619652,2.0,False
2024-05-12 15:00:00,-28968867.54167405,17,6876.876050989253,3.0,False
2024-05-12 18:00:00,-28968929.46735619,13,6877.727391042958,4.0,False
2024-05-12 21:00:00,-28968816.52606934,18,6877.134473277755,6.333,True
2024-05-13 00:00:00,-28969029.78184723,18,6876.514522861508,5.333,False
2024-05-13 03:00:00,-28969187.510417648,18,6876.206170378995,6.0,True
2024-05-13 06:00:00,-28969341.4768922,18,6876.570684637014,3.333,False
2024-05-13 09:00:00,-28969209.699629076,16,6876.461726187351,2.667,False
2024-05-13 12:00:00,-28969370.23135212,18,6877.024041363022,3.333,False
2024-05-13 15:00:00,-28969508.37216399,18,6876.419821732363,2.667,False
2024-05-13 18:00:00,-28969560.033428196,14,6877.517107292793,2.333,False
2024-05-13 21:00:00,-28969418.735817645,18,6876.531582229859,2.333,False
2024-05-14 00:00:00,-28969611.916135084,18,6877.021006512205,1.333,False
2024-05-14 03:00:00,-28969854.98137237,18,6876.920736386418,1.333,False
2024-05-14 06:00:00,-28969616.270214163,16,6875.715058764679,1.333,False
2024-05-14 09:00:00,-28969727.808469743,17,6875.623779891926,2.333,False
2024-05-14 12:00:00,-28969827.093423408,18,6876.4083955920105,2.333,False
2024-05-14 15:00:00,-28970052.27671936,17,6877.355171023599,1.667,False
2024-05-14 18:00:00,-28970432.437626354,10,6878.77864267612,2.0,False
2024-05-14 21:00:00,-28969980.349052947,18,6876.352963337822,0.667,False
2024-05-15 00:00:00,-28970175.145673886,18,6875.967938497856,1.333,False
2024-05-15 03:00:00,-28970470.139210727,18,6876.236646608467,2.0,False
2024-05-15 06:00:00,-28970370.60404165,13,6875.0126409717595,2.333,False
2024-05-15 09:00:00,-28970396.899900638,15,6876.231508925566,2.667,False
2024-05-15 12:00:00,-28970445.862792905,18,6876.26490148522,2.0,False
2024-05-15 15:00:00,-28970731.617208507,18,6875.835826554676,2.0,False
2024-05-15 18:00:00,-28970759.112419542,15,6877.3572602728755,3.0,False
2024-05-15 21:00:00,-28970781.376752038,18,6876.6987302764055,2.333,False
2024-05-16 00:00:00,-28970914.82646679,18,6876.714646575742,2.667,False
2024-05-16 03:00:00,-28971078.35569395,18,6876.141408281063,3.0,False
2024-05-16 06:00:00,-28971168.335335143,17,6875.160616081023,6.0,True
2024-05-16 09:00:00,-28971099.147092927,16,6875.932878324898,5.0,False
2024-05-16 12:00:00,-28971300.916761607,18,6876.55488262267,4.333,False
2024-05-16 15:00:00,-28971694.69977936,18,6876.540832848949,3.0,False
2024-05-16 18:00:00,-28971697.06469312,15,6877.094154895158,2.333,False
2024-05-16 21:00:00,-28971589.443984047,18,6875.640572193327,1.0,False
2024-05-17 00:00:00,-28971679.94740957,18,6875.87015882802,1.333,False
2024-05-17 03:00:00,-28972016.20423505,18,6876.3632792791705,2.333,False
2024-05-17 06:00:00,-28972028.165400203,18,6876.474230442629,1.333,False
2024-05-17 09:00:00,-28971991.679729596,15,6875.372297303524,1.667,False
2024-05-17 12:00:00,-28972113.968606394,18,6875.518507789016,3.667,False
2024-05-17 15:00:00,-28972502.22553994,18,6875.6533989712725,5.333,False
2024-05-17 18:00:00,-28972726.546540566,13,6878.500970514909,6.0,True
2024-05-17 21:00:00,-28972395.980787814,18,6876.398214480918,5.333,False
2024-05-18 00:00:00,-28972639.32545206,18,6875.859281766136,4.0,False
2024-05-18 03:00:00,-28972886.967388604,18,6875.34377471126,3.333,False
2024-05-18 06:00:00,-28973031.120524786,13,6875.238929832054,2.333,False
2024-05-18 09:00:00,-28972992.295868922,15,6875.154484930142,3.0,False
2024-05-18 12:00:00,-28973238.706861548,18,6876.211890029092,2.0,False
2024-05-18 15:00:00,-28973495.0137167,18,6875.691994602443,2.0,False
2024-05-18 18:00:00,-28973474.836191505,16,6875.618482811575,1.333,False
2024-05-18 21:00:00,-28973310.36570558,18,6875.40439295445,1.0,False
2024-05-19 00:00:00,-28973484.353359353,18,6875.93714825127,1.0,False
2024-05-19 03:00:00,-28973857.84478333,18,6876.067956588571,2.667,False
2024-05-19 06:00:00,-28973767.909858346,17,6875.334775843789,1.0,False
2024-05-19 09:00:00,-28973801.931825303,18,6875.155173026539,2.0,False
2024-05-19 12:00:00,-28973987.8448695,18,6875.217213022032,2.667,False
2024-05-19 15:00:00,-28974245.178244866,16,6876.362228192161,2.0,False
2024-05-19 18:00:00,-28974284.675512847,15,6877.139732532902,2.333,False
2024-05-19 21:00:00,-28974049.766778536,18,6875.089287065299,1.667,False
2024-05-20 00:00:00,-28974227.52634962,18,6875.162877512726,0.667,False
2024-05-20 03:00:00,-28974651.507826637,18,6875.634703344706,2.333,False
2024-05-20 06:00:00,-28974701.34660941,15,6875.1042846865985,2.333,False
2024-05-20 09:00:00,-28974615.806929026,17,6875.500657707311,0.667,False
2024-05-20 12:00:00,-28974758.079422425,6,6874.6570103040685,2.0,False
2024-05-29 12:00:00,-28979176.300884154,11,6873.531135320661,1.0,False
2024-05-29 15:00:00,-28979260.671817567,17,6874.5846723031,1.667,False
2024-05-29 18:00:00,-28979425.353666387,15,6875.58823295634,2.333,False
2024-05-29 21:00:00,-28979150.01065546,15,6874.708452918994,1.667,False
2024-05-30 00:00:00,-28979255.784416117,18,6873.924001137624,0.333,False
2024-05-30 03:00:00,-28979546.074949868,18,6873.822509811137,0.667,False
2024-05-30 06:00:00,-28979497.722823452,18,6874.359464696316,0.667,False
2024-05-30 09:00:00,-28979391.998902243,15,6873.931172571092,1.333,False
2024-05-30 12:00:00,-28979403.81163385,18,6874.483328172594,2.0,False
2024-05-30 15:00:00,-28979672.274930373,15,6874.720089255327,3.333,False
2024-05-30 18:00:00,-28979833.141487364,14,6875.545523494898,2.0,False
2024-05-30 21:00:00,-28979516.79197015,18,6874.303682488699,2.667,False
2024-05-31 00:00:00,-28979624.78537099,18,6874.700934426054,2.667,False
2024-05-31 03:00:00,-28979816.192641318,18,6874.431169245524,4.333,False
2024-05-31 06:00:00,-28979860.58726215,17,6873.426042370775,2.333,False
2024-05-31 09:00:00,-28979730.87868904,16,6872.961196691239,1.0,False
2024-05-31 12:00:00,-28979848.509516124,18,6874.17084948826,1.333,False
2024-05-31 15:00:00,-28980185.71965905,18,6874.552665623912,1.667,False
2024-05-31 18:00:00,-28980117.35319298,16,6875.137668013789,1.667,False
2024-05-31 21:00:00,-28979836.616487995,15,6874.485068985089,1.333,False
2024-06-01 00:00:00,-28980044.345282506,18,6873.6385464166915,2.667,False
2024-06-01 03:00:00,-28980197.18962636,18,6874.03099227068,0.333,False
2024-06-01 06:00:00,-28980227.572607324,16,6873.649088838636,0.667,False
2024-06-01 09:00:00,-28980427.615354422,15,6874.062355410352,1.0,False
2024-06-01 12:00:00,-28980245.06248299,18,6873.855504775327,1.333,False
2024-06-01 15:00:00,-28980456.112986334,18,6873.533371292283,1.333,False
2024-06-01 18:00:00,-28980536.319423553,11,6875.119381991117,0.667,False
2024-06-01 21:00:00,-28980308.48021587,18,6874.472479182795,0.0,False
2024-06-02 00:00:00,-28980469.405053284,18,6874.39999894068,0.333,False
2024-06-02 03:00:00,-28980614.09725453,18,6873.820031582895,0.667,False
2024-06-02 06:00:00,-28980634.340327315,8,6872.501089142796,0.333,False
2024-06-02 09:00:00,-28979925.43280532,1,6866.4573190834135,1.0,False
2024-06-02 12:00:00,-28980791.97897908,18,6874.329709350938,0.667,False
2024-06-02 15:00:00,-28980929.088905104,18,6874.32374533345,1.0,False
2024-06-02 18:00:00,-28980930.66421609,15,6875.200804766544,1.333,False
2024-06-02 21:00:00,-28980731.16694418,18,6873.46708384452,2.333,False
2024-06-03 00:00:00,-28980727.62914063,18,6873.745297581287,1.667,False
2024-06-03 03:00:00,-28981105.03739622,18,6874.216785991105,1.0,False
2024-06-03 06:00:00,-28981142.89797652,16,6873.580520652184,1.333,False
2024-06-03 09:00:00,-28980890.5286971,16,6873.519828805577,1.667,False
2024-06-03 12:00:00,-28981038.93443825,18,6873.4028872018,1.667,False
2024-06-03 15:00:00,-28981317.970466334,17,6874.030757978958,1.333,False
2024-06-03 18:00:00,-28981265.073915947,16,6874.991753130947,2.0,False
2024-06-03 21:00:00,-28981190.567410648,18,6874.312023569127,4.333,False
2024-06-04 00:00:00,-28981402.455403205,18,6873.801274211299,2.333,False
2024-06-04 03:00:00,-28981561.615365416,18,6873.2974114343115,2.667,False
2024-06-04 06:00:00,-28981541.242294595,17,6873.233817960163,2.0,False
2024-06-04 09:00:00,-28981489.865897845,16,6873.683480014584,2.0,False
2024-06-04 12:00:00,-28981633.665853947,18,6874.220233746119,1.0,False
2024-06-04 15:00:00,-28981885.575248364,14,6873.764448331906,0.667,False
2024-06-04 18:00:00,-28981849.476315286,13,6874.594545200352,0.333,False
2024-06-04 21:00:00,-28981740.256535683,18,6873.36420049308,0.333,False
2024-06-05 00:00:00,-28981863.40347291,18,6873.894099282925,0.667,False
2024-06-05 03:00:00,-28982132.12563277,18,6874.113682694284,2.0,False
2024-06-05 06:00:00,-28982084.129964035,17,6873.531800271861,1.667,False
2024-06-05 09:00:00,-28981994.971125774,17,6873.327932740427,1.333,False
2024-06-05 12:00:00,-28982018.680034477,18,6873.257095156442,2.333,False
2024-06-05 15:00:00,-28982391.006903227,18,6873.709458788343,1.333,False
2024-06-05 18:00:00,-28982609.42457866,14,6876.132766089886,1.667,False
2024-06-05 21:00:00,-28982212.816226307,18,6873.786066275894,2.333,False
2024-06-06 00:00:00,-28982432.421019487,18,6873.182628024595,1.667,False
2024-06-06 03:00:00,-28982585.551355593,18,6873.087234325152,1.333,False
2024-06-06 06:00:00,-28982566.134121206,16,6872.770360999956,2.0,False
2024-06-06 09:00:00,-28982545.766442634,16,6873.822995252216,0.667,False
2024-06-06 12:00:00,-28982720.110498954,18,6873.720209503379,1.667,False
2024-06-06 15:00:00,-28982965.853729792,18,6873.099608633244,1.667,False
2024-06-06 18:00:00,-28983049.833254766,15,6873.873904518602,0.333,False
2024-06-06 21:00:00,-28982942.028046317,18,6873.4559638164865,0.333,False
2024-06-07 00:00:00,-28982989.897040088,18,6873.887252018172,1.0,False
2024-06-07 03:00:00,-28983153.266365845,18,6873.670786071003,2.333,False
2024-06-07 06:00:00,-28983077.83133487,16,6872.565212956771,2.333,False
2024-06-07 09:00:00,-28983146.90866557,18,6872.908942292582,3.667,False
2024-06-07 12:00:00,-28983304.839260202,18,6873.307796336803,6.333,True
2024-06-07 15:00:00,-28983570.55927883,17,6874.121789287639,5.667,False
2024-06-07 18:00:00,-28983523.93292248,16,6874.314362037839,3.0,False
2024-06-07 21:00:00,-28983427.304958742,18,6873.092786792263,3.0,False
2024-06-08 00:00:00,-28983603.202885315,18,6872.78724711885,4.667,False
2024-06-08 03:00:00,-28983847.70529081,18,6873.112168496137,3.0,False
2024-06-08 06:00:00,-28983944.25324549,18,6873.608274167798,2.667,False
2024-06-08 09:00:00,-28983870.4416951,14,6873.2072075609485,2.667,False
2024-06-08 12:00:00,-28983926.586675778,18,6873.039457916286,2.0,False
2024-06-08 15:00:00,-28984199.679788955,17,6873.002200610239,2.667,False
2024-06-08 18:00:00,-28984280.26503342,14,6874.412980059806,2.0,False
2024-06-08 21:00:00,-28984177.164970092,18,6873.517697995869,1.667,False
2024-06-09 00:00:00,-28984350.135549076,18,6873.519374133248,1.333,False
2024-06-09 03:00:00,-28984537.38753094,18,6872.9568515679575,0.667,False
2024-06-09 06:00:00,-28984533.40297889,15,6871.555881902303,1.0,False
2024-06-09 09:00:00,-28984458.35732757,16,6872.694918747746,0.667,False
2024-06-09 12:00:00,-28984558.997270893,18,6873.375931396278,2.0,False
2024-06-09 15:00:00,-28984948.428105358,17,6873.852358536026,1.0,False
2024-06-09 18:00:00,-28984803.085524704,16,6873.5870814023765,1.667,False
2024-06-09 21:00:00,-28984766.20083849,16,6873.256407720717,1.333,False
2024-06-10 00:00:00,-28984831.27308431,18,6872.6959514212695,1.333,False
2024-06-10 03:00:00,-28985026.417497616,18,6873.21611648983,0.333,False
2024-06-10 06:00:00,-28985178.12203478,17,6873.312726124103,0.667,False
2024-06-10 09:00:00,-28984839.528303012,16,6872.830082408794,1.0,False
2024-06-10 12:00:00,-28985083.847563285,18,6872.477354912635,0.667,False
2024-06-10 15:00:00,-28985312.98859193,18,6872.531086576413,3.667,False
2024-06-10 18:00:00,-28985486.766074087,13,6875.333812738057,4.0,False
2024-06-10 21:00:00,-28985309.09970041,18,6873.356127257285,2.0,False
2024-06-11 00:00:00,-28985349.065336023,18,6872.970740069576,3.667,False
2024-06-11 03:00:00,-28985717.70275158,18,6872.35902105841,4.333,False
2024-06-11 06:00:00,-28985573.53879732,15,6871.782326004971,2.333,False
2024-06-11 09:00:00,-28985462.290184867,10,6872.098089377538,1.333,False
2024-06-11 12:00:00,-28985700.154760305,18,6873.26929104183,1.0,False
2024-06-11 15:00:00,-28985872.405088946,18,6872.912521707401,1.0,False
2024-06-11 18:00:00,-28985975.123029698,14,6873.65228994516,0.667,False
2024-06-11 21:00:00,-28985807.45927123,18,6872.32479372693,1.333,False
2024-06-12 00:00:00,-28985856.000524066,18,6872.8203628168185,0.667,False
2024-06-12 03:00:00,-28986120.691769447,18,6873.156637374412,0.667,False
2024-06-12 06:00:00,-28985857.38172129,11,6871.391691248972,0.667,False
2024-06-12 09:00:00,-28985975.062199168,17,6872.140705568126,0.667,False
2024-06-12 12:00:00,-28986163.67447233,18,6872.2099403933325,1.0,False
2024-06-12 15:00:00,-28986383.1729319,17,6872.8987670093575,1.333,False
2024-06-12 18:00:00,-28986447.58761326,14,6874.525137607651,1.0,False
2024-06-12 21:00:00,-28986209.187051628,14,6872.682482625542,1.333,False
2024-06-13 00:00:00,-28986371.418609753,18,6872.355720022485,0.333,False
2024-06-13 03:00:00,-28986504.39693813,18,6872.110015021164,0.333,False
2024-06-13 06:00:00,-28986509.709134106,15,6871.940157412467,0.333,False
2024-06-13 09:00:00,-28986564.580773965,15,6872.204481979811,0.333,False
2024-06-13 12:00:00,-28986517.551068347,18,6872.940335390363,1.0,False
2024-06-13 15:00:00,-28986757.368230615,17,6872.638114253952,1.0,False
2024-06-13 18:00:00,-28986901.85634172,14,6873.554317061995,1.0,False
2024-06-13 21:00:00,-28986540.15602102,18,6872.442073124334,0.0,False
2024-06-14 00:00:00,-28986774.41839498,18,6872.922582764771,0.333,False
2024-06-14 03:00:00,-28987014.82895484,18,6872.869313408598,0.667,False
2024-06-14 06:00:00,-28986992.979620222,16,6871.816176074369,2.0,False
2024-06-14 09:00:00,-28987020.815165523,16,6871.020297608537,1.667,False
2024-06-14 12:00:00,-28986967.16087183,18,6872.271115054533,1.0,False
2024-06-14 15:00:00,-28987136.410788894,18,6872.780965763559,0.667,False
2024-06-14 18:00:00,-28987233.04862144,16,6873.39459512223,1.667,False
2024-06-14 21:00:00,-28987010.826183856,18,6872.420110670577,2.333,False
2024-06-15 00:00:00,-28987242.243918393,18,6871.93693106018,2.333,False
2024-06-15 03:00:00,-28987366.56767026,18,6872.11015211404,2.333,False
2024-06-15 06:00:00,-28987283.64595724,16,6872.140176180939,2.0,False
2024-06-15 09:00:00,-28987320.495245904,17,6872.511946394941,3.0,False
2024-06-15 12:00:00,-28987349.0589739,18,6872.409430107383,4.667,False
2024-06-15 15:00:00,-28987652.702850785,18,6871.864602063487,3.333,False
2024-06-15 18:00:00,-28987690.199981805,12,6871.792852014861,2.667,False
2024-06-15 21:00:00,-28987551.88904986,14,6873.006587404155,4.0,False
2024-06-16 00:00:00,-28987560.624926608,18,6872.817334472488,2.667,False
2024-06-16 03:00:00,-28987803.292027183,18,6872.38060624068,0.667,False
2024-06-16 06:00:00,-28987836.957058877,16,6871.630786177686,2.0,False
2024-06-16 09:00:00,-28987726.21222713,13,6870.359368560653,3.333,False
2024-06-16 12:00:00,-28987874.382146195,18,6872.419380465563,3.667,False
2024-06-16 15:00:00,-28988119.67906202,17,6872.894122222294,3.0,False
2024-06-16 18:00:00,-28988131.668953285,13,6874.213266283186,4.0,False
2024-06-16 21:00:00,-28988037.22190152,18,6871.853182590825,1.667,False
2024-06-17 00:00:00,-28987945.470159788,18,6871.817427395327,2.0,False
2024-06-17 03:00:00,-28988235.795041595,18,6872.252437833003,2.333,False
2024-06-17 06:00:00,-28988125.10685173,15,6872.076826780184,1.667,False
2024-06-17 09:00:00,-28988131.581396163,15,6872.265298789284,1.667,False
2024-06-17 12:00:00,-28988207.255440325,18,6871.872939956322,2.333,False
2024-06-17 15:00:00,-28988481.907714844,16,6871.675637207773,3.333,False
2024-06-17 18:00:00,-28988576.7307327,15,6872.946024073963,3.333,False
2024-06-17 21:00:00,-28988211.093369454,18,6872.641310526849,3.0,False
2024-06-18 00:00:00,-28988493.525561318,18,6872.424643793932,1.667,False
2024-06-18 03:00:00,-28988600.503603652,18,6871.838492644623,2.667,False
2024-06-18 06:00:00,-28988608.85255855,17,6871.090114087717,2.667,False
2024-06-18 09:00:00,-28988594.87307178,14,6871.669279456034,2.667,False
2024-06-18 12:00:00,-28988562.70939599,18,6872.519348682735,2.667,False
2024-06-18 15:00:00,-28988933.10581669,3,6873.482530312644,3.333,False
2024-06-19 09:00:00,-28989041.840154484,2,6878.219595630971,1.333,False
2024-06-19 12:00:00,-28989172.623464964,18,6871.471859565073,3.333,False
2024-06-19 15:00:00,-28989220.457568243,18,6871.713268454651,2.667,False
2024-06-19 18:00:00,-28989289.250693366,16,6872.734304219162,2.0,False
2024-06-19 21:00:00,-28989079.80937072,18,6872.4258872896435,1.0,False
2024-06-20 00:00:00,-28989176.143411234,18,6871.93745974404,2.0,False
2024-06-20 03:00:00,-28989289.90972081,18,6871.460009798771,1.333,False
2024-06-20 06:00:00,-28989289.332662452,15,6870.663272704191,1.333,False
2024-06-20 09:00:00,-28989218.11286299,12,6871.9041929455025,1.0,False
2024-06-20 12:00:00,-28989379.989796992,18,6872.382799520183,1.667,False
2024-06-20 15:00:00,-28989689.1573351,18,6871.894117502361,1.333,False
2024-06-20 18:00:00,-28989571.361486733,15,6871.682933975409,2.333,False
2024-06-20 21:00:00,-28989372.16324431,18,6871.546061203871,2.333,False
2024-06-21 00:00:00,-28989582.14303666,18,6872.039864620927,1.333,False
2024-06-21 03:00:00,-28989839.43521642,18,6872.280542284674,1.333,False
2024-06-21 06:00:00,-28989806.590977676,16,6871.311251770711,0.667,False
2024-06-21 09:00:00,-28989651.8454512,17,6871.304259852211,0.333,False
2024-06-21 12:00:00,-28989856.036944874,18,6871.3779509426295,0.333,False
2024-06-21 15:00:00,-28990035.470502093,16,6872.640954729058,0.333,False
2024-06-21 18:00:00,-28990024.536739852,11,6874.113285547725,1.0,False
2024-06-21 21:00:00,-28989921.59943951,17,6872.557361981876,0.667,False
2024-06-22 00:00:00,-28989977.608473554,18,6871.430372650518,1.333,False
2024-06-22 03:00:00,-28990156.255124375,18,6871.273281213297,0.333,False
2024-06-22 06:00:00,-28990171.34765344,14,6871.656527347364,0.333,False
2024-06-22 09:00:00,-28990038.713580206,4,6871.414119253062,0.333,False
2024-06-22 12:00:00,-28990231.930026703,16,6873.032167707365,0.667,False
2024-06-22 15:00:00,-28990345.30330134,13,6871.4677585680965,1.0,False
2024-06-23 09:00:00,-28990467.528517634,4,6869.887965248858,3.0,False
2024-06-23 12:00:00,-28990582.66737702,18,6871.476575477586,3.333,False
2024-06-23 15:00:00,-28990788.91755883,18,6871.956138653182,2.667,False
2024-06-23 18:00:00,-28990890.528954096,14,6872.731948922157,2.333,False
2024-06-23 21:00:00,-28990692.512027837,18,6871.487790797902,1.667,False
2024-06-24 00:00:00,-28990742.76243431,18,6871.094658420719,1.667,False
2024-06-24 03:00:00,-28991017.7196379,18,6871.289014649916,0.333,False
2024-06-24 06:00:00,-28990946.06484871,18,6871.866290187813,0.333,False
2024-06-24 09:00:00,-28990944.076565567,14,6871.864322960421,0.333,False
2024-06-24 12:00:00,-28991009.335722413,18,6871.493973890972,0.667,False
2024-06-24 15:00:00,-28991236.900329266,18,6870.99951199962,0.667,False
2024-06-24 18:00:00,-28991185.148459353,14,6872.584484782504,1.0,False
2024-06-24 21:00:00,-28990997.385908417,13,6871.824545803217,1.333,False
2024-06-25 00:00:00,-28991182.945253104,18,6871.949670917596,1.333,False
2024-06-25 03:00:00,-28991424.01911106,18,6871.488061037881,1.333,False
2024-06-25 06:00:00,-28991417.48994754,16,6870.830382863473,2.0,False
2024-06-25 09:00:00,-28991370.828908686,16,6870.419112712487,2.0,False
2024-06-25 12:00:00,-28991478.780881234,18,6871.591359491976,1.667,False
2024-06-25 15:00:00,-28991813.90938753,17,6871.984269500655,2.667,False
2024-06-25 18:00:00,-28991845.332907926,10,6873.167806567458,1.667,False
2024-06-25 21:00:00,-28991533.866694916,17,6871.184463058853,1.0,False
2024-06-26 00:00:00,-28991620.967132863,18,6870.9604297930255,1.0,False
2024-06-26 03:00:00,-28991932.887958612,18,6871.3973219787285,1.333,False
2024-06-26 06:00:00,-28991966.207197227,17,6871.350602731977,2.333,False
2024-06-26 09:00:00,-28991851.940160174,14,6871.244545330776,2.667,False
2024-06-26 12:00:00,-28991906.16004984,18,6870.984466406414,2.667,False
2024-06-26 15:00:00,-28992004.59795129,15,6871.323622908336,2.667,False
2024-06-26 18:00:00,-28992187.844920285,14,6872.70752351689,2.333,False
2024-06-26 21:00:00,-28992073.681325875,17,6871.73705508361,1.333,False
2024-06-27 00:00:00,-28992284.007043272,18,6871.523475827828,1.667,False
2024-06-27 03:00:00,-28992401.544890344,18,6870.936914560629,1.333,False
2024-06-27 06:00:00,-28992305.222641785,15,6869.227856234529,0.667,False
2024-06-27 09:00:00,-28992184.35477977,17,6870.898573488384,1.0,False
2024-06-27 12:00:00,-28992460.025666803,18,6871.590450406421,2.0,False
2024-06-27 15:00:00,-28992823.60623475,15,6872.352627245245,2.333,False
2024-06-27 18:00:00,-28992777.474191666,4,6870.711434455629,2.333,False
2024-06-28 09:00:00,-28993006.831071727,7,6872.702979526655,6.0,True
2024-06-28 12:00:00,-28993004.281898584,18,6870.5657285696725,7.667,True
2024-06-28 15:00:00,-28993387.969094884,17,6870.687983024322,5.667,False
2024-06-28 18:00:00,-28993558.082253136,13,6872.932197893972,5.333,False
2024-06-28 21:00:00,-28993494.380512994,18,6871.388745474595,3.667,False
2024-06-29 00:00:00,-28993485.370583937,18,6870.950097425949,4.0,False
2024-06-29 03:00:00,-28993690.293004956,18,6870.430587850353,2.333,False
2024-06-29 06:00:00,-28993739.578364976,17,6870.8028966295815,2.0,False
2024-06-29 09:00:00,-28993593.83696459,18,6871.129131230342,2.333,False
2024-06-29 12:00:00,-28993847.9054707,18,6871.329750196021,2.0,False
2024-06-29 15:00:00,-28994071.88132249,18,6870.899979689866,3.0,False
2024-06-29 18:00:00,-28993952.610843863,11,6869.549339823898,3.0,False
2024-06-29 21:00:00,-28993938.721334092,17,6871.2298343697785,2.667,False
2024-06-30 00:00:00,-28993954.546183713,18,6871.29952618518,2.333,False
2024-06-30 03:00:00,-28994237.612507556,18,6870.903885729393,2.333,False
2024-06-30 06:00:00,-28994173.641608696,16,6870.0618688619725,1.333,False
2024-06-30 09:00:00,-28994095.59913892,14,6869.887185390696,2.667,False
2024-06-30 12:00:00,-28994278.259427205,18,6870.838727955092,3.333,False
2024-06-30 15:00:00,-28994539.928619273,17,6871.435981259737,3.667,False
2024-06-30 18:00:00,-28994825.270993914,7,6872.205244909164,2.333,False
2024-07-01 09:00:00,-28994632.814329892,4,6871.627507293592,1.333,False
2024-07-01 12:00:00,-28994818.24942578,18,6870.383404169493,1.667,False
2024-07-01 15:00:00,-28995060.952784635,17,6870.372048792488,1.667,False
2024-07-01 18:00:00,-28995057.039600633,13,6870.324641405224,1.0,False
2024-07-01 21:00:00,-28994991.674633678,18,6870.986226915462,0.333,False
2024-07-02 00:00:00,-28995186.30346832,18,6870.913914993625,1.0,False
2024-07-02 03:00:00,-28995316.07375795,18,6870.35106704942,1.333,False
2024-07-02 06:00:00,-28995266.598373845,18,6870.022120206734,0.667,False
2024-07-02 09:00:00,-28995192.804525066,11,6869.48569314696,0.667,False
2024-07-02 12:00:00,-28995349.578497894,18,6870.832689850496,1.333,False
2024-07-02 15:00:00,-28995567.92629761,18,6870.870348139655,0.667,False
2024-07-02 18:00:00,-28995555.221755058,17,6870.508395735524,1.0,False
2024-07-02 21:00:00,-28995432.402874056,18,6870.001461343112,1.333,False
2024-07-03 00:00:00,-28995636.30155942,18,6870.136695216573,1.333,False
2024-07-03 03:00:00,-28995755.508575536,18,6870.667899579126,1.0,False
2024-07-03 06:00:00,-28995832.41998088,18,6870.846093360792,1.333,False
2024-07-03 09:00:00,-28995711.36874254,15,6870.045631675258,0.667,False
2024-07-03 12:00:00,-28995763.345412485,18,6869.955099522611,1.333,False
2024-07-03 15:00:00,-28996074.036107868,18,6869.962354669163,0.667,False
2024-07-03 18:00:00,-28996303.67397755,12,6872.739145941281,1.0,False
2024-07-03 21:00:00,-28996049.618130647,18,6870.804011594965,1.333,False
2024-07-04 00:00:00,-28996122.065274805,18,6870.461949266277,1.667,False
2024-07-04 03:00:00,-28996340.173959967,18,6869.876537659381,2.0,False
2024-07-04 06:00:00,-28996265.089132544,17,6869.954792751681,1.0,False
2024-07-04 09:00:00,-28996234.276127603,14,6868.821069269677,1.333,False
2024-07-04 12:00:00,-28996316.03711096,18,6870.740728152062,2.0,False
2024-07-04 15:00:00,-28996597.375084292,18,6870.439478118649,3.0,False
2024-07-05 12:00:00,-28996842.186049026,18,6869.651615727145,3.0,False
2024-07-05 15:00:00,-28997135.054537207,17,6870.330790024279,2.333,False
2024-07-05 18:00:00,-28997045.65519469,17,6870.607875677471,0.667,False
2024-07-05 21:00:00,-28997063.500320002,18,6870.480651796619,0.333,False
2024-07-06 00:00:00,-28997061.84602909,18,6869.9580338054375,1.0,False
2024-07-06 03:00:00,-28997355.828316476,18,6869.531505768861,0.667,False
2024-07-06 06:00:00,-28997336.169959694,18,6869.803642801848,0.333,False
2024-07-06 09:00:00,-28997232.265573695,12,6870.78122888903,0.333,False
2024-07-06 12:00:00,-28997371.673367072,18,6870.452713400951,0.333,False
2024-07-06 15:00:00,-28997536.004179567,16,6870.884618331317,0.333,False
2024-07-06 18:00:00,-28997593.604522765,13,6870.125713307346,0.333,False
2024-07-06 21:00:00,-28997321.978486754,18,6869.711582796712,0.667,False
2024-07-07 00:00:00,-28997672.396818623,18,6870.185507367048,1.667,False
2024-07-07 03:00:00,-28997893.63517805,18,6870.3656129249075,1.333,False
2024-07-07 06:00:00,-28997923.603112537,17,6869.419791884847,1.0,False
2024-07-07 09:00:00,-28997668.701944932,18,6869.520028477139,0.333,False
2024-07-07 12:00:00,-28997721.380068853,18,6869.546535858449,1.667,False
2024-07-07 15:00:00,-28998037.431926385,18,6869.996302104129,1.333,False
2024-07-07 18:00:00,-28998147.68790735,3,6873.925870397546,2.667,False
2024-07-08 09:00:00,-28998104.461269982,7,6870.429884652234,3.0,False
2024-07-08 12:00:00,-28998284.611117274,18,6870.077743978041,3.333,False
2024-07-08 15:00:00,-28998557.377958365,18,6869.459286166325,2.333,False
2024-07-08 18:00:00,-28998608.13486368,15,6870.262136182847,2.0,False
2024-07-08 21:00:00,-28998325.600013588,14,6869.8170854039245,2.333,False
2024-07-09 00:00:00,-28998528.338262934,18,6870.154614863264,1.667,False
2024-07-09 03:00:00,-28998740.75342021,18,6870.045910903528,1.667,False
2024-07-09 06:00:00,-28998720.36582775,16,6868.803003226836,0.667,False
2024-07-09 09:00:00,-28998693.029960137,18,6869.212033650148,1.667,False
2024-07-09 12:00:00,-28998725.3468793,18,6869.514478120244,2.333,False
2024-07-09 15:00:00,-28999052.332813736,16,6870.699472349027,1.0,False
2024-07-09 18:00:00,-28999121.051574167,15,6871.027014363765,1.333,False
2024-07-09 21:00:00,-28998910.160256132,15,6870.145063057871,1.667,False
2024-07-10 00:00:00,-28998939.064853504,18,6869.164681538709,1.667,False
2024-07-10 03:00:00,-28999106.276253656,18,6869.331366935588,1.0,False
2024-07-10 06:00:00,-28999078.418246586,14,6869.617660381002,1.333,False
2024-07-10 09:00:00,-28999410.78378319,4,6873.089167193254,1.0,False
2024-07-10 12:00:00,-28999190.29387145,18,6869.625764656261,1.0,False
2024-07-10 15:00:00,-28999457.97509451,16,6869.907510114603,1.0,False
2024-07-10 18:00:00,-28999501.41394587,17,6869.673709847281,1.0,False
2024-07-10 21:00:00,-28999342.03556215,18,6869.72871408351,1.333,False
2024-07-11 00:00:00,-28999539.947736174,18,6869.982276186991,2.0,False
2024-07-11 03:00:00,-28999636.137545854,18,6869.625869709604,1.333,False
2024-07-11 06:00:00,-28999722.06978899,15,6868.1386590621005,1.333,False
2024-07-11 09:00:00,-28999612.58263174,16,6868.415578489563,0.667,False
2024-07-11 12:00:00,-28999657.55555664,18,6869.543944866401,1.667,False
2024-07-11 15:00:00,-29000053.647663843,18,6869.842574553681,1.333,False
2024-07-11 18:00:00,-29000008.448833212,16,6870.269350017597,1.667,False
2024-07-11 21:00:00,-28999759.29162584,18,6869.154131838333,2.0,False
2024-07-12 00:00:00,-29000021.113734093,18,6868.916202423717,2.0,False
2024-07-12 03:00:00,-29000135.175601628,18,6869.317166259798,1.667,False
2024-07-12 06:00:00,-29000297.77304533,12,6868.374188626851,1.667,False
2024-07-12 12:00:00,-29000263.59063911,17,6869.530991810677,1.0,False
2024-07-12 15:00:00,-29000549.398053553,18,6868.773865978203,1.0,False
2024-07-12 18:00:00,-29000597.52588105,13,6870.192668178769,0.667,False
2024-07-12 21:00:00,-29000451.46608687,13,6869.68039471528,0.667,False
2024-07-13 00:00:00,-29000471.649643276,18,6869.6839711322655,0.667,False
2024-07-13 03:00:00,-29000659.41917089,18,6869.144240895127,1.0,False
2024-07-13 06:00:00,-29000570.64471069,17,6868.484636142553,0.333,False
2024-07-13 09:00:00,-29000556.222508404,15,6867.824992945773,0.333,False
2024-07-13 12:00:00,-29000633.350501508,18,6869.537142722199,1.0,False
2024-07-13 15:00:00,-29001217.921610527,14,6870.255696677981,1.0,False
2024-07-13 18:00:00,-29001156.343263093,12,6870.466399619617,1.333,False
2024-07-13 21:00:00,-29000936.06875175,15,6869.5559467156845,0.333,False
2024-07-14 00:00:00,-29000897.55092138,18,6868.833877230649,1.333,False
2024-07-14 03:00:00,-29001151.934385363,18,6869.31027604144,1.0,False
2024-07-14 06:00:00,-29001310.757862248,15,6868.823058543237,1.0,False
2024-07-14 09:00:00,-29001083.38153862,14,6869.396607639574,1.333,False
2024-07-14 12:00:00,-29001233.32563287,18,6868.716074457276,1.333,False
2024-07-14 15:00:00,-29001581.162649952,14,6869.494892446418,0.667,False
2024-07-14 18:00:00,-29001703.153417468,14,6870.149501366877,1.0,False
2024-07-14 21:00:00,-29001462.089126747,18,6869.515809064981,1.333,False
2024-07-15 00:00:00,-29001342.521497436,17,6868.840171324608,1.0,False
2024-07-15 03:00:00,-29001643.1696493,18,6868.694315872968,1.0,False
2024-07-15 06:00:00,-29001770.082771752,16,6867.523231261084,1.333,False
2024-07-15 09:00:00,-29001752.966815986,17,6868.74482732226,0.667,False
2024-07-15 12:00:00,-29001961.372820802,18,6869.3572283333215,1.0,False
2024-07-15 15:00:00,-29002225.678029634,14,6870.099116267097,1.0,False
2024-07-15 18:00:00,-29002049.79124334,13,6869.056514506221,2.0,False
2024-07-15 21:00:00,-29001910.374292374,18,6868.44841763245,3.0,False
2024-07-16 00:00:00,-29002158.332999226,18,6868.725974378141,3.333,False
2024-07-16 03:00:00,-29002307.613737494,18,6869.221104426327,2.0,False
2024-07-16 06:00:00,-29002389.968021944,18,6869.236245076206,2.0,False
2024-07-16 09:00:00,-29002268.12119602,17,6868.434748630246,1.0,False
2024-07-16 12:00:00,-29002421.16160049,18,6868.335549796548,1.667,False
2024-07-16 15:00:00,-29002658.503504105,18,6868.5035487199175,2.667,False
2024-07-16 18:00:00,-29002845.121239282,13,6870.743486938334,2.0,False
2024-07-16 21:00:00,-29002725.39963277,18,6869.197854366668,2.0,False
2024-07-17 00:00:00,-29002880.028777298,18,6868.741617443988,0.667,False
2024-07-17 03:00:00,-29003011.35607148,18,6868.237459351017,1.333,False
2024-07-17 06:00:00,-29003218.241583314,17,6868.500743400418,1.667,False
2024-07-17 09:00:00,-29003148.46864869,15,6867.5861360570925,1.0,False
2024-07-17 12:00:00,-29003131.534358416,18,6869.126499928117,2.333,False
2024-07-17 15:00:00,-29003364.904769428,17,6868.562548541837,1.333,False
2024-07-17 18:00:00,-29003507.20231774,14,6869.460524934594,1.0,False
2024-07-17 21:00:00,-29003312.06742703,17,6867.751499116813,0.667,False
2024-07-18 00:00:00,-29003523.579809945,18,6868.624237484623,0.333,False
2024-07-18 03:00:00,-29003731.573205017,18,6868.967194817424,0.667,False
2024-07-18 06:00:00,-29003760.604045868,15,6867.97046484237,1.0,False
2024-07-18 09:00:00,-29003675.743622143,13,6868.114156918765,1.333,False
2024-07-18 12:00:00,-29003774.640064932,18,6868.021807108656,1.0,False
2024-07-18 15:00:00,-29004190.38345475,15,6869.264761052166,1.0,False
2024-07-18 18:00:00,-29004123.429391127,17,6868.892314067045,1.333,False
2024-07-18 21:00:00,-29004085.002451535,18,6868.778656492394,0.333,False
2024-07-19 00:00:00,-29004113.136588726,18,6868.234367411324,0.333,False
2024-07-19 03:00:00,-29004351.81520491,18,6867.870767057975,1.0,False
2024-07-19 06:00:00,-29004442.069171187,16,6867.516577964403,1.0,False
2024-07-19 09:00:00,-29004478.84527167,13,6868.9907711472515,0.667,False
2024-07-19 12:00:00,-29004384.31270926,18,6868.7730484768745,1.0,False
2024-07-19 15:00:00,-29004724.042186346,17,6868.3235629649425,1.0,False
2024-07-19 18:00:00,-29004926.361779694,12,6869.69382240072,1.333,False
2024-07-19 21:00:00,-29004562.473459385,18,6868.016363869156,0.667,False
2024-07-20 00:00:00,-29004736.19243722,18,6868.523711715249,1.667,False
2024-07-20 03:00:00,-29005032.91200851,18,6868.665557432239,1.667,False
2024-07-20 06:00:00,-29005021.8872201,17,6868.084376220433,2.0,False
2024-07-20 09:00:00,-29005060.55874225,12,6867.631587905782,1.333,False
2024-07-20 12:00:00,-29005091.379107807,18,6867.807903772172,1.0,False
2024-07-20 15:00:00,-29005489.493485853,16,6869.144933373631,1.667,False
2024-07-20 18:00:00,-29005617.758870576,14,6870.338089289027,2.667,False
2024-07-20 21:00:00,-29005275.77063847,18,6868.330693593277,1.0,False
2024-07-21 00:00:00,-29005365.46166937,18,6867.777334047491,1.0,False
2024-07-21 03:00:00,-29005709.293154255,18,6867.58870782415,0.333,False
2024-07-21 06:00:00,-29005811.605278675,17,6867.700992897563,0.333,False
2024-07-21 09:00:00,-29005677.29755019,15,6867.528653306125,0.333,False
2024-07-21 12:00:00,-29005844.525222346,18,6868.308417617245,1.333,False
2024-07-21 15:00:00,-29005933.625794347,18,6867.740546735555,1.333,False
2024-07-21 18:00:00,-29006010.578522585,16,6868.044677914051,1.667,False
2024-07-21 21:00:00,-29005899.37195302,17,6868.347453083105,1.667,False
2024-07-22 00:00:00,-29006048.788252182,18,6868.34745727554,1.667,False
2024-07-22 03:00:00,-29006441.491851334,18,6868.251721031864,1.333,False
2024-07-22 06:00:00,-29006359.53795963,16,6866.984051097797,1.667,False
2024-07-22 09:00:00,-29006391.62287246,14,6866.285506496706,3.0,False
2024-07-22 12:00:00,-29006438.71039662,18,6867.624756894213,2.333,False
2024-07-22 15:00:00,-29006778.22016426,16,6868.929921275447,1.333,False
2024-07-22 18:00:00,-29006817.516105153,8,6868.97958320802,2.333,False
2024-07-23 09:00:00,-29006972.115397114,3,6871.835474579905,0.667,False
2024-07-23 12:00:00,-29006933.25843603,18,6867.890005141923,1.0,False
2024-07-23 15:00:00,-29007362.875060577,15,6867.561141517199,1.0,False
2024-07-23 18:00:00,-29007343.684509806,14,6869.031076330103,2.667,False
2024-07-23 21:00:00,-29007311.4752383,18,6867.7224260987305,1.667,False
2024-07-24 00:00:00,-29007331.963925857,18,6868.117557139399,1.667,False
2024-07-24 03:00:00,-29007683.33805314,18,6867.8310270626525,1.333,False
2024-07-24 06:00:00,-29007674.392478637,14,6867.0772655458495,1.333,False
2024-07-24 09:00:00,-29007513.345807843,16,6866.313008213846,1.0,False
2024-07-24 12:00:00,-29007600.634820983,18,6867.5256384343475,1.333,False
2024-07-24 15:00:00,-29008238.1938507,2,6873.028147050213,0.667,False
2024-07-25 09:00:00,-29008384.57963367,6,6867.956934597165,1.0,False
2024-07-25 12:00:00,-29008119.879774287,18,6867.435443989994,2.0,False
2024-07-25 15:00:00,-29008300.110405467,18,6866.959592338131,2.667,False
2024-07-25 18:00:00,-29008531.253021426,14,6867.838666148467,3.0,False
2024-07-25 21:00:00,-29008245.701716155,18,6867.665125916708,3.333,False
2024-07-26 00:00:00,-29008498.442030188,18,6867.842830674337,4.0,False
2024-07-26 03:00:00,-29008621.811200213,18,6867.454662217573,5.0,False
2024-07-26 06:00:00,-29008613.78020137,17,6866.485358525111,4.0,False
2024-07-26 09:00:00,-29008806.602319457,15,6866.394068301304,2.333,False
2024-07-26 12:00:00,-29008854.701558065,18,6867.390509933051,3.667,False
2024-07-26 15:00:00,-29009094.697912272,17,6867.982498190173,4.333,False
2024-07-26 18:00:00,-29009104.68649808,15,6868.631570274596,3.0,False
2024-07-26 21:00:00,-29008868.300410137,18,6866.9792660037,2.667,False
2024-07-27 00:00:00,-29008897.33888037,18,6866.818375204386,1.0,False
2024-07-27 03:00:00,-29009147.759952433,18,6867.188136815589,2.333,False
2024-07-27 06:00:00,-29009351.707104143,15,6866.810061591199,2.333,False
2024-07-27 09:00:00,-29009167.888101835,10,6866.7188220282815,2.667,False
2024-07-27 12:00:00,-29009291.288135543,12,6867.750011584014,4.0,False
2024-07-27 15:00:00,-29009521.85008268,16,6867.5153802733485,2.667,False
2024-07-27 18:00:00,-29009619.553138774,15,6868.13930408838,1.0,False
2024-07-27 21:00:00,-29009501.071403593,16,6868.307280691573,1.333,False
2024-07-28 00:00:00,-29009526.061801128,18,6867.560338500288,1.333,False
2024-07-28 03:00:00,-29009699.272672046,18,6867.040976883225,1.0,False
2024-07-28 06:00:00,-29009714.493695088,17,6866.468903476691,1.667,False
2024-07-28 09:00:00,-29009777.451728914,14,6867.349225744381,1.333,False
2024-07-28 12:00:00,-29009633.050109074,18,6867.349886433791,2.0,False
2024-07-28 15:00:00,-29010015.31788767,17,6868.0055051208565,1.333,False
2024-07-28 18:00:00,-29009973.3816846,4,6867.587150067634,2.667,False
2024-07-29 09:00:00,-29010083.28607813,6,6868.552726051275,1.667,False
2024-07-29 12:00:00,-29010125.874955684,18,6866.673936970092,1.333,False
2024-07-29 15:00:00,-29010408.954150137,18,6866.467505652499,1.333,False
2024-07-29 18:00:00,-29010548.453091614,15,6868.106122340823,1.667,False
2024-07-29 21:00:00,-29010341.75834045,18,6867.369656873734,1.667,False
2024-07-30 00:00:00,-29010474.412125297,18,6867.239643970447,4.0,False
2024-07-30 03:00:00,-29010526.663652524,18,6866.70214160632,5.333,False
2024-07-30 06:00:00,-29010621.97007068,17,6866.20558948254,4.0,False
2024-07-30 09:00:00,-29010600.936686818,13,6866.035530910644,3.667,False
2024-07-30 12:00:00,-29010807.416888934,18,6867.1871736641815,3.0,False
2024-07-30 15:00:00,-29011019.724070042,18,6867.2028287484045,3.333,False
2024-07-30 18:00:00,-29010961.596240405,15,6868.024826919663,1.333,False
2024-07-30 21:00:00,-29010943.106631793,18,6866.327551848527,2.0,False
2024-07-31 00:00:00,-29010939.782753237,18,6866.506938461728,1.333,False
2024-07-31 03:00:00,-29011300.640804842,18,6866.958280616058,1.0,False
2024-07-31 06:00:00,-29011222.39321712,15,6866.418688922336,1.333,False
2024-07-31 09:00:00,-29011136.293349493,11,6866.2549116025975,1.0,False
2024-07-31 12:00:00,-29011318.916510653,18,6866.303255508862,2.667,False
2024-07-31 15:00:00,-29011621.902605984,14,6866.9319514968665,4.0,False
2024-07-31 18:00:00,-29011578.340239014,15,6867.194125848483,4.667,False
2024-07-31 21:00:00,-29011382.303025503,18,6867.164186697899,3.667,False
2024-08-01 00:00:00,-29011610.142652616,18,6866.864144561382,5.333,False
2024-08-01 03:00:00,-29011716.635118976,18,6866.299670916136,4.333,False
2024-08-01 06:00:00,-29011761.037777133,14,6865.913833042344,3.333,False
2024-08-01 09:00:00,-29011711.356437907,17,6866.388479823274,2.333,False
2024-08-01 12:00:00,-29011872.30725406,18,6867.001813010009,3.0,False
2024-08-01 15:00:00,-29012199.32722895,17,6867.1268490695575,2.333,False
2024-08-01 18:00:00,-29012254.756046858,12,6868.01242071003,2.333,False
2024-08-01 21:00:00,-29011995.183314882,18,6866.0637782987105,2.0,False
2024-08-02 00:00:00,-29012273.091831144,18,6866.305186959926,2.333,False
2024-08-02 03:00:00,-29012386.878028776,18,6866.804820498484,2.667,False
2024-08-02 06:00:00,-29012386.63431119,16,6866.080258101962,1.667,False
2024-08-02 09:00:00,-29012267.070253365,17,6866.074743616021,1.0,False
2024-08-02 12:00:00,-29012359.915342696,18,6865.995419202738,1.667,False
2024-08-02 15:00:00,-29012692.29379217,18,6866.081696083342,1.667,False
2024-08-02 18:00:00,-29012891.144674096,13,6868.4795202459145,1.333,False
2024-08-02 21:00:00,-29012544.078100283,18,6866.882024446566,2.667,False
2024-08-03 00:00:00,-29012745.951403417,18,6866.474220536951,1.667,False
2024-08-03 03:00:00,-29012945.483569905,18,6865.926237077138,2.333,False
2024-08-03 06:00:00,-29012865.117607985,12,6865.97830737139,1.0,False
2024-08-03 09:00:00,-29012797.200533293,14,6864.469289186078,2.0,False
2024-08-03 12:00:00,-29013106.60236963,18,6866.753427531691,2.0,False
2024-08-03 15:00:00,-29013278.044718526,18,6866.490037490605,2.333,False
2024-08-03 18:00:00,-29013360.016056173,15,6866.834276636756,2.0,False
2024-08-03 21:00:00,-29013193.85175591,18,6865.7980638627,2.667,False
2024-08-04 00:00:00,-29013317.69286568,18,6866.180354883073,2.667,False
2024-08-04 03:00:00,-29013632.815992687,18,6866.574628725295,3.667,False
2024-08-04 06:00:00,-29013673.772387546,15,6865.657078187768,4.333,False
2024-08-04 09:00:00,-29013615.782146018,14,6866.854925566497,4.0,False
2024-08-04 12:00:00,-29013695.796183128,18,6865.665219960656,6.667,True
2024-08-04 15:00:00,-29014198.502019174,15,6867.0900643417435,7.0,True
2024-08-04 18:00:00,-29014160.49705268,16,6867.209527213113,4.333,False
2024-08-04 21:00:00,-29014114.163952652,18,6866.483274454077,4.0,False
2024-08-05 00:00:00,-29014174.14874024,18,6866.019122055261,2.333,False
2024-08-05 03:00:00,-29014423.740252305,18,6865.519816602331,2.667,False
2024-08-05 06:00:00,-29014562.718646597,14,6865.190741146341,3.0,False
2024-08-05 09:00:00,-29014573.979883652,14,6865.707115683273,2.0,False
2024-08-05 12:00:00,-29014538.97280501,18,6866.413342115972,2.0,False
2024-08-05 15:00:00,-29014986.07496448,18,6865.977994694196,1.667,False
2024-08-05 18:00:00,-29014842.10703252,15,6866.585765973768,1.667,False
2024-08-05 21:00:00,-29014751.869362567,18,6865.469640945906,1.667,False
2024-08-06 00:00:00,-29014894.919206552,18,6865.911109583211,1.667,False
2024-08-06 03:00:00,-29015093.97103557,18,6866.2734263401835,1.333,False
2024-08-06 06:00:00,-29015081.857642308,16,6865.208733574088,1.333,False
2024-08-06 09:00:00,-29015092.123383053,15,6864.5738958824095,0.333,False
2024-08-06 12:00:00,-29015186.271182153,18,6865.315156739603,0.667,False
2024-08-06 15:00:00,-29015390.155028615,17,6865.84871517071,1.333,False
2024-08-06 18:00:00,-29015744.176649358,13,6868.240102981743,1.333,False
2024-08-06 21:00:00,-29015398.251584675,18,6866.126024303052,1.667,False
2024-08-07 00:00:00,-29015563.491215292,18,6865.59294561467,1.0,False
2024-08-07 03:00:00,-29015952.03444939,18,6865.136625838331,1.667,False
2024-08-07 06:00:00,-29015801.98066663,16,6864.476250226119,1.0,False
2024-08-07 09:00:00,-29015818.003741477,12,6864.981201456678,2.0,False
2024-08-07 12:00:00,-29015814.114849657,18,6866.097848314326,2.0,False
2024-08-07 15:00:00,-29016223.813377663,18,6865.590725284794,1.333,False
2024-08-07 18:00:00,-29016415.152045656,16,6865.590995262972,1.0,False
2024-08-07 21:00:00,-29016137.77958679,18,6865.202529032781,2.333,False
2024-08-08 00:00:00,-29016260.29168622,18,6865.686778766227,2.667,False
2024-08-08 03:00:00,-29016619.256284278,18,6865.920259698849,1.333,False
2024-08-08 06:00:00,-29016436.146351647,14,6864.1849786591,1.333,False
2024-08-08 09:00:00,-29016624.41351123,17,6864.886494987535,1.667,False
2024-08-08 12:00:00,-29016662.319509134,18,6864.993057637646,1.0,False
2024-08-08 15:00:00,-29016998.16299612,17,6865.649740787274,1.0,False
2024-08-08 18:00:00,-29017019.932051156,17,6865.802458232991,1.333,False
2024-08-08 21:00:00,-29016980.098905873,18,6865.697814047255,1.333,False
2024-08-09 00:00:00,-29017113.555373892,18,6865.136444592457,2.0,False
2024-08-09 03:00:00,-29017358.07038878,18,6864.793853083468,1.333,False
2024-08-09 06:00:00,-29017302.27215505,17,6865.083497613363,0.667,False
2024-08-09 09:00:00,-29017435.244723145,16,6865.534541228306,1.333,False
2024-08-09 12:00:00,-29017587.305270292,18,6865.643200156313,2.0,False
2024-08-09 15:00:00,-29017913.417431362,17,6865.562850968176,1.667,False
2024-08-09 18:00:00,-29017997.904636063,5,6865.386801497911,1.0,False
2024-08-10 09:00:00,-29018344.828367725,6,6864.049354675707,0.667,False
2024-08-10 12:00:00,-29018501.928041346,18,6865.141733620851,2.333,False
2024-08-10 15:00:00,-29018850.82226251,16,6866.282754768895,2.333,False
2024-08-10 18:00:00,-29018862.15815326,16,6865.675814472609,1.667,False
2024-08-10 21:00:00,-29018726.432453677,18,6864.638159836561,1.333,False
2024-08-11 00:00:00,-29019060.962203417,18,6864.4178259708615,2.0,False
2024-08-11 03:00:00,-29019217.31179952,18,6864.804066602448,2.0,False
2024-08-11 06:00:00,-29019467.237893224,16,6864.331283428562,4.667,False
2024-08-11 09:00:00,-29019514.950342204,11,6863.4230379130595,4.333,False
2024-08-11 12:00:00,-29019578.107871536,18,6864.577371249098,5.0,False
2024-08-11 15:00:00,-29019996.021516684,18,6864.1699338718645,4.333,False
2024-08-11 18:00:00,-29020122.137089904,11,6865.022931928244,3.667,False
2024-08-11 21:00:00,-29020103.196106635,18,6864.956598528948,4.667,False
2024-08-12 00:00:00,-29020354.972613137,18,6864.999740922776,6.667,True
2024-08-12 03:00:00,-29020705.885846123,18,6864.476413429698,7.0,True
2024-08-12 06:00:00,-29020778.290495943,17,6863.638081333268,7.0,True
2024-08-12 09:00:00,-29020808.81540707,13,6863.421424879719,6.667,True
2024-08-12 12:00:00,-29021023.341036856,18,6864.595003149059,8.0,True
2024-08-12 15:00:00,-29021466.454186637,17,6864.962067568587,7.667,True
2024-08-12 18:00:00,-29021736.253782764,15,6865.231804174191,5.667,False
2024-08-12 21:00:00,-29021545.434456054,18,6863.930923728246,6.0,True
2024-08-13 00:00:00,-29021808.590855557,18,6863.788365922363,4.333,False
2024-08-13 03:00:00,-29022375.769215602,18,6864.1089009616635,2.667,False
2024-08-13 06:00:00,-29022462.211679913,15,6864.012831176327,1.667,False
2024-08-13 09:00:00,-29022405.38855672,15,6863.563815519048,1.333,False
2024-08-13 12:00:00,-29022558.132798877,18,6863.83528862949,1.0,False
2024-08-13 15:00:00,-29022810.999102253,18,6863.509835993773,0.667,False
2024-08-13 18:00:00,-29022846.66418251,11,6864.719391254177,3.0,False
2024-08-13 21:00:00,-29022823.537981365,18,6864.335163101349,4.333,False
2024-08-14 00:00:00,-29023014.310177714,18,6864.355904050507,3.667,False
2024-08-14 03:00:00,-29023355.226531286,18,6863.813547525087,3.333,False
2024-08-14 06:00:00,-29023273.464986436,16,6862.64087019599,2.0,False
2024-08-14 09:00:00,-29023445.00438584,15,6862.6911684912375,1.0,False
2024-08-14 12:00:00,-29023513.945911095,18,6864.0373613847805,1.333,False
2024-08-14 15:00:00,-29023965.078500155,18,6864.176127114642,1.333,False
2024-08-14 18:00:00,-29023783.293877855,15,6864.860090787023,1.333,False
2024-08-14 21:00:00,-29023636.1376825,18,6863.420267577828,3.0,False
2024-08-15 00:00:00,-29024005.151803777,18,6863.2819664956005,1.333,False
2024-08-15 03:00:00,-29024291.48983357,18,6863.67942495283,0.667,False
2024-08-15 06:00:00,-29024325.478103016,18,6864.078454980692,0.333,False
2024-08-15 09:00:00,-29024348.802041944,16,6863.293968744237,0.333,False
2024-08-15 12:00:00,-29024409.535761256,18,6863.3737992382075,1.667,False
2024-08-15 15:00:00,-29024598.472095396,18,6863.085801364839,1.0,False
2024-08-15 18:00:00,-29024761.0657486,13,6864.321033291917,1.333,False
2024-08-15 21:00:00,-29024633.315188494,18,6863.920635166543,2.0,False
2024-08-16 00:00:00,-29024824.1692456,18,6863.9163297772275,2.667,False
2024-08-16 03:00:00,-29025156.42505913,18,6863.372391804434,2.0,False
2024-08-16 06:00:00,-29025168.291266657,17,6862.631978240646,2.0,False
2024-08-16 09:00:00,-29025129.168889653,11,6862.4978345566,2.0,False
2024-08-16 12:00:00,-29025347.988435797,18,6863.609463097218,2.667,False
2024-08-16 15:00:00,-29025594.91840141,17,6863.929243241758,1.333,False
2024-08-16 18:00:00,-29025728.61151519,15,6864.195658727497,0.333,False
2024-08-16 21:00:00,-29025645.09165136,13,6862.770382801849,0.667,False
2024-08-17 00:00:00,-29025749.719390497,18,6862.874695718975,1.0,False
2024-08-17 03:00:00,-29026036.946488556,18,6863.277254630696,0.333,False
2024-08-17 06:00:00,-29026088.741668407,15,6863.117759668147,1.333,False
2024-08-17 09:00:00,-29025961.732420035,17,6863.281647078199,1.333,False
2024-08-17 12:00:00,-29026211.84863591,18,6862.945185775559,3.667,False
2024-08-17 15:00:00,-29026442.889282376,17,6862.977050151087,6.333,True
2024-08-17 18:00:00,-29026689.89610639,15,6864.057331318292,5.0,False
2024-08-17 21:00:00,-29026561.30916769,18,6863.465161807658,5.333,False
2024-08-18 00:00:00,-29026776.33959134,18,6863.456206323122,2.333,False
2024-08-18 03:00:00,-29026981.54509068,18,6862.938000104714,2.667,False
2024-08-18 06:00:00,-29027135.253735323,16,6861.721226348217,2.0,False
2024-08-18 09:00:00,-29027034.050572988,16,6862.374378687254,3.333,False
2024-08-18 12:00:00,-29027269.355404824,18,6863.156511863584,3.667,False
2024-08-18 15:00:00,-29027661.80417083,18,6863.300962722172,2.333,False
2024-08-18 18:00:00,-29027587.336187642,16,6863.320854383348,2.0,False
2024-08-18 21:00:00,-29027527.95067483,18,6862.49922721869,2.0,False
2024-08-19 00:00:00,-29027607.392955914,18,6862.429008928887,0.667,False
2024-08-19 03:00:00,-29027912.61532068,18,6862.820137503624,1.333,False
2024-08-19 06:00:00,-29028076.095831748,16,6862.331811406278,0.667,False
2024-08-19 09:00:00,-29028058.973864466,14,6862.694426775468,1.333,False
2024-08-19 12:00:00,-29028079.33987429,18,6862.51314703639,3.0,False
2024-08-19 15:00:00,-29028289.969757263,18,6862.213132668452,3.0,False
2024-08-19 18:00:00,-29028528.073598064,16,6863.272901015028,3.0,False
2024-08-19 21:00:00,-29028423.44860891,17,6863.560525451279,2.667,False
2024-08-20 00:00:00,-29028640.57786289,18,6863.020006369172,3.333,False
2024-08-20 03:00:00,-29028875.264445707,18,6862.5111058500715,1.667,False
2024-08-20 06:00:00,-29029057.576676995,17,6861.699535218152,1.667,False
2024-08-20 09:00:00,-29028886.45210639,15,6860.937767139162,1.667,False
2024-08-20 12:00:00,-29029014.172981307,18,6862.718331155281,2.333,False
2024-08-20 15:00:00,-29029416.26073067,16,6862.822471627355,2.333,False
2024-08-20 18:00:00,-29029475.195910405,15,6863.375226071103,1.667,False
2024-08-20 21:00:00,-29029458.200667687,18,6862.058544135436,1.667,False
2024-08-21 00:00:00,-29029533.129937466,18,6861.966540621904,3.333,False
2024-08-21 03:00:00,-29029710.24570409,18,6862.371279145186,1.333,False
2024-08-21 06:00:00,-29029769.739343323,16,6862.393531800211,1.333,False
2024-08-21 09:00:00,-29029921.7169742,15,6861.799590590124,1.667,False
2024-08-21 12:00:00,-29029903.259562977,18,6862.110313680776,2.0,False
2024-08-21 15:00:00,-29030303.727072574,17,6862.1021855074805,2.667,False
2024-08-21 18:00:00,-29030362.779753137,15,6863.245491341774,1.667,False
2024-08-21 21:00:00,-29030202.732215032,18,6862.56957662931,1.333,False
2024-08-22 00:00:00,-29030388.544378474,18,6862.621486290898,3.0,False
2024-08-22 03:00:00,-29030583.79938448,18,6862.139932859377,2.667,False
2024-08-22 06:00:00,-29030644.060676742,12,6860.988353735715,2.0,False
2024-08-22 09:00:00,-29030567.145069834,15,6861.4802214888305,2.0,False
2024-08-22 12:00:00,-29030689.690211076,18,6862.2924630933985,2.0,False
2024-08-22 15:00:00,-29031047.64563537,18,6862.502263293479,2.0,False
2024-08-22 18:00:00,-29031047.102700915,16,6862.709186828723,1.667,False
2024-08-22 21:00:00,-29031009.621672403,18,6861.719553515871,2.333,False
2024-08-23 00:00:00,-29031064.113333333,18,6861.585774520168,1.333,False
2024-08-23 03:00:00,-29031384.41459695,18,6861.928078047093,1.333,False
2024-08-23 06:00:00,-29031520.93795223,18,6862.345280703291,2.333,False
2024-08-23 09:00:00,-29031365.76112047,16,6861.596910739824,1.333,False
2024-08-23 12:00:00,-29031557.94080742,18,6861.762123429741,2.0,False
2024-08-23 15:00:00,-29031785.678597685,18,6861.387988059978,0.667,False
2024-08-23 18:00:00,-29031745.602661047,14,6862.444206460722,1.667,False
2024-08-23 21:00:00,-29031774.09182636,18,6862.161018058523,1.333,False
2024-08-24 00:00:00,-29031879.763736,18,6862.280884926238,1.667,False
2024-08-24 03:00:00,-29032201.25189839,18,6861.8085824753725,1.667,False
2024-08-24 06:00:00,-29032243.1685218,17,6860.908067162245,2.667,False
2024-08-24 09:00:00,-29032146.441782217,15,6860.864862071226,2.667,False
2024-08-24 12:00:00,-29032408.40463183,18,6861.833117524408,1.667,False
2024-08-24 15:00:00,-29032671.600412488,17,6862.3841493128975,3.0,False
2024-08-24 18:00:00,-29032590.353675563,13,6863.7260286292,1.333,False
2024-08-24 21:00:00,-29032540.492536806,17,6861.705308668805,1.667,False
2024-08-25 00:00:00,-29032706.419347335,18,6861.184783662878,2.0,False
2024-08-25 03:00:00,-29033017.269874234,18,6861.490978855557,2.333,False
2024-08-25 06:00:00,-29033016.92587606,16,6861.4116940913445,2.0,False
2024-08-25 09:00:00,-29033108.671577252,16,6861.86661926212,1.333,False
2024-08-25 12:00:00,-29033063.763340697,18,6861.461222722281,0.667,False
2024-08-25 15:00:00,-29033354.920156676,16,6861.89422484052,0.333,False
2024-08-25 18:00:00,-29033478.60448788,13,6862.118641084184,0.667,False
2024-08-25 21:00:00,-29033404.89452427,18,6861.726426185611,1.0,False
2024-08-26 00:00:00,-29033461.987206165,18,6861.925600682587,1.667,False
2024-08-26 03:00:00,-29033667.846147574,18,6861.524260504376,1.0,False
2024-08-26 06:00:00,-29033826.877100203,13,6860.827024106605,0.333,False
2024-08-26 09:00:00,-29033667.416066557,17,6860.980474883306,1.0,False
2024-08-26 12:00:00,-29033658.914442092,18,6861.473654652473,1.0,False
2024-08-26 15:00:00,-29034025.56450598,18,6861.777949667777,1.333,False
2024-08-26 18:00:00,-29034258.592355676,16,6862.316253103256,0.333,False
2024-08-26 21:00:00,-29034066.337085463,18,6861.09917372709,0.333,False
2024-08-27 00:00:00,-29034133.76122457,18,6860.83515978041,0.0,False
2024-08-27 03:00:00,-29034373.391977556,18,6861.096579568533,0.667,False
2024-08-27 06:00:00,-29034436.26044427,15,6862.037681502808,2.667,False
2024-08-27 09:00:00,-29034403.077996645,16,6861.41057679346,1.667,False
2024-08-27 12:00:00,-29034539.70239807,18,6861.18624606627,2.667,False
2024-08-27 15:00:00,-29034804.919928223,18,6860.704401193385,3.0,False
2024-08-27 18:00:00,-29034836.29228789,14,6861.6124907299045,2.333,False
2024-08-27 21:00:00,-29034724.780332483,18,6861.346632461699,3.333,False
2024-08-28 00:00:00,-29034951.356789157,18,6861.574349557471,5.667,False
2024-08-28 03:00:00,-29035250.187646117,18,6861.220026201273,4.0,False
2024-08-28 06:00:00,-29035502.825222146,16,6860.200686111268,5.0,False
2024-08-28 09:00:00,-29035358.531723816,16,6859.651358730493,2.333,False
2024-08-28 12:00:00,-29035568.012104362,18,6860.94090398665,2.667,False
2024-08-28 15:00:00,-29035875.122004382,17,6861.7234849315755,2.333,False
2024-08-28 18:00:00,-29036090.918248132,11,6863.0954214289895,1.333,False
2024-08-28 21:00:00,-29035799.66240722,18,6860.763620329015,2.667,False
2024-08-29 00:00:00,-29035995.135803774,18,6860.39671812526,2.0,False
2024-08-29 03:00:00,-29036260.88284266,18,6860.577930785145,1.0,False
2024-08-29 06:00:00,-29036373.61900444,16,6860.296694300863,0.667,False
2024-08-29 09:00:00,-29036426.52204303,15,6860.461974188071,1.0,False
2024-08-29 12:00:00,-29036475.36670904,18,6860.813762706808,1.667,False
2024-08-29 15:00:00,-29036656.961276866,18,6860.3057985610685,1.0,False
2024-08-29 18:00:00,-29036796.924959566,11,6861.140926793041,1.0,False
2024-08-29 21:00:00,-29036730.822317168,18,6860.785838284071,1.0,False
2024-08-30 00:00:00,-29036960.314110637,18,6861.093295983205,1.333,False
2024-08-30 03:00:00,-29037078.680680163,15,6860.132612678387,0.667,False
2024-08-30 06:00:00,-29037110.871101394,15,6859.597501652894,3.667,False
2024-08-30 09:00:00,-29037114.88654258,15,6859.312169280067,3.0,False
2024-08-30 12:00:00,-29037325.774447333,18,6860.430887516714,4.667,False
2024-08-30 15:00:00,-29037592.140703246,18,6860.854845411282,4.667,False
2024-08-30 18:00:00,-29037789.48870853,14,6862.694293614522,4.667,False
2024-08-30 21:00:00,-29037633.981616147,18,6860.430199477562,4.333,False
2024-08-31 00:00:00,-29037858.784161825,18,6859.975591067374,4.0,False
2024-08-31 03:00:00,-29038164.57812432,18,6860.039825018636,4.333,False
2024-08-31 06:00:00,-29038295.7537372,18,6860.516784323568,4.333,False
2024-08-31 09:00:00,-29038350.758325305,16,6860.550868396363,1.667,False
2024-08-31 12:00:00,-29038443.257959206,18,6860.4544010290565,3.667,False
2024-08-31 15:00:00,-29038850.019163772,18,6859.855856658544,4.667,False
2024-08-31 18:00:00,-29038817.24092454,16,6860.079656769171,4.0,False
2024-08-31 21:00:00,-29038774.455180757,18,6860.193744164215,3.0,False
2024-09-01 00:00:00,-29038970.46218075,18,6860.579649787135,3.667,False
2024-09-01 03:00:00,-29039234.184881307,18,6860.444471023991,3.333,False
2024-09-01 06:00:00,-29039412.07094428,17,6859.76513047525,2.0,False
2024-09-01 09:00:00,-29039269.47260368,17,6859.779544719939,2.0,False
2024-09-01 12:00:00,-29039491.03083735,18,6859.810033728223,3.333,False
2024-09-01 15:00:00,-29039852.796775486,17,6860.776460704257,3.667,False
2024-09-01 18:00:00,-29039693.57010978,14,6860.295644345316,3.0,False
2024-09-01 21:00:00,-29039916.449314658,18,6860.008561746919,2.333,False
2024-09-02 00:00:00,-29040022.03734128,18,6859.518233598901,2.0,False
2024-09-02 03:00:00,-29040284.218609758,18,6859.462040910461,2.0,False
2024-09-02 06:00:00,-29040441.48710618,15,6859.157070504579,1.333,False
2024-09-02 09:00:00,-29040398.25594213,17,6860.144254501595,1.333,False
2024-09-02 12:00:00,-29040452.71414833,18,6860.083348981436,2.0,False
2024-09-02 15:00:00,-29040800.025705617,18,6859.493680605488,2.667,False
2024-09-02 18:00:00,-29040949.071998443,14,6860.741212090366,2.333,False
2024-09-02 21:00:00,-29040849.481317893,18,6859.575876945005,1.0,False
2024-09-03 00:00:00,-29041169.663844023,18,6859.991655380302,1.0,False
2024-09-03 03:00:00,-29041331.595467143,18,6860.019674385383,1.333,False
2024-09-03 06:00:00,-29041555.8012458,14,6859.693034084651,2.0,False
2024-09-03 09:00:00,-29041468.05033012,16,6858.857999665895,2.0,False
2024-09-03 12:00:00,-29041559.544500887,18,6859.216812196472,1.0,False
2024-09-03 15:00:00,-29042009.430422377,18,6859.60964226017,1.333,False
2024-09-03 18:00:00,-29042135.69593308,15,6860.899693915794,1.333,False
2024-09-03 21:00:00,-29041940.24405088,18,6859.660561498165,1.0,False
2024-09-04 00:00:00,-29042149.763491724,18,6859.105672484689,0.333,False
2024-09-04 03:00:00,-29042396.683837153,18,6858.900570096678,0.333,False
2024-09-04 06:00:00,-29042639.222461727,18,6859.232636815334,1.667,False
2024-09-04 09:00:00,-29042458.313406106,14,6859.096935207898,4.333,False
2024-09-04 12:00:00,-29042698.75157889,18,6859.6563866010965,4.333,False
2024-09-04 15:00:00,-29043114.25634944,18,6859.083499005347,3.0,False
2024-09-04 18:00:00,-29043172.81567446,15,6859.503610017589,1.667,False
2024-09-04 21:00:00,-29043149.708123524,18,6858.900220122144,2.0,False
2024-09-05 00:00:00,-29043283.034571998,18,6859.374578261177,1.333,False
2024-09-05 03:00:00,-29043701.47827405,18,6859.498519441226,1.333,False
2024-09-05 06:00:00,-29043779.76320449,17,6858.743307615377,0.667,False
2024-09-05 09:00:00,-29043816.681948047,17,6858.487384111181,1.0,False
2024-09-05 12:00:00,-29043939.79689618,18,6858.5653442808025,0.667,False
2024-09-05 15:00:00,-29044500.844091136,16,6859.732437730374,0.667,False
2024-09-05 18:00:00,-29044540.841386463,7,6861.511023257054,1.0,False
2024-09-05 21:00:00,-29044350.3937614,16,6859.651764378904,1.667,False
2024-09-06 00:00:00,-29044648.24592741,18,6858.652942743376,0.333,False
2024-09-06 03:00:00,-29044926.904174007,15,6857.774720268913,0.0,False
2024-09-06 09:00:00,-29044545.575714875,3,6853.646201197122,2.667,False
2024-09-06 12:00:00,-29045185.668208614,18,6859.133532313203,3.0,False
2024-09-06 15:00:00,-29045516.511452194,18,6858.679662194208,1.0,False
2024-09-06 18:00:00,-29045728.08192499,13,6860.168705166281,1.333,False
2024-09-06 21:00:00,-29045458.98973612,18,6858.23881488323,2.0,False
2024-09-07 00:00:00,-29045746.788385592,18,6858.633966432122,2.0,False
2024-09-07 03:00:00,-29045948.93541701,18,6858.959405155407,2.0,False
2024-09-07 06:00:00,-29046328.368460804,14,6858.642217893437,1.0,False
2024-09-07 09:00:00,-29046184.014167666,11,6857.979699958636,1.667,False
2024-09-07 12:00:00,-29046411.841183204,18,6857.936791640911,2.333,False
2024-09-07 15:00:00,-29046645.428312574,18,6858.186676316276,2.0,False
2024-09-07 18:00:00,-29047243.162020117,10,6860.57816724946,2.0,False
2024-09-07 21:00:00,-29046776.74263601,18,6858.740976711119,1.0,False
2024-09-08 00:00:00,-29047014.29844432,18,6858.27242928296,2.0,False
2024-09-08 03:00:00,-29047305.455195688,18,6857.772537330599,2.0,False
2024-09-08 06:00:00,-29047472.202884197,17,6857.978688649189,1.333,False
2024-09-08 09:00:00,-29047560.524170946,14,6856.312777879476,1.333,False
2024-09-08 12:00:00,-29047629.861758836,18,6858.56825341615,2.333,False
2024-09-08 15:00:00,-29047902.125923946,18,6858.290127507532,2.0,False
2024-09-08 18:00:00,-29048172.153759796,15,6858.672062738963,1.667,False
2024-09-08 21:00:00,-29047983.54750862,18,6857.57357059503,1.667,False
2024-09-09 00:00:00,-29048244.90138664,18,6857.856554046992,2.333,False
2024-09-09 03:00:00,-29048625.415270336,18,6858.2399552838015,1.333,False
2024-09-09 06:00:00,-29048688.329375517,16,6857.544815599411,2.333,False
2024-09-09 09:00:00,-29048671.53859541,17,6857.973673362613,1.333,False
2024-09-09 12:00:00,-29048934.53600934,18,6857.369120992548,1.0,False
2024-09-09 15:00:00,-29049326.551656283,17,6857.94828595299,2.667,False
2024-09-09 18:00:00,-29049531.44129687,15,6859.056489982018,2.667,False
2024-09-09 21:00:00,-29049443.782145157,17,6858.32749209412,2.333,False
2024-09-12 00:00:00,-29051907.87913822,18,6857.477479450862,2.0,False
2024-09-12 03:00:00,-29052228.212592404,18,6856.9396121409945,3.667,False
2024-09-12 06:00:00,-29052258.332159497,17,6856.2439770624605,5.667,False
2024-09-12 09:00:00,-29052283.696573768,13,6856.723335966283,6.667,True
2024-09-12 12:00:00,-29052476.20850326,18,6857.180717731539,6.667,True
2024-09-12 15:00:00,-29052892.859834656,18,6857.328004020879,6.0,True
2024-09-12 18:00:00,-29053162.45453204,16,6858.087631709062,7.0,True
2024-09-12 21:00:00,-29053142.951203093,16,6857.284196281984,4.667,False
2024-09-13 00:00:00,-29053344.073357,18,6856.329521800272,5.333,False
2024-09-13 03:00:00,-29053590.133724246,17,6856.1150989179105,4.333,False
2024-09-13 06:00:00,-29053684.665087078,16,6856.575647457247,4.0,False
2024-09-13 09:00:00,-29053796.57979216,14,6856.507652305941,3.333,False
2024-09-13 12:00:00,-29053937.99987875,18,6856.336128183591,3.333,False
2024-09-13 15:00:00,-29054213.969601195,18,6856.1081845184535,3.667,False
2024-09-13 18:00:00,-29054471.970514137,15,6857.42845531105,4.0,False
2024-09-13 21:00:00,-29054360.194575604,18,6856.898171520255,6.0,True
2024-09-14 00:00:00,-29054640.4148308,18,6856.849871633355,4.0,False
2024-09-14 03:00:00,-29054892.265786473,18,6856.347984042268,3.667,False
2024-09-14 06:00:00,-29054837.76658589,18,6855.974085825644,2.0,False
2024-09-14 09:00:00,-29054908.39111038,14,6855.494718965241,4.0,False
2024-09-14 12:00:00,-29055102.693266034,18,6856.519766999571,4.333,False
2024-09-14 15:00:00,-29055359.38652827,18,6856.741643339828,1.667,False
2024-09-14 18:00:00,-29055640.475339226,16,6856.960128673409,2.667,False
2024-09-14 21:00:00,-29055422.22476234,18,6855.9857271273295,3.0,False
2024-09-15 00:00:00,-29055566.023691334,18,6855.790897297725,1.667,False
2024-09-15 03:00:00,-29055828.035544623,18,6856.090960725844,4.0,False
2024-09-15 06:00:00,-29056094.072499957,13,6856.512095227668,4.0,False
2024-09-15 09:00:00,-29056039.817417648,16,6856.362491574015,3.333,False
2024-09-15 12:00:00,-29055947.028986856,18,6856.0998515586325,3.667,False
2024-09-15 15:00:00,-29056401.031087745,18,6855.606790367872,3.667,False
2024-09-15 18:00:00,-29056493.516326837,14,6856.546345894832,2.333,False
2024-09-15 21:00:00,-29056438.744793095,18,6856.200293909531,2.0,False
2024-09-16 00:00:00,-29056596.102720864,18,6856.4486896518865,3.333,False
2024-09-16 03:00:00,-29056772.52123868,18,6856.163168706997,4.0,False
2024-09-16 06:00:00,-29056859.835269753,16,6855.10529720979,3.667,False
2024-09-16 09:00:00,-29056893.542066026,12,6855.336426913593,3.667,False
2024-09-16 12:00:00,-29057098.937571123,18,6855.782988649173,3.667,False
2024-09-16 15:00:00,-29057428.50484135,17,6856.648052930721,2.333,False
2024-09-16 18:00:00,-29057457.359132368,14,6856.095328585796,1.667,False
2024-09-16 21:00:00,-29057422.24419343,18,6855.761052132161,4.0,False
2024-09-17 00:00:00,-29057498.43860995,18,6855.349821681814,7.333,True
2024-09-17 03:00:00,-29058018.04844266,18,6855.333142078079,7.0,True
2024-09-17 06:00:00,-29058021.816553906,15,6855.015428142491,5.333,False
2024-09-17 09:00:00,-29058167.10133739,16,6855.470835250894,6.333,True
2024-09-17 12:00:00,-29058308.9942268,18,6855.814645737327,5.333,False
2024-09-17 15:00:00,-29058542.245128922,18,6855.26620566094,4.333,False
2024-09-17 18:00:00,-29058741.502894994,13,6856.954371809851,3.333,False
2024-09-17 21:00:00,-29058695.60514527,18,6855.388831741404,4.0,False
2024-09-18 00:00:00,-29058924.68629567,18,6855.802883150117,3.667,False
2024-09-18 03:00:00,-29059032.34718283,17,6855.314806102573,2.0,False
2024-09-18 06:00:00,-29059232.831828367,14,6854.937475708977,1.0,False
2024-09-18 09:00:00,-29059080.161340144,12,6853.136192563713,2.0,False
2024-09-18 12:00:00,-29059283.019775182,18,6855.018425844893,2.0,False
2024-09-18 15:00:00,-29059602.238708705,18,6855.418139222983,2.667,False
2024-09-18 18:00:00,-29059855.923763536,15,6857.35322613712,1.667,False
2024-09-18 21:00:00,-29059541.418320093,18,6855.545453727517,3.667,False
2024-09-19 00:00:00,-29059686.217417985,18,6855.017439232136,4.333,False
2024-09-19 03:00:00,-29059940.648935728,18,6854.747373800803,2.667,False
2024-09-19 06:00:00,-29059996.94719788,18,6855.053494762612,2.0,False
2024-09-19 09:00:00,-29059972.68048411,16,6854.765308460192,3.333,False
2024-09-19 12:00:00,-29060142.32217836,18,6855.578086279718,3.667,False
2024-09-19 15:00:00,-29060439.011372667,17,6855.4602729262,4.333,False
2024-09-19 18:00:00,-29060610.01858319,14,6855.521556779987,3.0,False
2024-09-19 21:00:00,-29060647.79931661,2,6857.502374270671,1.0,False
2024-09-20 09:00:00,-29060929.56457532,2,6860.0212818511945,1.0,False
2024-09-20 12:00:00,-29060981.65829161,18,6854.499055657732,0.667,False
2024-09-20 15:00:00,-29061258.174069494,17,6855.164715472649,0.667,False
2024-09-20 18:00:00,-29061253.361884937,17,6855.433389722655,1.333,False
2024-09-20 21:00:00,-29061282.14211699,18,6855.321438113711,3.333,False
2024-09-21 00:00:00,-29061442.858303085,18,6854.900775336736,1.333,False
2024-09-21 03:00:00,-29061722.408212394,18,6854.393980723625,2.0,False
2024-09-21 06:00:00,-29061699.83358539,18,6854.407381852639,1.667,False
2024-09-21 09:00:00,-29061477.292079043,14,6854.5045746734395,1.333,False
2024-09-21 12:00:00,-29061695.226128973,18,6855.223594676811,1.0,False
2024-09-21 15:00:00,-29062080.830304705,18,6855.003188002992,1.0,False
2024-09-21 18:00:00,-29062239.80267796,12,6856.141679426703,1.667,False
2024-09-21 21:00:00,-29061978.5658279,18,6854.265779006049,1.0,False
2024-09-22 00:00:00,-29062142.146524355,18,6854.477262156178,1.0,False
2024-09-22 03:00:00,-29062241.23853448,17,6854.417503359802,0.333,False
2024-09-22 06:00:00,-29062476.729848754,17,6854.966090238857,0.667,False
2024-09-22 09:00:00,-29062295.340508897,15,6854.222009093167,1.667,False
2024-09-22 12:00:00,-29062489.90091289,18,6854.237046706106,1.667,False
2024-09-22 15:00:00,-29062770.933141228,18,6854.133756252991,2.0,False
2024-09-22 18:00:00,-29062962.873350535,14,6856.324715928601,1.333,False
2024-09-22 21:00:00,-29062737.997215826,18,6854.962194866278,1.0,False
2024-09-23 00:00:00,-29062880.483115938,18,6854.844798274439,1.333,False
2024-09-23 03:00:00,-29063064.68031598,18,6854.330391987359,0.667,False
2024-09-23 06:00:00,-29063208.998451285,17,6853.702334539093,1.667,False
2024-09-23 09:00:00,-29063161.84733303,17,6853.640324457696,3.0,False
2024-09-23 12:00:00,-29063288.58195314,18,6854.656454770569,3.667,False
2024-09-23 15:00:00,-29063585.079058528,17,6854.937525812007,4.333,False
2024-09-23 18:00:00,-29063812.5374917,14,6855.646621966859,1.667,False
2024-09-23 21:00:00,-29063670.238058813,17,6854.519195937312,1.0,False
2024-09-24 00:00:00,-29063823.644156396,18,6853.866253122228,3.333,False
2024-09-24 03:00:00,-29064048.209832698,18,6854.205763310547,2.333,False
2024-09-24 06:00:00,-29064081.02454269,18,6854.62175937694,2.333,False
2024-09-24 09:00:00,-29064027.349520013,15,6854.050347574076,2.0,False
2024-09-24 12:00:00,-29064241.00516293,18,6854.1032726123385,2.333,False
2024-09-24 15:00:00,-29064593.19662988,18,6853.662440392935,2.667,False
2024-09-24 18:00:00,-29064626.599910565,16,6854.009307325051,3.0,False
2024-09-24 21:00:00,-29064648.770499002,18,6854.289949145776,4.333,False
2024-09-25 00:00:00,-29064769.805826966,18,6854.519792832793,4.333,False
2024-09-25 03:00:00,-29065129.73814632,18,6854.1685179690585,4.667,False
2024-09-25 06:00:00,-29065123.920065835,16,6852.722835240653,4.0,False
2024-09-25 09:00:00,-29065236.050254565,14,6852.145599308357,3.667,False
2024-09-25 12:00:00,-29065348.387483884,18,6853.842241885803,3.667,False
2024-09-25 15:00:00,-29065753.180364408,18,6854.1975641591525,4.667,False
2024-09-25 18:00:00,-29065870.626218017,11,6855.400458259765,4.0,False
2024-09-25 21:00:00,-29065710.665078655,18,6853.816815948791,4.0,False
2024-09-26 00:00:00,-29065969.05081872,18,6853.357451816351,4.0,False
2024-09-26 03:00:00,-29066141.282513667,18,6853.402289506531,3.333,False
2024-09-26 06:00:00,-29066474.324192896,18,6853.797727547024,1.667,False
2024-09-26 09:00:00,-29066278.90223764,13,6853.420337955107,1.667,False
2024-09-26 12:00:00,-29066580.202573698,18,6853.8860565545,2.667,False
2024-09-26 15:00:00,-29066937.26808856,18,6853.314485334445,1.667,False
2024-09-26 18:00:00,-29067039.104740784,16,6853.6661984861385,1.667,False
2024-09-26 21:00:00,-29066890.096344993,18,6853.410316877239,0.667,False
2024-09-27 00:00:00,-29067148.53091705,18,6853.820466656361,1.333,False
2024-09-27 03:00:00,-29067613.597242013,18,6853.820516552075,2.333,False
2024-09-27 06:00:00,-29067440.285649266,18,6853.481564636322,2.0,False
2024-09-27 09:00:00,-29067420.09664608,17,6852.964154095592,1.333,False
2024-09-27 12:00:00,-29067581.369743302,18,6853.018017380627,2.333,False
2024-09-27 15:00:00,-29067967.549063284,18,6853.3713786897215,0.667,False
2024-09-27 18:00:00,-29068001.33493075,13,6853.777541185164,0.333,False
2024-09-27 21:00:00,-29068040.342833415,18,6853.600974863058,0.333,False
2024-09-28 00:00:00,-29068214.53779506,18,6853.082081220452,0.0,False
2024-09-28 03:00:00,-29068463.151173,18,6852.738555585997,0.0,False
2024-09-28 06:00:00,-29068596.551619407,18,6852.937454507196,1.333,False
2024-09-28 09:00:00,-29068494.2494693,17,6853.640045050227,1.667,False
2024-09-28 12:00:00,-29068704.075696137,18,6853.5801022456635,2.0,False
2024-09-28 15:00:00,-29069070.111913394,18,6853.176711394526,3.0,False
2024-09-28 18:00:00,-29069340.28201961,13,6854.313439966635,1.667,False
2024-09-28 21:00:00,-29069199.32662712,18,6852.5990123979045,2.0,False
2024-09-29 00:00:00,-29069358.301938552,18,6852.960064651016,2.667,False
2024-09-29 03:00:00,-29069645.852980927,18,6853.3134889451985,2.0,False
2024-09-29 06:00:00,-29069811.38980177,17,6852.754839710179,3.333,False
2024-09-29 09:00:00,-29069664.62358898,12,6851.084697004005,3.333,False
2024-09-29 12:00:00,-29070092.92201502,18,6852.37044012465,3.667,False
2024-09-29 15:00:00,-29070376.332413625,18,6852.44799919709,2.333,False
2024-09-29 18:00:00,-29070607.118480694,15,6854.303973854468,2.667,False
2024-09-29 21:00:00,-29070446.014098182,18,6853.172187635687,3.0,False
2024-09-30 00:00:00,-29070818.396253508,18,6852.845052524653,4.0,False
2024-09-30 03:00:00,-29070936.730041668,18,6852.339409924657,2.333,False
2024-09-30 06:00:00,-29071234.930199675,18,6852.094199869661,1.333,False
2024-09-30 09:00:00,-29071250.04729136,16,6852.177632105679,0.667,False
2024-09-30 12:00:00,-29071398.07721593,18,6852.8476559944265,1.333,False
2024-09-30 15:00:00,-29071935.508459218,16,6853.682291454413,1.667,False
2024-09-30 18:00:00,-29071679.030084927,12,6853.254746802885,2.333,False
2024-09-30 21:00:00,-29071931.67990837,17,6852.502808532953,2.333,False
2024-10-01 00:00:00,-29072120.24827242,18,6851.971424406625,1.333,False
2024-10-01 03:00:00,-29072370.510963906,18,6852.358572579591,2.0,False
2024-10-01 06:00:00,-29072475.741616268,14,6852.316566645711,1.333,False
2024-10-01 09:00:00,-29072572.47849151,16,6851.690099794302,0.667,False
2024-10-01 12:00:00,-29072710.462306783,18,6852.007185618647,1.0,False
2024-10-01 15:00:00,-29073186.088474568,18,6851.624807584418,2.0,False
2024-10-01 18:00:00,-29073217.632371154,16,6852.516976338829,1.333,False
2024-10-01 21:00:00,-29073266.19323874,18,6852.330255650205,1.0,False
2024-10-02 00:00:00,-29073520.3633688,18,6852.44423440063,2.0,False
2024-10-02 03:00:00,-29073777.549778953,18,6852.052485334612,1.667,False
2024-10-02 06:00:00,-29073956.91228472,18,6851.552650306351,1.667,False
2024-10-02 09:00:00,-29073887.58069988,16,6850.7910269532595,1.333,False
2024-10-02 12:00:00,-29074075.192464273,18,6851.846699345459,2.0,False
2024-10-02 15:00:00,-29074552.87648326,18,6852.149222419039,0.667,False
2024-10-02 18:00:00,-29074671.448440798,13,6853.8166370830295,1.333,False
2024-10-02 21:00:00,-29074652.048729263,16,6852.304142482056,1.0,False
2024-10-03 00:00:00,-29074847.40194138,18,6851.251645320827,1.0,False
2024-10-03 03:00:00,-29075193.429966617,18,6851.296763736851,1.333,False
2024-10-03 06:00:00,-29075349.237705853,17,6851.58525086999,1.667,False
2024-10-03 09:00:00,-29075146.51734537,9,6850.193545921646,1.667,False
2024-10-04 12:00:00,-29077351.331588488,10,6850.540413497644,1.667,False
2024-10-04 15:00:00,-29077789.535679176,16,6851.607559231289,2.333,False
2024-10-04 18:00:00,-29077866.198340733,13,6853.039939999998,2.333,False
2024-10-04 21:00:00,-29077885.63772393,15,6851.528228699685,3.0,False
2024-10-05 00:00:00,-29078090.164022945,18,6850.474654182303,2.333,False
2024-10-05 03:00:00,-29078379.03603645,18,6850.675480905877,0.333,False
2024-10-05 06:00:00,-29078681.349421844,18,6851.069424405839,1.667,False
2024-10-05 09:00:00,-29078752.615885247,12,6851.426416713654,1.0,False
2024-10-05 12:00:00,-29078841.326737527,18,6850.837953786994,1.667,False
2024-10-05 15:00:00,-29079296.640205592,18,6850.2845603411715,1.0,False
2024-10-05 18:00:00,-29079616.65538282,10,6851.350298931706,1.667,False
2024-10-05 21:00:00,-29079473.35465415,17,6850.063049732307,1.667,False
2024-10-06 00:00:00,-29079744.02974529,18,6850.932675228687,0.667,False
2024-10-06 03:00:00,-29080013.30926744,18,6850.824766813303,0.333,False
2024-10-06 06:00:00,-29080179.57301332,16,6849.747577836011,2.333,False
2024-10-06 09:00:00,-29080224.794432037,14,6849.000932891563,1.333,False
2024-10-06 12:00:00,-29080444.644190196,18,6850.0685933305,2.667,False
2024-10-06 15:00:00,-29080751.02190395,18,6850.457007027187,3.333,False
2024-10-06 18:00:00,-29081134.44976526,12,6853.090631418139,3.333,False
2024-10-06 21:00:00,-29080910.59497456,14,6850.711055269853,4.667,False
2024-10-07 00:00:00,-29081307.06151733,18,6849.923882267556,5.333,False
2024-10-07 03:00:00,-29081678.624990676,17,6849.200957734861,4.667,False
2024-10-07 06:00:00,-29081749.232538786,17,6849.414704201235,3.0,False
2024-10-07 09:00:00,-29081942.065536313,13,6848.773288441622,5.333,False
2024-10-07 12:00:00,-29082185.900217198,18,6850.383464099517,5.667,False
2024-10-07 15:00:00,-29082585.449580774,18,6849.932817096781,4.667,False
2024-10-07 18:00:00,-29083072.80907629,12,6851.372723288993,6.333,True
2024-10-07 21:00:00,-29082895.310436744,18,6849.392990635937,5.667,False
2024-10-08 00:00:00,-29083191.08907105,18,6849.725820440082,6.667,True
2024-10-08 03:00:00,-29083712.175484683,18,6849.996028305381,7.0,True
2024-10-08 06:00:00,-29083987.41897848,16,6849.238530528194,5.667,False
2024-10-08 09:00:00,-29083867.058053397,15,6848.709706864153,4.0,False
2024-10-08 12:00:00,-29084096.24915,18,6849.072894294819,3.333,False
2024-10-08 15:00:00,-29084534.79003417,17,6849.623701315578,3.667,False
2024-10-08 18:00:00,-29084706.6579636,17,6849.921967264562,4.0,False
2024-10-08 21:00:00,-29084736.071927734,18,6849.801691590849,4.333,False
2024-10-09 00:00:00,-29085022.13401935,18,6849.521491612136,4.0,False
2024-10-09 03:00:00,-29085256.29503764,18,6848.995183471615,4.333,False
2024-10-09 06:00:00,-29085308.417540938,16,6848.234279736482,3.667,False
2024-10-09 09:00:00,-29085166.73674572,12,6847.863653601494,3.0,False
2024-10-09 12:00:00,-29085543.767365746,18,6849.456874838669,3.333,False
2024-10-09 15:00:00,-29086107.642075595,18,6849.460665569829,2.667,False
2024-10-09 18:00:00,-29086164.378258046,14,6849.962821823069,2.0,False
2024-10-09 21:00:00,-29085999.40228142,18,6848.7093000381465,2.333,False
2024-10-10 00:00:00,-29086106.637908902,18,6848.622761603319,2.0,False
2024-10-10 03:00:00,-29086501.050297122,15,6848.094905276166,2.667,False
2024-10-10 06:00:00,-29086539.15815961,17,6848.894217919087,1.333,False
2024-10-10 09:00:00,-29086693.992645383,14,6847.92827218965,2.667,False
2024-10-10 12:00:00,-29086779.288517073,18,6848.811012414134,3.667,False
2024-10-10 15:00:00,-29087319.898709297,18,6848.322622351123,7.667,True
2024-10-10 18:00:00,-29087667.232434746,14,6849.23263609938,8.333,True
2024-10-10 21:00:00,-29087517.92308678,18,6848.829507620926,8.667,True
2024-10-11 00:00:00,-29087999.702484578,18,6849.020637110717,8.333,True
2024-10-11 03:00:00,-29088501.734867565,18,6848.73270828849,7.667,True
2024-10-11 06:00:00,-29088558.822227344,15,6847.109721086857,7.667,True
2024-10-11 09:00:00,-29088893.549228515,14,6847.30944669771,7.667,True
2024-10-11 12:00:00,-29089094.93964456,18,6848.119483968776,6.333,True
2024-10-11 15:00:00,-29089580.222620644,17,6849.028966949848,4.0,False
2024-10-11 18:00:00,-29089743.17629232,13,6849.342397581796,3.0,False
2024-10-11 21:00:00,-29089712.946875818,18,6848.319563674209,3.333,False
2024-10-12 00:00:00,-29089813.772391424,18,6847.841937548321,3.333,False
2024-10-12 03:00:00,-29090125.29627255,18,6847.6609621206035,1.667,False
2024-10-12 06:00:00,-29090147.37833772,16,6847.504197141116,2.333,False
2024-10-12 09:00:00,-29090134.402487326,14,6848.060233264247,4.667,False
2024-10-12 12:00:00,-29090342.98859777,18,6848.428706552105,4.0,False
2024-10-12 15:00:00,-29090553.34552663,18,6847.98931321519,3.0,False
2024-10-12 18:00:00,-29090638.105569053,11,6848.90597615752,3.0,False
2024-10-12 21:00:00,-29090574.5186895,18,6847.613096122653,2.667,False
2024-10-13 00:00:00,-29090806.774284348,18,6847.987816990636,0.333,False
2024-10-13 03:00:00,-29091114.208350398,18,6848.2745660200235,0.0,False
2024-10-13 06:00:00,-29091268.967465397,14,6848.1499674724955,0.333,False
2024-10-13 09:00:00,-29090518.870650623,2,6840.52254764013,1.333,False
2024-10-13 12:00:00,-29091244.57394014,12,6847.181689012289,1.667,False
2024-10-13 15:00:00,-29091401.19814977,18,6847.517323044552,1.0,False
2024-10-13 18:00:00,-29091728.094412155,9,6850.066952335997,1.667,False
2024-10-13 21:00:00,-29091562.724608336,18,6848.186409636343,1.0,False
2024-10-14 00:00:00,-29091697.73059984,18,6847.926966554407,0.667,False
2024-10-14 03:00:00,-29091864.965842072,17,6846.857602172901,0.667,False
2024-10-14 06:00:00,-29091938.64714917,14,6846.086955066705,1.333,False
2024-10-14 09:00:00,-29091914.12140315,14,6845.9495514073515,0.667,False
2024-10-14 12:00:00,-29092151.33610924,18,6847.910584079578,0.667,False
2024-10-14 15:00:00,-29092482.219638813,17,6848.023986268129,0.667,False
2024-10-14 18:00:00,-29092450.47889846,10,6848.350037578536,2.333,False
2024-10-14 21:00:00,-29092552.75418336,16,6847.895918497398,3.667,False
2024-10-15 00:00:00,-29092615.097821265,18,6847.094293252001,2.333,False
2024-10-15 03:00:00,-29092708.594411355,18,6847.452531731176,2.333,False
2024-10-15 06:00:00,-29092927.755554494,15,6846.975961926059,3.333,False
2024-10-15 09:00:00,-29092939.07384504,14,6847.409970846532,2.333,False
2024-10-15 12:00:00,-29093055.14741822,18,6847.355502242955,2.667,False
2024-10-15 15:00:00,-29093455.84095007,15,6847.332644015395,3.333,False
2024-10-15 18:00:00,-29093858.505210944,10,6849.78932328135,2.0,False
2024-10-15 21:00:00,-29093412.36434315,18,6847.4136379432875,2.0,False
2024-10-16 00:00:00,-29093654.879588667,18,6847.684835623169,1.667,False
2024-10-16 03:00:00,-29093882.23126386,18,6847.48843693247,2.667,False
2024-10-16 06:00:00,-29094003.61221677,13,6847.074658137406,3.0,False
2024-10-16 09:00:00,-29093975.942120302,11,6845.183688896821,3.0,False
2024-10-16 12:00:00,-29094072.90669128,18,6846.916296099747,2.667,False
2024-10-16 15:00:00,-29094517.77983485,18,6847.26879148099,3.0,False
2024-10-16 18:00:00,-29094667.52760349,10,6849.1250670838135,3.0,False
2024-10-16 21:00:00,-29094461.47399042,18,6847.249302362476,2.667,False
2024-10-17 00:00:00,-29094643.7743074,18,6846.7500217385295,2.667,False
2024-10-17 03:00:00,-29095041.48142788,17,6846.094499709542,3.0,False
2024-10-17 06:00:00,-29095351.24184497,14,6846.693365641488,1.667,False
2024-10-17 12:00:00,-29095473.893551912,13,6847.618003206614,0.333,False
2024-10-17 15:00:00,-29095677.242579147,18,6846.842524689998,1.333,False
2024-10-17 18:00:00,-29095690.32081086,11,6846.659290587516,2.333,False
2024-10-17 21:00:00,-29095603.935924117,18,6846.398459065096,2.0,False
2024-10-18 00:00:00,-29095841.591182306,18,6846.729248340767,3.0,False
2024-10-18 03:00:00,-29096075.524581637,18,6847.065771043797,2.333,False
2024-10-18 06:00:00,-29096131.41693086,15,6846.182575340061,0.333,False
2024-10-18 09:00:00,-29096119.73018421,16,6846.293554600659,1.0,False
2024-10-18 12:00:00,-29096298.642442092,18,6846.219044327662,2.667,False
2024-10-18 15:00:00,-29096371.374430478,17,6846.815060668753,3.333,False
2024-10-18 18:00:00,-29096765.383531824,17,6847.067063251162,3.0,False
2024-10-18 21:00:00,-29096657.769760214,18,6846.97673294036,3.667,False
2024-10-19 00:00:00,-29096800.518350862,18,6846.799750992429,5.0,False
2024-10-19 03:00:00,-29097132.06990641,18,6846.26796475926,4.667,False
2024-10-19 06:00:00,-29097338.2610872,18,6845.9460339863335,3.667,False
2024-10-19 09:00:00,-29097243.402382646,13,6846.2606986104,3.333,False
2024-10-19 12:00:00,-29097429.933551773,18,6846.575709350154,3.0,False
2024-10-19 15:00:00,-29097921.87178134,18,6846.684805850555,2.0,False
2024-10-19 18:00:00,-29098011.3684178,14,6847.209875245447,4.0,False
2024-10-19 21:00:00,-29097862.587803755,18,6846.001412731497,3.667,False
2024-10-20 00:00:00,-29098046.173336953,18,6845.780391225562,3.0,False
2024-10-20 03:00:00,-29098303.594541356,18,6846.014133569272,2.0,False
2024-10-20 06:00:00,-29098522.293772437,18,6846.412556993595,1.667,False
2024-10-20 09:00:00,-29098542.209309023,15,6846.491808181639,0.333,False
2024-10-20 12:00:00,-29098574.314034384,10,6845.557199301919,0.667,False
2024-10-21 09:00:00,-29099947.32524642,2,6846.708253215457,1.333,False
2024-10-21 12:00:00,-29099452.54801277,18,6845.535350803775,1.0,False
2024-10-21 15:00:00,-29099995.07144677,17,6846.064592556051,1.667,False
2024-10-21 18:00:00,-29099944.813680705,15,6847.144141939783,1.667,False
2024-10-21 21:00:00,-29099973.637994353,18,6846.078929253005,2.0,False
2024-10-22 00:00:00,-29100026.94696842,18,6845.624336375124,1.333,False
2024-10-22 03:00:00,-29100416.540003315,18,6845.228954696242,1.667,False
2024-10-22 06:00:00,-29100387.879163604,14,6844.981904064189,1.667,False
2024-10-22 09:00:00,-29100543.457378414,13,6845.997696449117,2.0,False
2024-10-22 12:00:00,-29100749.019430544,18,6846.014051730927,2.333,False
2024-10-22 15:00:00,-29100907.564011466,18,6845.777003712966,3.0,False
2024-10-22 18:00:00,-29101042.686759558,7,6847.034848729095,2.0,False
2024-10-22 21:00:00,-29101053.505239736,17,6844.829201243197,1.667,False
2024-10-23 00:00:00,-29101092.279527307,18,6845.309161270448,1.667,False
2024-10-23 03:00:00,-29101609.370852813,18,6845.643958315159,2.667,False
2024-10-23 06:00:00,-29101779.511818,18,6845.776598731229,1.667,False
2024-10-23 09:00:00,-29101764.435094304,17,6845.63950845555,3.0,False
2024-10-23 12:00:00,-29101859.887260847,18,6845.0163919326615,2.667,False
2024-10-23 15:00:00,-29102154.921257876,18,6844.827534431675,0.667,False
2024-10-23 18:00:00,-29102396.210787285,12,6847.066644324229,2.0,False
2024-10-23 21:00:00,-29102257.226980463,18,6845.558075927727,1.333,False
2024-10-24 00:00:00,-29102485.475655437,18,6845.577933466288,2.667,False
2024-10-24 03:00:00,-29102819.751559846,18,6845.142490131664,4.333,False
2024-10-24 06:00:00,-29102859.19048938,17,6844.911829718022,3.333,False
2024-10-24 09:00:00,-29102873.57995288,15,6843.7050372264175,1.667,False
2024-10-24 12:00:00,-29103078.445840728,18,6845.032878961893,1.0,False
2024-10-24 15:00:00,-29103539.542009495,17,6845.755012592563,1.333,False
2024-10-24 18:00:00,-29103734.679933876,10,6845.456777826624,1.667,False
2024-10-24 21:00:00,-29103536.594355814,18,6844.874828684727,2.0,False
2024-10-25 00:00:00,-29103691.775212873,18,6844.480959869724,1.0,False
2024-10-25 03:00:00,-29104069.780689064,17,6844.295534929942,0.333,False
2024-10-25 06:00:00,-29104172.074730918,15,6844.132432643905,0.0,False
2024-10-25 09:00:00,-29104265.717023265,14,6844.921918828631,0.0,False
2024-10-25 12:00:00,-29104458.485897295,18,6845.010041568179,0.333,False
2024-10-25 15:00:00,-29104766.39718849,18,6844.501850859998,0.333,False
2024-10-25 18:00:00,-29104933.847150095,9,6844.412008107882,0.333,False
2024-10-25 21:00:00,-29104571.22953698,16,6843.850777206745,1.0,False
2024-10-26 00:00:00,-29104981.563228026,18,6844.76397946921,1.0,False
2024-10-26 03:00:00,-29105399.22786962,18,6844.924505979992,0.0,False
2024-10-26 06:00:00,-29105507.54464275,15,6843.93639598402,0.667,False
2024-10-26 09:00:00,-29105426.78808422,12,6842.167431793385,1.0,False
2024-10-27 12:00:00,-29107735.84336005,9,6844.340973059232,2.0,False
2024-10-27 15:00:00,-29108158.51878418,18,6844.254999803173,2.667,False
2024-10-27 18:00:00,-29108224.63218501,12,6846.009739351898,2.667,False
2024-10-27 21:00:00,-29108125.995171458,18,6843.498899380186,2.667,False
2024-10-28 00:00:00,-29108303.264203876,18,6843.404445883997,2.667,False
2024-10-28 03:00:00,-29108584.35358859,18,6843.702132637866,4.667,False
2024-10-28 06:00:00,-29108947.329624243,17,6843.992521272616,4.0,False
2024-10-28 09:00:00,-29108968.690328512,15,6843.394547845128,2.333,False
2024-10-28 12:00:00,-29109126.99410259,18,6843.61117409132,2.667,False
2024-10-28 15:00:00,-29109573.928714547,18,6843.121269444696,2.333,False
2024-10-28 18:00:00,-29109824.305426747,14,6844.881994773543,2.0,False
2024-10-28 21:00:00,-29109786.678660944,18,6843.490051007188,2.333,False
2024-10-29 00:00:00,-29110013.7263297,18,6843.803658065312,3.0,False
2024-10-29 03:00:00,-29110562.28670694,18,6843.616665308207,1.667,False
2024-10-29 06:00:00,-29110603.26271511,14,6842.720360564189,2.333,False
2024-10-29 09:00:00,-29110664.945582755,13,6840.945947581694,1.667,False
2024-10-29 12:00:00,-29111010.06111136,18,6842.8490322297175,2.0,False
2024-10-29 15:00:00,-29111393.328445893,18,6843.184072150993,2.667,False
2024-10-29 18:00:00,-29111749.61500364,15,6844.611736285353,4.0,False
2024-10-29 21:00:00,-29111591.991936844,18,6843.323963773007,2.333,False
2024-10-30 00:00:00,-29111829.923528537,18,6842.837562194802,3.667,False
2024-10-30 03:00:00,-29112218.556158543,18,6842.454123904068,3.0,False
2024-10-30 06:00:00,-29112221.59699145,14,6841.912779671054,3.333,False
2024-10-30 09:00:00,-29112498.161968168,14,6842.018478746868,4.0,False
2024-10-30 12:00:00,-29112867.858570427,18,6843.165363177678,3.0,False
2024-10-30 15:00:00,-29113263.85541308,18,6842.88257081733,2.333,False
2024-10-30 18:00:00,-29113580.537400004,15,6843.938432683434,1.667,False
2024-10-30 21:00:00,-29113405.414195776,18,6842.167951484633,1.333,False
2024-10-31 00:00:00,-29113616.11911834,18,6842.337256791296,0.667,False
2024-10-31 03:00:00,-29114009.016721714,18,6842.684606955139,0.667,False
2024-10-31 06:00:00,-29114224.76693141,11,6841.912352448548,1.333,False
2024-10-31 09:00:00,-29114770.597579703,9,6842.078149861369,1.333,False
2024-10-31 12:00:00,-29114440.021151572,12,6842.682384890682,1.667,False
2024-10-31 15:00:00,-29115027.918005377,17,6842.135387245231,2.333,False
2024-10-31 18:00:00,-29115182.236182228,17,6842.110846289848,3.0,False
2024-10-31 21:00:00,-29115068.65405993,18,6842.482502591555,3.667,False
2024-11-01 00:00:00,-29115407.855157174,18,6842.562419007384,2.667,False
2024-11-01 03:00:00,-29115868.669366207,18,6842.163743523281,1.333,False
2024-11-01 06:00:00,-29116074.822119035,17,6841.261614035436,1.333,False
2024-11-01 09:00:00,-29115982.987398997,17,6841.400984863973,2.333,False
2024-11-01 12:00:00,-29116313.682510193,18,6841.806133517441,2.667,False
2024-11-01 15:00:00,-29116701.64374299,18,6842.134919075552,0.333,False
2024-11-01 18:00:00,-29116884.930381853,15,6843.580409787497,0.667,False
2024-11-01 21:00:00,-29116893.478846952,18,6841.874270458939,0.0,False
2024-11-02 00:00:00,-29117062.69634783,18,6841.419835065305,0.0,False
2024-11-02 03:00:00,-29117343.297384325,16,6840.709155717263,0.0,False
2024-11-02 06:00:00,-29117691.657025382,16,6840.590646694133,2.0,False
2024-11-02 09:00:00,-29117826.757004216,15,6840.59713436599,4.0,False
2024-11-02 12:00:00,-29118078.896726184,18,6841.903753107536,3.667,False
2024-11-02 15:00:00,-29118586.288684346,18,6841.425857926785,2.333,False
2024-11-02 18:00:00,-29118800.962751575,14,6842.103866128014,2.333,False
2024-11-02 21:00:00,-29118896.532787748,18,6840.925150421214,3.333,False
2024-11-03 00:00:00,-29119109.141185105,18,6841.243892136422,2.333,False
2024-11-03 03:00:00,-29119475.251154892,18,6841.539993161924,0.333,False
2024-11-03 06:00:00,-29119918.095127385,15,6840.198461202537,0.333,False
2024-11-03 09:00:00,-29119825.286284525,16,6840.670516915702,0.667,False
2024-11-03 12:00:00,-29120004.17923791,18,6840.6763189127505,0.667,False
2024-11-03 15:00:00,-29120399.52442251,16,6841.3054280647975,3.0,False
2024-11-03 18:00:00,-29120663.021464612,16,6841.299397929619,3.0,False
2024-11-03 21:00:00,-29120751.64414129,18,6841.26265772802,4.0,False
2024-11-04 00:00:00,-29121010.45002477,18,6841.172982840628,3.667,False
2024-11-04 03:00:00,-29121349.324231677,18,6840.69569606678,4.333,False
2024-11-04 06:00:00,-29121419.348760653,16,6839.459630441159,2.667,False
2024-11-04 09:00:00,-29121513.111290824,10,6839.837899399293,2.333,False
2024-11-04 12:00:00,-29121832.577645704,15,6840.073093455119,2.0,False
2024-11-04 15:00:00,-29122255.754566547,18,6840.918467292522,1.667,False
2024-11-04 18:00:00,-29122495.16989795,14,6842.423640733103,0.667,False
2024-11-04 21:00:00,-29122403.5487796,17,6839.866972558945,3.0,False
2024-11-05 00:00:00,-29122665.67238663,18,6840.021745312194,2.667,False
2024-11-05 03:00:00,-29123067.808508005,17,6839.427391972314,1.333,False
2024-11-05 06:00:00,-29123162.180992197,16,6839.558589464208,2.667,False
2024-11-05 12:00:00,-29123569.087757207,9,6840.449119865741,2.667,False
2024-11-05 15:00:00,-29123876.914396666,18,6840.038345962699,2.333,False
2024-11-05 18:00:00,-29124225.7497795,16,6840.547973382178,2.667,False
2024-11-05 21:00:00,-29124110.886769723,18,6839.782828784393,2.667,False
2024-11-06 00:00:00,-29124337.997150984,18,6840.1469965225815,3.333,False
2024-11-06 03:00:00,-29124748.092244476,17,6840.696890621857,3.0,False
2024-11-06 06:00:00,-29124956.045264117,17,6840.176901302685,2.333,False
2024-11-06 09:00:00,-29125167.58755045,14,6839.606323399193,2.0,False
2024-11-06 12:00:00,-29125226.687119126,18,6839.4053488081245,2.333,False
2024-11-06 15:00:00,-29125874.164937384,17,6839.910895342817,2.0,False
2024-11-06 18:00:00,-29125961.983853437,16,6840.732620098994,2.0,False
2024-11-06 21:00:00,-29125911.223345492,18,6840.085562817713,1.667,False
2024-11-07 00:00:00,-29126154.479240585,18,6839.886126937069,1.0,False
2024-11-07 03:00:00,-29126467.54007159,18,6839.38584936298,1.667,False
2024-11-07 06:00:00,-29126554.775000956,13,6838.726002842316,2.333,False
2024-11-07 09:00:00,-29127012.877542537,5,6839.392879854746,2.0,False
2024-11-07 12:00:00,-29126954.73149442,18,6839.571747311364,1.0,False
2024-11-07 15:00:00,-29127429.79987271,18,6839.726088716672,3.0,False
2024-11-07 18:00:00,-29127314.077681262,12,6840.357578188411,2.0,False
2024-11-07 21:00:00,-29127460.275267895,16,6840.041905057397,3.0,False
2024-11-08 00:00:00,-29127736.02249372,18,6838.809718734706,2.333,False
2024-11-08 03:00:00,-29128087.59773992,18,6838.887628946843,1.333,False
2024-11-08 06:00:00,-29128337.64739819,18,6839.257377010065,1.0,False
2024-11-08 09:00:00,-29128525.77554839,14,6839.110942512913,1.667,False
2024-11-08 12:00:00,-29128583.878433738,18,6839.29076162318,2.0,False
2024-11-08 15:00:00,-29129003.882976376,18,6838.761692817437,2.333,False
2024-11-08 18:00:00,-29129376.11132273,16,6839.198405477873,3.667,False
2024-11-08 21:00:00,-29129135.203271005,18,6838.656829581704,3.333,False
2024-11-09 00:00:00,-29129609.199280206,18,6838.970630035741,4.0,False
2024-11-09 03:00:00,-29129992.440495376,18,6839.125653252761,4.0,False
2024-11-09 06:00:00,-29130368.5872155,16,6838.395073034829,3.667,False
2024-11-09 09:00:00,-29130421.331761345,15,6837.793496712482,4.333,False
2024-11-09 12:00:00,-29130669.51691325,18,6838.119299024953,5.0,False
2024-11-09 15:00:00,-29131190.076740105,16,6839.030492968615,4.667,False
2024-11-09 18:00:00,-29131637.117939837,14,6838.544331244059,4.333,False
2024-11-09 21:00:00,-29131564.552077387,18,6838.761278527899,3.667,False
2024-11-10 00:00:00,-29131872.124366023,18,6838.504704753312,3.667,False
2024-11-10 03:00:00,-29132440.080691315,18,6837.944076168879,4.333,False
2024-11-10 06:00:00,-29132349.83954212,17,6837.149294517161,1.667,False
2024-11-10 09:00:00,-29132567.11678901,12,6837.994662878879,2.0,False
2024-11-10 12:00:00,-29132730.89371396,18,6838.2440338758615,3.667,False
2024-11-10 15:00:00,-29133194.18362327,18,6838.371161774128,4.0,False
2024-11-10 18:00:00,-29133384.4656449,16,6838.830842494167,5.667,False
2024-11-10 21:00:00,-29133376.162497945,18,6837.729139339501,3.0,False
2024-11-11 00:00:00,-29133550.53613115,18,6837.44557284824,2.667,False
2024-11-11 03:00:00,-29133944.468408324,18,6837.530628783267,2.0,False
2024-11-11 06:00:00,-29134063.818896864,16,6837.213760334774,3.0,False
2024-11-11 09:00:00,-29134236.80240569,12,6839.083596225573,2.333,False
2024-11-11 12:00:00,-29134229.35913876,18,6837.953137644434,1.667,False
2024-11-11 15:00:00,-29134630.24681145,18,6837.435396300592,2.667,False
2024-11-11 18:00:00,-29134901.268492974,14,6838.54576169385,1.667,False
2024-11-11 21:00:00,-29134609.367177337,18,6837.375059921016,1.0,False
2024-11-12 00:00:00,-29134885.45903779,18,6837.72772656984,1.667,False
2024-11-12 03:00:00,-29135136.667363364,18,6837.912985975179,1.333,False
2024-11-12 06:00:00,-29135149.15683884,14,6836.27796886644,1.667,False
2024-11-12 09:00:00,-29135188.214257978,16,6837.239405854171,0.667,False
2024-11-12 12:00:00,-29135353.287523936,17,6836.858341080217,1.0,False
2024-11-12 15:00:00,-29135726.514596447,17,6837.620103439296,1.333,False
2024-11-12 18:00:00,-29135817.57581329,17,6837.884869245522,1.0,False
2024-11-12 21:00:00,-29135759.819328897,18,6837.768645262111,0.333,False
2024-11-13 00:00:00,-29135823.499605585,18,6837.593649725232,2.0,False
2024-11-13 03:00:00,-29136201.286072742,18,6837.085087557041,2.0,False
2024-11-13 06:00:00,-29136166.54850317,17,6836.254935043424,0.333,False
2024-11-13 09:00:00,-29136139.78154203,16,6836.718601064359,1.667,False
2024-11-13 12:00:00,-29136359.774768855,18,6837.3622339750345,2.667,False
2024-11-13 15:00:00,-29136655.271467436,18,6837.553657942824,1.667,False
2024-11-13 18:00:00,-29136968.576042056,12,6838.101233842407,1.667,False
2024-11-13 21:00:00,-29136647.400557555,18,6836.71999208894,0.333,False
2024-11-14 00:00:00,-29136957.811145734,18,6836.898639597487,0.333,False
2024-11-14 03:00:00,-29137181.068050966,18,6837.26521342333,3.333,False
2024-11-14 06:00:00,-29137390.146305844,16,6836.656262043478,1.0,False
2024-11-14 09:00:00,-29137277.663293485,11,6837.490391884863,1.333,False
2024-11-14 12:00:00,-29137307.737797514,18,6836.737195947152,2.0,False
2024-11-14 15:00:00,-29137644.984460633,18,6836.483733827988,3.0,False
2024-11-14 18:00:00,-29137936.56736034,14,6838.15465100131,3.667,False
2024-11-14 21:00:00,-29137758.24722504,18,6837.117546990192,3.333,False
2024-11-15 00:00:00,-29138020.295863796,18,6837.236402603936,3.0,False
2024-11-15 03:00:00,-29138296.601832055,18,6836.938897885177,3.333,False
2024-11-15 06:00:00,-29138212.381215755,13,6836.130162082756,2.667,False
2024-11-15 09:00:00,-29138387.80499292,16,6836.079499968918,2.0,False
2024-11-15 12:00:00,-29138520.9841516,18,6836.501359693821,3.0,False
2024-11-15 15:00:00,-29138727.10094598,18,6836.872665179104,2.667,False
2024-11-15 18:00:00,-29139022.860655446,15,6837.523670654558,2.333,False
2024-11-15 21:00:00,-29138915.845679566,16,6837.487847263108,2.0,False
2024-11-16 00:00:00,-29139028.38445454,18,6836.365885678059,3.333,False
2024-11-16 03:00:00,-29139473.781828325,18,6836.05415288669,2.0,False
2024-11-16 06:00:00,-29139408.150255285,16,6835.497337959909,2.333,False
2024-11-16 09:00:00,-29139497.89411562,13,6836.901622796283,1.667,False
2024-11-16 12:00:00,-29139559.147495158,18,6836.8729328079935,1.667,False
2024-11-16 15:00:00,-29139815.5382205,18,6836.617179897076,0.0,False
2024-11-16 18:00:00,-29139896.92687217,16,6837.03830373029,0.0,False
2024-11-16 21:00:00,-29139833.201173376,18,6835.973664709392,0.333,False
2024-11-17 00:00:00,-29140115.87052601,18,6836.089811224702,0.333,False
2024-11-17 03:00:00,-29140225.981955856,18,6836.480520553361,2.667,False
2024-11-17 06:00:00,-29140072.95735463,17,6836.49864168942,2.0,False
2024-11-17 09:00:00,-29140338.950389903,15,6836.403956974963,2.0,False
2024-11-17 12:00:00,-29140400.927676037,18,6836.0885224213625,2.667,False
2024-11-17 15:00:00,-29140774.245015517,18,6835.752407945517,0.667,False
2024-11-17 18:00:00,-29140799.66201934,15,6836.067924750181,1.333,False
2024-11-17 21:00:00,-29140672.08164341,18,6836.354225105937,1.0,False
2024-11-18 00:00:00,-29140870.17619379,18,6836.560298745878,0.667,False
2024-11-18 03:00:00,-29141179.579821788,18,6836.339605509409,2.0,False
2024-11-18 06:00:00,-29141160.08811919,17,6835.78166063275,0.0,False
2024-11-18 09:00:00,-29141099.028002225,13,6835.673627901116,0.333,False
2024-11-18 12:00:00,-29141322.208951,7,6836.817369622357,0.667,False
2024-11-19 09:00:00,-29141989.83839477,13,6835.924391706897,2.0,False
2024-11-19 12:00:00,-29142219.341286764,18,6836.233525096941,2.333,False
2024-11-19 15:00:00,-29142529.36721054,18,6836.064714106012,2.667,False
2024-11-19 18:00:00,-29142766.056755867,15,6835.817843470095,2.667,False
2024-11-19 21:00:00,-29142681.058623336,18,6835.324618336147,1.0,False
2024-11-20 00:00:00,-29142799.09017919,18,6835.375053905081,0.333,False
2024-11-20 03:00:00,-29143089.001365375,18,6835.697829531609,2.667,False
2024-11-20 06:00:00,-29143365.481286928,18,6835.957001222641,2.667,False
2024-11-20 09:00:00,-29143319.877251294,17,6835.766944079051,2.333,False
2024-11-20 12:00:00,-29143369.83861693,18,6835.503888327418,2.0,False
2024-11-20 15:00:00,-29143789.59377384,18,6835.073310752972,1.667,False
2024-11-20 18:00:00,-29143719.68767327,15,6836.485433028725,0.667,False
2024-11-20 21:00:00,-29143693.784179583,18,6835.526355214965,1.667,False
2024-11-21 00:00:00,-29143917.62541376,18,6835.811421895176,0.0,False
2024-11-21 03:00:00,-29144209.30340708,18,6835.711214774508,1.333,False
2024-11-21 06:00:00,-29144204.83224947,17,6835.041993343089,1.667,False
2024-11-21 09:00:00,-29144303.243465334,17,6834.920977446221,2.0,False
2024-11-21 12:00:00,-29144369.314974803,18,6834.966193512284,1.667,False
2024-11-21 15:00:00,-29144745.22322859,16,6836.132491607528,1.667,False
2024-11-21 18:00:00,-29144906.86152516,16,6836.134873921641,3.0,False
2024-11-21 21:00:00,-29144785.628571723,16,6835.844364398541,2.667,False
2024-11-22 00:00:00,-29144987.872586716,18,6835.198402673063,2.0,False
2024-11-22 03:00:00,-29145363.788897704,18,6834.739032431737,2.0,False
2024-11-22 06:00:00,-29145501.550737336,17,6834.237653860426,0.667,False
2024-11-22 09:00:00,-29145392.637168873,17,6834.862093819817,1.667,False
2024-11-22 12:00:00,-29145581.27820493,18,6835.382894572016,3.0,False
2024-11-22 15:00:00,-29145967.13845998,18,6835.334651872624,3.333,False
2024-11-22 18:00:00,-29146200.094852287,15,6835.722417144919,2.667,False
2024-11-22 21:00:00,-29146058.426919274,18,6834.603761329765,3.0,False
2024-11-23 00:00:00,-29146211.269546766,18,6834.500496967856,2.333,False
2024-11-23 03:00:00,-29146564.754245006,18,6834.733346847464,1.333,False
2024-11-23 06:00:00,-29146743.795656208,18,6835.082808358189,1.667,False
2024-11-23 09:00:00,-29146792.28355659,15,6835.169081489256,1.667,False
2024-11-23 12:00:00,-29146857.824090492,18,6834.841585270378,2.667,False
2024-11-23 15:00:00,-29147205.689959083,18,6834.360971614787,1.667,False
2024-11-23 18:00:00,-29147290.329066902,16,6834.682891055215,2.0,False
2024-11-23 21:00:00,-29147358.58948075,18,6834.508187735297,2.0,False
2024-11-24 00:00:00,-29147505.20463407,18,6834.872256001238,1.333,False
2024-11-24 03:00:00,-29147978.93144879,18,6834.88758424943,2.0,False
2024-11-24 06:00:00,-29147969.576773293,15,6833.8912682417185,1.667,False
2024-11-24 09:00:00,-29147923.53797506,16,6834.394235403819,0.333,False
2024-11-24 12:00:00,-29148101.171976954,18,6834.036298692156,0.333,False
2024-11-24 15:00:00,-29148534.152846355,17,6834.652325654396,1.0,False
2024-11-24 18:00:00,-29148626.92854163,16,6834.894154474923,1.667,False
2024-11-24 21:00:00,-29148676.993744794,18,6834.733468380128,4.0,False
2024-11-25 00:00:00,-29148856.571702026,18,6834.463102722038,3.333,False
2024-11-25 03:00:00,-29149165.30170062,18,6833.977531708511,2.333,False
2024-11-25 06:00:00,-29149245.78344896,13,6833.714266247841,2.0,False
2024-11-25 09:00:00,-29149590.121249072,5,6833.993736097601,2.0,False
2024-11-25 12:00:00,-29149549.4561853,18,6834.311981295656,3.0,False
2024-11-25 15:00:00,-29150024.304448232,17,6834.988171180167,3.0,False
2024-11-25 18:00:00,-29150076.709742013,16,6834.892968664933,1.667,False
2024-11-25 21:00:00,-29150074.476534028,18,6833.813310423045,2.0,False
2024-11-26 00:00:00,-29150321.155801423,18,6833.51526271802,3.0,False
2024-11-26 03:00:00,-29150623.226551797,18,6833.601887880537,2.0,False
2024-11-26 06:00:00,-29150921.48683949,17,6833.775922164105,0.333,False
2024-11-26 09:00:00,-29150881.709241074,14,6833.8995420726815,0.667,False
2024-11-26 12:00:00,-29151018.341064543,18,6834.0445732136295,1.0,False
2024-11-26 15:00:00,-29151302.5981306,18,6833.576627764944,0.667,False
2024-11-26 18:00:00,-29151400.123165853,15,6833.803975247607,1.0,False
2024-11-26 21:00:00,-29151350.09099241,18,6833.390771568992,1.667,False
2024-11-27 00:00:00,-29151685.477539133,18,6833.7055691243595,0.667,False
2024-11-27 03:00:00,-29152031.438348744,18,6833.923240611445,0.667,False
2024-11-27 06:00:00,-29152248.330361307,17,6833.724830259276,0.667,False
2024-11-27 09:00:00,-29151998.319686495,11,6832.742805683702,1.0,False
2024-11-27 12:00:00,-29152337.470766567,17,6833.599859853681,0.667,False
2024-11-27 15:00:00,-29152712.359982617,16,6833.717115641678,1.0,False
2024-11-27 18:00:00,-29152956.33530531,14,6834.567342021419,1.0,False
2024-11-27 21:00:00,-29152861.147380646,18,6833.705330032249,2.333,False
2024-11-28 00:00:00,-29153098.916207574,18,6833.6326281108895,1.667,False
2024-11-28 03:00:00,-29153350.53742622,18,6833.217917226187,1.0,False
2024-11-28 06:00:00,-29153541.733699277,18,6832.817279522854,0.333,False
2024-11-28 09:00:00,-29153594.86072834,15,6831.815969210535,0.667,False
2024-11-28 12:00:00,-29153805.472236793,18,6833.083940953503,0.333,False
2024-11-28 15:00:00,-29154257.239692047,18,6833.343235246063,0.0,False
2024-11-28 18:00:00,-29154375.197798643,13,6834.849909102031,1.333,False
2024-11-28 21:00:00,-29154251.469285116,18,6833.071311982479,0.0,False
2024-11-29 00:00:00,-29154415.47019045,18,6832.654677674814,1.667,False
2024-11-29 03:00:00,-29154848.367372382,18,6832.471622621717,2.333,False
2024-11-29 06:00:00,-29155029.82264114,18,6832.725826693844,1.0,False
2024-11-29 09:00:00,-29155130.947448265,15,6832.240021582013,2.0,False
2024-11-29 12:00:00,-29155340.811616603,18,6833.157760453639,1.667,False
2024-11-29 15:00:00,-29155596.887401644,18,6832.824246507922,0.667,False
2024-11-29 18:00:00,-29155868.166352056,14,6833.905825853469,2.333,False
2024-11-29 21:00:00,-29155790.61905302,18,6832.235418846448,2.667,False
2024-11-30 00:00:00,-29156045.238011282,18,6832.423216810483,4.333,False
2024-11-30 03:00:00,-29156441.150927443,18,6832.73178469748,3.0,False
2024-11-30 06:00:00,-29156877.17291049,16,6831.92976538732,2.667,False
2024-11-30 09:00:00,-29156602.725178167,15,6831.771111036105,0.667,False
2024-11-30 12:00:00,-29156752.051887527,6,6830.920132454718,0.667,False
