timestamp,old_gps_average_altitude,old_tle_average_altitude,old_altitude_diff,center_time,n_raw,gps_a_msl_raw,gps_b_ellipsoidal_h_ell,gps_c_r_minus_R0_geoid_corrected,gps_cprime_r_minus_R0_asused,tle_i_r_minus_R0_asused,tle_ii_geodetic_height_correct,D2_gps_cprime,D2_tle_i,D_common_gps_cprime,D_common_tle_i,alpha_binned,delta_h_old_binned,delta_h_degeoided_binned,beta_binned,gamma_binned
2024-06-27 01:39:19.315789568+00:00,498.0554513437151,498.26351780845874,0.2080664647436947,2024-06-27 01:29:18+00:00,19.0,508.5734649254255,508.57836054241926,498.0534770759172,498.04858146797733,498.26556620100484,508.79672548659187,498.04856232917814,498.26657096778416,498.04858146797733,498.26556620100484,0.004895607939886304,0.21698473302751609,0.21208912508762978,-0.001023905578506401,0.0
2024-06-27 04:49:21.263158016+00:00,498.0877695828058,498.246402600173,0.1586330173672649,2024-06-27 04:39:20+00:00,19.0,508.6343887139986,508.6213863013653,498.08988520187535,498.10288760358577,498.2478856630932,508.78557929742414,498.10405638804593,498.2500800056095,498.10288760358577,498.2478856630932,-0.013002401710423328,0.1449980595074294,0.15800046121785272,-0.0010255580561420174,0.0
2024-06-27 08:07:30.812499968+00:00,497.69552233004697,497.86612929065694,0.1706069606099731,2024-06-27 07:50:02+00:00,15.0,510.6608660148452,510.66294602667057,497.6704018812886,497.66832209882557,497.845755958462,510.9081908496492,498.0329684308784,498.2247915797965,497.66832209882557,497.845755958462,0.00207978246305629,0.17743385963643732,0.17535407717338103,-0.014389289281666606,0.0
2024-06-27 11:13:51.833333504+00:00,497.9474183209298,498.15711468269006,0.2096963617602227,2024-06-27 10:52:44+00:00,18.0,508.7296895818493,508.7398016311224,497.9506296688905,497.94051760793934,498.16023188191815,509.01157028845864,497.9777492377457,498.20675852885705,497.94051760793934,498.16023188191815,0.01011206095114403,0.21971427397880916,0.20960221302766513,-0.009295017132558314,0.0
2024-06-27 14:09:26.941176320+00:00,498.0927355514778,498.2943919335916,0.2016563821137538,2024-06-27 13:59:26+00:00,19.0,508.4924216047487,508.4950018107147,498.00475847415316,498.00217827673646,498.199059981855,508.69209998101286,497.9953224934287,498.1927710478927,498.00217827673646,498.199059981855,0.002580197416705232,0.19688170511852832,0.19430150770182308,-0.0005668493454322743,0.0
2024-06-27 17:19:28.812499968+00:00,498.2823962225,498.4178796453349,0.1354834228349091,2024-06-27 17:19:28+00:00,16.0,507.44155607307397,507.42028362776045,498.25740164405175,498.2786740744503,498.4172586814669,507.3718507435042,498.07867417489325,498.1822949471535,498.2786740744503,498.4172586814669,-0.021272430398539655,0.1385846070165826,0.15985703741512225,0.03496383475635412,0.0
2024-06-27 21:07:12.076923136+00:00,497.98510805155706,498.2020294947404,0.2169214431833666,,,,,,,,,,,,,,,,,
2024-06-27 23:49:32.105263104+00:00,497.92161816140407,498.1457101906124,0.2240920292082933,,,,,,,,,,,,,,,,,
2024-06-28 02:57:20.611111168+00:00,498.05333274478943,498.2276279803593,0.1742952355699003,,,,,,,,,,,,,,,,,
2024-06-28 09:13:28.230768896+00:00,497.32631449743286,497.4728253599761,0.1465108625432662,,,,,,,,,,,,,,,,,
2024-06-28 12:24:40.499999744+00:00,497.9307425469962,498.16710313898665,0.236360591990433,2024-06-28 12:19:40+00:00,17.0,507.40435432290815,507.4211049712323,498.02681322072806,498.01006251736266,498.2557996518987,507.6154311691573,497.8406179193111,498.0813286681178,498.01006251736266,498.2557996518987,0.016750703365403297,0.24573713453605706,0.22898643117065376,0.0050263857293657566,0.0
2024-06-28 15:30:15.722222336+00:00,497.9046894340415,498.06682526473065,0.1621358306891807,2024-06-28 15:14:24+00:00,17.0,508.79211084143304,508.78129665226504,497.8080089373905,497.81882311011157,498.00912235697103,508.85118021536147,497.8828643700803,498.05476330353434,497.81882311011157,498.00912235697103,-0.010814172721040904,0.19029924685946753,0.20111341958050843,0.018400313405436464,0.0
2024-06-28 18:29:04.333333760+00:00,498.1269180361956,498.3386251112455,0.211707075049901,2024-06-28 18:17:57+00:00,17.0,507.6269434636741,507.60687227435625,498.0062367733955,498.0263079203407,498.1868079641706,507.71362913216655,497.8865367161699,498.03301730523026,498.0263079203407,498.1868079641706,-0.020071146945156215,0.1605000438299271,0.18057119077508332,0.01401945476959554,0.0
2024-06-28 21:54:46.333333248+00:00,497.8283301292046,498.09890569339024,0.2705755641856626,2024-06-28 21:44:45+00:00,16.0,507.35982088074417,507.37087203775087,497.9311389379583,497.92008782407294,498.2004046863841,507.5665911931535,497.75575221069175,498.02561358827757,497.92008782407294,498.2004046863841,0.011051113885343966,0.28031686231116737,0.2692657484258234,0.01045548472535529,0.0
2024-06-29 00:59:48.157894656+00:00,497.7533057992104,498.0067355946349,0.253429795424438,2024-06-29 00:39:47+00:00,19.0,508.2225973320189,508.232369432944,497.7481491499138,497.73837706456595,498.0107892420289,508.49954361350075,497.7308809151582,498.0037455372919,497.73837706456595,498.0107892420289,0.009772085347833581,0.272412177462968,0.2626400921151344,-0.0004524446707137031,0.0
2024-06-29 04:09:50.157894400+00:00,497.76755839585263,497.98983168837447,0.2222732925218338,2024-06-29 03:49:49+00:00,19.0,508.27759041304955,508.26807674408894,497.7790506858897,497.7885643321678,497.9935086720886,508.48634736344076,497.78170119737865,497.98721217589815,497.7885643321678,497.9935086720886,-0.0095136462781511,0.20494433992075756,0.21445798619890866,-0.0005666385987410649,0.0
2024-06-29 07:19:52.052631552+00:00,497.7616756791376,497.9732530246252,0.2115773454875693,2024-06-29 06:59:51+00:00,19.0,508.27237298014535,508.26184488666115,497.7685201582635,497.77904822316316,497.97512159852914,508.47943404784036,497.774081174646,497.9707009869852,497.77904822316316,497.97512159852914,-0.010528064899631318,0.1960733753659838,0.2066014402656151,-0.0005464369731953411,0.0
2024-06-29 10:29:53.947368704+00:00,497.6859887674168,497.9562442987186,0.2702555313018138,2024-06-29 10:09:53+00:00,19.0,508.17571259872693,508.1847552434465,497.68866337466807,497.679620758827,497.95941861747554,508.457149787254,497.6736607308999,497.9541712858086,497.679620758827,497.95941861747554,0.009042615841053703,0.27979785864852147,0.27075524280746777,-0.0007126962602228559,0.0
2024-06-29 13:34:55.888888832+00:00,497.7912286560374,498.0362759466488,0.24504729061141,2024-06-29 13:19:55+00:00,19.0,508.1821337915991,508.1900786000242,497.6896915222294,497.6817467485825,497.9419377396522,508.44492343159857,497.6768798437827,497.9376568338009,497.6817467485825,497.9419377396522,0.00794477364689783,0.2601909910696918,0.25224621742279396,-0.000585998948508859,0.0
2024-06-29 16:34:57.666666752+00:00,497.7877222343824,497.95170450819967,0.1639822738172824,2024-06-29 16:29:57+00:00,19.0,508.26481157170514,508.2438159443298,497.74051794333167,497.76151353371097,497.92448408350015,508.43242800896627,497.7573659894867,497.92113084260757,497.76151353371097,497.92448408350015,-0.02099559037930021,0.16297054978917913,0.18396614016847934,-0.0007943033317019399,0.0
2024-06-29 23:00:01.631578880+00:00,497.6059785435592,497.885961010632,0.2799824670727275,2024-06-29 22:50:01+00:00,17.0,508.351269578775,508.36417049393935,497.58199251547666,497.56909161088146,497.8623568651414,508.55176380925934,497.6066741512661,497.88703304998745,497.56909161088146,497.8623568651414,0.012900904595198881,0.29326525425994987,0.280364349664751,0.012906355538575554,0.0
2024-06-30 02:10:03.526315520+00:00,497.617780075762,497.8690628202132,0.2512827444511458,2024-06-30 01:50:02+00:00,19.0,508.0817656152636,508.08799309276895,497.6096758486028,497.60344837686773,497.87309812505345,508.3523861825913,497.59456867775305,497.86432742912103,497.60344837686773,497.87309812505345,0.00622747173508742,0.26964974818571363,0.2634222764506262,-0.00010900318227413663,0.0
2024-06-30 05:20:05.473684480+00:00,497.650363148679,497.851905228608,0.20154207992897,2024-06-30 05:00:04+00:00,19.0,508.164351621494,508.14834161490677,497.66917055559566,497.68518052901385,497.85656110921184,508.33478237168396,497.67609711590916,497.8476873239725,497.68518052901385,497.85656110921184,-0.016009973418192658,0.17138058019799018,0.18739055361618284,-0.0002096278653311856,0.0
2024-06-30 08:29:00.722222080+00:00,497.517242935478,497.75041620776295,0.2331732722849437,2024-06-30 08:07:53+00:00,18.0,508.5611125916069,508.55719347529333,497.5260752473343,497.529994358696,497.75474510382253,508.8118488626118,497.60446903930745,497.83360906732116,497.529994358696,497.75474510382253,-0.003919111361710748,0.22475074512652782,0.22866985648823857,-0.004389282887188983,0.0
2024-06-30 11:57:29.466666240+00:00,497.41583394059336,497.71396317055394,0.2981292299605798,2024-06-30 11:32:08+00:00,15.0,508.5669013111311,508.5776379210833,497.43035689371,497.41962031861533,497.71909626763966,508.8185859341947,497.50951609747807,497.80407022558103,497.41962031861533,497.71909626763966,0.0107365750946542,0.29947594902432684,0.28873937392967264,0.0049218209213677255,0.0
2024-06-30 14:50:11.263158272+00:00,497.5979875810478,497.8000424981629,0.202054917115106,2024-06-30 14:30:10+00:00,19.0,508.0625163733275,508.05990398724344,497.5768328625952,497.57944525549794,497.8051494660158,508.29207052791537,497.5717738841867,497.79787553435017,497.57944525549794,497.8051494660158,-0.002612392902733518,0.22570421051784706,0.22831660342058058,-0.00039743964561012035,0.0
2024-06-30 17:49:33.133333504+00:00,498.0344599219415,498.22440465664914,0.1899447347076375,2024-06-30 17:38:26+00:00,17.0,507.16271610694406,507.13904502244026,497.7705537096601,497.794224711818,497.9603173403879,507.29883800998005,497.6174853865496,497.77910427041985,497.794224711818,497.9603173403879,-0.023671002157925614,0.16609262856991336,0.18976363072783897,0.0044737446996805375,0.0
2024-06-30 21:13:48.714285312+00:00,498.110498877452,498.35449389130497,0.2439950138529525,,,,,,,,,,,,,,,,,
2024-07-01 00:10:16.052631552+00:00,497.47836083173183,497.7492203110311,0.2708594792992471,,,,,,,,,,,,,,,,,
2024-07-01 03:18:04.444444672+00:00,497.4866633671932,497.72301951511866,0.2363561479255054,,,,,,,,,,,,,,,,,
2024-07-01 06:35:19.611111168+00:00,497.6110430017773,497.81260003037966,0.2015570286023376,,,,,,,,,,,,,,,,,
2024-07-01 09:40:21.300000+00:00,496.2577124473645,496.4738061580403,0.2160937106758638,,,,,,,,,,,,,,,,,
2024-07-01 12:50:24.578947328+00:00,497.4174689561281,497.6795141720186,0.2620452158905095,2024-07-01 12:40:24+00:00,17.0,508.1333068389388,508.1467765624333,497.3822049855281,497.3687352856087,497.65598140873124,508.3455489888758,497.40276010476566,497.6806898308352,497.3687352856087,497.65598140873124,0.013469699919426148,0.28724612312254294,0.2737764232031168,0.009316397052998582,0.0
2024-07-01 15:55:26.500000+00:00,497.54258327105487,497.722090138445,0.1795068673901596,2024-07-01 15:40:25+00:00,19.0,507.9565856292778,507.9418781213213,497.4636619890152,497.47836945524074,497.66705671198304,508.14585075339033,497.46944020352447,497.6582807946157,497.47836945524074,497.66705671198304,-0.014707466225559074,0.18868725674229836,0.20339472296785743,-0.00015333434890862918,0.0
2024-07-01 19:06:54.142856960+00:00,497.4430295655497,497.65048192586175,0.207452360312061,2024-07-01 18:45:04+00:00,13.0,506.9176079062264,506.90081300210124,497.6572572786715,497.6740522142796,497.8527052373355,507.03171808569994,497.4828023685637,497.646617034179,497.6740522142796,497.8527052373355,-0.016794935608061223,0.17865302305591513,0.19544795866397635,0.014838357440623895,0.0
2024-07-01 22:20:30.368420608+00:00,497.351335580212,497.62763311238143,0.2762975321694512,2024-07-01 22:00:29+00:00,19.0,507.8475253634337,507.8592154564518,497.379147387188,497.3674573270159,497.63350793335115,508.1126861843698,497.35875919215795,497.6249193320916,497.3674573270159,497.63350793335115,0.011690060172099948,0.26605060633522726,0.2543605461631273,-0.00010953359844734223,0.0
2024-07-02 01:25:32.333333504+00:00,497.4346162057772,497.6921227481845,0.2575065424073841,2024-07-02 01:10:31+00:00,19.0,507.8304929665877,507.8395102216235,497.35949541886674,497.3504781637248,497.6162849872699,508.0985752175616,497.34220025917193,497.60826157318144,497.3504781637248,497.6162849872699,0.009017255141941405,0.26580682354511964,0.25678956840317824,-0.00025449046438552614,0.0
2024-07-02 04:30:34.157894912+00:00,497.40360675027455,497.5948876036244,0.1912808533498378,2024-07-02 04:20:33+00:00,19.0,507.9077297294607,507.8936656408724,497.41025096694165,497.42431502162964,497.59886537732143,508.0855432439406,497.4166791898293,497.5916161778731,497.42431502162964,497.59886537732143,-0.014064054687992211,0.17455035569179245,0.18861441037978466,-0.0003866323519901016,0.0
2024-07-02 07:40:36.052631296+00:00,497.3598470866901,497.57750271256486,0.2176556258747268,2024-07-02 07:30:35+00:00,19.0,507.8581403085405,507.85178085027866,497.36260880252576,497.36896825886174,497.58128030397984,508.07334132655234,497.3622853407458,497.57496674269856,497.36896825886174,497.58128030397984,-0.006359456335985669,0.21231204511809665,0.21867150145408232,-0.0003693568346534448,0.0
2024-07-02 11:11:28.333333248+00:00,496.7089689750632,496.9684105934455,0.2594416183822545,2024-07-02 10:48:48+00:00,11.0,511.0362445181697,511.03998339114406,496.68621132901006,496.6824725631441,496.9465567367346,511.4616599754093,497.2568335570809,497.5452741450726,496.6824725631441,496.9465567367346,0.003738765865989535,0.2640841735905042,0.26034540772451464,-0.02435641440121117,0.0
2024-07-02 14:00:39.947368704+00:00,497.31760081496833,497.54260653762185,0.2250057226535204,2024-07-02 13:40:39+00:00,19.0,507.7670573231613,507.7743615482982,497.2933506067721,497.28604639984906,497.5443020076967,508.02467328504594,497.2778383795116,497.5358534423795,497.28604639984906,497.5443020076967,0.007304206923038237,0.2582556078476159,0.2509514009245777,0.00024054497970382727,0.0
2024-07-02 17:05:41.777777664+00:00,497.3908533154525,497.5467482233472,0.1558949078947193,2024-07-02 16:50:41+00:00,19.0,507.85053444820284,507.8329906907941,497.3539219152375,497.3714656260287,497.5279127003539,508.0054985051254,497.3626516974217,497.51899989028925,497.3714656260287,497.5279127003539,-0.01754371079118755,0.15644707432522864,0.1739907851164162,9.888145768854883e-05,0.0
2024-07-02 20:20:43.842105088+00:00,497.29075828909663,497.5072774783457,0.2165191892490838,2024-07-02 20:05:10+00:00,18.0,507.6621661043657,507.658929869965,497.3245870872925,497.3278233444474,497.5387856364369,507.83831853072456,497.2976901138195,497.50379305416726,497.3278233444474,497.5387856364369,-0.003236257154867417,0.21096229198951733,0.21419854914438474,0.004859351641755438,0.0
2024-07-02 23:30:45.736841984+00:00,497.22469835351006,497.48947239628,0.2647740427698863,2024-07-02 23:10:45+00:00,19.0,507.69438739078225,507.7101297080841,497.23658272877117,497.22084045429114,497.49466152715286,507.9699381313183,497.2116398632668,497.4853747953881,497.22084045429114,497.49466152715286,0.015742274480032847,0.27382107286172186,0.258078798381689,8.614074039314801e-05,0.0
2024-07-03 02:40:47.631579136+00:00,497.2515576409589,497.47217878159,0.2206211406310672,2024-07-03 02:20:47+00:00,19.0,507.71689675724406,507.71861023378494,497.24382174023503,497.2421082452352,497.47765071224177,507.95435925478546,497.2329980872025,497.46859574786896,497.2421082452352,497.47765071224177,0.0017134949998194315,0.23554246700655312,0.2338289720067337,-5.519365993222891e-05,0.0
2024-07-03 05:45:49.555555328+00:00,497.3429791108037,497.51600682663263,0.1730277158289368,2024-07-03 05:30:49+00:00,19.0,507.7909572105408,507.77407642303507,497.2980715421458,497.31495229681093,497.4604863125943,507.93962091972287,497.3061711683712,497.45183607360855,497.31495229681093,497.4604863125943,-0.01688075466512373,0.1455340157833689,0.16241477044849262,-0.00013088945399886143,0.0
2024-07-03 08:47:54.941176320+00:00,497.17973251464105,497.3919202850491,0.2121877704080361,2024-07-03 08:36:43+00:00,17.0,507.9594473940037,507.95831299579686,497.18202594983035,497.1831603720206,497.39338602184563,508.22866503517037,497.22250475223245,497.4403797796423,497.1831603720206,497.39338602184563,-0.0011344221902618301,0.2102256498250199,0.21136007201528173,-0.0076493775848121,0.0
2024-07-03 12:04:46.722222592+00:00,497.12795430079314,497.3888209268683,0.260866626075142,2024-07-03 11:54:12+00:00,18.0,507.8003128388975,507.812990168701,497.139485987836,497.12680872316025,497.3916282747388,508.09547711401063,497.1473754723321,497.4159714124895,497.12680872316025,497.3916282747388,0.012677264675744482,0.26481955157856873,0.25214228690282425,-0.003776388578842216,0.0
2024-07-03 15:10:55.315789568+00:00,497.2312114090987,497.40583984069184,0.1746284315931348,2024-07-03 15:00:54+00:00,19.0,507.7081135392491,507.6990250377069,497.21627966532094,497.22536814698736,497.4096194182008,507.8917548435576,497.2171569168868,497.40164833271314,497.22536814698736,497.4096194182008,-0.009088481666424286,0.18425127121344076,0.19333975287986505,-0.00024014461291699263,0.0
2024-07-03 18:12:57.266666496+00:00,497.4469059926257,497.6014782512402,0.1545722586145075,2024-07-03 18:00:56+00:00,15.0,507.1654218349104,507.14632552134094,497.33551873335153,497.3546151112691,497.49022588340017,507.3091788833275,497.24604009431823,497.38255281009117,497.3546151112691,497.49022588340017,-0.019096377917549034,0.13561077213108774,0.15470715004863678,-0.0009019436418498117,0.0
2024-07-03 21:40:59.294117632+00:00,497.30057453387184,497.548346300139,0.2477717662671352,2024-07-03 21:24:06+00:00,16.0,506.5455458092385,506.54921644024694,497.317550064166,497.3138795695151,497.56379360677454,506.77075259937055,497.11883957004403,497.3652606616189,497.3138795695151,497.56379360677454,0.003670494650918954,0.24991403725942973,0.24624354260851078,0.003492945684570259,0.0
2024-07-04 00:41:01.105263360+00:00,497.1103682230818,497.3523926768965,0.2420244538146221,2024-07-04 00:21:00+00:00,19.0,507.57234421302763,507.5864373537775,497.1070902226795,497.09299712329596,497.35431679543564,507.8357589455737,497.0850542549819,497.34614262657436,497.09299712329596,497.35431679543564,0.014093099383558183,0.26131967213967755,0.24722657275611937,0.00023130054722741988,0.0
2024-07-04 03:51:03.052631296+00:00,497.13861439341,497.3349301677238,0.1963157743138026,2024-07-04 03:31:02+00:00,19.0,507.6407970673002,507.63259232530834,497.1529337976026,497.1611385211083,497.33769250344966,507.8175619090811,497.1527814617826,497.3292217725892,497.1611385211083,497.33769250344966,-0.008204723505684797,0.17655398234137465,0.18475870584705945,0.00011367153473429426,0.0
2024-07-04 07:01:04.947368448+00:00,497.1429415401561,497.3175393146614,0.1745977745052869,2024-07-04 06:41:04+00:00,19.0,507.64274932786105,507.6294802161604,497.1510403336432,497.16430941456883,497.3212962892807,507.7981007928864,497.1554013950445,497.31232641748113,497.16430941456883,497.3212962892807,-0.013269080925624621,0.15698687471189032,0.17025595563751494,6.185227528021642e-05,0.0
2024-07-04 10:15:24.142856960+00:00,496.5595405298524,496.7685223983456,0.208981868493197,2024-07-04 09:48:14+00:00,14.0,510.54804268081745,510.55434929539405,496.5598765118776,496.55356973178016,496.7689390928597,510.8367128387607,497.0693390784465,497.2983020510213,496.55356973178016,496.7689390928597,0.006306780097418141,0.21536936107952442,0.20906258098210628,-0.013593611495309688,0.0
2024-07-04 13:16:08.777777920+00:00,497.1056814083662,497.3272363891096,0.2215549807434058,2024-07-04 13:01:08+00:00,19.0,507.5203721342338,507.5307451284931,497.05607010331823,497.04569714258275,497.2880638036644,507.76175204016073,497.03630420782827,497.2786092671973,497.04569714258275,497.2880638036644,0.010372960735480774,0.24236666108163263,0.23199370034615185,6.160171261626601e-05,0.0
2024-07-04 16:21:10.631578880+00:00,497.1450583803551,497.26885617882846,0.1237977984733333,2024-07-04 16:11:10+00:00,19.0,507.6115779942054,507.5927428640885,497.11917259152693,497.138007669915,497.2709415853871,507.7464289957804,497.1287375522512,497.26177953838993,497.138007669915,497.2709415853871,-0.018835078388065085,0.1329339154721083,0.1517689938601734,-0.00010807066661300269,0.0
2024-07-04 19:58:42.250000128+00:00,497.55337135078537,497.7462893619913,0.1929180112059043,,,,,,,,,,,,,,,,,
2024-07-04 22:48:17.352941056+00:00,497.13544369611736,497.36393768125765,0.2284939851402896,,,,,,,,,,,,,,,,,
2024-07-05 01:51:15.526315776+00:00,497.0006285274368,497.2157876289327,0.2151591014958853,,,,,,,,,,,,,,,,,
2024-07-05 05:15:02.562500096+00:00,497.2331025522825,497.3779602859199,0.1448577336373659,,,,,,,,,,,,,,,,,
2024-07-05 08:08:22.764705792+00:00,496.8804452154922,497.0698417995196,0.1893965840274063,,,,,,,,,,,,,,,,,
2024-07-05 11:32:54.153846528+00:00,496.49399081228734,496.70524849877086,0.2112576864835205,,,,,,,,,,,,,,,,,
2024-07-05 14:31:24.052631296+00:00,496.9711027244672,497.14463811551593,0.1735353910487447,2024-07-05 14:11:23+00:00,19.0,507.4184100255977,507.4206097909171,496.94248374446505,496.9402839839084,497.1474218872326,507.6277494575602,496.93212885249295,497.13912233477396,496.9402839839084,497.1474218872326,0.0021997605566639322,0.20713790332422377,0.20493814276755984,0.0001444210432168802,0.0
2024-07-05 17:36:08.352941056+00:00,497.108393751788,497.2341327526488,0.1257390008608467,2024-07-05 17:20:18+00:00,18.0,507.09293246515057,507.07172974300454,497.0629957829802,497.08419848993145,497.20260828470754,507.1985073971553,497.00442000994326,497.120822992824,497.08419848993145,497.20260828470754,-0.021202706951271466,0.11840979477608471,0.13961250172735618,0.002006811895341798,0.0
2024-07-05 20:41:27.842105344+00:00,496.92474660941457,497.1147881178887,0.1900415084741098,2024-07-05 20:31:27+00:00,19.0,507.39818175031036,507.3990887466208,496.9217831893997,496.9208761920509,497.11515642358097,507.585097308275,496.9109787723973,497.1052127859073,496.9208761920509,497.11515642358097,0.0009069973488067262,0.19428023153005824,0.19337323418125152,4.621802003157427e-05,0.0
2024-07-05 23:51:29.736842240+00:00,496.8705793452256,497.0968166147316,0.2262372695059866,2024-07-05 23:41:29+00:00,19.0,507.33405868885023,507.3507359522373,496.87626257783353,496.85958533916045,497.09775420033753,507.57102926546594,496.8502315949871,497.0883022658438,496.85958533916045,497.09775420033753,0.016677238673082684,0.2381688611770869,0.22149162250400423,9.819032038649311e-05,0.0
2024-07-06 03:01:31.684210688+00:00,496.9038677141665,497.0788370882237,0.1749693740571842,2024-07-06 02:51:31+00:00,19.0,507.37876028663163,507.37660376984326,496.9022499637166,496.9044064726755,497.0806998993331,507.554948013511,496.8950767602017,497.0714040919868,496.9044064726755,497.0806998993331,-0.002156508958876202,0.1762934266576508,0.178449935616527,-3.39051274522717e-05,0.0
2024-07-06 06:11:33.631578880+00:00,496.9371406069592,497.0609180254995,0.1237774185403282,2024-07-06 05:56:33+00:00,18.0,507.91787674954725,507.90051192558485,496.8511890141876,496.86855378808457,496.97378167356646,508.0317990472265,496.94691340717014,497.05276146456026,496.86855378808457,496.97378167356646,-0.017364773896986208,0.1052278854818951,0.12259265937888131,-0.0006201719082241652,0.0
2024-07-06 09:00:49.153846016+00:00,496.8954417895857,497.0777697493895,0.1823279598038425,2024-07-06 08:31:34+00:00,13.0,503.40544650972777,503.41036152010275,496.8893824397317,496.8879485866809,497.0707161240778,503.59801299740303,496.85923987464173,497.0440411922283,496.8879485866809,497.0707161240778,0.0014338530507984615,0.18276753739689866,0.1813336843461002,-0.002033780189663048,0.0
2024-07-06 12:31:37.473684224+00:00,496.8174137653215,497.0256071308258,0.2081933655043144,2024-07-06 12:11:36+00:00,19.0,507.2861663436208,507.2975089392426,496.8022732913309,496.7909307240681,497.0223590244766,507.5189723212357,496.7857139641391,497.0170181017138,496.7909307240681,497.0223590244766,0.011342567262772718,0.2314283004084814,0.22008573314570867,0.00012416283379934612,0.0
2024-07-06 15:41:39.473684480+00:00,496.89163973442106,497.00774284599294,0.1161031115718742,2024-07-06 15:21:38+00:00,19.0,507.36238624165577,507.35520810812494,496.8624234027926,496.86960150570667,497.0062108051144,507.49720169255943,496.8634375305831,496.9998994731305,496.86960150570667,497.0062108051144,-0.007178102914053852,0.13660929940772348,0.14378740232177734,0.00014735686033873208,0.0
2024-07-06 18:57:01.466667264+00:00,497.16940077830185,497.3044577617777,0.135056983475863,2024-07-06 18:38:33+00:00,16.0,505.7651200555268,505.74773191770805,497.1542557082081,497.17164430554453,497.27551213622377,505.8503251384448,496.87793835234555,496.97969129236867,497.17164430554453,497.27551213622377,-0.01738859733643494,0.10386783067923488,0.12125642801566983,0.002114890656116586,0.0
2024-07-06 22:16:43.437499904+00:00,496.8870655197028,497.0976486492977,0.2105831295949087,2024-07-06 21:59:02+00:00,15.0,506.47977689888666,506.4891129064083,496.9051212357873,496.89578533761426,497.10678568847135,506.6934243302115,496.75326266101615,496.96380971365653,496.89578533761426,497.10678568847135,0.009335898173048918,0.21100035085709123,0.20166445268404232,0.0004532982167120281,0.0
2024-07-07 01:06:45.222222336+00:00,496.7586016415411,496.9535648678624,0.1949632263213061,2024-07-07 00:51:44+00:00,19.0,507.2322044319403,507.246413074088,496.7683694812676,496.7541608802206,496.9570860648151,507.43606886690014,496.7459022116556,496.94868215861965,496.7541608802206,496.9570860648151,0.0142086010470166,0.20292518459450548,0.18871658354748888,0.00014523763047691318,0.0
2024-07-07 04:11:47.052631552+00:00,496.8313466951319,496.94147662653006,0.1101299313981485,2024-07-07 04:01:46+00:00,19.0,507.3221424280556,507.3078320364402,496.830900079292,496.8452104438387,496.94025745722956,507.41830591960877,496.83663105412154,496.93165559801264,496.8452104438387,496.94025745722956,-0.014310364546702203,0.09504701339085386,0.10935737793755607,2.246949975415191e-05,0.0
2024-07-07 07:19:35.611111424+00:00,496.7002699852607,496.8265233855826,0.1262534003219571,2024-07-07 07:08:57+00:00,18.0,507.8989197948498,507.8889203659794,496.7422781469652,496.75227752512507,496.8067718419264,508.0709634678674,496.8654066697187,496.9167135095478,496.75227752512507,496.8067718419264,-0.009999378159875505,0.05449431680131056,0.06449369496118607,0.0031874769722435303,0.0
2024-07-07 10:31:50.947368448+00:00,496.725983719793,496.9063598977176,0.180376177924586,2024-07-07 10:21:50+00:00,19.0,507.19760140297245,507.2064388363702,496.7302057696221,496.7213683743143,496.9066120574251,507.38269952150114,496.71246067557934,496.89765377309476,496.7213683743143,496.9066120574251,0.008837395307807583,0.18524368311079797,0.1764062878029904,5.058559537474139e-05,0.0
2024-07-07 13:41:52.842105088+00:00,496.7357384222686,496.88871461454,0.1529761922714101,2024-07-07 13:26:52+00:00,18.0,507.62548754547277,507.63321020237044,496.6366669180516,496.62894427945423,496.8084797442073,507.8106626036872,496.69842623439183,496.87931543629276,496.62894427945423,496.8084797442073,0.007722638597385867,0.17953546475308713,0.17181282615570126,-0.001353737147837819,0.0
2024-07-07 16:51:54.736842240+00:00,496.8048669437455,496.87053638443575,0.0656694406902715,2024-07-07 16:31:54+00:00,19.0,507.30496646739704,507.2873680979666,496.7773794313868,496.7949777501157,496.8643886611682,507.3705014709769,496.79158135192495,496.86088105900456,496.7949777501157,496.8643886611682,-0.01759831872891482,0.06941091105250052,0.08700922978141534,0.00011120397289232642,0.0
2024-07-07 23:31:57.733333760+00:00,496.6981723807296,496.8850375023948,0.186865121665221,,,,,,,,,,,,,,,,,
2024-07-08 02:21:59.473684224+00:00,496.6711375427339,496.81686342957255,0.1457258868386475,,,,,,,,,,,,,,,,,
2024-07-08 05:28:53.750000128+00:00,496.727925137511,496.79908679536334,0.0711616578523148,,,,,,,,,,,,,,,,,
2024-07-08 08:27:40.562500096+00:00,496.500117345725,496.6097426479705,0.1096253022454902,,,,,,,,,,,,,,,,,
2024-07-08 11:49:44.941176320+00:00,496.58529381247786,496.7579198768468,0.1726260643689556,2024-07-08 11:57:05+00:00,14.0,506.9745021751673,506.9887182656226,496.6253360249388,496.6111202205136,496.78444573728535,507.1470234699942,496.58497597150904,496.7580493488083,496.6111202205136,496.78444573728535,0.014215804425191436,0.17332551677174024,0.1591097123465488,0.00025213947247948454,0.0
2024-07-08 14:52:08.105263616+00:00,496.6552688030762,496.7506034733526,0.0953346702763724,2024-07-08 14:42:07+00:00,19.0,507.11651058033965,507.1154504434934,496.6390359333292,496.640096050716,496.7494116330574,507.22673370956863,496.6315456825429,496.74078558978033,496.640096050716,496.7494116330574,-0.0010601173868280966,0.10931558234136673,0.11037569972819483,7.567510391481846e-05,0.0
2024-07-08 18:00:24.176470528+00:00,496.86956557721805,496.9193671833456,0.0498016061275734,2024-07-08 17:43:24+00:00,16.0,506.4579587944693,506.43410383891836,496.79989678553005,496.82375165586024,496.8569437791095,506.49642648524787,496.68832645988874,496.7232531520732,496.82375165586024,496.8569437791095,-0.023854870330183076,0.03319212324925047,0.05704699357943355,-0.001734568935205516,0.0
2024-07-08 21:11:29.142857216+00:00,496.71246883430143,496.8272352688877,0.1147664345862153,2024-07-08 20:44:19+00:00,14.0,506.5306599094963,506.5304038311846,496.69902447859357,496.6992806243022,496.8159065655626,506.6461051203939,496.59671764124624,496.7123196455486,496.6992806243022,496.8159065655626,-0.0002561457086471819,0.11662594126039494,0.11688208696904212,0.001023936958063132,0.0
2024-07-09 00:22:13.947368192+00:00,496.5426077900016,496.6974986587677,0.1548908687660173,2024-07-09 00:02:13+00:00,19.0,507.02855402502547,507.0475254028873,496.53067152322177,496.511700185405,496.6889018828148,507.2063590463783,496.510262058731,496.68734577560434,496.511700185405,496.6889018828148,0.0189713378167653,0.177201697409771,0.1582303595930057,0.00011798053640177386,0.0
2024-07-09 03:32:15.842105344+00:00,496.5812513772596,496.6797111068129,0.0984597295533262,2024-07-09 03:12:15+00:00,19.0,507.10203361842105,507.0956894990109,496.58378473244414,496.59012883195936,496.67295362546014,507.18253022510754,496.58732463299253,496.6700534613276,496.59012883195936,496.67295362546014,-0.006344099515217749,0.08282479350077665,0.0891688930159944,9.596516571264146e-05,0.0
2024-07-09 06:42:17.736842240+00:00,496.5965549023601,496.6614018631846,0.064846960824525,2024-07-09 06:22:17+00:00,19.0,507.11420715972633,507.0977870526096,496.59282941814837,496.6092494995626,496.65687032238554,507.15954211227637,496.60520341807666,496.65277931795464,496.6092494995626,496.65687032238554,-0.016420081414253218,0.04762082282292113,0.06404090423717435,4.492294493729787e-05,0.0
2024-07-09 09:56:13.111110912+00:00,496.5027558415605,496.62285634841527,0.1201005068547829,2024-07-09 09:35:05+00:00,18.0,507.1161183040614,507.11877122940126,496.4961485792655,496.49349567408075,496.61976405511876,507.24768564179493,496.5067490678506,496.6333042074195,496.49349567408075,496.61976405511876,0.002652905184731935,0.12626838103801674,0.1236154758532848,-0.00028675853087634096,0.0
2024-07-09 12:57:21.555555584+00:00,496.45496252831566,496.5824893993558,0.1275268710401178,2024-07-09 12:42:21+00:00,19.0,506.9654085823502,506.9751997520836,496.4831978946404,496.4734067557894,496.62398427007184,507.11780859103027,496.46777300646255,496.61829033786364,496.4734067557894,496.62398427007184,0.009791138850971493,0.15057751428241772,0.14078637543144623,6.018288132736416e-05,0.0
2024-07-09 16:01:50.111111168+00:00,496.606260626538,496.6421202866006,0.035859660062556,2024-07-09 15:51:16+00:00,18.0,506.8841412729914,506.8770339942767,496.5825369658711,496.5896441860835,496.63608169757487,506.9293019757695,496.5527325420297,496.5994554698528,496.5896441860835,496.63608169757487,-0.007107220212390075,0.046437511491376426,0.0535447317037665,-0.00028541633173517766,0.0
2024-07-09 19:13:45.333332992+00:00,496.9981293874136,497.0317689842523,0.0336395968387819,2024-07-09 19:01:05+00:00,15.0,504.61518484452927,504.591818072067,496.9849910366089,497.0083577545982,497.02625396150273,504.63292667373884,496.57548439517706,496.58737215120595,497.0083577545982,497.02625396150273,-0.023366717989290464,0.017896206904538303,0.04126292489382877,0.006008450875640392,0.0
2024-07-09 22:35:34.937500160+00:00,496.5664766855732,496.7038556759399,0.137378990366642,2024-07-09 22:23:42+00:00,16.0,506.1885410236112,506.198773383942,496.5723646340456,496.56213223256464,496.6998483762944,506.33236170242657,496.42446029363487,496.5625295699506,496.56213223256464,496.6998483762944,0.010232401480948283,0.13771614372979002,0.12748374224884174,-0.00035313258592850616,0.0
2024-07-10 01:32:29.263158272+00:00,496.4384209975736,496.5597501179264,0.1213291203527546,2024-07-10 01:17:28+00:00,18.0,507.1807281793701,507.19307337610456,496.39804604984243,496.38570087695405,496.5085236172234,507.3046781692359,496.42558730204826,496.5489356214593,496.38570087695405,496.5085236172234,0.012345172888387879,0.12282274026932782,0.11047756738093994,-0.0005255791417084765,0.0
2024-07-10 04:42:31.210526208+00:00,496.5164581367051,496.541744016537,0.0252858798318698,2024-07-10 04:22:30+00:00,19.0,507.0628532462408,507.047082695499,496.51728532279645,496.53305584115776,496.53051211564417,507.0584009397707,496.5336065049057,496.5309074129258,496.53305584115776,496.53051211564417,-0.015770518361307495,-0.002543725513589834,0.013226792847717661,0.00015536646634473072,0.0
2024-07-10 07:27:09.769230848+00:00,496.4212473926457,496.4762539196958,0.0550065270501249,2024-07-10 07:07:32+00:00,14.0,505.6183359001757,505.61002502645823,496.4685965974505,496.4787566107905,496.51685478482005,505.65632546325315,496.48253325172186,496.5205023568918,496.4787566107905,496.51685478482005,-0.010160013339998386,0.03809817402952831,0.048258187369526695,0.00012906885956454062,0.0
2024-07-10 11:19:42.928571136+00:00,496.4751203033051,496.5945768690259,0.1194565657207817,,,,,,,,,,,,,,,,,
2024-07-10 14:12:36.947368704+00:00,496.42479857902765,496.4879621137021,0.0631635346744587,2024-07-10 13:52:36+00:00,19.0,506.893548782659,506.9018316190445,496.3890718441903,496.38078902894756,496.48109977911946,506.9944554717632,496.3785522171881,496.4788325141203,496.38078902894756,496.48109977911946,0.008282815242750985,0.10031075017190005,0.09202793492914907,3.045323967398872e-05,0.0
2024-07-10 17:15:08.750000128+00:00,496.59511975881935,496.58807285232575,-0.0070469064935991,2024-07-10 16:58:31+00:00,17.0,505.98330880869344,505.962808899085,496.6299179030493,496.65041779977815,496.64320474583917,505.97478819703804,496.4663679634855,496.4636066724668,496.65041779977815,496.64320474583917,-0.02049989672883612,-0.007213053938983194,0.013286842789852926,-0.004451762920325564,0.0
2024-07-10 20:21:33.944444416+00:00,496.51369729517626,496.5533521936837,0.0396548985074218,2024-07-10 20:11:00+00:00,18.0,506.3559419235497,506.35208906516533,496.4998946729498,496.50374753871694,496.5467683787182,506.3971974250297,496.4025292171064,496.4444683681059,496.50374753871694,496.5467683787182,-0.0038528657671577093,0.04302084000124751,0.046873705768405216,0.001081689001750874,0.0
2024-07-10 23:32:42.631578880+00:00,496.3390190044333,496.4381360332008,0.0991170287674094,2024-07-10 23:22:42+00:00,19.0,506.8150613823517,506.8297873408621,496.33657774513085,496.32185182668945,496.43262353568434,506.92579013771854,496.31622038044867,496.4269050855617,496.32185182668945,496.43262353568434,0.014725918441399699,0.1107717089948892,0.0960457905534895,8.70038818447938e-05,0.0
2024-07-11 02:42:44.526315520+00:00,496.3641283348223,496.4204905628601,0.0563622280378126,2024-07-11 02:32:44+00:00,19.0,506.84850885461213,506.8492425540198,496.36007025568335,496.35933654907205,496.4158828371315,506.9062441043109,496.35311531115275,496.4096264399416,496.35933654907205,496.4158828371315,0.0007337066112995672,0.056546288059450944,0.05581258144815138,3.515927062380797e-05,0.0
2024-07-11 05:52:46.473683968+00:00,496.4171079532613,496.4030299036294,-0.0140780496319052,2024-07-11 05:42:46+00:00,19.0,506.9110037772634,506.8944120210508,496.40915746975065,496.425749187659,496.39934135333027,506.88559514621585,496.4187869635892,496.39236662565816,496.425749187659,496.39934135333027,-0.016591717908340797,-0.0264078343287224,-0.009816116420381604,1.2503602306424e-05,0.0
2024-07-11 09:05:28.400000256+00:00,495.7562377466533,495.8722352126708,0.1159974660174611,2024-07-11 08:46:22+00:00,14.0,509.67370441375465,509.6742416760163,495.74667278243095,495.7461355481187,495.86097748749125,509.79496809869937,496.2566150582947,496.3722603793359,495.7461355481187,495.86097748749125,0.0005372343122758139,0.11484193937258169,0.11430470506030588,-0.0008033816686179307,0.0
2024-07-11 12:12:50.368421120+00:00,496.2694103466438,496.3679516514053,0.0985413047615111,2024-07-11 11:52:49+00:00,19.0,506.7814155322669,506.79362532880987,496.2542208543398,496.24201108537454,496.35482900381646,506.8923282468443,496.2440074586103,496.35686040067645,496.24201108537454,496.35482900381646,0.012209768965249168,0.11281791844191957,0.1006081494766704,-3.50236242070423e-05,0.0
2024-07-11 15:22:52.263158016+00:00,496.342583538132,496.3500426436677,0.0074591055357018,2024-07-11 15:02:51+00:00,19.0,506.8436445892534,506.84031602419316,496.30896010989613,496.31228865836437,496.338758879498,506.86827098443615,496.3129774725694,496.3394279477413,496.31228865836437,496.338758879498,-0.003328548468232384,0.02647022113364983,0.029798769601882213,1.9745961765238462e-05,0.0
2024-07-11 18:32:20.888888832+00:00,496.4161964630176,496.4073236986392,-0.0088727643783954,2024-07-11 18:11:13+00:00,18.0,506.4554549756828,506.4327626108397,496.40852570576425,496.43121796170993,496.3976170472254,506.4197142719885,496.35513878033845,496.3215105637277,496.43121796170993,496.3976170472254,-0.022692255945685247,-0.0336009144845093,-0.010908658538824056,2.7302126227368717e-05,0.0
2024-07-11 21:47:56.222222592+00:00,496.2638532881071,496.3402958228482,0.0764425347410906,2024-07-11 21:26:48+00:00,18.0,506.6048652946768,506.611860894993,496.25991523947647,496.25291962804636,496.331065440837,506.68324719726843,496.2273010491813,496.305421898631,496.25291962804636,496.331065440837,0.006995611430113513,0.07814581279063759,0.07115020136052408,2.4963340933936706e-05,0.0
2024-07-12 03:52:59.894736640+00:00,496.2825569176663,496.2808410758379,-0.0017158418283997,2024-07-12 03:42:59+00:00,19.0,506.7930594239214,506.78253965579046,496.2755401127862,496.2860598494915,496.2729938129161,506.781011354793,496.2829618813974,496.2698259628562,496.2860598494915,496.2729938129161,-0.01051973670530515,-0.01306603657536698,-0.00254629987006183,6.988196582824457e-05,0.0
2024-07-12 06:47:01.733333504+00:00,496.03255923262594,496.0251306583897,-0.0074285742362576,2024-07-12 06:41:46+00:00,16.0,507.73532216657696,507.71949288087256,496.0852582730318,496.10108748756693,496.0908184257185,507.7254155457358,496.27159737274957,496.25793039900515,496.10108748756693,496.0908184257185,-0.015829214535131086,-0.010269061848418914,0.005560152686712172,0.003397911896001915,0.0
2024-07-12 10:27:19.857142528+00:00,496.0776779396966,496.14958588001207,0.071907940315441,,,,,,,,,,,,,,,,,
2024-07-12 13:23:05.526316032+00:00,496.1680712712399,496.2291803180112,0.0611090467713211,2024-07-12 13:23:05+00:00,15.0,507.4070896482601,507.4174843777284,496.0274831033222,496.01708840662667,496.090194000503,507.47762848926567,496.1471226048968,496.22171120241234,496.01708840662667,496.090194000503,0.010394696695527728,0.07310559387633475,0.06271089718080702,-0.0014830036391799695,0.0
2024-07-12 16:33:07.631578624+00:00,496.2527905779773,496.2108867353487,-0.0419038426286419,2024-07-12 16:13:07+00:00,19.0,506.78277827781324,506.7670918947038,496.2179251864945,496.2336115257644,496.195878198354,506.74525791622517,496.237744870275,496.1999914843773,496.2336115257644,496.195878198354,-0.015686339269905147,-0.037733327410364836,-0.02204698814045969,2.0058487336882536e-05,0.0
2024-07-12 19:44:35.142857472+00:00,496.6086515717862,496.5869053576568,-0.0217462141294504,2024-07-12 19:17:26+00:00,14.0,504.560729289605,504.5379676758943,496.5797846449953,496.6025463054063,496.56945500210236,504.52866902577273,496.22815385542464,496.18379318948007,496.6025463054063,496.56945500210236,-0.02276166041099259,-0.03309130330393373,-0.010329642892941138,0.011269362640632608,0.0
2024-07-12 23:18:11.714285824+00:00,496.09659446039416,496.1788662254712,0.0822717650770528,2024-07-12 22:51:02+00:00,14.0,506.552803882491,506.56349954833604,496.0821713864666,496.0714757992333,496.1662043235549,506.65018277356836,496.06536694797074,496.1600493166521,496.0714757992333,496.1662043235549,0.010695587233271908,0.09472852432156742,0.08403293708829551,4.6155640234246675e-05,0.0
2024-07-13 02:03:13.473684224+00:00,496.09788370117246,496.157393694723,0.0595099935505345,2024-07-13 01:43:12+00:00,19.0,506.6179754029771,506.62593353384096,496.09260319070967,496.08464508179935,496.14615818444344,506.6802921859452,496.08600714687594,496.1475350376132,496.08464508179935,496.14615818444344,0.007958108910315786,0.06151310264408494,0.05355499373376915,-1.4788093153583759e-05,0.0
2024-07-13 05:08:15.333333248+00:00,496.0839346813225,496.051397959184,-0.0325367221384453,2024-07-13 04:53:14+00:00,19.0,506.70845666013,506.6950513665344,496.16724758736245,496.1806528603548,496.12992839265263,506.6568368095582,496.1809317277722,496.1300684124061,496.1806528603548,496.12992839265263,-0.013405272992372375,-0.05072446770219585,-0.03731919470982348,0.0001388476638908287,0.0
2024-07-13 08:07:59.470588160+00:00,495.9364099422809,495.9532544398061,0.0168444975252555,2024-07-13 07:56:48+00:00,17.0,507.5973617210996,507.59065036864973,495.9309557885659,495.9376670807873,495.945225679969,507.6022578261396,496.1107365816411,496.11634243889426,495.9376670807873,495.945225679969,-0.00671129222143918,0.007558599181663794,0.014269891403102974,0.0019527419285054748,0.0
2024-07-13 11:29:47.411764992+00:00,495.92626159650064,496.0035028467045,0.0772412502038832,2024-07-13 11:18:36+00:00,17.0,507.08135347875833,507.08829039973904,495.9278566489305,495.92091981600026,495.9972454823004,507.1568916616547,496.0123303983887,496.0903858373235,495.92091981600026,495.9972454823004,0.006936832930250603,0.07632566630013571,0.0693888333698851,-0.001729772634632809,0.0
2024-07-13 14:33:21.052631296+00:00,496.07277521471,496.08827348103966,0.0154982663297005,2024-07-13 14:23:20+00:00,19.0,506.5568873304839,506.56038919807384,496.0548128538669,496.0513109836591,496.0811290118043,506.5873662514698,496.0479058466654,496.0777247377229,496.0513109836591,496.0811290118043,0.0035018702077991293,0.029818028145200515,0.026316157937401385,-8.629123158243601e-07,0.0
2024-07-13 17:55:03.249999872+00:00,497.057786986967,497.0003470853264,-0.0574399016406346,2024-07-13 17:39:12+00:00,12.0,501.4747985396658,501.4423810349231,497.0307449310385,497.0631626908551,496.9896024107789,501.4022680882599,496.1752478906286,496.0763088421515,497.0631626908551,496.9896024107789,-0.032417759816610214,-0.07356028007620807,-0.04114252025959786,0.025378768400912577,0.0
2024-07-13 21:07:15.923077376+00:00,497.0041878791116,497.02842977521817,0.0242418961065595,2024-07-13 20:45:54+00:00,12.0,501.0745063002672,501.06874280911507,496.98295237998855,496.9887157490162,497.016299641338,501.10309573375724,496.07552470127945,496.0588558527912,496.9887157490162,497.016299641338,-0.005763369027647514,0.027583892321786152,0.033347261349433666,0.04425274081000907,0.0
2024-07-14 00:03:26.842105088+00:00,495.9778369268864,496.03633225213815,0.0584953252517266,2024-07-13 23:43:26+00:00,19.0,506.49812648547805,506.51275641917715,495.9547499780927,495.94012008609945,496.0197952043079,506.5780638569039,495.94560751263015,496.02535412170784,495.94012008609945,496.0197952043079,0.014629891993251931,0.0796751182084563,0.06504522621520437,-7.14908692316385e-05,0.0
2024-07-14 03:13:28.789473536+00:00,496.01507926796296,496.0186817861527,0.003602518189723,2024-07-14 02:53:28+00:00,19.0,506.56656617357936,506.5625426205855,496.00975978909264,496.01378331130405,496.00330778774844,506.5554384916249,496.0183330441293,496.00781091453564,496.01378331130405,496.00330778774844,-0.004023522211412001,-0.010475523555612654,-0.006452001344200653,4.660603804040875e-05,0.0
2024-07-14 06:23:30.736842496+00:00,496.0363906834163,496.0007383725696,-0.0356523108466717,2024-07-14 06:03:30+00:00,19.0,506.5876510576226,506.57095352757756,496.0248242496183,496.0415217425351,495.98715516150537,506.5310114066765,496.04468526798047,495.99027543273877,496.0415217425351,495.98715516150537,-0.0166974929168191,-0.05436658102973979,-0.03766908811292069,4.3254211959720124e-05,0.0
2024-07-14 09:44:22.833333248+00:00,495.48158515781046,495.5333328652068,0.0517477073963732,2024-07-14 09:12:41+00:00,12.0,508.9566576729868,508.95567345101506,495.47060689659116,495.47159105329297,495.5219657161777,509.0073699908474,495.91913073067934,495.9691188625474,495.47159105329297,495.5219657161777,-0.0009841567018042952,0.050374662884735244,0.05135881958653954,0.00038653101665886425,0.0
2024-07-14 12:38:34.555555328+00:00,495.8163713999121,495.87138597219183,0.055014572279731,2024-07-14 12:23:34+00:00,19.0,506.4042703181847,506.4161310779028,495.88528033451917,495.8734196116328,495.9542529357643,506.4856936389722,495.8743549069459,495.95521706050675,495.8734196116328,495.9542529357643,0.01186072288635387,0.08083332413150401,0.06897260124515014,-2.8829429368215642e-05,0.0
2024-07-14 15:41:50.529411840+00:00,495.9993604798119,495.98097636010255,-0.018384119709367,2024-07-14 15:30:39+00:00,17.0,506.29146844924543,506.2877946765867,495.97805642456836,495.981730205151,495.9686985139933,506.281328047512,495.94494439597497,495.9354306621408,495.981730205151,495.9686985139933,-0.0036737805826305703,-0.01303169115772107,-0.0093579105750905,-0.0035179573235382122,0.0
2024-07-14 19:00:04.071428608+00:00,496.65712392763567,496.6054340944564,-0.051689833179239,2024-07-14 18:46:29+00:00,14.0,502.7310262330035,502.7004832415695,496.62875107923736,496.6592942974332,496.5918843490592,502.66642186987593,496.0116714365331,495.9235671335141,496.6592942974332,496.5918843490592,-0.030543218195816735,-0.06740994837394965,-0.03686673017813291,0.020694354645058866,0.0
2024-07-14 22:08:07.055555584+00:00,495.8944862976496,495.9492372860908,0.0547509884411283,2024-07-14 21:57:33+00:00,18.0,506.16819925458196,506.1792810612414,495.8933659468815,495.88228413387134,495.93928695026847,506.2247324911799,495.8463719216789,495.903259709045,495.88228413387134,495.93928695026847,0.011081813010150654,0.05700281639713012,0.045921003386979464,0.00011502903100790718,0.0
2024-07-15 01:08:42.222222336+00:00,495.7502350003495,495.8094456166039,0.0592106162543473,2024-07-15 01:03:41+00:00,19.0,506.3389020939629,506.3502933302195,495.8417750345423,495.8303838317953,495.8885582827767,506.39488133597376,495.8270346188812,495.8851872321524,495.8303838317953,495.8885582827767,0.011391202747006446,0.05817445098142571,0.04678324823441926,2.1837710221461748e-05,0.0
2024-07-15 04:23:44.157894912+00:00,495.92165538140654,495.8783567991368,-0.0432985822696991,2024-07-15 04:13:43+00:00,17.0,506.92056047612294,506.90744677628925,495.8321099488723,495.84522349042004,495.7856640494055,506.86013721561284,495.9264324774,495.86896637797463,495.84522349042004,495.7856640494055,-0.013113541547738805,-0.05955944101452815,-0.04644589946678934,-0.002093341589159081,0.0
2024-07-15 07:28:28.352941312+00:00,495.6768785380777,495.6742862778475,-0.0025922602301875,2024-07-15 07:06:06+00:00,17.0,507.4824489492608,507.4729282666044,495.673324693231,495.6828453487851,495.660085754266,507.45904290312507,495.8792733127347,495.8536836021243,495.6828453487851,495.660085754266,-0.009520655554126733,-0.022759594519129678,-0.013238938965002944,0.0028301160912747036,0.0
2024-07-15 10:47:08.111111168+00:00,495.7504550056504,495.8056566269225,0.05520162127209,2024-07-15 10:26:00+00:00,18.0,506.52716053715363,506.5340904174859,495.7452369843444,495.7383070979287,495.79129308186083,506.5810900163601,495.7781596878706,495.83080626111865,495.7383070979287,495.79129308186083,0.0069298864156621676,0.05298598393210341,0.04605609751644124,0.0003394106840346467,0.0
2024-07-15 13:53:49.947368192+00:00,495.7987086898792,495.8251841047452,0.0264754148660131,2024-07-15 13:33:49+00:00,19.0,506.30559265606985,506.31410363714355,495.7632597339914,495.75474876899034,495.8109403526502,506.3617303257282,495.75895923544863,495.8152020311319,495.75474876899034,495.8109403526502,0.008510965001050863,0.05619158365988142,0.047680618658830554,-5.121202337932118e-05,0.0
2024-07-15 16:59:34.785714688+00:00,495.9364479773081,495.88460345968775,-0.0518445176203385,2024-07-15 16:40:31+00:00,15.0,505.2268429384122,505.20784352684126,496.0418420682334,496.06084146264845,496.00424631453757,505.1727317893492,495.8534663495116,495.8003778143133,496.06084146264845,496.00424631453757,-0.018999394415061488,-0.05659514811088684,-0.03759575369582535,-0.003506612912588025,0.0
2024-07-15 20:02:27.999999744+00:00,495.9787747312768,495.93706244863614,-0.0417122826406739,2024-07-15 19:48:53+00:00,14.0,505.5606597116943,505.5501649210384,495.94597475202823,495.9564694510337,495.92020702343837,505.52395457133457,495.82097290908234,495.780036574611,495.9564694510337,495.92020702343837,-0.010494699005448638,-0.03626242759531806,-0.02576772858986942,0.00467390687600755,0.0
2024-07-15 23:13:55.631578624+00:00,495.709838908517,495.7713422262928,0.0615033177757595,2024-07-15 23:03:55+00:00,19.0,506.22245764577235,506.2406574217592,495.7065522123655,495.6883524802582,495.7612557933338,506.29440745681893,495.68954759900157,495.7624563164127,495.6883524802582,495.7612557933338,0.018199732107348154,0.07290331307564202,0.05470358096829386,-5.404335468028876e-06,0.0
2024-07-16 02:23:57.631578880+00:00,495.7301710609057,495.754316725669,0.0241456647633526,2024-07-16 02:13:57+00:00,19.0,506.24620598831274,506.2476537535551,495.7213096253848,495.7198618635729,495.74514852117716,506.2694886298403,495.7195738019093,495.7448854112288,495.7198618635729,495.74514852117716,0.0014477618119030922,0.02528665760428339,0.0238388957923803,-2.4951715204224456e-05,0.0
2024-07-16 05:33:59.526315776+00:00,495.79349486129104,495.7368615751527,-0.0566332861383784,2024-07-16 05:23:59+00:00,19.0,506.3102286155439,506.29618799216234,495.7784176383194,495.7924582377316,495.7285919171458,506.2471063327163,495.79125661574466,495.7273167569339,495.7924582377316,495.7285919171458,-0.014040599412169286,-0.0638663205857597,-0.04982572117359041,7.353822502409457e-05,0.0
2024-07-16 08:41:48.111110912+00:00,495.6351294051435,495.6624761151973,0.0273467100537345,2024-07-16 08:25:46+00:00,17.0,506.3248121134992,506.3225364918443,495.6646225199046,495.66689814938445,495.6901696901642,506.3505687059638,495.6893850201119,495.7111067035155,495.66689814938445,495.6901696901642,-0.0022756294798682575,0.023271540779774114,0.02554717025964237,0.001549857376176078,0.0
2024-07-16 11:54:03.421052672+00:00,495.6206440523925,495.70235304114857,0.0817089887561337,2024-07-16 11:34:02+00:00,19.0,506.1654206104965,506.17529730657077,495.6056054757687,495.59572881507074,495.6848948065729,506.25664783483535,495.6033829638071,495.6926889653361,495.59572881507074,495.6848948065729,0.00987666069795523,0.08916599150217053,0.0792893308042153,-0.00014001002682562103,0.0
2024-07-16 15:04:05.368421120+00:00,495.6762602940311,495.68505525181,0.0087949577789459,2024-07-16 14:44:04+00:00,19.0,506.2101630638241,506.205561803171,495.63756367305444,495.64216490251346,495.6680335034772,506.2352707844703,495.6491495335348,495.6750579698185,495.64216490251346,495.6680335034772,-0.004601229459012757,0.025868600963747213,0.03046983042275997,-3.983531996709644e-05,0.0
2024-07-16 18:12:21.411764480+00:00,495.8295808317131,495.80278133143634,-0.026799500276752,2024-07-16 17:49:59+00:00,17.0,505.50640973249733,505.4817592422614,495.8085574525537,495.8332080775794,495.78559448024413,505.4581721161863,495.70428792536524,495.65694134626926,495.8332080775794,495.78559448024413,-0.024650625025685713,-0.04761359733527115,-0.02296297230958544,-0.0002670182392989773,0.0
2024-07-16 21:39:09.437499904+00:00,495.721872658672,495.81115924236485,0.0892865836928535,2024-07-16 21:15:23+00:00,16.0,505.21191114849853,505.2198208577687,495.71058103879886,495.70267138660836,495.79280368705116,505.3004427470067,495.5506688881847,495.64025449110864,495.70267138660836,495.79280368705116,0.007909652190505767,0.09013230044280363,0.08222264825229786,0.0005466975188710421,0.0
2024-07-17 00:29:11.111111168+00:00,495.4313333573799,495.53328444956594,0.1019510921860273,2024-07-17 00:14:10+00:00,19.0,506.05627058249837,506.07085074165497,495.52183285438264,495.5072527239311,495.6181610239106,506.1674953428249,495.5112043839685,495.6221501136683,495.5072527239311,495.6181610239106,0.01458013045152029,0.11090829997948504,0.09632816952796475,-3.742972029385783e-05,0.0
2024-07-17 03:34:12.947368704+00:00,495.5935910348702,495.6114123935968,0.0178213587266213,2024-07-17 03:24:12+00:00,19.0,506.1385239350664,506.1292300157899,495.58586238213803,495.5951562842301,495.60153701238835,506.1449869812385,495.5981835207811,495.6045137748964,495.5951562842301,495.60153701238835,-0.00929390209205394,0.006380728158262627,0.015674630250316568,5.0474042950554576e-05,0.0
2024-07-17 06:44:14.894736640+00:00,495.5897073271968,495.5946638181261,0.0049564909292598,2024-07-17 06:34:14+00:00,19.0,506.12728624731096,506.11539758120716,495.576992938405,495.58888158875055,495.5846977304342,506.12371367568664,495.5910694350384,495.5868783368842,495.58888158875055,495.5846977304342,-0.011888650345554197,-0.004183858316366695,0.007704792029187502,7.239837827910378e-06,0.0
2024-07-17 09:55:36.933333248+00:00,495.1768709853071,495.2575702502359,0.0806992649287963,2024-07-17 09:42:56+00:00,15.0,507.7986453868026,507.8039824875586,495.17802745641404,495.1726948320262,495.25268752688356,507.8750278333004,495.49066173714215,495.5661003822654,495.1726948320262,495.25268752688356,0.005332624387847318,0.07999269485736704,0.07466007046951972,0.004554049734110777,0.0
2024-07-17 13:04:18.736842496+00:00,495.460433825134,495.5610886820955,0.1006548569614551,2024-07-17 12:54:18+00:00,19.0,505.958495995045,505.9721462412646,495.44535987150726,495.43170966553697,495.5515129008926,506.07845507016344,495.4317600875288,495.55161565219726,495.43170966553697,495.5515129008926,0.013650205970293428,0.11980323535561865,0.10615302938532523,-5.23293128367186e-05,0.0
2024-07-17 16:13:47.388889088+00:00,495.5129897502809,495.5117873250923,-0.0012024251885804,2024-07-17 15:57:51+00:00,17.0,505.9927153201768,505.9766880913036,495.5304476608375,495.54647486043774,495.545515404636,505.99042304828214,495.5339619196972,495.53320550436194,495.54647486043774,495.545515404636,-0.01602719960021659,-0.0009594558017624877,0.015067743798454103,-0.00020304046648789154,0.0
2024-07-17 19:27:30.125000192+00:00,495.6740017060352,495.6919578488592,0.0179561428240617,2024-07-17 19:07:02+00:00,15.0,503.7178412660232,503.6951469503608,495.88731848594534,495.9100127680445,495.925387042895,503.7389738677971,495.5062656920385,495.51530971759905,495.9100127680445,495.925387042895,-0.022694282099166685,0.015374274850501024,0.03806855694966771,0.006330249289931089,0.0
2024-07-17 22:39:24.555555840+00:00,495.3315451560874,495.43900000243406,0.107454846346684,2024-07-17 22:18:17+00:00,18.0,506.3483958504826,506.36379811892726,495.3098401391315,495.29443792125875,495.4187520896268,506.4751187603277,495.37433955681854,495.49973932406573,495.29443792125875,495.4187520896268,0.015402217872747315,0.1243141683680733,0.10891195049532598,-0.0010855988791149684,0.0
2024-07-18 01:44:26.526315776+00:00,495.3883577827793,495.4908636147078,0.1025058319285108,2024-07-18 01:24:25+00:00,19.0,505.9345394049639,505.9406012878038,495.3763450206589,495.3702831481464,495.47491734531206,506.0410805951664,495.37700329415804,495.48170650406576,495.3702831481464,495.47491734531206,0.006061872512475475,0.10463419716563749,0.09857232465316201,-6.901274207393726e-05,0.0
2024-07-18 04:49:28.444444416+00:00,495.37185991751153,495.377325440831,0.005465523319458,2024-07-18 04:34:27+00:00,19.0,506.0232474636344,506.0100459821075,495.4494329989514,495.4626344449294,495.4578718565753,506.02045683145167,495.46890649437216,495.4640230048592,495.4626344449294,495.4578718565753,-0.013201445977983894,-0.004762588354083164,0.00843885762390073,0.0001209011588798603,0.0
2024-07-18 07:45:07.624999936+00:00,495.1976456663944,495.26606456572097,0.0684188993265593,2024-07-18 07:33:14+00:00,16.0,506.9984341901319,506.991490220426,495.1902169485465,495.1971609409648,495.25669049035497,507.0559990768683,495.3948268788067,495.45070326130576,495.1971609409648,495.25669049035497,-0.0069439924183143376,0.05952954939016308,0.06647354180847742,0.0036531668911266024,0.0
2024-07-18 11:15:15.142857216+00:00,495.2783029484496,495.4288475926816,0.1505446442320703,2024-07-18 11:01:40+00:00,14.0,505.85555718909706,505.8656801515177,495.2765955875496,495.2664730105175,495.4141213836954,506.0014894899476,495.27589850009593,495.42402425162277,495.2664730105175,495.4141213836954,0.010122577032120716,0.14764837317790125,0.13752579614578053,-0.0004773783489326888,0.0
2024-07-18 14:14:34.157894912+00:00,495.3146678095403,495.41835515328165,0.1036873437413419,2024-07-18 14:04:33+00:00,19.0,505.8378218984019,505.84313395792253,495.29966834236575,495.29435629260854,495.40830032184334,505.9499814963091,495.296956804943,495.41095191979946,495.29435629260854,495.40830032184334,0.005312049757208115,0.11394402923480129,0.10863197947759318,-5.108562163513852e-05,0.0
2024-07-18 17:32:43.687499776+00:00,495.6183890677066,495.6299072923461,0.0115182246394738,2024-07-18 17:20:50+00:00,16.0,504.64530060962727,504.6237292367837,495.5991951523749,495.6207664307086,495.6184705698919,504.65391090331667,495.39435879114455,495.3939135155064,495.6207664307086,495.6184705698919,-0.021571278333738064,-0.0022958608167300554,0.01927541751700801,-0.0018505851786017047,0.0
2024-07-18 20:39:04.722222080+00:00,495.2955709183111,495.3895813599722,0.094010441661112,2024-07-18 20:28:30+00:00,18.0,505.7825529508212,505.78190027688515,495.28443132887617,495.2850839979797,495.3792191010264,505.8810819675054,495.2808786661687,495.3758583910843,495.2850839979797,495.3792191010264,-0.0006526691035446675,0.09413510304671036,0.09478777215025502,-0.0008446218689073248,0.0
2024-07-18 23:44:39.947368704+00:00,495.2200820730257,495.36667994311455,0.1465978700888399,2024-07-18 23:29:39+00:00,18.0,505.43483211794666,505.45272355792423,495.2694685030733,495.2515770794739,495.4097350052026,505.5915416302735,495.2009402445405,495.3582467607396,495.2515770794739,495.4097350052026,0.01789142359939433,0.1581579257286876,0.14026650212929326,0.000851409529616376,0.0
2024-07-19 02:54:41.842105344+00:00,495.2640973726353,495.3497096915348,0.0856123188994502,2024-07-19 02:34:41+00:00,19.0,505.8359484895033,505.8329361384641,495.2560673871713,495.2590797336193,495.3323877953324,505.91016658046595,495.2677765214281,495.3410820137478,495.2590797336193,495.3323877953324,-0.0030123464479743234,0.07330806171313498,0.0763204081611093,2.5693934730952606e-06,0.0
2024-07-19 06:04:43.789473792+00:00,495.3003035915709,495.33241209419305,0.0321085026221226,2024-07-19 05:44:43+00:00,19.0,505.8717882151856,505.8572460833676,495.28341654362976,495.2979586468489,495.3151895180674,505.88993744972595,495.3062084462409,495.3233599080062,495.2979586468489,495.3151895180674,-0.014542103219127966,0.017230871218544053,0.03177297443767202,7.940945323525739e-05,0.0
2024-07-19 09:00:08.769230592+00:00,495.1586433542462,495.2484874325389,0.0898440782927423,2024-07-19 08:30:54+00:00,13.0,506.2088620894405,506.20807784686394,495.1436398268077,495.1444241870957,495.2298647783941,506.2817260949505,495.2322957027861,495.3089481885782,495.1444241870957,495.2298647783941,-0.0007843602879802347,0.08544059129837933,0.08622495158635957,0.008788105506255306,0.0
2024-07-19 12:19:47.555555584+00:00,495.0480472417649,495.2033077411478,0.1552604993829049,2024-07-19 12:04:47+00:00,19.0,505.6749139947396,505.68695346486237,495.1229925100051,495.1109530961628,495.2816893986173,505.8445544058763,495.11699090410843,495.2879019759826,495.1109530961628,495.2816893986173,0.012039413842273916,0.17073630245448612,0.1586968886122122,-0.00017476941968652682,0.0
2024-07-19 15:23:42.777777408+00:00,495.2183143708072,495.2930265018797,0.0747121310724878,2024-07-19 15:13:09+00:00,18.0,505.6336011391701,505.6290177101702,495.19829883209195,495.20288223423773,495.2829690499439,505.7198349516532,495.18788892186654,495.26947690507717,495.20288223423773,495.2829690499439,-0.004583402145783566,0.08008681570618137,0.08467021785196494,-0.0015011675044434014,0.0
2024-07-19 18:29:13.874999808+00:00,495.4397813864422,495.4671464177811,0.0273650313389453,2024-07-19 18:17:20+00:00,16.0,504.60040549684084,504.57788688670786,495.4118456069648,495.4343640030999,495.45870714749145,504.6253900064509,495.2300591188285,495.25403388658475,495.4343640030999,495.45870714749145,-0.022518396135126295,0.024343144391536953,0.04686154052666325,0.0003683766352651219,0.0
2024-07-19 21:58:00.937500160+00:00,495.267865007823,495.4221200522401,0.1542550444171411,2024-07-19 21:46:08+00:00,16.0,504.5987889578916,504.60841452378617,495.2620014202936,495.2523761019861,495.4109690484728,504.76546652646414,495.07567171899285,495.23446694262014,495.2523761019861,495.4109690484728,0.009625318307485031,0.1585929464866922,0.14896762817920717,-0.00020227714060183644,0.0
2024-07-20 00:54:55.263158016+00:00,495.06193401977936,495.2243286058059,0.1623945860265507,2024-07-20 00:44:54+00:00,19.0,505.5927528883275,505.6072316858179,495.0643059714562,495.0498272014214,495.21415099777465,505.7570138846117,495.05251838092033,495.2169202268858,495.0498272014214,495.21415099777465,0.014478770034770605,0.16432379635324423,0.14984502631847363,-7.804961222745987e-05,0.0
2024-07-20 04:04:57.263158016+00:00,495.1482552612072,495.2073041232514,0.0590488620441647,2024-07-20 03:49:56+00:00,18.0,505.31495263684513,505.30220303272,495.2071877999695,495.21993736622886,495.2650127948586,505.3546158874582,495.15355126999054,495.1995368592739,495.21993736622886,495.2650127948586,-0.012749566259344647,0.045075428629729686,0.05782499488907433,-0.0009101606536319196,0.0
2024-07-20 07:12:45.777777920+00:00,495.06875429923286,495.1573024576744,0.0885481584414833,2024-07-20 06:51:38+00:00,18.0,505.8775799706953,505.86759532665144,495.0650910939456,495.07507568784496,495.1416964553265,505.93470355587795,495.11887894334103,495.18321421142707,495.07507568784496,495.1416964553265,-0.009984593899332594,0.06662076748153822,0.07660536138087082,0.0022854993954979363,0.0
2024-07-20 10:41:10.384615680+00:00,494.99011983857145,495.1745615735907,0.184441735019277,2024-07-20 10:11:56+00:00,13.0,504.0952580903489,504.1052696882693,494.9851764367696,494.9773393730172,495.1495416993655,504.2604100921526,494.99103930399247,495.1606886142314,494.9773393730172,495.1495416993655,0.007837063752447193,0.17220232634832655,0.16436526259587936,0.002553016109402506,0.0
2024-07-20 13:35:03.052631296+00:00,495.0018088089759,495.1549166033408,0.1531077943649279,2024-07-20 13:15:02+00:00,19.0,505.5351908555116,505.5445610501165,494.9708383167494,494.9614681314513,495.13874464925345,505.7139992270349,494.96951516952794,495.14697306068456,494.9614681314513,495.13874464925345,0.009370185298109845,0.17727651780217002,0.16790633250406017,-0.00018137335445089775,0.0
2024-07-20 16:36:19.874999808+00:00,495.1707263541607,495.2344629308388,0.0637365766780817,2024-07-20 16:19:46+00:00,17.0,504.6173659701061,504.59763812332613,495.2287455051761,495.2484732004718,495.3046490955311,504.6714314930384,495.07242313122543,495.1308675856997,495.2484732004718,495.3046490955311,-0.01972769529567131,0.05617589505931164,0.07590359035498295,-0.00226855941497206,0.0
2024-07-20 19:50:26.800000512+00:00,495.511486100693,495.6083083141931,0.0968222135001042,2024-07-20 19:37:46+00:00,15.0,502.74631870197345,502.73524193684017,495.48929798792744,495.5003746923679,495.602384686962,502.87988703792297,495.01724330927175,495.11147307049504,495.5003746923679,495.602384686962,-0.011076704440483809,0.10200999459408422,0.11308669903456803,0.007780233370795031,0.0
2024-07-20 22:55:08.736842240+00:00,494.9103192721346,495.0974037426308,0.1870844704962451,2024-07-20 22:45:08+00:00,19.0,505.4548252219412,505.47041974384166,494.9056020022481,494.890007530203,495.08736247233134,505.65112770441937,494.8960847926861,495.0936232014547,494.890007530203,495.08736247233134,0.015594472045108887,0.19735494212835647,0.18176047008324758,-0.00018346664023738413,0.0
2024-07-21 02:05:10.631578880+00:00,494.9197837322225,495.0806899454737,0.1609062132511667,2024-07-21 01:55:10+00:00,19.0,505.468350609489,505.47300844501643,494.9142987733022,494.90964094460656,495.070506120385,505.62866308325675,494.91483442761836,495.07582515571636,494.90964094460656,495.070506120385,0.004657828695656008,0.16086517577844006,0.15620734708278405,-0.00012555231955957424,0.0
2024-07-21 05:15:12.526316032+00:00,495.003827736719,495.063499945049,0.059672208329971,2024-07-21 05:05:12+00:00,19.0,505.5463024488651,505.53170382268524,494.98037510985455,494.9949737140872,495.05401305048355,505.60415831303254,494.9990059557513,495.0580221346986,494.9949737140872,495.05401305048355,-0.014598604232674006,0.059039336396324416,0.07363794062899842,2.3157448993060825e-05,0.0
2024-07-21 08:22:44.500000+00:00,494.6649284079146,494.80477798779145,0.1398495798768522,2024-07-21 08:10:51+00:00,16.0,506.81729937850736,506.813024704573,494.6557481896927,494.6600228996827,494.7982912888572,506.92300820125774,494.9120411424185,495.0401038333698,494.6600228996827,494.7982912888572,-0.004274709989999792,0.13826838917447049,0.14254309916447028,0.010205698223160198,0.0
2024-07-21 11:38:03.166666496+00:00,494.7588068918956,494.960191321374,0.2013844294783666,2024-07-21 11:22:19+00:00,17.0,505.33302918529233,505.3450029733332,494.82444387625935,494.8124701048336,495.02406912748637,505.53327385384017,494.8119924207924,495.02152875918495,494.8124701048336,495.02406912748637,0.011973771425743962,0.21159902265276287,0.1996252512270189,0.0020626842602382567,0.0
2024-07-21 14:45:18.368420608+00:00,494.87615404481016,495.012409195427,0.1362551506168188,2024-07-21 14:25:17+00:00,19.0,505.42345225706845,505.42386162558506,494.84283881980934,494.8424294597575,494.9964320036999,505.57917302238053,494.85173273792543,495.00583124999235,494.8424294597575,494.9964320036999,0.00040936005183311863,0.1540025439423971,0.15359318389056398,-9.596812452628001e-05,0.0
2024-07-21 17:54:13.611111168+00:00,495.00011727509934,495.0721076386259,0.0719903635265382,2024-07-21 17:33:06+00:00,18.0,505.06704152434395,505.0405200211403,494.9762310440557,495.0027524825296,495.0561401839827,505.1284834638162,494.9329066291154,494.98814681190464,495.0027524825296,495.0561401839827,-0.026521438473935177,0.05338770145306171,0.07990913992699689,-0.001852481336186429,0.0
2024-07-21 21:08:54.117647104+00:00,494.9462884246372,495.1137048912984,0.1674164666612227,2024-07-21 20:46:32+00:00,17.0,504.5906478496601,504.59202084384464,494.9280160559921,494.926643044436,495.0970145899483,504.78307588392926,494.79945348083174,494.97070902891755,494.926643044436,495.0970145899483,0.001373011556097481,0.17037154551229605,0.16899853395619857,-0.0008840025735139534,0.0
2024-07-22 00:10:24.111111168+00:00,494.665368070807,494.8787660602724,0.2133979894654203,2024-07-21 23:55:23+00:00,19.0,505.29882115658233,505.3167971358885,494.7422477234579,494.7242717925534,494.94462256093755,505.517465538999,494.7318735441988,494.9523919054937,494.7242717925534,494.94462256093755,0.01797593090452665,0.2203507683841508,0.20237483747962415,-0.00016759291077050875,0.0
2024-07-22 03:15:25.999999744+00:00,494.804685473988,494.9360719293952,0.1313864554071528,2024-07-22 03:05:25+00:00,19.0,505.37581124655634,505.37062092389306,494.8013916387155,494.8065819408676,494.9274311051071,505.49646462918366,494.8136724388695,494.9345583670242,494.8065819408676,494.9274311051071,-0.005190302152129789,0.12084916423947334,0.12603946639160313,-3.6763915204574005e-05,0.0
2024-07-22 06:25:27.947368704+00:00,494.8174363128592,494.9192334355826,0.1017971227234966,2024-07-22 06:15:27+00:00,19.0,505.3813918719904,505.3656852169442,494.80168455108276,494.817391181086,494.9102033575819,505.4756648413176,494.8238661977389,494.9167156805193,494.817391181086,494.9102033575819,-0.01570663000325112,0.09281217649589735,0.10851880649914847,-3.730628452558449e-05,0.0
2024-07-22 09:37:38.500000+00:00,494.1815519183193,494.38256211519865,0.2010101968793378,2024-07-22 09:24:03+00:00,14.0,508.1759222063962,508.1758422757651,494.17898073022735,494.1790605366744,494.3781754256779,508.32316239066967,494.7034096515442,494.8953346859977,494.1790605366744,494.3781754256779,-7.980644704730366e-05,0.1991148890035106,0.1991946954505579,0.007189854550006203,0.0
2024-07-22 12:45:31.842105088+00:00,494.6696136250216,494.8857981501394,0.2161845251177965,2024-07-22 12:35:31+00:00,19.0,505.1996280890381,505.2110285238249,494.65558919790305,494.644188801062,494.8759265603603,505.4330439022023,494.6490090761532,494.88100140734156,494.644188801062,494.8759265603603,0.011400396841054317,0.23173775929831208,0.22033736245725777,-0.0002545718900250904,0.0
2024-07-22 15:54:27.055555328+00:00,494.79219045292274,494.9104464653659,0.1182560124431688,2024-07-22 15:43:53+00:00,18.0,505.0451601035176,505.0360655467394,494.76988914328996,494.77898367749975,494.9002144069405,505.18077276471683,494.738589994326,494.8628913966689,494.77898367749975,494.9002144069405,-0.009094534209793892,0.12123072944075375,0.13032526365054764,-0.003070672902140359,0.0
2024-07-22 19:06:50.437499904+00:00,495.118908916429,495.2212814560186,0.1023725395895667,2024-07-22 18:22:51+00:00,11.0,503.2785173843259,503.25144054922634,495.08037153348266,495.10744838735303,495.2048080470315,503.38574510231194,494.7515144901682,494.85106549284893,495.10744838735303,495.2048080470315,-0.027076853870369177,0.0973596596784887,0.12443651354885787,-0.0021913430022664215,0.0
2024-07-23 01:30:05.166666752+00:00,494.6186062207855,494.8255441462209,0.2069379254354544,,,,,,,,,,,,,,,,,
2024-07-23 04:30:40.333333248+00:00,494.6270907502439,494.7301744792528,0.1030837290088584,,,,,,,,,,,,,,,,,
2024-07-23 07:26:56.937500160+00:00,494.5329387715327,494.6886885946764,0.155749823143708,,,,,,,,,,,,,,,,,
2024-07-23 10:46:19.588235264+00:00,494.6068751868796,494.83269756151344,0.2258223746338217,,,,,,,,,,,,,,,,,
2024-07-23 13:55:47.052631552+00:00,494.5275451466913,494.7415383876,0.2139932409086782,2024-07-23 13:45:46+00:00,19.0,505.07866155525426,505.0865062042828,494.5195192032009,494.51167457687586,494.73268512076436,505.2998305312398,494.518153688748,494.7394295232356,494.51167457687586,494.73268512076436,0.007844626325038462,0.2210105438884966,0.21316591756345815,-0.00026529059908853014,0.0
2024-07-23 17:07:41.500000+00:00,494.7023588281161,494.8005098842826,0.0981510561665004,2024-07-23 16:55:48+00:00,16.0,504.72245020673176,504.6999941701612,494.6811074567569,494.7035634453803,494.7901718340881,504.8674893265651,494.62201598115456,494.72122150405767,494.7035634453803,494.7901718340881,-0.022455988623448775,0.08660838870775933,0.1090643773312081,-0.012597134195345916,0.0
2024-07-23 20:21:11.066666496+00:00,495.11985653525073,495.2757585591981,0.1559020239473056,2024-07-23 20:08:30+00:00,15.0,501.85355447590587,501.84523409319195,495.1036421733899,495.1119626752318,495.2698135548382,502.0564733843756,494.55072817695157,494.70514532909516,495.1119626752318,495.2698135548382,-0.00832050184186528,0.1578508796064284,0.1661713814482937,0.003433727462834213,0.0
2024-07-23 23:25:52.842105088+00:00,494.4673658224304,494.6907879449977,0.2234221225672854,2024-07-23 23:10:52+00:00,18.0,504.52262544822247,504.53842383844426,494.54482904861334,494.52903071548553,494.76730442263073,504.75464676538934,494.44992873705604,494.68618213027423,494.52903071548553,494.76730442263073,0.015798333127804653,0.23827370714519702,0.22247537401739237,0.0020203139270051906,0.0
2024-07-24 02:35:54.736842240+00:00,494.5057432098377,494.6740563482938,0.1683131384560852,2024-07-24 02:15:54+00:00,19.0,505.0829769638742,505.0845894362256,494.50031817320996,494.4987056952635,494.6598577320942,505.24355698497294,494.5081557589103,494.66928602307115,494.4987056952635,494.6598577320942,0.0016124779464803396,0.16115203683074242,0.15953955888426208,2.1772669867914374e-05,0.0
2024-07-24 05:45:56.736842240+00:00,494.56587840897566,494.65687586415856,0.0909974551829009,2024-07-24 05:25:56+00:00,19.0,505.13996354618223,505.12677812383544,494.54240466276167,494.5555900490076,494.64207515837296,505.22513961796705,494.56503048977856,494.6514006631725,494.5555900490076,494.64207515837296,-0.01318538624593657,0.08648510936535558,0.09967049561129215,0.00011493597139633493,0.0
2024-07-24 08:59:49.538461440+00:00,493.9316483841604,494.1201633340665,0.1885149499061071,2024-07-24 08:30:34+00:00,13.0,507.9486694927834,507.9479225785479,493.92626990088286,493.9270172258283,494.1034044771585,508.11830853491705,494.4503246824013,494.63160218021363,493.9270172258283,494.1034044771585,-0.0007473249454506004,0.17638725133019761,0.17713457627564821,-0.004890246482148086,0.0
2024-07-24 12:01:00.500000+00:00,494.3302542094656,494.5554146285593,0.2251604190936404,2024-07-24 11:45:59+00:00,19.0,504.9579998229448,504.96845423753507,494.38791988587735,494.37746550132397,494.6068857364788,505.18614602899294,494.3859389983607,494.61558905704504,494.37746550132397,494.6068857364788,0.010454384553383989,0.22942023515480514,0.21896585060142115,-0.00022982352953704321,0.0
2024-07-24 14:54:02.266666752+00:00,494.45500495566944,494.6180397306353,0.1630347749658085,2024-07-24 14:21:01+00:00,12.0,504.5328681529522,504.5343886524805,494.50085623739665,494.4993357647226,494.67061007371075,504.73749346610384,494.4245618905959,494.60054007926664,494.4993357647226,494.67061007371075,0.0015204726740307706,0.17127430898813145,0.16975383631410068,-0.004703879682608658,0.0
2024-07-24 18:17:19.187500032+00:00,494.6816123009175,494.7507550935092,0.0691427925917196,,,,,,,,,,,,,,,,,
2024-07-24 21:29:59.333332992+00:00,494.43415623793067,494.6138456884235,0.1796894504928445,,,,,,,,,,,,,,,,,
2024-07-25 00:39:27.777778176+00:00,494.43144895122407,494.63771351522746,0.2062645640033906,,,,,,,,,,,,,,,,,
2024-07-25 03:45:02.833333248+00:00,494.4521237400454,494.5485868173811,0.0964630773356702,,,,,,,,,,,,,,,,,
2024-07-25 06:41:31.199999744+00:00,494.2759233002879,494.3802089784831,0.1042856781951968,,,,,,,,,,,,,,,,,
2024-07-25 10:11:12.999999744+00:00,493.800228624788,494.0485362588584,0.248307634070386,,,,,,,,,,,,,,,,,
2024-07-25 13:16:15.842105344+00:00,494.294815416632,494.478112214704,0.1832967980719786,2024-07-25 12:56:15+00:00,19.0,504.83684735989505,504.8450249901962,494.2616187081371,494.25344110705333,494.4641376870583,505.04869138009184,494.2627561509044,494.4736250911348,494.25344110705333,494.4641376870583,0.008177601083787067,0.21069658000499203,0.20251897892120496,-0.0001723602254060097,0.0
2024-07-25 16:21:17.666666752+00:00,494.33144314220107,494.4081032777577,0.0766601355566081,2024-07-25 16:06:17+00:00,19.0,504.9609608516785,504.9428145836667,494.35885446892627,494.37700068389285,494.44622495108734,505.03062275871525,494.3864143971747,494.4556729263223,494.37700068389285,494.44622495108734,-0.018146214966577645,0.06922426719449959,0.08737048216107723,-3.426195308975366e-05,0.0
2024-07-25 19:24:59.533333248+00:00,494.5859717196065,494.6547284600848,0.0687567404783635,2024-07-25 19:12:19+00:00,15.0,503.59224676279064,503.57549064756853,494.5595127584278,494.5762687443431,494.65137326741973,503.7743744615588,494.35545243072625,494.43740788897526,494.5762687443431,494.65137326741973,-0.016755985915324345,0.07510452307661808,0.09186050899194242,-0.0068509351723946565,0.0
2024-07-25 22:36:21.473684480+00:00,494.222846486914,494.4180051530307,0.195158666116697,2024-07-25 22:26:20+00:00,19.0,504.78330420927006,504.799294463593,494.2222761604586,494.20628594417695,494.4112475690032,504.98961182627875,494.2145256958728,494.4197201036941,494.20628594417695,494.4112475690032,0.01599021628163655,0.20496162482623959,0.18897140854460304,-0.0002327829950559135,0.0
2024-07-26 01:46:23.368420864+00:00,494.2270162982818,494.4010786763597,0.174062378077906,2024-07-26 01:36:22+00:00,19.0,504.79756222164764,504.8033830569244,494.2285439090426,494.2227230914219,494.393366936575,504.971254333446,494.2308358206235,494.4017187476495,494.2227230914219,494.393366936575,0.005820817620701746,0.17064384515305164,0.1648230275323499,-0.0002390818729622879,0.0
2024-07-26 04:56:25.315789312+00:00,494.3143259370832,494.384405009821,0.0700790727378262,2024-07-26 04:46:24+00:00,19.0,504.8804496447911,504.86877263346236,494.2967144759626,494.30839145317873,494.3759603454413,504.95018998410103,494.31604385287613,494.3837031266701,494.30839145317873,494.3759603454413,-0.011676977216154683,0.0675688922625568,0.07924586947871148,-9.038153143592353e-05,0.0
2024-07-26 07:55:12.062500096+00:00,494.0749677583446,494.2011696780716,0.1262019197269523,2024-07-26 07:43:19+00:00,16.0,505.7291319151056,505.7203431226225,494.0659353678589,494.07472419808323,494.1903681299163,505.8850490257186,494.24704566424134,494.3671351528501,494.07472419808323,494.1903681299163,-0.008788830224318644,0.11564393183306265,0.1244327620573813,-0.004445556775692694,0.0
2024-07-26 11:19:15.666666496+00:00,494.11883484070825,494.32216140675865,0.2033265660504071,2024-07-26 11:08:41+00:00,18.0,504.8757202467539,504.8855871483068,494.12065778701225,494.11079090093733,494.3145044028185,505.05251240757616,494.1473512787659,494.3468654478862,494.11079090093733,494.3145044028185,0.009866886074917147,0.2037135018811682,0.19384661580625107,0.0041993327608338404,0.0
2024-07-26 14:26:30.947368448+00:00,494.1794206527858,494.3334213271216,0.1540006743358049,2024-07-26 14:11:30+00:00,18.0,504.2167830725901,504.2213531881794,494.2450238587907,494.2404537598586,494.41433101395467,504.3828943102085,494.1585379927622,494.33028766413554,494.2404537598586,494.41433101395467,0.004570098932106248,0.17387725409605537,0.16930715516394912,0.0021275827227213995,0.0
2024-07-26 17:33:36.352941312+00:00,494.4205243389656,494.4828860575425,0.0623617185768807,2024-07-26 17:11:14+00:00,17.0,503.87045730175004,503.8430866985553,494.39565137322245,494.4230219817994,494.47234422039594,503.9482169712849,494.26011952957197,494.31399097776574,494.4230219817994,494.47234422039594,-0.027370608576973154,0.049322238596516854,0.07669284717349001,-0.004549209597257686,0.0
2024-07-26 20:55:24.235294208+00:00,494.23729566169743,494.3874564244597,0.1501607627622547,2024-07-26 20:33:02+00:00,17.0,504.1666092973809,504.16538133192887,494.21104318722394,494.2122711552052,494.37401314858965,504.3805197001335,494.12561199334056,494.2954718518923,494.2122711552052,494.37401314858965,-0.0012279679812650102,0.16174199338445305,0.16296996136571806,-0.008117865167264426,0.0
2024-07-26 23:51:36.666666752+00:00,494.02620866773736,494.23218446371527,0.2059757959779062,2024-07-26 23:36:36+00:00,19.0,504.6349588542191,504.6520727353681,494.0668537915355,494.04973995953253,494.2681686659524,504.8519544974892,494.05886208487186,494.27745732438564,494.04973995953253,494.2681686659524,0.01711383200296268,0.2184287064198429,0.20131487441688023,-0.0001665330939317755,0.0
2024-07-27 02:56:38.526315520+00:00,494.14120230178247,494.256207365337,0.1150050635545198,2024-07-27 02:46:38+00:00,19.0,504.719119305747,504.713545427057,494.13133726329966,494.1369111257422,494.2506574242463,504.8311964759228,494.1456268937415,494.25943342986824,494.1369111257422,494.2506574242463,-0.005573862442531663,0.11374629850411111,0.11932016094664277,-6.0237622619752074e-05,0.0
2024-07-27 06:06:40.473684480+00:00,494.16871057065066,494.239178211956,0.0704676413052993,2024-07-27 05:56:40+00:00,19.0,504.74099723015297,504.72785143249894,494.15006395464144,494.1632097292272,494.2329484581036,504.81149304462224,494.171603959541,494.24138951639355,494.1632097292272,494.2329484581036,-0.013145774585780146,0.06973872887635935,0.08288450346213949,-4.682797617761025e-05,0.0
2024-07-27 09:00:20.454545664+00:00,492.7615496281364,492.9350744322622,0.1735248041258046,2024-07-27 08:43:03+00:00,11.0,512.01709797532,512.0163319321679,492.7529190225747,492.7536854114147,492.9211867379825,512.0553816920551,494.0405252679248,494.2199637337508,492.7536854114147,492.9211867379825,-0.0007663888400202268,0.1675013265677876,0.16826771540780783,-0.01193713925817974,0.0
2024-07-27 12:36:04.333333248+00:00,493.8700258416988,494.0744972855733,0.2044714438744677,2024-07-27 12:16:43+00:00,10.0,504.9077857963973,504.91560007600737,493.9135447417484,493.90573048185826,494.13027141212757,505.14909057220245,493.97488109564637,494.2049879486488,493.90573048185826,494.13027141212757,0.007814259890153608,0.22454093026931332,0.2167266703791597,-0.005565922733126172,0.0
2024-07-27 15:36:46.263157760+00:00,494.0941366905301,494.1887650690517,0.0946283785216337,2024-07-27 15:26:45+00:00,19.0,504.6563891989016,504.64570089108463,494.0770426736435,494.08773094122483,494.17995861490414,504.75129408676395,494.0946025740621,494.1871582361865,494.08773094122483,494.17995861490414,-0.010688267581315358,0.09222767367930373,0.10291594126061909,-0.00032798844512171854,0.0
2024-07-27 18:52:08.266667008+00:00,494.6591840075889,494.7130544287661,0.0538704211771801,2024-07-27 18:33:13+00:00,14.0,501.3158647838573,501.2902758285561,494.67936941476444,494.7049583901467,494.75019213563513,501.44828439043977,494.11059300481895,494.1723237448203,494.7049583901467,494.75019213563513,-0.025588975382277113,0.0452337454884173,0.07082272087069441,-0.016496994512920082,0.0
2024-07-27 21:58:05.249999872+00:00,494.3076909050738,494.4658266112789,0.158135706205087,2024-07-27 21:34:19+00:00,16.0,502.72252354562426,502.7290238743632,494.3015715396901,494.2950710826486,494.45863288622667,502.96906591764173,493.9875250561673,494.1544022712372,494.2950710826486,494.45863288622667,0.006500457041511254,0.1635618035780908,0.15706134653657955,-0.0033154114917692823,0.0
2024-07-28 01:06:52.052631296+00:00,493.9644303995281,494.1373911045686,0.1729607050405093,2024-07-28 00:46:51+00:00,19.0,504.53054194841513,504.5444652063206,493.9628667528666,493.94894351894027,494.1262051279351,504.70683075961887,493.95770861406754,494.1349655008193,493.94894351894027,494.1262051279351,0.013923233926334433,0.17726160899485421,0.16333837506851978,4.7222430907822854e-06,0.0
2024-07-28 04:11:53.999999744+00:00,494.0306334561645,494.0835845212804,0.0529510651158489,2024-07-28 03:56:53+00:00,19.0,504.64590215996367,504.6309930885792,494.0489456975287,494.06385473472204,494.1079209433939,504.69012097093366,494.07302451031643,494.1169196860863,494.06385473472204,494.1079209433939,-0.014909037193319818,0.04406620867183619,0.05897524586515601,0.0001710329019601886,0.0
2024-07-28 07:14:09.166666752+00:00,493.9866709510594,494.0766221996236,0.0899512485642048,2024-07-28 07:03:35+00:00,18.0,504.7178197284322,504.7092828237091,493.9811739040089,493.98971079111936,494.0724402221048,504.76531585165185,494.02286592890465,494.09871841981817,493.98971079111936,494.0724402221048,-0.008536887110437874,0.08272943098540964,0.09126631809584751,0.006876940071890658,0.0
2024-07-28 10:34:57.799999744+00:00,494.0241954755128,494.1863520668153,0.1621565913025051,2024-07-28 10:22:17+00:00,15.0,503.92446127697013,503.93340542223797,494.0266550613518,494.0177109567845,494.17753095761105,504.0528198186091,493.925014910942,494.0792461274526,494.0177109567845,494.17753095761105,0.008944104567262912,0.15982000082652803,0.15087589625926512,0.005588784315932571,0.0
2024-07-28 13:36:59.631579136+00:00,493.9122123240792,494.0604356874783,0.1482233633990972,2024-07-28 13:26:59+00:00,19.0,504.47476721510685,504.4827980536291,493.90042931653824,493.8923985042051,494.05384946922595,504.6352725879598,493.90087895681984,494.0626599180099,493.8923985042051,494.05384946922595,0.008030812333117865,0.16145096502083334,0.15342015268771547,-0.0003299961692277975,0.0
2024-07-28 16:45:21.500000+00:00,494.1048156785788,494.1300758861791,0.0252602076002972,2024-07-28 16:34:47+00:00,18.0,504.08378006519894,504.06014774559054,494.07893150108026,494.10256372900517,494.1241592251673,504.1234625061609,494.0188384864318,494.04475525777156,494.10256372900517,494.1241592251673,-0.0236322279249066,0.021595496162149175,0.045227724087055776,-0.004321275177630923,0.0
2024-07-28 19:54:54.785714176+00:00,494.23396650962616,494.2789937903137,0.0450272806875204,,,,,,,,,,,,,,,,,
2024-07-28 23:07:05.052631296+00:00,493.85643768106536,494.00943363283375,0.1529959517683892,,,,,,,,,,,,,,,,,
2024-07-29 02:21:33.611111424+00:00,493.8410303475406,493.9349445416743,0.0939141941336743,,,,,,,,,,,,,,,,,
2024-07-29 05:27:08.736842240+00:00,493.97161837506616,493.97544309763634,0.0038247225701866,,,,,,,,,,,,,,,,,
2024-07-29 08:32:10.214285824+00:00,493.4357083228164,493.51861045986215,0.0829021370457212,,,,,,,,,,,,,,,,,
2024-07-29 11:48:27.937500160+00:00,493.7483842829979,493.917051257448,0.1686669744500477,2024-07-29 12:02:12+00:00,12.0,504.2182789905081,504.23560061352754,493.8159084010342,493.7985869246093,493.9591806083624,504.3150678901194,493.7812282230851,493.93439625457586,493.7985869246093,493.9591806083624,0.017321476424910998,0.1605936837530635,0.1432722073281525,0.007425652262327276,0.0
2024-07-29 14:47:14.947368704+00:00,493.83238574030304,493.914447121104,0.0820613808009511,2024-07-29 14:37:14+00:00,19.0,504.4078103699929,504.40596115497505,493.8235729188301,493.82542212629403,493.91090314537365,504.49329699948663,493.83425618681406,493.9198482166044,493.82542212629403,493.91090314537365,-0.0018492074639198108,0.08548101907962291,0.08733022654354272,-0.00011101071072516788,0.0
2024-07-29 17:55:36.944444416+00:00,493.96797501183335,493.967206095616,-0.0007689162173392,2024-07-29 17:45:03+00:00,18.0,504.06051994394335,504.03565140677955,493.94667432936006,493.9715427630547,493.9634944918733,504.0811411994228,493.9054309468651,493.90178373954126,493.9715427630547,493.9634944918733,-0.024868433694621217,-0.008048271181394284,0.016820162513226933,-0.0044010638575286976,0.0
2024-07-29 21:14:57.764705792+00:00,493.91240405769895,494.0200680207173,0.1076639630182967,2024-07-29 21:03:46+00:00,17.0,503.50378106305783,503.50942143813387,493.9076256270463,493.9019853833706,494.01579788964864,503.66944958153397,493.7625938463633,493.8838781443001,493.9019853833706,494.01579788964864,0.0056402436757139185,0.11381250627806594,0.10817226260235202,-0.007471791658758775,0.0
2024-07-30 00:17:20.736842240+00:00,493.7276947494984,493.8638626922077,0.1361679427092781,2024-07-30 00:07:20+00:00,19.0,504.289453620536,504.30699404842136,493.7281215183085,493.7105811439706,493.8566992835462,504.43766126287403,493.71887421649484,493.86534076710615,493.7105811439706,493.8566992835462,0.0175403743378979,0.1461181395756057,0.1285777652377078,-0.00034841103570215637,0.0
2024-07-30 03:27:22.736842240+00:00,493.8128833233842,493.8469251450909,0.0340418217066371,2024-07-30 03:17:22+00:00,19.0,504.382309689924,504.3758560803032,493.8009388451578,493.80739243005496,493.83906966136027,504.4164951241356,493.8152200409113,493.8471309096356,493.80739243005496,493.83906966136027,-0.0064535848971445375,0.031677231305309306,0.03813081620245384,-0.00023363741900084278,0.0
2024-07-30 06:37:24.631578880+00:00,493.81499299292767,493.8300264644006,0.0150334714729183,2024-07-30 06:27:24+00:00,19.0,504.3797931888358,504.36511969872953,493.7945850176308,493.80925848107967,493.82189824233126,504.3926661567287,493.81595708254326,493.82890597460636,493.80925848107967,493.82189824233126,-0.014673463448843904,0.012639761251591608,0.027313224700435512,-0.0003091308115017455,0.0
2024-07-30 09:51:17.384615168+00:00,493.2723932273077,493.41302825826494,0.1406350309572985,2024-07-30 09:29:05+00:00,12.0,505.6829996327332,505.68556562759574,493.42976165675964,493.4271962712432,493.5656796401469,505.6911749683322,493.69119282406024,493.8079958021697,493.4271962712432,493.5656796401469,0.0025653855164478045,0.13848336890373503,0.13591798338728722,0.021680390794244886,0.0
2024-07-30 12:57:28.526316032+00:00,493.66499272384266,493.7953911829881,0.1303984591454536,2024-07-30 12:37:27+00:00,19.0,504.2106294680178,504.22182066511965,493.6409970321831,493.6298058749687,493.7866542444357,504.36514947615973,493.6381593996831,493.7949601239379,493.6298058749687,493.7866542444357,0.011191157214398118,0.15684836946695668,0.14565721225255857,4.764521213473927e-05,0.0
2024-07-30 16:02:30.444444672+00:00,493.72702375571487,493.7558150845881,0.0287913288731829,2024-07-30 15:47:29+00:00,19.0,504.32807743263584,504.31287058417007,493.73091557704527,493.7461223719,493.76781032117276,504.3508650653723,493.75525472461766,493.7768070860172,493.7461223719,493.76781032117276,-0.015206794854748296,0.021687949272745755,0.03689474412749405,0.00013558787321699128,0.0
2024-07-30 19:12:32.249999872+00:00,494.0131912663616,494.0520644368084,0.0388731704467772,2024-07-30 19:00:39+00:00,16.0,502.5679968197381,502.54689862366206,493.9946615436893,494.01575952938197,494.0518662197282,502.64051452099676,493.7177065260837,493.75983033213964,494.01575952938197,494.0518662197282,-0.021097985692676957,0.03610669034623015,0.05720467603890711,-0.006017115709710197,0.0
2024-07-30 22:17:34.210525952+00:00,493.5933400913629,493.73499304226686,0.1416529509040174,2024-07-30 22:07:33+00:00,19.0,504.17124214935325,504.18439279294944,493.59883861793503,493.58568801907967,493.7309643016202,504.3173309541933,493.59505017969747,493.740439018192,493.58568801907967,493.7309643016202,0.013150598855361295,0.1452762825405216,0.1321256836851603,-0.00011255595399006779,0.0
2024-07-31 01:27:36.157894912+00:00,493.58631445100417,493.7181652310125,0.1318507800082784,2024-07-31 01:17:35+00:00,19.0,504.17411669737635,504.18401145816534,493.5988140040462,493.58891926103627,493.713164473198,504.2969213737556,493.5977752135003,493.72222157508486,493.58891926103627,493.713164473198,0.00989474300990878,0.1242452121617248,0.11435046915181601,-0.00020114942282134507,0.0
2024-07-31 04:37:38.052631552+00:00,493.6882440212307,493.7010906491573,0.012846627926649,2024-07-31 04:27:37+00:00,19.0,504.2665760545384,504.25364198822075,493.67182670087607,493.68476073932334,493.69539668722564,504.2762299699913,493.6933287017773,493.70398250634963,493.68476073932334,493.69539668722564,-0.012934038447269813,0.010635947902301268,0.02356998634957108,-1.7856670012861287e-05,0.0
2024-07-31 07:22:39.642857472+00:00,493.6296731102847,493.6857506994334,0.0560775891487423,2024-07-31 07:17:39+00:00,15.0,504.6404413251677,504.6300958711605,493.54287078549265,493.55321583715175,493.595969240984,504.7335145593111,493.6367556354655,493.68727370193886,493.55321583715175,493.595969240984,-0.010345051659101046,0.04275340383225057,0.053098455491351615,-0.0077646626411365105,0.0
2024-07-31 11:15:02.133333248+00:00,493.2602958846939,493.398345108406,0.1380492237121302,2024-07-31 11:16:09+00:00,13.0,505.35734789181777,505.3653406759861,493.3098290700355,493.30183625641183,493.438906935299,505.450225574705,493.5294035914407,493.66398564425924,493.30183625641183,493.438906935299,0.0079928136236731,0.13707067888714164,0.12907786526346854,0.0024886260686116657,0.0
2024-07-31 14:07:43.842105344+00:00,493.55050888555,493.6496416440742,0.0991327585242061,2024-07-31 13:52:43+00:00,18.0,503.5569717095458,503.56355979622424,493.6259465833906,493.61935848781235,493.7391889575185,503.67696320736184,493.53166455038155,493.6501956897486,493.61935848781235,493.7391889575185,0.006588095578251796,0.11983046970613032,0.11324237412787852,0.0012993303390658184,0.0
2024-07-31 17:30:25.933333248+00:00,493.8662527032124,493.8280971900995,-0.0381555131128834,2024-07-31 17:05:05+00:00,15.0,502.98716510405575,502.96335120161314,493.84968997240134,493.87350392086216,493.8225925533457,503.11338087202876,493.65780131081476,493.632892096576,493.87350392086216,493.8225925533457,-0.02381394846082685,-0.050911367516448536,-0.027097419055621685,-0.02600215327765909,0.0
2024-07-31 20:35:55.312500224+00:00,493.6499610015209,493.6956190371582,0.0456580356373024,2024-07-31 20:12:09+00:00,16.0,503.52715471159945,503.52136452610347,493.6239077906231,493.6296980446416,493.6872313211703,503.7513760184583,493.5327406971488,493.61423329905784,493.6296980446416,493.6872313211703,-0.005790254018506857,0.05753327652871576,0.06332353054722262,-0.023959325380303653,0.0
2024-07-31 23:32:49.555555584+00:00,493.4360825307324,493.57582377921926,0.1397412484868709,2024-07-31 23:17:49+00:00,19.0,504.02391523750845,504.0407697106609,493.4554536395962,493.4385991996713,493.588356274609,504.17036870622815,493.4473726462175,493.5971257791,493.4385991996713,493.588356274609,0.01685443992494129,0.1497570749377246,0.13290263501278332,3.942055229799735e-06,0.0
2024-08-01 02:37:51.473684224+00:00,493.5069291030465,493.5720332109375,0.0651041078910452,2024-08-01 02:27:51+00:00,19.0,504.0919065224374,504.0904836305785,493.5046367996159,493.50605968248885,493.5699378142041,504.15317899394194,493.5150452421719,493.5788842310698,493.50605968248885,493.5699378142041,-0.0014228828729301313,0.06387813171522794,0.06530101458815807,3.914281728611968e-05,0.0
2024-08-01 05:47:53.473684224+00:00,493.55265436004606,493.5549098298714,0.0022554698253429,2024-08-01 05:37:52+00:00,19.0,504.1292901702851,504.1168192480292,493.53395796911536,493.54642886197166,493.55164421061426,504.135165281551,493.55550368266245,493.56061970910787,493.54642886197166,493.55164421061426,-0.012470892856299542,0.0052153486425936535,0.017686241498893196,9.932219717256885e-05,0.0
2024-08-01 09:01:29.714286080+00:00,493.2950097778467,493.4043246403528,0.1093148625060393,2024-08-01 08:47:54+00:00,14.0,504.78628027692264,504.7853390357903,493.2938944798238,493.29483557458036,493.3952190379191,504.88383011947553,493.44026666668606,493.54049027502253,493.29483557458036,493.3952190379191,-0.0009410947565697825,0.10038346333874415,0.10132455809531393,0.0001598550022663403,0.0
2024-08-01 12:07:57.315789568+00:00,493.36423169952656,493.5206318836512,0.1564001841246636,2024-08-01 11:57:56+00:00,19.0,503.93976894115355,503.95164308890776,493.3687186473687,493.3568445329587,493.51505559472986,504.09886685030546,493.3654647420858,493.5240240492447,493.3568445329587,493.51505559472986,0.011874114410034053,0.15821106177116917,0.14633694736113512,-0.0003482453877268199,0.0
2024-08-01 15:17:59.263158016+00:00,493.43993923276224,493.5037816603398,0.0638424275775833,2024-08-01 15:07:58+00:00,19.0,504.01465173492375,504.0067176027496,493.42659228699256,493.43452640041494,493.4971334732538,504.07849004398446,493.4427721211065,493.50569708071,493.43452640041494,493.4971334732538,-0.007934113422379596,0.06260707283888678,0.07054118626126638,-0.000317886764605646,0.0
2024-08-01 18:26:41.199999744+00:00,493.82302557352233,493.81985733199537,-0.0031682415269642,2024-08-01 18:14:00+00:00,15.0,502.0692762945999,502.0450117248279,493.80436669564557,493.8286312187163,493.81475760737663,502.18199701784226,493.4829282443422,493.4865846699385,493.8286312187163,493.81475760737663,-0.024264523070712585,-0.013873611339647596,0.010390911731064989,-0.01753003693596611,0.0
2024-08-01 21:51:10.812499968+00:00,493.4529820081482,493.58567603140114,0.1326940232529523,2024-08-01 21:34:02+00:00,15.0,502.75524946975275,502.7682499225703,493.5297384983782,493.5167381424694,493.6551937684611,502.96625878013833,493.3214525765013,493.4703726772842,493.5167381424694,493.6551937684611,0.013000355908786787,0.13845562599169625,0.12545527008290946,-0.010464474791206158,0.0
2024-08-02 00:48:05.052631552+00:00,493.31231033716,493.45235363459113,0.1400432974311911,2024-08-02 00:28:04+00:00,19.0,503.87595219176615,503.88836179597166,493.3094761314246,493.29706655516856,493.44573970669876,504.02202873677436,493.30508875945145,493.45358173641597,493.29706655516856,493.44573970669876,0.012409576256061428,0.148673151530204,0.13626357527414257,0.00018017456568486523,0.0
2024-08-02 03:53:06.888889088+00:00,493.3883847860963,493.4239520621259,0.0355672760296101,2024-08-02 03:38:06+00:00,19.0,503.98123263775744,503.97091710539667,493.3899124137677,493.40022791045175,493.4267797704514,504.00766151707677,493.4090697384226,493.4353206266589,493.40022791045175,493.4267797704514,-0.010315496684029313,0.026551859999642602,0.036867356683671915,0.0003009717633517539,0.0
2024-08-02 06:50:29.882352896+00:00,493.1948838853973,493.23227347060174,0.0373895852044938,2024-08-02 06:39:18+00:00,17.0,504.9280672556623,504.91846369360564,493.1866750102288,493.19627851598955,493.23055947076153,504.99416012747247,493.3793517537292,493.41718751632095,493.19627851598955,493.23055947076153,-0.009603505760765074,0.03428095477198667,0.043884460532751746,-0.0035548078197393806,0.0
2024-08-02 10:10:24.111111168+00:00,493.2085156196593,493.3319647527858,0.1234491331264848,2024-08-02 09:59:50+00:00,18.0,504.22255152278757,504.23023082891325,493.21494039843884,493.20726116128606,493.32971070389624,504.30854208005485,493.2817667647101,493.39869795008764,493.20726116128606,493.32971070389624,0.007679237152785845,0.12244954261018393,0.11477030545739808,0.005518357232631388,0.0
2024-08-02 13:18:12.631578880+00:00,493.2408909420922,493.374915301137,0.1340243590448153,2024-08-02 13:08:12+00:00,19.0,503.8121840367985,503.8197859960377,493.2325194425178,493.2249175080326,493.3709502028171,503.95800458125615,493.2341221000214,493.38038141526437,493.2249175080326,493.3709502028171,0.007601934485194306,0.14603269478448055,0.13843076029928625,-0.00022662045847710033,0.0
2024-08-02 16:28:14.526315520+00:00,493.34474258871126,493.3576355460416,0.0128929573302798,2024-08-02 16:18:14+00:00,19.0,503.9283058979401,503.90850546101143,493.32397563804363,493.34377602770127,493.3530499642911,503.9372053430386,493.3525949843835,493.3620221433512,493.34377602770127,493.3530499642911,-0.019800389657632422,0.009273936589806908,0.02907432624743933,-0.0001532223779463493,0.0
2024-08-02 19:41:07.857143296+00:00,493.9867782540005,493.994014355992,0.0072361019914524,2024-08-02 19:27:33+00:00,14.0,499.9782293970218,499.95729362305826,493.9594014851575,493.98033715225307,493.99492011183736,500.2339358907598,493.3302005364746,493.34489809965373,493.98033715225307,493.99492011183736,-0.020935667095557164,0.014582959584288346,0.03551862667984551,-0.00011460359485226945,0.0
2024-08-02 22:48:18.368421120+00:00,493.1739127302027,493.32303720081103,0.1491244706083421,2024-08-02 22:38:17+00:00,19.0,503.73891174784353,503.75571525473543,493.17837911381133,493.1615756325981,493.3167675425559,503.8979944624199,493.169671923994,493.3252429084612,493.1615756325981,493.3167675425559,0.016803481213230498,0.15519190995780718,0.13838842874457669,-0.00037907450939655973,0.0
2024-08-03 01:58:20.263158016+00:00,493.18664155259273,493.3062037250724,0.1195621724796183,2024-08-03 01:48:19+00:00,19.0,503.76031620179646,503.7623695326614,493.18839853198324,493.1863452102312,493.29898807521045,503.8762186022319,493.1937517902674,493.3068257574833,493.1863452102312,493.29898807521045,0.0020533217520437574,0.11264286497925013,0.11058954322720638,-0.0004311022366323414,0.0
2024-08-03 05:08:22.263157760+00:00,493.2723172836112,493.28903729922433,0.0167200156130888,2024-08-03 04:53:21+00:00,18.0,503.3080038831964,503.29678294949616,493.35322262162026,493.36444350983714,493.3785368526329,503.31759671839814,493.27465090526556,493.2897467018901,493.36444350983714,493.3785368526329,-0.01122088821688294,0.014093342795774788,0.02531423101265773,-0.0010024538287893847,0.0
2024-08-03 11:28:26.062499840+00:00,492.9154159478865,493.0836684559719,0.1682525080853452,2024-08-03 11:11:22+00:00,17.0,504.6315707606121,504.6419884513602,492.9368145332561,492.92639690639305,493.08357493602267,504.7418973086786,493.1005161192265,493.25510001643437,492.92639690639305,493.08357493602267,0.01041762686304537,0.1571780296296197,0.14676040276657432,0.00259413242173423,0.0
2024-08-03 14:28:27.947368448+00:00,493.12687411784793,493.22837127719777,0.101497159349833,2024-08-03 14:18:27+00:00,19.0,503.7041301308904,503.7051923212247,493.12128436789874,493.12022216848624,493.2277751046243,503.8105006318132,493.12897129170557,493.23651466879085,493.12022216848624,493.2277751046243,0.0010621994125017409,0.10755293613806316,0.10649073672556142,9.559052784879896e-06,0.0
2024-08-03 17:34:22.764705792+00:00,493.3900039652977,493.3868571968618,-0.0031467684358972,2024-08-03 17:23:11+00:00,17.0,502.77354682151076,502.74439082061355,493.36518624985484,493.3943420755832,493.38613497940094,502.79644166818855,493.22135008386545,493.2177822894446,493.3943420755832,493.38613497940094,-0.029155825728366835,-0.008207096182275109,0.020948729546091727,-0.004639301761415027,0.0
2024-08-03 20:52:25.166666752+00:00,493.08565463962753,493.18861818416497,0.102963544537431,2024-08-03 20:41:51+00:00,18.0,503.6482043382472,503.6518873877234,493.07833645754096,493.0746533880839,493.1853469500916,503.8100721234119,493.08155960354225,493.1993204343271,493.0746533880839,493.1853469500916,0.003683069457053989,0.11069356200772518,0.10701049255067119,-0.0070672687771207165,0.0
2024-08-03 23:58:33.736842240+00:00,493.0194699913322,493.1768975095585,0.1574275182262567,2024-08-03 23:48:33+00:00,19.0,503.5885161174556,503.60686731377695,493.02227432149306,493.0039231682964,493.17201907004335,503.75862642925233,493.0129128217202,493.1812868462389,493.0039231682964,493.17201907004335,0.018351153196647374,0.16809590174693767,0.1497447485502903,-0.0002781227717605361,0.0
2024-08-04 03:08:35.631578624+00:00,493.0929353986144,493.1599768391314,0.0670414405169594,2024-08-04 02:58:35+00:00,19.0,503.6716965971657,503.66700307889084,493.0841043677703,493.0887978750031,493.1539964586953,503.7379328963454,493.0974330842117,493.1628331586172,493.0887978750031,493.1539964586953,-0.004693507232786942,0.0651985836922222,0.06989209092500914,-0.00020149071332298263,0.0
2024-08-04 06:18:37.578947328+00:00,493.1082376667792,493.1427166334759,0.0344789666967244,2024-08-04 06:08:37+00:00,19.0,503.68092421534885,503.6660277931505,493.0889617724949,493.10385816620254,493.13650439302717,503.7141121500037,493.1114723222093,493.1443615415265,493.10385816620254,493.13650439302717,-0.014896393707658717,0.03264622682462459,0.04754262053228331,-0.0002429924925877458,0.0
2024-08-04 09:33:39.666666752+00:00,492.7314678351744,492.9079324542444,0.176464619069975,2024-08-04 09:09:33+00:00,11.0,503.60136801735166,503.6079291013766,492.97155220957126,492.96499178649856,493.1367327812795,503.56954832097165,492.9874663986325,493.1236241122775,492.96499178649856,493.1367327812795,0.006560423072698995,0.17174099478091875,0.16518057170821976,0.03558328113587095,0.0
2024-08-04 12:38:41.473684224+00:00,492.94065520903126,493.1078320993781,0.167176890346866,2024-08-04 12:18:40+00:00,19.0,503.49533187900414,503.5083113096151,492.9311711892909,492.91819179776917,493.1031324071096,503.67907582279673,492.9261173786196,493.11080842035176,492.91819179776917,493.1031324071096,0.012979391521753314,0.1849406093404582,0.17196121781870488,0.0002495676083071885,0.0
2024-08-04 15:39:58.312500224+00:00,493.1514587105937,493.226513803413,0.0750550928192979,2024-08-04 15:23:25+00:00,17.0,502.7437331668294,502.73218144044347,493.14389154874823,493.1554433093582,493.22436017562757,502.8773016893063,493.0123180552988,493.09212085662836,493.1554433093582,493.22436017562757,-0.011551760609961548,0.06891686626937599,0.08046862687933753,-0.010885935060173324,0.0
2024-08-04 18:50:31.117647104+00:00,493.1397709467795,493.1988187394072,0.059047792627723,2024-08-04 18:36:14+00:00,16.0,501.67541299876825,501.6500012624072,493.3219016661292,493.34731328017756,493.38930082968477,501.8325687531779,493.02025046412115,493.0747740642429,493.34731328017756,493.38930082968477,-0.025411614048380216,0.04198754950721195,0.06739916355559217,-0.012536050614528449,0.0
2024-08-04 21:58:47.157894656+00:00,492.85193047313817,493.0477544076072,0.19582393446899,2024-08-04 21:48:46+00:00,19.0,503.43767254951626,503.44886925118925,492.8605993548607,492.8494027031687,493.0464446645656,503.6322252501499,492.85852529084536,493.0555712610889,492.8494027031687,493.0464446645656,0.011196651691989246,0.19704196139690566,0.18584530970491642,-4.008846644865116e-06,0.0
