timestamp,gpsUtcTime,gpsUtcTimeFraction,gpsFixQual,gpsLatitude,gpsLongitude,gpsAltitudeMeters,gpsNumOfSatsTracked,gpsNumOfSatsInView,gpsGeoid,datetime
1722125211,1722125211,0,1,66.04808044,174.1391602,499202.375,28,14,6.199999809,2024/7/28 0:06
1722125812,1722125811,0,1,28.74039459,158.6978302,495389.9375,26,10,5.5,2024/7/28 0:16
1722126412,1722126411,0,1,-9.212656975,150.8960876,500625.8438,24,13,77.69999695,2024/7/28 0:26
1722127012,1722127011,0,1,-46.8882637,141.6150055,516903.125,25,12,-16.79999924,2024/7/28 0:36
1722127612,1722127612,0,1,-81.20685577,89.82387543,527010,25,11,-4.199999809,2024/7/28 0:46
1722128212,1722128212,0,1,-56.25471878,-24.16510582,517980.6563,21,11,11.30000019,2024/7/28 0:56
1722128812,1722128812,0,1,-18.7470932,-35.36636353,499304.1563,20,10,-8.699999809,2024/7/28 1:06
1722129412,1722129412,0,1,19.26108742,-43.00372314,490597.375,18,10,-16.79999924,2024/7/28 1:16
1722130012,1722130012,0,1,56.93177414,-54.42512894,495493.125,21,12,14.39999962,2024/7/28 1:26
1722130612,1722130612,0,1,80.6488266,-173.2067261,500075.5938,30,12,3.099999905,2024/7/28 1:36
1722131212,1722131212,0,1,45.72348404,139.7690887,496884.4375,25,10,25.89999962,2024/7/28 1:46
1722131813,1722131812,0,1,7.893358231,130.6348877,496512.5,29,13,63.79999924,2024/7/28 1:56
1722132413,1722132412,0,1,-29.99970436,122.793869,509054.2813,20,11,-20.70000076,2024/7/28 2:06
1722133013,1722133012,0,1,-67.03651428,106.7210693,524405.75,26,12,-13,2024/7/28 2:16
1722133613,1722133612,0,1,-72.42056274,-33.65750122,524283.7188,28,13,-2.400000095,2024/7/28 2:26
1722134213,1722134213,0,1,-35.75969315,-55.02602386,507516.875,19,10,11.5,2024/7/28 2:36
1722134813,1722134813,0,1,2.131535053,-63.1794548,492490.9063,21,11,-8.300000191,2024/7/28 2:46
1722135413,1722135413,0,1,40.07405853,-71.68613434,492425.6875,17,9,-34.59999847,2024/7/28 2:56
1722136013,1722136013,0,1,76.42794037,-100.5135727,499109.4688,26,12,-6.800000191,2024/7/28 3:06
1722136613,1722136613,0,1,62.44998169,124.0393906,499095.625,27,10,-12.30000019,2024/7/28 3:16
1722137214,1722137213,0,1,24.99202156,110.5749969,495546.375,23,11,-19.20000076,2024/7/28 3:26
1722137814,1722137813,0,1,-12.96452808,102.8826141,502114.875,25,13,-23.79999924,2024/7/28 3:36
1722138414,1722138413,0,1,-50.56716156,92.99793243,518485.125,16,13,9,2024/7/28 3:46
1722139014,1722139013,0,1,-82.52045441,17.37837601,526899.0625,29,11,-9.300000191,2024/7/28 3:56
1722139614,1722139614,0,1,-52.59757996,-73.10974121,516061.5,25,12,11.39999962,2024/7/28 4:06
1722140214,1722140214,0,1,-14.99149704,-83.40810394,497589.2813,23,12,-0.800000012,2024/7/28 4:16
1722140814,1722140814,0,1,23.023983,-91.07265472,490560.375,21,10,-25.5,2024/7/28 4:26
1722141414,1722141414,0,1,60.58951569,-103.7441254,496307.9688,21,11,-38.09999847,2024/7/28 4:36
1722142014,1722142014,0,1,77.98778534,124.7785187,500227.4688,26,13,-1.799999952,2024/7/28 4:46
1722142614,1722142614,0,1,42.00581741,91.32324219,496814.375,22,12,-62.09999847,2024/7/28 4:56
1722143215,1722143214,0,1,4.136806488,82.63546753,497641.0938,25,11,-100.6999969,2024/7/28 5:06
1722143815,1722143814,0,1,-33.71879578,74.61685181,511059.8125,19,10,7.599999905,2024/7/28 5:16
1722144415,1722144414,0,1,-70.51745605,55.52562714,525437.625,25,13,24.79999924,2024/7/28 5:26
1722145015,1722145014,0,1,-69.0515976,-85.54100037,523136.4688,28,13,-14.30000019,2024/7/28 5:36
1722145615,1722145615,0,1,-32.0416832,-103.2373505,505358.1875,23,12,-6.900000095,2024/7/28 5:46
1722146215,1722146215,0,1,5.891880035,-111.1755676,491473.5938,22,12,-27.89999962,2024/7/28 5:56
1722146815,1722146815,0,1,43.79926682,-120.0709076,492788.6563,19,11,-18.39999962,2024/7/28 6:06
1722147415,1722147415,0,1,79.37319183,-159.2874298,499416.4688,26,12,0.600000024,2024/7/28 6:16
1722148015,1722148015,0,1,58.8151207,74.50210571,498796.4063,23,12,-28.20000076,2024/7/28 6:26
1722148615,1722148615,0,1,21.24204826,62.49133682,495868.8125,21,10,-47.40000153,2024/7/28 6:36
1722149216,1722149215,0,1,-16.70905876,54.85550308,503833,21,12,-18.10000038,2024/7/28 6:46
1722149816,1722149815,0,1,-54.22338104,44.19370651,520209.625,16,10,45.40000153,2024/7/28 6:56
1722150416,1722150415,0,1,-82.13224792,-57.63279724,526720.4375,24,13,-25.39999962,2024/7/28 7:06
1722151016,1722151015,0,1,-48.93104172,-121.8256683,514054.3125,24,11,-10.80000019,2024/7/28 7:16
1722151616,1722151616,0,1,-11.24078178,-131.4289551,495848.6875,26,13,-8.5,2024/7/28 7:26
1722152216,1722152216,0,1,26.77636528,-139.1737671,490426.4688,21,11,-27,2024/7/28 7:36
1722152816,1722152816,0,1,64.20917511,-153.5265808,496799.7813,26,14,11.5,2024/7/28 7:46
1722153416,1722153416,0,1,74.85706329,68.32003021,500135.4375,26,14,-4.300000191,2024/7/28 7:56
1722154616,1722154616,0,1,0.379616678,34.63887787,498517.125,14,10,-15.60000038,2024/7/28 8:16
1722155217,1722155216,0,1,-37.43363571,26.37384987,512793.3438,17,9,30.70000076,2024/7/28 8:26
1722155817,1722155816,0,1,-73.89569855,2.805348396,526009,25,12,13.80000019,2024/7/28 8:36
1722156417,1722156416,0,1,-65.52839661,-136.2999268,521616.7813,26,13,-41.70000076,2024/7/28 8:46
1722157017,1722157016,0,1,-28.30545998,-151.3963928,503204.2188,25,14,-1.299999952,2024/7/28 8:56
1722157617,1722157617,0,1,9.66176796,-159.1834869,490711.2813,23,14,10.80000019,2024/7/28 9:06
1722158217,1722158217,0,1,47.52108765,-168.5830536,493392.8125,19,11,2.799999952,2024/7/28 9:16
1722158817,1722158817,0,1,81.64207458,134.7625427,499784.4375,27,13,2.400000095,2024/7/28 9:26
1722160617,1722160617,0,1,-20.45882607,6.802701473,505333.5,4,0,21.5,2024/7/28 9:56
1722162418,1722162417,0,1,-45.23134995,-170.3813019,511974.4375,19,11,-6.5,2024/7/28 10:26
1722163018,1722163018,0,1,-7.469961643,-179.4411011,494452.8125,25,11,26.79999924,2024/7/28 10:36
1722163618,1722163618,0,1,30.53786087,172.6787415,490735.8438,19,10,-7.800000191,2024/7/28 10:46
1722164218,1722164218,0,1,67.78993225,155.9967041,497554.6875,26,13,5.400000095,2024/7/28 10:56
1722164818,1722164818,0,1,71.48500824,14.94746685,500000.8125,19,12,39.5,2024/7/28 11:06
1722165418,1722165418,0,1,34.53739166,-5.280375004,496202.7188,21,12,41.79999924,2024/7/28 11:16
1722166018,1722166018,0,1,-3.387515068,-13.36009312,499335.75,24,12,18,2024/7/28 11:26
1722166618,1722166618,0,1,-41.15314865,-21.94930077,514340.7813,16,11,19.10000038,2024/7/28 11:36
1722167219,1722167218,0,1,-77.09545135,-52.52750015,526331.625,23,12,-13.89999962,2024/7/28 11:46
1722167819,1722167818,0,1,-61.93535995,173.7080841,520018.3438,27,12,-48.29999924,2024/7/28 11:56
1722168419,1722168418,0,1,-24.61273766,160.4987183,501340.9375,18,12,47.09999847,2024/7/28 12:06
1722169019,1722169018,0,1,13.44132137,152.7950134,490395.6875,21,12,39.29999924,2024/7/28 12:16
1722169619,1722169619,0,1,51.2382164,142.7501678,494228.3438,19,11,19.60000038,2024/7/28 12:26
1722170219,1722170219,0,1,82.58498383,60.33803558,500091.4063,26,11,16.10000038,2024/7/28 12:36
1722170819,1722170819,0,1,51.45166397,-23.52325058,497909.375,25,13,62.90000153,2024/7/28 12:46
1722171419,1722171419,0,1,13.71305847,-33.60283661,496174.8438,21,13,-3.900000095,2024/7/28 12:56
1722172019,1722172019,0,1,-24.21509171,-41.27732468,506615.3125,21,12,-10.30000019,2024/7/28 13:06
1722172619,1722172619,0,1,-61.50777435,-54.29350662,522546.8438,23,12,23.70000076,2024/7/28 13:16
1722173220,1722173219,0,1,-77.46237946,172.8904114,525354.9375,25,11,-55,2024/7/28 13:27
1722173820,1722173819,0,1,-41.57161331,141.2049561,510124.9688,24,9,-15.30000019,2024/7/28 13:37
1722174420,1722174419,0,1,-3.75232172,132.5667114,493486.5,25,11,61.5,2024/7/28 13:47
1722175020,1722175019,0,1,34.29958344,124.4818344,491341.8125,17,10,19.29999924,2024/7/28 13:57
1722175620,1722175620,0,1,71.30109406,104.4674911,498297.6875,27,11,-12.19999981,2024/7/28 14:07
1722176220,1722176220,0,1,67.98233795,-36.65960312,499701.2813,25,14,54.5,2024/7/28 14:17
1722176820,1722176820,0,1,30.78267288,-53.48124695,495883.1563,22,13,-27.39999962,2024/7/28 14:27
1722177420,1722177420,0,1,-7.1609869,-61.3621788,500268.1563,24,13,-0.600000024,2024/7/28 14:37
1722178020,1722178020,0,1,-44.8708725,-70.36686707,515939.9063,18,12,17.5,2024/7/28 14:47
1722178620,1722178620,0,1,-79.9262085,-112.5041275,526671.875,29,13,-38.20000076,2024/7/28 14:57
1722179221,1722179220,0,1,-58.30111694,124.2341537,518529.7188,30,10,-26.10000038,2024/7/28 15:07
1722179821,1722179820,0,1,-20.8507309,112.4138489,499873.6875,25,10,-22.89999962,2024/7/28 15:17
1722180421,1722180420,0,1,17.15442085,104.7727737,490490.4688,20,11,-25.5,2024/7/28 15:27
1722181021,1722181020,0,1,54.93714905,93.88961792,495232.8438,22,11,-37.20000076,2024/7/28 15:37
1722181621,1722181621,0,1,81.73433685,-14.37815475,500358.4688,20,13,30.5,2024/7/28 15:47
1722182221,1722182221,0,1,47.74542236,-72.1984024,497604.7188,26,13,-29.70000076,2024/7/28 15:57
1722182821,1722182821,0,1,9.947313309,-81.62232208,496631.6563,19,13,4.900000095,2024/7/28 16:07
1722183421,1722183421,0,1,-27.95819473,-89.38784027,508263.1563,15,11,1.899999976,2024/7/28 16:17
1722184021,1722184021,0,1,-65.0976181,-104.1993637,523724.7813,25,12,-24.70000076,2024/7/28 16:27
1722184621,1722184621,0,1,-74.29968262,117.1310883,524500.8125,31,12,-32.90000153,2024/7/28 16:37
1722185222,1722185221,0,1,-37.85177994,92.8706131,508202,27,12,-13.30000019,2024/7/28 16:47
1722185822,1722185821,0,1,0.018385001,84.56700897,492733.0625,26,12,-90.59999847,2024/7/28 16:57
1722186422,1722186421,0,1,37.98074341,76.24147034,492074.7188,17,9,-35.79999924,2024/7/28 17:07
1722187622,1722187622,0,1,64.41678619,-87.1704483,499703.1563,29,12,-38,2024/7/28 17:27
1722188222,1722188222,0,1,27.04041672,-101.6273193,495927.6563,16,11,-20.70000076,2024/7/28 17:37
1722188822,1722188822,0,1,-10.9112587,-109.3703003,501537,21,11,-6.900000095,2024/7/28 17:47
1722189422,1722189422,0,1,-48.55493927,-118.9035492,517498.9688,17,10,-10.19999981,2024/7/28 17:57
1722190022,1722190022,0,1,-81.96603394,179.9258881,526602.75,27,11,-47.79999924,2024/7/28 18:07
1722190622,1722190622,0,1,-54.65681458,75.13335419,516606.7813,28,13,33.90000153,2024/7/28 18:17
1722191223,1722191222,0,1,-17.09832382,64.35836029,498120.3125,26,12,-22.89999962,2024/7/28 18:27
1722191823,1722191822,0,1,20.91732025,56.71579361,490402.6875,23,14,-34.5,2024/7/28 18:37
1722193023,1722189749,1417339207,1,79.51769257,-80.76213074,500503.6875,9,0,11,2024/7/28 18:57
1722193623,1722190349,1417339207,1,44.03339005,-120.7125168,497251.7813,15,0,-19,2024/7/28 19:07
1722194223,1722190949,1417339207,1,6.188401699,-129.6294556,497277.3438,13,0,-22.60000038,2024/7/28 19:17
1722194823,1722191549,1417339207,1,-31.68685913,-137.5436554,509989.5,9,0,-10.5,2024/7/28 19:27
1722196023,1722192749,1417339207,1,-70.93249512,64.17211151,523302.4375,13,0,25,2024/7/28 19:47
1722196623,1722193349,1417339207,1,-34.12699127,44.62049103,506068.1875,17,0,32.90000153,2024/7/28 19:57
1722197223,1722193949,1417339207,1,3.787981749,36.56859207,491700.25,14,0,-16.60000038,2024/7/28 20:07
1722199024,1722195750,1417339207,1,60.79087448,-136.9841309,499102.875,5,0,9.899999619,2024/7/28 20:37
1722199624,1722196350,1417339207,1,23.27912331,-149.7324219,495781.5625,11,0,-9.899999619,2024/7/28 20:47
1722200224,1722196950,1417339207,1,-14.67490196,-157.394104,502835.4063,8,0,7.099999905,2024/7/28 20:57
1722201424,1722198150,1417339207,1,-82.55926514,104.6849518,526507.8125,10,0,-21.29999924,2024/7/28 21:17
1722202024,1722198750,1417339207,1,-50.97912216,26.29906845,514816.0313,12,0,37.20000076,2024/7/28 21:27
1722202624,1722199350,1417339207,1,-13.33152866,16.32604599,496528.6875,10,0,19.89999962,2024/7/28 21:37
1722203224,1722199950,1417339207,1,24.6870575,8.629833221,490319.875,9,0,35.59999847,2024/7/28 21:47
1722203824,1722200551,1417339207,1,62.2590332,-4.770645142,496477.8125,11,0,54.20000076,2024/7/28 21:57
1722204424,1722201151,1417339207,1,76.58542633,-139.8769836,500233.3438,9,0,-6.400000095,2024/7/28 22:07
1722205025,1722201751,1417339207,1,40.29270935,-169.1101074,496619.5625,17,0,-10.39999962,2024/7/28 22:17
1722205625,1722202351,1417339207,1,2.407848358,-177.6310272,497825.375,12,0,18,2024/7/28 22:27
1722206225,1722202951,1417339207,1,-35.43126297,174.2427673,511560.7813,12,0,37.90000153,2024/7/28 22:37
1722206825,1722203551,1417339207,1,-72.09255981,153.3051758,525460,12,0,-57.59999847,2024/7/28 22:47
1722207425,1722204151,1417339207,1,-67.42975616,12.802845,522135.2188,16,0,14.89999962,2024/7/28 22:57
1722208025,1722204751,1417339207,1,-30.37509918,-3.569088221,504200.875,15,0,17.89999962,2024/7/28 23:07
1722208625,1722205351,1417339207,1,7.574911594,-11.43523693,491039.7188,10,0,31.29999924,2024/7/28 23:17
1722209225,1722205951,1417339207,1,45.5242424,-20.56405067,493042.375,9,0,61.5,2024/7/28 23:27
1722209825,1722206552,1417339207,1,80.53859711,-66.78935242,499606.3438,7,0,9.5,2024/7/28 23:37
1722210425,1722207152,1417339207,1,57.11876678,173.6650391,498519.8125,19,0,2.099999905,2024/7/28 23:47
1722211026,1722207752,1417339207,1,19.50003624,162.1932526,495681.875,17,0,21.10000038,2024/7/28 23:57
1722211626,1722208352,1417339207,1,-18.45026779,154.5633545,504142.8438,16,0,59.09999847,2024/7/29 0:07
1722212226,1722208952,1417339207,1,-55.92264175,143.4598541,520573.0938,16,0,-22.60000038,2024/7/29 0:17
1722212826,1722209552,1417339207,1,-81.38945007,31.31098747,526218.375,16,0,1.899999976,2024/7/29 0:27
1722213426,1722210152,1417339207,1,-47.27019501,-22.34802246,513017.0938,16,0,18.39999962,2024/7/29 0:37
1722214026,1722210752,1417339207,1,-9.546981812,-31.69292068,495239.0625,13,0,-10.69999981,2024/7/29 0:47
1722215226,1722211952,1417339207,1,65.88323975,-54.84889221,497187.3125,8,0,27.39999962,2024/7/29 1:07
1722215826,1722212553,1417339207,1,73.30795288,165.2637024,500048.2188,15,0,1,2024/7/29 1:17
1722216426,1722213153,1417339207,1,36.53748322,142.5802307,496203.6563,18,0,16.60000038,2024/7/29 1:27
1722217027,1722213753,1417339207,1,-1.377514958,134.3684082,498565.3438,13,0,75.19999695,2024/7/29 1:37
1722217627,1722214353,1417339207,1,-39.17231369,125.9621582,513317.9063,9,0,-31,2024/7/29 1:47
1722218227,1722214953,1417339207,1,-75.42424011,99.52277374,526018.4375,12,0,-10.39999962,2024/7/29 1:57
1722218827,1722215553,1417339207,1,-63.85232925,-37.58252716,520786.875,15,0,15.80000019,2024/7/29 2:07
1722219427,1722216153,1417339207,1,-26.61156082,-51.71385574,502416.6875,19,0,6.199999809,2024/7/29 2:17
1722220027,1722216753,1417339207,1,11.36574173,-59.45029831,490749.625,14,0,-47.70000076,2024/7/29 2:27
1722220627,1722217353,1417339207,1,49.19652939,-69.12041473,493965.875,12,0,-26.29999924,2024/7/29 2:37
1722221227,1722217953,1417339207,1,82.29367828,-137.0116882,500089.9688,14,0,3.299999952,2024/7/29 2:47
1722221827,1722218554,1417339207,1,53.42686462,124.6437073,498280.4063,15,0,0,2024/7/29 2:57
1722222427,1722219154,1417339207,1,15.72638512,114.1438751,496027.2813,11,0,14.30000019,2024/7/29 3:07
1722223027,1722219754,1417339207,1,-22.21123314,106.4998627,505759.8438,13,0,-34.70000076,2024/7/29 3:17
1722223628,1722220354,1417339207,1,-59.57405853,94.24806213,521790.9688,8,0,4.5,2024/7/29 3:27
1722224228,1722220954,1417339207,1,-79.00722504,-33.41164398,525530,14,0,-14.80000019,2024/7/29 3:37
1722224828,1722221554,1417339207,1,-43.55298615,-70.85018158,510941.6875,21,0,19.29999924,2024/7/29 3:47
1722225428,1722222154,1417339207,1,-5.762523174,-79.70197296,493942.1563,16,0,14.19999981,2024/7/29 3:57
1722226028,1722222754,1417339207,1,32.23790741,-87.65933228,491058.1563,11,0,-29.10000038,2024/7/29 4:07
1722226628,1722223354,1417339207,1,69.38731384,-105.6862183,498021.5625,16,0,-30,2024/7/29 4:17
1722227228,1722223954,1417339207,1,69.85913849,112.8150482,500068.5,15,0,-11.19999981,2024/7/29 4:27
1722227828,1722224555,1417339207,1,32.7838974,94.34788513,496258.3125,14,0,-39.40000153,2024/7/29 4:37
1722228428,1722225155,1417339207,1,-5.148711681,86.37104797,499989.6563,9,0,-77.40000153,2024/7/29 4:47
1722229028,1722225755,1417339207,1,-42.88823318,77.60358429,515184.2813,9,0,20.89999962,2024/7/29 4:57
1722229629,1722226355,1417339207,1,-78.48110199,42.38328552,526465.375,7,0,7.699999809,2024/7/29 5:07
1722230229,1722226955,1417339207,1,-60.24474716,-87.30545807,519146.0938,21,0,-9.300000191,2024/7/29 5:17
1722230829,1722227555,1417339207,1,-22.85621452,-99.81360626,500381.25,17,0,-2.400000095,2024/7/29 5:27
1722231429,1722228155,1417339207,1,15.14530849,-107.4736023,490172.6563,14,0,-27.39999962,2024/7/29 5:37
1722232029,1722228755,1417339207,1,52.91184998,-117.862442,494530.125,15,0,-14.10000038,2024/7/29 5:47
1722232629,1722229355,1417339207,1,82.41898346,147.2832947,500249.4063,17,0,3.799999952,2024/7/29 5:57
1722233229,1722229955,1417339207,1,49.71794128,75.86703491,498021.0625,13,0,-38.90000153,2024/7/29 6:07
1722233829,1722230556,1417339207,1,11.95250511,66.1173172,496759.2188,11,0,-76.59999847,2024/7/29 6:17
1722234429,1722231156,1417339207,1,-25.9621067,58.40837097,507687.8438,10,0,2.200000048,2024/7/29 6:27
1722235029,1722231756,1417339207,1,-63.18555832,44.62710571,523239.375,9,0,30.20000076,2024/7/29 6:37
1722235630,1722232356,1417339207,1,-76.02474976,-91.44872284,524827.8125,16,0,-21.70000076,2024/7/29 6:47
1722236230,1722232956,1417339207,1,-39.8372879,-119.2300186,508821.3125,18,0,-12.69999981,2024/7/29 6:57
1722236830,1722233556,1417339207,1,-1.98789835,-127.701004,492592,13,0,-14.10000038,2024/7/29 7:07
1722237430,1722234156,1417339207,1,35.99503708,-135.8814087,491246.25,11,0,-36.90000153,2024/7/29 7:17
1722238030,1722234756,1417339207,1,72.85221863,-157.8935852,498463.75,12,0,-1.700000048,2024/7/29 7:27
1722238630,1722235356,1417339207,1,66.31253815,61.78442383,499830.375,14,0,-7.099999905,2024/7/29 7:37
1722239830,1722235722,1417339207,1,-8.91791153,38.3659935,501280.0625,5,0,12.69999981,2024/7/29 7:57
1722241030,1722237757,1417339207,1,-81.01079559,-20.79520607,526565.5625,11,0,-13.5,2024/7/29 8:17
1722241630,1722238357,1417339207,1,-56.59893417,-136.5845032,517268.75,16,0,-21.10000038,2024/7/29 8:27
1722242231,1722238957,1417339207,1,-19.09043121,-147.8829956,498431.4063,18,0,-2.299999952,2024/7/29 8:37
1722242831,1722239557,1417339207,1,18.9268589,-155.5206757,489823.4688,16,0,13.5,2024/7/29 8:47
1722243431,1722240157,1417339207,1,56.61112213,-166.8486938,495179.1563,15,0,13.10000038,2024/7/29 8:57
1722244030,1722240757,1417339207,1,80.8451767,75.87458038,500380.1875,16,0,6.5,2024/7/29 9:07
1722246430,1722243158,1417339207,1,-66.76455688,-5.611068249,524142.9375,9,0,9.100000381,2024/7/29 9:47
1722247030,1722243758,1417339207,1,-72.73200226,-145.7218628,523697.7188,13,0,-57.90000153,2024/7/29 9:57
1722247630,1722244358,1417339207,1,-36.09473038,-167.5242767,506663.7813,15,0,12.80000019,2024/7/29 10:07
1722248231,1722244958,1417339207,1,1.803456664,-175.7027893,491589.2813,12,0,17.5,2024/7/29 10:17
1722248831,1722245558,1417339207,1,39.75697327,175.8174591,491813.5,8,0,-12.30000019,2024/7/29 10:27
1722249431,1722246158,1417339207,1,76.16139984,147.6442719,499050.4063,8,0,1.700000048,2024/7/29 10:37
1722251233,1722251233,0,1,-12.6962347,-9.652625084,502438.8125,6,0,10.5,2024/7/29 11:07
1722251833,1722251832,0,1,-50.30192947,-19.49134636,518284.0313,16,11,20.70000076,2024/7/29 11:17
1722252433,1722252433,0,1,-82.46618652,-92.70807648,526341.25,25,12,-29.39999962,2024/7/29 11:27
1722253033,1722253033,0,1,-52.91244125,174.4402466,515354.1563,21,12,-24,2024/7/29 11:37
1722253633,1722253633,0,1,-15.30479145,164.0685425,496769,26,12,61.29999924,2024/7/29 11:47
1722254233,1722254233,0,1,22.718256,156.4044647,489916.4375,20,10,21.70000076,2024/7/29 11:57
1722254833,1722254833,0,1,60.29628372,143.8411102,496053.5938,21,11,13.5,2024/7/29 12:07
1722255433,1722255433,0,1,78.22167969,13.14680004,500448.0625,22,12,34.59999847,2024/7/29 12:17
1722256034,1722256033,0,1,42.30942154,-21.16885376,497127.7813,20,13,58.20000076,2024/7/29 12:27
1722256634,1722256633,0,1,4.447865009,-29.89195824,497696.1563,23,13,6.5,2024/7/29 12:37
1722257234,1722257233,0,1,-33.40972519,-37.8963356,510738.4688,18,14,-6.099999905,2024/7/29 12:47
1722257834,1722257833,0,1,-70.29155731,-56.77853394,524814.375,23,11,2.599999905,2024/7/29 12:57
1722258434,1722258434,0,1,-69.27046967,162.1359711,522454.8125,26,12,-55.90000153,2024/7/29 13:07
1722259034,1722259034,0,1,-32.33196259,144.2485046,504755.8438,27,11,13.19999981,2024/7/29 13:17
1722259634,1722259634,0,1,5.604921818,136.2923126,490980.5,25,11,67.09999847,2024/7/29 13:27
1722260234,1722260234,0,1,43.51805115,127.426445,492586.3438,18,9,21.89999962,2024/7/29 13:37
1722260834,1722260834,0,1,79.16558075,89.18919373,499553.7813,26,11,-0.800000012,2024/7/29 13:47
1722261434,1722261434,0,1,59.09350204,-37.92245483,499031.5625,29,12,51.59999847,2024/7/29 13:57
1722262035,1722262034,0,1,21.53159714,-50.03295135,495975.625,23,13,-31.10000038,2024/7/29 14:07
1722262635,1722262634,0,1,-16.41941833,-57.67252731,503550.9375,20,14,7.599999905,2024/7/29 14:17
1722263235,1722263234,0,1,-53.94319534,-68.26985168,519699.0313,20,13,12.10000038,2024/7/29 14:27
1722263835,1722263834,0,1,-82.20064545,-168.6893921,526173.25,27,13,-48.70000076,2024/7/29 14:37
1722264435,1722264435,0,1,-49.20192719,125.6902618,513658.1875,24,9,-24,2024/7/29 14:47
1722265035,1722265035,0,1,-11.51305676,116.0388718,495605.5313,24,11,11.10000038,2024/7/29 14:57
1722265635,1722265635,0,1,26.50606346,108.3005524,490365.9375,10,10,-25.39999962,2024/7/29 15:07
1722266235,1722266235,0,1,63.94854736,94.0877533,496978.9063,25,12,-26.79999924,2024/7/29 15:17
1722266835,1722266835,0,1,75.09618378,-43.72114182,500425.5,24,11,35.5,2024/7/29 15:27
1722267435,1722267435,0,1,38.55641937,-69.52802277,496828.2813,22,12,-39.40000153,2024/7/29 15:37
1722268036,1722268035,0,1,0.660345018,-77.89296722,498443.1563,23,13,26.29999924,2024/7/29 15:47
1722268636,1722268635,0,1,-37.15723801,-86.1362381,512449.7188,15,11,-0.100000001,2024/7/29 15:57
1722269236,1722269235,0,1,-73.65288544,-109.3039398,525561.25,26,13,-31,2024/7/29 16:07
1722269836,1722269836,0,1,-65.72588348,111.2798767,521182.625,28,12,-17.10000038,2024/7/29 16:17
1722270436,1722270436,0,1,-28.57128143,96.07769012,503007.7813,23,12,-36.40000153,2024/7/29 16:27
1722271036,1722271036,0,1,9.396253586,88.28250885,490713.2188,18,11,-71.90000153,2024/7/29 16:37
1722271636,1722271636,0,1,47.25875092,78.92501068,493576.2813,19,10,-47.09999847,2024/7/29 16:47
1722272236,1722272236,0,1,81.51651764,23.82422447,500126.375,27,12,27.39999962,2024/7/29 16:57
1722272836,1722272836,0,1,55.4156189,-87.10935974,498901.25,28,12,-47,2024/7/29 17:07
1722273437,1722273436,0,1,17.76136589,-98.09539795,496242.5625,19,12,-3.5,2024/7/29 17:17
1722274037,1722274036,0,1,-20.18062401,-105.723053,505071.4375,17,9,-3.099999905,2024/7/29 17:27
1722274637,1722274636,0,1,-57.60512924,-117.3117752,521038.1875,17,11,-19.20000076,2024/7/29 17:37
1722275237,1722275236,0,1,-80.36238861,122.0007172,525579.9375,27,12,-34.90000153,2024/7/29 17:47
1722275837,1722275837,0,1,-45.49416351,77.11592102,511571.5938,26,12,25.89999962,2024/7/29 17:57
1722276437,1722276437,0,1,-7.732678413,68.02361298,494286.6875,28,13,-63.70000076,2024/7/29 18:07
1722277037,1722277037,0,1,30.27779579,60.15620804,490681.875,17,14,-15.5,2024/7/29 18:17
1722278237,1722278237,0,1,71.72897339,-97.28195953,500438.625,28,12,-19.20000076,2024/7/29 18:37
1722278837,1722278837,0,1,34.80662537,-117.7984161,496613.5,21,12,-32.20000076,2024/7/29 18:47
1722279438,1722279437,0,1,-3.113848448,-125.8926392,499431.875,20,12,-15.10000038,2024/7/29 18:57
1722280038,1722280037,0,1,-40.8830452,-134.4537048,514121.125,22,9,-13.19999981,2024/7/29 19:07
1722280638,1722280637,0,1,-76.87516785,-164.4018097,525985.5625,25,12,-59.09999847,2024/7/29 19:17
1722281238,1722281237,0,1,-62.13136292,61.25128174,519548.6875,25,12,30.20000076,2024/7/29 19:27
1722281838,1722281838,0,1,-24.81100845,47.95630646,500990.9063,19,13,2.900000095,2024/7/29 19:37
1722282438,1722282438,0,1,13.18271351,40.26199341,490128.4688,21,13,-5.800000191,2024/7/29 19:47
1722284238,1722284238,0,1,51.70756531,-136.0054779,498299.375,6,10,-11.89999962,2024/7/29 20:17
1722284838,1722284838,0,1,13.97734833,-146.1351166,496442.5313,18,13,-7.199999809,2024/7/29 20:27
1722285439,1722285438,0,1,-23.94948578,-153.8045197,506598.375,16,10,1.299999952,2024/7/29 20:37
1722286039,1722286038,0,1,-61.25162125,-166.7130127,522342.7188,24,10,-42.79999924,2024/7/29 20:47
1722286639,1722286638,0,1,-77.67217255,61.05350494,524912.5625,30,12,8.899999619,2024/7/29 20:57
1722287239,1722287238,0,1,-41.76411438,28.67803383,509589.9688,24,13,33.90000153,2024/7/29 21:07
1722287839,1722287839,0,1,-3.941573381,20.01882553,493032.4688,27,14,-12.89999962,2024/7/29 21:17
1722288439,1722288439,0,1,34.05301666,11.95938492,490947.7188,18,12,33.5,2024/7/29 21:27
1722289039,1722289039,0,1,71.07498932,-7.801300049,498144.7813,26,13,55.09999847,2024/7/29 21:37
1722289639,1722289639,0,1,68.21336365,-148.992691,499940.0938,28,11,8.5,2024/7/29 21:47
1722290239,1722290239,0,1,31.0314045,-166.0038452,496155.875,24,12,-8.199999809,2024/7/29 21:57
1722290839,1722290839,0,1,-6.908146858,-173.8977814,500330.0313,20,11,19.79999924,2024/7/29 22:07
1722291440,1722291439,0,1,-44.62106705,177.1263428,515722.9688,20,11,7.300000191,2024/7/29 22:17
1722292040,1722292039,0,1,-79.75350952,135.9498291,526265.5,29,13,-45.90000153,2024/7/29 22:27
1722292640,1722292639,0,1,-58.53820419,11.78771877,517996.1563,26,11,20.20000076,2024/7/29 22:37
1722293240,1722293239,0,1,-21.0261097,-0.129931673,499256.3125,19,11,16.70000076,2024/7/29 22:47
1722293840,1722293840,0,1,16.98441887,-7.775638103,489905.4063,15,10,27.60000038,2024/7/29 22:57
1722294440,1722294440,0,1,54.71260834,-18.59450531,494797.875,21,10,61.59999847,2024/7/29 23:07
1722295040,1722295040,0,1,81.82793427,-125.4979477,500295.7188,24,14,3.299999952,2024/7/29 23:17
1722295640,1722295640,0,1,47.96914673,175.3044281,497666.1563,26,13,-2,2024/7/29 23:27
1722296240,1722296240,0,1,10.17629814,165.8412018,496670.9375,24,11,27.89999962,2024/7/29 23:37
1722296840,1722296840,0,1,-27.72935677,158.079361,508117.3125,26,13,37.09999847,2024/7/29 23:47
1722297441,1722297440,0,1,-64.8787384,143.3861084,523469.0625,29,13,-44.70000076,2024/7/29 23:57
1722298041,1722298040,0,1,-74.49443817,4.983224869,524096.8125,25,11,12.30000019,2024/7/30 0:07
1722298641,1722298640,0,1,-38.07004547,-19.64537621,507717.5625,23,11,20.10000038,2024/7/30 0:17
1722299241,1722299241,0,1,-0.133606672,-27.98322868,492087.375,23,11,5.900000095,2024/7/30 0:27
1722299841,1722299841,0,1,37.83519363,-36.30181122,491489.1875,20,9,41,2024/7/30 0:37
1722300441,1722300441,0,1,74.49623108,-60.97868729,498706.8125,25,12,17.39999962,2024/7/30 0:47
1722301041,1722301041,0,1,64.6098938,160.4114227,499525.6875,25,11,10.60000038,2024/7/30 0:57
1722301641,1722301641,0,1,27.24225044,145.8400574,495862.75,22,13,34.20000076,2024/7/30 1:07
1722302241,1722302241,0,1,-10.70835495,138.0881805,501408.5938,21,12,64.5,2024/7/30 1:17
1722302841,1722302841,0,1,-48.35518646,128.583313,517353.9375,26,13,-23.29999924,2024/7/30 1:27
1722303442,1722303441,0,1,-81.88275146,68.65919495,526347.3125,27,12,1.700000048,2024/7/30 1:37
1722304042,1722304041,0,1,-54.85007858,-37.35046768,516348.625,22,11,21,2024/7/30 1:47
1722304642,1722304641,0,1,-17.23025322,-48.19212341,497746.375,19,10,-12.89999962,2024/7/30 1:57
1722305242,1722305242,0,1,20.78881264,-55.83679581,490058.2188,21,11,-43.70000076,2024/7/30 2:07
1722305842,1722305842,0,1,58.42194366,-67.7270813,495790.2813,21,11,-21.10000038,2024/7/30 2:17
1722306442,1722306442,0,1,79.64884186,167.4233246,500524.7813,29,12,0.800000012,2024/7/30 2:27
1722307042,1722307042,0,1,44.22136688,126.7690506,497363.3438,26,13,17.29999924,2024/7/30 2:37
1722307642,1722307642,0,1,6.380255222,117.8283539,497249.9375,23,13,51.70000076,2024/7/30 2:47
1722308242,1722308242,0,1,-31.49643898,109.9228363,509774,21,11,-39.59999847,2024/7/30 2:57
1722308843,1722308842,0,1,-68.44930267,92.76161957,524220.5313,25,13,8.100000381,2024/7/30 3:07
1722309443,1722309442,0,1,-71.10192871,-48.16888809,522890.4375,27,11,-1.100000024,2024/7/30 3:17
1722310043,1722310042,0,1,-34.30586624,-67.91163635,505660.2813,20,9,21.70000076,2024/7/30 3:27
1722310643,1722310642,0,1,3.675494909,-75.98706055,491286.8438,22,12,26.10000038,2024/7/30 3:37
1722311243,1722311243,0,1,41.60980988,-84.64309692,492286.625,19,9,-34.59999847,2024/7/30 3:47
1722311843,1722311843,0,1,77.69404602,-117.1191711,499417.1875,31,13,-3.700000048,2024/7/30 3:57
1722312443,1722312443,0,1,60.96063232,110.5436096,499458.375,31,12,-26.5,2024/7/30 4:07
1722313043,1722313043,0,1,23.45820427,97.72862244,496174.5313,17,11,-43.09999847,2024/7/30 4:17
1722313643,1722313643,0,1,-14.49209309,90.06591034,503067.9375,23,11,-59,2024/7/30 4:27
1722314243,1722314243,0,1,-52.05957413,79.88803101,518981.8125,19,10,28.10000038,2024/7/30 4:37
1722314844,1722314843,0,1,-82.57499695,-6.476343155,526188.9375,29,12,-11.10000038,2024/7/30 4:47
1722315444,1722315443,0,1,-51.15446854,-86.21101379,514359.2813,24,12,-1.5,2024/7/30 4:57
1722316044,1722316043,0,1,-13.50398159,-96.21601105,496003.8438,22,12,-8.300000191,2024/7/30 5:07
1722316644,1722316643,0,1,24.5838623,-103.9216309,489937.2813,16,13,-18.5,2024/7/30 5:17
1722317244,1722317244,0,1,62.10135651,-117.2316132,496430.3438,23,12,-21.5,2024/7/30 5:27
1722317844,1722317844,0,1,76.72512817,107.9476852,500511.75,28,12,-4,2024/7/30 5:37
1722318444,1722318444,0,1,40.46263504,78.35986328,497189.9688,20,11,-43.09999847,2024/7/30 5:47
1722319044,1722319044,0,1,2.58545661,69.82649994,498391.5,23,11,-92,2024/7/30 5:57
1722319644,1722319644,0,1,-35.2504921,61.71506119,511794.6875,16,10,22.5,2024/7/30 6:07
1722320244,1722320244,0,1,-71.92746735,40.99629593,525245.8125,23,10,25,2024/7/30 6:17
1722320845,1722320844,0,1,-67.60024261,-99.61125183,521695.375,28,12,-25.20000076,2024/7/30 6:27
1722321445,1722321444,0,1,-30.54807091,-116.1061401,503537.7813,22,11,-9.899999619,2024/7/30 6:37
1722322045,1722322044,0,1,7.409033298,-123.9783401,490404.9063,24,14,-32,2024/7/30 6:47
1722322645,1722322644,0,1,45.36649323,-133.0844421,492722.3438,21,12,-27.10000038,2024/7/30 6:57
1722323245,1722323245,0,1,80.44123077,-178.5922852,499731.8438,29,13,4,2024/7/30 7:07
1722323845,1722323845,0,1,57.27857971,61.16822052,499119.3125,26,10,-10,2024/7/30 7:17
1722324445,1722324445,0,1,19.67132378,49.65217972,496429.2188,20,11,-29.79999924,2024/7/30 7:27
1722325045,1722325045,0,1,-18.27186775,42.02440643,504633.2813,21,11,-13.10000038,2024/7/30 7:37
1722325645,1722325645,0,1,-55.74589157,30.97175407,520500.2813,21,11,34.79999924,2024/7/30 7:47
1722326245,1722326245,0,1,-81.48065186,-80.22023773,525766.125,27,12,-27.89999962,2024/7/30 7:57
1722326846,1722326845,0,1,-47.4403038,-134.867569,512256.0625,23,12,-16.29999924,2024/7/30 8:07
1722327446,1722327445,0,1,-9.71008873,-144.2374725,494361.375,28,14,-0.899999976,2024/7/30 8:17
1722328046,1722328045,0,1,28.31188583,-152.0323029,489965.3438,22,12,-11.80000019,2024/7/30 8:27
1722328646,1722328645,0,1,65.74034119,-167.2979126,497036.0625,24,12,4.599999905,2024/7/30 8:37
1722329246,1722329246,0,1,73.44372559,52.9390831,500413.0938,29,12,1.299999952,2024/7/30 8:47
1722332246,1722332246,0,1,-64.0111084,-150.0354767,520104,19,13,-42.90000153,2024/7/30 9:37
1722332847,1722332846,0,1,-26.76791954,-164.2536163,501461.75,24,12,12.39999962,2024/7/30 9:47
1722333447,1722333446,0,1,11.21899796,-171.9962921,489812.375,25,13,10.5,2024/7/30 9:57
1722334047,1722334046,0,1,49.05939484,178.3551788,493422.2188,21,11,0.300000012,2024/7/30 10:07
1722334647,1722334646,0,1,82.25415802,111.397995,500093.5313,25,14,4.800000191,2024/7/30 10:17
1722336447,1722336447,0,1,-22.05970573,-6.044741631,506012.625,16,12,13.30000019,2024/7/30 10:47
1722337047,1722337047,0,1,-59.42460632,-18.24669075,521646.875,22,11,20.89999962,2024/7/30 10:57
1722337647,1722337647,0,1,-79.11546326,-145.4280243,525013.5625,27,12,-50.09999847,2024/7/30 11:07
1722338247,1722338247,0,1,-43.69439316,176.6209717,510143.2188,26,11,12.5,2024/7/30 11:17
1722338848,1722338847,0,1,-5.896940231,167.7486267,493062.9375,27,12,44.09999847,2024/7/30 11:27
1722339448,1722339447,0,1,32.11174011,159.7936707,490395.375,24,9,1.700000048,2024/7/30 11:37
1722340048,1722340047,0,1,69.33078766,141.7935181,497819.0625,25,12,0,2024/7/30 11:47
1722340648,1722340648,0,1,69.97221375,0.393238336,500238.2813,19,12,48.5,2024/7/30 11:57
1722341248,1722341248,0,1,32.91001511,-18.19382286,496535.3438,19,11,44.59999847,2024/7/30 12:07
1722341848,1722341848,0,1,-5.018176556,-26.18024445,500052.125,19,14,-2.099999905,2024/7/30 12:17
1722342448,1722342448,0,1,-42.75862503,-34.93724823,514939.8125,17,12,-1.899999976,2024/7/30 12:27
1722343048,1722343048,0,1,-78.38141632,-69.79514313,525904.8125,28,12,-19,2024/7/30 12:37
1722343648,1722343648,0,1,-60.35994339,160.1960754,518448.9688,30,11,-35.20000076,2024/7/30 12:47
1722344249,1722344248,0,1,-22.96852493,147.636261,499662.1875,23,10,49.70000076,2024/7/30 12:57
1722344849,1722344848,0,1,15.03864002,139.9708862,489615.625,27,11,52.40000153,2024/7/30 13:07
1722345449,1722345448,0,1,52.80993652,129.5990295,494295.125,23,12,10.80000019,2024/7/30 13:17
1722346049,1722346048,0,1,82.42302704,35.01241302,500302.5938,25,12,20.70000076,2024/7/30 13:27
1722346649,1722346649,0,1,49.82055283,-36.66481781,498100.25,25,11,51.5,2024/7/30 13:37
1722347249,1722347249,0,1,12.05915642,-46.43605804,496734.2188,20,14,-33.29999924,2024/7/30 13:47
1722347849,1722347849,0,1,-25.85639954,-54.14442062,507419.9063,14,11,4.800000191,2024/7/30 13:57
1722348449,1722348449,0,1,-63.08642578,-67.8819046,522770.25,22,14,10.5,2024/7/30 14:07
1722349049,1722349049,0,1,-76.10566711,156.2089233,524311.625,32,13,-56.5,2024/7/30 14:17
1722349649,1722349649,0,1,-39.92870331,128.2233734,508381.75,25,10,-28.79999924,2024/7/30 14:27
1722350250,1722350249,0,1,-2.076798439,119.7414093,492234.7188,25,12,62.5,2024/7/30 14:37
1722350850,1722350849,0,1,35.90829468,111.5653687,491134.0313,26,11,-24,2024/7/30 14:47
1722351450,1722351449,0,1,72.77288818,89.66366577,498536.4375,24,12,-11.39999962,2024/7/30 14:57
1722352050,1722352049,0,1,66.39716339,-50.71182251,499948.9688,15,12,32.90000153,2024/7/30 15:07
1722352650,1722352650,0,1,29.11648178,-66.37753296,496323.8438,20,13,-47.09999847,2024/7/30 15:17
1722353250,1722353250,0,1,-8.826725006,-74.18992615,501093.75,18,15,19.79999924,2024/7/30 15:27
1722353850,1722353850,0,1,-46.50641251,-83.4132843,516567.5938,17,12,3.900000095,2024/7/30 15:37
1722354450,1722354450,0,1,-80.96322632,-132.9094849,526162.0625,29,12,-43.29999924,2024/7/30 15:47
1722355050,1722355050,0,1,-56.6786232,110.8792114,516874,28,12,-13.39999962,2024/7/30 15:57
1722355650,1722355650,0,1,-19.16876411,99.55826569,498214.75,25,10,-46,2024/7/30 16:07
1722356251,1722356250,0,1,18.84994507,91.92142487,489814.25,23,11,-59.59999847,2024/7/30 16:17
1722356851,1722356850,0,1,56.53542709,80.61820984,495353.25,15,11,-34.70000076,2024/7/30 16:27
1722357451,1722357450,0,1,80.89413452,-36.28907013,500625.7188,27,12,34.59999847,2024/7/30 16:37
1722358051,1722358050,0,1,46.0756073,-85.27552795,497895.75,22,12,-35.70000076,2024/7/30 16:47
1722358651,1722358651,0,1,8.260638237,-94.45456696,497298.9688,19,12,-4.400000095,2024/7/30 16:57
1722359251,1722359251,0,1,-29.62874794,-102.2787018,509094.4688,15,10,-5.099999905,2024/7/30 17:07
1722359851,1722359851,0,1,-66.68665314,-118.1029739,523778.2188,22,11,-33.79999924,2024/7/30 17:17
1722360451,1722360451,0,1,-72.80469513,101.8156815,523213.1563,29,13,-11,2024/7/30 17:27
1722361051,1722361051,0,1,-36.16929626,79.91875458,506292.5625,26,12,6.599999905,2024/7/30 17:37
1722361651,1722361651,0,1,1.731451631,71.73696136,491466.4688,25,12,-96.19999695,2024/7/30 17:47
1722362252,1722362251,0,1,39.68660355,63.26562119,491828.7813,15,11,-34.29999924,2024/7/30 17:57
1722364052,1722364051,0,1,25.33302879,-114.5099716,496349,18,11,-41.79999924,2024/7/30 18:27
1722364652,1722364652,0,1,-12.61553001,-122.2090454,502372.5938,21,12,-8.699999809,2024/7/30 18:37
1722365252,1722365252,0,1,-50.22372818,-132.0309753,518072.4688,20,9,-17.20000076,2024/7/30 18:47
1722365852,1722365852,0,1,-82.45485687,155.3045959,525972,22,13,-39.40000153,2024/7/30 18:57
1722366452,1722366452,0,1,-52.9842453,61.89409256,514884.125,21,12,36.40000153,2024/7/30 19:07
1722367052,1722367052,0,1,-15.37356186,51.50857162,496461.5,21,13,-19.79999924,2024/7/30 19:17
1722367652,1722367652,0,1,22.65266037,43.84648514,489695.1563,19,11,-0.100000001,2024/7/30 19:27
1722368853,1722368852,0,1,78.27368164,-99.22379303,500621.25,28,14,-2.299999952,2024/7/30 19:47
1722369453,1722369452,0,1,42.31464767,-133.7416687,497418.6875,24,9,-31.29999924,2024/7/30 19:57
1722370053,1722370053,0,1,4.455756664,-142.4636536,497865.6875,20,11,0.200000003,2024/7/30 20:07
1722370653,1722370653,0,1,-33.40058136,-150.4667053,510726.2188,18,9,-2.599999905,2024/7/30 20:17
1722371253,1722371253,0,1,-70.22579956,-169.264679,524621,28,12,-64,2024/7/30 20:27
1722371853,1722371853,0,1,-69.33403015,49.63677979,521968.3125,24,11,27.10000038,2024/7/30 20:37
1722372453,1722372453,0,1,-32.39476395,31.69153786,504237.9688,22,14,23.70000076,2024/7/30 20:47
1722373053,1722373053,0,1,5.546784878,23.73152351,490561.5625,23,14,-7.800000191,2024/7/30 20:57
1722373653,1722373653,0,1,43.46430206,14.87102795,492285,20,11,42.70000076,2024/7/30 21:07
1722374254,1722374253,0,1,79.12631226,-23.18997574,499508.0313,26,12,29.60000038,2024/7/30 21:17
1722374854,1722374853,0,1,59.14606094,-150.4614258,499235.375,30,12,11.39999962,2024/7/30 21:27
1722375454,1722375453,0,1,21.52557373,-162.6056671,496144.875,22,11,8,2024/7/30 21:37
1722376054,1722376054,0,1,-16.42315292,-170.2463684,503594.25,18,12,28.10000038,2024/7/30 21:47
1722376654,1722376654,0,1,-53.9467392,179.1530151,519535.1563,22,10,-30.60000038,2024/7/30 21:57
1722377254,1722377254,0,1,-82.21540833,79.13970184,525682.9375,26,13,-1.700000048,2024/7/30 22:07
1722377854,1722377854,0,1,-49.25109482,13.14093685,513028.9063,24,11,27.79999924,2024/7/30 22:17
1722378454,1722378454,0,1,-11.55696201,3.478021622,494991.2813,23,11,11,2024/7/30 22:27
1722379054,1722379054,0,1,26.46764374,-4.26221323,489841.5625,21,10,32.29999924,2024/7/30 22:37
1722379655,1722379654,0,1,63.91440964,-18.4637146,496642,20,12,66.40000153,2024/7/30 22:47
1722380255,1722380254,0,1,75.12324524,-156.2098541,500398.1563,25,13,-3.900000095,2024/7/30 22:57
1722380855,1722380854,0,1,38.58992004,177.9147491,496842.7188,26,13,-12.5,2024/7/30 23:07
1722381455,1722381454,0,1,0.632184982,169.5313568,498457.625,23,12,31.70000076,2024/7/30 23:17
1722382055,1722382055,0,1,-37.1844902,161.2825317,512345.5,24,11,13.89999962,2024/7/30 23:27
1722382655,1722382655,0,1,-73.67683411,138.0615082,525285.75,30,12,-48.70000076,2024/7/30 23:37
1722383255,1722383255,0,1,-65.75269318,-1.253451705,520692.125,27,11,11.80000019,2024/7/30 23:47
1722383855,1722383855,0,1,-28.5952034,-16.48159218,502392.8438,25,12,11.69999981,2024/7/30 23:57
1722384455,1722384455,0,1,9.37784481,-24.28159332,490058.7188,21,11,12.89999962,2024/7/31 0:07
1722385055,1722385055,0,1,47.24549866,-33.64215851,493008.5313,17,11,54.59999847,2024/7/31 0:17
1722385656,1722385655,0,1,81.50863647,-88.70333099,499806.25,23,11,12.89999962,2024/7/31 0:27
1722386256,1722386255,0,1,55.42147827,160.3317413,498649.0938,30,12,21.20000076,2024/7/31 0:37
1722386856,1722386855,0,1,17.76704407,149.3390808,496115.3438,24,14,40.29999924,2024/7/31 0:47
1722387456,1722387455,0,1,-20.23795509,141.6947327,504978.125,22,13,44.79999924,2024/7/31 0:57
1722388056,1722388056,0,1,-57.66062164,130.0831299,520919.2188,25,13,-28,2024/7/31 1:07
1722388656,1722388656,0,1,-80.36087036,9.465483665,525277.6875,29,12,-4.5,2024/7/31 1:17
1722389256,1722389256,0,1,-45.49356842,-35.44589996,511203.7813,24,9,-2,2024/7/31 1:27
1722389856,1722389856,0,1,-7.728546619,-44.54223633,493829.9063,23,11,-23.39999962,2024/7/31 1:37
1722390456,1722390456,0,1,30.28552246,-52.41277695,490341.75,17,10,-25.39999962,2024/7/31 1:47
1722391056,1722391056,0,1,67.55255127,-68.91275787,497542.5625,26,11,-3.400000095,2024/7/31 1:57
1722391657,1722391656,0,1,71.7181778,150.1391449,500353.2188,28,13,0.600000024,2024/7/31 2:07
1722392257,1722392256,0,1,34.79562759,129.6324768,496569.5625,22,13,29.89999962,2024/7/31 2:17
1722392857,1722392856,0,1,-3.124596596,121.5382614,499316.6563,20,14,63,2024/7/31 2:27
1722393457,1722393456,0,1,-40.95692062,112.9571991,513963.0938,18,11,-32.79999924,2024/7/31 2:37
1722394057,1722394057,0,1,-76.93849182,82.83085632,525569.25,28,13,2.5,2024/7/31 2:47
1722394657,1722394657,0,1,-62.11314011,-51.32563019,519072.0938,27,10,20.29999924,2024/7/31 2:57
1722395257,1722395257,0,1,-24.78744316,-64.61365509,500504,18,10,28.10000038,2024/7/31 3:07
1722395857,1722395857,0,1,13.21040344,-72.30825806,489812.625,17,11,-25.70000076,2024/7/31 3:17
1722396457,1722396457,0,1,51.01535797,-82.30919647,494024.8125,18,12,-41.29999924,2024/7/31 3:27
1722397057,1722397057,0,1,82.57962036,-163.0316315,500335.1875,25,13,4.300000191,2024/7/31 3:37
1722397658,1722397657,0,1,51.68106079,111.418251,498534.4375,26,13,-26.29999924,2024/7/31 3:47
1722398258,1722398257,0,1,13.95345879,101.2950592,496692.0313,12,13,-28.89999962,2024/7/31 3:57
1722398858,1722398857,0,1,-23.97109413,93.62691498,506725.9688,18,11,-43.20000076,2024/7/31 4:07
1722399458,1722399457,0,1,-61.33367157,80.67337799,522141.7813,22,12,22.60000038,2024/7/31 4:17
1722400058,1722400058,0,1,-77.60353851,-51.77078629,524477.625,25,12,-14.69999981,2024/7/31 4:27
1722400658,1722400658,0,1,-41.73448181,-83.89631653,509005.3438,24,12,3.799999952,2024/7/31 4:37
1722401258,1722401258,0,1,-3.905146599,-92.55123901,492473.2188,19,12,-11.80000019,2024/7/31 4:47
1722401858,1722401858,0,1,34.09392166,-100.6114044,490678.7188,17,9,-28.89999962,2024/7/31 4:57
1722402458,1722402458,0,1,71.11479187,-120.4095764,498211.3125,26,11,-14.5,2024/7/31 5:07
1722403058,1722403058,0,1,68.17695618,98.39718628,500252.7813,27,12,-16,2024/7/31 5:17
1722403659,1722403658,0,1,30.99672318,81.42279053,496612.4375,21,12,-24.70000076,2024/7/31 5:27
1722404259,1722404258,0,1,-6.93765831,73.53346252,500827.7188,20,11,-80.80000305,2024/7/31 5:37
1722404859,1722404858,0,1,-44.70896912,64.53740692,515902.7188,17,8,31.39999962,2024/7/31 5:47
1722405459,1722405459,0,1,-79.81663513,23.030159,526003.8125,22,10,2.400000095,2024/7/31 5:57
1722406059,1722406059,0,1,-58.44879913,-100.8310699,517397.7813,24,12,-15.19999981,2024/7/31 6:07
1722406659,1722406659,0,1,-20.98921776,-112.7020111,498505.9375,22,11,-2.799999952,2024/7/31 6:17
1722407259,1722407259,0,1,17.02923393,-120.3462143,489330,22,14,-46,2024/7/31 6:27
1722407859,1722407859,0,1,54.76141739,-131.174118,494596.1563,21,12,-6.699999809,2024/7/31 6:37
1722408459,1722408459,0,1,81.81021118,121.6138535,500491.7188,29,12,3.200000048,2024/7/31 6:47
1722409059,1722409059,0,1,47.92586899,62.72289658,498239.5625,22,10,-30.60000038,2024/7/31 6:57
1722409660,1722409659,0,1,10.13930035,53.27024078,497355.5313,19,10,-47.59999847,2024/7/31 7:07
1722410260,1722410259,0,1,-27.76004982,45.51024628,508515.9375,15,10,11.60000038,2024/7/31 7:17
1722410860,1722410859,0,1,-64.9669342,30.7562561,523323.75,22,12,21.39999962,2024/7/31 7:27
1722411460,1722411459,0,1,-74.41220856,-107.7674484,523491.9063,25,13,-28.60000038,2024/7/31 7:37
1722412060,1722412060,0,1,-37.96731186,-132.2394409,506778.6563,20,11,-11.89999962,2024/7/31 7:47
1722412660,1722412660,0,1,-0.082884997,-140.5558624,491212.0625,21,14,1.5,2024/7/31 7:57
1722413260,1722413260,0,1,37.89310837,-148.878418,491033.375,14,12,-22.60000038,2024/7/31 8:07
1722413860,1722413860,0,1,74.54971313,-173.6501923,498734.8438,28,12,2.200000048,2024/7/31 8:17
1722414460,1722414460,0,1,64.55550385,47.80472183,500003.875,23,11,7.400000095,2024/7/31 8:27
1722419261,1722419261,128849018,1,58.4943428,179.6718903,495422.0625,9,0,1.200000048,2024/7/31 9:47
1722419861,1722419861,0,1,79.59588623,54.56224823,500658.8125,25,12,10.10000038,2024/7/31 9:57
1722421662,1722421661,0,1,-31.55456924,-2.654963255,510047.875,17,10,18.60000038,2024/7/31 10:27
1722422262,1722422261,0,1,-68.50201416,-19.86494827,524057.625,18,11,4.800000191,2024/7/31 10:37
1722422862,1722422861,0,1,-70.9871521,-160.8851166,522244.5625,24,13,-62.5,2024/7/31 10:47
1722423462,1722423462,0,1,-34.17363358,179.4939423,504645.75,22,11,38.70000076,2024/7/31 10:57
1722424062,1722424062,0,1,3.755228281,171.4355774,490402.125,23,12,26.89999962,2024/7/31 11:07
1722424662,1722424662,0,1,41.69573593,162.767334,491761.5625,19,10,-4.300000191,2024/7/31 11:17
1722425262,1722425262,0,1,77.76346588,130.046936,499371.25,26,13,0.5,2024/7/31 11:27
1722425862,1722425862,0,1,60.87533951,-2.065743446,499669.5,24,13,51.09999847,2024/7/31 11:37
1722426462,1722426462,0,1,23.374897,-14.85009003,496449.1563,21,11,38.5,2024/7/31 11:47
1722427063,1722427062,0,1,-14.57171535,-22.51369476,503158.3438,21,12,-3.400000095,2024/7/31 11:57
1722427663,1722427662,0,1,-52.13715363,-32.71191025,518735.7813,18,11,14.89999962,2024/7/31 12:07
1722428263,1722428262,0,1,-82.56586456,-119.6920471,525548.25,27,12,-37.70000076,2024/7/31 12:17
1722428863,1722428862,0,1,-51.00174332,161.1697693,513474.9688,29,12,-13.30000019,2024/7/31 12:27
1722429463,1722429463,0,1,-13.3401947,151.1893616,495156.0625,23,12,64,2024/7/31 12:37
1722430063,1722430063,0,1,24.6900959,143.4908295,489456.75,19,11,30.39999962,2024/7/31 12:47
1722430663,1722430663,0,1,62.20542908,130.1269073,496336.0313,24,11,-5.099999905,2024/7/31 12:57
1722431263,1722431263,0,1,76.6333313,-4.869161606,500625.9063,23,13,41.90000153,2024/7/31 13:07
1722431863,1722431863,0,1,40.35765457,-34.22913742,497286.2188,17,10,48.59999847,2024/7/31 13:17
1722432463,1722432463,0,1,2.48142004,-42.75530243,498333.6875,22,13,-23.79999924,2024/7/31 13:27
1722433064,1722433063,0,1,-35.35454178,-50.87578964,511525.25,16,12,2.200000048,2024/7/31 13:37
1722433664,1722433663,0,1,-72.02553558,-71.72714233,524707.1875,26,13,-1.399999976,2024/7/31 13:47
1722434264,1722434263,0,1,-67.49075317,147.7239838,521028.9375,29,13,-49.59999847,2024/7/31 13:57
1722434864,1722434863,0,1,-30.36384583,131.2897491,502930.1875,26,11,-9.800000191,2024/7/31 14:07
1722435464,1722435464,0,1,7.598484993,123.4230118,490028.9375,25,12,68.19999695,2024/7/31 14:17
1722436064,1722436064,0,1,45.49167252,114.311203,492722.5313,21,10,-17.20000076,2024/7/31 14:27
1722436664,1722436664,0,1,80.51886749,68.24200439,499877.6875,25,12,6.400000095,2024/7/31 14:37
1722437264,1722437264,0,1,57.1582222,-51.45415115,499217.8125,21,12,22.39999962,2024/7/31 14:47
1722437864,1722437864,0,1,19.5492382,-62.93402481,496448.9063,18,14,-61.5,2024/7/31 14:57
1722438464,1722438464,0,1,-18.39463425,-70.561409,504418.5938,19,15,28.79999924,2024/7/31 15:07
1722439065,1722439064,0,1,-55.86861801,-81.64718628,520131.4375,21,13,-1.100000024,2024/7/31 15:17
1722439665,1722439664,0,1,-81.41645813,166.4482422,525237.5625,28,13,-48.40000153,2024/7/31 15:27
1722440265,1722440264,0,1,-47.24451065,112.5021667,511719.4688,28,11,-21.60000038,2024/7/31 15:37
1722440865,1722440865,0,1,-9.507358551,103.1616058,494089.375,27,10,-13.89999962,2024/7/31 15:47
1722443265,1722443265,0,1,36.56579971,-82.54930115,497110.9063,20,11,-32.29999924,2024/7/31 16:27
1722443865,1722443865,0,1,-1.339786649,-90.76000977,499209.375,18,11,-7,2024/7/31 16:37
1722444465,1722444465,0,1,-39.13142014,-99.16030884,513204.7188,16,10,-6.5,2024/7/31 16:47
1722445066,1722445065,0,1,-75.39313507,-125.5262222,525248.125,23,12,-38.09999847,2024/7/31 16:57
1722445666,1722445665,0,1,-63.87884521,97.29572296,519516.4688,25,12,-0.100000001,2024/7/31 17:07
1722446266,1722446265,0,1,-26.56155205,83.13732147,501052.7188,23,11,-24.20000076,2024/7/31 17:17
1722446866,1722446866,0,1,11.42868328,75.40207672,489813.5625,25,12,-93.19999695,2024/7/31 17:27
1722448066,1722448066,0,1,82.29624939,-2.172563314,500454.375,24,12,29.89999962,2024/7/31 17:47
1722448666,1722448666,0,1,53.43035507,-100.4907761,499060.2813,27,11,-29.5,2024/7/31 17:57
1722449266,1722449266,0,1,15.73913002,-110.9889908,496750,16,11,-34.29999924,2024/7/31 18:07
1722449866,1722449866,0,1,-22.19246292,-118.6317596,505916.4688,21,11,-5.199999809,2024/7/31 18:17
1722450467,1722450466,0,1,-59.55640411,-130.8773346,521311.5313,19,10,-26.5,2024/7/31 18:27
1722451067,1722451066,0,1,-79.01504517,101.4887695,524431,24,11,-15.5,2024/7/31 18:37
1722451667,1722451666,0,1,-43.55053329,64.01295471,509574.5,21,12,30.79999924,2024/7/31 18:47
1722452267,1722452266,0,1,-5.746551514,55.15943527,492807.7188,22,14,-42.5,2024/7/31 18:57
1722454067,1722454067,0,1,69.83712769,-112.3415298,500595.3438,30,13,-20.10000038,2024/7/31 19:27
1722454667,1722454667,0,1,32.76821518,-130.7898712,496847.9063,19,10,-39.59999847,2024/7/31 19:37
1722455267,1722455267,0,1,-5.158551693,-138.7669067,500156.25,17,11,-0.400000006,2024/7/31 19:47
1722455867,1722455867,0,1,-42.8973732,-147.5379791,514811.9688,16,10,-10.89999962,2024/7/31 19:57
1722456468,1722456467,0,1,-78.49147797,177.1830597,525525.625,24,12,-54.09999847,2024/7/31 20:07
1722457068,1722457067,0,1,-60.21701431,47.54785156,517798.5,24,13,33.29999924,2024/7/31 20:17
1722457668,1722457667,0,1,-22.81473732,35.04393387,499128.5,23,13,4.900000095,2024/7/31 20:27
1722458268,1722458267,0,1,15.26053524,27.36750984,489334.4063,22,13,6.599999905,2024/7/31 20:37
1722459468,1722459468,0,1,82.3889389,-78.72515869,500530.75,30,11,17.60000038,2024/7/31 20:57
1722460068,1722460068,0,1,49.66840363,-149.2804413,498427.2813,26,11,-1.600000024,2024/7/31 21:07
1722460668,1722460668,0,1,11.90808487,-159.0248566,496918.4063,24,12,7.599999905,2024/7/31 21:17
1722461268,1722461268,0,1,-26.00526428,-166.7375183,507402.3125,24,9,16.70000076,2024/7/31 21:27
1722461868,1722461868,0,1,-63.23097229,179.4514465,522481.4375,24,13,-50,2024/7/31 21:37
1722462469,1722462468,0,1,-75.97305298,43.29997635,523611.375,28,12,12.69999981,2024/7/31 21:47
1722463069,1722463068,0,1,-39.76660156,15.62100029,507583.9375,22,12,27.5,2024/7/31 21:57
1722463669,1722463668,0,1,-1.906208277,7.151591778,491696.2813,21,12,12.5,2024/7/31 22:07
1722464269,1722464268,0,1,36.14462662,-1.055441618,490831.6875,18,11,46.70000076,2024/7/31 22:17
1722464869,1722464869,0,1,72.9866333,-23.27296829,498523.0313,27,13,49.79999924,2024/7/31 22:27
1722465469,1722465469,0,1,66.2310791,-163.4115143,500103,29,12,4.599999905,2024/7/31 22:37
1722466069,1722466069,0,1,28.94512367,-178.9726105,496409.25,24,14,-2.900000095,2024/7/31 22:47
1722466669,1722466669,0,1,-8.997115135,173.2189026,501086.3125,26,13,41.20000076,2024/7/31 22:57
1722467269,1722467269,0,1,-46.67453766,163.9679108,516373.2813,27,10,-5.699999809,2024/7/31 23:07
1722467869,1722467869,0,1,-81.05809784,113.5863037,525649.75,29,11,-27.70000076,2024/7/31 23:17
1722468470,1722468469,0,1,-56.50169754,-1.758011699,516137.125,26,12,24.10000038,2024/7/31 23:27
1722469070,1722469069,0,1,-18.98086166,-13.03367329,497482.0313,20,11,9.699999809,2024/7/31 23:37
1722469670,1722469669,0,1,19.04346466,-20.67419815,489275.125,19,11,26.5,2024/7/31 23:47
1722470270,1722470269,0,1,56.78878403,-32.07014847,495070.7813,20,11,61.70000076,2024/7/31 23:57
1722470870,1722470870,0,1,80.73670197,-150.1714172,500555.5,25,12,0.800000012,2024/8/1 0:07
1722471470,1722471470,0,1,45.87906265,162.1080627,497800.0625,27,13,2.700000048,2024/8/1 0:17
1722472070,1722472070,0,1,8.062045097,152.9519958,497211,29,13,48.79999924,2024/8/1 0:27
1722472670,1722472670,0,1,-29.82620239,145.1165314,508974.625,28,13,22.89999962,2024/8/1 0:37
1722473270,1722473270,0,1,-66.87465668,129.1521606,523493.5625,28,12,-37.40000153,2024/8/1 0:47
1722473870,1722473870,0,1,-72.61846161,-11.03525352,522672.0938,25,11,8.199999809,2024/8/1 0:57
1722474471,1722474470,0,1,-35.96031189,-32.6855278,505689.8438,20,11,1,2024/8/1 1:07
1722475071,1722475070,0,1,1.947129965,-40.85677719,490934.9688,18,11,-19.39999962,2024/8/1 1:17
1722475671,1722475670,0,1,39.96615982,-49.36875534,491583.4688,15,9,3.099999905,2024/8/1 1:27
1722476271,1722476271,0,1,76.33856964,-77.97505951,499186.0313,26,12,9.100000381,2024/8/1 1:37
1722476871,1722476871,0,1,62.55803299,146.4027405,499799.4688,27,13,11.39999962,2024/8/1 1:47
1722477471,1722477471,0,1,25.11428261,132.8881683,496276.2813,24,13,35.79999924,2024/8/1 1:57
1722478071,1722478071,0,1,-12.83467484,125.1929779,502272.3438,27,14,36.90000153,2024/8/1 2:07
1722478671,1722478671,0,1,-50.44016266,115.3299637,517853.625,19,13,-20.10000038,2024/8/1 2:17
1722479271,1722479271,0,1,-82.49217224,41.05193329,525482.8125,25,13,-2.5,2024/8/1 2:27
1722479871,1722479871,0,1,-52.7592926,-50.75220108,514311.4063,24,10,6.099999905,2024/8/1 2:37
1722480472,1722480471,0,1,-15.13883209,-61.09024429,495944.0625,23,11,19.60000038,2024/8/1 2:47
1722481072,1722481071,0,1,22.89031982,-68.75686646,489545,20,10,-51.09999847,2024/8/1 2:57
1722481672,1722481671,0,1,60.52576447,-81.42219543,496149.125,26,12,-40.29999924,2024/8/1 3:07
1722482272,1722482272,0,1,78.04055023,147.288681,500829.5625,29,11,2,2024/8/1 3:17
1722482872,1722482872,0,1,42.08418655,113.6363525,497639.4688,25,12,-17.20000076,2024/8/1 3:27
1722483472,1722483472,0,1,4.225570202,104.939682,498028.7188,26,13,5.199999809,2024/8/1 3:37
1722484072,1722484072,0,1,-33.62819672,96.92538452,510727.4375,22,10,-29.89999962,2024/8/1 3:47
1722484672,1722484672,0,1,-70.43978119,77.91099548,524201.9375,25,13,15.5,2024/8/1 3:57
1722485272,1722485272,0,1,-69.11448669,-63.1759491,521317.5313,24,13,9.899999619,2024/8/1 4:07
1722485873,1722485872,0,1,-32.15285873,-80.91936493,503541.1563,25,12,6.099999905,2024/8/1 4:17
1722486473,1722486472,0,1,5.7964468,-88.86620331,490121.75,23,11,0.899999976,2024/8/1 4:27
1722487073,1722487072,0,1,43.71357727,-97.75364685,492304.4688,15,9,-26.29999924,2024/8/1 4:37
1722487673,1722487672,0,1,79.30947876,-136.6658783,499787.875,26,13,-3.400000095,2024/8/1 4:47
1722488273,1722488273,0,1,58.84677505,96.81330872,499671.1875,29,12,-35.29999924,2024/8/1 4:57
1722488873,1722488873,0,1,21.28588676,84.79175568,496655.7188,20,13,-59.70000076,2024/8/1 5:07
1722489473,1722489473,0,1,-16.6581707,77.15622711,504011.6875,17,10,-47.59999847,2024/8/1 5:17
1722490073,1722490073,0,1,-54.17500305,66.5056076,519513.5,18,11,34.79999924,2024/8/1 5:27
1722490673,1722490673,0,1,-82.14468384,-35.07157516,525248.4375,25,12,-18.60000038,2024/8/1 5:37
1722491273,1722491273,0,1,-49.01408386,-99.50167084,512252.5625,27,12,-7.800000191,2024/8/1 5:47
1722491874,1722491873,0,1,-11.30709648,-109.1216812,494230.25,24,13,-6.5,2024/8/1 5:57
1722492474,1722492473,0,1,26.72344398,-116.8668823,489487.5,20,14,-43.40000153,2024/8/1 6:07
1722493074,1722493073,0,1,64.16255951,-131.1943817,496735.9688,26,13,4.5,2024/8/1 6:17
1722493674,1722493673,0,1,74.84900665,90.59455109,500798.0625,27,12,-7.800000191,2024/8/1 6:27
1722494274,1722494274,0,1,38.28079224,65.27610016,497467.0313,16,12,-37.59999847,2024/8/1 6:37
1722494874,1722494874,0,1,0.390838325,56.93441391,499129.9063,23,12,-55.5,2024/8/1 6:47
1722495474,1722495474,0,1,-37.41872025,48.67139053,512597.6875,13,10,39.59999847,2024/8/1 6:57
1722496074,1722496074,0,1,-73.88759613,25.11667442,524925.125,24,11,18.70000076,2024/8/1 7:07
1722496674,1722496674,0,1,-65.52368164,-114.0105286,519866.5,26,12,-30.60000038,2024/8/1 7:17
1722497274,1722497274,0,1,-28.3443222,-129.0916901,501368,18,13,-12.80000019,2024/8/1 7:27
1722497875,1722497874,0,1,9.639956474,-136.8819275,489334.0625,21,13,-16.60000038,2024/8/1 7:37
1722498475,1722498474,0,1,47.5091095,-146.2805328,492863.8438,19,13,-11,2024/8/1 7:47
1722499075,1722499074,0,1,81.63648224,157.1395264,500131.3438,30,13,1.899999976,2024/8/1 7:57
1722499675,1722499674,0,1,55.10609436,47.63126755,499312.5625,20,11,4.699999809,2024/8/1 8:07
1722502675,1722502675,0,1,-45.24044418,-148.0800171,510027.8438,25,12,-12.30000019,2024/8/1 8:57
1722503275,1722503275,0,1,-7.459623337,-157.1436157,492736.0313,24,14,10.19999981,2024/8/1 9:07
1722503876,1722503875,0,1,30.56215096,-165.0265503,489753.6563,19,12,-7.199999809,2024/8/1 9:17
1722504476,1722504475,0,1,67.81693268,178.2702484,497519.9063,24,13,6.199999809,2024/8/1 9:27
1722505076,1722505075,0,1,71.46394348,37.2158165,500729.8125,21,12,13.10000038,2024/8/1 9:37
1722506276,1722506276,0,1,-3.452168226,8.925909996,499955.0938,12,11,5.699999809,2024/8/1 9:57
1722506876,1722506876,0,1,-41.21330643,0.331071675,514137.3438,12,11,17.60000038,2024/8/1 10:07
1722507476,1722507476,0,1,-77.14998627,-30.40834808,525156.1875,24,12,-7.400000095,2024/8/1 10:17
1722508076,1722508076,0,1,-61.85560226,-164.0448914,518144.75,29,12,-42.40000153,2024/8/1 10:27
1722508676,1722508676,0,1,-24.50999451,-177.2226257,499358.5,25,11,51.29999924,2024/8/1 10:37
1722509276,1722509276,0,1,13.49875641,175.0856323,488994.5313,23,10,14.30000019,2024/8/1 10:47
1722509877,1722509876,0,1,51.30364609,165.026001,493758.7188,20,11,8.100000381,2024/8/1 10:57
1722510477,1722510476,0,1,82.58486176,82.13035583,500540.4375,25,14,7.699999809,2024/8/1 11:07
1722511077,1722511076,0,1,51.39699554,-1.242263317,498889.375,24,13,47.20000076,2024/8/1 11:17
1722511677,1722511677,0,1,13.60660839,-11.32315159,497046,19,11,30.70000076,2024/8/1 11:27
1722512277,1722512277,0,1,-24.31308365,-18.99922371,506836.9063,18,12,4.5,2024/8/1 11:37
1722512877,1722512877,0,1,-61.60389709,-32.05841064,521753.5,22,13,20.79999924,2024/8/1 11:47
1722513477,1722513477,0,1,-77.37091827,-165.1184692,523611.7813,28,11,-57.40000153,2024/8/1 11:57
1722514077,1722514077,0,1,-41.43951416,163.469101,507933.875,27,11,5,2024/8/1 12:07
1722514677,1722514677,0,1,-3.597413301,154.8404846,491626.0938,27,11,63.70000076,2024/8/1 12:17
1722515278,1722515277,0,1,34.40472031,146.7584686,490378.5313,20,9,21.5,2024/8/1 12:27
1722515878,1722515877,0,1,71.40036011,126.620697,498363.6563,29,12,-7.099999905,2024/8/1 12:37
1722516478,1722516477,0,1,67.88489532,-14.44885635,500497.375,24,11,60.40000153,2024/8/1 12:47
1722517078,1722517077,0,1,30.69211006,-31.19746017,496798.0313,21,13,31.5,2024/8/1 12:57
1722517678,1722517678,0,1,-7.304943562,-39.08781815,500773.25,20,13,-10.5,2024/8/1 13:07
1722518278,1722518278,0,1,-45.0106926,-48.11227417,515529.4375,19,13,-3.599999905,2024/8/1 13:17
1722518878,1722518878,0,1,-80.02558899,-90.86228943,525232.25,30,13,-22.39999962,2024/8/1 13:27
1722519478,1722519478,0,1,-58.13645935,146.4534607,516456.5313,27,11,-26.20000076,2024/8/1 13:37
1722520078,1722520078,0,1,-20.66025352,134.6807251,497783.625,23,9,30.79999924,2024/8/1 13:47
1722520678,1722520678,0,1,17.36275673,127.0365829,489091.625,20,12,41.59999847,2024/8/1 13:57
1722521279,1722521278,0,1,55.08677292,116.12397,494827.9063,22,11,-16.29999924,2024/8/1 14:07
1722521879,1722521878,0,1,81.66408539,6.989003181,500780,25,12,31.29999924,2024/8/1 14:17
1722522479,1722522478,0,1,47.60432816,-49.93858337,498366.625,25,11,19.10000038,2024/8/1 14:27
1722523079,1722523078,0,1,9.814484596,-59.34148026,497315.9375,25,14,-40.59999847,2024/8/1 14:37
1722523679,1722523679,0,1,-28.14777756,-67.12669373,508264.3125,24,13,29.10000038,2024/8/1 14:47
1722524279,1722524279,0,1,-65.28180695,-82.05271149,522785.25,29,13,-8.800000191,2024/8/1 14:57
1722524879,1722524879,0,1,-74.11555481,139.0714417,522732.0313,31,11,-50,2024/8/1 15:07
1722525479,1722525479,0,1,-37.62545776,115.119751,506136.3438,26,9,-37.29999924,2024/8/1 15:17
1722526079,1722526079,0,1,0.266283333,106.8296585,490980.9375,26,11,21.29999924,2024/8/1 15:27
1722526679,1722526679,0,1,38.23872757,98.48073578,491309.875,18,10,-46.20000076,2024/8/1 15:37
1722527280,1722527279,0,1,74.85060883,73.14942169,499200.2188,27,13,-5.599999905,2024/8/1 15:48
1722527880,1722527879,0,1,64.23236847,-65.00254059,500372.1563,27,12,-2.299999952,2024/8/1 15:58
1722528480,1722528479,0,1,26.85876846,-79.35778046,496742.3438,19,12,-30.70000076,2024/8/1 16:08
1722529080,1722529079,0,1,-11.14803123,-87.10773468,501952.8438,23,11,-6,2024/8/1 16:18
1722529680,1722529680,0,1,-48.78647232,-96.67958069,517078.2813,17,9,-6.699999809,2024/8/1 16:28
1722530280,1722530280,0,1,-82.05615997,-159.4101105,525233.375,25,12,-48.40000153,2024/8/1 16:38
1722530880,1722530880,0,1,-54.40137863,97.32855988,514654.6875,26,12,3.900000095,2024/8/1 16:48
1722531480,1722531480,0,1,-16.81734848,86.61303711,496285.1875,22,12,-55.79999924,2024/8/1 16:58
1722532080,1722532080,0,1,21.21327019,78.96602631,489361.9375,17,12,-63.59999847,2024/8/1 17:08
1722533281,1722533280,0,1,79.35236359,-59.36024094,501158.3125,22,12,22.10000038,2024/8/1 17:28
1722533881,1722533880,0,1,43.81384659,-98.4699173,498196.5313,22,13,-26,2024/8/1 17:38
1722534481,1722534480,0,1,5.977119923,-107.3587112,497945.125,18,11,-23.10000038,2024/8/1 17:48
1722535081,1722535081,0,1,-31.95501328,-115.2970963,509868.2188,14,10,-10.30000019,2024/8/1 17:58
1722535681,1722535681,0,1,-68.88347626,-132.8256226,523535.1875,21,11,-44.5,2024/8/1 18:08
1722536281,1722536281,0,1,-70.66571045,86.11641693,521369.25,27,12,11.39999962,2024/8/1 18:18
1722536881,1722536881,0,1,-33.8173027,66.85480499,503961.0938,20,11,16.39999962,2024/8/1 18:28
1722537481,1722537481,0,1,4.118985176,58.81918335,490232.7188,23,14,-60.09999847,2024/8/1 18:38
1722539882,1722539881,0,1,23.02653694,-127.4731903,496743.125,15,11,-42.70000076,2024/8/1 19:18
1722540482,1722540481,0,1,-14.91886997,-135.1295013,503203.5,22,11,-10,2024/8/1 19:28
1722541082,1722541082,0,1,-52.54079437,-145.4239655,518511.6563,23,10,-19,2024/8/1 19:38
1722541682,1722541682,0,1,-82.52684021,124.5439148,524906.0625,24,13,-35.59999847,2024/8/1 19:48
1722542282,1722542282,0,1,-50.64773178,48.48225784,512616.5625,25,14,44.79999924,2024/8/1 19:58
1722542882,1722542882,0,1,-12.97227287,38.57022095,494619.4688,23,14,-21.39999962,2024/8/1 20:08
1722545283,1722545282,0,1,39.99847412,-146.8785095,497653.5,17,10,-23.79999924,2024/8/1 20:48
1722545883,1722545882,0,1,2.122364998,-155.3704529,498509.6563,23,12,15.69999981,2024/8/1 20:58
1722546483,1722546482,0,1,-35.77221298,-163.5308838,511492.9063,20,9,7.800000191,2024/8/1 21:08
1722547083,1722547083,0,1,-72.40908813,175.1141663,524279.8438,23,12,-58.70000076,2024/8/1 21:18
1722547683,1722547683,0,1,-67.08473969,34.7796402,520083,27,13,21.70000076,2024/8/1 21:28
1722548283,1722548283,0,1,-29.9889183,18.65671539,501992.7813,23,12,35,2024/8/1 21:38
1722548883,1722548883,0,1,7.982678413,10.80402184,489529.8438,25,13,19.5,2024/8/1 21:48
1722549483,1722549483,0,1,45.87365723,1.639041662,492594.1875,15,11,49.79999924,2024/8/1 21:58
1722550083,1722550083,0,1,80.752388,-46.21650314,500046.6563,25,14,28.70000076,2024/8/1 22:08
1722550684,1722550683,0,1,56.78469849,-164.1848907,499438.875,28,11,14.39999962,2024/8/1 22:18
1722551284,1722551283,0,1,19.16993904,-175.5565186,496565.4375,21,12,6.300000191,2024/8/1 22:28
1722551884,1722551883,0,1,-18.77190208,176.8149872,504425.5,25,12,57.5,2024/8/1 22:38
1722552484,1722552483,0,1,-56.29902649,165.5927582,519886.625,26,11,-32.40000153,2024/8/1 22:48
1722553084,1722553084,0,1,-81.18049622,51.3673439,524463.1875,27,12,2.200000048,2024/8/1 22:58
1722553684,1722553684,0,1,-46.85673523,-0.17035833,510735.375,24,11,22.70000076,2024/8/1 23:08
1722554284,1722554284,0,1,-9.105319977,-9.457755089,493293.3125,19,13,13.89999962,2024/8/1 23:18
1722554884,1722554884,0,1,28.92044067,-17.27635193,489652.9063,18,9,39.20000076,2024/8/1 23:28
1722555484,1722555484,0,1,66.25937653,-32.86494064,497231.9063,24,12,57.70000076,2024/8/1 23:38
1722556084,1722556084,0,1,72.95716858,-173.0312958,500738.4375,28,12,-0.100000001,2024/8/1 23:48
1722556685,1722556684,0,1,36.16039658,164.8045502,497093.7813,21,11,-8.199999809,2024/8/1 23:58
1722557285,1722557284,0,1,-1.746986628,156.6191711,499174.5938,21,14,59.79999924,2024/8/2 0:08
1722557885,1722557884,0,1,-39.5341835,148.1800079,513106.4688,25,13,1.799999952,2024/8/2 0:18
1722558485,1722558484,0,1,-75.79450226,120.9012909,524814.375,27,12,-36.59999847,2024/8/2 0:28
1722559085,1722559085,0,1,-63.41897583,-15.57914543,518693.375,24,11,10.80000019,2024/8/2 0:38
1722559685,1722559685,0,1,-26.1388607,-29.49461174,500219.5313,22,10,-3.099999905,2024/8/2 0:48
1722560285,1722560285,0,1,11.85927486,-37.22244263,489233.75,23,11,-13.19999981,2024/8/2 0:58
1722560885,1722560885,0,1,49.69144821,-46.98066711,493481.125,20,12,26,2024/8/2 1:08
1722561485,1722561485,0,1,82.40093994,-117.910202,500417.2188,27,12,5,2024/8/2 1:18
1722562085,1722562085,0,1,53.00431824,146.7876129,498970.0625,27,11,16.5,2024/8/2 1:28
1722562686,1722562685,0,1,15.30531979,136.3832245,496673.0625,27,14,50.20000076,2024/8/2 1:38
1722563286,1722563285,0,1,-22.6250248,128.7337952,505891.8438,27,11,10.80000019,2024/8/2 1:48
1722563886,1722563885,0,1,-59.97690964,116.3300323,521078.7188,24,14,-21,2024/8/2 1:58
1722564486,1722564485,0,1,-78.63933563,-12.79839802,523829.0313,28,12,-7.699999809,2024/8/2 2:08
1722565086,1722565086,0,1,-43.04738235,-48.67986679,508818.4063,22,10,-2.599999905,2024/8/2 2:18
1722565686,1722565686,0,1,-5.230923176,-57.4783287,492243.5313,17,11,-13.89999962,2024/8/2 2:28
1722566286,1722566286,0,1,32.7783432,-65.46740723,490339.8438,16,11,-40.70000076,2024/8/2 2:38
1722566886,1722566886,0,1,69.89302826,-83.98181152,498231.6875,25,12,-21.70000076,2024/8/2 2:48
1722567486,1722567486,0,1,69.41709137,134.6116791,500772.5313,31,12,-3.400000095,2024/8/2 2:58
1722568086,1722568086,0,1,32.32201767,116.5613174,496983.875,26,13,-7.900000095,2024/8/2 3:08
1722568687,1722568686,0,1,-5.605295181,108.607933,500229.5938,25,15,23.70000076,2024/8/2 3:18
1722569287,1722569286,0,1,-43.33886337,99.78821564,514688.25,21,11,-12.80000019,2024/8/2 3:28
1722569887,1722569886,0,1,-78.83184052,63.11972809,524932.9375,26,12,6.5,2024/8/2 3:38
1722570487,1722570486,0,1,-59.71355438,-65.29299164,516911.6563,23,11,16.5,2024/8/2 3:48
1722571087,1722571087,0,1,-22.28680611,-77.60704041,498318.8438,18,10,10.39999962,2024/8/2 3:58
1722571687,1722571687,0,1,15.73201656,-85.26319885,489026.5,20,11,1.299999952,2024/8/2 4:08
1722572287,1722572287,0,1,53.4919281,-95.78517151,494493.5938,19,12,-35.90000153,2024/8/2 4:18
1722572887,1722572887,0,1,82.27239227,165.3032684,500869.75,29,12,3.400000095,2024/8/2 4:28
1722573487,1722573487,0,1,49.21197128,98.00859833,498840.625,29,12,-44,2024/8/2 4:38
1722574087,1722574087,0,1,11.44910526,88.34699249,497391.6563,19,12,-71.80000305,2024/8/2 4:48
1722574688,1722574687,0,1,-26.45853996,80.6259079,507733.7813,23,11,-20.60000038,2024/8/2 4:58
1722575288,1722575287,0,1,-63.66678619,66.60101318,522300.2188,22,10,26.70000076,2024/8/2 5:08
1722575888,1722575887,0,1,-75.58560181,-70.25796509,522939.3438,25,12,-9.399999619,2024/8/2 5:18
1722576488,1722576487,0,1,-39.24214554,-97.06671906,506600.25,20,12,-4.699999809,2024/8/2 5:28
1722577088,1722577088,0,1,-1.366870046,-105.487648,490972.6875,20,12,-17,2024/8/2 5:38
1722577688,1722577688,0,1,36.62212753,-113.7130585,490699.8125,17,13,-25.39999962,2024/8/2 5:48
1722578288,1722578288,0,1,73.41835785,-136.5657501,498809.375,27,14,-9.300000191,2024/8/2 5:58
1722578888,1722578888,0,1,65.78093719,83.6421051,500586.3438,28,11,-18.70000076,2024/8/2 6:08
1722579488,1722579488,0,1,28.47875595,68.38067627,497037.8438,24,11,-42.20000076,2024/8/2 6:18
1722580088,1722580088,0,1,-9.458388329,60.59269333,501717.5938,22,12,-41.09999847,2024/8/2 6:28
1722580689,1722580688,0,1,-47.12518311,51.28022766,516522.4375,17,8,47.5,2024/8/2 6:38
1722581289,1722581288,0,1,-81.30847168,-1.482013345,525152.4375,24,13,-10,2024/8/2 6:48
1722581889,1722581888,0,1,-55.98643875,-114.5552368,515083.2813,25,12,-14.39999962,2024/8/2 6:58
1722582489,1722582488,0,1,-18.44079018,-125.6830063,496385.1875,23,13,-9.300000191,2024/8/2 7:08
1722583089,1722583089,0,1,19.59317207,-133.3228455,488739.4063,23,13,-34.40000153,2024/8/2 7:18
1722583689,1722583689,0,1,57.2664032,-144.8444824,495143.3125,21,14,7.800000191,2024/8/2 7:28
1722584289,1722584289,0,1,80.44010162,94.90428162,501008.625,28,13,4,2024/8/2 7:38
1722584889,1722584889,0,1,45.40631485,49.41353607,498496.6875,7,10,-9.100000381,2024/8/2 7:48
1722586690,1722586689,0,1,-67.31194305,16.19727516,523184.5,18,12,15.30000019,2024/8/2 8:18
1722587290,1722587289,0,1,-72.19489288,-124.2693787,521704.5938,26,12,-42.29999924,2024/8/2 8:28
1722587890,1722587889,0,1,-35.48238754,-145.3471222,504376.4375,26,14,-7.400000095,2024/8/2 8:38
1722588490,1722588489,0,1,2.504859924,-153.4990845,489918.375,25,14,13.80000019,2024/8/2 8:48
1722589090,1722589090,0,1,40.46277237,-162.0449219,491274.7188,18,11,-11.80000019,2024/8/2 8:58
1722589690,1722589690,0,1,76.75595093,168.2641296,499403.8125,25,13,3.700000048,2024/8/2 9:08
1722590290,1722590290,0,1,62.07997131,33.54130936,500305.4688,9,12,15.19999981,2024/8/2 9:18
1722591490,1722591490,0,1,-13.31589031,12.56121159,502992.375,5,0,20.79999924,2024/8/2 9:38
1722592091,1722592090,0,1,-50.90842819,2.609615088,517911.25,17,11,25.20000076,2024/8/2 9:48
1722592691,1722592690,0,1,-82.55165863,-75.17113495,524822.1875,24,12,-28.89999962,2024/8/2 9:58
1722593291,1722593290,0,1,-52.27899551,-163.4874268,513083.7188,23,11,-23.60000038,2024/8/2 10:08
1722593891,1722593890,0,1,-14.57290173,-173.7384949,494700.2188,29,11,32.59999847,2024/8/2 10:18
1722594491,1722594491,0,1,23.46539116,178.5843201,488866.5938,21,11,-1.600000024,2024/8/2 10:28
1722595091,1722595091,0,1,61.02470779,165.7302856,496076.25,24,11,11.80000019,2024/8/2 10:38
1722595691,1722595691,0,1,77.63315582,33.23251724,501135.8438,26,13,18.10000038,2024/8/2 10:48
1722596291,1722596291,0,1,41.58026505,0.953138351,498050.6563,19,13,49.79999924,2024/8/2 10:58
1722596891,1722596891,0,1,3.722554922,-7.692278385,498480.9375,17,11,23.5,2024/8/2 11:08
1722597491,1722597491,0,1,-34.12347031,-15.73709679,510852.9063,13,12,17.89999962,2024/8/2 11:18
1722598092,1722598091,0,1,-70.89936829,-35.25273514,523742,27,12,1,2024/8/2 11:28
1722598692,1722598691,0,1,-68.63889313,-176.2414246,520292.9688,29,12,-62,2024/8/2 11:38
1722599292,1722599291,0,1,-31.63549232,166.4212341,502304.625,24,11,35.20000076,2024/8/2 11:48
1722599892,1722599891,0,1,6.390500069,158.4833984,489319.2813,24,11,47.40000153,2024/8/2 11:58
1722600492,1722600492,0,1,44.30461884,149.5209198,492174.5625,23,10,2.200000048,2024/8/2 12:08
1722601092,1722601092,0,1,79.72763824,108.4174881,500046.3438,25,12,0.300000012,2024/8/2 12:18
1722601692,1722601692,0,1,58.3315773,-16.00070572,499920.4375,26,12,59,2024/8/2 12:28
1722602292,1722602292,0,1,20.76110077,-27.85317039,496837.3125,19,14,18.10000038,2024/8/2 12:38
1722602892,1722602892,0,1,-17.18089485,-35.48725128,504003.875,20,14,-9,2024/8/2 12:48
1722603492,1722603492,0,1,-54.68801498,-46.26814651,519095.8438,19,13,14.69999981,2024/8/2 12:58
1722604093,1722604092,0,1,-81.95015717,-151.2225494,524328.75,27,14,-46.79999924,2024/8/2 13:08
1722604693,1722604692,0,1,-48.47903824,147.7713928,511136.75,26,9,-15.69999981,2024/8/2 13:18
1722605293,1722605292,0,1,-10.75429344,138.2353363,493427.25,25,11,64.69999695,2024/8/2 13:28
1722605893,1722605893,0,1,27.34169579,130.4568329,489342.4375,21,11,25,2024/8/2 13:38
1722606493,1722606493,0,1,64.75327301,115.796257,497069.2188,26,11,-18.60000038,2024/8/2 13:48
1722607093,1722607093,0,1,74.36560822,-22.97680092,501056.75,26,13,48.09999847,2024/8/2 13:58
1722607693,1722607693,0,1,37.73674011,-47.40527344,497564.2813,21,14,5.199999809,2024/8/2 14:08
1722608293,1722608293,0,1,-0.156379998,-55.70476913,499084.5313,23,14,-23.29999924,2024/8/2 14:18
1722608893,1722608893,0,1,-37.9623909,-64.01108551,512371.5,17,11,15.39999962,2024/8/2 14:28
1722609493,1722609493,0,1,-74.37449646,-88.40971375,524324.9375,23,13,-17.60000038,2024/8/2 14:38
1722610094,1722610093,0,1,-64.98934937,133.0100403,518967.9688,24,10,-37.29999924,2024/8/2 14:48
1722610694,1722610693,0,1,-27.777668,118.2452087,500660.5,22,10,-19.29999924,2024/8/2 14:58
1722611294,1722611293,0,1,10.27640343,110.4596481,489174.0938,22,11,12,2024/8/2 15:08
1722611894,1722611894,0,1,48.13460159,100.9642792,493259.4688,22,12,-43.59999847,2024/8/2 15:18
1722612494,1722612494,0,1,81.90877533,40.59677505,500566.5,28,12,20.10000038,2024/8/2 15:28
1722613094,1722613094,0,1,54.55705261,-65.1577301,499586.625,29,12,-17.10000038,2024/8/2 15:38
1722613694,1722613694,0,1,16.89428329,-75.92370605,496979.375,19,13,-18.70000076,2024/8/2 15:48
1722614294,1722614294,0,1,-21.039114,-83.55602264,505425.8438,19,13,3.599999905,2024/8/2 15:58
1722614894,1722614894,0,1,-58.4412117,-95.41503143,520429.4063,20,12,-11.5,2024/8/2 16:08
1722615494,1722615494,0,1,-79.82657623,140.770462,523801.8438,25,13,-50,2024/8/2 16:18
1722616095,1722616094,0,1,-44.67350006,99.20011139,509236.7188,23,12,-8.800000191,2024/8/2 16:28
1722616695,1722616694,0,1,-6.879376888,90.2101059,492430.625,24,12,-63.5,2024/8/2 16:38
1722617295,1722617294,0,1,31.1397934,82.30354309,490017.25,16,10,-26.89999962,2024/8/2 16:48
1722617895,1722617894,0,1,68.41777039,65.10949707,498098.6875,26,11,-6.5,2024/8/2 16:58
1722618495,1722618495,0,1,70.88465118,-76.14923859,501195.3125,25,12,-4.800000191,2024/8/2 17:08
1722619095,1722619095,0,1,33.9017334,-95.67753601,497453.7813,24,11,-29.20000076,2024/8/2 17:18
1722619695,1722619695,0,1,-4.014736652,-103.7152328,500047.9688,25,11,-14.5,2024/8/2 17:28
1722620295,1722620295,0,1,-41.77081299,-112.3637314,513957.25,17,8,-10.5,2024/8/2 17:38
1722620895,1722620895,0,1,-77.60977936,-144.4971313,524583.25,25,11,-50.90000153,2024/8/2 17:48
1722621495,1722621495,0,1,-61.30185318,83.05205536,517202.5313,28,12,20.20000076,2024/8/2 17:58
1722622096,1722622095,0,1,-23.92832375,70.11569214,498707.6875,20,11,-7.900000095,2024/8/2 18:08
1722622696,1722622695,0,1,14.0859499,62.43626022,488953.3125,21,14,-61,2024/8/2 18:18
1722624496,1722624496,0,1,50.76994705,-114.0271759,499248.5938,9,10,-16.39999962,2024/8/2 18:48
1722625096,1722625096,0,1,13.03520679,-123.9701767,497309.125,19,10,-41.79999924,2024/8/2 18:58
1722625696,1722625696,0,1,-24.88139915,-131.6555176,506916.875,11,11,-12.60000038,2024/8/2 19:08
1722626296,1722626296,0,1,-62.15437317,-144.9542999,521528.625,20,12,-36.5,2024/8/2 19:18
1722626896,1722626896,0,1,-76.90283203,80.80558777,522852.1563,28,13,2.799999952,2024/8/2 19:28
1722627496,1722627496,0,1,-40.86135483,50.76568985,507045.2813,23,12,40.79999924,2024/8/2 19:38
1722628097,1722628096,0,1,-3.005941629,42.19492722,491195.2188,27,14,-38.40000153,2024/8/2 19:48
1722630497,1722630497,0,1,30.04769897,-143.8831635,497082.0313,17,10,-23.10000038,2024/8/2 20:28
1722631097,1722631097,0,1,-7.885833263,-151.7328796,500997.25,25,12,8.399999619,2024/8/2 20:38
1722631697,1722631697,0,1,-45.5823555,-160.8319855,515544.75,21,10,-9.100000381,2024/8/2 20:48
1722632297,1722632297,0,1,-80.40363312,153.9703827,524769.625,29,11,-51.09999847,2024/8/2 20:58
1722632897,1722632897,0,1,-57.5639534,33.61690521,515499.2813,25,12,33.90000153,2024/8/2 21:08
1722633497,1722633497,0,1,-20.06321907,22.02456284,496930.2188,24,11,16.39999962,2024/8/2 21:18
1722634098,1722634097,0,1,17.96657753,14.38169003,488707.375,21,13,17.29999924,2024/8/2 21:28
1722634698,1722634697,0,1,55.67857742,3.310786724,494831.8438,18,14,43,2024/8/2 21:38
1722635298,1722635297,0,1,81.36986542,-109.159729,500996.5,24,12,4.699999809,2024/8/2 21:48
1722635898,1722635897,0,1,46.94881821,-162.6948547,498553.5938,22,12,1.799999952,2024/8/2 21:58
1722636498,1722636498,0,1,9.152901649,-172.0016785,497487.4688,17,11,10.39999962,2024/8/2 22:08
1722637098,1722637098,0,1,-28.74112892,-179.7963715,508345.0313,21,11,47.90000153,2024/8/2 22:18
1722637698,1722637698,0,1,-65.84864807,164.9222717,522522.1563,26,11,-48.5,2024/8/2 22:28
1722638298,1722638298,0,1,-73.58010101,25.50903511,521861.1875,31,13,19.10000038,2024/8/2 22:38
1722638898,1722638898,0,1,-37.01787949,2.430071592,505085.9063,22,11,17.70000076,2024/8/2 22:48
1722639498,1722639498,0,1,0.887515008,-5.817733288,490296.4688,26,12,18.70000076,2024/8/2 22:58
1722640099,1722640098,0,1,38.85871887,-14.22165012,491029.375,19,10,49.70000076,2024/8/2 23:08
1722640699,1722640698,0,1,75.39030457,-40.65777969,499180.2813,27,13,37.29999924,2024/8/2 23:18
1722641299,1722641298,0,1,63.63237,-177.9796753,500344.0938,27,13,4.099999905,2024/8/2 23:28
1722641899,1722641898,0,1,26.17306709,167.9612122,496731.5938,22,12,-1.700000048,2024/8/2 23:38
1722642499,1722642499,0,1,-11.77083874,160.2393341,501996.3125,25,13,65.90000153,2024/8/2 23:48
1722643099,1722643099,0,1,-49.39799881,150.5591888,517051.8125,24,10,-15.10000038,2024/8/2 23:58
1722643699,1722643699,0,1,-82.25352478,83.67916107,524699.25,26,12,-4,2024/8/3 0:08
1722644299,1722644299,0,1,-53.78230286,-15.46792316,513748.5938,28,12,22.60000038,2024/8/3 0:18
1722644899,1722644899,0,1,-16.17706108,-26.041502,495411.2188,24,11,-7.599999905,2024/8/3 0:28
1722645499,1722645499,0,1,21.85919762,-33.69827652,488855.9688,21,12,9.300000191,2024/8/3 0:38
1722646100,1722646099,0,1,59.46789932,-45.95312881,495718.5313,24,11,39,2024/8/3 0:48
1722646700,1722646699,0,1,78.87436676,-174.2731323,501021.1875,26,13,3,2024/8/3 0:58
1722647300,1722647299,0,1,43.10599136,148.7857819,498017.25,22,11,3.400000095,2024/8/3 1:08
1722647900,1722647899,0,1,5.261331558,139.9760284,497894.4688,24,13,65.09999847,2024/8/3 1:18
1722648500,1722648500,0,1,-32.60234833,132.0148926,509966.4375,20,12,-13.80000019,2024/8/3 1:28
1722649100,1722649100,0,1,-69.48966217,113.9319305,523340.4375,23,13,-22.70000076,2024/8/3 1:38
1722649700,1722649700,0,1,-70.05880737,-27.18979073,520756.9688,26,13,1.700000048,2024/8/3 1:48
1722650300,1722650300,0,1,-33.15873718,-45.83235168,503212.7188,21,9,-5.199999809,2024/8/3 1:58
1722650900,1722650900,0,1,4.787620068,-53.83430862,489764.7188,20,10,-33.40000153,2024/8/3 2:08
1722651500,1722651500,0,1,42.71861267,-62.6113472,492005.1875,19,10,-23,2024/8/3 2:18
1722652101,1722652100,0,1,78.56325531,-98.24363708,499943.7188,25,12,-0.800000012,2024/8/3 2:28
1722652701,1722652700,0,1,59.88790131,132.2552795,500151.4063,26,10,4,2024/8/3 2:38
1722653301,1722653300,0,1,22.36209106,119.85849,496755.4688,25,14,18.79999924,2024/8/3 2:48
1722653901,1722653900,0,1,-15.64609146,112.1978302,503303.5,27,15,-9.699999809,2024/8/3 2:58
1722654501,1722654501,0,1,-53.1923027,101.7737122,518348.1875,22,12,-2.200000048,2024/8/3 3:08
1722655101,1722655101,0,1,-82.41382599,6.943980217,524255.4063,24,13,-10.5,2024/8/3 3:18
1722655701,1722655701,0,1,-49.98233414,-64.29891968,511723.0313,22,12,11.80000019,2024/8/3 3:28
1722656301,1722656301,0,1,-12.2871151,-74.08911896,493895.3438,19,10,31.79999924,2024/8/3 3:38
1722656901,1722656901,0,1,25.74855232,-81.81018829,489218.3125,17,9,-24.39999962,2024/8/3 3:48
1722657502,1722657501,0,1,63.22484207,-95.65393829,496818.875,24,12,-44.79999924,2024/8/3 3:58
1722658102,1722658101,0,1,75.74884796,127.5997009,501264.9688,28,11,-0.899999976,2024/8/3 4:08
1722658702,1722658701,0,1,39.3229866,100.4053955,497945.0313,23,12,-53.29999924,2024/8/3 4:18
1722659302,1722659301,0,1,1.38130331,91.96361542,498942.6875,18,12,-51.90000153,2024/8/3 4:28
1722659902,1722659902,0,1,-36.44115829,83.77233124,511776.3125,22,9,-0.699999988,2024/8/3 4:38
1722660502,1722660502,0,1,-73.01715851,61.57372284,523992.9063,26,12,21.5,2024/8/3 4:48
1722661102,1722661102,0,1,-66.44355774,-78.35543823,519285.0313,23,13,-6.199999809,2024/8/3 4:58
1722661702,1722661702,0,1,-29.30407143,-94.02798462,501046.125,19,12,-1.200000048,2024/8/3 5:08
1722662302,1722662302,0,1,8.679206848,-101.8524628,489010.25,22,12,-14.5,2024/8/3 5:18
1722662902,1722662902,0,1,46.56387711,-111.1105728,492665.6563,16,12,-11,2024/8/3 5:28
1722663503,1722663502,0,1,81.15350342,-162.4075928,500363.7188,29,12,2.599999905,2024/8/3 5:38
1722664103,1722664102,0,1,56.11043167,82.95127106,499877.4375,27,12,-35.70000076,2024/8/3 5:48
1722664703,1722664702,0,1,18.48479271,71.77771759,497159.125,23,12,-69.40000153,2024/8/3 5:58
1722665303,1722665302,0,1,-19.51355743,64.13895416,505059.125,28,11,-13.39999962,2024/8/3 6:08
1722665903,1722665903,0,1,-56.95799637,52.74439621,519978,19,10,36.5,2024/8/3 6:18
1722666503,1722666503,0,1,-80.79994965,-64.78099823,523895.2813,28,12,-22.29999924,2024/8/3 6:28
1722667103,1722667103,0,1,-46.17990112,-112.9270096,509654.4688,24,10,-9.5,2024/8/3 6:38
1722667703,1722667703,0,1,-8.407416344,-122.1162262,492352.2188,23,14,-12.60000038,2024/8/3 6:48
1722668303,1722668303,0,1,29.62280083,-129.9597473,489354.375,17,14,-40.5,2024/8/3 6:58
1722668903,1722668903,0,1,66.92884064,-146.0010529,497450.5313,18,15,7.300000191,2024/8/3 7:08
1722669504,1722669503,0,1,72.32500458,73.37744904,501194.125,28,13,-7.800000191,2024/8/3 7:18
1722673104,1722673104,0,1,-25.44085312,-142.1732788,498949.875,21,13,-9.100000381,2024/8/3 8:18
1722673704,1722673704,0,1,12.57071209,-149.8844147,488465.5938,26,13,-2.200000048,2024/8/3 8:28
1722674304,1722674304,0,1,50.3957901,-159.7696838,493397.2188,21,13,8.199999809,2024/8/3 8:38
1722674904,1722674904,0,1,82.5251236,124.1564484,500714.625,24,12,4.699999809,2024/8/3 8:48
1722677305,1722677304,0,1,-60.70562363,3.361908436,521082.2813,19,13,15.30000019,2024/8/3 9:28
1722677905,1722677905,0,1,-78.10521698,-127.5699158,523005.125,27,12,-40.29999924,2024/8/3 9:38
1722678505,1722678505,0,1,-42.34867096,-161.4139099,507462.8438,20,11,-2.700000048,2024/8/3 9:48
1722679105,1722679105,0,1,-4.510921478,-170.1377411,491094.5938,22,12,16.29999924,2024/8/3 9:58
1722679705,1722679705,0,1,33.50260162,-178.1677094,489849.5938,17,12,-10.19999981,2024/8/3 10:08
1722680305,1722680305,0,1,70.56867981,162.6261902,498266.2188,27,12,3.700000048,2024/8/3 10:18
1722680905,1722680905,0,1,68.73723602,21.31203079,501026.25,14,12,29.79999924,2024/8/3 10:28
1722682706,1722682705,0,1,-44.10401535,-12.97685528,514933.25,15,10,25.79999924,2024/8/3 10:58
1722683306,1722683306,0,1,-79.39582062,-52.26943588,524467.125,26,11,-19.60000038,2024/8/3 11:08
1722683906,1722683906,0,1,-59.01409149,-178.2140198,515801.9063,26,12,-44.5,2024/8/3 11:18
1722684506,1722684506,0,1,-21.55490875,169.7165375,497074.875,25,10,54.20000076,2024/8/3 11:28
1722685106,1722685106,0,1,16.47459793,162.0641022,488363.8125,24,11,23.20000076,2024/8/3 11:38
1722685706,1722685706,0,1,54.222435,151.3648529,494400.2188,22,11,19.5,2024/8/3 11:48
1722686306,1722686306,0,1,82.02646637,47.58086395,501064.1875,29,12,18.79999924,2024/8/3 11:58
1722686907,1722686906,0,1,48.48085022,-14.77616501,498992.1563,25,13,56.90000153,2024/8/3 12:08
1722687507,1722687506,0,1,10.71059132,-24.31937408,497569.8438,19,13,13.19999981,2024/8/3 12:18
1722688107,1722688106,0,1,-27.19156837,-32.06378555,507826.5313,18,14,-2.5,2024/8/3 12:28
1722688707,1722688706,0,1,-64.43133545,-46.51874161,521928.5938,19,12,15.30000019,2024/8/3 12:38
1722689307,1722689307,0,1,-74.88746643,175.5771637,521966.2813,25,11,-58.70000076,2024/8/3 12:48
1722689907,1722689907,0,1,-38.49291992,150.2062378,505440.1563,26,10,1.600000024,2024/8/3 12:58
1722690507,1722690507,0,1,-0.601514995,141.844223,490215.9375,25,11,73.19999695,2024/8/3 13:08
1722691107,1722691107,0,1,37.38468552,133.5588989,490615.0313,18,9,31.10000038,2024/8/3 13:18
1722691707,1722691707,0,1,74.09770203,109.5867081,499035.8125,29,12,-9.399999619,2024/8/3 13:28
1722692307,1722692307,0,1,65.05216217,-29.48953056,500666.375,26,14,59.09999847,2024/8/3 13:38
1722692908,1722692907,0,1,27.71899033,-44.31303024,497032.5625,19,13,0.100000001,2024/8/3 13:48
1722693508,1722693507,0,1,-10.22000122,-52.07758713,501696.6563,20,14,-12.39999962,2024/8/3 13:58
1722694108,1722694107,0,1,-47.87627029,-61.50645447,516349.75,16,13,11.30000019,2024/8/3 14:08
1722694708,1722694707,0,1,-81.70851898,-118.9797745,524515.375,23,12,-37.5,2024/8/3 14:18
1722695308,1722695308,0,1,-55.22950363,132.5652161,514147.8438,26,10,-24.79999924,2024/8/3 14:28
1722695908,1722695908,0,1,-17.65864372,121.6364288,495707.6875,23,11,14.60000038,2024/8/3 14:38
1722696508,1722696508,0,1,20.3782444,113.9923019,488689.7188,22,10,0.800000012,2024/8/3 14:48
1722697108,1722697108,0,1,58.02940369,102.2314835,495521.0938,24,13,-35.90000153,2024/8/3 14:58
1722697708,1722697708,0,1,79.93021393,-21.13409424,501242.9375,26,12,31.70000076,2024/8/3 15:08
1722698308,1722698308,0,1,44.63784409,-63.35669327,498545.1563,22,12,-21.20000076,2024/8/3 15:18
1722698909,1722698908,0,1,6.814276695,-72.346138,497967.8438,20,12,11.39999962,2024/8/3 15:28
1722699509,1722699508,0,1,-31.06075096,-80.23072815,509383.625,14,11,7.199999809,2024/8/3 15:38
1722700109,1722700108,0,1,-68.04564667,-97.06404877,522876.4375,25,13,-23.89999962,2024/8/3 15:48
1722700709,1722700708,0,1,-71.42365265,122.0302963,520926.375,26,13,-32.5,2024/8/3 15:58
1722701309,1722701309,0,1,-34.63319778,101.912941,503624.0313,25,12,-35.29999924,2024/8/3 16:08
1722701909,1722701909,0,1,3.301746607,93.82798004,489764.5938,21,11,-45.20000076,2024/8/3 16:18
1722702509,1722702509,0,1,41.25068665,85.20796967,491679.1563,17,9,-64.80000305,2024/8/3 16:28
1722703109,1722703109,0,1,77.40312195,53.66324997,499874.4688,28,12,5.900000095,2024/8/3 16:38
1722703709,1722703709,0,1,61.32304764,-79.48421478,500600.3125,31,13,-36.29999924,2024/8/3 16:48
1722704309,1722704309,0,1,23.84594154,-92.44515991,497091.875,20,13,-27.79999924,2024/8/3 16:58
1722704910,1722704909,0,1,-14.09666824,-100.1126633,502977.125,21,12,-7.699999809,2024/8/3 17:08
1722705510,1722705509,0,1,-51.67643738,-110.2122116,517798.1563,19,9,-11.39999962,2024/8/3 17:18
1722706110,1722706109,0,1,-82.58901978,166.1899261,524233.6563,26,12,-44,2024/8/3 17:28
1722706710,1722706709,0,1,-51.4393959,83.64452362,512143.3438,28,12,22.60000038,2024/8/3 17:38
1722707310,1722707310,0,1,-13.77280998,73.58084106,494205.125,23,13,-54.59999847,2024/8/3 17:48
1722707910,1722707910,0,1,24.26635933,65.89188385,488978.75,24,14,-44.79999924,2024/8/3 17:58
1722709710,1722709710,0,1,40.7968483,-111.7983093,498263.6563,19,12,-16.60000038,2024/8/3 18:28
1722710310,1722710310,0,1,2.933331728,-120.3630753,498677.875,20,11,-27.39999962,2024/8/3 18:38
1722710911,1722710910,0,1,-34.90596008,-128.4530945,510964.1563,15,10,-11.19999981,2024/8/3 18:48
1722711511,1722711510,0,1,-71.62294769,-148.7990112,523495.875,28,11,-59,2024/8/3 18:58
1722712111,1722712110,0,1,-67.89497375,70.4356842,519452.875,28,12,22.20000076,2024/8/3 19:08
1722712711,1722712710,0,1,-30.77471924,53.69367981,501472.6875,23,13,16.79999924,2024/8/3 19:18
1722713311,1722713311,0,1,7.198599815,45.8087883,489056.5625,22,13,-30.20000076,2024/8/3 19:28
1722714511,1722714511,0,1,80.26837921,-7.595878124,500333.5,5,0,33.90000153,2024/8/3 19:48
1722715111,1722715111,0,1,57.55110168,-128.9402466,500090.9688,29,12,-1.600000024,2024/8/3 19:58
1722715711,1722715711,0,1,19.96213913,-140.5400085,497027.2813,19,12,-22.29999924,2024/8/3 20:08
1722716311,1722716311,0,1,-17.97759819,-148.1688843,504248.4063,27,11,0.300000012,2024/8/3 20:18
1722716912,1722716911,0,1,-55.46574783,-159.148941,519147.8438,24,10,-27.79999924,2024/8/3 20:28
1722717512,1722717511,0,1,-81.60884094,91.15857697,523746.875,29,12,-7.099999905,2024/8/3 20:38
1722718112,1722718111,0,1,-47.68505096,34.96903229,510152.8125,25,13,44.5,2024/8/3 20:48
1722718712,1722718711,0,1,-9.876096725,25.54533386,492724.9688,24,13,-5.300000191,2024/8/3 20:58
1722719312,1722719312,0,1,28.15824127,17.75307274,489153.2188,13,13,28.89999962,2024/8/3 21:08
1722719912,1722719912,0,1,65.53444672,2.627753258,497163.9063,18,13,47.09999847,2024/8/3 21:18
1722720512,1722720512,0,1,73.64225769,-136.9319,501227.9063,27,12,-9.300000191,2024/8/3 21:28
1722721112,1722721112,0,1,36.92761993,-160.1390686,497680.125,24,13,-15,2024/8/3 21:38
1722721712,1722721712,0,1,-0.969418347,-168.378418,499266.1875,21,11,14.39999962,2024/8/3 21:48
1722722313,1722722312,0,1,-38.76583099,-176.7514343,512488.875,22,9,19.5,2024/8/3 21:58
1722722913,1722722912,0,1,-75.08105469,157.5050049,523997.3125,27,13,-58.40000153,2024/8/3 22:08
1722723513,1722723512,0,1,-64.20742798,19.87295914,518004.3125,28,12,19.70000076,2024/8/3 22:18
1722724113,1722724112,0,1,-26.8894825,5.528824806,499593.2188,20,11,25.39999962,2024/8/3 22:28
1722724713,1722724713,0,1,11.11228657,-2.220208406,488632.1875,22,11,25.5,2024/8/3 22:38
1722725313,1722725313,0,1,48.96029282,-11.85399532,493126.4688,18,12,57.5,2024/8/3 22:48
1722725913,1722725913,0,1,82.20314026,-77.65791321,500581.625,28,13,19.10000038,2024/8/3 22:58
1722726513,1722726513,0,1,53.73619843,-178.0359039,499469.0938,29,13,1.700000048,2024/8/3 23:08
1722727113,1722727113,0,1,16.05713081,171.3916779,496956.4375,22,12,13.89999962,2024/8/3 23:18
1722727713,1722727713,0,1,-21.87356186,163.7495575,505524,25,12,52.79999924,2024/8/3 23:28
1722728314,1722728313,0,1,-59.25121307,151.6068878,520377.625,28,13,-27.60000038,2024/8/3 23:38
1722728914,1722728913,0,1,-79.23297119,24.93933678,523130.3125,25,12,4.599999905,2024/8/3 23:48
1722729514,1722729513,0,1,-43.83595657,-13.57508183,508229.8438,23,11,25.5,2024/8/3 23:58
1722730114,1722730113,0,1,-5.959546566,-22.47988319,491598.9063,18,11,1.700000048,2024/8/4 0:08
1722730714,1722730714,0,1,32.05991745,-30.43390274,489686.0313,16,9,35.79999924,2024/8/4 0:18
1722731314,1722731314,0,1,69.22436523,-48.32044983,497930.7188,27,12,33.20000076,2024/8/4 0:28
1722731914,1722731914,0,1,70.0845108,170.2916565,500925,28,11,4,2024/8/4 0:38
1722732514,1722732514,0,1,33.03959656,151.5960999,497186.7188,25,12,13.39999962,2024/8/4 0:48
1722733114,1722733114,0,1,-4.882318497,143.6036987,500012.4375,22,13,76.5,2024/8/4 0:58
1722733714,1722733714,0,1,-42.62711334,134.8609619,514102.375,25,13,-21.10000038,2024/8/4 1:08
1722734315,1722734314,0,1,-78.28826141,100.3540115,524302.4375,25,14,-14.10000038,2024/8/4 1:18
1722734915,1722734914,0,1,-60.45940018,-29.9825573,516462.9688,23,11,23.39999962,2024/8/4 1:28
1722735515,1722735514,0,1,-23.05188942,-42.58385468,497948.3125,19,10,-5.699999809,2024/8/4 1:38
1722736115,1722736114,0,1,15.03262711,-50.26540375,488625.4063,24,11,-39,2024/8/4 1:48
1722736715,1722736715,0,1,52.80860138,-60.63711548,494223.8438,18,11,-8.699999809,2024/8/4 1:58
1722737315,1722737315,0,1,82.43801117,-154.6995544,501027.6563,29,12,4.400000095,2024/8/4 2:08
1722737915,1722737915,0,1,49.90149689,133.1257629,499108.625,25,11,20.10000038,2024/8/4 2:18
1722738515,1722738515,0,1,12.1521101,123.3422546,497217.8438,22,14,55.09999847,2024/8/4 2:28
1722739115,1722739115,0,1,-25.7612648,115.6372223,507012.0938,22,13,-17.79999924,2024/8/4 2:38
1722739715,1722739715,0,1,-63.00357437,101.9411163,521318.8438,26,12,-8.5,2024/8/4 2:48
1722740316,1722740315,0,1,-76.16368866,-33.87595367,522140.75,22,11,-8.300000191,2024/8/4 2:58
1722740916,1722740915,0,1,-39.97356415,-62.0007782,506144.5625,21,9,13.10000038,2024/8/4 3:08
1722741516,1722741515,0,1,-2.10176158,-70.48863983,490628.375,20,11,15.5,2024/8/4 3:18
1722742116,1722742116,0,1,35.95762634,-78.68200684,490493.2188,17,10,-33.90000153,2024/8/4 3:28
1722742716,1722742716,0,1,72.81690979,-100.6486588,498921.2188,30,13,-18,2024/8/4 3:38
1722743316,1722743316,0,1,66.41950989,119.0764618,500971.0313,31,12,-13.10000038,2024/8/4 3:48
1722743916,1722743916,0,1,29.15330124,103.3960495,497254,21,12,-40.79999924,2024/8/4 3:58
1722744516,1722744516,0,1,-8.781087875,95.58309174,501361.8438,19,12,-43,2024/8/4 4:08
1722745116,1722745116,0,1,-46.46287155,86.36582947,515718.9375,16,9,15.19999981,2024/8/4 4:18
1722745716,1722745716,0,1,-80.94517517,37.01826477,524322.875,26,12,1.5,2024/8/4 4:28
1722746317,1722746316,0,1,-56.68775558,-79.34738159,514554.1563,25,12,0.600000024,2024/8/4 4:38
1722746917,1722746916,0,1,-19.15454483,-90.6743927,496032.2188,26,12,-2.5,2024/8/4 4:48
1722747517,1722747516,0,1,18.88237381,-98.31400299,488414.2188,22,12,-4.599999905,2024/8/4 4:58
1722748117,1722748116,0,1,56.6358757,-109.6614685,495092.4688,20,12,-28.10000038,2024/8/4 5:08
1722748717,1722748717,0,1,80.83576202,132.9719391,501272.0313,27,11,0.5,2024/8/4 5:18
1722749317,1722749317,0,1,46.05139542,84.48770142,498889.625,23,13,-52.79999924,2024/8/4 5:28
1722749917,1722749917,0,1,8.247851372,75.31260681,498063.0938,21,11,-99.69999695,2024/8/4 5:38
1722750517,1722750517,0,1,-29.63627052,67.48788452,508913.5,22,10,8,2024/8/4 5:48
1722751117,1722751117,0,1,-66.69911957,51.65089417,522491.0625,22,12,37.40000153,2024/8/4 5:58
1722751717,1722751717,0,1,-72.77640533,-88.454422,521134.1563,29,12,-17.89999962,2024/8/4 6:08
1722752318,1722752317,0,1,-36.11569977,-110.3202972,503957.6875,21,12,-10,2024/8/4 6:18
1722752918,1722752917,0,1,1.807726622,-118.5020294,489532.7813,24,12,-26.29999924,2024/8/4 6:28
1722753518,1722753517,0,1,39.77584457,-126.9835968,490959.875,23,14,-36,2024/8/4 6:38
1722754118,1722754117,0,1,76.23191833,-155.3375702,499461.5,24,13,-2.099999905,2024/8/4 6:48
1722754718,1722754718,0,1,62.68937302,68.82113647,500730.125,22,11,-16.10000038,2024/8/4 6:58
1722755318,1722755318,0,1,25.26240158,55.24860001,497303.8438,15,11,-33.70000076,2024/8/4 7:08
1722755918,1722755918,0,1,-12.67656517,47.55179214,502738.875,21,11,-23.5,2024/8/4 7:18
1722756518,1722756518,0,1,-50.2836113,37.71776199,517321.5938,16,10,43.29999924,2024/8/4 7:28
1722757118,1722757118,0,1,-82.46710205,-35.47740173,524166.4688,28,13,-17.60000038,2024/8/4 7:38
1722757719,1722757718,0,1,-52.89082336,-128.3682709,512515.8438,27,14,-15.89999962,2024/8/4 7:48
1722758319,1722758318,0,1,-15.25382996,-138.7374725,494204.8125,26,14,-8.300000191,2024/8/4 7:58
1722758919,1722758918,0,1,22.79095078,-146.4044647,488352.0625,24,13,-14.80000019,2024/8/4 8:08
1722759519,1722759518,0,1,60.43592453,-159.0348816,495850.0938,23,12,14.69999981,2024/8/4 8:18
1722760119,1722760119,0,1,78.11579895,69.91630554,501378.3438,24,12,-0.200000003,2024/8/4 8:28
1722763720,1722763719,0,1,-32.23402786,-158.5681915,501758.3438,23,12,3.799999952,2024/8/4 9:28
1722764320,1722764319,0,1,5.731188297,-166.5230255,488751.5625,23,13,13.5,2024/8/4 9:38
1722764920,1722764919,0,1,43.65811539,-175.407547,491739.25,20,11,-7.300000191,2024/8/4 9:48
1722765520,1722765519,0,1,79.31299591,145.6268005,500078.75,23,14,3,2024/8/4 9:58
1722767320,1722767320,0,1,-16.58024597,-0.499761671,503903.6875,21,11,14.30000019,2024/8/4 10:28
1722767920,1722767920,0,1,-54.10234833,-11.13697624,518559.6563,19,11,24.39999962,2024/8/4 10:38
1722768520,1722768520,0,1,-82.16172028,-112.3113632,523619.9375,24,13,-34.20000076,2024/8/4 10:48
1722769120,1722769120,0,1,-49.05559158,-177.1522064,510433.3125,25,12,-14.89999962,2024/8/4 10:58
1722769721,1722769720,0,1,-11.33225346,173.2154083,492706.6875,25,13,50,2024/8/4 11:08
1722770321,1722770320,0,1,26.70934105,165.4665833,488719.8438,21,10,0.300000012,2024/8/4 11:18
1722770921,1722770920,0,1,64.15010834,151.1387634,496830.4063,20,11,9.699999809,2024/8/4 11:28
1722771521,1722771520,0,1,74.86264038,12.97473335,501409.1875,26,12,39.70000076,2024/8/4 11:38
1722772121,1722772121,0,1,38.30706406,-12.38195133,498053.1875,22,12,46.90000153,2024/8/4 11:48
1722772721,1722772721,0,1,0.423568338,-20.72788239,499180.7188,23,14,11.5,2024/8/4 11:58
1722773321,1722773321,0,1,-37.38787079,-28.9910717,511907.5625,21,14,7.5,2024/8/4 12:08
1722773921,1722773921,0,1,-73.86842346,-52.52430344,523514.0625,24,12,-4.900000095,2024/8/4 12:18
1722774521,1722774521,0,1,-65.52677917,168.3310089,518149.2813,27,11,-50.5,2024/8/4 12:28
1722775121,1722775121,0,1,-28.33125496,153.2403107,499807.0938,19,10,38.90000153,2024/8/4 12:38
1722775722,1722775721,0,1,9.665249825,145.4470062,488393.3438,21,12,55.09999847,2024/8/4 12:48
1722776322,1722776321,0,1,47.53796005,136.0411987,492714.9375,16,11,25.10000038,2024/8/4 12:58
1722776922,1722776921,0,1,81.6465683,79.30591583,500566.7188,28,11,8.399999619,2024/8/4 13:08
1722777522,1722777521,0,1,55.08737946,-30.04057693,499840.8438,28,11,60.29999924,2024/8/4 13:18
1722778122,1722778122,0,1,17.44006538,-40.94364929,497114.0625,22,14,-16.10000038,2024/8/4 13:28
1722778722,1722778722,0,1,-20.49366188,-48.57422638,505070.8438,14,12,-8,2024/8/4 13:38
1722779322,1722779322,0,1,-57.91427231,-60.26591492,519701.375,22,14,19.39999962,2024/8/4 13:48
1722779922,1722779922,0,1,-80.18183899,177.9740295,523061.6563,26,12,-51.79999924,2024/8/4 13:58
1722780522,1722780522,0,1,-45.19392014,134.2415161,508586.3438,24,9,-21,2024/8/4 14:08
1722781122,1722781122,0,1,-7.400080204,125.1819839,491711.375,25,11,48.20000076,2024/8/4 14:18
1722781723,1722781722,0,1,30.62748146,117.2957001,489446.25,20,12,-2.700000048,2024/8/4 14:28
1722782323,1722782322,0,1,67.87771606,100.5476227,497821.375,27,11,-17.20000076,2024/8/4 14:38
1722782923,1722782922,0,1,71.35341644,-40.61290741,501257.9688,24,11,43.20000076,2024/8/4 14:48
1722783523,1722783522,0,1,34.41194916,-60.67721558,497620.1563,23,13,-33.09999847,2024/8/4 14:58
1722784123,1722784123,0,1,-3.49993825,-68.74573517,499882.0625,19,14,14.19999981,2024/8/4 15:08
1722784723,1722784723,0,1,-41.26382446,-77.3441391,513438.1875,18,11,10.89999962,2024/8/4 15:18
1722785323,1722785323,0,1,-77.20053101,-108.2232971,523937.6875,25,12,-34.59999847,2024/8/4 15:28
1722785923,1722785923,0,1,-61.78471375,118.2412033,516678.2188,30,12,-26.10000038,2024/8/4 15:38
1722786523,1722786523,0,1,-24.42251015,105.0957642,498234.8438,25,10,-37.90000153,2024/8/4 15:48
1722787124,1722787123,0,1,13.59535027,97.40662384,488481.3438,23,11,-40,2024/8/4 15:58
1722788924,1722788923,0,1,51.25322342,-78.96638489,499600.8438,25,12,-42.09999847,2024/8/4 16:28
1722789524,1722789524,0,1,13.52991009,-89.00031281,497385,20,12,0.600000024,2024/8/4 16:38
1722790124,1722790124,0,1,-24.38862419,-96.67443085,506554.7813,17,11,-0.800000012,2024/8/4 16:48
1722790724,1722790724,0,1,-61.68336487,-109.7622375,520842.875,18,10,-24.29999924,2024/8/4 16:58
1722791324,1722791324,0,1,-77.29818726,116.9489136,522199.375,28,12,-33.20000076,2024/8/4 17:08
1722791924,1722791924,0,1,-41.33316803,85.77410126,506505.2188,26,12,7.699999809,2024/8/4 17:18
1722792524,1722792524,0,1,-3.477303267,77.15782166,490787.7188,28,12,-95.69999695,2024/8/4 17:28
1722793125,1722793124,0,1,34.52970123,69.07041168,490196.4063,18,14,-29.29999924,2024/8/4 17:38
1722794325,1722794324,0,1,67.7782135,-92.22720337,501338.25,27,11,-30.79999924,2024/8/4 17:58
1722794925,1722794924,0,1,30.52498627,-108.8991394,497491.9688,19,11,-27.39999962,2024/8/4 18:08
1722795525,1722795525,0,1,-7.403960228,-116.7664948,500912.25,18,12,-13.89999962,2024/8/4 18:18
1722796125,1722796125,0,1,-45.11026382,-125.8010712,514914.2188,17,9,-12.5,2024/8/4 18:28
1722796725,1722796725,0,1,-80.10124207,-168.9925232,523929.5,29,12,-52.29999924,2024/8/4 18:38
1722797325,1722797325,0,1,-58.01486969,68.72364044,514734.2188,27,12,30.89999962,2024/8/4 18:48
1722797925,1722797925,0,1,-20.51820564,56.99175644,496331.5938,24,13,-9.899999619,2024/8/4 18:58
1722798525,1722798525,0,1,17.51667404,49.34832764,488326.75,22,13,-24.60000038,2024/8/4 19:08
1722799726,1722799725,42949672,1,81.59371185,-71.60962677,501364.125,17,13,19,2024/8/4 19:28
1722800326,1722800325,0,1,47.46300125,-127.6456909,499118.7813,22,10,-22.89999962,2024/8/4 19:38
1722800926,1722800925,0,1,9.615984917,-137.0387878,497713.4063,16,11,-16.29999924,2024/8/4 19:48
1722801526,1722801526,0,1,-28.28002548,-144.8158112,508025.875,14,10,-5.400000095,2024/8/4 19:58
1722802126,1722802126,0,1,-65.41377258,-159.8235474,521775.75,24,11,-49.79999924,2024/8/4 20:08
1722802726,1722802726,0,1,-73.98067474,61.14702988,521055.7188,28,12,17,2024/8/4 20:18
1722803326,1722803326,0,1,-37.45676041,37.41927338,504342.625,25,13,29.70000076,2024/8/4 20:28
1722803926,1722803926,0,1,0.452206671,29.13937378,489699.1563,22,14,-9,2024/8/4 20:38
1722804526,1722804526,0,1,38.43191528,20.77191925,490709.25,10,11,25,2024/8/4 20:48
1722805127,1722805126,0,1,75.01953125,-4.899253368,499287.3125,23,13,45.40000153,2024/8/4 20:58
1722805727,1722805726,0,1,64.04911804,-142.7923431,500820.6563,29,12,12.60000038,2024/8/4 21:08
1722806327,1722806326,0,1,26.67526436,-157.052597,497112.3438,22,11,-3.700000048,2024/8/4 21:18
1722806927,1722806926,0,1,-11.32811546,-164.7992249,501891.2188,28,11,14.80000019,2024/8/4 21:28
1722807527,1722807527,0,1,-48.96589279,-174.405014,516380.375,20,11,-16.20000076,2024/8/4 21:38
1722808127,1722808127,0,1,-82.11949921,121.5990677,523845.6875,28,12,-33.29999924,2024/8/4 21:48
1722808727,1722808727,0,1,-54.19622421,19.58980751,512908.3125,27,12,32.5,2024/8/4 21:58
1722809327,1722809327,0,1,-16.59144783,8.917719841,494690.625,20,11,16,2024/8/4 22:08
1722809927,1722809927,0,1,21.45125198,1.264438391,488353.8125,21,12,31.20000076,2024/8/4 22:18
1722810527,1722810527,0,1,59.07368088,-10.8504467,495598.4063,20,11,55.59999847,2024/8/4 22:28
1722811128,1722811127,0,1,79.17453766,-137.9138336,501333.1563,28,13,-3.5,2024/8/4 22:38
1722811728,1722811727,0,1,43.57743835,-176.1905212,498432.9688,28,13,-7.800000191,2024/8/4 22:48
1722812328,1722812327,0,1,5.742004871,174.9457855,497993.125,27,12,21.29999924,2024/8/4 22:58
1722812928,1722812927,0,1,-32.18837357,166.9927673,509476.5625,25,12,36.09999847,2024/8/4 23:08
1722813528,1722813528,0,1,-69.10692596,149.2568207,522580.125,27,12,-52.40000153,2024/8/4 23:18
1722814128,1722814128,0,1,-70.43063354,8.169338226,519893.6875,25,12,13,2024/8/4 23:28
1722814728,1722814728,0,1,-33.55008316,-10.85622025,502406.125,19,11,16.20000076,2024/8/4 23:38
1722815328,1722815328,0,1,4.401283264,-18.88121223,489041.875,20,11,16.29999924,2024/8/4 23:48
1722815928,1722815928,0,1,42.34195328,-27.61804771,491487.625,16,10,61.59999847,2024/8/4 23:58
1722816528,1722816528,0,1,78.27287292,-62.12926483,499823.9375,27,12,24.29999924,2024/8/5 0:08
1722817129,1722817128,0,1,60.25563812,167.3561096,500287.125,30,12,10.80000019,2024/8/5 0:18
1722817729,1722817728,0,1,22.74337578,154.8192139,496826.0625,23,14,25.10000038,2024/8/5 0:28
1722818329,1722818328,0,1,-15.20093155,147.1655121,502970.5,29,15,63.20000076,2024/8/5 0:38
1722818929,1722818928,0,1,-52.8207283,136.8078766,517801.2813,27,14,-21.39999962,2024/8/5 0:48
1722819529,1722819529,0,1,-82.48202515,44.63739777,523578.3125,27,14,-3.599999905,2024/8/5 0:58
1722820129,1722820129,0,1,-50.34246826,-29.27915382,511080.6875,19,10,11.60000038,2024/8/5 1:08
1722820729,1722820729,0,1,-12.64754295,-39.13784409,493339.8125,18,12,-11.39999962,2024/8/5 1:18
1722821329,1722821329,0,1,25.39371109,-46.85268402,488767.375,16,11,-13.89999962,2024/8/5 1:28
1722821929,1722821929,0,1,62.88495255,-60.5320549,496628.8438,22,12,10.30000019,2024/8/5 1:38
1722822530,1722822529,0,1,76.04977417,163.2736359,501406.3438,29,12,2.700000048,2024/8/5 1:48
1722823130,1722823129,0,1,39.67712784,135.383728,497998.4063,25,14,31.20000076,2024/8/5 1:58
1722823730,1722823729,0,1,1.802114964,126.9224472,498574.3438,24,14,57.09999847,2024/8/5 2:08
1722824330,1722824329,0,1,-36.09102249,118.7417755,511062.9375,21,11,-38.5,2024/8/5 2:18
1722824930,1722824930,0,1,-72.70702362,96.98293304,523079.25,24,12,-2.700000048,2024/8/5 2:28
1722825530,1722825530,0,1,-66.76099396,-43.17886353,518462.375,25,10,10.30000019,2024/8/5 2:38
1722826130,1722826130,0,1,-29.63114738,-59.07154846,500460.3125,16,11,17.10000038,2024/8/5 2:48
1722826730,1722826730,0,1,8.35476017,-66.9102478,488662.4688,19,10,-13.30000019,2024/8/5 2:58
1722827330,1722827330,0,1,46.24481583,-76.12548828,492597.9688,15,12,-34.20000076,2024/8/5 3:08
1722827930,1722827930,0,1,80.97068024,-125.7773514,500578.3438,25,11,0.100000001,2024/8/5 3:18
1722828531,1722828530,0,1,56.43104935,117.991188,500151.4688,27,13,-12.60000038,2024/8/5 3:28
1722829131,1722829130,0,1,18.81588364,106.7258835,497105.9375,18,12,-21.60000038,2024/8/5 3:38
1722829731,1722829730,0,1,-19.12176514,99.10044098,504512.875,20,13,-46.40000153,2024/8/5 3:48
1722830331,1722830330,0,1,-56.64417648,87.78395844,519077.2188,21,11,14.89999962,2024/8/5 3:58
1722830931,1722830931,0,1,-80.98147583,-28.27169037,522954.4688,25,12,-15.60000038,2024/8/5 4:08
1722831531,1722831531,0,1,-46.48006439,-77.9443512,508915.125,26,12,9.300000191,2024/8/5 4:18
1722832131,1722832131,0,1,-8.705746651,-87.17611694,491886.3438,24,11,-7.099999905,2024/8/5 4:28
1722832731,1722832731,0,1,29.32858658,-95.00807953,489157.2188,17,11,-27.89999962,2024/8/5 4:38
1722833331,1722833331,0,1,66.64875793,-110.852005,497586.1875,22,11,-25.89999962,2024/8/5 4:48
1722833931,1722833931,0,1,72.59644318,108.7012558,501497.8125,28,12,-10.5,2024/8/5 4:58
1722834532,1722834531,0,1,35.77196121,87.06058502,497931.8125,20,11,-38,2024/8/5 5:08
1722835132,1722835131,0,1,-2.129420042,78.90610504,499811.875,19,12,-100.4000015,2024/8/5 5:18
1722835732,1722835731,0,1,-39.91028976,70.43718719,512886.6563,17,9,22.5,2024/8/5 5:28
1722836332,1722836331,0,1,-76.12330627,42.40700531,523639.7813,23,10,12.69999981,2024/8/5 5:38
1722836932,1722836932,0,1,-63.0353241,-93.50609589,516865.875,29,12,-16.20000076,2024/8/5 5:48
1722837532,1722837532,0,1,-25.71994591,-107.2275848,498344.625,21,11,-4.099999905,2024/8/5 5:58
1722838132,1722838132,0,1,12.29591179,-114.9443436,488083.8125,23,12,-39.40000153,2024/8/5 6:08
1722838732,1722838732,0,1,50.12783813,-124.777977,493302.0625,24,13,-17.20000076,2024/8/5 6:18
1722839332,1722839332,0,1,82.48799896,161.1450653,500925.9375,27,12,3.5,2024/8/5 6:28
1722839932,1722839932,0,1,52.58254242,68.96924591,499841.3438,22,10,-27.5,2024/8/5 6:38
1722840533,1722840532,0,1,14.88606167,58.6615181,497541.5938,16,11,-47.79999924,2024/8/5 6:48
1722841133,1722841132,0,1,-23.03590012,51.00905228,506186.125,15,10,-4.599999905,2024/8/5 6:58
1722841733,1722841732,0,1,-60.37659073,38.45467758,520384.0938,20,12,32.70000076,2024/8/5 7:08
1722842333,1722842332,0,1,-78.31659698,-91.8404541,522178.25,27,13,-20.70000076,2024/8/5 7:18
1722842933,1722842933,0,1,-42.60843658,-126.4514236,506684.375,22,12,-12.69999981,2024/8/5 7:28
1722843533,1722843533,0,1,-4.765976429,-135.2021484,490463.3125,28,14,-5,2024/8/5 7:38
1722844133,1722844133,0,1,33.25415802,-143.21698,489495.1875,20,12,-27.79999924,2024/8/5 7:48
1722844733,1722844733,0,1,70.33945465,-162.1773682,498283.4688,24,13,-0.699999988,2024/8/5 7:58
1722845333,1722845333,0,1,68.97358704,56.45903015,501364.5625,23,11,-1.600000024,2024/8/5 8:08
1722848334,1722848334,0,1,-59.24955368,-143.1952972,514933.0938,25,12,-29.20000076,2024/8/5 8:58
1722848934,1722848934,0,1,-21.78842354,-155.3462677,496337.2813,23,12,3.900000095,2024/8/5 9:08
1722849534,1722849534,0,1,16.24754906,-163.0005798,487832.75,24,13,7.5,2024/8/5 9:18
1722850134,1722850134,0,1,54.00323105,-173.6452637,494244.6875,23,14,5.199999809,2024/8/5 9:28
1722850734,1722850734,0,1,82.10844421,84.00827026,501298.2813,26,12,7.800000191,2024/8/5 9:38
1722853135,1722853135,85899345,1,-64.21009827,-11.4546051,521265.5313,6,0,9.600000381,2024/8/5 10:18
1722853735,1722853734,0,1,-75.13660431,-148.96698,521074.2188,27,13,-60.40000153,2024/8/5 10:28
1722854335,1722854335,0,1,-38.70537949,-174.846817,504488.875,22,10,15.80000019,2024/8/5 10:38
1722854935,1722854935,0,1,-0.806958318,176.7731323,489487.5313,27,12,24.29999924,2024/8/5 10:48
1722855535,1722855535,0,1,37.18641663,168.5023651,490262.25,21,11,-10.60000038,2024/8/5 10:58
1722856135,1722856135,0,1,73.92140198,144.8284912,499147,25,12,0.300000012,2024/8/5 11:08
1722856735,1722856735,0,1,65.24648285,5.562398434,501147.9688,23,13,43.5,2024/8/5 11:18
1722857335,1722857335,0,1,27.9282856,-9.376092911,497427.625,22,12,39,2024/8/5 11:28
1722857936,1722857935,0,1,-10.00648308,-17.14758873,501654.5938,22,12,7.900000095,2024/8/5 11:38
1722858536,1722858535,0,1,-47.66823578,-26.54512787,515732.9063,19,11,13,2024/8/5 11:48
1722859136,1722859135,0,1,-81.58618164,-82.44994354,523483.8438,25,12,-28.10000038,2024/8/5 11:58
1722859736,1722859735,0,1,-55.41655731,167.5439453,513007.25,24,12,-28.70000076,2024/8/5 12:08
1722860336,1722860336,0,1,-17.83861923,156.5640259,494662.3438,19,10,59.59999847,2024/8/5 12:18
1722860936,1722860936,0,1,20.20669556,148.9188232,488024.0625,18,12,39.70000076,2024/8/5 12:28
1722861536,1722861536,0,1,57.8650589,137.2075043,495355,21,11,13.10000038,2024/8/5 12:38
1722862136,1722862136,0,1,80.04304504,14.50586796,501533.0938,29,13,33.70000076,2024/8/5 12:48
1722862736,1722862736,0,1,44.81126022,-28.40769958,498853.3438,21,11,64.19999695,2024/8/5 12:58
1722863336,1722863336,0,1,6.993621826,-37.4208107,498027.9375,22,14,-10.89999962,2024/8/5 13:08
1722863937,1722863936,0,1,-30.88360977,-45.2991066,508891.4063,19,13,-7.5,2024/8/5 13:18
1722864537,1722864536,0,1,-67.88418579,-62.01107025,521924.8438,22,14,8.899999619,2024/8/5 13:28
1722865137,1722865136,0,1,-71.62714386,157.2307587,519885.0313,28,13,-57,2024/8/5 13:38
1722865737,1722865737,0,1,-34.78202438,136.8457184,502609.375,23,9,-4,2024/8/5 13:48
1722866337,1722866337,0,1,3.16050005,128.7490234,488964.4375,23,10,66,2024/8/5 13:58
1722866937,1722866937,0,1,41.1155014,120.1400146,491301.25,17,10,3,2024/8/5 14:08
1722867537,1722867537,0,1,77.29217529,88.92534637,499933.7813,27,12,-5.300000191,2024/8/5 14:18
1722868137,1722868137,0,1,61.45672226,-44.50132751,500763.6875,26,11,46.70000076,2024/8/5 14:28
1722868737,1722868737,0,1,23.9872551,-57.52037048,497195.75,24,14,-46.70000076,2024/8/5 14:38
1722869337,1722869337,0,1,-13.95487881,-65.19114685,502661.75,23,14,28.70000076,2024/8/5 14:48
1722869938,1722869937,0,1,-51.54128647,-75.26567841,517087.8125,21,12,12.60000038,2024/8/5 14:58
1722870538,1722870537,0,1,-82.58772278,-157.9049072,523293.8438,30,12,-47.59999847,2024/8/5 15:08
1722871138,1722871137,0,1,-51.61865997,118.6139755,511262.4688,25,12,-21.10000038,2024/8/5 15:18
1722871738,1722871738,0,1,-13.88405323,108.4991913,493452.25,22,10,-10.89999962,2024/8/5 15:28
1722872338,1722872338,0,1,24.16059494,100.8115768,488621.0625,15,11,-37.40000153,2024/8/5 15:38
1722872938,1722872938,0,1,61.69576263,87.68042755,496583.5625,23,12,-28.20000076,2024/8/5 15:48
1722873538,1722873538,0,1,77.08078003,-46.29986572,501767.375,24,11,31.70000076,2024/8/5 15:58
1722874138,1722874138,0,1,40.90877914,-76.87158203,498570.7188,20,11,-33.90000153,2024/8/5 16:08
1722874738,1722874738,0,1,3.048715115,-85.44551086,498619.0625,19,11,3.099999905,2024/8/5 16:18
1722875338,1722875338,0,1,-34.79351425,-93.52744293,510458.9375,16,11,-3.200000048,2024/8/5 16:28
1722875939,1722875938,0,1,-71.52624512,-113.7534256,522610.8438,23,12,-33.59999847,2024/8/5 16:38
1722876539,1722876538,0,1,-67.98704529,105.422493,518502.7813,28,13,-12.60000038,2024/8/5 16:48
1722877139,1722877138,0,1,-30.92541122,88.62539673,500711.8125,25,12,-19.70000076,2024/8/5 16:58
1722877739,1722877738,0,1,7.116765022,80.72177124,488671.5625,22,12,-93.09999847,2024/8/5 17:08
1722878339,1722878339,0,1,45.02403641,71.67286682,492443.5625,13,12,-43.5,2024/8/5 17:18
1722878939,1722878939,0,1,80.21511841,27.69840622,500746.2188,26,12,25.5,2024/8/5 17:28
1722879539,1722879539,0,1,57.64089584,-94.0011673,500698.1875,23,12,-45.70000076,2024/8/5 17:38
1722880139,1722880139,0,1,20.05961609,-105.6245193,497308.375,18,12,-26,2024/8/5 17:48
1722880739,1722880739,0,1,-17.87937546,-113.2513199,503979.9688,17,11,-2.099999905,2024/8/5 17:58
1722881339,1722881339,0,1,-55.3754425,-124.203949,518313.4063,19,10,-15,2024/8/5 18:08
1722881940,1722881939,0,1,-81.65078735,126.5543442,522654.625,26,12,-37.90000153,2024/8/5 18:19
1722882540,1722882539,0,1,-47.75620651,69.88683319,509085.1563,23,11,38.40000153,2024/8/5 18:29
1722883140,1722883139,0,1,-10.00193787,60.4669342,492056.375,22,13,-38.20000076,2024/8/5 18:39
1722883740,1722883739,0,1,28.10037804,52.66577911,489009.625,14,14,-20.79999924,2024/8/5 18:49
1722884940,1722884940,0,1,73.70272827,-101.9308777,501849.2813,26,12,-16.60000038,2024/8/5 19:09
1722885540,1722885540,0,1,37.00130463,-125.2246704,498220.0938,19,10,-39,2024/8/5 19:19
1722886140,1722886140,0,1,-0.890936673,-133.466507,499357.0938,16,11,-8.199999809,2024/8/5 19:29
1722886740,1722886740,0,1,-38.68972778,-141.8309326,512008.7813,14,10,-10.89999962,2024/8/5 19:39
1722887340,1722887340,0,1,-75.02226257,-167.447525,523037.7813,26,12,-63.40000153,2024/8/5 19:49
1722887941,1722887940,0,1,-64.26461029,54.80748749,516863.9375,28,14,29.39999962,2024/8/5 19:59
1722888541,1722888540,0,1,-27.00027847,40.45018387,498661.75,25,12,6.599999905,2024/8/5 20:09
1722889141,1722889140,0,1,11.00892639,32.69904327,488121.4063,27,14,-5.199999809,2024/8/5 20:19
1722890941,1722890941,0,1,53.78410339,-143.1199341,500058.7188,15,10,1.399999976,2024/8/5 20:49
1722891541,1722891541,0,1,16.11192322,-153.7002869,497272.5938,20,12,-0.5,2024/8/5 20:59
1722892141,1722892141,0,1,-21.81756592,-161.3401947,505306.0313,14,9,11.10000038,2024/8/5 21:09
1722892741,1722892741,0,1,-59.20202637,-173.4637909,519571.1875,24,11,-43.09999847,2024/8/5 21:19
1722893342,1722893341,0,1,-79.26389313,59.98532104,521978.4688,27,12,8.300000191,2024/8/5 21:29
1722893942,1722893941,0,1,-43.86492538,21.33109474,507093.0313,24,11,32.29999924,2024/8/5 21:39
1722894542,1722894541,0,1,-6.042019844,12.43557358,490823.375,22,12,9.5,2024/8/5 21:49
1722895142,1722895141,0,1,31.98301125,4.485556602,489422.8438,18,13,30.60000038,2024/8/5 21:59
1722895742,1722895742,0,1,69.2105484,-13.40267372,498168.25,25,12,59.09999847,2024/8/5 22:09
1722896342,1722896342,0,1,70.10359955,-154.7843475,501463.0938,29,11,-0.5,2024/8/5 22:19
1722896942,1722896942,0,1,33.06653976,-173.4971161,497627.25,23,13,-10.89999962,2024/8/5 22:29
1722897542,1722897542,0,1,-4.851655006,178.5099182,500055.5,21,13,26,2024/8/5 22:39
1722898142,1722898142,0,1,-42.59897995,169.7702179,513513.6875,24,10,10.80000019,2024/8/5 22:49
1722898742,1722898742,0,1,-78.27239227,135.3209839,523312.75,28,11,-47.79999924,2024/8/5 22:59
1722899343,1722899342,0,1,-60.46825027,4.924359798,515277.875,24,12,16.29999924,2024/8/5 23:09
1722899943,1722899942,0,1,-23.04942894,-7.682095051,496915.3438,19,10,12.89999962,2024/8/5 23:19
1722900543,1722900542,0,1,14.97993183,-15.3516531,487982.7188,22,11,30.29999924,2024/8/5 23:29
1722901143,1722901142,0,1,52.82197571,-25.73983002,494069.7813,18,12,61.59999847,2024/8/5 23:39
1722901743,1722901743,0,1,82.43508911,-119.8849106,501250.5625,29,12,5.199999809,2024/8/5 23:49
1722902343,1722902343,0,1,49.89348984,168.026825,499393.375,28,12,3.700000048,2024/8/5 23:59
1722902943,1722902943,0,1,12.14733028,158.2441864,497324.25,22,13,33.20000076,2024/8/6 0:09
1722903543,1722903543,0,1,-25.7657795,150.5377502,506695.625,28,14,44.5,2024/8/6 0:19
1722904143,1722904143,0,1,-63.01150513,136.8338165,520678.875,24,12,-40.59999847,2024/8/6 0:29
1722904743,1722904743,0,1,-76.14846802,0.995268345,521176.125,24,13,5,2024/8/6 0:39
1722905344,1722905343,0,1,-39.94691086,-27.10283661,505161.9688,20,9,11,2024/8/6 0:49
1722905944,1722905943,0,1,-2.066446781,-35.59075928,489935.5625,23,12,-10.5,2024/8/6 0:59
1722906544,1722906543,0,1,35.9971199,-43.78810501,490193.125,17,8,14.80000019,2024/8/6 1:09
1722907144,1722907143,0,1,72.85256195,-65.80539703,499011.1875,25,12,16,2024/8/6 1:19
1722907744,1722907744,0,1,66.38516998,153.9478302,501202.2188,27,14,6.5,2024/8/6 1:29
1722908344,1722908344,0,1,29.12015724,138.2911224,497275.3438,25,13,40.59999847,2024/8/6 1:39
1722908944,1722908944,0,1,-8.814590454,130.4789886,500976.2813,30,14,47.90000153,2024/8/6 1:49
1722909544,1722909544,0,1,-46.50070572,121.254921,515015.625,22,12,-26,2024/8/6 1:59
1722910144,1722910144,0,1,-80.97163391,71.66946411,523305.375,26,12,4.5,2024/8/6 2:09
1722910744,1722910744,0,1,-56.63144684,-44.47072601,513528.2813,25,10,18.29999924,2024/8/6 2:19
1722911345,1722911344,0,1,-19.08833885,-55.78371429,495318.3438,23,12,7,2024/8/6 2:29
1722911945,1722911944,0,1,18.9526825,-63.42501068,488238.625,21,10,-57.70000076,2024/8/6 2:39
1722912545,1722912544,0,1,56.64145279,-74.76266479,495297.6875,18,13,-36.40000153,2024/8/6 2:49
1722913145,1722913144,0,1,80.79669952,167.5484619,501688.4375,27,12,2.099999905,2024/8/6 2:59
1722913745,1722913745,0,1,45.99259567,119.3721008,499132.6563,27,11,-1.600000024,2024/8/6 3:09
1722914345,1722914345,0,1,8.190275192,110.2048721,497833.7188,22,12,16.60000038,2024/8/6 3:19
1722914945,1722914945,0,1,-29.69727325,102.3777466,508288.6563,20,12,-38.40000153,2024/8/6 3:29
1722915545,1722915545,0,1,-66.76567841,86.49497223,521440.3438,24,13,11.5,2024/8/6 3:39
1722916145,1722916145,0,1,-72.70304871,-53.67676544,519941.7188,29,12,-2.099999905,2024/8/6 3:49
1722916745,1722916745,0,1,-36.02365494,-75.43917084,503008.1563,23,12,11.80000019,2024/8/6 3:59
1722917346,1722917345,0,1,1.907294989,-83.61463165,489092.6875,22,11,5.099999905,2024/8/6 4:09
1722917946,1722917945,0,1,39.87528992,-92.10417938,491076.2188,15,10,-33,2024/8/6 4:19
1722918546,1722918545,0,1,76.26010895,-120.5033569,499879.25,25,12,-7.199999809,2024/8/6 4:29
1722919146,1722919145,0,1,62.60293961,103.6639252,501157.8438,27,13,-29.79999924,2024/8/6 4:39
1722919746,1722919746,0,1,25.17671394,90.13514709,497455.9375,20,11,-52.70000076,2024/8/6 4:49
1722920346,1722920346,0,1,-12.76253128,82.44199371,502504.125,18,11,-65.90000153,2024/8/6 4:59
1722920946,1722920946,0,1,-50.37296677,72.59373474,516633.5313,21,9,36.79999924,2024/8/6 5:09
1722921546,1722921546,0,1,-82.48659515,-1.317484975,523189.9688,26,12,-11.69999981,2024/8/6 5:19
1722922146,1722922146,0,1,-52.78423691,-93.50852203,511522.125,27,12,-7.800000191,2024/8/6 5:29
1722922747,1722922746,0,1,-15.13622665,-103.8526611,493523.6563,22,12,-5.5,2024/8/6 5:39
1722923347,1722923346,0,1,22.91259575,-111.5197525,488188.5313,18,13,-37.70000076,2024/8/6 5:49
1722923947,1722923946,0,1,60.49195099,-124.1530228,496104.9375,20,12,-8.600000381,2024/8/6 5:59
1722924547,1722924546,0,1,78.02758789,104.4552689,501805.5938,27,12,-1.799999952,2024/8/6 6:09
1722925147,1722925147,0,1,42.08013916,70.87097168,498872.3125,20,11,-36.59999847,2024/8/6 6:19
1722925747,1722925747,0,1,4.234336853,62.17876053,498725.5313,22,12,-67.40000153,2024/8/6 6:29
1722926347,1722926347,0,1,-33.61675644,54.16642761,510115.625,13,10,26.20000076,2024/8/6 6:39
1722926947,1722926947,0,1,-70.43999481,35.15256882,522344.625,22,11,20.60000038,2024/8/6 6:49
1722927547,1722927547,0,1,-69.09344482,-105.9650879,518649.8125,27,14,-30.29999924,2024/8/6 6:59
1722928147,1722928147,0,1,-32.10169601,-123.6920013,500815.9688,21,13,-10.80000019,2024/8/6 7:09
1722928748,1722928747,0,1,5.872236729,-131.6386719,488230.9063,24,13,-19,2024/8/6 7:19
1722929348,1722929347,0,1,43.80021667,-140.5374603,491724.5625,21,13,-24.60000038,2024/8/6 7:29
1722929948,1722929947,0,1,79.37062836,-179.7465515,500404.6875,28,13,3.700000048,2024/8/6 7:39
1722930548,1722930547,0,1,58.77710342,54.01521683,500828.5938,22,12,0.899999976,2024/8/6 7:49
1722932348,1722932348,0,1,-54.2315712,23.71899605,517963.875,13,10,35.5,2024/8/6 8:19
1722932948,1722932948,0,1,-82.1175766,-78.37797546,522631.7813,24,12,-28.5,2024/8/6 8:29
1722933548,1722933548,0,1,-48.90765762,-142.2973175,509319.875,25,13,-17.20000076,2024/8/6 8:39
1722934148,1722934148,0,1,-11.17156315,-151.9039764,491908.3125,23,13,4.5,2024/8/6 8:49
1722934749,1722934748,0,1,26.87522125,-159.6564941,488421.5938,19,14,-0.699999988,2024/8/6 8:59
1722935349,1722935348,0,1,64.30957031,-174.0668488,497022.4063,23,13,4.699999809,2024/8/6 9:09
1722935949,1722935948,0,1,74.77830505,47.68803024,501862.3438,25,12,6,2024/8/6 9:19
1722938349,1722938349,0,1,-74.00830841,-17.88209534,522688.5938,27,13,2.799999952,2024/8/6 9:59
1722938949,1722938949,0,1,-65.36788177,-156.89505,517005.4375,26,12,-49.09999847,2024/8/6 10:09
1722939549,1722939549,0,1,-28.15304375,-171.8878021,498735.1875,27,12,29.39999962,2024/8/6 10:19
1722940149,1722940149,0,1,9.852978706,-179.675415,487808.9688,28,11,12.5,2024/8/6 10:29
1722940750,1722940749,0,1,47.72572327,170.8906555,492725.7813,24,12,-4.300000191,2024/8/6 10:39
1722941350,1722941349,0,1,81.73171234,113.0559158,501005.8438,29,13,3.099999905,2024/8/6 10:49
1722941950,1722941949,0,1,54.97325516,4.818665028,500425.5625,22,12,41,2024/8/6 10:59
1722942550,1722942549,0,1,17.26664734,-6.06673336,497474.5,19,12,27.5,2024/8/6 11:09
1722943150,1722943150,0,1,-20.66410637,-13.69787025,504990.7813,18,11,8.800000191,2024/8/6 11:19
1722943750,1722943750,0,1,-58.08366394,-25.44413757,519005.0313,19,12,17.70000076,2024/8/6 11:29
1722944350,1722944350,0,1,-80.06069183,-147.933197,521828.5938,26,12,-51,2024/8/6 11:39
1722944950,1722944950,0,1,-44.99851227,169.0915527,507187.75,28,10,5.400000095,2024/8/6 11:49
1722945550,1722945550,0,1,-7.189353466,160.0558167,490682,27,11,56.79999924,2024/8/6 11:59
1722946150,1722946150,0,1,30.84398842,152.1587372,489084.1875,21,9,14.39999962,2024/8/6 12:09
1722946751,1722946750,0,1,68.08137512,135.2465057,498072.2813,27,11,-2.900000095,2024/8/6 12:19
1722947351,1722947350,0,1,71.21692657,-5.887776852,501784.6875,20,11,53.90000153,2024/8/6 12:29
1722947951,1722947950,0,1,34.2713089,-25.79707909,498012.1875,21,12,40,2024/8/6 12:39
1722948551,1722948550,0,1,-3.700751781,-33.87067032,499938.5,20,14,-6.900000095,2024/8/6 12:49
1722949151,1722949151,0,1,-41.46406937,-42.49084473,512923.8125,17,13,-7.699999809,2024/8/6 12:59
1722949751,1722949751,0,1,-77.37011719,-73.88996124,522844.5313,28,15,-19.60000038,2024/8/6 13:09
1722950351,1722950351,0,1,-61.56887817,153.0184784,515323.5313,26,11,-33,2024/8/6 13:19
1722950951,1722950951,0,1,-24.18639374,139.9619141,497008.25,29,10,30.29999924,2024/8/6 13:29
1722951551,1722951551,0,1,13.84113789,132.2747345,487807.3438,27,11,50,2024/8/6 13:39
1722952151,1722952151,0,1,51.64378357,122.1486664,493891.4063,21,11,1.5,2024/8/6 13:49
1722952752,1722952751,0,1,82.58104706,36.74808502,501426.9688,29,12,20,2024/8/6 13:59
1722953352,1722953351,0,1,51.07848358,-44.116745,499861.7813,24,11,36.09999847,2024/8/6 14:09
1722953952,1722953951,0,1,13.35577869,-54.1176796,497510.9063,20,14,-45.5,2024/8/6 14:19
1722954552,1722954551,0,1,-24.62525749,-61.81025696,506248.6563,18,14,24.89999962,2024/8/6 14:29
1722955152,1722955152,0,1,-61.91641998,-75.00364685,520070.9375,23,12,2.200000048,2024/8/6 14:39
1722955752,1722955752,0,1,-77.09216309,151.1962891,521075.5625,27,11,-57.09999847,2024/8/6 14:49
1722956352,1722956352,0,1,-41.07173538,120.6178741,505378.875,24,10,-32.29999924,2024/8/6 14:59
1722956952,1722956952,0,1,-3.203474998,112.0252457,489940.2188,25,11,37.20000076,2024/8/6 15:09
1722957552,1722957552,0,1,34.80591202,103.9201431,490050.75,18,10,-38.09999847,2024/8/6 15:19
1722958153,1722958152,0,1,71.76676941,83.35228729,499076.625,28,13,-11.69999981,2024/8/6 15:29
1722958753,1722958752,0,1,67.52249146,-57.56943893,501665.5,23,12,23.79999924,2024/8/6 15:39
1722959353,1722959352,0,1,30.32214355,-74.02836609,497770.8438,21,11,-47.09999847,2024/8/6 15:49
1722959953,1722959952,0,1,-7.668821812,-81.89872742,500880.2188,18,12,-1.100000024,2024/8/6 15:59
1722960553,1722960553,0,1,-45.37376022,-90.96710205,514445.0625,20,10,-1.899999976,2024/8/6 16:09
1722961153,1722961153,0,1,-80.28086853,-135.3026123,523000.6875,28,12,-45.90000153,2024/8/6 16:19
1722961753,1722961753,0,1,-57.73854065,103.4943085,513623.125,28,11,-5.199999809,2024/8/6 16:29
1722962353,1722962353,0,1,-20.22394371,91.84997559,495472.5313,25,13,-47.5,2024/8/6 16:39
1722962953,1722962953,0,1,17.81695175,84.20808411,488099.7813,26,12,-74.69999695,2024/8/6 16:49
1722964154,1722964153,0,1,81.45426941,-38.45631027,501937.3438,23,11,33.40000153,2024/8/6 17:09
1722964754,1722964753,0,1,47.18135452,-92.82699585,499643.0938,23,13,-30,2024/8/6 17:19
1722965354,1722965353,0,1,9.398323059,-102.1618423,497917.6875,20,11,-15,2024/8/6 17:29
1722965954,1722965953,0,1,-28.55970192,-109.9586868,507752.25,15,10,-6.5,2024/8/6 17:39
1722966554,1722966554,0,1,-65.68718719,-125.1295242,520919.6563,20,12,-35.5,2024/8/6 17:49
1722967154,1722967154,0,1,-73.71885681,95.54181671,519836.25,29,13,-3.200000048,2024/8/6 17:59
1722967754,1722967754,0,1,-37.1496315,72.25457764,503186.3125,22,11,15.80000019,2024/8/6 18:09
1722968354,1722968354,0,1,0.771401644,63.99920654,489153.8125,26,13,-73.19999695,2024/8/6 18:19
1722970755,1722970754,0,1,26.37587738,-122.2009048,497610.75,19,11,-46,2024/8/6 18:59
1722971355,1722971354,0,1,-11.56165695,-129.9241943,501944.7813,19,11,-9,2024/8/6 19:09
1722971955,1722971955,0,1,-49.26023483,-139.5898285,515859.8438,18,10,-17.10000038,2024/8/6 19:19
1722972555,1722972555,0,1,-82.22098541,154.3738098,522778.25,27,13,-41,2024/8/6 19:29
1722973155,1722973155,0,1,-53.8842659,54.36651611,511605.625,26,14,41,2024/8/6 19:39
1722973755,1722973755,0,1,-16.26039696,43.77074432,493735.375,24,14,-18.20000076,2024/8/6 19:49
1722974355,1722974355,0,1,21.78862572,36.1154213,488077.6875,24,13,8.199999809,2024/8/6 19:59
1722976156,1722976155,0,1,43.25846863,-141.3708954,499022.5313,20,10,-24.29999924,2024/8/6 20:29
1722976756,1722976755,0,1,5.424984932,-150.1951752,498273.7188,22,12,7.900000095,2024/8/6 20:39
1722977356,1722977355,0,1,-32.43991089,-158.1468964,509237.5625,16,10,3.200000048,2024/8/6 20:49
1722977956,1722977956,0,1,-69.40705109,-176.1686859,521742.3438,26,12,-63.20000076,2024/8/6 20:59
1722978556,1722978556,0,1,-70.12388611,42.68823624,518610.7188,25,13,24.10000038,2024/8/6 21:09
1722979156,1722979156,0,1,-33.20664597,23.97881889,501175.5313,19,12,28.89999962,2024/8/6 21:19
1722979756,1722979756,0,1,4.756938457,15.97277546,488393.5938,21,13,5.800000191,2024/8/6 21:29
1722980356,1722980356,0,1,42.69642639,7.197731495,491549.9063,11,12,45.79999924,2024/8/6 21:39
1722980956,1722980956,0,1,78.54469299,-28.35983086,500324.5,27,14,35.20000076,2024/8/6 21:49
1722981556,1722981556,0,1,59.91976547,-157.923233,500879.5625,29,11,14.69999981,2024/8/6 21:59
1722982157,1722982156,0,1,22.40392876,-170.3311157,497239.125,20,13,7.599999905,2024/8/6 22:09
1722982757,1722982756,0,1,-15.53776169,-177.9796906,502964.25,21,11,47.09999847,2024/8/6 22:19
1722983357,1722983356,0,1,-53.09207153,171.615509,517179.9063,28,11,-20.20000076,2024/8/6 22:29
1722983957,1722983956,0,1,-82.41691589,76.93000793,522413.3125,25,13,-1.5,2024/8/6 22:39
1722984557,1722984557,0,1,-49.9864006,5.508318424,509712.125,21,12,24.39999962,2024/8/6 22:49
1722985157,1722985157,0,1,-12.27301121,-4.287149906,492330.2188,23,11,12.89999962,2024/8/6 22:59
1722985757,1722985757,0,1,25.77375984,-12.01187992,488434.0625,20,10,39.20000076,2024/8/6 23:09
1722986357,1722986357,0,1,63.25038528,-25.8716259,496839.9063,23,11,64.80000305,2024/8/6 23:19
1722986957,1722986957,0,1,75.72986603,-162.6358185,501834.0938,28,12,-1,2024/8/6 23:29
1722987557,1722987557,0,1,39.30967712,170.2070007,498371,25,12,-14.5,2024/8/6 23:39
1722988158,1722988157,0,1,1.435151696,161.777298,498702.2813,24,13,44.79999924,2024/8/6 23:49
1722988758,1722988757,0,1,-36.39223099,153.5861969,510740.8438,27,14,10.30000019,2024/8/6 23:59
1722989358,1722989357,0,1,-72.98386383,131.424057,522314.75,28,12,-42.29999924,2024/8/7 0:09
1722989958,1722989958,0,1,-66.39862061,-8.583385468,517272.0313,26,12,8.100000381,2024/8/7 0:19
1722990558,1722990558,0,1,-29.23867416,-24.23510742,499328.5,21,10,5.5,2024/8/7 0:29
1722991158,1722991158,0,1,8.757843018,-32.06123352,488037.4375,24,12,-0.5,2024/8/7 0:39
1722991758,1722991758,0,1,46.64507675,-41.33426666,492537.375,19,11,37.29999924,2024/8/7 0:49
1722992358,1722992358,0,1,81.19400787,-93.04379272,500842.7813,26,11,10.5,2024/8/7 0:59
1722992958,1722992958,0,1,56.04133606,152.7261353,500362.5625,28,11,17.89999962,2024/8/7 1:09
1722993559,1722993558,0,1,18.41969299,141.5699463,497104.5313,23,14,49.59999847,2024/8/7 1:19
1722994159,1722994158,0,1,-19.51786041,133.9428558,504218.1875,21,13,32.5,2024/8/7 1:29
1722994759,1722994758,0,1,-56.97322083,122.5405502,518439.875,23,14,-24.10000038,2024/8/7 1:39
1722995359,1722995358,0,1,-80.74134827,4.538681507,521902.5313,30,12,-7.300000191,2024/8/7 1:49
1722995959,1722995959,0,1,-46.06475067,-43.15604019,507825.5938,23,9,-4.099999905,2024/8/7 1:59
1722996559,1722996559,0,1,-8.275979996,-52.33256149,491231.7813,22,11,-18.60000038,2024/8/7 2:09
1722997159,1722997159,0,1,29.75902748,-60.18333817,489169.75,20,11,-41.5,2024/8/7 2:19
1722997759,1722997759,0,1,67.05417633,-76.31524658,498011.6563,22,11,-24.20000076,2024/8/7 2:29
1722998359,1722998359,0,1,72.21277618,143.0072174,501935.2813,30,11,-1,2024/8/7 2:39
1722998959,1722998959,0,1,35.35617447,121.8790436,498080.5,21,13,10,2024/8/7 2:49
1722999560,1722999559,0,1,-2.54745841,113.7514877,499479.5938,24,14,43.09999847,2024/8/7 2:59
1723000160,1723000159,0,1,-40.32862091,105.2432938,512229.8438,21,11,-27.60000038,2024/8/7 3:09
1723000760,1723000759,0,1,-76.43314362,76.46418762,522488.3125,28,12,3.599999905,2024/8/7 3:19
1723001360,1723001359,0,1,-62.60766983,-58.88151169,515529.2813,29,12,21.79999924,2024/8/7 3:29
1723001960,1723001960,0,1,-25.26473236,-72.40039825,497400.0313,23,10,18.20000076,2024/8/7 3:39
1723002560,1723002560,0,1,12.75785828,-80.10740662,487863.375,22,11,-1,2024/8/7 3:49
1723003160,1723003160,0,1,50.58000183,-90.02448273,493727.0625,18,12,-35.70000076,2024/8/7 3:59
1723003760,1723003760,0,1,82.54833984,-167.4091187,501487.4063,26,13,4.5,2024/8/7 4:09
1723004360,1723004360,0,1,52.14381027,103.7144547,500215.3125,25,12,-38.40000153,2024/8/7 4:19
1723004960,1723004960,0,1,14.44241619,93.50057983,497604.2188,15,11,-59.90000153,2024/8/7 4:29
1723005561,1723005560,0,1,-23.47950363,85.84241486,505902.75,21,11,-36.5,2024/8/7 4:39
1723006161,1723006160,0,1,-60.81193542,73.11756134,519651.625,19,10,26.60000038,2024/8/7 4:49
1723006761,1723006760,0,1,-78.00908661,-58.15716171,521086.7188,26,13,-16.10000038,2024/8/7 4:59
1723007361,1723007360,0,1,-42.1425705,-91.66307831,505595.5313,24,12,-2,2024/8/7 5:09
1723007961,1723007961,0,1,-4.286340237,-100.3632889,489920.6563,25,12,-14.39999962,2024/8/7 5:19
1723008561,1723008561,0,1,33.73265839,-108.4035263,489618.4375,21,14,-23.20000076,2024/8/7 5:29
1723009161,1723009161,0,1,70.78050995,-127.8249588,498771.2813,24,14,-10.10000038,2024/8/7 5:39
1723009761,1723009761,0,1,68.53385925,90.8913269,501813.5,27,11,-17.10000038,2024/8/7 5:49
1723010361,1723010361,0,1,31.39467239,73.63056946,497988.125,20,12,-43.09999847,2024/8/7 5:59
1723010961,1723010961,0,1,-6.526790142,65.72566223,500804.3125,22,12,-64,2024/8/7 6:09
1723011562,1723011561,0,1,-44.24798584,56.79971695,514059.4063,17,9,39.09999847,2024/8/7 6:19
1723012162,1723012161,0,1,-79.51057434,16.94992256,522851.0625,27,12,0.899999976,2024/8/7 6:29
1723012762,1723012761,0,1,-58.8444252,-108.4972382,513834.0313,26,12,-19.29999924,2024/8/7 6:39
1723013362,1723013361,0,1,-21.29777336,-120.518692,495432.6563,24,13,-6.099999905,2024/8/7 6:49
1723013962,1723013962,0,1,16.74503136,-128.1676025,487571.7813,24,13,-40.09999847,2024/8/7 6:59
1723014562,1723014562,0,1,54.4902916,-138.9274902,494516.6563,21,14,-2.099999905,2024/8/7 7:09
1723015162,1723015162,0,1,81.92919922,115.605278,501755.5313,26,13,4,2024/8/7 7:19
1723015762,1723015762,0,1,48.22901154,54.9486618,499833.4063,18,9,-20.29999924,2024/8/7 7:29
1723017563,1723017562,0,1,-64.61329651,23.16414833,520652.875,18,11,19.89999962,2024/8/7 7:59
1723018163,1723018162,0,1,-74.70941162,-115.0108414,519977.5625,27,12,-34.90000153,2024/8/7 8:09
1723018763,1723018762,0,1,-38.26783752,-140.03479,503374.25,20,13,-11.10000038,2024/8/7 8:19
1723019363,1723019362,0,1,-0.29238832,-148.3908997,488798.4063,21,14,11.39999962,2024/8/7 8:29
1723019963,1723019963,0,1,37.70036316,-156.699646,490233.4063,18,11,-16.29999924,2024/8/7 8:39
1723020563,1723020563,0,1,74.37679291,178.8462372,499494.8125,27,13,1.5,2024/8/7 8:49
1723021163,1723021163,0,1,64.76054382,40.09161377,501561.7813,17,12,12.80000019,2024/8/7 8:59
1723023564,1723023563,42949672,1,-81.81459045,-50.69109344,522634.7813,24,12,-24.29999924,2024/8/7 9:39
1723024164,1723024163,0,1,-54.97216797,-157.7314453,511820.1875,27,12,-26.20000076,2024/8/7 9:49
1723024764,1723024763,0,1,-17.30937767,-168.6092224,493669,23,12,22.79999924,2024/8/7 9:59
1723025364,1723025364,0,1,20.74282837,-176.2575684,487661.375,18,12,3.400000095,2024/8/7 10:09
1723025964,1723025964,0,1,58.38761139,171.8627777,495568.5,19,10,2.900000095,2024/8/7 10:19
1723026564,1723026564,0,1,79.68148041,47.18367004,501995.6875,29,13,14.10000038,2024/8/7 10:29
1723028364,1723028364,0,1,-31.39953995,-10.4889183,508855.0938,18,12,15.30000019,2024/8/7 10:59
1723028965,1723028964,0,1,-68.37420654,-27.59427834,521271.5625,23,12,4.300000191,2024/8/7 11:09
1723029565,1723029564,0,1,-71.14048004,-168.5416718,518627.0313,26,12,-64.69999695,2024/8/7 11:19
1723030165,1723030164,0,1,-34.30270386,171.6596832,501236.2188,23,11,36.79999924,2024/8/7 11:29
1723030765,1723030764,0,1,3.718121767,163.5782318,488139.6563,21,11,39.5,2024/8/7 11:39
1723031365,1723031365,0,1,41.67180252,154.9117279,491198.375,19,11,8.5,2024/8/7 11:49
1723031965,1723031965,0,1,77.7403717,122.2748032,500300.8438,27,12,-1.299999952,2024/8/7 11:59
1723032565,1723032565,0,1,60.92157745,-9.904036522,501217.4063,24,12,58.09999847,2024/8/7 12:09
1723033165,1723033165,0,1,23.44069862,-22.70265198,497504.375,20,14,23.89999962,2024/8/7 12:19
1723033765,1723033765,0,1,-14.49876499,-30.36537552,502766.25,21,15,-7.099999905,2024/8/7 12:29
1723034365,1723034365,0,1,-52.07638168,-40.55112457,516640.2188,18,12,5.199999809,2024/8/7 12:39
1723034966,1723034965,0,1,-82.5694809,-127.2880173,522196.4375,25,14,-41.59999847,2024/8/7 12:49
1723035566,1723035565,0,1,-51.06196213,153.330307,509842.5,26,10,-17.79999924,2024/8/7 12:59
1723036166,1723036165,0,1,-13.36745644,143.3348846,492289.8438,22,12,66.30000305,2024/8/7 13:09
1723036766,1723036765,0,1,24.74704933,135.6205597,488137.7188,22,11,38,2024/8/7 13:19
1723037366,1723037366,0,1,62.2628212,122.2330475,496690.2188,22,12,-14,2024/8/7 13:29
1723037966,1723037966,0,1,76.59643555,-12.84875202,502019.7188,23,11,39.79999924,2024/8/7 13:39
1723038566,1723038566,0,1,40.33180237,-42.09889984,498706.9688,20,13,26,2024/8/7 13:49
1723039166,1723039166,0,1,2.468776703,-50.61904144,498710.5313,20,14,-29.29999924,2024/8/7 13:59
1723039766,1723039766,0,1,-35.36900711,-58.73919296,510246.8438,17,12,17.10000038,2024/8/7 14:09
1723040366,1723040366,0,1,-72.05751801,-79.63019562,521885.375,27,12,-12.19999981,2024/8/7 14:19
1723040967,1723040966,0,1,-67.42739105,139.7977142,517338.9063,28,10,-40.59999847,2024/8/7 14:29
1723041567,1723041566,0,1,-30.32243919,123.4233475,499554.0938,26,11,-22,2024/8/7 14:39
1723042167,1723042166,0,1,7.668485165,115.5559998,487952.5625,27,10,37.5,2024/8/7 14:49
1723042767,1723042766,0,1,45.63422012,106.4131012,492400.3125,23,12,-40.20000076,2024/8/7 14:59
1723043367,1723043367,0,1,80.6047821,59.73273849,500958.1563,28,11,11.19999981,2024/8/7 15:09
1723043967,1723043967,0,1,57.04391861,-59.3708992,500822.4688,25,13,2.700000048,2024/8/7 15:19
1723044567,1723044567,0,1,19.45013428,-70.81134796,497429.7188,18,12,-35,2024/8/7 15:29
1723045167,1723045167,0,1,-18.48732567,-78.4362793,503987.5313,20,13,11.10000038,2024/8/7 15:39
1723045767,1723045767,0,1,-55.97088623,-89.54925537,517959.4063,18,11,-7.5,2024/8/7 15:49
1723046367,1723046367,0,1,-81.3506012,157.8141174,521763.125,29,12,-42.29999924,2024/8/7 15:59
1723046968,1723046967,0,1,-47.1386528,104.6116867,507981.4063,32,12,-12.5,2024/8/7 16:09
1723047568,1723047567,0,1,-9.365456581,95.28412628,491274.9688,25,11,-44.59999847,2024/8/7 16:19
1723048168,1723048167,0,1,28.67560005,87.47640991,488908.2813,22,11,-29.60000038,2024/8/7 16:29
1723048768,1723048767,0,1,66.08578491,71.99723816,497890.625,27,11,-15.5,2024/8/7 16:39
1723049368,1723049368,0,1,73.13813019,-68.04037476,502205.6875,25,12,14.39999962,2024/8/7 16:49
1723049968,1723049968,0,1,36.37731934,-90.45082092,498481.625,19,13,-29.70000076,2024/8/7 16:59
1723050568,1723050568,0,1,-1.516903281,-98.64530945,499489.0625,17,12,-13.60000038,2024/8/7 17:09
1723051168,1723051168,0,1,-39.31012344,-107.0602646,511805.1875,14,10,-9.699999809,2024/8/7 17:19
1723051768,1723051768,0,1,-75.56704712,-133.7978516,522243.2188,22,10,-41.20000076,2024/8/7 17:29
1723052368,1723052368,0,1,-63.65190506,89.27375031,515663.375,31,12,7.800000191,2024/8/7 17:39
1723052969,1723052968,0,1,-26.34996414,75.24417114,497594.2188,24,12,-10.30000019,2024/8/7 17:49
1723053569,1723053568,0,1,11.66907501,67.51172638,487792.125,27,12,-81.30000305,2024/8/7 17:59
1723054769,1723054769,0,1,82.37433624,-12.24321461,501565.4688,22,12,30.89999962,2024/8/7 18:19
1723055369,1723055369,0,1,53.15007401,-108.4576263,500531.25,26,10,-22.60000038,2024/8/7 18:29
1723055969,1723055969,0,1,15.47002029,-118.8890762,497598.3125,17,11,-44.79999924,2024/8/7 18:39
1723056569,1723056569,0,1,-22.45624352,-126.5337524,505347.2188,19,10,-10.39999962,2024/8/7 18:49
1723057169,1723057169,0,1,-59.82512283,-138.8790894,519048.9063,24,12,-29.70000076,2024/8/7 18:59
1723057769,1723057769,0,1,-78.78770447,92.55606842,520867.1875,28,13,-4.400000095,2024/8/7 19:09
1723058369,1723058369,0,1,-43.20948029,56.06580353,505772.7188,23,12,38.09999847,2024/8/7 19:19
1723058970,1723058969,0,1,-5.367235184,47.24767685,490038.4063,23,14,-42.29999924,2024/8/7 19:29
1723059570,1723059567,0,1,32.6583786,39.26494598,489355.6563,8,12,18.10000038,2024/8/7 19:39
1723060770,1723060770,0,1,69.48267365,-120.613533,501970.3438,29,11,-13.19999981,2024/8/7 19:59
1723061370,1723061370,0,1,32.40704727,-138.7188568,498022.2188,22,11,-31.5,2024/8/7 20:09
1723061970,1723061970,0,1,-5.510920048,-146.6751862,500261.5,23,12,6.699999809,2024/8/7 20:19
1723062570,1723062570,0,1,-43.25041962,-155.4861145,513299.625,22,11,-6.300000191,2024/8/7 20:29
1723063170,1723063170,0,1,-78.77890778,168.0616302,522447.75,26,11,-52.70000076,2024/8/7 20:39
1723063770,1723063770,0,1,-59.81488419,39.4695816,513930.1875,25,12,33.79999924,2024/8/7 20:49
1723064371,1723064370,0,1,-22.36251831,27.11266518,495745.375,24,12,14.89999962,2024/8/7 20:59
1723064971,1723064970,0,1,15.67640305,19.45178795,487544.3438,18,14,10.5,2024/8/7 21:09
1723065571,1723065570,0,1,53.44343567,8.938150406,494299.4063,15,13,39.90000153,2024/8/7 21:19
1723066171,1723066170,0,1,82.26860046,-90.03926849,501718.0938,28,12,13.60000038,2024/8/7 21:29
1723066771,1723066771,0,1,49.21813583,-157.2835388,499801.5313,27,11,4.300000191,2024/8/7 21:39
1723067371,1723067371,0,1,11.46587467,-166.9468689,497590.9688,23,12,12.89999962,2024/8/7 21:49
1723067971,1723067971,0,1,-26.44311714,-174.6697388,506653.9063,28,11,33.70000076,2024/8/7 21:59
1723068571,1723068571,0,1,-63.6666069,171.2978058,520055.9688,27,11,-46.70000076,2024/8/7 22:09
1723069171,1723069171,0,1,-75.5603714,34.39855957,519924.0625,30,13,13.10000038,2024/8/7 22:19
1723069771,1723069771,0,1,-39.24712372,7.644380093,503780.9063,20,9,21.60000038,2024/8/7 22:29
1723070372,1723070371,0,1,-1.348518372,-0.782638311,489098.9063,22,12,18.10000038,2024/8/7 22:39
1723070972,1723070971,0,1,36.6506958,-9.014191628,490117.1563,18,12,49,2024/8/7 22:49
1723071572,1723071571,0,1,73.43991852,-31.91044426,499335.375,26,12,47.70000076,2024/8/7 22:59
1723072172,1723072171,0,1,65.70644379,-171.7064972,501531.3438,30,12,4,2024/8/7 23:09
1723072772,1723072772,0,1,28.41295624,173.074707,497519.8438,26,12,-6.599999905,2024/8/7 23:19
1723073372,1723073372,0,1,-9.521728516,165.2870941,501062.0938,26,12,57.59999847,2024/8/7 23:29
1723073972,1723073972,0,1,-47.19795227,155.959671,514743.875,28,12,-13,2024/8/7 23:39
1723074572,1723074572,0,1,-81.35612488,102.6605225,522425.9063,26,12,-17.20000076,2024/8/7 23:49
1723075172,1723075172,0,1,-55.92448425,-9.869236946,512187.75,27,12,23.10000038,2024/8/7 23:59
1723075772,1723075772,0,1,-18.35191154,-20.98711586,494188.625,19,10,-1.600000024,2024/8/8 0:09
1723076373,1723076372,0,1,19.69696426,-28.63112259,487725.6563,21,12,17.89999962,2024/8/8 0:19
1723076973,1723076972,0,1,57.36888504,-40.18638992,495320.2188,21,11,48.59999847,2024/8/8 0:29
1723077573,1723077572,0,1,80.37799835,-160.8338623,501838.4063,29,12,1.299999952,2024/8/8 0:39
1723078173,1723078172,0,1,45.25970459,154.0783997,499151.4375,25,12,8.399999619,2024/8/8 0:49
1723078773,1723078773,0,1,7.449131489,145.0084686,497788.9063,24,14,60.09999847,2024/8/8 0:59
1723079373,1723079373,0,1,-30.43459511,137.1494141,508128.5313,29,13,5.5,2024/8/8 1:09
1723079973,1723079973,0,1,-67.46776581,120.7556458,520907.5313,28,13,-28.5,2024/8/8 1:19
1723080573,1723080573,0,1,-72.02101898,-19.82766724,518861.4688,28,13,0.5,2024/8/8 1:29
1723081173,1723081173,0,1,-35.2651825,-40.6864357,501891.2813,21,10,-7.300000191,2024/8/8 1:39
1723081773,1723081773,0,1,2.679658413,-48.81433487,488550.8438,17,11,-29.60000038,2024/8/8 1:49
1723082374,1723082373,0,1,40.64157104,-57.37752533,491185.8125,17,11,-20.70000076,2024/8/8 1:59
1723082974,1723082973,0,1,76.89961243,-87.45539856,500234.5,27,12,2.099999905,2024/8/8 2:09
1723083574,1723083573,0,1,61.9263382,138.1512604,501322.375,27,10,7.5,2024/8/8 2:19
1723084174,1723084173,0,1,24.41520882,124.9152069,497354.6563,22,14,26.10000038,2024/8/8 2:29
1723084774,1723084774,0,1,-13.52660465,117.2367325,502169.4375,22,14,10.39999962,2024/8/8 2:39
1723085374,1723085374,0,1,-51.12836456,107.2437515,516008.25,23,12,-10.89999962,2024/8/8 2:49
1723085974,1723085974,0,1,-82.57422638,27.62779427,522010.9375,28,12,-1.600000024,2024/8/8 2:59
1723086574,1723086574,0,1,-52.00779724,-58.88259506,510174.5938,26,12,11.69999981,2024/8/8 3:09
1723087174,1723087174,0,1,-14.33405685,-69.06432343,492659.3438,21,10,39,2024/8/8 3:19
1723087774,1723087774,0,1,23.71706581,-76.74504852,488172.3438,19,11,-30.79999924,2024/8/8 3:29
1723088375,1723088374,0,1,61.26759338,-89.69514465,496595.4063,22,12,-46.79999924,2024/8/8 3:39
1723088975,1723088974,0,1,77.44307709,137.2650604,502183,27,11,1.200000048,2024/8/8 3:49
1723089575,1723089574,0,1,41.29465866,105.5880051,498984.9063,19,10,-44.5,2024/8/8 3:59
1723090175,1723090175,0,1,3.441896677,96.97584534,498599,22,11,-25.89999962,2024/8/8 4:09
1723090775,1723090775,0,1,-34.40559769,88.91747284,509817.4688,17,12,-14.10000038,2024/8/8 4:19
1723091375,1723091375,0,1,-71.17617035,69.09886169,521537.4375,25,12,16.60000038,2024/8/8 4:29
1723091975,1723091975,0,1,-68.33539581,-71.85884857,517380.625,28,13,2.200000048,2024/8/8 4:39
1723092575,1723092575,0,1,-31.28362274,-88.93844604,499693.8125,25,12,0,2024/8/8 4:49
1723093175,1723093175,0,1,6.702429771,-96.84658051,487832.9688,26,12,-8.100000381,2024/8/8 4:59
1723093775,1723093775,0,1,44.62026596,-105.8444519,492011.4688,18,12,-14.69999981,2024/8/8 5:09
1723094376,1723094375,0,1,79.94483185,-148.1470795,500835.4688,26,12,-0.200000003,2024/8/8 5:19
1723094976,1723094975,0,1,58.04196548,88.5623703,501068.4063,25,12,-36.29999924,2024/8/8 5:29
1723095576,1723095575,0,1,20.41274261,76.79953003,497589.0938,18,12,-65.5,2024/8/8 5:39
1723096176,1723096176,0,1,-17.52440262,69.17153931,503787.1563,21,11,-28.89999962,2024/8/8 5:49
1723096776,1723096776,0,1,-55.03181076,58.30741119,517601.5625,18,11,37.79999924,2024/8/8 5:59
1723097376,1723097376,0,1,-81.80267334,-48.92986298,521696.875,25,13,-23.70000076,2024/8/8 6:09
1723097976,1723097976,0,1,-48.08485794,-107.6432953,508098.875,26,11,-9.899999619,2024/8/8 6:19
1723098576,1723098576,0,1,-10.3253231,-117.1159286,491088.9375,25,13,-10.19999981,2024/8/8 6:29
1723099176,1723099176,0,1,27.72297287,-124.8929138,488373.125,21,14,-44.70000076,2024/8/8 6:39
1723099777,1723099776,0,1,65.1203537,-139.7612457,497372.0938,23,15,10.60000038,2024/8/8 6:49
1723100377,1723100376,0,1,74.0385437,81.07546997,502186.8125,29,12,-8.399999619,2024/8/8 6:59
1723102777,1723102777,0,1,-74.74643707,15.53055191,522009.4063,23,12,16.39999962,2024/8/8 7:39
1723103377,1723103377,0,1,-64.55809784,-122.6089478,515747.125,27,14,-32.79999924,2024/8/8 7:49
1723103977,1723103977,0,1,-27.2942009,-137.1289368,497553.5,21,11,-12.19999981,2024/8/8 7:59
1723104577,1723104577,0,1,10.72418499,-144.8892822,487284.4063,22,14,-5.099999905,2024/8/8 8:09
1723105177,1723105177,0,1,48.58577347,-154.4584351,492853.1563,22,13,0.400000006,2024/8/8 8:19
1723105778,1723105777,0,1,82.07918549,142.2923431,501307.9688,28,13,5.5,2024/8/8 8:29
1723106378,1723106377,0,1,54.12717438,39.38604355,500650.2188,15,10,10.10000038,2024/8/8 8:39
1723107578,1723107578,0,1,-21.52195358,21.07716751,505099.1563,8,9,20.60000038,2024/8/8 8:59
1723108178,1723108178,0,1,-58.91927719,9.053293228,518692.3438,20,11,18.70000076,2024/8/8 9:09
1723108778,1723108778,0,1,-79.46611786,-116.5817413,520818.1875,25,12,-37.90000153,2024/8/8 9:19
1723109378,1723109378,0,1,-44.13061523,-156.2309418,505860.0938,24,10,-7.199999809,2024/8/8 9:29
1723109978,1723109978,0,1,-6.298743248,-165.1588287,489790.375,29,12,15.89999962,2024/8/8 9:39
1723110578,1723110578,0,1,31.73536491,-173.0968628,488937.4375,21,14,-9.300000191,2024/8/8 9:49
1723111178,1723111178,0,1,68.92002869,169.2922516,498341.7813,24,12,5.699999809,2024/8/8 9:59
1723111779,1723111778,0,1,70.39792633,27.94682884,502099.0938,18,11,22.20000076,2024/8/8 10:09
1723112979,1723112978,0,1,-4.519526482,0.928756654,500173.5625,23,12,16.10000038,2024/8/8 10:29
1723113579,1723113578,0,1,-42.33467484,-7.793829918,512870.6563,18,10,23.39999962,2024/8/8 10:39
1723114179,1723114179,0,1,-78.07270813,-41.50928116,522083.6563,26,11,-15.10000038,2024/8/8 10:49
1723114779,1723114779,0,1,-60.70524216,-172.5765839,513928.5,26,11,-45,2024/8/8 10:59
1723115379,1723115379,0,1,-23.27975845,174.7231903,495633.7188,22,10,53.5,2024/8/8 11:09
1723115979,1723115979,0,1,14.75986862,167.0496368,487200.9375,28,12,20,2024/8/8 11:19
1723116579,1723116579,0,1,52.54766083,156.7340698,493974.25,21,12,23.70000076,2024/8/8 11:29
1723117179,1723117179,0,1,82.48642731,64.61750031,501778.5,27,12,13.5,2024/8/8 11:39
1723117780,1723117779,0,1,50.18110275,-9.506563187,500138.2813,24,11,58,2024/8/8 11:49
1723118380,1723118379,0,1,12.44766521,-19.33983803,497727.0313,21,12,20.10000038,2024/8/8 11:59
1723118980,1723118979,0,1,-25.46498108,-27.03841019,506330.4375,22,14,-2.299999952,2024/8/8 12:09
1723119580,1723119580,0,1,-62.78924179,-40.64898682,519532.125,21,11,18.10000038,2024/8/8 12:19
1723120180,1723120180,0,1,-76.33279419,-176.1396484,519783.0938,29,13,-59.5,2024/8/8 12:29
1723120780,1723120780,0,1,-40.14897156,155.3112946,503786.0938,26,10,1.799999952,2024/8/8 12:39
1723121380,1723121380,0,1,-2.257876635,146.8040466,488882.1563,25,12,79.09999847,2024/8/8 12:49
1723121980,1723121980,0,1,35.75071716,138.6353912,489788.7813,19,9,42.09999847,2024/8/8 12:59
1723122580,1723122580,0,1,72.62819672,116.933403,499272.4063,27,12,-9.199999809,2024/8/8 13:09
1723123180,1723123180,0,1,66.62662506,-23.46862221,501769.1875,28,13,63.20000076,2024/8/8 13:19
1723123781,1723123780,0,1,29.38130569,-39.28838348,497757.0313,20,12,15.80000019,2024/8/8 13:29
1723124381,1723124380,0,1,-8.548932076,-47.10980988,500900.25,21,14,-21.79999924,2024/8/8 13:39
1723124981,1723124980,0,1,-46.24253845,-56.29817581,514183.5625,19,12,1.100000024,2024/8/8 13:49
1723125581,1723125581,0,1,-80.86278534,-104.9827805,522100.9688,26,12,-32,2024/8/8 13:59
1723126181,1723126181,0,1,-56.80258942,137.9755707,512240.3438,25,10,-26.60000038,2024/8/8 14:09
1723126781,1723126781,0,1,-19.25130653,126.6108475,494232.5625,26,13,19.70000076,2024/8/8 14:19
1723127381,1723127381,0,1,18.79814529,118.9689255,487579.1875,24,10,22.60000038,2024/8/8 14:29
1723127981,1723127981,0,1,56.49312973,107.6757507,495254,18,12,-33,2024/8/8 14:39
1723128581,1723128581,0,1,80.92585754,-8.96227169,502035.25,26,12,32.79999924,2024/8/8 14:49
1723129181,1723129181,0,1,46.2144928,-58.19358063,499572.3438,24,11,-9.800000191,2024/8/8 14:59
1723129782,1723129781,0,1,8.419103622,-67.38951874,497909.6563,21,12,-12.60000038,2024/8/8 15:09
1723130382,1723130381,0,1,-29.47088242,-75.20765686,507709.8125,16,12,15,2024/8/8 15:19
1723130982,1723130981,0,1,-66.55756378,-90.94734955,520443.5313,22,13,-18.10000038,2024/8/8 15:29
1723131582,1723131582,0,1,-72.83503723,128.9051056,518762.4688,28,12,-38.09999847,2024/8/8 15:39
1723132182,1723132182,0,1,-36.15725327,106.9560699,501983.5,24,13,-38.09999847,2024/8/8 15:49
1723132782,1723132782,0,1,1.78121829,98.77065277,488461,17,12,-13.19999981,2024/8/8 15:59
1723133382,1723133382,0,1,39.75345993,90.29258728,491005.3125,16,10,-64.90000153,2024/8/8 16:09
1723133982,1723133982,0,1,76.15478516,62.15594101,500244.9688,27,12,1.600000024,2024/8/8 16:19
1723134582,1723134582,0,1,62.7912941,-73.8452301,501684.1875,27,13,-27.29999924,2024/8/8 16:29
1723135183,1723135182,0,1,25.37720299,-87.46009064,497653.6563,18,10,-26.29999924,2024/8/8 16:39
1723135783,1723135782,0,1,-12.56170654,-95.15696716,502011.1563,23,11,-9.100000381,2024/8/8 16:49
1723136383,1723136382,0,1,-50.18294525,-104.9702682,515584.8438,21,9,-10.5,2024/8/8 16:59
1723136983,1723136982,0,1,-82.46762848,-178.0569305,521861.75,25,12,-47,2024/8/8 17:09
1723137583,1723137583,0,1,-52.8873558,88.89452362,510271.375,27,12,14.89999962,2024/8/8 17:19
1723138183,1723138183,0,1,-15.23096848,78.52722931,492772.0313,23,12,-54.79999924,2024/8/8 17:29
1723138783,1723138783,0,1,22.82216072,70.86100006,488024.4063,17,13,-53.70000076,2024/8/8 17:39
1723139983,1723139983,0,1,78.15489197,-72.67668152,502410.4375,24,12,10.69999981,2024/8/8 17:59
1723140583,1723140583,0,1,42.24877548,-106.7165298,499257.2188,22,11,-12.80000019,2024/8/8 18:09
1723141184,1723141183,0,1,4.407108307,-115.4263687,498456.7813,19,12,-29.39999962,2024/8/8 18:19
1723141784,1723141783,0,1,-33.45069122,-123.4295883,509182.9375,14,10,-11.5,2024/8/8 18:29
1723142384,1723142383,0,1,-70.29676056,-142.2953339,521023.7188,24,11,-53.40000153,2024/8/8 18:39
1723142984,1723142983,0,1,-69.22559357,76.54842377,517265.0938,25,14,16.29999924,2024/8/8 18:49
1723143584,1723143584,0,1,-32.16759491,58.68645859,499804,20,12,20.89999962,2024/8/8 18:59
1723144184,1723144184,0,1,5.812581539,50.73594284,487864.5938,23,14,-51.59999847,2024/8/8 19:09
1723145384,1723144574,0,1,79.32424927,2.864550114,500856.9688,4,0,35.70000076,2024/8/8 19:29
1723145984,1723145984,0,1,58.90742493,-123.5480042,501260.25,27,12,-11.5,2024/8/8 19:39
1723146584,1723146584,0,1,21.36624908,-135.5875092,497498.4063,19,11,-31.29999924,2024/8/8 19:49
1723147185,1723147184,0,1,-16.57375526,-143.2233582,503148.4688,24,11,-3.799999952,2024/8/8 19:59
1723147785,1723147784,0,1,-54.10809708,-153.860733,516858.5313,25,10,-23.10000038,2024/8/8 20:09
1723148385,1723148384,0,1,-82.15579987,104.7795181,521347.6875,28,12,-20.39999962,2024/8/8 20:19
1723148985,1723148984,0,1,-48.94597626,40.08174515,508182.0313,23,13,44.09999847,2024/8/8 20:29
1723149585,1723149585,0,1,-11.20180798,30.46769905,491268.4375,21,13,-10.19999981,2024/8/8 20:39
1723150185,1723150185,0,1,26.84808922,22.71563339,488295.1875,16,14,20.60000038,2024/8/8 20:49
1723150785,1723150785,0,1,64.28173828,8.320988655,497231.5,6,0,41.29999924,2024/8/8 20:59
1723151385,1723151385,0,1,74.80825043,-129.8787384,502245.4375,24,12,-4.099999905,2024/8/8 21:09
1723151985,1723151985,0,1,38.25388336,-155.1201172,498615.1875,21,12,-17.10000038,2024/8/8 21:19
1723152585,1723152585,0,1,0.373411655,-163.4594574,498897.8125,18,12,15.60000038,2024/8/8 21:29
1723153186,1723153185,0,1,-37.44439316,-171.7263947,510634.875,21,9,14.39999962,2024/8/8 21:39
1723153786,1723153785,0,1,-73.93379211,164.6320343,521520.375,29,12,-51.29999924,2024/8/8 21:49
1723154386,1723154385,0,1,-65.43630981,25.53268242,515805.4688,28,12,18.70000076,2024/8/8 21:59
1723154986,1723154985,0,1,-28.1518364,10.4812746,497899.25,19,12,25.60000038,2024/8/8 22:09
1723155586,1723155586,0,1,9.859581947,2.692983389,487452.5938,22,11,24.39999962,2024/8/8 22:19
1723156186,1723156186,0,1,47.73241043,-6.741849899,492771.0625,19,12,51.90000153,2024/8/8 22:29
1723156786,1723156786,0,1,81.73339844,-64.59593201,501264.4063,29,13,15.30000019,2024/8/8 22:39
1723157386,1723157386,0,1,54.97350311,-172.8120575,500583,29,12,6.400000095,2024/8/8 22:49
1723157986,1723157986,0,1,17.3309803,176.3162537,497260.5625,21,12,8.800000191,2024/8/8 22:59
1723158586,1723158586,0,1,-20.60376549,168.6851349,504279.8438,24,11,48.79999924,2024/8/8 23:09
1723159187,1723159186,0,1,-58.03284073,156.9541626,518049,29,12,-32,2024/8/8 23:19
1723159787,1723159786,0,1,-80.08847046,34.62378693,520708.625,26,12,2.200000048,2024/8/8 23:29
1723160387,1723160386,0,1,-44.96766663,-8.54594326,506236,23,10,25.29999924,2024/8/8 23:39
1723160987,1723160987,0,1,-7.150931835,-17.57872581,490145.2188,21,11,9.600000381,2024/8/8 23:49
1723161587,1723161587,0,1,30.88489151,-25.47760201,488928.375,20,9,31.20000076,2024/8/8 23:59
1723162187,1723162187,0,1,68.11914825,-42.41747284,498170.625,27,11,45.29999924,2024/8/9 0:09
1723162787,1723162787,0,1,71.18373108,176.432663,501976.2188,29,11,2.799999952,2024/8/9 0:19
1723163387,1723163387,0,1,34.23698425,156.5651245,497994.7188,24,12,3.799999952,2024/8/9 0:29
1723163987,1723163987,0,1,-3.673326731,148.5064697,499475,22,14,80.40000153,2024/8/9 0:39
1723164587,1723164587,0,1,-41.44231796,139.8882294,512158.7188,25,13,-16,2024/8/9 0:49
1723165188,1723165187,0,1,-77.35971832,108.5215454,521828.2188,26,15,-20.70000076,2024/8/9 0:59
1723165788,1723165787,0,1,-61.57172394,-24.60647392,514248.6875,26,11,17.60000038,2024/8/9 1:09
1723166388,1723166387,0,1,-24.11693192,-37.67890167,496207.5938,22,10,-9.399999619,2024/8/9 1:19
1723166988,1723166988,0,1,13.91622543,-45.36535263,487472.875,20,11,-27,2024/8/9 1:29
1723167588,1723167588,0,1,51.71800995,-55.5058136,493961.8125,19,11,6.300000191,2024/8/9 1:39
1723168188,1723168188,0,1,82.57879639,-141.4392548,501756.875,30,12,3.900000095,2024/8/9 1:49
1723168788,1723168788,0,1,51.01276016,138.2290955,500126.4375,24,12,20.5,2024/8/9 1:59
1723169388,1723169388,0,1,13.29110336,128.2419281,497352.3125,28,13,51.79999924,2024/8/9 2:09
1723169988,1723169988,0,1,-24.62966728,120.562355,505645.5625,27,13,-6.099999905,2024/8/9 2:19
1723170589,1723170588,0,1,-61.929039,107.3642731,519005.3438,26,12,-13.39999962,2024/8/9 2:29
1723171189,1723171188,0,1,-77.07256317,-26.49850845,519768.8438,26,11,-4.300000191,2024/8/9 2:39
1723171789,1723171788,0,1,-41.03502655,-57.01753998,504213.7813,17,10,9.199999809,2024/8/9 2:49
1723172389,1723172388,0,1,-3.09351325,-65.61940765,489233.375,22,11,4.800000191,2024/8/9 2:59
1723172989,1723172989,0,1,34.9188385,-73.73240662,489877.4375,18,11,-45.90000153,2024/8/9 3:09
1723173589,1723173589,0,1,71.8685379,-94.42894745,499308.25,28,13,-17,2024/8/9 3:19
1723174189,1723174189,0,1,67.4210968,124.7076645,502035.8438,32,12,-14.69999981,2024/8/9 3:29
1723174789,1723174789,0,1,30.21966553,108.3235092,497906.8125,24,12,-31.39999962,2024/8/9 3:39
1723175389,1723175389,0,1,-7.707848549,100.4699707,500614.6875,20,12,-19.79999924,2024/8/9 3:49
1723175989,1723175989,0,1,-45.41677856,91.3956604,513660.3438,22,11,5.900000095,2024/8/9 3:59
1723176590,1723176589,0,1,-80.31516266,46.82912445,521789.5313,28,12,4.599999905,2024/8/9 4:09
1723177190,1723177189,0,1,-57.67418671,-74.159935,512313.7188,23,11,5.099999905,2024/8/9 4:19
1723177790,1723177789,0,1,-20.14557076,-85.78540802,494346.8438,21,13,0.899999976,2024/8/9 4:29
1723178390,1723178389,0,1,17.96730614,-93.44109344,487434.75,19,12,-11.89999962,2024/8/9 4:39
1723178990,1723178990,0,1,55.68310165,-104.5072632,495065.4688,19,12,-30,2024/8/9 4:49
1723179590,1723179590,0,1,81.37835693,143.0392609,502156.9688,26,11,3.400000095,2024/8/9 4:59
1723180190,1723180190,0,1,47.03630066,89.50338745,499893.8438,27,12,-49,2024/8/9 5:09
1723180790,1723180790,0,1,9.254331589,80.1905899,498035.375,22,12,-96.09999847,2024/8/9 5:19
1723181390,1723181390,0,1,-28.64011574,72.40367889,507422.4063,24,10,0.300000012,2024/8/9 5:29
1723181990,1723181990,0,1,-65.76864624,57.18066788,520090,23,12,31.29999924,2024/8/9 5:39
1723182591,1723182590,0,1,-73.63394165,-82.2361908,518700.125,27,13,-16.39999962,2024/8/9 5:49
1723183191,1723183190,0,1,-37.04298782,-105.3896179,501981.6563,17,11,-8.899999619,2024/8/9 5:59
1723183791,1723183790,0,1,0.890006661,-113.6381607,488181.4063,18,13,-23.70000076,2024/8/9 6:09
1723184391,1723184390,0,1,38.93729782,-122.0580063,490476.4375,19,14,-30,2024/8/9 6:19
1723184991,1723184991,0,1,75.45731354,-148.613678,499978.4375,23,13,-3.700000048,2024/8/9 6:29
1723185591,1723185591,0,1,63.57767487,74.14614105,501799.8125,27,11,-19.89999962,2024/8/9 6:39
1723186191,1723186191,0,1,26.19584274,60.14171982,497847.5625,20,11,-25,2024/8/9 6:49
1723186791,1723186791,0,1,-11.73957348,52.42433929,501920.125,21,11,-29.60000038,2024/8/9 6:59
1723187391,1723187391,0,1,-49.37548828,42.75236893,515241.2813,19,10,44.59999847,2024/8/9 7:09
1723187991,1723187991,0,1,-82.25904083,-24.13368416,521651.625,29,13,-15,2024/8/9 7:19
1723188592,1723188591,0,1,-53.7493782,-123.3090515,510262.1563,25,14,-13.30000019,2024/8/9 7:29
1723189192,1723189191,0,1,-16.10915756,-133.8735352,492518.5313,25,13,-10.69999981,2024/8/9 7:39
1723189792,1723189791,0,1,21.94926262,-141.5307312,487444.75,23,13,-21.70000076,2024/8/9 7:49
1723190392,1723190391,0,1,59.62114334,-153.8501587,495950.3125,21,12,13.60000038,2024/8/9 7:59
1723190992,1723190992,0,1,78.76822662,77.3908844,502327,24,12,0.200000003,2024/8/9 8:09
1723192192,1723192192,0,1,5.213244915,32.14975739,498546.9063,7,0,-13.10000038,2024/8/9 8:29
1723192792,1723192792,0,1,-32.64986038,24.1880455,508891.125,16,10,30.5,2024/8/9 8:39
1723193392,1723193392,0,1,-69.55131531,6.049723148,520675.125,26,12,14.69999981,2024/8/9 8:49
1723193992,1723193992,0,1,-69.96971893,-135.1246643,517205.375,27,13,-47.5,2024/8/9 8:59
1723194593,1723194592,0,1,-33.0256958,-153.6793213,499734.5938,25,12,-0.400000006,2024/8/9 9:09
1723195193,1723195192,0,1,4.951648235,-161.6759491,487434.2813,27,13,15.80000019,2024/8/9 9:19
1723195793,1723195792,0,1,42.89435196,-170.4720764,491383.2188,22,12,-7.400000095,2024/8/9 9:29
1723196393,1723196392,0,1,78.74306488,153.1518097,500725.2813,23,14,2.599999905,2024/8/9 9:39
1723198193,1723198193,0,1,-15.78003979,4.358298302,502965.2813,19,11,14.10000038,2024/8/9 10:09
1723198793,1723198793,0,1,-53.33284378,-6.099061489,516410.0625,20,11,27.10000038,2024/8/9 10:19
1723199393,1723199393,0,1,-82.37631226,-102.1234665,521056.9375,30,13,-29.10000038,2024/8/9 10:29
1723199993,1723199993,0,1,-49.78149796,-172.1842651,508140.375,27,12,-18.60000038,2024/8/9 10:39
1723200594,1723200593,0,1,-12.04937458,178.0568695,491036.4688,26,11,45.90000153,2024/8/9 10:49
1723201194,1723201193,0,1,26.00596237,170.3263092,487933.9688,21,10,-3.5,2024/8/9 10:59
1723201794,1723201793,0,1,63.53524399,156.3104248,497103.625,21,11,12.10000038,2024/8/9 11:09
1723202394,1723202394,0,1,75.48218536,19.12495041,502433.4063,24,12,31.79999924,2024/8/9 11:19
1723202994,1723202994,0,1,39.03048325,-7.483856678,498918.375,18,11,55.20000076,2024/8/9 11:29
1723203594,1723203594,0,1,1.159340024,-15.88777828,498912.375,17,13,15.19999981,2024/8/9 11:39
1723204194,1723204194,0,1,-36.6663475,-24.09723473,510225.1875,17,14,14.69999981,2024/8/9 11:49
1723204794,1723204794,0,1,-73.24010468,-46.63570404,521003.125,26,11,-2,2024/8/9 11:59
1723205394,1723205394,0,1,-66.17398071,173.5968475,515610.4063,27,12,-54.40000153,2024/8/9 12:09
1723205995,1723205994,0,1,-28.98540878,158.0945282,497764.6875,27,10,33.90000153,2024/8/9 12:19
1723206595,1723206594,0,1,9.024769783,150.2773743,487168.6875,24,12,53,2024/8/9 12:29
1723207195,1723207194,0,1,46.91181946,140.9660187,492545.7188,20,11,24.10000038,2024/8/9 12:39
1723207795,1723207794,0,1,81.36690521,87.47877502,501391.5625,30,11,5.900000095,2024/8/9 12:49
1723208395,1723208395,0,1,55.72806931,-25.0350647,500947.375,24,11,61.29999924,2024/8/9 12:59
1723208995,1723208995,0,1,18.1059494,-36.10417175,497451.7188,18,14,-3.5,2024/8/9 13:09
1723209595,1723209595,0,1,-19.82970619,-43.7311821,503986.7188,14,13,-7.400000095,2024/8/9 13:19
1723210195,1723210195,0,1,-57.28308868,-55.22668839,517428.1875,21,13,19.29999924,2024/8/9 13:29
1723210795,1723210795,0,1,-80.57927704,-174.4022675,520386.5625,26,12,-51.70000076,2024/8/9 13:39
1723211395,1723211395,0,1,-45.78411484,139.1418304,506204.75,24,9,-17.29999924,2024/8/9 13:49
1723211996,1723211995,0,1,-7.977194786,130.0026245,490058.5313,27,12,45.5,2024/8/9 13:59
1723212596,1723212595,0,1,30.06365776,122.1398315,488797.9375,25,11,14.60000038,2024/8/9 14:09
1723213196,1723213195,0,1,67.342659,105.8016281,498263.75,23,11,-18,2024/8/9 14:19
1723213796,1723213795,0,1,71.88369751,-35.11941528,502334.625,21,11,48.70000076,2024/8/9 14:29
1723214396,1723214396,0,1,35.00147629,-55.81998062,498388.0313,23,13,-25,2024/8/9 14:39
1723214996,1723214996,0,1,-2.901875019,-63.9231987,499463.6563,20,14,-1.899999976,2024/8/9 14:49
1723215596,1723215596,0,1,-40.68182755,-72.46473694,511621,18,12,19.60000038,2024/8/9 14:59
1723216196,1723216196,0,1,-76.73708344,-102.0371628,521337.5625,22,12,-29.60000038,2024/8/9 15:09
1723216796,1723216796,0,1,-62.30424118,123.3002701,514077.7813,29,12,-31.60000038,2024/8/9 15:19
1723217396,1723217396,0,1,-24.93617058,109.9208145,496197.0938,25,11,-33.59999847,2024/8/9 15:29
1723217997,1723217996,0,1,13.09599972,102.2203217,487366.1563,24,12,-24.60000038,2024/8/9 15:39
1723218597,1723218596,0,1,50.91303635,92.24170685,493942.4688,22,12,-43.70000076,2024/8/9 15:49
1723219197,1723219196,0,1,82.57741547,12.40091991,502004.7813,28,13,29.39999962,2024/8/9 15:59
1723219797,1723219796,0,1,51.76204681,-74.05070496,500632.6875,25,12,-34.5,2024/8/9 16:09
1723220397,1723220397,0,1,14.05740547,-84.18333435,497565.0625,19,11,3.599999905,2024/8/9 16:19
1723220997,1723220997,0,1,-23.86548424,-91.84729767,505343.6563,26,12,0.699999988,2024/8/9 16:29
1723221597,1723221597,0,1,-61.19413376,-104.7278519,518514.9688,22,10,-21.29999924,2024/8/9 16:39
1723222197,1723222197,0,1,-77.68635559,123.0132828,519513.7188,26,12,-39.29999924,2024/8/9 16:49
1723222797,1723222797,0,1,-41.78447342,90.62271881,504157.2813,21,12,0.800000012,2024/8/9 16:59
1723223397,1723223397,0,1,-3.913431644,81.95928192,489246.3125,20,12,-91,2024/8/9 17:09
1723223998,1723223997,0,1,34.10516739,73.89767456,489769.75,22,14,-37.90000153,2024/8/9 17:19
1723225198,1723225197,0,1,68.19645691,-87.079422,502472.625,29,11,-30.29999924,2024/8/9 17:39
1723225798,1723225797,0,1,30.9801712,-104.0755157,498182.875,21,12,-23.10000038,2024/8/9 17:49
1723226398,1723226398,0,1,-6.943160057,-111.9608154,500356.0938,20,12,-12.69999981,2024/8/9 17:59
1723226998,1723226998,0,1,-44.66651154,-120.9383392,513017.5313,18,9,-11.19999981,2024/8/9 18:09
1723227598,1723227598,0,1,-79.81574249,-162.4284668,521283.2188,29,12,-52.70000076,2024/8/9 18:19
1723228198,1723228198,0,1,-58.40350723,73.65068054,512107.8438,23,11,30.10000038,2024/8/9 18:29
1723228798,1723228798,0,1,-20.89317131,61.79113388,494343.6875,24,13,-8.5,2024/8/9 18:39
1723229398,1723229398,0,1,17.15575409,54.14491653,487398.5,19,14,-32.09999847,2024/8/9 18:49
1723231199,1723231582,3994319584,1,47.77999115,-122.8161392,500146.3438,7,0,-21,2024/8/9 19:19
1723231799,1723232182,3994319584,1,10.0097847,-132.2418976,497821.5938,14,0,-25.70000076,2024/8/9 19:29
1723232399,1723232782,3994319584,1,-27.89211082,-140.0050964,506730.25,12,0,-9.300000191,2024/8/9 19:39
1723232999,1723233382,3994319584,1,-65.06043243,-154.8006744,519391.9375,12,0,-47.20000076,2024/8/9 19:49
1723233599,1723233982,3994319584,1,-74.28627014,66.48046112,518315.6875,12,0,15.69999981,2024/8/9 19:59
1723234199,1723234582,3994319584,1,-37.77317429,42.22776794,501968.25,16,0,35.40000153,2024/8/9 20:09
1723234799,1723235182,3994319584,1,0.152761668,33.92271805,488255.5625,12,0,-16.20000076,2024/8/9 20:19
1723236600,1723236983,3994319584,1,64.28694153,-137.8877869,501964.7188,10,0,10.30000019,2024/8/9 20:50
1723237200,1723237583,3994319584,1,26.93522644,-152.2709656,497750.4688,11,0,-10.30000019,2024/8/9 21:00
1723237800,1723238183,3994319584,1,-11.00151348,-160.0103607,501277.3438,10,0,10.80000019,2024/8/9 21:10
1723238400,1723238783,3994319584,1,-48.65667725,-169.5642853,514435.5,11,0,-15.5,2024/8/9 21:20
1723239000,1723239383,3994319584,1,-82.01863861,128.3224335,521180.7188,14,0,-39.90000153,2024/8/9 21:30
1723239600,1723239983,3994319584,1,-54.45435715,24.43122482,510264.4063,15,0,34.70000076,2024/8/9 21:40
1723240200,1723240583,3994319584,1,-16.83107758,13.69526672,492739.0938,20,0,23.79999924,2024/8/9 21:50
1723240800,1723241183,3994319584,1,21.22533417,6.043375015,487515.8438,14,0,28.39999962,2024/8/9 22:00
1723241400,1723241783,3994319584,1,58.8543396,-5.992756844,495941.0938,10,0,55.90000153,2024/8/9 22:10
1723242000,1723242383,3994319584,1,79.30169678,-132.5373077,502400.7188,11,0,-3.599999905,2024/8/9 22:20
1723242601,1723242984,3994319584,1,43.76372147,-171.4056549,499380.9063,13,0,-6,2024/8/9 22:30
1723243201,1723243584,3994319584,1,5.93816185,179.7114716,497979.625,13,0,15.80000019,2024/8/9 22:40
1723243801,1723244184,3994319584,1,-31.93587303,171.7842407,508090.5313,16,0,40.90000153,2024/8/9 22:50
1723244401,1723244784,3994319584,1,-68.88806915,154.2423706,520151.6563,10,0,-52.90000153,2024/8/9 23:00
1723245001,1723245384,3994319584,1,-70.62352753,13.15054989,517118.0625,12,0,12.89999962,2024/8/9 23:10
1723245601,1723245984,3994319584,1,-33.7306633,-6.079174995,500041.7188,19,0,16.39999962,2024/8/9 23:20
1723246201,1723246584,3994319584,1,4.238461494,-14.11543846,487688.7813,12,0,19.5,2024/8/9 23:30
1723246801,1723247184,3994319584,1,42.18686676,-22.83489227,491367.4688,8,0,59.59999847,2024/8/9 23:40
1723247401,1723247784,3994319584,1,78.14685059,-56.87184525,500665.7813,13,0,28.20000076,2024/8/9 23:50
1723248001,1723248384,3994319584,1,60.36677551,172.1538849,501401.1875,14,0,2,2024/8/10 0:00
1723248601,1723248985,3994319584,1,22.8694191,159.5781708,497320.5625,10,0,15.19999981,2024/8/10 0:10
1723249202,1723249585,3994319584,1,-15.07321167,151.9241943,502257.0625,9,0,61.40000153,2024/8/10 0:20
1723249802,1723250185,3994319584,1,-52.64692688,141.6172638,515792.25,14,0,-19.39999962,2024/8/10 0:30
1723250402,1723250785,3994319584,1,-82.50735474,50.5415802,520863.5313,11,0,-3.5,2024/8/10 0:40
1723251002,1723251385,3994319584,1,-50.46615601,-24.49644089,508410.2813,22,0,16.5,2024/8/10 0:50
1723251602,1723251985,3994319584,1,-12.7496233,-34.37963104,491439.375,16,0,-10.80000019,2024/8/10 1:00
1723252202,1723252585,3994319584,1,25.30427742,-42.09298325,488067.3125,11,0,-1.5,2024/8/10 1:10
1723252802,1723253185,3994319584,1,62.79787064,-55.72790909,497061.7813,11,0,18.5,2024/8/10 1:20
1723253402,1723253785,3994319584,1,76.13694763,168.2412415,502443.4063,10,0,2.900000095,2024/8/10 1:30
1723254002,1723254385,3994319584,1,39.72912216,140.1343079,498796.625,10,0,38.5,2024/8/10 1:40
1723254602,1723254986,3994319584,1,1.860774994,131.6703644,498386.9375,14,0,74.09999847,2024/8/10 1:50
1723255203,1723255586,3994319584,1,-35.97678757,123.5100555,509598.4688,11,0,-35.90000153,2024/8/10 2:00
1723255803,1723256186,3994319584,1,-72.62133026,101.8704147,520630.9063,11,0,-11.10000038,2024/8/10 2:10
1723256403,1723256786,3994319584,1,-66.8264389,-38.3803215,515693.1563,17,0,9.199999809,2024/8/10 2:20
1723257003,1723257386,3994319584,1,-29.67349052,-54.32057571,498160.6875,15,0,9.600000381,2024/8/10 2:30
1723257603,1723257986,3994319584,1,8.329839706,-62.1622467,487461.5,8,0,-28.5,2024/8/10 2:40
1723258203,1723258586,3994319584,1,46.22441483,-71.37388611,492638.375,7,0,-28.29999924,2024/8/10 2:50
1723259403,1723259786,3994319584,1,56.47330856,122.7511597,501172.25,10,0,-4.900000095,2024/8/10 3:10
1723260003,1723260386,3994319584,1,18.80610085,111.4639282,497399.6875,12,0,-5.800000191,2024/8/10 3:20
1723260603,1723260987,3994319584,1,-19.13242149,103.8395386,503592.75,10,0,-37.70000076,2024/8/10 3:30
1723261204,1723261587,3994319584,1,-56.60800171,92.54680634,516928.3438,10,0,9.600000381,2024/8/10 3:40
1723261804,1723262187,3994319584,1,-80.98977661,-23.47034073,520151,14,0,-14.80000019,2024/8/10 3:50
1723262404,1723262787,3994319584,1,-46.46424484,-73.20643616,506243.0313,18,0,21,2024/8/10 4:00
1723263004,1723263387,3994319584,1,-8.666856766,-82.43737793,490123.625,10,0,0.200000003,2024/8/10 4:10
1723263604,1723263987,3994319584,1,29.37748337,-90.27130127,488695.2813,12,0,-25.60000038,2024/8/10 4:20
1723264204,1723264587,3994319584,1,66.69212341,-106.1411743,498231.2813,11,0,-32.70000076,2024/8/10 4:30
1723264804,1723265187,3994319584,1,72.56776428,113.3934174,502601.6875,8,0,-9.899999619,2024/8/10 4:40
1723265404,1723265787,3994319584,1,35.75283813,91.7996521,498661.7188,16,0,-43.20000076,2024/8/10 4:50
1723266004,1723266387,3994319584,1,-2.207223415,83.63620758,499481.2188,11,0,-90.5,2024/8/10 5:00
1723266604,1723266988,3994319584,1,-39.99571609,75.16026306,511304.75,8,0,17.60000038,2024/8/10 5:10
1723267204,1723267588,3994319584,1,-76.1616745,47.06011963,521061.5625,13,0,11.89999962,2024/8/10 5:20
1723267805,1723268188,3994319584,1,-62.96664047,-88.81129456,514019.8125,16,0,-12.69999981,2024/8/10 5:30
1723268405,1723268788,3994319584,1,-25.62181091,-102.5000534,496082.3438,15,0,-2.5,2024/8/10 5:40
1723269005,1723269388,3994319584,1,12.41086006,-110.2150955,487027.375,11,0,-31.60000038,2024/8/10 5:50
1723269605,1723269988,3994319584,1,50.24320602,-120.067688,493528.5,15,0,-16.10000038,2024/8/10 6:00
1723270205,1723270588,3994319584,1,82.50709534,165.080658,501917.2188,11,0,3.599999905,2024/8/10 6:10
1723270805,1723271188,3994319584,1,52.49150848,73.67795563,500824.1563,16,0,-33.09999847,2024/8/10 6:20
1723272005,1723272389,3994319584,1,-23.18461037,55.72751236,505193.9063,6,0,-2.299999952,2024/8/10 6:40
1723272605,1723272989,3994319584,1,-60.53597641,43.11178207,518227.5,10,0,33.70000076,2024/8/10 6:50
1723273205,1723273589,3994319584,1,-78.21990204,-87.50082397,519349.5625,13,0,-12.69999981,2024/8/10 7:00
1723273806,1723274189,3994319584,1,-42.4550972,-121.746048,504040.6875,16,0,-12,2024/8/10 7:10
1723274406,1723274789,3994319584,1,-4.588703156,-130.4809723,488813.4688,16,0,-9.600000381,2024/8/10 7:20
1723275006,1723275389,3994319584,1,33.43925476,-138.5054169,489189.125,13,0,-32.5,2024/8/10 7:30
1723275606,1723275989,3994319584,1,70.50735474,-157.6344147,499027,11,0,-1.299999952,2024/8/10 7:40
1723276206,1723276589,3994319584,1,68.81770325,61.03085327,502444.7813,11,0,-4.800000191,2024/8/10 7:50
1723278006,1723278390,3994319584,1,-44.00915146,26.69823647,512762.5313,8,0,33.40000153,2024/8/10 8:20
1723278606,1723278990,3994319584,1,-79.34953308,-12.34696293,521052.1875,13,0,-10.30000019,2024/8/10 8:30
1723279206,1723279590,3994319584,1,-59.04572678,-138.5576935,512047.6563,19,0,-27.79999924,2024/8/10 8:40
1723279807,1723280190,3994319584,1,-21.55189705,-150.6381989,494110.9688,19,0,-1.600000024,2024/8/10 8:50
1723280407,1723280790,3994319584,1,16.50001335,-158.2911072,486898.8438,10,0,4.5,2024/8/10 9:00
1723281007,1723281390,3994319584,1,54.25154877,-168.9933624,494576.5313,12,0,10.80000019,2024/8/10 9:10
1723281607,1723281990,3994319584,1,82.0240097,87.102211,502310.0938,21,0,7.300000191,2024/8/10 9:20
1723283406,1723283790,3994319584,1,-27.24245071,7.572136879,506495.1563,5,0,25.20000076,2024/8/10 9:50
1723284006,1723284391,3994319584,1,-64.44025421,-6.871455193,519015.4375,7,0,10.19999981,2024/8/10 10:00
1723284606,1723284991,3994319584,1,-74.85157776,-144.8677673,518153.4375,14,0,-54.5,2024/8/10 10:10
1723285206,1723285591,3994319584,1,-38.41243744,-170.1664124,501824,16,0,10.39999962,2024/8/10 10:20
1723285806,1723286191,3994319584,1,-0.489653319,-178.5235291,487918.625,14,0,20.20000076,2024/8/10 10:30
1723286407,1723286791,3994319584,1,37.50851822,173.1818542,490106.5313,12,0,-12.60000038,2024/8/10 10:40
1723287007,1723287391,3994319584,1,74.20311737,149.0349274,499976.7813,13,0,0.800000012,2024/8/10 10:50
1723287608,1723287608,0,1,64.95690918,10.08096504,502186.4688,14,12,40,2024/8/10 11:00
1723288208,1723288208,0,1,27.6370697,-4.681145191,497947.5938,21,12,34.70000076,2024/8/10 11:10
1723288809,1723288808,0,1,-10.29619503,-12.44169712,501121.0938,20,13,12.69999981,2024/8/10 11:20
1723289409,1723289408,0,1,-47.96417618,-21.88490868,513964.75,17,11,18.89999962,2024/8/10 11:30
1723290009,1723290008,0,1,-81.73509979,-79.68147278,520752.8438,21,12,-28.20000076,2024/8/10 11:40
1723290609,1723290608,0,1,-55.07265091,172.1457367,510058.2188,25,12,-33.5,2024/8/10 11:50
1723291209,1723291209,0,1,-17.46015739,161.2537842,492465.875,20,11,57.5,2024/8/10 12:00
1723291809,1723291809,0,1,20.59949875,153.6057739,487233,23,12,30.10000038,2024/8/10 12:10
1723292409,1723292409,0,1,58.24700928,141.7732391,495838.2188,23,11,13.10000038,2024/8/10 12:20
1723293009,1723293009,0,1,79.78664398,17.64076424,502589.375,26,12,31.60000038,2024/8/10 12:30
1723293609,1723293609,0,1,44.4487648,-23.75860596,499685,22,11,63.29999924,2024/8/10 12:40
1723294209,1723294209,0,1,6.634126663,-32.72400665,498009.5625,20,14,1.899999976,2024/8/10 12:50
1723294810,1723294809,0,1,-31.24547005,-40.61822891,507691.2188,21,13,-8.300000191,2024/8/10 13:00
1723295410,1723295409,0,1,-68.24285126,-57.61617279,519548.25,19,13,8.800000191,2024/8/10 13:10
1723296010,1723296009,0,1,-71.25347137,161.4497223,516861.875,27,13,-58,2024/8/10 13:20
1723296610,1723296610,0,1,-34.346138,141.505127,499891.0313,22,10,4.099999905,2024/8/10 13:30
1723297210,1723297210,0,1,3.620818377,133.4334259,487472.3125,25,11,72.59999847,2024/8/10 13:40
1723297810,1723297810,0,1,41.57713318,124.7782822,491259.9375,22,11,17.5,2024/8/10 13:50
1723298410,1723298410,0,1,77.66149139,92.41523743,500817.2188,28,12,-4.699999809,2024/8/10 14:00
1723299010,1723299010,0,1,61.02750015,-40.0074501,501737.4375,21,10,48.79999924,2024/8/10 14:10
1723299610,1723299610,0,1,23.55440903,-52.843853,497572.5625,23,14,-36.09999847,2024/8/10 14:20
1723300210,1723300210,0,1,-14.38735485,-60.50627518,502014.5,19,14,17,2024/8/10 14:30
1723300811,1723300810,0,1,-51.97755051,-70.66988373,515232.4375,20,12,9.399999619,2024/8/10 14:40
1723301411,1723301410,0,1,-82.57762146,-156.786499,520486.7188,28,12,-47.70000076,2024/8/10 14:50
1723302011,1723302010,0,1,-51.1299324,123.1918488,508292.1563,28,12,-23.39999962,2024/8/10 15:00
1723302611,1723302611,0,1,-13.36025143,113.1714783,491342.875,25,11,1.700000048,2024/8/10 15:10
1723303211,1723303211,0,1,24.69625092,105.4726715,487984.5938,20,11,-32.40000153,2024/8/10 15:20
1723303811,1723303811,0,1,62.21130753,92.11468506,497156.9063,27,12,-28.60000038,2024/8/10 15:30
1723304411,1723304411,0,1,76.65077972,-42.86679077,502760.7188,26,11,34.29999924,2024/8/10 15:40
1723305011,1723305011,0,1,40.40346909,-72.24297333,499241.8438,21,9,-33.70000076,2024/8/10 15:50
1723305611,1723305611,0,1,2.544216633,-80.76673126,498455.3438,15,12,11.89999962,2024/8/10 16:00
1723306212,1723306211,0,1,-35.30007553,-88.88066864,509167.4375,14,12,-2.200000048,2024/8/10 16:10
1723306812,1723306811,0,1,-72.00849915,-109.7020035,520177,25,12,-30.89999962,2024/8/10 16:20
1723307412,1723307411,0,1,-67.46353912,109.6639328,515467,28,13,-17.10000038,2024/8/10 16:30
1723308012,1723308011,0,1,-30.27956772,93.25134277,498058.5625,27,12,-29.29999924,2024/8/10 16:40
1723308612,1723308612,0,1,7.722421646,85.38654327,487367.4063,26,12,-87.09999847,2024/8/10 16:50
1723309212,1723309212,0,1,45.62598801,76.25955963,492594.1563,16,13,-48.79999924,2024/8/10 17:00
1723311012,1723311012,0,1,19.48318481,-100.9653015,497555.4063,15,12,-9.600000381,2024/8/10 17:30
1723311612,1723311612,0,1,-18.45602226,-108.5892258,503230.875,21,10,-2.400000095,2024/8/10 17:40
1723312213,1723312212,0,1,-55.95174026,-119.6965942,516375.875,21,11,-14.10000038,2024/8/10 17:50
1723312813,1723312812,0,1,-81.35277557,127.6595917,519764.9688,27,13,-39.20000076,2024/8/10 18:00
1723313413,1723313412,0,1,-47.12070465,74.44692993,506097.3125,25,11,30.29999924,2024/8/10 18:10
1723314013,1723314012,0,1,-9.267996788,65.10874939,490055.9375,26,13,-53.40000153,2024/8/10 18:20
1723314613,1723314613,0,1,28.77953911,57.29660416,488565.0313,17,14,-10.89999962,2024/8/10 18:30
1723315813,1723315813,0,1,73.10998535,-98.24354553,502851.625,26,12,-14.69999981,2024/8/10 18:50
1723316413,1723316413,0,1,36.35390472,-120.6128922,498811.7813,20,9,-33.29999924,2024/8/10 19:00
1723317013,1723317013,0,1,-1.53859663,-128.8061829,499106.6563,17,11,-13.10000038,2024/8/10 19:10
1723317613,1723317613,0,1,-39.3383255,-137.2254333,510617,19,11,-12.19999981,2024/8/10 19:20
1723318214,1723318213,0,1,-75.603508,-164.050415,520485.4688,27,12,-62.59999847,2024/8/10 19:30
1723318814,1723318813,0,1,-63.59184647,59.0779686,513730.875,27,14,29.89999962,2024/8/10 19:40
1723319414,1723319413,0,1,-26.27024078,45.07458878,496057.5938,25,11,8.199999809,2024/8/10 19:50
1723320014,1723320013,0,1,11.82356644,37.32929993,486964.4063,25,14,-3,2024/8/10 20:00
1723321214,1723321214,0,1,82.39414978,-43.05419159,502000.4063,24,13,25.20000076,2024/8/10 20:20
1723321814,1723321814,0,1,53.06949997,-138.6438141,500882.5625,29,11,-5.800000191,2024/8/10 20:30
1723322414,1723322414,0,1,15.39146805,-149.0576019,497439.0625,23,12,-5.400000095,2024/8/10 20:40
1723323014,1723323014,0,1,-22.53813171,-156.7045746,504482.625,24,10,4.5,2024/8/10 20:50
1723323614,1723323614,0,1,-59.91552734,-169.0872803,517535.1875,27,12,-42.40000153,2024/8/10 21:00
1723324215,1723324214,0,1,-78.70345306,62.02891541,518985.4063,28,12,7,2024/8/10 21:10
1723324815,1723324814,0,1,-43.08154678,25.87871933,504066.375,22,10,34,2024/8/10 21:20
1723325415,1723325414,0,1,-5.224081516,17.07221413,488939.8125,20,13,-1.600000024,2024/8/10 21:30
1723326015,1723326014,0,1,32.86904144,9.064183235,489176.375,21,14,30.89999962,2024/8/10 21:40
1723326615,1723326615,0,1,69.97515106,-9.528124809,498969.875,22,11,55.5,2024/8/10 21:50
1723327215,1723327215,0,1,69.35289001,-150.9138641,502423.3438,27,11,1.200000048,2024/8/10 22:00
1723327815,1723327815,0,1,32.27411652,-168.8997192,498113.4688,20,13,-10.5,2024/8/10 22:10
1723328415,1723328415,0,1,-5.645061493,-176.8497925,499700.75,23,11,20.70000076,2024/8/10 22:20
1723329015,1723329015,0,1,-43.39134216,174.3215942,512011.625,23,10,11.69999981,2024/8/10 22:30
1723329615,1723329615,0,1,-78.89643097,137.3582458,520636.0938,27,11,-49.09999847,2024/8/10 22:40
1723330216,1723330215,0,1,-59.6432457,9.224049568,512054.6563,26,11,19.20000076,2024/8/10 22:50
1723330816,1723330815,0,1,-22.16926575,-3.072860003,494351.2188,19,10,15.39999962,2024/8/10 23:00
1723331416,1723331415,0,1,15.87892151,-10.73291302,487004.125,22,11,28.39999962,2024/8/10 23:10
1723332016,1723332015,0,1,53.70372391,-21.31970406,494531.3125,20,12,60.59999847,2024/8/10 23:20
1723332616,1723332616,0,1,82.21128082,-121.5843887,502249.5313,27,12,4.5,2024/8/10 23:30
1723333216,1723333216,0,1,49.03221893,172.5018158,500127.9063,28,11,-0.200000003,2024/8/10 23:40
1723333816,1723333816,0,1,11.27972507,162.8708344,497372.5938,23,12,29.60000038,2024/8/10 23:50
1723334416,1723334416,0,1,-26.63305664,155.1424408,505754.1875,27,14,38.29999924,2024/8/11 0:00
1723335016,1723335016,0,1,-63.86078644,141.0079803,518510.5938,27,12,-41.79999924,2024/8/11 0:10
1723335616,1723335616,0,1,-75.37202454,3.788394928,518051.5313,26,12,8.600000381,2024/8/11 0:20
1723336217,1723336216,0,1,-39.01128387,-22.56447411,502110.3125,21,11,17.5,2024/8/11 0:30
1723336817,1723336816,0,1,-1.097496629,-30.97227097,488166.6875,19,12,-1.100000024,2024/8/11 0:40
1723337417,1723337416,0,1,36.96659088,-39.23876572,490078.4375,19,9,31.70000076,2024/8/11 0:50
1723338017,1723338017,0,1,73.71996307,-62.5728035,499850.0938,27,12,21.70000076,2024/8/11 1:00
1723338617,1723338617,0,1,65.47648621,157.9474945,502053.5938,28,14,8.699999809,2024/8/11 1:10
1723339217,1723339217,0,1,28.17757607,142.8757782,497613.125,26,13,33.40000153,2024/8/11 1:20
1723339817,1723339817,0,1,-9.758748055,135.0975647,500493.6563,27,14,63.70000076,2024/8/11 1:30
1723340417,1723340417,0,1,-47.4405899,125.7349472,513433.4375,29,12,-24.89999962,2024/8/11 1:40
1723341017,1723341017,0,1,-81.48979187,70.99067688,520545.4688,27,12,3.299999952,2024/8/11 1:50
1723341618,1723341617,0,1,-55.65029526,-40.14634323,510279.1875,23,10,17.60000038,2024/8/11 2:00
1723342218,1723342217,0,1,-18.05460358,-51.18911362,492879.125,20,13,-7.800000191,2024/8/11 2:10
1723342818,1723342817,0,1,20.00191879,-58.83376312,487451.7188,21,10,-46,2024/8/11 2:20
1723343418,1723343417,0,1,57.7251091,-70.51073456,495897.9063,19,12,-28.39999962,2024/8/11 2:30
1723344018,1723344018,0,1,80.14899445,167.3908539,502657,27,12,1.299999952,2024/8/11 2:40
1723344618,1723344618,0,1,44.98077393,123.8451157,499717.9688,26,10,7.699999809,2024/8/11 2:50
1723345218,1723345218,0,1,7.171199799,114.8140793,497708.7813,24,13,35.29999924,2024/8/11 3:00
1723345818,1723345818,0,1,-30.7156086,106.9448166,507191.0625,21,12,-40,2024/8/11 3:10
1723346418,1723346418,0,1,-67.74762726,90.34262085,519105.6875,23,13,9.800000191,2024/8/11 3:20
1723347018,1723347018,0,1,-71.73417664,-50.41579437,516696.1563,28,12,-1.100000024,2024/8/11 3:30
1723347619,1723347618,0,1,-34.93040085,-70.91101074,499985.3125,19,13,25.89999962,2024/8/11 3:40
1723348219,1723348218,0,1,3.031633377,-79.01686859,487540.4688,20,11,10.89999962,2024/8/11 3:50
1723348819,1723348818,0,1,40.99405289,-87.61198425,491199.625,16,10,-33.70000076,2024/8/11 4:00
1723349419,1723349418,0,1,77.23911285,-118.6728821,500827.4063,24,12,-5,2024/8/11 4:10
1723350019,1723350019,0,1,61.53668594,107.7541885,501959.9375,28,13,-29.20000076,2024/8/11 4:20
1723350619,1723350619,0,1,24.08205414,94.70637512,497674.0313,21,11,-51,2024/8/11 4:30
1723351219,1723351219,0,1,-13.85893154,87.03594208,501907.875,21,11,-62,2024/8/11 4:40
1723351819,1723351819,0,1,-51.46113586,76.97881317,514894.4063,23,10,31.79999924,2024/8/11 4:50
1723352419,1723352419,0,1,-82.58994293,-5.258513451,520249.7188,25,12,-11.19999981,2024/8/11 5:00
1723353019,1723353019,0,1,-51.64300156,-89.16678619,508191.125,26,12,-4.599999905,2024/8/11 5:10
1723353620,1723353619,0,1,-13.9442482,-99.274086,491187.3125,24,12,-7.699999809,2024/8/11 5:20
1723354220,1723354219,0,1,24.11611938,-106.9612198,487627.2813,17,12,-27.10000038,2024/8/11 5:30
1723354820,1723354819,0,1,61.65387726,-120.0710449,496846.8438,20,12,-15.69999981,2024/8/11 5:40
1723355420,1723355419,0,1,77.07480621,105.8848343,502756.125,27,12,-3.900000095,2024/8/11 5:50
1723356020,1723356020,0,1,40.91370392,75.34216309,499360.5625,23,11,-34.09999847,2024/8/11 6:00
1723356620,1723356620,0,1,3.060600042,66.76997375,498546.75,21,12,-81.59999847,2024/8/11 6:10
1723357220,1723357220,0,1,-34.78768158,58.68841934,508970.4375,15,10,23.39999962,2024/8/11 6:20
1723357820,1723357820,0,1,-71.53946686,38.44454193,519930.125,25,11,24.39999962,2024/8/11 6:30
1723358420,1723358420,0,1,-67.94596863,-102.404129,515337.3125,29,14,-27.20000076,2024/8/11 6:40
1723359020,1723359020,0,1,-30.85079384,-119.1724854,497850.625,21,12,-10.5,2024/8/11 6:50
1723359621,1723359620,0,1,7.151780128,-127.0624084,486861.7813,22,14,-27.89999962,2024/8/11 7:00
1723360221,1723360220,0,1,45.06772995,-136.1174011,492014.6563,22,13,-26.89999962,2024/8/11 7:10
1723360821,1723360820,0,1,80.24149323,179.744812,501375.9688,27,13,4.099999905,2024/8/11 7:20
1723361421,1723361420,0,1,57.55297852,58.17215347,501559.5,20,12,-5.199999809,2024/8/11 7:30
1723363221,1723363221,0,1,-55.46540451,27.97290802,516177.5938,18,11,32.79999924,2024/8/11 8:00
1723363821,1723363821,0,1,-81.59532928,-81.94619751,519617.5625,28,12,-28.10000038,2024/8/11 8:10
1723364421,1723364421,0,1,-47.6085701,-137.9396667,505978.875,25,12,-17.20000076,2024/8/11 8:20
1723365021,1723365021,0,1,-9.824038506,-147.3408813,489680.625,24,14,1.899999976,2024/8/11 8:30
1723365622,1723365621,0,1,28.23014641,-155.1358032,488031.25,21,14,-9.5,2024/8/11 8:40
1723366222,1723366221,0,1,65.60250092,-170.2970734,497813.875,22,13,4.099999905,2024/8/11 8:50
1723366822,1723366821,0,1,73.59598541,50.09128189,502735.9063,23,12,3.200000048,2024/8/11 9:00
1723368622,1723368622,42949672,1,-38.86184311,10.34681511,510395.1563,5,0,24.20000076,2024/8/11 9:30
1723369222,1723369222,0,1,-75.19062042,-15.61172009,520168.8438,27,12,3.200000048,2024/8/11 9:40
1723369822,1723369822,0,1,-64.04867554,-153.1318207,513588.8125,26,12,-43.90000153,2024/8/11 9:50
1723370422,1723370422,0,1,-26.74372292,-167.3769836,495804.375,22,12,18.10000038,2024/8/11 10:00
1723371022,1723371022,0,1,11.28821182,-175.1235809,486592.2813,23,13,11.30000019,2024/8/11 10:10
1723371623,1723371622,0,1,49.14133453,175.2139587,493133.125,22,12,0.200000003,2024/8/11 10:20
1723372223,1723372222,0,1,82.25714874,108.2587662,501952,28,13,4.599999905,2024/8/11 10:30
1723375223,1723375223,0,1,-79.04833221,-148.8906097,518672.9063,26,12,-51,2024/8/11 11:20
1723375823,1723375823,0,1,-43.53718567,173.4613342,503787.5625,24,10,11.5,2024/8/11 11:30
1723376423,1723376423,0,1,-5.681831837,164.6018524,488571.7813,25,10,49.5,2024/8/11 11:40
1723377024,1723377023,0,1,32.35391998,156.6325226,488857.875,21,10,6.400000095,2024/8/11 11:50
1723377624,1723377623,0,1,69.49530029,138.5007477,498923.4375,29,11,-0.300000012,2024/8/11 12:00
1723378224,1723378223,0,1,69.8342514,-2.889683247,502595.25,23,11,50.59999847,2024/8/11 12:10
1723378824,1723378823,0,1,32.72876358,-21.34695435,498304.2188,21,11,35.5,2024/8/11 12:20
1723379424,1723379423,0,1,-5.186395168,-29.32037735,499634.4688,24,14,-5.099999905,2024/8/11 12:30
1723380024,1723380024,0,1,-42.93993378,-38.09769821,511633.3438,20,12,-5.599999905,2024/8/11 12:40
1723380624,1723380624,0,1,-78.55696106,-73.64203644,520176.9063,26,14,-22.29999924,2024/8/11 12:50
1723381224,1723381224,0,1,-60.07804489,156.9213257,511784.5625,26,11,-31.39999962,2024/8/11 13:00
1723381824,1723381824,0,1,-22.61427498,144.4628754,494089.4375,19,10,42.09999847,2024/8/11 13:10
1723382424,1723382424,0,1,15.43589211,136.7978363,486735.1563,25,10,50.40000153,2024/8/11 13:20
1723383025,1723383024,0,1,53.20916748,126.3384171,494403.9375,20,11,4.599999905,2024/8/11 13:30
1723383625,1723383624,0,1,82.35198975,29.5044632,502330.4688,28,12,22.5,2024/8/11 13:40
1723384225,1723384224,0,1,49.53199387,-39.87242508,500347.4063,25,12,44.40000153,2024/8/11 13:50
1723384825,1723384824,0,1,11.72602367,-49.59997559,497463.125,25,13,-42.09999847,2024/8/11 14:00
1723385425,1723385425,0,1,-26.18926811,-57.31510162,505469.625,21,11,15.30000019,2024/8/11 14:10
1723386025,1723386025,0,1,-63.43788528,-71.22888947,518030.2813,24,12,5.699999809,2024/8/11 14:20
1723386625,1723386625,0,1,-75.74816132,152.1588135,517778.625,28,11,-57.59999847,2024/8/11 14:30
1723387225,1723387225,0,1,-39.44325638,124.9959106,501975.3438,20,10,-31.39999962,2024/8/11 14:40
1723387825,1723387825,0,1,-1.531733274,116.5522003,487988.0938,24,11,52.79999924,2024/8/11 14:50
1723388425,1723388425,0,1,36.47399521,108.3355408,490004.125,18,11,-32.79999924,2024/8/11 15:00
1723389026,1723389025,0,1,73.27799988,85.7019577,499950.125,30,13,-10.69999981,2024/8/11 15:10
1723389626,1723389625,0,1,65.95189667,-54.20278168,502334.1563,24,12,28.20000076,2024/8/11 15:20
1723390226,1723390225,0,1,28.67819595,-69.56732178,497916.5938,22,12,-51.70000076,2024/8/11 15:30
1723390826,1723390825,0,1,-9.318236351,-77.37325287,500456.1563,21,12,22.29999924,2024/8/11 15:40
1723391426,1723391426,0,1,-47.0085907,-86.66930389,513049.875,19,11,0.800000012,2024/8/11 15:50
1723392026,1723392026,0,1,-81.27082062,-139.0311584,520203.4375,26,12,-45.70000076,2024/8/11 16:00
1723392626,1723392626,0,1,-56.07228851,107.4951553,510042.7188,29,10,-9.300000191,2024/8/11 16:10
1723393226,1723393226,0,1,-18.48368073,96.33978271,492710.125,24,12,-48.70000076,2024/8/11 16:20
1723393826,1723393826,0,1,19.57494354,88.69841766,487292.6875,10,11,-63.40000153,2024/8/11 16:30
1723394426,1723394426,0,1,57.24862289,77.18624115,495823.6563,19,12,-31.89999962,2024/8/11 16:40
1723395027,1723395026,0,1,80.46686554,-42.91099167,502794.625,23,11,32,2024/8/11 16:50
1723395627,1723395626,0,1,45.46858215,-88.55540466,500008.5313,22,12,-34.90000153,2024/8/11 17:00
1723396227,1723396226,0,1,7.667013168,-97.64756012,497777.125,21,12,-8.600000381,2024/8/11 17:10
1723396827,1723396827,0,1,-30.28598976,-105.5098038,506911.4688,15,10,-6.599999905,2024/8/11 17:20
1723397427,1723397427,0,1,-67.34382629,-121.8048325,518783.4688,21,12,-35.90000153,2024/8/11 17:30
1723398027,1723398027,0,1,-72.12289429,97.61815643,516439.6563,31,12,-3.900000095,2024/8/11 17:40
1723398627,1723398627,0,1,-35.35183716,76.63699341,499829.5938,24,10,9,2024/8/11 17:50
1723399227,1723399227,0,1,2.608804941,68.5047226,487437.1875,25,13,-87.80000305,2024/8/11 18:00
1723401028,1723401027,0,1,62.00577164,-104.492981,502156.375,26,11,-37.59999847,2024/8/11 18:30
1723401628,1723401627,0,1,24.56888771,-117.7458649,497686.4375,20,12,-45.40000153,2024/8/11 18:40
1723402228,1723402227,0,1,-13.37249184,-125.4262543,501480.875,22,11,-9.199999809,2024/8/11 18:50
1723402828,1723402828,0,1,-51.04977417,-135.4173431,514344.4063,20,10,-18.20000076,2024/8/11 19:00
1723403428,1723403428,0,1,-82.57139587,145.4081879,519796.4688,29,13,-41.59999847,2024/8/11 19:10
1723404028,1723404028,0,1,-52.04528809,58.43904877,507931.1875,27,14,39.40000153,2024/8/11 19:20
1723404628,1723404628,0,1,-14.35269547,48.24794006,491090.625,25,13,-17.20000076,2024/8/11 19:30
1723405228,1723405228,0,1,23.70882416,40.56653976,487510.6563,20,13,7.900000095,2024/8/11 19:40
1723408829,1723408828,0,1,-71.11802673,-173.5144196,519410.1875,26,12,-65,2024/8/11 20:40
1723409429,1723409428,0,1,-68.31318665,45.43219757,515025.3125,28,13,26.39999962,2024/8/11 20:50
1723410029,1723410029,0,1,-31.23932076,28.36354256,497798.125,20,12,33,2024/8/11 21:00
1723410629,1723410629,0,1,6.76036644,20.45414734,486857,21,15,-3.700000048,2024/8/11 21:10
1723411229,1723411229,0,1,44.68029404,11.44600868,491927.5,12,12,40.90000153,2024/8/11 21:20
1723411829,1723411829,0,1,79.98039246,-31.0857563,501300.9375,25,14,36.90000153,2024/8/11 21:30
1723412429,1723412429,0,1,57.99484634,-154.1465912,501419.625,27,12,13.10000038,2024/8/11 21:40
1723413030,1723413029,0,1,20.43139648,-165.8836517,497247.2813,17,12,9.100000381,2024/8/11 21:50
1723413630,1723413629,0,1,-17.51189232,-173.5144501,502451.4688,25,11,44.79999924,2024/8/11 22:00
1723414230,1723414229,0,1,-55.0353241,175.615036,515550.8438,25,11,-33.29999924,2024/8/11 22:10
1723414830,1723414829,0,1,-81.76145172,67.82053375,519252.9688,26,13,1.799999952,2024/8/11 22:20
1723415430,1723415430,0,1,-47.97332382,9.636099815,505962.0625,24,11,26,2024/8/11 22:30
1723416030,1723416030,0,1,-10.19601536,0.176170006,489826.5313,22,11,11,2024/8/11 22:40
1723416630,1723416630,0,1,27.85737419,-7.607956886,488085.375,18,10,37.09999847,2024/8/11 22:50
1723417230,1723417230,0,1,65.24488831,-22.55464935,497739.4375,23,11,65.69999695,2024/8/11 23:00
1723417830,1723417830,0,1,73.92777252,-161.817276,502611.5313,30,12,-0.600000024,2024/8/11 23:10
1723418430,1723418430,0,1,37.26415634,174.5164948,498557.5938,24,11,-11.30000019,2024/8/11 23:20
1723419031,1723419030,0,1,-0.624823332,166.2540131,498458.6563,22,13,39.20000076,2024/8/11 23:30
1723419631,1723419630,0,1,-38.43973541,157.9073029,509714.8438,27,14,8,2024/8/11 23:40
1723420231,1723420230,0,1,-74.82627869,132.6629791,519813.4375,30,11,-47.40000153,2024/8/11 23:50
1723420831,1723420830,0,1,-64.38722992,-5.418614864,513533.9375,27,12,10.60000038,2024/8/12 0:00
1723421431,1723421431,0,1,-27.09819984,-19.85030174,496008.1563,22,10,7.099999905,2024/8/12 0:10
1723422031,1723422031,0,1,10.92989635,-27.60751152,486715.6563,23,12,7.400000095,2024/8/12 0:20
1723422631,1723422631,0,1,48.78738403,-37.21081543,493055.375,17,11,48.90000153,2024/8/12 0:30
1723423231,1723423231,0,1,82.14624786,-101.7572021,501775.9063,30,11,8.899999619,2024/8/12 0:40
1723423831,1723423831,0,1,53.93921661,156.6233673,500737.75,29,11,23.5,2024/8/12 0:50
1723424431,1723424431,0,1,16.27672195,146.0082092,497005.2813,25,13,51.70000076,2024/8/12 1:00
1723425032,1723425031,0,1,-21.65999222,138.3694611,503636.125,25,13,36.09999847,2024/8/12 1:10
1723425632,1723425631,0,1,-59.07032013,126.2908783,516677.5313,26,13,-28.10000038,2024/8/12 1:20
1723426232,1723426231,0,1,-79.33995819,0.055565,518588.0313,31,12,-6,2024/8/12 1:30
1723426832,1723426831,0,1,-43.87328339,-38.98678207,504038.2188,19,9,-5.800000191,2024/8/12 1:40
1723427432,1723427432,0,1,-6.025300026,-47.8853035,488899.9375,18,12,-24.39999962,2024/8/12 1:50
1723428032,1723428032,0,1,32.00947952,-55.8366127,489030.1875,21,11,-30.89999962,2024/8/12 2:00
1723428632,1723428632,0,1,69.17168427,-73.66770935,498946.375,24,11,-9.399999619,2024/8/12 2:10
1723429232,1723429232,0,1,70.15763855,144.9564667,502580.9375,30,11,-0.300000012,2024/8/12 2:20
1723429832,1723429832,0,1,33.13692093,126.1984482,498106.9688,27,13,24.60000038,2024/8/12 2:30
1723430432,1723430432,0,1,-4.779571533,118.2044449,499121.1875,26,14,47.20000076,2024/8/12 2:40
1723431033,1723431032,0,1,-42.54336929,109.4724503,511073.3438,23,12,-27.79999924,2024/8/12 2:50
1723431633,1723431632,0,1,-78.25452423,75.10536194,519785.1563,27,12,4.300000191,2024/8/12 3:00
1723432233,1723432232,0,1,-60.46001816,-55.40327072,511697.4063,27,11,20.10000038,2024/8/12 3:10
1723432833,1723432833,0,1,-22.94509506,-68.01926422,494178.6875,19,10,40.29999924,2024/8/12 3:20
1723433433,1723433433,0,1,15.10348988,-75.68712616,486828.1875,20,12,-16.29999924,2024/8/12 3:30
1723434033,1723434033,0,1,52.88255692,-86.07201385,494436.3125,18,12,-44.70000076,2024/8/12 3:40
1723434633,1723434633,0,1,82.42853546,179.4308624,502393.8438,27,12,4.400000095,2024/8/12 3:50
1723435233,1723435233,0,1,49.86216736,107.6981812,500473.375,26,12,-35.20000076,2024/8/12 4:00
1723435833,1723435833,0,1,12.12508297,97.92633057,497376.375,17,11,-36.29999924,2024/8/12 4:10
1723436433,1723436433,0,1,-25.79319572,90.22209167,505206.9375,24,12,-37,2024/8/12 4:20
1723437034,1723437033,0,1,-63.06000137,76.49888611,517659.3438,21,10,22.29999924,2024/8/12 4:30
1723437634,1723437633,0,1,-76.08109283,-59.52155685,517516.5,29,12,-12.69999981,2024/8/12 4:40
1723438234,1723438233,0,1,-39.82931519,-87.44675446,501800.375,22,12,-0.200000003,2024/8/12 4:50
1723438834,1723438833,0,1,-1.855919957,-95.93598175,487799.4375,18,12,-12.5,2024/8/12 5:00
1723439434,1723439434,0,1,36.15456772,-104.129509,489738.4063,20,14,-20.10000038,2024/8/12 5:10
1723440034,1723440034,0,1,72.99134827,-126.3348999,499795.5625,27,14,-10.19999981,2024/8/12 5:20
1723440634,1723440634,0,1,66.2557373,93.51773834,502376.1875,28,11,-21.89999962,2024/8/12 5:30
1723441234,1723441234,0,1,28.99757385,77.95615387,497944.8438,23,12,-54.29999924,2024/8/12 5:40
1723441834,1723441834,0,1,-8.93411541,70.15145111,500395.5,22,11,-64.80000305,2024/8/12 5:50
1723442434,1723442434,0,1,-46.63106155,60.90963364,512780.5938,19,10,36.20000076,2024/8/12 6:00
1723443035,1723443034,0,1,-81.06365967,10.52304649,519935.4063,26,13,-6.699999809,2024/8/12 6:10
1723443635,1723443634,0,1,-56.44122696,-104.8701782,509826.4375,26,11,-14.69999981,2024/8/12 6:20
1723444235,1723444234,0,1,-18.85879135,-116.1301422,492343.8125,26,13,-3.200000048,2024/8/12 6:30
1723444835,1723444834,0,1,19.26753807,-123.7857208,486774.3125,22,14,-46,2024/8/12 6:40
1723445435,1723445435,0,1,56.95300293,-135.2113037,495349.9375,21,14,1.899999976,2024/8/12 6:50
1723446035,1723446035,0,1,80.65151978,106.005127,502604.9063,28,13,2.099999905,2024/8/12 7:00
1723446635,1723446635,0,1,45.76436996,58.99588013,499986.8125,16,9,-27.39999962,2024/8/12 7:10
1723447235,1723447235,0,1,7.967411518,49.86254501,497787.5313,14,10,-37.79999924,2024/8/12 7:20
1723447835,1723447835,0,1,-29.92396545,42.0259552,506746.2813,17,11,14.39999962,2024/8/12 7:30
1723448436,1723448435,0,1,-67.00117493,25.97432518,518509.8125,22,12,16.60000038,2024/8/12 7:40
1723449036,1723449035,0,1,-72.44814301,-114.3980179,516222.875,29,12,-33.20000076,2024/8/12 7:50
1723449636,1723449635,0,1,-35.70648575,-135.8159332,499530.7188,24,12,-11.19999981,2024/8/12 8:00
1723450236,1723450235,0,1,2.25541997,-143.9735107,486889.5938,25,14,4.699999809,2024/8/12 8:10
1723450836,1723450836,0,1,40.29444122,-152.5159912,490544.8125,22,12,-17.5,2024/8/12 8:20
1723451436,1723451436,0,1,76.60919952,178.1959534,500523.8438,29,13,1.399999976,2024/8/12 8:30
1723452036,1723452036,0,1,62.27410889,43.14507294,502008.3125,16,13,10.89999962,2024/8/12 8:40
1723455037,1723455036,0,1,-52.37402344,-153.9680328,507673.4688,26,12,-21.39999962,2024/8/12 9:30
1723455637,1723455636,0,1,-14.68466377,-164.2303925,490706,31,13,13,2024/8/12 9:40
1723456237,1723456236,0,1,23.44476318,-171.922287,487094.5625,25,12,4.900000095,2024/8/12 9:50
1723456837,1723456837,0,1,61.00667191,175.2345276,496511.3125,23,11,0.5,2024/8/12 10:00
1723457437,1723457437,0,1,77.6644516,42.81686401,502755.625,28,14,12,2024/8/12 10:10
1723459237,1723459237,0,1,-34.06504822,-6.235304832,508048.8438,16,10,16.39999962,2024/8/12 10:40
1723459837,1723459837,0,1,-70.88018036,-25.73080635,518940.6563,24,12,1.200000048,2024/8/12 10:50
1723460438,1723460437,0,1,-68.61065674,-166.7884521,514678.1875,26,12,-59,2024/8/12 11:00
1723461038,1723461037,0,1,-31.55130005,175.8936615,497404.875,22,9,42.59999847,2024/8/12 11:10
1723461638,1723461637,0,1,6.450596809,167.9689178,486448.1875,25,11,27.39999962,2024/8/12 11:20
1723462238,1723462237,0,1,44.44001389,158.9774475,491686.5313,22,12,5.199999809,2024/8/12 11:30
1723462838,1723462838,0,1,79.8158493,117.39888,501297.125,26,13,-1.100000024,2024/8/12 11:40
1723463438,1723463438,0,1,58.23156357,-6.563563347,501523.6875,24,12,56.59999847,2024/8/12 11:50
1723464038,1723464038,0,1,20.67627525,-18.37773895,497299.375,18,12,26.89999962,2024/8/12 12:00
1723464638,1723464638,0,1,-17.266716,-26.00998878,502316.5,17,14,-7.5,2024/8/12 12:10
1723465238,1723465238,0,1,-54.7980423,-36.81988144,515092.8438,19,13,22.20000076,2024/8/12 12:20
1723465838,1723465838,0,1,-81.88880157,-142.7840271,518826.25,26,13,-45.20000076,2024/8/12 12:30
1723466439,1723466438,0,1,-48.26635742,157.1942749,505599.5313,24,9,-14.39999962,2024/8/12 12:40
1723467039,1723467038,0,1,-10.48965168,147.6880493,489429.6875,25,12,69.5,2024/8/12 12:50
1723467639,1723467638,0,1,27.56795692,139.9131927,487777.8125,19,10,43.59999847,2024/8/12 13:00
1723468239,1723468238,0,1,65.02986145,125.0802231,497691.2188,24,11,-16.10000038,2024/8/12 13:10
1723468839,1723468839,0,1,74.12814331,-13.96558952,502645.2813,27,12,49.09999847,2024/8/12 13:20
1723469439,1723469439,0,1,37.49016571,-37.9688797,498598.2813,19,12,36.09999847,2024/8/12 13:30
1723470039,1723470039,0,1,-0.396705002,-46.24731827,498372.2188,23,14,-24.60000038,2024/8/12 13:40
1723470639,1723470639,0,1,-38.21600342,-54.57471466,509334.6563,21,12,6.400000095,2024/8/12 13:50
1723471239,1723471239,0,1,-74.63378143,-79.45004272,519315.5313,25,13,-13.80000019,2024/8/12 14:00
1723471839,1723471839,0,1,-64.65579987,142.246048,513208.8438,22,10,-44.09999847,2024/8/12 14:10
1723472440,1723472439,0,1,-27.37491798,127.6665649,495773.4688,23,11,-9.5,2024/8/12 14:20
1723473040,1723473039,0,1,10.65441513,119.9022598,486497.875,24,11,52.70000076,2024/8/12 14:30
1723473640,1723473639,0,1,48.51715088,110.3453064,493032.75,24,12,-29.79999924,2024/8/12 14:40
1723474240,1723474239,0,1,82.07566833,47.17036819,501862.3438,28,12,19,2024/8/12 14:50
1723474840,1723474840,0,1,54.1492424,-55.83014297,500917.125,26,13,7.199999809,2024/8/12 15:00
1723475440,1723475440,0,1,16.49251175,-66.49237823,497103.1563,22,12,-42,2024/8/12 15:10
1723476040,1723476040,0,1,-21.44505501,-74.12730408,503446.4688,19,13,17.5,2024/8/12 15:20
1723476640,1723476640,0,1,-58.86459732,-86.13162994,516242.6563,20,12,-6.900000095,2024/8/12 15:30
1723477240,1723477240,0,1,-79.490448,148.3106232,518180.25,31,12,-50.5,2024/8/12 15:40
1723477840,1723477840,0,1,-44.13830948,108.5498199,503717.25,24,12,-23.60000038,2024/8/12 15:50
1723478441,1723478440,0,1,-6.290498257,99.62136841,488637.8438,21,12,-18,2024/8/12 16:00
1723479041,1723479040,0,1,31.74795341,91.68502808,488845.5313,16,11,-36.90000153,2024/8/12 16:10
1723479641,1723479640,0,1,68.92733765,74.07758331,498912.625,24,12,-12.10000038,2024/8/12 16:20
1723480241,1723480241,0,1,70.34402466,-67.35459137,502675.6875,25,11,5.800000191,2024/8/12 16:30
1723480841,1723480841,0,1,33.33790588,-86.29627228,498226.1875,22,9,-30.10000038,2024/8/12 16:40
1723481441,1723481441,0,1,-4.576920033,-94.29949188,499096.9063,26,11,-13.19999981,2024/8/12 16:50
1723482041,1723482041,0,1,-42.34451675,-103.0085754,510779.5,18,9,-8.399999619,2024/8/12 17:00
1723482641,1723482641,0,1,-78.10154724,-136.807663,519476.4063,28,11,-47.5,2024/8/12 17:10
1723483241,1723483241,0,1,-60.64956665,92.16549683,511400.3438,30,12,5.199999809,2024/8/12 17:20
1723483842,1723483841,0,1,-23.20064926,79.49073029,493975.2188,23,12,-28.70000076,2024/8/12 17:30
1723484442,1723484441,0,1,14.84937,71.82001495,486685.3125,25,11,-83.90000153,2024/8/12 17:40
1723485642,1723485641,0,1,82.46640778,-31.67597771,502458.75,24,12,30.60000038,2024/8/12 18:00
1723486242,1723486242,0,1,50.0516777,-104.7748642,500524.3125,25,10,-19.5,2024/8/12 18:10
1723486842,1723486842,0,1,12.3177948,-114.5799561,497217.9375,17,12,-38.90000153,2024/8/12 18:20
1723487442,1723487442,0,1,-25.60386848,-122.2800064,504732.4063,15,9,-8.800000191,2024/8/12 18:30
1723488042,1723488042,0,1,-62.88238525,-135.9178467,517119.6563,24,12,-36.20000076,2024/8/12 18:40
1723488642,1723488642,0,1,-76.23267365,88.34887695,516997.9063,31,13,3.299999952,2024/8/12 18:50
1723489242,1723489242,0,1,-40.0034523,60.05771637,501452.8438,23,11,28.70000076,2024/8/12 19:00
1723489843,1723489842,0,1,-2.093255043,51.56458664,487668.1563,24,13,-46.5,2024/8/12 19:10
1723492243,1723492243,0,1,29.17081261,-134.5472412,497722.375,22,11,-34.5,2024/8/12 19:50
1723492843,1723492843,0,1,-8.763313293,-142.3600159,499850.5313,26,11,-0.400000006,2024/8/12 20:00
1723493443,1723493443,0,1,-46.46818542,-151.5809326,512139.4375,23,11,-12.19999981,2024/8/12 20:10
1723494043,1723494043,0,1,-80.97288513,158.8231201,519378.3125,24,11,-45.90000153,2024/8/12 20:20
1723494643,1723494643,0,1,-56.59115982,42.66327286,509431.375,25,11,39.90000153,2024/8/12 20:30
1723495243,1723495243,0,1,-19.01051712,31.35787964,492193.375,22,12,4.400000095,2024/8/12 20:40
1723495844,1723495843,0,1,19.05228806,23.71427345,486688.875,11,14,12.5,2024/8/12 20:50
1723496444,1723496443,0,1,56.74206161,12.34814644,495300.5313,10,14,37.09999847,2024/8/12 21:00
1723497044,1723497043,0,1,80.77951813,-105.4441757,502528.5,25,13,5.5,2024/8/12 21:10
1723497644,1723497643,0,1,45.91386795,-153.4953918,499695.2188,23,13,-7.300000191,2024/8/12 21:20
1723498244,1723498244,0,1,8.115244865,-162.6514893,497202.375,22,11,14.10000038,2024/8/12 21:30
1723498844,1723498844,0,1,-29.78310585,-170.4846344,506017.9688,23,10,23.79999924,2024/8/12 21:40
1723499444,1723499444,0,1,-66.87319183,173.5488434,517931.4688,27,11,-55.29999924,2024/8/12 21:50
1723500044,1723500044,0,1,-72.56450653,33.26081467,515809.1875,30,13,23.20000076,2024/8/12 22:00
1723500644,1723500644,0,1,-35.83341217,11.67748833,499421.2813,22,10,25.29999924,2024/8/12 22:10
1723501244,1723501244,0,1,2.126511574,3.509738445,486952.0313,24,12,15.60000038,2024/8/12 22:20
1723501845,1723501844,0,1,40.102108,-5.003868103,490535.9063,17,12,54.59999847,2024/8/12 22:30
1723502445,1723502444,0,1,76.4460144,-33.87713623,500432.0625,28,11,41.59999847,2024/8/12 22:40
1723503045,1723503044,0,1,62.45993423,-169.264389,501749.7188,30,12,6.800000191,2024/8/12 22:50
1723503645,1723503644,0,1,24.97299194,177.2567749,497121.1563,23,12,-4.199999809,2024/8/12 23:00
1723504245,1723504245,0,1,-12.97326374,169.5650024,500628.875,21,12,62,2024/8/12 23:10
1723504845,1723504845,0,1,-50.60290146,159.6674194,513444.8125,20,11,-15,2024/8/12 23:20
1723505445,1723505445,0,1,-82.52327728,83.77669525,519075.9688,23,12,-5,2024/8/12 23:30
1723506045,1723506045,0,1,-52.47829819,-6.461366653,507539.125,26,12,27.5,2024/8/12 23:40
1723506645,1723506645,0,1,-14.79178333,-16.74744987,490781.4375,21,11,5,2024/8/12 23:50
1723507245,1723507245,0,1,23.2724781,-24.42413712,487149.4063,20,11,22,2024/8/13 0:00
1723507846,1723507845,0,1,60.83889771,-37.19966507,496406.6563,26,11,51.90000153,2024/8/13 0:10
1723508446,1723508445,0,1,77.80135345,-169.2180481,502495.9063,29,13,3.099999905,2024/8/13 0:20
1723509046,1723509045,0,1,41.8072319,157.9645996,498891.5625,23,11,3.200000048,2024/8/13 0:30
1723509646,1723509645,0,1,3.893728256,149.2860565,497375.0625,23,14,58.40000153,2024/8/13 0:40
1723510246,1723510246,0,1,-33.97260284,141.2492676,507428.0625,28,11,4.599999905,2024/8/13 0:50
1723510846,1723510846,0,1,-70.7991333,121.8412933,518562.75,27,12,-31.20000076,2024/8/13 1:00
1723511446,1723511446,0,1,-68.69076538,-19.2365551,514514.0313,26,13,4.599999905,2024/8/13 1:10
1723512046,1723512046,0,1,-31.63710213,-36.62291336,497544.6563,18,10,-3.5,2024/8/13 1:20
1723512646,1723512646,0,1,6.361828327,-44.55137253,486672.9063,18,11,-31.20000076,2024/8/13 1:30
1723513246,1723513246,0,1,44.28735352,-53.51036072,491779.4688,17,11,1.299999952,2024/8/13 1:40
1723513847,1723513846,0,1,79.71017456,-94.4866333,501231.9688,26,12,6.900000095,2024/8/13 1:50
1723514447,1723514446,0,1,58.38230133,140.9763794,501319.1563,25,12,13.5,2024/8/13 2:00
1723515047,1723515046,0,1,20.82748413,129.1150055,496846.3438,25,13,36.09999847,2024/8/13 2:10
1723515647,1723515646,0,1,-17.1842041,121.4695282,501713.9375,28,13,16.70000076,2024/8/13 2:20
1723516247,1723516247,0,1,-54.72314072,110.6805649,514592.7813,23,12,-13,2024/8/13 2:30
1723516847,1723516847,0,1,-81.9200592,5.150724888,518471.4375,29,13,-9.5,2024/8/13 2:40
1723517447,1723517447,0,1,-48.3364296,-55.31941986,505487.0313,21,11,3.799999952,2024/8/13 2:50
1723518047,1723518047,0,1,-10.56092644,-64.83486938,489519.75,22,12,20.10000038,2024/8/13 3:00
1723518647,1723518647,0,1,27.49541855,-72.60617828,487943.6563,20,10,-48.90000153,2024/8/13 3:10
1723519248,1723519247,0,1,64.89859009,-87.34531403,497778.2188,23,12,-37,2024/8/13 3:20
1723519848,1723519847,0,1,74.25151825,133.7440643,502713.0625,31,12,-2,2024/8/13 3:30
1723520448,1723520447,0,1,37.62893677,109.5308533,498575.125,22,9,-30.79999924,2024/8/13 3:40
1723521048,1723521047,0,1,-0.321466655,101.2304306,498123.9063,18,11,-0.600000024,2024/8/13 3:50
1723521648,1723521647,0,1,-38.14435577,92.91025543,508975.0313,21,13,-12.80000019,2024/8/13 4:00
1723522248,1723522248,0,1,-74.57485962,68.15090942,518880.7188,27,12,12.69999981,2024/8/13 4:10
1723522848,1723522848,0,1,-64.71801758,-70.24378204,512783.4063,27,13,6.099999905,2024/8/13 4:20
1723523448,1723523448,0,1,-27.43593407,-84.85521698,495442.3125,23,12,4.400000095,2024/8/13 4:30
1723524048,1723524048,0,1,10.59575844,-92.62016296,486319.0938,25,12,-1.399999976,2024/8/13 4:40
1723524648,1723524648,0,1,48.46064758,-102.1665421,492920.5,20,13,-18.70000076,2024/8/13 4:50
1723525249,1723525248,0,1,82.03305054,-164.5367126,501864.6563,28,12,3.599999905,2024/8/13 5:00
1723525849,1723525848,0,1,54.2687149,91.68867493,500998,27,12,-38.79999924,2024/8/13 5:10
1723526449,1723526448,0,1,16.61525726,80.99819946,497114.1563,17,11,-78.59999847,2024/8/13 5:20
1723527049,1723527048,0,1,-21.38579559,73.35097504,503314.1563,27,11,-22.89999962,2024/8/13 5:30
1723527649,1723527649,0,1,-58.80860901,61.36590195,515949.625,23,10,33.09999847,2024/8/13 5:40
1723528249,1723528249,0,1,-79.52903748,-64.00603485,517786.9688,29,12,-19.5,2024/8/13 5:50
1723528849,1723528849,0,1,-44.18837738,-103.9664612,503262.4063,21,10,-8.300000191,2024/8/13 6:00
1723529449,1723529449,0,1,-6.336460114,-112.9013367,488160.4688,22,13,-14.19999981,2024/8/13 6:10
1723530049,1723530049,0,1,31.70648575,-120.836586,488435.5313,21,14,-41.20000076,2024/8/13 6:20
1723530649,1723530649,0,1,68.89115143,-138.4142761,498644.5,26,15,0,2024/8/13 6:30
1723531250,1723531249,0,1,70.43667603,80.23745728,502589.3125,28,13,-12.19999981,2024/8/13 6:40
1723531850,1723531849,0,1,33.43799591,61.19747543,498212.5938,15,9,-20.29999924,2024/8/13 6:50
1723532450,1723532449,0,1,-4.475493431,53.18768692,499068.625,19,12,-42.79999924,2024/8/13 7:00
1723533050,1723533049,0,1,-42.30668259,44.46855545,510599.3438,17,11,43.40000153,2024/8/13 7:10
1723533650,1723533650,0,1,-78.07206726,10.7638483,519123.4375,27,12,2.299999952,2024/8/13 7:20
1723534250,1723534250,0,1,-60.68030548,-120.3427048,510938.6875,28,13,-25.29999924,2024/8/13 7:30
1723534850,1723534850,0,1,-23.2275238,-133.0328522,493399.4375,24,11,-12,2024/8/13 7:40
1723535450,1723535450,0,1,14.82806683,-140.705658,486095.3125,26,14,-15.19999981,2024/8/13 7:50
1723536050,1723536050,0,1,52.61759567,-151.0334167,493931.1875,22,13,7.900000095,2024/8/13 8:00
1723536650,1723536650,0,1,82.47875977,116.3823624,502258,25,12,5.800000191,2024/8/13 8:10
1723537251,1723537250,0,1,50.12683105,42.7256279,500461.375,11,11,6.099999905,2024/8/13 8:20
1723539051,1723539051,42949672,1,-62.86946487,11.5563612,516836.8125,5,0,21.20000076,2024/8/13 8:50
1723539651,1723539651,0,1,-76.23969269,-124.1502838,516600.7188,25,12,-35.09999847,2024/8/13 9:00
1723540251,1723540251,0,1,-40.00830078,-152.4682312,500947.125,26,10,-3.700000048,2024/8/13 9:10
1723540851,1723540851,0,1,-2.093080044,-160.9640961,487119.75,22,13,14.69999981,2024/8/13 9:20
1723541451,1723541451,0,1,35.92361069,-169.1444702,489302.5,22,14,-13.60000038,2024/8/13 9:30
1723542051,1723542051,0,1,72.78271484,168.9419098,499646.2188,27,12,1.799999952,2024/8/13 9:40
1723542651,1723542651,0,1,66.47458649,28.65030098,502363.9688,10,12,17.79999924,2024/8/13 9:50
1723545052,1723545051,0,1,-80.97693634,-53.75260162,518905,24,11,-24.79999924,2024/8/13 10:30
1723545652,1723545652,0,1,-56.57818985,-169.8712158,508931.5625,25,11,-36.20000076,2024/8/13 10:40
1723546252,1723546252,0,1,-18.9919281,178.8255005,491647.9063,26,10,51.90000153,2024/8/13 10:50
1723546852,1723546852,0,1,19.07500267,171.1807556,486374.375,25,11,10.60000038,2024/8/13 11:00
1723547452,1723547452,0,1,56.76563644,159.8064575,495236.4375,21,11,20.79999924,2024/8/13 11:10
1723548052,1723548052,0,1,80.76503754,41.91077805,502622.75,29,12,18.79999924,2024/8/13 11:20
1723548652,1723548652,0,1,45.9552002,-6.009736538,499824.5313,23,11,46.70000076,2024/8/13 11:30
1723549253,1723549252,0,1,8.159025192,-15.17189026,497248.7188,22,13,24.20000076,2024/8/13 11:40
1723549853,1723549852,0,1,-29.73962593,-23.0035305,505838.6563,18,14,7.400000095,2024/8/13 11:50
1723550453,1723550452,0,1,-66.83485413,-38.94296265,517434.375,20,12,9.399999619,2024/8/13 12:00
1723551053,1723551053,0,1,-72.53983307,-179.3112335,515286.375,26,12,-61.5,2024/8/13 12:10
1723551653,1723551653,0,1,-35.80024338,159.1392059,498861.25,20,10,15.30000019,2024/8/13 12:20
1723552253,1723552253,0,1,2.164853334,150.9733887,486561.8438,26,12,56.90000153,2024/8/13 12:30
1723552853,1723552853,0,1,40.14210129,142.4560242,490468.5313,18,10,29.79999924,2024/8/13 12:40
1723553453,1723553453,0,1,76.47898865,113.4994583,500596.9063,27,12,-2.200000048,2024/8/13 12:50
1723554053,1723554053,0,1,62.42457199,-21.81851387,501922.0938,22,13,64.19999695,2024/8/13 13:00
1723554654,1723554653,0,1,25.00174332,-35.26597595,497221.25,19,13,9,2024/8/13 13:10
1723555254,1723555253,0,1,-12.94408035,-42.95769501,500540.375,19,14,-15.69999981,2024/8/13 13:20
1723555854,1723555853,0,1,-50.57691574,-52.84965134,513020.3438,15,12,6.800000191,2024/8/13 13:30
1723556454,1723556453,0,1,-82.5296402,-129.0678406,518562.125,27,12,-41.90000153,2024/8/13 13:40
1723557054,1723557054,0,1,-52.43273926,140.9889526,507037.4063,25,10,-19.70000076,2024/8/13 13:50
1723557654,1723557654,0,1,-14.7407217,130.7132263,490414.6875,26,13,41.09999847,2024/8/13 14:00
1723558254,1723558254,0,1,23.32542801,123.0365143,487114.7188,25,10,15.30000019,2024/8/13 14:10
1723558854,1723558854,0,1,60.88914871,110.2431412,496657.8438,21,13,-27,2024/8/13 14:20
1723559454,1723559454,0,1,77.76390839,-21.89520836,502764.0625,23,13,29.89999962,2024/8/13 14:30
1723560054,1723560054,0,1,41.76269531,-54.5785141,499120.0313,21,10,-9.699999809,2024/8/13 14:40
1723560655,1723560654,0,1,3.913705111,-63.23766708,497431.8438,22,13,-10.89999962,2024/8/13 14:50
1723561255,1723561254,0,1,-33.95384216,-71.27163696,507151,14,12,24.39999962,2024/8/13 15:00
1723561855,1723561854,0,1,-70.78595734,-90.66014862,518067.4375,22,13,-17.70000076,2024/8/13 15:10
1723562455,1723562454,0,1,-68.70105743,128.2396851,513995.1563,26,13,-35.29999924,2024/8/13 15:20
1723563055,1723563055,0,1,-31.57939911,110.8331985,497127.7813,23,12,-39.20000076,2024/8/13 15:30
1723563655,1723563655,0,1,6.423194885,102.9088821,486485.9375,27,11,-7,2024/8/13 15:40
1723564255,1723564255,0,1,44.34805679,93.94495392,491952.625,19,11,-60.20000076,2024/8/13 15:50
1723564855,1723564855,0,1,79.75209045,52.75356293,501510.9375,26,12,11.10000038,2024/8/13 16:00
1723565455,1723565455,0,1,58.32935333,-71.58306122,501638.375,24,12,-28.60000038,2024/8/13 16:10
1723566055,1723566055,0,1,20.77572632,-83.42363739,497043.2188,17,11,-19.70000076,2024/8/13 16:20
1723566656,1723566655,0,1,-17.17196083,-91.05413818,501660.5625,16,10,-4.699999809,2024/8/13 16:30
1723567256,1723567255,0,1,-54.71322632,-101.8389053,514271.9063,17,11,-11.80000019,2024/8/13 16:40
1723567856,1723567855,0,1,-81.92459106,152.6612244,518033.9688,28,12,-43.90000153,2024/8/13 16:50
1723568456,1723568455,0,1,-48.27644348,92.12854767,505001.4063,25,11,8.399999619,2024/8/13 17:00
1723569056,1723569056,0,1,-10.49592686,82.62381744,489303.4688,25,13,-73.19999695,2024/8/13 17:10
1723569656,1723569656,0,1,27.56135559,74.85185242,487978.25,22,12,-46.90000153,2024/8/13 17:20
1723570256,1723570256,0,1,64.96017456,60.08114624,498022.5313,25,13,-1.100000024,2024/8/13 17:30
1723570856,1723570856,0,1,74.19931793,-78.89867401,503026.625,23,12,2.599999905,2024/8/13 17:40
1723571456,1723571456,0,1,37.57245636,-103.0137863,498733.625,19,10,-22.89999962,2024/8/13 17:50
1723572056,1723572056,0,1,-0.314376652,-111.2963562,498020.5313,20,11,-20.89999962,2024/8/13 18:00
1723572657,1723572656,0,1,-38.13993454,-119.6160431,508563.4375,18,10,-12.80000019,2024/8/13 18:10
1723573257,1723573256,0,1,-74.57572174,-144.3753204,518360.2813,24,11,-55.79999924,2024/8/13 18:20
1723573857,1723573856,0,1,-64.71227264,77.22078705,512231.4375,28,12,19.20000076,2024/8/13 18:30
1723574457,1723574456,0,1,-27.36211586,62.59837341,495078.1875,23,11,7,2024/8/13 18:40
1723575057,1723575057,0,1,10.67156124,54.83541489,486315,24,13,-48.59999847,2024/8/13 18:50
1723579258,1723579257,0,1,-79.5144577,83.39329529,517166.6563,27,11,2.299999952,2024/8/13 20:00
1723579858,1723579857,0,1,-44.10154343,43.47823334,502804.9375,22,10,44.59999847,2024/8/13 20:10
1723580458,1723580457,0,1,-6.246416569,34.55223083,488074.6875,21,14,-18.79999924,2024/8/13 20:20
1723581058,1723581058,0,1,31.79478264,26.61145592,488591.4375,14,11,14.5,2024/8/13 20:30
1723582258,1723582258,0,1,70.3588028,-132.3860779,502695.75,23,13,-5.400000095,2024/8/13 20:50
1723582858,1723582858,0,1,33.35507202,-151.3505707,498029.625,20,10,-18.5,2024/8/13 21:00
1723583458,1723583458,0,1,-4.561964989,-159.3577423,498564.1875,29,11,14.10000038,2024/8/13 21:10
1723584058,1723584058,0,1,-42.33522034,-168.0700836,509996.125,23,9,-0.100000001,2024/8/13 21:20
1723584659,1723584658,0,1,-78.09820557,158.1183167,518584.5625,29,13,-51.90000153,2024/8/13 21:30
1723585259,1723585258,0,1,-60.64092255,27.11019516,510542.5625,25,12,27.60000038,2024/8/13 21:40
1723585859,1723585858,0,1,-23.18556595,14.43206978,493323.0938,18,12,29.60000038,2024/8/13 21:50
1723586459,1723586459,0,1,14.93181801,6.74545145,486273.25,14,12,19.39999962,2024/8/13 22:00
1723587059,1723587059,0,1,52.7160759,-3.60547328,494170.4063,21,10,54.09999847,2024/8/13 22:10
1723587659,1723587659,0,1,82.45932007,-96.88664246,502363.3125,27,13,12,2024/8/13 22:20
1723588259,1723588259,0,1,50.02983475,-169.8363953,500251.7813,27,12,5.5,2024/8/13 22:30
1723588859,1723588859,0,1,12.2931633,-179.6412201,496727.8125,26,12,10.60000038,2024/8/13 22:40
1723589459,1723589459,0,1,-25.63327026,172.6548157,504027.4688,28,12,52.29999924,2024/8/13 22:50
1723590060,1723590059,0,1,-62.91658401,158.9935608,516357.1875,27,12,-38.09999847,2024/8/13 23:01
1723590660,1723590659,0,1,-76.19350433,23.20465469,516232.2813,26,12,13.5,2024/8/13 23:11
1723591260,1723591259,0,1,-39.95295715,-5.0075984,500863.1563,18,10,20,2024/8/13 23:21
1723591860,1723591859,0,1,-1.975036621,-13.51194859,487278.4375,18,11,19,2024/8/13 23:31
1723592460,1723592460,0,1,36.03785706,-21.70066071,489527.2188,16,10,43.40000153,2024/8/13 23:41
1723593060,1723593060,0,1,72.88361359,-43.75995636,499750.875,25,12,38.59999847,2024/8/13 23:51
1723593660,1723593660,0,1,66.36797333,176.0283051,502206.7188,28,11,6.300000191,2024/8/14 0:01
1723594260,1723594260,0,1,29.11405945,160.3855438,497339.5313,24,11,3.599999905,2024/8/14 0:11
1723594860,1723594860,0,1,-8.824431419,152.5730286,499223.5625,29,14,73.90000153,2024/8/14 0:21
1723595460,1723595460,0,1,-46.53442001,143.3403931,511434.2813,23,12,-16.29999924,2024/8/14 0:31
1723596061,1723596060,0,1,-81.0139389,93.36598969,518579.5313,25,13,-8.300000191,2024/8/14 0:41
1723596661,1723596660,0,1,-56.51128769,-22.42717361,508796.75,24,11,18.60000038,2024/8/14 0:51
1723597261,1723597260,0,1,-18.92422867,-33.71193314,491824.6563,20,10,-6.900000095,2024/8/14 1:01
1723597861,1723597860,0,1,19.20321083,-41.36972427,486661.125,17,11,-14.19999981,2024/8/14 1:11
1723598461,1723598461,0,1,56.88777542,-52.77826691,495474.875,18,11,18.79999924,2024/8/14 1:21
1723599061,1723599061,0,1,80.69245911,-171.2421417,502643.2813,29,12,3,2024/8/14 1:31
1723599661,1723599661,0,1,45.83271027,141.4221344,499580.7188,26,14,26.70000076,2024/8/14 1:41
1723600261,1723600261,0,1,8.031201363,132.2779541,496802.4063,27,14,63.79999924,2024/8/14 1:51
1723600861,1723600861,0,1,-29.87171173,124.4418411,505424.1563,21,11,-18.20000076,2024/8/14 2:01
1723601461,1723601461,0,1,-66.96465302,108.4137421,517112.0625,24,13,-15.80000019,2024/8/14 2:11
1723602062,1723602061,0,1,-72.47138977,-31.95340919,515060.5625,28,10,-2.299999952,2024/8/14 2:21
1723602662,1723602661,0,1,-35.72383499,-53.40494156,498889.2813,19,10,8.300000191,2024/8/14 2:31
1723603262,1723603261,0,1,2.240171671,-61.56434631,486808.4375,23,11,-10.80000019,2024/8/14 2:41
1723603862,1723603861,0,1,40.27641678,-70.1053009,490814.2813,19,11,-33.59999847,2024/8/14 2:51
1723604462,1723604462,0,1,76.58983612,-99.34213257,500832.3438,29,13,-6,2024/8/14 3:01
1723605062,1723605062,0,1,62.29982376,125.5677567,502039.625,32,13,-11.5,2024/8/14 3:11
1723605662,1723605662,0,1,24.87240028,112.1803284,497137.25,20,12,-13.30000019,2024/8/14 3:21
1723606262,1723606262,0,1,-13.07547379,104.492691,500335.3125,26,11,-21.5,2024/8/14 3:31
1723606862,1723606862,0,1,-50.70894623,94.57830048,512721.4375,15,11,6.699999809,2024/8/14 3:41
1723607462,1723607462,0,1,-82.54100037,17.83738899,518188.1875,28,12,-9.300000191,2024/8/14 3:51
1723608063,1723608062,0,1,-52.35660934,-71.56828308,506711.625,26,11,9.800000191,2024/8/14 4:01
1723608663,1723608662,0,1,-14.66033363,-81.82542419,490276.9375,23,12,1.899999976,2024/8/14 4:11
1723609263,1723609262,0,1,23.4064064,-89.50177765,487140.4688,26,11,-20.39999962,2024/8/14 4:21
1723609863,1723609862,0,1,61.02799606,-102.3629303,496816,22,12,-40.40000153,2024/8/14 4:31
1723610463,1723610463,0,1,77.65238953,125.1667938,502941.9375,27,12,-1.600000024,2024/8/14 4:41
1723611063,1723611063,0,1,41.62515259,92.85721588,499274.4688,19,12,-62.40000153,2024/8/14 4:51
1723611663,1723611663,0,1,3.775924921,84.21324921,497565.3125,18,11,-94,2024/8/14 5:01
1723612263,1723612263,0,1,-34.09043503,76.17259979,507121.1563,15,10,6.800000191,2024/8/14 5:11
1723612863,1723612863,0,1,-70.91386414,56.64669418,517848.0938,22,10,23.29999924,2024/8/14 5:21
1723613463,1723613463,0,1,-68.56913757,-84.43034363,513628.4063,28,12,-13.5,2024/8/14 5:31
1723614064,1723614063,0,1,-31.49780655,-101.7072296,496708.1563,20,12,-6.099999905,2024/8/14 5:41
1723614664,1723614663,0,1,6.509126663,-109.627243,486176.375,19,13,-26.10000038,2024/8/14 5:51
1723615264,1723615263,0,1,44.43559647,-118.6017456,491728.125,22,12,-16.79999924,2024/8/14 6:01
1723615864,1723615863,0,1,79.85720825,-160.40271,501463.6875,26,14,0.699999988,2024/8/14 6:11
1723616464,1723616464,0,1,58.18121719,75.8155365,501644.4375,25,10,-29.60000038,2024/8/14 6:21
1723617064,1723617064,0,1,20.62454033,64.02373505,497144.4375,21,12,-51,2024/8/14 6:31
1723617664,1723617664,0,1,-17.3217411,56.39399719,501749.3438,20,10,-17.5,2024/8/14 6:41
1723618264,1723618264,0,1,-54.85905838,45.57149887,514191.125,18,10,44.40000153,2024/8/14 6:51
1723618864,1723618864,0,1,-81.86251831,-60.84421158,517734,24,13,-25.10000038,2024/8/14 7:01
1723619464,1723619464,0,1,-48.18593979,-120.4218216,504550.0938,22,13,-10.60000038,2024/8/14 7:11
1723620065,1723620064,0,1,-10.39898205,-129.9132843,488755.75,24,14,-9.199999809,2024/8/14 7:21
1723620665,1723620664,0,1,27.66276741,-137.6894684,487549.4688,21,14,-29.89999962,2024/8/14 7:31
1723621265,1723621264,0,1,65.12065125,-152.571106,497778.0625,24,12,10,2024/8/14 7:41
1723621865,1723621865,0,1,74.04906464,68.28215027,502925.4063,27,12,-4.5,2024/8/14 7:51
1723622465,1723622465,0,1,37.40391541,44.42253876,498728.9063,5,0,21.10000038,2024/8/14 8:01
1723624265,1723624265,0,1,-74.72093964,2.779746771,518134.2188,26,12,11.10000038,2024/8/14 8:31
1723624865,1723624865,0,1,-64.54897308,-135.423584,511848.3125,24,13,-39.90000153,2024/8/14 8:41
1723625466,1723625465,0,1,-27.25050926,-149.9433899,494583.375,23,12,-2.099999905,2024/8/14 8:51
1723626066,1723626065,0,1,10.78826332,-157.7049408,485851.1563,22,15,7.599999905,2024/8/14 9:01
1723626666,1723626665,0,1,48.65177917,-167.2848816,492879.625,21,12,5.699999809,2024/8/14 9:11
1723627266,1723627265,0,1,82.09964752,129.0964508,502071.3438,25,13,3.200000048,2024/8/14 9:21
1723629666,1723629666,0,1,-58.99754715,-3.792054892,515166.1563,22,11,18.10000038,2024/8/14 10:01
1723630266,1723630266,0,1,-79.38233948,-129.8449707,516783.4688,30,12,-42,2024/8/14 10:11
1723630866,1723630866,0,1,-43.97618484,-169.0780334,502334.5938,21,11,-4.199999809,2024/8/14 10:21
1723631467,1723631466,0,1,-6.114826679,-177.9904327,487642.625,23,12,22.60000038,2024/8/14 10:31
1723632067,1723632066,0,1,31.92848587,174.0611267,488428.8438,19,11,-9.199999809,2024/8/14 10:41
1723632667,1723632666,0,1,69.09615326,156.2957764,498942.625,19,11,3.700000048,2024/8/14 10:51
1723633267,1723633266,0,1,70.17688751,14.8635788,502799.9688,20,12,38.40000153,2024/8/14 11:01
1723633867,1723633867,0,1,33.16189194,-3.916376591,498112.0625,22,12,52.59999847,2024/8/14 11:11
1723634467,1723634467,0,1,-4.754623413,-11.91330338,498615.8125,22,12,18.60000038,2024/8/14 11:21
1723635067,1723635067,0,1,-42.52569199,-20.64648247,509844.5313,21,13,20.89999962,2024/8/14 11:31
1723635667,1723635667,0,1,-78.25016022,-55.01270676,518128.4375,28,11,-16.5,2024/8/14 11:41
1723636267,1723636267,0,1,-60.44677734,174.4718628,509992.4063,28,11,-47.20000076,2024/8/14 11:51
1723636867,1723636867,0,1,-22.97929001,161.8693695,492775.6875,23,10,52,2024/8/14 12:01
1723637468,1723637467,0,1,15.07904339,154.1981506,486036.0313,23,11,36,2024/8/14 12:11
1723638068,1723638067,0,1,52.8608284,143.8153076,494273,19,12,17.5,2024/8/14 12:21
1723638668,1723638667,0,1,82.43130493,49.50128174,502586.4375,27,12,16.70000076,2024/8/14 12:31
1723639268,1723639267,0,1,49.82766342,-22.43161201,500428.8125,22,12,62.90000153,2024/8/14 12:41
1723639868,1723639868,0,1,12.08985138,-32.19997025,496817.1875,22,13,-2.099999905,2024/8/14 12:51
1723640468,1723640468,0,1,-25.83573914,-39.90847397,503956.5313,21,14,-11,2024/8/14 13:01
1723641068,1723641068,0,1,-63.11424255,-53.66540527,515923.7813,23,13,21.79999924,2024/8/14 13:11
1723641668,1723641668,0,1,-76.01617432,170.1990509,515718.4688,31,12,-58.20000076,2024/8/14 13:21
1723642268,1723642268,0,1,-39.73862839,142.4122925,500344.0938,23,10,-9.100000381,2024/8/14 13:31
1723642868,1723642868,0,1,-1.817821622,133.9399872,486986.4375,22,10,71.59999847,2024/8/14 13:41
1723643469,1723643468,0,1,36.19464874,125.7412338,489611.8438,22,12,20.70000076,2024/8/14 13:51
1723644069,1723644068,0,1,73.02386475,103.4824753,500049.0938,26,12,-13.10000038,2024/8/14 14:01
1723644669,1723644668,0,1,66.22409058,-36.62342834,502448.8438,22,11,52.79999924,2024/8/14 14:11
1723645269,1723645268,0,1,28.90245438,-52.18231964,497510.5625,24,13,-27,2024/8/14 14:21
1723645869,1723645869,0,1,-9.035860062,-59.98524094,499258.5625,22,14,0.800000012,2024/8/14 14:31
1723646469,1723646469,0,1,-46.74438095,-69.24621582,511164.25,16,13,14.69999981,2024/8/14 14:41
1723647069,1723647069,0,1,-81.13594055,-120.3171768,518127,27,12,-39.09999847,2024/8/14 14:51
1723647669,1723647669,0,1,-56.29553604,124.9443741,508273.1563,27,12,-25.20000076,2024/8/14 15:01
1723648269,1723648269,0,1,-18.69824791,113.722641,491480.9063,25,11,-14.10000038,2024/8/14 15:11
1723648869,1723648869,0,1,19.36772346,106.0794525,486675.4063,22,12,-23.89999962,2024/8/14 15:21
1723649470,1723649469,0,1,57.04679108,94.62680817,495785.5313,22,12,-39.5,2024/8/14 15:31
1723650070,1723650069,0,1,80.5970459,-24.55213356,502958.375,27,12,32.09999847,2024/8/14 15:41
1723650670,1723650669,0,1,45.6795845,-71.14706421,499887.375,21,11,-27.29999924,2024/8/14 15:51
1723651270,1723651270,0,1,7.815175056,-80.28088379,496949.4375,20,11,15.19999981,2024/8/14 16:01
1723651870,1723651870,0,1,-30.08621216,-88.12432861,505332.375,19,12,1.100000024,2024/8/14 16:11
1723652470,1723652470,0,1,-67.17063141,-104.2969513,516787.125,22,10,-27.20000076,2024/8/14 16:21
1723653070,1723653070,0,1,-72.27141571,115.1972122,514547.0938,29,12,-30,2024/8/14 16:31
1723653670,1723653670,0,1,-35.49843979,94.01724243,498417.6563,23,13,-20.89999962,2024/8/14 16:41
1723654270,1723654270,0,1,2.470885038,85.87379456,486685.1563,25,13,-85.30000305,2024/8/14 16:51
1723654870,1723654870,0,1,40.44208527,77.33210754,490978.0313,23,14,-39.90000153,2024/8/14 17:01
1723655471,1723655470,0,1,76.72718048,47.74208069,501141.7188,27,13,7.800000191,2024/8/14 17:11
1723656071,1723656070,0,1,62.14602661,-87.05841827,502348.4375,27,13,-43.70000076,2024/8/14 17:21
1723656671,1723656670,0,1,24.6522789,-100.3864594,497254.3125,16,12,-14.39999962,2024/8/14 17:31
1723657271,1723657271,0,1,-13.29556179,-108.0686264,500255.9063,18,10,-4.900000095,2024/8/14 17:41
1723657871,1723657871,0,1,-50.92723083,-118.0240479,512427.875,16,10,-10.19999981,2024/8/14 17:51
1723658471,1723658471,0,1,-82.56459045,163.5687103,517689.5313,26,13,-43.20000076,2024/8/14 18:01
1723659071,1723659071,0,1,-52.12937164,75.81735229,506136.0313,25,11,36.40000153,2024/8/14 18:11
1723659671,1723659671,0,1,-14.42426968,65.60803986,489986.5938,29,13,-33.40000153,2024/8/14 18:21
1723660271,1723660271,0,1,23.64294815,57.92757034,487203.1563,23,13,-27.60000038,2024/8/14 18:31
1723662072,1723662071,0,1,41.46050644,-119.7091751,499298.875,19,9,-20.60000038,2024/8/14 19:01
1723662672,1723662671,0,1,3.546210051,-128.3498993,497320.7813,17,11,-20,2024/8/14 19:11
1723663272,1723663272,0,1,-34.32130814,-136.4060822,506741.3438,20,11,-11.10000038,2024/8/14 19:21
1723663872,1723663872,0,1,-71.13134003,-156.1813202,517349.125,24,12,-61.40000153,2024/8/14 19:31
1723664472,1723664472,0,1,-68.34043121,62.80656052,512997.2188,28,12,29.89999962,2024/8/14 19:41
1723665072,1723665072,0,1,-31.25051689,45.71511078,496300.0313,21,12,23,2024/8/14 19:51
1723665672,1723665672,0,1,6.759241581,37.80475235,486146.7188,25,14,-11.89999962,2024/8/14 20:01
1723666873,1723666872,0,1,79.97803497,-13.71079159,501662.6875,24,12,31.39999962,2024/8/14 20:21
1723667473,1723667472,0,1,58.00545883,-136.7928467,501627.0313,27,13,3.5,2024/8/14 20:31
1723668073,1723668072,0,1,20.44376373,-148.5318146,496853.875,23,11,-9.600000381,2024/8/14 20:41
1723668673,1723668672,0,1,-17.56919861,-156.1762695,501299.9688,19,10,6.099999905,2024/8/14 20:51
1723669273,1723669273,0,1,-55.10566711,-167.065918,513717.7188,23,11,-31.20000076,2024/8/14 21:01
1723669873,1723669873,0,1,-81.74999237,84.98969269,517179.625,28,13,-3.099999905,2024/8/14 21:11
1723670473,1723670473,0,1,-47.92654419,26.97119141,504156.7188,21,10,34.20000076,2024/8/14 21:21
1723671073,1723671073,0,1,-10.13439465,17.51756096,488700.875,22,14,12.10000038,2024/8/14 21:31
1723671673,1723671673,0,1,27.92439079,9.731024742,487759.7813,20,13,28.60000038,2024/8/14 21:41
1723672273,1723672273,0,1,65.30690002,-5.252015114,497971.8438,23,12,53.40000153,2024/8/14 21:51
1723672874,1723672873,0,1,73.87535095,-144.5673218,502911.4688,27,13,-4.900000095,2024/8/14 22:01
1723673474,1723673473,0,1,37.20910263,-168.1447906,498429.2813,22,13,-12.80000019,2024/8/14 22:11
1723674074,1723674073,0,1,-0.683239996,-176.4032745,497609.25,27,11,19.10000038,2024/8/14 22:21
1723674674,1723674674,0,1,-38.57159805,175.2255249,508103.3125,24,10,28,2024/8/14 22:31
1723675274,1723675274,0,1,-74.9576416,149.7225647,517755.125,30,12,-57.59999847,2024/8/14 22:41
1723675874,1723675874,0,1,-64.28331757,11.85661983,511480.4063,27,11,19,2024/8/14 22:51
1723676474,1723676474,0,1,-26.97246361,-2.520688295,494498.9063,20,8,18.5,2024/8/14 23:01
1723677074,1723677074,0,1,11.0656786,-10.27558136,486047.2813,20,12,32.29999924,2024/8/14 23:11
1723677674,1723677674,0,1,48.92148209,-19.90177155,493128.25,20,11,62.29999924,2024/8/14 23:21
1723678274,1723678274,0,1,82.18764496,-85.31956482,502122.25,27,12,15,2024/8/14 23:31
1723678875,1723678874,0,1,53.81591415,173.9287872,500838.4063,29,13,2.200000048,2024/8/14 23:41
1723679475,1723679474,0,1,16.15128326,163.3418427,496488.4375,26,12,24.10000038,2024/8/14 23:51
1723680075,1723680074,0,1,-21.79263306,155.7001495,502365.4063,32,14,51.59999847,2024/8/15 0:01
1723680675,1723680674,0,1,-59.27470779,143.5318604,514846.1563,29,13,-29.60000038,2024/8/15 0:11
1723681275,1723681275,0,1,-79.17263031,16.55157661,516479.5313,31,13,1.700000048,2024/8/15 0:21
1723681875,1723681875,0,1,-43.68836975,-21.68076515,502203.4375,21,9,19.60000038,2024/8/15 0:31
1723682475,1723682475,0,1,-5.824480057,-30.56017876,487790.875,19,11,-7.099999905,2024/8/15 0:41
1723683075,1723683075,0,1,32.21437073,-38.52299118,488687.7188,16,11,26.20000076,2024/8/15 0:51
1723683675,1723683675,0,1,69.36181641,-56.52868652,499058.125,24,11,27.10000038,2024/8/15 1:01
1723684275,1723684275,0,1,69.97184753,162.0873718,502643.4063,28,13,3.900000095,2024/8/15 1:11
1723684876,1723684875,0,1,32.93884277,143.5132599,497724.3125,24,12,26.79999924,2024/8/15 1:21
1723685476,1723685475,0,1,-4.983703136,135.5282135,498137.5938,33,14,67.19999695,2024/8/15 1:31
1723686076,1723686075,0,1,-42.75652313,126.7697144,509541.625,28,12,-27.70000076,2024/8/15 1:41
1723686676,1723686675,0,1,-78.4805069,91.50764465,517901.375,31,13,-3.200000048,2024/8/15 1:51
1723687276,1723687276,0,1,-60.15587616,-38.2193222,509821.0938,26,10,20.60000038,2024/8/15 2:01
1723687876,1723687876,0,1,-22.6795311,-50.70870209,492896.7813,21,11,-5.099999905,2024/8/15 2:11
1723688476,1723688476,0,1,15.376647,-58.37542343,486394.625,17,10,-49.90000153,2024/8/15 2:21
1723689076,1723689076,0,1,53.14899826,-68.82108307,494629.375,20,12,-24.5,2024/8/15 2:31
1723689676,1723689676,0,1,82.36851501,-165.1814575,502721.0938,26,12,4.099999905,2024/8/15 2:41
1723690276,1723690276,0,1,49.60429001,124.9679565,500360.9688,23,11,8.699999809,2024/8/15 2:51
1723690877,1723690876,0,1,11.86107159,115.2404175,496564.375,20,12,28,2024/8/15 3:01
1723691477,1723691476,0,1,-26.0667305,107.5273666,503710.2813,20,12,-37.59999847,2024/8/15 3:11
1723692077,1723692076,0,1,-63.34009171,93.66156006,515642.7813,21,13,2.799999952,2024/8/15 3:21
1723692677,1723692677,0,1,-75.76165009,-42.99346161,515341.4063,30,12,-8,2024/8/15 3:31
1723693277,1723693277,0,1,-39.43730927,-70.1869812,500047.9063,21,11,22.79999924,2024/8/15 3:41
1723693877,1723693877,0,1,-1.512050033,-78.63102722,486976.2813,19,12,26.29999924,2024/8/15 3:51
1723694477,1723694477,0,1,36.49715042,-86.84941101,489821.4375,17,11,-30.5,2024/8/15 4:01
1723695077,1723695077,0,1,73.2952652,-109.5091248,500246.6875,27,12,-19.10000038,2024/8/15 4:11
1723695677,1723695677,0,1,65.93932343,110.6072998,502586.5938,27,11,-16.60000038,2024/8/15 4:21
1723696278,1723696277,0,1,28.66766357,95.25041199,497548.8125,20,9,-43.90000153,2024/8/15 4:31
1723696878,1723696877,0,1,-9.271202087,87.45670319,499317.7188,23,11,-69.19999695,2024/8/15 4:41
1723697478,1723697477,0,1,-46.97673798,78.16361237,511089.5625,23,10,26,2024/8/15 4:51
1723698078,1723698077,0,1,-81.29781342,25.4978447,517865.5938,23,11,0.100000001,2024/8/15 5:01
1723698678,1723698678,0,1,-55.99990463,-87.71408081,507851.9375,20,12,-6.5,2024/8/15 5:11
1723699278,1723699278,0,1,-18.39112473,-98.85177612,491086.6563,22,12,-5.099999905,2024/8/15 5:21
1723699878,1723699878,0,1,19.67779922,-106.4950027,486493.125,24,12,-29.39999962,2024/8/15 5:31
1723700478,1723700478,0,1,57.3502388,-118.0383759,495744.5938,20,13,-17.70000076,2024/8/15 5:41
1723701078,1723701078,0,1,80.40327454,121.4412689,502966.3438,29,13,0.400000006,2024/8/15 5:51
1723701678,1723701678,0,1,45.37268448,76.24046326,499887.5,22,11,-48.90000153,2024/8/15 6:01
1723702279,1723702278,0,1,7.568286896,67.16029358,497103.0313,20,11,-85.69999695,2024/8/15 6:11
1723702879,1723702878,0,1,-30.33055305,59.30667114,505411.875,18,10,16.10000038,2024/8/15 6:21
1723703479,1723703478,0,1,-67.40179443,42.96311951,516684.9688,26,12,25.10000038,2024/8/15 6:31
1723704079,1723704078,0,1,-72.04669952,-97.66525269,514208.2813,30,13,-21.79999924,2024/8/15 6:41
1723704679,1723704679,0,1,-35.18577576,-118.5721741,497886.1875,22,12,-11.69999981,2024/8/15 6:51
1723705279,1723705279,0,1,2.791008234,-126.6961746,486177.4375,24,13,-20.89999962,2024/8/15 7:01
1723705879,1723705879,0,1,40.7627449,-135.2697449,490699.5938,21,13,-33,2024/8/15 7:11
1723706479,1723706479,0,1,76.99518585,-165.6041107,500980.7188,28,12,2.5,2024/8/15 7:21
1723707079,1723707079,0,1,61.83075333,60.22318268,502201.9375,27,12,-3.799999952,2024/8/15 7:31
1723707679,1723707679,0,1,24.38935661,47.04759979,497273.625,13,11,-10.19999981,2024/8/15 7:41
1723708280,1723708279,0,1,-13.5573988,39.36933899,500399.1875,22,10,-20.5,2024/8/15 7:51
1723708880,1723708879,0,1,-51.18264771,29.36211395,512468.625,16,10,36.5,2024/8/15 8:01
1723709480,1723709479,0,1,-82.57946777,-50.97083282,517489.25,28,11,-20.79999924,2024/8/15 8:11
1723710080,1723710079,0,1,-51.80813599,-136.8196259,505707.2188,25,10,-18.89999962,2024/8/15 8:21
1723710680,1723710680,0,1,-14.09232998,-146.9655914,489461.4375,21,13,-1.799999952,2024/8/15 8:31
1723711280,1723711280,0,1,23.97860146,-154.6536102,486854.0625,24,14,0.200000003,2024/8/15 8:41
1723711880,1723711880,0,1,61.52036285,-167.7107391,496870.625,25,14,8.699999809,2024/8/15 8:51
1723712480,1723712480,0,1,77.24163818,58.72846222,503082.1563,29,13,3.099999905,2024/8/15 9:01
1723714281,1723714280,0,1,-34.59457397,11.01477814,506777.875,15,9,24.89999962,2024/8/15 9:31
1723714881,1723714880,0,1,-71.38318634,-9.055794716,517134.625,24,11,10.30000019,2024/8/15 9:41
1723715481,1723715480,0,1,-68.07863617,-149.9755402,512647,27,13,-53.90000153,2024/8/15 9:51
1723716081,1723716081,0,1,-30.90585327,-166.8743286,495775.8125,25,10,15.5,2024/8/15 10:01
1723716681,1723716681,0,1,7.110105038,-174.770874,485798.125,24,12,11.19999981,2024/8/15 10:11
1723717281,1723717281,0,1,45.02873993,176.1759644,491911.4375,21,11,-7.699999809,2024/8/15 10:21
1723717881,1723717881,0,1,80.21006775,132.2191315,501759.2813,28,12,-0.5,2024/8/15 10:31
1723718481,1723718481,0,1,57.66404724,10.51906013,501681.2188,23,13,37.90000153,2024/8/15 10:41
1723719081,1723719081,0,1,20.09494972,-1.112931609,496913.8438,24,13,30,2024/8/15 10:51
1723719681,1723719681,0,1,-17.85360146,-8.743144989,501338.75,22,11,12.30000019,2024/8/15 11:01
1723720282,1723720281,0,1,-55.38399887,-19.70623207,513523.0938,18,13,20.39999962,2024/8/15 11:11
1723720882,1723720881,0,1,-81.61933899,-129.3131561,516762.5313,27,12,-41.59999847,2024/8/15 11:21
1723721482,1723721481,0,1,-47.57497025,174.3392944,503561.9063,24,10,-4.099999905,2024/8/15 11:31
1723722082,1723722081,0,1,-9.771985054,164.9388123,488216.7188,23,12,58.20000076,2024/8/15 11:41
1723722682,1723722682,0,1,28.28813744,157.1395874,487684,26,10,8.899999619,2024/8/15 11:51
1723723282,1723723282,0,1,65.65361023,141.9432068,498171.0938,25,11,5.199999809,2024/8/15 12:01
1723723882,1723723882,0,1,73.55361938,2.309396744,503058,22,13,46.59999847,2024/8/15 12:11
1723724482,1723724482,0,1,36.85217667,-20.74822617,498515.5625,18,10,47,2024/8/15 12:21
1723725082,1723725082,0,1,-1.04132998,-28.98040581,497679.3438,22,14,3.599999905,2024/8/15 12:31
1723725682,1723725682,0,1,-38.86360931,-37.36352921,508026.75,20,12,-5.400000095,2024/8/15 12:41
1723726283,1723726282,0,1,-75.21494293,-63.38151169,517347.2813,28,13,-12,2024/8/15 12:51
1723726883,1723726882,0,1,-63.99479294,159.1234436,510971.625,29,12,-41.20000076,2024/8/15 13:01
1723727483,1723727482,0,1,-26.60340691,144.8871613,493988.6563,25,9,29.70000076,2024/8/15 13:11
1723728083,1723728083,0,1,11.43956375,137.1425629,485866.2813,26,11,56.90000153,2024/8/15 13:21
1723728683,1723728683,0,1,49.28944778,127.4546967,493305.7188,19,12,13,2024/8/15 13:31
1723729283,1723729283,0,1,82.29737091,59.5201149,502335.3125,23,14,16.29999924,2024/8/15 13:41
1723729883,1723729883,0,1,53.45489883,-38.73963928,500950.4063,22,12,51.29999924,2024/8/15 13:51
1723730483,1723730483,0,1,15.78435516,-49.24091721,496596.2813,19,14,-35.40000153,2024/8/15 14:01
1723731083,1723731083,0,1,-22.1585865,-56.88492584,502371.4688,18,13,13.39999962,2024/8/15 14:11
1723731684,1723731683,0,1,-59.57064819,-69.14360809,514577.125,17,13,12,2024/8/15 14:21
1723732284,1723732283,0,1,-78.94778442,162.9116058,516074.6875,29,12,-56.09999847,2024/8/15 14:31
1723732884,1723732883,0,1,-43.37901688,125.7126617,501766.8438,24,9,-27.60000038,2024/8/15 14:41
1723733484,1723733483,0,1,-5.444256783,116.8579636,487528.4375,27,11,45.20000076,2024/8/15 14:51
1723734084,1723734084,0,1,32.59289169,108.8774948,488869,14,11,-31.5,2024/8/15 15:01
1723734684,1723734684,0,1,69.71381378,90.54640961,499407.625,29,13,-13.80000019,2024/8/15 15:11
1723735284,1723735284,0,1,69.62522125,-50.85349274,502889.5938,25,12,26.5,2024/8/15 15:21
1723735884,1723735884,0,1,32.56982803,-69.0863266,497946.75,20,10,-48,2024/8/15 15:31
1723736484,1723736484,0,1,-5.353086472,-77.04988098,498283.5313,16,12,11.60000038,2024/8/15 15:41
1723737084,1723737084,0,1,-43.12152863,-85.84716034,509461.0313,16,12,2.599999905,2024/8/15 15:51
1723737685,1723737684,0,1,-78.71548462,-122.025238,517587.6875,28,12,-39.40000153,2024/8/15 16:01
1723738285,1723738284,0,1,-59.85414124,109.0876007,509328.5938,28,11,-12.39999962,2024/8/15 16:11
1723738885,1723738884,0,1,-22.36336517,96.71435547,492527.8125,26,12,-46.09999847,2024/8/15 16:21
1723739485,1723739484,0,1,15.75923824,89.04006195,486350.5938,23,13,-68.19999695,2024/8/15 16:31
1723740085,1723740085,0,1,53.52335358,78.5131073,494871.625,11,12,-38.40000153,2024/8/15 16:41
1723740685,1723740685,0,1,82.27254486,-20.45490074,502957.7813,26,12,27.10000038,2024/8/15 16:51
1723741285,1723741285,0,1,49.23453522,-87.68064117,500546.875,24,12,-37.5,2024/8/15 17:01
1723741885,1723741885,0,1,11.48683834,-97.34156036,496679.4375,17,11,-7.800000191,2024/8/15 17:11
1723742485,1723742485,0,1,-26.43889809,-105.0630417,503713.5313,22,12,-3.400000095,2024/8/15 17:21
1723743085,1723743085,0,1,-63.69900131,-119.1094589,515492.7188,25,10,-30.20000076,2024/8/15 17:31
1723743686,1723743685,0,1,-75.49423218,103.8157349,514930.5625,29,11,-16.20000076,2024/8/15 17:41
1723744286,1723744285,0,1,-39.12198257,77.2143631,499607.2813,23,9,15.5,2024/8/15 17:51
1723744886,1723744885,0,1,-1.190515041,68.79801178,486872.75,22,13,-83.5,2024/8/15 18:01
1723745486,1723745485,0,1,36.87916565,60.53971863,489960.8125,10,13,-25.60000038,2024/8/15 18:11
1723746686,1723746686,0,1,65.57822418,-102.2151413,502747.75,28,12,-37.29999924,2024/8/15 18:31
1723747286,1723747286,0,1,28.29066849,-117.3455353,497519.5,19,10,-42.40000153,2024/8/15 18:41
1723747886,1723747886,0,1,-9.650239944,-125.1269836,499122.0938,19,11,-10.80000019,2024/8/15 18:51
1723748486,1723748486,0,1,-47.35254669,-134.4775391,510814.9063,19,11,-16.29999924,2024/8/15 19:01
1723749086,1723749086,0,1,-81.46109009,171.112854,517409.6875,28,12,-49.20000076,2024/8/15 19:11
1723749687,1723749686,0,1,-55.67991638,59.62340927,507307.3438,24,13,36.09999847,2024/8/15 19:21
1723750287,1723750286,0,1,-18.05996513,48.57061386,490812.5313,24,13,-5.699999809,2024/8/15 19:31
1723750887,1723750886,0,1,20.00927925,40.92502975,486549.9375,17,14,1.700000048,2024/8/15 19:41
1723753887,1723753887,0,1,-30.72412491,-153.2981262,505058.0938,23,10,-0.5,2024/8/15 20:31
1723754487,1723754487,0,1,-67.77765656,-169.9326782,516296.0625,23,12,-57.40000153,2024/8/15 20:41
1723755087,1723755087,0,1,-71.67698669,49.26940536,513678.7188,25,13,24,2024/8/15 20:51
1723755688,1723755687,0,1,-34.84241104,28.83288765,497573.2813,20,10,26.39999962,2024/8/15 21:01
1723756288,1723756287,0,1,3.137268305,20.72822571,486225.875,21,13,-11.80000019,2024/8/15 21:11
1723756888,1723756887,0,1,41.10305023,12.11906338,490892.875,12,13,46.29999924,2024/8/15 21:21
1723757488,1723757487,0,1,77.32299042,-19.20759583,501119.3125,24,12,32.59999847,2024/8/15 21:31
1723758088,1723758088,0,1,61.44020081,-152.5366364,502015.625,24,11,13.80000019,2024/8/15 21:41
1723758688,1723758688,0,1,23.98337555,-165.5483551,496848.4688,20,12,11.39999962,2024/8/15 21:51
1723759288,1723759288,0,1,-13.96860981,-173.2215271,499914.7188,21,11,31,2024/8/15 22:01
1723759888,1723759888,0,1,-51.5907135,176.6871948,512101.6875,24,11,-21.89999962,2024/8/15 22:11
1723760488,1723760488,0,1,-82.58567047,93.23984528,517067.125,29,12,-12.10000038,2024/8/15 22:21
1723761088,1723761088,0,1,-51.45365524,10.53376961,505399.9063,22,11,26.79999924,2024/8/15 22:31
1723761689,1723761688,0,1,-13.73089027,0.456313342,489470.5,22,12,12.39999962,2024/8/15 22:41
1723762289,1723762288,0,1,24.33668327,-7.239514828,487130.4688,21,10,31.39999962,2024/8/15 22:51
1723762889,1723762888,0,1,61.92399597,-20.48926544,497107.25,24,11,63.09999847,2024/8/15 23:01
1723763489,1723763489,0,1,76.89906311,-154.8737946,503013.6875,27,12,-1.399999976,2024/8/15 23:11
1723764089,1723764089,0,1,40.70747757,175.0582123,498843.7188,23,10,-12.10000038,2024/8/15 23:21
1723764689,1723764689,0,1,2.845176697,166.5007935,496869.0625,24,13,35.20000076,2024/8/15 23:31
1723765289,1723765289,0,1,-35.02069092,158.3983154,506404.25,25,13,17.29999924,2024/8/15 23:41
1723765889,1723765889,0,1,-71.7776947,137.8469696,516876.5625,28,12,-47,2024/8/15 23:51
1723766489,1723766489,0,1,-67.66841888,-2.899641752,512329.3438,27,11,10.19999981,2024/8/16 0:01
1723767090,1723767089,0,1,-30.53400993,-19.46666527,495732.875,19,10,11.5,2024/8/16 0:11
1723767690,1723767689,0,1,7.482174873,-27.3478241,486012.25,21,12,8.800000191,2024/8/16 0:21
1723768290,1723768289,0,1,45.39293671,-36.44874954,492141.1563,17,10,47.90000153,2024/8/16 0:31
1723768890,1723768889,0,1,80.4848175,-82.28995514,501754.5938,27,12,13.19999981,2024/8/16 0:41
1723769490,1723769490,0,1,57.2436142,157.7933655,501314.8438,27,13,20.20000076,2024/8/16 0:51
1723770090,1723770090,0,1,19.65919304,146.2903137,496390.75,23,14,38.09999847,2024/8/16 1:01
1723770690,1723770690,0,1,-18.29444695,138.6607513,500922.0625,23,13,45.90000153,2024/8/16 1:11
1723771290,1723771290,0,1,-55.81824112,127.5811005,513328.4375,25,12,-25.60000038,2024/8/16 1:21
1723771890,1723771890,0,1,-81.40253448,15.50732994,516564.375,26,13,-6.199999809,2024/8/16 1:31
1723772490,1723772490,0,1,-47.19586563,-38.29719925,503515.625,21,10,-1.899999976,2024/8/16 1:41
1723773091,1723773090,0,1,-9.388728142,-47.6402359,488466.4063,21,12,-20.29999924,2024/8/16 1:51
1723773691,1723773690,0,1,28.66617012,-55.4518013,488095.0313,23,12,-36.09999847,2024/8/16 2:01
1723774291,1723774290,0,1,66.0109024,-70.8719101,498469.9688,27,12,-15.60000038,2024/8/16 2:11
1723774891,1723774890,0,1,73.16388702,149.0834045,503064.375,27,11,0.5,2024/8/16 2:21
1723775491,1723775491,0,1,36.41731644,126.6293716,498248.7813,22,11,23,2024/8/16 2:31
1723776091,1723776091,0,1,-1.482981682,118.4296646,497325.5313,26,14,52.59999847,2024/8/16 2:41
1723776691,1723776691,0,1,-39.30469513,110.0102615,507778.9688,20,12,-33.40000153,2024/8/16 2:51
1723777291,1723777291,0,1,-75.6009903,83.18302155,517034,26,13,5.300000191,2024/8/16 3:01
1723777891,1723777891,0,1,-63.56300735,-53.71123505,510591.5938,26,13,20.79999924,2024/8/16 3:11
1723778491,1723778491,0,1,-26.21454048,-67.70443726,493842.9375,20,10,43.20000076,2024/8/16 3:21
1723779092,1723779091,0,1,11.82927799,-75.43734741,486073.6875,21,12,-13,2024/8/16 3:31
1723779692,1723779691,0,1,49.67034912,-85.18966675,493632.3125,18,12,-39.09999847,2024/8/16 3:41
1723780292,1723780291,0,1,82.39376068,-155.8001862,502515.25,29,12,4.300000191,2024/8/16 3:51
1723780892,1723780891,0,1,53.01813507,108.5664139,500995.125,26,11,-32.59999847,2024/8/16 4:01
1723781492,1723781492,0,1,15.33882046,98.1648407,496541.2188,17,11,-38.59999847,2024/8/16 4:11
1723782092,1723782092,0,1,-22.60370255,90.51657104,502403.8125,21,10,-44.09999847,2024/8/16 4:21
1723782692,1723782692,0,1,-60.00378036,78.10018158,514453.375,20,12,26.39999962,2024/8/16 4:31
1723783292,1723783292,0,1,-78.6125412,-51.15699387,515697.25,28,12,-17.20000076,2024/8/16 4:41
1723783892,1723783892,0,1,-42.93076324,-86.9294281,501279.2813,23,11,1.899999976,2024/8/16 4:51
1723784492,1723784492,0,1,-5.050153255,-95.71964264,487305.375,22,12,-13.69999981,2024/8/16 5:01
1723785093,1723785092,0,1,32.98594666,-103.7200165,488849.3438,18,13,-23.10000038,2024/8/16 5:11
1723785693,1723785692,0,1,70.08024597,-122.408638,499474.5938,24,12,-13.39999962,2024/8/16 5:21
1723786293,1723786292,0,1,69.25855255,96.20742035,502902.0938,29,13,-14.39999962,2024/8/16 5:31
1723786893,1723786893,0,1,32.1154747,78.30027008,497876.6875,23,10,-26.5,2024/8/16 5:41
1723787493,1723787493,0,1,-5.809411526,70.35983276,498415.6563,26,11,-77.5,2024/8/16 5:51
1723788093,1723788093,0,1,-43.57138824,61.51057816,509524.5313,18,10,32.29999924,2024/8/16 6:01
1723788693,1723788693,0,1,-79.05344391,23.86023331,517385.2188,24,12,4.800000191,2024/8/16 6:11
1723789293,1723789293,0,1,-59.40943146,-103.6718292,508860.7188,24,12,-18.20000076,2024/8/16 6:21
1723789893,1723789893,0,1,-21.90040779,-115.8839569,491967.5625,20,12,-3.799999952,2024/8/16 6:31
1723790493,1723790493,0,1,16.1638813,-123.5412598,486002.5313,20,14,-44.40000153,2024/8/16 6:41
1723791094,1723791093,0,1,53.92202377,-134.1632996,494697.5,20,13,-9.399999619,2024/8/16 6:51
1723791694,1723791693,0,1,82.14576721,124.1544876,502850.3438,27,13,3.799999952,2024/8/16 7:01
1723792294,1723792293,0,1,48.76932526,59.64987183,500420.6875,20,10,-21.39999962,2024/8/16 7:11
1723792894,1723792894,0,1,11.0146904,50.0654335,496724.3438,16,11,-28.10000038,2024/8/16 7:21
1723793494,1723793494,0,1,-26.90765572,42.32949829,503865.875,19,11,7.099999905,2024/8/16 7:31
1723794094,1723794094,0,1,-64.14783478,28.04188728,515457.375,19,13,21.79999924,2024/8/16 7:41
1723794694,1723794694,0,1,-75.08688354,-109.6477966,514579.25,25,11,-29.70000076,2024/8/16 7:51
1723795294,1723795294,0,1,-38.64987946,-135.4139099,499043.6563,19,12,-12.10000038,2024/8/16 8:01
1723795894,1723795894,0,1,-0.70881331,-143.7926331,486333.2188,20,14,6.199999809,2024/8/16 8:11
1723796495,1723796494,0,1,37.2974205,-152.0713654,489729.4375,18,11,-20.10000038,2024/8/16 8:21
1723797095,1723797094,0,1,74.01096344,-175.8850098,500360.0625,26,12,1.399999976,2024/8/16 8:31
1723797695,1723797694,0,1,65.1738205,44.94726944,502569.5,21,12,8.800000191,2024/8/16 8:41
1723800695,1723800695,0,1,-55.20012665,-153.1000671,506801.8438,22,11,-24.39999962,2024/8/16 9:31
1723801295,1723801295,0,1,-17.56410408,-164.0287018,490280.3125,22,13,12.60000038,2024/8/16 9:41
1723801895,1723801895,0,1,20.50864029,-171.6782227,486332.625,23,12,7.800000191,2024/8/16 9:51
1723802496,1723802495,0,1,58.15785599,176.5187531,495990.5938,20,9,0.600000024,2024/8/16 10:01
1723803096,1723803095,0,1,79.85552216,52.75819016,503117.0625,28,12,11.5,2024/8/16 10:11
1723806096,1723806096,0,1,-71.21781921,-163.8989563,513182.375,28,11,-63.59999847,2024/8/16 11:01
1723806696,1723806696,0,1,-34.33776093,176.2061615,496920.1875,23,10,39,2024/8/16 11:11
1723807296,1723807296,0,1,3.650508404,168.1313782,485862.5938,24,11,31.10000038,2024/8/16 11:21
1723807896,1723807896,0,1,41.61232376,159.4703827,490970.7813,22,10,0.300000012,2024/8/16 11:31
1723808497,1723808496,0,1,77.68367767,127.0248032,501291.9063,30,12,-1.399999976,2024/8/16 11:41
1723809097,1723809096,0,1,61.00795746,-5.311504841,502088.5,22,12,53.79999924,2024/8/16 11:51
1723809697,1723809696,0,1,23.53840637,-18.14344406,496904.125,18,14,29.79999924,2024/8/16 12:01
1723810297,1723810296,0,1,-14.47641468,-25.82212067,500007.4063,17,14,-6.400000095,2024/8/16 12:11
1723810897,1723810897,0,1,-52.08932495,-36.01502228,511966.4688,18,13,10.80000019,2024/8/16 12:21
1723811497,1723811497,0,1,-82.56537628,-123.243782,516636.625,29,12,-39.79999924,2024/8/16 12:31
1723812097,1723812097,0,1,-50.94644928,157.8313599,504780.375,25,8,-16.79999924,2024/8/16 12:41
1723812697,1723812697,0,1,-13.20874214,147.8530273,488976.7188,27,12,64.30000305,2024/8/16 12:51
1723813297,1723813297,0,1,24.86028481,140.1469421,487070.7813,23,11,46.09999847,2024/8/16 13:01
1723813897,1723813897,0,1,62.36768341,126.7120514,497327.8125,24,11,-10.80000019,2024/8/16 13:11
1723814498,1723814497,0,1,76.51988983,-8.523777962,503106.625,22,14,43.5,2024/8/16 13:21
1723815098,1723815097,0,1,40.25476456,-37.57190323,498833.0938,23,13,39.70000076,2024/8/16 13:31
1723815698,1723815697,0,1,2.388553381,-46.08531952,496910.875,23,14,-31.39999962,2024/8/16 13:41
1723816298,1723816297,0,1,-35.53699493,-54.23225784,506356.0938,16,12,10,2024/8/16 13:51
1723816898,1723816898,0,1,-72.25248718,-75.3854599,516551.4688,26,13,-8.199999809,2024/8/16 14:01
1723817498,1723817498,0,1,-67.1732254,144.1042175,511829.2813,26,11,-45,2024/8/16 14:11
1723818098,1723818098,0,1,-30.00575256,127.9082565,495286,26,10,-18.39999962,2024/8/16 14:21
1723818698,1723818698,0,1,8.015991211,120.0501404,485901.0625,26,12,54,2024/8/16 14:31
1723819298,1723819298,0,1,45.91879272,110.8805466,492455.0313,22,10,-28.70000076,2024/8/16 14:41
1723819898,1723819898,0,1,80.77064514,62.92259216,502025.0313,26,13,10.5,2024/8/16 14:51
1723820499,1723820498,0,1,56.79273605,-54.93846512,501461.7188,26,13,13,2024/8/16 15:01
1723821099,1723821098,0,1,19.19835091,-66.3038559,496537.9063,21,11,-65.59999847,2024/8/16 15:11
1723821699,1723821698,0,1,-18.75455093,-73.93068695,500995.5,21,12,18.89999962,2024/8/16 15:21
1723822299,1723822299,0,1,-56.33003616,-85.16261292,513186.8438,19,11,-4.199999809,2024/8/16 15:31
1723822899,1723822899,0,1,-81.12712097,160.0167694,516146.1563,26,12,-46.29999924,2024/8/16 15:41
1723823499,1723823499,0,1,-46.67144012,109.0204926,502947.1875,26,11,-19.20000076,2024/8/16 15:51
1723824099,1723824099,0,1,-8.851991653,99.75593567,488157.125,24,11,-26.10000038,2024/8/16 16:01
1723824699,1723824699,0,1,29.20189476,91.92722321,488186.1875,20,10,-32.70000076,2024/8/16 16:11
1723825299,1723825299,0,1,66.51966858,76.1763916,498733.9063,27,12,-16.20000076,2024/8/16 16:21
1723825899,1723825899,0,1,72.74294281,-64.15621185,503197.375,25,12,18.20000076,2024/8/16 16:31
1723826500,1723826499,0,1,35.95274353,-85.99166107,498332.8125,20,9,-30.39999962,2024/8/16 16:41
1723827100,1723827099,0,1,-1.950109959,-94.15721893,497455.375,20,11,-11.5,2024/8/16 16:51
1723827700,1723827699,0,1,-39.82944489,-102.6339569,507802.9688,16,11,-7.800000191,2024/8/16 17:01
1723828300,1723828300,0,1,-76.05260468,-130.4814453,516861.7813,23,11,-40.29999924,2024/8/16 17:11
1723828900,1723828900,0,1,-63.05195618,93.4116745,510128.875,26,12,2.799999952,2024/8/16 17:21
1723829500,1723829500,0,1,-25.6786747,79.67599487,493466.0313,23,12,-20.89999962,2024/8/16 17:31
1723830100,1723830100,0,1,12.36896992,71.95695496,486093.2188,26,12,-88.90000153,2024/8/16 17:41
1723831300,1723831300,0,1,82.49675751,-12.32675457,502742.9688,26,14,30.70000076,2024/8/16 18:01
1723831901,1723831900,0,1,52.55789185,-104.128479,501027.1875,25,9,-23.89999962,2024/8/16 18:11
1723832501,1723832500,0,1,14.86976814,-114.4286652,496450.7188,18,11,-40.20000076,2024/8/16 18:21
1723833101,1723833100,0,1,-23.07325745,-122.0834579,502202.625,16,10,-7.900000095,2024/8/16 18:31
1723833701,1723833700,0,1,-60.52279282,-134.7139435,514163.7188,20,11,-30.20000076,2024/8/16 18:41
1723834301,1723834301,0,1,-78.19778442,94.58138275,515132.4375,27,12,-7.400000095,2024/8/16 18:51
1723834901,1723834901,0,1,-42.39031982,60.4058876,500725.3125,18,12,32.40000153,2024/8/16 19:01
1723835501,1723835501,0,1,-4.500343323,51.67423248,487168.8125,23,14,-43,2024/8/16 19:11
1723837902,1723837901,0,1,31.63745499,-134.3144836,497678.9688,22,11,-35.90000153,2024/8/16 19:51
1723838502,1723838501,0,1,-6.2924366,-142.2333374,498047.1563,18,12,2.700000048,2024/8/16 20:01
1723839102,1723839101,0,1,-44.05209732,-151.1416626,509164.625,21,11,-9.699999809,2024/8/16 20:11
1723839702,1723839701,0,1,-79.4523468,169.2624969,516925.7188,28,12,-51.79999924,2024/8/16 20:21
1723840302,1723840302,0,1,-58.86631775,43.5220871,508274.9063,25,11,36.09999847,2024/8/16 20:31
1723840902,1723840902,0,1,-21.33808899,31.49775505,491694.2813,19,12,6.699999809,2024/8/16 20:41
1723841502,1723841502,0,1,16.72652817,23.84399605,486128.0625,19,15,12.19999981,2024/8/16 20:51
1723845103,1723845102,0,1,-64.63285065,175.1566315,515077.2813,25,11,-50.79999924,2024/8/16 21:51
1723845703,1723845702,0,1,-74.58480072,36.74095917,514081.875,27,14,16.5,2024/8/16 22:01
1723846303,1723846303,0,1,-38.07532501,11.93271637,498736.8438,20,10,25.20000076,2024/8/16 22:11
1723846903,1723846903,0,1,-0.129268333,3.5989151,486461.25,24,12,16.79999924,2024/8/16 22:21
1723847503,1723847503,0,1,37.8686409,-4.724999905,490075.5625,19,11,50.20000076,2024/8/16 22:31
1723848103,1723848103,0,1,74.51364899,-29.42869186,500544.375,21,10,46.29999924,2024/8/16 22:41
1723848703,1723848703,0,1,64.62776184,-167.9925079,502332.125,29,13,5.099999905,2024/8/16 22:51
1723849303,1723849303,0,1,27.29412651,177.4323883,496916.5938,23,12,-4.5,2024/8/16 23:01
1723849904,1723849903,0,1,-10.6547451,169.6796417,498683.625,23,12,54.79999924,2024/8/16 23:11
1723850504,1723850503,0,1,-48.34521866,160.1708374,510508.5625,29,13,-11.60000038,2024/8/16 23:21
1723851104,1723851103,0,1,-81.91181946,99.77853394,516787.1875,29,12,-16.20000076,2024/8/16 23:31
1723851704,1723851703,0,1,-54.62160492,-5.861588478,506470.0625,23,11,26.60000038,2024/8/16 23:41
1723852304,1723852304,0,1,-16.97208595,-16.6447525,490286.5938,20,10,5.5,2024/8/16 23:51
1723852904,1723852904,0,1,21.09762192,-24.29824257,486646.1563,21,11,22,2024/8/17 0:01
1723853504,1723853504,0,1,58.72742844,-36.2911377,496243.5625,25,11,55.09999847,2024/8/17 0:11
1723854104,1723854104,0,1,79.44823456,-162.1154785,502985.75,29,12,0.800000012,2024/8/17 0:21
1723854704,1723854704,0,1,43.97470093,158.2902527,499202.5313,20,11,5.699999809,2024/8/17 0:31
1723855304,1723855304,0,1,6.146831512,149.3813324,496219.3125,20,14,57.70000076,2024/8/17 0:41
1723855905,1723855904,0,1,-31.75146866,141.4597931,504754.7813,26,11,13.5,2024/8/17 0:51
1723856505,1723856504,0,1,-68.74993896,124.0307541,515831.4688,25,13,-30.39999962,2024/8/17 1:01
1723857105,1723857104,0,1,-70.72059631,-17.08292389,512933.4375,29,13,2.299999952,2024/8/17 1:11
1723857705,1723857705,0,1,-33.73660278,-36.43981171,496894.8125,23,9,-4.599999905,2024/8/17 1:21
1723858305,1723858305,0,1,4.253698349,-44.47913361,486188.5938,22,10,-29.29999924,2024/8/17 1:31
1723858905,1723858905,0,1,42.20459366,-53.200634,491435.625,20,11,-5.900000095,2024/8/17 1:41
1723859505,1723859505,0,1,78.15293121,-87.25281525,501491.2813,25,12,1.899999976,2024/8/17 1:51
1723860105,1723860105,0,1,60.43416595,141.8307495,501887.1875,28,12,12.5,2024/8/17 2:01
1723860705,1723860705,0,1,22.9426899,129.2309265,496472.7813,25,13,34.40000153,2024/8/17 2:11
1723861305,1723861305,0,1,-15.01444817,121.5751572,499628.9063,24,14,24.29999924,2024/8/17 2:21
1723861906,1723861905,0,1,-52.62102509,111.2717209,511717.6563,22,14,-14.39999962,2024/8/17 2:31
1723862506,1723862505,0,1,-82.50701904,20.05622101,516314.3125,26,11,-8.5,2024/8/17 2:41
1723863106,1723863105,0,1,-50.40860367,-54.87533188,504506.4063,23,13,8.600000381,2024/8/17 2:51
1723863706,1723863706,0,1,-12.59710693,-64.76294708,489018.875,21,10,24.5,2024/8/17 3:01
1723864306,1723864306,0,1,25.46792603,-72.48085785,487499.0625,23,11,-48.20000076,2024/8/17 3:11
1723864906,1723864906,0,1,62.94956589,-86.18782043,497752.9063,23,12,-41.70000076,2024/8/17 3:21
1723865506,1723865506,0,1,76.01538849,137.5611572,503258.25,30,13,0.5,2024/8/17 3:31
1723866106,1723866106,0,1,39.65947342,109.7625351,498771.625,21,10,-29.20000076,2024/8/17 3:41
1723866706,1723866706,0,1,1.786591649,101.3045425,496794.625,17,12,-2.5,2024/8/17 3:51
1723867307,1723867306,0,1,-36.07268906,93.1354599,506300.625,18,11,-18.10000038,2024/8/17 4:01
1723867907,1723867906,0,1,-72.74256897,71.32106781,516286.6875,24,11,12.30000019,2024/8/17 4:11
1723868507,1723868506,0,1,-66.65849304,-68.88498688,511318.75,28,12,8.699999809,2024/8/17 4:21
1723869107,1723869106,0,1,-29.39558411,-84.72878265,494812.2188,19,12,3.099999905,2024/8/17 4:31
1723869707,1723869707,0,1,8.631855011,-92.56170654,485856.4375,19,12,-1.899999976,2024/8/17 4:41
1723870307,1723870307,0,1,46.5255394,-101.8144455,492672.3125,16,14,-19.29999924,2024/8/17 4:51
1723870907,1723870907,0,1,81.12182617,-152.7964172,502221.0938,28,12,1.399999976,2024/8/17 5:01
1723871507,1723871507,0,1,56.19762802,92.27132416,501509,28,12,-38.70000076,2024/8/17 5:11
1723872107,1723872107,0,1,18.58943939,81.07698822,496542.5625,20,11,-71.80000305,2024/8/17 5:21
1723872707,1723872707,0,1,-19.36238098,73.45046997,501126.6563,20,11,-31.10000038,2024/8/17 5:31
1723873308,1723873307,0,1,-56.86125183,62.07889557,513149.9688,22,10,34.59999847,2024/8/17 5:41
1723873908,1723873907,0,1,-80.81567383,-55.37431717,515788.4375,28,12,-24.5,2024/8/17 5:51
1723874508,1723874507,0,1,-46.1272049,-103.6541519,502356.1875,17,10,-8.600000381,2024/8/17 6:01
1723875108,1723875107,0,1,-8.231249809,-112.8549652,487672.4688,20,12,-11.10000038,2024/8/17 6:11
1723875708,1723875708,0,1,29.82299423,-120.7084274,488059.0313,20,13,-43,2024/8/17 6:21
1723876308,1723876308,0,1,67.11024475,-136.8738556,498731.7188,25,13,4.099999905,2024/8/17 6:31
1723876908,1723876908,0,1,72.17800903,82.42996979,503156.5938,27,14,-10.60000038,2024/8/17 6:41
1723877508,1723877508,0,1,35.33280563,61.35709,498268,16,9,-22.5,2024/8/17 6:51
1723878108,1723878108,0,1,-2.573533297,53.23177338,497594.5938,21,11,-47.20000076,2024/8/17 7:01
1723878708,1723878708,0,1,-40.382164,44.71508026,507905.0313,18,11,43.09999847,2024/8/17 7:11
1723879309,1723879308,0,1,-76.5200119,15.70368671,516646.6563,23,12,9.300000191,2024/8/17 7:21
1723879909,1723879908,0,1,-62.51120377,-119.4560776,509582.6875,25,12,-28.79999924,2024/8/17 7:31
1723880509,1723880508,0,1,-25.11190224,-132.9375763,492812.7188,22,13,-12.80000019,2024/8/17 7:41
1723881109,1723881108,0,1,13.00611496,-140.6583557,485665.1563,24,14,-13.30000019,2024/8/17 7:51
1723881709,1723881709,0,1,50.82828903,-150.623291,493795.8125,21,13,2.5,2024/8/17 8:01
1723882309,1723882309,0,1,82.56889343,130.2473907,502695.0625,24,12,4.199999809,2024/8/17 8:11
1723882909,1723882909,0,1,51.92938614,43.12320328,500897.4688,19,12,6.400000095,2024/8/17 8:21
1723885310,1723885309,0,1,-77.74304962,-119.6500549,514719.0625,29,12,-37.20000076,2024/8/17 9:01
1723885910,1723885909,0,1,-41.81348801,-152.2537079,500087.9063,22,10,-6.099999905,2024/8/17 9:11
1723886510,1723886509,0,1,-3.91151166,-160.9268341,486661.0938,22,12,14.19999981,2024/8/17 9:21
1723887110,1723887109,0,1,34.18224716,-169.0095825,489006.875,23,13,-12.69999981,2024/8/17 9:31
1723887710,1723887710,0,1,71.18569183,171.1110535,499852,25,13,3.099999905,2024/8/17 9:41
1723888310,1723888310,0,1,68.13794708,29.97979355,502935.0938,12,12,19.10000038,2024/8/17 9:51
1723889510,1723889510,0,1,-6.94339323,5.151124954,498165.1563,19,12,8.5,2024/8/17 10:11
1723890110,1723890110,0,1,-44.69382477,-3.836891651,509183.4375,15,11,23.20000076,2024/8/17 10:21
1723890710,1723890710,0,1,-79.86089325,-45.62243652,516536.9688,28,13,-16.39999962,2024/8/17 10:31
1723891311,1723891310,0,1,-58.28959274,-169.2846375,507651.4375,26,11,-39.90000153,2024/8/17 10:41
1723891911,1723891910,0,1,-20.73890686,178.8830566,491068.9063,24,10,51,2024/8/17 10:51
1723892511,1723892510,0,1,17.33012581,171.2324371,485985.8438,24,12,12.80000019,2024/8/17 11:01
1723893111,1723893111,0,1,55.12157822,160.296814,495210.5,20,11,21.70000076,2024/8/17 11:11
1723893711,1723893711,0,1,81.65943909,51.12186432,503125.75,28,11,17.10000038,2024/8/17 11:21
1723894311,1723894311,0,1,47.62933731,-5.74372673,500161.4688,21,12,51.70000076,2024/8/17 11:31
1723894911,1723894911,0,1,9.855750084,-15.14949512,496322.4688,20,12,30.10000038,2024/8/17 11:41
1723895511,1723895511,0,1,-28.06566429,-22.92300987,503496.6563,17,12,5.400000095,2024/8/17 11:51
1723896111,1723896111,0,1,-65.26242065,-37.84870529,514788.3125,20,13,13.60000038,2024/8/17 12:01
1723896711,1723896711,0,1,-74.05612183,-176.8509979,513504.4375,28,11,-63.5,2024/8/17 12:11
1723897312,1723897311,0,1,-37.4715538,159.279129,498035.1563,24,9,10.69999981,2024/8/17 12:21
1723897912,1723897911,0,1,0.485238343,150.992157,486107.7813,24,12,60.29999924,2024/8/17 12:31
1723898512,1723898511,0,1,38.5414238,142.6016998,490271.1875,24,10,29.89999962,2024/8/17 12:41
1723899112,1723899112,0,1,75.10166931,116.7712631,500911.625,27,12,-4.800000191,2024/8/17 12:51
1723899712,1723899712,0,1,63.98542404,-20.98611259,502467.4063,24,12,66.40000153,2024/8/17 13:01
1723900312,1723900312,0,1,26.62662506,-35.20830154,496956.3438,21,12,13.89999962,2024/8/17 13:11
1723900912,1723900912,0,1,-11.32355309,-42.94120789,498762.875,21,13,-15.89999962,2024/8/17 13:21
1723901512,1723901512,0,1,-49.0044136,-52.5574646,510358.8125,17,13,0,2024/8/17 13:31
1723902112,1723902112,0,1,-82.15698242,-117.2773285,516300.3438,26,13,-36.29999924,2024/8/17 13:41
1723902713,1723902712,0,1,-54.01916504,141.3750153,505820,26,10,-20.60000038,2024/8/17 13:51
1723903313,1723903312,0,1,-16.35091591,130.7394104,489854.5938,25,12,35.70000076,2024/8/17 14:01
1723903913,1723903912,0,1,21.71977425,123.0815811,486789.9688,27,11,24.79999924,2024/8/17 14:11
1723904513,1723904512,0,1,59.39076233,110.8457565,496751.375,21,11,-27.79999924,2024/8/17 14:21
1723905113,1723905113,0,1,78.95738983,-17.15026093,503308.75,25,12,29.89999962,2024/8/17 14:31
1723905713,1723905713,0,1,43.30714035,-54.40922928,499347.7813,23,10,-6.599999905,2024/8/17 14:41
1723906313,1723906313,0,1,5.472838402,-63.23745728,496344,20,12,-16.39999962,2024/8/17 14:51
1723906913,1723906913,0,1,-32.4212265,-71.19033813,504742.5313,18,12,26,2024/8/17 15:01
1723907513,1723907513,0,1,-69.38095856,-89.17623138,515496.6875,23,12,-18.10000038,2024/8/17 15:11
1723908113,1723908113,0,1,-70.09298706,129.5977173,512279.1875,30,11,-36.79999924,2024/8/17 15:21
1723908714,1723908713,0,1,-33.11660767,110.9148788,496322.8438,22,10,-37.5,2024/8/17 15:31
1723909314,1723909313,0,1,4.881523132,102.9114838,486065.5313,24,10,-1,2024/8/17 15:41
1723909914,1723909913,0,1,42.82426071,94.12523651,491831.1563,21,9,-58.59999847,2024/8/17 15:51
1723910514,1723910513,0,1,78.67919922,58.03203201,501913.9063,26,11,6.199999809,2024/8/17 16:01
1723911114,1723911114,0,1,59.77548218,-71.05717468,502135.1563,25,12,-24.79999924,2024/8/17 16:11
1723911714,1723911714,0,1,22.26579094,-83.40318298,496608.6563,18,10,-17.39999962,2024/8/17 16:21
1723912314,1723912314,0,1,-15.69096184,-91.04878998,499763,15,10,-5.900000095,2024/8/17 16:31
1723912914,1723912914,0,1,-53.28469849,-101.4970627,511622.8125,18,12,-10.60000038,2024/8/17 16:41
1723913514,1723913514,0,1,-82.37958527,162.4448853,515866.1875,28,11,-43.5,2024/8/17 16:51
1723914114,1723914114,0,1,-49.73458099,92.37525177,503828.8125,21,11,9.300000191,2024/8/17 17:01
1723914715,1723914714,0,1,-11.96956158,82.62342072,488743.375,24,13,-68.30000305,2024/8/17 17:11
1723915315,1723915314,0,1,26.09435081,74.89187622,487714.9375,20,12,-48.5,2024/8/17 17:21
1723916515,1723916514,0,1,75.43416595,-76.42646027,503571.4375,24,13,11.30000019,2024/8/17 17:41
1723917115,1723917115,0,1,38.98545456,-102.9174042,498830.375,21,11,-22.39999962,2024/8/17 17:51
1723917715,1723917715,0,1,1.106745005,-111.3154678,496760.1875,18,11,-22.5,2024/8/17 18:01
1723918315,1723918315,0,1,-36.74855804,-119.5319595,506113.9688,15,10,-12.39999962,2024/8/17 18:11
1723918915,1723918915,0,1,-73.35704803,-142.2476959,515859.9063,24,13,-56.20000076,2024/8/17 18:21
1723919515,1723919515,0,1,-66.00379944,78.026474,510584.1875,30,14,15.39999962,2024/8/17 18:31
1723920115,1723920115,0,1,-28.7643261,62.63373184,494286.625,20,11,10.19999981,2024/8/17 18:41
1723920716,1723920715,0,1,9.268081665,54.82382965,485929.3125,19,14,-52.70000076,2024/8/17 18:51
1723922516,1723922515,0,1,55.52505112,-120.5433807,501527.7813,27,12,-14.39999962,2024/8/17 19:21
1723923116,1723923116,0,1,17.90113068,-131.5552216,496327.0313,22,11,-36.40000153,2024/8/17 19:31
1723923716,1723923716,0,1,-20.05272484,-139.1847382,500840.7188,22,11,-9.600000381,2024/8/17 19:41
1723924316,1723924316,0,1,-57.5381813,-150.7629089,512740.5625,23,12,-27.29999924,2024/8/17 19:51
1723924916,1723924916,0,1,-80.38483429,88.69994354,515074.75,29,11,-1.799999952,2024/8/17 20:01
1723925516,1723925516,0,1,-45.4278183,43.62433624,501670.9063,21,11,44.70000076,2024/8/17 20:11
1723926116,1723926116,0,1,-7.582268238,34.52896881,487533.1875,23,14,-15.89999962,2024/8/17 20:21
1723926717,1723926716,0,1,30.46703911,26.64783859,488393.2188,13,13,19.89999962,2024/8/17 20:31
1723927917,1723927917,0,1,71.53754425,-131.0326385,503234.75,5,0,-4.199999809,2024/8/17 20:51
1723928517,1723928517,0,1,34.63435745,-151.3109131,497963.75,21,11,-20.20000076,2024/8/17 21:01
1723929117,1723929117,0,1,-3.280265093,-159.3940735,497133.375,24,11,14.30000019,2024/8/17 21:11
1723929717,1723929717,0,1,-41.08618927,-167.9808197,507503.9688,27,9,3.099999905,2024/8/17 21:21
1723930317,1723930317,0,1,-77.10957336,161.3842926,516154.875,27,12,-54.20000076,2024/8/17 21:31
1723930917,1723930917,0,1,-61.8152771,27.58666801,508954,25,11,25.5,2024/8/17 21:41
1723931517,1723931517,0,1,-24.38769341,14.41564846,492531.4063,21,12,30.29999924,2024/8/17 21:51
1723932117,1723932117,0,1,13.66755867,6.720946789,485935.9688,21,11,19,2024/8/17 22:01
1723932718,1723932717,0,1,51.47333527,-3.37127161,494243.75,21,11,51.79999924,2024/8/17 22:11
1723933318,1723933317,0,1,82.58561707,-87.33844757,502855.8438,28,12,14.5,2024/8/17 22:21
1723933918,1723933917,0,1,51.22559357,-169.6477966,500570.1875,25,12,-2.599999905,2024/8/17 22:31
1723934518,1723934518,0,1,13.50926304,-179.6782684,495921.8125,23,12,9.699999809,2024/8/17 22:41
1723935118,1723935118,0,1,-24.43409157,172.6411896,501908.375,30,11,53.5,2024/8/17 22:51
1723935718,1723935718,0,1,-61.7817688,159.4967346,513766.5625,25,13,-35.70000076,2024/8/17 23:01
1723936318,1723936318,0,1,-77.15091705,25.81500244,514212.6563,27,12,12,2024/8/17 23:11
1723936918,1723936918,0,1,-41.08224106,-4.954998493,499734.625,20,11,20.60000038,2024/8/17 23:21
1723937518,1723937518,0,1,-3.172196627,-13.55543041,486779.625,18,10,17.89999962,2024/8/17 23:31
1723938119,1723938118,0,1,34.84980011,-21.66670418,489415.9688,18,10,40,2024/8/17 23:41
1723938719,1723938718,0,1,71.79585266,-42.27469635,500099.3438,26,11,40.90000153,2024/8/17 23:51
1723939319,1723939318,0,1,67.51030731,176.8480835,502708.25,29,12,6.5,2024/8/18 0:01
1723939919,1723939918,0,1,30.2580204,160.3798523,497104.0625,24,12,2.5,2024/8/18 0:11
1723940519,1723940518,0,1,-7.682923317,152.5208588,497641.4063,25,14,70.80000305,2024/8/18 0:21
1723941119,1723941119,0,1,-45.4281044,143.4369354,508922.9063,24,13,-15.60000038,2024/8/18 0:31
1723941719,1723941719,0,1,-80.35321808,98.57375336,516218.2813,28,13,-12.69999981,2024/8/18 0:41
1723942319,1723942319,0,1,-57.55993652,-22.15952873,507259.9375,25,11,18.10000038,2024/8/18 0:51
1723942919,1723942919,0,1,-19.98846436,-33.75957108,491062.4688,21,11,-6.800000191,2024/8/18 1:01
1723943519,1723943519,0,1,18.0784874,-41.40634537,486395.125,20,12,-16.39999962,2024/8/18 1:11
1723944120,1723944119,0,1,55.78676605,-52.50322342,495644.8125,17,12,17.79999924,2024/8/18 1:22
1723944720,1723944719,0,1,81.33028412,-165.4175873,503158.125,30,14,3,2024/8/18 1:32
1723945320,1723945319,0,1,46.95975113,141.5343323,499786.25,25,11,24.10000038,2024/8/18 1:42
1723945920,1723945919,0,1,9.108592987,132.2176666,495834.4375,23,13,60.59999847,2024/8/18 1:52
1723946520,1723946520,0,1,-28.81420708,124.4193573,503225.9375,21,12,-16,2024/8/18 2:02
1723947120,1723947120,0,1,-65.98068237,109.0509109,514561.25,24,13,-14.80000019,2024/8/18 2:12
1723947720,1723947720,0,1,-73.38388824,-30.63364983,513102.8438,27,11,-1.700000048,2024/8/18 2:22
1723948320,1723948320,0,1,-36.71698761,-53.40884399,497795.5938,20,9,6.5,2024/8/18 2:32
1723948920,1723948920,0,1,1.245798349,-61.63857651,486337.7188,22,12,-9.600000381,2024/8/18 2:42
1723949520,1723949520,0,1,39.2281723,-70.07314301,490800.8438,19,10,-38.20000076,2024/8/18 2:52
1723950121,1723950120,0,1,75.69352722,-97.14853668,501250.5938,26,14,-6.5,2024/8/18 3:02
1723950721,1723950720,0,1,63.32888412,126.0325012,502488.0313,31,12,-12.80000019,2024/8/18 3:12
1723951321,1723951320,0,1,25.94275856,112.1520538,496756.5313,19,12,-15.60000038,2024/8/18 3:22
1723951921,1723951920,0,1,-12.07474518,104.4256134,498640.375,23,11,-15.80000019,2024/8/18 3:32
1723952521,1723952521,0,1,-49.7453537,94.68408966,510216.8438,18,10,5.900000095,2024/8/18 3:42
1723953121,1723953121,0,1,-82.37230682,24.80678558,515885.6563,29,13,-3.299999952,2024/8/18 3:52
1723953721,1723953721,0,1,-53.2747879,-71.43933868,505226.125,23,11,9.600000381,2024/8/18 4:02
1723954321,1723954321,0,1,-15.58625031,-81.89961243,489542.7188,18,13,2.400000095,2024/8/18 4:12
1723954921,1723954921,0,1,22.48443031,-89.56401062,486939.875,20,11,-16,2024/8/18 4:22
1723955521,1723955521,0,1,60.0694046,-102.0332794,497076.9688,22,12,-40.29999924,2024/8/18 4:32
1723956122,1723956121,0,1,78.43347168,127.9749985,503463.4688,26,12,-2.299999952,2024/8/18 4:42
1723956722,1723956721,0,1,42.61910629,92.89485931,499350.3125,22,12,-63.79999924,2024/8/18 4:52
1723957322,1723957321,0,1,4.777283192,84.14479828,496429.7813,16,11,-94,2024/8/18 5:02
1723957922,1723957922,0,1,-33.17461014,76.14109039,504874.7188,18,10,5.199999809,2024/8/18 5:12
1723958522,1723958522,0,1,-70.08522034,57.48175812,515350,24,12,25.60000038,2024/8/18 5:22
1723959122,1723959122,0,1,-69.38655853,-83.75431061,511734.4688,30,12,-12.10000038,2024/8/18 5:32
1723959722,1723959722,0,1,-32.35401154,-101.7554169,495650.0625,20,12,-6.400000095,2024/8/18 5:42
1723960322,1723960322,0,1,5.65391016,-109.718399,485762.9063,25,13,-25.70000076,2024/8/18 5:52
1723960922,1723960922,0,1,43.58930969,-118.5913773,491827.3125,20,13,-17.89999962,2024/8/18 6:02
1723961522,1723961522,0,1,79.20497131,-156.9811096,501935.375,29,15,-0.600000024,2024/8/18 6:12
1723962123,1723962122,0,1,59.08755493,76.06238556,502012.6563,26,11,-29.10000038,2024/8/18 6:22
1723962723,1723962722,0,1,21.55753517,63.96406937,496593.9688,22,11,-46.79999924,2024/8/18 6:32
1723963323,1723963322,0,1,-16.46193695,56.3125,499941.1875,22,10,-19.20000076,2024/8/18 6:42
1723963923,1723963923,0,1,-54.03826523,45.68836212,511691.9688,21,10,45.09999847,2024/8/18 6:52
1723964523,1723964523,0,1,-82.16308594,-55.59054565,515495.5938,29,12,-25,2024/8/18 7:02
1723965123,1723965123,0,1,-48.9703598,-120.3891373,503107.9063,20,11,-10.5,2024/8/18 7:12
1723965723,1723965723,0,1,-11.18591499,-130.0106506,488069.125,23,14,-9,2024/8/18 7:22
1723966323,1723966323,0,1,26.88017082,-137.7642059,487440.8125,21,12,-29.20000076,2024/8/18 7:32
1723966923,1723966923,0,1,64.30570984,-152.1672058,498121.375,22,13,11.60000038,2024/8/18 7:42
1723967524,1723967523,0,1,74.80440521,69.62716675,503424.6875,23,11,-4.5,2024/8/18 7:52
1723969324,1723969323,0,1,-37.53137589,27.77621078,506294.2188,17,10,30.39999962,2024/8/18 8:22
1723969924,1723969924,0,1,-74.05664063,3.923381567,515682.75,28,12,14,2024/8/18 8:32
1723970524,1723970524,0,1,-65.24977875,-135.0986481,510010.0938,30,12,-40.90000153,2024/8/18 8:42
1723971124,1723971124,0,1,-27.96850586,-150.0274353,493563.8125,24,10,-1.799999952,2024/8/18 8:52
1723971724,1723971724,0,1,10.07269478,-157.8122711,485512,23,14,8.5,2024/8/18 9:02
1723972324,1723972324,0,1,47.94470215,-167.2788391,493079.25,19,12,4,2024/8/18 9:12
1723972924,1723972924,0,1,81.82063293,133.680191,502587.3438,30,12,2.700000048,2024/8/18 9:22
1723974725,1723974725,0,1,-20.8554554,8.165448189,501234.375,5,0,23.10000038,2024/8/18 9:52
1723975325,1723975324,0,1,-58.31971741,-3.662623405,512684.4688,18,12,19.79999924,2024/8/18 10:02
1723975925,1723975925,0,1,-79.85271454,-127.3653946,514596.0938,27,12,-40.79999924,2024/8/18 10:12
1723976525,1723976525,0,1,-44.62469482,-169.1150055,500933.2188,24,11,-5.900000095,2024/8/18 10:22
1723977125,1723977125,0,1,-6.76230669,-178.1085052,487013.4063,26,12,23.60000038,2024/8/18 10:32
1723977725,1723977725,0,1,31.28520012,173.9731445,488421.1563,23,11,-8.5,2024/8/18 10:42
1723978325,1723978325,0,1,68.48605347,156.7349701,499381.375,25,11,4.699999809,2024/8/18 10:52
1723978925,1723978925,0,1,70.84445953,15.5050354,503266.0625,20,13,37.90000153,2024/8/18 11:02
1723979526,1723979525,0,1,33.8849144,-3.979500055,497897.3125,21,10,51.79999924,2024/8/18 11:12
1723980126,1723980125,0,1,-4.033613205,-12.01823807,497203.625,22,12,19,2024/8/18 11:22
1723980726,1723980725,0,1,-41.83078003,-20.68035126,507505.4063,19,13,20.79999924,2024/8/18 11:32
1723981326,1723981325,0,1,-77.76764679,-53.37720108,515719.5938,26,12,-14.80000019,2024/8/18 11:42
1723981926,1723981926,0,1,-61.02078247,174.5905151,508192.625,26,11,-47.90000153,2024/8/18 11:52
1723982526,1723982526,0,1,-23.55846405,161.7555695,491802.5313,25,10,51,2024/8/18 12:02
1723983126,1723983126,0,1,14.50307846,154.0748596,485779.75,22,12,36.40000153,2024/8/18 12:12
1723983726,1723983726,0,1,52.29250336,143.8145294,494570.3125,20,11,17.70000076,2024/8/18 12:22
1723984326,1723984326,0,1,82.52702332,53.72687912,503115.6875,28,12,17.20000076,2024/8/18 12:32
1723984926,1723984926,0,1,50.47367859,-22.42308426,500592.375,22,12,62.90000153,2024/8/18 12:42
1723985527,1723985526,0,1,12.74537659,-32.30965424,495947,21,13,-1.799999952,2024/8/18 12:52
1723986127,1723986126,0,1,-25.19555283,-40.00541687,501956.9688,18,13,-11.30000019,2024/8/18 13:02
1723986727,1723986726,0,1,-62.51867294,-53.48156357,513445.625,21,13,21.60000038,2024/8/18 13:12
1723987327,1723987326,0,1,-76.46413422,171.2140503,513576.3438,28,12,-57.5,2024/8/18 13:22
1723987927,1723987927,0,1,-40.24972534,142.3232422,498984.3125,22,10,-11.69999981,2024/8/18 13:32
1723988527,1723988527,0,1,-2.325515032,133.8027649,486431.9375,21,11,68.5,2024/8/18 13:42
1723989127,1723989127,0,1,35.69039917,125.6381073,489711.9063,20,12,20.79999924,2024/8/18 13:52
1723989727,1723989727,0,1,72.56056213,104.0367279,500551.5625,26,13,-13.5,2024/8/18 14:02
1723990327,1723990327,0,1,66.71889496,-36.40262985,502849.0313,24,12,55,2024/8/18 14:12
1723990927,1723990927,0,1,29.48827553,-52.28104782,497145.0625,20,12,-26.20000076,2024/8/18 14:22
1723991528,1723991527,0,1,-8.455623627,-60.10719681,497725.75,19,14,0,2024/8/18 14:32
1723992128,1723992127,0,1,-46.19107819,-69.29258728,508803.0625,19,13,15.10000038,2024/8/18 14:42
1723992728,1723992727,0,1,-80.83094788,-117.695488,515757.0938,25,12,-38.09999847,2024/8/18 14:52
1723993328,1723993327,0,1,-56.73717499,124.934082,506511.8125,26,13,-25.39999962,2024/8/18 15:02
1723993928,1723993928,0,1,-19.13791275,113.5834045,490559.6875,22,10,-15.30000019,2024/8/18 15:12
1723994528,1723994528,0,1,18.93141747,105.9396667,486520.375,17,11,-23.60000038,2024/8/18 15:22
1723995128,1723995128,0,1,56.616745,94.61359406,496172.7813,22,11,-39,2024/8/18 15:32
1723995728,1723995728,0,1,80.86592102,-22.51826668,503486.5313,26,13,31.60000038,2024/8/18 15:42
1723996328,1723996328,0,1,46.12894058,-71.22821808,499922.1563,22,11,-28,2024/8/18 15:52
1723996928,1723996928,0,1,8.330973625,-80.4115448,495936.875,20,11,14,2024/8/18 16:02
1723997529,1723997528,0,1,-29.5874939,-88.23722076,503270.7813,18,12,1.299999952,2024/8/18 16:12
1723998129,1723998128,0,1,-66.71846771,-104.0942078,514327.125,21,11,-26.5,2024/8/18 16:22
1723998729,1723998728,0,1,-72.6828537,115.6470566,512461.75,30,12,-30.70000076,2024/8/18 16:32
1723999329,1723999329,0,1,-35.87093353,93.88795471,497092.1875,25,11,-19.70000076,2024/8/18 16:42
1723999929,1723999929,0,1,2.103243351,85.71838379,486212.5625,26,12,-86.19999695,2024/8/18 16:52
1724000529,1724000529,0,1,40.07665634,77.21061707,491185.75,19,13,-44.70000076,2024/8/18 17:02
1724001129,1724001129,0,1,76.41405487,48.43727112,501685.875,26,12,7.199999809,2024/8/18 17:12
1724001729,1724001729,0,1,62.51540375,-87.03101349,502669.8125,27,11,-42.79999924,2024/8/18 17:22
1724002329,1724002329,0,1,25.09969521,-100.5145798,496739.3125,21,10,-14.89999962,2024/8/18 17:32
1724002930,1724002929,0,1,-12.85658836,-108.2076111,498618.375,20,12,-5.199999809,2024/8/18 17:42
1724003530,1724003529,0,1,-50.51534271,-118.0882034,510057.5313,18,10,-10,2024/8/18 17:52
1724004130,1724004129,0,1,-82.52061462,166.3973541,515358,29,12,-44.70000076,2024/8/18 18:02
1724004730,1724004729,0,1,-52.435215,75.7223587,504411.9688,24,11,36.29999924,2024/8/18 18:12
1724005330,1724005329,0,1,-14.72380352,65.44651031,489124.4375,26,14,-32.09999847,2024/8/18 18:22
1724005930,1724005930,0,1,23.34638405,57.77014542,487142.125,24,14,-27.29999924,2024/8/18 18:32
1724007130,1724007130,0,1,77.7651062,-87.15392303,503686.1875,26,14,1.799999952,2024/8/18 18:52
1724007730,1724007730,0,1,41.77342224,-119.8388062,499199.7188,20,8,-20.20000076,2024/8/18 19:02
1724008330,1724008330,0,1,3.921376705,-128.499939,496167.5313,16,10,-20.5,2024/8/18 19:12
1724008931,1724008930,0,1,-33.96432495,-136.5372772,504632.4688,17,10,-11,2024/8/18 19:22
1724009531,1724009530,0,1,-70.82218933,-155.9726105,514912.8125,26,12,-61,2024/8/18 19:32
1724010131,1724010130,0,1,-68.63414764,62.90935516,510948.25,31,11,29.29999924,2024/8/18 19:42
1724010731,1724010730,0,1,-31.48329926,45.55378342,495023.9063,21,13,23.89999962,2024/8/18 19:52
1724011331,1724011331,0,1,6.531964779,37.63153076,485763.625,27,14,-12.39999962,2024/8/18 20:02
1724012531,1724012531,0,1,79.81674957,-12.91839027,502231.125,24,12,31.5,2024/8/18 20:22
1724013131,1724013131,0,1,58.24355316,-136.881958,501850.3438,27,13,4.800000191,2024/8/18 20:32
1724013731,1724013731,0,1,20.68851089,-148.6985168,496181.0938,20,11,-9.5,2024/8/18 20:42
1724014331,1724014331,0,1,-17.2719593,-156.3328552,499561.9688,19,11,6.300000191,2024/8/18 20:52
1724014932,1724014931,0,1,-54.83490753,-167.1565094,511343.2813,22,11,-30.70000076,2024/8/18 21:02
1724015532,1724015531,0,1,-81.85746002,86.39984894,514877.8438,29,13,-4.199999809,2024/8/18 21:12
1724016132,1724016131,0,1,-48.15647507,26.84017563,502497.5625,23,10,34.40000153,2024/8/18 21:22
1724016732,1724016731,0,1,-10.29318047,17.33582687,487918.0313,24,12,12.89999962,2024/8/18 21:32
1724017332,1724017332,0,1,27.76743317,9.553910255,487819.5313,23,12,28.79999924,2024/8/18 21:42
1724017932,1724017932,0,1,65.15065002,-5.335068226,498510.9688,23,10,53.5,2024/8/18 21:52
1724018532,1724018532,0,1,74.0278244,-144.4783325,503360.875,27,12,-4.800000191,2024/8/18 22:02
1724019132,1724019132,0,1,37.3841362,-168.3115387,498187.625,22,11,-12.69999981,2024/8/18 22:12
1724019732,1724019732,0,1,-0.512600005,-176.5841827,496339.2188,21,12,19,2024/8/18 22:22
1724020332,1724020332,0,1,-38.35632706,175.0723267,505954.3125,24,10,28.89999962,2024/8/18 22:32
1724020933,1724020932,0,1,-74.78885651,149.8906097,515344,30,13,-57.5,2024/8/18 22:42
1724021533,1724021532,0,1,-64.44728851,11.77663517,509465.3125,26,14,18.79999924,2024/8/18 22:52
1724022133,1724022132,0,1,-27.06471443,-2.70849824,493282.375,21,9,18.39999962,2024/8/18 23:02
1724022733,1724022732,0,1,10.97889709,-10.46696854,485770.625,23,12,32.40000153,2024/8/18 23:12
1724023333,1724023333,0,1,48.83238983,-20.07800865,493538.0938,19,11,62.40000153,2024/8/18 23:22
1724023933,1724023933,0,1,82.15572357,-84.83441925,502694.8438,30,12,15.30000019,2024/8/18 23:32
1724024533,1724024533,0,1,53.91941452,173.7653656,500952.2188,28,12,2.200000048,2024/8/18 23:42
1724025133,1724025133,0,1,16.25579453,163.1535797,495678.5313,25,13,24.5,2024/8/18 23:52
1724025733,1724025733,0,1,-21.70028305,155.5109253,500579.1563,29,12,51.70000076,2024/8/19 0:02
1724026333,1724026333,0,1,-59.14395905,143.3991547,512479.8438,27,13,-29.39999962,2024/8/19 0:12
1724026934,1724026933,0,1,-79.25307465,16.76326752,514207.2188,28,12,1.5,2024/8/19 0:22
1724027534,1724027533,0,1,-43.77910995,-21.85666656,500589.7813,22,8,19.29999924,2024/8/19 0:32
1724028134,1724028133,0,1,-5.905931473,-30.74833679,487113.875,21,12,-7.400000095,2024/8/19 0:42
1724028734,1724028734,0,1,32.19655609,-38.72294235,488858.1563,17,11,25.70000076,2024/8/19 0:52
1724029334,1724029334,0,1,69.33821869,-56.70598221,499655.75,24,12,26.79999924,2024/8/19 1:02
1724029934,1724029934,0,1,70.00305176,161.9220123,503025.75,28,13,3.799999952,2024/8/19 1:12
1724030534,1724030534,0,1,32.97524261,143.3170929,497346.1563,26,12,25.60000038,2024/8/19 1:22
1724031134,1724031134,0,1,-4.954273224,135.32901,496762.4688,28,13,67.30000305,2024/8/19 1:32
1724031734,1724031734,0,1,-42.74461365,126.5694427,507390.5938,32,12,-27.79999924,2024/8/19 1:42
1724032334,1724032334,0,1,-78.44071198,91.47570038,515508.25,27,13,-3.200000048,2024/8/19 1:52
1724032935,1724032934,0,1,-60.18471909,-38.4023056,507836.7813,25,11,20.60000038,2024/8/19 2:02
1724033535,1724033534,0,1,-22.69429588,-50.90521622,491771.0938,19,10,-4.900000095,2024/8/19 2:12
1724034135,1724034134,0,1,15.42984295,-58.58591461,486245.9063,21,12,-51,2024/8/19 2:22
1724034735,1724034735,0,1,53.19636154,-69.04173279,495136.75,18,12,-24.89999962,2024/8/19 2:32
1724035335,1724035335,0,1,82.35888672,-165.6720123,503282.125,29,12,4.199999809,2024/8/19 2:42
1724035935,1724035935,0,1,49.57145691,124.7549057,500356.0313,27,11,8.300000191,2024/8/19 2:52
1724036535,1724036535,0,1,11.8251915,115.0326157,495622.875,23,12,27.5,2024/8/19 3:02
1724037135,1724037135,0,1,-26.11558342,107.3164139,501869.4063,27,12,-37.40000153,2024/8/19 3:12
1724037735,1724037735,0,1,-63.40733337,93.41320038,513295.625,22,11,3.099999905,2024/8/19 3:22
1724038336,1724038335,0,1,-75.73557281,-43.25673676,513092.9375,28,12,-8,2024/8/19 3:32
1724038936,1724038935,0,1,-39.38824463,-70.39638519,498481.0938,19,10,23.29999924,2024/8/19 3:42
1724039536,1724039535,0,1,-1.453036666,-78.83747101,486405.5938,16,12,24.79999924,2024/8/19 3:52
1724040136,1724040135,0,1,36.55456161,-87.05989075,490106.125,15,10,-30.60000038,2024/8/19 4:02
1724040736,1724040735,0,1,73.39624023,-109.8900986,500882.9063,23,11,-18.70000076,2024/8/19 4:12
1724041336,1724041336,0,1,65.83966064,110.3235092,502886.5625,28,11,-17,2024/8/19 4:22
1724041936,1724041936,0,1,28.56489372,95.03017426,497024.6563,20,10,-40.5,2024/8/19 4:32
1724042536,1724042536,0,1,-9.382906914,87.23886871,497860.375,25,11,-69.40000153,2024/8/19 4:42
1724043136,1724043136,0,1,-47.10460663,77.92442322,508920.6563,19,10,26.39999962,2024/8/19 4:52
1724043736,1724043736,0,1,-81.34436035,24.78984833,515489.2813,28,12,-0.5,2024/8/19 5:02
1724044336,1724044336,0,1,-55.89093018,-87.9586792,505900.6563,23,12,-6.5,2024/8/19 5:12
1724044937,1724044936,0,1,-18.26530075,-99.06864166,490046.7813,23,12,-5.099999905,2024/8/19 5:22
1724045537,1724045536,0,1,19.80698204,-106.7127609,486457.9688,24,12,-29.39999962,2024/8/19 5:32
1724046137,1724046136,0,1,57.47041321,-118.292305,496320.0625,21,13,-17.29999924,2024/8/19 5:42
1724046737,1724046736,0,1,80.2896347,120.4242554,503489.1875,28,13,0.200000003,2024/8/19 5:52
1724047337,1724047337,0,1,45.20242691,75.99256897,499753.1875,21,9,-48.40000153,2024/8/19 6:02
1724047937,1724047937,0,1,7.391931534,66.93408966,496050.625,20,11,-85.09999847,2024/8/19 6:12
1724048537,1724048537,0,1,-30.52007675,59.07048798,503524.5938,18,8,16.79999924,2024/8/19 6:22
1724049137,1724049137,0,1,-67.60148621,42.57320023,514335.375,23,13,24.89999962,2024/8/19 6:32
1724049737,1724049737,0,1,-71.83260345,-98.18375397,511956.5625,31,13,-22.20000076,2024/8/19 6:42
1724050337,1724050337,0,1,-34.99632645,-118.8077545,496375.125,23,11,-11.60000038,2024/8/19 6:52
1724050938,1724050937,0,1,2.990298271,-126.9208527,485722.7188,26,13,-20.89999962,2024/8/19 7:02
1724051538,1724051537,0,1,40.95757294,-135.5131073,491103.375,22,12,-32.40000153,2024/8/19 7:12
1724052138,1724052137,0,1,77.14873505,-166.2875671,501626.3125,26,14,2.700000048,2024/8/19 7:22
1724052738,1724052738,0,1,61.59608459,59.88044357,502402.2188,20,10,-2.900000095,2024/8/19 7:32
1724054538,1724054538,0,1,-51.44903183,29.06927681,510284.2188,19,11,36,2024/8/19 8:02
1724055138,1724055138,0,1,-82.58818054,-53.45500565,515114.4688,29,12,-22.5,2024/8/19 8:12
1724055738,1724055738,0,1,-51.55967712,-137.1034088,503786.4375,26,11,-18.60000038,2024/8/19 8:22
1724056338,1724056338,0,1,-13.82573032,-147.2010651,488508.8438,24,13,-1.799999952,2024/8/19 8:32
1724056939,1724056938,0,1,24.2466774,-154.8942261,486948.25,27,12,0,2024/8/19 8:42
1724057539,1724057538,0,1,61.77276611,-168.0595398,497521.9063,25,14,8,2024/8/19 8:52
1724058139,1724058138,0,1,77.03572845,57.87232971,503550.4063,26,12,3.200000048,2024/8/19 9:02
1724061139,1724061139,0,1,-67.72425842,-150.5221252,510408.0625,30,13,-53.20000076,2024/8/19 9:52
1724061739,1724061739,0,1,-30.57569504,-167.1312256,494329.1563,24,10,16.20000076,2024/8/19 10:02
1724062339,1724062339,0,1,7.44930315,-175.0143433,485470.3438,30,12,10.89999962,2024/8/19 10:12
1724062940,1724062939,0,1,45.35979462,175.8898163,492432,22,10,-7.300000191,2024/8/19 10:22
1724063540,1724063539,0,1,80.41915894,130.5344086,502404.6875,28,11,0.300000012,2024/8/19 10:32
1724064140,1724064139,0,1,57.35391998,10.17766666,501778.25,16,13,38.40000153,2024/8/19 10:42
1724064740,1724064739,0,1,19.71275711,-1.371979952,496138.5625,22,13,29.39999962,2024/8/19 10:52
1724065340,1724065340,0,1,-18.24680328,-9.002552986,499734.5313,18,12,12.30000019,2024/8/19 11:02
1724065940,1724065940,0,1,-55.7870369,-20.07621574,511324.0938,20,12,20.29999924,2024/8/19 11:12
1724066540,1724066540,0,1,-81.40785217,-132.1012878,514388.5625,25,12,-42.29999924,2024/8/19 11:22
1724067140,1724067140,0,1,-47.186203,174.0292969,501680.75,23,11,-3.099999905,2024/8/19 11:32
1724067740,1724067740,0,1,-9.364865303,164.6857605,487381.625,25,12,58,2024/8/19 11:42
1724068341,1724068340,0,1,28.69429779,156.8724365,487917.3438,24,11,8.899999619,2024/8/19 11:52
1724068941,1724068940,0,1,66.03344727,141.436203,498878.625,25,11,5,2024/8/19 12:02
1724069541,1724069540,0,1,73.20485687,1.494485021,503458.875,24,13,47.90000153,2024/8/19 12:12
1724070141,1724070140,0,1,36.40476227,-21.04177094,498118.9375,19,10,44.59999847,2024/8/19 12:22
1724070741,1724070740,0,1,-1.498865008,-29.24267769,496431,17,14,0,2024/8/19 12:32
1724071341,1724071341,0,1,-39.33255005,-37.66809845,506071.7188,16,11,-5.400000095,2024/8/19 12:42
1724071941,1724071941,0,1,-75.6401062,-64.59375,514991.2813,27,12,-14,2024/8/19 12:52
1724072541,1724072541,0,1,-63.49830627,158.5783997,508748.0938,26,12,-39.5,2024/8/19 13:02
1724073141,1724073141,0,1,-26.13246727,144.6121521,492626.2813,23,10,29.70000076,2024/8/19 13:12
1724073741,1724073741,0,1,11.91805363,136.8791199,485686.1875,26,12,56.20000076,2024/8/19 13:22
1724074342,1724074341,0,1,49.75513077,127.110733,493932,25,10,12.19999981,2024/8/19 13:32
1724074942,1724074941,0,1,82.4100647,55.94152832,502961.2188,28,12,17.10000038,2024/8/19 13:42
1724075542,1724075541,0,1,53.00710678,-39.10331345,500929.2188,26,11,49.5,2024/8/19 13:52
1724076142,1724076141,0,1,15.32538509,-49.50380325,495709.125,24,13,-36.59999847,2024/8/19 14:02
1724076742,1724076742,0,1,-22.69187927,-57.1688652,500716.6875,20,12,14.10000038,2024/8/19 14:12
1724077342,1724077342,0,1,-60.10728455,-69.62989807,512365.8438,23,13,10.19999981,2024/8/19 14:22
1724077942,1724077942,0,1,-78.51409149,160.756546,513694.9375,28,12,-55.40000153,2024/8/19 14:32
1724078542,1724078542,0,1,-42.78704834,125.3645172,499905.75,22,9,-28.20000076,2024/8/19 14:42
1724079142,1724079142,0,1,-4.896969795,116.5877151,486808.9063,18,12,46.40000153,2024/8/19 14:52
1724079742,1724079742,0,1,33.13609314,108.5785904,489232.5625,14,10,-32.29999924,2024/8/19 15:02
1724080343,1724080342,0,1,70.21207428,89.757164,500150.0625,27,11,-13.60000038,2024/8/19 15:12
1724080943,1724080942,0,1,69.13303375,-51.60221481,503202.125,27,12,24.29999924,2024/8/19 15:22
1724081543,1724081542,0,1,32.04615021,-69.38048553,497426.7813,20,10,-49,2024/8/19 15:32
1724082143,1724082142,0,1,-5.950883389,-77.33100128,496949.375,21,11,15.69999981,2024/8/19 15:42
1724082743,1724082743,0,1,-43.72857666,-86.20048523,507482.2188,19,12,2.5,2024/8/19 15:52
1724083343,1724083343,0,1,-79.18611145,-124.4632034,515216.0313,21,13,-40.79999924,2024/8/19 16:02
1724083943,1724083943,0,1,-59.21508408,108.553299,507118.5,29,12,-11.5,2024/8/19 16:12
1724084543,1724084543,0,1,-21.68845367,96.40944672,491231.5313,22,12,-46.20000076,2024/8/19 16:22
1724085143,1724085143,0,1,16.37641525,88.75471497,486306.9688,24,12,-68.69999695,2024/8/19 16:32
1724085743,1724085743,0,1,54.12164688,78.08789825,495590.1563,10,13,-37.5,2024/8/19 16:42
1724086344,1724086343,0,1,82.08144379,-24.84184074,503537.5313,27,12,28.89999962,2024/8/19 16:52
1724086944,1724086943,0,1,48.6483345,-88.05786896,500392.5313,22,11,-36.29999924,2024/8/19 17:02
1724087544,1724087543,0,1,10.82448673,-97.63367462,495675.9063,20,9,-8.399999619,2024/8/19 17:12
1724088144,1724088143,0,1,-27.11181068,-105.3755722,502018.4063,21,11,-3.799999952,2024/8/19 17:22
1724088744,1724088744,0,1,-64.36447144,-119.7801819,513263.9375,22,11,-31.39999962,2024/8/19 17:32
1724089344,1724089344,0,1,-74.87339783,102.1940765,512541.9688,29,12,-13.80000019,2024/8/19 17:42
1724089944,1724089944,0,1,-38.3886528,76.85403442,497799.875,22,10,14.19999981,2024/8/19 17:52
1724090544,1724090544,0,1,-0.439758331,68.49781036,486288.2188,20,13,-84,2024/8/19 18:02
1724091144,1724091144,0,1,37.55862427,60.2013855,490466.625,12,13,-28.10000038,2024/8/19 18:12
1724092345,1724092344,0,1,64.94326782,-102.9054184,502947.875,29,12,-37.29999924,2024/8/19 18:32
1724092945,1724092944,0,1,27.62729836,-117.6548309,496866.875,17,9,-43.29999924,2024/8/19 18:42
1724093545,1724093544,0,1,-10.32510376,-125.4158478,497709.4688,18,11,-10.19999981,2024/8/19 18:52
1724094145,1724094145,0,1,-48.09660339,-134.8960114,508812.5625,23,12,-16.79999924,2024/8/19 19:02
1724094745,1724094745,0,1,-81.81874847,166.1587219,515016.6563,30,12,-47.09999847,2024/8/19 19:12
1724095345,1724095345,0,1,-54.89788818,59.10129166,505116.0625,24,11,37.29999924,2024/8/19 19:22
1724095945,1724095945,0,1,-17.24403763,48.25109863,489627.875,20,13,-7.400000095,2024/8/19 19:32
1724096545,1724096545,0,1,20.82809448,40.60118484,486666.375,13,14,4.599999905,2024/8/19 19:42
1724097745,1724097745,0,1,79.64838409,-96.15129852,503597.5938,26,12,5.400000095,2024/8/19 20:02
1724098346,1724098345,0,1,44.2612381,-136.778717,499448.6875,19,10,-27.29999924,2024/8/19 20:12
1724098946,1724098945,0,1,6.436359882,-145.7210693,495640.75,23,12,1.700000048,2024/8/19 20:22
1724099546,1724099545,0,1,-31.53629303,-153.6451721,503325.75,18,10,0,2024/8/19 20:32
1724100146,1724100146,0,1,-68.5631485,-170.9164124,514045.9688,23,12,-60.09999847,2024/8/19 20:42
1724100746,1724100746,0,1,-70.88885498,47.98733521,511284.9063,29,12,25.20000076,2024/8/19 20:52
1724101346,1724101346,0,1,-33.96735001,28.46238708,495830.8125,21,10,26.89999962,2024/8/19 21:02
1724101946,1724101946,0,1,4.027853489,20.40945625,485791.125,24,12,-8.800000191,2024/8/19 21:12
1724102546,1724102546,0,1,41.98054886,11.71163464,491536.0938,15,14,48,2024/8/19 21:22
1724103747,1724103746,0,1,60.66291809,-153.1795197,502092.4375,26,12,14.60000038,2024/8/19 21:42
1724104347,1724104346,0,1,23.17976952,-165.8714142,496075.8438,21,10,8.899999619,2024/8/19 21:52
1724104947,1724104946,0,1,-14.78378296,-173.5328522,498450.5938,22,12,32.09999847,2024/8/19 22:02
1724105547,1724105546,0,1,-52.4701004,176.178421,510079.6875,25,11,-24.79999924,2024/8/19 22:12
1724106147,1724106147,0,1,-82.52324677,85.95629883,514646.0625,28,12,-6.699999809,2024/8/19 22:22
1724106747,1724106747,0,1,-50.52836609,10.02313137,503234.0938,24,11,26,2024/8/19 22:32
1724107347,1724107347,0,1,-12.77382851,0.122338332,488412.75,26,12,11.80000019,2024/8/19 22:42
1724107947,1724107947,0,1,25.29319191,-7.593204975,487406.5625,21,11,32.79999924,2024/8/19 22:52
1724108547,1724108547,0,1,62.77761841,-21.21965408,497941.6563,26,12,64.40000153,2024/8/19 23:02
1724109147,1724109147,0,1,76.16903687,-157.1624146,503438.0938,27,13,-1.100000024,2024/8/19 23:12
1724109748,1724109747,0,1,39.84187317,174.6650696,498417.875,23,9,-11.60000038,2024/8/19 23:22
1724110348,1724110347,0,1,1.964851618,166.1877899,495688.0938,23,13,37.5,2024/8/19 23:32
1724110948,1724110947,0,1,-35.9088974,158.0252686,504628.2188,29,13,14.89999962,2024/8/19 23:42
1724111548,1724111547,0,1,-72.66480255,136.2896118,514596.4688,26,13,-44.59999847,2024/8/19 23:52
1724112148,1724112148,0,1,-66.72262573,-3.964688301,509927.25,26,11,10,2024/8/20 0:02
1724112748,1724112748,0,1,-29.51681328,-19.84627533,494075.7188,18,10,9.899999619,2024/8/20 0:12
1724113348,1724113348,0,1,8.512361526,-27.68684387,485748.8125,23,12,7.300000191,2024/8/20 0:22
1724113948,1724113948,0,1,46.40423203,-36.92502594,492894.75,20,11,47.29999924,2024/8/20 0:32
1724114548,1724114548,0,1,81.04882813,-87.26076508,502468.9688,29,12,12,2024/8/20 0:42
1724115148,1724115148,0,1,56.32416534,157.1878967,501259.625,28,14,21.60000038,2024/8/20 0:52
1724115749,1724115748,0,1,18.71483994,145.9541168,495503.8125,22,12,42.70000076,2024/8/20 1:02
1724116349,1724116348,0,1,-19.24983788,138.3238525,499411.5938,18,14,42,2024/8/20 1:12
1724116949,1724116948,0,1,-56.7688942,126.9738388,511263.625,26,12,-26.29999924,2024/8/20 1:22
1724117549,1724117548,0,1,-80.82150269,9.554341316,514123.1875,27,12,-6.099999905,2024/8/20 1:32
1724118149,1724118149,0,1,-46.12710571,-38.797966,501387.875,19,9,-3.5,2024/8/20 1:42
1724118749,1724118749,0,1,-8.290637016,-47.98897552,487551.9375,19,13,-22.5,2024/8/20 1:52
1724119349,1724119349,0,1,29.75961685,-55.84118652,488526.2188,22,10,-34.90000153,2024/8/20 2:02
1724119949,1724119949,0,1,67.04180145,-71.95992279,499358.375,26,13,-16.10000038,2024/8/20 2:12
1724120549,1724120549,0,1,72.24885559,147.4002075,503387.125,32,13,0,2024/8/20 2:22
1724121149,1724121149,0,1,35.41121674,126.2305603,497690.875,21,10,22.60000038,2024/8/20 2:32
1724121750,1724121749,0,1,-2.503991604,118.0985565,496081.3125,23,14,52.5,2024/8/20 2:42
1724122350,1724122349,0,1,-40.33091736,109.584816,505973.1875,19,13,-31.79999924,2024/8/20 2:52
1724122950,1724122949,0,1,-76.49407196,80.63779449,514715.5625,24,12,3.200000048,2024/8/20 3:02
1724123550,1724123549,0,1,-62.46474075,-54.63208389,508180.6875,24,13,23.39999962,2024/8/20 3:12
1724124150,1724124150,0,1,-25.05517769,-68.09278107,492291.1563,19,11,41.20000076,2024/8/20 3:22
1724124750,1724124750,0,1,12.99849129,-75.79904175,485975.4375,21,11,-12.5,2024/8/20 3:32
1724125350,1724125350,0,1,50.8133812,-85.75957489,494487.25,18,11,-39.79999924,2024/8/20 3:42
1724125950,1724125950,0,1,82.56778717,-164.710495,503181.6875,27,12,4.400000095,2024/8/20 3:52
1724126550,1724126550,0,1,51.95687866,107.9900131,500804.8125,25,11,-34.29999924,2024/8/20 4:02
1724127150,1724127150,0,1,14.2537365,97.81556702,495578.0313,16,11,-39.09999847,2024/8/20 4:12
1724127751,1724127750,0,1,-23.69868851,90.14994812,500857.875,21,11,-41.40000153,2024/8/20 4:22
1724128351,1724128350,0,1,-61.08318329,77.30612946,512358.1563,21,11,24.39999962,2024/8/20 4:32
1724128951,1724128950,0,1,-77.72748566,-54.86094284,513228.9063,28,11,-15.19999981,2024/8/20 4:42
1724129551,1724129551,0,1,-41.71850586,-87.4225235,499199.625,21,10,0.699999988,2024/8/20 4:52
1724130151,1724130151,0,1,-3.811275005,-96.08398438,486549.1563,21,12,-13.69999981,2024/8/20 5:02
1724130751,1724130751,0,1,34.21536255,-104.1533203,489438.2813,17,12,-24,2024/8/20 5:12
1724131351,1724131351,0,1,71.21057129,-124.0517349,500372.0625,24,12,-11.80000019,2024/8/20 5:22
1724131951,1724131951,0,1,68.11999512,94.81404877,503107.25,29,11,-16,2024/8/20 5:32
1724132551,1724132551,0,1,30.96861839,77.89593506,497208.6875,24,10,-36.59999847,2024/8/20 5:42
1724133151,1724133151,0,1,-6.97091341,70.00884247,497120.6875,21,12,-72.90000153,2024/8/20 5:52
1724133752,1724133751,0,1,-44.73422241,61.01676178,507692.3438,18,10,33.79999924,2024/8/20 6:02
1724134352,1724134351,0,1,-79.90087128,19.01722145,515022.8438,27,11,0.800000012,2024/8/20 6:12
1724134952,1724134951,0,1,-58.16172028,-104.4936295,506444.2188,24,11,-16.70000076,2024/8/20 6:22
1724135552,1724135551,0,1,-20.59885406,-116.281456,490526.8125,20,14,-3.5,2024/8/20 6:32
1724136152,1724136152,0,1,17.47159576,-123.9290848,486090.5625,24,13,-44.79999924,2024/8/20 6:42
1724136752,1724136752,0,1,55.1940155,-134.8654022,495636.625,22,13,-5.199999809,2024/8/20 6:52
1724137352,1724137352,0,1,81.63160706,115.5593109,503444.75,29,13,3.099999905,2024/8/20 7:02
1724137952,1724137952,0,1,47.56634521,59.09577179,500098.5938,20,9,-23.60000038,2024/8/20 7:12
1724138552,1724138552,0,1,9.788713455,49.70242691,495669.4375,18,11,-31.29999924,2024/8/20 7:22
1724139153,1724139152,0,1,-28.14164543,41.92712402,502289.75,19,11,10.19999981,2024/8/20 7:32
1724139753,1724139752,0,1,-65.34838867,26.95162201,513324.9063,25,12,19.29999924,2024/8/20 7:42
1724140353,1724140352,0,1,-73.9653244,-112.1736832,512080.875,29,11,-32.40000153,2024/8/20 7:52
1724140953,1724140952,0,1,-37.29414749,-135.9017029,497024.875,21,11,-11.39999962,2024/8/20 8:02
1724141553,1724141553,0,1,0.670431674,-144.1741943,485757.875,19,13,6.300000191,2024/8/20 8:12
1724142153,1724142153,0,1,38.66153717,-152.5602722,490467.0625,21,12,-19,2024/8/20 8:22
1724142753,1724142753,0,1,75.20310211,-178.5877686,501251.25,26,12,1.899999976,2024/8/20 8:32
1724143353,1724143353,0,1,63.87937164,43.79712677,502637.7813,20,12,10.19999981,2024/8/20 8:42
1724145154,1724145153,0,1,-49.12887955,12.26651001,508987.25,18,12,26.89999962,2024/8/20 9:12
1724145754,1724145753,0,1,-82.20265961,-53.39702606,514728.5,26,13,-23.89999962,2024/8/20 9:22
1724146354,1724146353,0,1,-53.86672974,-153.822998,504425.0313,23,10,-22.89999962,2024/8/20 9:32
1724146954,1724146953,0,1,-16.12083435,-164.4361115,488987.5,24,11,12.89999962,2024/8/20 9:42
1724147554,1724147554,0,1,21.95367622,-172.0967712,486619.75,26,12,6.099999905,2024/8/20 9:52
1724148154,1724148154,0,1,59.55389023,175.6218567,496999.5625,19,12,-1.100000024,2024/8/20 10:02
1724148754,1724148754,0,1,78.8356781,47.14721298,503612.8125,27,12,12.19999981,2024/8/20 10:12
1724150554,1724150554,0,1,-32.59051895,-6.362208366,503518.0313,18,12,16.10000038,2024/8/20 10:42
1724151155,1724151154,0,1,-69.55226898,-24.51403618,513861.8438,23,14,2.299999952,2024/8/20 10:52
1724151755,1724151754,0,1,-69.90581512,-165.7588654,510658.4688,27,13,-61.70000076,2024/8/20 11:02
1724152355,1724152354,0,1,-32.90216827,175.7374725,495021.2813,26,10,40.90000153,2024/8/20 11:12
1724152955,1724152954,0,1,5.168886662,167.7306061,485489.1563,26,11,30.10000038,2024/8/20 11:22
1724153555,1724153555,0,1,43.10883331,158.9095917,491845.4063,21,10,3.299999952,2024/8/20 11:32
1724154155,1724154155,0,1,78.84259033,122.1288605,502149.2813,27,12,-2.400000095,2024/8/20 11:42
1724154755,1724154755,0,1,59.56380844,-6.300545216,502018.8125,22,11,55.90000153,2024/8/20 11:52
1724155355,1724155355,0,1,22.04715347,-18.57441139,496004.75,20,13,25.5,2024/8/20 12:02
1724155955,1724155955,0,1,-15.91700363,-26.22126961,498639.5938,19,13,-7.400000095,2024/8/20 12:12
1724156555,1724156555,0,1,-53.51844788,-36.72873688,510083.5625,22,13,12.19999981,2024/8/20 12:22
1724157156,1724157155,0,1,-82.31241608,-134.5455322,514189.5313,29,13,-42.40000153,2024/8/20 12:32
1724157756,1724157755,0,1,-49.46774292,157.1571045,502443,22,9,-15.89999962,2024/8/20 12:42
1724158356,1724158355,0,1,-11.68844509,147.4475098,487867.625,23,11,67.40000153,2024/8/20 12:52
1724158956,1724158956,0,1,26.44070625,139.6916199,487540.5938,27,11,43.70000076,2024/8/20 13:02
1724159556,1724159556,0,1,63.87940216,125.5146408,498378.375,24,11,-14.39999962,2024/8/20 13:12
1724160156,1724160156,0,1,75.1924057,-12.11713028,503480.9063,23,12,46.09999847,2024/8/20 13:22
1724160756,1724160756,0,1,38.70713425,-38.11444473,498231.3438,19,12,36.09999847,2024/8/20 13:32
1724161356,1724161356,0,1,0.81927669,-46.49168015,495729.6875,24,13,-25.70000076,2024/8/20 13:42
1724161956,1724161956,0,1,-37.0449295,-54.73303986,504754.7188,19,12,9.399999619,2024/8/20 13:52
1724162556,1724162556,0,1,-73.63500214,-77.89431,514342.6563,24,13,-12.60000038,2024/8/20 14:02
1724163157,1724163156,0,1,-65.69247437,142.6410065,509293.25,27,11,-44.20000076,2024/8/20 14:12
1724163757,1724163756,0,1,-28.42867851,127.4399872,493496.7813,24,10,-14.10000038,2024/8/20 14:22
1724164357,1724164356,0,1,9.608341217,119.6402435,485732.625,26,12,50.70000076,2024/8/20 14:32
1724164957,1724164957,0,1,47.54484177,110.2245331,493446.2813,21,9,-30.10000038,2024/8/20 14:42
1724165557,1724165557,0,1,81.64047241,53.63418198,502810.1563,26,12,16.5,2024/8/20 14:52
1724166157,1724166157,0,1,55.20269775,-55.81570816,501251,24,12,8.800000191,2024/8/20 15:02
1724166757,1724166757,0,1,17.56735992,-66.74185944,495532.0938,20,12,-45.09999847,2024/8/20 15:12
1724167357,1724167357,0,1,-20.39591599,-74.37319946,499620.125,16,11,17.39999962,2024/8/20 15:22
1724167957,1724167957,0,1,-57.88590622,-86.06020355,511280.8125,16,11,-6.199999809,2024/8/20 15:32
1724168558,1724168557,0,1,-80.14608002,151.8755646,513656.2813,28,14,-50.79999924,2024/8/20 15:42
1724169158,1724169157,0,1,-45.04895401,108.3828201,500654.4375,26,11,-21.39999962,2024/8/20 15:52
1724169758,1724169757,0,1,-7.192466736,99.33789063,487234.5938,22,11,-21.79999924,2024/8/20 16:02
1724170958,1724170958,0,1,68.13322449,74.48820496,499791.4688,25,12,-13.5,2024/8/20 16:22
1724171558,1724171558,0,1,71.19710541,-66.65447998,503448.125,22,11,11.30000019,2024/8/20 16:32
1724172158,1724172158,0,1,34.26504517,-86.52346802,497606.8438,19,10,-29.89999962,2024/8/20 16:42
1724172758,1724172758,0,1,-3.657901764,-94.58174133,496243.2188,16,11,-12.89999962,2024/8/20 16:52
1724173358,1724173358,0,1,-41.47146988,-103.2044601,506187.125,18,10,-8.199999809,2024/8/20 17:02
1724173958,1724173958,0,1,-77.43956757,-134.8087463,514595.5938,27,12,-44.09999847,2024/8/20 17:12
1724174559,1724174558,0,1,-61.41333008,92.19855499,507575.9688,28,12,3.599999905,2024/8/20 17:22
1724175159,1724175158,0,1,-23.96073151,79.20620728,491811.75,21,12,-25.5,2024/8/20 17:32
1724175759,1724175758,0,1,14.09764957,71.52201843,486125.5625,23,12,-85,2024/8/20 17:42
1724176959,1724176959,0,1,82.56705475,-26.18165588,503443.2188,14,13,29,2024/8/20 18:02
1724177559,1724177559,0,1,50.82437515,-104.926384,500659.5313,21,9,-20.70000076,2024/8/20 18:12
1724178159,1724178159,0,1,13.09960651,-114.8753967,495387.5,20,11,-39.90000153,2024/8/20 18:22
1724178759,1724178759,0,1,-24.85110664,-122.5624237,500818.6563,16,9,-8.699999809,2024/8/20 18:32
1724179359,1724179359,0,1,-62.19871521,-135.888031,512213.3438,21,12,-34.5,2024/8/20 18:42
1724179959,1724179959,0,1,-76.7859726,89.52061462,512577.9063,26,12,-0.100000001,2024/8/20 18:52
1724180560,1724180559,0,1,-40.62479401,59.79523468,498492.375,22,12,29.79999924,2024/8/20 19:02
1724181160,1724181159,0,1,-2.702266693,51.24168015,486440.8125,22,14,-45.29999924,2024/8/20 19:12
1724183560,1724183560,0,1,29.80986404,-134.8395386,496834.4688,21,9,-34.40000153,2024/8/20 19:52
1724184160,1724184160,0,1,-8.138188362,-142.6791077,496816.625,22,11,0.800000012,2024/8/20 20:02
1724184760,1724184760,0,1,-45.88868332,-151.8243408,507543.6875,19,10,-11.39999962,2024/8/20 20:12
1724185360,1724185360,0,1,-80.6550827,161.1565399,514591.6563,28,13,-50.5,2024/8/20 20:22
1724185960,1724185960,0,1,-57.07566452,42.47579193,505713.375,25,13,38.90000153,2024/8/20 20:32
1724186561,1724186560,0,1,-19.47978401,31.02422142,490184.4063,19,13,5.599999905,2024/8/20 20:42
1724187161,1724187160,0,1,18.59050369,23.37927628,486379.25,17,13,11.80000019,2024/8/20 20:52
1724187761,1724187760,0,1,56.28250885,12.14642811,496135.8438,12,12,36.90000153,2024/8/20 21:02
1724188361,1724188360,0,1,81.02494812,-103.6592789,503513.75,27,12,5.900000095,2024/8/20 21:12
1724188961,1724188961,0,1,46.40576172,-153.7630615,499603.3438,27,12,-6,2024/8/20 21:22
1724189561,1724189561,0,1,8.607053757,-162.9882813,495131.3438,22,11,13.80000019,2024/8/20 21:32
1724190161,1724190161,0,1,-29.32243919,-170.8072662,502017.6563,29,11,25.29999924,2024/8/20 21:42
1724190761,1724190761,0,1,-66.47733307,173.4917755,513087.125,25,12,-54.59999847,2024/8/20 21:52
1724191361,1724191361,0,1,-72.8996582,33.40312195,511475.875,28,11,22,2024/8/20 22:02
1724191961,1724191961,0,1,-36.16745758,11.34199333,496581.7188,19,10,25,2024/8/20 22:12
1724192562,1724192561,0,1,1.806456685,3.14936161,485942.1875,17,12,16,2024/8/20 22:22
1724193162,1724193161,0,1,39.78233719,-5.334631443,491015.5625,19,9,54.5,2024/8/20 22:32
1724193762,1724193761,0,1,76.16278076,-33.50086594,501528.6563,24,11,42.29999924,2024/8/20 22:42
1724194362,1724194361,0,1,62.73844147,-169.4942169,502267.2813,29,12,6.5,2024/8/20 22:52
1724194962,1724194962,0,1,25.32685089,176.9108887,495978.6563,21,12,-4.599999905,2024/8/20 23:02
1724195562,1724195562,0,1,-12.63774967,169.2089081,497440.75,24,11,61.59999847,2024/8/20 23:12
1724196162,1724196162,0,1,-50.31108475,159.3604736,508861.9688,31,13,-14.80000019,2024/8/20 23:22
1724196762,1724196762,0,1,-82.48709106,85.27085876,514373.3125,30,13,-5.900000095,2024/8/20 23:32
1724197362,1724197362,0,1,-52.68241882,-6.790688515,503918.9375,20,10,27.20000076,2024/8/20 23:42
1724197962,1724197962,0,1,-14.97412491,-17.12410927,488944.8125,16,11,4.5,2024/8/20 23:52
1724198563,1724198562,0,1,23.09563828,-24.79877663,487099.2813,16,9,21.39999962,2024/8/21 0:02
1724199163,1724199162,0,1,60.65659332,-37.49915314,497424.2188,26,12,51.59999847,2024/8/21 0:12
1724199763,1724199762,0,1,77.96376038,-169.0186462,503433.4688,29,13,3.299999952,2024/8/21 0:22
1724200363,1724200363,0,1,41.95729065,157.5936584,498555.8438,22,10,3.799999952,2024/8/21 0:32
1724200963,1724200963,0,1,4.099276543,148.9109039,495080.875,25,13,59.59999847,2024/8/21 0:42
1724201563,1724201563,0,1,-33.79896164,140.8803558,503374.9063,25,12,4.900000095,2024/8/21 0:52
1724202163,1724202163,0,1,-70.6794281,121.5944061,513776.1563,27,13,-30.89999962,2024/8/21 1:02
1724202763,1724202763,0,1,-68.76978302,-19.55644989,510265.875,28,11,4.400000095,2024/8/21 1:12
1724203363,1724203363,0,1,-31.68704987,-37.01604462,494841.25,19,10,-4.599999905,2024/8/21 1:22
1724203964,1724203963,0,1,6.326019764,-44.94859314,485894.9375,21,11,-32.40000153,2024/8/21 1:32
1724204564,1724204563,0,1,44.24658203,-53.90164566,492507.875,17,11,-1,2024/8/21 1:42
1724205164,1724205163,0,1,79.67022705,-94.65460205,502397.75,25,12,6.599999905,2024/8/21 1:52
1724205764,1724205763,0,1,58.39110565,140.5741119,501661.6875,25,12,13.69999981,2024/8/21 2:02
1724206364,1724206364,0,1,20.83614349,128.710083,495452.25,25,11,36,2024/8/21 2:12
1724206964,1724206964,0,1,-17.13379478,121.0748978,498389.75,26,14,15.60000038,2024/8/21 2:22
1724207564,1724207564,0,1,-54.71249771,110.2833557,510024.1563,22,14,-12.5,2024/8/21 2:32
1724208164,1724208164,0,1,-81.90605164,4.514395237,513829.0625,30,13,-9.600000381,2024/8/21 2:42
1724208764,1724208764,0,1,-48.26088333,-55.74409485,501958.6563,23,11,4.300000191,2024/8/21 2:52
1724209364,1724209364,0,1,-10.46011162,-65.25034332,487875.0625,22,11,21.60000038,2024/8/21 3:02
1724209965,1724209964,0,1,27.59851074,-73.02495575,488144.3125,21,11,-48.09999847,2024/8/21 3:12
1724210565,1724210564,0,1,64.98439789,-87.81124878,498948.1875,25,11,-36.90000153,2024/8/21 3:22
1724211165,1724211164,0,1,74.18768311,133.2145386,503565.375,30,13,-2.200000048,2024/8/21 3:32
1724211765,1724211764,0,1,37.50141525,109.0980835,497994.125,24,10,-31.60000038,2024/8/21 3:42
1724212365,1724212365,0,1,-0.398683339,100.8185577,495624.1563,19,11,-2.5,2024/8/21 3:52
1724212965,1724212965,0,1,-38.25279999,92.48574829,504888.2813,19,11,-11.69999981,2024/8/21 4:02
1724213565,1724213565,0,1,-74.70966339,67.46678925,514144.8125,22,11,13.19999981,2024/8/21 4:12
1724214165,1724214165,0,1,-64.52789307,-70.78630066,508606.875,29,12,5.5,2024/8/21 4:22
1724214765,1724214765,0,1,-27.20471764,-85.29534149,492881.7188,19,13,4.099999905,2024/8/21 4:32
1724215365,1724215365,0,1,10.8399601,-93.05477142,485787.0313,24,13,-1.899999976,2024/8/21 4:42
1724215966,1724215965,0,1,48.69326019,-102.6378174,493869.375,19,11,-18.5,2024/8/21 4:52
1724216566,1724216565,0,1,82.1108017,-166.4187622,503039.6875,27,11,3.900000095,2024/8/21 5:02
1724217166,1724217165,0,1,54.06798935,91.20901489,501141,23,11,-39,2024/8/21 5:12
1724217766,1724217765,0,1,16.34415245,80.5537796,495465.3125,15,10,-80.69999695,2024/8/21 5:22
1724218366,1724218366,0,1,-21.61693001,72.9145813,499878.8125,17,11,-21,2024/8/21 5:32
1724218966,1724218966,0,1,-59.07242584,60.83271027,511398.0313,20,11,33.09999847,2024/8/21 5:42
1724219566,1724219566,0,1,-79.30263519,-65.62592316,513198.5938,28,12,-19.79999924,2024/8/21 5:52
1724220166,1724220166,0,1,-43.83434677,-104.4582214,499835.8438,20,10,-8.600000381,2024/8/21 6:02
1724220766,1724220766,0,1,-5.955873489,-113.3531418,486736.6875,23,13,-14.80000019,2024/8/21 6:12
1724221366,1724221366,0,1,32.08492661,-121.3065948,488904.8438,21,12,-41.09999847,2024/8/21 6:22
1724221967,1724221966,0,1,69.23184967,-139.1840363,499931.5313,22,13,0.100000001,2024/8/21 6:32
1724222567,1724222566,0,1,70.1151886,79.44093323,503314.8125,27,13,-12.10000038,2024/8/21 6:42
1724223167,1724223166,0,1,33.03462982,60.71614456,497377.8125,16,9,-18.29999924,2024/8/21 6:52
1724223767,1724223766,0,1,-4.895760059,52.72684097,496414.3438,17,11,-42.09999847,2024/8/21 7:02
1724224367,1724224367,0,1,-42.69292831,43.97411346,506472.5,17,12,43.20000076,2024/8/21 7:12
1724224967,1724224967,0,1,-78.4094162,9.01094532,514412.75,23,13,0.5,2024/8/21 7:22
1724225567,1724225567,0,1,-60.21613312,-121.0000153,506817.6563,23,11,-24.5,2024/8/21 7:32
1724226167,1724226167,0,1,-22.7171669,-133.5130768,491004.6875,26,13,-11.69999981,2024/8/21 7:42
1724226767,1724226767,0,1,15.34895706,-141.1799316,485837.5625,27,13,-15.89999962,2024/8/21 7:52
1724227367,1724227367,0,1,53.11810684,-151.6159515,495083.0313,21,12,8.899999619,2024/8/21 8:02
1724227968,1724227967,0,1,82.37996674,112.3213577,503402.625,29,11,5.099999905,2024/8/21 8:12
1724229768,1724229768,0,1,-26.09917259,24.70807457,501094.9688,17,12,26.29999924,2024/8/21 8:42
1724230368,1724230368,0,1,-63.39945221,10.80611038,512273.625,21,12,19.89999962,2024/8/21 8:52
1724230968,1724230968,0,1,-75.73335266,-125.8707275,512044.2813,25,13,-37,2024/8/21 9:02
1724231568,1724231568,0,1,-39.37652588,-153.0097656,497632.9688,22,9,-3,2024/8/21 9:12
1724232168,1724232168,0,1,-1.435061693,-161.451355,485939.7188,22,12,14.80000019,2024/8/21 9:22
1724232768,1724232768,0,1,36.57375717,-169.6763916,490035.8125,21,13,-13.30000019,2024/8/21 9:32
1724233368,1724233368,0,1,73.35470581,167.5710449,501008.125,26,11,1.5,2024/8/21 9:42
1724233969,1724233968,0,1,65.88558197,27.75605011,502925.125,11,12,18.10000038,2024/8/21 9:52
1724236369,1724236369,0,1,-81.36389923,-58.07113647,514204.4375,28,12,-25.20000076,2024/8/21 10:32
1724236969,1724236969,0,1,-55.83805847,-170.5907745,504873.6875,22,12,-34.59999847,2024/8/21 10:42
1724237569,1724237569,0,1,-18.20401573,178.3096161,489445.2188,22,10,54.59999847,2024/8/21 10:52
1724238169,1724238169,0,1,19.86976242,170.6629791,486406.625,24,11,8.199999809,2024/8/21 11:02
1724238769,1724238769,0,1,57.52808762,159.0615082,496564.0938,20,10,19.20000076,2024/8/21 11:12
1724239370,1724239369,0,1,80.29183197,37.86359787,503687.6563,29,14,20.29999924,2024/8/21 11:22
1724239970,1724239969,0,1,45.21121216,-6.611104965,499487.2188,22,11,46,2024/8/21 11:32
1724240570,1724240569,0,1,7.397079945,-15.67442131,495168.4688,20,12,22.10000038,2024/8/21 11:42
1724241170,1724241169,0,1,-30.5879879,-23.55693817,502253.375,19,12,8.100000381,2024/8/21 11:52
1724241770,1724241769,0,1,-67.67834473,-40.11992645,512889.0625,26,15,7.900000095,2024/8/21 12:02
1724242370,1724242370,0,1,-71.74411011,179.0814667,510756.3438,27,13,-61.59999847,2024/8/21 12:12
1724242970,1724242970,0,1,-34.89151382,158.5589294,495678.75,23,8,17.5,2024/8/21 12:22
1724243570,1724243570,0,1,3.098078251,150.4503326,485650.5,21,11,57,2024/8/21 12:32
1724244170,1724244170,0,1,41.06035995,141.8464661,491451.9063,21,11,30.39999962,2024/8/21 12:42
1724244770,1724244770,0,1,77.22727203,110.8317108,501986,26,12,-2.700000048,2024/8/21 12:52
1724245371,1724245370,0,1,61.56483078,-22.74431419,502266.125,20,13,63.90000153,2024/8/21 13:02
1724245971,1724245970,0,1,24.11196709,-35.80781174,495887.375,22,10,6,2024/8/21 13:12
1724246571,1724246570,0,1,-13.85507298,-43.48425293,497585.625,26,14,-13.60000038,2024/8/21 13:22
1724247171,1724247170,0,1,-51.56913757,-53.58580399,508855.4063,24,13,9.199999809,2024/8/21 13:32
1724247771,1724247771,0,1,-82.587883,-137.1255951,513868.375,29,12,-42.40000153,2024/8/21 13:42
1724248371,1724248371,0,1,-51.41622162,140.2341766,503057.375,23,11,-18.89999962,2024/8/21 13:52
1724248971,1724248971,0,1,-13.67686367,130.1643982,488436.5625,24,12,43.90000153,2024/8/21 14:02
1724249571,1724249571,0,1,24.39121246,122.4693832,487437.375,26,10,17.70000076,2024/8/21 14:12
1724250171,1724250171,0,1,61.90552521,109.2487335,498116.4375,20,12,-27.60000038,2024/8/21 14:22
1724250771,1724250771,0,1,76.9284668,-25.08294296,503688.0625,26,12,39.29999924,2024/8/21 14:32
1724251372,1724251371,0,1,40.74671173,-55.21571732,498525.7188,21,10,-14.10000038,2024/8/21 14:42
1724251972,1724251971,0,1,2.876420021,-63.77442932,495164,21,12,-7.099999905,2024/8/21 14:52
1724252572,1724252571,0,1,-35.01273346,-71.8760376,503496.4375,18,14,21.10000038,2024/8/21 15:02
1724253172,1724253171,0,1,-71.85844421,-92.5384903,513511.7813,23,13,-20,2024/8/21 15:12
1724253772,1724253772,0,1,-67.55851746,126.6997223,509467.5938,26,13,-33.20000076,2024/8/21 15:22
1724254372,1724254372,0,1,-30.39446831,110.2211609,494102.4063,23,11,-39.59999847,2024/8/21 15:32
1724254972,1724254972,0,1,7.629644871,102.3483734,485873.9375,23,11,-12.10000038,2024/8/21 15:42
1724255572,1724255572,0,1,45.5308609,93.23466492,493157.2813,18,11,-52,2024/8/21 15:52
1724256172,1724256172,0,1,80.52586365,47.1615448,502872.4375,24,11,16.60000038,2024/8/21 16:02
1724256772,1724256772,0,1,57.1978302,-72.51397705,501754.8125,23,11,-31.70000076,2024/8/21 16:12
1724257373,1724257372,0,1,19.6120491,-83.99716187,495466.5938,17,11,-16.20000076,2024/8/21 16:22
1724257973,1724257972,0,1,-18.35740089,-91.62530518,498600.6563,16,11,-3.799999952,2024/8/21 16:32
1724258573,1724258572,0,1,-55.90839005,-102.7277832,510061.0625,20,11,-12.69999981,2024/8/21 16:42
1724259173,1724259172,0,1,-81.3106308,144.1334839,513323.0938,27,12,-46.5,2024/8/21 16:52
1724259773,1724259773,0,1,-46.98330688,91.35244751,501097.375,24,10,8.100000381,2024/8/21 17:02
1724260373,1724260373,0,1,-9.157159805,82.04312134,487575.5,26,12,-76.69999695,2024/8/21 17:12
1724260973,1724260973,0,1,28.89596939,74.22685242,488576.3438,22,12,-46.79999924,2024/8/21 17:22
1724262173,1724262173,0,1,73.03971863,-81.41975403,503801.2813,25,12,-4.900000095,2024/8/21 17:42
1724262773,1724262773,0,1,36.28417206,-103.6789474,497869.8125,19,9,-21,2024/8/21 17:52
1724263374,1724263373,0,1,-1.626251698,-111.8682098,495577.9063,19,12,-19.70000076,2024/8/21 18:02
1724263974,1724263973,0,1,-39.47006989,-120.3031235,504849.0625,16,11,-13,2024/8/21 18:12
1724264574,1724264573,0,1,-75.77156067,-147.5061798,513763.625,22,12,-54.79999924,2024/8/21 18:22
1724265174,1724265173,0,1,-63.28308105,75.80999756,507713.9063,28,13,22.60000038,2024/8/21 18:32
1724265774,1724265774,0,1,-25.90114021,61.95859146,492232.1563,25,11,1.600000024,2024/8/21 18:42
1724266374,1724266374,0,1,12.14994144,54.23428345,485991,27,14,-40.59999847,2024/8/21 18:52
1724268174,1724268174,0,1,52.79748917,-121.7959213,500972.75,12,10,-13.69999981,2024/8/21 19:22
1724268774,1724268774,0,1,15.10961819,-132.1482239,495139.6563,18,12,-32.40000153,2024/8/21 19:32
1724269375,1724269374,0,1,-22.85209656,-139.802475,499702,18,10,-10.60000038,2024/8/21 19:42
1724269975,1724269974,0,1,-60.27450562,-152.3271179,511118.5625,21,11,-33.5,2024/8/21 19:52
1724270575,1724270574,0,1,-78.3733139,77.54589844,512433.75,27,13,4.5,2024/8/21 20:02
1724271175,1724271175,0,1,-42.53126144,42.68761063,498994.5625,23,10,43.59999847,2024/8/21 20:12
1724271775,1724271775,0,1,-4.633336544,33.93933868,486622.0313,20,14,-20.20000076,2024/8/21 20:22
1724272375,1724272375,0,1,33.39643478,25.91622925,489491.9688,14,12,6.5,2024/8/21 20:32
1724273575,1724273575,0,1,68.89652252,-134.467453,503263.0938,28,12,-5.5,2024/8/21 20:52
1724274175,1724274175,0,1,31.79369926,-152.0391541,496909.3438,19,11,-15.39999962,2024/8/21 21:02
1724274776,1724274775,0,1,-6.148079872,-159.9669342,495988.1875,17,12,12.89999962,2024/8/21 21:12
1724275376,1724275375,0,1,-43.93429565,-168.86409,506240.6563,26,10,-4,2024/8/21 21:22
1724275976,1724275975,0,1,-79.34404755,152.094986,513950.2813,27,11,-51.70000076,2024/8/21 21:32
1724276576,1724276575,0,1,-58.92733002,25.79989243,506050,25,11,28,2024/8/21 21:42
1724277176,1724277176,0,1,-21.38555908,13.75266361,490657.875,19,11,26.10000038,2024/8/21 21:52
1724277776,1724277776,0,1,16.68069077,6.098724842,486277.6563,19,11,21.60000038,2024/8/21 22:02
1724278376,1724278376,0,1,54.41617584,-4.642805099,495765.4688,16,11,54.79999924,2024/8/21 22:12
1724278976,1724278976,0,1,81.96857452,-109.4475784,503564.8438,28,12,5,2024/8/21 22:22
1724279576,1724279576,0,1,48.35274887,-170.7552795,499853.7188,25,10,4.5,2024/8/21 22:32
1724280176,1724280176,0,1,10.58151627,179.7257385,494736.6563,23,12,12.69999981,2024/8/21 22:42
1724280777,1724280776,0,1,-27.36407089,171.9724579,500813.0625,29,11,49.5,2024/8/21 22:52
1724281377,1724281376,0,1,-64.61710358,157.4190521,512076.7188,26,13,-43,2024/8/21 23:02
1724281977,1724281976,0,1,-74.63031006,19.08276367,511477.75,27,12,16.70000076,2024/8/21 23:12
1724282577,1724282576,0,1,-38.04327393,-5.827173233,497146.0313,20,10,19.39999962,2024/8/21 23:22
1724283177,1724283177,0,1,-0.089134999,-14.15835667,486132.3438,16,10,19.10000038,2024/8/21 23:32
1724283777,1724283777,0,1,37.9035759,-22.48308754,490687.0938,16,9,50.40000153,2024/8/21 23:42
1724284377,1724284377,0,1,74.53500366,-47.21704483,501379.5313,26,12,34.20000076,2024/8/21 23:52
1724284977,1724284977,0,1,64.61505127,174.2408295,502552.0938,29,13,6.199999809,2024/8/22 0:02
1724285577,1724285577,0,1,27.2798233,159.6761017,495979.9063,25,12,6.699999809,2024/8/22 0:12
1724286177,1724286177,0,1,-10.68340874,151.9231415,496537.9688,27,13,74.59999847,2024/8/22 0:22
1724286778,1724286777,0,1,-48.39858627,142.4040985,507638.5938,27,13,-16.70000076,2024/8/22 0:32
1724287378,1724287377,0,1,-81.94644165,81.4852066,513895.5,30,13,-1.600000024,2024/8/22 0:42
1724287978,1724287977,0,1,-54.57752991,-23.63050842,504366.7188,24,12,19.70000076,2024/8/22 0:52
1724288578,1724288577,0,1,-16.84966469,-34.41559219,489403.1563,18,11,-8.5,2024/8/22 1:02
1724289178,1724289178,0,1,21.22002983,-42.06858444,487008.4688,17,11,-11.60000038,2024/8/22 1:12
1724289778,1724289778,0,1,58.83646393,-54.09408951,497214.4063,17,12,17.10000038,2024/8/22 1:22
1724290378,1724290378,0,1,79.37960052,179.7428284,503686.5625,29,11,3.700000048,2024/8/22 1:32
1724290978,1724290978,0,1,43.88311005,140.5111694,498916.75,24,11,30.39999962,2024/8/22 1:42
1724291578,1724291578,0,1,6.046706676,131.6148376,494650.2813,28,12,66.90000153,2024/8/22 1:52
1724292178,1724292178,0,1,-31.87200928,123.6872635,502161.625,22,11,-23.39999962,2024/8/22 2:02
1724292779,1724292778,0,1,-68.89139557,106.1377335,512778.6563,29,13,-14.80000019,2024/8/22 2:12
1724293379,1724293378,0,1,-70.55664063,-35.0551033,510281.9375,29,14,1.399999976,2024/8/22 2:22
1724293979,1724293978,0,1,-33.60112762,-54.21629333,495348.4688,19,10,13.60000038,2024/8/22 2:32
1724294579,1724294578,0,1,4.460354805,-62.25908661,485995.2813,17,12,-14.10000038,2024/8/22 2:42
1724295179,1724295179,0,1,42.40248489,-70.99927521,492240.5,16,9,-28.39999962,2024/8/22 2:52
1724295779,1724295779,0,1,78.29840088,-105.5781479,502424.875,27,12,-2.900000095,2024/8/22 3:02
1724296379,1724296379,0,1,60.26374054,123.9828873,502133.6875,28,12,-8.5,2024/8/22 3:12
1724296979,1724296979,0,1,22.7660923,111.4511871,495561.4375,19,13,-12.80000019,2024/8/22 3:22
1724297579,1724297579,0,1,-15.20548344,103.7973785,497582.7188,24,12,-31.79999924,2024/8/22 3:32
1724298179,1724298179,0,1,-52.83308792,93.44688416,508886.3438,24,11,8.699999809,2024/8/22 3:42
1724298780,1724298779,0,1,-82.46939087,0.452428341,513456.5,29,12,-11.60000038,2024/8/22 3:53
1724299380,1724299379,0,1,-50.14331818,-72.71530151,502336.6563,21,11,14.60000038,2024/8/22 4:03
1724299980,1724299979,0,1,-12.3761282,-82.54077911,488151.4375,19,12,-0.100000001,2024/8/22 4:13
1724300580,1724300580,0,1,25.75169754,-90.27571869,487829.9375,21,12,-27.39999962,2024/8/22 4:23
1724301180,1724301180,0,1,63.21353912,-104.1046829,498661.3125,21,13,-37.79999924,2024/8/22 4:33
1724301780,1724301780,0,1,75.79457855,119.2278976,503813.0313,26,12,-2.599999905,2024/8/22 4:43
1724302380,1724302380,0,1,39.40393066,91.95256805,498357.0938,22,9,-59.40000153,2024/8/22 4:53
1724302980,1724302980,0,1,1.520153284,83.51850128,495282.75,17,11,-96.69999695,2024/8/22 5:03
1724303580,1724303580,0,1,-36.35717773,75.32891083,503809.5938,18,9,11.69999981,2024/8/22 5:13
1724304180,1724304180,0,1,-73.02545166,53.10997391,513449.7813,21,12,19.60000038,2024/8/22 5:23
1724304781,1724304780,0,1,-66.33664703,-86.91816711,508822.4375,29,11,-14.10000038,2024/8/22 5:33
1724305381,1724305380,0,1,-29.10043335,-102.5279846,493347.9375,20,10,-5,2024/8/22 5:43
1724305981,1724305980,0,1,8.934561729,-110.3490448,485710.9375,24,13,-29.10000038,2024/8/22 5:53
1724306581,1724306581,0,1,46.88040543,-119.6624985,493423.5313,20,12,-19.79999924,2024/8/22 6:03
1724307181,1724307181,0,1,81.31002808,-172.4615936,502989.4375,27,14,3.400000095,2024/8/22 6:13
1724307781,1724307781,0,1,55.86669159,74.37519836,501493.75,23,11,-31.20000076,2024/8/22 6:23
1724308381,1724308381,0,1,18.24723244,63.27465439,495381.9688,24,10,-53.70000076,2024/8/22 6:33
1724308981,1724308981,0,1,-19.72047997,55.64636993,498922,20,10,-12.30000019,2024/8/22 6:43
1724309581,1724309581,0,1,-57.23588181,44.16137314,510295.4375,18,11,38.79999924,2024/8/22 6:53
1724310182,1724310181,0,1,-80.56759644,-75.17321777,512914,28,13,-25.39999962,2024/8/22 7:03
1724310782,1724310781,0,1,-45.69470596,-121.5258484,500245.9375,25,11,-10.89999962,2024/8/22 7:13
1724311382,1724311381,0,1,-7.843211651,-130.6550903,486934.9063,27,14,-9.399999619,2024/8/22 7:23
1724311982,1724311981,0,1,30.27051926,-138.5380249,488571.875,24,10,-30,2024/8/22 7:33
1724312582,1724312582,0,1,67.52359009,-155.0037842,499694.0938,25,13,7.699999809,2024/8/22 7:43
1724313182,1724313182,0,1,71.79074097,64.09921265,503585.75,28,10,-5.800000191,2024/8/22 7:53
1724318583,1724318583,0,1,82.58958435,108.5104599,503482.5625,29,13,5.800000191,2024/8/22 9:23
1724319783,1724319783,0,1,13.71663857,15.12950706,495035.7813,5,0,13.5,2024/8/22 9:43
1724320383,1724320383,0,1,-24.24061584,7.452694893,499984.375,17,11,23.70000076,2024/8/22 9:53
1724320983,1724320983,0,1,-61.61710739,-5.619641781,511201.2188,17,12,13.10000038,2024/8/22 10:03
1724321583,1724321583,0,1,-77.27180481,-139.030365,511894.375,27,11,-47.09999847,2024/8/22 10:13
1724322184,1724322183,0,1,-41.20812607,-170.1492615,498135.3438,22,9,4,2024/8/22 10:23
1724322784,1724322783,0,1,-3.289129972,-178.7611847,486175.875,24,12,21.10000038,2024/8/22 10:33
1724323384,1724323383,0,1,34.79556656,173.1203003,489774.125,18,9,-11.80000019,2024/8/22 10:43
1724323984,1724323984,0,1,71.73820496,152.5897064,500888.1563,26,10,1,2024/8/22 10:53
1724324584,1724324584,0,1,67.5807724,11.68564796,503201.4375,18,12,40.20000076,2024/8/22 11:03
1724325184,1724325184,0,1,30.39875603,-4.816888332,496711.1875,19,10,47.20000076,2024/8/22 11:13
1724325784,1724325784,0,1,-7.549610138,-12.68161011,496139.0625,16,13,15.10000038,2024/8/22 11:23
1724326384,1724326384,0,1,-45.31641006,-21.75166893,506434.5625,18,13,19.39999962,2024/8/22 11:33
1724326984,1724326984,0,1,-80.2990799,-66.24101257,513547.4375,26,14,-21.29999924,2024/8/22 11:43
1724327584,1724327584,0,1,-57.62136078,172.6442108,505169.5313,27,10,-41.40000153,2024/8/22 11:53
1724328185,1724328184,0,1,-20.03538895,161.0252991,489903.125,24,12,57.79999924,2024/8/22 12:03
1724328785,1724328784,0,1,18.03543472,153.3790741,486329.0938,21,10,34.90000153,2024/8/22 12:13
1724329385,1724329384,0,1,55.80002594,142.2670288,496333.2188,21,10,15.10000038,2024/8/22 12:23
1724329985,1724329984,0,1,81.32891846,29.34294891,503813.1875,27,12,25.20000076,2024/8/22 12:33
1724330585,1724330585,0,1,46.96349335,-23.68874741,499705.0625,23,11,64.90000153,2024/8/22 12:43
1724331185,1724331185,0,1,9.171798706,-32.99383545,494721.0938,21,12,-2.700000048,2024/8/22 12:53
1724331785,1724331785,0,1,-28.76730156,-40.79250336,501035.4375,19,13,-9.699999809,2024/8/22 13:03
1724332385,1724332385,0,1,-65.95937347,-56.15143585,511881.9375,25,12,16.29999924,2024/8/22 13:13
1724332985,1724332985,0,1,-73.38121033,164.140274,510750.2188,27,12,-48.40000153,2024/8/22 13:23
1724333585,1724333585,0,1,-36.69493866,141.3656616,496297.6875,23,10,0.699999988,2024/8/22 13:33
1724334186,1724334185,0,1,1.276026726,133.1370697,485897.4688,23,12,74.30000305,2024/8/22 13:43
1724334786,1724334785,0,1,39.25487518,124.7019119,491237.0625,22,11,16.60000038,2024/8/22 13:53
1724335386,1724335385,0,1,75.70912933,97.60060883,501920.2813,27,12,-8.100000381,2024/8/22 14:03
1724335986,1724335985,0,1,63.25930786,-39.24210358,502562.25,25,13,50.79999924,2024/8/22 14:13
1724336586,1724336586,0,1,25.86870003,-53.08514786,495889.5938,21,11,-34,2024/8/22 14:23
1724337186,1724337186,0,1,-12.09875679,-60.7977829,496716.5625,24,14,14.69999981,2024/8/22 14:33
1724337786,1724337786,0,1,-49.79101181,-70.55007935,507709.125,22,13,12.5,2024/8/22 14:43
1724338386,1724338386,0,1,-82.38961029,-140.9381561,513446.3438,30,12,-43.79999924,2024/8/22 14:53
1724338986,1724338986,0,1,-53.1841774,123.3045425,503482.2188,26,12,-23.29999924,2024/8/22 15:03
1724339587,1724339586,0,1,-15.48299503,112.8637085,488911.3438,22,10,-8.800000191,2024/8/22 15:13
1724340187,1724340186,0,1,22.58606529,105.1988449,487354.4063,16,11,-29.70000076,2024/8/22 15:23
1724340787,1724340786,0,1,60.15844727,92.69917297,497926.9063,23,11,-31.29999924,2024/8/22 15:33
1724341387,1724341386,0,1,78.32381439,-37.71522903,503968.3125,27,12,35.29999924,2024/8/22 15:43
1724341987,1724341987,0,1,42.48020172,-72.36626434,498881.75,20,11,-28.60000038,2024/8/22 15:53
1724342587,1724342587,0,1,4.627940178,-81.10085297,494746.4688,21,12,12.60000038,2024/8/22 16:03
1724343187,1724343187,0,1,-33.2808609,-89.09959412,502382.4375,17,10,-1.399999976,2024/8/22 16:13
1724343787,1724343787,0,1,-70.20970154,-107.8852921,512643.375,24,12,-32.5,2024/8/22 16:23
1724344387,1724344387,0,1,-69.23903656,110.8532257,509509.4063,29,12,-18.79999924,2024/8/22 16:33
1724344987,1724344987,0,1,-32.18004608,92.98782349,494563.0938,22,10,-26,2024/8/22 16:43
1724345588,1724345587,0,1,5.831216812,85.03425598,486004.9688,24,12,-90.19999695,2024/8/22 16:53
1724346188,1724346187,0,1,43.75486755,76.14445496,492876.1563,19,12,-45.59999847,2024/8/22 17:03
1724346788,1724346787,0,1,79.31628418,37.23251724,502914.3438,23,12,18.20000076,2024/8/22 17:13
1724347388,1724347387,0,1,58.88720703,-89.26817322,502166.3438,27,11,-48.09999847,2024/8/22 17:23
1724347988,1724347988,0,1,21.34850693,-101.2952652,495426.7813,18,8,-11.80000019,2024/8/22 17:33
1724348588,1724348588,0,1,-16.62481499,-108.9327316,497672.0313,20,12,-2.799999952,2024/8/22 17:43
1724349188,1724349188,0,1,-54.2240181,-119.6023331,508897.8125,21,12,-12.10000038,2024/8/22 17:53
1724349788,1724349788,0,1,-82.09239197,137.6839905,512886.1563,25,12,-43.5,2024/8/22 18:03
1724350388,1724350388,0,1,-48.73543549,74.31231689,501399.6875,26,10,32.59999847,2024/8/22 18:13
1724350988,1724350988,0,1,-10.93848991,64.73095703,487775.2188,24,14,-46.5,2024/8/22 18:23
1724351589,1724351588,0,1,27.12111282,56.97257996,488248.1563,19,12,-27.5,2024/8/22 18:33
1724352789,1724352788,0,1,74.61698151,-96.00151825,503960.2188,26,12,-9.5,2024/8/22 18:53
1724353389,1724353388,0,1,37.98897552,-120.8831635,498037.6875,20,10,-30.39999962,2024/8/22 19:03
1724353989,1724353989,0,1,0.090525001,-129.2001801,495016.375,18,10,-14.39999962,2024/8/22 19:13
1724354589,1724354589,0,1,-37.77666092,-137.4963379,503752.3125,18,12,-11.10000038,2024/8/22 19:23
1724355189,1724355189,0,1,-74.29919434,-161.7683258,513085.375,24,12,-64.59999847,2024/8/22 19:33
1724355789,1724355789,0,1,-64.96644592,59.45597076,507906.9688,28,11,28.20000076,2024/8/22 19:43
1724356389,1724356389,0,1,-27.65810585,44.69586945,492670.4063,21,11,10.39999962,2024/8/22 19:53
1724356989,1724356989,0,1,10.38458157,36.92235565,485871.2188,23,13,-5.300000191,2024/8/22 20:03
1724358190,1724358189,0,1,81.93972015,-33.40564346,503299.125,23,11,32.09999847,2024/8/22 20:23
1724358790,1724358789,0,1,54.52282333,-138.6963959,501159.6875,23,10,-2.099999905,2024/8/22 20:33
1724359390,1724359389,0,1,16.80691719,-149.4641724,494866.9688,23,11,-5.900000095,2024/8/22 20:43
1724359990,1724359990,0,1,-21.16337585,-157.1019897,498690.5313,19,12,6,2024/8/22 20:53
1724360590,1724360590,0,1,-58.6436348,-169.0407867,510115.75,28,12,-40.29999924,2024/8/22 21:03
1724361190,1724361190,0,1,-79.60633087,65.9520874,512244.2813,28,13,4.599999905,2024/8/22 21:13
1724361790,1724361790,0,1,-44.25269318,25.5652256,499492.6875,20,10,33.59999847,2024/8/22 21:23
1724362390,1724362390,0,1,-6.379473209,16.61824417,486856.1875,19,12,3.799999952,2024/8/22 21:33
1724362990,1724362990,0,1,31.65982819,8.684253693,489166.0625,19,11,28.89999962,2024/8/22 21:43
1724363591,1724363590,0,1,68.8277359,-8.839431763,500189.3438,20,10,55.29999924,2024/8/22 21:53
1724364191,1724364190,0,1,70.51657867,-150.1414642,503390.0938,29,12,-2.599999905,2024/8/22 22:03
1724364791,1724364790,0,1,33.52867508,-169.2697601,496928.9063,22,11,-12.10000038,2024/8/22 22:13
1724365391,1724365390,0,1,-4.469779968,-177.3012543,495268.7188,21,13,20.20000076,2024/8/22 22:23
1724365991,1724365991,0,1,-42.28451538,173.9869843,505104.5938,27,13,10.10000038,2024/8/22 22:33
1724366591,1724366591,0,1,-78.09871674,140.1643372,513358.625,25,12,-51.40000153,2024/8/22 22:43
1724367191,1724367191,0,1,-60.59483337,9.128216743,506344.5313,26,11,19.70000076,2024/8/22 22:53
1724367791,1724367791,0,1,-23.10734177,-3.535569906,491127.4063,19,10,15.5,2024/8/22 23:03
1724368391,1724368391,0,1,14.95371342,-11.20856953,486200.4063,23,11,29.29999924,2024/8/22 23:13
1724368991,1724368991,0,1,52.72478867,-21.5586071,495424.3438,23,10,60.09999847,2024/8/22 23:23
1724369592,1724369591,0,1,82.46253967,-114.7529984,503564.5313,27,13,5.300000191,2024/8/22 23:33
1724370192,1724370191,0,1,50.05315399,172.217926,500066.1563,23,12,1.5,2024/8/22 23:43
1724370792,1724370791,0,1,12.30846786,162.4087677,494393.2813,24,14,28.79999924,2024/8/22 23:53
1724371392,1724371392,0,1,-25.71283913,154.6864166,499788.4688,29,12,40.40000153,2024/8/23 0:03
1724371992,1724371992,0,1,-63.03951645,140.9593658,511161.5,27,14,-40.90000153,2024/8/23 0:13
1724372592,1724372592,0,1,-76.04335022,4.844698429,511424.6875,28,14,6.599999905,2024/8/23 0:23
1724373192,1724373192,0,1,-39.73676682,-23.01234818,497661.9375,19,8,17.10000038,2024/8/23 0:33
1724373792,1724373792,0,1,-1.802331686,-31.48610687,486345.9375,23,11,-4.800000191,2024/8/23 0:43
1724374392,1724374392,0,1,36.20365143,-39.6844902,490414.4063,19,11,29.20000076,2024/8/23 0:53
1724374993,1724374992,0,1,73.01665497,-61.92776489,501230.375,27,12,23.60000038,2024/8/23 1:03
1724375593,1724375592,0,1,66.24604034,157.9684448,502815.6875,27,11,7.5,2024/8/23 1:13
1724376193,1724376192,0,1,28.98772812,142.4105988,496013.3438,22,11,30.20000076,2024/8/23 1:23
1724376793,1724376792,0,1,-8.97284317,134.6014404,495771.1563,20,14,63.29999924,2024/8/23 1:33
1724377393,1724377392,0,1,-46.78507614,125.3169708,506503.375,30,14,-25.29999924,2024/8/23 1:43
1724377993,1724377993,0,1,-81.18483734,73.77088165,513358.8125,29,12,4.800000191,2024/8/23 1:53
1724378593,1724378593,0,1,-56.16777039,-40.53572845,504670.125,27,12,18.10000038,2024/8/23 2:03
1724379193,1724379193,0,1,-18.54318237,-51.72451401,489842.5938,21,11,-7.300000191,2024/8/23 2:13
1724379793,1724379793,0,1,19.5247345,-59.36857986,486978.1875,20,11,-46.90000153,2024/8/23 2:23
1724380393,1724380393,0,1,57.18532562,-70.86200714,497069.7188,21,11,-28.89999962,2024/8/23 2:33
1724380994,1724380993,0,1,80.51989746,169.4318085,503925.5,30,13,2.099999905,2024/8/23 2:43
1724381594,1724381593,0,1,45.56530762,123.3972855,499296.5,23,10,6.199999809,2024/8/23 2:53
1724382194,1724382193,0,1,7.750386715,114.2892532,494354.2188,20,12,34.70000076,2024/8/23 3:03
1724382794,1724382793,0,1,-30.24731255,106.422493,501113.0938,24,12,-39.5,2024/8/23 3:13
1724383394,1724383394,0,1,-67.3677597,90.09809875,511830.625,24,12,9.800000191,2024/8/23 3:23
1724383994,1724383994,0,1,-72.03895569,-50.57904053,510167.5313,26,13,-1,2024/8/23 3:33
1724384594,1724384594,0,1,-35.20960236,-71.4629364,495678.2188,22,11,22.10000038,2024/8/23 3:43
1724385194,1724385194,0,1,2.77537322,-79.58870697,485996.0938,21,12,11,2024/8/23 3:53
1724385794,1724385794,0,1,40.73630142,-88.15705109,491886.3438,18,10,-32.79999924,2024/8/23 4:03
1724386394,1724386394,0,1,76.95780182,-118.3748016,502313.2188,29,13,-5.699999809,2024/8/23 4:13
1724386995,1724386994,0,1,61.88976669,107.3609543,502459.5938,31,11,-29.20000076,2024/8/23 4:23
1724387595,1724387594,0,1,24.44727707,94.16179657,495658.75,21,10,-50.40000153,2024/8/23 4:33
1724388195,1724388194,0,1,-13.52407455,86.48127747,496932.375,24,11,-64.40000153,2024/8/23 4:43
1724388795,1724388794,0,1,-51.252388,76.44591522,507976.75,22,11,32.59999847,2024/8/23 4:53
1724389395,1724389395,0,1,-82.58789825,-4.761364937,513160.5625,26,13,-11.19999981,2024/8/23 5:03
1724389995,1724389995,0,1,-51.72117996,-89.74713135,502693.7188,23,12,-4.900000095,2024/8/23 5:13
1724390595,1724390595,0,1,-13.98493004,-99.87408447,488384.3438,22,12,-7.699999809,2024/8/23 5:23
1724391195,1724391195,0,1,24.08339882,-107.5607224,487513.7188,21,12,-29.10000038,2024/8/23 5:33
1724391795,1724391795,0,1,61.60639191,-120.645401,498271.6563,22,13,-14.69999981,2024/8/23 5:43
1724392395,1724392395,0,1,77.18708801,105.6340408,503907.875,29,12,-3.700000048,2024/8/23 5:53
1724392996,1724392995,0,1,41.06012726,74.77340698,498548.8125,22,8,-34.79999924,2024/8/23 6:03
1724393596,1724393595,0,1,3.191536665,66.18585205,494855.3438,23,12,-79.69999695,2024/8/23 6:13
1724394196,1724394195,0,1,-34.70517349,58.10428619,502779.5938,19,11,24.29999924,2024/8/23 6:23
1724394796,1724394795,0,1,-71.58340454,37.78206253,512709.7813,28,12,24.70000076,2024/8/23 6:33
1724395396,1724395396,0,1,-67.83706665,-103.1186752,508885.3125,25,12,-27.60000038,2024/8/23 6:43
1724395996,1724395996,0,1,-30.68380165,-119.808075,493707,22,11,-10.60000038,2024/8/23 6:53
1724396596,1724396596,0,1,7.341601849,-127.6925049,485653.5313,21,13,-27.60000038,2024/8/23 7:03
1724397196,1724397196,0,1,45.24739456,-136.7685547,493040.4688,18,11,-26.10000038,2024/8/23 7:13
1724397796,1724397796,0,1,80.34436798,178.4279785,502919.125,30,13,3.799999952,2024/8/23 7:23
1724398396,1724398396,0,1,57.47953796,57.53500748,501757.0625,25,11,-4.800000191,2024/8/23 7:33
1724398997,1724398996,0,1,19.90078163,45.96520996,495244.5313,15,13,-15,2024/8/23 7:43
1724399597,1724399596,0,1,-18.07195282,38.33496857,498013.75,19,11,-11.89999962,2024/8/23 7:53
1724400197,1724400196,0,1,-55.63572693,27.3035202,509247.625,26,12,32.09999847,2024/8/23 8:03
1724400797,1724400797,0,1,-81.44752502,-84.38243866,512585.8438,27,12,-27.60000038,2024/8/23 8:13
1724401397,1724401397,0,1,-47.24454498,-138.6508789,500585.6875,21,11,-16.89999962,2024/8/23 8:23
1724401997,1724401997,0,1,-9.418049812,-148.0005798,487150.375,18,12,3,2024/8/23 8:33
1724402597,1724402597,0,1,28.63860703,-155.8090363,488300.4688,20,11,-9.899999619,2024/8/23 8:43
1724403197,1724403197,0,1,65.9737854,-171.1989136,499439.125,20,12,3.900000095,2024/8/23 8:53
1724403797,1724403797,0,1,73.26977539,48.90052795,503721.0938,21,12,3.799999952,2024/8/23 9:03
1724405598,1724405598,0,1,-39.28607178,9.650859833,504164.375,5,0,23.79999924,2024/8/23 9:33
1724406198,1724406197,0,1,-75.61810303,-17.22140694,512994.7813,23,11,0,2024/8/23 9:43
1724406798,1724406798,0,1,-63.50804901,-154.1135101,507211.125,27,12,-42.5,2024/8/23 9:53
1724407398,1724407398,0,1,-26.13118553,-168.0823517,491864.9688,22,9,19.60000038,2024/8/23 10:03
1724407998,1724407998,0,1,11.92126465,-175.8142395,485757.9375,25,11,10.89999962,2024/8/23 10:13
1724408598,1724408598,0,1,49.75275803,174.420166,494483.1875,22,10,0.699999988,2024/8/23 10:23
1724409198,1724409198,0,1,82.4088974,103.3326263,503486.75,26,12,5.099999905,2024/8/23 10:33
1724409798,1724409798,0,1,53.02333832,8.207695007,500895.375,20,12,41,2024/8/23 10:43
1724410399,1724410398,0,1,15.3387804,-2.196183443,494751.0625,24,14,27.29999924,2024/8/23 10:53
1724410999,1724410998,0,1,-22.62819862,-9.849131584,498970.75,20,12,12.5,2024/8/23 11:03
1724411599,1724411598,0,1,-60.06497574,-22.29644585,510184.5938,22,12,19.5,2024/8/23 11:13
1724412199,1724412198,0,1,-78.48344421,-152.0713043,511690.125,30,13,-54,2024/8/23 11:23
1724412799,1724412799,0,1,-42.73045349,172.6564026,498530.625,28,10,13,2024/8/23 11:33
1724413399,1724413399,0,1,-4.831828117,163.8852234,486378.5625,23,12,49.70000076,2024/8/23 11:43
1724413999,1724413999,0,1,33.19894028,155.8724365,489528.125,24,9,5.5,2024/8/23 11:53
1724414599,1724414599,0,1,70.26309204,136.9966431,500703.9063,26,13,-2.299999952,2024/8/23 12:03
1724415199,1724415199,0,1,69.0868454,-4.341430187,503355.4688,25,13,50.79999924,2024/8/23 12:13
1724415799,1724415799,0,1,31.9972496,-22.08254814,496707.5625,18,10,34.09999847,2024/8/23 12:23
1724416400,1724416399,0,1,-5.946780205,-30.0208931,495397.0938,25,14,-6.800000191,2024/8/23 12:33
1724417000,1724416999,0,1,-43.74292374,-38.89604187,505337.7188,24,12,-5.900000095,2024/8/23 12:43
1724417600,1724417599,0,1,-79.21163177,-77.29616547,513027.8125,29,12,-23.29999924,2024/8/23 12:53
1724418200,1724418199,0,1,-59.09899521,155.8039551,505480.6875,29,12,-29.39999962,2024/8/23 13:03
1724418800,1724418800,0,1,-21.55805206,143.6971436,490403.8125,24,12,44.20000076,2024/8/23 13:13
1724419400,1724419400,0,1,16.50828743,136.0423431,486321.375,25,11,48.40000153,2024/8/23 13:23
1724420000,1724420000,0,1,54.24477005,125.3444977,496049.1875,23,10,2,2024/8/23 13:33
1724420600,1724420600,0,1,82.03727722,21.66216278,503788.9688,27,11,26.20000076,2024/8/23 13:43
1724421200,1724421200,0,1,48.53182983,-40.78524017,499844.6563,15,9,41.40000153,2024/8/23 13:53
1724421800,1724421800,0,1,10.76166344,-50.33141327,494362.4063,18,13,-43.09999847,2024/8/23 14:03
1724422401,1724422400,0,1,-27.1907692,-58.07854843,500036.9375,21,12,17,2024/8/23 14:13
1724423001,1724423000,0,1,-64.4598465,-72.54148865,511130.1875,22,14,3.5,2024/8/23 14:23
1724423601,1724423600,0,1,-74.76865387,149.2842255,510843.0625,29,13,-57.29999924,2024/8/23 14:33
1724424201,1724424200,0,1,-38.19458008,124.1208038,496876.8438,24,11,-33.09999847,2024/8/23 14:43
1724424801,1724424801,0,1,-0.240786672,115.7794418,486152.0625,27,11,54.09999847,2024/8/23 14:53
1724425401,1724425401,0,1,37.75048828,107.4695816,491061.3438,20,9,-36.90000153,2024/8/23 15:03
1724426001,1724426001,0,1,74.39657593,82.99919128,501813.5,28,12,-8.300000191,2024/8/23 15:13
1724426601,1724426601,0,1,64.77287292,-55.73152161,502826.3125,26,11,23,2024/8/23 15:23
1724427201,1724427201,0,1,27.44557762,-70.37926483,495940.4688,18,10,-52,2024/8/23 15:33
1724427801,1724427801,0,1,-10.52031708,-78.13471985,496023.9063,17,11,15.80000019,2024/8/23 15:43
1724428402,1724428401,0,1,-48.24591827,-87.62611389,506729.2188,16,10,-0.600000024,2024/8/23 15:53
1724429002,1724429001,0,1,-81.89239502,-147.6266479,513067.9688,24,11,-46.20000076,2024/8/23 16:03
1724429602,1724429601,0,1,-54.71460342,106.3348007,503834.625,29,13,-7.599999905,2024/8/23 16:13
1724430202,1724430201,0,1,-16.9859333,95.51970673,489307.125,25,12,-50.70000076,2024/8/23 16:23
1724430802,1724430802,0,1,21.08276176,87.8708725,487285.3125,23,11,-59.79999924,2024/8/23 16:33
1724431402,1724431402,0,1,58.69878769,75.89821625,497708.3438,28,13,-29.29999924,2024/8/23 16:43
1724432002,1724432002,0,1,79.4874649,-49.7815361,504110.125,26,12,29,2024/8/23 16:53
1724432602,1724432602,0,1,44.03429031,-89.53456879,499123.8125,22,9,-36.5,2024/8/23 17:03
1724433202,1724433202,0,1,6.19925499,-98.44615173,494392.2188,19,10,-10.10000038,2024/8/23 17:13
1724433802,1724433802,0,1,-31.72582817,-106.3650589,501388.9375,17,10,-7.699999809,2024/8/23 17:23
1724434403,1724434402,0,1,-68.76287842,-123.7983932,511875.4063,24,11,-38.09999847,2024/8/23 17:33
1724435003,1724435002,0,1,-70.67772675,95.00668335,509517.9688,28,13,-1,2024/8/23 17:43
1724435603,1724435602,0,1,-33.66176605,75.70635986,494913.375,22,11,6.699999809,2024/8/23 17:53
1724436203,1724436202,0,1,4.337981701,67.67450714,486012.2813,20,13,-86,2024/8/23 18:03
1724437403,1724437403,0,1,78.20006561,24.74765587,502731.5625,17,13,25.70000076,2024/8/23 18:23
1724438003,1724438003,0,1,60.39200974,-106.0317154,502315.3125,27,12,-35.40000153,2024/8/23 18:33
1724438603,1724438603,0,1,22.89847374,-118.6108322,495348.8125,19,11,-46.70000076,2024/8/23 18:43
1724439203,1724439203,0,1,-15.07723808,-126.2665863,496896.6563,17,11,-8.899999619,2024/8/23 18:53
1724439804,1724439803,0,1,-52.715271,-136.592453,507997.375,21,12,-20,2024/8/23 19:03
1724440404,1724440403,0,1,-82.48884583,131.2089081,512654.6563,28,14,-39.90000153,2024/8/23 19:13
1724441004,1724441003,0,1,-50.24652481,57.23419952,501812.375,22,11,40.79999924,2024/8/23 19:23
1724441604,1724441603,0,1,-12.478405,47.38943863,488038.9375,20,13,-24.60000038,2024/8/23 19:33
1724442204,1724442204,0,1,25.64852333,39.65647507,487958.7813,11,12,11,2024/8/23 19:43
1724444604,1724444604,0,1,1.624643326,-146.5516663,494445.375,21,12,8.300000191,2024/8/23 20:23
1724445204,1724445204,0,1,-36.26262665,-154.7378387,502748.2188,21,10,-1.200000048,2024/8/23 20:33
1724445805,1724445804,0,1,-72.94865417,-176.8545074,512489.4375,28,13,-63,2024/8/23 20:43
1724446405,1724446404,0,1,-66.40774536,43.06393814,508126.5313,27,12,26.79999924,2024/8/23 20:53
1724447005,1724447004,0,1,-29.17186356,27.40115738,493130.5938,19,11,32.20000076,2024/8/23 21:03
1724447605,1724447604,0,1,8.92489624,19.56289482,485879.3438,18,12,-0.200000003,2024/8/23 21:13
1724448205,1724448205,0,1,46.8039856,10.27047634,493680.0625,11,11,49.70000076,2024/8/23 21:23
1724448805,1724448805,0,1,81.26444244,-42.10404587,503144.875,21,13,30.79999924,2024/8/23 21:33
1724449405,1724449405,0,1,55.94568634,-155.6700745,501224.2813,24,10,12.69999981,2024/8/23 21:43
1724450005,1724450005,0,1,18.32400322,-166.7971039,494572.6875,22,10,8.800000191,2024/8/23 21:53
1724450605,1724450605,0,1,-19.65337563,-174.4288177,497732.1875,22,12,49.5,2024/8/23 22:03
1724451205,1724451205,0,1,-57.18156433,174.0968018,509204.7188,24,12,-40.20000076,2024/8/23 22:13
1724451806,1724451805,0,1,-80.59268188,54.97364426,512082.125,26,12,6.599999905,2024/8/23 22:23
1724452406,1724452405,0,1,-45.73383713,8.404711723,499959.4063,22,11,24.79999924,2024/8/23 22:33
1724453006,1724453005,0,1,-7.884151459,-0.732796669,487139.875,19,12,14.5,2024/8/23 22:43
1724453606,1724453605,0,1,30.22459984,-8.61548996,488959.9375,16,11,49.29999924,2024/8/23 22:53
1724454206,1724454206,0,1,67.4744339,-25.04916573,499953.7813,23,11,59.70000076,2024/8/23 23:03
1724454806,1724454806,0,1,71.83811188,-165.9062195,503448.3438,27,12,0,2024/8/23 23:13
1724455406,1724455406,0,1,34.96066666,173.4494934,496906.5625,24,11,-11,2024/8/23 23:23
1724456006,1724456006,0,1,-2.968321562,165.3444366,494608.6875,24,12,42.79999924,2024/8/23 23:33
1724456606,1724456606,0,1,-40.80705643,156.7818451,504119,30,13,1.100000024,2024/8/23 23:43
1724457206,1724457206,0,1,-76.90709686,126.719223,512854.75,26,13,-41.29999924,2024/8/23 23:53
1724457807,1724457806,0,1,-62.02744675,-7.58904171,506656.7813,26,11,13,2024/8/24 0:03
1724458407,1724458406,0,1,-24.59230804,-20.8546505,491613.5625,18,11,2.900000095,2024/8/24 0:13
1724459007,1724459006,0,1,13.46254635,-28.55236053,486208.2188,24,11,8,2024/8/24 0:23
1724459607,1724459606,0,1,51.32405472,-38.6242981,495128.75,22,11,48.90000153,2024/8/24 0:33
1724460207,1724460207,0,1,82.58895111,-121.3651428,503496.375,28,12,5.599999905,2024/8/24 0:43
1724460807,1724460807,0,1,51.45553589,155.1231842,500166.5938,22,12,23,2024/8/24 0:53
1724461407,1724461407,0,1,13.73402309,145.0486298,494045,23,13,53.90000153,2024/8/24 1:03
1724462007,1724462007,0,1,-24.23448753,137.370224,498850.375,19,13,24.10000038,2024/8/24 1:13
1724462607,1724462607,0,1,-61.62166214,124.2944031,510296.8125,25,13,-31.10000038,2024/8/24 1:23
1724463207,1724463207,0,1,-77.26212311,-9.144709587,511372.5938,29,11,0,2024/8/24 1:33
1724463808,1724463807,0,1,-41.19464111,-40.23514938,498185.5625,21,9,-7.300000191,2024/8/24 1:43
1724464408,1724464407,0,1,-3.279299974,-48.84511185,486655.7188,22,13,-25.20000076,2024/8/24 1:53
1724465008,1724465007,0,1,34.79861069,-56.96253967,490349.0313,20,9,-27.60000038,2024/8/24 2:03
1724465608,1724465607,0,1,71.73591614,-77.48564148,501228.875,23,12,-3.5,2024/8/24 2:13
1724466208,1724466208,0,1,67.58621979,141.6027832,503111.375,29,12,1.700000048,2024/8/24 2:23
1724466808,1724466808,0,1,30.40071487,125.0990829,496097.7188,22,9,22.79999924,2024/8/24 2:33
1724467408,1724467408,0,1,-7.556498528,117.2349701,495120.875,23,14,38.70000076,2024/8/24 2:43
1724468008,1724468008,0,1,-45.33429718,108.1638336,505426.4375,15,12,-20.60000038,2024/8/24 2:53
1724468608,1724468608,0,1,-80.31861877,63.56322479,512774.5313,25,12,6,2024/8/24 3:03
1724469208,1724469208,0,1,-57.59043503,-57.45643997,504840.8125,24,12,20,2024/8/24 3:13
1724469809,1724469808,0,1,-20.00359344,-69.06232452,490106.9063,24,10,41.29999924,2024/8/24 3:23
1724470409,1724470408,0,1,18.06285667,-76.70596313,486813.7813,24,10,-16.89999962,2024/8/24 3:33
1724471009,1724471008,0,1,55.75974274,-87.78974152,496766.5,20,12,-47.09999847,2024/8/24 3:43
1724471609,1724471609,0,1,81.322052,159.1502533,503947.2813,29,12,1.700000048,2024/8/24 3:53
1724472209,1724472209,0,1,46.94638443,106.2214432,499526.1875,23,11,-39.70000076,2024/8/24 4:03
1724472809,1724472809,0,1,9.150177956,96.92118835,494179.4375,16,13,-34.59999847,2024/8/24 4:13
1724473409,1724473409,0,1,-28.79563332,89.12322235,500342.3438,18,10,-28,2024/8/24 4:23
1724474009,1724474009,0,1,-65.99388885,73.74726105,511228.3438,22,11,19.79999924,2024/8/24 4:33
1724474609,1724474609,0,1,-73.34606934,-66.01504517,510245.3438,27,12,0.899999976,2024/8/24 4:43
1724475210,1724475209,0,1,-36.65148926,-88.72601318,496100.5,20,10,-2,2024/8/24 4:53
1724475810,1724475809,0,1,1.320038319,-96.94889832,486033.625,21,13,-11.30000019,2024/8/24 5:03
1724476410,1724476409,0,1,39.29626083,-105.3847809,491477.4688,23,11,-14.5,2024/8/24 5:13
1724477010,1724477009,0,1,75.7432785,-132.5519104,502082.7188,27,13,-6.800000191,2024/8/24 5:23
1724477610,1724477610,0,1,63.22455597,90.64979553,502582.4375,25,11,-26.20000076,2024/8/24 5:33
1724478210,1724478210,0,1,25.83124161,76.82732391,495616.6563,19,9,-54.79999924,2024/8/24 5:43
1724478810,1724478810,0,1,-12.13994026,69.11620331,496278.75,19,12,-50.5,2024/8/24 5:53
1724479410,1724479410,0,1,-49.83694077,59.3565979,507106.625,22,11,38.90000153,2024/8/24 6:03
1724480010,1724480010,0,1,-82.4026947,-11.40163517,512848.9063,26,13,-10.60000038,2024/8/24 6:13
1724480610,1724480610,0,1,-53.12812424,-106.7975616,503011.6563,23,11,-12.10000038,2024/8/24 6:23
1724481211,1724481210,0,1,-15.4221983,-117.2245941,488630.2188,22,13,-4.699999809,2024/8/24 6:33
1724481811,1724481810,0,1,22.64798164,-124.8897934,487275.5625,24,11,-45.59999847,2024/8/24 6:43
1724482411,1724482410,0,1,60.21803665,-137.4119873,497904.375,22,12,10.30000019,2024/8/24 6:53
1724483011,1724483010,0,1,78.27688599,92.01508331,503947.75,27,13,-3.099999905,2024/8/24 7:03
1724483611,1724483611,0,1,42.41971207,57.53937531,498667.7188,16,10,-24.29999924,2024/8/24 7:13
1724484211,1724484211,0,1,4.564384937,48.81031799,494403.9375,17,11,-45.70000076,2024/8/24 7:23
1724484811,1724484811,0,1,-33.34807968,40.80633545,501840,18,12,22.60000038,2024/8/24 7:33
1724485411,1724485411,0,1,-70.27703857,21.94739151,511998.75,26,13,20.10000038,2024/8/24 7:43
1724486011,1724486011,0,1,-69.16448212,-119.3039856,508921.1563,28,12,-35.79999924,2024/8/24 7:53
1724486611,1724486611,0,1,-32.09579849,-137.1057587,494069.9375,22,11,-10.60000038,2024/8/24 8:03
1724487212,1724487211,0,1,5.91933012,-145.0564117,485643.125,21,13,1.700000048,2024/8/24 8:13
1724487812,1724487811,0,1,43.84329224,-153.9585876,492696.25,19,13,-11.80000019,2024/8/24 8:23
1724488412,1724488411,0,1,79.37973022,166.8045197,502775.5,27,12,0.5,2024/8/24 8:33
1724489012,1724489011,0,1,58.79786682,40.61109924,501847.625,13,12,12.80000019,2024/8/24 8:43
1724491412,1724491412,0,1,-82.05106354,-93.12555695,512308.4375,30,13,-28.60000038,2024/8/24 9:23
1724492012,1724492012,0,1,-48.62314606,-155.7975311,500952.75,24,11,-15,2024/8/24 9:33
1724492612,1724492612,0,1,-10.82134533,-165.3633118,487433.7813,27,11,15.39999962,2024/8/24 9:43
1724493213,1724493212,0,1,27.2390213,-173.1269073,488133.1563,22,11,-3,2024/8/24 9:53
1724493813,1724493812,0,1,64.63625336,172.2882843,499222.5625,19,11,7.400000095,2024/8/24 10:03
1724494413,1724494412,0,1,74.51312256,33.70872498,503807.3438,25,12,17.20000076,2024/8/24 10:13
1724495613,1724495613,0,1,-0.032609999,0.703428328,494499.5313,6,12,17,2024/8/24 10:33
1724496213,1724496213,0,1,-37.90397644,-7.604718208,503108.4375,20,12,20.20000076,2024/8/24 10:43
1724496813,1724496813,0,1,-74.41725922,-32.09354401,512336,27,11,-0.200000003,2024/8/24 10:53
1724497413,1724497413,0,1,-64.83081055,-170.7228546,507338.5938,25,11,-50.5,2024/8/24 11:03
1724498013,1724498013,0,1,-27.51210785,174.5924225,492252.4375,23,10,49.20000076,2024/8/24 11:13
1724498613,1724498613,0,1,10.5327816,166.8222198,485775.5625,21,11,25.89999962,2024/8/24 11:23
1724499214,1724499213,0,1,48.38630295,157.2874756,494212.25,20,10,4.699999809,2024/8/24 11:33
1724499814,1724499813,0,1,81.99414825,95.55549622,503411.0625,27,12,5.800000191,2024/8/24 11:43
1724500414,1724500413,0,1,54.38193893,-8.830246925,500974.75,22,12,57.90000153,2024/8/24 11:53
1724501014,1724501013,0,1,16.66089249,-19.56495094,494420.25,22,13,26.29999924,2024/8/24 12:03
1724501614,1724501614,0,1,-21.3142643,-27.20512009,498062.4688,20,12,-6.400000095,2024/8/24 12:13
1724502214,1724502214,0,1,-58.79732132,-39.19733429,509308.9688,24,14,20.20000076,2024/8/24 12:23
1724502814,1724502814,0,1,-79.48966217,-164.7793884,511557.9688,28,12,-53.70000076,2024/8/24 12:33
1724503414,1724503414,0,1,-44.08282852,155.440979,499020.1563,23,9,-7.599999905,2024/8/24 12:43
1724504014,1724504014,0,1,-6.204820156,146.5143738,486680.9063,24,10,70.09999847,2024/8/24 12:53
1724504614,1724504614,0,1,31.83226395,138.5726013,489342.875,24,10,40.70000076,2024/8/24 13:03
1724505215,1724505214,0,1,68.98666382,120.9118881,500475.2813,24,11,-10.5,2024/8/24 13:13
1724505815,1724505814,0,1,70.36219025,-20.41793633,503346.3125,22,11,58.29999924,2024/8/24 13:23
1724506415,1724506414,0,1,33.2983284,-39.39881516,496559.2813,22,12,27.39999962,2024/8/24 13:33
1724507015,1724507014,0,1,-4.642736435,-47.40450668,494700.7188,24,14,-25.39999962,2024/8/24 13:43
1724507615,1724507615,0,1,-42.46240234,-56.13479614,504388.1875,18,13,2,2024/8/24 13:53
1724508215,1724508215,0,1,-78.24525452,-90.48382568,512621.7813,27,12,-19.60000038,2024/8/24 14:03
1724508815,1724508815,0,1,-60.40868378,138.9403839,505862.9063,28,12,-33.70000076,2024/8/24 14:13
1724509415,1724509415,0,1,-22.91208458,126.3518524,490981.6875,27,10,4.300000191,2024/8/24 14:23
1724510015,1724510015,0,1,15.14833355,118.6833115,486422.2188,26,11,32,2024/8/24 14:33
1724510616,1724510615,0,1,52.91192245,108.2959518,495867.2188,20,11,-33.20000076,2024/8/24 14:43
1724511216,1724511215,0,1,82.4296875,13.77070713,503762.8125,28,13,29.70000076,2024/8/24 14:53
1724511816,1724511815,0,1,49.8719635,-57.92510605,499975.9063,24,10,-4.400000095,2024/8/24 15:03
1724512416,1724512415,0,1,12.12170315,-67.69826508,494011,21,13,-29.79999924,2024/8/24 15:13
1724513016,1724513016,0,1,-25.90462685,-75.42320251,499170,14,11,15.39999962,2024/8/24 15:23
1724513616,1724513616,0,1,-63.23199844,-89.23952484,510394.125,17,10,-13,2024/8/24 15:33
1724514216,1724514216,0,1,-75.87065887,134.2947998,510800.4063,27,12,-49.29999924,2024/8/24 15:43
1724514816,1724514816,0,1,-39.52762222,106.8552399,497334.1563,24,10,-31,2024/8/24 15:53
1724515416,1724515416,0,1,-1.5900383,98.40327454,486450.1563,26,11,-20.10000038,2024/8/24 16:03
1724516016,1724516016,0,1,36.41088486,90.19435883,490909.1563,22,11,-43.29999924,2024/8/24 16:13
1724516617,1724516616,0,1,73.19980621,67.69217682,501714.8438,28,13,-5.199999809,2024/8/24 16:23
1724517217,1724517216,0,1,66.05910492,-72.27718353,503029.4063,28,12,-18.79999924,2024/8/24 16:33
1724517817,1724517816,0,1,28.79163742,-87.70566559,495875,18,10,-29.89999962,2024/8/24 16:43
1724518417,1724518416,0,1,-9.236398697,-95.51785278,495351.7813,16,12,-12,2024/8/24 16:53
1724519017,1724519017,0,1,-46.98905182,-104.8166962,505787.4688,16,11,-9.100000381,2024/8/24 17:03
1724519617,1724519617,0,1,-81.30194092,-157.4864044,512637.2188,27,12,-49.70000076,2024/8/24 17:13
1724520217,1724520217,0,1,-55.95312881,89.28470612,504058.1875,26,12,13.69999981,2024/8/24 17:23
1724520817,1724520817,0,1,-18.31888199,78.15917206,489630.25,26,12,-43.09999847,2024/8/24 17:33
1724521417,1724521417,0,1,19.74859428,70.51720428,487177.7813,21,11,-63.40000153,2024/8/24 17:43
1724523818,1724523817,0,1,7.533044815,-115.8213196,493955.8125,19,12,-34,2024/8/24 18:23
1724524418,1724524417,0,1,-30.46905708,-123.6973648,500447.75,19,10,-11,2024/8/24 18:33
1724525018,1724525018,0,1,-67.58455658,-140.1832275,511154.4688,24,12,-47.09999847,2024/8/24 18:43
1724525618,1724525618,0,1,-71.82431793,79.01773834,509497.3125,27,13,15,2024/8/24 18:53
1724526218,1724526218,0,1,-34.970047,58.40636063,495300.4375,23,12,24.20000076,2024/8/24 19:03
1724526818,1724526818,0,1,3.017610073,50.29617691,486082.875,22,14,-50.5,2024/8/24 19:13
1724529219,1724529218,0,1,24.21062088,-135.9581451,495083.875,19,10,-31,2024/8/24 19:53
1724529819,1724529818,0,1,-13.76811314,-143.636322,496072.9688,21,12,-4.199999809,2024/8/24 20:03
1724530419,1724530419,0,1,-51.50064468,-153.724411,507101.6563,22,11,-19.89999962,2024/8/24 20:13
1724531019,1724531019,0,1,-82.59011841,123.1235962,512360.375,30,13,-34.20000076,2024/8/24 20:23
1724531619,1724531619,0,1,-51.45735931,40.08125687,502140.125,23,12,46.59999847,2024/8/24 20:33
1724532219,1724532219,0,1,-13.71452045,30.00460815,488332.25,23,12,-6.699999809,2024/8/24 20:43
1724532819,1724532819,0,1,24.35036087,22.31154251,487813.375,19,11,17,2024/8/24 20:53
1724533419,1724533419,0,1,61.85950851,9.112493515,498542.625,9,10,44.29999924,2024/8/24 21:03
1724534019,1724534019,0,1,76.97206879,-125.1107254,503863.4063,24,12,-3.299999952,2024/8/24 21:13
1724534620,1724534619,0,1,40.79921341,-155.3675385,497969.8125,23,10,-14.5,2024/8/24 21:23
1724535220,1724535219,0,1,2.920753241,-163.9333649,493836.9688,21,12,14.89999962,2024/8/24 21:33
1724535820,1724535819,0,1,-35.04708481,-172.0524902,501738.7813,24,10,19.70000076,2024/8/24 21:43
1724536420,1724536420,0,1,-71.84814453,167.3065033,511827.7188,24,12,-56.20000076,2024/8/24 21:53
1724537020,1724537020,0,1,-67.55403137,26.53663254,508222.5313,28,11,16.60000038,2024/8/24 22:03
1724537620,1724537620,0,1,-30.38242912,10.05696869,493561.0625,19,9,25.89999962,2024/8/24 22:13
1724538220,1724538220,0,1,7.641578197,2.183374882,485978.1563,20,10,26.29999924,2024/8/24 22:23
1724538820,1724538820,0,1,45.53739166,-6.933000088,493467.5625,17,9,46.79999924,2024/8/24 22:33
1724539420,1724539420,0,1,80.5247345,-53.02148438,503025.125,25,12,24.79999924,2024/8/24 22:43
1724540020,1724540020,0,1,57.19578171,-172.6735229,501235.9063,28,12,10.19999981,2024/8/24 22:53
1724540621,1724540620,0,1,19.60287285,175.8388824,494247.5313,20,13,6.5,2024/8/24 23:03
1724541221,1724541220,0,1,-18.38086128,168.2063141,496850.9688,27,12,58.09999847,2024/8/24 23:13
1724541821,1724541820,0,1,-55.94796753,157.0861664,508328.7188,27,13,-25.10000038,2024/8/24 23:23
1724542421,1724542420,0,1,-81.27748871,43.66257477,511902.1563,30,13,1.399999976,2024/8/24 23:33
1724543021,1724543021,0,1,-46.91661072,-8.824386597,500351.4063,20,9,26.79999924,2024/8/24 23:43
1724543621,1724543621,0,1,-9.087450027,-18.12730026,487452.9063,18,11,7.599999905,2024/8/24 23:53
1724544221,1724544221,0,1,28.96170425,-25.94756889,488852.4375,14,8,28.5,2024/8/25 0:03
1724544821,1724544821,0,1,66.27594757,-41.53522873,499731.6875,27,12,47.59999847,2024/8/25 0:13
1724545421,1724545421,0,1,72.98497009,178.3324585,503434.5938,29,12,1.399999976,2024/8/25 0:23
1724546022,1724546021,0,1,36.21843338,156.1460419,496795.3438,25,11,2.799999952,2024/8/25 0:33
1724546622,1724546621,0,1,-1.705451608,147.9577789,493926.0938,25,13,74.30000305,2024/8/25 0:43
1724547222,1724547221,0,1,-39.56497955,139.5101013,503148.4375,29,11,-14.80000019,2024/8/25 0:53
1724547822,1724547821,0,1,-75.8655014,112.0803833,512293.8125,27,13,-27,2024/8/25 1:03
1724548422,1724548422,0,1,-63.16387177,-24.42584991,506834.75,24,11,14.19999981,2024/8/25 1:13
1724549022,1724549022,0,1,-25.77386284,-38.22267151,492061.125,21,10,-10.10000038,2024/8/25 1:23
1724549622,1724549622,0,1,12.27420807,-45.94486237,486371.1563,21,10,-31.60000038,2024/8/25 1:33
1724550222,1724550222,0,1,50.09272766,-55.76948166,495050.3125,16,10,5.099999905,2024/8/25 1:43
1724550822,1724550822,0,1,82.47684479,-129.2918701,503581.1875,29,11,4.5,2024/8/25 1:53
1724551422,1724551422,0,1,52.68800735,138,500367.2188,27,11,18.5,2024/8/25 2:03
1724552023,1724552022,0,1,14.98900032,127.6709976,493771.2188,23,11,47.20000076,2024/8/25 2:13
1724552623,1724552622,0,1,-22.9883461,120.013588,497958.5938,20,12,-4.900000095,2024/8/25 2:23
1724553223,1724553222,0,1,-60.42451096,107.4305115,509363.1563,23,14,-11,2024/8/25 2:33
1724553823,1724553822,0,1,-78.19394684,-23.35777092,511118.125,25,12,-8.399999619,2024/8/25 2:43
1724554423,1724554423,0,1,-42.35408783,-57.51927567,498449,23,11,6.199999809,2024/8/25 2:53
1724555023,1724555023,0,1,-4.453835011,-66.24707031,486813.125,21,11,9.399999619,2024/8/25 3:03
1724555623,1724555623,0,1,33.56793594,-74.27783203,490200.4063,17,10,-48.40000153,2024/8/25 3:13
1724556223,1724556223,0,1,70.60058594,-93.49937439,501101.3125,27,12,-21.60000038,2024/8/25 3:23
1724556823,1724556823,0,1,68.74909973,125.2080231,503248.2188,30,12,-14.69999981,2024/8/25 3:33
1724557423,1724557423,0,1,31.63374329,107.7676392,496151.5,24,10,-35.40000153,2024/8/25 3:43
1724558024,1724558023,0,1,-6.319658279,99.84838104,494651.3438,23,11,-17.20000076,2024/8/25 3:53
1724558624,1724558623,0,1,-44.11931992,90.93044281,504623.3125,17,9,4.699999809,2024/8/25 4:03
1724559224,1724559223,0,1,-79.49133301,51.17197037,512406.4688,24,10,6.599999905,2024/8/25 4:13
1724559824,1724559823,0,1,-58.71900177,-74.47260284,505047.125,26,13,3.900000095,2024/8/25 4:23
1724560424,1724560424,0,1,-21.16500092,-86.44393921,490389.0625,21,13,1.299999952,2024/8/25 4:33
1724561024,1724561024,0,1,16.89945793,-94.09279633,486692.5313,25,12,-6.900000095,2024/8/25 4:43
1724561624,1724561624,0,1,54.62321091,-104.8792572,496491.5,22,12,-27.79999924,2024/8/25 4:53
1724562224,1724562224,0,1,81.89257813,149.047348,503925.625,28,12,2.900000095,2024/8/25 5:03
1724562824,1724562824,0,1,48.15569305,89.01920319,499635.5938,24,11,-42.5,2024/8/25 5:13
1724563424,1724563424,0,1,10.37620163,79.53540039,493929.8438,20,11,-94,2024/8/25 5:23
1724564025,1724564024,0,1,-27.57983208,71.77740479,499536.7813,19,11,-1,2024/8/25 5:33
1724564625,1724564624,0,1,-64.83853149,57.10326767,510558.6563,24,11,29.70000076,2024/8/25 5:43
1724565225,1724565224,0,1,-74.41828156,-81.53704834,510217.7813,28,13,-14.80000019,2024/8/25 5:53
1724565825,1724565825,0,1,-37.79130173,-106.0454788,496395.4375,20,10,-9.399999619,2024/8/25 6:03
1724566425,1724566425,0,1,0.168563336,-114.3535233,486091.6875,21,13,-23.20000076,2024/8/25 6:13
1724567025,1724567025,0,1,38.15538406,-122.694191,491220.9063,19,10,-32.09999847,2024/8/25 6:23
1724567625,1724567625,0,1,74.75201416,-147.817337,501928.5313,26,12,-4.099999905,2024/8/25 6:33
1724568225,1724568225,0,1,64.3862381,73.90366364,502688.6563,29,12,-18.5,2024/8/25 6:43
1724568825,1724568825,0,1,27.04020691,59.47327805,495521.375,18,9,-22.79999924,2024/8/25 6:53
1724569425,1724569425,0,1,-10.93089485,51.72916794,495594.2188,18,11,-30.89999962,2024/8/25 7:03
1724570026,1724570025,0,1,-48.65488434,42.17023849,506181.5,15,10,44.29999924,2024/8/25 7:13
1724570626,1724570625,0,1,-82.05309296,-20.49687004,512392.375,25,11,-12.10000038,2024/8/25 7:23
1724571226,1724571225,0,1,-54.23413467,-123.9358368,503131.2188,25,11,-13.80000019,2024/8/25 7:33
1724571826,1724571825,0,1,-16.55297089,-134.620575,488829.2188,25,13,-10.89999962,2024/8/25 7:43
1724572426,1724572426,0,1,21.51745224,-142.2738647,487144.2188,23,12,-20.20000076,2024/8/25 7:53
1724573026,1724573026,0,1,59.12073135,-154.3944702,497700.75,23,13,14.60000038,2024/8/25 8:03
1724573626,1724573626,0,1,79.17418671,78.50986481,503973.3438,27,13,1.100000024,2024/8/25 8:13
1724575427,1724575426,0,1,-32.16854477,23.47263527,500849.6875,15,11,33.5,2024/8/25 8:43
1724576027,1724576026,0,1,-69.18312073,5.66209507,511226.0625,22,12,13.39999962,2024/8/25 8:53
1724576627,1724576626,0,1,-70.25421906,-135.5933838,508847.9375,29,13,-48.29999924,2024/8/25 9:03
1724577227,1724577226,0,1,-33.20077515,-154.4572296,494348.625,21,10,0.100000001,2024/8/25 9:13
1724577827,1724577827,0,1,4.804959774,-162.4655914,485747.5313,22,12,15.69999981,2024/8/25 9:23
1724578427,1724578427,0,1,42.74082565,-171.2417297,492568.75,24,12,-7.599999905,2024/8/25 9:33
1724579027,1724579027,0,1,78.55628967,153.184494,502759.3438,27,11,2.400000095,2024/8/25 9:43
1724580827,1724580827,0,1,-15.55012035,3.586321592,496332.5625,5,0,13.89999962,2024/8/25 10:13
1724581428,1724581427,0,1,-53.18438339,-6.846086502,507351.5,18,11,26.89999962,2024/8/25 10:23
1724582028,1724582027,0,1,-82.39216614,-102.4922791,511901.5625,29,12,-29.10000038,2024/8/25 10:33
1724582628,1724582627,0,1,-49.76169586,-172.9979401,501177.1875,23,10,-18.60000038,2024/8/25 10:43
1724583228,1724583227,0,1,-11.91774654,177.2295532,487664.4688,24,10,45.5,2024/8/25 10:53
1724583828,1724583828,0,1,26.14414978,169.4960938,488098.4688,25,11,-3.299999952,2024/8/25 11:03
1724584428,1724584428,0,1,63.58449173,155.476593,499125.875,22,11,11.89999962,2024/8/25 11:13
1724585028,1724585028,0,1,75.46669769,18.27360344,503882.4688,25,13,33.09999847,2024/8/25 11:23
1724585628,1724585628,0,1,39.02409744,-8.291781425,497629.7813,20,10,54.5,2024/8/25 11:33
1724586228,1724586228,0,1,1.128015041,-16.69665527,493885,21,14,14.69999981,2024/8/25 11:43
1724586828,1724586828,0,1,-36.76136017,-24.91963387,502074.7188,18,12,13.60000038,2024/8/25 11:53
1724587429,1724587428,0,1,-73.40552521,-47.72225189,511624.4688,26,14,-2.200000048,2024/8/25 12:03
1724588029,1724588028,0,1,-65.91563416,172.5736847,507356.9375,30,12,-53.40000153,2024/8/25 12:13
1724588629,1724588628,0,1,-28.58612633,157.2166748,492615.375,22,8,33.5,2024/8/25 12:23
1724589229,1724589228,0,1,9.45119381,149.4119415,485926.1875,24,11,48.09999847,2024/8/25 12:33
1724589829,1724589829,0,1,47.31910706,140.0439606,494136.875,21,11,23.39999962,2024/8/25 12:43
1724590429,1724590429,0,1,81.52651978,84.83074951,503424.25,26,12,7.099999905,2024/8/25 12:53
1724591029,1724591029,0,1,55.44200897,-25.96168709,501015.2813,25,11,61,2024/8/25 13:03
1724591629,1724591629,0,1,17.80573845,-36.95275497,494064.0938,21,12,-6.300000191,2024/8/25 13:13
1724592229,1724592229,0,1,-20.17736626,-44.58628845,497111.6875,22,14,-5.900000095,2024/8/25 13:23
1724592829,1724592829,0,1,-57.69992447,-56.21949005,508391.625,23,13,19.89999962,2024/8/25 13:33
1724593430,1724593429,0,1,-80.25273132,-177.6339264,511321.625,26,13,-52,2024/8/25 13:43
1724594030,1724594029,0,1,-45.19389343,138.1773682,499407.0313,23,11,-17.39999962,2024/8/25 13:53
1724594630,1724594629,0,1,-7.334430218,129.1126251,487082.75,28,12,46.40000153,2024/8/25 14:03
1724595230,1724595230,0,1,30.76853943,121.2087326,489448.125,24,9,10.5,2024/8/25 14:13
1724595830,1724595830,0,1,67.98374176,104.389801,500507.0938,29,13,-16.29999924,2024/8/25 14:23
1724596430,1724596430,0,1,71.3496933,-36.69010544,503503.1563,26,11,48.09999847,2024/8/25 14:33
1724597030,1724597030,0,1,34.42795563,-56.73692322,496569.9375,22,10,-27.89999962,2024/8/25 14:43
1724597630,1724597630,0,1,-3.509381771,-64.80690002,494058.2188,21,11,1.799999952,2024/8/25 14:53
1724598230,1724598230,0,1,-41.34956741,-73.4208374,503400.6875,15,13,17.60000038,2024/8/25 15:03
1724598830,1724598830,0,1,-77.36231232,-104.7945786,512017.6563,27,13,-33.09999847,2024/8/25 15:13
1724599431,1724599430,0,1,-61.48506927,121.9963226,505922.7813,26,12,-29.10000038,2024/8/25 15:23
1724600031,1724600030,0,1,-24.02552414,108.9720154,491345.6563,22,10,-32.40000153,2024/8/25 15:33
1724600631,1724600630,0,1,14.02970314,101.2877579,486603.125,18,12,-28.89999962,2024/8/25 15:43
1724601231,1724601231,0,1,51.87479782,91.11019135,495902.9688,21,12,-40.5,2024/8/25 15:53
1724601831,1724601831,0,1,82.5760498,4.269664764,503975.5313,26,12,28.29999924,2024/8/25 16:03
1724602431,1724602431,0,1,50.91676331,-75.14347076,500231.1875,24,11,-35.79999924,2024/8/25 16:13
1724603031,1724603031,0,1,13.18412495,-85.10868835,493706.1875,20,12,6.599999905,2024/8/25 16:23
1724603631,1724603631,0,1,-24.78820229,-92.7955246,498271.8438,14,11,0.800000012,2024/8/25 16:33
1724604231,1724604231,0,1,-62.16470337,-106.1059875,509488.7188,23,12,-23,2024/8/25 16:43
1724604831,1724604831,0,1,-76.79686737,119.2944412,510497.4063,27,12,-35.70000076,2024/8/25 16:53
1724605432,1724605431,0,1,-40.62163162,89.5474472,497530.4063,18,10,0.100000001,2024/8/25 17:03
1724606032,1724606031,0,1,-2.697208405,80.99603271,486697.5,23,12,-96.19999695,2024/8/25 17:13
1724606632,1724606631,0,1,35.37314987,72.84537506,490895.2813,21,12,-31.39999962,2024/8/25 17:23
1724608432,1724608432,0,1,29.83754349,-105.0815582,495834.5938,19,9,-24,2024/8/25 17:53
1724609032,1724609032,0,1,-8.126256943,-112.9215088,494639.7813,21,12,-11.39999962,2024/8/25 18:03
1724609632,1724609632,0,1,-45.90294647,-122.0682297,504741.5,17,11,-11,2024/8/25 18:13
1724610232,1724610232,0,1,-80.68410492,-169.2774963,511988.0313,26,12,-51.20000076,2024/8/25 18:23
1724610833,1724610832,0,1,-57.01465607,72.19599152,504043.9375,27,13,33.29999924,2024/8/25 18:33
1724611433,1724611432,0,1,-19.40755844,60.76657486,489820.375,23,13,-12.5,2024/8/25 18:43
1724612033,1724612032,0,1,18.65823746,53.12532043,487141.0938,19,13,-34.09999847,2024/8/25 18:53
1724615033,1724615033,0,1,-29.38845253,-141.061615,499520.8438,18,10,-7.699999809,2024/8/25 19:43
1724615633,1724615633,0,1,-66.56682587,-156.8207092,510369.7813,25,13,-51.70000076,2024/8/25 19:53
1724616233,1724616233,0,1,-72.7950592,62.97041321,509331.4063,28,13,20.39999962,2024/8/25 20:03
1724616834,1724616833,0,1,-36.03529739,41.06669235,495548.8125,20,10,28.60000038,2024/8/25 20:13
1724617434,1724617433,0,1,1.941943288,32.88573456,486166.1563,24,14,-14.30000019,2024/8/25 20:23
1724618034,1724618033,0,1,39.90731812,24.39441681,491994.5313,12,13,40.5,2024/8/25 20:33
1724619234,1724619234,0,1,62.63983917,-139.8090973,502374.4375,24,12,11.69999981,2024/8/25 20:53
1724619834,1724619834,0,1,25.22119522,-153.3532104,494869.6563,19,11,-6.300000191,2024/8/25 21:03
1724620434,1724620434,0,1,-12.76013184,-161.0530853,495279.1875,20,11,12.10000038,2024/8/25 21:13
1724621034,1724621034,0,1,-50.45687485,-170.9293518,506124.8438,24,11,-19.60000038,2024/8/25 21:23
1724621634,1724621634,0,1,-82.51593781,113.7012253,511873.25,27,12,-27.39999962,2024/8/25 21:33
1724622234,1724622234,0,1,-52.4908371,22.89134979,502294.2188,24,11,37.09999847,2024/8/25 21:43
1724622835,1724622834,0,1,-14.77008152,12.60074043,488589.75,24,11,21.70000076,2024/8/25 21:53
1724623435,1724623434,0,1,23.29443741,4.925368309,487803.5938,19,11,34.70000076,2024/8/25 22:03
1724624035,1724624034,0,1,60.83695221,-7.843043327,498474.5,27,11,56.59999847,2024/8/25 22:13
1724624635,1724624634,0,1,77.77675629,-139.9674683,503952.6875,27,12,-5.5,2024/8/25 22:23
1724625235,1724625235,0,1,41.78694534,-172.6927185,497944.7188,22,10,-9.600000381,2024/8/25 22:33
1724625835,1724625835,0,1,3.915941715,178.6420898,493305.125,22,12,18.60000038,2024/8/25 22:43
1724626435,1724626435,0,1,-34.0034256,170.5979004,500781.1563,28,12,34.70000076,2024/8/25 22:53
1724627035,1724627035,0,1,-70.89428711,151.0754395,511117.0313,25,12,-56.5,2024/8/25 23:03
1724627635,1724627635,0,1,-68.52944183,9.945351601,508162.3125,28,11,14.10000038,2024/8/25 23:13
1724628235,1724628235,0,1,-31.41685486,-7.310078144,493873.0313,19,9,15.39999962,2024/8/25 23:23
1724628836,1724628835,0,1,6.598830223,-15.22916317,486128.4688,21,11,20.89999962,2024/8/25 23:33
1724629436,1724629435,0,1,44.50653839,-24.21221542,493391.25,20,11,63.70000076,2024/8/25 23:43
1724630036,1724630035,0,1,79.84333801,-65.92197418,503067.7813,25,11,10.69999981,2024/8/25 23:53
1724630636,1724630635,0,1,58.15194702,170.2146301,501345.75,25,12,6.800000191,2024/8/26 0:03
1724631236,1724631236,0,1,20.58326149,158.4280548,493992.375,22,14,21.60000038,2024/8/26 0:13
1724631836,1724631836,0,1,-17.40550613,150.7913055,496062.2813,25,13,62.09999847,2024/8/26 0:23
1724632436,1724632436,0,1,-55.00281143,139.921402,507452.375,26,14,-23.20000076,2024/8/26 0:33
1724633036,1724633036,0,1,-81.77088165,32.21139145,511547.5,26,13,1.100000024,2024/8/26 0:43
1724633636,1724633636,0,1,-47.9261055,-26.08642006,500569.8438,22,9,13.80000019,2024/8/26 0:53
1724634236,1724634236,0,1,-10.11454487,-35.54104233,487738.3438,20,10,-10.60000038,2024/8/26 1:03
1724634837,1724634836,0,1,27.93629646,-43.32532501,488904.5313,22,10,3.099999905,2024/8/26 1:13
1724635437,1724635436,0,1,65.29602051,-58.29215622,499806.6875,28,11,18.79999924,2024/8/26 1:23
1724636037,1724636036,0,1,73.90757751,162.4214783,503684,27,12,0.899999976,2024/8/26 1:33
1724636637,1724636637,0,1,37.18370438,138.785553,496849.1563,24,11,40.5,2024/8/26 1:43
1724637237,1724637237,0,1,-0.734950006,130.5286713,493406.1563,25,14,75.09999847,2024/8/26 1:53
1724637837,1724637837,0,1,-38.61120605,122.1634903,502205.9063,22,11,-33.90000153,2024/8/26 2:03
1724638437,1724638437,0,1,-75.04808807,96.48483276,511558.8125,25,13,-6.699999809,2024/8/26 2:13
1724639037,1724639037,0,1,-64.13474274,-41.31672668,506752.8438,24,13,15.89999962,2024/8/26 2:23
1724639637,1724639637,0,1,-26.78412247,-55.61109161,492301.875,19,10,9.699999809,2024/8/26 2:33
1724640237,1724640237,0,1,11.2583847,-63.35823822,486494.6563,23,11,-31.70000076,2024/8/26 2:43
1724640838,1724640837,0,1,49.09163666,-73.00676727,495089.25,18,11,-34.40000153,2024/8/26 2:53
1724641438,1724641437,0,1,82.23578644,-139.3869476,503765.875,28,12,3,2024/8/26 3:03
1724642038,1724642037,0,1,53.62778473,120.7904587,500633.5938,27,10,-7.699999809,2024/8/26 3:13
1724642638,1724642638,0,1,15.94818306,110.250885,493651.375,21,12,-5,2024/8/26 3:23
1724643238,1724643238,0,1,-22.03504753,102.6051865,497269.8438,22,11,-40.5,2024/8/26 3:33
1724643838,1724643838,0,1,-59.50695038,90.36676025,508553.7188,23,11,9.199999809,2024/8/26 3:43
1724644438,1724644438,0,1,-78.95713806,-37.60150528,510807.1875,30,12,-15.19999981,2024/8/26 3:53
1724645038,1724645038,0,1,-43.34739685,-74.82794952,498568.5313,19,10,12,2024/8/26 4:03
1724645638,1724645638,0,1,-5.459825039,-83.66493225,486925.0938,20,12,-0.100000001,2024/8/26 4:13
1724646239,1724646238,0,1,32.56754684,-91.63998413,490094.125,17,12,-27.20000076,2024/8/26 4:23
1724646839,1724646838,0,1,69.66910553,-109.9173508,501097.75,26,13,-25.5,2024/8/26 4:33
1724647439,1724647438,0,1,69.69006348,108.6884079,503452.1563,29,12,-10.5,2024/8/26 4:43
1724648039,1724648038,0,1,32.57551193,90.38412476,496205.5,22,10,-37.20000076,2024/8/26 4:53
1724648639,1724648639,0,1,-5.374505043,82.41883087,494259.1563,23,11,-87,2024/8/26 5:03
1724649239,1724649239,0,1,-43.19152451,73.60980988,503856.375,19,10,24.79999924,2024/8/26 5:13
1724649839,1724649839,0,1,-78.81303406,37.02210999,511935.25,25,13,5.599999905,2024/8/26 5:23
1724650439,1724650439,0,1,-59.68284988,-91.53421021,505101.25,25,11,-11.60000038,2024/8/26 5:33
1724651039,1724651039,0,1,-22.15790558,-103.8445129,490576.1563,19,13,-3.099999905,2024/8/26 5:43
1724651639,1724651639,0,1,15.9042263,-111.5017776,486663.6875,19,11,-35.29999924,2024/8/26 5:53
1724652240,1724652239,0,1,53.64886093,-122.0526581,496339.75,20,12,-13.30000019,2024/8/26 6:04
1724652840,1724652839,0,1,82.24412537,138.2600098,504002.6563,25,13,4.099999905,2024/8/26 6:14
1724653440,1724653439,0,1,49.1383934,71.76376343,499787.0938,23,9,-36.79999924,2024/8/26 6:24
1724654040,1724654039,0,1,11.31030464,62.10650253,493641.7813,21,11,-64.40000153,2024/8/26 6:34
1724654640,1724654640,0,1,-26.65428925,54.37494659,498761.3125,15,10,3.5,2024/8/26 6:44
1724655240,1724655240,0,1,-63.95822906,40.18605423,509779.625,22,12,28.60000038,2024/8/26 6:54
1724655840,1724655840,0,1,-75.21560669,-97.37006378,509936.0938,32,11,-23.79999924,2024/8/26 7:04
1724656440,1724656440,0,1,-38.76130295,-123.3909302,496535.75,22,11,-12.39999962,2024/8/26 7:14
1724657040,1724657040,0,1,-0.811535001,-131.7770691,486170.25,20,13,-10.10000038,2024/8/26 7:24
1724657640,1724657640,0,1,37.18263626,-140.0423889,491140.9375,19,11,-33.90000153,2024/8/26 7:34
1724658241,1724658240,0,1,73.88920593,-163.6350861,501949.5313,26,13,0.300000012,2024/8/26 7:44
1724658841,1724658840,0,1,65.32409668,57.05690384,502873.625,24,11,-1.899999976,2024/8/26 7:54
1724662441,1724662441,0,1,-17.51427078,-152.0346222,489035.8125,23,11,3.299999952,2024/8/26 8:54
1724663041,1724663041,0,1,20.55473709,-159.6813812,487180.4375,22,9,6.599999905,2024/8/26 9:04
1724663641,1724663641,0,1,58.18276215,-171.4851837,497703.4063,22,10,9.800000191,2024/8/26 9:14
1724664242,1724664241,0,1,79.85591888,64.73508453,504126.9063,27,14,6.599999905,2024/8/26 9:24
1724665442,1724665442,0,1,6.662796497,13.97962379,493453.2188,5,0,14.19999981,2024/8/26 9:44
1724666042,1724666042,0,1,-31.27622604,6.077916622,499962.8125,15,10,23,2024/8/26 9:54
1724666642,1724666642,0,1,-68.35198975,-11.01902294,510462.1563,21,12,6.5,2024/8/26 10:04
1724667242,1724667242,0,1,-71.06858063,-152.1077881,508666.4688,26,11,-59.70000076,2024/8/26 10:14
1724667842,1724667842,0,1,-34.14226913,-171.8309631,494575.4688,23,9,20.39999962,2024/8/26 10:24
1724668442,1724668442,0,1,3.854648352,-179.8927612,485918.25,23,10,17.29999924,2024/8/26 10:34
1724669042,1724669042,0,1,41.79898834,171.4316254,492580.4063,24,10,-13.19999981,2024/8/26 10:44
1724669642,1724669642,0,1,77.81569672,138.5689087,502856.9688,27,12,2.099999905,2024/8/26 10:54
1724670243,1724670242,0,1,60.8652916,6.603885174,502122.0625,16,12,45.70000076,2024/8/26 11:04
1724670843,1724670842,0,1,23.38382149,-6.166658401,494597.1563,16,12,29.20000076,2024/8/26 11:14
1724671443,1724671442,0,1,-14.60097313,-13.8325119,495531.4688,18,12,9,2024/8/26 11:24
1724672043,1724672042,0,1,-52.32429504,-24.09186554,506405.3438,16,13,18.79999924,2024/8/26 11:34
1724672643,1724672643,0,1,-82.54025269,-113.5049362,511406.875,27,12,-34.90000153,2024/8/26 11:44
1724673243,1724673243,0,1,-50.61476517,169.7207489,501242.4375,26,9,-11.60000038,2024/8/26 11:54
1724673843,1724673843,0,1,-12.85080528,159.8055115,487916.1563,27,11,63.79999924,2024/8/26 12:04
1724674443,1724674443,0,1,25.21101952,152.0946198,488181.7813,30,9,25.5,2024/8/26 12:14
1724675043,1724675043,0,1,62.68405533,138.519104,499184.9375,26,11,6.199999809,2024/8/26 12:24
1724675644,1724675643,0,1,76.26490021,2.75747323,504026.625,26,13,42.20000076,2024/8/26 12:34
1724676244,1724676243,0,1,39.95635986,-25.63825417,497595.3125,21,10,58.20000076,2024/8/26 12:44
1724676844,1724676843,0,1,2.065743446,-34.12554932,493299.75,21,13,-2.599999905,2024/8/26 12:54
1724677444,1724677443,0,1,-35.90195084,-42.30132675,501125.0313,16,13,-7.300000191,2024/8/26 13:04
1724678044,1724678043,0,1,-72.6362381,-63.97837448,510922.0313,23,13,4.599999905,2024/8/26 13:14
1724678644,1724678644,0,1,-66.72489166,155.7014618,507292.0938,27,11,-48.29999924,2024/8/26 13:24
1724679244,1724679244,0,1,-29.50065613,139.8216553,492983.4063,24,9,12.80000019,2024/8/26 13:34
1724679844,1724679844,0,1,8.528924942,131.9843292,486158.8125,21,12,62.29999924,2024/8/26 13:44
1724680444,1724680444,0,1,46.40731049,122.7507248,494212.4375,25,11,4.900000095,2024/8/26 13:54
1724681044,1724681044,0,1,81.04335785,72.50247192,503532.4375,27,13,7.199999809,2024/8/26 14:04
1724681645,1724681644,0,1,56.34801865,-43.13341141,501139.2188,24,13,43.40000153,2024/8/26 14:14
1724682245,1724682244,0,1,18.73187065,-54.37037277,493826.0938,18,12,-41.90000153,2024/8/26 14:24
1724682845,1724682844,0,1,-19.25715256,-62.00114441,496322.375,18,12,23.39999962,2024/8/26 14:34
1724683445,1724683444,0,1,-56.8721962,-73.39549255,507609.5313,20,11,6.199999809,2024/8/26 14:44
1724684045,1724684045,0,1,-80.77906799,168.8252411,511005.1563,29,12,-49.90000153,2024/8/26 14:54
1724684645,1724684645,0,1,-46.02747726,120.8441772,499592.3438,21,11,-26.29999924,2024/8/26 15:04
1724685245,1724685245,0,1,-8.181686401,111.6693573,487354.3438,24,10,24.79999924,2024/8/26 15:14
1724685845,1724685845,0,1,29.85971069,103.8176727,489583.9063,20,11,-43.59999847,2024/8/26 15:24
1724686445,1724686445,0,1,67.12180328,87.65294647,500609.0313,27,12,-17.79999924,2024/8/26 15:34
1724687045,1724687045,0,1,72.18695831,-53.03437805,503770.375,26,12,30,2024/8/26 15:44
1724687646,1724687645,0,1,35.34174728,-74.1113205,496657.0313,21,10,-44,2024/8/26 15:54
1724688246,1724688245,0,1,-2.591463327,-82.23809052,493553.3125,21,12,5.199999809,2024/8/26 16:04
1724688846,1724688845,0,1,-40.51081848,-90.7824173,502553.625,17,8,-1.100000024,2024/8/26 16:14
1724689446,1724689445,0,1,-76.67559052,-120.1967773,511406,24,12,-36.79999924,2024/8/26 16:24
1724690046,1724690046,0,1,-62.29103851,104.9250412,505843.625,28,12,-10.30000019,2024/8/26 16:34
1724690646,1724690646,0,1,-24.86020851,91.54718781,491555.3438,21,10,-40.09999847,2024/8/26 16:44
1724691246,1724691246,0,1,13.19079304,83.8478241,486758.875,23,12,-87.19999695,2024/8/26 16:54
1724691846,1724691846,0,1,50.98688507,73.86038971,495938.0313,11,13,-35.59999847,2024/8/26 17:04
1724692446,1724692446,0,1,82.58194733,-6.258208275,504160.0625,25,14,29.10000038,2024/8/26 17:14
1724693046,1724693046,0,1,51.80922699,-92.39309692,500417.0938,24,10,-35.79999924,2024/8/26 17:24
1724693647,1724693646,0,1,14.09241295,-102.5349426,493457.2188,20,11,-15.30000019,2024/8/26 17:34
1724694247,1724694246,0,1,-23.88754845,-110.2055588,497453.375,20,11,-4,2024/8/26 17:44
1724694847,1724694846,0,1,-61.30235672,-123.1421585,508632.25,25,12,-28.39999962,2024/8/26 17:54
1724695447,1724695446,0,1,-77.46959686,103.8868484,510104.2813,28,13,-20.20000076,2024/8/26 18:04
1724696047,1724696047,0,1,-41.43700409,72.17971039,497570.625,25,10,22.89999962,2024/8/26 18:14
1724696647,1724696647,0,1,-3.522138357,63.54834366,486756.3438,26,13,-66.5,2024/8/26 18:24
1724697247,1724697247,0,1,34.49008179,55.4652977,490786.4375,15,12,-9.699999809,2024/8/26 18:34
1724698447,1724698447,0,1,67.8911972,-105.7415695,503375.5,29,11,-32.59999847,2024/8/26 18:54
1724699047,1724699047,0,1,30.7230835,-122.4770966,495741.7813,21,10,-42.5,2024/8/26 19:04
1724699648,1724699647,0,1,-7.23985815,-130.3554535,494040.4688,19,10,-9.600000381,2024/8/26 19:14
1724700248,1724700247,0,1,-45.03498459,-139.3894653,503926.9688,18,10,-15,2024/8/26 19:24
1724700848,1724700847,0,1,-80.13072968,177.2238159,511517.7188,29,11,-51.90000153,2024/8/26 19:34
1724701448,1724701448,0,1,-57.80023575,55.00344086,504070.8438,27,12,35.20000076,2024/8/26 19:44
1724702048,1724702048,0,1,-20.21502113,43.33116913,489996.0313,20,11,-7.800000191,2024/8/26 19:54
1724702648,1724702648,0,1,17.84886169,35.6869278,487085.875,7,13,3.299999952,2024/8/26 20:04
1724703848,1724703848,0,1,81.46786499,-86.81817627,504170.3125,27,14,14.10000038,2024/8/26 20:24
1724704448,1724704448,0,1,47.23169327,-141.3302155,499183.2813,22,10,-17.70000076,2024/8/26 20:34
1724705048,1724705048,0,1,9.43309021,-150.6746216,493063.2188,23,12,2.900000095,2024/8/26 20:44
1724705649,1724705648,0,1,-28.52774239,-158.4667664,498678.1563,16,10,4,2024/8/26 20:54
1724706249,1724706248,0,1,-65.75370026,-173.6975098,509665.4688,27,11,-53,2024/8/26 21:04
1724706849,1724706848,0,1,-73.55773163,46.73756027,509179.0313,29,13,19.60000038,2024/8/26 21:14
1724707449,1724707449,0,1,-36.81895828,23.67122078,495759.4063,21,10,28.29999924,2024/8/26 21:24
1724708049,1724708049,0,1,1.14956665,15.43422508,486309.2813,24,12,-1,2024/8/26 21:34
1724708649,1724708649,0,1,39.12083817,7.01154995,491952.6875,19,10,43.59999847,2024/8/26 21:44
1724709249,1724709249,0,1,75.5849762,-19.81721878,502408.6875,24,11,41,2024/8/26 21:54
1724709849,1724709849,0,1,63.46265411,-156.8181458,502376.125,29,12,10.69999981,2024/8/26 22:04
1724710449,1724710449,0,1,26.07430649,-170.7663574,494605.7813,20,11,4.5,2024/8/26 22:14
1724711050,1724711049,0,1,-11.90960312,-178.4877167,494542.7188,19,12,40,2024/8/26 22:24
1724711650,1724711649,0,1,-49.6281395,171.7838135,505286.1563,24,12,-8.600000381,2024/8/26 22:34
1724712250,1724712249,0,1,-82.35394287,102.3886337,511455.8438,26,12,-19.29999924,2024/8/26 22:44
1724712850,1724712849,0,1,-53.24725342,5.612306595,502391.2813,23,11,26.79999924,2024/8/26 22:54
1724713450,1724713450,0,1,-15.54357529,-4.845303535,488823.3125,22,9,12.89999962,2024/8/26 23:04
1724714050,1724714050,0,1,22.51984406,-12.51029205,487869.375,20,11,37.90000153,2024/8/26 23:14
1724714650,1724714650,0,1,60.08486938,-24.9847374,498440.5938,22,11,63.29999924,2024/8/26 23:24
1724715250,1724715250,0,1,78.43286896,-154.9588165,503982.125,30,12,-1,2024/8/26 23:34
1724715850,1724715850,0,1,42.6196785,169.9556122,497881.4688,27,11,-8.899999619,2024/8/26 23:44
1724716450,1724716450,0,1,4.75500679,161.2010193,492795.375,25,14,42.40000153,2024/8/26 23:54
1724717051,1724717050,0,1,-33.17651367,153.2022552,499966.125,28,10,18.89999962,2024/8/27 0:04
1724717651,1724717650,0,1,-70.13314056,134.4802399,510476.5,28,13,-40.40000153,2024/8/27 0:14
1724718251,1724718250,0,1,-69.29650879,-6.784930229,508093.4375,27,13,9.100000381,2024/8/27 0:24
1724718851,1724718850,0,1,-32.17179489,-24.72830963,494107.375,20,9,9.199999809,2024/8/27 0:34
1724719451,1724719451,0,1,5.837041855,-32.68377686,486284.1875,24,11,2.700000048,2024/8/27 0:44
1724720051,1724720051,0,1,43.752285,-41.5752182,493407.1563,22,12,33.70000076,2024/8/27 0:54
1724720651,1724720651,0,1,79.30780029,-80.46071625,503106.1563,28,12,10.89999962,2024/8/27 1:04
1724721251,1724721251,0,1,58.95693588,153.0562744,501429.5938,27,11,16.79999924,2024/8/27 1:14
1724721851,1724721851,0,1,21.40981293,141.0001068,493741.1875,22,12,48.09999847,2024/8/27 1:24
1724722451,1724722451,0,1,-16.58342934,133.3573608,495339.9375,23,13,39.40000153,2024/8/27 1:34
1724723052,1724723051,0,1,-54.20633698,122.6858368,506614.25,26,13,-23.10000038,2024/8/27 1:44
1724723652,1724723651,0,1,-82.08890533,19.95862007,511174.9375,28,12,-6.400000095,2024/8/27 1:54
1724724252,1724724251,0,1,-48.7213974,-43.4022522,500717,18,11,0.400000006,2024/8/27 2:04
1724724852,1724724851,0,1,-10.86094856,-52.99634933,487980.9688,21,12,-11,2024/8/27 2:14
1724725452,1724725452,0,1,27.18986511,-60.7571373,489063.625,20,11,-48.09999847,2024/8/27 2:24
1724726052,1724726052,0,1,64.57897949,-75.30726624,499965.5938,24,12,-26.5,2024/8/27 2:34
1724726652,1724726652,0,1,74.57136536,146.1873322,503904.4063,30,13,0.400000006,2024/8/27 2:44
1724727252,1724727252,0,1,37.99642944,121.4042664,496935.75,21,10,8.199999809,2024/8/27 2:54
1724727852,1724727852,0,1,0.082654998,113.0847015,492963.7188,19,12,45.79999924,2024/8/27 3:04
1724728452,1724728452,0,1,-37.80746841,104.7839966,501347.5625,20,11,-32.5,2024/8/27 3:14
1724729053,1724729052,0,1,-74.3479538,80.42411041,510865.8125,25,11,7.900000095,2024/8/27 3:24
1724729653,1724729652,0,1,-64.89749146,-58.31131744,506578.1563,27,12,18.5,2024/8/27 3:34
1724730253,1724730252,0,1,-27.57919502,-73.03059387,492407.9063,21,10,17.5,2024/8/27 3:44
1724730853,1724730852,0,1,10.52293205,-80.81262207,486495.625,22,13,0.600000024,2024/8/27 3:54
1724731453,1724731453,0,1,48.36709213,-90.33969116,495034.1563,20,12,-33.5,2024/8/27 4:04
1724732053,1724732053,0,1,81.98667145,-151.8847656,503812.8438,28,12,3.5,2024/8/27 4:14
1724732653,1724732653,0,1,54.41210556,103.5398407,500761.8438,26,11,-35.90000153,2024/8/27 4:24
1724733253,1724733253,0,1,16.7486496,92.81423187,493519.4063,19,10,-60,2024/8/27 4:34
1724733853,1724733853,0,1,-21.23917389,85.1758194,496691.5,23,11,-41.79999924,2024/8/27 4:44
1724734453,1724734453,0,1,-58.73905945,73.20657349,507939.2813,22,11,29.60000038,2024/8/27 4:54
1724735054,1724735053,0,1,-79.52692413,-52.23456573,510597.3438,29,13,-20.20000076,2024/8/27 5:04
1724735654,1724735653,0,1,-44.12582016,-92.18267822,498698.7188,21,9,-2.5,2024/8/27 5:14
1724736254,1724736253,0,1,-6.248915195,-101.110939,487003.9688,23,12,-13.69999981,2024/8/27 5:24
1724736854,1724736853,0,1,31.84566116,-109.062027,489984.2813,23,12,-26.89999962,2024/8/27 5:34
1724737454,1724737454,0,1,68.99319458,-126.7180557,500993.75,23,14,-8.800000191,2024/8/27 5:44
1724738054,1724738054,0,1,70.36303711,91.93602753,503492.9375,28,13,-13.60000038,2024/8/27 5:54
1724738654,1724738654,0,1,33.36018372,72.97928619,496143.5313,22,8,-47.5,2024/8/27 6:04
1724739254,1724739254,0,1,-4.587890148,64.97154999,493743.125,23,12,-67.5,2024/8/27 6:14
1724739854,1724739854,0,1,-42.4199295,56.24654007,503091.7813,17,11,36.59999847,2024/8/27 6:24
1724740454,1724740454,0,1,-78.22325897,21.98922729,511416.0313,29,12,6.199999809,2024/8/27 6:34
1724741055,1724741054,0,1,-60.4289856,-108.6838226,505055.6875,24,12,-22.39999962,2024/8/27 6:44
1724741655,1724741654,0,1,-22.92764854,-121.2773438,490704.2813,21,10,-7.400000095,2024/8/27 6:54
1724742255,1724742254,0,1,15.13209343,-128.944458,486654.1875,21,14,-37.79999924,2024/8/27 7:04
1724742855,1724742854,0,1,52.95352173,-139.3521271,496255.2813,19,13,-5.599999905,2024/8/27 7:14
1724743455,1724743455,0,1,82.4226532,125.8610382,504049.3438,28,12,4.300000191,2024/8/27 7:24
1724744055,1724744055,0,1,49.8378067,54.42874527,499793.2813,11,10,-15.89999962,2024/8/27 7:34
1724745255,1724745255,0,1,-25.88935661,36.94732666,497978.8125,5,0,9.600000381,2024/8/27 7:54
1724747056,1724747055,0,1,-39.50848389,-140.7780762,496648.4375,22,10,-11.60000038,2024/8/27 8:24
1724747656,1724747655,0,1,-1.567564964,-149.2296906,486269.5,23,12,11.69999981,2024/8/27 8:34
1724748256,1724748255,0,1,36.49410248,-157.4584503,491104.1875,20,12,-15.80000019,2024/8/27 8:44
1724748856,1724748856,0,1,73.27030945,179.9260559,501932.9688,30,13,1.5,2024/8/27 8:54
1724749456,1724749456,0,1,65.98458099,40.03317642,502878.625,16,12,14,2024/8/27 9:04
1724750656,1724750656,0,1,-9.261525154,16.84676743,494232.4375,16,11,11,2024/8/27 9:24
1724751256,1724751256,0,1,-47.02548218,7.53744173,504437.5,15,12,25.79999924,2024/8/27 9:34
1724751856,1724751856,0,1,-81.32507324,-45.41716766,511366.625,26,12,-23.20000076,2024/8/27 9:44
1724752457,1724752456,0,1,-55.89271164,-158.3655548,503216.25,26,12,-28.29999924,2024/8/27 9:54
1724753057,1724753056,0,1,-18.25224495,-169.4793091,489238.0625,23,11,26.89999962,2024/8/27 10:04
1724753657,1724753656,0,1,19.81471252,-177.1237183,487250.8125,23,11,4.199999809,2024/8/27 10:14
1724754257,1724754256,0,1,57.52202988,171.2675171,497704.875,22,11,4.900000095,2024/8/27 10:24
1724754857,1724754857,0,1,80.30551147,50.14416885,504170.8438,24,12,14.10000038,2024/8/27 10:34
1724756057,1724756057,0,1,7.403703213,-3.473623276,492947.8438,21,13,27.29999924,2024/8/27 10:54
1724756657,1724756657,0,1,-30.54574776,-11.34438133,499125.5938,15,12,15.30000019,2024/8/27 11:04
1724757257,1724757257,0,1,-67.66925812,-27.90366745,509750.875,23,12,6,2024/8/27 11:14
1724757857,1724757857,0,1,-71.72859192,-168.7404785,508471.3438,28,12,-65.19999695,2024/8/27 11:24
1724758458,1724758457,0,1,-34.85928726,170.7563782,494746.4063,25,9,31.89999962,2024/8/27 11:34
1724759058,1724759057,0,1,3.130290031,162.6506958,486054.3438,22,12,41.40000153,2024/8/27 11:44
1724759658,1724759657,0,1,41.08042908,154.0472717,492560.7188,20,12,9.699999809,2024/8/27 11:54
1724760258,1724760257,0,1,77.28355408,122.853096,502864.125,25,13,-0.5,2024/8/27 12:04
1724760858,1724760858,0,1,61.5059166,-10.58034992,502088.5,24,12,58.70000076,2024/8/27 12:14
1724761458,1724761458,0,1,24.04413605,-23.61863899,494274.25,21,11,23.39999962,2024/8/27 12:24
1724762058,1724762058,0,1,-13.94484711,-31.29655075,494810.5,19,14,-7.599999905,2024/8/27 12:34
1724762658,1724762658,0,1,-51.62591553,-41.40032196,505613.25,20,12,6,2024/8/27 12:44
1724763258,1724763258,0,1,-82.58730316,-125.610466,511062.5938,29,12,-41,2024/8/27 12:54
1724763858,1724763858,0,1,-51.3074913,152.4006805,501412.5938,22,12,-18.20000076,2024/8/27 13:04
1724764459,1724764458,0,1,-13.55882359,142.3520508,488210.7813,27,11,63.09999847,2024/8/27 13:14
1724765059,1724765058,0,1,24.50188828,134.6561737,488272.9063,26,10,37.40000153,2024/8/27 13:24
1724765659,1724765658,0,1,61.99859238,121.3964386,499159.9063,24,11,-16,2024/8/27 13:34
1724766259,1724766258,0,1,76.80599976,-13.25428867,503980,25,13,38.29999924,2024/8/27 13:44
1724766859,1724766859,0,1,40.59853363,-43.04951477,497427.625,23,10,23.70000076,2024/8/27 13:54
1724767459,1724767459,0,1,2.710258245,-51.59619141,492783.2813,22,13,-30.10000038,2024/8/27 14:04
1724768059,1724768059,0,1,-35.20602417,-59.71369171,500361.9063,19,11,17.20000076,2024/8/27 14:14
1724768659,1724768659,0,1,-72.00720215,-80.55396271,510458.9688,26,13,-12.5,2024/8/27 14:24
1724769259,1724769259,0,1,-67.37960815,138.7377777,507323.75,28,11,-40.5,2024/8/27 14:34
1724769859,1724769859,0,1,-30.19251442,122.3905716,493324.9375,26,11,-21.60000038,2024/8/27 14:44
1724770460,1724770459,0,1,7.830466747,114.5265045,486371.5313,23,12,35.20000076,2024/8/27 14:54
1724771060,1724771059,0,1,45.71639633,105.3896179,494259.3125,21,10,-42,2024/8/27 15:04
1724771660,1724771659,0,1,80.67190552,58.21443176,503560.0313,29,11,12,2024/8/27 15:14
1724772260,1724772260,0,1,56.97071075,-60.41636658,501194.3438,26,11,-3.900000095,2024/8/27 15:24
1724772860,1724772860,0,1,19.36858177,-71.83265686,493558.7813,18,11,-30,2024/8/27 15:34
1724773460,1724773460,0,1,-18.62509727,-79.46370697,495707.7813,19,10,9.100000381,2024/8/27 15:44
1724774060,1724774060,0,1,-56.20028305,-90.65106964,506941.5938,16,10,-8.699999809,2024/8/27 15:54
1724774660,1724774660,0,1,-81.1697998,154.8613586,510738.6563,28,11,-46.79999924,2024/8/27 16:04
1724775260,1724775260,0,1,-46.70282364,103.4777145,499725.125,27,10,-11.80000019,2024/8/27 16:14
1724775861,1724775860,0,1,-8.868479729,94.20907593,487608.125,27,12,-49.09999847,2024/8/27 16:24
1724776461,1724776460,0,1,29.17395401,86.38475037,489604.5625,24,11,-30.10000038,2024/8/27 16:34
1724777061,1724777060,0,1,66.4691391,70.67688751,500620.6563,26,12,-13.39999962,2024/8/27 16:44
1724777661,1724777660,0,1,72.81187439,-69.60057831,503854.3125,26,13,13.10000038,2024/8/27 16:54
1724778261,1724778261,0,1,35.9654274,-91.54364014,496543.75,21,10,-29,2024/8/27 17:04
1724778861,1724778861,0,1,-1.966259956,-99.71204376,493074.7188,17,11,-14.19999981,2024/8/27 17:14
1724779461,1724779461,0,1,-39.8354454,-108.1819992,501795.6875,15,9,-10.10000038,2024/8/27 17:24
1724780061,1724780061,0,1,-76.11079407,-136.1729279,510877.3438,25,12,-42.5,2024/8/27 17:34
1724780661,1724780661,0,1,-62.93751144,87.78388977,505753.3438,27,13,10.19999981,2024/8/27 17:44
1724781261,1724781261,0,1,-25.53102684,74.10273743,491667.625,24,11,-10.30000019,2024/8/27 17:54
1724781862,1724781861,0,1,12.51681805,66.38872528,486753.7813,22,13,-76.59999847,2024/8/27 18:04
1724783062,1724783061,0,1,82.51372528,-18.63808823,504076.4375,23,13,28.60000038,2024/8/27 18:24
1724783662,1724783661,0,1,52.40750885,-109.7371445,500304.25,22,12,-20.39999962,2024/8/27 18:34
1724784262,1724784262,0,1,14.69985867,-120.0055008,493112.125,16,12,-44.70000076,2024/8/27 18:44
1724784862,1724784862,0,1,-23.28635406,-127.6682663,496805.625,15,11,-10.60000038,2024/8/27 18:54
1724785462,1724785462,0,1,-60.72585678,-140.3721619,508047.5,22,12,-32,2024/8/27 19:04
1724786062,1724786062,0,1,-77.99003601,88.21643829,509917.6563,29,11,-2.299999952,2024/8/27 19:14
1724786662,1724786662,0,1,-42.08631134,54.78338242,497719.25,23,10,37.90000153,2024/8/27 19:24
1724787262,1724787262,0,1,-4.180578232,46.08395767,486852.875,25,13,-43.40000153,2024/8/27 19:34
1724787863,1724787862,0,1,33.83522797,38.03874588,490641.6563,14,11,22,2024/8/27 19:44
1724790263,1724790262,0,1,-6.653526783,-147.8333893,493413.4063,20,11,5.5,2024/8/27 20:24
1724790863,1724790863,0,1,-44.46238327,-156.7974243,503220.875,22,9,-7.599999905,2024/8/27 20:34
1724791463,1724791463,0,1,-79.74207306,162.0889893,511142.6563,27,13,-55.70000076,2024/8/27 20:44
1724792063,1724792063,0,1,-58.4181366,37.75034332,504143.8438,25,10,35.09999847,2024/8/27 20:54
1724792663,1724792663,0,1,-20.85184669,25.8760128,490190.8125,20,12,13.80000019,2024/8/27 21:04
1724793263,1724793263,0,1,17.20949745,18.22754669,487111.2813,19,11,10.80000019,2024/8/27 21:14
1724793863,1724793863,0,1,54.91906738,7.363480091,497013.0313,11,11,40.20000076,2024/8/27 21:24
1724794464,1724794463,0,1,81.76412964,-100.4779434,504055.7813,27,12,8.800000191,2024/8/27 21:34
1724795064,1724795063,0,1,47.86063385,-158.6976013,498971.0938,24,11,1.600000024,2024/8/27 21:44
1724795664,1724795663,0,1,10.0677681,-168.13974,492551.75,21,11,12.19999981,2024/8/27 21:54
1724796264,1724796264,0,1,-27.96507835,-175.9273682,497916.9375,25,10,25.10000038,2024/8/27 22:04
1724796864,1724796864,0,1,-65.22218323,169.1639862,509064.375,25,13,-49.90000153,2024/8/27 22:14
1724797464,1724797464,0,1,-74.04885864,30.10769081,509023.125,27,12,17.89999962,2024/8/27 22:24
1724798064,1724798064,0,1,-37.43228149,6.24854517,495962.625,21,9,21.5,2024/8/27 22:34
1724798664,1724798664,0,1,0.528506696,-2.034803391,486457.5,20,11,17.60000038,2024/8/27 22:44
1724799264,1724799264,0,1,38.50361252,-10.4060564,491934.625,18,9,47.59999847,2024/8/27 22:54
1724799864,1724799864,0,1,75.04823303,-36.11818314,502331.6563,27,12,40,2024/8/27 23:04
1724800465,1724800464,0,1,64.05875397,-173.9555664,502270.3438,30,13,4.800000191,2024/8/27 23:14
1724801065,1724801064,0,1,26.69237709,171.7841492,494287.5938,24,11,-5.599999905,2024/8/27 23:24
1724801665,1724801664,0,1,-11.29472351,164.0452118,493874.0313,20,12,56,2024/8/27 23:34
1724802265,1724802264,0,1,-49.09194946,154.3948822,504616.6563,28,12,-16,2024/8/27 23:44
1724802865,1724802865,0,1,-82.20359802,88.69561768,511126.5625,28,13,-7.199999809,2024/8/27 23:54
1724803465,1724803465,0,1,-53.83705521,-11.71644211,502517.5,22,10,24.20000076,2024/8/28 0:04
1724804065,1724804065,0,1,-16.14790916,-22.31038475,489062.9688,16,12,-3.200000048,2024/8/28 0:14
1724804665,1724804665,0,1,21.9140892,-29.9685421,487932.3438,16,9,16.79999924,2024/8/28 0:24
1724805265,1724805265,0,1,59.49614716,-42.22452927,498359.7813,25,11,46.79999924,2024/8/28 0:34
1724805865,1724805865,0,1,78.89164734,-170.4820862,503891.625,28,14,2.5,2024/8/28 0:44
1724806466,1724806465,0,1,43.2194519,152.550766,497674.7813,25,12,13.5,2024/8/28 0:54
1724807066,1724807065,0,1,5.357903481,143.7289734,492255.3438,25,14,63.40000153,2024/8/28 1:04
1724807666,1724807665,0,1,-32.64686584,135.745575,499239.875,28,11,-2.299999952,2024/8/28 1:14
1724808266,1724808265,0,1,-69.64532471,117.5018692,509906,28,13,-26.10000038,2024/8/28 1:24
1724808866,1724808866,0,1,-69.78327942,-23.7897892,507996.875,27,10,2.099999905,2024/8/28 1:34
1724809466,1724809466,0,1,-32.75582504,-42.17294693,494354.0625,20,10,-7.5,2024/8/28 1:44
1724810066,1724810066,0,1,5.246580124,-50.15748215,486528,20,13,-36.40000153,2024/8/28 1:54
1724810666,1724810666,0,1,43.16624832,-58.98040771,493540.4375,21,10,-18.70000076,2024/8/28 2:04
1724811266,1724811266,0,1,78.87275696,-95.86780548,503213.5938,27,13,1.299999952,2024/8/28 2:14
1724811867,1724811866,0,1,59.53524017,135.7993774,501510.7813,29,13,7.599999905,2024/8/28 2:24
1724812467,1724812466,0,1,22.00415993,123.538765,493517.2188,22,11,24.79999924,2024/8/28 2:34
1724813067,1724813066,0,1,-15.99324322,115.8905869,494690.625,24,13,-3.400000095,2024/8/28 2:44
1724813667,1724813666,0,1,-53.69768906,105.3272095,505821.2188,24,11,-6.599999905,2024/8/28 2:54
1724814267,1724814266,0,1,-82.25458527,5.973834991,510710,24,13,-10.10000038,2024/8/28 3:04
1724814867,1724814867,0,1,-49.22443008,-60.80477524,500641.3438,22,10,11.60000038,2024/8/28 3:14
1724815467,1724815467,0,1,-11.43566132,-70.46930695,488041.4063,22,10,27.70000076,2024/8/28 3:24
1724816067,1724816067,0,1,26.61619186,-78.21269989,489021.0313,17,11,-31.89999962,2024/8/28 3:34
1724816667,1724816667,0,1,64.02846527,-92.45976257,499883.9375,23,12,-40.5,2024/8/28 3:44
1724817267,1724817267,0,1,75.07300568,129.7199249,503863.7188,26,11,-1.600000024,2024/8/28 3:54
1724817868,1724817867,0,1,38.56705475,103.9753265,496862.8125,21,10,-48,2024/8/28 4:04
1724818468,1724818467,0,1,0.655934989,95.60958099,492647.875,18,12,-31.5,2024/8/28 4:14
1724819068,1724819067,0,1,-37.30620193,87.33473969,500803.6875,16,8,-4.699999809,2024/8/28 4:24
1724819668,1724819667,0,1,-73.90597534,63.73553467,510494.8438,26,11,18.10000038,2024/8/28 4:34
1724820268,1724820268,0,1,-65.37345886,-75.50106812,506530.6563,30,12,-1.200000048,2024/8/28 4:44
1724820868,1724820868,0,1,-28.07699585,-90.50146484,492491.2188,24,10,1.5,2024/8/28 4:54
1724821468,1724821468,0,1,9.95911026,-98.28635406,486459.875,26,12,-9.399999619,2024/8/28 5:04
1724822068,1724822068,0,1,47.8121109,-107.7252579,494853.7188,23,12,-15.60000038,2024/8/28 5:14
1724822668,1724822668,0,1,81.75678253,-165.8011475,503678.375,30,14,3.400000095,2024/8/28 5:24
1724823268,1724823268,0,1,54.96136856,86.20726013,500648.5,24,10,-37.59999847,2024/8/28 5:34
1724823869,1724823868,0,1,17.30776405,75.34396362,493209.625,17,9,-76.40000153,2024/8/28 5:44
1724824469,1724824468,0,1,-20.68503571,67.7081604,496071.0625,16,10,-13.60000038,2024/8/28 5:54
1724825069,1724825068,0,1,-58.20527649,55.91437531,507343.2188,20,10,34.70000076,2024/8/28 6:04
1724825669,1724825668,0,1,-79.86036682,-67.84156036,510319.9688,28,12,-21,2024/8/28 6:14
1724826269,1724826269,0,1,-44.60111237,-109.6140976,498711.9375,25,11,-9.699999809,2024/8/28 6:24
1724826869,1724826869,0,1,-6.730949879,-118.6017685,487027.75,25,12,-14.80000019,2024/8/28 6:34
1724827469,1724827469,0,1,31.3026619,-126.5156631,489877.4688,23,12,-41.79999924,2024/8/28 6:44
1724828069,1724828069,0,1,68.48254395,-143.7370453,500844.8438,24,12,7.900000095,2024/8/28 6:54
1724828669,1724828669,0,1,70.86491394,75.02827454,503415.875,23,12,-9.600000381,2024/8/28 7:04
1724829269,1724829269,0,1,33.90050507,55.53168488,495898.2813,12,11,-8.699999809,2024/8/28 7:14
1724829870,1724829869,0,1,-4.04769516,47.49145508,493169,20,11,-44.40000153,2024/8/28 7:24
1724830470,1724830469,0,1,-41.89184952,38.8200798,502346.1875,21,10,41.29999924,2024/8/28 7:34
1724831070,1724831069,0,1,-77.80901337,6.010334969,510888.8438,28,12,0.5,2024/8/28 7:44
1724831670,1724831669,0,1,-60.87420654,-125.9882202,504899.5313,29,13,-28.10000038,2024/8/28 7:54
1724832270,1724832270,0,1,-23.38726997,-138.7609406,490749.125,23,10,-11.10000038,2024/8/28 8:04
1724832870,1724832870,0,1,14.67054653,-146.4358063,486626.4063,26,15,-8,2024/8/28 8:14
1724833470,1724833470,0,1,52.4380455,-156.7203979,496134.0938,24,12,10.80000019,2024/8/28 8:24
1724834070,1724834070,0,1,82.51344299,112.2578354,503933.75,27,12,5.400000095,2024/8/28 8:34
1724835871,1724835870,0,1,-25.37642479,19.4779892,497235.75,5,0,27.79999924,2024/8/28 9:04
1724836471,1724836470,0,1,-62.74221039,5.892513275,508351.5313,21,11,17.60000038,2024/8/28 9:14
1724837071,1724837070,0,1,-76.28484344,-129.7813568,509384.6875,26,13,-39.70000076,2024/8/28 9:24
1724837671,1724837671,0,1,-39.94289398,-158.2360992,496683.8438,25,10,0.300000012,2024/8/28 9:34
1724838271,1724838271,0,1,-2.007738352,-166.7275391,486375.25,27,12,15.30000019,2024/8/28 9:44
1724838871,1724838871,0,1,35.99269485,-174.9096832,491095.7188,21,10,-12.39999962,2024/8/28 9:54
1724839471,1724839471,0,1,72.81612396,163.1389618,501878.4063,27,12,1.5,2024/8/28 10:04
1724840071,1724840071,0,1,66.46383667,22.88599205,502779.125,17,13,23.20000076,2024/8/28 10:14
1724841872,1724841871,0,1,-46.5413208,-9.878803253,503636.6875,17,12,26.29999924,2024/8/28 10:44
1724842472,1724842471,0,1,-81.06380463,-60.30311584,510852.0313,26,12,-23.79999924,2024/8/28 10:54
1724843072,1724843071,0,1,-56.30077744,-175.7458191,503117.7813,24,11,-37.90000153,2024/8/28 11:04
1724843672,1724843672,0,1,-18.67066574,173.0261993,489312.8438,23,8,64.09999847,2024/8/28 11:14
1724844272,1724844272,0,1,19.39465141,165.382431,487292.5313,25,11,15.80000019,2024/8/28 11:24
1724844872,1724844872,0,1,57.04965591,153.9299011,497633.5938,26,11,17,2024/8/28 11:34
1724845472,1724845472,0,1,80.60933685,34.87445831,504053.125,30,13,22.79999924,2024/8/28 11:44
1724846072,1724846072,0,1,45.70896912,-11.8297987,498399.4688,25,10,51.90000153,2024/8/28 11:54
1724846672,1724846672,0,1,7.882928371,-20.96072769,492363.5625,24,13,18.60000038,2024/8/28 12:04
1724847273,1724847272,0,1,-30.07602501,-28.81303978,498318.8125,19,11,4.099999905,2024/8/28 12:14
1724847873,1724847872,0,1,-67.23108673,-45.04694366,509109.625,25,13,9,2024/8/28 12:24
1724848473,1724848472,0,1,-72.14781189,174.3283691,508278.1563,28,12,-58.09999847,2024/8/28 12:34
1724849073,1724849072,0,1,-35.2545166,153.2785645,494892.9063,19,9,12.80000019,2024/8/28 12:44
1724849673,1724849673,0,1,2.729804993,145.1479034,486201.7188,23,10,65.09999847,2024/8/28 12:54
1724850273,1724850273,0,1,40.68204498,136.5835571,492565.4063,19,10,29.60000038,2024/8/28 13:04
1724850873,1724850873,0,1,76.90333557,106.5087204,502736.625,28,12,-4.300000191,2024/8/28 13:14
1724851473,1724851473,0,1,61.95364761,-27.86462784,501822.875,23,12,64.09999847,2024/8/28 13:24
1724852073,1724852073,0,1,24.50333977,-41.09753036,493779.125,23,12,-2,2024/8/28 13:34
1724852673,1724852673,0,1,-13.491292,-48.78420258,494057.375,22,13,-11.80000019,2024/8/28 13:44
1724853274,1724853273,0,1,-51.18776321,-58.80134583,504913.5313,21,13,12.30000019,2024/8/28 13:54
1724853874,1724853873,0,1,-82.58369446,-139.7373047,510771.9688,26,11,-43,2024/8/28 14:04
1724854474,1724854473,0,1,-51.74088669,134.9971313,501543.8438,25,12,-20.89999962,2024/8/28 14:14
1724855074,1724855073,0,1,-13.93955803,124.8498383,488485.3438,23,12,33.90000153,2024/8/28 14:24
1724855674,1724855674,0,1,24.11901283,117.1621017,488435.6875,23,13,6.599999905,2024/8/28 14:34
1724856274,1724856274,0,1,61.62717438,104.0675507,499155.0938,24,12,-30,2024/8/28 14:44
1724856874,1724856874,0,1,77.17485046,-29.66676521,503857.7813,29,13,42,2024/8/28 14:54
1724857474,1724857474,0,1,41.04152679,-60.49986649,497176.3438,22,9,-26.29999924,2024/8/28 15:04
1724858074,1724858074,0,1,3.153338432,-69.08892059,492194.5,19,12,2.400000095,2024/8/28 15:14
1724858674,1724858674,0,1,-34.77276993,-77.17904663,499637.5625,17,9,10.80000019,2024/8/28 15:24
1724859275,1724859274,0,1,-71.61598969,-97.5306778,509923.0313,22,9,-22,2024/8/28 15:34
1724859875,1724859874,0,1,-67.78229523,121.5620193,507176.2813,31,12,-28.89999962,2024/8/28 15:44
1724860475,1724860474,0,1,-30.61795998,104.9130707,493468.375,24,10,-39.70000076,2024/8/28 15:54
1724861075,1724861074,0,1,7.464220047,97.01966858,486561.5625,20,13,-31.10000038,2024/8/28 16:04
1724861675,1724861675,0,1,45.3530426,87.93256378,494331.2813,17,13,-63.5,2024/8/28 16:14
1724862275,1724862275,0,1,80.40433502,42.73147964,503525.6563,23,13,17.89999962,2024/8/28 16:24
1724862875,1724862875,0,1,57.39184952,-77.77822113,501091.8125,24,11,-41.09999847,2024/8/28 16:34
1724863475,1724863475,0,1,19.79777336,-89.32098389,493129.1563,20,11,-9.699999809,2024/8/28 16:44
1724864075,1724864075,0,1,-18.20161819,-96.953125,495010.375,18,11,-5.199999809,2024/8/28 16:54
1724864675,1724864675,0,1,-55.79370117,-108.0285492,506229.6875,22,10,-14.19999981,2024/8/28 17:04
1724865276,1724865275,0,1,-81.38686371,139.6165619,510354.4688,30,12,-46.09999847,2024/8/28 17:14
1724865876,1724865875,0,1,-47.10700989,86.03982544,499678.9688,24,10,16.39999962,2024/8/28 17:24
1724866476,1724866475,0,1,-9.279299736,76.71279144,487710.875,26,12,-77.59999847,2024/8/28 17:34
1724867076,1724867075,0,1,28.82659531,68.88835144,489619.1563,25,12,-40.29999924,2024/8/28 17:44
1724870076,1724870076,0,1,-39.44057465,-125.6468582,501026.5625,6,0,-12.19999981,2024/8/28 18:34
1724871277,1724871276,0,1,-63.310215,70.48104095,505580.4375,29,12,25.20000076,2024/8/28 18:54
1724871877,1724871876,0,1,-25.91834641,56.61494064,491726.75,23,11,2.5,2024/8/28 19:04
1724872477,1724872476,0,1,12.12696362,48.89128113,486745.7813,24,14,-25.29999924,2024/8/28 19:14
1724874877,1724874877,0,1,15.08246994,-137.5026093,492520.9688,18,12,-21.29999924,2024/8/28 19:54
1724875477,1724875477,0,1,-22.91106606,-145.1619263,496039.6563,15,11,-7.599999905,2024/8/28 20:04
1724876077,1724876077,0,1,-60.36854553,-157.7284241,507402.2813,21,11,-36.5,2024/8/28 20:14
1724876677,1724876677,0,1,-78.27314758,71.78488159,509626.9688,29,13,4,2024/8/28 20:24
1724877278,1724877277,0,1,-42.44632721,37.32077026,497753.7813,24,10,41.70000076,2024/8/28 20:34
1724877878,1724877877,0,1,-4.546253204,28.58174515,486916.25,26,12,-13,2024/8/28 20:44
1724878478,1724878477,0,1,33.53348541,20.5403347,490635.1563,23,12,25.10000038,2024/8/28 20:54
1724879078,1724879078,0,1,70.5616684,1.358433366,501393.4375,18,12,48.29999924,2024/8/28 21:04
1724879678,1724879678,0,1,68.78995514,-139.9315033,502931.5625,22,12,3.099999905,2024/8/28 21:14
1724880278,1724880278,0,1,31.67145157,-157.4117279,494933.9063,23,11,-13.39999962,2024/8/28 21:24
1724880878,1724880878,0,1,-6.297204971,-165.3368225,492676.1563,23,12,16.10000038,2024/8/28 21:34
1724881478,1724881478,0,1,-44.11791992,-174.2605896,502432.8125,21,10,3.599999905,2024/8/28 21:44
1724882078,1724882078,0,1,-79.50233459,145.8948822,510640.4375,29,13,-51.5,2024/8/28 21:54
1724882679,1724882678,0,1,-58.7476387,20.36409569,504053.6875,23,12,25.79999924,2024/8/28 22:04
1724883279,1724883278,0,1,-21.19161987,8.377523422,490312.0313,18,11,22.79999924,2024/8/28 22:14
1724883879,1724883878,0,1,16.86717415,0.72641331,487204.875,20,11,26.20000076,2024/8/28 22:24
1724884479,1724884478,0,1,54.64454269,-10.08212185,496982.7813,23,11,58.40000153,2024/8/28 22:34
1724885079,1724885078,0,1,81.88179016,-116.2403564,503886.6875,28,13,3.5,2024/8/28 22:44
1724885679,1724885679,0,1,48.13470459,-176.1706543,498586.6563,25,11,1,2024/8/28 22:54
1724886279,1724886279,0,1,10.34099197,174.3430328,491915.875,21,12,19.20000076,2024/8/28 23:04
1724886879,1724886879,0,1,-27.63682365,166.5771942,497138.8125,27,11,43.90000153,2024/8/28 23:14
1724887479,1724887479,0,1,-64.91446686,151.8483276,508457.9063,28,14,-44.59999847,2024/8/28 23:24
1724888079,1724888079,0,1,-74.32983398,13.11249638,508799.4688,26,12,17.10000038,2024/8/28 23:34
1724888680,1724888679,0,1,-37.74856567,-11.23549175,496044.8125,17,8,20.79999924,2024/8/28 23:44
1724889280,1724889279,0,1,0.207479998,-19.54298782,486600.9688,25,12,12.69999981,2024/8/28 23:54
1724889880,1724889879,0,1,38.18370438,-27.88777351,491931.7813,20,9,56.09999847,2024/8/29 0:04
1724890480,1724890479,0,1,74.82300568,-53.17426682,502227.1875,27,12,28.29999924,2024/8/29 0:14
1724891080,1724891080,0,1,64.30606079,168.6640778,501987.4688,29,12,9.699999809,2024/8/29 0:24
1724891680,1724891680,0,1,26.946064,154.2703552,493757.9688,26,11,15.89999962,2024/8/29 0:34
1724892280,1724892280,0,1,-11.04646873,146.523819,493141,24,14,70.09999847,2024/8/29 0:44
1724892880,1724892880,0,1,-48.79259491,136.9361115,503893.75,28,12,-18.39999962,2024/8/29 0:54
1724893480,1724893480,0,1,-82.10697174,73.21487427,510693.5938,28,13,1.700000048,2024/8/29 1:04
1724894080,1724894080,0,1,-54.12750626,-29.15745163,502482.2188,25,11,12.19999981,2024/8/29 1:14
1724894681,1724894680,0,1,-16.44568825,-39.81947327,489226.5938,22,12,-9.100000381,2024/8/29 1:24
1724895281,1724895280,0,1,21.61408424,-47.47389984,488116.0938,19,10,-23,2024/8/29 1:34
1724895881,1724895880,0,1,59.20251465,-59.62330246,498476.5625,21,13,5,2024/8/29 1:44
1724896481,1724896480,0,1,79.07038116,172.8100891,503886.3438,28,11,1.100000024,2024/8/29 1:54
1724897081,1724897081,0,1,43.45741272,135.0533142,497434.0938,27,10,26.5,2024/8/29 2:04
1724897681,1724897681,0,1,5.594666481,126.2049942,491696.3438,23,11,60.29999924,2024/8/29 2:14
1724898281,1724898281,0,1,-32.35546494,118.2496338,498476.2813,22,10,-26.60000038,2024/8/29 2:24
1724898881,1724898881,0,1,-69.38015747,100.2570267,509201.25,22,12,-5.300000191,2024/8/29 2:34
1724899481,1724899481,0,1,-70.04419708,-41.03791428,507653.8125,29,13,2.400000095,2024/8/29 2:44
1724900081,1724900081,0,1,-33.03350067,-59.67332458,494305.5,19,11,17.29999924,2024/8/29 2:54
1724900682,1724900681,0,1,4.966408253,-67.67138672,486578.625,20,12,-5.199999809,2024/8/29 3:04
1724901282,1724901281,0,1,42.88792038,-76.4621048,493565.4688,20,11,-34.29999924,2024/8/29 3:14
1724901882,1724901881,0,1,78.66133881,-112.4576187,503158.1875,25,11,-1.600000024,2024/8/29 3:24
1724902482,1724902481,0,1,59.74696732,118.3557129,501351.9063,28,12,-18.70000076,2024/8/29 3:34
1724903082,1724903082,0,1,22.21977425,106.0175705,493182.0313,20,9,-28.5,2024/8/29 3:44
1724903682,1724903682,0,1,-15.78162956,98.36676788,494195.875,16,10,-43.90000153,2024/8/29 3:54
1724904282,1724904282,0,1,-53.43346024,87.87731934,505274.4688,23,10,16,2024/8/29 4:04
1724904882,1724904882,0,1,-82.32813263,-9.669771194,510386.75,28,12,-10.60000038,2024/8/29 4:14
1724905482,1724905482,0,1,-49.48458099,-78.27407837,500547.5,25,11,5.5,2024/8/29 4:24
1724906082,1724906082,0,1,-11.70001316,-87.98278809,488054.7813,19,14,-6.400000095,2024/8/29 4:34
1724906683,1724906682,0,1,26.35226059,-95.71827698,488978.375,17,13,-29.10000038,2024/8/29 4:44
1724907283,1724907282,0,1,63.77487564,-109.8293228,499797.8125,24,12,-29.39999962,2024/8/29 4:54
1724907883,1724907882,0,1,75.3022995,112.6897812,503729.375,26,13,-4.699999809,2024/8/29 5:04
1724908483,1724908483,0,1,38.76525879,86.46369934,496572.7813,18,10,-61.70000076,2024/8/29 5:14
1724909083,1724909083,0,1,0.852096677,78.08150482,492217.6875,15,10,-103.4000015,2024/8/29 5:24
1724909683,1724909683,0,1,-37.05404282,69.8370285,500194.4688,18,10,18.39999962,2024/8/29 5:34
1724910283,1724910283,0,1,-73.68491364,46.59792328,510034.2188,27,12,19.5,2024/8/29 5:44
1724910883,1724910883,0,1,-65.60764313,-92.86566162,506341.9375,28,12,-18.39999962,2024/8/29 5:54
1724911483,1724911483,0,1,-28.32143402,-108.0100403,492452.7813,22,10,-5.900000095,2024/8/29 6:04
1724912083,1724912083,0,1,9.713256836,-115.8032532,486445.6563,24,12,-37.20000076,2024/8/29 6:14
1724912684,1724912683,0,1,47.56946564,-125.2051239,494782.5938,23,12,-23.5,2024/8/29 6:24
1724913284,1724913283,0,1,81.64598083,178.1712494,503573.2813,22,13,3.900000095,2024/8/29 6:34
1724913884,1724913883,0,1,55.20072937,68.75440979,500433.1875,22,12,-24.39999962,2024/8/29 6:44
1724914484,1724914484,0,1,17.48643875,57.81525421,492761.6563,21,11,-40.29999924,2024/8/29 6:54
1724915084,1724915084,0,1,-20.51160431,50.17915726,495446.5313,19,10,-10.39999962,2024/8/29 7:04
1724915684,1724915684,0,1,-58.04243469,38.43642426,506699.8125,20,10,36.5,2024/8/29 7:14
1724916284,1724916284,0,1,-80.01197052,-84.43911743,509879.6563,28,12,-22.29999924,2024/8/29 7:24
1724916884,1724916884,0,1,-44.82079697,-127.1071854,498545.6875,23,11,-13.10000038,2024/8/29 7:34
1724917484,1724917484,0,1,-6.953248501,-136.1230774,487008.4063,25,14,-3.400000095,2024/8/29 7:44
1724918085,1724918084,0,1,31.08059502,-144.027298,489867.625,25,11,-25,2024/8/29 7:54
1724918685,1724918684,0,1,68.27223206,-161.07724,500811.5938,22,13,4.400000095,2024/8/29 8:04
1724919285,1724919284,0,1,71.07020569,57.75188828,503267.1563,22,12,-1.899999976,2024/8/29 8:14
1724921085,1724921085,0,1,-41.74699402,21.29868507,501620.7813,17,9,30.60000038,2024/8/29 8:44
1724921685,1724921685,0,1,-77.69756317,-11.1473465,510304.6875,27,12,-1.799999952,2024/8/29 8:54
1724922285,1724922285,0,1,-61.06596756,-143.4282227,504640.4375,27,10,-33.70000076,2024/8/29 9:04
1724922885,1724922885,0,1,-23.58473587,-156.2806244,490741.125,24,10,3.599999905,2024/8/29 9:14
1724923485,1724923485,0,1,14.47113514,-163.9590759,486725.1563,27,12,9,2024/8/29 9:24
1724924086,1724924085,0,1,52.24030685,-174.2023163,496216.375,24,10,7.5,2024/8/29 9:34
1724924686,1724924685,0,1,82.53897858,96.25341034,503915.2813,28,11,5.5,2024/8/29 9:44
1724927086,1724927086,0,1,-62.62508774,-11.58872032,507683.1563,17,14,11.30000019,2024/8/29 10:24
1724927686,1724927686,0,1,-76.38208008,-147.0659637,508977.5,26,12,-53.90000153,2024/8/29 10:34
1724928286,1724928286,0,1,-40.11861801,-175.7474365,496592.4063,22,10,14.10000038,2024/8/29 10:44
1724928886,1724928886,0,1,-2.186126709,175.7447205,486472.1563,26,10,27.5,2024/8/29 10:54
1724929486,1724929486,0,1,35.81342697,167.5744629,491217.1875,24,10,-9.800000191,2024/8/29 11:04
1724930087,1724930086,0,1,72.65141296,145.8525696,501926.4063,28,11,-0.300000012,2024/8/29 11:14
1724930687,1724930686,0,1,66.63650513,5.486120224,502620.875,15,12,43.09999847,2024/8/29 11:24
1724931287,1724931286,0,1,29.39199257,-10.33763123,494421.25,20,11,42.79999924,2024/8/29 11:34
1724931887,1724931886,0,1,-8.652208328,-18.1781044,492851.5,19,12,7.900000095,2024/8/29 11:44
1724932487,1724932487,0,1,-46.43929672,-27.4058075,502902.6563,23,11,11.39999962,2024/8/29 11:54
1724933087,1724933087,0,1,-81.00923157,-77.34440613,510313.0313,27,13,-27.10000038,2024/8/29 12:04
1724933687,1724933687,0,1,-56.45336151,166.7697296,502927.625,26,11,-34.29999924,2024/8/29 12:14
1724934287,1724934287,0,1,-18.82720566,155.4981384,489421.5,23,11,58,2024/8/29 12:24
1724934887,1724934887,0,1,19.23557472,147.8548889,487499.7188,24,10,33,2024/8/29 12:34
1724935487,1724935487,0,1,56.8916893,136.4497223,497782.25,23,13,14.39999962,2024/8/29 12:44
1724936088,1724936087,0,1,80.70870209,18.12357712,503998.7188,29,11,30.29999924,2024/8/29 12:54
1724936688,1724936687,0,1,45.86880493,-29.33762741,498048.9063,24,11,62.5,2024/8/29 13:04
1724937288,1724937287,0,1,8.039871216,-38.49044418,491736.9375,23,14,-13.30000019,2024/8/29 13:14
1724937888,1724937887,0,1,-29.99032593,-46.352314,497561.9688,20,11,-5.400000095,2024/8/29 13:24
1724938488,1724938488,0,1,-67.15659332,-62.53262711,508496.375,24,13,11.5,2024/8/29 13:34
1724939088,1724939088,0,1,-72.21572113,156.8758087,507995.9063,26,13,-57.5,2024/8/29 13:44
1724939688,1724939688,0,1,-35.39103699,135.7547607,494992.625,25,10,-9.300000191,2024/8/29 13:54
1724940288,1724940288,0,1,2.58957839,127.616066,486477.4688,26,13,61.09999847,2024/8/29 14:04
1724940888,1724940888,0,1,40.5395813,119.0667572,492848.625,22,10,0.200000003,2024/8/29 14:14
1724941488,1724941488,0,1,76.78312683,89.32991028,502854.9063,24,12,-5.900000095,2024/8/29 14:24
1724942089,1724942088,0,1,62.09611893,-45.3314476,501711.125,26,12,47.20000076,2024/8/29 14:34
1724942689,1724942688,0,1,24.647995,-58.62569427,493399.1563,21,11,-48,2024/8/29 14:44
1724943289,1724943288,0,1,-13.41518497,-66.32775879,493394.0938,16,11,29.29999924,2024/8/29 14:54
1724943889,1724943889,0,1,-51.11977005,-76.33109283,504255.4063,15,11,6.900000095,2024/8/29 15:04
1724944489,1724944489,0,1,-82.58261108,-156.7989502,510286.0313,29,13,-47.70000076,2024/8/29 15:14
1724945089,1724945089,0,1,-51.80039597,117.4606018,501349.9688,26,10,-20.39999962,2024/8/29 15:24
1724945689,1724945689,0,1,-14.06341171,107.3156281,488625.75,25,10,-16.79999924,2024/8/29 15:34
1724946289,1724946289,0,1,23.9927845,99.63163757,488722,16,11,-39.59999847,2024/8/29 15:44
1724946889,1724946889,0,1,61.50192261,86.59344482,499401.4063,27,11,-27.89999962,2024/8/29 15:54
1724947489,1724947489,0,1,77.28348541,-46.87098694,503976.0938,27,12,31.39999962,2024/8/29 16:04
1724948090,1724948089,0,1,41.17354584,-78.02090454,497016.875,22,11,-33.29999924,2024/8/29 16:14
1724948690,1724948689,0,1,3.283395052,-86.62264252,491689.25,20,12,2.099999905,2024/8/29 16:24
1724949290,1724949289,0,1,-34.71285629,-94.72137451,498949.4688,16,10,-3.900000095,2024/8/29 16:34
1724949890,1724949890,0,1,-71.56761169,-115.0132141,509288.6563,26,12,-34.09999847,2024/8/29 16:44
1724950490,1724950490,0,1,-67.82792664,104.0484085,506762.8438,31,12,-10.60000038,2024/8/29 16:54
1724951090,1724951090,0,1,-30.66374969,87.36572266,493353.5625,23,10,-18.29999924,2024/8/29 17:04
1724951690,1724951690,0,1,7.353768349,79.4834137,486757.2188,21,13,-99.30000305,2024/8/29 17:14
1724952290,1724952290,0,1,45.2411232,70.41116333,494541.9063,17,11,-42.79999924,2024/8/29 17:24
1724952890,1724952890,0,1,80.3298111,25.71474457,503690.7188,17,14,26.70000076,2024/8/29 17:34
1724953491,1724953490,0,1,57.50625992,-95.2754364,501036.1563,26,12,-43.79999924,2024/8/29 17:44
1724954091,1724954090,0,1,19.91328812,-106.8545837,492746.0313,17,9,-29.29999924,2024/8/29 17:54
1724954691,1724954690,0,1,-18.09148598,-114.4882965,494317.0625,16,10,-2.400000095,2024/8/29 18:04
1724955291,1724955290,0,1,-55.7549324,-125.5682983,505496.6875,20,12,-16.89999962,2024/8/29 18:14
1724955891,1724955891,0,1,-81.40296173,122.253273,509769.4063,29,12,-33.90000153,2024/8/29 18:24
1724956491,1724956491,0,1,-47.13517761,68.49378204,499381.4063,25,12,37.70000076,2024/8/29 18:34
1724957091,1724957091,0,1,-9.307040215,59.16199875,487689.2813,24,13,-40.40000153,2024/8/29 18:44
1724957691,1724957691,0,1,28.73416901,51.35326385,489741.75,18,11,-21.20000076,2024/8/29 18:54
1724961292,1724961291,0,1,-75.76522064,-170.401474,509800.3438,26,12,-60.29999924,2024/8/29 19:54
1724961892,1724961892,0,1,-63.31925201,52.9361763,505263.4688,30,13,28.79999924,2024/8/29 20:04
1724962492,1724962492,0,1,-25.92666054,39.06285095,491665.9688,20,10,5.199999809,2024/8/29 20:14
1724963092,1724963092,0,1,12.11746311,31.33805084,486837.375,19,14,-1.600000024,2024/8/29 20:24
1724964892,1724964892,0,1,52.86117172,-144.6727295,499712.5313,25,12,1.799999952,2024/8/29 20:54
1724965493,1724965492,0,1,15.15454006,-155.0426178,491989.0313,20,10,0.899999976,2024/8/29 21:04
1724966093,1724966092,0,1,-22.84519386,-162.7026215,495335.0313,22,10,11.80000019,2024/8/29 21:14
1724966693,1724966692,0,1,-60.31123734,-175.2495422,506755,22,12,-45,2024/8/29 21:24
1724967293,1724967292,0,1,-78.26495361,54.20506668,509184.0625,30,11,10.30000019,2024/8/29 21:34
1724967893,1724967893,0,1,-42.43407822,19.76483917,497619.375,21,10,30.39999962,2024/8/29 21:44
1724968493,1724968493,0,1,-4.534564972,11.0263834,487023.0313,24,12,5.5,2024/8/29 21:54
1724969093,1724969093,0,1,33.47946167,3.000215054,490820.4688,20,8,40.29999924,2024/8/29 22:04
1724969693,1724969693,0,1,70.50901031,-16.12727928,501489.75,25,11,58.59999847,2024/8/29 22:14
1724970293,1724970293,0,1,68.84340668,-157.4231873,502800.1875,29,13,3.400000095,2024/8/29 22:24
1724970893,1724970893,0,1,31.72604752,-174.951416,494518.875,21,10,-9.399999619,2024/8/29 22:34
1724971494,1724971493,0,1,-6.247544765,177.1198883,492051.5,22,12,30.60000038,2024/8/29 22:44
1724972094,1724972093,0,1,-44.07539368,168.2000885,501785.4063,29,12,2.900000095,2024/8/29 22:54
1724972694,1724972693,0,1,-79.47597504,128.4883118,510131.0313,29,13,-41,2024/8/29 23:04
1724973294,1724973294,0,1,-58.71886826,2.796223402,503807.875,25,10,18.10000038,2024/8/29 23:14
1724973894,1724973894,0,1,-21.16143608,-9.180901527,490342.0625,19,9,12.5,2024/8/29 23:24
1724974494,1724974494,0,1,16.89542198,-16.83156395,487406.5938,16,12,30.5,2024/8/29 23:34
1724975094,1724975094,0,1,54.60741806,-27.61698341,497157.9375,21,11,61,2024/8/29 23:44
1724975694,1724975694,0,1,81.89834595,-133.5344849,503886.5,29,12,3,2024/8/29 23:54
1724976294,1724976294,0,1,48.17310333,166.2896576,498328.9688,24,11,0.300000012,2024/8/30 0:04
1724976894,1724976894,0,1,10.37610626,156.7970123,491394.7188,22,13,38.79999924,2024/8/30 0:14
1724977495,1724977494,0,1,-27.60783577,149.0314331,496510.375,28,11,34.70000076,2024/8/30 0:24
1724978095,1724978094,0,1,-64.89276123,134.3146515,507881.3438,26,13,-39,2024/8/30 0:34
1724978695,1724978694,0,1,-74.3459549,-4.406984806,508447.9063,27,11,13.39999962,2024/8/30 0:44
1724979295,1724979295,0,1,-37.70202255,-28.80025864,495958.3438,23,10,8.100000381,2024/8/30 0:54
1724979895,1724979895,0,1,0.253521681,-37.10370255,486765.2813,25,10,-12.39999962,2024/8/30 1:04
1724980495,1724980495,0,1,38.22613525,-45.45103073,492250.1875,23,10,11.39999962,2024/8/30 1:14
1724981095,1724981095,0,1,74.80259705,-70.67694855,502431.25,28,13,17.39999962,2024/8/30 1:24
1724981695,1724981695,0,1,64.33088684,151.128479,501980.1563,31,12,9,2024/8/30 1:34
1724982295,1724982295,0,1,26.97046471,136.7228394,493434.0313,21,11,39.59999847,2024/8/30 1:44
1724982895,1724982895,0,1,-11.02668667,128.9761047,492576.0938,24,13,48.90000153,2024/8/30 1:54
1724983496,1724983495,0,1,-48.77980423,119.391449,503225.125,23,12,-23.5,2024/8/30 2:04
1724984096,1724984095,0,1,-82.10626984,55.71526718,510148.9688,28,13,0,2024/8/30 2:14
1724984696,1724984695,0,1,-54.06864929,-46.73731232,502189.9063,23,11,14.19999981,2024/8/30 2:24
1724985296,1724985296,0,1,-16.38443947,-57.38355255,489242.0938,21,12,6.599999905,2024/8/30 2:34
1724985896,1724985896,0,1,21.6731739,-65.03765106,488384.125,21,12,-51.79999924,2024/8/30 2:44
1724986496,1724986496,0,1,59.2563591,-77.20552826,498790.0938,20,11,-36.20000076,2024/8/30 2:54
1724987096,1724987096,0,1,79.07795715,155.2986908,504002.5938,28,13,3.099999905,2024/8/30 3:04
1724987696,1724987696,0,1,43.4683342,117.506218,497318.9375,24,11,-3.799999952,2024/8/30 3:14
1724988296,1724988296,0,1,5.603313446,108.6564941,491344.3438,17,12,17.20000076,2024/8/30 3:24
1724988897,1724988896,0,1,-32.35162354,100.7012939,497937.625,21,10,-35.59999847,2024/8/30 3:34
1724989497,1724989496,0,1,-69.38199615,82.70743561,508649.4688,23,12,14.69999981,2024/8/30 3:44
1724990097,1724990096,0,1,-70.03851318,-58.59620667,507261.6563,27,12,4,2024/8/30 3:54
1724990697,1724990696,0,1,-32.9616394,-77.2406311,494121.4688,22,10,10.39999962,2024/8/30 4:04
1724991297,1724991297,0,1,5.039038181,-85.23387909,486619.875,22,12,6,2024/8/30 4:14
1724991897,1724991897,0,1,42.95802689,-94.03038788,493749.4688,22,12,-28.89999962,2024/8/30 4:24
1724992497,1724992497,0,1,78.71409607,-130.2324524,503277.0625,26,11,-4.400000095,2024/8/30 4:34
1724993097,1724993097,0,1,59.74310684,100.801857,501290.5313,25,11,-34.59999847,2024/8/30 4:44
1724995498,1724995497,0,1,-82.32427979,-27.34989738,510023.3438,25,12,-17.79999924,2024/8/30 5:24
1724996098,1724996097,0,1,-49.4644165,-95.83057404,500343.3125,22,10,-6.699999809,2024/8/30 5:34
1724996698,1724996697,0,1,-11.67864513,-105.535141,488022.7188,24,14,-7.5,2024/8/30 5:44
1724997298,1724997298,0,1,26.4358139,-113.2850342,489095.0313,24,12,-37.79999924,2024/8/30 5:54
1724997898,1724997898,0,1,63.85357666,-127.4355774,499890.9375,22,14,-1.5,2024/8/30 6:04
1724998498,1724998498,0,1,75.23299408,94.97185516,503695.5625,30,13,-7.900000095,2024/8/30 6:14
1724999098,1724999098,0,1,38.74688721,68.90935516,496313.375,22,9,-37.90000153,2024/8/30 6:24
1724999698,1724999698,0,1,0.830221653,60.52862549,491747.4688,21,11,-64.69999695,2024/8/30 6:34
1725000298,1725000298,0,1,-37.08078003,52.28149796,499626.375,19,10,36,2024/8/30 6:44
1725000899,1725000898,0,1,-73.71394348,28.99469376,509492.25,20,12,19.70000076,2024/8/30 6:54
1725001499,1725001498,0,1,-65.57222748,-110.4444351,505962.5625,26,12,-28.29999924,2024/8/30 7:04
1725002099,1725002098,0,1,-28.28198051,-125.5670929,492318.0313,23,12,-11.39999962,2024/8/30 7:14
1725002699,1725002698,0,1,9.815964699,-133.3715668,486537.75,24,14,-23.5,2024/8/30 7:24
1725003299,1725003299,0,1,47.66829681,-142.7886963,494983.75,23,13,-15,2024/8/30 7:34
1725003899,1725003899,0,1,81.6901474,160.0133057,503676.0313,24,12,2.099999905,2024/8/30 7:44
1725004499,1725004499,0,1,55.10529327,51.1621933,500264.8438,23,11,0.400000006,2024/8/30 7:54
1725006900,1725006899,0,1,-79.97493744,-102.21875,509388.0625,28,13,-30.39999962,2024/8/30 8:35
1725007500,1725007499,0,1,-44.76356888,-144.6717224,498316.625,20,9,-13.39999962,2024/8/30 8:45
1725008100,1725008099,0,1,-6.895166874,-153.6811829,487064.1563,19,12,9.800000191,2024/8/30 8:55
1725008700,1725008700,0,1,31.19897079,-161.6036377,490117.0313,21,10,-9.100000381,2024/8/30 9:05
1725009300,1725009300,0,1,68.38052368,-178.7431946,501024.8438,22,10,3.700000048,2024/8/30 9:15
1725009900,1725009900,0,1,70.96520996,40.05960464,503218.3438,19,12,9.600000381,2024/8/30 9:25
1725011700,1725011700,0,1,-41.8093605,3.732943296,500999.5313,5,0,19.79999924,2024/8/30 9:55
1725012300,1725012300,0,1,-77.75231934,-28.89705849,509765.0938,23,12,-7.099999905,2024/8/30 10:05
1725012901,1725012900,0,1,-60.99499512,-161.0186462,504338.4688,23,13,-39.59999847,2024/8/30 10:15
1725013501,1725013500,0,1,-23.510355,-173.8427582,490711.3125,24,9,30.60000038,2024/8/30 10:25
1725014101,1725014100,0,1,14.60717201,178.4668121,486948.9688,24,11,9.5,2024/8/30 10:35
1725014701,1725014701,0,1,52.37022781,168.1958618,496506.3125,20,11,4.199999809,2024/8/30 10:45
1725015301,1725015301,0,1,82.52202606,77.70845795,504006.875,24,13,8.600000381,2024/8/30 10:55
1725016501,1725016501,0,1,12.66845322,-7.915193558,491698.1875,20,12,30.60000038,2024/8/30 11:15
1725017101,1725017101,0,1,-25.32443428,-15.61986351,495825.9063,20,11,9.800000191,2024/8/30 11:25
1725017701,1725017701,0,1,-62.7052803,-29.19133759,507025.8438,20,13,17.5,2024/8/30 11:35
1725018302,1725018301,0,1,-76.30712891,-164.8220062,508519.375,30,12,-59.5,2024/8/30 11:45
1725018902,1725018901,0,1,-40.02731323,166.6816254,496435.625,24,8,14,2024/8/30 11:55
1725019502,1725019501,0,1,-2.094594955,158.1821442,486612.4375,27,12,56.59999847,2024/8/30 12:05
1725020102,1725020101,0,1,35.96388245,149.9896545,491537.0313,23,10,14,2024/8/30 12:15
1725020702,1725020702,0,1,72.78462219,128.0812531,502140.2188,26,12,-6.199999809,2024/8/30 12:25
1725021302,1725021302,0,1,66.49756622,-12.18841457,502488.4375,19,12,60.20000076,2024/8/30 12:35
1725021902,1725021902,0,1,29.24323463,-27.91781425,493967.75,23,11,28.89999962,2024/8/30 12:45
1725022502,1725022502,0,1,-8.744098663,-35.74061203,492199.3125,22,13,-6.300000191,2024/8/30 12:55
1725023102,1725023102,0,1,-46.5369072,-44.98287201,502249.2813,21,14,-3.299999952,2024/8/30 13:05
1725023702,1725023702,0,1,-81.06816864,-95.45207214,509820.7813,30,13,-27.29999924,2024/8/30 13:15
1725024303,1725024302,0,1,-56.34784317,149.1735382,502713.5625,27,11,-23.70000076,2024/8/30 13:25
1725024903,1725024902,0,1,-18.71933746,137.9321594,489552.6875,24,12,42.79999924,2024/8/30 13:35
1725025503,1725025502,0,1,19.34031868,130.2896881,487816.8438,26,10,39.29999924,2024/8/30 13:45
1725026103,1725026102,0,1,57.0517807,118.8257446,498103.2188,26,12,-12.19999981,2024/8/30 13:55
1725026703,1725026703,0,1,80.61175537,-0.229035005,504010.5,25,13,33.70000076,2024/8/30 14:05
1725027303,1725027303,0,1,45.70819855,-46.93714142,497751.0938,21,11,25.70000076,2024/8/30 14:15
1725027903,1725027903,0,1,7.872633457,-56.06704712,491226.75,17,12,-36.20000076,2024/8/30 14:25
1725028503,1725028503,0,1,-30.09959412,-63.92052841,496968.5,14,12,25.29999924,2024/8/30 14:35
1725029103,1725029103,0,1,-67.26576233,-80.17881012,508018.125,23,12,-9.100000381,2024/8/30 14:45
1725029703,1725029703,0,1,-72.10799408,139.1576538,507663.125,31,13,-50.59999847,2024/8/30 14:55
1725030304,1725030303,0,1,-35.27106476,118.179863,494946.625,22,11,-34.09999847,2024/8/30 15:05
1725030904,1725030903,0,1,2.709120035,110.0500183,486694.0938,24,11,28.39999962,2024/8/30 15:15
1725031504,1725031503,0,1,40.65460968,101.491478,493202.875,17,10,-54,2024/8/30 15:25
1725032104,1725032103,0,1,76.92867279,71.34178925,503061.2188,29,13,-2.799999952,2024/8/30 15:35
1725032704,1725032704,0,1,61.92845535,-62.99035263,501673,25,11,2.299999952,2024/8/30 15:45
1725033304,1725033304,0,1,24.47250175,-76.20822144,493036.9688,19,9,-35.29999924,2024/8/30 15:55
1725033904,1725033904,0,1,-13.53224468,-83.89391327,492902,17,10,-2.299999952,2024/8/30 16:05
1725034504,1725034504,0,1,-51.24057007,-93.92022705,503704.25,20,10,-7.099999905,2024/8/30 16:15
1725035104,1725035104,0,1,-82.58893585,-175.3410492,509818.75,25,12,-47,2024/8/30 16:25
1725035704,1725035704,0,1,-51.67142487,99.8640976,501074.2813,26,12,-0.600000024,2024/8/30 16:35
1725036305,1725036304,0,1,-13.93117332,89.74634552,488676.4375,25,13,-60.09999847,2024/8/30 16:45
1725036905,1725036904,0,1,24.12259102,82.06076813,488967,28,12,-58.90000153,2024/8/30 16:55
1725037505,1725037504,0,1,61.62414932,68.97112274,499656.2813,29,13,-18.29999924,2024/8/30 17:05
1725038105,1725038104,0,1,77.13103485,-64.91925812,504022.875,26,13,21.29999924,2024/8/30 17:15
1725038705,1725038705,0,1,40.9872818,-95.61862183,496735.2813,21,9,-29.10000038,2024/8/30 17:25
1725039305,1725039305,0,1,3.091476679,-104.2025528,491206.2188,21,11,-17.89999962,2024/8/30 17:35
1725039905,1725039905,0,1,-34.84615326,-112.297905,498354.4063,19,9,-10.5,2024/8/30 17:45
1725040505,1725040505,0,1,-71.69573212,-132.7466431,508712.4375,25,13,-48.20000076,2024/8/30 17:55
1725041105,1725041105,0,1,-67.69082642,86.36702728,506299.625,26,13,10.80000019,2024/8/30 18:05
1725041705,1725041705,0,1,-30.51591301,69.78929138,493139.75,21,12,7.400000095,2024/8/30 18:15
1725042306,1725042305,0,1,7.502358437,61.91319275,486787.1563,25,14,-66,2024/8/30 18:25
1725044106,1725044106,0,1,57.30213165,-112.9214706,500725.0313,23,10,-23.39999962,2024/8/30 18:55
1725044706,1725044706,0,1,19.70046616,-124.4400253,492269.9063,20,12,-45.70000076,2024/8/30 19:05
1725045306,1725045306,0,1,-18.30931091,-132.0748901,493795.5938,18,9,-11.19999981,2024/8/30 19:15
1725045906,1725045906,0,1,-55.91078186,-143.1868286,505015,18,11,-22.60000038,2024/8/30 19:25
1725046506,1725046506,0,1,-81.3171463,103.7705536,509378.8438,26,12,-18,2024/8/30 19:35
1725047106,1725047106,0,1,-46.97039795,50.89905167,499156.1875,23,10,47.70000076,2024/8/30 19:45
1725047706,1725047706,0,1,-9.139621735,41.59000397,487678.9375,22,14,-33,2024/8/30 19:55
1725048307,1725048306,0,1,28.89949608,33.77452087,489858.25,13,11,13.30000019,2024/8/30 20:05
1725049507,1725049507,0,1,73.00489044,-121.9276505,503412.9063,5,0,-8.800000191,2024/8/30 20:25
1725050107,1725050107,0,1,36.23564911,-144.1429291,495367.0313,23,11,-28.70000076,2024/8/30 20:35
1725050707,1725050707,0,1,-1.708490014,-152.3347168,491244.625,25,11,14,2024/8/30 20:45
1725051307,1725051307,0,1,-39.59887314,-160.7893219,499805.9375,24,11,2,2024/8/30 20:55
1725051907,1725051907,0,1,-75.92185211,171.6434326,509343.4063,26,12,-58.40000153,2024/8/30 21:05
1725052507,1725052507,0,1,-63.1377182,35.26889801,504970.75,26,12,26.70000076,2024/8/30 21:15
1725053107,1725053107,0,1,-25.73726654,21.48324394,491584.625,20,10,27.39999962,2024/8/30 21:25
1725053708,1725053707,0,1,12.30609322,13.7622118,486962.2813,17,12,14.60000038,2024/8/30 21:35
1725054308,1725054307,0,1,50.11167526,3.934406757,495899.5938,12,10,45.59999847,2024/8/30 21:45
1725054908,1725054907,0,1,82.47618866,-69.65433502,503781.6875,24,11,21.70000076,2024/8/30 21:55
1725055508,1725055507,0,1,52.61499405,-162.3138123,499275.875,27,12,7,2024/8/30 22:05
1725056108,1725056108,0,1,14.89862633,-172.6320038,491380.6563,21,11,8.300000191,2024/8/30 22:15
1725056708,1725056708,0,1,-23.10667419,179.7028503,494728.4688,28,11,50.40000153,2024/8/30 22:25
1725057308,1725057308,0,1,-60.56990433,167.0527191,506264.6563,25,13,-43.20000076,2024/8/30 22:35
1725057908,1725057908,0,1,-78.1020813,36.0163002,508803.5313,30,13,7.800000191,2024/8/30 22:45
1725058508,1725058508,0,1,-42.22493744,2.166091681,497444.4063,22,11,20.89999962,2024/8/30 22:55
1725059108,1725059108,0,1,-4.323438168,-6.550683498,487088.2813,17,12,17.89999962,2024/8/30 23:05
1725059709,1725059708,0,1,33.6867981,-14.58882999,491037.1563,20,10,44.20000076,2024/8/30 23:15
1725060309,1725060308,0,1,70.69914246,-33.91987228,501560.1875,25,11,53.09999847,2024/8/30 23:25
1725060909,1725060908,0,1,68.64997864,-175.1753082,502547.9375,29,13,1.299999952,2024/8/30 23:35
1725061509,1725061508,0,1,31.45393753,167.4456482,493985.625,21,11,-8.100000381,2024/8/30 23:45
1725062109,1725062109,0,1,-6.526733398,159.5286407,491433.6563,24,12,58.59999847,2024/8/30 23:55
1725062709,1725062709,0,1,-44.35667038,150.5732727,501283.5313,31,12,-9.5,2024/8/31 0:05
1725063309,1725063309,0,1,-79.67848206,109.7904892,509690.1875,30,12,-24,2024/8/31 0:15
1725063909,1725063909,0,1,-58.49588776,-14.86235046,503532.7813,27,12,20.29999924,2024/8/31 0:25
1725064509,1725064509,0,1,-20.93150139,-26.76511383,490321.1875,20,9,-6.300000191,2024/8/31 0:35
1725065109,1725065109,0,1,17.12391281,-34.41421509,487604.6875,19,11,0.600000024,2024/8/31 0:45
1725065710,1725065709,0,1,54.82840729,-45.25477219,497339.2188,22,10,38.09999847,2024/8/31 0:55
1725066310,1725066309,0,1,81.80558014,-152.5293732,503815.9688,26,11,3.099999905,2024/8/31 1:05
1725066910,1725066909,0,1,47.95017624,148.6729126,497945.1563,23,10,19.89999962,2024/8/31 1:15
1725067510,1725067509,0,1,10.08186626,139.202652,490813.9063,21,13,56.40000153,2024/8/31 1:25
1725068110,1725068110,0,1,-27.9068737,131.4273834,495967.8125,22,11,-7.199999809,2024/8/31 1:35
1725068710,1725068710,0,1,-65.18465424,116.5400848,507340.25,27,13,-21.20000076,2024/8/31 1:45
1725069310,1725069310,0,1,-74.0728302,-22.50592232,508040.625,30,13,0.200000003,2024/8/31 1:55
1725069910,1725069910,0,1,-37.45424652,-46.40313339,495802.375,22,9,-5,2024/8/31 2:05
1725070510,1725070510,0,1,0.502763331,-54.68693542,486920.0313,26,12,-26.20000076,2024/8/31 2:15
1725071110,1725071110,0,1,38.46999741,-63.05376053,492581.8125,19,9,-31.60000038,2024/8/31 2:25
1725071711,1725071710,0,1,75.01307678,-88.6902771,502627.1563,28,11,-2.799999952,2024/8/31 2:35
1725072311,1725072310,0,1,64.09997559,133.4142761,501861.2813,29,11,-1.200000048,2024/8/31 2:45
1725072911,1725072910,0,1,26.72784424,119.133255,493041.2813,17,10,10,2024/8/31 2:55
1725073511,1725073510,0,1,-11.33817005,111.3803253,492074.1563,24,11,4.400000095,2024/8/31 3:05
1725074111,1725074111,0,1,-49.09212494,101.7433472,502640.0625,22,10,-5.599999905,2024/8/31 3:15
1725074711,1725074711,0,1,-82.21208191,35.92404556,509585.7188,29,12,-0.200000003,2024/8/31 3:25
1725075311,1725075311,0,1,-53.8096962,-64.38658905,501767.4063,26,13,10.80000019,2024/8/31 3:35
1725075911,1725075911,0,1,-16.11750603,-74.97085571,489088.125,21,11,14.60000038,2024/8/31 3:45
1725076511,1725076511,0,1,21.93943787,-82.62631226,488456.75,19,11,-17.60000038,2024/8/31 3:55
1725077111,1725077111,0,1,59.51346207,-94.88398743,498912.625,21,12,-48.09999847,2024/8/31 4:05
1725077712,1725077711,0,1,78.88375854,136.812439,503884,26,12,-0.699999988,2024/8/31 4:15
1725078312,1725078311,0,1,43.20539474,99.8913269,496996.5313,24,9,-53.5,2024/8/31 4:25
1725078912,1725078911,0,1,5.27017498,91.05963135,490969.4063,14,10,-54.79999924,2024/8/31 4:35
1725079512,1725079512,0,1,-32.68664551,83.08716583,497556,18,10,-7.599999905,2024/8/31 4:45
1725080112,1725080112,0,1,-69.69871521,64.79627228,508292.0625,25,11,28.89999962,2024/8/31 4:55
1725080712,1725080712,0,1,-69.71996307,-76.52534485,506897.0938,27,12,-4.699999809,2024/8/31 5:05
1725081312,1725081312,0,1,-32.68044662,-94.84185028,493890.5625,25,10,-4.199999809,2024/8/31 5:15
1725081912,1725081912,0,1,5.322686672,-102.8200073,486606.875,27,13,-16.39999962,2024/8/31 5:25
1725082512,1725082512,0,1,43.2375679,-111.6476212,493802.625,23,11,-11.19999981,2024/8/31 5:35
1725083112,1725083112,0,1,78.92510986,-148.7466736,503194.5625,31,14,-2,2024/8/31 5:45
1725083713,1725083712,0,1,59.4684906,83.1087265,500944.2813,29,12,-32.79999924,2024/8/31 5:55
1725084313,1725084312,0,1,21.92734909,70.8740921,492417.0313,17,8,-55.70000076,2024/8/31 6:05
1725084913,1725084912,0,1,-16.14604568,63.2127037,493273.8438,19,10,-25.5,2024/8/31 6:15
1725085513,1725085513,0,1,-53.79954147,52.63703156,504349.9375,23,12,43.29999924,2024/8/31 6:25
1725086113,1725086113,0,1,-82.22045135,-47.50323486,509556.9375,25,14,-22.39999962,2024/8/31 6:35
1725086713,1725086713,0,1,-49.10178757,-113.4958496,499952.0938,23,11,-9.399999619,2024/8/31 6:45
1725087313,1725087313,0,1,-11.308218,-123.1392517,487882.1875,23,13,-9.5,2024/8/31 6:55
1725087913,1725087913,0,1,26.74117851,-130.8852539,489179.75,22,12,-39.40000153,2024/8/31 7:05
1725088513,1725088513,0,1,64.14505005,-145.1930542,499939.5313,23,13,13.10000038,2024/8/31 7:15
1725089114,1725089113,0,1,74.96858215,76.83231354,503503.25,27,12,-6.400000095,2024/8/31 7:25
1725089714,1725089713,0,1,38.44198608,51.29538345,495836.5938,10,10,-15.10000038,2024/8/31 7:35
1725090314,1725090313,0,1,0.51783669,42.93797684,491151,21,13,-34.20000076,2024/8/31 7:45
1725090914,1725090913,0,1,-37.45884705,34.64794922,499086.9688,20,10,30.89999962,2024/8/31 7:55
1725091514,1725091514,0,1,-74.05565643,10.78812122,508963.5313,27,13,16.70000076,2024/8/31 8:05
1725092114,1725092114,0,1,-65.19923401,-128.2867126,505493.125,25,12,-37.09999847,2024/8/31 8:15
1725092714,1725092714,0,1,-27.88916397,-143.1864166,492064.0625,20,11,-4.800000191,2024/8/31 8:25
1725093314,1725093314,0,1,10.14669704,-150.9665527,486587.125,25,12,2.099999905,2024/8/31 8:35
1725093914,1725093914,0,1,47.99198532,-160.4353638,495113.4375,22,11,3.099999905,2024/8/31 8:45
1725094514,1725094514,0,1,81.83144379,140.400177,503583.4063,28,13,4.5,2024/8/31 8:55
1725096315,1725096314,0,1,-20.89360046,15.02085686,494211.375,19,11,26.89999962,2024/8/31 9:25
1725096915,1725096914,0,1,-58.48717499,3.114394903,505568.25,20,12,18.70000076,2024/8/31 9:35
1725097515,1725097515,0,1,-79.69134521,-121.4842987,508933.2188,28,12,-39.70000076,2024/8/31 9:45
1725098115,1725098115,0,1,-44.35100555,-162.3317108,498001.875,23,10,-6.599999905,2024/8/31 9:55
1725098715,1725098715,0,1,-6.476793289,-171.290863,487056.375,23,12,18.5,2024/8/31 10:05
1725099315,1725099315,0,1,31.54989433,-179.2177429,490309.6875,19,8,-8.899999619,2024/8/31 10:15
1725099915,1725099915,0,1,68.70844269,163.3650208,501098.8438,23,11,6.300000191,2024/8/31 10:25
1725100515,1725100515,0,1,70.64190674,22.09371948,502924.375,20,12,28.20000076,2024/8/31 10:35
1725101116,1725101115,0,1,33.65326309,2.830861568,494570.5313,21,10,41.5,2024/8/31 10:45
1725101716,1725101715,0,1,-4.311985016,-5.199181557,491279.5,23,13,17.60000038,2024/8/31 10:55
1725102316,1725102315,0,1,-42.17234039,-13.90447807,500400.2188,18,13,25,2024/8/31 11:05
1725102916,1725102915,0,1,-78.09477997,-47.73945999,509239.9063,27,15,-14.30000019,2024/8/31 11:15
1725103516,1725103516,0,1,-60.56944656,-178.8104553,503898.625,29,11,-46.79999924,2024/8/31 11:25
1725104116,1725104116,0,1,-23.06892014,168.5348053,490520.7188,24,10,57.09999847,2024/8/31 11:35
1725104716,1725104716,0,1,14.98511314,160.8636627,487080.4063,27,12,28.39999962,2024/8/31 11:45
1725105316,1725105316,0,1,52.7383461,150.5130005,496665.5938,26,11,18.79999924,2024/8/31 11:55
1725105916,1725105916,0,1,82.46235657,57.32740784,503853.5625,27,12,16.89999962,2024/8/31 12:05
1725106516,1725106516,0,1,50.05233765,-15.7051487,498551.9688,22,12,57.29999924,2024/8/31 12:15
1725107117,1725107116,0,1,12.28520966,-25.517416,491005.75,19,12,13.10000038,2024/8/31 12:25
1725107717,1725107716,0,1,-25.71327019,-33.23222351,495215.0625,18,12,-5.300000191,2024/8/31 12:35
1725108317,1725108316,0,1,-63.08540344,-46.98830032,506525.9375,27,12,18.70000076,2024/8/31 12:45
1725108917,1725108916,0,1,-75.91635132,176.587738,508117.9375,31,11,-58.40000153,2024/8/31 12:55
1725109517,1725109517,0,1,-39.56617355,149.0254211,496239.0313,24,10,0.800000012,2024/8/31 13:05
1725110117,1725110117,0,1,-1.629565001,140.5673828,486699.0313,22,12,71.80000305,2024/8/31 13:15
1725110717,1725110717,0,1,36.35969162,132.3604584,491743.3125,26,10,30.39999962,2024/8/31 13:25
1725111317,1725111317,0,1,73.14134216,109.9365387,502122.25,29,12,-10.30000019,2024/8/31 13:35
1725111917,1725111917,0,1,66.11991119,-30.05937195,502039.3438,24,13,59.5,2024/8/31 13:45
1725112517,1725112517,0,1,28.84108734,-45.5369072,493299.3438,18,10,-2.599999905,2024/8/31 13:55
1725113118,1725113117,0,1,-9.154666901,-53.34484482,491594.75,20,14,-15,2024/8/31 14:05
1725113718,1725113717,0,1,-46.94714355,-62.64622879,501807.4688,20,13,11.5,2024/8/31 14:15
1725114318,1725114317,0,1,-81.29544067,-115.3019638,509498.125,30,12,-36.29999924,2024/8/31 14:25
1725114918,1725114918,0,1,-55.87499619,131.4165802,502462.625,27,11,-25.70000076,2024/8/31 14:35
1725115518,1725115518,0,1,-18.23472214,120.307663,489561.625,25,10,9.100000381,2024/8/31 14:45
1725116118,1725116118,0,1,19.82277298,112.6652298,488075.2813,26,11,-2.700000048,2024/8/31 14:55
1725116718,1725116718,0,1,57.45787048,101.0936508,498282.8125,21,11,-37.40000153,2024/8/31 15:05
1725117318,1725117318,0,1,80.35235596,-19.74773407,503835.625,24,12,32.09999847,2024/8/31 15:15
1725117918,1725117918,0,1,45.29472351,-64.59864044,497286.9375,21,11,-20.79999924,2024/8/31 15:25
1725118519,1725118518,0,1,7.448504925,-73.67323303,490634.9688,22,11,1.700000048,2024/8/31 15:35
1725119119,1725119118,0,1,-30.52691078,-81.54454803,496518.9375,17,9,5.699999809,2024/8/31 15:45
1725119719,1725119718,0,1,-67.67500305,-98.10658264,507622.25,20,11,-24.20000076,2024/8/31 15:55
1725120319,1725120318,0,1,-71.65301514,120.9309616,507258.3125,30,12,-32.09999847,2024/8/31 16:05
1725120919,1725120919,0,1,-34.77165985,100.5268631,494700.125,26,10,-32.59999847,2024/8/31 16:15
1725121519,1725121519,0,1,3.212105036,92.42958069,486829.4063,27,12,-50.09999847,2024/8/31 16:25
1725122119,1725122119,0,1,41.15001297,83.82404327,493452.9688,21,11,-63.79999924,2024/8/31 16:35
1725122719,1725122719,0,1,77.28399658,52.66778564,503074.4688,28,13,6,2024/8/31 16:45
1725123319,1725123319,0,1,61.50852585,-80.79262543,501347,29,11,-37.59999847,2024/8/31 16:55
1725123919,1725123919,0,1,24.0337925,-93.82774353,492468.9375,18,8,-30.29999924,2024/8/31 17:05
1725124520,1725124519,0,1,-13.97744179,-101.5056076,492376.9688,19,11,-7.599999905,2024/8/31 17:15
1725125120,1725125119,0,1,-51.68275452,-111.6201096,503251.5,22,11,-11.19999981,2024/8/31 17:25
1725125720,1725125719,0,1,-82.58937836,163.5822906,509362.0625,28,13,-42.90000153,2024/8/31 17:35
1725126320,1725126319,0,1,-51.15927124,82.13547516,500648.1875,25,10,24.79999924,2024/8/31 17:45
1725126920,1725126919,0,1,-13.40754032,72.11955261,488514.2813,28,14,-53,2024/8/31 17:55
1725127520,1725127520,0,1,24.64441681,64.42391968,489054.5625,24,12,-44.40000153,2024/8/31 18:05
1725128720,1725128720,0,1,76.75299072,-83.62602234,503712.0313,26,13,5.099999905,2024/8/31 18:25
1725129320,1725129320,0,1,40.52806473,-113.2725296,496116.7188,21,10,-18.20000076,2024/8/31 18:35
1725129920,1725129920,0,1,2.621896744,-121.8139877,490613.625,15,10,-26,2024/8/31 18:45
1725130521,1725130520,0,1,-35.31732178,-129.9410858,497922.5,13,11,-11.19999981,2024/8/31 18:55
1725131121,1725131120,0,1,-72.13044739,-150.9412689,508366.0313,25,13,-60.29999924,2024/8/31 19:05
1725131721,1725131720,0,1,-67.23665619,68.39741516,505940.5,27,11,24.20000076,2024/8/31 19:15
1725132321,1725132320,0,1,-29.97166252,52.14100647,492897.875,23,11,13.69999981,2024/8/31 19:25
1725132921,1725132921,0,1,8.049343109,44.28663635,486776.2813,22,14,-22.5,2024/8/31 19:35
1725134121,1725134121,0,1,80.75604248,-12.70273018,503444.4375,9,11,31.39999962,2024/8/31 19:55
1725134721,1725134721,0,1,56.82829285,-130.6825867,500088.1563,24,11,0.200000003,2024/8/31 20:05
1725135321,1725135321,0,1,19.20843315,-142.0617981,491531.3125,21,11,-19.20000076,2024/8/31 20:15
1725135921,1725135921,0,1,-18.80761909,-149.6977539,493241.125,18,12,0.699999988,2024/8/31 20:25
1725136522,1725136521,0,1,-56.40169144,-160.9492035,504642.75,24,12,-30.70000076,2024/8/31 20:35
1725137122,1725137121,0,1,-81.04187012,83.44377136,509010.625,27,14,0,2024/8/31 20:45
1725137722,1725137721,0,1,-46.4678688,33.21061707,498886.8438,22,9,43.59999847,2024/8/31 20:55
1725138322,1725138321,0,1,-8.566091537,23.96002579,487603,22,12,-5.699999809,2024/8/31 21:05
1725138922,1725138922,0,1,29.46891785,16.12242889,489969.75,19,10,29.89999962,2024/8/31 21:15
1725139522,1725139522,0,1,66.74323273,0.219536662,500614.0938,18,11,49.09999847,2024/8/31 21:25
1725140122,1725140122,0,1,72.54629517,-140.2223511,502973.4063,28,12,-8,2024/8/31 21:35
1725140722,1725140722,0,1,35.72510529,-161.7935638,494640.7188,22,10,-14.30000019,2024/8/31 21:45
1725141322,1725141322,0,1,-2.22968173,-169.9522095,490588.3438,24,12,16.29999924,2024/8/31 21:55
1725141922,1725141922,0,1,-40.12062454,-178.4556732,499327.9688,27,12,19.29999924,2024/8/31 22:05
1725142523,1725142522,0,1,-76.36856079,152.8949432,508952,26,12,-56.5,2024/8/31 22:15
1725143123,1725143122,0,1,-62.62427521,17.38986206,504619.375,25,11,23,2024/8/31 22:25
1725143723,1725143722,0,1,-25.13992691,3.835048437,491424.1563,21,10,23.79999924,2024/8/31 22:35
1725144323,1725144323,0,1,12.9040184,-3.872864962,487107.3438,18,11,27.89999962,2024/8/31 22:45
1725144923,1725144923,0,1,50.6967659,-13.80933857,496082.3438,23,10,58.40000153,2024/8/31 22:55
1725145523,1725145523,0,1,82.55473328,-91.73435974,503595.8438,28,12,13.5,2024/8/31 23:05
1725146123,1725146123,0,1,52.0903244,179.9517059,498667.4688,23,11,4.400000095,2024/8/31 23:15
1725146723,1725146723,0,1,14.35762787,169.7434387,490685,23,12,17.60000038,2024/8/31 23:25
1725147323,1725147323,0,1,-23.65267754,162.0686646,494224.6563,29,13,50.79999924,2024/8/31 23:35
1725147923,1725147923,0,1,-61.10284805,149.20224,505904.125,29,14,-33.20000076,2024/8/31 23:45
1725148524,1725148523,0,1,-77.66430664,16.84252739,508474.3438,27,13,5.5,2024/8/31 23:55
1725149124,1725149123,0,1,-41.67392349,-15.51365471,497210.1563,22,8,25,2024/9/1 0:05
1725149724,1725149723,0,1,-3.766436577,-24.17294121,487135.5313,23,13,1.299999952,2024/9/1 0:15
1725150324,1725150324,0,1,34.30098343,-32.25904846,491243.375,22,10,41.40000153,2024/9/1 0:25
1725150924,1725150924,0,1,71.26561737,-52.22158051,501575.5625,23,12,28.60000038,2024/9/1 0:35
1725151524,1725151524,0,1,68.07080078,166.6817932,502085,30,11,7.800000191,2024/9/1 0:45
1725152124,1725152124,0,1,30.89680481,149.795639,493277.125,19,11,18.10000038,2024/9/1 0:55
1725152724,1725152724,0,1,-7.093356609,141.9036865,490823.625,28,14,74.80000305,2024/9/1 1:05
1725153324,1725153324,0,1,-44.92147064,132.8776245,500871.5313,28,12,-22.39999962,2024/9/1 1:15
1725153925,1725153924,0,1,-80.07023621,89.84024048,509295.5,27,12,-2.299999952,2024/9/1 1:25
1725154525,1725154524,0,1,-57.93377686,-32.68421173,503203.5625,26,12,22.39999962,2024/9/1 1:35
1725155125,1725155124,0,1,-20.35281372,-44.40206146,490247.9063,21,12,-5.099999905,2024/9/1 1:45
1725155725,1725155724,0,1,17.70108223,-52.04705811,487892.9063,19,11,-40,2024/9/1 1:55
1725156325,1725156324,0,1,55.4510498,-63.06088638,497693.0938,19,11,-11.89999962,2024/9/1 2:05
1725156925,1725156924,0,1,81.51654816,-173.9844208,503760.3438,29,13,3.700000048,2024/9/1 2:15
1725157525,1725157525,0,1,47.32262802,130.9359741,497478.2813,24,10,19,2024/9/1 2:25
1725158125,1725158125,0,1,9.503395081,121.5750427,490243.9375,22,12,53.79999924,2024/9/1 2:35
1725158725,1725158725,0,1,-28.48859596,113.7808456,495484.9688,22,12,-26.89999962,2024/9/1 2:45
1725159325,1725159325,0,1,-65.74581146,98.55252075,506837.8125,23,11,-2,2024/9/1 2:55
1725159925,1725159925,0,1,-73.54657745,-41.04684448,507514.9688,27,13,-4,2024/9/1 3:05
1725160526,1725160525,0,1,-36.86083221,-64.07618713,495409.9063,22,11,16.89999962,2024/9/1 3:15
1725161126,1725161125,0,1,1.102461696,-72.31459045,486867.4063,22,11,20.5,2024/9/1 3:25
1725161726,1725161725,0,1,39.06281281,-80.72969055,492764.7188,24,10,-33.70000076,2024/9/1 3:35
1725162326,1725162325,0,1,75.58177185,-107.5621262,502613.8438,27,13,-11.39999962,2024/9/1 3:45
1725162926,1725162926,0,1,63.46672058,115.4219208,501444.6875,27,12,-21.60000038,2024/9/1 3:55
1725163526,1725163526,0,1,26.06435013,101.4720688,492511.3438,16,10,-36.40000153,2024/9/1 4:05
1725164126,1725164126,0,1,-11.94463348,93.74932098,491768.4063,22,11,-53.20000076,2024/9/1 4:15
1725164726,1725164726,0,1,-49.69136429,84.00904846,502441.1875,22,11,21.39999962,2024/9/1 4:25
1725165326,1725165326,0,1,-82.37823486,13.98919201,509336.7813,29,12,-9,2024/9/1 4:35
1725165926,1725165926,0,1,-53.20918274,-82.16051483,501413.75,23,12,0.899999976,2024/9/1 4:45
1725166527,1725166526,0,1,-15.50254631,-92.60620117,488901.7813,21,12,-6.599999905,2024/9/1 4:55
1725167127,1725167126,0,1,22.55354309,-100.2681732,488517.8125,17,12,-12.89999962,2024/9/1 5:05
1725167727,1725167726,0,1,60.1085701,-112.74543,498940.125,24,13,-28.60000038,2024/9/1 5:15
1725168327,1725168326,0,1,78.37111664,117.0058975,503569.4688,28,12,-2.299999952,2024/9/1 5:25
1725168927,1725168927,0,1,42.53059006,82.17324066,496382.8125,23,8,-46.90000153,2024/9/1 5:35
1725169527,1725169527,0,1,4.64563179,73.42861938,490475.2188,20,12,-97.19999695,2024/9/1 5:45
1725170127,1725170127,0,1,-33.31129456,65.42149353,497223.75,16,10,16.60000038,2024/9/1 5:55
1725170727,1725170727,0,1,-70.28357697,46.54895782,508002.6563,24,12,26,2024/9/1 6:05
1725171327,1725171327,0,1,-69.12916565,-94.73560333,506514.625,26,12,-23.79999924,2024/9/1 6:15
1725171927,1725171927,0,1,-32.046772,-112.506691,493571.2188,20,11,-9.5,2024/9/1 6:25
1725172528,1725172527,0,1,5.960929871,-120.4534531,486585.125,23,13,-31.5,2024/9/1 6:35
1725173128,1725173127,0,1,43.86690521,-129.3553467,493945.5938,19,11,-28.60000038,2024/9/1 6:45
1725173728,1725173727,0,1,79.38720703,-168.6196899,503095.0313,30,12,2.200000048,2024/9/1 6:55
1725174328,1725174327,0,1,58.78783035,65.21286774,500442.5625,25,11,-15.80000019,2024/9/1 7:05
1725174928,1725174928,0,1,21.22230148,53.21455765,491790.2813,17,12,-35.09999847,2024/9/1 7:15
1725175528,1725175528,0,1,-16.7935524,45.57075119,492803.8438,20,9,-14,2024/9/1 7:25
1725176128,1725176128,0,1,-54.43748474,34.83960724,503983.375,23,12,39.59999847,2024/9/1 7:35
1725176728,1725176728,0,1,-81.9952774,-69.5436554,509111.125,29,13,-26.89999962,2024/9/1 7:45
1725177328,1725177328,0,1,-48.45177841,-131.2413788,499512.7188,26,11,-15.39999962,2024/9/1 7:55
1725177928,1725177928,0,1,-10.64597702,-140.7786102,487733.4688,24,12,-3.5,2024/9/1 8:05
1725178529,1725178528,0,1,27.40003204,-148.5445862,489328.6563,22,11,-14.60000038,2024/9/1 8:15
1725179129,1725179128,0,1,64.7746582,-163.2044983,500029.5313,24,10,7.300000191,2024/9/1 8:25
1725179729,1725179728,0,1,74.39169312,58.06673431,503152.3438,27,12,1.299999952,2024/9/1 8:35
1725180929,1725180926,0,1,-0.215884998,25.28810501,490662.8438,5,0,-18.5,2024/9/1 8:55
1725181529,1725181529,0,1,-38.1293602,16.95667458,498672.0938,18,11,27.10000038,2024/9/1 9:05
1725182129,1725182129,0,1,-74.65271759,-7.972071648,508566.8125,25,12,10.89999962,2024/9/1 9:15
1725182729,1725182729,0,1,-64.54646301,-146.3249359,505061.2813,27,11,-42.90000153,2024/9/1 9:25
1725183329,1725183329,0,1,-27.20518684,-160.8495789,491820.0625,23,10,7.300000191,2024/9/1 9:35
1725183929,1725183929,0,1,10.83262348,-168.6093445,486720.8125,28,11,11.80000019,2024/9/1 9:45
1725184530,1725184529,0,1,48.66445923,-178.186676,495379.75,22,10,1,2024/9/1 9:55
1725185130,1725185129,0,1,82.0925293,118.3481827,503511.3125,28,11,4.5,2024/9/1 10:05
1725186330,1725186330,0,1,16.36342239,5.001153469,491005.4063,5,0,22,2024/9/1 10:25
1725186930,1725186930,0,1,-21.65060234,-2.64738822,493736.875,16,11,15.39999962,2024/9/1 10:35
1725187530,1725187530,0,1,-59.16632843,-14.7743187,505162.375,23,12,20.79999924,2024/9/1 10:45
1725188130,1725188130,0,1,-79.1912384,-141.7399292,508486.125,28,13,-50.29999924,2024/9/1 10:55
1725188730,1725188730,0,1,-43.65175629,179.9411163,497617.9375,25,10,11.60000038,2024/9/1 11:05
1725189330,1725189330,0,1,-5.767983437,171.0655365,487030.0625,26,11,38.20000076,2024/9/1 11:15
1725189931,1725189930,0,1,32.25240326,163.1044006,490591.0313,17,10,-4.900000095,2024/9/1 11:25
1725190531,1725190530,0,1,69.36506653,145.103241,501214.4063,22,13,0.800000012,2024/9/1 11:35
1725191131,1725191130,0,1,69.99049377,3.743479967,502519.0313,23,12,46.29999924,2024/9/1 11:45
1725191731,1725191730,0,1,32.88486481,-14.86648369,493840.2813,20,10,42,2024/9/1 11:55
1725192331,1725192331,0,1,-5.091865063,-22.85542107,490663.625,18,12,1.899999976,2024/9/1 12:05
1725192931,1725192931,0,1,-42.94868088,-31.6461525,500030.4688,20,11,3.900000095,2024/9/1 12:15
1725193531,1725193531,0,1,-78.65206146,-67.59572601,508878.875,25,13,-19.10000038,2024/9/1 12:25
1725194131,1725194131,0,1,-59.86441422,163.2575989,503532.4375,29,12,-38.09999847,2024/9/1 12:35
1725194731,1725194731,0,1,-22.34059906,150.8731232,490427.875,24,10,52.20000076,2024/9/1 12:45
1725195331,1725195331,0,1,15.71270847,143.2117462,487330.6875,27,11,53.40000153,2024/9/1 12:55
1725195932,1725195931,0,1,53.44832993,132.7033539,496925,23,10,15.30000019,2024/9/1 13:05
1725196532,1725196531,0,1,82.29901123,34.45667267,503628.7188,28,12,21,2024/9/1 13:15
1725197132,1725197131,0,1,49.33628082,-33.48148346,497845,24,9,55.79999924,2024/9/1 13:25
1725197732,1725197731,0,1,11.48653793,-43.18011093,490278.4063,23,13,-24.29999924,2024/9/1 13:35
1725198332,1725198332,0,1,-26.51584816,-50.91527939,494760.3438,19,11,5.400000095,2024/9/1 13:45
1725198932,1725198932,0,1,-63.86116028,-65.06440735,506271.8125,25,13,15.80000019,2024/9/1 13:55
1725199532,1725199532,0,1,-75.27703857,157.4744873,507843.3438,28,12,-57.79999924,2024/9/1 14:05
1725200132,1725200132,0,1,-38.82342911,131.3132935,496105.375,25,11,-26.5,2024/9/1 14:15
1725200732,1725200732,0,1,-0.881110013,122.9203262,486905.0313,23,11,60.5,2024/9/1 14:25
1725201332,1725201332,0,1,37.09842682,114.6615295,492166.7188,21,10,-16.20000076,2024/9/1 14:35
1725201933,1725201932,0,1,73.80287933,91.20973206,502206.125,26,12,-10.39999962,2024/9/1 14:45
1725202533,1725202532,0,1,65.41470337,-48.1819458,501603.0625,27,11,38.90000153,2024/9/1 14:55
1725203133,1725203132,0,1,28.09644127,-63.21305466,492645.125,21,10,-46.79999924,2024/9/1 15:05
1725203733,1725203732,0,1,-9.971815109,-71.00782776,491072.375,19,12,27.20000076,2024/9/1 15:15
1725204333,1725204333,0,1,-47.75668335,-80.43006897,501531.2188,18,9,5.599999905,2024/9/1 15:25
1725204933,1725204933,0,1,-81.6987381,-137.7193756,509175.5,25,11,-44.59999847,2024/9/1 15:35
1725205533,1725205533,0,1,-55.12945938,113.5556412,502100.6563,26,13,-16.5,2024/9/1 15:45
1725206133,1725206133,0,1,-17.47046089,102.6467667,489522.4063,25,10,-39,2024/9/1 15:55
1725206733,1725206733,0,1,20.58459854,95.00266266,488428,24,11,-52.09999847,2024/9/1 16:05
1725207333,1725207333,0,1,58.19642639,83.19926453,498584,23,14,-35.09999847,2024/9/1 16:15
1725207934,1725207933,0,1,79.85256958,-40.61320877,503676.9375,25,12,33.79999924,2024/9/1 16:25
1725208534,1725208533,0,1,44.54348373,-82.34635162,496719.0938,23,9,-36.5,2024/9/1 16:35
1725209134,1725209133,0,1,6.618361473,-91.33734894,490034.25,17,10,-1.899999976,2024/9/1 16:45
1725209734,1725209734,0,1,-31.35782623,-99.24551392,496153.7813,19,10,-5.199999809,2024/9/1 16:55
1725210334,1725210334,0,1,-68.46321869,-116.4346161,507297.3125,25,11,-34.09999847,2024/9/1 17:05
1725210934,1725210934,0,1,-70.93951416,102.4002762,506808.0313,28,12,-10.5,2024/9/1 17:15
1725211534,1725211534,0,1,-33.99449539,82.82711792,494373.3438,18,12,-4.099999905,2024/9/1 17:25
1725212134,1725212134,0,1,3.994838238,74.77707672,486962,25,12,-100.6999969,2024/9/1 17:35
1725212734,1725212734,0,1,41.92161179,66.09307861,493738.4375,14,11,-38.70000076,2024/9/1 17:45
1725215735,1725215735,0,1,-52.52476501,-129.4697571,502906.75,6,0,-16.39999962,2024/9/1 18:35
1725216335,1725216335,0,1,-82.51272583,139.4030304,508959.5625,26,12,-42.29999924,2024/9/1 18:45
1725216935,1725216935,0,1,-50.37097549,64.32711029,500228.1563,23,11,37.29999924,2024/9/1 18:55
1725217535,1725217535,0,1,-12.60379505,54.45985794,488399.0313,22,13,-28.60000038,2024/9/1 19:05
1725218135,1725218135,0,1,25.44446373,46.74700165,489264.5625,20,11,-8.399999619,2024/9/1 19:15
1725219336,1725219335,0,1,76.08334351,-103.0480804,503333.375,25,12,-8.5,2024/9/1 19:35
1725219936,1725219935,0,1,39.72927856,-131.0005951,495371,22,10,-36.70000076,2024/9/1 19:45
1725220536,1725220535,0,1,1.808305025,-139.4699554,489948.5938,20,12,-1.700000048,2024/9/1 19:55
1725221136,1725221135,0,1,-36.19273376,-147.6698608,497573.0625,19,10,-6.599999905,2024/9/1 20:05
1725221736,1725221735,0,1,-72.92935944,-169.7670593,508080.9063,23,13,-65.69999695,2024/9/1 20:15
1725222336,1725222336,0,1,-66.39624786,50.10668564,505525.8125,28,12,32.59999847,2024/9/1 20:25
1725222936,1725222936,0,1,-29.14808846,34.45036697,492658.0625,22,11,18.70000076,2024/9/1 20:35
1725223536,1725223536,0,1,8.876092911,26.62709427,486909.5625,22,11,-5.199999809,2024/9/1 20:45
1725224136,1725224136,0,1,46.7367897,17.34733391,494956.8438,9,11,45.20000076,2024/9/1 20:55
1725224736,1725224736,0,1,81.22091675,-34.58628082,503313.0938,28,12,34.09999847,2024/9/1 21:05
1725225337,1725225336,0,1,56.0230484,-148.5800781,499436.0313,29,11,8.5,2024/9/1 21:15
1725225937,1725225936,0,1,18.37692451,-159.7318878,490745.5938,22,10,7.199999809,2024/9/1 21:25
1725226537,1725226536,0,1,-19.64549446,-167.3699341,492724.4063,21,11,19,2024/9/1 21:35
1725227137,1725227136,0,1,-57.284935,-178.8961945,504344.125,22,11,-40.90000153,2024/9/1 21:45
1725227737,1725227737,0,1,-80.50148773,61.31994247,508603.5,31,12,6.800000191,2024/9/1 21:55
1725228337,1725228337,0,1,-45.5664711,15.41292858,498527.8125,25,11,28.79999924,2024/9/1 22:05
1725228937,1725228937,0,1,-7.715165138,6.298183441,487624.5625,23,12,8.199999809,2024/9/1 22:15
1725229537,1725229537,0,1,30.3129921,-1.573293328,490327.0313,20,8,39.59999847,2024/9/1 22:25
1725230137,1725230137,0,1,67.54079437,-18.05344391,500749.4688,26,11,63.20000076,2024/9/1 22:35
1725230737,1725230737,0,1,71.778862,-158.9347076,502525.375,29,12,-0.300000012,2024/9/1 22:45
1725231338,1725231337,0,1,34.87949753,-179.5084991,493846.9688,21,10,-10.10000038,2024/9/1 22:55
1725231938,1725231937,0,1,-3.088560104,172.3866272,489949.5313,20,12,32.29999924,2024/9/1 23:05
1725232538,1725232537,0,1,-40.97577286,163.801239,499022.875,28,12,7,2024/9/1 23:15
1725233138,1725233137,0,1,-77.13696289,133.0555267,508656.9375,28,14,-46.20000076,2024/9/1 23:25
1725233738,1725233738,0,1,-61.72660065,-0.717244983,504243.375,29,11,13.5,2024/9/1 23:35
1725234338,1725234338,0,1,-24.27143669,-13.85147476,491279.4375,18,10,11.30000019,2024/9/1 23:45
1725234938,1725234938,0,1,13.7732296,-21.54151917,487358.9375,21,11,19.20000076,2024/9/1 23:55
1725235538,1725235538,0,1,51.5472908,-31.6423378,496376.375,23,11,60.40000153,2024/9/2 0:05
1725236138,1725236138,0,1,82.58707428,-115.9712753,503418,29,12,5.599999905,2024/9/2 0:15
1725236738,1725236738,0,1,51.23795319,162.1081696,497978.8438,24,12,6.900000095,2024/9/2 0:25
1725237339,1725237338,0,1,13.48245335,152.0721436,489935.9063,23,12,39.79999924,2024/9/2 0:35
1725237939,1725237938,0,1,-24.53195,144.3813782,493817.0625,25,13,34.5,2024/9/2 0:45
1725238539,1725238538,0,1,-61.95692825,131.1502991,505627.4688,24,13,-35.70000076,2024/9/2 0:55
1725239139,1725239138,0,1,-76.89387512,-3.250971556,508096.5313,27,13,2.900000095,2024/9/2 1:05
1725239739,1725239739,0,1,-40.72909927,-33.28755188,496906.5625,23,10,-0.200000003,2024/9/2 1:15
1725240339,1725240339,0,1,-2.811448336,-41.85202408,487260.4375,23,12,-19.60000038,2024/9/2 1:25
1725240939,1725240939,0,1,35.18254852,-49.97902679,491723.9375,20,9,-7.400000095,2024/9/2 1:35
1725241539,1725241539,0,1,72.07194519,-70.92095947,501823.4063,24,11,9.399999619,2024/9/2 1:45
1725242139,1725242139,0,1,67.24003601,148.3391418,501769.6563,28,12,4.099999905,2024/9/2 1:55
1725242739,1725242739,0,1,30.01416588,132.089447,492639.5313,21,9,27.29999924,2024/9/2 2:05
1725243340,1725243339,0,1,-7.986288548,124.2357635,490333.75,24,14,45.5,2024/9/2 2:15
1725243940,1725243939,0,1,-45.80757141,115.0944901,500525.9688,21,11,-25.89999962,2024/9/2 2:25
1725244540,1725244539,0,1,-80.64614868,68.14663696,508856.2813,28,13,3.900000095,2024/9/2 2:35
1725245140,1725245140,0,1,-56.99107742,-50.67473602,502681.0313,25,12,18.10000038,2024/9/2 2:45
1725245740,1725245740,0,1,-19.38238335,-62.09981155,490022.75,21,10,23.5,2024/9/2 2:55
1725246340,1725246340,0,1,18.67089272,-69.7407074,488167.9063,20,11,-36.70000076,2024/9/2 3:05
1725246940,1725246940,0,1,56.33321381,-80.98137665,498032.3438,17,10,-45.09999847,2024/9/2 3:15
1725247540,1725247540,0,1,81.04418182,163.3899841,503602.875,30,11,1.700000048,2024/9/2 3:25
1725248140,1725248140,0,1,46.42965317,113.1354141,496924.0625,26,10,-22.10000038,2024/9/2 3:35
1725248740,1725248740,0,1,8.592506409,103.9045334,489786.4688,21,12,-8.899999619,2024/9/2 3:45
1725249341,1725249340,0,1,-29.3990593,96.07752228,495295.5,19,9,-34.90000153,2024/9/2 3:55
1725249941,1725249940,0,1,-66.61515808,80.28012848,506672.9375,26,11,15.80000019,2024/9/2 4:05
1725250541,1725250540,0,1,-72.72393799,-60.00656891,507135.6875,27,13,-3.5,2024/9/2 4:15
1725251141,1725251141,0,1,-35.88325882,-81.82659912,495009,19,10,5.099999905,2024/9/2 4:25
1725251741,1725251741,0,1,2.089164972,-89.99549103,486885.5625,25,12,-2.799999952,2024/9/2 4:35
1725252341,1725252341,0,1,40.03824997,-98.49536896,493071.6563,23,11,-26.60000038,2024/9/2 4:45
1725252941,1725252941,0,1,76.36049652,-127.1226501,502647.0313,27,14,-4.599999905,2024/9/2 4:55
1725253541,1725253541,0,1,62.58353424,97.29294586,500986.0938,29,12,-29.70000076,2024/9/2 5:05
1725254141,1725254141,0,1,25.14223671,83.77520752,491921.875,12,8,-63,2024/9/2 5:15
1725254742,1725254741,0,1,-12.87404633,76.07400513,491449.1563,24,13,-63,2024/9/2 5:25
1725255342,1725255341,0,1,-50.60762787,66.16691589,502293.3438,26,12,37.29999924,2024/9/2 5:35
1725255942,1725255941,0,1,-82.54216766,-10.57224655,509039.7188,27,12,-10.80000019,2024/9/2 5:45
1725256542,1725256541,0,1,-52.22854233,-100.0667572,500946.5,21,11,-9.600000381,2024/9/2 5:55
1725257142,1725257141,0,1,-14.49998474,-110.2992096,488682.4063,23,13,-3.599999905,2024/9/2 6:05
1725257742,1725257742,0,1,23.55374336,-117.9751282,488753.375,19,11,-46.09999847,2024/9/2 6:15
1725258342,1725258342,0,1,61.07537842,-130.8341827,499125.3438,23,12,2.599999905,2024/9/2 6:25
1725258942,1725258942,0,1,77.63704681,96.6567688,503309.8125,28,11,-5.800000191,2024/9/2 6:35
1725259542,1725259542,0,1,41.6001358,64.40265656,495750.2188,21,10,-34.79999924,2024/9/2 6:45
1725260142,1725260142,0,1,3.699513435,55.75537491,489932.7188,20,11,-55,2024/9/2 6:55
1725260743,1725260742,0,1,-34.2551918,47.69340134,496945.6563,18,10,29,2024/9/2 7:05
1725261343,1725261342,0,1,-71.16129303,27.8704071,507684.875,27,13,20.20000076,2024/9/2 7:15
1725261943,1725261942,0,1,-68.23365021,-113.2203369,505982.875,27,12,-32.09999847,2024/9/2 7:25
1725262543,1725262542,0,1,-31.02766609,-130.2437897,493135.9063,21,11,-12.69999981,2024/9/2 7:35
1725263143,1725263143,0,1,6.986653328,-138.1427307,486651.125,25,14,-11,2024/9/2 7:45
1725263743,1725263743,0,1,44.87709427,-147.1690979,494292.9375,23,12,-16.20000076,2024/9/2 7:55
1725264343,1725264343,0,1,80.08969879,169.670639,503103.875,24,12,2,2024/9/2 8:05
1725264943,1725264943,0,1,57.85609436,47.21431351,499887.9375,7,12,7.699999809,2024/9/2 8:15
1725267344,1725267343,0,1,-81.5771637,-93.28962708,508626.25,30,13,-27.89999962,2024/9/2 8:55
1725267944,1725267943,0,1,-47.48355484,-149.0746307,499011.9688,24,11,-14.10000038,2024/9/2 9:05
1725268544,1725268543,0,1,-9.597648621,-158.4734039,487635.1563,27,11,9.300000191,2024/9/2 9:15
1725269144,1725269144,0,1,28.44187927,-166.272995,489718.2188,22,9,-0.899999976,2024/9/2 9:25
1725269744,1725269744,0,1,65.76676941,178.4716339,500337.8438,24,12,5.099999905,2024/9/2 9:35
1725270344,1725270344,0,1,73.47041321,38.75857925,502857.125,25,12,12,2024/9/2 9:45
1725271544,1725271544,0,1,-1.205186725,7.609388351,489937.4063,19,12,13.89999962,2024/9/2 10:05
1725272144,1725272144,0,1,-39.11374664,-0.804493308,498346.8125,18,13,16.89999962,2024/9/2 10:15
1725272745,1725272744,0,1,-75.51535034,-27.4652462,508185.4688,23,12,-3.599999905,2024/9/2 10:25
1725273345,1725273344,0,1,-63.58852005,-164.5514374,504529.5,27,11,-46,2024/9/2 10:35
1725273945,1725273944,0,1,-26.2042408,-178.5633087,491500.0938,26,10,49.90000153,2024/9/2 10:45
1725274545,1725274545,0,1,11.89964676,173.6916809,486962.5938,25,10,17.70000076,2024/9/2 10:55
1725275145,1725275145,0,1,49.71022415,163.936264,495827.3438,22,10,6.599999905,2024/9/2 11:05
1725275745,1725275745,0,1,82.39585876,93.26171112,503498.5938,29,11,6.599999905,2024/9/2 11:15
1725276345,1725276345,0,1,53.0740242,-2.270129919,498641.4375,14,11,51.29999924,2024/9/2 11:25
1725276945,1725276945,0,1,15.35871124,-12.69007206,490274.0313,18,14,31.5,2024/9/2 11:35
1725277545,1725277545,0,1,-22.66004181,-20.35069084,493288.0313,18,12,0.699999988,2024/9/2 11:45
1725278145,1725278145,0,1,-60.15079498,-32.83906174,504807.1875,26,14,23.29999924,2024/9/2 11:55
1725278746,1725278745,0,1,-78.42957306,-162.7918701,507996.75,30,12,-55.29999924,2024/9/2 12:05
1725279346,1725279345,0,1,-42.63883972,162.1413879,497200.5313,27,10,0.600000024,2024/9/2 12:15
1725279946,1725279945,0,1,-4.678853512,153.3683624,487080.2813,29,10,57.5,2024/9/2 12:25
1725280546,1725280546,0,1,33.33115768,145.35112,491082.125,23,10,26.5,2024/9/2 12:35
1725281146,1725281146,0,1,70.36740875,126.3724594,501500.4063,26,11,-9.100000381,2024/9/2 12:45
1725281746,1725281746,0,1,68.98558044,-14.94891357,502090.125,22,12,60,2024/9/2 12:55
1725282346,1725282346,0,1,31.8679924,-32.60295868,493050.0625,21,12,33.59999847,2024/9/2 13:05
1725282946,1725282946,0,1,-6.122001648,-40.54035187,490051.4063,21,14,-13.10000038,2024/9/2 13:15
1725283546,1725283546,0,1,-43.97213364,-49.44958496,499682.6875,15,11,-2.400000095,2024/9/2 13:25
1725284146,1725284146,0,1,-79.41553497,-88.85306549,508510.2813,24,12,-19,2024/9/2 13:35
1725284747,1725284746,0,1,-58.85381699,145.1877441,503091.5625,27,12,-28.39999962,2024/9/2 13:45
1725285347,1725285346,0,1,-21.29854965,133.1657104,490353.9688,26,10,25.5,2024/9/2 13:55
1725285947,1725285946,0,1,16.81668091,125.5025635,487789.8438,25,12,43.29999924,2024/9/2 14:05
1725286547,1725286547,0,1,54.52410507,114.7407532,497485.3438,23,11,-19.10000038,2024/9/2 14:15
1725287147,1725287147,0,1,81.9352417,9.358117104,503572.75,29,12,31.5,2024/9/2 14:25
1725287747,1725287747,0,1,48.25502777,-51.36553574,497234.625,22,9,16.39999962,2024/9/2 14:35
1725288347,1725288347,0,1,10.44505501,-60.87057114,489648.9375,20,12,-43.20000076,2024/9/2 14:45
1725288947,1725288947,0,1,-27.55908585,-68.63524628,494386.8125,22,10,42.20000076,2024/9/2 14:55
1725289547,1725289547,0,1,-64.86585999,-83.33505249,505984.9688,21,10,-9.600000381,2024/9/2 15:05
1725290148,1725290147,0,1,-74.36006165,137.9318695,507322.4688,29,12,-49.29999924,2024/9/2 15:15
1725290748,1725290747,0,1,-37.77368927,113.5387268,495687.7813,25,10,-36.90000153,2024/9/2 15:25
1725291348,1725291347,0,1,0.178723335,105.2322388,487062.8438,26,12,15.10000038,2024/9/2 15:35
1725291948,1725291947,0,1,38.20807648,96.877388,492760.1563,16,10,-47.5,2024/9/2 15:45
1725292548,1725292548,0,1,74.78255463,71.70001984,502534.5313,29,12,-5.199999809,2024/9/2 15:55
1725293148,1725293148,0,1,64.35418701,-66.53662872,501332.8125,28,13,-3.799999952,2024/9/2 16:05
1725293748,1725293748,0,1,26.98473358,-80.95214081,492018.7188,19,9,-27.29999924,2024/9/2 16:15
1725294348,1725294348,0,1,-11.0296154,-88.69972229,490655.875,18,11,-7.400000095,2024/9/2 16:25
1725294948,1725294948,0,1,-48.80280304,-98.28853607,501220.6563,22,11,-7,2024/9/2 16:35
1725295548,1725295548,0,1,-82.12253571,-162.2291718,508685.625,28,13,-48.5,2024/9/2 16:45
1725296149,1725296148,0,1,-54.08203125,95.59056091,501479.875,23,11,6.099999905,2024/9/2 16:55
1725296749,1725296748,0,1,-16.39653587,84.94358826,489318.25,22,12,-58.20000076,2024/9/2 17:05
1725297349,1725297348,0,1,21.65587425,77.29238892,488809.6875,21,11,-60.59999847,2024/9/2 17:15
1725297949,1725297948,0,1,59.29485703,65.10206604,499069.9063,15,13,-15.30000019,2024/9/2 17:25
1725298549,1725298549,0,1,79.05257416,-62.51963425,503634.0313,30,13,19.79999924,2024/9/2 17:35
1725299149,1725299149,0,1,43.42594528,-100.1833801,496117.0625,24,8,-24.89999962,2024/9/2 17:45
1725299749,1725299749,0,1,5.545038223,-109.0286331,489464.1563,24,13,-24.70000076,2024/9/2 17:55
1725300349,1725300349,0,1,-32.43011856,-116.9897537,495779.6875,24,10,-10.69999981,2024/9/2 18:05
1725300949,1725300949,0,1,-69.47431946,-135.0703888,506861.5313,24,12,-46.79999924,2024/9/2 18:15
1725301549,1725301549,0,1,-69.93448639,83.59770966,506116.5,28,12,13.80000019,2024/9/2 18:25
1725302150,1725302149,0,1,-32.90738297,65.07357025,493842.625,22,11,16.39999962,2024/9/2 18:35
1725302750,1725302749,0,1,5.090363503,57.083992,487002.7813,20,12,-56.40000153,2024/9/2 18:45
1725304550,1725304550,0,1,59.6399498,-116.9296646,500288.6563,19,12,-20.20000076,2024/9/2 19:15
1725305150,1725305150,0,1,22.09461594,-129.2297211,491056.4063,20,10,-40.70000076,2024/9/2 19:25
1725305750,1725305750,0,1,-15.93146515,-136.8827972,491456,20,11,-9.899999619,2024/9/2 19:35
1725306350,1725306350,0,1,-53.60684586,-147.417099,502674.9063,20,13,-20.60000038,2024/9/2 19:45
1725306950,1725306950,0,1,-82.2733078,113.6694183,508481.1875,30,13,-27.29999924,2024/9/2 19:55
1725307550,1725307550,0,1,-49.2760849,46.43284225,499652.75,23,11,45,2024/9/2 20:05
1725308151,1725308150,0,1,-11.48785877,36.75896072,488223.4063,24,11,-22.20000076,2024/9/2 20:15
1725308751,1725308750,0,1,26.55545235,29.01798248,489594.3438,20,11,12.60000038,2024/9/2 20:25
1725310551,1725310551,0,1,38.56122208,-148.8079376,494598.8125,18,10,-22.5,2024/9/2 20:55
1725311151,1725311151,0,1,0.622744977,-157.1780853,489321.1563,18,12,17.10000038,2024/9/2 21:05
1725311751,1725311751,0,1,-37.31069183,-165.4476166,497246.6875,25,12,8.800000191,2024/9/2 21:15
1725312351,1725312351,0,1,-73.93730164,170.8854065,507698.9688,29,13,-58.70000076,2024/9/2 21:25
1725312951,1725312951,0,1,-65.31789398,31.68255806,504957.5625,27,12,20,2024/9/2 21:35
1725313551,1725313551,0,1,-28.01403046,16.70975876,492280,19,9,32.09999847,2024/9/2 21:45
1725314152,1725314151,0,1,10.01467991,8.925680161,487098.4063,19,10,24,2024/9/2 21:55
1725314752,1725314751,0,1,47.85487747,-0.521631658,495403.2188,19,10,47.90000153,2024/9/2 22:05
1725315352,1725315351,0,1,81.77020264,-58.83110428,503321.1563,27,12,16.20000076,2024/9/2 22:15
1725315952,1725315952,0,1,54.85388947,-166.6145935,498769.5313,27,12,14.10000038,2024/9/2 22:25
1725316552,1725316552,0,1,17.17432022,-177.4578705,489996.875,21,12,6.699999809,2024/9/2 22:35
1725317152,1725317152,0,1,-20.85321808,174.8980713,492310.125,26,12,60.59999847,2024/9/2 22:45
1725317752,1725317752,0,1,-58.40326691,163.0298004,504087.0938,27,12,-35.79999924,2024/9/2 22:55
1725318352,1725318352,0,1,-79.74284363,38.69921494,508132.7188,28,13,3.400000095,2024/9/2 23:05
1725318952,1725318952,0,1,-44.42295456,-2.436428308,498014.5938,22,9,22.20000076,2024/9/2 23:15
1725319552,1725319552,0,1,-6.554908276,-11.40429497,487570.0313,22,10,16.79999924,2024/9/2 23:25
1725320153,1725320152,0,1,31.46446419,-19.32614899,490766.8125,20,9,37.40000153,2024/9/2 23:35
1725320753,1725320752,0,1,68.62391663,-36.67008209,501030.125,24,12,52.79999924,2024/9/2 23:45
1725321353,1725321352,0,1,70.72272491,-177.9282684,502139.1563,28,13,2,2024/9/2 23:55
1725321953,1725321953,0,1,33.66605759,162.7048187,493077.1875,18,10,-6,2024/9/3 0:05
1725322553,1725322553,0,1,-4.316659927,154.6720734,489403.3125,26,13,63.20000076,2024/9/3 0:15
1725323153,1725323153,0,1,-42.19478226,145.9622345,498815.375,26,12,-2.599999905,2024/9/3 0:25
1725323753,1725323753,0,1,-78.07314301,112.2215424,508288.9688,26,13,-26.70000076,2024/9/3 0:35
1725324353,1725324353,0,1,-60.59183121,-18.92157745,503669.9688,25,11,19.10000038,2024/9/3 0:45
1725324953,1725324953,0,1,-23.09531593,-31.5843792,490990.8438,22,10,-6.400000095,2024/9/3 0:55
1725325554,1725325553,0,1,14.9508419,-39.25444794,487686.6875,23,9,-15.39999962,2024/9/3 1:05
1725326154,1725326153,0,1,52.69844818,-49.59377289,496901.625,19,11,23.5,2024/9/3 1:15
1725326754,1725326753,0,1,82.47212982,-142.486496,503433.5,29,12,3.700000048,2024/9/3 1:25
1725327354,1725327353,0,1,50.02450562,144.1544189,497402.0625,23,10,20.60000038,2024/9/3 1:35
1725327954,1725327953,0,1,12.24213696,134.347641,489315.5938,21,14,53.79999924,2024/9/3 1:45
1725328554,1725328554,0,1,-25.77397919,126.6306458,493530.9688,20,12,-3,2024/9/3 1:55
1725329154,1725329154,0,1,-63.15870285,112.8399506,505313.4375,26,13,-21.79999924,2024/9/3 2:05
1725329754,1725329754,0,1,-75.89951324,-23.58966255,507515.6875,29,12,-2.599999905,2024/9/3 2:15
1725330354,1725330354,0,1,-39.54465485,-51.10452652,496362.5313,25,11,-1.600000024,2024/9/3 2:25
1725330954,1725330954,0,1,-1.613314986,-59.55843353,487286.5,22,11,-13.60000038,2024/9/3 2:35
1725331555,1725331554,0,1,36.36819839,-67.76404572,492279.5,24,12,-41.59999847,2024/9/3 2:45
1725332155,1725332154,0,1,73.1450882,-90.18911743,502158.5,29,12,-11.5,2024/9/3 2:55
1725332755,1725332754,0,1,66.11551666,129.8099518,501461.8125,28,12,-4.400000095,2024/9/3 3:05
1725333355,1725333354,0,1,28.76435471,114.3211975,492050.25,17,10,-11.10000038,2024/9/3 3:15
1725333955,1725333955,0,1,-9.24642849,106.5151825,490032.25,22,13,-8,2024/9/3 3:25
1725334555,1725334555,0,1,-47.05319977,97.19847107,500347.5313,21,9,-1.100000024,2024/9/3 3:35
1725335155,1725335155,0,1,-81.35948944,43.89868546,508433.9688,26,11,1.299999952,2024/9/3 3:45
1725335755,1725335755,0,1,-55.81364822,-68.73532867,502006.125,26,12,14.39999962,2024/9/3 3:55
1725336355,1725336355,0,1,-18.17149544,-79.82465363,489658.5313,18,11,8.199999809,2024/9/3 4:05
1725336955,1725336955,0,1,19.88178635,-87.46511078,488397.8125,18,11,-9.899999619,2024/9/3 4:15
1725337556,1725337555,0,1,57.51117706,-99.0506897,498421.2813,17,13,-38.5,2024/9/3 4:25
1725338156,1725338155,0,1,80.31865692,139.8790131,503481.8438,28,13,1.200000048,2024/9/3 4:35
1725338756,1725338755,0,1,45.23609161,95.26243591,496351.9063,24,11,-52,2024/9/3 4:45
1725339356,1725339356,0,1,7.31427002,86.18223572,489360.0313,16,11,-83.69999695,2024/9/3 4:55
1725339956,1725339956,0,1,-30.6740303,78.30389404,495179.4063,20,10,-3.900000095,2024/9/3 5:05
1725340556,1725340556,0,1,-67.82575226,61.62566757,506519.4375,23,12,29.89999962,2024/9/3 5:15
1725341156,1725341156,0,1,-71.55773163,-79.32801056,506602.3125,28,13,-11.39999962,2024/9/3 5:25
1725341756,1725341756,0,1,-34.66475296,-99.61480713,494469.875,23,10,-5.900000095,2024/9/3 5:35
1725342356,1725342356,0,1,3.318838358,-107.7043457,486870.5,23,12,-21.70000076,2024/9/3 5:45
1725342956,1725342956,0,1,41.25333023,-116.3191833,493439.625,22,10,-17.79999924,2024/9/3 5:55
1725343557,1725343556,0,1,77.3687973,-147.7283325,502738.125,26,13,-3.299999952,2024/9/3 6:05
1725344157,1725344156,0,1,61.40365219,79.02367401,500482.375,28,12,-26.79999924,2024/9/3 6:15
1725344757,1725344756,0,1,23.85217667,66.0184021,491240.25,15,10,-45.29999924,2024/9/3 6:25
1725345357,1725345357,0,1,-14.17181873,58.34198761,491095.2813,20,12,-27.39999962,2024/9/3 6:35
1725345957,1725345957,0,1,-51.88507462,48.18425369,502122.6875,21,10,45.40000153,2024/9/3 6:45
1725346557,1725346557,0,1,-82.5791626,-38.20827866,508549.3125,28,12,-18,2024/9/3 6:55
1725347157,1725347157,0,1,-51.0049324,-118.0354843,500247.0625,24,10,-10.30000019,2024/9/3 7:05
1725347757,1725347757,0,1,-13.2494669,-128.0216217,488382.7813,21,14,-9.399999619,2024/9/3 7:15
1725348357,1725348357,0,1,24.80070877,-135.7199249,489064.9063,21,11,-31.70000076,2024/9/3 7:25
1725348957,1725348957,0,1,62.27682877,-149.0995483,499478.7813,25,14,15.69999981,2024/9/3 7:35
1725349558,1725349557,0,1,76.62225342,75.8661499,503090.875,27,13,-5,2024/9/3 7:45
1725350158,1725350157,0,1,40.36390686,46.56925201,495022.5938,6,9,11.69999981,2024/9/3 7:55
1725353158,1725353158,0,1,-29.7607708,-148.0154266,492620.9375,20,9,-3.799999952,2024/9/3 8:45
1725353758,1725353758,0,1,8.260703087,-155.8613892,486792.3438,25,11,9.600000381,2024/9/3 8:55
1725354358,1725354358,0,1,46.13032532,-165.054306,494790.4063,24,10,-0.300000012,2024/9/3 9:05
1725354959,1725354958,0,1,80.87882233,146.1251984,503190.5,26,11,1.899999976,2024/9/3 9:15
1725356759,1725356758,0,1,-19.10351753,10.13417625,491962.5625,18,11,20.10000038,2024/9/3 9:45
1725357359,1725357359,0,1,-56.70253372,-1.204796672,503434.0313,20,12,23.70000076,2024/9/3 9:55
1725357959,1725357959,0,1,-80.86009979,-118.3467636,508097.2813,24,12,-38.29999924,2024/9/3 10:05
1725358559,1725358559,0,1,-46.14717865,-167.0036316,498369.75,20,10,-10.5,2024/9/3 10:15
1725359159,1725359159,0,1,-8.302742004,-176.196228,487522.0313,24,10,24.5,2024/9/3 10:25
1725359759,1725359759,0,1,29.72845268,175.9568939,490199,22,10,-6.599999905,2024/9/3 10:35
1725360359,1725360359,0,1,66.98673248,159.8847656,500703.0938,26,11,7.199999809,2024/9/3 10:45
1725360960,1725360959,0,1,72.31388855,19.28941536,502519.9063,23,13,32.40000153,2024/9/3 10:56
1725361560,1725361559,0,1,35.46389771,-1.967513323,493648.5938,22,11,48.90000153,2024/9/3 11:06
1725362160,1725362159,0,1,-2.50347662,-10.1097002,489327.625,20,13,19.39999962,2024/9/3 11:16
1725362760,1725362759,0,1,-40.46704102,-18.65871429,498055.5625,18,11,22.20000076,2024/9/3 11:26
1725363360,1725363360,0,1,-76.67075348,-48.08514023,507758.1563,27,13,-12.60000038,2024/9/3 11:36
1725363960,1725363960,0,1,-62.26773071,177.0361176,503829.25,30,12,-49.29999924,2024/9/3 11:46
1725364560,1725364560,0,1,-24.82863045,163.6622314,491086.1875,22,8,48.29999924,2024/9/3 11:56
1725365160,1725365160,0,1,13.21534157,155.9620209,487251.125,24,11,33.59999847,2024/9/3 12:06
1725365760,1725365760,0,1,50.99869537,145.9695282,496364.7813,21,12,17.5,2024/9/3 12:16
1725366360,1725366360,0,1,82.57815552,65.79672241,503478.9375,26,14,12.60000038,2024/9/3 12:26
1725366961,1725366960,0,1,51.78918457,-20.27672958,497927.25,23,11,61.20000076,2024/9/3 12:36
1725367561,1725367560,0,1,14.04193878,-30.42313004,489503.4375,19,13,4.800000191,2024/9/3 12:46
1725368161,1725368160,0,1,-23.98060608,-38.10411835,492888.7813,22,12,-9.699999809,2024/9/3 12:56
1725368761,1725368760,0,1,-61.49477005,-51.14867783,504544.375,24,12,21.20000076,2024/9/3 13:06
1725369361,1725369361,0,1,-77.33022308,175.5593872,507464.875,28,12,-55.09999847,2024/9/3 13:16
1725369961,1725369961,0,1,-41.25410461,144.2592163,496679.375,24,11,-6.199999809,2024/9/3 13:26
1725370561,1725370561,0,1,-3.341153383,135.6438904,487151.3438,25,13,71.30000305,2024/9/3 13:36
1725371161,1725371161,0,1,34.65604019,127.5507126,491653.125,20,9,27,2024/9/3 13:46
1725371761,1725371761,0,1,71.58840179,107.2119827,501780.3125,27,13,-10.5,2024/9/3 13:56
1725372361,1725372361,0,1,67.74057007,-33.765728,501609.9688,26,12,55.90000153,2024/9/3 14:06
1725372962,1725372961,0,1,30.54041481,-50.39048386,492261.9688,20,10,-17.89999962,2024/9/3 14:16
1725373562,1725373561,0,1,-7.46337986,-58.2664566,489565.25,20,12,-7.699999809,2024/9/3 14:26
1725374162,1725374161,0,1,-45.30032349,-67.341362,499524.5313,16,11,13.69999981,2024/9/3 14:36
1725374762,1725374761,0,1,-80.37032318,-112.3289261,508203.0625,26,13,-38.29999924,2024/9/3 14:46
1725375362,1725375362,0,1,-57.47968292,126.9739075,502485.0625,28,12,-26.89999962,2024/9/3 14:56
1725375962,1725375962,0,1,-19.88335037,115.4008408,490089.5,22,10,-9.699999809,2024/9/3 15:06
1725376562,1725376562,0,1,18.1681633,107.7599258,488213.5,22,11,-17.20000076,2024/9/3 15:16
1725377162,1725377162,0,1,55.84093475,96.65878296,498011.3438,22,12,-39.70000076,2024/9/3 15:26
1725377762,1725377762,0,1,81.31922913,-16.41354752,503498.75,27,12,29.89999962,2024/9/3 15:36
1725378362,1725378362,0,1,46.92721176,-69.30032349,496617.0625,23,10,-26.29999924,2024/9/3 15:46
1725378963,1725378962,0,1,9.091691971,-78.6016922,489017.125,21,13,12.60000038,2024/9/3 15:56
1725379563,1725379562,0,1,-28.91139412,-86.41117096,494206.9375,14,9,2.5,2024/9/3 16:06
1725380163,1725380162,0,1,-66.16062164,-101.9039307,505765.5938,23,12,-24.89999962,2024/9/3 16:16
1725380763,1725380763,0,1,-73.09344482,118.0239792,506719.0938,31,12,-31.70000076,2024/9/3 16:26
1725381363,1725381363,0,1,-36.35238647,95.69163513,495091.2188,25,10,-22.29999924,2024/9/3 16:36
1725381963,1725381963,0,1,1.613621712,87.49121857,487184.625,27,13,-76.59999847,2024/9/3 16:46
1725382563,1725382563,0,1,39.56340408,79.03547668,493297.5938,23,12,-49.5,2024/9/3 16:56
1725383163,1725383163,0,1,75.95449829,51.39309311,502754.0313,28,13,4.900000095,2024/9/3 17:06
1725383763,1725383763,0,1,63.0483551,-84.98462677,500879.5938,25,11,-40.40000153,2024/9/3 17:16
1725384363,1725384363,0,1,25.62095833,-98.72358704,491276.8125,17,10,-23.20000076,2024/9/3 17:26
1725384964,1725384963,0,1,-12.40326023,-106.4360733,490254.1875,18,12,-6.300000191,2024/9/3 17:36
1725385564,1725385563,0,1,-50.15751648,-116.2604141,501022.8125,18,11,-9.699999809,2024/9/3 17:46
1725386164,1725386163,0,1,-82.47927856,170.2502899,508190.7813,27,12,-45.59999847,2024/9/3 17:56
1725386764,1725386763,0,1,-52.6623497,77.50919342,500702.7813,27,13,33.29999924,2024/9/3 18:06
1725387364,1725387364,0,1,-14.94313812,67.18546295,488936.7813,24,13,-33.59999847,2024/9/3 18:16
1725387964,1725387964,0,1,23.10675621,59.51721191,489084.4688,23,10,-34.70000076,2024/9/3 18:26
1725389764,1725389764,0,1,42.04896164,-118.0667953,495271.4063,18,9,-18.29999924,2024/9/3 18:56
1725390365,1725390364,0,1,4.145568371,-126.7617035,488857.4063,14,12,-22.70000076,2024/9/3 19:06
1725390965,1725390964,0,1,-33.82458496,-134.7999573,495630.0625,13,10,-11.69999981,2024/9/3 19:16
1725391565,1725391564,0,1,-70.77420807,-154.1932983,506699.1875,25,12,-60.5,2024/9/3 19:26
1725392165,1725392164,0,1,-68.62212372,64.59909821,505554.75,30,13,28.70000076,2024/9/3 19:36
1725392765,1725392765,0,1,-31.43983841,47.25357437,493305,22,10,21.39999962,2024/9/3 19:46
1725393365,1725393365,0,1,6.567773342,39.33621216,487024,22,14,-13.30000019,2024/9/3 19:56
1725394565,1725394565,0,1,79.80223846,-11.10212803,503059.75,7,13,32,2024/9/3 20:16
1725395165,1725395165,0,1,58.26899719,-135.1646729,499479.5938,26,11,3.400000095,2024/9/3 20:26
1725395765,1725395765,0,1,20.67694473,-146.9920349,490174.6875,20,11,-12.10000038,2024/9/3 20:36
1725396366,1725396365,0,1,-17.35662079,-154.6350098,491075.25,16,11,4.900000095,2024/9/3 20:46
1725396966,1725396965,0,1,-55.0044632,-165.5116119,502572.125,21,10,-30.60000038,2024/9/3 20:56
1725397566,1725397565,0,1,-81.75285339,86.50609589,508060.2813,26,12,-3.799999952,2024/9/3 21:06
1725398166,1725398165,0,1,-47.79993439,28.43782043,499048.0313,24,11,35.79999924,2024/9/3 21:16
1725398766,1725398766,0,1,-9.985883713,19.00330925,488022.9063,22,11,8.399999619,2024/9/3 21:26
1725399366,1725399366,0,1,28.0499897,11.21721363,489995.6875,18,9,28.29999924,2024/9/3 21:36
1725399966,1725399966,0,1,65.38947296,-3.80551672,500300.4688,25,11,52.20000076,2024/9/3 21:46
1725400566,1725400566,0,1,73.8217392,-143.1704102,502501.9375,27,12,-6.199999809,2024/9/3 21:56
1725401166,1725401166,0,1,37.13225174,-166.6562042,493644.9063,25,10,-12.89999962,2024/9/3 22:06
1725401766,1725401766,0,1,-0.826158345,-174.9157562,488706.125,26,12,17.10000038,2024/9/3 22:16
1725402367,1725402366,0,1,-38.75102615,176.6990662,497091.4063,27,11,23.10000038,2024/9/3 22:26
1725402967,1725402966,0,1,-75.20890045,150.6767578,507457.25,27,13,-57.90000153,2024/9/3 22:36
1725403567,1725403566,0,1,-63.92536163,13.10896683,504371.6563,28,12,19.89999962,2024/9/3 22:46
1725404167,1725404167,0,1,-26.49406815,-1.093738317,491850.5313,19,9,19.39999962,2024/9/3 22:56
1725404767,1725404767,0,1,11.54006481,-8.833147049,487326.5625,19,11,31.60000038,2024/9/3 23:06
1725405367,1725405367,0,1,49.35239029,-18.52561951,495886.7813,13,12,60.79999924,2024/9/3 23:16
1725405967,1725405967,0,1,82.30664825,-86.66030121,503212.5,26,13,14.30000019,2024/9/3 23:26
1725406567,1725406567,0,1,53.42616653,175.2857819,497966.75,30,11,2.200000048,2024/9/3 23:36
1725407167,1725407167,0,1,15.70863628,164.7852478,489189.0625,24,14,22.10000038,2024/9/3 23:46
1725407767,1725407767,0,1,-22.32274437,157.1269531,492041.7188,32,12,50.70000076,2024/9/3 23:56
1725408368,1725408367,0,1,-59.83360291,144.7557678,503982.7813,27,13,-30.60000038,2024/9/4 0:06
1725408968,1725408967,0,1,-78.67419434,15.69350529,507698.25,26,13,2.5,2024/9/4 0:16
1725409568,1725409567,0,1,-42.95866013,-20.35292244,497443.125,20,10,21.10000038,2024/9/4 0:26
1725410168,1725410168,0,1,-5.00741148,-29.16120911,487520.9688,22,10,-4.900000095,2024/9/4 0:36
1725410768,1725410768,0,1,33.00014114,-37.15979385,491247.5,21,10,31.29999924,2024/9/4 0:46
1725411368,1725411368,0,1,70.05844116,-55.82161331,501293.25,26,13,27.89999962,2024/9/4 0:56
1725411968,1725411968,0,1,69.29525757,162.8118591,501603.5938,30,11,5.300000191,2024/9/4 1:06
1725412568,1725412568,0,1,32.19094849,144.8809509,492186.5313,24,11,28.39999962,2024/9/4 1:16
1725413168,1725413168,0,1,-5.8076334,136.926712,488883.4063,32,14,70.30000305,2024/9/4 1:26
1725413768,1725413768,0,1,-43.67223358,128.0522156,498704.875,29,9,-26.60000038,2024/9/4 1:36
1725414369,1725414368,0,1,-79.20329285,89.68498993,507951.3125,27,13,-1.899999976,2024/9/4 1:46
1725414969,1725414968,0,1,-59.13898087,-37.24363708,503044.5938,19,13,20.60000038,2024/9/4 1:56
1725415569,1725415568,0,1,-21.53107643,-49.37723923,490639.6563,16,10,-6.599999905,2024/9/4 2:06
1725416169,1725416169,0,1,16.51623344,-57.02866364,488108.4063,17,11,-47.90000153,2024/9/4 2:16
1725416769,1725416769,0,1,54.22689819,-67.7177887,497529.125,19,12,-22,2024/9/4 2:26
1725417369,1725417369,0,1,82.04976654,-171.1932678,503388.75,28,13,3.900000095,2024/9/4 2:36
1725417969,1725417969,0,1,48.55166626,126.1490479,496713.4375,25,9,11.5,2024/9/4 2:46
1725418569,1725418569,0,1,10.73922825,116.594696,488686.5625,23,13,38,2024/9/4 2:56
1725419169,1725419169,0,1,-27.27641678,108.8375626,493342.2188,23,10,-38.29999924,2024/9/4 3:06
1725419769,1725419769,0,1,-64.60497284,94.28607178,505068.6563,24,11,3.5,2024/9/4 3:16
1725420370,1725420369,0,1,-74.59431458,-44.16181183,506873.5938,28,12,-5.199999809,2024/9/4 3:26
1725420970,1725420969,0,1,-38.0371933,-68.97895813,495645.9375,20,10,21,2024/9/4 3:36
1725421570,1725421569,0,1,-0.025333334,-77.31786346,487180.625,22,12,18.70000076,2024/9/4 3:46
1725422170,1725422170,0,1,37.94088364,-85.63883972,492737.375,19,12,-34.29999924,2024/9/4 3:56
1725422770,1725422770,0,1,74.54708099,-110.3772583,502311.6563,26,12,-15.10000038,2024/9/4 4:06
1725423370,1725423370,0,1,64.60883331,111.0774307,500876.5625,28,12,-19.29999924,2024/9/4 4:16
1725423970,1725423970,0,1,27.24480247,96.51810455,491315.7188,9,10,-47.20000076,2024/9/4 4:26
1725424570,1725424570,0,1,-10.776577,88.76183319,489826.4375,21,12,-64.09999847,2024/9/4 4:36
1725425170,1725425170,0,1,-48.56153107,79.21177673,500427.5625,20,11,27,2024/9/4 4:46
1725425771,1725425770,0,1,-82.03790283,16.82339287,508209.1875,28,12,-7.300000191,2024/9/4 4:56
1725426371,1725426370,0,1,-54.31394577,-86.89043427,501369.125,23,11,-4.400000095,2024/9/4 5:06
1725426971,1725426970,0,1,-16.63368416,-97.59305573,489276.8125,22,13,-6.099999905,2024/9/4 5:16
1725427571,1725427570,0,1,21.4820385,-105.2554092,488654.5938,22,11,-23.5,2024/9/4 5:26
1725428171,1725428170,0,1,59.06589127,-117.3504791,498724.1875,27,14,-19.5,2024/9/4 5:36
1725428771,1725428771,0,1,79.22283173,115.7510147,503127.375,26,14,-2.299999952,2024/9/4 5:46
1725429371,1725429371,0,1,43.65047073,77.3009491,495473.0938,23,9,-46.40000153,2024/9/4 5:56
1725429971,1725429971,0,1,5.765329838,68.42919922,488796.5,20,13,-89.5,2024/9/4 6:06
1725430571,1725430571,0,1,-32.21766281,60.47795486,495105.9688,15,10,17.70000076,2024/9/4 6:16
1725431171,1725431171,0,1,-69.2798233,42.57507706,506392.9063,24,11,25.20000076,2024/9/4 6:26
1725431772,1725431771,0,1,-70.12586212,-98.74295807,506007.7188,28,11,-25.89999962,2024/9/4 6:36
1725432372,1725432371,0,1,-33.11295319,-117.4577789,493841.5938,24,12,-11,2024/9/4 6:46
1725432972,1725432971,0,1,4.883186817,-125.458168,486869.8125,24,12,-25.39999962,2024/9/4 6:56
1725433572,1725433571,0,1,42.86051941,-134.255249,493899.7813,26,11,-30.5,2024/9/4 7:06
1725434172,1725434172,0,1,78.63829803,-170.1437378,502768.625,29,12,2.599999905,2024/9/4 7:16
1725434772,1725434772,0,1,59.8335495,60.60010147,499762.9688,17,10,-6.599999905,2024/9/4 7:26
1725435372,1725435372,0,1,22.28847885,48.22890854,490427.7188,11,11,-23,2024/9/4 7:36
1725435972,1725435972,0,1,-15.74351692,40.57305145,490776.3438,12,10,-18.70000076,2024/9/4 7:46
1725436572,1725436572,0,1,-53.42869949,30.07918549,502043.5313,22,11,36.5,2024/9/4 7:56
1725437172,1725437172,0,1,-82.32200623,-67.62701416,508106.0313,30,13,-27.10000038,2024/9/4 8:06
1725437773,1725437772,0,1,-49.44895172,-136.0842896,499530.7188,26,10,-17.5,2024/9/4 8:16
1725438373,1725438372,0,1,-11.66303349,-145.7875214,488104.7813,25,11,-1.600000024,2024/9/4 8:26
1725438973,1725438972,0,1,26.38118935,-153.5235138,489441.0625,22,12,-7.900000095,2024/9/4 8:36
1725439573,1725439572,0,1,63.85555649,-167.6921997,499823.7813,23,12,5.5,2024/9/4 8:46
1725440173,1725440173,0,1,75.22773743,54.71892166,502631.1875,22,12,2,2024/9/4 8:56
1725442573,1725442573,0,1,-73.80420685,-11.43083477,507108.6563,25,13,6.900000095,2024/9/4 9:36
1725443173,1725443173,0,1,-65.45809937,-150.7812958,504687.3125,27,13,-47.40000153,2024/9/4 9:46
1725443774,1725443773,0,1,-28.1588192,-165.8377533,492123.4063,24,10,14.80000019,2024/9/4 9:56
1725444374,1725444373,0,1,9.869913101,-173.6261444,486994.5625,28,10,10.30000019,2024/9/4 10:06
1725444974,1725444973,0,1,47.71244049,176.9493103,495313.8125,22,11,-2.299999952,2024/9/4 10:16
1725445574,1725445573,0,1,81.73552704,119.1033783,503147.0938,26,12,3.299999952,2024/9/4 10:26
1725446774,1725446774,0,1,17.31343079,-0.010336666,489493.9375,17,11,27.89999962,2024/9/4 10:46
1725447374,1725447374,0,1,-20.71975899,-7.653973103,491669.5625,20,12,12.80000019,2024/9/4 10:56
1725447974,1725447974,0,1,-58.28007507,-19.48154259,503322.1563,23,13,19.79999924,2024/9/4 11:06
1725448574,1725448574,0,1,-79.82648468,-143.381485,507611.3125,26,12,-49.09999847,2024/9/4 11:16
1725449174,1725449174,0,1,-44.53865814,175.019577,497689.4375,22,8,8.100000381,2024/9/4 11:26
1725449775,1725449774,0,1,-6.670156479,166.0379486,487378.9688,22,11,49.09999847,2024/9/4 11:36
1725450375,1725450374,0,1,31.35011864,158.1217041,490696.25,22,9,5.599999905,2024/9/4 11:46
1725450975,1725450974,0,1,68.57520294,140.8033142,500995.3125,23,12,1.600000024,2024/9/4 11:56
1725451575,1725451575,0,1,70.77031708,-0.442726672,501918.5625,23,12,50,2024/9/4 12:06
1725452175,1725452175,0,1,33.77814102,-19.84621048,492643.375,23,11,40.40000153,2024/9/4 12:16
1725452775,1725452775,0,1,-4.208781719,-27.88589287,488772.9063,20,13,-3.200000048,2024/9/4 12:26
1725453375,1725453375,0,1,-42.09534454,-36.58565903,497994.5,23,11,-3.900000095,2024/9/4 12:36
1725453975,1725453975,0,1,-78.00084686,-70.06919098,507553.4688,27,13,-18.70000076,2024/9/4 12:46
1725454575,1725454575,0,1,-60.67658234,158.5511322,503247.6563,24,11,-33.09999847,2024/9/4 12:56
1725455176,1725455175,0,1,-23.18010521,145.8552094,490765.4375,23,10,44.70000076,2024/9/4 13:06
1725455776,1725455775,0,1,14.8662529,138.1843414,487590.8125,26,9,52.20000076,2024/9/4 13:16
1725456376,1725456375,0,1,52.61484528,127.8633423,496852.4063,20,12,8.300000191,2024/9/4 13:26
1725456976,1725456975,0,1,82.48634338,35.58163834,503207.4063,28,13,20.39999962,2024/9/4 13:36
1725457576,1725457576,0,1,50.10533905,-38.39138412,496927.25,27,12,48.59999847,2024/9/4 13:46
1725458176,1725458176,0,1,12.3189497,-48.21340179,488692.125,21,12,-38.40000153,2024/9/4 13:56
1725458776,1725458776,0,1,-25.70457077,-55.92950821,492730.375,21,11,10.10000038,2024/9/4 14:06
1725459376,1725459376,0,1,-63.09872818,-69.69229889,504599.75,22,12,8,2024/9/4 14:16
1725459976,1725459976,0,1,-75.94816589,153.9635162,507114.6563,30,13,-56.5,2024/9/4 14:26
1725460576,1725460576,0,1,-39.59938812,126.3350449,496219.8438,23,10,-30.5,2024/9/4 14:36
1725461177,1725461176,0,1,-1.66881001,117.876564,487234.875,22,11,52.09999847,2024/9/4 14:46
1725461777,1725461776,0,1,36.31227875,109.6762466,492251.5938,17,11,-29.79999924,2024/9/4 14:56
1725462377,1725462376,0,1,73.09529114,87.33069611,501957,24,10,-11.5,2024/9/4 15:06
1725462977,1725462976,0,1,66.10702515,-52.77759933,500959.0938,26,11,29.89999962,2024/9/4 15:16
1725463577,1725463577,0,1,28.81236076,-68.24339294,491370.75,18,10,-50,2024/9/4 15:26
1725464177,1725464177,0,1,-9.205760002,-76.05128479,489189.9063,20,12,19.70000076,2024/9/4 15:36
1725464777,1725464777,0,1,-47.02086258,-85.36376953,499609.4063,19,9,1.799999952,2024/9/4 15:46
1725465377,1725465377,0,1,-81.34631348,-138.5146942,507989.1875,26,12,-45.40000153,2024/9/4 15:56
1725465977,1725465977,0,1,-55.83824921,108.6996307,501859.625,27,12,-10.5,2024/9/4 16:06
1725466577,1725466577,0,1,-18.19745255,97.60444641,489796.375,26,10,-46.90000153,2024/9/4 16:16
1725467178,1725467177,0,1,19.85294151,89.96494293,488626.25,22,11,-60.5,2024/9/4 16:26
1725467778,1725467777,0,1,57.48072433,78.39052582,498474.875,21,12,-32.79999924,2024/9/4 16:36
1725468378,1725468377,0,1,80.33979034,-42.55502319,503216.0625,28,14,32.40000153,2024/9/4 16:46
1725468978,1725468977,0,1,45.20119476,-87.32613373,495708.7813,22,10,-37,2024/9/4 16:56
1725469578,1725469578,0,1,7.334430218,-96.38926697,488372.7813,19,10,-7.199999809,2024/9/4 17:06
1725470178,1725470178,0,1,-30.66417503,-104.268013,494150.1875,18,10,-6.5,2024/9/4 17:16
1725470778,1725470778,0,1,-67.82552338,-120.9458084,505716.3438,26,13,-35.79999924,2024/9/4 17:26
1725471378,1725471378,0,1,-71.55316162,98.08660889,506141,27,13,-5.5,2024/9/4 17:36
1725471978,1725471978,0,1,-34.65807343,77.80723572,494446.3125,24,10,6.400000095,2024/9/4 17:46
1725472578,1725472578,0,1,3.322740078,69.71865845,487196.375,24,12,-91.90000153,2024/9/4 17:56
1725474379,1725474378,0,1,61.40516281,-103.5489349,500044,26,11,-39.29999924,2024/9/4 18:26
1725474979,1725474978,0,1,23.84745598,-116.5572128,490344.375,18,10,-45,2024/9/4 18:36
1725475579,1725475579,0,1,-14.18706799,-124.2352448,489963.0313,16,10,-8.600000381,2024/9/4 18:46
1725476179,1725476179,0,1,-51.91099167,-134.3998718,501135.5,19,10,-18.5,2024/9/4 18:56
1725476779,1725476779,0,1,-82.57707977,138.9494324,507926.7813,29,11,-42,2024/9/4 19:06
1725477379,1725477379,0,1,-50.96790314,59.37625504,500065.9063,25,10,38.90000153,2024/9/4 19:16
1725477979,1725477979,0,1,-13.21371651,49.39723206,488633.9375,23,12,-17.70000076,2024/9/4 19:26
1725478579,1725478579,0,1,24.83156586,41.69862747,489375.4063,20,11,8.199999809,2024/9/4 19:36
1725479780,1725479779,0,1,76.59851837,-106.7741318,502693.1563,23,12,-8.300000191,2024/9/4 19:56
1725480380,1725480379,0,1,40.32987595,-136.0132141,494169.8438,20,11,-33.40000153,2024/9/4 20:06
1725480980,1725480979,0,1,2.336304903,-144.5515747,488159.1563,18,13,5.400000095,2024/9/4 20:16
1725481580,1725481580,0,1,-35.62454605,-152.7025146,495629.7813,16,10,-2.599999905,2024/9/4 20:26
1725482180,1725482180,0,1,-72.42836761,-174.1024933,506669.625,24,12,-64.80000305,2024/9/4 20:36
1725482780,1725482780,0,1,-66.9144516,45.40960312,505020.4375,29,11,27.5,2024/9/4 20:46
1725483380,1725483380,0,1,-29.69301796,29.39772224,492789.3125,25,10,33.79999924,2024/9/4 20:56
1725483980,1725483980,0,1,8.324174881,21.55459976,487148.5938,22,12,-1.5,2024/9/4 21:06
1725484580,1725484580,0,1,46.18864059,12.35357857,494922.1875,15,9,47.29999924,2024/9/4 21:16
1725485181,1725485180,0,1,80.91218567,-36.7552948,502881.0313,26,11,34.59999847,2024/9/4 21:26
1725485781,1725485780,0,1,56.55967331,-153.4959717,498481.75,28,13,14.10000038,2024/9/4 21:36
1725486381,1725486380,0,1,18.85076523,-164.8135986,489172.875,19,10,7.900000095,2024/9/4 21:46
1725486981,1725486981,0,1,-19.18967438,-172.4531097,490798.1875,17,12,25.29999924,2024/9/4 21:56
1725487581,1725487581,0,1,-56.79650116,176.1779938,502632.8125,21,14,-39.09999847,2024/9/4 22:06
1725488181,1725488181,0,1,-80.79920197,58.56405258,507685.5313,28,12,6.400000095,2024/9/4 22:16
1725488781,1725488781,0,1,-46.04578781,10.39587021,498425.125,24,9,25.5,2024/9/4 22:26
1725489381,1725489381,0,1,-8.204021454,1.217073321,487883.5938,20,11,11.19999981,2024/9/4 22:36
1725489981,1725489981,0,1,29.82166862,-6.633211613,490458.4375,23,10,46,2024/9/4 22:46
1725490582,1725490581,0,1,67.07322693,-22.76745987,500524.0625,30,11,62.90000153,2024/9/4 22:56
1725491182,1725491181,0,1,72.22737122,-163.416275,501817.5625,29,12,0.100000001,2024/9/4 23:06
1725491782,1725491781,0,1,35.35987854,175.4387054,492542.0313,21,12,-10.39999962,2024/9/4 23:16
1725492382,1725492381,0,1,-2.620589972,167.3016357,488114.8438,24,13,39.70000076,2024/9/4 23:26
1725492982,1725492982,0,1,-40.59387589,158.7388306,497174.9063,28,11,2.5,2024/9/4 23:36
1725493582,1725493582,0,1,-76.78157806,129.0110779,507371.0625,29,12,-42.29999924,2024/9/4 23:46
1725494182,1725494182,0,1,-62.13735199,-5.61578846,503812.6563,27,12,12.60000038,2024/9/4 23:56