timestamp,gpsUtcTime,gpsUtcTimeFraction,gpsFixQual,gpsLatitude,gpsLongitude,gpsAltitudeMeters,gpsNumOfSatsTracked,gpsNumOfSatsInView,gpsGeoid,datetime
1719446958,1719446958,0,1,76.79942322,-170.0566711,505633.3125,30,11,1.200000048,2024/6/27 0:09
1719447558,1719447558,0,1,40.5604744,160.1354675,495481.8438,25,10,-1.5,2024/6/27 0:19
1719448159,1719448158,0,1,2.626724958,151.5813141,492275.375,22,14,55.20000076,2024/6/27 0:29
1719448759,1719448758,0,1,-35.29089737,143.4530029,505882.2188,25,12,6.699999809,2024/6/27 0:39
1719449359,1719449358,0,1,-72.01391602,122.6023712,523764.2188,30,13,-33.70000076,2024/6/27 0:49
1719449959,1719449958,0,1,-67.45565033,-17.99027824,526973.625,28,13,6.5,2024/6/27 0:59
1719450559,1719450559,0,1,-30.4795742,-34.37041473,515278.8125,23,10,1.899999976,2024/6/27 1:09
1719451159,1719451159,0,1,7.337163448,-42.22429657,505427.0938,21,12,-25.60000038,2024/6/27 1:19
1719451759,1719451759,0,1,45.08294678,-51.26406479,506340.6563,14,11,13,2024/6/27 1:29
1719452359,1719452359,0,1,80.18299866,-95.03522491,508071.375,29,13,7.900000095,2024/6/27 1:39
1719452959,1719452959,0,1,57.70707321,143.1172791,500452.125,28,12,13.69999981,2024/6/27 1:49
1719453560,1719453559,0,1,20.07901001,131.461319,491829.8438,28,12,38.70000076,2024/6/27 1:59
1719454160,1719454159,0,1,-17.94296074,123.8200607,497855.5313,22,14,19.89999962,2024/6/27 2:09
1719454760,1719454759,0,1,-55.49834824,112.8220673,516393.2813,23,12,-15.69999981,2024/6/27 2:19
1719455360,1719455359,0,1,-81.55989075,2.510061741,527880.875,26,12,-9.600000381,2024/6/27 2:29
1719455960,1719455960,0,1,-47.65345383,-53.05992508,521554.625,22,10,-0.600000024,2024/6/27 2:39
1719456560,1719456560,0,1,-10.04780293,-62.44718552,508659.7813,22,10,13.39999962,2024/6/27 2:49
1719457160,1719457160,0,1,27.82110405,-70.20623779,504961.125,16,9,-51.90000153,2024/6/27 2:59
1719457760,1719457760,0,1,65.08063507,-85.03503418,508249.7188,25,10,-34.59999847,2024/6/27 3:09
1719458360,1719458360,0,1,74.1262207,135.9657745,505132.875,30,11,-1.600000024,2024/6/27 3:19
1719458960,1719458960,0,1,37.46014023,111.9540329,494906.9688,26,11,-20.60000038,2024/6/27 3:29
1719459561,1719459560,0,1,-0.501044989,103.6670303,492969.1875,21,14,9.399999619,2024/6/27 3:39
1719460161,1719460160,0,1,-38.38146591,95.31743622,507582.6563,20,12,-16.70000076,2024/6/27 3:49
1719460761,1719460760,0,1,-74.77977753,70.1638031,524716.125,27,13,9.600000381,2024/6/27 3:59
1719461361,1719461360,0,1,-64.57521057,-67.8819809,526336.75,23,14,10.80000019,2024/6/27 4:09
1719461961,1719461961,0,1,-27.38555717,-82.40608215,514023.6875,24,10,6.300000191,2024/6/27 4:19
1719462561,1719462561,0,1,10.45399475,-90.14600372,504983.25,21,11,1.399999976,2024/6/27 4:29
1719463161,1719463161,0,1,48.15916824,-99.62497711,506631.1563,17,11,-22.60000038,2024/6/27 4:39
1719463761,1719463761,0,1,81.87675476,-159.480484,507853,29,12,3.700000048,2024/6/27 4:49
1719464361,1719464361,0,1,54.65992737,94.3019104,499737.9688,24,11,-37.20000076,2024/6/27 4:59
1719464961,1719464961,0,1,16.9562397,83.50318909,492008.5938,22,11,-79.40000153,2024/6/27 5:09
1719465562,1719465561,0,1,-21.05528831,75.85928345,499504.375,20,13,-29.60000038,2024/6/27 5:19
1719466162,1719466161,0,1,-58.51708984,63.96443939,518142.8438,25,14,32.20000076,2024/6/27 5:29
1719466762,1719466761,0,1,-79.76963043,-60.14173889,528128.5,27,11,-20,2024/6/27 5:39
1719467362,1719467361,0,1,-44.60227585,-101.401535,520357.7813,24,10,-7,2024/6/27 5:49
1719467962,1719467962,0,1,-6.943041801,-110.3653793,507614.0313,20,12,-11.89999962,2024/6/27 5:59
1719468562,1719468562,0,1,30.91969681,-118.2421341,504801.8125,13,11,-40,2024/6/27 6:09
1719469162,1719469162,0,1,68.0309906,-135.086792,508130.75,26,12,-1.600000024,2024/6/27 6:19
1719469762,1719469762,0,1,71.3176651,83.85425568,504372.5625,27,12,-12.5,2024/6/27 6:29
1719471563,1719471562,0,1,-41.46072388,47.12572479,509444.875,18,10,42.59999847,2024/6/27 6:59
1719472163,1719472162,0,1,-77.38406372,15.68253136,525730.75,28,12,5.699999809,2024/6/27 7:09
1719472763,1719472762,0,1,-61.60848236,-117.3438873,525632.75,27,13,-26.20000076,2024/6/27 7:19
1719473363,1719473362,0,1,-24.2950058,-130.4099579,512696.1563,25,12,-11.69999981,2024/6/27 7:29
1719473963,1719473963,0,1,13.56389141,-138.0758209,504466.5313,15,14,-18.29999924,2024/6/27 7:39
1719474563,1719474563,0,1,51.22226334,-148.0976105,506661.6875,21,11,1.5,2024/6/27 7:49
1719475163,1719475163,0,1,82.58332062,130.3828125,507396.25,27,11,4.300000191,2024/6/27 7:59
1719475763,1719475763,0,1,51.59883118,45.67167282,498831.5,12,12,1.700000048,2024/6/27 8:09
1719476963,1719476963,0,1,-24.16762733,27.87500954,500883.6563,17,10,18.70000076,2024/6/27 8:29
1719477564,1719477563,0,1,-61.52241898,14.8418417,519527.6875,26,12,24,2024/6/27 8:39
1719478164,1719478163,0,1,-77.43746948,-118.0454102,527988.4375,27,11,-36.29999924,2024/6/27 8:49
1719478764,1719478763,0,1,-41.59356689,-149.6437531,519064.7813,24,12,-8,2024/6/27 8:59
1719479364,1719479363,0,1,-3.825351715,-158.2825775,506708.875,28,12,13.80000019,2024/6/27 9:09
1719479964,1719479964,0,1,34.02391815,-166.3215332,504880.375,18,11,-11.89999962,2024/6/27 9:19
1719480564,1719480564,0,1,70.93464661,174.0983887,508152.6563,27,13,2.5,2024/6/27 9:29
1719481164,1719481164,0,1,68.41711426,32.92572403,503588.5938,13,15,18.10000038,2024/6/27 9:39
1719482364,1719482364,0,1,-6.758146763,7.83474493,494617.1875,20,12,7.300000191,2024/6/27 9:59
1719482964,1719482964,0,1,-44.54537201,-1.141326666,511000.125,14,10,20.89999962,2024/6/27 10:09
1719483565,1719483564,0,1,-79.7282486,-42.18602753,526359.75,24,12,-17.20000076,2024/6/27 10:19
1719484165,1719484164,0,1,-58.59878922,-166.470993,524760,28,12,-38.90000153,2024/6/27 10:29
1719484765,1719484764,0,1,-21.18322754,-178.3944855,511519.0938,30,12,52.40000153,2024/6/27 10:39
1719485365,1719485364,0,1,16.6874733,173.9782867,504299.5938,23,13,10.60000038,2024/6/27 10:49
1719485965,1719485965,0,1,54.28580856,163.2841339,506994.9063,22,11,-0.400000006,2024/6/27 10:59
1719486565,1719486565,0,1,82.03540802,59.69750595,507002.5938,28,12,16.10000038,2024/6/27 11:09
1719487165,1719487165,0,1,48.51776505,-2.820323229,497864.6563,24,10,50.20000076,2024/6/27 11:19
1719487765,1719487765,0,1,10.69359493,-12.37731838,491912.7813,18,10,33.59999847,2024/6/27 11:29
1719488365,1719488365,0,1,-27.28870201,-20.13589096,502183.2813,14,10,7,2024/6/27 11:39
1719488966,1719488965,0,1,-64.51624298,-34.63350296,520733.9375,24,14,13.89999962,2024/6/27 11:49
1719489566,1719489565,0,1,-74.81902313,-172.6205444,527777,29,12,-63.59999847,2024/6/27 11:59
1719490166,1719490165,0,1,-38.50283813,162.1573334,517897.9688,32,11,10.80000019,2024/6/27 12:09
1719490766,1719490765,0,1,-0.695774972,153.8006744,506124.8125,25,11,58.90000153,2024/6/27 12:19
1719491366,1719491366,0,1,37.13235855,145.5542908,505197.2188,22,9,21.79999924,2024/6/27 12:29
1719491966,1719491966,0,1,73.76528931,122.1584244,508197.625,30,13,-5.599999905,2024/6/27 12:39
1719492566,1719492566,0,1,65.45497131,-17.22993469,502666.25,21,10,66.5,2024/6/27 12:49
1719493166,1719493166,0,1,28.11327553,-32.30227661,492967.7188,22,11,23.20000076,2024/6/27 12:59
1719493766,1719493766,0,1,-9.899927139,-40.09099197,495283.4063,18,12,-12.19999981,2024/6/27 13:09
1719494366,1719494366,0,1,-47.63408661,-49.49371338,512460.7188,21,12,-2.900000095,2024/6/27 13:19
1719494967,1719494966,0,1,-81.57630157,-105.2964783,526930.4375,28,13,-31.60000038,2024/6/27 13:29
1719495567,1719495566,0,1,-55.55991745,144.6513824,523971.125,28,13,-21.70000076,2024/6/27 13:39
1719496167,1719496166,0,1,-18.12306404,133.6519623,510735,25,12,35.70000076,2024/6/27 13:49
1719496767,1719496766,0,1,19.81541252,126.0189056,504429.6563,20,9,35,2024/6/27 13:59
1719497367,1719497367,0,1,57.3408165,114.4930191,507406.3438,27,11,-20.60000038,2024/6/27 14:09
1719497967,1719497967,0,1,80.444664,-5.668960094,506464.4063,29,12,34,2024/6/27 14:19
1719498567,1719498567,0,1,45.42248154,-51.20506287,496850.125,24,12,12.89999962,2024/6/27 14:29
1719499167,1719499167,0,1,7.548868179,-60.30489731,491943.75,23,12,-28.70000076,2024/6/27 14:39
1719499767,1719499767,0,1,-30.41296959,-68.17323303,503563.875,16,12,24.39999962,2024/6/27 14:49
1719500367,1719500367,0,1,-67.48228455,-84.58483887,522044.4063,26,13,-12.80000019,2024/6/27 14:59
1719500968,1719500967,0,1,-72.04189301,134.8762512,527638.8125,28,11,-42.40000153,2024/6/27 15:09
1719501568,1719501567,0,1,-35.4050827,114.0131912,517007.5938,28,10,-39.5,2024/6/27 15:19
1719502168,1719502167,0,1,2.370203257,105.898056,505879.875,25,13,14.30000019,2024/6/27 15:29
1719503968,1719503968,0,1,62.45999908,-66.85049438,501923.7813,25,14,-10.30000019,2024/6/27 15:59
1719504568,1719504568,0,1,24.98858452,-80.32079315,492566.5,24,11,-26.79999924,2024/6/27 16:09
1719505168,1719505168,0,1,-13.03139019,-88.02200317,496313.8438,18,12,-5.599999905,2024/6/27 16:19
1719505768,1719505768,0,1,-50.7027359,-97.94262695,514107.5938,16,13,-7.599999905,2024/6/27 16:29
1719506368,1719506368,0,1,-82.53408813,-174.3503876,527473.6875,30,13,-47.20000076,2024/6/27 16:39
1719506969,1719506968,0,1,-52.51957703,95.97001648,523074.4688,25,10,5.199999809,2024/6/27 16:49
1719507569,1719507568,0,1,-15.00959969,85.70100403,509921.6563,22,11,-59.40000153,2024/6/27 16:59
1719508169,1719508168,0,1,22.86726189,78.05700684,504627.625,18,10,-59.5,2024/6/27 17:09
1719509369,1719509369,0,1,78.23252106,-65.15707397,506107.4375,21,13,21,2024/6/27 17:29
1719509969,1719509969,0,1,42.33460999,-99.49465179,496205.2813,21,10,-23.20000076,2024/6/27 17:39
1719510569,1719510569,0,1,4.422933102,-108.2245712,492339.4063,19,11,-23.10000038,2024/6/27 17:49
1719511169,1719511169,0,1,-33.51111221,-116.2425842,505117.0313,13,10,-11.10000038,2024/6/27 17:59
1719511769,1719511769,0,1,-70.37944794,-135.2035217,523137.0938,28,12,-48.09999847,2024/6/27 18:09
1719512369,1719512369,0,1,-69.18708038,83.71109772,527094.25,30,11,14.10000038,2024/6/27 18:19
1719512970,1719512969,0,1,-32.31742477,65.91862488,515701.75,26,10,14.5,2024/6/27 18:29
1719513570,1719513569,0,1,5.48767662,57.98185349,505409.1875,21,13,-56.90000153,2024/6/27 18:39
1719518370,1719518641,214748364,1,-49.47053909,47.44905472,521968.1563,14,0,45.29999924,2024/6/27 19:59
1719518970,1719519241,214748364,1,-11.89618969,37.76551056,508859.4063,18,0,-23.79999924,2024/6/27 20:09
1719519570,1719519703,214748364,1,26.04297829,30.04458809,504469.5938,7,0,13.10000038,2024/6/27 20:19
1719520770,1719521042,214748364,1,75.6708374,-120.6804886,505262.3125,7,0,-9.300000191,2024/6/27 20:39
1719521370,1719521642,214748364,1,39.22574234,-147.7105713,495224.9688,13,0,-23.39999962,2024/6/27 20:49
1719521970,1719522242,214748364,1,1.280166626,-156.1424255,492666.875,14,0,16.5,2024/6/27 20:59
1719522571,1719522842,214748364,1,-36.6205368,-164.3598328,506721.4688,11,0,8.100000381,2024/6/27 21:09
1719523171,1719523442,214748364,1,-73.21568298,173.1270905,524304.875,12,0,-58.40000153,2024/6/27 21:19
1719523771,1719524042,214748364,1,-66.25764465,33.40342712,526675.875,15,0,22.60000038,2024/6/27 21:29
1719524371,1719524642,214748364,1,-29.21380424,17.86532021,514563.9375,18,0,33,2024/6/27 21:39
1719524971,1719525242,214748364,1,8.678378105,10.04910183,504885.5,17,0,20.5,2024/6/27 21:49
1719525571,1719525843,214748364,1,46.41112518,0.828751683,506027.9375,10,0,48.20000076,2024/6/27 21:59
1719526171,1719526443,214748364,1,81.0068512,-49.14152908,507578.375,7,0,25.5,2024/6/27 22:09
1719526771,1719527043,214748364,1,56.38604355,-165.0206604,499823.6563,14,0,14.19999981,2024/6/27 22:19
1719527371,1719527643,214748364,1,18.7215004,-176.2839508,491716.875,17,0,6.400000095,2024/6/27 22:29
1719527971,1719528243,214748364,1,-19.29691696,176.0758209,498501.9375,14,0,59.09999847,2024/6/27 22:39
1719528572,1719528843,214748364,1,-56.81198502,164.709198,517274.5313,13,0,-34.09999847,2024/6/27 22:49
1719529172,1719529443,214748364,1,-80.879776,47.86681366,528061.25,16,0,2.900000095,2024/6/27 22:59
1719529772,1719530043,214748364,1,-46.39212036,-0.957128346,521029.125,16,0,22.70000076,2024/6/27 23:09
1719530372,1719530643,214748364,1,-8.763246536,-10.16148853,508043.4375,14,0,13.89999962,2024/6/27 23:19
1719530972,1719531243,214748364,1,29.1686821,-17.98163605,504515.8125,13,0,38.20000076,2024/6/27 23:29
1719531572,1719531844,214748364,1,66.37180328,-33.62428284,507703.5938,9,0,57.09999847,2024/6/27 23:39
1719532172,1719532444,214748364,1,72.90914917,-173.7713013,504313.2813,14,0,-0.100000001,2024/6/27 23:49
1719532772,1719533044,214748364,1,36.09718323,164.1298523,494225.2813,17,0,-7.5,2024/6/27 23:59
1719533372,1719533644,214748364,1,-1.876868367,155.939682,493108.875,11,0,60.79999924,2024/6/28 0:09
1719533972,1719534244,214748364,1,-39.7391243,147.4716644,508381.75,12,0,0.600000024,2024/6/28 0:19
1719534572,1719534844,214748364,1,-75.94904327,119.8450851,525346,14,0,-35.90000153,2024/6/28 0:29
1719535173,1719535444,214748364,1,-63.27355576,-16.33330154,526209.5625,14,0,11.10000038,2024/6/28 0:39
1719535773,1719536044,214748364,1,-26.09197044,-30.16018295,513566.1875,19,0,-3.5,2024/6/28 0:49
1719536373,1719536644,214748364,1,11.75538826,-37.86693192,504672.6563,13,0,-14.39999962,2024/6/28 0:59
1719536973,1719537244,214748364,1,49.50548172,-47.58623123,506334.375,7,0,24.29999924,2024/6/28 1:09
1719537573,1719537845,214748364,1,82.33235168,-116.4767914,507221.0313,13,0,4.800000191,2024/6/28 1:19
1719538173,1719538445,214748364,1,53.3079567,146.2375183,498816.2188,15,0,16,2024/6/28 1:29
1719538773,1719539045,214748364,1,15.56964874,135.7578125,491484.5938,14,0,49.59999847,2024/6/28 1:39
1719539373,1719539645,214748364,1,-22.44033623,128.0991058,499827.3125,13,0,11,2024/6/28 1:49
1719539973,1719540245,214748364,1,-59.85796738,115.7294617,518755.75,8,0,-20.29999924,2024/6/28 1:59
1719540573,1719540845,214748364,1,-78.77629089,-12.8391552,528215,6,0,-8.199999809,2024/6/28 2:09
1719541174,1719541445,214748364,1,-43.30102539,-49.27507401,520034.4688,17,0,-2.400000095,2024/6/28 2:19
1719541774,1719542045,214748364,1,-5.624136448,-58.08512497,507406.5625,12,0,-12,2024/6/28 2:29
1719542374,1719542645,214748364,1,32.2319603,-66.02612305,504852.5625,11,0,-43.20000076,2024/6/28 2:39
1719542974,1719543246,214748364,1,69.32484436,-83.99655914,507976.2813,16,0,-22.79999924,2024/6/28 2:49
1719543574,1719543846,214748364,1,70.03804016,134.670517,503724.8125,13,0,-3.5,2024/6/28 2:59
1719544174,1719544446,214748364,1,32.970047,116.0184174,493689.3438,14,0,-10.89999962,2024/6/28 3:09
1719544774,1719545046,214748364,1,-5.023753166,108.0215073,493882.0938,13,0,23,2024/6/28 3:19
1719545374,1719545646,214748364,1,-42.84086609,99.24716187,510002.7188,6,0,-13,2024/6/28 3:29
1719546574,1719546846,214748364,1,-60.26708984,-65.65454102,525381.4375,17,0,16.20000076,2024/6/28 3:49
1719547175,1719547446,214748364,1,-22.97071075,-78.16062164,512368.4063,16,0,9.899999619,2024/6/28 3:59
1719547775,1719548046,214748364,1,14.8923521,-85.80452728,504436.7813,12,0,4.300000191,2024/6/28 4:09
1719548375,1719548646,214748364,1,52.58892822,-96.11911011,506710.2188,10,0,-33.5,2024/6/28 4:19
1719548975,1719549247,214748364,1,82.49450684,172.0942383,506955.75,10,0,3.5,2024/6/28 4:29
1719549575,1719549847,214748364,1,50.22276688,97.66503143,498168.2188,12,0,-42.79999924,2024/6/28 4:39
1719550175,1719550447,214748364,1,12.42585659,87.81710815,491864,12,0,-74.5,2024/6/28 4:49
1719550775,1719551047,214748364,1,-25.56647301,80.10668182,501553.8125,7,0,-22.10000038,2024/6/28 4:59
1719551375,1719551647,214748364,1,-62.86603928,66.46953583,520330.25,10,0,27.29999924,2024/6/28 5:09
1719551975,1719552247,214748364,1,-76.29576874,-69.08305359,528184.3125,18,0,-16.20000076,2024/6/28 5:19
1719552575,1719552847,214748364,1,-40.21829987,-97.50867462,518726.5313,18,0,-5.199999809,2024/6/28 5:29
1719553175,1719553447,214748364,1,-2.495889902,-105.9992828,506438.6563,10,0,-16.29999924,2024/6/28 5:39
1719553776,1719554047,214748364,1,35.3469429,-114.1179886,504789.875,10,0,-28.79999924,2024/6/28 5:49
1719554376,1719554647,214748364,1,72.21247864,-135.2482452,507817.375,12,0,-7.599999905,2024/6/28 5:59
1719555576,1719555848,214748364,1,29.8389492,67.95079041,493292.125,16,0,-35.20000076,2024/6/28 6:19
1719556176,1719556448,214748364,1,-8.166745186,60.10170364,495099.375,17,0,-44.20000076,2024/6/28 6:29
1719556776,1719557048,214748364,1,-45.92837524,50.94849396,511958.8438,6,0,49.79999924,2024/6/28 6:39
1719557376,1719557648,214748364,1,-80.63700104,4.075071812,526951.125,12,0,-7.099999905,2024/6/28 6:49
1719557976,1719558248,214748364,1,-57.24876785,-114.6591415,524537.125,13,0,-18,2024/6/28 6:59
1719558576,1719558848,214748364,1,-19.85661125,-126.134903,511064.375,12,0,-9.899999619,2024/6/28 7:09
1719559176,1719559448,214748364,1,18.01968575,-133.7533569,503999.5625,14,0,-32.5,2024/6/28 7:19
1719559777,1719560048,214748364,1,55.59345627,-144.7784882,506681,11,0,6.400000095,2024/6/28 7:29
1719560377,1719560648,214748364,1,81.42662811,103.3235016,506398.4375,12,0,3.700000048,2024/6/28 7:39
1719562177,1719562449,214748364,1,-28.69122887,32.0838623,503092.2813,5,0,23.89999962,2024/6/28 8:09
1719562777,1719563049,214748364,1,-65.84866333,16.79712868,521645.0938,12,0,17.5,2024/6/28 8:19
1719563377,1719563649,214748364,1,-73.59400177,-122.6023178,527861.875,14,0,-37.59999847,2024/6/28 8:29
1719563977,1719564249,214748364,1,-37.12052536,-145.6798096,517340.4688,19,0,-8.100000381,2024/6/28 8:39
1719564577,1719564849,214748364,1,0.64109832,-153.91539,505593.8125,19,0,14.89999962,2024/6/28 8:49
1719565177,1719565449,214748364,1,38.46336365,-162.2655334,504855.625,12,0,-13.10000038,2024/6/28 8:59
1719565778,1719566049,214748364,1,74.94875336,172.2252045,507697,10,0,1.899999976,2024/6/28 9:09
1719568778,1719569050,214748364,1,-82.14139557,-61.88526154,527375.1875,8,0,-25.10000038,2024/6/28 9:59
1719569378,1719569650,214748364,1,-54.19467163,-163.4422913,523501.125,16,0,-28,2024/6/28 10:09
1719569978,1719570250,214748364,1,-16.72130775,-174.0955658,509907.9063,23,0,45.09999847,2024/6/28 10:19
1719570578,1719570850,214748364,1,21.16065788,178.2758484,503879.7813,14,0,3.900000095,2024/6/28 10:29
1719571178,1719571450,214748364,1,58.65665817,166.3243256,506940.375,13,0,8,2024/6/28 10:39
1719572380,1719572379,0,1,44.07162094,0.902074993,496374.3125,18,11,49.09999847,2024/6/28 10:59
1719572980,1719572979,0,1,6.181065083,-8.029127121,492175.3125,16,10,30.79999924,2024/6/28 11:09
1719573580,1719573580,0,1,-31.82924652,-15.97515678,504504.9375,13,9,15.39999962,2024/6/28 11:19
1719574180,1719574180,0,1,-68.80974579,-33.45848465,522718.25,21,12,4.199999809,2024/6/28 11:29
1719574780,1719574780,0,1,-70.74927521,-174.4585876,527430.625,24,13,-64.80000305,2024/6/28 11:39
1719575380,1719575380,0,1,-33.99749756,166.1951447,516087.3438,22,11,28.39999962,2024/6/28 11:49
1719575980,1719575980,0,1,3.796031713,158.1643066,505078.7813,21,10,49.59999847,2024/6/28 11:59
1719576580,1719576580,0,1,41.58932495,149.5256042,505178,17,10,17.79999924,2024/6/28 12:09
1719577180,1719577180,0,1,77.58922577,117.3962479,507634.5625,23,13,-1.5,2024/6/28 12:19
1719577781,1719577780,0,1,61.12631226,-15.18737316,501111.5938,21,11,59.70000076,2024/6/28 12:29
1719578381,1719578380,0,1,23.60445023,-28.08004761,492225.4063,25,11,18.10000038,2024/6/28 12:39
1719578981,1719578980,0,1,-14.4162569,-35.75795364,496840.4063,23,13,-11.89999962,2024/6/28 12:49
1719579581,1719579580,0,1,-52.11661911,-45.97531509,514963.7813,21,12,3.599999905,2024/6/28 12:59
1719580181,1719580181,0,1,-82.56504822,-132.976059,527718.5625,30,12,-42,2024/6/28 13:09
1719580781,1719580781,0,1,-51.11060333,147.94133,522537,27,12,-18.20000076,2024/6/28 13:19
1719581381,1719581381,0,1,-13.56873512,137.9553375,509080.8438,27,13,56.40000153,2024/6/28 13:29
1719581981,1719581981,0,1,24.31210136,130.2846375,504042.875,15,10,35.09999847,2024/6/28 13:39
1719582581,1719582581,0,1,61.71234894,117.1611099,507249.9063,22,12,-20.20000076,2024/6/28 13:49
1719583181,1719583181,0,1,77.11656189,-16.66714859,505211.0938,24,13,32.40000153,2024/6/28 13:59
1719583782,1719583781,0,1,40.94020462,-47.36294174,495398.6875,27,11,10.69999981,2024/6/28 14:09
1719584382,1719584381,0,1,3.010624886,-55.95192719,492401.9063,22,12,-28.29999924,2024/6/28 14:19
1719584982,1719584981,0,1,-34.97102356,-64.07030487,505995.4063,16,11,19.10000038,2024/6/28 14:29
1719585582,1719585581,0,1,-71.7191391,-84.546875,523899.6563,30,12,-14.5,2024/6/28 14:39
1719586182,1719586182,0,1,-67.82317352,134.7687988,527118.3125,29,11,-39.09999847,2024/6/28 14:49
1719586782,1719586782,0,1,-30.86796379,118.1124802,515193.0938,25,10,-24.89999962,2024/6/28 14:59
1719587382,1719587382,0,1,6.949884892,110.2427521,504910.4063,19,11,19,2024/6/28 15:09
1719588582,1719588582,0,1,79.93540192,59.01125717,507505.3438,25,12,9.699999809,2024/6/28 15:29
1719589182,1719589182,0,1,58.06784439,-64.29878235,500246.75,29,14,-9.699999809,2024/6/28 15:39
1719589783,1719589782,0,1,20.44849586,-76.06734467,491912.5313,22,11,-21.70000076,2024/6/28 15:49
1719590383,1719590382,0,1,-17.57158089,-83.70884705,498020.9375,16,12,0.800000012,2024/6/28 15:59
1719590983,1719590982,0,1,-55.19431686,-94.63796997,516606.1875,21,11,-10.60000038,2024/6/28 16:09
1719591583,1719591582,0,1,-81.73490906,157.2305756,528095.6875,31,14,-40.90000153,2024/6/28 16:19
1719592183,1719592183,0,1,-48.02770996,99.46277618,521590.75,29,9,-3.400000095,2024/6/28 16:29
1719592783,1719592783,0,1,-10.42644024,90.01863861,508404.8438,24,11,-64.40000153,2024/6/28 16:39
1719593383,1719593383,0,1,27.44874573,82.27236938,504345.625,16,10,-65.69999695,2024/6/28 16:49
1719593983,1719593983,0,1,64.73083496,67.64990234,507580.3438,24,12,-12.5,2024/6/28 16:59
1719594583,1719594583,0,1,74.44580841,-70.98858643,504723.0313,24,12,16.60000038,2024/6/28 17:09
1719595184,1719595183,0,1,37.81705856,-95.5572052,494796.1875,21,11,-31.79999924,2024/6/28 17:19
1719595784,1719595783,0,1,-0.141396672,-103.8704758,492983.4375,18,12,-16.89999962,2024/6/28 17:29
1719596384,1719596383,0,1,-38.02415848,-112.1904297,507597.4688,16,11,-10.5,2024/6/28 17:39
1719596984,1719596983,0,1,-74.51913452,-136.8703918,524853.5625,30,12,-47.59999847,2024/6/28 17:49
1719597584,1719597584,0,1,-64.86267853,84.73857117,526402.875,31,11,13.39999962,2024/6/28 17:59
1719598184,1719598184,0,1,-27.7482357,70.06713104,513906.1875,28,10,1.5,2024/6/28 18:09
1719598784,1719598784,0,1,10.09256172,62.31574631,504567.25,20,13,-67.09999847,2024/6/28 18:19
1719600584,1719600584,0,1,54.99688339,-113.1483536,499387.9688,26,10,-21.60000038,2024/6/28 18:49
1719601185,1719601184,0,1,17.29828072,-124.0338821,491771.8125,22,11,-44.70000076,2024/6/28 18:59
1719601785,1719601784,0,1,-20.71488762,-131.676651,499315,15,12,-11.69999981,2024/6/28 19:09
1719602385,1719602384,0,1,-58.1860733,-143.4638824,518086.3438,22,13,-27,2024/6/28 19:19
1719602985,1719602984,0,1,-79.95809174,93.43125153,528156.25,31,13,-6.400000095,2024/6/28 19:29
1719603585,1719603585,0,1,-44.9401207,51.10031509,520350.1875,28,10,44.40000153,2024/6/28 19:39
1719604185,1719604185,0,1,-7.284926891,42.09238434,507405.5625,23,12,-36.20000076,2024/6/28 19:49
1719606585,1719606585,0,1,34.67436981,-143.6950378,493920.4063,22,10,-28.10000038,2024/6/28 20:29
1719607186,1719607185,0,1,-3.308769941,-151.7913818,493540.625,18,11,13.19999981,2024/6/28 20:39
1719607786,1719607785,0,1,-41.14910126,-160.3908386,509279.5625,17,10,-1,2024/6/28 20:49
1719608386,1719608385,0,1,-77.12729645,168.9219971,525829.0625,26,12,-55.59999847,2024/6/28 20:59
1719608986,1719608985,0,1,-61.8528862,35.21602631,525780.1875,28,12,28.5,2024/6/28 21:09
1719609586,1719609586,0,1,-24.61321259,22.05432892,512737.8125,22,12,24.79999924,2024/6/28 21:19
1719610186,1719610186,0,1,13.24532318,14.38033009,504111.9688,22,14,13.60000038,2024/6/28 21:29
1719610786,1719610786,0,1,50.91359329,4.415121555,505967.375,11,13,45.40000153,2024/6/28 21:39
1719611386,1719611386,0,1,82.5655899,-74.83460999,506636.0625,30,13,20,2024/6/28 21:49
1719611986,1719611986,0,1,51.89218521,-161.8106232,498156.4375,25,11,11,2024/6/28 21:59
1719612586,1719612586,0,1,14.12373829,-171.986618,491456.25,24,10,9.100000381,2024/6/28 22:09
1719613187,1719613186,0,1,-23.87888336,-179.6669769,500561.2188,22,9,50.79999924,2024/6/28 22:19
1719613787,1719613786,0,1,-61.24322891,167.4146576,519588.2188,25,10,-43.70000076,2024/6/28 22:29
1719614387,1719614386,0,1,-77.66947174,35.18731689,528222.875,26,12,9.100000381,2024/6/28 22:39
1719614987,1719614987,0,1,-41.82307816,2.822483301,519294.75,24,10,19.70000076,2024/6/28 22:49
1719615587,1719615587,0,1,-4.122499943,-5.829158306,506637.3438,22,12,17.89999962,2024/6/28 22:59
1719616187,1719616187,0,1,33.73100662,-13.85289288,504311.5625,19,11,42.09999847,2024/6/28 23:09
1719616787,1719616787,0,1,70.66902161,-33.14823914,507306.4375,26,13,53.79999924,2024/6/28 23:19
1719617387,1719617387,0,1,68.6782074,-174.385849,502778.3125,30,12,1,2024/6/28 23:29
1719617987,1719617987,0,1,31.51091957,168.2103119,493046.1875,26,10,-8.300000191,2024/6/28 23:39
1719618587,1719618587,0,1,-6.492056847,160.284317,494166.9063,22,11,59.29999924,2024/6/28 23:49
1719619188,1719619187,0,1,-44.28412628,151.3388367,510968.4063,26,12,-9.600000381,2024/6/28 23:59
1719619788,1719619787,0,1,-79.54118347,111.2854462,526665,24,12,-25.79999924,2024/6/29 0:09
1719620388,1719620387,0,1,-58.86188126,-13.92244625,525133.125,24,12,20.29999924,2024/6/29 0:19
1719620988,1719620988,0,1,-21.45806313,-25.93711281,511736.6875,23,11,-6.199999809,2024/6/29 0:29
1719621588,1719621588,0,1,16.41228676,-33.56740189,503964.125,20,10,1.700000048,2024/6/29 0:39
1719622188,1719622188,0,1,54.02158737,-44.19886017,506196.3125,20,11,39.59999847,2024/6/29 0:49
1719622788,1719622788,0,1,82.12714386,-146.1111603,506107.1875,28,13,3.200000048,2024/6/29 0:59
1719623388,1719623388,0,1,48.76644516,149.6685486,497108.625,29,10,20.5,2024/6/29 1:09
1719623988,1719623988,0,1,10.93940163,140.0702667,491391.8125,25,13,50.79999924,2024/6/29 1:19
1719624588,1719624588,0,1,-27.04685974,132.3186798,502041.7813,19,14,0,2024/6/29 1:29
1719625189,1719625188,0,1,-64.28292084,117.9509583,521009.1875,30,12,-26.39999962,2024/6/29 1:39
1719625789,1719625788,0,1,-75.03548431,-19.73060989,528213.25,28,13,-0.699999988,2024/6/29 1:49
1719626389,1719626388,0,1,-38.69281769,-45.39095306,518262.5938,21,10,-5.699999809,2024/6/29 1:59
1719626989,1719626989,0,1,-0.952970028,-53.75061798,506115.375,19,11,-23.79999924,2024/6/29 2:09
1719627589,1719627589,0,1,36.87977219,-61.97857285,504694.625,13,10,-32.20000076,2024/6/29 2:19
1719628189,1719628189,0,1,73.54509735,-85.01986694,507454.5625,27,12,-8.800000191,2024/6/29 2:29
1719628789,1719628789,0,1,65.68439484,135.3643646,502071.4688,29,11,-0.5,2024/6/29 2:39
1719629389,1719629389,0,1,28.34795761,120.1511765,492573.625,27,12,10,2024/6/29 2:49
1719629989,1719629989,0,1,-9.667004585,112.3553391,495123.6563,20,13,8.300000191,2024/6/29 2:59
1719630590,1719630589,0,1,-47.40421295,102.9895401,512559.9063,25,13,-9.699999809,2024/6/29 3:09
1719631190,1719631189,0,1,-81.46352386,48.52729034,527170.0625,32,13,0.800000012,2024/6/29 3:19
1719631790,1719631789,0,1,-55.79412842,-62.83778381,524166.0625,23,11,14.10000038,2024/6/29 3:29
1719632390,1719632389,0,1,-18.3006382,-73.91129303,510615.6875,21,10,18.20000076,2024/6/29 3:39
1719632990,1719632990,0,1,19.57813072,-81.52990723,503898.8125,13,12,-16.89999962,2024/6/29 3:49
1719633590,1719633590,0,1,57.11639786,-92.98774719,506610.9063,21,11,-46.29999924,2024/6/29 3:59
1719634190,1719634190,0,1,80.58363342,147.8034973,505777.375,28,12,1.799999952,2024/6/29 4:09
1719634790,1719634790,0,1,45.63704681,101.267952,496518.4063,28,10,-47.09999847,2024/6/29 4:19
1719635390,1719635390,0,1,7.764633179,92.13954926,491948.1563,18,12,-58.59999847,2024/6/29 4:29
1719635990,1719635990,0,1,-30.19626808,84.28137207,503834.625,20,13,-16,2024/6/29 4:39
1719636591,1719636590,0,1,-67.27306366,68.02768707,522403.1563,26,14,24.10000038,2024/6/29 4:49
1719637191,1719637190,0,1,-72.2480545,-72.39770508,527914.8125,27,12,-3.599999905,2024/6/29 4:59
1719637791,1719637790,0,1,-35.63220978,-93.52500153,516903.2813,23,10,-3.099999905,2024/6/29 5:09
1719638391,1719638390,0,1,2.207979918,-101.66716,505272,21,11,-15.5,2024/6/29 5:19
1719638991,1719638991,0,1,40.01887131,-110.1507797,504704.8125,16,10,-18.10000038,2024/6/29 5:29
1719639591,1719639591,0,1,76.29371643,-138.615036,507240.375,25,11,-7.199999809,2024/6/29 5:39
1719640191,1719640191,0,1,62.64974976,85.68697357,501251.75,28,11,-26.10000038,2024/6/29 5:49
1719640791,1719640791,0,1,25.18107224,72.12691498,492381.875,24,11,-47.70000076,2024/6/29 5:59
1719641391,1719641391,0,1,-12.83718872,64.42134857,496564.6875,16,12,-38.59999847,2024/6/29 6:09
1719641991,1719641991,0,1,-50.5067482,54.5370903,514550.5938,21,12,42.79999924,2024/6/29 6:19
1719642592,1719642591,0,1,-82.50537109,-20.3708725,527897.6875,28,13,-11.89999962,2024/6/29 6:29
1719643192,1719643191,0,1,-52.72442245,-111.5365143,523186.0938,26,11,-11.69999981,2024/6/29 6:39
1719643792,1719643791,0,1,-15.21699619,-121.8508453,509384.625,29,13,-7.300000191,2024/6/29 6:49
1719644392,1719644391,0,1,22.73132896,-129.5077209,503556.0625,16,11,-40.40000153,2024/6/29 6:59
1719644992,1719644992,0,1,60.18744278,-142.0075226,506547,26,13,11.19999981,2024/6/29 7:09
1719645592,1719645592,0,1,78.36714935,87.81589508,505143.2813,28,12,-2.599999905,2024/6/29 7:19
1719646192,1719646185,0,1,42.50082016,52.96446991,495751.5,8,10,-13.10000038,2024/6/29 7:29
1719646792,1719646792,0,1,4.589841843,44.215065,492442.5313,19,12,-31.60000038,2024/6/29 7:39
1719647392,1719647392,0,1,-33.34075165,36.20529556,505561.0938,14,10,25.20000076,2024/6/29 7:49
1719647992,1719647992,0,1,-70.21395111,17.40968323,523649.2813,24,12,17.20000076,2024/6/29 7:59
1719648593,1719648592,0,1,-69.35749054,-123.6747971,527454.9375,27,13,-38.59999847,2024/6/29 8:09
1719649193,1719649192,0,1,-32.50138474,-141.6273651,515501.125,29,11,-9.600000381,2024/6/29 8:19
1719649793,1719649792,0,1,5.307671547,-149.5757751,504527.5938,20,13,7.800000191,2024/6/29 8:29
1719650393,1719650392,0,1,43.15276718,-158.3950348,504777.8125,21,12,-9.600000381,2024/6/29 8:39
1719650993,1719650993,0,1,78.81890106,164.9354095,506983.875,29,13,2,2024/6/29 8:49
1719651593,1719651593,0,1,59.58525848,36.41998291,500138.8438,6,0,13.89999962,2024/6/29 8:59
1719652193,1719652193,0,1,22.00960732,24.12802887,492039.0313,12,10,13.39999962,2024/6/29 9:09
1719652793,1719652793,0,1,-16.00919724,16.4723835,497693.2813,15,10,19.20000076,2024/6/29 9:19
1719653393,1719653393,0,1,-53.60564041,5.942329884,516124.6563,18,10,27.20000076,2024/6/29 9:29
1719653993,1719653993,0,1,-82.30928802,-91.84779358,528148.75,30,13,-28.89999962,2024/6/29 9:39
1719654594,1719654593,0,1,-49.62687302,-160.0822296,522020.875,27,11,-17.60000038,2024/6/29 9:49
1719655194,1719655193,0,1,-12.05306339,-169.7948608,508295.6563,23,14,22.5,2024/6/29 9:59
1719655794,1719655793,0,1,25.83134079,-177.4999084,503492.3125,19,12,-2.200000048,2024/6/29 10:09
1719656394,1719656393,0,1,63.24482727,168.6468506,506710.5313,24,13,9.600000381,2024/6/29 10:19
1719656994,1719656994,0,1,75.78069305,32.01620865,504487.3125,28,12,18.89999962,2024/6/29 10:29
1719657594,1719657594,0,1,39.34892273,4.73448658,494882.7813,18,10,45.5,2024/6/29 10:39
1719658194,1719658194,0,1,1.404579997,-3.70903492,492803.4375,20,11,18,2024/6/29 10:49
1719658794,1719658794,0,1,-36.49311066,-11.91760159,507086.6563,14,9,19.20000076,2024/6/29 10:59
1719659394,1719659394,0,1,-73.09608459,-34.25295258,524604,23,11,-3.5,2024/6/29 11:09
1719659994,1719659994,0,1,-66.38694,-174.0691681,526828.8125,27,12,-54.90000153,2024/6/29 11:19
1719660595,1719660594,0,1,-29.34906769,170.3055115,514210.0313,28,9,45.29999924,2024/6/29 11:29
1719661195,1719661194,0,1,8.48499012,162.4955902,504113,24,12,33.59999847,2024/6/29 11:39
1719661795,1719661794,0,1,46.29150009,153.2775879,505102.5313,23,11,10.39999962,2024/6/29 11:49
1719662395,1719662395,0,1,80.94249725,103.8607101,506800.125,27,11,3.700000048,2024/6/29 11:59
1719662995,1719662995,0,1,56.48923492,-12.55822372,499381.75,23,11,55.20000076,2024/6/29 12:09
1719663595,1719663595,0,1,18.82565308,-23.85223579,491691.0938,22,12,24.60000038,2024/6/29 12:19
1719664195,1719664195,0,1,-19.19046783,-31.49238396,498799.5313,15,11,-5.300000191,2024/6/29 12:29
1719664795,1719664795,0,1,-56.70414352,-42.82701111,517539.4063,21,11,17.70000076,2024/6/29 12:39
1719665395,1719665395,0,1,-80.9457016,-159.1265106,528293.5,28,13,-50.40000153,2024/6/29 12:49
1719665996,1719665995,0,1,-46.50607681,151.4897156,520935.2188,26,10,-13.69999981,2024/6/29 12:59
1719666596,1719666595,0,1,-8.875802994,142.2689514,507471.625,25,11,74.09999847,2024/6/29 13:09
1719667196,1719667195,0,1,29.00083923,134.4667969,503674.25,18,10,35.79999924,2024/6/29 13:19
1719667796,1719667795,0,1,66.28020477,118.869072,506897.7188,28,12,-13.80000019,2024/6/29 13:29
1719668396,1719668395,0,1,72.98928833,-21.2225399,503673.125,26,13,51.09999847,2024/6/29 13:39
1719668996,1719668996,0,1,36.18156433,-43.43744278,493981.0625,25,11,16.39999962,2024/6/29 13:49
1719669596,1719669596,0,1,-1.791911721,-51.63252258,493241.5625,21,13,-23.10000038,2024/6/29 13:59
1719670196,1719670196,0,1,-39.65177536,-60.0912056,508667.3125,15,11,13.39999962,2024/6/29 14:09
1719670796,1719670796,0,1,-75.87123871,-87.53263855,525636.5625,26,12,-18.79999924,2024/6/29 14:19
1719671396,1719671396,0,1,-63.36572647,136.1413116,526356.5625,29,12,-40.5,2024/6/29 14:29
1719671997,1719671996,0,1,-26.18745422,122.2701111,513330.875,27,10,-11,2024/6/29 14:39
1719672597,1719672596,0,1,11.66398525,114.5613251,504034.4063,22,11,26.5,2024/6/29 14:49
1719673197,1719673196,0,1,49.36098862,104.8806229,505564.9063,20,11,-40.20000076,2024/6/29 14:59
1719673797,1719673796,0,1,82.31391907,36.49239349,506494.4063,26,12,20.10000038,2024/6/29 15:09
1719674397,1719674397,0,1,53.37714386,-61.32180023,498454.3125,25,12,-13,2024/6/29 15:19
1719674997,1719674997,0,1,15.63860512,-71.8156662,491548.0938,19,12,-26.5,2024/6/29 15:29
1719675597,1719675597,0,1,-22.36886787,-79.47216034,500151.4688,15,12,8.300000191,2024/6/29 15:39
1719676197,1719676197,0,1,-59.78408813,-91.8117981,519153.1875,24,12,-11.80000019,2024/6/29 15:49
1719676797,1719676797,0,1,-78.83813477,139.8488617,528505.8125,31,14,-50.79999924,2024/6/29 15:59
1719677397,1719677397,0,1,-43.38334656,103.1592178,519963.1875,22,9,-17.79999924,2024/6/29 16:09
1719677998,1719677997,0,1,-5.704754829,94.34064484,506940.375,21,11,-45.90000153,2024/6/29 16:19
1719678598,1719678597,0,1,32.15851593,86.40438843,504059.0625,12,10,-32.5,2024/6/29 16:29
1719679198,1719679197,0,1,69.20550537,68.56259155,507153,23,12,-8.899999619,2024/6/29 16:39
1719679798,1719679797,0,1,70.09289551,-72.85427856,503121.75,21,11,-1.5,2024/6/29 16:49
1719680398,1719680398,0,1,33.02432251,-91.55653381,493487.25,18,12,-27,2024/6/29 16:59
1719680998,1719680998,0,1,-4.968893528,-99.55516815,494073.2813,20,12,-14.19999981,2024/6/29 17:09
1719681598,1719681598,0,1,-42.78287125,-108.3217621,510389.0938,18,11,-9.600000381,2024/6/29 17:19
1719682198,1719682198,0,1,-78.42916107,-143.3556671,526466.25,29,12,-50.59999847,2024/6/29 17:29
1719682798,1719682798,0,1,-60.3323822,86.79331207,525514.1875,27,11,12.89999962,2024/6/29 17:39
1719683398,1719683398,0,1,-23.03780746,74.26313019,512127.5938,26,10,-18.70000076,2024/6/29 17:49
1719683999,1719683998,0,1,14.82933998,66.61763763,503851.5938,17,11,-72.09999847,2024/6/29 17:59
1719685199,1719685198,0,1,82.51008606,-34.6465683,506213.4063,23,13,29.60000038,2024/6/29 18:19
1719685799,1719685798,0,1,50.26331329,-109.9064026,497661.625,29,11,-18.29999924,2024/6/29 18:29
1719686399,1719686399,0,1,12.46427822,-119.7632904,491650.5625,20,12,-42.70000076,2024/6/29 18:39
1719686999,1719686999,0,1,-25.52781296,-127.4739456,501614.25,18,9,-10.89999962,2024/6/29 18:49
1719687599,1719687599,0,1,-62.8261261,-141.0940094,520564.7188,26,13,-37.29999924,2024/6/29 18:59
1719688199,1719688199,0,1,-76.33187866,83.43643188,528311.875,26,12,3.799999952,2024/6/29 19:09
1719688799,1719688799,0,1,-40.26290894,54.91530228,518624.9688,25,10,35.40000153,2024/6/29 19:19
1719689399,1719689399,0,1,-2.539386749,46.41875076,506070.3125,25,14,-45.5,2024/6/29 19:29
1719692400,1719692400,85899345,1,-8.153376579,-147.4841919,494930.875,5,0,3.400000095,2024/6/29 20:20
1719693000,1719693000,0,1,-45.91475296,-156.6378632,512097.5,19,9,-9.399999619,2024/6/29 20:30
1719693600,1719693600,0,1,-80.62471008,156.5561676,527213.5625,28,11,-48.29999924,2024/6/29 20:40
1719694200,1719694200,0,1,-57.26708603,37.76695251,524662.5,25,13,37.40000153,2024/6/29 20:50
1719694800,1719694800,0,1,-19.87705994,26.28198624,510941.1875,24,11,10.69999981,2024/6/29 21:00
1719695400,1719695400,0,1,18.00138855,18.66080284,503480.8125,17,13,12.19999981,2024/6/29 21:10
1719696601,1719696600,0,1,81.45663452,-103.8630219,505512.3125,24,13,6.5,2024/6/29 21:30
1719697201,1719697200,0,1,47.12056351,-158.3607941,496512.7813,25,10,-0.400000006,2024/6/29 21:40
1719697801,1719697801,0,1,9.267346382,-167.7018127,491583.375,25,12,12.5,2024/6/29 21:50
1719698401,1719698401,0,1,-28.70538902,-175.5064545,503049.625,21,9,26.39999962,2024/6/29 22:00
1719699001,1719699001,0,1,-65.85945129,169.195343,521960.8125,26,11,-51.40000153,2024/6/29 22:10
1719699601,1719699601,0,1,-73.58567047,29.80796242,528159.25,30,14,19.10000038,2024/6/29 22:20
1719700201,1719700201,0,1,-37.11608887,6.735545158,517484.8438,25,10,22.10000038,2024/6/29 22:30
1719700801,1719700801,0,1,0.644651651,-1.50178504,505379.0938,20,11,17.29999924,2024/6/29 22:40
1719701402,1719701401,0,1,38.47066498,-9.855070114,504173.3125,20,12,50,2024/6/29 22:50
1719702002,1719702001,0,1,74.96121216,-35.39883804,506753.9063,28,13,40.70000076,2024/6/29 23:00
1719702602,1719702601,0,1,64.13925934,-173.3393555,501113.5313,28,12,4.599999905,2024/6/29 23:10
1719703202,1719703201,0,1,26.6644001,172.3261719,492091.3125,23,11,-5.699999809,2024/6/29 23:20
1719703802,1719703802,0,1,-11.35492134,164.5800018,495719.8125,17,11,55,2024/6/29 23:30
1719704402,1719704402,0,1,-49.0560112,154.9479065,513789.5,24,13,-15.89999962,2024/6/29 23:40
1719705002,1719705002,0,1,-82.15014648,90.29522705,527826.125,28,12,-8.199999809,2024/6/29 23:50
1719705602,1719705602,0,1,-54.16720581,-11.03454971,523836.5313,23,11,24.39999962,2024/6/30 0:00
1719706202,1719706202,0,1,-16.69669533,-21.68318367,509965.6563,21,12,-2.099999905,2024/6/30 0:10
1719706802,1719706802,0,1,21.18673134,-29.3132019,503406.25,17,11,17.60000038,2024/6/30 0:20
1719707403,1719707402,0,1,58.68876648,-41.27768326,506020.1563,26,12,46.90000153,2024/6/30 0:30
1719708003,1719708002,0,1,79.50408936,-166.7884369,504821.2188,29,12,2.200000048,2024/6/30 0:40
1719708603,1719708602,0,1,44.02105713,153.3042603,495489.7188,23,11,11.60000038,2024/6/30 0:50
1719709203,1719709202,0,1,6.059464931,144.3654327,491717.375,23,13,62.79999924,2024/6/30 1:00
1719709803,1719709803,0,1,-31.88821602,136.4286194,504647.625,21,12,1.299999952,2024/6/30 1:10
1719710403,1719710403,0,1,-68.86083984,118.9011841,523269.25,24,12,-26.29999924,2024/6/30 1:20
1719711003,1719711003,0,1,-70.70505524,-22.09888649,527959.5,30,12,1.399999976,2024/6/30 1:30
1719711603,1719711603,0,1,-33.95558167,-41.39706421,516416.75,22,10,-7.5,2024/6/30 1:40
1719712203,1719712203,0,1,3.836570024,-49.42560196,504963.9063,22,12,-30.29999924,2024/6/30 1:50
1719712803,1719712803,0,1,41.6332016,-58.06920242,504576.0938,14,10,-20.79999924,2024/6/30 2:00
1719713404,1719713403,0,1,77.63156128,-90.33207703,506755.0313,26,11,-1.799999952,2024/6/30 2:10
1719714004,1719714003,0,1,61.0674057,137.1909943,500322.625,29,13,8,2024/6/30 2:20
1719714604,1719714603,0,1,23.53672981,124.3234253,491749.6875,25,11,18.60000038,2024/6/30 2:30
1719715204,1719715203,0,1,-14.54967213,116.6344757,496856.0938,22,12,4.599999905,2024/6/30 2:40
1719715804,1719715804,0,1,-52.18296432,106.4185867,515337.3125,19,12,-8.899999619,2024/6/30 2:50
1719716404,1719716404,0,1,-82.56203461,18.95972633,528144.625,27,13,-9.199999809,2024/6/30 3:00
1719717004,1719717004,0,1,-51.0542717,-59.66389847,522755.75,24,11,12.69999981,2024/6/30 3:10
1719717604,1719717604,0,1,-13.51233673,-69.63722992,508931.7813,20,11,34.90000153,2024/6/30 3:20
1719718204,1719718204,0,1,24.37196922,-77.30886078,503492.7188,19,10,-31.20000076,2024/6/30 3:30
1719718804,1719718804,0,1,61.77754211,-90.46144104,506420.25,25,12,-47.5,2024/6/30 3:40
1719719405,1719719404,0,1,77.05422974,135.5504913,504416.125,28,13,0.699999988,2024/6/30 3:50
1719720005,1719720004,0,1,40.85814667,105.0338364,494972.875,22,11,-45.29999924,2024/6/30 4:00
1719720605,1719720604,0,1,2.92603159,96.45265198,492454.75,27,13,-30.29999924,2024/6/30 4:10
1719721205,1719721204,0,1,-35.05142975,88.33041382,506481.7188,25,12,-11.69999981,2024/6/30 4:20
1719721805,1719721805,0,1,-71.78739166,67.77368927,524441.5,20,12,18.70000076,2024/6/30 4:30
1719722405,1719722405,0,1,-67.75857544,-72.87874603,527398.75,23,11,1.600000024,2024/6/30 4:40
1719723005,1719723005,0,1,-30.80079079,-89.48273468,514993,23,9,0.200000003,2024/6/30 4:50
1719723605,1719723605,0,1,7.0216465,-97.34937286,504262.1875,22,12,-8.5,2024/6/30 5:00
1719724205,1719724205,0,1,44.78636932,-106.3508835,504671.625,16,10,-14.60000038,2024/6/30 5:10
1719724805,1719724805,0,1,79.99676514,-148.960434,506491.5938,27,11,-0.100000001,2024/6/30 5:20
1719725406,1719725405,0,1,57.97001648,88.07256317,499545.4375,23,11,-36.09999847,2024/6/30 5:30
1719726006,1719726005,0,1,20.34388733,76.33415222,491796.4375,23,11,-65.59999847,2024/6/30 5:40
1719726606,1719726605,0,1,-17.67370796,68.69300842,498471.2188,17,11,-26.89999962,2024/6/30 5:50
1719727206,1719727205,0,1,-55.28688812,57.73929977,517285.375,19,13,37.79999924,2024/6/30 6:00
1719727806,1719727806,0,1,-81.69464874,-50.88940811,528627.625,28,11,-24.70000076,2024/6/30 6:10
1719728406,1719728406,0,1,-47.94533539,-108.1413498,521612.0938,21,10,-9.899999619,2024/6/30 6:20
1719729006,1719729006,0,1,-10.34030151,-117.5738297,507750.75,22,13,-10.30000019,2024/6/30 6:30
1719729606,1719729606,0,1,27.5435009,-125.3252106,503232.4063,11,11,-44.70000076,2024/6/30 6:40
1719730206,1719730206,0,1,64.83340454,-140.0112762,506313.6563,24,12,11.30000019,2024/6/30 6:50
1719730806,1719730806,0,1,74.33969879,81.22094727,503724.0625,28,13,-8,2024/6/30 7:00
1719731407,1719731406,0,1,37.69037628,56.83560944,494332.25,14,10,-13,2024/6/30 7:10
1719732007,1719732006,0,1,-0.26922667,48.5304451,493261.0625,21,12,-49.59999847,2024/6/30 7:20
1719732607,1719732606,0,1,-38.20683289,40.18214417,508326.4688,16,10,34.5,2024/6/30 7:30
1719733207,1719733206,0,1,-74.61610413,15.3336134,525536.5625,28,13,17,2024/6/30 7:40
1719733807,1719733807,0,1,-64.76097107,-122.9129486,526730.625,25,14,-33.20000076,2024/6/30 7:50
1719734407,1719734407,0,1,-27.64317513,-137.5301361,513563.3438,23,11,-11.80000019,2024/6/30 8:00
1719735007,1719735007,0,1,10.20444298,-145.2805634,503602.3125,19,13,-3.799999952,2024/6/30 8:10
1719735607,1719735607,0,1,47.92989731,-154.7280121,504731.5938,19,12,-1.399999976,2024/6/30 8:20
1719736207,1719736207,0,1,81.78517914,146.708847,506134.5313,26,12,2.700000048,2024/6/30 8:30
1719736808,1719736807,0,1,54.85401154,39.21475983,498650.6875,8,11,11.60000038,2024/6/30 8:40
1719738008,1719738007,0,1,-20.8605938,20.71858978,499814.125,17,10,21.10000038,2024/6/30 9:00
1719738608,1719738607,0,1,-58.38124084,8.852325439,518800,23,11,19,2024/6/30 9:10
1719739208,1719739208,0,1,-79.86806488,-114.6949081,528631.5625,28,12,-38.20000076,2024/6/30 9:20
1719739808,1719739808,0,1,-44.8133316,-156.5127106,520296.625,28,10,-8.199999809,2024/6/30 9:30
1719740408,1719740408,0,1,-7.153299809,-165.5065002,506719.4688,27,15,16.89999962,2024/6/30 9:40
1719741008,1719741008,0,1,30.72244263,-173.3787689,503232.6563,19,12,-7.699999809,2024/6/30 9:50
1719741608,1719741608,0,1,67.85971069,169.9008636,506400.5313,24,13,6.900000095,2024/6/30 10:00
1719742208,1719742208,0,1,71.46723938,28.90427589,502995.6563,21,13,19.29999924,2024/6/30 10:10
1719745209,1719745209,0,1,-61.7106514,-172.450882,525913.1875,9,0,-46,2024/6/30 11:00
1719745809,1719745809,0,1,-24.46486092,174.4483948,512264.4375,29,11,53.09999847,2024/6/30 11:10
1719746409,1719746409,0,1,13.40064812,166.7759857,503285.75,22,12,22.70000076,2024/6/30 11:20
1719747009,1719747009,0,1,51.07551575,156.7774811,505022.9063,22,13,25.5,2024/6/30 11:30
1719747609,1719747609,0,1,82.57505035,76.23595428,505822.3438,22,12,9.199999809,2024/6/30 11:40
1719748209,1719748209,0,1,51.71461868,-9.454230309,497689.4688,24,10,58.09999847,2024/6/30 11:50
1719748810,1719748809,0,1,13.94171333,-19.5948925,491546.375,22,12,22.20000076,2024/6/30 12:00
1719749410,1719749409,0,1,-24.05629158,-27.27807045,501118.5938,12,9,-4.800000191,2024/6/30 12:10
1719750010,1719750009,0,1,-61.40839386,-40.26461029,520107.9063,23,12,19.70000076,2024/6/30 12:20
1719750610,1719750609,0,1,-77.48685455,-173.0397949,528545.875,29,13,-57.40000153,2024/6/30 12:30
1719751210,1719751210,0,1,-41.66038895,155.1996155,519108.2813,30,10,-2.299999952,2024/6/30 12:40
1719751810,1719751810,0,1,-3.953959942,146.5645142,505968.8438,26,13,78.30000305,2024/6/30 12:50
1719752410,1719752410,0,1,33.90645218,138.5298004,503446.8438,17,10,38.5,2024/6/30 13:00
1719753010,1719753010,0,1,70.84023285,119.0470581,506469.9063,25,12,-8.600000381,2024/6/30 13:10
1719753610,1719753610,0,1,68.49662781,-22.15865517,502080.875,23,12,58.90000153,2024/6/30 13:20
1719754210,1719754210,0,1,31.31362915,-39.40912628,492814.0313,21,10,21.89999962,2024/6/30 13:30
1719754811,1719754810,0,1,-6.689344883,-47.32500458,494506.9063,18,14,-24.5,2024/6/30 13:40
1719755411,1719755410,0,1,-44.47381973,-56.29199982,511513.125,15,10,0.899999976,2024/6/30 13:50
1719756011,1719756010,0,1,-79.67177582,-97.02937317,527122.9375,29,12,-25.60000038,2024/6/30 14:00
1719756611,1719756610,0,1,-58.62479019,138.3693848,525241.875,30,13,-29.79999924,2024/6/30 14:10
1719757211,1719757211,0,1,-21.2762394,126.4505615,511397.875,26,10,11.19999981,2024/6/30 14:20
1719757811,1719757811,0,1,16.5994606,118.8221359,503310.6563,20,9,28.89999962,2024/6/30 14:30
1719758411,1719758411,0,1,54.21259308,108.1454544,505463.375,23,10,-32.09999847,2024/6/30 14:40
1719759011,1719759011,0,1,82.05812836,4.916348457,505356.625,28,12,30.5,2024/6/30 14:50
1719759611,1719759611,0,1,48.56078339,-57.97847366,496720.6875,25,11,-2.799999952,2024/6/30 15:00
1719760211,1719760211,0,1,10.7292881,-67.54114532,491552.375,20,12,-21.20000076,2024/6/30 15:10
1719760812,1719760811,0,1,-27.25201607,-75.29683685,502571.0938,15,11,15.5,2024/6/30 15:20
1719761412,1719761411,0,1,-64.4733963,-89.76546478,521608.6563,24,12,-14.39999962,2024/6/30 15:30
1719762012,1719762011,0,1,-74.86903381,132.3093567,528548.375,29,13,-46.90000153,2024/6/30 15:40
1719762612,1719762612,0,1,-38.50331116,106.9824219,518123.7813,26,10,-33,2024/6/30 15:50
1719763212,1719763212,0,1,-0.758248329,98.63959503,505567.6875,26,11,-16.5,2024/6/30 16:00
1719763812,1719763812,0,1,37.08029175,90.39827728,503929.5625,17,10,-46.40000153,2024/6/30 16:10
1719764412,1719764412,0,1,73.73348999,67.06185913,506623.5,25,12,-4.400000095,2024/6/30 16:20
1719765012,1719765012,0,1,65.47727203,-72.38922882,501456.625,27,12,-19.20000076,2024/6/30 16:30
1719765612,1719765612,0,1,28.12656593,-87.47045898,492441.4063,24,11,-31.39999962,2024/6/30 16:40
1719766212,1719766212,0,1,-9.887521744,-95.25736237,495532.1875,21,13,-11.39999962,2024/6/30 16:50
1719766813,1719766812,0,1,-47.61516571,-104.6531754,513246.0313,15,11,-9.300000191,2024/6/30 17:00
1719767413,1719767412,0,1,-81.56494904,-160.2731628,527767.9375,27,12,-49.29999924,2024/6/30 17:10
1719768013,1719768012,0,1,-55.53639603,89.46324921,524278.5,26,11,13.39999962,2024/6/30 17:20
1719768613,1719768613,0,1,-18.09910774,78.47357178,510325.6563,26,10,-44.40000153,2024/6/30 17:30
1719769213,1719769213,0,1,19.78447723,70.85407257,503294.3125,18,10,-64.40000153,2024/6/30 17:40
1719771013,1719771013,0,1,45.41167831,-106.3774185,496032.5,26,12,-14.89999962,2024/6/30 18:10
1719771613,1719771613,0,1,7.534194946,-115.4763031,491890.9063,24,11,-33.79999924,2024/6/30 18:20
1719772214,1719772213,0,1,-30.42326164,-123.3443069,504154.8125,16,9,-10.89999962,2024/6/30 18:30
1719772814,1719772813,0,1,-67.48352814,-139.7545013,522853.9688,27,11,-46.79999924,2024/6/30 18:40
1719773414,1719773413,0,1,-72.04880524,79.71611786,528084.5,28,12,14.69999981,2024/6/30 18:50
1719774014,1719774013,0,1,-35.35284424,58.82920456,516710.0625,25,11,23.5,2024/6/30 19:00
1719774614,1719774614,0,1,2.428873301,50.71660233,504855.2813,22,13,-50.29999924,2024/6/30 19:10
1719777014,1719703379,4209067949,1,24.93373489,-135.4977875,491984.1563,8,0,-32.29999924,2024/6/30 19:50
1719777614,1719703979,4209067949,1,-13.08582878,-143.2000275,496621.7813,11,0,-4.300000191,2024/6/30 20:00
1719778214,1719704579,4209067949,1,-50.74855042,-153.1317444,514920.75,13,0,-18.39999962,2024/6/30 20:10
1719778814,1719705179,4209067949,1,-82.54163361,129.7114563,528239.875,14,0,-39.90000153,2024/6/30 20:20
1719780014,1719706380,4209067949,1,-14.914958,30.51622963,509139.6875,14,0,-9.399999619,2024/6/30 20:40
1719780614,1719706980,4209067949,1,22.97309303,22.86659813,503006.75,14,0,14.39999962,2024/6/30 20:50
1719782414,1719708780,4209067949,1,42.23652649,-154.6830292,495012,15,0,-12.89999962,2024/6/30 21:20
1719783014,1719709380,4209067949,1,4.317926884,-163.4068756,492112.625,16,0,15.80000019,2024/6/30 21:30
1719783615,1719709980,4209067949,1,-33.61096573,-171.4334412,505734.2813,11,0,21.89999962,2024/6/30 21:40
1719784215,1719710580,4209067949,1,-70.46074677,169.5108948,524118.1563,10,0,-58.70000076,2024/6/30 21:50
1719784815,1719711180,4209067949,1,-69.05253601,28.40731812,527710,14,0,19.10000038,2024/6/30 22:00
1719785415,1719711781,4209067949,1,-32.1795311,10.72520161,515494.5938,16,0,25.10000038,2024/6/30 22:10
1719786015,1719712381,4209067949,1,5.631873131,2.791229963,504245.3125,14,0,16.29999924,2024/6/30 22:20
1719786615,1719712981,4209067949,1,43.41498566,-6.048078537,504141.25,8,0,54.5,2024/6/30 22:30
1719787215,1719713581,4209067949,1,79.02011871,-43.61509705,506076.9375,7,0,32.90000153,2024/6/30 22:40
1719787815,1719714181,4209067949,1,59.30961227,-171.3034363,499404.7188,15,0,9.199999809,2024/6/30 22:50
1719788415,1719714781,4209067949,1,21.71904945,176.4993744,491455.0938,16,0,3.400000095,2024/6/30 23:00
1719789015,1719715381,4209067949,1,-16.30291557,168.844986,497636.5313,13,0,66.09999847,2024/6/30 23:10
1719789616,1719715981,4209067949,1,-53.89046478,158.2467499,516583.625,14,0,-20.89999962,2024/6/30 23:20
1719790216,1719716581,4209067949,1,-82.227211,58.53494263,528616.375,11,0,0.200000003,2024/6/30 23:30
1719790816,1719717181,4209067949,1,-49.28881836,-7.774428368,522226.5,12,0,26.70000076,2024/6/30 23:40
1719791416,1719717782,4209067949,1,-11.71140289,-17.42990303,508201.875,17,0,5.900000095,2024/6/30 23:50
1719792016,1719718382,4209067949,1,26.17443657,-25.14465714,503013.1563,12,0,24.39999962,2024/7/1 0:00
1719792616,1719718982,4209067949,1,63.5210762,-39.12494659,505828.1875,7,0,51.59999847,2024/7/1 0:10
1719793216,1719719582,4209067949,1,75.52558899,-176.1956635,503439.1563,17,0,0.5,2024/7/1 0:20
1719793816,1719720182,4209067949,1,39.04286194,157.0830231,494054.3125,13,0,1.899999976,2024/7/1 0:30
1719794416,1719720782,4209067949,1,1.08949995,148.6646729,492480.5313,10,0,62.20000076,2024/7/1 0:40
1719795016,1719721382,4209067949,1,-36.80493546,140.4333649,507449.25,11,0,-1.899999976,2024/7/1 0:50
1719795617,1719721982,4209067949,1,-73.37151337,117.6822586,525262.4375,10,0,-31.29999924,2024/7/1 1:00
1719796217,1719722582,4209067949,1,-66.10131073,-21.89245033,527294.375,11,0,7.800000191,2024/7/1 1:10
1719796817,1719723182,4209067949,1,-28.99120903,-37.34421158,514392.0625,20,0,-7.099999905,2024/7/1 1:20
1719797417,1719723783,4209067949,1,8.844129562,-45.14094925,503920.9375,14,0,-32.79999924,2024/7/1 1:30
1719798017,1719724383,4209067949,1,46.58778763,-54.38833237,504487.5625,10,0,4.400000095,2024/7/1 1:40
1719798617,1719724983,4209067949,1,81.11678314,-105.3573532,505909.7813,15,0,6,2024/7/1 1:50
1719799217,1719725583,4209067949,1,56.17964935,139.7196503,498543.1563,13,0,14.30000019,2024/7/1 2:00
1719799817,1719726183,4209067949,1,18.50162888,128.5145569,491253.7813,10,0,40.20000076,2024/7/1 2:10
1719800417,1719726783,4209067949,1,-19.51566315,120.8751984,498973.9688,13,0,9.300000191,2024/7/1 2:20
1719801017,1719727383,4209067949,1,-57.01746368,109.4514542,518108.0938,9,0,-11.80000019,2024/7/1 2:30
1719801617,1719727983,4209067949,1,-80.76345825,-8.326998711,528771.125,11,0,-10.69999981,2024/7/1 2:40
1719802218,1719728583,4209067949,1,-46.20018005,-56.18107986,521115.4063,19,0,0.899999976,2024/7/1 2:50
1719802818,1719729183,4209067949,1,-8.566220284,-65.35726929,507333.4063,17,0,13.19999981,2024/7/1 3:00
1719803418,1719729783,4209067949,1,29.37541962,-73.18585968,503234.0313,12,0,-48,2024/7/1 3:10
1719804018,1719730384,4209067949,1,66.58341217,-88.97298431,506171.4375,14,0,-32.70000076,2024/7/1 3:20
1719804618,1719730984,4209067949,1,72.69454193,130.7050323,502967.6875,12,0,-5.099999905,2024/7/1 3:30
1719805218,1719731584,4209067949,1,35.85032272,108.9112854,493604.625,14,0,-31.70000076,2024/7/1 3:40
1719805818,1719732184,4209067949,1,-2.126553297,100.7392273,493410.9688,15,0,-8,2024/7/1 3:50
1719807018,1719733384,4209067949,1,-76.14507294,64.17446136,526177.3125,9,0,10.89999962,2024/7/1 4:10
1719807618,1719733984,4209067949,1,-63.06060028,-71.64723969,526490.1875,17,0,5.400000095,2024/7/1 4:20
1719808218,1719734584,4209067949,1,-25.87009811,-85.36502075,512998.5,17,0,4.300000191,2024/7/1 4:30
1719808819,1719735184,4209067949,1,12.05054474,-93.07836914,503381.0313,11,0,-2,2024/7/1 4:40
1719809419,1719735785,4209067949,1,49.74953842,-102.8275299,504699.875,11,0,-19.89999962,2024/7/1 4:50
1719810619,1719736985,4209067949,1,53.03544235,90.96943665,497869.375,10,0,-40.79999924,2024/7/1 5:10
1719811219,1719737585,4209067949,1,15.28752708,80.55186462,491603.8125,12,0,-85.5,2024/7/1 5:20
1719811819,1719738185,4209067949,1,-22.71537971,72.89141846,500764.2813,9,0,-17.5,2024/7/1 5:30
1719812419,1719738785,4209067949,1,-60.11229324,60.42889023,519903.5313,8,0,32.29999924,2024/7/1 5:40
1719813019,1719739385,4209067949,1,-78.58792877,-68.84774017,528910.75,14,0,-19.10000038,2024/7/1 5:50
1719813619,1719739985,4209067949,1,-43.05721283,-104.5019989,519769,15,0,-8.600000381,2024/7/1 6:00
1719814219,1719740585,4209067949,1,-5.370399952,-113.2844009,506192.4375,8,0,-15.5,2024/7/1 6:10
1719814820,1719741185,4209067949,1,32.56323624,-121.255806,503032.2813,11,0,-40.79999924,2024/7/1 6:20
1719815420,1719741786,4209067949,1,69.59526062,-139.4628906,506027.375,12,0,-1.600000024,2024/7/1 6:30
1719816020,1719742386,4209067949,1,69.75242615,79.16546631,502219.375,13,0,-12.39999962,2024/7/1 6:40
1719816620,1719742986,4209067949,1,32.65359116,60.79368973,493154.875,11,0,-17.89999962,2024/7/1 6:50
1719817220,1719743586,4209067949,1,-5.340159893,52.81335831,494529.4063,12,0,-41.09999847,2024/7/1 7:00
1719817820,1719744186,4209067949,1,-43.14205933,44.00541687,511193.75,9,0,43.70000076,2024/7/1 7:10
1719818420,1719744786,4209067949,1,-78.69675446,7.888744831,527094.5,16,0,-0.800000012,2024/7/1 7:20
1719819020,1719745386,4209067949,1,-59.99340439,-120.966774,525597,17,0,-24.10000038,2024/7/1 7:30
1719819620,1719745986,4209067949,1,-22.68675041,-133.3708649,511545.5625,13,0,-11.60000038,2024/7/1 7:40
1719820220,1719746586,4209067949,1,15.1890831,-141.0138092,502841.4063,16,0,-15.60000038,2024/7/1 7:50
1719820820,1719747186,4209067949,1,52.89838791,-151.4009552,504731.0313,11,0,8.5,2024/7/1 8:00
1719821421,1719747787,4209067949,1,82.4324646,114.4092178,505181.1875,14,0,5.300000191,2024/7/1 8:10
1719823821,1719750187,4209067949,1,-63.19090652,11.08091354,521278.7188,9,0,20.39999962,2024/7/1 8:50
1719824421,1719750787,4209067949,1,-76.01596069,-124.9838181,528632.875,11,0,-35.70000076,2024/7/1 9:00
1719825021,1719751387,4209067949,1,-39.89290619,-152.7472992,518313.5938,20,0,-3.400000095,2024/7/1 9:10
1719825621,1719751987,4209067949,1,-2.16029501,-161.2120514,505234.625,15,0,14.5,2024/7/1 9:20
1719826221,1719752587,4209067949,1,35.69446182,-169.3587799,503096.9063,14,0,-13.5,2024/7/1 9:30
1719826821,1719753187,4209067949,1,72.54443359,169.0507507,506040.2188,13,0,2,2024/7/1 9:40
1719831022,1719757388,4209067949,1,-19.48240852,178.6416016,510271.5,14,0,51.20000076,2024/7/1 10:50
1719831622,1719757988,4209067949,1,18.40405464,171.0197906,502627.0625,14,0,14,2024/7/1 11:00
1719832222,1719758588,4209067949,1,55.98386383,159.8815765,505016,17,0,21.10000038,2024/7/1 11:10
1719832824,1719832823,0,1,81.24025726,46.15571594,504773.25,21,11,18.70000076,2024/7/1 11:20
1719833424,1719833423,0,1,46.70041275,-6.061494827,496133.0625,20,10,47.09999847,2024/7/1 11:30
1719834024,1719834024,0,1,8.841400146,-15.34171295,491806.2813,18,10,26.60000038,2024/7/1 11:40
1719834624,1719834624,0,1,-29.12374687,-23.16101646,503715.9375,15,9,6.5,2024/7/1 11:50
1719835224,1719835224,0,1,-66.25137329,-38.71138382,522475.6875,23,12,10.89999962,2024/7/1 12:00
1719835824,1719835824,0,1,-73.22125244,-178.4241638,528293.625,26,12,-62.09999847,2024/7/1 12:10
1719836424,1719836424,0,1,-36.70940399,159.0678558,517023.4063,31,11,12.69999981,2024/7/1 12:20
1719837024,1719837024,0,1,1.061003327,150.8598633,504593.6875,25,13,59.5,2024/7/1 12:30
1719837624,1719837624,0,1,38.89169312,142.47052,503375.8125,21,10,31.60000038,2024/7/1 12:40
1719838225,1719838224,0,1,75.33544159,116.1662369,506039.375,29,12,-4.5,2024/7/1 12:50
1719838825,1719838824,0,1,63.71847534,-21.21793556,500545,23,13,66,2024/7/1 13:00
1719839425,1719839424,0,1,26.22369385,-35.3295517,492005.5938,27,11,12.39999962,2024/7/1 13:10
1719840025,1719840024,0,1,-11.79428005,-43.06304169,496199,24,13,-15.80000019,2024/7/1 13:20
1719840625,1719840625,0,1,-49.48231506,-52.76631927,514366.1563,20,13,1.799999952,2024/7/1 13:30
1719841225,1719841225,0,1,-82.28028107,-120.2968292,528147.6875,29,11,-37.79999924,2024/7/1 13:40
1719841825,1719841825,0,1,-53.75031662,141.219986,523668.375,28,13,-20.5,2024/7/1 13:50
1719842425,1719842425,0,1,-16.26751709,130.6711426,509393,28,12,35.79999924,2024/7/1 14:00
1719843025,1719843025,0,1,21.62202072,123.0374222,502749.2188,24,10,24.89999962,2024/7/1 14:10
1719843626,1719843625,0,1,59.11911011,110.9251633,505420.125,24,10,-27.89999962,2024/7/1 14:20
1719844226,1719844225,0,1,79.18289948,-16.07573318,504222.7813,23,12,30.5,2024/7/1 14:30
1719844826,1719844825,0,1,43.57244492,-54.39353561,495228.3438,19,12,-5.900000095,2024/7/1 14:40
1719845426,1719845425,0,1,5.605854988,-63.27722168,492023.0625,24,13,-16.39999962,2024/7/1 14:50
1719846026,1719846026,0,1,-32.33386612,-71.23400879,505250.5,18,12,25.70000076,2024/7/1 15:00
1719846626,1719846626,0,1,-69.27320862,-89.12347412,523774.4375,26,13,-17.5,2024/7/1 15:10
1719847226,1719847226,0,1,-70.30216217,129.8045654,528010.125,30,12,-37.09999847,2024/7/1 15:20
1719847826,1719847826,0,1,-33.5195961,110.934845,515997.4375,30,10,-36.70000076,2024/7/1 15:30
1719848426,1719848426,0,1,4.28113842,102.9320984,504295.4688,27,11,0.300000012,2024/7/1 15:40
1719849026,1719849026,0,1,42.08050156,94.24332428,503922.1875,21,9,-62.20000076,2024/7/1 15:50
1719849627,1719849626,0,1,77.99627686,60.76228333,506077.375,27,12,3.400000095,2024/7/1 16:00
1719850227,1719850226,0,1,60.61834717,-70.64903259,499862.9688,25,12,-22.39999962,2024/7/1 16:10
1719850827,1719850826,0,1,23.07063866,-83.33226776,491771.2813,25,12,-22.60000038,2024/7/1 16:20
1719851427,1719851426,0,1,-15.01296997,-91.01257324,497417.0313,17,13,-6.199999809,2024/7/1 16:30
1719852027,1719852027,0,1,-52.63026047,-101.3212051,516063.5313,19,11,-10.19999981,2024/7/1 16:40
1719852627,1719852627,0,1,-82.51455688,167.9368744,528554.6875,28,13,-45.09999847,2024/7/1 16:50
1719853227,1719853227,0,1,-50.61546326,92.60443115,522591.125,25,9,9.5,2024/7/1 17:00
1719853827,1719853827,0,1,-13.06249714,82.71553802,508474.8125,22,10,-64.5,2024/7/1 17:10
1719854427,1719854427,0,1,24.8267746,75.03491974,502887.625,20,9,-52.29999924,2024/7/1 17:20
1719855628,1719855627,0,1,76.66893768,-73.20964813,503863.75,23,11,11.39999962,2024/7/1 17:40
1719856228,1719856227,0,1,40.39001083,-102.6580429,494659.4688,24,11,-20.89999962,2024/7/1 17:50
1719856828,1719856827,0,1,2.452996731,-111.1938782,492591.25,19,11,-23.89999962,2024/7/1 18:00
1719857428,1719857428,0,1,-35.51725769,-119.3457184,506921.4375,14,9,-12.10000038,2024/7/1 18:10
1719858028,1719858028,0,1,-72.20952606,-140.4380493,524821.75,25,12,-54.29999924,2024/7/1 18:20
1719858628,1719858628,0,1,-67.32346344,79.12525177,527308.0625,25,10,17.39999962,2024/7/1 18:30
1719859228,1719859228,0,1,-30.33924294,62.84914017,514564.4688,25,11,12.30000019,2024/7/1 18:40
1719859828,1719859828,0,1,7.490129948,55.00154495,503758,23,13,-55.5,2024/7/1 18:50
1719863429,1719863428,0,1,-55.76017761,-150.0450745,517678.8125,22,11,-24,2024/7/1 19:50
1719864029,1719864029,0,1,-81.46612549,98.62702942,528724.5,27,11,-13.89999962,2024/7/1 20:00
1719864629,1719864629,0,1,-47.47061157,44.13531876,521332.3438,24,11,44.09999847,2024/7/1 20:10
1719865229,1719865229,0,1,-9.855796814,34.77407074,507325.0625,25,13,-15.30000019,2024/7/1 20:20
1719865829,1719865829,0,1,28.03068733,27.0051651,502689.6875,18,11,15,2024/7/1 20:30
1719866429,1719866429,0,1,65.30491638,12.03686142,505680.375,13,12,37.40000153,2024/7/1 20:40
1719867029,1719867029,0,1,73.89562225,-127.2249451,503012.0313,27,12,-7.099999905,2024/7/1 20:50
1719867630,1719867629,0,1,37.18551636,-150.854126,493781.0313,27,10,-21.10000038,2024/7/1 21:00
1719868230,1719868229,0,1,-0.781183362,-159.1227722,493097.9688,24,12,15.69999981,2024/7/1 21:10
1719868830,1719868829,0,1,-38.71258545,-167.5138855,508628.4063,18,9,10.39999962,2024/7/1 21:20
1719869430,1719869429,0,1,-75.05553436,166.7845764,525905.0625,27,12,-57.59999847,2024/7/1 21:30
1719870030,1719870030,0,1,-64.27929688,29.15363121,526723.875,27,13,22,2024/7/1 21:40
1719870630,1719870630,0,1,-27.14119911,14.80170345,513304.7188,21,11,31.39999962,2024/7/1 21:50
1719871230,1719871230,0,1,10.7106266,7.0646348,503212.4063,22,13,22.89999962,2024/7/1 22:00
1719871830,1719871830,0,1,48.43294907,-2.465376616,504163.3438,24,12,49.70000076,2024/7/1 22:10
1719872430,1719872430,0,1,81.99209595,-64.24344635,505373.4063,30,14,17.29999924,2024/7/1 22:20
1719873030,1719873030,0,1,54.33945847,-168.5714722,497842.5313,25,10,11.19999981,2024/7/1 22:30
1719873631,1719873630,0,1,16.61716843,-179.2976227,491248.0938,19,10,7.099999905,2024/7/1 22:40
1719874231,1719874230,0,1,-21.39268494,173.0527191,499924.4375,21,10,61.79999924,2024/7/1 22:50
1719874831,1719874830,0,1,-58.89494324,161.0114288,519278.875,23,12,-34.20000076,2024/7/1 23:00
1719875431,1719875431,0,1,-79.50334167,35.61253357,528882.625,29,12,3.099999905,2024/7/1 23:10
1719876031,1719876031,0,1,-44.29701996,-4.229553223,520237.2188,26,12,23,2024/7/1 23:20
1719876631,1719876631,0,1,-6.629875183,-13.1604166,506453.75,23,12,15.5,2024/7/1 23:30
1719877231,1719877231,0,1,31.24656487,-21.05747223,502749.7188,18,10,34.79999924,2024/7/1 23:40
1719877831,1719877831,0,1,68.36024475,-38.18192673,505643.4688,27,13,50.29999924,2024/7/1 23:50
1719878431,1719878431,0,1,70.97007751,-179.3548737,502077.3125,27,11,2.5,2024/7/2 0:00
1719879032,1719879031,0,1,33.96229553,161.0020294,492921.3438,25,11,-2.099999905,2024/7/2 0:10
1719879632,1719879631,0,1,-4.028476715,152.94664,493714.7813,25,14,66.19999695,2024/7/2 0:20
1719880232,1719880231,0,1,-41.85257339,144.2754974,510375.625,22,11,-8.899999619,2024/7/2 0:30
1719880832,1719880831,0,1,-77.73867798,111.6688843,526859.75,28,13,-25.79999924,2024/7/2 0:40
1719881432,1719881432,0,1,-61.18830109,-20.34052086,526079.6875,26,12,17.70000076,2024/7/2 0:50
1719882032,1719882032,0,1,-23.92654037,-33.22011185,512199.625,22,11,-6.900000095,2024/7/2 1:00
1719882632,1719882632,0,1,13.94185352,-40.88305283,502983.6563,23,12,-19.70000076,2024/7/2 1:10
1719883232,1719883232,0,1,51.61190796,-50.98752213,504462.3125,17,12,20.5,2024/7/2 1:20
1719883832,1719883832,0,1,82.58175659,-135.6368713,505011.0938,26,12,3.799999952,2024/7/2 1:30
1719884432,1719884432,0,1,51.16314316,142.770752,496934.6875,27,12,19.60000038,2024/7/2 1:40
1719885033,1719885032,0,1,13.37451839,132.7409363,491219.8125,27,13,51,2024/7/2 1:50
1719885633,1719885632,0,1,-24.62191582,125.0483704,501431.3125,17,13,-2.299999952,2024/7/2 2:00
1719886233,1719886232,0,1,-61.95034027,111.8302536,520713.5313,25,12,-18.70000076,2024/7/2 2:10
1719886833,1719886832,0,1,-77.03681183,-22.10729027,528855.8125,27,11,-2.099999905,2024/7/2 2:20
1719887433,1719887433,0,1,-41.11249542,-52.51374817,519068.75,25,11,-0.699999988,2024/7/2 2:30
1719888033,1719888033,0,1,-3.399053335,-61.09281158,505737.9375,22,10,-8.199999809,2024/7/2 2:40
1719888633,1719888633,0,1,34.46134186,-69.16039276,503072.5313,19,9,-45.59999847,2024/7/2 2:50
1719889233,1719889233,0,1,71.35816956,-89.22968292,505889.5938,28,12,-18.29999924,2024/7/2 3:00
1719889833,1719889833,0,1,67.96181488,129.718338,501512.875,31,12,-5.099999905,2024/7/2 3:10
1719890433,1719890433,0,1,30.74211311,112.903656,492561.5625,28,11,-19.79999924,2024/7/2 3:20
1719891034,1719891033,0,1,-7.263344765,105.0145569,494791.5313,24,14,-8,2024/7/2 3:30
1719891634,1719891633,0,1,-45.03533173,95.97911072,512126.7188,23,12,-2.599999905,2024/7/2 3:40
1719892234,1719892233,0,1,-80.05532837,53.04912949,527497.375,29,13,6.099999905,2024/7/2 3:50
1719892834,1719892833,0,1,-58.08097458,-69.48055267,525090.8125,19,11,11.89999962,2024/7/2 4:00
1719893434,1719893434,0,1,-20.71434021,-81.21770477,510876.375,20,9,7.300000191,2024/7/2 4:10
1719894034,1719894034,0,1,17.16811943,-88.84171295,502677.4688,19,11,-4,2024/7/2 4:20
1719894634,1719894634,0,1,54.77651978,-99.65735626,504790.0313,19,11,-32.90000153,2024/7/2 4:30
1719895234,1719895234,0,1,81.83206177,153.4911957,504717.4688,30,13,2.299999952,2024/7/2 4:40
1719895834,1719895834,0,1,47.98093414,94.26538849,496363.625,24,9,-48.5,2024/7/2 4:50
1719896434,1719896434,0,1,10.14025688,84.79595184,491816.5938,24,12,-88.40000153,2024/7/2 5:00
1719897035,1719897034,0,1,-27.83301544,77.02376556,503322.5938,20,11,-9.800000191,2024/7/2 5:10
1719897635,1719897634,0,1,-65.02200317,62.24425507,522299.5,26,14,26.60000038,2024/7/2 5:20
1719898235,1719898234,0,1,-74.37167358,-76.31864929,528679.6875,26,12,-11.5,2024/7/2 5:30
1719898835,1719898835,0,1,-37.93777084,-100.7193298,517610.5625,23,10,-7.199999809,2024/7/2 5:40
1719899435,1719899435,0,1,-0.180703327,-109.0169373,504717.875,24,11,-19.60000038,2024/7/2 5:50
1719900035,1719900035,0,1,37.66278076,-117.3037415,502973.5,18,10,-26.29999924,2024/7/2 6:00
1719900635,1719900635,0,1,74.26158142,-141.5347137,505709.8438,30,12,-6.900000095,2024/7/2 6:10
1719901235,1719901235,0,1,64.89992523,79.58480835,500747.9688,29,12,-19.39999962,2024/7/2 6:20
1719901835,1719901835,0,1,27.51936913,64.846138,492321.875,26,11,-31.20000076,2024/7/2 6:30
1719902435,1719902435,0,1,-10.4931221,57.07838821,496163.0938,15,11,-35.29999924,2024/7/2 6:40
1719903036,1719903035,0,1,-48.20259476,47.59057236,514110.8125,18,10,45,2024/7/2 6:50
1719903636,1719903635,0,1,-81.82717133,-11.50260544,528228,26,14,-10.80000019,2024/7/2 7:00
1719904236,1719904235,0,1,-55.02492523,-118.3205414,524047.3125,25,12,-12.69999981,2024/7/2 7:10
1719904836,1719904835,0,1,-17.50816154,-129.191803,509466.9063,23,13,-10.5,2024/7/2 7:20
1719905436,1719905436,0,1,20.38520813,-136.8157043,502239.6875,20,12,-28.39999962,2024/7/2 7:30
1719906036,1719906036,0,1,57.92144012,-148.526413,504767.4688,23,12,11.39999962,2024/7/2 7:40
1719906636,1719906636,0,1,80.0408783,88.77973175,504170.7188,27,11,1.399999976,2024/7/2 7:50
1719907236,1719907236,0,1,44.78937912,45.87776184,495598.125,14,10,-1.899999976,2024/7/2 8:00
1719907836,1719907836,0,1,6.90427351,36.85838318,492197.875,17,12,-10.80000019,2024/7/2 8:10
1719908436,1719908436,0,1,-31.04235458,28.96290779,504989.5313,15,11,32.09999847,2024/7/2 8:20
1719909037,1719909036,0,1,-68.05960083,12.1052599,523536.2813,25,11,15.19999981,2024/7/2 8:30
1719909637,1719909636,0,1,-71.49386597,-128.6623077,528174.4375,28,11,-44.29999924,2024/7/2 8:40
1719910237,1719910236,0,1,-34.80901337,-148.8526764,516107.25,24,13,-4.699999809,2024/7/2 8:50
1719910837,1719910836,0,1,3.047815084,-156.9454041,503849.8125,28,14,16.70000076,2024/7/2 9:00
1719911437,1719911437,0,1,40.86610031,-165.5138397,503083.125,18,11,-9.899999619,2024/7/2 9:10
1719912037,1719912037,0,1,77.01593018,164.0865479,505598.7188,28,14,3.599999905,2024/7/2 9:20
1719915638,1719915637,0,1,-51.87399673,-167.0020752,522848,27,11,-23.60000038,2024/7/2 10:20
1719916238,1719916237,0,1,-14.28143311,-177.1540222,508253.5625,27,12,43.90000153,2024/7/2 10:30
1719916838,1719916838,0,1,23.61471176,175.1847839,502147.75,23,12,-1,2024/7/2 10:40
1719917438,1719917438,0,1,61.05806732,162.3321381,505025.125,26,13,13.19999981,2024/7/2 10:50
1719918038,1719918038,0,1,77.64624023,29.91357422,503647.6875,26,11,20.79999924,2024/7/2 11:00
1719919838,1719919838,0,1,-34.25985336,-19.13980103,506532.8438,15,10,16.60000038,2024/7/2 11:30
1719920439,1719920438,0,1,-71.0550766,-38.83952713,524559,28,12,0.400000006,2024/7/2 11:40
1719921039,1719921038,0,1,-68.51006317,-179.745575,527571.3125,28,11,-59.79999924,2024/7/2 11:50
1719921639,1719921638,0,1,-31.59812927,163.0399628,514749.2813,29,11,32.29999924,2024/7/2 12:00
1719922239,1719922238,0,1,6.288338184,155.1210327,503341.1563,26,12,49.59999847,2024/7/2 12:10
1719922839,1719922839,0,1,44.07234573,146.2028656,503403.9688,21,10,31.20000076,2024/7/2 12:20
1719923439,1719923439,0,1,79.50463104,106.2991486,505508.9063,26,12,1.799999952,2024/7/2 12:30
1719924039,1719924039,0,1,58.65290833,-19.21713257,499021.25,26,10,61,2024/7/2 12:40
1719924639,1719924639,0,1,21.04323387,-31.18611336,491572.5625,24,11,15.69999981,2024/7/2 12:50
1719925239,1719925239,0,1,-16.97439575,-38.83383942,498302.0625,18,12,-9,2024/7/2 13:00
1719925839,1719925839,0,1,-54.54075623,-49.58769608,517175.3125,22,12,12.69999981,2024/7/2 13:10
1719926440,1719926439,0,1,-82.00646973,-153.5876465,528744.8125,29,13,-47.5,2024/7/2 13:20
1719927040,1719927039,0,1,-48.69960022,144.4639435,521752.875,31,10,-16.20000076,2024/7/2 13:30
1719927640,1719927639,0,1,-11.10632324,134.9075623,507405.5938,26,11,59.79999924,2024/7/2 13:40
1719928240,1719928240,0,1,26.84848213,127.1616058,502322.7188,22,9,31.5,2024/7/2 13:50
1719928840,1719928840,0,1,64.17547607,112.8382034,505329,25,12,-19.70000076,2024/7/2 14:00
1719929440,1719929440,0,1,74.93244171,-25.15122986,502963.5313,24,12,45.79999924,2024/7/2 14:10
1719930040,1719930040,0,1,38.35809708,-50.64891815,493931.5625,24,11,-3.299999952,2024/7/2 14:20
1719930640,1719930640,0,1,0.401263326,-59.00788498,492971.875,22,13,-16.5,2024/7/2 14:30
1719931240,1719931240,0,1,-37.4806366,-67.28707886,508162.3125,18,11,17.89999962,2024/7/2 14:40
1719931840,1719931840,0,1,-73.97135162,-90.99665833,525669.9375,27,13,-17.79999924,2024/7/2 14:50
1719932441,1719932440,0,1,-65.46295166,130.0032043,527078.5,26,11,-35.20000076,2024/7/2 15:00
1719933041,1719933040,0,1,-28.38032913,114.9710922,513732.75,26,9,-22.89999962,2024/7/2 15:10
1719933641,1719933640,0,1,9.465111732,107.196434,503177.9375,24,11,1,2024/7/2 15:20
1719934241,1719934241,0,1,47.26980209,97.83776093,503928.4688,15,10,-45.40000153,2024/7/2 15:30
1719934841,1719934841,0,1,81.48148346,43.1270256,505368.625,26,11,19.89999962,2024/7/2 15:40
1719935441,1719935441,0,1,55.49511337,-68.15336609,498259,27,13,-24.10000038,2024/7/2 15:50
1719936041,1719936041,0,1,17.8010006,-79.16953278,491488.1875,27,12,-14.69999981,2024/7/2 16:00
1719936641,1719936641,0,1,-20.21022797,-86.8091507,499697.0313,16,13,0.400000006,2024/7/2 16:10
1719937241,1719937241,0,1,-57.68648148,-98.43450928,518834.2813,20,13,-13,2024/7/2 16:20
1719937841,1719937841,0,1,-80.34396362,140.8152008,528947.375,28,13,-48.59999847,2024/7/2 16:30
1719938442,1719938441,0,1,-45.52682114,96.05064392,520619.4375,24,11,-1.799999952,2024/7/2 16:40
1719939042,1719939041,0,1,-7.877554893,86.96644592,506666.5313,24,11,-72.5,2024/7/2 16:50
1719939642,1719939641,0,1,30.06831932,79.11097717,502597.75,18,9,-37.40000153,2024/7/2 17:00
1719940242,1719940242,0,1,67.2477417,62.85753632,505647.9688,27,11,-6.400000095,2024/7/2 17:10
1719940842,1719940842,0,1,72.05548096,-77.88057709,502532.125,25,13,-3,2024/7/2 17:20
1719941442,1719941442,0,1,35.14614487,-98.81276703,493473.8438,22,10,-27.5,2024/7/2 17:30
1719942042,1719942042,0,1,-2.833823442,-106.9371643,493781.75,21,11,-16.29999924,2024/7/2 17:40
1719942642,1719942642,0,1,-40.67300797,-115.4872742,509883.1875,18,10,-11.69999981,2024/7/2 17:50
1719943242,1719943242,0,1,-76.72631836,-145.0392761,526513.625,26,13,-51.40000153,2024/7/2 18:00
1719943842,1719943842,0,1,-62.39320755,80.33757782,526170.4375,28,11,20,2024/7/2 18:10
1719944443,1719944442,0,1,-25.17323112,66.93673706,512342.625,26,11,-1.299999952,2024/7/2 18:20
1719945043,1719945042,0,1,12.69275856,59.25146103,502800,21,12,-54.09999847,2024/7/2 18:30
1719946243,1719946243,0,1,82.52200317,-26.5494442,505102.8438,28,12,29.10000038,2024/7/2 18:50
1719946843,1719946843,0,1,52.32781219,-116.8693924,497443.7188,28,12,-12.60000038,2024/7/2 19:00
1719947443,1719947443,0,1,14.56469631,-127.134697,491548.4063,23,12,-39.40000153,2024/7/2 19:10
1719948043,1719948043,0,1,-23.43387413,-134.8058472,501170.5938,17,11,-11.10000038,2024/7/2 19:20
1719948643,1719948643,0,1,-60.80369186,-147.5397339,520347.0313,23,11,-33.59999847,2024/7/2 19:30
1719949243,1719949243,0,1,-78.03803253,81.32662201,528832.875,28,12,2,2024/7/2 19:40
1719949844,1719949843,0,1,-42.35005951,47.74039459,519229.25,26,11,43,2024/7/2 19:50
1719950444,1719950443,0,1,-4.650081635,39.03395081,505612.9375,25,13,-26.10000038,2024/7/2 20:00
1719951044,1719951043,0,1,33.22184753,31.03779602,502489,15,11,13.69999981,2024/7/2 20:10
1719951644,1719951643,0,1,70.27277374,12.14152527,505456.7813,19,12,40,2024/7/2 20:20
1719952244,1719952244,0,1,69.06505585,-129.1857605,501600,26,11,-7.5,2024/7/2 20:30
1719952844,1719952844,0,1,31.91521645,-146.9264832,492754.4688,23,10,-22.60000038,2024/7/2 20:40
1719953444,1719953444,0,1,-6.083701611,-154.8711395,494570.125,18,10,11.10000038,2024/7/2 20:50
1719954044,1719954044,0,1,-43.87293625,-163.7653351,511671.75,17,9,-5.199999809,2024/7/2 21:00
1719954644,1719954644,0,1,-79.23777008,157.7005768,527394.9375,27,12,-52.90000153,2024/7/2 21:10
1719955244,1719955244,0,1,-59.28193283,31.07907867,525374.875,30,13,29.89999962,2024/7/2 21:20
1719955845,1719955844,0,1,-21.95201302,18.93169594,511079.4063,22,11,27,2024/7/2 21:30
1719956445,1719956444,0,1,15.92903805,11.29505825,502348.4375,25,12,18.20000076,2024/7/2 21:40
1719957045,1719957044,0,1,53.56658173,0.766910017,504184.0625,20,12,44.70000076,2024/7/2 21:50
1719957645,1719957644,0,1,82.26348877,-98.19216156,504471.0938,31,14,11.19999981,2024/7/2 22:00
1719958245,1719958245,0,1,49.13000488,-165.4268799,496311.9063,25,9,7,2024/7/2 22:10
1719958845,1719958845,0,1,11.3059864,-175.088028,491460.3125,18,11,11.30000019,2024/7/2 22:20
1719959445,1719959445,0,1,-26.6758976,177.1704254,502613.375,22,9,48.29999924,2024/7/2 22:30
1719960045,1719960045,0,1,-63.91678619,162.9975586,521828.4688,28,12,-43,2024/7/2 22:40
1719960645,1719960645,0,1,-75.37226868,25.84350586,528732.75,28,11,16.20000076,2024/7/2 22:50
1719961245,1719961245,0,1,-39.14619446,-0.495126665,518037.0313,24,11,16.89999962,2024/7/2 23:00
1719961846,1719961845,0,1,-1.403825045,-8.895689964,504824,25,12,19.70000076,2024/7/2 23:10
1719962446,1719962445,0,1,36.44949722,-17.09620094,502591.5,20,11,45,2024/7/2 23:20
1719963046,1719963045,0,1,73.17684937,-39.58149338,505318.2188,29,12,41.40000153,2024/7/2 23:30
1719963646,1719963645,0,1,65.99662781,-179.5844269,500588.6875,28,11,4.699999809,2024/7/2 23:40
1719964246,1719964246,0,1,28.6656456,164.998291,492052.6563,22,10,-2,2024/7/2 23:50
1719964846,1719964846,0,1,-9.347194672,157.1891174,495421.7813,20,11,68.19999695,2024/7/3 0:00
1719965446,1719965446,0,1,-47.07978439,147.8690186,513448.1563,23,12,-12.30000019,2024/7/3 0:10
1719966046,1719966046,0,1,-81.28655243,95.26116943,528100.25,28,13,-10.5,2024/7/3 0:20
1719966646,1719966646,0,1,-56.13455963,-17.89584541,524533.6875,23,11,20.10000038,2024/7/3 0:30
1719967246,1719967246,0,1,-18.71264458,-29.05451584,509996.2813,24,10,-5.699999809,2024/7/3 0:40
1719967847,1719967846,0,1,19.17732811,-36.67697144,502211.1563,20,11,-4,2024/7/3 0:50
1719968447,1719968446,0,1,56.74445724,-48.03157425,504411.0313,20,12,31.60000038,2024/7/3 1:00
1719969047,1719969046,0,1,80.79866791,-165.6143341,503940.9375,27,13,2.700000048,2024/7/3 1:10
1719969647,1719969647,0,1,45.91482925,146.1358643,495386.6875,25,10,23.10000038,2024/7/3 1:20
1719970247,1719970247,0,1,8.04044342,136.9662781,491624.2813,26,14,65.09999847,2024/7/3 1:30
1719970847,1719970847,0,1,-29.91868019,129.117157,504266.6875,19,11,-16.10000038,2024/7/3 1:40
1719971447,1719971447,0,1,-67.0007782,113.0553131,523178.7188,28,13,-17.60000038,2024/7/3 1:50
1719972047,1719972047,0,1,-72.51509094,-27.18043327,528519.1875,26,11,-1.5,2024/7/3 2:00
1719972647,1719972647,0,1,-35.93095016,-48.67380142,516843.5,22,11,-3.900000095,2024/7/3 2:10
1719973247,1719973247,0,1,1.847981691,-56.82717896,504272.75,22,11,-24.20000076,2024/7/3 2:20
1719973848,1719973847,0,1,39.6756897,-65.28504181,502983.7813,16,10,-34.5,2024/7/3 2:30
1719974448,1719974447,0,1,76.01573181,-93.09750366,505438.1875,27,12,-3.700000048,2024/7/3 2:40
1719975048,1719975047,0,1,62.94829178,130.6792603,499964.4375,31,12,-8.800000191,2024/7/3 2:50
1719975648,1719975647,0,1,25.41926384,116.9553909,491790.4375,26,12,4.400000095,2024/7/3 3:00
1719976248,1719976248,0,1,-12.59937668,109.2427902,496637.5313,24,14,-3.700000048,2024/7/3 3:10
1719976848,1719976848,0,1,-50.26763916,99.40223694,515095.4688,24,12,-1.100000024,2024/7/3 3:20
1719977448,1719977448,0,1,-82.46308899,26.31050873,528477.625,30,12,-2.099999905,2024/7/3 3:30
1719978048,1719978048,0,1,-52.97605515,-66.65383148,523377.25,22,11,12.30000019,2024/7/3 3:40
1719978648,1719978648,0,1,-15.47311497,-77.02493286,508790.5938,17,11,13.69999981,2024/7/3 3:50
1719979248,1719979248,0,1,22.4222393,-84.66695404,502137.25,18,9,-20.89999962,2024/7/3 4:00
1719979849,1719979848,0,1,59.90353775,-97.06298828,504791.25,19,10,-45.40000153,2024/7/3 4:10
1719980449,1719980448,0,1,78.57710266,133.503067,503594.875,29,12,0.300000012,2024/7/3 4:20
1719981049,1719981048,0,1,42.69829941,97.80296326,494925.6875,26,10,-56.59999847,2024/7/3 4:30
1719981649,1719981648,0,1,4.786011696,89.03149414,492441,26,13,-66.5,2024/7/3 4:40
1719982249,1719982249,0,1,-33.1410408,81.03427124,506195.625,21,12,-2.700000048,2024/7/3 4:50
1719982849,1719982849,0,1,-70.01894379,62.43924332,524509.875,28,13,25.29999924,2024/7/3 5:00
1719983449,1719983449,0,1,-69.56330872,-78.65447998,528021.0625,27,12,-7.099999905,2024/7/3 5:10
1719984049,1719984049,0,1,-32.724617,-96.79550934,515317.4063,22,11,-5,2024/7/3 5:20
1719984649,1719984649,0,1,5.089403152,-104.7553635,503402.4688,21,10,-19,2024/7/3 5:30
1719985250,1719985249,0,1,42.88983154,-113.5329208,502977.8125,13,12,-13.39999962,2024/7/3 5:40
1719985850,1719985849,0,1,78.63456726,-149.4261932,505200.1875,27,12,-2.5,2024/7/3 5:50
1719986450,1719986449,0,1,59.80934525,81.33065033,499204.2188,27,12,-31.39999962,2024/7/3 6:00
1719987050,1719987049,0,1,22.17061043,68.94346619,491809.5,25,12,-53.5,2024/7/3 6:10
1719987650,1719987650,0,1,-15.84513474,61.28792572,498264.3438,20,11,-22.79999924,2024/7/3 6:20
1719988250,1719988250,0,1,-53.43516159,50.80059052,517083.0313,21,12,43.29999924,2024/7/3 6:30
1719988850,1719988850,0,1,-82.35809326,-45.70852661,528991.25,29,12,-23,2024/7/3 6:40
1719989450,1719989450,0,1,-49.81712723,-115.2321243,522166.3125,22,10,-9.899999619,2024/7/3 6:50
1719990050,1719990050,0,1,-12.24359989,-124.9769058,507459.5313,26,13,-9.300000191,2024/7/3 7:00
1719990650,1719990650,0,1,25.65478134,-132.678009,501798.1563,20,11,-36.79999924,2024/7/3 7:10
1719991251,1719991250,0,1,63.03340149,-146.4129333,504715.75,23,12,17,2024/7/3 7:20
1719991851,1719991850,0,1,75.95323181,77.24430084,502972.4688,27,13,-6.5,2024/7/3 7:30
1719992451,1719992450,0,1,39.53845596,49.57144928,494292.0938,14,10,-10.69999981,2024/7/3 7:40
1719993051,1719993050,0,1,1.531841636,41.09995651,493143.4063,19,11,-28.39999962,2024/7/3 7:50
1719993651,1719993651,0,1,-36.35832214,32.90281677,508011.6875,16,10,30.29999924,2024/7/3 8:00
1719994251,1719994251,0,1,-72.96318054,10.76723862,525601.875,26,11,18.29999924,2024/7/3 8:10
1719994851,1719994851,0,1,-66.53734589,-129.1500092,527306.125,29,11,-38.90000153,2024/7/3 8:20
1719995451,1719995451,0,1,-29.50837326,-144.8748322,513770.4688,24,12,-6.099999905,2024/7/3 8:30
1719996051,1719996051,0,1,8.334701538,-152.6915894,502648.9063,27,12,6.699999809,2024/7/3 8:40
1719996651,1719996651,0,1,46.09928513,-161.8718567,503075.1875,17,12,-0.400000006,2024/7/3 8:50
1719997252,1719997251,0,1,80.84243774,149.5588684,504944.3438,29,13,1.899999976,2024/7/3 9:00
1719999052,1719999052,0,1,-19.09401894,13.31389332,499572.5313,14,11,24.79999924,2024/7/3 9:30
1719999652,1719999652,0,1,-56.59796524,2.011711597,518628.625,21,12,22.70000076,2024/7/3 9:40
1720000252,1720000252,0,1,-81.01423645,-113.6987,529034,29,13,-36.5,2024/7/3 9:50
1720000852,1720000852,0,1,-46.63034058,-163.6830597,520819.5,28,10,-11.69999981,2024/7/3 10:00
1720001452,1720001452,0,1,-8.995967865,-172.9225922,506338.125,29,12,23.60000038,2024/7/3 10:10
1720002052,1720002052,0,1,28.89721489,179.2762451,501779.0313,25,12,-6.199999809,2024/7/3 10:20
1720002652,1720002652,0,1,66.14102173,163.7794647,504882.875,27,13,9.5,2024/7/3 10:30
1720003253,1720003252,0,1,73.10417175,23.77371597,502320.4688,26,12,24.39999962,2024/7/3 10:40
1720004453,1720004452,0,1,-1.669576645,-6.821093559,493704.9375,15,12,18.89999962,2024/7/3 11:00
1720005053,1720005053,0,1,-39.58310318,-15.28659821,509623.3438,17,9,23.60000038,2024/7/3 11:10
1720005653,1720005653,0,1,-75.80157471,-42.57424927,526430.9375,19,11,-7.800000191,2024/7/3 11:20
1720006253,1720006253,0,1,-63.44904709,-179.0066986,526468.9375,32,11,-50.09999847,2024/7/3 11:30
1720006853,1720006853,0,1,-26.27150917,167.0764771,512384.9688,28,11,48.40000153,2024/7/3 11:40
1720007453,1720007453,0,1,11.59315968,159.3619537,502258.8438,28,11,32.59999847,2024/7/3 11:50
1720008053,1720008053,0,1,49.31106949,149.6834717,503410.7188,21,12,20.70000076,2024/7/3 12:00
1720008653,1720008653,0,1,82.28495789,81.94797516,504732.4688,25,13,7.900000095,2024/7/3 12:10
1720009254,1720009253,0,1,53.45382309,-16.49153709,497446.75,20,10,59.20000076,2024/7/3 12:20
1720009854,1720009853,0,1,15.71351528,-27.0085125,491505.125,19,13,17.10000038,2024/7/3 12:30
1720010454,1720010453,0,1,-22.28815651,-34.66624069,500827.3125,15,11,-8.399999619,2024/7/3 12:40
1720011054,1720011053,0,1,-59.75584412,-47.01341629,520009.5625,25,12,18.89999962,2024/7/3 12:50
1720011654,1720011654,0,1,-78.86312866,-175.2129974,528985.1875,25,13,-55,2024/7/3 13:00
1720012254,1720012254,0,1,-43.42216873,147.9651031,519580,30,10,-6.699999809,2024/7/3 13:10
1720012854,1720012854,0,1,-5.73623991,139.137619,505506.8125,29,12,70.90000153,2024/7/3 13:20
1720013454,1720013454,0,1,32.14449692,131.1965637,501994.75,25,10,30.20000076,2024/7/3 13:30
1720014054,1720014054,0,1,69.21170807,113.3360367,505046.75,24,12,-12,2024/7/3 13:40
1720014654,1720014654,0,1,70.12464142,-28.00813866,501512.4688,24,14,55.20000076,2024/7/3 13:50
1720015255,1720015254,0,1,33.0486145,-46.75351334,492833.6875,21,12,0,2024/7/3 14:00
1720015855,1720015854,0,1,-4.944206715,-54.75602722,494390.7813,22,13,-20.20000076,2024/7/3 14:10
1720016455,1720016454,0,1,-42.81180191,-63.54029846,511315.1563,16,11,12.60000038,2024/7/3 14:20
1720017055,1720017055,0,1,-78.44017029,-98.6349411,527338.9375,27,12,-28.39999962,2024/7/3 14:30
1720017655,1720017655,0,1,-60.32227325,131.587326,525788.9375,24,10,-32.79999924,2024/7/3 14:40
1720018255,1720018255,0,1,-23.02712631,119.0558243,511406.25,25,10,-5.400000095,2024/7/3 14:50
1720018855,1720018855,0,1,14.85154343,111.407074,502204.9063,23,9,3.799999952,2024/7/3 15:00
1720019455,1720019455,0,1,52.51266479,101.1160889,503878.375,22,10,-36.09999847,2024/7/3 15:10
1720020055,1720020055,0,1,82.50047302,9.679693222,504408.9375,30,12,29.5,2024/7/3 15:20
1720020656,1720020655,0,1,50.25040817,-65.1134491,496639,25,11,-21.60000038,2024/7/3 15:30
1720021256,1720021255,0,1,12.44665337,-74.96881104,491606.2813,24,14,-17.5,2024/7/3 15:40
1720021856,1720021855,0,1,-25.53955841,-82.67919922,502372.1875,17,12,6.699999809,2024/7/3 15:50
1720022456,1720022455,0,1,-62.88670349,-96.34079742,521581.7188,22,12,-18.10000038,2024/7/3 16:00
1720023056,1720023056,0,1,-76.28807831,128.1081696,528957.6875,29,12,-41,2024/7/3 16:10
1720023656,1720023656,0,1,-40.21485901,99.69651031,518428.4375,25,10,-19.89999962,2024/7/3 16:20
1720024256,1720024256,0,1,-2.484560013,91.20355225,504937,28,10,-57.90000153,2024/7/3 16:30
1720024856,1720024856,0,1,35.37802124,83.07910156,502379,21,10,-32.59999847,2024/7/3 16:40
1720025456,1720025456,0,1,72.20656586,61.96396637,505278.125,26,11,-4.599999905,2024/7/3 16:50
1720026056,1720026056,0,1,67.08061981,-78.69728851,501014.625,29,12,-26.10000038,2024/7/3 17:00
1720026657,1720026656,0,1,29.80848503,-94.84423065,492510,24,9,-28.39999962,2024/7/3 17:10
1720027257,1720027256,0,1,-8.197507858,-102.6927948,495438.625,20,12,-12.30000019,2024/7/3 17:20
1720027857,1720027856,0,1,-45.94846725,-111.8477554,513040.6563,18,11,-9.600000381,2024/7/3 17:30
1720028457,1720028456,0,1,-80.67893982,-159.060379,527972.375,29,11,-51.40000153,2024/7/3 17:40
1720029057,1720029057,0,1,-57.19009399,82.51909637,524711.9375,26,11,20,2024/7/3 17:50
1720029657,1720029657,0,1,-19.79454994,71.05997467,510112.7188,24,11,-24,2024/7/3 18:00
1720030257,1720030257,0,1,18.09627151,63.43880463,501992.5313,21,9,-54.70000076,2024/7/3 18:10
1720032658,1720032657,0,1,9.191198349,-122.9164886,491924.875,25,13,-36.59999847,2024/7/3 18:50
1720033258,1720033257,0,1,-28.77292442,-130.7210083,504002.8125,19,11,-13.30000019,2024/7/3 19:00
1720033858,1720033857,0,1,-65.9128952,-146.0470886,522909.0313,27,12,-45.79999924,2024/7/3 19:10
1720034458,1720034457,0,1,-73.48948669,74.41573334,528551.875,30,13,16.60000038,2024/7/3 19:20
1720035058,1720035058,0,1,-37.0086441,51.5021019,516933.7813,24,11,37.5,2024/7/3 19:30
1720035658,1720035658,0,1,0.762698352,43.27307892,504029.0938,24,14,-34.70000076,2024/7/3 19:40
1720038058,1720038058,0,1,26.55405617,-142.8973846,491990.9375,23,10,-20.89999962,2024/7/3 20:20
1720038659,1720038658,0,1,-11.46065331,-150.6392365,496483.125,19,10,3.5,2024/7/3 20:30
1720039259,1720039258,0,1,-49.14881134,-160.28479,514819.625,24,11,-16.5,2024/7/3 20:40
1720039859,1720039858,0,1,-82.17746735,134.5158234,528550.5625,29,12,-40.70000076,2024/7/3 20:50
1720040459,1720040458,0,1,-54.02937317,33.70170975,523679.0938,26,12,38.90000153,2024/7/3 21:00
1720041059,1720041059,0,1,-16.55033684,23.08607101,508864.9688,26,11,9.199999809,2024/7/3 21:10
1720041659,1720041659,0,1,21.34776115,15.45267487,501653.5938,20,12,23.29999924,2024/7/3 21:20
1720042259,1720042259,0,1,58.86410522,3.424398422,504138.9063,20,12,44.59999847,2024/7/3 21:30
1720042859,1720042859,0,1,79.36205292,-122.7546921,503354.6563,30,14,-3,2024/7/3 21:40
1720043459,1720043459,0,1,43.81425476,-161.9551697,494875.6563,25,8,-6.300000191,2024/7/3 21:50
1720044059,1720044059,0,1,5.913798332,-170.8577271,492105.0938,26,11,11.60000038,2024/7/3 22:00
1720044660,1720044659,0,1,-32.0238533,-178.8009186,505575.625,20,11,38.09999847,2024/7/3 22:11
1720045260,1720045259,0,1,-68.9763031,163.5686493,524215.2188,24,11,-57.70000076,2024/7/3 22:21
1720045860,1720045859,0,1,-70.59744263,22.56558418,528192.8125,26,11,22.5,2024/7/3 22:31
1720046460,1720046460,0,1,-33.77657318,3.36213994,515659.125,25,11,20.5,2024/7/3 22:41
1720047060,1720047060,0,1,4.028218269,-4.658866882,503348.2188,25,13,21.79999924,2024/7/3 22:51
1720047660,1720047660,0,1,41.84167862,-13.32812309,502500.25,21,12,50.09999847,2024/7/3 23:01
1720048260,1720048260,0,1,77.81447601,-46.21207809,504794.2188,27,12,32,2024/7/3 23:11
1720048860,1720048860,0,1,60.82614136,-178.1478729,499010.4688,25,11,3.700000048,2024/7/3 23:21
1720049460,1720049460,0,1,23.28071594,169.0776978,491492.2188,24,10,2.5,2024/7/3 23:31
1720050060,1720050060,0,1,-14.7379818,161.4037018,497558.125,19,11,61.70000076,2024/7/3 23:41
1720050661,1720050660,0,1,-52.35478592,151.1487427,516538.8125,28,12,-19.39999962,2024/7/3 23:51
1720051261,1720051260,0,1,-82.54306793,62.50920868,528977.3125,27,13,-1.600000024,2024/7/4 0:01
1720051861,1720051860,0,1,-50.8380394,-14.93813038,522650.6875,27,11,24.39999962,2024/7/4 0:11
1720052461,1720052461,0,1,-13.28762341,-24.8747921,507833.5,22,11,-6.199999809,2024/7/4 0:21
1720053061,1720053061,0,1,24.61123657,-32.55571365,501616.5,19,9,13,2024/7/4 0:31
1720053661,1720053661,0,1,62.0284996,-45.82652664,504274.9688,26,11,45.59999847,2024/7/4 0:41
1720054261,1720054261,0,1,76.82185364,179.6391754,502656.6563,28,12,2,2024/7/4 0:51
1720054861,1720054861,0,1,40.5655365,149.7604218,493983.4063,26,10,17.39999962,2024/7/4 1:01
1720055461,1720055461,0,1,2.627655029,141.2044373,492493.8125,28,14,68.59999847,2024/7/4 1:11
1720056062,1720056061,0,1,-35.27737045,133.0780487,507342.375,22,11,-19.89999962,2024/7/4 1:21
1720056662,1720056661,0,1,-71.98262787,112.2694778,525403.625,30,12,-26.70000076,2024/7/4 1:31
1720057262,1720057261,0,1,-67.56249237,-28.26122856,527761.625,29,13,6.099999905,2024/7/4 1:41
1720057862,1720057861,0,1,-30.53272438,-44.73774719,514462.6563,21,10,-7.800000191,2024/7/4 1:51
1720058462,1720058462,0,1,7.299636841,-52.59674454,502955.0313,22,10,-37.59999847,2024/7/4 2:01
1720059062,1720059062,0,1,45.07635498,-61.64101791,502919.4688,17,9,-17.89999962,2024/7/4 2:11
1720059662,1720059662,0,1,80.20079803,-105.548111,504762.7188,29,11,2.900000095,2024/7/4 2:21
1720060262,1720060262,0,1,57.65078354,132.7168732,498287.6563,30,13,10.5,2024/7/4 2:31
1720060862,1720060862,0,1,20.00932693,121.0749512,491370.375,23,11,23.20000076,2024/7/4 2:41
1720061462,1720061462,0,1,-18.00627327,113.4341507,498926.0313,20,14,-12.5,2024/7/4 2:51
1720062063,1720062062,0,1,-55.5419426,102.4261551,518070.0313,24,13,-2.700000048,2024/7/4 3:01
1720062663,1720062662,0,1,-81.57681274,-7.634695053,529088.625,26,12,-10.60000038,2024/7/4 3:11
1720063263,1720063262,0,1,-47.69903946,-63.41794205,521396.5625,21,10,11.30000019,2024/7/4 3:21
1720063863,1720063862,0,1,-10.02248859,-72.82672119,506759.875,21,12,26.29999924,2024/7/4 3:31
1720064463,1720064463,0,1,27.87261581,-80.59109497,501719.8125,20,9,-29.5,2024/7/4 3:41
1720065063,1720065063,0,1,65.16439056,-95.47595978,504643.6875,26,11,-40.09999847,2024/7/4 3:51
1720065663,1720065663,0,1,74.01810455,125.3818817,502249.25,28,14,-4.300000191,2024/7/4 4:01
1720066263,1720066263,0,1,37.31790161,101.5491257,493619.0938,24,11,-42.70000076,2024/7/4 4:11
1720066863,1720066863,0,1,-0.645969987,93.2721405,493518.2188,23,12,-45.20000076,2024/7/4 4:21
1720067463,1720067463,0,1,-38.50943375,84.91339111,509278,19,12,2.200000048,2024/7/4 4:31
1720068064,1720068063,0,1,-74.87210846,59.58398819,526453.3125,28,13,13.69999981,2024/7/4 4:41
1720068664,1720068663,0,1,-64.48882294,-78.31922913,526978.625,25,12,-3.200000048,2024/7/4 4:51
1720069264,1720069263,0,1,-27.35877419,-92.78192139,512940.8438,23,10,0.5,2024/7/4 5:01
1720069864,1720069863,0,1,10.56292343,-100.5369568,502247,24,11,-12.19999981,2024/7/4 5:11
1720070464,1720070464,0,1,48.29943466,-110.0437164,503006.9063,16,12,-15,2024/7/4 5:21
1720071064,1720071064,0,1,81.94761658,-171.0311737,504447.0938,25,13,3.799999952,2024/7/4 5:31
1720071664,1720071664,0,1,54.45574188,83.84671021,497575.4688,25,12,-37.79999924,2024/7/4 5:41
1720072264,1720072264,0,1,16.73640823,73.09593201,491669.4063,24,12,-78.09999847,2024/7/4 5:51
1720072864,1720072864,0,1,-21.26644516,65.45053864,500748.6563,18,11,-9.600000381,2024/7/4 6:01
1720073464,1720073464,0,1,-58.70215607,53.49421692,519988.5938,25,12,34.5,2024/7/4 6:11
1720074065,1720074064,0,1,-79.65037537,-71.20223236,529330.4375,29,12,-22.29999924,2024/7/4 6:21
1720074665,1720074664,0,1,-44.50352478,-111.7978058,520048.4375,25,11,-9.800000191,2024/7/4 6:31
1720075265,1720075264,0,1,-6.832776546,-120.7521973,505558.1875,26,13,-14.5,2024/7/4 6:41
1720075865,1720075864,0,1,31.11989403,-128.6555023,501489.75,17,11,-41,2024/7/4 6:51
1720076465,1720076465,0,1,68.25379181,-145.6901245,504528.6875,23,11,8.199999809,2024/7/4 7:01
1720077065,1720077065,0,1,71.06778717,73.14620209,501563.1563,29,12,-9.699999809,2024/7/4 7:11
1720077665,1720077665,0,1,34.06627655,53.39845657,493136.2188,20,11,-4.300000191,2024/7/4 7:21
1720078265,1720078265,0,1,-3.917555094,45.33926773,494541.4063,19,13,-43.5,2024/7/4 7:31
1720078865,1720078865,0,1,-41.73306656,36.68318558,511188.0313,15,11,38.5,2024/7/4 7:41
1720079465,1720079465,0,1,-77.58629608,4.60141325,527369.5625,27,11,0.300000012,2024/7/4 7:51
1720080066,1720080065,0,1,-61.37783813,-127.8521423,526056.5625,26,13,-29.29999924,2024/7/4 8:01
1720080666,1720080665,0,1,-24.11800957,-140.8093109,511415.4688,25,11,-10.10000038,2024/7/4 8:11
1720081266,1720081265,0,1,13.76152802,-148.4763031,501637.4688,25,12,-4.400000095,2024/7/4 8:21
1720081866,1720081866,0,1,51.51137543,-158.5751495,503075.0625,19,11,10.10000038,2024/7/4 8:31
1720082466,1720082466,0,1,82.58329773,117.4383774,504071,26,12,6.199999809,2024/7/4 8:41
1720084266,1720084266,0,1,-24.52613449,17.44096375,502267.8438,13,10,30.60000038,2024/7/4 9:11
1720084866,1720084866,0,1,-61.84771729,4.267258167,521437.5,25,12,15.80000019,2024/7/4 9:21
1720085466,1720085466,0,1,-77.1791153,-129.2651978,529114.9375,32,13,-39.79999924,2024/7/4 9:31
1720086067,1720086066,0,1,-41.28550339,-160.090683,518573.4063,28,11,-1.399999976,2024/7/4 9:41
1720086667,1720086666,0,1,-3.565231562,-168.6891937,504532.7188,27,13,16.5,2024/7/4 9:51
1720087267,1720087266,0,1,34.31071091,-176.7503967,501535.25,22,12,-9.600000381,2024/7/4 10:01
1720087867,1720087867,0,1,71.29062653,163.2369537,504588.2813,24,12,3.599999905,2024/7/4 10:11
1720088467,1720088467,0,1,68.02053833,22.1577282,500820.8125,16,11,28.20000076,2024/7/4 10:21
1720090867,1720090867,0,1,-79.9983139,-54.23453522,527966.75,25,11,-21.60000038,2024/7/4 11:01
1720091468,1720091467,0,1,-58.22374344,-177.0267944,525014.375,28,11,-42.70000076,2024/7/4 11:11
1720092068,1720092067,0,1,-20.85728073,171.1847687,510036.0313,28,11,64,2024/7/4 11:21
1720092668,1720092667,0,1,17.03577423,163.5556488,501362.9688,23,11,21.60000038,2024/7/4 11:31
1720093268,1720093267,0,1,54.72211838,152.7335663,503386.4375,22,12,19.79999924,2024/7/4 11:41
1720093868,1720093868,0,1,81.84586334,46.15185547,503716.25,26,12,19.70000076,2024/7/4 11:51
1720094468,1720094468,0,1,48.01530838,-13.34421349,495881.0313,23,10,55.20000076,2024/7/4 12:01
1720095068,1720095068,0,1,10.17507839,-22.82335472,491868.4688,26,12,15,2024/7/4 12:11
1720095668,1720095668,0,1,-27.79367828,-30.59699059,503740.1875,18,10,-0.600000024,2024/7/4 12:21
1720096268,1720096268,0,1,-64.97797394,-45.35702133,522695.125,24,13,14.10000038,2024/7/4 12:31
1720096868,1720096868,0,1,-74.41255188,176.1557159,528801.8125,27,13,-59.40000153,2024/7/4 12:41
1720097469,1720097468,0,1,-38.04754639,151.6852875,517241.4688,28,11,3.5,2024/7/4 12:51
1720098069,1720098068,0,1,-0.285840005,143.374939,503799,28,11,71.59999847,2024/7/4 13:01
1720098669,1720098668,0,1,37.56859589,135.090683,501778.4375,20,10,31.39999962,2024/7/4 13:11
1720099269,1720099268,0,1,74.24255371,110.8599243,504598.9063,28,13,-8.800000191,2024/7/4 13:21
1720099869,1720099869,0,1,64.90803528,-28.02605057,499914.1875,24,13,61,2024/7/4 13:31
1720100469,1720100469,0,1,27.52340317,-42.7767601,491995.9063,21,11,2.900000095,2024/7/4 13:41
1720101069,1720101069,0,1,-10.48889542,-50.54660034,496282.3125,18,14,-17.29999924,2024/7/4 13:51
1720101669,1720101669,0,1,-48.19415283,-60.03493118,514529.6563,21,12,10.10000038,2024/7/4 14:01
1720102269,1720102269,0,1,-81.81912994,-119.0485306,528619.6875,28,12,-37.29999924,2024/7/4 14:11
1720102869,1720102869,0,1,-55.04132462,134.0641174,524143.5,26,10,-24.60000038,2024/7/4 14:21
1720103470,1720103469,0,1,-17.58780479,123.198761,509113.0938,26,11,19.60000038,2024/7/4 14:31
1720104070,1720104069,0,1,20.31096458,115.5730743,501431.875,25,10,7.300000191,2024/7/4 14:41
1720104670,1720104669,0,1,57.85816956,103.8801498,503788.2188,25,11,-34,2024/7/4 14:51
1720105270,1720105269,0,1,80.03489685,-18.8816452,503224,26,13,31.70000076,2024/7/4 15:01
1720105870,1720105870,0,1,44.77326965,-61.75181961,495057.5313,22,11,-18.5,2024/7/4 15:11
1720106470,1720106470,0,1,6.885353565,-70.76901245,492150.0625,18,13,-6,2024/7/4 15:21
1720107070,1720107070,0,1,-31.05852699,-78.6641922,505397.8125,17,12,9,2024/7/4 15:31
1720107670,1720107670,0,1,-68.0693512,-95.52592468,524112.0938,25,13,-22.5,2024/7/4 15:41
1720108270,1720108270,0,1,-71.49092102,123.7034225,528540,28,14,-34,2024/7/4 15:51
1720108870,1720108870,0,1,-34.80812836,103.5200729,516102.6563,24,9,-37.90000153,2024/7/4 16:01
1720109471,1720109470,0,1,2.987824917,95.44046021,503394,28,12,-33.79999924,2024/7/4 16:11
1720110071,1720110070,0,1,40.813797,86.87810516,502280.1563,20,10,-64.80000305,2024/7/4 16:21
1720110671,1720110670,0,1,76.98130035,56.5851059,504709.6875,25,12,3.799999952,2024/7/4 16:31
1720111271,1720111270,0,1,61.7678833,-77.65013123,499344.875,28,11,-32.20000076,2024/7/4 16:41
1720111871,1720111871,0,1,24.25623322,-90.81268311,491831.6875,21,11,-28.29999924,2024/7/4 16:51
1720112471,1720112471,0,1,-13.75945854,-98.49917603,497552.4688,18,14,-7.900000095,2024/7/4 17:01
1720113071,1720113071,0,1,-51.39612579,-108.5519638,516278.5938,18,13,-10.89999962,2024/7/4 17:11
1720113671,1720113671,0,1,-82.58406067,170.0161743,529018.5625,28,13,-45,2024/7/4 17:21
1720114271,1720114271,0,1,-51.86117935,85.36341858,522939.125,28,11,20,2024/7/4 17:31
1720114871,1720114871,0,1,-14.33044624,75.23004913,507983.4063,27,12,-55,2024/7/4 17:41
1720115472,1720115471,0,1,23.57159424,67.57080841,501398.4063,23,9,-47.40000153,2024/7/4 17:51
1720118472,1720118472,85899345,1,-34.2992897,-126.7701492,507114.6563,8,0,-11,2024/7/4 18:41
1720119672,1720130666,2920577760,1,-68.48690796,72.59849548,527843.75,10,0,17.79999924,2024/7/4 19:01
1720120272,1720131266,2920577760,1,-31.57432556,55.40890121,514557.375,15,0,19.70000076,2024/7/4 19:11
1720120872,1720131866,2920577760,1,6.253739834,47.50457001,502668.9375,16,0,-37.09999847,2024/7/4 19:21
1720122672,1720133667,2920577760,1,58.596138,-126.8723984,498410.7188,14,0,-4.099999905,2024/7/4 19:51
1720123272,1720134267,2920577760,1,20.98159218,-138.8207397,491576.0625,10,0,-25.10000038,2024/7/4 20:01
1720123872,1720134867,2920577760,1,-17.03244591,-146.4669342,498847.7188,8,0,-2.900000095,2024/7/4 20:11
1720124472,1720135467,2920577760,1,-54.58963013,-157.2313843,517967.2188,7,0,-25.39999962,2024/7/4 20:21
1720125072,1720136067,2920577760,1,-81.99114227,98.50915527,529259.125,15,0,-15.39999962,2024/7/4 20:31
1720125673,1720136667,2920577760,1,-48.66218948,36.82761383,521680.9063,13,0,43,2024/7/4 20:41
1720126273,1720137267,2920577760,1,-11.06507206,27.27705383,506765.625,14,0,-4.199999809,2024/7/4 20:51
1720126873,1720137867,2920577760,1,26.83626175,19.54237747,501159.125,7,0,26,2024/7/4 21:01
1720128073,1720139068,2920577760,1,74.86549377,-132.9147339,502044.4688,8,0,-8.199999809,2024/7/4 21:21
1720128673,1720139668,2920577760,1,38.27602005,-158.2894135,493577.7813,12,0,-15.19999981,2024/7/4 21:31
1720129273,1720140268,2920577760,1,0.31916666,-166.6436462,493233.0625,8,0,14.69999981,2024/7/4 21:41
1720129873,1720140868,2920577760,1,-37.55568314,-174.9298859,508814.5938,10,0,18.89999962,2024/7/4 21:51
1720130473,1720141468,2920577760,1,-74.02980804,161.2546539,526328.9375,8,0,-51.79999924,2024/7/4 22:01
1720131674,1720142668,2920577760,1,-28.31758308,7.338381767,513227.6563,19,0,24.5,2024/7/4 22:21
1720132274,1720143268,2920577760,1,9.535650253,-0.437395006,502090.3125,13,0,24.39999962,2024/7/4 22:31
1720132874,1720143868,2920577760,1,47.28951645,-9.791851997,502472.7813,10,0,50,2024/7/4 22:41
1720133474,1720144468,2920577760,1,81.5256424,-65.09179688,504070.5938,13,0,13.80000019,2024/7/4 22:51
1720134074,1720145069,2920577760,1,55.38726807,-175.8153992,497358.0625,14,0,3.799999952,2024/7/4 23:01
1720134674,1720145669,2920577760,1,17.68637848,173.19104,491290.125,13,0,10.60000038,2024/7/4 23:11
1720135274,1720146269,2920577760,1,-20.32169914,165.5481262,500120.3125,10,0,59.90000153,2024/7/4 23:21
1720135874,1720146869,2920577760,1,-57.78649521,153.886261,519599.6563,13,0,-26.5,2024/7/4 23:31
1720136474,1720147469,2920577760,1,-80.27857971,32.77516556,529423.875,12,0,2.5,2024/7/4 23:41
1720137074,1720148069,2920577760,1,-45.43505096,-11.59135151,520511.7188,18,0,26.20000076,2024/7/4 23:51
1720137675,1720148669,2920577760,1,-7.78110981,-20.66798019,505811.2813,10,0,3.099999905,2024/7/5 0:01
1720138275,1720149269,2920577760,1,30.11228752,-28.51746368,501198.6875,11,0,34.70000076,2024/7/5 0:11
1720138875,1720149869,2920577760,1,67.3033371,-44.82238388,504054.0313,13,0,44.40000153,2024/7/5 0:21
1720139475,1720150469,2920577760,1,71.9278717,174.3189697,501214.5938,15,0,2.200000048,2024/7/5 0:31
1720140075,1720151070,2920577760,1,34.99799347,153.5370026,492793.1875,15,0,7.199999809,2024/7/5 0:41
1720140675,1720151670,2920577760,1,-2.984839916,145.4186096,493866.4375,15,0,79,2024/7/5 0:51
1720141275,1720152270,2920577760,1,-40.81600571,136.8519592,510643.3125,8,0,-18.5,2024/7/5 1:01
1720141875,1720152870,2920577760,1,-76.83542633,106.9880219,527303.0625,10,0,-19.10000038,2024/7/5 1:11
1720142475,1720153470,2920577760,1,-62.26954651,-27.35391998,526545.625,18,0,17.70000076,2024/7/5 1:21
1720143075,1720154070,2920577760,1,-25.04735947,-40.7039566,512035.1563,16,0,-12,2024/7/5 1:31
1720143675,1720154670,2920577760,1,12.82497692,-48.38980103,501833.75,11,0,-38.40000153,2024/7/5 1:41
1720144276,1720155270,2920577760,1,50.52859497,-58.28634262,502868.2188,8,0,-6.599999905,2024/7/5 1:51
1720144876,1720155870,2920577760,1,82.53240204,-134.8933868,503869.3125,13,0,3.799999952,2024/7/5 2:01
1720145476,1720156470,2920577760,1,52.16196823,135.4492645,496598.1563,13,0,18.39999962,2024/7/5 2:11
1720146076,1720157071,2920577760,1,14.39137459,125.2172775,491366.5,17,0,43,2024/7/5 2:21
1720146676,1720157671,2920577760,1,-23.60417938,117.5435104,501653.125,11,0,-9.699999809,2024/7/5 2:31
1720147276,1720158271,2920577760,1,-60.96141815,104.7470627,521024.4063,6,0,-8.5,2024/7/5 2:41
1720147876,1720158871,2920577760,1,-77.91540527,-26.76111984,529283.5,9,0,-8.100000381,2024/7/5 2:51
1720148476,1720159471,2920577760,1,-42.19843292,-59.91897583,519156.125,14,0,12.10000038,2024/7/5 3:01
1720149076,1720160071,2920577760,1,-4.49326849,-68.60966492,504908.4688,10,0,16.10000038,2024/7/5 3:11
1720149676,1720160671,2920577760,1,33.38673019,-76.61617279,501467.0625,10,0,-40.70000076,2024/7/5 3:21
1720151477,1720162471,2920577760,1,31.72276306,105.4151535,492559.4688,15,0,-41.79999924,2024/7/5 3:51
1720152077,1720163072,2920577760,1,-6.275121689,97.48073578,495143,11,0,-30.20000076,2024/7/5 4:01
1720153277,1720164272,2920577760,1,-79.36412811,49.43750381,528033.25,14,0,6.599999905,2024/7/5 4:21
1720153877,1720164872,2920577760,1,-59.11926651,-76.63002014,525494.8125,18,0,1,2024/7/5 4:31
1720154477,1720165472,2920577760,1,-21.78232956,-88.71697235,510518.5938,16,0,0.699999988,2024/7/5 4:41
1720155077,1720166072,2920577760,1,16.10777664,-96.35105896,501330.7813,13,0,-1.5,2024/7/5 4:51
1720155677,1720166672,2920577760,1,53.75412369,-106.9209747,503050.0313,7,0,-25.10000038,2024/7/5 5:01
1720156278,1720167272,2920577760,1,82.20680237,152.7469177,503529.5,10,0,3,2024/7/5 5:11
1720156878,1720167872,2920577760,1,48.98703384,86.90763855,496019.8438,20,0,-42.09999847,2024/7/5 5:21
1720157478,1720168472,2920577760,1,11.09830666,77.26127625,491979.4375,12,0,-93.40000153,2024/7/5 5:31
1720158078,1720169073,2920577760,1,-26.87434006,69.51763153,503620.8438,11,0,0.200000003,2024/7/5 5:41
1720158678,1720169673,2920577760,1,-64.09689331,55.25593948,522736.8125,10,0,29.10000038,2024/7/5 5:51
1720159278,1720170273,2920577760,1,-75.21980286,-82.14796448,529161.375,18,0,-17,2024/7/5 6:01
1720159878,1720170873,2920577760,1,-38.97000504,-108.1580734,517646.1875,18,0,-10.10000038,2024/7/5 6:11
1720160478,1720171473,2920577760,1,-1.217916608,-116.5418854,503782.8125,15,0,-22.20000076,2024/7/5 6:21
1720161078,1720172073,2920577760,1,36.6473465,-124.7557526,501327.9688,13,0,-39.09999847,2024/7/5 6:31
1720161678,1720172673,2920577760,1,73.36826324,-147.5251007,504208.125,12,0,-7.099999905,2024/7/5 6:41
1720162278,1720173273,2920577760,1,65.84710693,72.66879272,500051.9375,17,0,-16.39999962,2024/7/5 6:51
1720162879,1720173873,2920577760,1,28.50731087,57.35233307,492302.0313,12,0,-13.39999962,2024/7/5 7:01
1720163479,1720174474,2920577760,1,-9.562306404,49.5389061,496406.1563,10,0,-34.70000076,2024/7/5 7:11
1720164079,1720175074,2920577760,1,-47.28032684,40.19296646,514456.5625,6,0,44.09999847,2024/7/5 7:21
1720164679,1720175674,2920577760,1,-81.38839722,-13.45102787,528694,12,0,-11.69999981,2024/7/5 7:31
1720165279,1720176274,2920577760,1,-55.94943619,-125.6011276,524320.375,14,0,-17.60000038,2024/7/5 7:41
1720165879,1720176874,2920577760,1,-18.5165081,-136.7062988,508995.6875,15,0,-9.800000191,2024/7/5 7:51
1720166479,1720177474,2920577760,1,19.38663483,-144.3292847,500829.9375,17,0,-15.39999962,2024/7/5 8:01
1720167079,1720178074,2920577760,1,56.96338654,-155.7490234,503094.0313,12,0,11.5,2024/7/5 8:11
1720167679,1720178674,2920577760,1,80.65764618,85.58646393,503066.6563,15,0,2.400000095,2024/7/5 8:21
1720169480,1720180475,2920577760,1,-30.14389801,21.45634079,505292.0625,10,0,33.09999847,2024/7/5 8:51
1720170080,1720181075,2920577760,1,-67.20349121,5.249790192,523987.0313,10,0,13.19999981,2024/7/5 9:01
1720170680,1720181675,2920577760,1,-72.32631683,-135.0974121,528649.1875,16,0,-50.79999924,2024/7/5 9:11
1720171280,1720182275,2920577760,1,-35.72079849,-156.3375092,516049.5,20,0,0.400000006,2024/7/5 9:21
1720171880,1720182875,2920577760,1,2.071196556,-164.478241,502868.2813,14,0,15.30000019,2024/7/5 9:31
1720172480,1720183475,2920577760,1,39.91261292,-172.9595337,501436.2813,12,0,-11.69999981,2024/7/5 9:41
1720173080,1720184075,2920577760,1,76.2298584,158.7088928,504196.6875,17,0,2.599999905,2024/7/5 9:51
1720175481,1720186475,2920577760,1,-50.50989151,-8.302200317,516082.2813,6,0,27.20000076,2024/7/5 10:31
1720176081,1720187076,2920577760,1,-82.49959564,-83.1056366,529002.75,12,0,-30.5,2024/7/5 10:41
1720176681,1720187676,2920577760,1,-52.74509811,-174.357666,523080.875,17,0,-27.89999962,2024/7/5 10:51
1720177281,1720188276,2920577760,1,-15.23113537,175.3182831,507692.3125,10,0,57.79999924,2024/7/5 11:01
1720177881,1720188876,2920577760,1,22.67686462,167.6690216,500699.6563,17,0,5.5,2024/7/5 11:11
1720178481,1720189476,2920577760,1,60.16464233,155.1671906,503380.5625,18,0,15.80000019,2024/7/5 11:21
1720180883,1720180882,0,1,-33.35790634,-26.62927437,506853.5938,15,10,8.100000381,2024/7/5 12:01
1720181483,1720181482,0,1,-70.21277618,-45.4266243,525034.5625,24,14,1.100000024,2024/7/5 12:11
1720182083,1720182082,0,1,-69.36941528,173.5165558,528039.6875,24,13,-58.40000153,2024/7/5 12:21
1720182683,1720182682,0,1,-32.45344543,155.5314941,514643.1875,21,11,22.10000038,2024/7/5 12:31
1720183283,1720183283,0,1,5.370651722,147.5817261,502279.3438,22,11,60.5,2024/7/5 12:41
1720183883,1720183883,0,1,43.17946625,138.7662354,501736.1563,16,10,28.60000038,2024/7/5 12:51
1720184483,1720184483,0,1,78.86100006,101.8948593,504087.6875,25,13,-0.600000024,2024/7/5 13:01
1720185083,1720185083,0,1,59.50289536,-26.44762421,498368.9375,24,12,63.5,2024/7/5 13:11
1720185683,1720185683,0,1,21.91458511,-38.71476364,491575.4688,24,11,-3.900000095,2024/7/5 13:21
1720186283,1720186283,0,1,-16.09954643,-46.36951065,498579.0313,18,14,-13.69999981,2024/7/5 13:31
1720186884,1720186883,0,1,-53.67838669,-56.91524887,517639.9375,23,12,7,2024/7/5 13:41
1720187484,1720187483,0,1,-82.29304504,-155.0840759,529322.0625,27,12,-47.90000153,2024/7/5 13:51
1720188084,1720188083,0,1,-49.51782608,137.0514679,522007.5938,26,10,-18.70000076,2024/7/5 14:01
1720188684,1720188684,0,1,-11.93647289,127.3562317,506814.0313,23,11,43.79999924,2024/7/5 14:11
1720189284,1720189284,0,1,25.96852875,119.6449814,500879.6563,21,10,12.10000038,2024/7/5 14:21
1720189884,1720189884,0,1,63.34507751,105.7523422,503723.6563,22,10,-28.60000038,2024/7/5 14:31
1720190484,1720190484,0,1,75.66743469,-31.09991837,501974.4063,27,11,44.5,2024/7/5 14:41
1720191084,1720191084,0,1,39.19802475,-58.12798691,493735.7813,23,12,-23.70000076,2024/7/5 14:51
1720191684,1720191684,0,1,1.249756694,-66.55722046,493179.5625,25,13,0.5,2024/7/5 15:01
1720192284,1720192284,0,1,-36.63413239,-74.77285767,508563.5,17,12,9.100000381,2024/7/5 15:11
1720192885,1720192884,0,1,-73.20635986,-97.26330566,526200.625,28,13,-22.10000038,2024/7/5 15:21
1720193485,1720193484,0,1,-66.28623199,123.0122147,527512.6875,30,13,-29.20000076,2024/7/5 15:31
1720194085,1720194084,0,1,-29.18239975,107.4426727,513523.25,24,9,-39.29999924,2024/7/5 15:41
1720194685,1720194685,0,1,8.666500092,99.63864899,502044.9688,26,12,-21.70000076,2024/7/5 15:51
1720195285,1720195285,0,1,46.43442917,90.41260529,502284.3125,19,10,-50.20000076,2024/7/5 16:01
1720195885,1720195885,0,1,81.04400635,40.12669754,504058.25,25,12,20.10000038,2024/7/5 16:11
1720196485,1720196485,0,1,56.29745483,-75.47541046,497752.625,24,12,-37.70000076,2024/7/5 16:21
1720197085,1720197085,0,1,18.62041664,-86.71148682,491569.75,23,11,-12.10000038,2024/7/5 16:31
1720197685,1720197685,0,1,-19.38755989,-94.34809113,500028.875,18,11,-3.599999905,2024/7/5 16:41
1720198286,1720198285,0,1,-56.87837982,-105.7266083,519302.0313,23,14,-15.30000019,2024/7/5 16:51
1720198886,1720198885,0,1,-80.85655212,137.2093048,529450.5,29,12,-45.40000153,2024/7/5 17:01
1720199486,1720199485,0,1,-46.3571167,88.61581421,520732.4063,31,10,11.69999981,2024/7/5 17:11
1720200086,1720200085,0,1,-8.653073311,79.4052124,505894.625,24,10,-80.80000305,2024/7/5 17:21
1720200686,1720200686,0,1,29.24543571,71.59281158,501050.8438,21,10,-50,2024/7/5 17:31
1720201886,1720201886,0,1,72.77606201,-84.4111557,501611.125,24,11,-9.600000381,2024/7/5 17:51
1720202486,1720202486,0,1,35.93190765,-106.3172531,493297.8438,22,11,-19.39999962,2024/7/5 18:01
1720203086,1720203086,0,1,-2.040746689,-114.4938354,494031.5625,20,13,-20.5,2024/7/5 18:11
1720203686,1720203686,0,1,-39.88237762,-122.9700012,510310.75,17,10,-12.5,2024/7/5 18:21
1720204287,1720204286,0,1,-76.05261993,-150.8236389,527056.5625,29,12,-56.5,2024/7/5 18:31
1720204887,1720204886,0,1,-63.17273331,73.18018341,526543.1875,26,13,23.89999962,2024/7/5 18:41
1720205487,1720205486,0,1,-25.98302078,59.40694427,512019.7188,29,11,1.899999976,2024/7/5 18:51
1720206087,1720206086,0,1,11.95186806,51.68849564,501514.1563,21,11,-33.5,2024/7/5 19:01
1720206687,1720206682,0,1,49.67418671,41.94872665,502391.5625,4,0,7.800000191,2024/7/5 19:11
1720207287,1720207287,0,1,82.38282776,-28.41823006,503785.1875,26,11,30.29999924,2024/7/5 19:21
1720207887,1720207887,0,1,53.07594299,-124.259491,496919.125,25,12,-12,2024/7/5 19:31
1720208487,1720208487,0,1,15.32580376,-134.6882782,491622,24,12,-27.29999924,2024/7/5 19:41
1720209087,1720209087,0,1,-22.67028427,-142.3484955,501525.25,14,10,-8.699999809,2024/7/5 19:51
1720209687,1720209687,0,1,-60.05700684,-154.7909088,520850,24,9,-34.09999847,2024/7/5 20:01
1720210288,1720210287,0,1,-78.63690948,76.13234711,529330.25,30,12,4.900000095,2024/7/5 20:11
1720210888,1720210887,0,1,-43.12426758,40.26953888,519278.1875,27,12,45.29999924,2024/7/5 20:21
1720211488,1720211487,0,1,-5.429516792,31.4765873,504758.1563,28,14,-14.19999981,2024/7/5 20:31
1720212088,1720212087,0,1,32.52251816,23.50304604,500899.5,13,11,21.79999924,2024/7/5 20:41
1720212688,1720212688,0,1,69.57694244,5.302908421,503896.1875,23,13,45.20000076,2024/7/5 20:51
1720213288,1720213288,0,1,69.75138092,-136.0735931,500724.4063,28,12,-4.400000095,2024/7/5 21:01
1720213888,1720213888,0,1,32.64346313,-154.4526978,492601.125,20,10,-14.80000019,2024/7/5 21:11
1720214488,1720214488,0,1,-5.349573135,-162.4342804,494820.6563,24,10,15.19999981,2024/7/5 21:21
1720215088,1720215088,0,1,-43.14208603,-171.2432098,512095.0625,21,8,1.700000048,2024/7/5 21:31
1720215688,1720215688,0,1,-78.68654633,152.6691132,527912.75,29,12,-54.29999924,2024/7/5 21:41
1720216289,1720216288,0,1,-60.01018906,23.80154419,525683.875,28,12,26.20000076,2024/7/5 21:51
1720216889,1720216888,0,1,-22.70228767,11.38685036,510672.8125,26,12,23.39999962,2024/7/5 22:01
1720217489,1720217488,0,1,15.18624496,3.739944935,501066.9375,24,13,21.10000038,2024/7/5 22:11
1720218089,1720218088,0,1,52.91533661,-6.656414986,502547.5313,24,12,55.90000153,2024/7/5 22:21
1720218689,1720218689,0,1,82.42216492,-101.1237488,503260.0625,30,12,9.800000191,2024/7/5 22:31
1720219289,1720219289,0,1,49.8231926,-172.8699188,495874.7813,27,10,2.599999905,2024/7/5 22:41
1720219889,1720219889,0,1,12.00955486,177.3480835,491581.6875,19,9,13.69999981,2024/7/5 22:51
1720220489,1720220489,0,1,-25.97036171,169.6254883,502997.125,21,9,51.5,2024/7/5 23:01
1720221089,1720221089,0,1,-63.23176956,155.8047333,522351.125,26,12,-38.59999847,2024/7/5 23:11
1720221689,1720221689,0,1,-75.98791504,19.70800591,529213,25,12,13.10000038,2024/7/5 23:21
1720222290,1720222289,0,1,-39.86467361,-7.996640205,518004.4688,23,11,22.10000038,2024/7/5 23:31
1720222890,1720222889,0,1,-2.124626637,-16.46127319,503908,25,11,14.80000019,2024/7/5 23:41
1720223490,1720223489,0,1,35.74715424,-24.631464,501007.8125,19,10,46.59999847,2024/7/5 23:51
1720224090,1720224089,0,1,72.61237335,-46.30600739,503832.125,30,12,37.09999847,2024/7/6 0:01
1720224690,1720224690,0,1,66.64089203,173.2991333,499793.0313,27,11,6.5,2024/7/6 0:11
1720225290,1720225290,0,1,29.33794594,157.4528961,491960.7813,27,11,7.800000191,2024/7/6 0:21
1720225890,1720225890,0,1,-8.669743538,149.6196899,495716.2188,20,13,77.30000305,2024/7/6 0:31
1720226490,1720226490,0,1,-46.40600967,140.3982849,513926.375,21,10,-17.29999924,2024/7/6 0:41
1720227090,1720227090,0,1,-80.9069519,91.32866669,528618.6875,24,13,-5.5,2024/7/6 0:51
1720227690,1720227690,0,1,-56.81282806,-25.26156425,524789,25,12,8.800000191,2024/7/6 1:01
1720228291,1720228290,0,1,-19.4066658,-36.61349487,509504.5938,21,10,-10.39999962,2024/7/6 1:11
1720228891,1720228890,0,1,18.49256325,-44.23713684,500910.5,19,10,-20.39999962,2024/7/6 1:21
1720229491,1720229490,0,1,56.15233231,-55.43738174,502877.375,19,11,10.10000038,2024/7/6 1:31
1720230091,1720230091,0,1,81.13695526,-170.1685791,502874.5625,26,12,3.200000048,2024/7/6 1:41
1720230691,1720230691,0,1,46.55639648,138.6511993,495090.4375,28,11,25.39999962,2024/7/6 1:51
1720231291,1720231291,0,1,8.691151619,129.3928528,491846.2813,26,13,62.79999924,2024/7/6 2:01
1720231891,1720231891,0,1,-29.26614952,121.5706711,504690.7188,21,12,-19.89999962,2024/7/6 2:11
1720232491,1720232491,0,1,-66.37440491,105.9444733,523661.5625,28,12,-11.80000019,2024/7/6 2:21
1720233091,1720233091,0,1,-73.11682892,-33.85459518,528878.9375,24,12,-3.200000048,2024/7/6 2:31
1720233691,1720233691,0,1,-36.59602737,-56.20058441,516637.4063,21,9,13.19999981,2024/7/6 2:41
1720234292,1720234291,0,1,1.183995008,-64.40042877,503212.5938,21,11,-5,2024/7/6 2:51
1720234892,1720234891,0,1,39.03175354,-72.8031311,501375.75,18,9,-37.5,2024/7/6 3:01
1720235492,1720235491,0,1,75.53030396,-99.53929901,504023.0313,24,11,-8.5,2024/7/6 3:11
1720236092,1720236091,0,1,63.48537827,123.3711014,499277.9688,29,13,-15.10000038,2024/7/6 3:21
1720236692,1720236692,0,1,26.03738594,109.3951569,491862.375,26,11,-23,2024/7/6 3:31
1720237292,1720237292,0,1,-11.97550297,101.6686401,497110.5625,22,12,-25.10000038,2024/7/6 3:41
1720237892,1720237892,0,1,-49.64670944,91.94108582,515698.9063,22,12,9.899999619,2024/7/6 3:51
1720238492,1720238492,0,1,-82.32332611,23.36789894,529047.0625,30,14,-4.599999905,2024/7/6 4:01
1720239092,1720239092,0,1,-53.60750198,-74.08016968,523526.375,23,10,9.5,2024/7/6 4:11
1720239693,1720239692,0,1,-16.11496544,-84.5940094,508116.6875,19,9,-1.5,2024/7/6 4:21
1720240293,1720240292,0,1,21.79251099,-92.23033905,500655.3438,16,10,-17.79999924,2024/7/6 4:31
1720240893,1720240892,0,1,59.30794525,-104.4106293,503158.75,22,12,-35.59999847,2024/7/6 4:41
1720241493,1720241492,0,1,78.97968292,127.6697693,502528.4688,27,12,-2,2024/7/6 4:51
1720242093,1720242093,0,1,43.2857399,90.28723907,494669.125,24,12,-60.29999924,2024/7/6 5:01
1720242693,1720242693,0,1,5.381344795,81.45021057,492764.5313,22,12,-102.3000031,2024/7/6 5:11
1720243293,1720243293,0,1,-32.54319,73.4854126,506730.875,15,11,6.800000191,2024/7/6 5:21
1720243893,1720243893,0,1,-69.45305634,55.43543243,525097.25,29,13,27.89999962,2024/7/6 5:31
1720244493,1720244493,0,1,-70.13466644,-85.64338684,528389.375,28,11,-12.5,2024/7/6 5:41
1720245093,1720245093,0,1,-33.33804321,-104.3409271,515024.2188,22,11,-7.5,2024/7/6 5:51
1720245694,1720245693,0,1,4.479585171,-112.3349762,502231.9375,24,12,-27.29999924,2024/7/6 6:01
1720246294,1720246293,0,1,42.30157089,-121.0504074,501319.875,17,10,-21,2024/7/6 6:11
1720246894,1720246893,0,1,78.19098663,-155.2351227,503812.1875,26,13,-0.5,2024/7/6 6:21
1720247494,1720247493,0,1,60.29797363,73.92931366,498567.125,26,12,-25.10000038,2024/7/6 6:31
1720248094,1720248094,0,1,22.73530579,61.37010574,491887.25,24,11,-40.90000153,2024/7/6 6:41
1720248694,1720248694,0,1,-15.27539825,53.70806885,498706.6875,16,12,-21.79999924,2024/7/6 6:51
1720249294,1720249294,0,1,-52.86957932,43.34824753,517627.4063,17,11,49.09999847,2024/7/6 7:01
1720249894,1720249894,0,1,-82.4778595,-49.03263474,529444,28,12,-20.79999924,2024/7/6 7:11
1720250494,1720250494,0,1,-50.39505768,-122.7065811,522174.5938,29,12,-11.39999962,2024/7/6 7:21
1720251094,1720251094,0,1,-12.82774544,-132.5569,506664.75,28,13,-8.899999619,2024/7/6 7:31
1720251695,1720251694,0,1,25.08414268,-140.2469025,500285.75,24,12,-24.29999924,2024/7/6 7:41
1720252295,1720252294,0,1,62.49878311,-153.7301788,503143.0313,24,12,14.60000038,2024/7/6 7:51
1720252895,1720252894,0,1,76.40985107,70.81430817,501981.5938,26,11,-3.099999905,2024/7/6 8:01
1720253495,1720253495,0,1,40.00742722,42.01167297,494023.7813,12,11,27.20000076,2024/7/6 8:11
1720254095,1720254095,0,1,2.07016325,33.51032257,493420.2813,20,11,-14.60000038,2024/7/6 8:21
1720254695,1720254695,0,1,-35.81828308,25.35110664,508513.3438,15,9,27.70000076,2024/7/6 8:31
1720255295,1720255295,0,1,-72.46646881,3.913619995,526113.875,23,12,17.10000038,2024/7/6 8:41
1720255895,1720255895,0,1,-67.06381989,-136.3461761,527567.1875,26,12,-44.5,2024/7/6 8:51
1720256495,1720256495,0,1,-30.06254196,-152.4385986,513376,26,11,-1.100000024,2024/7/6 9:01
1720257095,1720257095,0,1,7.785980225,-160.2785797,501449.5,26,14,13.89999962,2024/7/6 9:11
1720257696,1720257695,0,1,45.572258,-169.3890533,501495.2188,19,11,-1.899999976,2024/7/6 9:21
1720258296,1720258295,0,1,80.52949524,144.4590454,503683.5,29,13,1.899999976,2024/7/6 9:31
1720262496,1720262496,0,1,-9.521043777,179.4876404,505478.3438,21,13,34,2024/7/6 10:41
1720263096,1720263096,0,1,28.3865242,171.7030029,500292.3125,19,11,-6.900000095,2024/7/6 10:51
1720263697,1720263696,0,1,65.6688385,156.5054474,503392.3438,31,13,7.900000095,2024/7/6 11:01
1720264297,1720264296,0,1,73.53730011,16.8735466,501414.2188,25,12,36.29999924,2024/7/6 11:11
1720264897,1720264896,0,1,36.71368027,-6.196609974,493391.0625,20,11,46.40000153,2024/7/6 11:21
1720265497,1720265497,0,1,-1.251373291,-14.43047714,494046.9063,19,10,17.79999924,2024/7/6 11:31
1720266097,1720266097,0,1,-39.09989166,-22.84019089,510151.125,16,10,17.20000076,2024/7/6 11:41
1720266697,1720266697,0,1,-75.37864685,-49.20026016,526944.4375,25,12,-9.199999809,2024/7/6 11:51
1720267297,1720267297,0,1,-63.92826843,173.6615906,526680.1875,27,12,-48.90000153,2024/7/6 12:01
1720267897,1720267897,0,1,-26.76931572,159.4974976,511934.25,26,11,41.5,2024/7/6 12:11
1720268497,1720268497,0,1,11.10236835,151.7687531,501030.5313,26,11,42.29999924,2024/7/6 12:21
1720269097,1720269097,0,1,48.84246445,142.1682434,501857.9063,17,9,22.79999924,2024/7/6 12:31
1720269698,1720269697,0,1,82.14653015,77.54094696,503514.2188,26,13,8.899999619,2024/7/6 12:41
1720270298,1720270297,0,1,53.89723206,-23.98522949,496938.8438,26,11,60.79999924,2024/7/6 12:51
1720270898,1720270897,0,1,16.10128784,-34.61794662,491640.3438,24,13,-1.899999976,2024/7/6 13:01
1720271498,1720271498,0,1,-21.8963604,-42.27006149,501310.9375,19,11,-5.199999809,2024/7/6 13:11
1720272098,1720272098,0,1,-59.30718994,-54.43841553,520575.5625,25,13,20.60000038,2024/7/6 13:21
1720272698,1720272698,0,1,-79.20883179,178.802124,529405.8125,22,11,-53.79999924,2024/7/6 13:31
1720273298,1720273298,0,1,-43.88960648,140.421875,519501.8438,29,10,-16.5,2024/7/6 13:41
1720273898,1720273898,0,1,-6.204691887,131.5397034,504673.125,28,12,38.09999847,2024/7/6 13:51
1720274498,1720274498,0,1,31.6907177,123.6200867,500564.0625,18,11,17.29999924,2024/7/6 14:01
1720275099,1720275098,0,1,68.80003357,106.1240997,503653,25,11,-15.39999962,2024/7/6 14:11
1720275699,1720275698,0,1,70.52251434,-35.1814537,500712.9688,29,11,51.59999847,2024/7/6 14:21
1720276299,1720276298,0,1,33.47187042,-54.33482361,492764.6875,20,12,-24.5,2024/7/6 14:31
1720276899,1720276898,0,1,-4.579053402,-62.37171936,494788.5625,22,13,-5.199999809,2024/7/6 14:41
1720277499,1720277499,0,1,-42.38149643,-71.09454346,511874.5625,19,12,20.70000076,2024/7/6 14:51
1720278099,1720278099,0,1,-78.09913635,-104.9071808,527834.1875,29,13,-33.09999847,2024/7/6 15:01
1720278699,1720278699,0,1,-60.75470352,124.1641312,525901.25,27,14,-29.20000076,2024/7/6 15:11
1720279299,1720279299,0,1,-23.47123718,111.4639816,510846.9063,25,10,-28.70000076,2024/7/6 15:21
1720279899,1720279899,0,1,14.41623211,103.808136,500954.625,20,12,-22.89999962,2024/7/6 15:31
1720280499,1720280499,0,1,52.09990311,93.60368347,502398.6875,20,10,-42.29999924,2024/7/6 15:41
1720281100,1720281099,0,1,82.5519104,5.129686832,503337.8125,25,12,28.39999962,2024/7/6 15:51
1720281700,1720281699,0,1,50.6441803,-72.64642334,496298.7188,25,10,-32.59999847,2024/7/6 16:01
1720282300,1720282299,0,1,12.84738159,-82.57391357,491824.7188,18,13,3.700000048,2024/7/6 16:11
1720282900,1720282899,0,1,-25.19755745,-90.28786469,502920.4063,21,12,1.700000048,2024/7/6 16:21
1720283500,1720283500,0,1,-62.48931122,-103.7445374,522120.875,25,13,-22.20000076,2024/7/6 16:31
1720284100,1720284100,0,1,-76.63874817,121.4336014,529252.375,29,12,-37.70000076,2024/7/6 16:41
1720284700,1720284700,0,1,-40.63159943,92.13018799,518147.0313,26,9,-4.800000191,2024/7/6 16:51
1720285300,1720285300,0,1,-2.89898324,83.59786224,503944.5625,23,12,-88.80000305,2024/7/6 17:01
1720285900,1720285900,0,1,34.97963715,75.49758148,500887.9375,13,9,-26.60000038,2024/7/6 17:11
1720287701,1720287700,0,1,30.17947578,-102.4394913,492495.125,23,11,-23.60000038,2024/7/6 17:41
1720288301,1720288300,0,1,-7.821338177,-110.3025131,495850.75,22,10,-10.80000019,2024/7/6 17:51
1720288901,1720288900,0,1,-45.63283539,-119.4260941,513620.5,15,10,-10.80000019,2024/7/6 18:01
1720289501,1720289501,0,1,-80.43856049,-164.8499756,528392.4375,29,12,-51.40000153,2024/7/6 18:11
1720290101,1720290101,0,1,-57.5727272,75.03405762,524700.0625,23,12,30.39999962,2024/7/6 18:21
1720290701,1720290701,0,1,-20.18387985,63.45778656,509399.8125,26,12,-10.80000019,2024/7/6 18:31
1720291301,1720291301,0,1,17.71749878,55.83399963,500623.5625,16,11,-35,2024/7/6 18:41
1720292501,1720292501,0,1,81.56616974,-65.42487335,503031.9063,25,13,14.69999981,2024/7/6 19:01
1720293102,1720293101,0,1,47.3848381,-121.1516342,495573.4375,26,10,-18.5,2024/7/6 19:11
1720293702,1720293701,0,1,9.535374641,-130.5301208,492174.0938,25,11,-27.79999924,2024/7/6 19:21
1720294302,1720294301,0,1,-28.42432404,-138.3215027,504553.9375,18,10,-10.89999962,2024/7/6 19:31
1720294902,1720294901,0,1,-65.63267517,-153.4843597,523495.7813,22,12,-48.40000153,2024/7/6 19:41
1720295502,1720295502,0,1,-73.81277466,67.34855652,528815.8125,28,13,17.60000038,2024/7/6 19:51
1720296102,1720296102,0,1,-37.36985397,43.91709518,516580.9688,25,11,37,2024/7/6 20:01
1720296702,1720296702,0,1,0.405815005,35.66023636,502914.2813,23,13,-14.10000038,2024/7/6 20:11
1720299703,1720299702,0,1,-11.14174652,-158.2553406,496935.5313,20,9,8.199999809,2024/7/6 21:01
1720300303,1720300302,0,1,-48.88988495,-167.8686066,515435.0938,18,10,-16,2024/7/6 21:11
1720300903,1720300902,0,1,-82.08798981,128.7159271,528979.9375,30,12,-40.09999847,2024/7/6 21:21
1720301503,1720301503,0,1,-54.35834503,26.16918945,523630.0938,26,12,34.70000076,2024/7/6 21:31
1720302103,1720302103,0,1,-16.88256073,15.47397041,508091.9063,24,12,21.29999924,2024/7/6 21:41
1720302703,1720302703,0,1,21.02702904,7.841859818,500276.0938,19,12,25.89999962,2024/7/6 21:51
1720303303,1720303303,0,1,58.56681061,-4.086711884,502659,21,12,53.70000076,2024/7/6 22:01
1720303903,1720303903,0,1,79.57028198,-129.2829437,502350.0938,28,13,-3.700000048,2024/7/6 22:11
1720304503,1720304503,0,1,44.09791565,-169.5432129,494586.375,26,11,-4.699999809,2024/7/6 22:21
1720305104,1720305103,0,1,6.201946735,-178.4790039,492410.6875,26,10,15.69999981,2024/7/6 22:31
1720305704,1720305703,0,1,-31.73098564,173.5934906,506184.2813,21,9,42.40000153,2024/7/6 22:41
1720306304,1720306303,0,1,-68.75262451,156.1458282,524817.9375,29,11,-52.59999847,2024/7/6 22:51
1720306904,1720306903,0,1,-70.8239212,15.19026184,528423.125,26,13,13.80000019,2024/7/6 23:01
1720307504,1720307504,0,1,-34.08288956,-4.239598274,515235.5625,22,9,17.39999962,2024/7/6 23:11
1720308104,1720308104,0,1,3.727951765,-12.27875328,502201.5,22,13,20.60000038,2024/7/6 23:21
1720308704,1720308704,0,1,41.55861664,-20.91974068,500987.125,15,11,56.90000153,2024/7/6 23:31
1720309304,1720309304,0,1,77.59941864,-53.09347534,503515,26,13,30,2024/7/6 23:41
1720309904,1720309904,0,1,61.07908249,174.3337555,498390.1563,28,11,3,2024/7/6 23:51
1720310505,1720310504,0,1,23.53951836,161.4575806,491569.625,21,10,11.10000038,2024/7/7 0:01
1720311105,1720311104,0,1,-14.47424984,153.7810516,498086.7813,22,12,62.90000153,2024/7/7 0:11
1720311705,1720311704,0,1,-52.08831406,143.5845032,517180.1563,23,10,-18.29999924,2024/7/7 0:21
1720312305,1720312304,0,1,-82.56314087,56.50725555,529406.375,27,12,-1.700000048,2024/7/7 0:31
1720312905,1720312905,0,1,-51.11503983,-22.50724983,522537.3125,23,11,18.39999962,2024/7/7 0:41
1720313505,1720313505,0,1,-13.56483173,-32.49656296,506989.875,20,13,-8.300000191,2024/7/7 0:51
1720314105,1720314105,0,1,24.34646606,-40.17303848,500234.625,15,11,-1,2024/7/7 1:01
1720314705,1720314705,0,1,61.7871933,-53.33732224,502897.625,25,12,23,2024/7/7 1:11
1720315305,1720315305,0,1,77.01904297,172.576416,501783.5,28,13,3,2024/7/7 1:21
1720315905,1720315905,0,1,40.79753494,142.1521606,493827.3125,26,12,28.70000076,2024/7/7 1:31
1720316506,1720316505,0,1,2.864326715,133.5756073,492898.8438,26,13,73,2024/7/7 1:41
1720317106,1720317105,0,1,-35.03548431,125.4671402,507987.7188,19,11,-33.09999847,2024/7/7 1:51
1720317706,1720317705,0,1,-71.75434113,104.9505081,525925.625,27,12,-15.39999962,2024/7/7 2:01
1720318306,1720318305,0,1,-67.74515533,-35.75622559,527857.5625,28,11,7.5,2024/7/7 2:11
1720318906,1720318906,0,1,-30.78621864,-52.35364914,513887.5625,25,10,9,2024/7/7 2:21
1720319506,1720319506,0,1,7.054214954,-60.22375107,501722.7813,18,10,-27.20000076,2024/7/7 2:31
1720320106,1720320106,0,1,44.84838867,-69.23965454,501434.0313,16,9,-25.79999924,2024/7/7 2:41
1720320706,1720320706,0,1,80.05879974,-112.251297,503574.4063,24,12,4.699999809,2024/7/7 2:51
1720321306,1720321306,0,1,57.85351181,125.1508484,497801.875,28,12,-1,2024/7/7 3:01
1720321906,1720321906,0,1,20.21660042,113.4460983,491600.1563,24,12,-1.100000024,2024/7/7 3:11
1720322507,1720322506,0,1,-17.79290581,105.8062286,499597.625,24,12,-32.09999847,2024/7/7 3:21
1720323107,1720323106,0,1,-55.32464981,94.85845184,518783.5,22,12,6.800000191,2024/7/7 3:31
1720323707,1720323706,0,1,-81.68437195,-13.89459991,529496.1875,29,14,-11.30000019,2024/7/7 3:41
1720324307,1720324306,0,1,-47.86607361,-71.03379822,521131.8438,23,9,15.80000019,2024/7/7 3:51
1720324907,1720324907,0,1,-10.24870682,-80.45537567,505789,19,11,-0.800000012,2024/7/7 4:01
1720325507,1720325507,0,1,27.66044617,-88.21354675,500242.1563,12,10,-28,2024/7/7 4:11
1720326107,1720326107,0,1,64.97639465,-102.9870834,503236.2813,26,12,-37.29999924,2024/7/7 4:21
1720326707,1720326707,0,1,74.18302155,118.0376434,501408.625,28,12,-6,2024/7/7 4:31
1720327307,1720327307,0,1,37.49829865,93.92644501,493546.4063,26,12,-59.20000076,2024/7/7 4:41
1720327907,1720327907,0,1,-0.460768342,85.63737488,494058.125,27,12,-85.69999695,2024/7/7 4:51
1720328508,1720328507,0,1,-38.31769562,77.29637146,510014.4688,18,11,14.19999981,2024/7/7 5:01
1720329108,1720329107,0,1,-74.69650269,52.30816269,527041.4375,27,12,17.39999962,2024/7/7 5:11
1720329708,1720329707,0,1,-64.6869812,-85.83544159,527061.375,28,11,-11.5,2024/7/7 5:21
1720330308,1720330308,0,1,-27.50002098,-100.4223633,512249.1875,24,10,-2.900000095,2024/7/7 5:31
1720330908,1720330908,0,1,10.36862183,-108.1695938,500931.4063,21,11,-26.29999924,2024/7/7 5:41
1720331508,1720331508,0,1,48.12319183,-117.6491165,501484.9063,16,12,-17,2024/7/7 5:51
1720332108,1720332108,0,1,81.88318634,-177.6103058,503297.4375,30,13,4.300000191,2024/7/7 6:01
1720332708,1720332708,0,1,54.60943985,76.24606323,497141.1875,29,11,-34.90000153,2024/7/7 6:11
1720333308,1720333308,0,1,16.89335632,65.45858002,491931.4063,27,11,-62.90000153,2024/7/7 6:21
1720333908,1720333908,0,1,-21.10323715,57.81605911,501421.4063,23,10,-9.199999809,2024/7/7 6:31
1720334509,1720334508,0,1,-58.53498459,45.91878891,520651.875,21,13,36.79999924,2024/7/7 6:41
1720335109,1720335108,0,1,-79.7748642,-78.14201355,529616.25,26,13,-24.60000038,2024/7/7 6:51
1720335709,1720335708,0,1,-44.61876678,-119.432785,519650.6563,22,10,-11,2024/7/7 7:01
1720336309,1720336308,0,1,-6.941850185,-128.4015808,504459.9688,24,14,-10.80000019,2024/7/7 7:11
1720336909,1720336909,0,1,30.96219826,-136.2863617,499999.5313,19,12,-33,2024/7/7 7:21
1720337509,1720337509,0,1,68.11941528,-153.2133484,503173.2813,25,13,7.099999905,2024/7/7 7:31
1720338109,1720338109,0,1,71.18955994,65.64785004,500787.8438,28,11,-6.900000095,2024/7/7 7:41
1720338709,1720338624,0,1,34.19402695,45.76280594,493088.125,4,0,4.099999905,2024/7/7 7:51
1720339909,1720339909,0,1,-41.59421158,29.0569458,511870.7813,17,10,33.29999924,2024/7/7 8:11
1720340510,1720340509,0,1,-77.46795654,-2.646048307,527832.6875,28,12,0.600000024,2024/7/7 8:21
1720341110,1720341109,0,1,-61.52396011,-135.4270782,525986.8125,26,12,-32.90000153,2024/7/7 8:31
1720341710,1720341709,0,1,-24.2023201,-148.4600372,510617.5938,20,11,-4.199999809,2024/7/7 8:41
1720342310,1720342309,0,1,13.68816185,-156.1296997,500308.4688,21,14,2.299999952,2024/7/7 8:51
1720342910,1720342910,0,1,51.39179993,-166.193161,501641.2813,21,13,7.5,2024/7/7 9:01
1720343510,1720343510,0,1,82.58496094,110.6221161,503023.5625,28,12,5.699999809,2024/7/7 9:11
1720344110,1720344110,0,1,51.34592819,27.55104637,496370.875,9,10,27.5,2024/7/7 9:21
1720344710,1720344710,0,1,13.56392193,17.48570633,492053.25,20,12,10.5,2024/7/7 9:31
1720345310,1720345310,0,1,-24.41737175,9.798834801,502931.125,14,10,23.29999924,2024/7/7 9:41
1720345911,1720345910,0,1,-61.73463058,-3.322881699,522054.4375,24,10,13.19999981,2024/7/7 9:51
1720346511,1720346510,0,1,-77.27967834,-136.6019135,529322.875,25,13,-44.59999847,2024/7/7 10:01
1720347111,1720347110,0,1,-41.40731812,-167.7227173,518123.6875,25,10,2.099999905,2024/7/7 10:11
1720347711,1720347710,0,1,-3.68042326,-176.3338623,503432.4375,22,13,19.29999924,2024/7/7 10:21
1720348311,1720348311,0,1,34.27259827,175.5935211,500104.875,19,12,-9,2024/7/7 10:31
1720348911,1720348911,0,1,71.21082306,155.6880188,503325.8125,31,13,1.600000024,2024/7/7 10:41
1720349511,1720349511,0,1,68.09327698,14.56827831,500121.6875,18,12,34.20000076,2024/7/7 10:51
1720350111,1720350111,0,1,30.87607765,-2.354111671,492585.625,25,10,43.59999847,2024/7/7 11:01
1720350711,1720350711,0,1,-7.119473457,-10.24950027,495895.2813,20,12,16.29999924,2024/7/7 11:11
1720351311,1720351311,0,1,-44.87646103,-19.26491165,513518.7188,18,11,22.89999962,2024/7/7 11:21
1720351912,1720351911,0,1,-79.93591309,-61.49248123,528380.3125,27,13,-20.10000038,2024/7/7 11:31
1720352512,1720352511,0,1,-58.3175087,175.3573914,524865.5625,27,12,-43.29999924,2024/7/7 11:41
1720353112,1720353111,0,1,-20.94897842,163.5385132,509223.0625,26,12,53.79999924,2024/7/7 11:51
1720353712,1720353711,0,1,17.01843452,155.8946228,500037.75,18,11,31.20000076,2024/7/7 12:01
1720354312,1720354312,0,1,54.65745544,145.1009064,502019.1875,24,12,15.69999981,2024/7/7 12:11
1720354912,1720354912,0,1,81.868927,38.8369751,502739.125,27,12,20.10000038,2024/7/7 12:21
1720355512,1720355512,0,1,48.06235886,-20.99100685,495557.4375,25,11,62.59999847,2024/7/7 12:31
1720356112,1720356112,0,1,10.22373676,-30.47648621,492184.8125,24,13,1.700000048,2024/7/7 12:41
1720356712,1720356712,0,1,-27.73868942,-38.24671555,504399.3438,14,10,-9.399999619,2024/7/7 12:51
1720357312,1720357312,0,1,-64.91770935,-52.96868134,523285.4063,24,12,14.69999981,2024/7/7 13:01
1720357913,1720357912,0,1,-74.47332764,168.6167297,528957.75,28,13,-58.20000076,2024/7/7 13:11
1720358513,1720358512,0,1,-38.11499786,144.0393372,516744.6875,30,10,2.400000095,2024/7/7 13:21
1720359113,1720359112,0,1,-0.34566167,135.7234192,502688.1563,25,11,72.19999695,2024/7/7 13:31
1720359713,1720359713,0,1,37.58524704,127.4248276,500415.3438,14,10,23.79999924,2024/7/7 13:41
1720360313,1720360313,0,1,74.21412659,103.2633667,503428.125,26,11,-10.30000019,2024/7/7 13:51
1720360913,1720360913,0,1,64.9313736,-35.67153931,499314.3125,23,12,55.20000076,2024/7/7 14:01
1720361513,1720361513,0,1,27.54549789,-50.43327713,492104.3125,23,11,-23.29999924,2024/7/7 14:11
1720362113,1720362113,0,1,-10.46181202,-58.20193863,496877.7188,23,12,-2.799999952,2024/7/7 14:21
1720362713,1720362713,0,1,-48.15910339,-67.68217468,515247.4688,21,12,11.30000019,2024/7/7 14:31
1720363313,1720363313,0,1,-81.80223083,-126.4289093,529012.4375,32,13,-41.09999847,2024/7/7 14:41
1720363914,1720363913,0,1,-55.08562851,126.4203415,523907.4063,28,10,-25,2024/7/7 14:51
1720364514,1720364513,0,1,-17.62737465,115.5444412,508223.3125,24,11,-8.300000191,2024/7/7 15:01
1720365114,1720365113,0,1,20.3465519,107.9047089,500112.25,17,10,-21.20000076,2024/7/7 15:11
1720365714,1720365713,0,1,57.90676498,96.19606018,502491.0313,25,12,-39.09999847,2024/7/7 15:21
1720366314,1720366314,0,1,80.03741455,-26.53612137,502375.875,26,13,33.70000076,2024/7/7 15:31
1720366914,1720366914,0,1,44.77106857,-69.41295624,494901.8125,20,11,-26,2024/7/7 15:41
1720367514,1720367514,0,1,6.885709763,-78.4284668,492585.8438,23,12,11.60000038,2024/7/7 15:51
1720368114,1720368114,0,1,-31.05045128,-86.32131958,506130.875,17,12,1.200000048,2024/7/7 16:01
1720368714,1720368714,0,1,-68.05413818,-103.1669159,524678.375,24,12,-27.70000076,2024/7/7 16:11
1720369314,1720369314,0,1,-71.51062775,116.0676041,528564.75,30,12,-29.10000038,2024/7/7 16:21
1720369915,1720369914,0,1,-34.82657242,95.86338806,515426.625,26,9,-26,2024/7/7 16:31
1720370515,1720370514,0,1,2.979115009,87.78213501,502201.0625,23,12,-75.19999695,2024/7/7 16:41
1720371115,1720371114,0,1,40.88173676,79.19962311,500879.125,18,9,-47.40000153,2024/7/7 16:51
1720371715,1720371715,0,1,77.04862213,48.71515274,503604.2188,25,11,7.599999905,2024/7/7 17:01
1720372315,1720372315,0,1,61.74246979,-85.32595825,498860.1875,23,12,-43.5,2024/7/7 17:11
1720372915,1720372915,0,1,24.22915077,-98.47668457,492004.6875,24,10,-19,2024/7/7 17:21
1720373515,1720373515,0,1,-13.78076363,-106.1614838,498191.8125,21,11,-5.199999809,2024/7/7 17:31
1720374115,1720374115,0,1,-51.40863419,-116.2150421,516951.7813,18,13,-10.5,2024/7/7 17:41
1720374715,1720374715,0,1,-82.58475494,162.3085175,529283.5,27,13,-42.29999924,2024/7/7 17:51
1720375315,1720375315,0,1,-51.85549164,77.70133972,522533.0938,26,10,31.10000038,2024/7/7 18:01
1720375916,1720375915,0,1,-14.31740379,67.56874084,506919.4063,26,13,-37.40000153,2024/7/7 18:11
1720376516,1720376515,0,1,23.59770393,59.90760803,499973.9375,14,11,-37.70000076,2024/7/7 18:21
1720379515,1720385996,2147483647,1,-34.34508133,-134.4383392,507897,7,0,-11.60000038,2024/7/7 19:11
1720380115,1720386596,2147483647,1,-71.11950684,-154.2015991,525823.75,12,0,-60.90000153,2024/7/7 19:21
1720380716,1720387196,2147483647,1,-68.45602417,64.90776825,527820.8125,20,0,28.20000076,2024/7/7 19:31
1720381316,1720387796,2147483647,1,-31.53827095,47.74322891,513804.625,22,0,21.10000038,2024/7/7 19:41
1720381916,1720388396,2147483647,1,6.363961697,39.82672119,501334.375,13,0,-16.20000076,2024/7/7 19:51
1720383716,1720390197,2147483647,1,58.51451492,-134.5721741,497881.4688,12,0,3.900000095,2024/7/7 20:21
1720384316,1720390797,2147483647,1,20.89702034,-146.4928436,491770.75,14,0,-13,2024/7/7 20:31
1720384916,1720391397,2147483647,1,-17.11092758,-154.1374359,499532.9063,9,0,5.199999809,2024/7/7 20:41
1720385516,1720391997,2147483647,1,-54.65733337,-164.9171143,518704.2188,9,0,-29.60000038,2024/7/7 20:51
1720386116,1720392597,2147483647,1,-81.96768951,90.43572235,529537.5,11,0,-7.699999809,2024/7/7 21:01
1720386717,1720393197,2147483647,1,-48.60118103,29.14971924,521264.9063,12,0,38.09999847,2024/7/7 21:11
1720387317,1720393797,2147483647,1,-10.99563026,19.60847092,505675.5938,14,0,9.300000191,2024/7/7 21:21
1720390917,1720397398,2147483647,1,-37.65587616,177.3905029,509620.2813,14,0,25.39999962,2024/7/7 22:21
1720391517,1720397998,2147483647,1,-74.11145782,153.4390869,526887.5,11,0,-58.29999924,2024/7/7 22:31
1720392117,1720398598,2147483647,1,-65.31880188,14.61276531,527132.5,15,0,19.39999962,2024/7/7 22:41
1720392717,1720399198,2147483647,1,-28.22530937,-0.336563319,512406.3438,18,0,20.70000076,2024/7/7 22:51
1720393318,1720399798,2147483647,1,9.639503479,-8.110308647,500768.375,14,0,32.70000076,2024/7/7 23:01
1720393918,1720400398,2147483647,1,47.40633011,-17.48369408,501064.0938,8,0,59.70000076,2024/7/7 23:11
1720394518,1720400998,2147483647,1,81.58900452,-73.53701019,502986.5,13,0,19.89999962,2024/7/7 23:21
1720395118,1720401599,2147483647,1,55.25143433,176.4684143,496923.7813,10,0,0.5,2024/7/7 23:31
1720395718,1720402199,2147483647,1,17.54741859,165.5114441,491569.8438,9,0,17.89999962,2024/7/7 23:41
1720396318,1720402799,2147483647,1,-20.4535408,157.8692932,500889.9063,5,0,54.59999847,2024/7/7 23:51
1720396918,1720403399,2147483647,1,-57.90559769,146.1718445,520347.4063,12,0,-25.70000076,2024/7/8 0:01
1720397518,1720403999,2147483647,1,-80.20401001,24.5931015,529653.1875,15,0,2.200000048,2024/7/8 0:11
1720398118,1720404599,2147483647,1,-45.32035065,-19.28190994,519997.3125,21,0,22.70000076,2024/7/8 0:21
1720398718,1720405199,2147483647,1,-7.656435013,-28.34393692,504671.5,17,0,-7.699999809,2024/7/8 0:31
1720399318,1720405799,2147483647,1,30.25005913,-36.20040512,499801.625,13,0,23.89999962,2024/7/8 0:41
1720399919,1720406399,2147483647,1,67.4475708,-52.61302185,502821.2813,15,0,29.20000076,2024/7/8 0:51
1720400519,1720406999,2147483647,1,71.77998352,166.439682,500502.4063,14,0,2.599999905,2024/7/8 1:01
1720401119,1720407600,2147483647,1,34.83309555,145.8446655,492765.3125,12,0,22.5,2024/7/8 1:11
1720401719,1720408200,2147483647,1,-3.146103382,137.7381134,494487.6875,17,0,79.40000153,2024/7/8 1:21
1720402319,1720408800,2147483647,1,-40.96661377,129.1591187,511472.5938,9,0,-27.70000076,2024/7/8 1:31
1720402919,1720409400,2147483647,1,-76.95420837,98.97277069,527786.1875,10,0,-11.89999962,2024/7/8 1:41
1720403519,1720410000,2147483647,1,-62.13427353,-35.09950256,526339.8125,18,0,19.20000076,2024/7/8 1:51
1720404119,1720410600,2147483647,1,-24.90179253,-48.38715744,511109.9688,14,0,-0.699999988,2024/7/8 2:01
1720404719,1720411200,2147483647,1,12.98283958,-56.07083893,500508.8125,12,0,-46.40000153,2024/7/8 2:11
1720405319,1720411800,2147483647,1,50.6979599,-66.0006485,501545.1875,10,0,-20.70000076,2024/7/8 2:21
1720405920,1720412400,2147483647,1,82.55222321,-143.9673309,502898.1563,11,0,4.099999905,2024/7/8 2:32
1720406520,1720413000,2147483647,1,51.97480011,127.7241364,496296.2813,14,0,9,2024/7/8 2:42
1720407120,1720413601,2147483647,1,14.20204163,117.5318298,491758.1875,13,0,31.10000038,2024/7/8 2:52
1720407720,1720414201,2147483647,1,-23.78492928,109.8569565,502504.8125,10,0,-32.90000153,2024/7/8 3:02
1720408320,1720414801,2147483647,1,-61.1270256,96.99537659,521748.875,10,0,-0.899999976,2024/7/8 3:12
1720408920,1720415401,2147483647,1,-77.78528595,-34.90534592,529416.625,16,0,-11.39999962,2024/7/8 3:22
1720409520,1720416001,2147483647,1,-42.03305054,-67.61808777,518493.7188,19,0,21.10000038,2024/7/8 3:32
1720410120,1720416601,2147483647,1,-4.316173553,-76.29151154,503666.25,12,0,10.89999962,2024/7/8 3:42
1720410720,1720417201,2147483647,1,33.5774231,-84.30932617,500012.375,8,0,-30.39999962,2024/7/8 3:52
1720411320,1720417801,2147483647,1,70.56951141,-103.4998779,503129.75,8,0,-27.20000076,2024/7/8 4:02
1720412521,1720419001,2147483647,1,31.50573158,97.71649933,492623.375,12,0,-36.40000153,2024/7/8 4:22
1720413121,1720419602,2147483647,1,-6.48742342,89.79471588,495875.75,9,0,-63.40000153,2024/7/8 4:32
1720413721,1720420202,2147483647,1,-44.25345993,80.86044312,513446.625,7,0,19.39999962,2024/7/8 4:42
1720414321,1720420802,2147483647,1,-79.50195313,41.04512787,528560,11,0,5.199999809,2024/7/8 4:52
1720414921,1720421402,2147483647,1,-58.93518829,-84.38375092,525237.6875,15,0,-5.699999809,2024/7/8 5:02
1720415521,1720422002,2147483647,1,-21.58665466,-96.4057312,509504.5625,14,0,-2.400000095,2024/7/8 5:12
1720416121,1720422602,2147483647,1,16.31682205,-104.0388718,499904.5625,17,0,-19.39999962,2024/7/8 5:22
1720416721,1720423202,2147483647,1,53.97400284,-114.6612015,501643.875,11,0,-19,2024/7/8 5:32
1720417321,1720423802,2147483647,1,82.132164,143.4352875,502526.3125,10,0,5.400000095,2024/7/8 5:42
1720417921,1720424402,2147483647,1,48.74749374,79.17411041,495718.4063,20,0,-42.29999924,2024/7/8 5:52
1720418522,1720425003,2147483647,1,10.85682487,69.56935883,492427.125,10,0,-88.69999695,2024/7/8 6:02
1720419722,1720426203,2147483647,1,-64.30995941,47.44745255,523480.9063,9,0,29.60000038,2024/7/8 6:22
1720420322,1720426803,2147483647,1,-75.03295898,-90.23562622,529244.125,12,0,-19.39999962,2024/7/8 6:32
1720420922,1720427403,2147483647,1,-38.75275803,-115.865097,516924.9688,13,0,-12.10000038,2024/7/8 6:42
1720421522,1720428003,2147483647,1,-0.988219976,-124.2309875,502496.7813,18,0,-18.70000076,2024/7/8 6:52
1720422122,1720428603,2147483647,1,36.88982773,-132.4635315,499882.375,11,0,-38.90000153,2024/7/8 7:02
1720422722,1720429203,2147483647,1,73.59898376,-155.5944824,503017.125,12,0,-5.300000191,2024/7/8 7:12
1720423322,1720429803,2147483647,1,65.59275818,64.80335236,499414.9375,17,0,-7.699999809,2024/7/8 7:22
1720423922,1720430159,2147483647,1,28.1755085,49.63271713,492422.5313,4,0,-21.10000038,2024/7/8 7:32
1720424523,1720431004,2147483647,1,-9.826145172,41.84461594,497185.5625,5,0,-30.79999924,2024/7/8 7:42
1720425123,1720431604,2147483647,1,-47.53004456,32.46273422,515342.2188,8,0,42.79999924,2024/7/8 7:52
1720425723,1720432204,2147483647,1,-81.51049042,-22.53854179,529117.375,13,0,-13.60000038,2024/7/8 8:02
1720426323,1720432804,2147483647,1,-55.7120285,-133.3609924,523969.7813,11,0,-19.39999962,2024/7/8 8:12
1720426923,1720433404,2147483647,1,-18.26667595,-144.4018097,507947.9063,14,0,-5.400000095,2024/7/8 8:22
1720428123,1720434604,2147483647,1,57.23449326,-163.5293121,501756,6,0,14.69999981,2024/7/8 8:42
1720428724,1720435204,2147483647,1,80.47929382,76.52953339,502113.5313,14,0,5.300000191,2024/7/8 8:52
1720430523,1720437005,2147483647,1,-30.42736244,13.74773121,506210.0313,9,0,28.79999924,2024/7/8 9:22
1720431124,1720437605,2147483647,1,-67.46261597,-2.647030115,524717.0625,13,0,10.5,2024/7/8 9:32
1720431724,1720438205,2147483647,1,-72.08239746,-143.1306458,528677.3125,15,0,-55.90000153,2024/7/8 9:42
1720432324,1720438805,2147483647,1,-35.45069504,-164.0507202,515282.75,18,0,8.800000191,2024/7/8 9:52
1720432924,1720439405,2147483647,1,2.353985071,-172.1744843,501582.2813,17,0,14.60000038,2024/7/8 10:02
1720433524,1720440005,2147483647,1,40.20702362,179.3156891,500046.2813,10,0,-12.19999981,2024/7/8 10:12
1720434124,1720440605,2147483647,1,76.49046326,150.3289185,503018.3438,13,0,1.899999976,2024/7/8 10:22
1720435926,1720435925,0,1,-13.17060471,-6.117743492,498289.8125,5,0,0,2024/7/8 10:52
1720436526,1720436525,0,1,-50.74617386,-16.03401756,516932.6563,15,11,23.5,2024/7/8 11:02
1720437126,1720437125,0,1,-82.53829956,-93.01394653,529365.8125,28,13,-29.60000038,2024/7/8 11:12
1720437726,1720437726,0,1,-52.4563942,177.8788605,522637.5,25,11,-25.70000076,2024/7/8 11:22
1720438326,1720438326,0,1,-14.92910862,167.6166687,506580.7188,24,11,61.79999924,2024/7/8 11:32
1720438926,1720438926,0,1,22.99177742,159.961792,499300.7813,15,10,14.5,2024/7/8 11:42
1720439526,1720439526,0,1,60.4842186,147.335022,502075.5938,22,13,14.10000038,2024/7/8 11:52
1720440126,1720440126,0,1,78.09456635,16.25647736,501687.8438,23,12,32.09999847,2024/7/8 12:02
1720440726,1720440726,0,1,42.13092041,-17.60987091,494273.4375,23,11,54.5,2024/7/8 12:12
1720441327,1720441326,0,1,4.216408253,-26.32209015,493216.0313,23,13,10.39999962,2024/7/8 12:22
1720441927,1720441926,0,1,-33.69086838,-34.35038757,507785.2188,17,11,-1.5,2024/7/8 12:32
1720442527,1720442526,0,1,-70.57116699,-53.53251266,525754.625,28,10,-1.5,2024/7/8 12:42
1720443127,1720443126,0,1,-69.01276398,165.4594727,528000.25,27,12,-58.09999847,2024/7/8 12:52
1720443727,1720443727,0,1,-32.13179398,147.8130951,513828.0938,28,11,23.20000076,2024/7/8 13:02
1720444327,1720444327,0,1,5.705249786,139.8788605,500976.8125,21,12,64.69999695,2024/7/8 13:12
1720444927,1720444927,0,1,43.52465439,131.0227814,500357.375,17,11,26,2024/7/8 13:22
1720445527,1720445527,0,1,79.12913513,92.95684052,502951.0313,25,11,-1,2024/7/8 13:32
1720446127,1720446127,0,1,59.14324188,-34.29389954,497796.6875,27,13,58.29999924,2024/7/8 13:42
1720446727,1720446727,0,1,21.54327583,-46.43051147,491807.0313,21,11,-19.5,2024/7/8 13:52
1720447328,1720447327,0,1,-16.46405983,-54.07952499,499450.7813,15,12,-1.600000024,2024/7/8 14:02
1720447928,1720447927,0,1,-54.02455139,-64.70374298,518593.125,21,11,10.60000038,2024/7/8 14:12
1720448528,1720448527,0,1,-82.19390106,-165.191452,529695.75,28,14,-48.5,2024/7/8 14:22
1720449128,1720449128,0,1,-49.17916489,129.2855377,521523.875,27,10,-22.79999924,2024/7/8 14:32
1720449728,1720449728,0,1,-11.58395004,119.64888,505675.8125,27,11,21.10000038,2024/7/8 14:42
1720450328,1720450328,0,1,26.33383369,111.9274979,499489.3438,14,11,-16.89999962,2024/7/8 14:52
1720450928,1720450928,0,1,63.71080017,97.848526,502446.3125,25,12,-28.5,2024/7/8 15:02
1720451528,1720451528,0,1,75.33210754,-39.57175064,501158.3438,21,13,37.90000153,2024/7/8 15:12
1720452128,1720452128,0,1,38.80548477,-65.8733139,493661.8438,24,10,-36.79999924,2024/7/8 15:22
1720452729,1720452728,0,1,0.858066678,-74.26734161,493850.2813,22,15,21.29999924,2024/7/8 15:32
1720453329,1720453328,0,1,-37.01215363,-82.50790405,509600.125,19,12,3.900000095,2024/7/8 15:42
1720453929,1720453928,0,1,-73.53755951,-105.501152,526898.9375,25,12,-28.60000038,2024/7/8 15:52
1720454529,1720454528,0,1,-65.87976074,115.0084381,527359.5625,29,11,-21.79999924,2024/7/8 16:02
1720455129,1720455129,0,1,-28.81327248,99.71958923,512573.75,27,9,-38.20000076,2024/7/8 16:12
1720455729,1720455729,0,1,9.049596786,91.92843628,500691.875,21,11,-59.40000153,2024/7/8 16:22
1720456329,1720456329,0,1,46.82722473,82.64523315,500895.125,18,10,-50.20000076,2024/7/8 16:32
1720456929,1720456929,0,1,81.2685318,30.22528267,502981.3125,25,11,24.89999962,2024/7/8 16:42
1720457529,1720457529,0,1,55.88896561,-83.31033325,497299.5,26,11,-46.70000076,2024/7/8 16:52
1720458129,1720458129,0,1,18.20262909,-94.43154907,491916.5625,21,11,-12.39999962,2024/7/8 17:02
1720458730,1720458729,0,1,-19.79680252,-102.0670547,500987.3125,15,10,-4,2024/7/8 17:12
1720459330,1720459329,0,1,-57.26639938,-113.5587158,520231.1875,22,12,-17.70000076,2024/7/8 17:22
1720459930,1720459929,0,1,-80.62390137,127.5993576,529692.6875,29,12,-39.29999924,2024/7/8 17:32
1720460530,1720460529,0,1,-45.90860367,80.82878876,520043.5,27,10,21.70000076,2024/7/8 17:42
1720461130,1720461130,0,1,-8.251281738,71.69243622,504589.0313,23,12,-69.80000305,2024/7/8 17:52
1720461730,1720461730,0,1,29.66050529,63.86251068,499530.0313,17,10,-23.89999962,2024/7/8 18:02
1720463530,1720463530,0,1,35.48724365,-114.0647659,493228.75,22,11,-28.10000038,2024/7/8 18:32
1720464130,1720464130,0,1,-2.483718395,-122.210701,494770.9375,19,11,-18.5,2024/7/8 18:42
1720464731,1720464730,0,1,-40.30970383,-130.7246246,511402.5625,13,10,-12.89999962,2024/7/8 18:52
1720465331,1720465330,0,1,-76.40598297,-159.4400787,527750.1875,29,13,-60.09999847,2024/7/8 19:02
1720465931,1720465930,0,1,-62.772789,65.26034546,526342.5,23,13,27.89999962,2024/7/8 19:12
1720466531,1720466531,0,1,-25.49931717,51.66603851,510956.875,18,11,1.399999976,2024/7/8 19:22
1720467131,1720467131,0,1,12.38721371,43.97029114,500035.5313,14,14,-13.80000019,2024/7/8 19:32
1720468331,1720468331,0,1,82.4758606,-39.54075623,502627.1875,14,12,27.29999924,2024/7/8 19:52
1720468931,1720468931,0,1,52.61146164,-132.0871429,496406.6875,25,11,-11.69999981,2024/7/8 20:02
1720469531,1720469531,0,1,14.85251522,-142.4135895,491961.4375,22,10,-13.39999962,2024/7/8 20:12
1720470131,1720470131,0,1,-23.13391304,-150.0787811,502525.0313,13,9,-2.900000095,2024/7/8 20:22
1720470732,1720470731,0,1,-60.49500656,-162.6879272,521813.4688,25,12,-39.70000076,2024/7/8 20:32
1720471332,1720471331,0,1,-78.29716492,67.03540039,529563.125,25,12,5.300000191,2024/7/8 20:42
1720471932,1720471931,0,1,-42.6829567,32.50258636,518605,25,12,34.09999847,2024/7/8 20:52
1720472532,1720472531,0,1,-4.909763336,23.74529266,503434.5313,19,13,-15.89999962,2024/7/8 21:02
1720473132,1720473132,0,1,32.99136353,15.75770664,499420.5625,14,11,29.10000038,2024/7/8 21:12
1720476132,1720476132,0,1,-43.6214447,-179.0207214,513171.7813,20,9,11.30000019,2024/7/8 22:02
1720476733,1720476732,0,1,-79.0395813,143.3696289,528528.8125,29,12,-52.59999847,2024/7/8 22:12
1720477333,1720477332,0,1,-59.55371857,15.90152359,525388.5625,23,11,24,2024/7/8 22:22
1720477933,1720477932,0,1,-22.16251183,3.641474962,509558.8438,20,10,21.39999962,2024/7/8 22:32
1720478533,1720478533,0,1,15.74045849,-4.000520229,499614.5,14,11,28.60000038,2024/7/8 22:42
1720479133,1720479133,0,1,53.41191864,-14.49712658,501145.4375,21,14,60.20000076,2024/7/8 22:52
1720479733,1720479733,0,1,82.29974365,-112.5856781,502189.9688,25,11,5.199999809,2024/7/8 23:02
1720480333,1720480333,0,1,49.30452347,179.3080902,495451.8438,24,10,0,2024/7/8 23:12
1720480933,1720480933,0,1,11.48372173,169.617569,492027.0625,24,11,23.29999924,2024/7/8 23:22
1720481533,1720481533,0,1,-26.48493004,161.8833008,504066.4688,23,10,44.90000153,2024/7/8 23:32
1720482134,1720482133,0,1,-63.71519852,147.8199005,523292.7188,27,13,-41.29999924,2024/7/8 23:42
1720482734,1720482733,0,1,-75.56525421,10.98411655,529363.1875,26,12,10.69999981,2024/7/8 23:52
1720483334,1720483333,0,1,-39.37004471,-15.76515675,517225.6875,21,11,23.5,2024/7/9 0:02
1720483934,1720483933,0,1,-1.551059961,-24.19907761,502550.1563,16,12,5.300000191,2024/7/9 0:12
1720484534,1720484534,0,1,36.33164215,-32.39424515,499544.75,14,10,47.90000153,2024/7/9 0:22
1720485134,1720485134,0,1,73.09861755,-54.76529312,502580.5625,27,11,24.89999962,2024/7/9 0:32
1720485734,1720485734,0,1,66.11932373,165.194519,499031.7813,32,12,9.600000381,2024/7/9 0:42
1720486334,1720486334,0,1,28.78710938,149.6990662,492007.5938,26,11,21.89999962,2024/7/9 0:52
1720486934,1720486934,0,1,-9.216650009,141.8877411,496579.9375,21,13,72.90000153,2024/7/9 1:02
1720487534,1720487534,0,1,-46.93362427,132.5931549,515016.9688,27,11,-21.60000038,2024/7/9 1:12
1720488135,1720488134,0,1,-81.2003479,80.87090302,529156.125,29,12,1.200000048,2024/7/9 1:22
1720488735,1720488734,0,1,-56.30353165,-33.14535904,524381,26,13,21.39999962,2024/7/9 1:32
1720489335,1720489334,0,1,-18.87730598,-44.35046005,508363.7188,21,9,-10.10000038,2024/7/9 1:42
1720489935,1720489934,0,1,19.09882164,-51.98845673,499515.25,13,9,-38.70000076,2024/7/9 1:52
1720490535,1720490535,0,1,56.69710159,-63.33194351,501588.875,21,10,-10.5,2024/7/9 2:02
1720491135,1720491135,0,1,80.81349182,179.1747131,501928.9688,27,12,3.900000095,2024/7/9 2:12
1720491735,1720491735,0,1,45.98800659,130.8351288,494822.875,31,11,21,2024/7/9 2:22
1720492335,1720492335,0,1,8.117863655,121.657608,492424.2813,25,14,56.40000153,2024/7/9 2:32
1720492935,1720492935,0,1,-29.82646942,113.8159027,505782.625,22,12,-32.5,2024/7/9 2:42
1720493535,1720493535,0,1,-66.89653778,97.83538818,524475.75,27,13,-1.600000024,2024/7/9 2:52
1720494136,1720494135,0,1,-72.62644196,-42.32950974,528828,26,13,-2.900000095,2024/7/9 3:02
1720494736,1720494735,0,1,-36.04997253,-63.97026062,515683.4063,22,10,17.70000076,2024/7/9 3:12
1720495336,1720495335,0,1,1.746886611,-72.13237,501763.9688,18,10,19.29999924,2024/7/9 3:22
1720495936,1720495935,0,1,39.66794586,-80.60394287,499910.6563,14,10,-34.09999847,2024/7/9 3:32
1720496536,1720496536,0,1,76.0357132,-108.4632339,502801.25,27,12,-9.800000191,2024/7/9 3:42
1720497136,1720497136,0,1,62.90708923,115.327095,498603.5313,29,12,-22.60000038,2024/7/9 3:52
1720497736,1720497736,0,1,25.43504333,101.6393585,492060.0938,22,12,-35.90000153,2024/7/9 4:02
1720498336,1720498336,0,1,-12.5715704,93.92907715,498146.9375,16,12,-52.79999924,2024/7/9 4:12
1720498936,1720498936,0,1,-50.21992493,84.10151672,516871.5313,20,10,21.5,2024/7/9 4:22
1720499536,1720499536,0,1,-82.45211792,11.49810505,529565.1875,25,12,-9.899999619,2024/7/9 4:32
1720500137,1720500136,0,1,-53.04821777,-81.94721222,523013.8125,22,11,1.299999952,2024/7/9 4:42
1720500737,1720500736,0,1,-15.53532505,-92.33433533,506839.0938,22,9,-6.5,2024/7/9 4:52
1720501337,1720501336,0,1,22.44963837,-99.99246979,499126.9375,14,9,-12.89999962,2024/7/9 5:02
1720501937,1720501936,0,1,59.96175003,-112.4132462,501757.625,19,13,-28.79999924,2024/7/9 5:12
1720502537,1720502537,0,1,78.51200867,117.8920364,501513.1875,28,12,-2.599999905,2024/7/9 5:22
1720503137,1720503137,0,1,42.66259384,82.47527313,494383.25,26,11,-48.20000076,2024/7/9 5:32
1720503737,1720503737,0,1,4.754433155,73.70918274,493417.4063,23,11,-98.5,2024/7/9 5:42
1720504337,1720504337,0,1,-33.15493011,65.71356964,507901.75,15,11,16.10000038,2024/7/9 5:52
1720504937,1720504937,0,1,-70.0131073,47.12811661,525956.4375,25,12,26.89999962,2024/7/9 6:02
1720505537,1720505537,0,1,-69.58036804,-93.95355988,528311.375,28,11,-21.70000076,2024/7/9 6:12
1720506138,1720506137,0,1,-32.73927307,-112.1112289,514013.5,24,11,-9.600000381,2024/7/9 6:22
1720506738,1720506737,0,1,5.095058441,-120.0745239,500769.0938,19,13,-30.20000076,2024/7/9 6:32
1720507338,1720507337,0,1,42.9259491,-128.8604126,499867.2813,18,12,-29.79999924,2024/7/9 6:42
1720507938,1720507938,0,1,78.73247528,-165.1867676,502618.7188,28,11,3.5,2024/7/9 6:52
1720508538,1720508538,0,1,59.66403961,65.93244171,497930.6875,27,13,-16,2024/7/9 7:02
1720509138,1720509138,0,1,22.08122253,53.61152267,492122.5313,18,11,-34.29999924,2024/7/9 7:12
1720509738,1720509738,0,1,-15.92209625,45.95830154,499717,16,12,-18.29999924,2024/7/9 7:22
1720510338,1720510338,0,1,-53.49098587,35.46050644,518724,18,9,41.29999924,2024/7/9 7:32
1720510938,1720510938,0,1,-82.34780884,-61.32486343,529811.5625,26,12,-25.20000076,2024/7/9 7:42
1720511538,1720511538,0,1,-49.78015137,-130.5623932,521537.0938,22,12,-16.10000038,2024/7/9 7:52
1720512139,1720512138,0,1,-12.1926899,-140.3027344,505347.0313,21,13,-4.900000095,2024/7/9 8:02
1720512739,1720512738,0,1,25.73245239,-148.0096588,498798.6875,16,11,-14.19999981,2024/7/9 8:12
1720513339,1720513338,0,1,63.13845062,-161.8018799,501813.3438,23,12,10.39999962,2024/7/9 8:22
1720513939,1720513938,0,1,75.78458405,61.49302292,501014,26,13,1.600000024,2024/7/9 8:32
1720515139,1720515139,0,1,1.390676618,25.76276779,494153.7813,5,0,-15.80000019,2024/7/9 8:52
1720515739,1720515739,0,1,-36.48097992,17.55931282,509699.6563,12,10,27.29999924,2024/7/9 9:02
1720516339,1720516339,0,1,-73.0568161,-4.708789825,526928.1875,24,11,14.19999981,2024/7/9 9:12
1720516939,1720516939,0,1,-66.44842529,-144.5455933,527415.0625,27,13,-46.29999924,2024/7/9 9:22
1720517540,1720517539,0,1,-29.40961647,-160.2108765,512326.2188,22,11,5.900000095,2024/7/9 9:32
1720518140,1720518139,0,1,8.455038071,-168.0265503,500018.375,21,14,12.19999981,2024/7/9 9:42
1720518740,1720518739,0,1,46.24778748,-177.2312164,500084.5625,23,12,-3,2024/7/9 9:52
1720519340,1720519339,0,1,80.98254395,132.9816742,502527.3125,25,12,0.600000024,2024/7/9 10:02
1720519940,1720519940,0,1,56.39049149,16.87013245,497167.4063,6,0,29.5,2024/7/9 10:12
1720520540,1720520540,0,1,18.71737671,5.604935169,492059.1563,22,9,24.10000038,2024/7/9 10:22
1720521140,1720521140,0,1,-19.27971649,-2.031990051,501088.5938,11,10,15.30000019,2024/7/9 10:32
1720521740,1720521740,0,1,-56.75978088,-13.37742138,520251.6563,22,12,21.39999962,2024/7/9 10:42
1720522340,1720522340,0,1,-80.92915344,-129.8093719,529745.5,29,12,-41.29999924,2024/7/9 10:52
1720522940,1720522940,0,1,-46.48377991,-179.0435486,520036.625,26,12,-5.199999809,2024/7/9 11:02
1720523541,1720523540,0,1,-8.83254528,171.736496,504130.5625,26,12,42.90000153,2024/7/9 11:12
1720524141,1720524140,0,1,29.08726501,163.9252777,498825.5938,18,10,-1,2024/7/9 11:22
1720524741,1720524740,0,1,66.35149384,148.2850952,502086.625,24,13,4.800000191,2024/7/9 11:32
1720525341,1720525340,0,1,72.82656097,7.983641624,500469.375,22,12,44.79999924,2024/7/9 11:42
1720525941,1720525941,0,1,35.9835434,-14.00307465,493222.625,23,10,45.90000153,2024/7/9 11:52
1720526541,1720526541,0,1,-1.982545018,-22.1845665,494813.4688,21,12,7.300000191,2024/7/9 12:02
1720527141,1720527141,0,1,-39.81217575,-30.654953,511380.4688,16,10,4.900000095,2024/7/9 12:12
1720527741,1720527741,0,1,-75.98179626,-58.34911346,527728,27,12,-12.5,2024/7/9 12:22
1720528341,1720528341,0,1,-63.2553978,165.5424194,526458.125,29,12,-43.40000153,2024/7/9 12:32
1720528941,1720528941,0,1,-26.06361389,151.7234497,510850.7813,31,10,44.79999924,2024/7/9 12:42
1720529542,1720529541,0,1,11.82366657,144.0121918,499605,19,12,38.09999847,2024/7/9 12:52
1720530142,1720530141,0,1,49.56787109,134.2865295,500442.4063,17,11,20.39999962,2024/7/9 13:02
1720530742,1720530741,0,1,82.36101532,64.53762054,502313.1563,23,12,13.30000019,2024/7/9 13:12
1720531342,1720531341,0,1,53.09079361,-31.95119095,496305.3438,25,13,59.90000153,2024/7/9 13:22
1720531942,1720531942,0,1,15.34129047,-42.38389587,491992.6563,27,13,-21.60000038,2024/7/9 13:32
1720532542,1720532542,0,1,-22.64578629,-50.04239655,502472.9375,14,12,-5.599999905,2024/7/9 13:42
1720533142,1720533142,0,1,-60.02156067,-62.46919632,521742.5313,23,12,18.10000038,2024/7/9 13:52
1720533742,1720533742,0,1,-78.67127991,168.5842743,529730.875,28,12,-52.79999924,2024/7/9 14:02
1720534342,1720534342,0,1,-43.16944885,132.5823517,518795.375,30,11,-23.29999924,2024/7/9 14:12
1720534942,1720534942,0,1,-5.465523243,123.7835388,503325.8438,22,10,56.20000076,2024/7/9 14:22
1720535543,1720535542,0,1,32.44085312,115.8255768,499133.5313,18,9,-10.80000019,2024/7/9 14:32
1720536143,1720536142,0,1,69.51806641,97.68304443,502337.875,27,12,-15.30000019,2024/7/9 14:42
1720536743,1720536742,0,1,69.79999542,-43.71959686,499814.8438,25,13,40.79999924,2024/7/9 14:52
1720537343,1720537342,0,1,32.62824249,-62.15539551,492691.0938,25,11,-36.79999924,2024/7/9 15:02
1720537943,1720537943,0,1,-5.358544827,-70.13270569,495671.8125,23,14,21,2024/7/9 15:12
1720538543,1720538543,0,1,-43.13905716,-78.93642426,513189.5938,20,11,9.199999809,2024/7/9 15:22
1720539143,1720539143,0,1,-78.67809296,-114.9625473,528603,27,13,-35.20000076,2024/7/9 15:32
1720539743,1720539743,0,1,-60.03011322,116.1054153,525597.8125,24,11,-20.89999962,2024/7/9 15:42
1720540343,1720540343,0,1,-22.71681213,103.6879272,509698.25,23,9,-37.70000076,2024/7/9 15:52
1720540943,1720540943,0,1,15.18599033,96.04196167,499512.8125,9,10,-46.29999924,2024/7/9 16:02
1720542144,1720542143,0,1,82.43396759,-8.585795403,502212.0313,27,12,29.29999924,2024/7/9 16:22
1720542744,1720542743,0,1,49.78817749,-80.58646393,495787.8125,26,10,-39,2024/7/9 16:32
1720543344,1720543343,0,1,11.97790813,-90.35614777,492317.875,22,13,-1.5,2024/7/9 16:42
1720543944,1720543944,0,1,-25.99063873,-98.07356262,504161,16,11,-1.299999952,2024/7/9 16:52
1720544544,1720544544,0,1,-63.24039078,-111.8871613,523239.875,24,14,-26.5,2024/7/9 17:02
1720545144,1720545144,0,1,-75.99106598,111.9868851,529422.9375,29,12,-26.5,2024/7/9 17:12
1720545744,1720545744,0,1,-39.86317825,84.29749298,517265.375,24,10,6.599999905,2024/7/9 17:22
1720546344,1720546344,0,1,-2.110929966,75.83592987,502515.25,19,11,-97.09999847,2024/7/9 17:32
1720546944,1720546944,0,1,35.77801895,67.68183136,499383.4063,12,10,-28.29999924,2024/7/9 17:42
1720548145,1720548144,0,1,66.65016937,-94.39789581,499431.5938,28,12,-35.20000076,2024/7/9 18:02
1720548745,1720548744,0,1,29.28530502,-110.2575684,492478.3438,23,12,-31.29999924,2024/7/9 18:12
1720549345,1720549345,0,1,-8.712846756,-118.0841522,496847.0938,18,12,-12.60000038,2024/7/9 18:22
1720549945,1720549945,0,1,-46.43612671,-127.3038254,514949.25,16,10,-13.10000038,2024/7/9 18:32
1720550545,1720550545,0,1,-80.92255402,-176.458847,529095.5,27,13,-50.90000153,2024/7/9 18:42
1720551145,1720551145,0,1,-56.79487991,67.022995,524285.75,25,12,35.20000076,2024/7/9 18:52
1720551745,1720551745,0,1,-19.37825966,55.68033981,508153.5313,24,13,-13.5,2024/7/9 19:02
1720552345,1720552345,0,1,18.53825569,48.05695724,499101.1875,14,11,-22.79999924,2024/7/9 19:12
1720554746,1720554745,0,1,8.61280632,-138.3164215,492697.25,22,12,-13,2024/7/9 19:52
1720555346,1720555346,0,1,-29.3314991,-146.1390076,505858.125,18,10,-5.199999809,2024/7/9 20:02
1720555946,1720555946,0,1,-66.42424774,-161.7961273,524583,27,11,-52.5,2024/7/9 20:12
1720556546,1720556546,0,1,-73.0759201,58.37524033,528907.5,28,11,18.5,2024/7/9 20:22
1720557146,1720557146,0,1,-36.54667282,36.08970261,515646.7188,25,12,27.79999924,2024/7/9 20:32
1720557746,1720557746,0,1,1.24810338,27.89182854,501466.5938,20,14,-13.19999981,2024/7/9 20:42
1720558346,1720558346,0,1,39.11540604,19.47981071,499355.4375,10,12,28.39999962,2024/7/9 20:52
1720560747,1720560746,0,1,-12.08535194,-166.0462189,497978.4375,18,11,15.5,2024/7/9 21:32
1720561347,1720561347,0,1,-49.74245071,-175.7912903,516729.4688,17,10,-17.5,2024/7/9 21:42
1720561947,1720561947,0,1,-82.34332275,115.0280991,529552.5625,28,12,-28.39999962,2024/7/9 21:52
1720562547,1720562547,0,1,-53.52306366,18.19151878,523094.6875,26,10,33.09999847,2024/7/9 22:02
1720563147,1720563147,0,1,-16.02083778,7.693413258,506802.5625,21,12,14.80000019,2024/7/9 22:12
1720563747,1720563747,0,1,21.90273094,0.051806666,498803.5625,12,11,30.5,2024/7/9 22:22
1720564347,1720564347,0,1,59.43341827,-12.18010044,501296.2188,21,13,56,2024/7/9 22:32
1720564948,1720564947,0,1,78.91653442,-140.3068848,501259.25,24,10,-3.799999952,2024/7/9 22:42
1720565548,1720565547,0,1,43.19515228,-177.4284973,494180.6563,21,10,-9,2024/7/9 22:52
1720566148,1720566147,0,1,5.290985107,173.7425537,493036.4375,17,11,23.20000076,2024/7/9 23:02
1720566748,1720566748,0,1,-32.68756866,165.7564545,507543.5938,23,10,30.89999962,2024/7/9 23:12
1720567348,1720567348,0,1,-69.57793427,147.5845947,525838.1875,28,13,-51.5,2024/7/9 23:22
1720567948,1720567948,0,1,-70.01320648,6.519643307,528394.625,26,12,14.69999981,2024/7/9 23:32
1720568548,1720568548,0,1,-33.2057457,-12.06406021,514206.8438,21,11,16.29999924,2024/7/9 23:42
1720569148,1720569148,0,1,4.623839855,-20.05459595,500741.125,19,11,16.29999924,2024/7/9 23:52
1720569748,1720569748,0,1,42.4606514,-28.79181671,499542.0313,17,9,61.90000153,2024/7/10 0:02
1720570348,1720570348,0,1,78.32730865,-63.50170517,502264.75,30,12,22.79999924,2024/7/10 0:12
1720570949,1720570948,0,1,60.17388153,166.1694641,497598.375,31,12,11.5,2024/7/10 0:22
1720571549,1720571548,0,1,22.60310745,153.6539307,491705.6875,29,11,27.70000076,2024/7/10 0:32
1720572149,1720572148,0,1,-15.40396976,145.9925842,499195.7188,18,12,62.29999924,2024/7/10 0:42
1720572749,1720572748,0,1,-53.04823685,135.5795288,518495.4688,25,13,-22,2024/7/10 0:52
1720573349,1720573349,0,1,-82.44476318,41.96391296,529886.3125,27,11,-2.700000048,2024/7/10 1:02
1720573949,1720573949,0,1,-50.22615814,-30.45961571,521898.3438,27,11,10.80000019,2024/7/10 1:12
1720574549,1720574549,0,1,-12.65049171,-40.28149033,505665.0313,18,11,-11.80000019,2024/7/10 1:22
1720575149,1720575149,0,1,25.27347183,-47.97837067,498825.4688,14,9,-18.29999924,2024/7/10 1:32
1720575749,1720575749,0,1,62.69658661,-61.55748749,501641.7813,22,10,8.5,2024/7/10 1:42
1720576349,1720576349,0,1,76.22593689,162.6044922,500828.8125,26,13,3,2024/7/10 1:52
1720576950,1720576949,0,1,39.84498215,134.2774506,493583.375,27,11,29.5,2024/7/10 2:02
1720577550,1720577549,0,1,1.906513333,125.7918015,493674.2188,29,13,64.30000305,2024/7/10 2:12
1720578150,1720578149,0,1,-35.97364044,117.6243591,509326.3438,18,12,-37.5,2024/7/10 2:22
1720578750,1720578749,0,1,-72.65666962,95.91621399,526818.875,26,13,-1,2024/7/10 2:32
1720579350,1720579350,0,1,-66.87139893,-44.22319031,527617.5625,22,12,10,2024/7/10 2:42
1720579950,1720579950,0,1,-29.8575058,-60.17607117,512692.4063,22,9,18.10000038,2024/7/10 2:52
1720580550,1720580550,0,1,8.001935005,-68.00789642,500201.1563,18,10,-10.80000019,2024/7/10 3:02
1720581150,1720581150,0,1,45.8000412,-77.1498642,500016.75,12,9,-35.29999924,2024/7/10 3:12
1720581750,1720581750,0,1,80.68090057,-124.4259644,502384.375,26,12,-1,2024/7/10 3:22
1720582350,1720582350,0,1,56.8924942,117.0512924,497148.4688,28,11,-14.39999962,2024/7/10 3:32
1720582951,1720582950,0,1,19.23032379,105.6422958,491955.9063,24,12,-25.29999924,2024/7/10 3:42
1720583551,1720583550,0,1,-18.76905823,98.00706482,500898.7813,17,14,-47.09999847,2024/7/10 3:52
1720584151,1720584150,0,1,-56.32474518,86.77690887,520162.9375,21,11,16.10000038,2024/7/10 4:02
1720584751,1720584751,0,1,-81.18105316,-27.46944046,529905.6875,27,12,-15.89999962,2024/7/10 4:12
1720585351,1720585351,0,1,-46.9281044,-78.96229553,520333.625,23,10,7.800000191,2024/7/10 4:22
1720585951,1720585951,0,1,-9.285321236,-88.2430191,504318.1875,14,10,-8.100000381,2024/7/10 4:32
1720586551,1720586551,0,1,28.63648224,-96.03524017,498711.125,11,9,-28,2024/7/10 4:42
1720587151,1720587151,0,1,65.92446899,-111.3892365,501881.3438,24,13,-24.79999924,2024/7/10 4:52
1720587751,1720587751,0,1,73.2882309,108.7163773,500432.6563,32,11,-10.30000019,2024/7/10 5:02
1720588352,1720588351,0,1,36.49278641,86.06135559,493349.625,27,11,-37.70000076,2024/7/10 5:12
1720588952,1720588951,0,1,-1.468918324,77.84761047,494977.4063,24,12,-100.5,2024/7/10 5:22
1720589552,1720589551,0,1,-39.30266953,69.42559814,511446.5,20,10,22.60000038,2024/7/10 5:32
1720590152,1720590151,0,1,-75.59749603,42.59567642,527943.3125,27,12,14.10000038,2024/7/10 5:42
1720590752,1720590752,0,1,-63.69400024,-94.20629883,526720.625,23,12,-17.29999924,2024/7/10 5:52
1720591352,1720591352,0,1,-26.52064323,-108.2419968,510961.75,19,10,-4.699999809,2024/7/10 6:02
1720591952,1720591952,0,1,11.36657047,-115.9629898,499375,14,12,-39.40000153,2024/7/10 6:12
1720592552,1720592552,0,1,49.12217331,-125.6087265,500046.6563,13,10,-18.20000076,2024/7/10 6:22
1720593152,1720593152,0,1,82.24443817,167.7469482,502123.4375,27,13,3.5,2024/7/10 6:32
1720593752,1720593752,0,1,53.59414673,68.19690704,496540.6875,26,13,-26.20000076,2024/7/10 6:42
1720594353,1720594352,0,1,15.85719681,57.6532402,492335.625,23,11,-42.29999924,2024/7/10 6:52
1720594953,1720594952,0,1,-22.12730217,50.0027504,502715.1875,18,11,-6.400000095,2024/7/10 7:02
1720595553,1720595552,0,1,-59.51608276,37.76586914,521875.4375,21,12,33.29999924,2024/7/10 7:12
1720596153,1720596152,0,1,-79.01612854,-89.87194061,529800.875,27,11,-19.10000038,2024/7/10 7:22
1720596753,1720596753,0,1,-43.62538147,-127.3446045,518684.1875,25,11,-13.30000019,2024/7/10 7:32
1720597353,1720597353,0,1,-5.92351675,-136.194809,502932.2813,20,13,-3.5,2024/7/10 7:42
1720597953,1720597953,0,1,31.99136925,-144.1302032,498504.375,16,12,-25.89999962,2024/7/10 7:52
1720598553,1720598553,0,1,69.10225677,-161.8928833,501890.5625,27,12,3.200000048,2024/7/10 8:02
1720599153,1720599153,0,1,70.21160126,56.73359299,499862.0313,22,12,-1.399999976,2024/7/10 8:12
1720603354,1720603354,0,1,14.74149513,-163.9346313,498797.8125,15,0,8.800000191,2024/7/10 9:22
1720603954,1720603954,0,1,52.44136047,-174.2158966,500310.5938,10,0,7.599999905,2024/7/10 9:32
1720606953,1720624945,601295421,1,-62.75806046,-11.61505985,523211.3125,9,0,11.10000038,2024/7/10 10:22
1720607553,1720625545,601295421,1,-76.35832977,-147.0474243,529396.8125,16,0,-53.79999924,2024/7/10 10:32
1720608153,1720626146,601295421,1,-40.29599762,-175.6408691,517038.9688,15,0,13.39999962,2024/7/10 10:42
1720608753,1720626746,601295421,1,-2.544176579,175.8545532,501898.9688,14,0,27.10000038,2024/7/10 10:52
1720609353,1720627346,601295421,1,35.35425186,167.7250824,498675.2188,9,0,-9.699999809,2024/7/10 11:02
1720609953,1720627946,601295421,1,72.21737671,146.5811157,502099.3438,12,0,-0.200000003,2024/7/10 11:12
1720611155,1720611155,85899345,1,29.76366234,-10.20799828,492581.4688,6,0,42.79999924,2024/7/10 11:32
1720611755,1720611755,0,1,-8.230404854,-18.05552292,496935.2813,13,12,8.199999809,2024/7/10 11:42
1720612355,1720612355,0,1,-45.95872116,-27.21149254,514920,13,11,11.60000038,2024/7/10 11:52
1720612956,1720612955,0,1,-80.63333893,-74.07405853,529041,25,13,-25,2024/7/10 12:02
1720613556,1720613555,0,1,-57.26517868,167.2042236,524292.9375,26,12,-37.29999924,2024/7/10 12:12
1720614156,1720614155,0,1,-19.79634094,155.7041321,507832.875,25,11,55.40000153,2024/7/10 12:22
1720614756,1720614756,0,1,18.12402534,148.0774689,498574.1563,18,11,31.79999924,2024/7/10 12:32
1720615356,1720615356,0,1,55.75390244,136.9970245,500711.0625,24,11,14.89999962,2024/7/10 12:42
1720615956,1720615956,0,1,81.34395599,24.27421379,501642.9063,24,12,27.39999962,2024/7/10 12:52
1720616556,1720616556,0,1,46.9360733,-28.97565079,495056.75,24,11,63,2024/7/10 13:02
1720617156,1720617156,0,1,9.082572937,-38.28832626,492754.4375,22,14,-13,2024/7/10 13:12
1720617756,1720617756,0,1,-28.86347771,-46.09404755,505769.8438,14,11,-6,2024/7/10 13:22
1720618357,1720618356,0,1,-65.97874451,-61.45953369,524429.375,25,12,15.5,2024/7/10 13:32
1720618957,1720618956,0,1,-73.49523926,159.0746765,528977.5625,25,11,-57.29999924,2024/7/10 13:42
1720619557,1720619556,0,1,-37.01261902,136.150177,515697.5938,30,11,-17.60000038,2024/7/10 13:52
1720620157,1720620156,0,1,0.842483342,127.9059296,501217.5,27,11,72.30000305,2024/7/10 14:02
1720620757,1720620757,0,1,38.71591949,119.5280457,499082.125,20,10,0.600000024,2024/7/10 14:12
1720621357,1720621357,0,1,75.22116089,93.46272278,502256.8438,27,12,-7.699999809,2024/7/10 14:22
1720621957,1720621957,0,1,63.81918335,-44.13806534,498522.875,25,12,50.09999847,2024/7/10 14:32
1720622557,1720622557,0,1,26.38335037,-58.28351593,492221,25,12,-45.79999924,2024/7/10 14:42
1720623157,1720623157,0,1,-11.61966324,-66.01685333,498010.0938,17,15,25.79999924,2024/7/10 14:52
1720623757,1720623757,0,1,-49.28434753,-75.67940521,516648.7188,15,12,12.30000019,2024/7/10 15:02
1720624358,1720624357,0,1,-82.2177887,-141.6651459,529554,27,13,-44.40000153,2024/7/10 15:12
1720624958,1720624957,0,1,-53.9801445,118.3241501,523185.6563,27,12,-20.60000038,2024/7/10 15:22
1720625558,1720625557,0,1,-16.48698044,107.7222672,506796,28,12,-24.39999962,2024/7/10 15:32
1720626158,1720626157,0,1,21.50171471,100.0736771,498675.25,23,9,-37.40000153,2024/7/10 15:42
1720626758,1720626758,0,1,59.0456543,87.98468018,501258.25,24,10,-35,2024/7/10 15:52
1720627358,1720627358,0,1,79.21362305,-38.9241066,501402.5,27,12,34.90000153,2024/7/10 16:02
1720627958,1720627958,0,1,43.5953331,-77.37317657,494579.5313,22,10,-36.29999924,2024/7/10 16:12
1720628558,1720628558,0,1,5.699063301,-86.24389648,493321.375,23,13,5.599999905,2024/7/10 16:22
1720629158,1720629158,0,1,-32.21763992,-94.18959045,507559.4375,15,11,-3.299999952,2024/7/10 16:32
1720629758,1720629758,0,1,-69.13965607,-111.947113,525701.25,24,13,-33,2024/7/10 16:42
1720630359,1720630358,0,1,-70.45137024,107.0019226,528353.0625,28,11,-15.60000038,2024/7/10 16:52
1720630959,1720630958,0,1,-33.67411423,87.98316193,514165.8438,22,11,-13.5,2024/7/10 17:02
1720631559,1720631558,0,1,4.154136658,79.96967316,500688,26,11,-105.8000031,2024/7/10 17:12
1720632159,1720632158,0,1,42.06032181,71.26622009,499520.4063,15,11,-36.29999924,2024/7/10 17:22
1720633959,1720633959,0,1,23.01761818,-106.3239899,492221.1563,24,13,-26.10000038,2024/7/10 17:52
1720634559,1720634559,0,1,-14.9853754,-113.9874802,499403.2188,16,11,-3.5,2024/7/10 18:02
1720635159,1720635159,0,1,-52.57634354,-124.279747,518298.0625,17,11,-13.10000038,2024/7/10 18:12
1720635759,1720635759,0,1,-82.52571869,145.5466461,529670.5625,28,13,-41.79999924,2024/7/10 18:22
1720636360,1720636359,0,1,-50.6959877,69.65101624,521657.8125,23,11,37.29999924,2024/7/10 18:32
1720636960,1720636959,0,1,-13.12491798,59.74529648,505402.625,25,13,-33,2024/7/10 18:42
1720637560,1720637559,0,1,24.80381966,52.0602417,498506.4063,18,11,-31.70000076,2024/7/10 18:52
1720638160,1720638159,0,1,62.3069725,38.65082169,501495.9063,9,13,12.5,2024/7/10 19:02
1720638760,1720638760,0,1,76.56589508,-96.49173737,501028.4375,24,12,-4.099999905,2024/7/10 19:12
1720639360,1720639360,0,1,40.2504425,-125.6722412,494018.125,25,10,-33.90000153,2024/7/10 19:22
1720639960,1720639960,0,1,2.319936752,-134.194046,494017.0625,25,12,-10.5,2024/7/10 19:32
1720640560,1720640560,0,1,-35.56099319,-142.3334808,509350.9688,18,10,-9.100000381,2024/7/10 19:42
1720641160,1720641160,0,1,-72.22360992,-163.4408112,526774.125,28,12,-64.40000153,2024/7/10 19:52
1720641760,1720641760,0,1,-67.32274628,56.14839172,527486,28,11,35,2024/7/10 20:02
1720642361,1720642360,0,1,-30.33128166,39.87014008,512475.9063,22,12,14.5,2024/7/10 20:12
1720642961,1720642960,0,1,7.529284954,32.01835632,499795.3125,24,12,-11.39999962,2024/7/10 20:22
1720643561,1720643560,0,1,45.33800507,22.93767738,499530.625,13,12,42.5,2024/7/10 20:32
1720644761,1720644761,0,1,57.28316879,-142.8121338,497216.3125,22,12,6.199999809,2024/7/10 20:52
1720645361,1720645361,0,1,19.63227272,-154.3390503,492052.0313,22,12,1.200000048,2024/7/10 21:02
1720645961,1720645961,0,1,-18.36619377,-161.976181,500800.3125,19,11,11.39999962,2024/7/10 21:12
1720646561,1720646561,0,1,-55.87010956,-173.0700378,520014.0313,24,11,-35.70000076,2024/7/10 21:22
1720647161,1720647161,0,1,-81.42089844,75.1244812,529780.0625,29,12,4.300000191,2024/7/10 21:32
1720647761,1720647761,0,1,-47.38505173,21.13332748,520283.0625,26,10,32.29999924,2024/7/10 21:42
1720648362,1720648361,0,1,-9.748250008,11.78206348,504135.7188,24,12,14.69999981,2024/7/10 21:52
1720648962,1720648961,0,1,28.17764091,4.002993107,498330.5625,20,12,28.20000076,2024/7/10 22:02
1720649562,1720649561,0,1,65.48893738,-11.084548,501489.625,22,13,60.79999924,2024/7/10 22:12
1720650162,1720650162,0,1,73.63599396,-150.6913757,500279.875,28,11,-7.099999905,2024/7/10 22:22
1720650762,1720650762,0,1,36.87986755,-173.8990021,493241.9375,22,9,-13,2024/7/10 22:32
1720651362,1720651362,0,1,-1.080070019,177.8565979,494656.3438,21,12,23.60000038,2024/7/10 22:42
1720651962,1720651962,0,1,-38.91979218,169.464386,511116.5,25,9,22.79999924,2024/7/10 22:52
1720652562,1720652562,0,1,-75.21240997,143.4543762,527752.8125,30,13,-54.59999847,2024/7/10 23:02
1720653162,1720653162,0,1,-64.11929321,6.060321808,526687.5625,27,12,17.5,2024/7/10 23:12
1720653763,1720653762,0,1,-26.964468,-8.205226898,511014.5938,24,11,14.89999962,2024/7/10 23:22
1720654363,1720654362,0,1,10.92070961,-15.94094467,499238.0313,26,11,28.29999924,2024/7/10 23:32
1720654963,1720654962,0,1,48.68414688,-25.51678085,499757.7188,20,10,64.5,2024/7/10 23:42
1720655563,1720655562,0,1,82.12200928,-89.65585327,501895.5625,26,12,13.39999962,2024/7/10 23:52
1720656163,1720656163,0,1,53.96263885,168.2984009,496303.0313,28,12,2.900000095,2024/7/11 0:02
1720656763,1720656763,0,1,16.23088074,157.6646729,491970.5313,25,12,29.39999962,2024/7/11 0:12
1720657363,1720657363,0,1,-21.75772285,150.0155945,502272.8438,22,11,54,2024/7/11 0:22
1720657963,1720657963,0,1,-59.15967178,137.9022064,521648.5313,29,12,-31,2024/7/11 0:32
1720658563,1720658563,0,1,-79.32601166,11.66882706,529808.4375,26,13,-0.800000012,2024/7/11 0:42
1720659163,1720659163,0,1,-44.05055237,-27.27241707,518921.4063,25,10,11.30000019,2024/7/11 0:52
1720659764,1720659763,0,1,-6.356810093,-36.1749382,503111.875,27,12,-4.5,2024/7/11 1:02
1720660364,1720660363,0,1,31.55910301,-44.09062576,498434.5625,21,10,7.199999809,2024/7/11 1:12
1720660964,1720660963,0,1,68.6967392,-61.50040054,501713.0938,25,10,16.70000076,2024/7/11 1:22
1720661564,1720661563,0,1,70.61068726,157.1139526,499681.8125,29,13,2,2024/7/11 1:32
1720662164,1720662164,0,1,33.49924469,137.9297028,492720.875,28,12,36.5,2024/7/11 1:42
1720662764,1720662764,0,1,-4.481961727,129.9047089,495542.0313,22,13,57.5,2024/7/11 1:52
1720663364,1720663364,0,1,-42.27349091,121.1957626,512961.75,18,11,-30.70000076,2024/7/11 2:02
1720663964,1720663964,0,1,-78.00524139,87.72265625,528489.125,25,13,-2.299999952,2024/7/11 2:12
1720664564,1720664564,0,1,-60.87547684,-43.50412369,525688.4375,24,10,24.39999962,2024/7/11 2:22
1720665164,1720665164,0,1,-23.58930588,-56.25282288,509593.0313,20,9,9.800000191,2024/7/11 2:32
1720665765,1720665764,0,1,14.31484795,-63.91306686,498963.4688,21,9,-37.90000153,2024/7/11 2:42
1720666365,1720666364,0,1,52.02181625,-74.1055603,500284.2813,19,10,-34.5,2024/7/11 2:52
1720666965,1720666964,0,1,82.55653381,-162.1400146,501870.0625,31,13,4.300000191,2024/7/11 3:02
1720667565,1720667564,0,1,50.63205719,119.6107712,495817.2813,28,12,-6.300000191,2024/7/11 3:12
1720668165,1720668165,0,1,12.83730698,109.6851044,492385.9063,23,13,3.099999905,2024/7/11 3:22
1720668765,1720668765,0,1,-25.13334656,101.9870834,504047.375,16,12,-39.90000153,2024/7/11 3:32
1720669365,1720669365,0,1,-62.41461945,88.56750488,523054.2188,22,12,9.300000191,2024/7/11 3:42
1720669965,1720669965,0,1,-76.70978546,-46.09215927,529450.4375,27,12,-12,2024/7/11 3:52
1720670565,1720670565,0,1,-40.71427917,-75.5845108,517265.7813,21,10,10.60000038,2024/7/11 4:02
1720671165,1720671165,0,1,-2.968236685,-84.12599182,502015.0938,26,11,1.299999952,2024/7/11 4:12
1720671766,1720671765,0,1,34.93328094,-92.22558594,498584.9063,17,10,-28.39999962,2024/7/11 4:22
1720672366,1720672365,0,1,71.83431244,-112.8696594,501977.2188,27,12,-18.10000038,2024/7/11 4:32
1720672966,1720672965,0,1,67.44340515,106.2392044,499295.7813,28,13,-17.79999924,2024/7/11 4:42
1720673566,1720673566,0,1,30.12155914,89.81231689,492689.4375,25,10,-34.09999847,2024/7/11 4:52
1720674166,1720674166,0,1,-7.870203495,81.95374298,497074,19,13,-81.09999847,2024/7/11 5:02
1720674766,1720674766,0,1,-45.60258484,72.84999847,515002.8125,18,11,29.70000076,2024/7/11 5:12
1720675366,1720675366,0,1,-80.41074371,27.63127518,529218.3125,25,12,3.299999952,2024/7/11 5:22
1720675966,1720675966,0,1,-57.62163544,-92.67674255,524474.625,25,11,-10.19999981,2024/7/11 5:32
1720676566,1720676566,0,1,-20.22541809,-104.2678909,507900.5,27,10,-3.299999952,2024/7/11 5:42
1720677166,1720677166,0,1,17.69639969,-111.8935013,498337.25,19,12,-36.59999847,2024/7/11 5:52
1720677767,1720677766,0,1,55.33983994,-122.8584366,500373.9688,19,11,-11.69999981,2024/7/11 6:02
1720678367,1720678366,0,1,81.55749512,126.6921463,501533.3125,27,13,2.400000095,2024/7/11 6:12
1720678967,1720678966,0,1,47.29094315,71.08190918,495308.125,23,9,-41.20000076,2024/7/11 6:22
1720679567,1720679567,0,1,9.444941521,61.72076416,493123.7813,26,11,-65.19999695,2024/7/11 6:32
1720680167,1720680167,0,1,-28.49913216,53.9305954,506052.4375,15,11,9.199999809,2024/7/11 6:42
1720680767,1720680767,0,1,-65.62876129,38.79199982,524632.375,26,12,24.5,2024/7/11 6:52
1720681367,1720681367,0,1,-73.82628632,-100.3676529,529038.625,29,13,-24.60000038,2024/7/11 7:02
1720681967,1720681967,0,1,-37.38042068,-123.8144379,515525.4063,24,11,-12,2024/7/11 7:12
1720682567,1720682567,0,1,0.412308335,-132.0721893,500808.3438,25,15,-10.89999962,2024/7/11 7:22
1720683167,1720683167,0,1,38.29541779,-140.4146423,498505.8125,18,10,-32.90000153,2024/7/11 7:32
1720683768,1720683767,0,1,74.85851288,-165.7549896,501911.9063,28,12,0.600000024,2024/7/11 7:42
1720684368,1720684367,0,1,64.21962738,56.10794067,498672.0938,25,11,-0.699999988,2024/7/11 7:52
1720686168,1720686168,0,1,-48.92793655,24.39598465,516302.2813,6,0,34.29999924,2024/7/11 8:22
1720686768,1720686768,0,1,-82.09827423,-39.16430664,529540.5,29,12,-19.5,2024/7/11 8:32
1720687368,1720687368,0,1,-54.33771896,-141.5752106,522994.75,27,12,-19.5,2024/7/11 8:42
1720687968,1720687968,0,1,-16.84840584,-152.2642975,506278.5313,26,12,5.199999809,2024/7/11 8:52
1720688568,1720688568,0,1,21.08397675,-159.8982544,497924.1875,25,12,6.900000095,2024/7/11 9:02
1720689169,1720689168,0,1,58.64593506,-171.8537903,500606.4063,24,12,9.300000191,2024/7/11 9:12
1720689769,1720689768,0,1,79.50339508,62.59132004,501211.7188,28,14,7,2024/7/11 9:22
1720691569,1720691569,0,1,-31.86939621,5.832220078,507727.4375,19,11,22.79999924,2024/7/11 9:52
1720692169,1720692169,0,1,-68.80998993,-11.6415062,525721.625,28,11,6.400000095,2024/7/11 10:02
1720692769,1720692769,0,1,-70.7746048,-152.615799,528296.375,27,11,-59.70000076,2024/7/11 10:12
1720693369,1720693369,0,1,-34.02131653,-171.9871674,513798.3125,26,11,20.70000076,2024/7/11 10:22
1720693969,1720693969,0,1,3.809818268,179.9763794,499952.9375,27,12,17.5,2024/7/11 10:32
1720694569,1720694569,0,1,41.66402817,171.3228302,498763.5313,15,11,-12.10000038,2024/7/11 10:42
1720695170,1720695169,0,1,77.70119476,138.8204041,502004.0938,27,12,1.700000048,2024/7/11 10:52
1720695770,1720695769,0,1,60.94822311,6.522789955,498008.125,20,11,45.70000076,2024/7/11 11:02
1720696370,1720696369,0,1,23.4082756,-6.297305107,492353.1875,22,10,29.5,2024/7/11 11:12
1720696970,1720696969,0,1,-14.65466309,-13.98173141,499562.625,19,11,8.800000191,2024/7/11 11:22
1720697570,1720697570,0,1,-52.24932098,-24.20788193,518356.1563,19,10,18.5,2024/7/11 11:32
1720698170,1720698170,0,1,-82.55780792,-111.9332581,529646.75,27,13,-33.90000153,2024/7/11 11:42
1720698770,1720698770,0,1,-51.02262497,169.7246704,521537.6875,29,12,-12.80000019,2024/7/11 11:52
1720699370,1720699370,0,1,-13.4547596,159.7529144,504928,28,11,64.19999695,2024/7/11 12:02
1720699970,1720699970,0,1,24.47986984,152.0716095,497880.2188,21,9,26.60000038,2024/7/11 12:12
1720700570,1720700570,0,1,61.93807602,138.8376312,500999.5,25,12,8.5,2024/7/11 12:22
1720701171,1720701170,0,1,76.87831116,4.409771442,500810.5,26,13,41.70000076,2024/7/11 12:32
1720701771,1720701770,0,1,40.62524033,-25.62052727,494013.375,25,10,59.09999847,2024/7/11 12:42
1720702371,1720702370,0,1,2.699688435,-34.17933273,494071.7813,25,14,-2.299999952,2024/7/11 12:52
1720702971,1720702970,0,1,-35.24593735,-42.31162262,509331.1563,17,11,-7.400000095,2024/7/11 13:02
1720703571,1720703571,0,1,-71.93498993,-63.05121994,526656.75,27,12,6.099999905,2024/7/11 13:12
1720704171,1720704171,0,1,-67.62098694,156.3911591,527496.75,27,13,-49.90000153,2024/7/11 13:22
1720704771,1720704771,0,1,-30.64565659,139.8870697,512340.6563,25,10,11.10000038,2024/7/11 13:32
1720705371,1720705371,0,1,7.215671539,132.0210266,499434.75,28,10,65.69999695,2024/7/11 13:42
1720705971,1720705971,0,1,45.03171158,122.9797058,499204.9063,19,9,5.599999905,2024/7/11 13:52
1720706571,1720706571,0,1,80.19525909,79.11778259,502002.4063,25,12,3.400000095,2024/7/11 14:02
1720707172,1720707171,0,1,57.64351273,-42.68328476,497228.6563,28,12,44.20000076,2024/7/11 14:12
1720707772,1720707771,0,1,20.00261497,-54.31968689,492200.3125,24,12,-41.40000153,2024/7/11 14:22
1720708372,1720708371,0,1,-17.99473953,-61.95641708,500827.7813,16,13,21.70000076,2024/7/11 14:32
1720708972,1720708971,0,1,-55.56824493,-72.97972107,519995.6875,21,13,3.5,2024/7/11 14:42
1720709572,1720709572,0,1,-81.57395172,176.9091492,529833.875,27,12,-48.20000076,2024/7/11 14:52
1720710172,1720710172,0,1,-47.69099045,121.179657,520301.5313,22,11,-25.10000038,2024/7/11 15:02
1720710772,1720710772,0,1,-10.05762482,111.7834702,504000.6875,29,12,3.900000095,2024/7/11 15:12
1720711372,1720711372,0,1,27.8716507,104.0161591,498140.5,24,9,-36.20000076,2024/7/11 15:22
1720711972,1720711972,0,1,65.19865417,89.10999298,501436.2813,27,11,-23,2024/7/11 15:32
1720712572,1720712572,0,1,73.96539307,-50.12545395,500404.125,22,12,32.70000076,2024/7/11 15:42
1720713173,1720713172,0,1,37.24954224,-73.86125946,493590.125,24,10,-41.5,2024/7/11 15:52
1720713773,1720713772,0,1,-0.704543352,-82.12960815,494886.9375,18,12,9.199999809,2024/7/11 16:02
1720714373,1720714372,0,1,-38.54643631,-90.48701477,511149.625,18,12,-1.700000048,2024/7/11 16:12
1720714973,1720714972,0,1,-74.94268799,-115.9588013,527685.375,24,13,-36.09999847,2024/7/11 16:22
1720715573,1720715573,0,1,-64.42045593,106.2254944,526635.875,29,12,-11.60000038,2024/7/11 16:32
1720716173,1720716173,0,1,-27.27611923,91.80255127,510918.0313,25,10,-35.79999924,2024/7/11 16:42
1720716773,1720716773,0,1,10.61011124,84.06034088,499134.5625,24,11,-90.40000153,2024/7/11 16:52
1720717373,1720717373,0,1,48.38009644,74.53796387,499745.7813,12,11,-41.59999847,2024/7/11 17:02
1720717973,1720717973,0,1,81.99210358,12.84296799,502091.0625,28,11,30.60000038,2024/7/11 17:12
1720718573,1720718573,0,1,54.33253098,-91.60035706,496816.3438,26,12,-41.5,2024/7/11 17:22
1720719174,1720719173,0,1,16.61317062,-102.3181,492423.75,21,12,-18,2024/7/11 17:32
1720719774,1720719773,0,1,-21.37304688,-109.9601822,502414.8438,12,11,-2.799999952,2024/7/11 17:42
1720720374,1720720373,0,1,-58.84753418,-121.9728394,521505.4688,18,12,-21.79999924,2024/7/11 17:52
1720720974,1720720973,0,1,-79.55710602,112.8439789,529597.6875,29,13,-27.79999924,2024/7/11 18:02
1720721574,1720721574,0,1,-44.36540985,72.76221466,518636.3125,25,11,27.79999924,2024/7/11 18:12
1720722174,1720722174,0,1,-6.671676636,63.82437515,502831.9375,28,13,-59,2024/7/11 18:22
1720722774,1720722774,0,1,31.24942207,55.92490005,498152.4063,18,10,-6.199999809,2024/7/11 18:32
1720723974,1720723974,0,1,70.89768219,-102.4807663,499991.7813,30,13,-26.10000038,2024/7/11 18:52
1720724575,1720724574,0,1,33.87564468,-122.0354691,493203.6875,26,10,-39.79999924,2024/7/11 19:02
1720725175,1720725174,0,1,-4.098908424,-130.0805817,495874.0625,22,13,-10.30000019,2024/7/11 19:12
1720725775,1720725774,0,1,-41.89255524,-138.7486115,512966.9063,18,10,-13.30000019,2024/7/11 19:22
1720726375,1720726374,0,1,-77.75131989,-171.372345,528431.1875,24,11,-56.90000153,2024/7/11 19:32
1720726975,1720726975,0,1,-61.18529892,56.63111496,525474.9375,27,13,31.29999924,2024/7/11 19:42
1720727575,1720727575,0,1,-23.90599251,43.75551987,509238,21,11,3.299999952,2024/7/11 19:52
1720728175,1720728175,0,1,14.00216198,36.08978653,498446.3125,14,12,-3,2024/7/11 20:02
1720729375,1720729375,0,1,82.57735443,-59.8283577,501709.0938,25,13,18.79999924,2024/7/11 20:22
1720729975,1720729975,0,1,50.99368668,-140.3050995,495939.5938,25,10,-8.399999619,2024/7/11 20:32
1720730576,1720730575,0,1,13.20720482,-150.3002625,492553.7813,20,12,-2.900000095,2024/7/11 20:42
1720731176,1720731175,0,1,-24.76270485,-157.9917603,504038.3125,20,10,5.199999809,2024/7/11 20:52
1720731776,1720731775,0,1,-62.05585098,-171.2521057,523044.9063,21,12,-45.70000076,2024/7/11 21:02
1720732376,1720732375,0,1,-76.96327972,54.64531708,529373.875,30,13,11.39999962,2024/7/11 21:12
1720732976,1720732976,0,1,-41.01938629,24.44628716,517113.625,25,11,33.59999847,2024/7/11 21:22
1720733576,1720733576,0,1,-3.274456739,15.87261009,501700.0938,23,14,-1.899999976,2024/7/11 21:32
1720734176,1720734176,0,1,34.63283157,7.788603306,498098.9063,18,12,34,2024/7/11 21:42
1720734776,1720734776,0,1,71.56105042,-12.53081799,501561.9688,20,13,55.70000076,2024/7/11 21:52
1720735376,1720735376,0,1,67.72062683,-153.5315094,499110.5313,28,10,7.699999809,2024/7/11 22:02
1720735976,1720735976,0,1,30.47728539,-170.1605835,492595.6563,22,9,-6.900000095,2024/7/11 22:12
1720736577,1720736576,0,1,-7.513646603,-178.0370636,496803.9063,28,12,24.89999962,2024/7/11 22:22
1720737177,1720737176,0,1,-45.2522316,172.9013367,514755.5938,24,9,3.900000095,2024/7/11 22:32
1720737777,1720737776,0,1,-80.18060303,129.1785736,529074.6875,28,11,-40.29999924,2024/7/11 22:42
1720738377,1720738376,0,1,-57.90158463,7.419640064,524390.125,25,12,19.29999924,2024/7/11 22:52
1720738977,1720738977,0,1,-20.51294899,-4.265425205,507809.0313,22,11,13.89999962,2024/7/11 23:02
1720739577,1720739577,0,1,17.40950775,-11.89569187,498083.6563,18,10,27.5,2024/7/11 23:12
1720740177,1720740177,0,1,55.06087494,-22.79373741,500035.4688,22,12,60.09999847,2024/7/11 23:22
1720740777,1720740777,0,1,81.6845932,-131.6206665,501286.8438,26,12,2.700000048,2024/7/11 23:32
1720741377,1720741377,0,1,47.62851334,171.1460266,495062.4063,27,10,-3.799999952,2024/7/11 23:42
1720741977,1720741977,0,1,9.785283089,161.7292938,492749.0625,29,11,33.20000076,2024/7/11 23:52
1720742578,1720742577,0,1,-28.16316223,153.9471893,505679.25,26,10,37.70000076,2024/7/12 0:02
1720743178,1720743177,0,1,-65.30919647,138.9966888,524471.375,28,11,-43,2024/7/12 0:12
1720743778,1720743777,0,1,-74.11989594,0.173284993,529047.5625,27,12,10.5,2024/7/12 0:22
1720744378,1720744378,0,1,-37.65028763,-23.79677582,515639.1875,22,10,15.30000019,2024/7/12 0:32
1720744978,1720744978,0,1,0.138443336,-32.07810211,500831.1563,24,11,-1.700000048,2024/7/12 0:42
1720745578,1720745578,0,1,38.02390671,-40.40126801,498303.3438,19,10,29.10000038,2024/7/12 0:52
1720746178,1720746178,0,1,74.62065125,-65.29826355,501643.5938,25,12,18.70000076,2024/7/12 1:02
1720746778,1720746778,0,1,64.47624969,156.254425,498390.4063,30,15,9.800000191,2024/7/12 1:12
1720747378,1720747378,0,1,27.06778717,141.7518463,492217.75,29,12,43,2024/7/12 1:22
1720747978,1720747978,0,1,-10.93229866,133.9984589,497939.0625,22,13,58.90000153,2024/7/12 1:32
1720748579,1720748578,0,1,-48.60757446,124.4482422,516567.1563,26,12,-24.29999924,2024/7/12 1:42
1720749179,1720749178,0,1,-81.98114014,62.95766449,529540.875,24,13,0.699999988,2024/7/12 1:52
1720749779,1720749778,0,1,-54.5918541,-41.5164299,523208.875,20,10,15.39999962,2024/7/12 2:02
1720750379,1720750379,0,1,-17.11101341,-52.26861191,506520.0938,17,11,-4.300000191,2024/7/12 2:12
1720750979,1720750979,0,1,20.81943321,-59.90111542,498033.625,18,10,-48.40000153,2024/7/12 2:22
1720751579,1720751579,0,1,58.38812256,-71.77110291,500559.2813,19,12,-28.89999962,2024/7/12 2:32
1720752179,1720752179,0,1,79.68838501,163.5968323,501113.8438,30,13,0.400000006,2024/7/12 2:42
1720752779,1720752779,0,1,44.25790024,122.7195435,494585.875,30,10,5.800000191,2024/7/12 2:52
1720753379,1720753379,0,1,6.370771885,113.7678986,493347.5938,26,13,32.70000076,2024/7/12 3:02
1720753979,1720753979,0,1,-31.54922104,105.8539505,507479.1563,22,12,-40.5,2024/7/12 3:12
1720754580,1720754579,0,1,-68.51132965,88.63791656,525560.3125,25,12,10.69999981,2024/7/12 3:23
1720755180,1720755179,0,1,-71.06900024,-52.27096939,528332.625,22,12,-1.600000024,2024/7/12 3:33
1720755780,1720755779,0,1,-34.27774048,-71.9801178,513950.7188,17,9,20,2024/7/12 3:43
1720756380,1720756380,0,1,3.550605059,-80.02987671,499996.1875,26,11,13.19999981,2024/7/12 3:53
1720756980,1720756980,0,1,41.40795898,-88.65510559,498662.5,12,10,-33.20000076,2024/7/12 4:03
1720757580,1720757580,0,1,77.49677277,-120.4883041,501856.8125,28,13,-4.400000095,2024/7/12 4:13
1720758180,1720758180,0,1,61.1966629,106.619545,498005.5938,27,12,-29.70000076,2024/7/12 4:23
1720758780,1720758780,0,1,23.66419411,93.70139313,492426.6563,26,11,-50.40000153,2024/7/12 4:33
1720759380,1720759380,0,1,-14.33475018,86.02849579,499655.7188,22,13,-60.90000153,2024/7/12 4:43
1720759981,1720759980,0,1,-51.93478775,75.87194061,518453,21,13,36.20000076,2024/7/12 4:53
1720760581,1720760580,0,1,-82.5817337,-9.474129677,529855.5625,29,11,-10.89999962,2024/7/12 5:03
1720761181,1720761180,0,1,-51.34296036,-90.20653534,521738.5313,25,11,-4.800000191,2024/7/12 5:13
1720761781,1720761780,0,1,-13.718297,-100.2498932,504941.1875,26,11,-8,2024/7/12 5:23
1720762381,1720762381,0,1,24.21893692,-107.92379,497636.4375,18,9,-30.10000038,2024/7/12 5:33
1720762981,1720762981,0,1,61.6899147,-121.0427551,500682.875,24,12,-14.10000038,2024/7/12 5:43
1720763581,1720763581,0,1,77.09056854,105.0069962,500692.6875,26,13,-4.199999809,2024/7/12 5:53
1720764181,1720764181,0,1,40.87907791,74.3952713,494201.625,27,11,-35.09999847,2024/7/12 6:03
1720764781,1720764781,0,1,2.958173275,65.8155899,494433.2188,23,12,-78.30000305,2024/7/12 6:13
1720765381,1720765381,0,1,-34.92310715,57.71917725,509612.25,17,9,24.79999924,2024/7/12 6:23
1720765982,1720765981,0,1,-71.63652039,37.35731506,526914.375,27,13,25.10000038,2024/7/12 6:33
1720766582,1720766581,0,1,-67.93353271,-103.3505173,527626.3125,28,13,-27.70000076,2024/7/12 6:43
1720767182,1720767181,0,1,-30.97536087,-120.090065,512213.4688,24,10,-10.69999981,2024/7/12 6:53
1720767782,1720767781,0,1,6.95114994,-127.9816895,499021.5938,28,13,-26.29999924,2024/7/12 7:03
1720768382,1720768382,0,1,44.77629471,-136.9893036,498676.8125,18,10,-26.60000038,2024/7/12 7:13
1720768982,1720768982,0,1,80.02859497,-179.8014221,501709.4063,27,12,4.400000095,2024/7/12 7:23
1720769582,1720769582,0,1,57.89028549,57.39225006,497373.6875,12,13,-3.799999952,2024/7/12 7:33
1720771983,1720771982,0,1,-81.72496033,-81.10684967,529873.25,8,0,-28.29999924,2024/7/12 8:13
1720772583,1720772582,0,1,-47.95311356,-138.7818451,520068.5625,19,0,-17.10000038,2024/7/12 8:23
1720774383,1720779322,3693671873,1,64.96204376,-170.7518768,500835.9688,12,0,4.300000191,2024/7/12 8:53
1720774982,1720779922,3693671873,1,74.17958069,50.26052475,500237.875,15,0,3.5,2024/7/12 9:03
1720776782,1720781722,3693671873,1,-38.29866791,9.524003029,511411.875,4,0,23,2024/7/12 9:33
1720777982,1720782922,3693671873,1,-64.72175598,-153.5805054,526576.6875,18,0,-46.29999924,2024/7/12 9:53
1720778582,1720783522,3693671873,1,-27.52573204,-168.1925354,510453.6563,14,0,19.5,2024/7/12 10:03
1720779183,1720784123,3693671873,1,10.36558533,-175.9453888,498350.375,16,0,10.30000019,2024/7/12 10:13
1720779783,1720784723,3693671873,1,48.14660645,174.5648956,498982.6563,16,0,-1.799999952,2024/7/12 10:23
1720780383,1720785323,3693671873,1,81.8990097,114.3071213,501649.75,17,0,3.799999952,2024/7/12 10:33
1720781583,1720786523,3693671873,1,16.84132195,-2.323765039,492584.5,9,0,28.29999924,2024/7/12 10:53
1720782183,1720787123,3693671873,1,-21.14176559,-9.966506958,502649.5,10,0,12.39999962,2024/7/12 11:03
1720782783,1720787723,3693671873,1,-58.55791092,-21.87229156,521615.5938,7,0,18.60000038,2024/7/12 11:13
1720783383,1720788323,3693671873,1,-79.76171112,-145.9782562,529634.1875,13,0,-49.90000153,2024/7/12 11:23
1720783983,1720788923,3693671873,1,-44.6593399,172.8078156,518462.7813,16,0,6.900000095,2024/7/12 11:33
1720784583,1720789523,3693671873,1,-6.902910233,163.8171539,502250.2188,16,0,53.5,2024/7/12 11:43
1720785183,1720790124,3693671873,1,31.02534676,155.9245758,497504.5313,18,0,8.899999619,2024/7/12 11:53
1720785784,1720790724,3693671873,1,68.20082855,138.9228973,501154.5,13,0,1.200000048,2024/7/12 12:03
1720786385,1720786385,0,1,71.09423828,-2.249573231,499715.4063,15,12,51.90000153,2024/7/12 12:13
1720786985,1720786985,0,1,34.08849716,-22.03203583,493196,20,11,37.90000153,2024/7/12 12:23
1720787585,1720787585,0,1,-3.883029938,-30.09155464,495992.375,21,14,-4,2024/7/12 12:33
1720788185,1720788185,0,1,-41.67702484,-38.73908997,513047.75,16,12,-6,2024/7/12 12:43
1720788785,1720788785,0,1,-77.52552032,-70.62345123,528399.8125,23,12,-17.5,2024/7/12 12:53
1720789385,1720789385,0,1,-61.45624542,156.7581787,525464.5625,28,12,-33.90000153,2024/7/12 13:03
1720789986,1720789985,0,1,-24.18515968,143.7653961,509002.4375,25,11,33.29999924,2024/7/12 13:13
1720790586,1720790585,0,1,13.72564316,136.0931091,498004.1875,24,11,52.79999924,2024/7/12 13:23
1720791186,1720791185,0,1,51.51445389,125.9892273,499405.4063,20,9,7.900000095,2024/7/12 13:33
1720791786,1720791786,0,1,82.58390808,41.72444534,501458.9688,28,12,18.89999962,2024/7/12 13:43
1720792386,1720792386,0,1,51.19424438,-40.27697754,495878.9063,24,13,45.20000076,2024/7/12 13:53
1720792986,1720792986,0,1,13.41188812,-50.31083298,492681.625,23,13,-41.59999847,2024/7/12 14:03
1720793586,1720793586,0,1,-24.55709076,-57.99741364,504137.7188,20,11,16.60000038,2024/7/12 14:13
1720794186,1720794186,0,1,-61.85594177,-71.16766357,523089.4688,27,13,7,2024/7/12 14:23
1720794786,1720794786,0,1,-77.18566895,155.3078308,529479.8125,27,12,-54.79999924,2024/7/12 14:33
1720795387,1720795386,0,1,-41.28875351,124.4726028,517138.0938,26,10,-30.39999962,2024/7/12 14:43
1720795987,1720795986,0,1,-3.54548502,115.8729553,501470.1563,27,13,48.70000076,2024/7/12 14:53
1720796587,1720796586,0,1,34.36626434,107.8065109,497867.6875,21,9,-36.09999847,2024/7/12 15:03
1720797187,1720797186,0,1,71.37653351,87.69732666,501448.4063,27,11,-13.69999981,2024/7/12 15:13
1720797787,1720797786,0,1,67.91217804,-53.39485931,499166.4688,25,14,26.20000076,2024/7/12 15:23
1720798387,1720798387,0,1,30.68082619,-70.16580963,492872.125,25,11,-51.40000153,2024/7/12 15:33
1720798987,1720798987,0,1,-7.306466579,-78.04816437,497045.5938,21,14,19.89999962,2024/7/12 15:43
1720799587,1720799587,0,1,-45.04576874,-87.07923126,514896.5625,16,12,1.200000048,2024/7/12 15:53
1720800187,1720800187,0,1,-80.04468536,-129.9216766,529126.5,28,12,-41.5,2024/7/12 16:03
1720800787,1720800787,0,1,-58.16888046,107.5030365,524396.5625,26,11,-9.800000191,2024/7/12 16:13
1720801388,1720801387,0,1,-20.78593826,95.73677826,507723.2813,25,10,-46.90000153,2024/7/12 16:23
1720801988,1720801987,0,1,17.13855934,88.10745239,497935.9063,23,11,-70.19999695,2024/7/12 16:33
1720802588,1720802587,0,1,54.79812622,77.28136444,499976.9375,15,11,-35.40000153,2024/7/12 16:43
1720803188,1720803187,0,1,81.77966309,-30.38490105,501407.9688,26,13,32.29999924,2024/7/12 16:53
1720803788,1720803788,0,1,47.83563232,-88.83868408,495467.9063,26,11,-34.20000076,2024/7/12 17:03
1720804388,1720804388,0,1,9.999380112,-98.28255463,493158.375,23,11,-9.399999619,2024/7/12 17:13
1720804988,1720804988,0,1,-27.94689369,-106.0535965,505895.7188,16,10,-4.900000095,2024/7/12 17:23
1720805588,1720805588,0,1,-65.10238647,-120.8720016,524439.1875,24,13,-32.70000076,2024/7/12 17:33
1720806188,1720806188,0,1,-74.31410217,100.4961853,528912.8125,28,12,-10.60000038,2024/7/12 17:43
1720806788,1720806788,0,1,-37.92709351,76.21990967,515415.5,24,10,13.80000019,2024/7/12 17:53
1720807389,1720807388,0,1,-0.137260005,67.91998291,500586.2813,27,12,-82.40000153,2024/7/12 18:03
1720807989,1720807988,0,1,37.75388718,59.62026978,498075.75,15,11,-27,2024/7/12 18:13
1720809189,1720809188,0,1,64.67691803,-103.6419907,498729.625,29,12,-36.79999924,2024/7/12 18:33
1720809789,1720809789,0,1,27.28095818,-118.2536621,492704.6875,22,10,-44,2024/7/12 18:43
1720810389,1720810389,0,1,-10.71399975,-126.0113449,498311.8125,17,12,-10,2024/7/12 18:53
1720810989,1720810989,0,1,-48.39009094,-135.5243378,516663.9063,16,10,-17,2024/7/12 19:03
1720811589,1720811589,0,1,-81.89588928,164.3764648,529495.625,26,11,-46.59999847,2024/7/12 19:13
1720812189,1720812189,0,1,-54.86859894,58.5545845,522962.625,25,13,37.70000076,2024/7/12 19:23
1720812789,1720812789,0,1,-17.39004135,47.73406982,506119.5313,20,13,-7,2024/7/12 19:33
1720815790,1720815790,0,1,6.575711727,-146.2453308,493606.2188,17,11,2.200000048,2024/7/12 20:23
1720816390,1720816390,0,1,-31.34226418,-154.1506042,507650.5,16,11,0.100000001,2024/7/12 20:33
1720816990,1720816990,0,1,-68.31349182,-171.2070465,525741.75,28,13,-59.40000153,2024/7/12 20:43
1720817590,1720817590,0,1,-71.26219177,47.95571136,528309.125,30,13,24.20000076,2024/7/12 20:53
1720818190,1720818190,0,1,-34.54935837,28.03655624,513772.25,24,10,26.89999962,2024/7/12 21:03
1720818790,1720818790,0,1,3.279976606,19.96811867,499599.6875,24,14,-9.199999809,2024/7/12 21:13
1720822391,1720822391,0,1,-51.74471283,175.8901215,518395.6875,23,11,-21.5,2024/7/12 22:13
1720822991,1720822991,0,1,-82.58266449,91.97616577,529767.8125,24,11,-11.10000038,2024/7/12 22:23
1720823591,1720823591,0,1,-51.53067017,9.821471214,521634.6563,25,12,26.5,2024/7/12 22:33
1720824191,1720824191,0,1,-13.97211647,-0.251284987,504777.125,21,12,12.69999981,2024/7/12 22:43
1720824792,1720824791,0,1,23.96736336,-7.924294949,497289.0625,16,11,32.40000153,2024/7/12 22:53
1720825392,1720825391,0,1,61.44887543,-20.9475975,500273.8438,26,12,62.70000076,2024/7/12 23:03
1720825992,1720825991,0,1,77.28754425,-154.368042,500415.875,26,12,-1.5,2024/7/12 23:13
1720826592,1720826591,0,1,41.0564537,174.3984833,493950.25,27,10,-11.5,2024/7/12 23:23
1720827192,1720827192,0,1,3.135418415,165.797226,494105.0313,27,12,35.79999924,2024/7/12 23:33
1720827792,1720827792,0,1,-34.74890518,157.7080078,509404.875,24,10,17.89999962,2024/7/12 23:43
1720828392,1720828392,0,1,-71.47594452,137.5276489,526872.625,25,13,-45.59999847,2024/7/12 23:53
1720828992,1720828992,0,1,-68.09553528,-3.221346617,527630.8125,25,13,9.800000191,2024/7/13 0:03
1720829592,1720829592,0,1,-31.14886475,-20.09806824,512247.875,20,11,12,2024/7/13 0:13
1720830192,1720830192,0,1,6.712769985,-27.9881134,498920.1563,23,12,9.100000381,2024/7/13 0:23
1720830793,1720830792,0,1,44.54188156,-36.96957016,498369.9375,20,10,46.40000153,2024/7/13 0:33
1720831393,1720831392,0,1,79.86896515,-78.85902405,501365.375,29,12,14,2024/7/13 0:43
1720831993,1720831992,0,1,58.11378098,157.464035,497007.3438,29,14,18.39999962,2024/7/13 0:53
1720832593,1720832592,0,1,20.42153549,145.6618958,492160.7813,23,11,42,2024/7/13 1:03
1720833193,1720833193,0,1,-17.57432175,138.0219574,500894.5,19,12,46.29999924,2024/7/13 1:13
1720833793,1720833793,0,1,-55.09358978,127.1348648,520095.7188,25,12,-24.89999962,2024/7/13 1:23
1720834393,1720834393,0,1,-81.7922287,19.84723854,529937.125,26,13,-5,2024/7/13 1:33
1720834993,1720834993,0,1,-48.17221069,-38.75327301,520303.625,23,10,0.400000006,2024/7/13 1:43
1720835593,1720835593,0,1,-10.54468632,-48.22661591,503647.75,20,10,-16.89999962,2024/7/13 1:53
1720836193,1720836193,0,1,27.3916111,-55.98153687,497424.5313,19,9,-40,2024/7/13 2:03
1720836794,1720836793,0,1,64.74549866,-70.62900543,500738.2813,25,11,-15.30000019,2024/7/13 2:13
1720837394,1720837393,0,1,74.37799835,150.6193085,500093.2188,26,11,0.800000012,2024/7/13 2:23
1720837994,1720837993,0,1,37.71348953,126.1595306,493528.125,25,12,20.79999924,2024/7/13 2:33
1720838594,1720838593,0,1,-0.299266666,117.841835,494906.8125,25,14,54,2024/7/13 2:43
1720839194,1720839194,0,1,-38.14337158,109.5162735,511195.3438,21,12,-34.40000153,2024/7/13 2:53
1720839794,1720839794,0,1,-74.53206635,84.83464813,527642.4375,25,12,6.5,2024/7/13 3:03
1720840394,1720840394,0,1,-64.86894989,-53.51527405,526586.9375,25,12,15.5,2024/7/13 3:13
1720840994,1720840994,0,1,-27.74298096,-68.19426727,510582.1875,20,10,37.70000076,2024/7/13 3:23
1720841594,1720841594,0,1,10.14649296,-75.95243835,498378.5938,22,11,-3.599999905,2024/7/13 3:33
1720842194,1720842194,0,1,47.93126678,-85.40647125,498864.6875,16,9,-37.29999924,2024/7/13 3:43
1720842795,1720842794,0,1,81.81095886,-144.3262024,501483.5313,26,14,2.200000048,2024/7/13 3:53
1720843395,1720843394,0,1,54.7659874,108.4972305,496639.75,25,10,-31.89999962,2024/7/13 4:03
1720843995,1720843994,0,1,17.05663681,97.67017365,492601.5625,22,11,-42.29999924,2024/7/13 4:13
1720844595,1720844594,0,1,-20.98984337,90.01763916,502748.4063,19,12,-46.29999924,2024/7/13 4:23
1720845195,1720845195,0,1,-58.40931702,78.166008,521758.3438,26,14,28.60000038,2024/7/13 4:33
1720845795,1720845795,0,1,-79.8705368,-45.38615799,529812.0625,29,11,-16.70000076,2024/7/13 4:43
1720846395,1720846395,0,1,-44.81545639,-87.19372559,518589.75,24,10,1.200000048,2024/7/13 4:53
1720846995,1720846995,0,1,-7.124215126,-96.18861389,502241.75,24,10,-13.5,2024/7/13 5:03
1720847595,1720847595,0,1,30.80712509,-104.0689316,497254.6563,13,10,-22.60000038,2024/7/13 5:13
1720848195,1720848195,0,1,67.99868011,-120.900856,500865.7188,21,12,-11.60000038,2024/7/13 5:23
1720848796,1720848795,0,1,71.29214478,97.97093964,499623.6563,30,12,-13,2024/7/13 5:33
1720849396,1720849395,0,1,34.3014679,77.97136688,493320.5938,24,11,-22.39999962,2024/7/13 5:43
1720849996,1720849995,0,1,-3.666896582,69.9023056,496307.1563,22,11,-81.69999695,2024/7/13 5:53
1720850596,1720850596,0,1,-41.52247238,61.26125336,513370.7813,16,10,29.79999924,2024/7/13 6:03
1720851196,1720851196,0,1,-77.39820862,29.78789139,528684.25,30,11,11.69999981,2024/7/13 6:13
1720851796,1720851796,0,1,-61.61392212,-103.192337,525569.25,28,12,-21,2024/7/13 6:23
1720852396,1720852396,0,1,-24.34723091,-116.2483444,508834.375,22,11,-5.099999905,2024/7/13 6:33
1720852996,1720852996,0,1,13.56694794,-123.9222946,497615.8438,21,11,-42.20000076,2024/7/13 6:43
1720853596,1720853596,0,1,51.30168533,-133.9692993,498941.2813,19,12,-14.19999981,2024/7/13 6:53
1720854196,1720854196,0,1,82.58721924,143.3433838,501245.625,23,12,6.900000095,2024/7/13 7:03
1720854797,1720854796,0,1,51.40370941,59.75769043,496066.9375,17,12,-16.79999924,2024/7/13 7:13
1720855397,1720855396,0,1,13.62810993,49.68413544,493038.125,21,11,-23.89999962,2024/7/13 7:23
1720855997,1720855996,0,1,-24.39974213,41.98854828,504559.1875,15,10,2,2024/7/13 7:33
1720856597,1720856597,0,1,-61.69995499,28.88785934,523347.1563,24,10,26.39999962,2024/7/13 7:43
1720857197,1720857197,0,1,-77.31885529,-104.2982941,529487.125,28,11,-32.70000076,2024/7/13 7:53
1720857797,1720857797,0,1,-41.449543,-135.5287018,516817.9688,24,11,-13.69999981,2024/7/13 8:03
1720858397,1720858397,0,1,-3.702876568,-144.1448517,500898.6875,30,14,5.800000191,2024/7/13 8:13
1720858997,1720858997,0,1,34.21689987,-152.2038116,497158.375,17,11,-18.89999962,2024/7/13 8:23
1720859597,1720859597,0,1,71.18619537,-172.0808868,500944.8438,24,14,1,2024/7/13 8:33
1720860198,1720860197,0,1,68.10344696,46.76300812,499074.875,16,12,8.600000381,2024/7/13 8:43
1720861998,1720861997,0,1,-44.89787674,12.91749001,515163.0938,15,10,27.29999924,2024/7/13 9:13
1720862598,1720862598,0,1,-79.94076538,-29.32277679,529196,26,12,-16,2024/7/13 9:23
1720863198,1720863198,0,1,-58.3155899,-152.4598846,524216.4063,24,11,-29.60000038,2024/7/13 9:33
1720863798,1720863798,0,1,-20.93326569,-164.2780304,507152.0313,28,12,13.60000038,2024/7/13 9:43
1720864398,1720864398,0,1,16.99781418,-171.9114685,497134.3125,27,14,9.100000381,2024/7/13 9:53
1720864998,1720864998,0,1,54.66749954,177.2899628,499253.2813,22,12,4.199999809,2024/7/13 10:03
1720865598,1720865598,0,1,81.85678864,70.80648041,501045.3438,29,11,10.30000019,2024/7/13 10:13
1720867399,1720867398,0,1,-27.7536068,-6.058778286,506135.5313,13,9,16,2024/7/13 10:43
1720867999,1720867998,0,1,-64.97373962,-20.8230629,524576.75,23,12,9.699999809,2024/7/13 10:53
1720868599,1720868599,0,1,-74.43043518,-159.2893829,528907.5,28,12,-64.09999847,2024/7/13 11:03
1720869199,1720869199,0,1,-38.05858231,176.2126007,515072.3438,29,11,28.10000038,2024/7/13 11:13
1720869799,1720869799,0,1,-0.265235007,167.8986816,499907.4688,30,11,36.5,2024/7/13 11:23
1720870399,1720870399,0,1,37.63348389,159.6047058,497390.2813,16,12,-2.200000048,2024/7/13 11:33
1720870999,1720870999,0,1,74.28160095,135.3168335,501155.0625,32,13,-1.700000048,2024/7/13 11:43
1720871599,1720871599,0,1,64.84286499,-3.546056747,498475.875,22,11,52.29999924,2024/7/13 11:53
1720872200,1720872199,0,1,27.45449829,-18.2581234,492723.3125,22,11,36,2024/7/13 12:03
1720872800,1720872799,0,1,-10.5377903,-26.02299881,498470.6875,20,12,-6.900000095,2024/7/13 12:13
1720873400,1720873399,0,1,-48.21410751,-35.51014328,516771.4063,16,11,2.400000095,2024/7/13 12:23
1720874000,1720873999,0,1,-81.84572601,-94.91732788,529509.25,27,11,-28.79999924,2024/7/13 12:33
1720874600,1720874600,0,1,-54.98191452,158.565033,522860.375,28,13,-21.79999924,2024/7/13 12:43
1720875200,1720875200,0,1,-17.50378609,147.7124634,505724.8125,25,11,58.5,2024/7/13 12:53
1720875800,1720875800,0,1,20.43642426,140.0804749,496963.0313,16,10,48.59999847,2024/7/13 13:03
1720876400,1720876400,0,1,58.02481842,128.3268433,499661.1875,27,11,4.300000191,2024/7/13 13:13
1720877000,1720877000,0,1,79.93871307,5.040746689,500685.6563,26,12,35.29999924,2024/7/13 13:23
1720877600,1720877600,0,1,44.61894989,-37.26122284,494642.4688,28,11,45.79999924,2024/7/13 13:33
1720878201,1720878200,0,1,6.739283562,-46.25814438,493722.5,22,12,-35.70000076,2024/7/13 13:43
1720878801,1720878800,0,1,-31.17814636,-54.15550232,507747.4375,18,12,12.89999962,2024/7/13 13:53
1720879401,1720879400,0,1,-68.15738678,-71.08453369,525781,23,12,3.200000048,2024/7/13 14:03
1720880001,1720880000,0,1,-71.35816193,148.0476837,528396.3125,27,12,-54,2024/7/13 14:13
1720880601,1720880601,0,1,-34.6532135,128.017334,513711.1875,28,9,-30.70000076,2024/7/13 14:23
1720881201,1720881201,0,1,3.177276611,119.9427795,499307.0625,26,12,57.09999847,2024/7/13 14:33
1720881801,1720881801,0,1,41.0460701,111.3515472,497848.0313,18,9,-23,2024/7/13 14:43
1720882401,1720882401,0,1,77.20690155,80.39759827,501283.0625,23,12,-3.900000095,2024/7/13 14:53
1720883001,1720883001,0,1,61.53862762,-53.25638962,497805.8125,27,14,23.20000076,2024/7/13 15:03
1720883601,1720883601,0,1,24.01782799,-66.31938171,492547.6563,22,11,-51.5,2024/7/13 15:13
1720884202,1720884201,0,1,-13.97835159,-73.9985733,499718.125,20,13,37,2024/7/13 15:23
1720884802,1720884801,0,1,-51.58283615,-84.08431244,518541.7813,20,12,0.200000003,2024/7/13 15:33
1720885402,1720885401,0,1,-82.58753967,-166.7637787,529893.875,27,13,-47.59999847,2024/7/13 15:43
1720886002,1720886002,0,1,-51.63437271,109.8112183,521622.8438,27,10,-13.39999962,2024/7/13 15:53
1720886602,1720886602,0,1,-14.07610321,99.72131348,504638.3125,26,11,-38.59999847,2024/7/13 16:03
1720889002,1720889002,0,1,41.2209816,-85.60352325,494287.4063,22,12,-34.09999847,2024/7/13 16:43
1720889602,1720889602,0,1,3.30498004,-94.2164917,494467.1875,21,12,-6.800000191,2024/7/13 16:53
1720890203,1720890202,0,1,-34.57788849,-102.2907181,509608.7813,14,11,-6.699999809,2024/7/13 17:03
1720890803,1720890802,0,1,-71.3188858,-122.2722397,526892.5,29,12,-40.20000076,2024/7/13 17:13
1720891403,1720891402,0,1,-68.20149994,96.82795715,527520.375,31,12,2.799999952,2024/7/13 17:23
1720892003,1720892003,0,1,-31.25769997,79.87645721,512017.2813,25,11,-5.400000095,2024/7/13 17:33
1720892603,1720892603,0,1,6.606726646,71.98442078,498719.0625,22,12,-97,2024/7/13 17:43
1720895604,1720895603,0,1,-17.3968544,-121.987114,501220.1875,18,12,-6.699999809,2024/7/13 18:33
1720896204,1720896203,0,1,-54.91818619,-132.8256683,520155.9375,21,10,-18.20000076,2024/7/13 18:43
1720896804,1720896803,0,1,-81.87030792,120.9534683,529841.5,29,12,-33,2024/7/13 18:53
1720897404,1720897403,0,1,-48.28589249,61.2362442,519959.5625,26,12,37.70000076,2024/7/13 19:03
1720898004,1720898004,0,1,-10.65552807,51.74674606,503211.7188,24,13,-31.10000038,2024/7/13 19:13
1720900404,1720900404,0,1,37.8127327,-133.8595581,493744.1875,25,10,-37.5,2024/7/13 19:53
1720901004,1720901004,0,1,-0.132764995,-142.172348,495232.9063,20,11,3.700000048,2024/7/13 20:03
1720901605,1720901604,0,1,-37.97477722,-150.4850006,511420.2813,14,10,-5.800000191,2024/7/13 20:13
1720902205,1720902204,0,1,-74.38010406,-174.8953552,527845.75,25,12,-64.90000153,2024/7/13 20:23
1720902805,1720902804,0,1,-65.03419495,46.57603836,526547.375,29,13,29.10000038,2024/7/13 20:33
1720903405,1720903404,0,1,-27.85151291,31.7837677,510295.4375,21,11,23.89999962,2024/7/13 20:43
1720904005,1720904005,0,1,10.04153538,24.02046776,497899.3125,24,15,-0.200000003,2024/7/13 20:53
1720906405,1720906405,0,1,17.14947128,-162.356842,492560.9688,25,11,6.599999905,2024/7/13 21:33
1720907005,1720907005,0,1,-20.83332825,-169.9973297,502675.875,18,9,25.89999962,2024/7/13 21:43
1720907606,1720907605,0,1,-58.25618362,178.1966248,521772.375,23,11,-43.20000076,2024/7/13 21:53
1720908206,1720908205,0,1,-79.97371674,55.25233459,529738.5625,31,12,8.600000381,2024/7/13 22:03
1720908806,1720908805,0,1,-44.96940994,12.81311512,518476.875,23,11,27.29999924,2024/7/13 22:13
1720909406,1720909405,0,1,-7.215944767,3.782443285,501984.4375,20,12,9.199999809,2024/7/13 22:23
1720910006,1720910006,0,1,30.7183876,-4.097361565,496867.6563,15,11,46.70000076,2024/7/13 22:33
1720910606,1720910606,0,1,67.91708374,-20.87409782,500470.2188,27,12,61.70000076,2024/7/13 22:43
1720911206,1720911206,0,1,71.36595917,-161.9556274,499339.0625,26,12,0.100000001,2024/7/13 22:53
1720911806,1720911806,0,1,34.38043976,177.9477539,493098.0313,26,10,-9,2024/7/13 23:03
1720912406,1720912406,0,1,-3.589068413,169.870697,496028.0313,24,11,37.59999847,2024/7/13 23:13
1720913006,1720913006,0,1,-41.38415527,161.2526398,513220,23,10,2.900000095,2024/7/13 23:23
1720913607,1720913606,0,1,-77.28407288,130.1092072,528652.125,28,13,-43.70000076,2024/7/13 23:33
1720914207,1720914206,0,1,-61.74656677,-3.143349886,525559.125,26,12,13.10000038,2024/7/13 23:43
1720914807,1720914806,0,1,-24.48558617,-16.26226425,508827.125,21,13,8.199999809,2024/7/13 23:53
1720915407,1720915407,0,1,13.49149132,-23.95429993,497435.5625,14,11,16.70000076,2024/7/14 0:03
1720916007,1720916007,0,1,51.22904587,-33.99044037,498626.3125,16,8,56.79999924,2024/7/14 0:13
1720916607,1720916607,0,1,82.58370972,-116.1534119,500899.4063,27,14,5.599999905,2024/7/14 0:23
1720917207,1720917207,0,1,51.46866989,159.7405853,495671.1875,29,13,2.400000095,2024/7/14 0:33
1720917807,1720917807,0,1,13.6906929,149.6511078,492647.6875,28,13,44.09999847,2024/7/14 0:43
1720918407,1720918407,0,1,-24.27725601,141.9688416,504274.2188,20,11,30.79999924,2024/7/14 0:53
1720919007,1720919007,0,1,-61.58267975,128.9160004,523299.4688,25,13,-33.90000153,2024/7/14 1:03
1720919608,1720919607,0,1,-77.4159317,-4.000911713,529562.1875,24,11,0.100000001,2024/7/14 1:13
1720920208,1720920207,0,1,-41.57154083,-35.53609848,517005.9688,21,9,-2.700000048,2024/7/14 1:23
1720920808,1720920807,0,1,-3.828511715,-44.16585541,501046.5313,19,12,-24,2024/7/14 1:33
1720921408,1720921408,0,1,34.15395737,-52.23432541,497141.3438,16,10,-16.79999924,2024/7/14 1:43
1720922008,1720922008,0,1,71.12863159,-72.04625702,500808.4375,27,12,2.5,2024/7/14 1:53
1720922608,1720922608,0,1,68.16082001,146.7765045,498874.4063,29,11,3,2024/7/14 2:03
1720923208,1720923208,0,1,30.94318199,129.8041534,492782.1563,24,12,31.20000076,2024/7/14 2:13
1720923808,1720923808,0,1,-7.041923523,121.9093323,497094.7188,28,14,48.20000076,2024/7/14 2:23
1720924408,1720924408,0,1,-44.78289413,112.911087,514988.2813,20,13,-26.29999924,2024/7/14 2:33
1720925008,1720925008,0,1,-79.86376953,71.12944031,529121.625,26,13,4.800000191,2024/7/14 2:43
1720925609,1720925608,0,1,-58.42826462,-52.4451828,524276.375,24,12,20,2024/7/14 2:53
1720926209,1720926208,0,1,-21.05027008,-64.29855347,507270.75,21,11,32.40000153,2024/7/14 3:03
1720926809,1720926808,0,1,16.94286919,-71.94489288,497185.3125,18,11,-29.70000076,2024/7/14 3:13
1720927409,1720927409,0,1,54.61390305,-82.72899628,499207.7188,18,10,-44.5,2024/7/14 3:23
1720928009,1720928009,0,1,81.87989807,171.109314,500912.0625,28,12,3.299999952,2024/7/14 3:33
1720928609,1720928609,0,1,48.07321167,111.1576843,495335.4375,27,10,-27.70000076,2024/7/14 3:43
1720929209,1720929209,0,1,10.2415247,101.6746063,493326.0938,14,13,-21.29999924,2024/7/14 3:53
1720929809,1720929809,0,1,-27.70236206,93.91085815,506194.875,20,12,-37.09999847,2024/7/14 4:03
1720930409,1720930409,0,1,-64.86448669,79.22958374,524649.8125,25,13,17.5,2024/7/14 4:13
1720931010,1720931009,0,1,-74.53391266,-59.12322998,528992.9375,27,11,-8.899999619,2024/7/14 4:23
1720931610,1720931609,0,1,-38.17567825,-83.80018616,515165.6875,23,9,2.200000048,2024/7/14 4:33
1720932210,1720932209,0,1,-0.383226663,-92.12108612,499870.0938,21,11,-8.899999619,2024/7/14 4:43
1720932810,1720932809,0,1,37.58091736,-100.4207382,497224.9688,13,9,-27.10000038,2024/7/14 4:53
1720933410,1720933410,0,1,74.23818207,-124.6206284,500962.125,29,13,-9.5,2024/7/14 5:03
1720934010,1720934010,0,1,64.89129639,96.44284821,498443.4375,28,12,-25.20000076,2024/7/14 5:13
1720934610,1720934610,0,1,27.50445938,81.70921326,492889.3125,23,11,-65.40000153,2024/7/14 5:23
1720935210,1720935210,0,1,-10.48576355,73.94566345,498774.5,22,11,-69.30000305,2024/7/14 5:33
1720935810,1720935810,0,1,-48.15982819,64.47061157,517068.8125,17,10,35.70000076,2024/7/14 5:43
1720936410,1720936410,0,1,-81.79708099,5.832809925,529735.0625,30,12,-9.100000381,2024/7/14 5:53
1720937011,1720937010,0,1,-55.10295105,-101.4242401,522899.7188,25,11,-11.60000038,2024/7/14 6:03
1720937611,1720937610,0,1,-17.62618446,-112.3046722,505548.7813,21,12,-2.099999905,2024/7/14 6:13
1720938211,1720938210,0,1,20.3177166,-119.9346085,496620.9688,16,11,-47.59999847,2024/7/14 6:23
1720938811,1720938810,0,1,57.97533035,-131.6827393,499300.0313,22,12,1.899999976,2024/7/14 6:33
1720939411,1720939411,0,1,79.97357941,105.1999817,500588.4063,26,12,2,2024/7/14 6:43
1720940011,1720940011,0,1,44.66825485,62.7109108,494895,16,10,-32.90000153,2024/7/14 6:53
1720940611,1720940611,0,1,6.792715073,53.70988846,494155.375,20,11,-55.59999847,2024/7/14 7:03
1720941211,1720941211,0,1,-31.1199646,45.81663132,508166.375,17,10,22.39999962,2024/7/14 7:13
1720941811,1720941811,0,1,-68.09916687,28.93758583,525994.8125,25,10,17.29999924,2024/7/14 7:23
1720942411,1720942411,0,1,-71.47397614,-111.8298721,528288.8125,25,12,-32.90000153,2024/7/14 7:33
1720943012,1720943011,0,1,-34.77580643,-131.9939728,513272.1875,24,11,-11.10000038,2024/7/14 7:43
1720943612,1720943611,0,1,3.059784889,-140.0761108,498708.7188,22,13,-1.600000024,2024/7/14 7:53
1720944212,1720944211,0,1,40.9365387,-148.6575317,497236,15,12,-20.29999924,2024/7/14 8:03
1720944812,1720944811,0,1,77.17211151,-179.5324554,500952.7188,25,13,2.299999952,2024/7/14 8:13
1720945412,1720945412,0,1,61.57798386,46.73062897,497862.4063,14,12,8.5,2024/7/14 8:23
1720949013,1720949012,0,1,-14.18467999,-160.2967834,503952,16,13,9.399999619,2024/7/14 9:23
1720949613,1720949612,0,1,23.76514816,-167.9666901,496336.2813,19,12,6.199999809,2024/7/14 9:33
1720950213,1720950212,0,1,61.26201248,179.0894623,499625.625,21,13,4.599999905,2024/7/14 9:43
1720950813,1720950812,0,1,77.39071655,45.88887024,500292.7188,28,12,10,2024/7/14 9:53
1720952613,1720952613,0,1,-34.54413605,-2.326518297,509882.5313,10,9,17.10000038,2024/7/14 10:23
1720953213,1720953213,0,1,-71.28422546,-22.27769279,526931.5,23,12,0.800000012,2024/7/14 10:33
1720953813,1720953813,0,1,-68.29239655,-163.1041565,527345.6875,22,13,-57.09999847,2024/7/14 10:43
1720954413,1720954413,0,1,-31.35153389,179.8617096,511475.0313,20,10,45.40000153,2024/7/14 10:53
1720955014,1720955013,0,1,6.518536568,171.9617767,497944.8438,21,12,26.20000076,2024/7/14 11:03
1720955614,1720955613,0,1,44.35958481,163.0016937,497582.9375,19,11,-1,2024/7/14 11:13
1720956214,1720956213,0,1,79.74620819,121.7998428,501061.375,25,14,-0.699999988,2024/7/14 11:23
1720956814,1720956814,0,1,58.22590637,-2.55979991,497238.8125,24,11,50,2024/7/14 11:33
1720957414,1720957414,0,1,20.60544014,-14.38519001,492751.7813,25,10,34.59999847,2024/7/14 11:43
1720958014,1720958014,0,1,-17.3830719,-22.02542114,501465.0313,18,12,-2.400000095,2024/7/14 11:53
1720958614,1720958614,0,1,-54.90163803,-32.86322021,520271.5,19,11,10.10000038,2024/7/14 12:03
1720959214,1720959214,0,1,-81.87418365,-138.9671783,529750.8125,26,12,-44.59999847,2024/7/14 12:13
1720959814,1720959814,0,1,-48.36206818,161.2279358,519682.8438,26,11,-10.39999962,2024/7/14 12:23
1720960415,1720960414,0,1,-10.72905636,151.7227936,502647.9688,22,11,75.09999847,2024/7/14 12:33
1720961015,1720961014,0,1,27.21834183,143.9714508,496393.875,21,10,32.40000153,2024/7/14 12:43
1720961615,1720961614,0,1,64.58771515,129.4101563,500030.4375,25,12,-5.900000095,2024/7/14 12:53
1720962215,1720962214,0,1,74.46247101,-9.281416893,499836.9688,23,12,47.09999847,2024/7/14 13:03
1720962815,1720962815,0,1,37.80996704,-33.89781952,493717.5938,25,12,48,2024/7/14 13:13
1720963415,1720963415,0,1,-0.134038329,-42.21126175,495388.7188,22,13,-23.20000076,2024/7/14 13:23
1720964015,1720964015,0,1,-37.97419357,-50.52415848,511531.25,15,11,-1.799999952,2024/7/14 13:33
1720964615,1720964615,0,1,-74.3785553,-74.93362427,527794.0625,27,12,-9.300000191,2024/7/14 13:43
1720965215,1720965215,0,1,-65.03487396,146.5389404,526442.8125,24,11,-45.59999847,2024/7/14 13:53
1720965815,1720965815,0,1,-27.91312599,131.7595215,510076,25,10,-6.699999809,2024/7/14 14:03
1720966416,1720966415,0,1,9.98260498,123.9938812,497553.5,23,12,64.80000305,2024/7/14 14:13
1720967016,1720967015,0,1,47.77757263,114.5620117,498127.4375,19,9,-19.10000038,2024/7/14 14:23
1720967616,1720967615,0,1,81.74607086,56.54395294,501045.7188,27,12,16.10000038,2024/7/14 14:33
1720968216,1720968215,0,1,54.84838104,-51.54958725,496530.7188,24,12,20,2024/7/14 14:43
1720968816,1720968816,0,1,17.14198112,-62.39733505,492777.25,20,13,-41.20000076,2024/7/14 14:53
1720969416,1720969416,0,1,-20.83850288,-70.03585815,502886.3438,13,11,31.70000076,2024/7/14 15:03
1720970016,1720970016,0,1,-58.25963211,-81.83906555,521850.9063,21,13,-2.700000048,2024/7/14 15:13
1720970616,1720970616,0,1,-79.9744339,155.1900177,529723.1875,31,12,-50.59999847,2024/7/14 15:23
1720971216,1720971216,0,1,-44.9661293,112.7687912,518297.375,25,9,-25.79999924,2024/7/14 15:33
1720971816,1720971816,0,1,-7.272973537,103.7532959,501753.5313,26,12,-11,2024/7/14 15:43
1720973617,1720973616,0,1,71.41783142,-61.9336586,499536.7188,22,12,20.29999924,2024/7/14 16:13
1720974217,1720974216,0,1,34.37564468,-82.09597015,493463.6875,20,12,-31.60000038,2024/7/14 16:23
1720974817,1720974817,0,1,-3.590196609,-90.16882324,496399.8438,21,11,-9.199999809,2024/7/14 16:33
1720975417,1720975417,0,1,-41.38280869,-98.78231812,513385.5,19,11,-6.599999905,2024/7/14 16:43
1720976017,1720976017,0,1,-77.28495789,-129.9057922,528573.6875,28,12,-40.70000076,2024/7/14 16:53
1720976617,1720976617,0,1,-61.7485733,96.80693054,525298.375,29,11,-1.700000048,2024/7/14 17:03
1720977217,1720977217,0,1,-24.48332787,83.69355011,508505.1875,23,10,-30.89999962,2024/7/14 17:13
1720977817,1720977817,0,1,13.4341116,76.01690674,497272.8125,21,11,-87,2024/7/14 17:23
1720979618,1720979617,0,1,51.53008652,-100.2783585,496169.3125,13,12,-28.29999924,2024/7/14 17:53
1720980218,1720980217,0,1,13.69497967,-110.3889389,493159.125,20,11,-32.59999847,2024/7/14 18:03
1720980818,1720980818,0,1,-24.26899338,-118.0679321,504547.6563,18,9,-5.800000191,2024/7/14 18:13
1720981418,1720981418,0,1,-61.57413483,-131.1118164,523239,20,11,-31.10000038,2024/7/14 18:23
1720982018,1720982018,0,1,-77.42436218,95.96646881,529230.625,26,14,-8.5,2024/7/14 18:33
1720982618,1720982618,0,1,-41.5751915,64.42042542,516479.5313,27,10,28.39999962,2024/7/14 18:43
1720983218,1720983218,0,1,-3.826363325,55.7922287,500570.6875,30,14,-43.79999924,2024/7/14 18:53
1720985619,1720985618,0,1,30.93812752,-130.2365112,493164.0313,23,9,-40,2024/7/14 19:33
1720986219,1720986219,0,1,-7.042651653,-138.1305847,497483.2813,21,11,-0.899999976,2024/7/14 19:43
1720986819,1720986819,0,1,-44.78004837,-147.1287231,515182.8438,15,10,-12.39999962,2024/7/14 19:53
1720987419,1720987419,0,1,-79.86038208,171.1036835,529121.9375,27,13,-51.20000076,2024/7/14 20:03
1720988019,1720988019,0,1,-58.43050385,47.51662827,523946.3438,27,12,36.40000153,2024/7/14 20:13
1720988619,1720988619,0,1,-21.04833984,35.66085815,506803.25,21,12,-3.299999952,2024/7/14 20:23
1720989219,1720989219,0,1,16.88682747,28.02645493,496662,14,13,8.399999619,2024/7/14 20:33
1720990420,1720990419,0,1,81.8988266,-88.60684204,500773.3125,29,13,13.39999962,2024/7/14 20:53
1720991020,1720991019,0,1,48.12107468,-148.8629456,495363.8125,26,10,-6.300000191,2024/7/14 21:03
1720991620,1720991619,0,1,10.2915287,-158.35495,493410.3438,29,12,8.600000381,2024/7/14 21:13
1720992220,1720992220,0,1,-27.71408081,-166.1335449,506217.8438,21,10,15.5,2024/7/14 21:23
1720992820,1720992820,0,1,-64.87453461,179.1740417,524645.0625,21,10,-51.29999924,2024/7/14 21:33
1720993420,1720993420,0,1,-74.52160645,40.82301331,528769,27,10,17.89999962,2024/7/14 21:43
1720994020,1720994020,0,1,-38.16062164,16.1577816,514840.1563,20,11,26.89999962,2024/7/14 21:53
1720994620,1720994620,0,1,-0.365079999,7.835083485,499505.6563,18,14,14,2024/7/14 22:03
1720995220,1720995220,0,1,37.53921509,-0.452233344,496846.8438,14,12,48.20000076,2024/7/14 22:13
1720995821,1720995820,0,1,74.20236969,-24.60162926,500672.9063,25,13,47.59999847,2024/7/14 22:23
1720996421,1720996420,0,1,64.92554474,-163.5606537,498254.25,29,12,7,2024/7/14 22:33
1720997021,1720997020,0,1,27.53971672,-178.3203888,492707.9375,24,10,-3,2024/7/14 22:43
1720997621,1720997620,0,1,-10.51470184,173.8995667,498559.9375,26,11,44.40000153,2024/7/14 22:53
1720998221,1720998221,0,1,-48.18911743,164.4163208,516955.5,26,11,-11.39999962,2024/7/14 23:03
1720998821,1720998821,0,1,-81.80736542,105.5802689,529554.6875,27,12,-20,2024/7/14 23:13
1720999421,1720999421,0,1,-55.06972504,-1.474055052,522677.4375,25,12,26.79999924,2024/7/14 23:23
1721000021,1721000021,0,1,-17.59111404,-12.35023308,505366.5938,18,13,9.899999619,2024/7/14 23:33
1721000621,1721000621,0,1,20.353899,-19.98291016,496408.4063,14,10,24.79999924,2024/7/14 23:43
1721001221,1721001221,0,1,57.95009995,-31.71370697,499068.3125,20,11,62.79999924,2024/7/14 23:53
1721001822,1721001821,0,1,79.98707581,-154.7275085,500357.125,25,13,0,2024/7/15 0:03
1721002422,1721002421,0,1,44.68837738,162.6809845,494586.625,28,12,0.100000001,2024/7/15 0:13
1721003022,1721003021,0,1,6.81044817,153.6746368,493786.625,32,13,50.29999924,2024/7/15 0:23
1721003622,1721003621,0,1,-31.1676445,145.7645111,507971.2813,23,10,20.70000076,2024/7/15 0:33
1721004222,1721004222,0,1,-68.14474487,128.8439026,525925.5625,29,12,-35.79999924,2024/7/15 0:43
1721004822,1721004822,0,1,-71.42742157,-11.9283247,528217.125,28,13,10,2024/7/15 0:53
1721005422,1721005422,0,1,-34.72628784,-32.04347992,513274.25,23,10,2,2024/7/15 1:03
1721006022,1721006022,0,1,3.10882163,-40.12419891,498735.4063,18,12,-18.20000076,2024/7/15 1:13
1721006622,1721006622,0,1,40.98465347,-48.71147919,497189.0625,13,9,7.400000095,2024/7/15 1:23
1721007222,1721007222,0,1,77.16040802,-79.53546906,500828,22,13,9.199999809,2024/7/15 1:33
1721007823,1721007822,0,1,61.59009171,146.6993561,497656.8438,29,12,13.39999962,2024/7/15 1:43
1721008423,1721008422,0,1,24.0714817,133.6121979,492555.3125,27,12,36.70000076,2024/7/15 1:53
1721009023,1721009022,0,1,-13.92269707,125.9314194,499859.25,27,13,35.79999924,2024/7/15 2:03
1721009623,1721009622,0,1,-51.58800507,115.8309631,518655.4375,22,12,-19.60000038,2024/7/15 2:13
1721010223,1721010223,0,1,-82.58615875,33.11671448,529745.875,28,14,-0.300000012,2024/7/15 2:23
1721010823,1721010823,0,1,-51.68877792,-50.24402618,521262.4688,24,10,6,2024/7/15 2:33
1721012023,1721012023,0,1,23.82224846,-68.01707458,496461.875,5,0,-52.20000076,2024/7/15 2:53
1721012623,1721012623,0,1,61.31642532,-80.98313904,499653.9375,21,11,-38.20000076,2024/7/15 3:03
1721013223,1721013223,0,1,77.39663696,145.8668365,500231.9063,27,12,1.899999976,2024/7/15 3:13
1721013824,1721013823,0,1,41.25318909,114.3297424,494289.4063,26,12,-13,2024/7/15 3:23
1721014424,1721014423,0,1,3.339731693,105.7120514,494667.1875,28,13,11.19999981,2024/7/15 3:33
1721015024,1721015023,0,1,-34.54004288,97.63954926,509849.5,21,11,-29.5,2024/7/15 3:43
1721015624,1721015623,0,1,-71.3391037,77.61493683,526915.1875,27,14,15.30000019,2024/7/15 3:53
1721016224,1721016224,0,1,-68.23799896,-63.20576096,527267.3125,25,11,9.300000191,2024/7/15 4:03
1721016824,1721016824,0,1,-31.29281998,-80.19031525,511445.9688,20,9,7.199999809,2024/7/15 4:13
1721017424,1721017424,0,1,6.578420162,-88.08531952,497881.0938,21,12,2.799999952,2024/7/15 4:23
1721018024,1721018024,0,1,44.41991043,-97.04969025,497513.3125,17,9,-25.5,2024/7/15 4:33
1721018624,1721018624,0,1,79.79116058,-138.476532,500978.0313,25,12,-2.299999952,2024/7/15 4:43
1721019224,1721019224,0,1,58.22809982,97.39964294,497298.6875,27,12,-38.40000153,2024/7/15 4:53
1721019825,1721019824,0,1,20.60789299,85.57867432,492943.4063,25,11,-60.90000153,2024/7/15 5:03
1721020425,1721020424,0,1,-17.37883186,77.94155121,501732.5625,17,11,-46,2024/7/15 5:13
1721021025,1721021024,0,1,-54.89515686,67.1100769,520512.5625,16,13,34.5,2024/7/15 5:23
1721021625,1721021624,0,1,-81.85558319,-39.35766602,529881.75,28,13,-19.89999962,2024/7/15 5:33
1721022225,1721022225,0,1,-48.31070328,-98.82945251,519589.4688,25,11,-7.199999809,2024/7/15 5:43
1721022825,1721022825,0,1,-10.67448807,-108.3231964,502423.2188,22,11,-7.400000095,2024/7/15 5:53
1721023425,1721023425,0,1,27.27644348,-116.0740662,496093.6563,16,11,-43.20000076,2024/7/15 6:03
1721024025,1721024025,0,1,64.64749908,-130.6625671,499765.8438,27,12,3.799999952,2024/7/15 6:13
1721024625,1721024625,0,1,74.46455383,90.67243195,499838.6875,30,12,-9.100000381,2024/7/15 6:23
1721025225,1721025225,0,1,37.8120079,66.06546783,494023.3438,17,10,-37.90000153,2024/7/15 6:33
1721025826,1721025825,0,1,-0.128191665,57.75486374,495859.1563,20,12,-57,2024/7/15 6:43
1721026426,1721026425,0,1,-37.96351242,49.44536591,511920.5,13,10,40.70000076,2024/7/15 6:53
1721027026,1721027025,0,1,-74.42202759,24.9492836,527973.125,20,10,17.70000076,2024/7/15 7:03
1721027626,1721027626,0,1,-64.98973083,-113.5392303,526242.5625,26,12,-29.79999924,2024/7/15 7:13
1721028226,1721028226,0,1,-27.86155891,-128.2885895,509550.2813,20,11,-12.30000019,2024/7/15 7:23
1721028826,1721028826,0,1,10.04097652,-136.0519714,496976.125,22,12,-18.79999924,2024/7/15 7:33
1721029426,1721029426,0,1,47.84145737,-145.4935303,497617.8438,21,11,-10.89999962,2024/7/15 7:43
1721030026,1721030026,0,1,81.77632141,156.0772247,500866.4375,30,12,2,2024/7/15 7:53
1721030626,1721030626,0,1,54.84369659,48.41414642,496719.4688,12,11,3.299999952,2024/7/15 8:03
1721032427,1721032426,0,1,-58.25139999,18.12812042,522039.9063,18,11,25.10000038,2024/7/15 8:33
1721033027,1721033026,0,1,-79.97946167,-104.8022385,529561,26,13,-32.20000076,2024/7/15 8:43
1721033627,1721033627,0,1,-44.90915298,-147.28302,517749.7188,25,10,-12.5,2024/7/15 8:53
1721034227,1721034227,0,1,-7.208321571,-156.2930756,500986.6563,25,14,10.60000038,2024/7/15 9:03
1721034827,1721034827,0,1,30.73641586,-164.1738434,496018.1563,19,12,-7.800000191,2024/7/15 9:13
1721035427,1721035427,0,1,67.94126892,179.0323944,500048.1563,25,13,5.699999809,2024/7/15 9:23
1721036027,1721036027,0,1,71.34215546,37.93181992,499434.5313,28,11,12.10000038,2024/7/15 9:33
1721037228,1721037227,0,1,-3.603275061,9.794081688,496772.7188,5,0,6.400000095,2024/7/15 9:53
1721037828,1721037827,0,1,-41.39113235,1.17729497,513662.1875,13,11,19.60000038,2024/7/15 10:03
1721038428,1721038427,0,1,-77.28831482,-29.97202492,528554.3125,25,11,-6.699999809,2024/7/15 10:13
1721039028,1721039027,0,1,-61.67911148,-163.266098,524956.0625,24,12,-41.90000153,2024/7/15 10:23
1721039628,1721039628,0,1,-24.40673065,-176.3549957,507781.0313,23,11,46.79999924,2024/7/15 10:33
1721040228,1721040228,0,1,13.51839161,175.9664459,496453.5,22,11,13.69999981,2024/7/15 10:43
1721040828,1721040828,0,1,51.26397324,165.9224091,498041.1563,21,13,7,2024/7/15 10:53
1721041428,1721041428,0,1,82.58396912,83.4710083,500846.875,24,12,7.300000191,2024/7/15 11:03
1721042028,1721042028,0,1,51.43341446,-0.345829993,496104.0938,25,10,46.09999847,2024/7/15 11:13
1721042628,1721042628,0,1,13.66215992,-10.42763519,493359.9063,22,10,31.39999962,2024/7/15 11:23
1721043229,1721043228,0,1,-24.29777908,-18.10926819,504845.125,18,9,5.699999809,2024/7/15 11:33
1721043829,1721043828,0,1,-61.59856415,-31.16836357,523323.625,24,11,20.79999924,2024/7/15 11:43
1721044429,1721044428,0,1,-77.40119934,-164.1264343,529096,27,13,-57.40000153,2024/7/15 11:53
1721045029,1721045029,0,1,-41.48356628,164.3634033,516015.25,25,10,6.099999905,2024/7/15 12:03
1721045629,1721045629,0,1,-3.728235006,155.7411652,499883.2188,23,11,64.19999695,2024/7/15 12:13
1721046229,1721046229,0,1,34.20127106,147.680603,496254.75,18,10,20,2024/7/15 12:23
1721046829,1721046829,0,1,71.17789459,127.8073654,500404.75,27,13,-7.599999905,2024/7/15 12:33
1721047429,1721047429,0,1,68.10800171,-13.34557533,498905.1563,22,13,59.5,2024/7/15 12:43
1721048029,1721048029,0,1,30.89117813,-30.27845001,493211.0625,25,10,32.40000153,2024/7/15 12:53
1721048629,1721048629,0,1,-7.087693214,-38.17148972,497665.5625,22,14,-8.899999619,2024/7/15 13:03
1721049230,1721049229,0,1,-44.82243347,-47.17584991,515283.2188,18,11,-3.700000048,2024/7/15 13:13
1721049830,1721049829,0,1,-79.8884964,-89.11394501,529018.5,29,12,-21.79999924,2024/7/15 13:23
1721050430,1721050429,0,1,-58.38732529,147.4627228,523722.0313,27,11,-26.79999924,2024/7/15 13:33
1721051030,1721051030,0,1,-20.93794632,135.6058044,506381.3125,21,9,31.39999962,2024/7/15 13:43
1721051630,1721051630,0,1,17.00141907,127.9713898,496290.125,18,9,43.09999847,2024/7/15 13:53
1721052230,1721052230,0,1,54.67858505,117.1698532,498612.9375,19,11,-14.5,2024/7/15 14:03
1721052830,1721052830,0,1,81.85122681,10.58234787,500675.0938,27,12,31.20000076,2024/7/15 14:13
1721053430,1721053430,0,1,48.00416183,-48.93804169,495409.4063,25,10,25.29999924,2024/7/15 14:23
1721054030,1721054030,0,1,10.17447186,-58.40965652,493649.75,20,13,-41.59999847,2024/7/15 14:33
1721054630,1721054630,0,1,-27.76515007,-66.17542267,506422.4688,13,12,30.20000076,2024/7/15 14:43
1721055231,1721055230,0,1,-64.92216492,-80.89141083,524680.875,26,12,-7,2024/7/15 14:53
1721055831,1721055830,0,1,-74.47939301,140.6908417,528678.1875,31,14,-51.09999847,2024/7/15 15:03
1721056431,1721056430,0,1,-38.04715729,116.0921249,514558.5,28,8,-36.20000076,2024/7/15 15:13
1721057031,1721057031,0,1,-0.246941671,107.7798691,499175.4688,21,12,25.20000076,2024/7/15 15:23
1721058231,1721058231,0,1,74.31060791,75.15774536,500755.7188,25,12,-6.699999809,2024/7/15 15:43
1721058831,1721058831,0,1,64.81264496,-63.69382095,498495.3438,26,12,1.100000024,2024/7/15 15:53
1721059431,1721059431,0,1,27.42453384,-78.38095856,493093.0625,23,11,-33.5,2024/7/15 16:03
1721060031,1721060031,0,1,-10.56307507,-86.14136505,498930.5,22,12,-5.199999809,2024/7/15 16:13
1721060632,1721060631,0,1,-48.23453903,-95.62728882,517084,16,12,-6.199999809,2024/7/15 16:23
1721061232,1721061231,0,1,-81.83070374,-154.7303009,529458.3125,31,12,-48.29999924,2024/7/15 16:33
1721061832,1721061831,0,1,-55.02412033,98.46396637,522369.5,28,11,2.099999905,2024/7/15 16:43
1721062432,1721062431,0,1,-17.47697258,87.59063721,505017.9063,23,10,-50.70000076,2024/7/15 16:53
1721063032,1721063032,0,1,20.47155762,79.95973206,496277.5313,13,13,-66.59999847,2024/7/15 17:03
1721065432,1721065432,0,1,6.705255032,-106.3794479,494304.0313,25,11,-22.10000038,2024/7/15 17:43
1721066032,1721066032,0,1,-31.20567894,-114.2751389,508195.125,18,10,-9.600000381,2024/7/15 17:53
1721066633,1721066632,0,1,-68.18123627,-131.2165985,525796.75,25,11,-42.29999924,2024/7/15 18:03
1721067233,1721067232,0,1,-71.39225006,87.97207642,527794.1875,24,14,8.5,2024/7/15 18:13
1721067833,1721067832,0,1,-34.68139267,67.90779877,512717.9375,22,11,16.89999962,2024/7/15 18:23
1721068433,1721068432,0,1,3.15986824,59.8318367,498327.0938,23,14,-62.79999924,2024/7/15 18:33
1721069633,1721069633,0,1,77.25737762,20.11679077,500912.125,5,0,29,2024/7/15 18:53
1721070233,1721070233,0,1,61.47839355,-113.4077148,498009.625,28,13,-28.60000038,2024/7/15 19:03
1721070833,1721070833,0,1,23.96045685,-126.4450302,493050.1563,23,9,-44.09999847,2024/7/15 19:13
1721071433,1721071433,0,1,-14.02880955,-134.1227875,500294.375,20,11,-9.699999809,2024/7/15 19:23
1721072033,1721072033,0,1,-51.62699509,-144.2178192,518787.7188,13,10,-18.20000076,2024/7/15 19:33
1721072634,1721072633,0,1,-82.58636475,132.7737122,529589.6875,27,12,-39.59999847,2024/7/15 19:43
1721073234,1721073233,0,1,-51.64655304,49.70500183,520756,25,13,44.70000076,2024/7/15 19:53
1721073834,1721073833,0,1,-14.07816029,39.60998535,503459.0313,23,13,-21.20000076,2024/7/15 20:03
1721076834,1721076834,0,1,3.219290018,-154.344223,494895.2813,25,11,14.19999981,2024/7/15 20:53
1721077434,1721077434,0,1,-34.65670395,-162.4255066,510002.6875,19,9,7.099999905,2024/7/15 21:03
1721078034,1721078034,0,1,-71.38698578,177.5031891,526940.5,26,11,-61.09999847,2024/7/15 21:13
1721078635,1721078634,0,1,-68.18578339,36.71238327,526993.125,24,13,24.70000076,2024/7/15 21:23
1721079235,1721079234,0,1,-31.23480797,19.76387596,511013.5625,23,12,34.90000153,2024/7/15 21:33
1721079835,1721079834,0,1,6.640828133,11.86869526,497438.8125,22,13,18.79999924,2024/7/15 21:43
1721080435,1721080435,0,1,44.54786682,2.872183323,497110.5625,14,11,52.20000076,2024/7/15 21:53
1721081035,1721081035,0,1,79.87924957,-39.08311462,500722.75,25,13,34.5,2024/7/15 22:03
1721081635,1721081635,0,1,58.09651184,-162.6985779,497113.5313,27,12,14.69999981,2024/7/15 22:13
1721082235,1721082235,0,1,20.47266579,-174.4814911,492826.625,22,10,5,2024/7/15 22:23
1721082835,1721082835,0,1,-17.51399422,177.8793182,501613.8125,19,11,56.40000153,2024/7/15 22:33
1721083435,1721083435,0,1,-55.0271759,167.0092468,520457.375,25,11,-25.39999962,2024/7/15 22:43
1721084035,1721084035,0,1,-81.82070923,60.14045715,529628,26,11,1.600000024,2024/7/15 22:53
1721084636,1721084635,0,1,-48.23429871,1.115228295,519280.3438,23,10,23,2024/7/15 23:03
1721085236,1721085235,0,1,-10.5948,-8.370710373,502145.2813,24,11,12.10000038,2024/7/15 23:13
1721085836,1721085835,0,1,27.42081261,-16.14194679,495833.875,16,10,35.20000076,2024/7/15 23:23
1721086436,1721086436,0,1,64.78675079,-30.81731987,499547.3438,22,12,57.70000076,2024/7/15 23:33
1721087036,1721087036,0,1,74.33197021,-169.6223602,499609.0313,29,12,3.099999905,2024/7/15 23:43
1721087636,1721087636,0,1,37.66175842,165.9952087,493760.9063,28,12,-9.199999809,2024/7/15 23:53
1721088236,1721088236,0,1,-0.281470001,157.6929932,495579.4375,27,12,55.09999847,2024/7/16 0:03
1721088836,1721088836,0,1,-38.11657333,149.3682251,511834.5625,23,11,6.5,2024/7/16 0:13
1721089436,1721089436,0,1,-74.50154877,124.733284,527900.4375,31,12,-39.90000153,2024/7/16 0:23
1721090036,1721090036,0,1,-64.89942932,-13.6364603,526098.3125,28,12,8.800000191,2024/7/16 0:33
1721090637,1721090636,0,1,-27.76735497,-28.3397007,509447.6563,20,13,0.600000024,2024/7/16 0:43
1721091237,1721091236,0,1,10.13569355,-36.10258484,496891.5938,21,12,-9.5,2024/7/16 0:53
1721091837,1721091836,0,1,47.997509,-45.5836792,497496.3438,16,10,33.40000153,2024/7/16 1:03
1721092437,1721092437,0,1,81.84262085,-104.9868164,500686.25,25,12,6.400000095,2024/7/16 1:13
1721093037,1721093037,0,1,54.68507004,148.3104401,496439.5938,30,13,18.39999962,2024/7/16 1:23
1721093637,1721093637,0,1,16.97648239,137.5022278,492884.0938,24,13,48.90000153,2024/7/16 1:33
1721094237,1721094237,0,1,-21.00063896,129.8619995,503174.2813,17,11,20,2024/7/16 1:43
1721094837,1721094837,0,1,-58.41437912,118.0065765,522010.0625,29,12,-21.39999962,2024/7/16 1:53
1721095437,1721095437,0,1,-79.86560822,-5.551396847,529505.8125,27,13,-8.600000381,2024/7/16 2:03
1721096038,1721096037,0,1,-44.80513763,-47.34743881,517746.3125,21,10,-3.700000048,2024/7/16 2:13
1721096638,1721096637,0,1,-7.103590012,-56.34462738,501037.5313,17,11,-14.30000019,2024/7/16 2:23
1721097238,1721097237,0,1,30.83978653,-64.23033142,496083.6875,15,10,-42.5,2024/7/16 2:33
1721097838,1721097837,0,1,68.09789276,-81.1644516,500072.6563,25,11,-26.10000038,2024/7/16 2:43
1721098438,1721098438,0,1,71.1890564,137.680481,499356.2813,29,13,-3.099999905,2024/7/16 2:53
1721099038,1721099038,0,1,34.19161606,117.7937927,493532.4375,25,11,-3.400000095,2024/7/16 3:03
1721099638,1721099638,0,1,-3.772464991,109.7307816,496645.5,26,14,29.20000076,2024/7/16 3:13
1721100238,1721100238,0,1,-41.55938339,101.0987473,513639.9688,21,11,-19.20000076,2024/7/16 3:23
1721100838,1721100838,0,1,-77.42702484,69.53521729,528476.4375,27,12,4.5,2024/7/16 3:33
1721101438,1721101438,0,1,-61.57501984,-63.36783218,524801.75,24,10,16.79999924,2024/7/16 3:43
1721102039,1721102038,0,1,-24.29773712,-76.4091568,507702.7188,19,8,13.5,2024/7/16 3:53
1721102639,1721102638,0,1,13.62865162,-84.08390045,496385.8125,18,12,4.300000191,2024/7/16 4:03
1721103239,1721103238,0,1,51.37329483,-94.14648438,498005.3438,19,11,-33,2024/7/16 4:13
1721103839,1721103838,0,1,82.58709717,-177.9243774,500765.5313,27,12,4.599999905,2024/7/16 4:23
1721104439,1721104439,0,1,51.26181793,99.55249023,496132.75,28,13,-39.09999847,2024/7/16 4:33
1721105039,1721105039,0,1,13.48783016,89.50818634,493549.3125,24,12,-66.69999695,2024/7/16 4:43
1721105639,1721105639,0,1,-24.46961021,81.82637024,505141.9688,17,11,-28.20000076,2024/7/16 4:53
1721106239,1721106239,0,1,-61.76229858,68.70213318,523597.9375,24,12,27.89999962,2024/7/16 5:03
1721106839,1721106839,0,1,-77.26825714,-64.62560272,529138.875,25,12,-16.70000076,2024/7/16 5:13
1721107439,1721107439,0,1,-41.38066483,-95.69769287,515874.625,26,10,-4.099999905,2024/7/16 5:23
1721108040,1721108039,0,1,-3.621603251,-104.3068848,499647.875,22,11,-14.80000019,2024/7/16 5:34
1721108640,1721108639,0,1,34.31079483,-112.3714218,495976.125,15,10,-28,2024/7/16 5:44
1721109240,1721109239,0,1,71.28300476,-132.355423,500172.2188,27,12,-3.900000095,2024/7/16 5:54
1721109840,1721109839,0,1,67.94242859,86.44243622,498902.6875,31,12,-15.5,2024/7/16 6:04
1721110440,1721110440,0,1,30.71596336,69.64977264,493471.0313,26,10,-33.70000076,2024/7/16 6:14
1721111040,1721111040,0,1,-7.259840012,61.76755142,498173.0625,24,11,-52.09999847,2024/7/16 6:24
1721111640,1721111640,0,1,-44.98714447,52.74541092,515739.3438,17,10,43.29999924,2024/7/16 6:34
1721112240,1721112240,0,1,-79.99997711,10.17067146,529204.4375,26,12,-2.900000095,2024/7/16 6:44
1721112840,1721112840,0,1,-58.22999191,-112.655777,523477.5938,27,13,-19.89999962,2024/7/16 6:54
1721113440,1721113440,0,1,-20.83456802,-124.4444122,505872.7188,22,13,-9.199999809,2024/7/16 7:04
1721114041,1721114040,0,1,17.11133957,-132.0774689,495733.4688,18,12,-34.5,2024/7/16 7:14
1721114641,1721114640,0,1,54.79209518,-142.906662,498146.25,22,12,2.799999952,2024/7/16 7:24
1721115241,1721115240,0,1,81.80215454,109.7856522,500548.4375,29,12,3,2024/7/16 7:34
1721115841,1721115840,0,1,47.8253212,50.97073746,495634.1875,18,11,-15.80000019,2024/7/16 7:44
1721116441,1721116441,0,1,9.997186661,41.527668,494102.5,12,10,-13.19999981,2024/7/16 7:54
1721117041,1721117041,0,1,-27.93564415,33.75680923,506945.9063,15,9,17.39999962,2024/7/16 8:04
1721117641,1721117641,0,1,-65.08094788,18.94775009,524911.875,23,12,18.89999962,2024/7/16 8:14
1721118241,1721118241,0,1,-74.33317566,-119.6425934,528448.625,27,14,-36.5,2024/7/16 8:24
1721118841,1721118841,0,1,-37.94027328,-143.9637604,513929.125,24,11,-9.699999809,2024/7/16 8:34
1721119441,1721119441,0,1,-0.131589994,-152.2691193,498402.125,23,14,14,2024/7/16 8:44
1721120042,1721120041,0,1,37.78142929,-160.5755005,496039.8438,17,12,-14.30000019,2024/7/16 8:54
1721120642,1721120641,0,1,74.42325592,174.8864288,500326.5938,29,12,1.399999976,2024/7/16 9:04
1721121242,1721121241,0,1,64.62566376,36.13444138,498384.6563,14,11,16.60000038,2024/7/16 9:14
1721122442,1721122442,0,1,-10.75217628,13.79317665,499355.9375,18,10,18.60000038,2024/7/16 9:34
1721123042,1721123042,0,1,-48.41535187,4.275566578,517427.2813,13,9,23.39999962,2024/7/16 9:44
1721123642,1721123642,0,1,-81.90203857,-55.95223236,529416.3125,25,12,-25.29999924,2024/7/16 9:54
1721124242,1721124242,0,1,-54.84342194,-161.6417084,521909.4063,25,12,-28.29999924,2024/7/16 10:04
1721124842,1721124842,0,1,-17.34920883,-172.4603729,504214.8125,23,11,25.10000038,2024/7/16 10:14
1721125442,1721125442,0,1,20.60745049,179.9042816,495435.0313,19,11,3.200000048,2024/7/16 10:24
1721126043,1721126042,0,1,58.20497513,168.0898285,498572.8125,26,14,7.099999905,2024/7/16 10:34
1721126643,1721126642,0,1,79.80770874,44.08873367,500357.4688,25,12,15.80000019,2024/7/16 10:44
1721127243,1721127242,0,1,44.3679657,2.519531727,495034.875,19,10,51.5,2024/7/16 10:54
1721127843,1721127843,0,1,6.494026661,-6.446063519,494565.625,21,11,29.5,2024/7/16 11:04
1721128443,1721128443,0,1,-31.41083527,-14.35380459,508576.5938,11,10,15.89999962,2024/7/16 11:14
1721129043,1721129043,0,1,-68.37029266,-31.45735168,525921.4375,24,13,4.699999809,2024/7/16 11:24
1721129643,1721129643,0,1,-71.20455933,-172.3102417,527591.125,27,12,-65,2024/7/16 11:34
1721130243,1721130243,0,1,-34.47501755,167.832428,512099.9063,27,10,30,2024/7/16 11:44
1721130843,1721130843,0,1,3.374423265,159.7654114,497540.4688,26,11,47.59999847,2024/7/16 11:54
1721131444,1721131443,0,1,41.25786209,151.1489258,496405.25,20,10,15.60000038,2024/7/16 12:04
1721132044,1721132043,0,1,77.38745117,119.633522,500556.875,29,13,-0.600000024,2024/7/16 12:14
1721132644,1721132643,0,1,61.31818008,-13.53036213,497807.5,25,13,59.79999924,2024/7/16 12:24
1721133244,1721133243,0,1,23.73252678,-26.51824188,493102.5,23,11,19.79999924,2024/7/16 12:34
1721133844,1721133844,0,1,-14.25436497,-34.19364548,500550.3438,16,13,-10.10000038,2024/7/16 12:44
1721134444,1721134444,0,1,-51.8453598,-44.33500671,518947.5,19,12,5.300000191,2024/7/16 12:54
1721135044,1721135044,0,1,-82.58092499,-128.9870605,529468,29,12,-41.79999924,2024/7/16 13:04
1721135644,1721135644,0,1,-51.42562485,149.5935211,520384.5,26,12,-18.20000076,2024/7/16 13:14
1721136244,1721136244,0,1,-13.84864998,139.5399628,502872.1875,25,11,56.5,2024/7/16 13:24
1721136844,1721136844,0,1,24.110569,131.8622437,495448.75,20,10,37.09999847,2024/7/16 13:34
1721137445,1721137444,0,1,61.603302,118.7719116,499079.5938,23,11,-20.79999924,2024/7/16 13:44
1721138045,1721138044,0,1,77.15208435,-15.00701046,500010.5625,25,11,33.20000076,2024/7/16 13:54
1721138645,1721138644,0,1,40.95529938,-45.81326675,494418.0938,24,11,16.20000076,2024/7/16 14:04
1721139245,1721139244,0,1,3.042998314,-54.40162659,495116.5313,21,14,-30,2024/7/16 14:14
1721139845,1721139845,0,1,-34.89175034,-62.50892639,510270.4688,17,11,18.10000038,2024/7/16 14:24
1721140445,1721140445,0,1,-71.60152435,-82.8331604,526987.9375,28,13,-13.39999962,2024/7/16 14:34
1721141045,1721141045,0,1,-67.96573639,136.453476,526819.3125,27,14,-41.40000153,2024/7/16 14:44
1721141645,1721141645,0,1,-30.99842834,119.681778,510649.5313,25,10,-24.5,2024/7/16 14:54
1721142245,1721142245,0,1,6.88270998,111.7977448,497067.375,23,10,25.5,2024/7/16 15:04
1721142845,1721142845,0,1,44.72732544,102.7930069,496987.2188,18,10,-47.29999924,2024/7/16 15:14
1721143446,1721143445,0,1,80.0042572,60.1212616,500711.3438,24,12,9.199999809,2024/7/16 15:24
1721144046,1721144045,0,1,57.92071533,-62.82225418,497280.7813,24,12,-7.800000191,2024/7/16 15:34
1721144646,1721144645,0,1,20.29453468,-74.54399109,493152.3125,25,12,-32.40000153,2024/7/16 15:44
1721145246,1721145245,0,1,-17.75169754,-82.19272614,502027.7188,17,13,3.200000048,2024/7/16 15:54
1721145846,1721145846,0,1,-55.25692749,-93.11742401,520642.8438,21,12,-9.899999619,2024/7/16 16:04
1721146446,1721146446,0,1,-81.72333527,158.614151,529528.375,27,12,-41.5,2024/7/16 16:14
1721147046,1721147046,0,1,-48.0018959,101.0013046,518888.4688,25,10,-5.599999905,2024/7/16 16:24
1721147646,1721147646,0,1,-10.35396194,91.55503845,501764.3438,23,10,-59.40000153,2024/7/16 16:34
1721148246,1721148246,0,1,27.60150909,83.79327393,495689.25,14,9,-61.70000076,2024/7/16 16:44
1721148846,1721148846,0,1,64.96141815,69.02365112,499642.7188,19,13,-13.5,2024/7/16 16:54
1721149447,1721149446,0,1,74.17520142,-69.98616791,499862.75,22,11,16.20000076,2024/7/16 17:04
1721150047,1721150046,0,1,37.48759079,-94.07978821,494187.2188,22,11,-31.60000038,2024/7/16 17:14
1721150647,1721150646,0,1,-0.452324986,-102.3646927,496058.25,18,11,-15.89999962,2024/7/16 17:24
1721151247,1721151247,0,1,-38.34500504,-110.7162247,512104.125,16,10,-10.10000038,2024/7/16 17:34
1721151847,1721151847,0,1,-74.70389557,-135.7111053,527791.4375,25,12,-45.70000076,2024/7/16 17:44
1721152447,1721152447,0,1,-64.67938995,86.1479187,525614.5,26,13,12.10000038,2024/7/16 17:54
1721153047,1721153047,0,1,-27.53080177,71.57711029,508831.5313,24,11,-0.699999988,2024/7/16 18:04
1721153647,1721153647,0,1,10.37921619,63.82342529,496496.75,18,13,-71.5,2024/7/16 18:14
1721155448,1721155447,0,1,54.50870132,-111.7962799,496797.375,29,12,-23.5,2024/7/16 18:44
1721156048,1721156047,0,1,16.80093575,-122.5584793,493388.2813,21,12,-45.40000153,2024/7/16 18:54
1721156648,1721156647,0,1,-21.23401642,-130.2120667,503613.0938,18,11,-11.60000038,2024/7/16 19:04
1721157248,1721157248,0,1,-58.6382637,-142.140976,522154.5,16,10,-27.60000038,2024/7/16 19:14
1721157848,1721157848,0,1,-79.70798492,93.45767212,529207,29,13,-6.300000191,2024/7/16 19:24
1721158448,1721158448,0,1,-44.5725975,52.55070114,517073.0313,25,11,43.29999924,2024/7/16 19:34
1721159048,1721159048,0,1,-6.860928535,43.58253479,500372.6563,17,12,-38,2024/7/16 19:44
1721161449,1721161448,0,1,34.00161743,-142.27771,493693.4375,24,9,-29.29999924,2024/7/16 20:24
1721162049,1721162048,0,1,-3.960431576,-150.3302002,496975,25,12,11.89999962,2024/7/16 20:34
1721162649,1721162648,0,1,-41.80374146,-159.0014343,513938.4063,21,9,-2.299999952,2024/7/16 20:44
1721163249,1721163249,0,1,-77.62179565,168.8082123,528554.1875,29,11,-54.5,2024/7/16 20:54
1721163849,1721163849,0,1,-61.33717728,36.45643616,524448.25,27,11,30.20000076,2024/7/16 21:04
1721164449,1721164449,0,1,-24.04777336,23.51172447,507130,23,12,22.70000076,2024/7/16 21:14
1721165049,1721165049,0,1,13.88467789,15.83852196,495833.375,23,13,12.69999981,2024/7/16 21:24
1721165649,1721165649,0,1,51.62927246,5.720358372,497547.4688,14,13,44.09999847,2024/7/16 21:34
1721166249,1721166249,0,1,82.57843781,-79.521698,500480.4375,25,12,17.10000038,2024/7/16 21:44
1721166850,1721166849,0,1,51.061409,-160.5469818,495931.0938,26,11,10.39999962,2024/7/16 21:54
1721167450,1721167449,0,1,13.28384304,-170.5561981,493459.1875,25,12,9.399999619,2024/7/16 22:04
1721168050,1721168049,0,1,-24.6723156,-178.245163,505105.5625,23,10,51.5,2024/7/16 22:14
1721168650,1721168649,0,1,-62.01755142,168.4966888,523607.6875,25,11,-44.09999847,2024/7/16 22:24
1721169250,1721169250,0,1,-77.04769897,34.65201187,528836.4375,27,12,11.19999981,2024/7/16 22:34
1721169850,1721169850,0,1,-41.11213303,4.202849865,515430.4375,26,10,19.70000076,2024/7/16 22:44
1721170450,1721170450,0,1,-3.346780062,-4.384224892,499230.9063,22,12,17.79999924,2024/7/16 22:54
1721171050,1721171050,0,1,34.58667374,-12.46982002,495643.375,15,10,44.29999924,2024/7/16 23:04
1721171650,1721171650,0,1,71.53791809,-32.7685585,499881.9375,26,12,51.29999924,2024/7/16 23:14
1721172250,1721172250,0,1,67.73396301,-173.7828674,498614.4688,29,12,1.299999952,2024/7/16 23:24
1721172851,1721172850,0,1,30.49442101,169.5761719,493206.6563,24,11,-7.300000191,2024/7/16 23:34
1721173451,1721173450,0,1,-7.483878136,161.6997223,497940.5,23,13,59.29999924,2024/7/16 23:44
1721174051,1721174050,0,1,-45.20861435,152.6446381,515708.9063,22,10,-11.10000038,2024/7/16 23:54
1721174651,1721174650,0,1,-80.1870575,108.8540497,529100,27,13,-23,2024/7/17 0:04
1721175251,1721175251,0,1,-57.94746017,-12.82397175,523212.4063,28,12,19.10000038,2024/7/17 0:14
1721175851,1721175851,0,1,-20.54317665,-24.52747917,505625.1563,20,12,-5.800000191,2024/7/17 0:24
1721176451,1721176451,0,1,17.40439224,-32.16208267,495521.4688,17,12,7.900000095,2024/7/17 0:34
1721177051,1721177051,0,1,55.08000183,-43.06899261,497933.2813,23,11,43,2024/7/17 0:44
1721177651,1721177651,0,1,81.66858673,-152.1071777,500243.4063,24,12,2.700000048,2024/7/17 0:54
1721178251,1721178251,0,1,47.59086227,150.8673401,495230.375,25,14,21.20000076,2024/7/17 1:04
1721178852,1721178851,0,1,9.756286621,141.4576569,493771.5625,23,13,56.70000076,2024/7/17 1:14
1721179452,1721179451,0,1,-28.17746162,133.6772614,506844.1563,18,11,2.599999905,2024/7/17 1:24
1721180052,1721180051,0,1,-65.31234741,118.7278595,524914.1875,28,12,-25.20000076,2024/7/17 1:34
1721180652,1721180651,0,1,-74.06267548,-20.21259499,528356.75,26,13,1.200000048,2024/7/17 1:44
1721181252,1721181252,0,1,-37.63594818,-44.06807327,513827.125,25,10,-6.300000191,2024/7/17 1:54
1721181852,1721181852,0,1,0.17543,-52.3509407,498388.7813,22,10,-24.5,2024/7/17 2:04
1721182452,1721182452,0,1,38.0854454,-60.68242264,496064.2813,15,9,-27.70000076,2024/7/17 2:14
1721183052,1721183052,0,1,74.69114685,-85.71653748,500276.5625,25,11,-1.5,2024/7/17 2:24
1721183652,1721183652,0,1,64.39239502,135.926651,498232.75,32,13,2,2024/7/17 2:34
1721184252,1721184252,0,1,26.98664474,121.4712601,493105.6563,25,12,16.20000076,2024/7/17 2:44
1721184853,1721184852,0,1,-10.99933529,113.7226181,499245.7188,29,14,4.199999809,2024/7/17 2:54
1721185453,1721185452,0,1,-48.65984726,104.1666183,517368.8125,18,11,-9.699999809,2024/7/17 3:04
1721186053,1721186052,0,1,-81.99992371,42.37487411,529269.0625,25,14,-1.100000024,2024/7/17 3:14
1721186653,1721186653,0,1,-54.53722,-61.80593872,521664.5938,24,10,13.30000019,2024/7/17 3:24
1721187253,1721187253,0,1,-17.03437996,-72.54653931,504042.0625,20,11,23.29999924,2024/7/17 3:34
1721187853,1721187853,0,1,20.92330551,-80.18262482,495375.1563,18,10,-23.20000076,2024/7/17 3:44
1721188453,1721188453,0,1,58.5133667,-92.09664154,498549.4063,19,13,-48.40000153,2024/7/17 3:54
1721189053,1721189053,0,1,79.58898163,142.7566528,500229.0625,30,11,2.599999905,2024/7/17 4:04
1721189653,1721189653,0,1,44.11568451,102.4169312,495015.9063,27,11,-48,2024/7/17 4:14
1721190253,1721190253,0,1,6.238738537,93.48449707,494722.0313,27,12,-54.40000153,2024/7/17 4:24
1721190854,1721190853,0,1,-31.66284943,85.56768799,508857.4063,20,11,-14.39999962,2024/7/17 4:34
1721191454,1721191453,0,1,-68.60579681,68.27477264,526137.3125,27,13,24.20000076,2024/7/17 4:44
1721192054,1721192053,0,1,-70.97735596,-72.65914154,527541.5,27,11,-2.099999905,2024/7/17 4:54
1721192654,1721192654,0,1,-34.16444016,-92.26773071,511871.875,22,10,-2.900000095,2024/7/17 5:04
1721193254,1721193254,0,1,3.690256596,-100.314003,497281.2188,21,10,-13.5,2024/7/17 5:14
1721193854,1721193854,0,1,41.57380676,-108.9595261,496168.8438,13,11,-14,2024/7/17 5:24
1721194454,1721194454,0,1,77.64770508,-141.2779083,500341.75,30,14,-5.400000095,2024/7/17 5:34
1721195054,1721195054,0,1,61.00727844,86.24465179,497764.2188,32,12,-29.20000076,2024/7/17 5:44
1721195654,1721195654,0,1,23.47463417,73.40574646,493336.0625,25,12,-54.70000076,2024/7/17 5:54
1721196254,1721196254,0,1,-14.50905323,65.7374649,501031.7813,20,11,-33.40000153,2024/7/17 6:04
1721196855,1721196854,0,1,-52.09035873,55.54935837,519405.1563,18,10,41.90000153,2024/7/17 6:14
1721197455,1721197454,0,1,-82.57249451,-30.92010498,529618.125,27,12,-17.5,2024/7/17 6:24
1721198055,1721198054,0,1,-51.18472672,-110.52491,520108.625,26,13,-11.10000038,2024/7/17 6:34
1721198655,1721198654,0,1,-13.53562641,-120.5416031,502360.5313,18,13,-7.5,2024/7/17 6:44
1721199255,1721199255,0,1,24.42904091,-128.224411,494962.625,12,11,-42.29999924,2024/7/17 6:54
1721199855,1721199855,0,1,61.91630936,-141.4494171,498687.0625,23,12,16.29999924,2024/7/17 7:04
1721200455,1721200455,0,1,76.88538361,84.1138916,499916.5625,29,11,-5.400000095,2024/7/17 7:14
1721201055,1721201055,0,1,40.63277435,54.07396317,494638.2188,11,11,-13.60000038,2024/7/17 7:24
1721201655,1721201655,0,1,2.721638441,45.51770782,495638.7188,27,11,-36.70000076,2024/7/17 7:34
1721202256,1721202255,0,1,-35.14161682,37.40774918,510805.6875,16,10,25.10000038,2024/7/17 7:44
1721202856,1721202855,0,1,-71.82689667,16.80839157,527192,26,11,15.60000038,2024/7/17 7:54
1721203456,1721203455,0,1,-67.73331451,-123.805397,526533.25,27,12,-36.90000153,2024/7/17 8:04
1721204056,1721204055,0,1,-30.68468857,-140.4118347,509915.0313,20,11,-8.899999619,2024/7/17 8:14
1721204656,1721204655,0,1,7.20628643,-148.2832642,496292.875,21,14,4,2024/7/17 8:24
1721205256,1721205256,0,1,45.05433273,-157.3320313,496346.75,19,12,-6.199999809,2024/7/17 8:34
1721205856,1721205856,0,1,80.22486877,158.6021118,500357.9688,26,13,1.200000048,2024/7/17 8:44
1721207656,1721207656,0,1,-18.0190506,17.73291206,502514.25,5,0,19.29999924,2024/7/17 9:14
1721208257,1721208256,0,1,-55.51296616,6.737843513,520976.0938,20,10,24.20000076,2024/7/17 9:24
1721208857,1721208856,0,1,-81.60144043,-103.0118637,529431.6875,26,13,-30.79999924,2024/7/17 9:34
1721209457,1721209456,0,1,-47.74123001,-159.1051178,518326.375,25,11,-13.80000019,2024/7/17 9:44
1721210057,1721210056,0,1,-10.01914501,-168.5271149,500868.7188,19,12,19,2024/7/17 9:54
1721210657,1721210657,0,1,27.943573,-176.3034821,494873.9063,14,12,-1,2024/7/17 10:04
1721211257,1721211257,0,1,65.2947464,168.7214966,499068.8125,25,13,9.199999809,2024/7/17 10:14
1721211857,1721211857,0,1,73.85961914,29.38280678,499564.0938,19,11,19.70000076,2024/7/17 10:24
1721213657,1721213657,0,1,-38.62630463,-10.81565666,512582.2188,6,0,21.79999924,2024/7/17 10:54
1721214258,1721214257,0,1,-74.94641113,-36.289814,527880.4375,25,12,-2.799999952,2024/7/17 11:04
1721214858,1721214857,0,1,-64.40899658,-174.074646,525314.9375,31,12,-50.29999924,2024/7/17 11:14
1721215458,1721215457,0,1,-27.24462128,171.4980927,508115.4688,28,11,49.70000076,2024/7/17 11:24
1721216058,1721216058,0,1,10.73708534,163.7367249,495689.0625,22,10,29.5,2024/7/17 11:34
1721216658,1721216658,0,1,48.53746033,154.1793671,496782.875,20,10,25.89999962,2024/7/17 11:44
1721217258,1721217258,0,1,82.05502319,91.28951263,500434.1563,26,13,7.800000191,2024/7/17 11:54
1721217858,1721217858,0,1,54.14403915,-11.97233868,496590.5313,25,11,57.90000153,2024/7/17 12:04
1721218458,1721218458,0,1,16.42959976,-22.64902878,493491.5,20,12,29.79999924,2024/7/17 12:14
1721219058,1721219058,0,1,-21.53812599,-30.2935791,503945.625,16,10,-6.099999905,2024/7/17 12:24
1721219658,1721219658,0,1,-58.93027496,-42.32519913,522331.6875,21,12,19.5,2024/7/17 12:34
1721220259,1721220258,0,1,-79.49584961,-167.7587585,529089.625,29,11,-53.59999847,2024/7/17 12:44
1721220859,1721220858,0,1,-44.27220917,152.4414673,516626.6875,31,10,-9.800000191,2024/7/17 12:54
1721221459,1721221458,0,1,-6.5514884,143.5076904,499702.4375,25,11,79.19999695,2024/7/17 13:04
1721222059,1721222059,0,1,31.46412086,135.5787048,495063.25,18,9,36.09999847,2024/7/17 13:14
1721222659,1721222659,0,1,68.63451385,118.2138367,499462.5938,28,12,-11,2024/7/17 13:24
1721223259,1721223259,0,1,70.65827179,-23.08848763,499043.4375,26,11,54.90000153,2024/7/17 13:34
1721223859,1721223859,0,1,33.61846924,-42.3885498,493659.7188,22,11,16.60000038,2024/7/17 13:44
1721224459,1721224459,0,1,-4.344116688,-50.41870117,497256.4688,22,13,-23.20000076,2024/7/17 13:54
1721225059,1721225059,0,1,-42.11735153,-59.10958862,514231.1875,16,11,11.60000038,2024/7/17 14:04
1721225659,1721225659,0,1,-77.87181091,-92.12622833,528599.3125,28,14,-21.20000076,2024/7/17 14:14
1721226260,1721226259,0,1,-61.03306961,136.2456055,524234.125,27,12,-35.29999924,2024/7/17 14:24
1721226860,1721226859,0,1,-23.73020554,123.4272537,506732.5938,27,9,-2.799999952,2024/7/17 14:34
1721227460,1721227459,0,1,14.27040958,115.7468185,495483.0938,20,10,23.79999924,2024/7/17 14:44
1721228060,1721228060,0,1,52.0111618,105.5525131,497418.3125,19,12,-39.90000153,2024/7/17 14:54
1721228660,1721228660,0,1,82.55614471,17.42726326,500376.5313,28,12,27.20000076,2024/7/17 15:04
1721229260,1721229260,0,1,50.67854691,-60.71643829,496000.4688,25,10,-13.19999981,2024/7/17 15:14
1721229860,1721229860,0,1,12.89616299,-70.64875793,493775.25,22,13,-26.5,2024/7/17 15:24
1721230460,1721230460,0,1,-25.05488014,-78.34281921,505585.4688,15,13,10.39999962,2024/7/17 15:34
1721231060,1721231060,0,1,-62.32317352,-91.71859741,523837.8438,23,12,-14.60000038,2024/7/17 15:44
1721231661,1721231660,0,1,-76.79089355,133.8065338,528777.3125,26,12,-47.59999847,2024/7/17 15:54
1721232261,1721232260,0,1,-40.79794693,104.0907974,515074.4375,25,9,-24.89999962,2024/7/17 16:04
1721232861,1721232860,0,1,-3.024863243,95.53697968,498880.9375,25,11,-34.40000153,2024/7/17 16:14
1721234061,1721234060,0,1,71.89466858,66.69304657,499950.7813,25,13,-6.599999905,2024/7/17 16:34
1721234661,1721234661,0,1,67.36982727,-74.17715454,498808.7188,29,11,-19.5,2024/7/17 16:44
1721235261,1721235261,0,1,30.11197853,-90.5332489,493575.75,25,11,-27.60000038,2024/7/17 16:54
1721235861,1721235861,0,1,-7.863520145,-98.3894043,498485.1875,19,12,-13.10000038,2024/7/17 17:04
1721236461,1721236461,0,1,-45.57917023,-107.4880447,516054.0313,19,10,-9.399999619,2024/7/17 17:14
1721237061,1721237061,0,1,-80.39093781,-152.568222,529064.5625,28,12,-51.70000076,2024/7/17 17:24
1721237662,1721237661,0,1,-57.64450073,86.98841095,522775.3125,24,11,15.5,2024/7/17 17:34
1721238262,1721238261,0,1,-20.22608185,75.38618469,505095.7188,21,10,-31.29999924,2024/7/17 17:44
1721238862,1721238861,0,1,17.7269268,67.75534058,495231.7188,19,13,-67.5,2024/7/17 17:54
1721240062,1721240062,42949672,1,81.48735809,-54.48780441,500363.625,5,0,19.20000076,2024/7/17 18:14
1721240662,1721240662,0,1,47.21231461,-109.2835159,495592.5938,24,12,-13.10000038,2024/7/17 18:24
1721241262,1721241262,0,1,9.377118111,-118.6329803,494329.4063,24,12,-38.20000076,2024/7/17 18:34
1721241862,1721241862,0,1,-28.54954147,-126.4234543,507323.3438,15,10,-11.89999962,2024/7/17 18:44
1721242462,1721242462,0,1,-65.66503143,-141.5843201,525068.625,21,12,-43,2024/7/17 18:54
1721243062,1721243062,0,1,-73.79119873,79.22493744,527997.8125,25,12,10.19999981,2024/7/17 19:04
1721243663,1721243662,0,1,-37.32536316,55.82906342,513137.125,23,11,30.29999924,2024/7/17 19:14
1721244263,1721244262,0,1,0.495909989,47.57073975,497771.875,21,12,-48.5,2024/7/17 19:24
1721246063,1721246063,0,1,64.01502228,-124.3826599,498191.625,30,10,-9.100000381,2024/7/17 19:54
1721246663,1721246663,0,1,26.59487534,-138.6324615,493347,23,10,-27.60000038,2024/7/17 20:04
1721247263,1721247263,0,1,-11.38793468,-146.3701782,499715.625,23,12,-0.400000006,2024/7/17 20:14
1721247863,1721247863,0,1,-49.03688812,-155.9899445,517809.0313,21,10,-15.89999962,2024/7/17 20:24
1721248463,1721248463,0,1,-82.13294983,139.7542725,529356.125,29,11,-43.79999924,2024/7/17 20:34
1721249063,1721249063,0,1,-54.2252121,38.03821945,521254.0625,27,13,43.70000076,2024/7/17 20:44
1721249664,1721249663,0,1,-16.7108345,27.37140656,503452.3438,20,13,4.099999905,2024/7/17 20:54
1721250864,1721250863,0,1,58.83810043,7.702756882,498105.7188,13,13,44,2024/7/17 21:14
1721251464,1721251463,0,1,79.3022995,-118.8197556,499972.9375,25,13,-0.200000003,2024/7/17 21:24
1721252064,1721252064,0,1,43.71687317,-157.7220306,494854.3125,25,10,-8.699999809,2024/7/17 21:34
1721252664,1721252664,0,1,5.835740089,-166.6092682,494748.7813,29,12,13.5,2024/7/17 21:44
1721253264,1721253264,0,1,-32.06131744,-174.548111,509018.7813,22,9,29.5,2024/7/17 21:54
1721253864,1721253864,0,1,-68.97767639,167.8293762,526239.75,22,11,-57.70000076,2024/7/17 22:04
1721254464,1721254464,0,1,-70.60752869,26.83341026,527235.8125,26,13,21.5,2024/7/17 22:14
1721255064,1721255064,0,1,-33.82559586,7.633540154,511411.6563,23,10,22.39999962,2024/7/17 22:24
1721255665,1721255664,0,1,4.035134792,-0.396706671,496860.2188,18,11,18,2024/7/17 22:34
1721256265,1721256264,0,1,41.91812897,-9.082098007,495828.0938,17,11,55.29999924,2024/7/17 22:44
1721256865,1721256864,0,1,77.92337036,-42.34566498,500044.5938,27,12,33.70000076,2024/7/17 22:54
1721257465,1721257464,0,1,60.6030159,-174.0157623,497431.1875,26,12,6.699999809,2024/7/17 23:04
1721258065,1721258065,0,1,23.05592728,173.3015594,493093.625,21,11,0.899999976,2024/7/17 23:14
1721258665,1721258665,0,1,-14.92895126,165.6364441,500961.6875,23,11,56.40000153,2024/7/17 23:24
1721259265,1721259265,0,1,-52.50127792,155.3573151,519504.6563,26,11,-19.60000038,2024/7/17 23:34
1721259865,1721259865,0,1,-82.53068542,65.81710052,529479.9375,28,13,-1.299999952,2024/7/17 23:44
1721260465,1721260465,0,1,-50.77017975,-10.69892502,519778.3125,24,11,26.5,2024/7/17 23:54
1721261065,1721261065,0,1,-13.17474461,-20.62746239,502083.5313,19,12,-0.5,2024/7/18 0:04
1721261666,1721261665,0,1,24.79087257,-28.32038498,494735.5625,15,10,19.70000076,2024/7/18 0:14
1721262266,1721262265,0,1,62.26718903,-41.70806885,498447.5625,20,12,47.40000153,2024/7/18 0:24
1721262866,1721262865,0,1,76.5794754,-176.816925,499540.9375,27,12,1.5,2024/7/18 0:34
1721263466,1721263466,0,1,40.20135117,153.9365387,494204.7188,29,10,8.5,2024/7/18 0:44
1721264066,1721264066,0,1,2.28308177,145.4185638,495350.3125,29,14,65.30000305,2024/7/18 0:54
1721264666,1721264666,0,1,-35.57769012,137.278595,510852.2188,23,12,-4.5,2024/7/18 1:04
1721265266,1721265266,0,1,-72.22480011,116.1664581,527265.375,25,12,-30.39999962,2024/7/18 1:14
1721265866,1721265866,0,1,-67.31947327,-24.2306118,526396.4375,24,11,6.199999809,2024/7/18 1:24
1721266466,1721266466,0,1,-30.31001472,-40.51409149,509794.5938,24,10,-9,2024/7/18 1:34
1721267067,1721267066,0,1,7.58303833,-48.3707695,496290.6875,25,11,-40.5,2024/7/18 1:44
1721267667,1721267666,0,1,45.42601395,-57.46900558,496360.125,15,10,-8.399999619,2024/7/18 1:54
1721268267,1721268266,0,1,80.46533203,-103.1661911,500262.5625,27,12,3.5,2024/7/18 2:04
1721268867,1721268866,0,1,57.16142654,136.7495117,496958.125,28,12,14.10000038,2024/7/18 2:14
1721269467,1721269466,0,1,19.51571465,125.2607803,493187.375,21,13,34.29999924,2024/7/18 2:24
1721270067,1721270067,0,1,-18.46360588,117.6272583,502473.875,23,15,-1.5,2024/7/18 2:34
1721270667,1721270667,0,1,-55.94766617,106.516655,520997.5313,24,13,-8.100000381,2024/7/18 2:44
1721271267,1721271267,0,1,-81.38508606,-5.688241482,529280.25,28,14,-10.39999962,2024/7/18 2:54
1721271867,1721271867,0,1,-47.30042648,-59.27511597,518069.4688,24,11,7.900000095,2024/7/18 3:04
1721272467,1721272467,0,1,-9.633146286,-68.61624146,500736.75,20,11,25.39999962,2024/7/18 3:14
1721273068,1721273067,0,1,28.32875633,-76.40448761,494891.6875,18,11,-44,2024/7/18 3:24
1721273668,1721273667,0,1,65.66326904,-91.60329437,499063.5625,22,12,-36.79999924,2024/7/18 3:34
1721274268,1721274267,0,1,73.51563263,128.7069397,499430.8125,28,12,-4.800000191,2024/7/18 3:44
1721274868,1721274867,0,1,36.68544006,105.6776733,494104.875,25,11,-39.40000153,2024/7/18 3:54
1721275468,1721275467,0,1,-1.257486701,97.45124054,496559.2188,19,14,-26.89999962,2024/7/18 4:04
1721276068,1721276068,0,1,-39.07266998,89.05130005,512816.0313,15,11,-3.5,2024/7/18 4:14
1721276668,1721276668,0,1,-75.33414459,62.80224609,528043.4375,27,12,11.19999981,2024/7/18 4:24
1721277268,1721277268,0,1,-63.98263168,-74.42409515,525137.875,21,10,1.899999976,2024/7/18 4:34
1721277868,1721277868,0,1,-26.79775238,-88.61587524,507844.8125,17,10,2.299999952,2024/7/18 4:44
1721278468,1721278468,0,1,11.12524509,-96.34978485,495482.8438,22,11,-6.5,2024/7/18 4:54
1721279069,1721279068,0,1,48.92216873,-105.9674225,496663.4375,19,10,-17.10000038,2024/7/18 5:04
1721279669,1721279668,0,1,82.19023132,-171.4309692,500274.4063,29,13,4.099999905,2024/7/18 5:14
1721280269,1721280268,0,1,53.75997925,87.84116364,496579.9688,27,12,-38.79999924,2024/7/18 5:24
1721280869,1721280868,0,1,15.97478867,77.24697113,493781.2813,24,13,-83.59999847,2024/7/18 5:34
1721281469,1721281469,0,1,-21.98832321,69.60097504,504461.2188,21,10,-13,2024/7/18 5:44
1721282069,1721282069,0,1,-59.36292648,57.42180634,522801.9375,18,10,33.20000076,2024/7/18 5:54
1721282669,1721282669,0,1,-79.18079376,-69.47579193,529121.3125,25,13,-20.10000038,2024/7/18 6:04
1721283269,1721283269,0,1,-43.83388138,-107.7103119,516232.4063,24,11,-9.399999619,2024/7/18 6:14
1721283869,1721283869,0,1,-6.102583408,-116.5894928,499235.0313,23,13,-15.39999962,2024/7/18 6:24
1721284469,1721284469,0,1,31.85300827,-124.5232925,494696.5625,18,12,-41.79999924,2024/7/18 6:34
1721285070,1721285069,0,1,69.00418854,-142.2040558,499203.8125,25,13,5.599999905,2024/7/18 6:44
1721285670,1721285669,0,1,70.2935257,76.41446686,499044.625,27,13,-10.30000019,2024/7/18 6:54
1721286270,1721286269,0,1,33.22688675,57.50281143,493939.4688,13,10,-11,2024/7/18 7:04
1721286870,1721286870,0,1,-4.796428204,49.48339462,497853.6563,20,11,-43.5,2024/7/18 7:14
1721287470,1721287470,0,1,-42.55791473,40.74664688,514795.375,14,9,44.40000153,2024/7/18 7:24
1721288070,1721288070,0,1,-78.21738434,6.511111736,528722.6875,27,12,-0.200000003,2024/7/18 7:34
1721288670,1721288670,0,1,-60.60555267,-124.0349426,523754.5,26,11,-26.79999924,2024/7/18 7:44
1721289270,1721289270,0,1,-23.28186989,-136.6807098,505917.0625,25,14,-11.60000038,2024/7/18 7:54
1721289870,1721289870,0,1,14.66491985,-144.3420105,494769.5625,25,13,-10.5,2024/7/18 8:04
1721290470,1721290470,0,1,52.40483475,-154.6208344,496899.0625,20,12,10.10000038,2024/7/18 8:14
1721291071,1721291070,0,1,82.50751495,114.2978592,500179.5313,25,12,5.5,2024/7/18 8:24
1721293471,1721293471,0,1,-62.75911331,7.961646557,524109.4688,22,11,18.79999924,2024/7/18 9:04
1721294071,1721294071,0,1,-76.41252136,-127.3133469,528469.0625,27,13,-35.70000076,2024/7/18 9:14
1721294671,1721294671,0,1,-40.34282303,-156.0480194,514261.4375,19,11,-1.200000048,2024/7/18 9:24
1721295271,1721295271,0,1,-2.556288242,-164.5617065,497957.625,20,13,15.19999981,2024/7/18 9:34
1721295871,1721295871,0,1,35.38343811,-172.6984406,494822.7188,17,11,-13,2024/7/18 9:44
1721296471,1721296471,0,1,72.27448273,166.0765839,499520.25,26,13,2,2024/7/18 9:54
1721297072,1721297071,0,1,66.96993256,25.43429947,498610.6563,12,11,21.20000076,2024/7/18 10:04
1721300672,1721300672,0,1,-19.74389839,175.2786713,504174.4688,13,0,60.59999847,2024/7/18 11:04
1721301272,1721301272,0,1,18.21770477,167.6457062,494439.9688,20,10,16.29999924,2024/7/18 11:14
1721301872,1721301872,0,1,55.88375473,156.5232697,497403.0313,19,12,21.5,2024/7/18 11:24
1721302473,1721302472,0,1,81.26107788,42.97022247,500106,24,12,19.39999962,2024/7/18 11:34
1721303073,1721303072,0,1,46.77775955,-9.437098503,495495.8438,22,12,49.5,2024/7/18 11:44
1721303673,1721303672,0,1,8.93855381,-18.72569084,494541.5625,20,13,19.60000038,2024/7/18 11:54
1721304273,1721304272,0,1,-29.04454994,-26.54831696,507751.1875,19,11,3,2024/7/18 12:04
1721304873,1721304873,0,1,-66.13298798,-42.01255417,525204.6875,25,11,11.69999981,2024/7/18 12:14
1721305473,1721305473,0,1,-73.34997559,178.3980865,527714.4375,27,13,-60.20000076,2024/7/18 12:24
1721306073,1721306073,0,1,-36.82977676,155.6909943,512457.375,25,10,11.89999962,2024/7/18 12:34
1721306673,1721306673,0,1,1.002546668,147.4664154,497026.3438,23,12,66,2024/7/18 12:44
1721307273,1721307273,0,1,38.91701508,139.0644073,495171.8125,17,11,36.90000153,2024/7/18 12:54
1721307873,1721307873,0,1,75.42302704,112.5613098,499800.5625,22,11,-4.5,2024/7/18 13:04
1721308474,1721308473,0,1,63.57953262,-24.71536446,497996.1563,22,12,65.30000305,2024/7/18 13:14
1721309074,1721309073,0,1,26.14225578,-38.73984528,493386.8438,22,12,6.699999809,2024/7/18 13:24
1721309674,1721309673,0,1,-11.83933544,-46.46581268,500013.2188,21,12,-16,2024/7/18 13:34
1721310274,1721310273,0,1,-49.53964233,-56.18449402,518093.375,19,10,8.600000381,2024/7/18 13:44
1721310874,1721310874,0,1,-82.28740692,-123.8679733,529283.0625,25,13,-40.09999847,2024/7/18 13:54
1721311474,1721311474,0,1,-53.72415161,137.8083038,520836.9063,24,10,-22.10000038,2024/7/18 14:04
1721312074,1721312074,0,1,-16.19431114,127.2596359,502900.125,27,11,33.79999924,2024/7/18 14:14
1721312674,1721312674,0,1,21.77307701,119.6139145,494502.9375,20,9,18.10000038,2024/7/18 14:24
1721313274,1721313274,0,1,59.34673691,107.4094467,498030.0313,22,12,-30.60000038,2024/7/18 14:34
1721313874,1721313874,0,1,78.96724701,-20.53970528,499879.4688,27,13,28.20000076,2024/7/18 14:44
1721314475,1721314474,0,1,43.26104736,-57.87245178,494913.2813,25,11,-16.5,2024/7/18 14:54
1721315075,1721315074,0,1,5.376693249,-66.70414734,495050.375,25,14,-5.800000191,2024/7/18 15:04
1721315675,1721315674,0,1,-32.51374435,-74.66334534,509442.0625,18,12,14.39999962,2024/7/18 15:14
1721316275,1721316274,0,1,-69.45832062,-92.72904205,526383.75,22,13,-20.79999924,2024/7/18 15:24
1721316875,1721316875,0,1,-70.13331604,126.1954651,526988.0625,26,11,-33.29999924,2024/7/18 15:34
1721317475,1721317475,0,1,-33.31029892,107.4940262,510923.0938,23,9,-39.90000153,2024/7/18 15:44
1721318075,1721318075,0,1,4.558978558,99.49468231,496496.0313,26,11,-13.89999962,2024/7/18 15:54
1721319875,1721319875,0,1,60.1581192,-74.30303192,497671.125,21,12,-28.20000076,2024/7/18 16:24
1721320476,1721320475,0,1,22.60001755,-86.80569458,493476.875,22,11,-16.39999962,2024/7/18 16:34
1721321076,1721321075,0,1,-15.38095188,-94.46066284,501479.4063,19,10,-6.800000191,2024/7/18 16:44
1721321676,1721321675,0,1,-52.94124222,-104.8295288,519759.9063,18,13,-11.69999981,2024/7/18 16:54
1721322276,1721322275,0,1,-82.4589386,161.9077301,529321.6875,27,12,-42.79999924,2024/7/18 17:04
1721322876,1721322876,0,1,-50.26557541,89.08907318,519189.625,24,11,14.19999981,2024/7/18 17:14
1721323476,1721323476,0,1,-12.65450191,79.25856018,501554.6563,25,11,-65.40000153,2024/7/18 17:24
1721324076,1721324076,0,1,25.31445503,71.55666351,494570.4688,16,10,-46.79999924,2024/7/18 17:34
1721325276,1721325276,0,1,76.14323425,-78.08133698,499835.1875,24,13,8.5,2024/7/18 17:54
1721325876,1721325876,0,1,39.75083542,-106.2019272,494642.4375,22,10,-12.80000019,2024/7/18 18:04
1721326477,1721326476,0,1,1.833663344,-114.6754379,495926.1563,22,12,-25.5,2024/7/18 18:14
1721327077,1721327076,0,1,-36.01887894,-122.8418732,511231.875,12,10,-11.60000038,2024/7/18 18:24
1721327677,1721327676,0,1,-72.62621307,-144.4859009,527219.6875,26,11,-57,2024/7/18 18:34
1721328277,1721328276,0,1,-66.84033966,75.28826141,525791.6875,29,14,18.29999924,2024/7/18 18:44
1721328877,1721328877,0,1,-29.79685593,59.35373688,508966.875,23,11,14.60000038,2024/7/18 18:54
1721329477,1721329477,0,1,8.10648632,51.51912308,495725.9063,24,13,-49.5,2024/7/18 19:04
1721330677,1721330677,0,1,80.78863525,-5.78012991,500217.3438,12,12,32.90000153,2024/7/18 19:24
1721331277,1721331277,0,1,56.70851135,-123.4882278,497099.3438,25,9,-9.399999619,2024/7/18 19:34
1721331877,1721331877,0,1,19.05468178,-134.8419189,493580.3438,23,11,-31.20000076,2024/7/18 19:44
1721332478,1721332477,0,1,-18.91935539,-142.4745636,502974.9688,13,11,-7.699999809,2024/7/18 19:54
1721333078,1721333077,0,1,-56.38790894,-153.7088623,521329.4375,21,12,-26.60000038,2024/7/18 20:04
1721333678,1721333677,0,1,-81.14707947,91.75764465,529098.5,29,12,-6.699999809,2024/7/18 20:14
1721334278,1721334278,0,1,-46.79034805,40.54128265,517389.5313,28,11,44.20000076,2024/7/18 20:24
1721334878,1721334878,0,1,-9.108683586,31.2734127,500049.2813,24,14,-12,2024/7/18 20:34
1721335478,1721335478,0,1,28.85736084,23.46513557,494390.625,19,12,22,2024/7/18 20:44
1721336078,1721336078,0,1,66.17089081,7.939195156,498777.3438,14,13,42.29999924,2024/7/18 20:54
1721336678,1721336678,0,1,73.03536224,-132.1657104,499301.375,28,12,-8.199999809,2024/7/18 21:04
1721337278,1721337278,0,1,36.21558762,-154.4521637,494088.875,21,8,-17.79999924,2024/7/18 21:14
1721337879,1721337878,0,1,-1.729176641,-162.6467896,496714.9063,24,12,14.69999981,2024/7/18 21:24
1721338479,1721338478,0,1,-39.53709793,-171.0894775,513018.375,18,10,8.399999619,2024/7/18 21:34
1721339079,1721339078,0,1,-75.73301697,161.7867279,528029.75,27,12,-56.29999924,2024/7/18 21:44
1721339679,1721339678,0,1,-63.47128677,25.18990135,524664.125,24,11,21.89999962,2024/7/18 21:54
1721340279,1721340279,0,1,-26.26133347,11.2572937,507234.625,20,10,24.79999924,2024/7/18 22:04
1721340879,1721340879,0,1,11.66828632,3.534674883,495052.1875,22,13,21.39999962,2024/7/18 22:14
1721341479,1721341479,0,1,49.45947647,-6.178766727,496402.5313,18,12,53.40000153,2024/7/18 22:24
1721342079,1721342079,0,1,82.34117126,-75.39303589,500066.0625,24,11,20.29999924,2024/7/18 22:34
1721342679,1721342679,0,1,53.22029114,-172.3965149,496304.6875,25,11,7.199999809,2024/7/18 22:44
1721343279,1721343279,0,1,15.48661327,177.1423492,493599.3125,26,13,10.60000038,2024/7/18 22:54
1721343880,1721343879,0,1,-22.47563934,169.488266,504450.6563,20,11,52,2024/7/18 23:04
1721344480,1721344479,0,1,-59.83520508,157.1323242,522827.5313,26,11,-30.70000076,2024/7/18 23:14
1721345080,1721345079,0,1,-78.81799316,28.76478004,528817.4375,28,13,5.699999809,2024/7/18 23:24
1721345680,1721345679,0,1,-43.28399658,-7.885544777,515738.1563,24,11,23.39999962,2024/7/18 23:34
1721346280,1721346280,0,1,-5.54262495,-16.7041111,498871.875,24,11,12.60000038,2024/7/18 23:44
1721346880,1721346880,0,1,32.41178513,-24.66843414,494522.8438,18,9,34.29999924,2024/7/18 23:54
1721347480,1721347480,0,1,69.52833557,-42.83361053,499042.6563,24,13,42,2024/7/19 0:04
1721348080,1721348080,0,1,69.76856232,175.7528839,498711.4375,29,13,4,2024/7/19 0:14
1721348680,1721348680,0,1,32.6612854,157.3577118,493585.2813,27,10,5.599999905,2024/7/19 0:24
1721349280,1721349280,0,1,-5.304196835,149.3789215,497623.625,32,14,80.90000153,2024/7/19 0:34
1721349881,1721349880,0,1,-43.06018829,140.584549,514865.625,27,11,-15.89999962,2024/7/19 0:44
1721350481,1721350480,0,1,-78.60527802,104.8396072,528671.1875,27,12,-20.10000038,2024/7/19 0:54
1721351081,1721351080,0,1,-60.11243439,-24.33762741,523489.4688,23,13,12.89999962,2024/7/19 1:04
1721351681,1721351680,0,1,-22.70884705,-36.8092804,505672.1875,20,10,-9.300000191,2024/7/19 1:14
1721352281,1721352281,0,1,15.23983192,-44.4640007,494741.8438,14,10,-25.29999924,2024/7/19 1:24
1721352881,1721352881,0,1,52.96847153,-54.86613083,496952.0625,15,9,10.5,2024/7/19 1:34
1721353481,1721353481,0,1,82.40375519,-150.0555725,500062.9063,26,13,4.400000095,2024/7/19 1:44
1721354081,1721354081,0,1,49.71273422,138.898056,495769.375,30,11,23.10000038,2024/7/19 1:54
1721354681,1721354681,0,1,11.91533661,129.1407471,493932.5313,26,14,55.40000153,2024/7/19 2:04
1721355281,1721355281,0,1,-26.0279026,121.4239044,506157.375,24,11,-10.69999981,2024/7/19 2:14
1721355882,1721355881,0,1,-63.25606155,107.6018219,524126.4688,24,13,-14,2024/7/19 2:24
1721356482,1721356481,0,1,-75.97731781,-28.52946472,528271.3125,24,14,-6.199999809,2024/7/19 2:34
1721357082,1721357081,0,1,-39.82779694,-56.20146561,514005.1875,21,10,10.39999962,2024/7/19 2:44
1721357682,1721357682,0,1,-1.971343279,-64.67949677,497858.5,14,10,-0.200000003,2024/7/19 2:54
1721358282,1721358282,0,1,35.96406174,-72.85446167,494929.0938,11,9,-44.59999847,2024/7/19 3:04
1721358882,1721358882,0,1,72.80219269,-94.80044556,499570.5313,27,12,-13.39999962,2024/7/19 3:14
1721359482,1721359482,0,1,66.41739655,124.9084854,498506.0625,27,11,-13.30000019,2024/7/19 3:24
1721360082,1721360082,0,1,29.10972595,109.2194901,493624.5938,25,12,-26.70000076,2024/7/19 3:34
1721360682,1721360682,0,1,-8.865711212,101.4016953,499054.2813,27,13,-18.5,2024/7/19 3:44
1721361282,1721361282,0,1,-46.56051254,92.1673584,516677.625,20,11,6.099999905,2024/7/19 3:54
1721361883,1721361882,0,1,-80.98628998,42.45552063,528994.125,25,13,2.299999952,2024/7/19 4:04
1721362483,1721362482,0,1,-56.67505264,-73.52066803,521913.8438,26,11,6.099999905,2024/7/19 4:14
1721363083,1721363082,0,1,-19.15883255,-84.84738159,503883.125,19,10,0.899999976,2024/7/19 4:24
1721363683,1721363683,0,1,18.8056221,-92.47741699,494334.1875,15,11,-11,2024/7/19 4:34
1721364283,1721364283,0,1,56.45929337,-103.7563858,497446.25,18,12,-31.5,2024/7/19 4:44
1721364883,1721364883,0,1,80.93937683,139.734787,500052.5313,26,12,2.799999952,2024/7/19 4:54
1721365483,1721365483,0,1,46.19646835,90.35875702,495539,24,13,-51.70000076,2024/7/19 5:04
1721366083,1721366083,0,1,8.350498199,81.15661621,494888.0625,27,12,-94.5,2024/7/19 5:14
1721366683,1721366683,0,1,-29.56291008,73.3303299,508240,19,11,1.100000024,2024/7/19 5:24
1721367283,1721367283,0,1,-66.62282562,57.54547882,525546.6875,23,12,32.40000153,2024/7/19 5:34
1721367884,1721367883,0,1,-72.89055634,-82.4331131,527581.0625,25,12,-15.10000038,2024/7/19 5:44
1721368484,1721368483,0,1,-36.31695938,-104.448967,512009.3438,24,11,-8.100000381,2024/7/19 5:54
1721369084,1721369083,0,1,1.524706721,-112.6349335,496618.2188,20,13,-23.89999962,2024/7/19 6:04
1721369684,1721369684,0,1,39.50170135,-121.09758,494949.3125,18,11,-25.39999962,2024/7/19 6:14
1721370284,1721370284,0,1,75.93000031,-148.7122803,499682.9688,26,12,-3.5,2024/7/19 6:24
1721370884,1721370884,0,1,63.01233292,74.86102295,498077.0313,23,13,-21.10000038,2024/7/19 6:34
1721371484,1721371484,0,1,25.55485916,61.1258316,493746.5625,23,12,-29.60000038,2024/7/19 6:44
1721372084,1721372084,0,1,-12.42255688,53.41667938,500685.6875,20,12,-29,2024/7/19 6:54
1721372684,1721372684,0,1,-50.04476929,43.62400818,518609.3438,16,9,44.59999847,2024/7/19 7:04
1721373285,1721373284,0,1,-82.41349792,-27.6174984,529266.375,25,11,-17.89999962,2024/7/19 7:14
1721373885,1721373884,0,1,-53.22180939,-122.4159317,520221.4063,26,13,-12.5,2024/7/19 7:24
1721374485,1721374484,0,1,-15.67367649,-132.8480835,502100.625,22,13,-10.39999962,2024/7/19 7:34
1721375085,1721375084,0,1,22.36454964,-140.5133667,493889.6875,16,11,-23.20000076,2024/7/19 7:44
1721375685,1721375685,0,1,59.92636108,-152.9303131,497689,18,13,12.10000038,2024/7/19 7:54
1721376285,1721376285,0,1,78.5170517,77.38973999,499834.8125,27,13,-0.600000024,2024/7/19 8:04
1721377485,1721377485,0,1,4.784038544,33.17903519,495736.9063,5,0,-12,2024/7/19 8:24
1721378085,1721378085,0,1,-33.09656525,25.18923187,510046.3125,19,10,27.39999962,2024/7/19 8:34
1721378685,1721378685,0,1,-69.93990326,6.675801754,526516,23,11,14.69999981,2024/7/19 8:44
1721379286,1721379285,0,1,-69.64987946,-134.4034424,526501.625,29,14,-46.59999847,2024/7/19 8:54
1721379886,1721379885,0,1,-32.7852478,-152.6360626,509966.25,23,11,-0.899999976,2024/7/19 9:04
1721380486,1721380485,0,1,5.096946716,-160.6095123,495603.6563,22,14,16.70000076,2024/7/19 9:14
1721381086,1721381085,0,1,43.04141998,-169.4293671,495251,21,12,-7,2024/7/19 9:24
1721381686,1721381686,0,1,78.79965973,153.9601288,499894.4688,26,12,2.700000048,2024/7/19 9:34
1721385287,1721385286,0,1,-49.73259735,-171.110199,518434.7813,25,13,-18.20000076,2024/7/19 10:34
1721385887,1721385886,0,1,-12.10395622,179.1506653,500554.6563,24,11,42.40000153,2024/7/19 10:44
1721386487,1721386486,0,1,25.87212372,171.4320526,493862.3438,21,10,-4.199999809,2024/7/19 10:54
1721387087,1721387086,0,1,63.37635422,157.496933,498210.9375,23,13,12.80000019,2024/7/19 11:04
1721387687,1721387687,0,1,75.60509491,20.52166939,499615.5313,26,12,30.20000076,2024/7/19 11:14
1721388287,1721388287,0,1,39.12414169,-6.37536335,494647.5938,20,10,54.59999847,2024/7/19 11:24
1721388887,1721388887,0,1,1.204698324,-14.79613972,496295.6563,22,12,16,2024/7/19 11:34
1721389487,1721389487,0,1,-36.63713837,-23.00798035,511703.7813,20,10,15.89999962,2024/7/19 11:44
1721390087,1721390087,0,1,-73.18191528,-45.46109009,527249.5625,23,10,-2.099999905,2024/7/19 11:54
1721390687,1721390687,0,1,-66.30989075,174.8041534,525319.1875,23,12,-55.20000076,2024/7/19 12:04
1721391288,1721391287,0,1,-29.23317909,159.2242889,508129.4375,24,11,35.20000076,2024/7/19 12:14
1721391888,1721391887,0,1,8.680640221,151.4083557,494983.4375,25,11,50.40000153,2024/7/19 12:24
1721392488,1721392487,0,1,46.51888275,142.15802,495762.3125,18,10,25.70000076,2024/7/19 12:34
1721393088,1721393087,0,1,81.15366364,90.78610229,500072.75,26,11,4.900000095,2024/7/19 12:44
1721393688,1721393688,0,1,56.07792282,-23.79713058,496987.7813,27,14,61.90000153,2024/7/19 12:54
1721394288,1721394288,0,1,18.41045189,-34.97357559,493728.7188,20,14,0.5,2024/7/19 13:04
1721394888,1721394888,0,1,-19.55973434,-42.60709,503361.1563,17,12,-11.39999962,2024/7/19 13:14
1721395488,1721395488,0,1,-57.00930786,-54.02261353,521517.8438,20,12,18.20000076,2024/7/19 13:24
1721396088,1721396088,0,1,-80.78338623,-171.6204681,528854.25,26,13,-51.29999924,2024/7/19 13:34
1721396688,1721396688,0,1,-46.21848297,140.3489685,516794.9375,26,11,-17.39999962,2024/7/19 13:44
1721397289,1721397288,0,1,-8.522562981,131.1610565,499429.8125,22,10,49.70000076,2024/7/19 13:54
1721397889,1721397888,0,1,29.44558334,123.3304214,494145.875,16,9,19.10000038,2024/7/19 14:04
1721398489,1721398488,0,1,66.73236847,107.4273605,498777,28,13,-18,2024/7/19 14:14
1721399089,1721399088,0,1,72.44538879,-33.1710701,499245.125,28,13,49.09999847,2024/7/19 14:24
1721399689,1721399689,0,1,35.56586456,-54.6215744,494201.3125,25,11,-20.89999962,2024/7/19 14:34
1721400289,1721400289,0,1,-2.380759954,-62.76989365,497099.7813,25,13,-5.400000095,2024/7/19 14:44
1721400889,1721400889,0,1,-40.17807388,-71.26819611,513427.4375,19,12,23.10000038,2024/7/19 14:54
1721401489,1721401489,0,1,-76.27939606,-99.66564178,528011.6875,27,12,-26.5,2024/7/19 15:04
1721402089,1721402089,0,1,-62.91166687,124.7782135,524205,28,11,-32.90000153,2024/7/19 15:14
1721402689,1721402689,0,1,-25.67381096,111.1255417,506643.8438,21,10,-30.29999924,2024/7/19 15:24
1721403290,1721403289,0,1,12.26307487,103.4189377,494754.7813,21,10,-19.39999962,2024/7/19 15:34
1721404490,1721404489,0,1,82.48213196,19.69427109,500252.2813,27,11,25.89999962,2024/7/19 15:54
1721405090,1721405090,0,1,52.57850647,-72.67462921,496610.6875,25,12,-31.70000076,2024/7/19 16:04
1721405690,1721405690,0,1,14.83617973,-82.98892975,494042.375,25,12,-0.300000012,2024/7/19 16:14
1721406290,1721406290,0,1,-23.11977577,-90.64769745,505007.0313,20,11,0.5,2024/7/19 16:24
1721406890,1721406890,0,1,-60.45718384,-103.2335892,523008.5,23,14,-19.60000038,2024/7/19 16:34
1721407490,1721407490,0,1,-78.3338089,126.5902481,528464.5625,27,13,-41.59999847,2024/7/19 16:44
1721408090,1721408090,0,1,-42.70555115,91.93136597,515034.7188,28,10,0.400000006,2024/7/19 16:54
1721408691,1721408690,0,1,-4.950214863,83.18063354,498408.4063,21,11,-87,2024/7/19 17:04
1721409291,1721409290,0,1,33.00433731,75.18791199,494513.7188,16,10,-39.40000153,2024/7/19 17:14
1721409891,1721409890,0,1,70.0812912,56.49515915,499371.4375,21,11,-1.700000048,2024/7/19 17:24
1721410491,1721410490,0,1,69.16164398,-84.98191833,499158.125,28,13,-24.5,2024/7/19 17:34
1721411091,1721411091,0,1,32.01752472,-102.8019943,494109.25,24,12,-24.20000076,2024/7/19 17:44
1721411691,1721411691,0,1,-5.945501804,-110.7443085,498258.75,26,12,-13.39999962,2024/7/19 17:54
1721412291,1721412291,0,1,-43.68947983,-119.6069412,515179.9688,17,10,-11.30000019,2024/7/19 18:04
1721412891,1721412891,0,1,-79.08172607,-157.3770447,528431.5625,27,13,-52.90000153,2024/7/19 18:14
1721413491,1721413491,0,1,-59.49206161,75.28669739,522653.6563,29,13,28.5,2024/7/19 18:24
1721414091,1721414091,0,1,-22.12289238,63.06277847,504814.875,24,10,-6,2024/7/19 18:34
1721414692,1721414691,0,1,15.83405685,55.41641617,494304.5,20,12,-34.40000153,2024/7/19 18:44
1721417092,1721417092,0,1,11.26504993,-130.9868774,494499.5938,19,12,-29.60000038,2024/7/19 19:24
1721417692,1721417692,0,1,-26.66978073,-138.7196198,506704.5938,18,9,-11.30000019,2024/7/19 19:34
1721418292,1721418292,0,1,-63.86948013,-152.8551483,524311.375,29,11,-42.90000153,2024/7/19 19:44
1721418892,1721418892,0,1,-75.43031311,70.07221222,527762.0625,28,12,8.199999809,2024/7/19 19:54
1721419492,1721419492,0,1,-39.18490982,43.61696243,513077.375,28,12,40.5,2024/7/19 20:04
1721420092,1721420092,0,1,-1.376765013,35.20700836,497136.25,23,13,-16,2024/7/19 20:14
1721422493,1721422492,0,1,28.44804192,-150.9324188,493779.125,21,10,-13.10000038,2024/7/19 20:54
1721423093,1721423093,0,1,-9.526406288,-158.7273407,499399.8125,26,11,9.5,2024/7/19 21:04
1721423693,1721423693,0,1,-47.20786667,-168.0581055,516970.6875,22,9,-12.30000019,2024/7/19 21:14
1721424293,1721424293,0,1,-81.33943939,138.8142853,528837.1875,28,12,-46,2024/7/19 21:24
1721424893,1721424893,0,1,-56.03063583,26.16397285,521217.9063,25,12,31.5,2024/7/19 21:34
1721425493,1721425493,0,1,-18.55514526,15.02884197,503161.5625,22,11,23.89999962,2024/7/19 21:44
1721426093,1721426093,0,1,19.4148922,7.395511627,493899.9375,17,12,23.29999924,2024/7/19 21:54
1721426694,1721426693,0,1,57.05643845,-4.062628269,497219.6563,19,13,53.79999924,2024/7/19 22:04
1721427294,1721427293,0,1,80.57072449,-123.3667068,499924.6563,27,11,-1.100000024,2024/7/19 22:14
1721427894,1721427893,0,1,45.58840561,-169.8394623,495363.1563,23,10,-1.799999952,2024/7/19 22:24
1721428494,1721428493,0,1,7.671268463,-178.9742126,494838.9375,26,11,14.10000038,2024/7/19 22:34
1721429094,1721429094,0,1,-30.23736382,173.1697845,508353,13,9,45.59999847,2024/7/19 22:44
1721429694,1721429694,0,1,-67.26179504,156.9254608,525531.8125,21,14,-49.79999924,2024/7/19 22:54
1721430294,1721430294,0,1,-72.27519226,16.55611801,527055,29,12,18,2024/7/19 23:04
1721430894,1721430894,0,1,-35.63583374,-4.623518467,511341.125,24,11,17.20000076,2024/7/19 23:14
1721431494,1721431494,0,1,2.21584177,-12.76648998,496208.3438,22,10,18.60000038,2024/7/19 23:24
1721432094,1721432094,0,1,40.12545776,-21.27634239,494816.1875,19,10,54,2024/7/19 23:34
1721432695,1721432694,0,1,76.45867157,-50.19212723,499580.2813,26,12,30.70000076,2024/7/19 23:44
1721433295,1721433294,0,1,62.40420914,174.4413147,497812.0938,30,13,6.300000191,2024/7/19 23:54
1721433895,1721433894,0,1,24.92289925,160.9891968,493495.1563,26,11,9.100000381,2024/7/20 0:04
1721434495,1721434494,0,1,-13.12019634,153.2788391,500618.6563,26,13,64.19999695,2024/7/20 0:14
1721435095,1721435095,0,1,-50.72969437,143.3566132,518722.1563,24,13,-17.60000038,2024/7/20 0:24
1721435695,1721435695,0,1,-82.5271759,67.08448029,529041.6875,28,12,-0.800000012,2024/7/20 0:34
1721436295,1721436295,0,1,-52.53430939,-22.70247459,519740,26,11,19.29999924,2024/7/20 0:44
1721436895,1721436895,0,1,-14.96919632,-32.98709869,501739.875,18,11,-8.199999809,2024/7/20 0:54
1721437495,1721437495,0,1,23.00631905,-40.64962387,493835.375,13,11,-5.199999809,2024/7/20 1:04
1721438095,1721438095,0,1,60.54851913,-53.3077507,497724.6875,23,9,21.60000038,2024/7/20 1:14
1721438696,1721438695,0,1,78.01926422,175.3440552,499683.4688,28,11,1.799999952,2024/7/20 1:24
1721439296,1721439295,0,1,42.03081131,141.7539215,494830.375,26,10,25.79999924,2024/7/20 1:34
1721439896,1721439895,0,1,4.135894775,133.0565948,495423.375,27,13,72.19999695,2024/7/20 1:44
1721440496,1721440496,0,1,-33.8028183,125.0149155,510179.1563,22,12,-25.29999924,2024/7/20 1:54
1721441096,1721441096,0,1,-70.59664154,105.8302383,526528,29,13,-14.10000038,2024/7/20 2:04
1721441696,1721441696,0,1,-68.98712158,-35.18268204,526160.4375,26,12,4.199999809,2024/7/20 2:14
1721442296,1721442296,0,1,-32.07466125,-52.8080101,509597.6563,20,9,10.30000019,2024/7/20 2:24
1721442896,1721442896,0,1,5.813739777,-60.74525452,495543.6875,16,11,-18,2024/7/20 2:34
1721443496,1721443496,0,1,43.68670273,-69.62696075,495410.7813,13,9,-26.10000038,2024/7/20 2:44
1721444097,1721444096,0,1,79.27804565,-108.4033661,499970.125,27,12,-0.699999988,2024/7/20 2:54
1721444697,1721444696,0,1,58.93119812,124.9877014,497510.0313,31,11,-4.699999809,2024/7/20 3:04
1721445297,1721445296,0,1,21.33900452,112.9282303,493691.1875,28,13,-4.900000095,2024/7/20 3:14
1721445897,1721445896,0,1,-16.63737679,105.2862549,502178.125,22,15,-31.39999962,2024/7/20 3:24
1721446497,1721446497,0,1,-54.22700119,94.60674286,520285.875,22,12,7.199999809,2024/7/20 3:34
1721447097,1721447097,0,1,-82.13202667,-7.175276756,528892.3125,28,11,-10.39999962,2024/7/20 3:44
1721447697,1721447697,0,1,-49.02807617,-71.37185669,517936.9063,23,11,15.39999962,2024/7/20 3:54
1721448297,1721448297,0,1,-11.38348007,-80.98738098,500227.8438,20,10,2.799999952,2024/7/20 4:04
1721448897,1721448897,0,1,26.5926857,-88.72251892,493842.9375,15,9,-25.89999962,2024/7/20 4:14
1721449497,1721449497,0,1,64.00893402,-102.9652863,498331.4375,25,11,-39,2024/7/20 4:24
1721450098,1721450097,0,1,75.03969574,119.1489716,499616.375,30,12,-3.799999952,2024/7/20 4:34
1721450698,1721450697,0,1,38.47180939,93.44613647,494751.1563,25,10,-57.5,2024/7/20 4:44
1721451298,1721451297,0,1,0.54839164,85.08370209,496690.875,28,12,-89.90000153,2024/7/20 4:54
1721451898,1721451897,0,1,-37.34651947,76.81108093,512235.8125,20,11,12.39999962,2024/7/20 5:04
1721452498,1721452498,0,1,-73.81655121,53.37508774,527495.3125,26,13,18,2024/7/20 5:14
1721453098,1721453098,0,1,-65.6365509,-85.79558563,524997.25,26,11,-12.5,2024/7/20 5:24
1721453698,1721453698,0,1,-28.52186966,-100.9365845,507586.1563,21,10,-3.799999952,2024/7/20 5:34
1721454298,1721454298,0,1,9.400627136,-108.7247162,494624.6563,22,12,-26.5,2024/7/20 5:44
1721454898,1721454898,0,1,47.23258972,-118.0754242,495639.1563,14,10,-18.29999924,2024/7/20 5:54
1721455498,1721455498,0,1,81.49916077,-172.988266,499999.6563,27,11,3.599999905,2024/7/20 6:04
1721456099,1721456098,0,1,55.43352509,75.89268494,497101.625,26,13,-33.09999847,2024/7/20 6:14
1721456699,1721456698,0,1,17.75346184,64.89641571,494169.5625,24,11,-59,2024/7/20 6:24
1721457299,1721457298,0,1,-20.21022987,57.26407242,504064.9375,22,12,-8.800000191,2024/7/20 6:34
1721457899,1721457898,0,1,-57.69846344,45.62916946,522069.0938,21,12,38.20000076,2024/7/20 6:44
1721458499,1721458499,0,1,-80.35166931,-75.06001282,528722.1875,26,12,-24.70000076,2024/7/20 6:54
1721459099,1721459099,0,1,-45.51898575,-119.8812637,516053.5,26,12,-10.89999962,2024/7/20 7:04
1721459699,1721459699,0,1,-7.804811478,-128.9724426,498636.6875,19,14,-10.5,2024/7/20 7:14
1721460299,1721460299,0,1,30.16771698,-136.8312683,493655.5938,20,12,-32.09999847,2024/7/20 7:24
1721460899,1721460899,0,1,67.42198944,-153.2284393,498551.2188,25,12,8,2024/7/20 7:34
1721461499,1721461499,0,1,71.8401947,65.87648773,499292.1563,24,12,-6.199999809,2024/7/20 7:44
1721462700,1721462699,0,1,-3.039406776,37.10961533,497763.1875,23,10,-16,2024/7/20 8:05
1721463300,1721463299,0,1,-40.88508987,28.53240013,514081.4375,20,9,34,2024/7/20 8:15
1721463900,1721463899,0,1,-76.86912537,-1.406465054,528081.375,23,12,2.900000095,2024/7/20 8:25
1721464500,1721464500,0,1,-62.2263298,-135.6926575,523542.4063,28,14,-34.79999924,2024/7/20 8:35
1721465100,1721465100,0,1,-24.95448303,-149.0265656,505594.1875,20,13,-4.099999905,2024/7/20 8:45
1721465700,1721465700,0,1,12.99449348,-156.719101,493909.4063,24,13,3.700000048,2024/7/20 8:55
1721466300,1721466300,0,1,50.77261353,-166.6706848,496012.8125,23,13,8.300000191,2024/7/20 9:05
1721466900,1721466900,0,1,82.56289673,114.4764862,500052.1563,27,13,5.599999905,2024/7/20 9:15
1721471101,1721471101,0,1,-4.206606865,-176.9541321,497366.8125,24,11,19.89999962,2024/7/20 10:25
1721471701,1721471701,0,1,33.75191879,175.0078888,493858.2188,21,11,-8.100000381,2024/7/20 10:35
1721472301,1721472301,0,1,70.78000641,155.57547,499005.5313,29,13,1.700000048,2024/7/20 10:45
1721472901,1721472901,0,1,68.50881958,14.30136967,498922.125,14,12,37.29999924,2024/7/20 10:55
1721473501,1721473501,0,1,31.3242836,-2.959315062,494186.4375,22,10,46.40000153,2024/7/20 11:05
1721474102,1721474101,0,1,-6.637913227,-10.87071514,498739.125,19,12,16.70000076,2024/7/20 11:15
1721474702,1721474701,0,1,-44.36699295,-19.81746483,515679,15,10,22.29999924,2024/7/20 11:25
1721475302,1721475301,0,1,-79.61289978,-60.25035095,528395.75,20,12,-19.39999962,2024/7/20 11:35
1721475902,1721475901,0,1,-58.76456833,174.8864136,522019.8125,26,13,-44.40000153,2024/7/20 11:45
1721476502,1721476502,0,1,-21.36672401,162.9119415,503838.3438,28,11,54.40000153,2024/7/20 11:55
1721477102,1721477102,0,1,16.59967422,155.2694397,493600.8438,26,11,31.79999924,2024/7/20 12:05
1721477702,1721477702,0,1,54.30862808,144.5534668,496627.0938,24,10,15.60000038,2024/7/20 12:15
1721478302,1721478302,0,1,81.99334717,40.22371674,500076.2813,25,12,19.89999962,2024/7/20 12:25
1721478902,1721478902,0,1,48.36664581,-21.58602524,496010.5,24,13,62.79999924,2024/7/20 12:35
1721479503,1721479502,0,1,10.55523014,-31.116745,494730.3438,20,14,0.100000001,2024/7/20 12:45
1721480103,1721480102,0,1,-27.3726387,-38.87056732,507143.0625,14,11,-9.699999809,2024/7/20 12:55
1721480703,1721480702,0,1,-64.54045105,-53.37238312,524434.8125,22,13,16.29999924,2024/7/20 13:05
1721481303,1721481302,0,1,-74.76686859,168.542984,527395,27,12,-58.09999847,2024/7/20 13:15
1721481903,1721481903,0,1,-38.41949844,143.4147186,512320.3438,27,12,0.5,2024/7/20 13:25
1721482503,1721482503,0,1,-0.596963346,135.0671844,496438.2813,22,11,75.5,2024/7/20 13:35
1721483103,1721483103,0,1,37.33835983,126.7916565,494304.7813,18,9,22.5,2024/7/20 13:45
1721483703,1721483703,0,1,74.04108429,102.9188919,499415.8438,29,12,-10.5,2024/7/20 13:55
1721484303,1721484303,0,1,65.09701538,-36.23132324,498402.3125,22,12,53.59999847,2024/7/20 14:05
1721484903,1721484903,0,1,27.72890663,-51.08772659,493905.875,24,11,-25.29999924,2024/7/20 14:15
1721485504,1721485503,0,1,-10.24491692,-58.85744858,499824.4688,20,14,-0.800000012,2024/7/20 14:25
1721486104,1721486103,0,1,-47.9114151,-68.29367065,517362.4688,19,10,12.5,2024/7/20 14:35
1721486704,1721486703,0,1,-81.68525696,-125.4375305,528759.375,24,13,-40.79999924,2024/7/20 14:45
1721487304,1721487303,0,1,-55.27160645,125.8063889,520643.875,28,11,-25,2024/7/20 14:55
1721487904,1721487904,0,1,-17.77178764,114.8760986,502525.5625,25,12,-9.699999809,2024/7/20 15:05
1721488504,1721488504,0,1,20.20336151,107.2413101,493665.8125,19,9,-22.70000076,2024/7/20 15:15
1721489104,1721489104,0,1,57.82671738,95.54958344,497352.625,21,11,-39.09999847,2024/7/20 15:25
1721489704,1721489704,0,1,80.06761169,-27.02755737,500026,26,12,34.09999847,2024/7/20 15:35
1721490304,1721490304,0,1,44.81156921,-70.08743286,495594.6563,23,11,-26.39999962,2024/7/20 15:45
1721490904,1721490904,0,1,6.951725006,-79.10448456,495283.4375,25,12,11.89999962,2024/7/20 15:55
1721491505,1721491504,0,1,-30.94795227,-86.98764038,508917.5938,16,11,0.899999976,2024/7/20 16:05
1721492105,1721492104,0,1,-67.93204498,-103.7313004,525660.625,22,14,-27.89999962,2024/7/20 16:15
1721492705,1721492704,0,1,-71.62962341,115.5500488,526635.125,29,12,-28.79999924,2024/7/20 16:25
1721493305,1721493304,0,1,-34.86064911,95.18087769,510598.9375,25,11,-24.60000038,2024/7/20 16:35
1721493905,1721493905,0,1,3.003771782,87.090065,495805.625,25,11,-79.59999847,2024/7/20 16:45
1721494505,1721494505,0,1,40.9084816,78.50906372,494919.0625,15,11,-40.59999847,2024/7/20 16:55
1721496305,1721496305,0,1,24.14629936,-99.17441559,494000.1563,15,13,-17.20000076,2024/7/20 17:25
1721496905,1721496905,0,1,-13.82922649,-106.8527908,501244.0938,19,11,-4.800000191,2024/7/20 17:35
1721497506,1721497505,0,1,-51.4222641,-116.9040375,518995.0938,18,10,-10.39999962,2024/7/20 17:45
1721498106,1721498105,0,1,-82.58499908,161.6240692,528724.5,26,13,-41.79999924,2024/7/20 17:55
1721498706,1721498705,0,1,-51.83749771,77.01010895,518870.0313,25,13,33,2024/7/20 18:05
1721499306,1721499305,0,1,-14.18647861,66.86171722,500941.25,25,12,-36.20000076,2024/7/20 18:15
1721499906,1721499906,0,1,23.79407692,59.1884346,493564.625,16,11,-35.29999924,2024/7/20 18:25
1721501706,1721501706,0,1,41.25475311,-118.4683762,495233.4063,5,0,-20.39999962,2024/7/20 18:55
1721502306,1721502306,0,1,3.357181549,-127.0844116,496064.5938,22,13,-21.39999962,2024/7/20 19:05
1721502906,1721502906,0,1,-34.50699997,-135.1539001,510703.0938,17,10,-11.30000019,2024/7/20 19:15
1721503507,1721503506,0,1,-71.24533081,-155.0558014,526608.6875,29,12,-61.29999924,2024/7/20 19:25
1721504107,1721504106,0,1,-68.32454681,64.08898163,525493.4375,29,11,29.29999924,2024/7/20 19:35
1721504707,1721504706,0,1,-31.29909706,47.01145172,508603.1875,23,11,21.5,2024/7/20 19:45
1721505307,1721505307,0,1,6.60289669,39.11068344,494831.0313,21,12,-12.30000019,2024/7/20 19:55
1721507107,1721507107,0,1,58.15752411,-135.4296112,497499.3125,26,12,3.5,2024/7/20 20:25
1721507707,1721507707,0,1,20.54616547,-147.2297363,493951.4063,24,10,-11.60000038,2024/7/20 20:35
1721508307,1721508307,0,1,-17.42573547,-154.8668823,502678.7813,19,11,5,2024/7/20 20:45
1721508907,1721508907,0,1,-54.93165207,-165.7106476,520660.0938,22,11,-30.5,2024/7/20 20:55
1721509508,1721509507,0,1,-81.86103821,87.99424744,528650.375,28,12,-5.099999905,2024/7/20 21:05
1721510108,1721510107,0,1,-48.31404877,28.37897301,517184.8438,27,11,36.20000076,2024/7/20 21:15
1721510708,1721510707,0,1,-10.65091515,18.87737846,499475.875,22,13,10,2024/7/20 21:25
1721511308,1721511307,0,1,27.39176178,11.10334206,493400.3125,15,13,28.39999962,2024/7/20 21:35
1721511908,1721511908,0,1,64.7779541,-3.570914984,498084.8438,21,13,52.20000076,2024/7/20 21:45
1721512508,1721512508,0,1,74.33345795,-142.3754578,499430.1875,29,11,-6.400000095,2024/7/20 21:55
1721513108,1721513108,0,1,37.66981506,-166.7612,494588.2813,25,9,-12.39999962,2024/7/20 22:05
1721513708,1721513708,0,1,-0.259411663,-175.0625763,496750.1875,27,12,17.5,2024/7/20 22:15
1721514308,1721514308,0,1,-38.08216095,176.6167297,512437.2188,24,9,26.89999962,2024/7/20 22:25
1721514909,1721514908,0,1,-74.46798706,152.0414581,527438.8125,31,13,-58.29999924,2024/7/20 22:35
1721515509,1721515508,0,1,-64.92611694,13.62662983,524390.5,29,12,19.29999924,2024/7/20 22:45
1721516109,1721516108,0,1,-27.77372169,-1.096781611,506882.125,22,10,19.89999962,2024/7/20 22:55
1721516709,1721516708,0,1,10.22004509,-8.876765251,494194.75,20,12,32.20000076,2024/7/20 23:05
1721517309,1721517309,0,1,48.0419426,-18.35666847,495497.8438,15,10,60.90000153,2024/7/20 23:15
1721517909,1721517909,0,1,81.86516571,-78.12897491,499851.9375,28,12,19.5,2024/7/20 23:25
1721518509,1721518509,0,1,54.62679672,175.5328217,496777.2813,29,12,0.899999976,2024/7/20 23:35
1721519109,1721519109,0,1,16.92765808,164.7383881,493947.4688,29,11,20.60000038,2024/7/20 23:45
1721519709,1721519709,0,1,-21.03497505,157.0983276,504136.7188,25,14,53.70000076,2024/7/20 23:55
1721520309,1721520309,0,1,-58.43848801,145.2327271,522180.8438,30,12,-27.20000076,2024/7/21 0:05
1721520910,1721520909,0,1,-79.84458923,21.58486938,528407.375,27,12,1.700000048,2024/7/21 0:15
1721521510,1721521509,0,1,-44.76111984,-20.11375046,515493.5313,23,10,21.89999962,2024/7/21 0:25
1721522110,1721522109,0,1,-7.033288479,-29.11088943,498264.6563,20,11,-7.599999905,2024/7/21 0:35
1721522710,1721522709,0,1,31.00020409,-37.02109909,493560.9688,15,10,24.89999962,2024/7/21 0:45
1721523310,1721523310,0,1,68.20890045,-54.03515244,498495.4063,25,10,24.89999962,2024/7/21 0:55
1721523910,1721523910,0,1,71.07220459,164.7689667,498987.2188,30,12,3.200000048,2024/7/21 1:05
1721524510,1721524510,0,1,34.0695076,145.0132904,494137.75,28,12,25.29999924,2024/7/21 1:15
1721525110,1721525110,0,1,-3.88312006,136.9574585,497635.3438,29,14,80.59999847,2024/7/21 1:25
1721525710,1721525710,0,1,-41.65675735,128.3147583,514274.3125,24,12,-27.89999962,2024/7/21 1:35
1721526310,1721526310,0,1,-77.50193787,96.50707245,528063.125,27,13,-9.100000381,2024/7/21 1:45
1721526911,1721526910,0,1,-61.47406006,-36.18142319,523158.7188,25,11,21.10000038,2024/7/21 1:55
1721527511,1721527510,0,1,-24.1731472,-49.18651199,505248,22,8,0,2024/7/21 2:05
1721528111,1721528110,0,1,13.77917004,-56.8646965,493918.7813,22,10,-47.79999924,2024/7/21 2:15
1721528711,1721528711,0,1,51.60481262,-66.99275208,496200.3125,15,11,-20.10000038,2024/7/21 2:25
1721529311,1721529311,0,1,82.58017731,-152.1154633,500052.3438,29,12,4.800000191,2024/7/21 2:35
1721529911,1721529911,0,1,51.08026505,126.7346115,496403.2813,26,11,9.600000381,2024/7/21 2:45
1721530511,1721530511,0,1,13.31270981,116.7247543,494346.3125,26,13,30.29999924,2024/7/21 2:55
1721531111,1721531111,0,1,-24.63288498,109.039917,505831.3125,20,12,-33.20000076,2024/7/21 3:05
1721531711,1721531711,0,1,-61.91469193,95.84721375,523426.9375,21,13,-1,2024/7/21 3:15
1721532311,1721532311,0,1,-77.13322449,-37.81276321,527772.6875,27,12,-12.5,2024/7/21 3:25
1721532912,1721532911,0,1,-41.19933319,-68.49806213,513562.6563,23,9,24.60000038,2024/7/21 3:35
1721533512,1721533511,0,1,-3.413393259,-77.09381866,497082.0625,24,11,8.5,2024/7/21 3:45
1721534112,1721534111,0,1,34.54143524,-85.17675018,493904.7188,16,10,-30.5,2024/7/21 3:55
1721534712,1721534711,0,1,71.567276,-105.521225,499075.6875,27,11,-23.29999924,2024/7/21 4:05
1721535312,1721535312,0,1,67.7043457,113.4584503,498843.3438,28,13,-14.39999962,2024/7/21 4:15
1721535912,1721535912,0,1,30.47120857,96.84838104,494225.25,23,10,-36.40000153,2024/7/21 4:25
1721536512,1721536512,0,1,-7.493259907,88.97769928,499177.375,24,12,-65.90000153,2024/7/21 4:35
1721537112,1721537112,0,1,-45.20705795,79.92858124,516208.4688,19,11,21.70000076,2024/7/21 4:45
1721537712,1721537712,0,1,-80.14685059,36.4493866,528527.1875,24,14,2.299999952,2024/7/21 4:55
1721538312,1721538312,0,1,-58.00305176,-85.52233124,521603.25,27,12,-6,2024/7/21 5:05
1721538913,1721538912,0,1,-20.57903481,-97.2408371,503334.0625,18,10,-3.299999952,2024/7/21 5:15
1721539513,1721539512,0,1,17.39297295,-104.8759537,493325.7813,17,12,-21.70000076,2024/7/21 5:25
1721540113,1721540112,0,1,55.14995956,-115.8120193,496553.2188,17,11,-18.29999924,2024/7/21 5:35
1721540713,1721540713,0,1,81.6357193,134.6795349,499968.4688,26,12,2.400000095,2024/7/21 5:45
1721541313,1721541313,0,1,47.51863861,78.12260437,496069.1563,20,11,-44.90000153,2024/7/21 5:55
1721541913,1721541913,0,1,9.696814537,68.72917938,495211.8125,24,12,-88,2024/7/21 6:05
1721542513,1721542513,0,1,-28.2211132,60.9516716,507908.375,20,11,8.600000381,2024/7/21 6:15
1721543113,1721543113,0,1,-65.34666443,45.98752213,524957.625,22,11,28.39999962,2024/7/21 6:25
1721543713,1721543713,0,1,-74.08434296,-92.89731598,527163,29,12,-18.70000076,2024/7/21 6:35
1721544313,1721544313,0,1,-37.64170837,-116.7848511,511585.0625,25,10,-12.30000019,2024/7/21 6:45
1721544914,1721544913,0,1,0.195795,-125.0692368,495784.375,22,13,-19.60000038,2024/7/21 6:55
1721545514,1721545513,0,1,38.13097,-133.405426,493950.1563,19,11,-37.59999847,2024/7/21 7:05
1721546114,1721546113,0,1,74.80121613,-158.6623688,499252.6563,28,12,-3.299999952,2024/7/21 7:15
1721546714,1721546714,0,1,64.27062988,63.11617279,498438.25,24,12,-7.400000095,2024/7/21 7:25
1721547914,1721547914,0,1,-11.1009903,40.98874664,500604.5313,22,11,-27,2024/7/21 7:45
1721548514,1721548514,0,1,-48.74643707,31.41946983,518024.5,18,9,40.29999924,2024/7/21 7:55
1721549114,1721549114,0,1,-82.03089905,-30.91701126,528728.375,26,12,-17,2024/7/21 8:05
1721549714,1721549714,0,1,-54.50418472,-134.5345612,519865.9688,26,12,-17.70000076,2024/7/21 8:15
1721550315,1721550314,0,1,-16.97782326,-145.2708893,501494.4688,21,14,-2.799999952,2024/7/21 8:25
1721550915,1721550914,0,1,21.00648117,-152.9120026,492906.5625,18,12,-2.700000048,2024/7/21 8:35
1721551515,1721551514,0,1,58.61463547,-164.8645782,496916.2813,23,14,13.19999981,2024/7/21 8:45
1721552115,1721552114,0,1,79.50831604,69.59870148,499837.375,26,13,3.400000095,2024/7/21 8:55
1721553915,1721553915,0,1,-31.80940056,12.81752205,509641.4063,21,11,27.10000038,2024/7/21 9:25
1721554515,1721554515,0,1,-68.73770905,-4.592636585,525944.625,28,12,9.100000381,2024/7/21 9:35
1721555115,1721555115,0,1,-70.83932495,-145.5543213,526140.5,30,12,-56.40000153,2024/7/21 9:45
1721555715,1721555715,0,1,-34.0597496,-165.004303,509550.3125,20,11,10.60000038,2024/7/21 9:55
1721556316,1721556315,0,1,3.820603371,-173.0500336,494788.9375,21,13,14.19999981,2024/7/21 10:05
1721556916,1721556915,0,1,41.72496414,178.2829895,494307.5625,15,11,-11.30000019,2024/7/21 10:15
1721557516,1721557515,0,1,77.77774811,145.5161591,499534.0938,28,12,2,2024/7/21 10:25
1721558116,1721558115,0,1,60.78381729,13.40188026,497960.2813,13,11,32.5,2024/7/21 10:35
1721559316,1721559316,0,1,-14.71813488,-7.015821457,501868.9375,20,11,12.39999962,2024/7/21 10:55
1721559916,1721559916,0,1,-52.2874527,-17.24748421,519539,18,11,22.29999924,2024/7/21 11:05
1721560516,1721560516,0,1,-82.55402374,-105.2175293,528583.125,25,12,-29.89999962,2024/7/21 11:15
1721561116,1721561116,0,1,-50.9685936,176.6828156,518072.75,23,12,-19.39999962,2024/7/21 11:25
1721561716,1721561716,0,1,-13.3559866,166.7145844,499917.875,21,12,53.5,2024/7/21 11:35
1721562317,1721562316,0,1,24.63132286,159.0223541,492893.75,19,9,13.39999962,2024/7/21 11:45
1721562917,1721562916,0,1,62.12677383,145.6956635,497519.75,24,12,12.30000019,2024/7/21 11:55
1721563517,1721563516,0,1,76.69778442,10.84956455,499674.9375,29,13,39,2024/7/21 12:05
1721564117,1721564116,0,1,40.35089111,-18.71089745,495121.0313,24,10,51,2024/7/21 12:15
1721564717,1721564717,0,1,2.447278261,-27.2414341,496414.7813,26,14,9,2024/7/21 12:25
1721565317,1721565317,0,1,-35.40454483,-35.36870575,511268.1563,20,12,-3.5,2024/7/21 12:35
1721565917,1721565917,0,1,-72.06551361,-56.27412796,526710.6875,23,14,-1,2024/7/21 12:45
1721566517,1721566517,0,1,-67.47618866,163.2325592,524999.3125,23,11,-52.70000076,2024/7/21 12:55
1721567117,1721567117,0,1,-30.4575119,146.8294525,507744.4688,22,11,25,2024/7/21 13:05
1721567717,1721567717,0,1,7.456705093,138.9637909,494156.2813,25,10,63.5,2024/7/21 13:15
1721568318,1721568317,0,1,45.31968689,129.8770752,494857.3438,17,10,22,2024/7/21 13:25
1721568918,1721568917,0,1,80.40315247,84.60865021,499745.7188,26,13,1.399999976,2024/7/21 13:35
1721569518,1721569517,0,1,57.31941986,-35.8549118,497339.9688,29,12,57.40000153,2024/7/21 13:45
1721570118,1721570117,0,1,19.62362289,-47.40421295,494112.8125,23,13,-25.70000076,2024/7/21 13:55
1721570718,1721570718,0,1,-18.34440422,-55.0366478,503209.1875,19,12,2.700000048,2024/7/21 14:05
1721571318,1721571318,0,1,-55.82466125,-66.11401367,521065,20,12,14.5,2024/7/21 14:15
1721571918,1721571918,0,1,-81.44649506,-177.6500549,528510.6875,29,13,-49.70000076,2024/7/21 14:25
1721572518,1721572518,0,1,-47.41081619,128.0754089,516518.4063,28,11,-24.10000038,2024/7/21 14:35
1721573118,1721573118,0,1,-9.726993561,118.7145081,498818.0938,25,12,28.20000076,2024/7/21 14:45
1721573718,1721573718,0,1,28.25426292,110.9264297,493219.2813,18,10,-20.70000076,2024/7/21 14:55
1721574319,1721574318,0,1,65.6047287,95.76418304,498151.1563,24,10,-23.29999924,2024/7/21 15:05
1721574919,1721574918,0,1,73.56834412,-43.88503647,499413.2188,24,11,37,2024/7/21 15:15
1721575519,1721575518,0,1,36.74901199,-66.99221039,494764.5625,24,11,-40.29999924,2024/7/21 15:25
1721576119,1721576118,0,1,-1.183663368,-75.22114563,497273.25,20,13,18.39999962,2024/7/21 15:35
1721576719,1721576719,0,1,-38.99202347,-83.61302185,513091.0313,17,12,2.400000095,2024/7/21 15:45
1721577319,1721577319,0,1,-75.26396179,-109.7136307,527562.5,26,13,-29.89999962,2024/7/21 15:55
1721577919,1721577919,0,1,-64.05334473,112.9401703,523879.4063,33,12,-21.39999962,2024/7/21 16:05
1721578519,1721578519,0,1,-26.85593605,98.708992,506156.6563,25,10,-40,2024/7/21 16:15
1721579119,1721579119,0,1,11.0844965,90.97135925,493884.75,18,11,-63.5,2024/7/21 16:25
1721579719,1721579719,0,1,48.89579391,81.35714722,495629.8125,17,11,-45.09999847,2024/7/21 16:35
1721580320,1721580319,0,1,82.18444061,16.03619576,500045.7188,27,12,28.60000038,2024/7/21 16:45
1721580920,1721580919,0,1,53.78422546,-84.83517456,497089,24,11,-45.59999847,2024/7/21 16:55
1721581520,1721581519,0,1,16.00816917,-95.43250275,494460.4063,16,11,-7.699999809,2024/7/21 17:05
1721582120,1721582120,0,1,-21.94697571,-103.0759125,504866.7813,16,10,-3.099999905,2024/7/21 17:15
1721582720,1721582720,0,1,-59.32088089,-115.2373352,522525.375,20,10,-21.89999962,2024/7/21 17:25
1721583320,1721583320,0,1,-79.20946503,117.9701385,528042.0625,27,13,-32.79999924,2024/7/21 17:35
1721583920,1721583920,0,1,-43.85783386,79.60849762,514593.4063,27,13,20.60000038,2024/7/21 17:45
1721584520,1721584520,0,1,-6.109445095,70.72535706,497593.5938,24,12,-76.69999695,2024/7/21 17:55
1721585120,1721585120,0,1,31.86140823,62.78966904,493416.75,18,10,-22,2024/7/21 18:05
1721586321,1721586320,0,1,70.27779388,-96.29037476,499273.5,29,13,-25.10000038,2024/7/21 18:25
1721586921,1721586920,0,1,33.21637726,-115.1840515,494583.8438,21,12,-33.79999924,2024/7/21 18:35
1721587521,1721587520,0,1,-4.798570156,-123.2011948,498390.1563,16,13,-15,2024/7/21 18:45
1721588121,1721588121,0,1,-42.55527115,-131.9360809,514862.8125,16,10,-13.89999962,2024/7/21 18:55
1721588721,1721588721,0,1,-78.21751404,-166.1671295,528058.5,23,12,-56,2024/7/21 19:05
1721589321,1721589321,0,1,-60.59681702,63.27327347,522352.0313,29,12,30.5,2024/7/21 19:15
1721589921,1721589921,0,1,-23.25710678,50.62976837,504243,20,12,-3.900000095,2024/7/21 19:25
1721590521,1721590521,0,1,14.70619965,42.96700668,493267.625,18,11,-9.399999619,2024/7/21 19:35
1721591722,1721591721,0,1,82.49914551,-58.83310318,499967.375,5,0,18.39999962,2024/7/21 19:55
1721592322,1721592321,0,1,50.22495651,-133.5812073,496445.5313,26,10,-16.79999924,2024/7/21 20:05
1721592922,1721592921,0,1,12.44554806,-143.4293823,494750.8438,22,12,-8.699999809,2024/7/21 20:15
1721593522,1721593522,0,1,-25.55419731,-151.1469574,506511.4375,22,10,-1.600000024,2024/7/21 20:25
1721594122,1721594122,0,1,-62.79731369,-164.746933,523894.875,20,11,-44,2024/7/21 20:35
1721594722,1721594722,0,1,-76.37494659,59.89680099,527443,26,13,10,2024/7/21 20:45
1721595322,1721595322,0,1,-40.28568268,31.25450706,512704.4063,26,12,33.40000153,2024/7/21 20:55
1721595922,1721595922,0,1,-2.482091665,22.74414635,496340.375,20,14,-20.10000038,2024/7/21 21:05
1721596522,1721596522,0,1,35.47227859,14.59961033,493493.25,17,11,35.20000076,2024/7/21 21:15
1721597723,1721597722,0,1,66.87425232,-147.3339386,498618.9375,19,11,8.100000381,2024/7/21 21:35
1721598323,1721598322,0,1,29.59560394,-163.3388977,494160.6563,22,10,-5.599999905,2024/7/21 21:45
1721598923,1721598922,0,1,-8.370806694,-171.1759338,499393.375,26,12,20.60000038,2024/7/21 21:55
1721599523,1721599523,0,1,-46.13121414,179.634903,516584.125,22,9,-1.899999976,2024/7/21 22:05
1721600123,1721600123,0,1,-80.73141479,132.0090179,528434.9375,26,11,-41.29999924,2024/7/21 22:15
1721600723,1721600723,0,1,-57.08835983,14.02109528,520901.375,23,14,22,2024/7/21 22:25
1721601323,1721601323,0,1,-19.63417053,2.580003262,502584.3438,17,11,17,2024/7/21 22:35
1721601923,1721601923,0,1,18.34359741,-5.055204868,492940.4688,15,10,26.5,2024/7/21 22:45
1721602523,1721602523,0,1,56.01909637,-16.21666336,496390.125,21,13,61.70000076,2024/7/21 22:55
1721603123,1721603123,0,1,81.18399048,-130.5157623,499767.875,28,13,1.399999976,2024/7/21 23:05
1721603724,1721603723,0,1,46.63600922,177.8403778,495745.5,29,11,-4.199999809,2024/7/21 23:15
1721604324,1721604323,0,1,8.800849915,168.5732422,495072.3125,29,11,25.60000038,2024/7/21 23:25
1721604924,1721604923,0,1,-29.17461014,160.7465668,508147.1563,24,10,36.40000153,2024/7/21 23:35
1721605524,1721605523,0,1,-66.25364685,145.2026825,525117.6875,29,12,-45.40000153,2024/7/21 23:45
1721606124,1721606124,0,1,-73.23200989,5.512396812,526737.5,25,12,17.39999962,2024/7/21 23:55
1721606724,1721606724,0,1,-36.68698502,-17.01934052,510921.5625,20,9,20.60000038,2024/7/22 0:05
1721607324,1721607324,0,1,1.162931681,-25.23611641,495394.0938,17,11,9.899999619,2024/7/22 0:15
1721607924,1721607924,0,1,39.09143448,-33.65496445,493843.375,14,10,49.59999847,2024/7/22 0:25
1721608524,1721608524,0,1,75.58266449,-60.50166321,499101.6563,21,10,19.39999962,2024/7/22 0:35
1721609124,1721609124,0,1,63.39942932,162.478653,498028.5,29,14,12,2024/7/22 0:45
1721609725,1721609724,0,1,25.95965004,148.5473938,493884.1563,26,12,29.70000076,2024/7/22 0:55
1721610325,1721610324,0,1,-12.01428509,140.8269806,500584.375,24,14,63.40000153,2024/7/22 1:05
1721610925,1721610924,0,1,-49.64355469,131.1036377,518291.0625,23,12,-21.89999962,2024/7/22 1:15
1721611525,1721611525,0,1,-82.33207703,62.22869492,528640.4375,29,12,-0.600000024,2024/7/22 1:25
1721612125,1721612125,0,1,-53.54878998,-34.94016266,519402.125,24,10,11.80000019,2024/7/22 1:35
1721612725,1721612725,0,1,-15.99881458,-45.45043945,501141.7813,20,10,-14.39999962,2024/7/22 1:45
1721613325,1721613325,0,1,21.98582649,-53.10116577,492972.1875,17,10,-38.40000153,2024/7/22 1:55
1721613925,1721613925,0,1,59.5655632,-65.38745117,497103.8438,21,11,-11.19999981,2024/7/22 2:05
1721614525,1721614525,0,1,78.79586792,165.980011,499757.0625,28,13,1.600000024,2024/7/22 2:15
1721615125,1721615125,0,1,43.03732681,129.389328,495360.25,28,10,25.20000076,2024/7/22 2:25
1721615726,1721615725,0,1,5.159025192,120.5836487,495705.75,31,14,62.90000153,2024/7/22 2:35
1721616326,1721616325,0,1,-32.72222519,112.6147842,509878.375,24,12,-38.5,2024/7/22 2:45
1721616926,1721616925,0,1,-69.65184021,94.3674469,525977.6875,29,13,5.900000095,2024/7/22 2:55
1721617526,1721617526,0,1,-69.93310547,-46.72563171,525676.375,24,11,1.399999976,2024/7/22 3:05
1721618126,1721618126,0,1,-33.079422,-65.2307663,508993.4375,20,9,25.10000038,2024/7/22 3:15
1721618726,1721618726,0,1,4.811133385,-73.22018433,494591.25,20,11,14.19999981,2024/7/22 3:25
1721619326,1721619326,0,1,42.70531845,-81.9901886,494446.5,17,11,-35.70000076,2024/7/22 3:35
1721619926,1721619926,0,1,78.54803467,-117.5584717,499567.5938,28,11,-1.5,2024/7/22 3:45
1721620526,1721620526,0,1,59.88761139,112.8728027,497842.4375,27,11,-27.70000076,2024/7/22 3:55
1721621127,1721621126,0,1,22.3285408,100.4713135,494213.3438,19,10,-37.59999847,2024/7/22 4:05
1721621727,1721621726,0,1,-15.64209652,92.82057953,502318.4688,15,14,-53.79999924,2024/7/22 4:15
1721622327,1721622326,0,1,-53.18965149,82.3968811,519997.9063,21,13,23.29999924,2024/7/22 4:25
1721622927,1721622926,0,1,-82.40711975,-12.66810799,528564.5,26,12,-10.60000038,2024/7/22 4:35
1721623527,1721623527,0,1,-50.00322342,-83.67415619,517523.4375,25,12,1.5,2024/7/22 4:45
1721624127,1721624127,0,1,-12.36810303,-93.4598999,499437.1875,23,11,-8.899999619,2024/7/22 4:55
1721624727,1721624727,0,1,25.62077522,-101.1714401,492746.9688,20,9,-16.70000076,2024/7/22 5:05
1721625327,1721625327,0,1,63.08307648,-114.9415283,497536.1563,24,11,-25.29999924,2024/7/22 5:15
1721625927,1721625927,0,1,75.86578369,108.5118713,499580.875,28,13,-4.400000095,2024/7/22 5:25
1721626527,1721626527,0,1,39.42885208,81.04650879,495198.5,25,11,-56.29999924,2024/7/22 5:35
1721627128,1721627127,0,1,1.519104958,72.60340881,496968.2188,23,12,-96.80000305,2024/7/22 5:45
1721627728,1721627727,0,1,-36.31912994,64.41772461,512009.1875,15,9,23.39999962,2024/7/22 5:55
1721628328,1721628327,0,1,-72.89345551,42.39728546,527091.4375,30,13,23,2024/7/22 6:05
1721628928,1721628927,0,1,-66.554039,-97.63996124,524608.25,31,13,-23.20000076,2024/7/22 6:15
1721629528,1721629528,0,1,-29.47936821,-113.3797531,506969.2188,22,10,-8.600000381,2024/7/22 6:25
1721630128,1721630128,0,1,8.447323799,-121.2045898,493633.1563,24,14,-36,2024/7/22 6:35
1721630728,1721630728,0,1,46.30224991,-130.4228973,494668.7813,20,10,-24.20000076,2024/7/22 6:45
1721631328,1721631328,0,1,81.00357819,179.6383667,499654.6563,27,13,4.099999905,2024/7/22 6:55
1721631928,1721631928,0,1,56.34851837,63.67343903,497422.2813,22,11,-16.70000076,2024/7/22 7:05
1721632528,1721632528,0,1,18.69500923,52.42577744,494552.8438,18,10,-31.89999962,2024/7/22 7:15
1721633129,1721633128,0,1,-19.26558876,44.79551697,504032.7813,13,10,-8.100000381,2024/7/22 7:25
1721633729,1721633728,0,1,-56.71671677,33.46925735,521652.375,19,12,35,2024/7/22 7:35
1721634329,1721634328,0,1,-80.95926666,-82.73122406,528292.6875,25,12,-26.89999962,2024/7/22 7:45
1721634929,1721634928,0,1,-46.44363022,-132.2359314,515555.4375,24,11,-14.89999962,2024/7/22 7:55
1721635529,1721635529,0,1,-8.735256195,-141.4558716,497812.5625,29,14,-0.699999988,2024/7/22 8:05
1721636129,1721636129,0,1,29.25081062,-149.2805939,492619.4063,19,11,-15.60000038,2024/7/22 8:15
1721636729,1721636729,0,1,66.55903625,-165.0661774,497886.9063,25,14,3.599999905,2024/7/22 8:25
1721637329,1721637329,0,1,72.66491699,54.53799057,499319.6563,30,14,1.799999952,2024/7/22 8:35
1721639730,1721639729,0,1,-76.05234528,-11.70389652,527660.375,23,12,5.5,2024/7/22 9:15
1721640330,1721640329,0,1,-63.16345215,-147.6955872,523175.75,24,12,-39.90000153,2024/7/22 9:25
1721640930,1721640929,0,1,-25.858675,-161.4890594,504978.8125,21,12,8.800000191,2024/7/22 9:35
1721641530,1721641530,0,1,12.09567547,-169.2037201,492969.875,21,13,11.39999962,2024/7/22 9:45
1721642130,1721642130,0,1,49.89771271,-178.9955597,495157.9375,17,13,-4.199999809,2024/7/22 9:55
1721642730,1721642730,0,1,82.44258881,108.5933838,499796.2188,26,12,5.300000191,2024/7/22 10:05
1721644530,1721644530,0,1,-22.89662743,-3.257011652,505559.5313,5,0,15.69999981,2024/7/22 10:35
1721645131,1721645130,0,1,-60.23580551,-15.76115799,522934.4688,22,12,18.89999962,2024/7/22 10:45
1721645731,1721645730,0,1,-78.50384521,-145.3178406,527698.8125,26,12,-51,2024/7/22 10:55
1721646331,1721646330,0,1,-42.91671753,179.3450165,513612.6875,30,12,14.19999981,2024/7/22 11:05
1721646931,1721646931,0,1,-5.083918571,170.5535736,496534.25,26,11,38.20000076,2024/7/22 11:15
1721647531,1721647531,0,1,32.88920593,162.5620422,492877.375,18,10,-5.099999905,2024/7/22 11:25
1721648131,1721648131,0,1,69.98516846,143.9539948,498415.0313,27,11,-0.5,2024/7/22 11:35
1721648731,1721648731,0,1,69.31069946,2.551574945,498992.0938,16,13,47.09999847,2024/7/22 11:45
1721649331,1721649331,0,1,32.18122864,-15.41143322,494565.6875,25,11,40.90000153,2024/7/22 11:55
1721649931,1721649931,0,1,-5.772596836,-23.36359406,498854.5625,23,13,0.5,2024/7/22 12:05
1721650532,1721650531,0,1,-43.51174164,-32.20770645,515417.2188,24,12,2.5,2024/7/22 12:15
1721651132,1721651131,0,1,-78.94680023,-69.39215088,528022.5,23,13,-19.60000038,2024/7/22 12:25
1721651732,1721651731,0,1,-59.65954208,162.7388153,521672.5313,22,13,-37.5,2024/7/22 12:35
1721652332,1721652331,0,1,-22.2199173,150.4337616,503240.5,24,12,52.70000076,2024/7/22 12:45
1721652932,1721652932,0,1,15.75328159,142.782074,492662.1563,19,12,52.5,2024/7/22 12:55
1721653532,1721653532,0,1,53.48826599,132.259964,495784,19,10,14.5,2024/7/22 13:05
1721654132,1721654132,0,1,82.26889038,33.36330032,499796.7813,29,12,21.39999962,2024/7/22 13:15
1721654732,1721654732,0,1,49.18744659,-33.94537354,496261.5938,25,13,55,2024/7/22 13:25
1721655332,1721655332,0,1,11.39233303,-43.61061096,494995.8438,28,12,-25.60000038,2024/7/22 13:35
1721655932,1721655932,0,1,-26.53643036,-51.33934021,507049.875,18,11,6,2024/7/22 13:45
1721656533,1721656532,0,1,-63.73838425,-65.40706635,524161.6875,22,13,14.89999962,2024/7/22 13:55
1721657133,1721657132,0,1,-75.54456329,157.7081451,527133.125,30,12,-57.20000076,2024/7/22 14:05
1721657733,1721657732,0,1,-39.30836487,131.0032349,511967.2813,26,10,-26.70000076,2024/7/22 14:15
1721658333,1721658332,0,1,-1.424815059,122.5681915,495683.8438,24,12,62.29999924,2024/7/22 14:25
1721658933,1721658933,0,1,36.52570724,114.352211,493413.9688,16,9,-16.60000038,2024/7/22 14:35
1721659533,1721659533,0,1,73.32009125,91.64518738,498889.4063,25,12,-10.69999981,2024/7/22 14:45
1721660133,1721660133,0,1,65.86891937,-48.23278427,498537.1875,25,12,38.5,2024/7/22 14:55
1721660733,1721660733,0,1,28.5400486,-63.55913925,494325.125,22,13,-46,2024/7/22 15:05
1721661333,1721661333,0,1,-9.426654816,-71.35434723,499959.5313,22,14,26.39999962,2024/7/22 15:15
1721661933,1721661933,0,1,-47.1043129,-80.66623688,517150.3125,18,12,6.099999905,2024/7/22 15:25
1721662534,1721662533,0,1,-81.28751373,-133.2183228,528425.25,28,13,-43.09999847,2024/7/22 15:35
1721663134,1721663133,0,1,-56.1278801,113.5580673,520268.9063,28,11,-16.60000038,2024/7/22 15:45
1721663734,1721663733,0,1,-18.64242363,102.397934,501906.3125,23,11,-40.79999924,2024/7/22 15:55
1721664334,1721664333,0,1,19.40444183,94.75190735,492747.1563,10,11,-49.09999847,2024/7/22 16:05
1721665534,1721665534,0,1,80.57344055,-36.03787994,499903.9688,24,11,35.09999847,2024/7/22 16:25
1721666134,1721666134,0,1,45.59209824,-82.48957062,495990.625,24,11,-37.79999924,2024/7/22 16:35
1721666734,1721666734,0,1,7.746973515,-91.60670471,495610.4688,24,11,-1.200000048,2024/7/22 16:45
1721667334,1721667334,0,1,-30.15431786,-99.45446014,508834.1563,18,10,-4.300000191,2024/7/22 16:55
1721667934,1721667934,0,1,-67.1818924,-115.6297684,525327.375,23,12,-32.90000153,2024/7/22 17:05
1721668535,1721668534,0,1,-72.3515625,104.0116196,526227.9375,27,12,-14.89999962,2024/7/22 17:15
1721669135,1721669134,0,1,-35.70649719,82.74291992,510031.5313,24,11,-0.200000003,2024/7/22 17:25
1721669735,1721669734,0,1,2.159436703,74.59705353,494914.7813,30,12,-99.40000153,2024/7/22 17:35
1721670335,1721670334,0,1,40.1448288,66.07489014,493941.5,15,11,-36.79999924,2024/7/22 17:45
1721671535,1721671535,0,1,62.38438034,-98.22510529,498370.7813,27,12,-44.70000076,2024/7/22 18:05
1721672135,1721672135,0,1,24.9107914,-111.6610641,494389.25,22,12,-36,2024/7/22 18:15
1721672735,1721672735,0,1,-13.05922127,-119.3540192,501339.5,22,12,-7.699999809,2024/7/22 18:25
1721673335,1721673335,0,1,-50.66507721,-129.2589569,518765.5,18,11,-15.5,2024/7/22 18:35
1721673935,1721673935,0,1,-82.52347565,154.9346313,528377.4375,23,12,-39.20000076,2024/7/22 18:45
1721674536,1721674535,0,1,-52.58799362,64.66734314,518420.4063,26,13,35.20000076,2024/7/22 18:55
1721675136,1721675135,0,1,-15.0081749,54.37336731,500197.125,24,13,-22.29999924,2024/7/22 19:05
1721675736,1721675735,0,1,23.04616928,46.69751358,492519.8125,14,11,-10.60000038,2024/7/22 19:15
1721677536,1721679435,858993459,1,41.98470306,-130.9040985,495520.7813,9,0,-31.20000076,2024/7/22 19:45
1721678136,1721680035,858993459,1,4.099030018,-139.5943909,496293.2188,10,0,-3.700000048,2024/7/22 19:55
1721678735,1721680635,858993459,1,-33.76821136,-147.6202545,510592.4688,10,0,-4.400000095,2024/7/22 20:05
1721679335,1721681235,858993459,1,-70.56248474,-166.7679901,526294.375,9,0,-63.70000076,2024/7/22 20:15
1721679936,1721681835,858993459,1,-69.01639557,52.20556259,525108.5,15,0,32.70000076,2024/7/22 20:25
1721680536,1721682435,858993459,1,-32.09255219,34.55237579,508038.375,17,0,25.39999962,2024/7/22 20:35
1721681136,1721683035,858993459,1,5.8759799,26.59978867,493913.3438,14,0,-11.5,2024/7/22 20:45
1721681736,1721683636,858993459,1,43.76343918,17.70718384,494167.2188,6,0,45.59999847,2024/7/22 20:55
1721682936,1721684836,858993459,1,58.84708786,-147.6993866,497641.3125,12,0,11.69999981,2024/7/22 21:15
1721683536,1721685436,858993459,1,21.25824928,-159.72995,494247.8125,15,0,8.699999809,2024/7/22 21:25
1721684136,1721686036,858993459,1,-16.71018982,-167.37146,502689.4688,15,0,18,2024/7/22 21:35
1721684736,1721686636,858993459,1,-54.23145676,-178.0413971,520372.625,13,0,-32.20000076,2024/7/22 21:45
1721685336,1721687236,858993459,1,-82.12731171,80.14344025,528263.375,14,0,-1.700000048,2024/7/22 21:55
1721685937,1721687836,858993459,1,-49.01241302,15.98369312,516701.5313,17,0,29.60000038,2024/7/22 22:05
1721686537,1721688436,858993459,1,-11.35381699,6.366240025,498713.2813,14,0,11.89999962,2024/7/22 22:15
1721687137,1721689037,858993459,1,26.69980621,-1.388903379,492463.5938,8,0,27.89999962,2024/7/22 22:25
1721687737,1721689637,858993459,1,64.12200928,-15.6992197,497415.1875,12,0,64.69999695,2024/7/22 22:35
1721688337,1721690237,858993459,1,74.93083191,-153.7259216,499364.75,11,0,-4.300000191,2024/7/22 22:45
1721688937,1721690837,858993459,1,38.35005569,-179.2245483,494911.4375,17,0,-12.5,2024/7/22 22:55
1721689537,1721691437,858993459,1,0.430423319,172.4208679,496954.7188,14,0,27.70000076,2024/7/22 23:05
1721690137,1721692037,858993459,1,-37.39665222,164.1541748,512311.7188,16,0,19,2024/7/22 23:15
1721690737,1721692637,858993459,1,-73.86022186,140.6341248,527119.6875,13,0,-49.5,2024/7/22 23:25
1721691337,1721693237,858993459,1,-65.58058167,1.525504947,524002.7188,15,0,15.10000038,2024/7/22 23:35
1721691938,1721693837,858993459,1,-28.4528389,-13.58968544,506268.125,18,0,14,2024/7/22 23:45
1721692538,1721694437,858993459,1,9.546186447,-21.39263153,493302.7188,11,0,17.20000076,2024/7/22 23:55
1721693738,1721695638,858993459,1,81.57493591,-86.62400055,499503.125,14,0,14.30000019,2024/7/23 0:15
1721694338,1721696238,858993459,1,55.2712059,163.1826782,496985.1875,13,0,1,2024/7/23 0:25
1721694938,1721696838,858993459,1,17.58987045,152.2255249,494243.7188,8,0,38.40000153,2024/7/23 0:35
1721695538,1721697438,858993459,1,-20.37047386,144.5907288,504156.75,9,0,52.40000153,2024/7/23 0:45
1721696138,1721698038,858993459,1,-57.79180908,132.9367065,521906.9375,13,0,-28.29999924,2024/7/23 0:55
1721696738,1721698638,858993459,1,-80.28542328,11.84958458,528033.5,15,0,-3.299999952,2024/7/23 1:05
1721697338,1721699238,858993459,1,-45.4117012,-32.55118179,515001.2188,24,0,2.200000048,2024/7/23 1:15
1721697938,1721699838,858993459,1,-7.685564995,-41.63194656,497509.2813,13,0,-15.60000038,2024/7/23 1:25
1721698539,1721700438,858993459,1,30.35960579,-49.51430893,492754.4063,9,0,-15.19999981,2024/7/23 1:35
1721699139,1721701039,858993459,1,67.60983276,-66.05614471,498032.625,16,0,5.699999809,2024/7/23 1:45
1721699739,1721701639,858993459,1,71.65576172,152.9625702,499145.1563,13,0,1.100000024,2024/7/23 1:55
1721700339,1721702239,858993459,1,34.7063446,132.5270996,494587.1875,14,0,33.70000076,2024/7/23 2:05
1721700939,1721702839,858993459,1,-3.237331629,124.4350586,497888.1563,13,0,58.79999924,2024/7/23 2:15
1721701539,1721703439,858993459,1,-41.01625824,115.8586502,514129.6563,11,0,-32.79999924,2024/7/23 2:25
1721702139,1721704039,858993459,1,-76.98009491,85.61489105,527615.6875,11,0,1,2024/7/23 2:35
1721702739,1721704639,858993459,1,-62.09115601,-48.42221832,522600.8438,16,0,19.79999924,2024/7/23 2:45
1721703339,1721705239,858993459,1,-24.80435753,-61.69499588,504472.4063,19,0,24.70000076,2024/7/23 2:55
1721703939,1721705839,858993459,1,13.15565872,-69.38526154,492952.2188,13,0,-33.5,2024/7/23 3:05
1721704540,1721706439,858993459,1,51.00130081,-79.39389801,495415.9063,10,0,-42.09999847,2024/7/23 3:15
1721705140,1721707040,858993459,1,82.57832336,-159.9958191,499834.7188,9,0,4.400000095,2024/7/23 3:25
1721705740,1721707640,858993459,1,51.68089294,114.3302917,496766.2188,14,0,-20.39999962,2024/7/23 3:35
1721706340,1721708240,858993459,1,13.92933369,104.2032852,494830.9688,10,0,-20.79999924,2024/7/23 3:45
1721706940,1721708840,858993459,1,-24.01309395,96.53160095,506014.7813,10,0,-44.40000153,2024/7/23 3:55
1721707540,1721709440,858993459,1,-61.31427002,83.59944153,523263.1563,9,0,19.29999924,2024/7/23 4:05
1721708140,1721710040,858993459,1,-77.63507843,-48.74182892,527411.1875,10,0,-14.60000038,2024/7/23 4:15
1721708740,1721710640,858993459,1,-41.8094368,-80.96266937,512948.875,18,0,7,2024/7/23 4:25
1721709340,1721711240,858993459,1,-4.02162838,-89.62023926,496158.2813,13,0,-9,2024/7/23 4:35
1721709940,1721711840,858993459,1,33.94752884,-97.66821289,492912,14,0,-27.10000038,2024/7/23 4:45
1721710541,1721712440,858993459,1,71.02709961,-117.3821487,498524.625,16,0,-16.29999924,2024/7/23 4:55
1721711141,1721713041,858993459,1,68.25798798,101.3904724,498947.5,10,0,-16.39999962,2024/7/23 5:05
1721711741,1721713641,858993459,1,31.06088638,84.34586334,494660.9063,13,0,-29.5,2024/7/23 5:15
1721712341,1721714241,858993459,1,-6.895488262,76.45052338,499511,8,0,-85.80000305,2024/7/23 5:25
1721712941,1721714841,858993459,1,-44.61444855,67.47756195,516131.0625,7,0,30.70000076,2024/7/23 5:35
1721713541,1721715441,858993459,1,-79.7435379,26.38142967,528197.375,13,0,3.900000095,2024/7/23 5:45
1721714141,1721716041,858993459,1,-58.58130646,-97.8504715,521072.2188,20,0,-13.89999962,2024/7/23 5:55
1721714741,1721716641,858993459,1,-21.16583633,-109.7598343,502503.4688,7,0,-2.799999952,2024/7/23 6:05
1721715341,1721717241,858993459,1,16.81539154,-117.4000015,492311.7188,11,0,-44.20000076,2024/7/23 6:15
1721715941,1721717841,858993459,1,54.53201675,-128.1676636,495735.9063,10,0,-9.100000381,2024/7/23 6:25
1721716541,1721718441,858993459,1,81.88122559,125.6199493,499804.4063,12,0,3.099999905,2024/7/23 6:35
1721717142,1721719042,858993459,1,48.0766716,65.67861938,496425.9375,15,0,-32.40000153,2024/7/23 6:45
1721717742,1721719642,858993459,1,10.26838875,56.19916534,495573.0625,10,0,-49.40000153,2024/7/23 6:55
1721718342,1721720242,858993459,1,-27.64810181,48.4405098,507946.5625,8,0,10.19999981,2024/7/23 7:05
1721718942,1721720842,858993459,1,-64.79849243,33.7986908,524644.625,9,0,22.39999962,2024/7/23 7:15
1721719542,1721721442,858993459,1,-74.58628845,-104.49263,526633.875,15,0,-26.5,2024/7/23 7:25
1721720142,1721722042,858993459,1,-38.20176697,-129.2741547,510834.6563,12,0,-12.30000019,2024/7/23 7:35
1721720742,1721722642,858993459,1,-0.360130012,-137.6039276,494799.25,12,0,-2.799999952,2024/7/23 7:45
1721721342,1721723242,858993459,1,37.58947754,-145.8990631,493020.6563,9,0,-26.60000038,2024/7/23 7:55
1721722542,1721724443,858993459,1,64.78510284,50.88597488,498587.4688,13,0,5.599999905,2024/7/23 8:15
1721724343,1721726243,858993459,1,-48.20720291,18.97409248,517808.5,7,0,31.89999962,2024/7/23 8:45
1721724943,1721726843,858993459,1,-81.81613159,-39.95786285,528263.25,12,0,-20.20000076,2024/7/23 8:55
1721725543,1721727443,858993459,1,-55.03163528,-146.9319,519239,15,0,-23,2024/7/23 9:05
1721726143,1721728043,858993459,1,-17.50918579,-157.8020935,500647.0625,14,0,7,2024/7/23 9:15
1721726743,1721728643,858993459,1,20.48471069,-165.4411926,492000.1875,8,0,9.100000381,2024/7/23 9:25
1721727343,1721729243,858993459,1,58.11417389,-177.2290192,496328.1563,8,0,1.899999976,2024/7/23 9:35
1721727943,1721729843,858993459,1,79.86375427,59.05478668,499807.875,17,0,9.699999809,2024/7/23 9:45
1721729143,1721731044,858993459,1,6.598481655,8.203026772,496160.5938,6,0,21.60000038,2024/7/23 10:05
1721729744,1721731644,858993459,1,-31.28911972,0.304241657,509618.875,9,0,20.39999962,2024/7/23 10:15
1721730344,1721732244,858993459,1,-68.2490387,-16.6967907,525562.25,9,0,5.900000095,2024/7/23 10:25
1721730944,1721732844,858993459,1,-71.31455231,-157.5274048,525580.1875,11,0,-62,2024/7/23 10:35
1721731544,1721733444,858993459,1,-34.56724167,-177.5146637,508800.9688,17,0,22.70000076,2024/7/23 10:45
1721732144,1721734044,858993459,1,3.318331718,174.4084625,493877.9375,14,0,24.20000076,2024/7/23 10:55
1721732744,1721734644,858993459,1,41.23670959,165.7901611,493511.875,7,0,-7.599999905,2024/7/23 11:05
1721733344,1721735244,858993459,1,77.38748932,134.2729797,499222.0938,10,0,1.799999952,2024/7/23 11:15
1721734546,1721734545,0,1,23.80791092,-11.86712456,494535.1563,17,10,38.20000076,2024/7/23 11:35
1721735146,1721735145,0,1,-14.15889645,-19.54073715,501964.4688,18,12,1,2024/7/23 11:45
1721735746,1721735745,0,1,-51.80027771,-29.68337822,519288.9063,14,12,14.60000038,2024/7/23 11:55
1721736346,1721736346,0,1,-82.58267212,-114.012825,528111.75,23,11,-35.20000076,2024/7/23 12:05
1721736946,1721736946,0,1,-51.44820023,164.2358093,517440.0625,24,11,-16.39999962,2024/7/23 12:15
1721737546,1721737546,0,1,-13.83664036,154.1735382,499103.375,25,11,63.90000153,2024/7/23 12:25
1721738146,1721738146,0,1,24.16034508,146.4898071,492032.0625,17,10,35.79999924,2024/7/23 12:35
1721738746,1721738746,0,1,61.67844772,133.361969,496991.125,20,10,1.399999976,2024/7/23 12:45
1721739346,1721739346,0,1,77.07965851,-0.598614991,499662.5313,26,13,41.40000153,2024/7/23 12:55
1721739947,1721739946,0,1,40.87535477,-31.19555855,495448.9688,24,12,57.20000076,2024/7/23 13:05
1721740547,1721740546,0,1,2.98091507,-39.77446747,496656.3438,19,13,-17.39999962,2024/7/23 13:15
1721741147,1721741146,0,1,-34.87328339,-47.86631012,511144.375,18,12,-5,2024/7/23 13:25
1721741747,1721741746,0,1,-71.63752747,-68.25054169,526350.0625,26,13,3.599999905,2024/7/23 13:35
1721742347,1721742347,0,1,-67.91586304,151.0413666,524491.25,28,11,-51.90000153,2024/7/23 13:45
1721742947,1721742947,0,1,-30.91596413,134.3029022,507097.125,24,10,-4.699999809,2024/7/23 13:55
1721743547,1721743547,0,1,7.003653526,126.4173431,493361.0938,22,11,58.5,2024/7/23 14:05
1721744147,1721744147,0,1,44.87983322,117.3882751,494222.0938,17,9,-6.699999809,2024/7/23 14:15
1721744747,1721744747,0,1,80.1190567,74.00397491,499554.3125,24,12,4,2024/7/23 14:25
1721745347,1721745347,0,1,57.75126266,-48.26575851,497650.9688,23,12,31.70000076,2024/7/23 14:35
1721745948,1721745947,0,1,20.1343441,-59.93214035,494538.25,22,14,-47.40000153,2024/7/23 14:45
1721746548,1721746547,0,1,-17.8298378,-67.56436157,503280.6875,19,13,44.70000076,2024/7/23 14:55
1721747148,1721747147,0,1,-55.32184601,-78.50496674,520789.9688,21,13,3.200000048,2024/7/23 15:05
1721747748,1721747747,0,1,-81.66268158,172.4242554,527988.8125,28,13,-48.5,2024/7/23 15:15
1721748348,1721748348,0,1,-47.84761047,115.5923309,515814.5938,24,11,-23,2024/7/23 15:25
1721748948,1721748948,0,1,-10.16187477,106.1652145,497987.5,28,12,-5.599999905,2024/7/23 15:35
1721750148,1721750148,0,1,65.20454407,83.47478485,497773.875,19,11,-19.79999924,2024/7/23 15:55
1721750748,1721750748,0,1,73.94259644,-55.80306625,499611,24,12,24,2024/7/23 16:05
1721751348,1721751348,0,1,37.23418427,-79.49678802,495252.5938,21,11,-33.5,2024/7/23 16:15
1721751949,1721751948,0,1,-0.689426661,-87.75960541,497584.3125,24,11,-2.700000048,2024/7/23 16:25
1721752549,1721752548,0,1,-38.50054932,-96.10870361,512943.0938,18,11,-4.099999905,2024/7/23 16:35
1721753149,1721753148,0,1,-74.83725739,-121.3539658,527091.1875,24,12,-37.29999924,2024/7/23 16:45
1721753749,1721753749,0,1,-64.46024323,100.6212616,523186.1875,30,12,-0.699999988,2024/7/23 16:55
1721754349,1721754349,0,1,-27.27160072,86.16959381,505295.9063,19,11,-26.5,2024/7/23 17:05
1721754949,1721754949,0,1,10.67661476,78.41947174,493010.125,23,12,-94.59999847,2024/7/23 17:15
1721756749,1721756749,0,1,54.17565918,-97.29286194,497462.2813,29,12,-35.79999924,2024/7/23 17:45
1721757349,1721757349,0,1,16.47643852,-107.9693298,494886.0313,20,12,-29.20000076,2024/7/23 17:55
1721757950,1721757949,0,1,-21.47577477,-115.6075668,504896.1563,18,10,-3.5,2024/7/23 18:05
1721758550,1721758549,0,1,-58.86363983,-127.6087189,522144.5938,24,11,-23.10000038,2024/7/23 18:15
1721759150,1721759149,0,1,-79.49884033,106.8895721,527404.375,29,12,-21.10000038,2024/7/23 18:25
1721759750,1721759749,0,1,-44.24975586,67.10082245,513775.0313,23,13,30.29999924,2024/7/23 18:35
1721760350,1721760350,0,1,-6.496926785,58.16963196,496638.9375,26,13,-44.40000153,2024/7/23 18:45
1721760950,1721760950,0,1,31.48519325,50.25117111,492578.1875,10,12,-6.099999905,2024/7/23 18:55
1721762750,1721762750,0,1,33.58999634,-127.7211838,495006.8438,23,11,-41.20000076,2024/7/23 19:25
1721763351,1721763350,0,1,-4.354585171,-135.7458191,498608.2813,23,11,-4.400000095,2024/7/23 19:35
1721763951,1721763950,0,1,-42.11461639,-144.4331818,514702.8125,18,9,-11.69999981,2024/7/23 19:45
1721764551,1721764550,0,1,-77.87081146,-177.4375916,527590.0625,29,11,-57.20000076,2024/7/23 19:55
1721765151,1721765150,0,1,-61.01952744,50.9087944,521686.2813,25,13,31.39999962,2024/7/23 20:05
1721765751,1721765751,0,1,-23.62259293,38.0798912,503362.5938,19,13,2.599999905,2024/7/23 20:15
1721766351,1721766351,0,1,14.34938145,30.41013145,492351.9375,10,15,2.299999952,2024/7/23 20:25
1721768151,1721768151,0,1,50.5679245,-146.0770264,496785.5938,22,9,-2.299999952,2024/7/23 20:55
1721768751,1721768751,0,1,12.79931545,-155.9877319,495107.75,25,11,3.200000048,2024/7/23 21:05
1721769352,1721769351,0,1,-25.13525963,-163.6823425,506497.625,16,10,11.39999962,2024/7/23 21:15
1721769952,1721769951,0,1,-62.39422607,-177.0928955,523525.5313,22,12,-48.59999847,2024/7/23 21:25
1721770552,1721770551,0,1,-76.72022247,48.28314209,526835.3125,29,12,10.69999981,2024/7/23 21:35
1721771152,1721771151,0,1,-40.62705994,18.72516632,511906.0938,23,12,29.60000038,2024/7/23 21:45
1721771752,1721771752,0,1,-2.817980051,10.18174362,495426.7813,27,13,6,2024/7/23 21:55
1721772352,1721772352,0,1,35.14723206,2.057676554,492731.8438,17,10,46.79999924,2024/7/23 22:05
1721772952,1721772952,0,1,72.07205963,-18.90485573,498515,25,13,55.09999847,2024/7/23 22:15
1721773552,1721773552,0,1,67.17927551,-159.668396,498808.3125,27,12,5,2024/7/23 22:25
1721774152,1721774152,0,1,29.92091179,-175.889328,494561,24,11,-7.300000191,2024/7/23 22:35
1721774752,1721774752,0,1,-8.039534569,176.2619629,499611.3125,27,11,35,2024/7/23 22:45
1721775353,1721775352,0,1,-45.74076462,167.1398926,516414.875,23,9,3.5,2024/7/23 22:55
1721775953,1721775952,0,1,-80.49192047,121.3197937,527958.375,30,13,-34.20000076,2024/7/23 23:05
1721776553,1721776552,0,1,-57.46595383,1.588781714,520222.5,29,12,21.29999924,2024/7/23 23:15
1721777153,1721777152,0,1,-19.95018196,-9.980286598,501715.1563,20,13,12.19999981,2024/7/23 23:25
1721777753,1721777753,0,1,18.036623,-17.61684418,492084.9375,20,9,26.79999924,2024/7/23 23:35
1721778353,1721778353,0,1,55.72620773,-28.69731522,495852.2188,19,10,60.70000076,2024/7/23 23:45
1721778953,1721778953,0,1,81.34268188,-141.4594116,499746.75,28,12,1.399999976,2024/7/23 23:55
1721779553,1721779553,0,1,46.93318176,165.3149109,496113.1875,28,12,-0.300000012,2024/7/24 0:05
1721780153,1721780153,0,1,9.107111931,156.0068054,495430.5625,26,13,42.20000076,2024/7/24 0:15
1721780753,1721780753,0,1,-28.80357742,148.2078094,508174.5938,24,12,30.60000038,2024/7/24 0:25
1721781354,1721781353,0,1,-65.90106964,132.8956451,524758.9375,30,13,-37.79999924,2024/7/24 0:35
1721781954,1721781953,0,1,-73.56069183,-6.51429987,526133.125,26,11,12.30000019,2024/7/24 0:45
1721782554,1721782553,0,1,-37.04458618,-29.55041885,510141.2188,24,11,6.599999905,2024/7/24 0:55
1721783154,1721783153,0,1,0.874726653,-37.80557632,494524.0625,24,12,-12.69999981,2024/7/24 1:05
1721783754,1721783754,0,1,38.81379318,-46.20046997,493214.7188,17,10,10,2024/7/24 1:15
1721784354,1721784354,0,1,75.34630585,-72.5351944,498946.375,27,12,16.70000076,2024/7/24 1:25
1721784954,1721784954,0,1,63.66716385,150.0487061,498388.125,28,12,11,2024/7/24 1:35
1721785554,1721785554,0,1,26.24334908,135.9850464,494397.75,20,13,39,2024/7/24 1:45
1721786154,1721786154,0,1,-11.72467327,128.2599182,500848.4688,27,13,46.09999847,2024/7/24 1:55
1721786754,1721786754,0,1,-49.35766983,118.589119,518091.7813,22,13,-22.70000076,2024/7/24 2:05
1721787355,1721787354,0,1,-82.2383194,52.14078522,528063.3125,27,13,-1.799999952,2024/7/24 2:15
1721787955,1721787954,0,1,-53.88528824,-47.41936874,518604.8125,27,12,13.30000019,2024/7/24 2:25
1721788555,1721788554,0,1,-16.33285141,-58.00682068,500211.9688,23,12,9.100000381,2024/7/24 2:35
1721789155,1721789155,0,1,21.724823,-65.66799164,492154.6875,19,10,-51.59999847,2024/7/24 2:45
1721789755,1721789755,0,1,59.31830597,-77.86437225,496691.4688,22,10,-37.90000153,2024/7/24 2:55
1721790355,1721790355,0,1,78.98562622,154.2541962,499878,29,13,3,2024/7/24 3:05
1721790955,1721790955,0,1,43.2934494,116.8450012,495885.0938,26,11,-5.5,2024/7/24 3:15
1721791555,1721791555,0,1,5.424516678,108.0122223,496234.0625,24,14,15.60000038,2024/7/24 3:25
1721792155,1721792155,0,1,-32.4538765,100.0591507,510019.0938,22,12,-34.79999924,2024/7/24 3:35
1721792755,1721792755,0,1,-69.34249878,82.12011719,525667.125,28,13,15.19999981,2024/7/24 3:45
1721793356,1721793355,0,1,-70.23802948,-58.9658699,525028.9375,26,12,4.099999905,2024/7/24 3:55
1721793956,1721793955,0,1,-33.39813614,-77.77410126,508100.25,23,11,10,2024/7/24 4:05
1721794556,1721794555,0,1,4.564051628,-85.79330444,493607.8125,23,11,4.800000191,2024/7/24 4:15
1721795156,1721795156,0,1,42.46998978,-94.5365448,493744.9375,13,10,-28.79999924,2024/7/24 4:25
1721795756,1721795756,0,1,78.37056732,-129.399292,499415.375,30,12,-4.5,2024/7/24 4:35
1721796356,1721796356,0,1,60.11692047,100.3853836,498212.3438,27,12,-34,2024/7/24 4:45
1721796956,1721796956,0,1,22.57042694,87.90150452,494775,21,11,-57.5,2024/7/24 4:55
1721797556,1721797556,0,1,-15.39401531,80.25,502656.4063,24,9,-56.20000076,2024/7/24 5:05
1721798156,1721798156,0,1,-52.94423676,69.88299561,519906.875,23,10,34.29999924,2024/7/24 5:15
1721798757,1721798756,0,1,-82.46981812,-22.95323181,528069.6875,29,13,-13.69999981,2024/7/24 5:25
1721799357,1721799356,0,1,-50.30291367,-96.18188477,516725.4063,24,12,-7,2024/7/24 5:35
1721799957,1721799956,0,1,-12.66318035,-106.0218658,498449.9375,20,11,-6.199999809,2024/7/24 5:45
1721800557,1721800556,0,1,25.39976311,-113.7414398,491870.1563,16,12,-41.09999847,2024/7/24 5:55
1721801157,1721801157,0,1,62.87691879,-127.4098511,497074.125,22,11,-0.100000001,2024/7/24 6:05
1721801757,1721801757,0,1,76.04824829,96.36946869,499726.875,30,12,-7.900000095,2024/7/24 6:15
1721802357,1721802357,0,1,39.6459465,68.48646545,495693.7188,24,11,-37.20000076,2024/7/24 6:25
1721802957,1721802957,0,1,1.744496703,60.02613068,497393.4063,25,12,-63.59999847,2024/7/24 6:35
1721803557,1721803557,0,1,-36.09174728,51.85770798,512058.0625,16,9,34.40000153,2024/7/24 6:45
1721804157,1721804157,0,1,-72.68862915,30.13102341,526676.0625,24,12,21.60000038,2024/7/24 6:55
1721804758,1721804757,0,1,-66.82426453,-110.0105591,523844.0313,24,11,-29,2024/7/24 7:05
1721805358,1721805357,0,1,-29.75411797,-125.9358063,505999.2188,21,12,-11.80000019,2024/7/24 7:15
1721805958,1721805957,0,1,8.181735039,-133.7718048,492656.3438,20,12,-20.20000076,2024/7/24 7:25
1721806558,1721806557,0,1,46.11105347,-142.9762115,494036.0938,18,11,-18.20000076,2024/7/24 7:35
1721807158,1721807158,0,1,80.8951416,168.0300293,499576.5,30,14,2.200000048,2024/7/24 7:45
1721807758,1721807758,0,1,56.53733444,51.14723587,497794.4688,8,11,1.399999976,2024/7/24 7:55
1721810759,1721810758,0,1,-46.69537354,-144.7694092,514656.7813,24,11,-14.5,2024/7/24 8:45
1721811359,1721811358,0,1,-8.980596542,-154.0260162,496845.1875,21,13,7.699999809,2024/7/24 8:55
1721811959,1721811958,0,1,29.0155201,-161.8426819,491854.5313,17,12,-4.5,2024/7/24 9:05
1721812559,1721812558,0,1,66.40010834,-177.5349884,497610.6563,24,12,4.199999809,2024/7/24 9:15
1721813159,1721813159,0,1,72.81732941,42.17578888,499554.625,24,11,8.699999809,2024/7/24 9:25
1721814959,1721814959,0,1,-39.73257446,3.582183361,513748.6563,11,10,19.20000076,2024/7/24 9:55
1721815559,1721815559,0,1,-75.90028381,-23.91142082,527168.875,25,12,-2.799999952,2024/7/24 10:05
1721816159,1721816159,0,1,-63.33025742,-160.1938629,522348.6563,25,13,-44.09999847,2024/7/24 10:15
1721816760,1721816759,0,1,-26.08524132,-174.0559692,504014.3125,25,10,33.90000153,2024/7/24 10:26
1721817360,1721817359,0,1,11.8781004,178.2230225,492099.9063,28,11,13.30000019,2024/7/24 10:36
1721817960,1721817959,0,1,49.7529068,168.4439392,494666.125,18,10,1.700000048,2024/7/24 10:46
1721818560,1721818559,0,1,82.41377258,97.07015991,499830.2188,26,12,5.199999809,2024/7/24 10:56
1721819160,1721819160,0,1,52.92695999,2.20532155,497324.5938,14,11,43.90000153,2024/7/24 11:06
1721819760,1721819760,0,1,15.20521641,-8.185839653,495207.6563,21,10,29,2024/7/24 11:16
1721820360,1721820360,0,1,-22.73796082,-15.83925629,505674.3125,16,12,6.699999809,2024/7/24 11:26
1721820960,1721820960,0,1,-60.08231354,-28.28365898,522595.0625,22,12,22.20000076,2024/7/24 11:36
1721821560,1721821560,0,1,-78.62120056,-157.4238739,526977.4375,28,13,-53.20000076,2024/7/24 11:46
1721822160,1721822160,0,1,-43.06032944,166.7720947,512678.875,28,11,4.5,2024/7/24 11:56
1721822761,1721822760,0,1,-5.282476902,157.9766388,495603.375,25,11,62.20000076,2024/7/24 12:06
1721823361,1721823360,0,1,32.69995499,149.9949188,492215.4688,21,10,16.60000038,2024/7/24 12:16
1721823961,1721823960,0,1,69.87124634,131.4852905,498246.2188,24,10,-5.800000191,2024/7/24 12:26
1721824561,1721824560,0,1,69.42735291,-9.928832054,499257.75,20,14,56.09999847,2024/7/24 12:36
1721825161,1721825161,0,1,32.31037903,-27.99564362,495017.7813,20,11,38.5,2024/7/24 12:46
1721825761,1721825761,0,1,-5.637766838,-35.95256042,499130.1563,18,14,-5.300000191,2024/7/24 12:56
1721826361,1721826361,0,1,-43.3769455,-44.77957153,515297.3438,15,12,-4.400000095,2024/7/24 13:06
1721826961,1721826961,0,1,-78.84842682,-81.52835846,527494.9375,28,12,-24.70000076,2024/7/24 13:16
1721827561,1721827561,0,1,-59.78277969,150.1943817,520849.0625,28,10,-29,2024/7/24 13:26
1721828161,1721828161,0,1,-22.40065384,137.8581543,502378.75,27,11,32.09999847,2024/7/24 13:36
1721828762,1721828761,0,1,15.58096504,130.2043762,491920.6563,25,11,46.79999924,2024/7/24 13:46
1721829362,1721829361,0,1,53.32502365,119.721199,495442.875,22,11,-8.800000191,2024/7/24 13:56
1721829962,1721829961,0,1,82.31656647,21.95165062,499927.75,29,13,25.60000038,2024/7/24 14:06
1721830562,1721830562,0,1,49.29365921,-46.52223587,496751.5,22,12,27.29999924,2024/7/24 14:16
1721831162,1721831162,0,1,11.50614643,-56.20228577,495485.5313,19,14,-47.70000076,2024/7/24 14:26
1721831762,1721831762,0,1,-26.41875458,-63.92569351,507192.7188,16,11,25.70000076,2024/7/24 14:36
1721832362,1721832362,0,1,-63.62571335,-77.93167877,523856.4063,20,13,-2.400000095,2024/7/24 14:46
1721832962,1721832962,0,1,-75.64234924,145.329361,526389.1875,28,12,-56,2024/7/24 14:56
1721833562,1721833562,0,1,-39.41165161,118.417038,510995.3125,24,10,-34.59999847,2024/7/24 15:06
1721834163,1721834162,0,1,-1.582081676,109.9857407,494795.4688,26,12,33,2024/7/24 15:16
1721834763,1721834762,0,1,36.44063568,101.7640839,492868.9063,6,0,-43.5,2024/7/24 15:26
1721837763,1721837594,85899345,1,-47.00332642,-93.24222565,517037.875,7,0,-4,2024/7/24 16:16
1721838363,1721838194,85899345,1,-81.23655701,-145.2622986,527810.875,11,0,-47.40000153,2024/7/24 16:26
1721838963,1721838794,85899345,1,-56.21737671,100.9867325,519291.9063,13,0,-1.299999952,2024/7/24 16:36
1721839563,1721839394,85899345,1,-18.72313309,89.80214691,500863.1875,14,0,-51.29999924,2024/7/24 16:46
1721840163,1721839994,85899345,1,19.27016068,82.16918182,491970.0938,12,0,-66.80000305,2024/7/24 16:56
1721841364,1721841195,85899345,1,80.61504364,-48.32585907,500167.2813,11,0,27.60000038,2024/7/24 17:16
1721841964,1721841795,85899345,1,45.66360855,-95.07804108,496544.0938,14,0,-26.70000076,2024/7/24 17:26
1721842564,1721842395,85899345,1,7.826468468,-104.2032242,496128.0625,13,0,-18.5,2024/7/24 17:36
1721843164,1721842995,85899345,1,-30.07099342,-112.0464783,508928.8438,10,0,-8.399999619,2024/7/24 17:46
1721843764,1721843595,85899345,1,-67.10409546,-128.1643982,524875.4375,12,0,-38.5,2024/7/24 17:56
1721844364,1721844195,85899345,1,-72.42055511,91.50990295,525312.125,12,0,4.599999905,2024/7/24 18:06
1721844964,1721844795,85899345,1,-35.7714653,70.14855957,508911.5313,16,0,16.10000038,2024/7/24 18:16
1721845564,1721845395,85899345,1,2.105293274,61.99745178,493883.4375,13,0,-68.40000153,2024/7/24 18:26
1721847364,1721847196,85899345,1,62.42806244,-110.8049698,498721.375,9,0,-30,2024/7/24 18:56
1721847965,1721847796,85899345,1,24.96211624,-124.2597351,494931.125,11,0,-46.09999847,2024/7/24 19:06
1721848565,1721848396,85899345,1,-13.00172138,-131.9529419,501694.375,13,0,-9.100000381,2024/7/24 19:16
1721849165,1721848996,85899345,1,-50.60630035,-141.8467255,518661.125,8,0,-18.20000076,2024/7/24 19:26
1721849765,1721849596,85899345,1,-82.51557922,142.7597504,527773.75,10,0,-41.79999924,2024/7/24 19:36
1721850365,1721850196,85899345,1,-52.63574982,52.07836533,517441.3438,15,0,42.79999924,2024/7/24 19:46
1721850965,1721850796,85899345,1,-15.04617977,41.77238846,499127.6563,16,0,-22.20000076,2024/7/24 19:56
1721851565,1721851396,85899345,1,22.95496368,34.10931778,491682.125,12,0,11.19999981,2024/7/24 20:06
1721852765,1721852597,85899345,1,77.99636841,-110.0048676,499928.8125,8,0,-4,2024/7/24 20:26
1721853365,1721853197,85899345,1,42.01088715,-143.5046692,495978.75,11,0,-24.5,2024/7/24 20:36
1721853966,1721853797,85899345,1,4.131649971,-152.1968384,496709.1563,17,0,11.69999981,2024/7/24 20:46
1721854566,1721854397,85899345,1,-33.73177719,-160.2198639,510679.25,12,0,5.699999809,2024/7/24 20:56
1721855166,1721854997,85899345,1,-70.5293045,-179.3323059,525898.5625,14,0,-61.40000153,2024/7/24 21:06
1721855766,1721855597,85899345,1,-69.04444122,39.62917328,524291,21,0,22.10000038,2024/7/24 21:16
1721856366,1721856197,85899345,1,-32.11274719,21.94968987,506989.875,22,0,35.29999924,2024/7/24 21:26
1721856966,1721856797,85899345,1,5.802754879,14.00740623,492970.2188,13,0,12.19999981,2024/7/24 21:36
1721857566,1721857397,85899345,1,43.69821167,5.121759892,493767.5,5,0,50.20000076,2024/7/24 21:46
1721858166,1721857997,85899345,1,79.33988953,-33.97798157,499382.9375,7,0,36.70000076,2024/7/24 21:56
1721858766,1721858598,85899345,1,58.84982681,-160.3049164,498009.5,10,0,15.39999962,2024/7/24 22:06
1721859366,1721859198,85899345,1,21.26660919,-172.3350525,494739.7188,13,0,6.400000095,2024/7/24 22:16
1721859967,1721859798,85899345,1,-16.69636726,-179.9754944,502958.8438,10,0,52.09999847,2024/7/24 22:26
1721860567,1721860398,85899345,1,-54.21618652,169.3592682,520228.75,11,0,-24.10000038,2024/7/24 22:36
1721861167,1721860998,85899345,1,-82.13199615,67.61986542,527620.4375,20,0,0.699999988,2024/7/24 22:46
1721861767,1721861598,85899345,1,-49.01635361,3.37806344,515718.5625,20,0,23.89999962,2024/7/24 22:56
1721862367,1721862198,85899345,1,-11.3471632,-6.240880013,497687.2813,14,0,12.69999981,2024/7/24 23:06
1721862967,1721862798,85899345,1,26.65271378,-13.98262501,491724,14,0,36.29999924,2024/7/24 23:16
1721863567,1721863398,85899345,1,64.0813446,-28.27045059,497161.9375,10,0,61.5,2024/7/24 23:26
1721864767,1721864599,85899345,1,38.3354187,168.1650085,495402,17,0,-11,2024/7/24 23:46
1721865367,1721865199,85899345,1,0.422091663,159.8131409,497390.6563,11,0,49.29999924,2024/7/24 23:56
1721865967,1721865799,85899345,1,-37.40089417,151.5472717,512433.0938,12,0,4.800000191,2024/7/25 0:06
1721866568,1721866399,85899345,1,-73.86499023,128.0216217,526707.6875,16,0,-41.40000153,2024/7/25 0:16
1721867168,1721866999,85899345,1,-65.57012939,-11.09116459,523151.625,20,0,8.100000381,2024/7/25 0:26
1721867768,1721867599,85899345,1,-28.43179512,-26.20015144,505223.1563,17,0,2.799999952,2024/7/25 0:36
1721868368,1721868199,85899345,1,9.514309883,-33.99046707,492429.9688,11,0,-4.800000191,2024/7/25 0:46
1721868968,1721868799,85899345,1,47.36239243,-43.36560059,494203.6563,7,0,35.70000076,2024/7/25 0:56
1721869568,1721869399,85899345,1,81.59476471,-99.46383667,499596.3125,12,0,8.399999619,2024/7/25 1:06
1721870168,1721870000,85899345,1,55.23708344,150.5597382,497452.5313,16,0,19.29999924,2024/7/25 1:16
1721870768,1721870600,85899345,1,17.56169319,139.6142578,494807.2188,15,0,49.90000153,2024/7/25 1:26
1721871368,1721871200,85899345,1,-20.39295959,131.9814453,504472.75,8,0,23.89999962,2024/7/25 1:36
1721871968,1721871800,85899345,1,-57.81266785,120.3234711,521697.5938,9,0,-23,2024/7/25 1:46
1721872569,1721872400,85899345,1,-80.27044678,-0.879383326,527317.0625,14,0,-7.599999905,2024/7/25 1:56
1721873169,1721873000,85899345,1,-45.37783432,-45.16875076,513969.0313,17,0,-3.5,2024/7/25 2:06
1721873769,1721873600,85899345,1,-7.640161514,-54.24498749,496504.0938,15,0,-18.39999962,2024/7/25 2:16
1721874369,1721874200,85899345,1,30.35033417,-62.11476898,492123.9688,12,0,-41,2024/7/25 2:26
1721874969,1721874800,85899345,1,67.60440826,-78.65205383,497952.9375,12,0,-24.70000076,2024/7/25 2:36
1721875569,1721875400,85899345,1,71.6058197,140.2837372,499528.0938,17,0,-2.099999905,2024/7/25 2:46
1721876169,1721876001,85899345,1,34.65863037,119.9114304,495233.2813,14,0,4.400000095,2024/7/25 2:56
1721876769,1721876601,85899345,1,-3.277988434,111.8240585,498427.6563,10,0,36.59999847,2024/7/25 3:06
1721877369,1721877201,85899345,1,-41.05264664,103.2458496,514162.9375,13,0,-23.29999924,2024/7/25 3:16
1721877969,1721877801,85899345,1,-77.01191711,72.91708374,527111.625,12,0,4.5,2024/7/25 3:26
1721878569,1721878401,85899345,1,-62.0476799,-61.05703354,521619.75,11,0,15.5,2024/7/25 3:36
1721879170,1721879001,85899345,1,-24.74775887,-74.31011963,503319.25,13,0,17.79999924,2024/7/25 3:46
1721879770,1721879601,85899345,1,13.22378826,-81.99934387,491992,11,0,1.5,2024/7/25 3:56
1721880970,1721880801,85899345,1,82.58119965,-172.6949005,499938.3125,11,0,4.5,2024/7/25 4:16
1721881570,1721881401,85899345,1,51.67308426,101.7239075,497297,18,0,-38,2024/7/25 4:26
1721882170,1721882001,85899345,1,13.86532021,91.58872986,495504.8438,11,0,-61.5,2024/7/25 4:36
1721882770,1721882602,85899345,1,-24.07022476,83.91821289,506409.375,10,0,-32.79999924,2024/7/25 4:46
1721883370,1721883202,85899345,1,-61.36746216,70.96631622,523150.75,8,0,27.5,2024/7/25 4:56
1721883970,1721883802,85899345,1,-77.58939362,-61.51683426,526718.625,10,0,-16.10000038,2024/7/25 5:06
1721884570,1721884402,85899345,1,-41.74273682,-93.58518982,511876.0938,21,0,-3.099999905,2024/7/25 5:16
1721885170,1721885002,85899345,1,-3.942403316,-102.2362137,495074.125,14,0,-14.39999962,2024/7/25 5:26
1721885771,1721885602,85899345,1,34.03585815,-110.2893524,492195.5,14,0,-24.89999962,2024/7/25 5:36
1721886371,1721886202,85899345,1,71.05491638,-130.0149231,498336.25,16,0,-7.199999809,2024/7/25 5:46
1721886971,1721886802,85899345,1,68.23242188,88.75880432,499271.375,20,0,-16.79999924,2024/7/25 5:56
1721887571,1721887402,85899345,1,30.97632599,71.72412872,495262.6563,18,0,-47.5,2024/7/25 6:06
1721888171,1721888003,85899345,1,-6.973400116,63.8345108,499963.7813,15,0,-58.29999924,2024/7/25 6:16
1721888771,1721888603,85899345,1,-44.68741989,54.85379791,516197.5,8,0,41.70000076,2024/7/25 6:26
1721889371,1721889203,85899345,1,-79.79613495,13.47129154,527687.8125,8,0,-1.299999952,2024/7/25 6:36
1721889971,1721889803,85899345,1,-58.50087357,-110.4976654,520074.0313,16,0,-19.5,2024/7/25 6:46
1721890571,1721890403,85899345,1,-21.07175636,-122.380394,501353.2813,16,0,-7.300000191,2024/7/25 6:56
1721891171,1721891003,85899345,1,16.92053413,-130.020813,491423.1875,13,0,-37.79999924,2024/7/25 7:06
1721891772,1721891603,85899345,1,54.64121246,-140.8158875,495361,11,0,0.200000003,2024/7/25 7:16
1721892372,1721892203,85899345,1,81.86178589,112.7035904,499960.5313,10,0,3.700000048,2024/7/25 7:26
1721895372,1721895204,85899345,1,-74.49961853,-117.2793884,525829.8125,16,0,-38.09999847,2024/7/25 8:16
1721895972,1721895804,85899345,1,-38.09365082,-141.9033051,509727.8438,17,0,-10.80000019,2024/7/25 8:26
1721896572,1721896404,85899345,1,-0.239811674,-150.2258453,493785.0938,18,0,12.89999962,2024/7/25 8:36
1721897172,1721897004,85899345,1,37.71694183,-158.5318298,492449.8125,16,0,-15.30000019,2024/7/25 8:46
1721897772,1721897604,85899345,1,74.38903809,176.9904938,498733.5313,14,0,1.600000024,2024/7/25 8:56
1721900772,1721900605,85899345,1,-81.86456299,-53.30342102,527709.3125,11,0,-24.89999962,2024/7/25 9:46
1721901372,1721901205,85899345,1,-54.91119003,-159.5871277,518256.6875,16,0,-27.10000038,2024/7/25 9:56
1721901972,1721901805,85899345,1,-17.37522125,-170.4276886,499563.4375,13,0,28,2024/7/25 10:06
1721902572,1721902405,85899345,1,20.62826347,-178.068924,491213.4688,13,0,2.900000095,2024/7/25 10:16
1721903172,1721903005,85899345,1,58.25911331,170.0954285,496023.875,11,0,6.800000191,2024/7/25 10:26
1721905575,1721905574,0,1,-31.36977768,-12.31286621,509761.0938,11,10,15.60000038,2024/7/25 11:06
1721906175,1721906174,0,1,-68.32540131,-29.37571526,525211.5625,22,12,4.400000095,2024/7/25 11:16
1721906775,1721906774,0,1,-71.23466492,-170.2406006,524734.625,27,12,-65.90000153,2024/7/25 11:26
1721907375,1721907374,0,1,-34.40775681,169.8472748,507680.25,22,12,32.09999847,2024/7/25 11:36
1721907975,1721907975,0,1,3.49000001,161.7790985,492923.1875,26,12,43,2024/7/25 11:46
1721908575,1721908575,0,1,41.41402054,153.1424713,493005.4688,19,9,11.89999962,2024/7/25 11:56
1721909175,1721909175,0,1,77.53341675,121.1721954,499220.4688,22,12,-0.5,2024/7/25 12:06
1721909775,1721909775,0,1,61.14482498,-11.60426044,498515.5,21,14,59.09999847,2024/7/25 12:16
1721910375,1721910375,0,1,23.63587379,-24.50096703,495038.0313,21,11,22.20000076,2024/7/25 12:26
1721910975,1721910975,0,1,-14.32567501,-32.17039871,502328.125,17,13,-7.699999809,2024/7/25 12:36
1721911576,1721911575,0,1,-51.89994431,-42.31948471,519221.5625,18,11,6,2024/7/25 12:46
1721912176,1721912175,0,1,-82.58016205,-127.4238815,527542.1875,27,12,-41.59999847,2024/7/25 12:56
1721912776,1721912775,0,1,-51.33811188,151.5950775,516495.3438,27,11,-18.29999924,2024/7/25 13:06
1721913376,1721913375,0,1,-13.65104198,141.5410309,498098.0625,22,11,61.09999847,2024/7/25 13:16
1721913976,1721913976,0,1,24.35463142,133.8531799,491341.3438,20,9,36.79999924,2024/7/25 13:26
1721914576,1721914576,0,1,61.87094879,120.6427307,496780.8125,24,12,-18.5,2024/7/25 13:36
1721915176,1721915176,0,1,76.9176712,-13.71889973,499847,24,14,36.79999924,2024/7/25 13:46
1721915776,1721915776,0,1,40.68296814,-43.84783173,495928.5,22,11,21.29999924,2024/7/25 13:56
1721916376,1721916376,0,1,2.792690039,-52.40567017,497176.9688,25,14,-30.20000076,2024/7/25 14:06
1721916976,1721916976,0,1,-35.05524063,-60.50707626,511397.4063,16,12,17.5,2024/7/25 14:16
1721917577,1721917576,0,1,-71.7470932,-81.004776,526098.0625,23,12,-12,2024/7/25 14:26
1721918177,1721918176,0,1,-67.79917908,138.3218384,523698.4375,30,12,-41,2024/7/25 14:36
1721918777,1721918776,0,1,-30.78261185,121.675705,506078.5313,24,10,-23,2024/7/25 14:46
1721919377,1721919377,0,1,7.211466789,113.7832336,492480.2188,23,11,33.09999847,2024/7/25 14:56
1721919977,1721919977,0,1,45.0921936,104.7275772,493810.7813,18,9,-44.09999847,2024/7/25 15:06
1721920577,1721920577,0,1,80.26170349,60.44194031,499609.5313,26,13,9.699999809,2024/7/25 15:16
1721921177,1721921177,0,1,57.54460526,-60.97106552,498121.5625,24,12,-4.699999809,2024/7/25 15:26
1721921777,1721921777,0,1,19.92894745,-72.56973267,495141.7813,22,11,-37.29999924,2024/7/25 15:36
1721922377,1721922377,0,1,-18.0285244,-80.19921112,503780.6563,16,13,7.300000191,2024/7/25 15:46
1721922977,1721922977,0,1,-55.51319122,-91.18778229,520796.7188,19,14,-8.100000381,2024/7/25 15:56
1721923578,1721923577,0,1,-81.60151672,158.9898376,527375.3125,25,12,-42.20000076,2024/7/25 16:06
1721924178,1721924177,0,1,-47.7059021,102.9462738,514779.7813,27,11,-9.100000381,2024/7/25 16:16
1721924778,1721924777,0,1,-9.943427086,93.52842712,496948.125,23,11,-53.29999924,2024/7/25 16:26
1721925378,1721925378,0,1,28.0567112,85.74697113,491741.1875,16,10,-35.5,2024/7/25 16:36
1721925978,1721925978,0,1,65.42601776,70.69803619,497605.375,27,11,-14.69999981,2024/7/25 16:46
1721926578,1721926578,0,1,73.73838043,-68.79766083,499893.1563,28,13,15.5,2024/7/25 16:56
1721927178,1721927178,0,1,37.01082611,-92.15050507,495795.1875,20,10,-30.29999924,2024/7/25 17:06
1721927778,1721927778,0,1,-0.90749836,-100.3950729,498150.7188,20,12,-14.5,2024/7/25 17:16
1721928378,1721928378,0,1,-38.71155167,-108.7603378,513179.2188,18,10,-10,2024/7/25 17:26
1721928978,1721928978,0,1,-75.02252197,-134.3648376,526725.5,27,13,-43.59999847,2024/7/25 17:36
1721929579,1721929578,0,1,-64.31066132,87.90855408,522247.9375,29,12,10,2024/7/25 17:46
1721930179,1721930178,0,1,-27.10441589,73.53882599,504114.2188,23,11,-4.5,2024/7/25 17:56
1721930779,1721930778,0,1,10.85600662,65.79247284,492011.3125,25,13,-77.40000153,2024/7/25 18:06
1721931979,1721931979,0,1,82.13774109,-8.177653313,499942.2188,27,12,30,2024/7/25 18:26
1721932579,1721932579,0,1,53.93063736,-109.9933624,497802.3438,25,12,-23.89999962,2024/7/25 18:36
1721933179,1721933179,0,1,16.23242188,-120.6106491,495452.875,19,11,-45.70000076,2024/7/25 18:46
1721933779,1721933779,0,1,-21.71286392,-128.2504425,505353.1875,20,12,-11.19999981,2024/7/25 18:56
1721934379,1721934379,0,1,-59.09078979,-140.3306274,522161.375,21,11,-28.29999924,2024/7/25 19:06
1721934980,1721934979,0,1,-79.37471008,93.62122345,526786.75,27,11,-6.300000191,2024/7/25 19:16
1721935580,1721935579,0,1,-44.06929016,54.45297241,512719.9688,24,12,41.40000153,2024/7/25 19:26
1721936180,1721936179,0,1,-6.302911758,45.54171753,495546.875,24,13,-40.29999924,2024/7/25 19:36
1721938580,1721938580,0,1,33.32289505,-140.3778992,495417.3125,20,10,-30.5,2024/7/25 20:16
1721939180,1721939180,0,1,-4.617195129,-148.3871613,499095.7813,19,11,9.399999619,2024/7/25 20:26
1721939780,1721939780,0,1,-42.36948013,-157.1015472,514921.6875,19,10,-4.300000191,2024/7/25 20:36
1721940380,1721940380,0,1,-78.07276154,169.1877289,527247.125,29,12,-53.90000153,2024/7/25 20:46
1721940980,1721940980,0,1,-60.76451492,38.15900803,520779.75,28,13,32,2024/7/25 20:56
1721941581,1721941580,0,1,-23.41183472,25.44506836,502256.125,26,13,18.79999924,2024/7/25 21:06
1721942181,1721942180,0,1,14.57117176,17.77682304,491441.625,19,15,10.60000038,2024/7/25 21:16
1721942781,1721942780,0,1,52.33952332,7.508398533,494867.1563,11,12,43.59999847,2024/7/25 21:26
1721943381,1721943380,0,1,82.50673676,-83.64984894,499866.3438,28,12,15.39999962,2024/7/25 21:36
1721943981,1721943981,0,1,50.28113556,-158.7762299,497081.4375,26,12,7.800000191,2024/7/25 21:46
1721944581,1721944581,0,1,12.51311302,-168.6333313,495584.6875,20,10,11.19999981,2024/7/25 21:56
1721945181,1721945181,0,1,-25.41487503,-176.3335266,506860.4063,24,9,42.90000153,2024/7/25 22:06
1721945781,1721945781,0,1,-62.66158295,170.1312256,523446.8438,23,14,-45.40000153,2024/7/25 22:16
1721946381,1721946381,0,1,-76.48601532,35.00039673,526132.6875,26,12,12.80000019,2024/7/25 22:26
1721946981,1721946981,0,1,-40.40123749,6.072193146,510845.625,22,12,20.10000038,2024/7/25 22:36
1721947582,1721947581,0,1,-2.578799963,-2.451474905,494396.5313,21,12,17.79999924,2024/7/25 22:46
1721948182,1721948181,0,1,35.39337921,-10.59273338,492110.0625,15,10,43.79999924,2024/7/25 22:56
1721948782,1721948781,0,1,72.30031586,-31.85424423,498360.125,26,12,49.70000076,2024/7/25 23:06
1721949382,1721949381,0,1,66.88287354,-172.5413055,499021.0625,26,12,2.400000095,2024/7/25 23:16
1721949982,1721949982,0,1,29.6134243,171.4507599,495021.9063,24,11,-6.699999809,2024/7/25 23:26
1721950582,1721950582,0,1,-8.342053413,163.6150665,500089.3125,27,12,58.40000153,2024/7/25 23:36
1721951182,1721951182,0,1,-46.03469849,154.453476,516617.0625,24,12,-11.30000019,2024/7/25 23:46
1721951782,1721951782,0,1,-80.67528534,107.2737961,527544.1875,26,13,-21.20000076,2024/7/25 23:56
1721952382,1721952382,0,1,-57.16878891,-11.1533165,519263.0625,26,13,21.60000038,2024/7/26 0:06
1721952982,1721952982,0,1,-19.6975708,-22.61990166,500629.75,24,11,-4.300000191,2024/7/26 0:16
1721953583,1721953582,0,1,18.29965782,-30.25712585,491256.9688,20,11,14.19999981,2024/7/26 0:26
1721954183,1721954182,0,1,55.98939896,-41.40988922,495494.375,20,10,46.59999847,2024/7/26 0:36
1721954783,1721954782,0,1,81.2009964,-155.5810394,499822.25,27,12,2.099999905,2024/7/26 0:46
1721955383,1721955382,0,1,46.60761642,152.61586,496482.8125,28,12,21.89999962,2024/7/26 0:56
1721955983,1721955983,0,1,8.783022881,143.3564148,495945.2813,26,14,57.20000076,2024/7/26 1:06
1721956583,1721956583,0,1,-29.12058067,135.5473022,508555.25,30,12,4.5,2024/7/26 1:16
1721957183,1721957183,0,1,-66.20188904,120.0427246,524594.0625,27,12,-26.29999924,2024/7/26 1:26
1721957783,1721957783,0,1,-73.27465057,-19.63376808,525367.375,25,10,2.599999905,2024/7/26 1:36
1721958383,1721958383,0,1,-36.71626282,-42.22546005,509034.125,21,10,-7.099999905,2024/7/26 1:46
1721958983,1721958983,0,1,1.153571725,-50.44496918,493583.2188,22,11,-26.5,2024/7/26 1:56
1721959584,1721959583,0,1,39.09763336,-58.86461639,492754.4063,16,9,-25.29999924,2024/7/26 2:06
1721960184,1721960183,0,1,75.59372711,-85.72841644,498979.5938,26,11,0.699999988,2024/7/26 2:16
1721960784,1721960783,0,1,63.39393616,137.2599335,498790.875,25,13,3.5,2024/7/26 2:26
1721961384,1721961383,0,1,25.90261269,123.3230515,494989.125,26,13,23.39999962,2024/7/26 2:36
1721961984,1721961984,0,1,-12.05940151,115.6081314,501387.4375,25,13,12.10000038,2024/7/26 2:46
1721962584,1721962584,0,1,-49.68327713,105.8822403,518149.5,22,14,-10.69999981,2024/7/26 2:56
1721963184,1721963184,0,1,-82.33123779,37.14960861,527449,26,12,-0.800000012,2024/7/26 3:06
1721963784,1721963784,0,1,-53.55019379,-60.15383148,517451.9688,24,10,8.600000381,2024/7/26 3:16
1721964384,1721964384,0,1,-15.97798157,-70.66359711,498956.125,17,12,45.40000153,2024/7/26 3:26
1721964984,1721964984,0,1,22.02730179,-78.31515503,491280.2188,16,9,-23.29999924,2024/7/26 3:36
1721965585,1721965584,0,1,59.6182518,-90.61878967,496371.5938,23,11,-48,2024/7/26 3:46
1721966185,1721966184,0,1,78.75614929,140.5756226,500005.5625,26,13,2.599999905,2024/7/26 3:56
1721966785,1721966784,0,1,42.99175644,104.1680298,496392.9063,24,14,-45.40000153,2024/7/26 4:06
1721967385,1721967385,0,1,5.063240051,95.35877991,496927.7188,27,12,-35.29999924,2024/7/26 4:16
1721967985,1721967985,0,1,-32.80578613,87.38896179,510492.4063,20,11,-13.5,2024/7/26 4:26
1721968585,1721968585,0,1,-69.66934967,69.14633179,525574.1875,23,13,20.29999924,2024/7/26 4:36
1721969185,1721969185,0,1,-69.90910339,-71.96877289,524214.0938,27,12,0.699999988,2024/7/26 4:46
1721969785,1721969785,0,1,-33.03430939,-90.44838715,506884.5938,21,14,-1.799999952,2024/7/26 4:56
1721970385,1721970385,0,1,4.87928009,-98.43632507,492543.7188,17,12,-10.80000019,2024/7/26 5:06
1721970986,1721970985,0,1,42.79073715,-107.2153702,493115.25,16,10,-12.5,2024/7/26 5:16
1721971586,1721971585,0,1,78.62099457,-143.0616455,499295.9375,26,11,-4,2024/7/26 5:26
1721972186,1721972185,0,1,59.80143356,87.61431122,498488.0313,29,12,-33,2024/7/26 5:36
1721972786,1721972785,0,1,22.18769646,75.23677063,495319.25,21,11,-59.5,2024/7/26 5:46
1721973386,1721973386,0,1,-15.77012634,67.59075928,503189.75,20,11,-31.79999924,2024/7/26 5:56
1721973986,1721973986,0,1,-53.30844879,57.14239883,520039.0625,19,11,40.29999924,2024/7/26 6:06
1721974586,1721974586,0,1,-82.39463806,-38.33870316,527502.3125,27,11,-18.39999962,2024/7/26 6:16
1721975186,1721975186,0,1,-49.92699051,-108.908371,515583.7188,27,12,-10.69999981,2024/7/26 6:26
1721975786,1721975786,0,1,-12.26844501,-118.6822739,497234.5,28,13,-8.199999809,2024/7/26 6:36
1721976386,1721976386,0,1,25.74103928,-126.3988419,491059.4375,21,13,-44.59999847,2024/7/26 6:46
1721976987,1721976986,0,1,63.21092987,-140.2327881,496774.375,23,12,11.80000019,2024/7/26 6:56
1721977587,1721977586,0,1,75.75247192,83.01356506,499882.125,27,12,-6.800000191,2024/7/26 7:06
1721978187,1721978186,0,1,39.30545425,55.81003952,496132.0938,11,12,-19.10000038,2024/7/26 7:16
1721978787,1721978786,0,1,1.34430337,47.36734772,497943.2813,23,11,-48.29999924,2024/7/26 7:26
1721979387,1721979387,0,1,-36.48298264,39.17153549,512387.6563,12,9,28.70000076,2024/7/26 7:36
1721979987,1721979987,0,1,-73.04205322,16.93663216,526388.9375,28,13,19.60000038,2024/7/26 7:46
1721980587,1721980587,0,1,-66.44580841,-122.943634,522889.875,31,13,-35.29999924,2024/7/26 7:56
1721981187,1721981187,0,1,-29.34492493,-138.6127472,504753.8125,21,14,-9.899999619,2024/7/26 8:06
1721981787,1721981787,0,1,8.604681969,-146.4351501,491646.375,25,14,-0.300000012,2024/7/26 8:16
1721982387,1721982387,0,1,46.4733429,-155.6797028,493529.875,19,10,-4.199999809,2024/7/26 8:26
1721982987,1721982987,0,1,81.10343933,153.4743347,499534.1563,28,14,1.799999952,2024/7/26 8:36
1721983588,1721983587,0,1,56.17889404,38.39077377,498061.9688,12,10,13.89999962,2024/7/26 8:46
1721985988,1721985987,0,1,-80.83351135,-109.0681305,526994.75,27,11,-35,2024/7/26 9:26
1721986588,1721986588,0,1,-46.27410507,-157.4926147,513525.6563,26,12,-10.5,2024/7/26 9:36
1721987188,1721987188,0,1,-8.541627884,-166.691452,495721.9375,28,11,16.60000038,2024/7/26 9:46
1721987788,1721987788,0,1,29.46214294,-174.5265656,491166.125,20,11,-5.699999809,2024/7/26 9:56
1721988388,1721988388,0,1,66.76900482,169.5422363,497398.2188,28,13,8.399999619,2024/7/26 10:06
1721988988,1721988988,0,1,72.46608734,29.00981712,499706.1875,23,12,18.70000076,2024/7/26 10:16
1721990189,1721990188,0,1,-2.321143389,-0.614221692,498813.0313,5,0,18.29999924,2024/7/26 10:36
1721990789,1721990788,0,1,-40.10283661,-9.103273392,513986.375,15,11,22.39999962,2024/7/26 10:46
1721991389,1721991388,0,1,-76.21581268,-37.34615707,526815.8125,23,14,-8.600000381,2024/7/26 10:56
1721991989,1721991988,0,1,-62.90472031,-173.080658,521359.6563,26,12,-47.90000153,2024/7/26 11:06
1721992589,1721992589,0,1,-25.63196182,173.2640839,502783.1875,24,13,52.09999847,2024/7/26 11:16
1721993189,1721993189,0,1,12.34416008,165.5525665,491163.875,22,10,25.89999962,2024/7/26 11:26
1721993789,1721993789,0,1,50.15585709,155.7127075,494219.875,22,9,24.29999924,2024/7/26 11:36
1721994389,1721994389,0,1,82.48965454,81.38700867,499811.6875,26,12,7.900000095,2024/7/26 11:46
1721994989,1721994989,0,1,52.52578735,-10.54152679,497578.6875,26,13,59.09999847,2024/7/26 11:56
1721995589,1721995589,0,1,14.80139828,-20.84472275,495663.7813,22,12,21.5,2024/7/26 12:06
1721996190,1721996189,0,1,-23.13534355,-28.50276947,506094.0938,18,13,-6,2024/7/26 12:16
1721996790,1721996789,0,1,-60.46492386,-41.09389877,522590.0625,21,12,19.10000038,2024/7/26 12:26
1721997390,1721997389,0,1,-78.31708527,-171.3139801,526339.6875,23,12,-56,2024/7/26 12:36
1721997990,1721997989,0,1,-42.59539032,154.0518341,511579.7813,28,13,-5.5,2024/7/26 12:46
1721998590,1721998590,0,1,-4.800843239,145.3066559,494551.2813,29,12,69.80000305,2024/7/26 12:56
1721999190,1721999190,0,1,33.18760681,137.2980042,491573.7188,19,10,35.79999924,2024/7/26 13:06
1721999790,1721999790,0,1,70.27108002,118.4049377,498023.3125,28,11,-9.5,2024/7/26 13:16
1722000390,1722000390,0,1,69.02542877,-22.97681427,499331.0313,27,11,58.70000076,2024/7/26 13:26
1722000990,1722000990,0,1,31.88473892,-40.67624664,495365.5938,23,12,20.79999924,2024/7/26 13:36
1722001591,1722001590,0,1,-6.06027317,-48.61034012,499637.375,24,13,-23.79999924,2024/7/26 13:46
1722002191,1722002190,0,1,-43.78946304,-57.48398972,515602.4375,17,13,4.199999809,2024/7/26 13:56
1722002791,1722002790,0,1,-79.15561676,-95.60364532,527236.0625,25,13,-25.10000038,2024/7/26 14:06
1722003391,1722003390,0,1,-59.31325912,137.3422852,519957.3438,26,11,-31.5,2024/7/26 14:16
1722003991,1722003991,0,1,-21.90673065,125.1761475,501292.9688,24,10,5.800000191,2024/7/26 14:26
1722004591,1722004591,0,1,16.08588028,117.5270004,491114.9375,21,11,26.5,2024/7/26 14:36
1722005191,1722005191,0,1,53.82607269,106.9284821,495097.4063,20,10,-32.79999924,2024/7/26 14:46
1722005791,1722005791,0,1,82.16773224,5.707613468,499928.6563,29,14,30.10000038,2024/7/26 14:56
1722006391,1722006391,0,1,48.85401917,-59.26095581,497086.75,24,12,-10.60000038,2024/7/26 15:06
1722006991,1722006991,0,1,11.06518364,-68.86465454,495997.8438,23,13,-18.20000076,2024/7/26 15:16
1722007592,1722007591,0,1,-26.85178375,-76.59828949,507692.25,16,11,13.5,2024/7/26 15:26
1722008192,1722008191,0,1,-64.03898621,-90.81773376,523872.6875,23,13,-14.69999981,2024/7/26 15:36
1722008792,1722008791,0,1,-75.2705307,131.8323975,525695.9375,26,11,-46.09999847,2024/7/26 15:46
1722009392,1722009391,0,1,-38.90965271,105.6993256,509833.5313,21,10,-31.20000076,2024/7/26 15:56
1722009992,1722009992,0,1,-1.063576698,97.31085205,493793.9063,21,11,-27,2024/7/26 16:06
1722010592,1722010592,0,1,36.90066528,89.06848145,492285.625,15,9,-44,2024/7/26 16:16
1722011192,1722011192,0,1,73.66329956,65.83177948,498738.2188,26,12,-4.099999905,2024/7/26 16:26
1722011792,1722011792,0,1,65.50938416,-73.73745728,499237.5625,28,12,-22.10000038,2024/7/26 16:36
1722012392,1722012392,0,1,28.17451096,-88.83196259,495378.6563,21,11,-27.70000076,2024/7/26 16:46
1722012992,1722012992,0,1,-9.780815125,-96.61100769,500907.375,22,12,-11.80000019,2024/7/26 16:56
1722013593,1722013592,0,1,-47.44639587,-105.9703979,517288.625,20,11,-9.399999619,2024/7/26 17:06
1722014193,1722014192,0,1,-81.4683075,-160.429718,527399.1875,26,13,-49.5,2024/7/26 17:16
1722014793,1722014792,0,1,-55.77148056,88.19348145,518242.25,29,12,14.80000019,2024/7/26 17:26
1722015393,1722015392,0,1,-18.1915226,77.11780548,499621.8438,19,12,-41.79999924,2024/7/26 17:36
1722015993,1722015993,0,1,19.81314468,69.48236847,491087.8125,20,13,-61.79999924,2024/7/26 17:46
1722017793,1722017793,0,1,45.18299103,-107.8085098,496832.2813,6,0,-12.30000019,2024/7/26 18:16
1722018393,1722018393,0,1,7.345588207,-116.8697586,496655.4688,18,11,-34.09999847,2024/7/26 18:26
1722018993,1722018993,0,1,-30.54322052,-124.7323837,509386.375,12,10,-11.19999981,2024/7/26 18:36
1722019594,1722019593,0,1,-67.54876709,-141.1784973,524843.8125,20,12,-47.29999924,2024/7/26 18:46
1722020194,1722020193,0,1,-71.98914337,78.25178528,524550.5,30,11,14.89999962,2024/7/26 18:56
1722020794,1722020793,0,1,-35.28944778,57.4511795,507723.625,24,12,25.60000038,2024/7/26 19:06
1722021394,1722021393,0,1,2.666229963,49.31760788,492800,26,14,-50.20000076,2024/7/26 19:16
1722023194,1722023194,0,1,61.93632889,-123.7101822,498789.8438,24,12,-8.399999619,2024/7/26 19:46
1722023794,1722023794,0,1,24.45653915,-136.9422302,495285.5625,19,10,-29.39999962,2024/7/26 19:56
1722024394,1722024394,0,1,-13.50266171,-144.6248322,502181.8438,22,11,-3.299999952,2024/7/26 20:06
1722024994,1722024994,0,1,-51.09380722,-154.6117706,518882.7188,21,11,-19.5,2024/7/26 20:16
1722025595,1722025594,0,1,-82.56707764,126.3475037,527327.75,28,12,-37.5,2024/7/26 20:26
1722026195,1722026194,0,1,-52.14078522,39.30136108,516391.5313,26,10,46.40000153,2024/7/26 20:36
1722026795,1722026794,0,1,-14.53019333,29.09819603,497953.9375,22,14,-4.699999809,2024/7/26 20:46
1722027395,1722027395,0,1,23.54383659,21.41143799,490869.1875,15,12,18.10000038,2024/7/26 20:56
1722027995,1722027995,0,1,61.0908165,8.533316612,496339.5313,14,13,44.40000153,2024/7/26 21:06
1722028595,1722028595,0,1,77.57254791,-124.1459198,499910.125,23,12,-2.400000095,2024/7/26 21:16
1722029195,1722029195,0,1,41.48442078,-156.2306671,496224.3125,18,9,-13.10000038,2024/7/26 21:26
1722029795,1722029795,0,1,3.604660034,-164.8682404,497179.0313,22,11,14.19999981,2024/7/26 21:36
1722030395,1722030395,0,1,-34.24977875,-172.9211884,511043.5938,19,10,22.70000076,2024/7/26 21:46
1722030995,1722030995,0,1,-71.00739288,167.4453278,525744,31,12,-57.79999924,2024/7/26 21:56
1722031596,1722031595,0,1,-68.55391693,26.51030922,523446.375,30,12,16.5,2024/7/26 22:06
1722032196,1722032195,0,1,-31.58061981,9.25154686,505813.5938,22,11,24.89999962,2024/7/26 22:16
1722032796,1722032795,0,1,6.412703514,1.320804954,491986.25,26,12,25.60000038,2024/7/26 22:26
1722033396,1722033396,0,1,44.30848694,-7.639225006,493137.25,18,11,47.29999924,2024/7/26 22:36
1722033996,1722033996,0,1,79.73163605,-48.76040268,499291.6563,27,12,29.10000038,2024/7/26 22:46
1722034596,1722034596,0,1,58.31013489,-173.171936,498153.7188,24,12,8.600000381,2024/7/26 22:56
1722035196,1722035196,0,1,20.71623611,174.9802246,495140.375,22,11,4.599999905,2024/7/26 23:06
1722035796,1722035796,0,1,-17.24126244,167.3444366,503459.6875,22,12,56.59999847,2024/7/26 23:16
1722036396,1722036396,0,1,-54.74534225,156.549408,520400.9063,25,12,-22.70000076,2024/7/26 23:26
1722036997,1722036996,0,1,-81.93521118,51.36847305,527106.4375,25,14,-0.600000024,2024/7/26 23:36
1722037597,1722037596,0,1,-48.47433472,-9.388792038,514631.625,25,12,27.89999962,2024/7/26 23:46
1722038197,1722038196,0,1,-10.78493309,-18.9194603,496570.25,19,11,4.699999809,2024/7/26 23:56
1722038797,1722038796,0,1,27.28614998,-26.69307137,491016.75,17,10,26.10000038,2024/7/27 0:06
1722039397,1722039397,0,1,64.69398499,-41.31899261,496921.6875,25,11,46.09999847,2024/7/27 0:16
1722039997,1722039997,0,1,74.40990448,179.9538879,499617.5313,27,13,1.700000048,2024/7/27 0:26
1722040597,1722040597,0,1,37.76524353,155.4409027,495689.0625,24,12,3.5,2024/7/27 0:36
1722041197,1722041197,0,1,-0.147689998,147.1357574,497872.625,24,13,66.40000153,2024/7/27 0:46
1722041797,1722041797,0,1,-37.9604187,138.8279572,512815.7188,25,11,-12,2024/7/27 0:56
1722042397,1722042397,0,1,-74.36193085,114.4521332,526478.125,26,11,-30.5,2024/7/27 1:06
1722042998,1722042997,0,1,-65.02922821,-24.11753082,522242.5313,23,11,10.10000038,2024/7/27 1:16
1722043598,1722043597,0,1,-27.85501671,-38.90090942,504058.5,23,11,-9.800000191,2024/7/27 1:26
1722044198,1722044197,0,1,10.10445881,-46.67282486,491587.875,21,11,-36.5,2024/7/27 1:36
1722044798,1722044797,0,1,48.01267242,-56.16078949,493908.0625,18,9,1.299999952,2024/7/27 1:46
1722045398,1722045398,0,1,81.85939789,-115.7903595,499673.3125,26,11,3.400000095,2024/7/27 1:56
1722045998,1722045998,0,1,54.65665817,137.7217102,497783.0625,27,13,15.80000019,2024/7/27 2:06
1722046598,1722046598,0,1,16.97407341,126.9267578,495335,24,13,42.40000153,2024/7/27 2:16
1722047198,1722047198,0,1,-20.97371292,119.2925873,504995.625,18,13,-1.600000024,2024/7/27 2:26
1722047798,1722047798,0,1,-58.37524796,107.4552994,521707.4688,26,12,-9.800000191,2024/7/27 2:36
1722048398,1722048398,0,1,-79.88608551,-16.01984406,526572,22,12,-11.80000019,2024/7/27 2:46
1722048999,1722048998,0,1,-44.79298019,-57.92739868,512698.875,17,9,3.200000048,2024/7/27 2:56
1722049599,1722049598,0,1,-7.034450054,-66.92836761,495299.375,26,12,16.10000038,2024/7/27 3:06
1722050199,1722050198,0,1,30.96310043,-74.82505798,491445.625,15,9,-45,2024/7/27 3:16
1722050799,1722050798,0,1,68.2473526,-91.88205719,497782.25,24,12,-29.70000076,2024/7/27 3:26
1722051399,1722051399,0,1,71.03848267,126.8988495,499665.4688,30,11,-7.599999905,2024/7/27 3:36
1722051999,1722051999,0,1,34.04716873,107.1913223,495699.625,24,13,-36,2024/7/27 3:46
1722052599,1722052599,0,1,-3.88634491,99.1421814,499129.3438,24,13,-19.39999962,2024/7/27 3:56
1722053199,1722053199,0,1,-41.64757156,90.5057373,514634.9063,20,11,0.600000024,2024/7/27 4:06
1722053799,1722053799,0,1,-77.49796295,58.72878265,526906,24,13,8.899999619,2024/7/27 4:16
1722054399,1722054399,0,1,-61.46498489,-74.00952911,520630.1563,26,12,3.299999952,2024/7/27 4:26
1722055000,1722054999,0,1,-24.13268089,-87.00944519,502020.5,22,13,2.900000095,2024/7/27 4:36
1722055600,1722055599,0,1,13.85277462,-94.68812561,491008.5625,19,11,-6.5,2024/7/27 4:46
1722056200,1722056199,0,1,51.63867569,-104.8084564,494530.8438,16,11,-21.79999924,2024/7/27 4:56
1722056800,1722056799,0,1,82.5797348,169.2577362,499917.3438,27,13,3.700000048,2024/7/27 5:06
1722057400,1722057400,0,1,50.98594284,88.88468933,497565.125,30,12,-39.70000076,2024/7/27 5:16
1722058000,1722058000,0,1,13.234828,78.89925385,496077.2813,22,12,-88.5,2024/7/27 5:26
1722058600,1722058600,0,1,-24.69192696,71.21762848,506975.5,20,9,-7.800000191,2024/7/27 5:36
1722059200,1722059200,0,1,-61.96421432,58.00732422,523240.0625,20,12,31,2024/7/27 5:46
1722059800,1722059800,0,1,-77.08609009,-75.78875732,525990.625,28,12,-20.89999962,2024/7/27 5:56
1722060400,1722060400,0,1,-41.11653519,-106.3334198,510586.5625,22,12,-9.300000191,2024/7/27 6:06
1722061001,1722061000,0,1,-3.296328306,-114.9234772,493865.5938,22,14,-18.70000076,2024/7/27 6:16
1722061601,1722061600,0,1,34.6875,-123.0177078,491532.2813,16,12,-39.90000153,2024/7/27 6:26
1722062201,1722062200,0,1,71.6591568,-143.4545135,498172.2188,25,12,-7.400000095,2024/7/27 6:36
1722062801,1722062801,0,1,67.55241394,75.49467468,499428.375,26,11,-14.39999962,2024/7/27 6:46
1722063401,1722063401,0,1,30.32462502,59.00667953,495680.75,14,10,-15.10000038,2024/7/27 6:56
1722064001,1722064001,0,1,-7.62138319,51.14545441,500537.9688,20,12,-36.90000153,2024/7/27 7:06
1722064601,1722064601,0,1,-45.3213768,42.08312988,516503.0313,16,9,45.5,2024/7/27 7:16
1722065201,1722065201,0,1,-80.22476959,-1.891753316,527240.0625,26,13,-7.599999905,2024/7/27 7:26
1722065801,1722065801,0,1,-57.86825943,-123.4026566,518889.2813,28,12,-20.29999924,2024/7/27 7:36
1722066401,1722066401,0,1,-20.40889359,-135.0823212,500020.3438,24,14,-11.5,2024/7/27 7:46
1722067002,1722067001,0,1,17.59589577,-142.7211304,490515.3438,19,12,-16.5,2024/7/27 7:56
1722067602,1722067601,0,1,55.30805969,-153.6890259,495033.4063,23,14,9.600000381,2024/7/27 8:06
1722068202,1722068201,0,1,81.55643463,95.85710907,499995.875,25,14,5.800000191,2024/7/27 8:16
1722070602,1722070602,0,1,-65.52282715,8.031658173,524267.5625,19,11,16.5,2024/7/27 8:56
1722071202,1722071202,0,1,-73.90807343,-131.0510864,524936.9375,25,12,-43.40000153,2024/7/27 9:06
1722071802,1722071802,0,1,-37.41623688,-154.6481781,508391.1563,22,13,-1.600000024,2024/7/27 9:16
1722072403,1722072402,0,1,0.456223339,-162.9200287,492700.6875,19,14,15.69999981,2024/7/27 9:26
1722073003,1722073002,0,1,38.41534424,-171.2831879,491946.9063,23,11,-12.10000038,2024/7/27 9:36
1722073603,1722073602,0,1,75.00550079,163.0755768,498707.3438,27,12,1.600000024,2024/7/27 9:46
1722077203,1722077203,0,1,-54.22753143,-172.4600372,517034.625,17,0,-31.39999962,2024/7/27 10:46
1722077803,1722077803,0,1,-16.66352463,176.8671722,498266.375,13,0,57.09999847,2024/7/27 10:56
1722078404,1722078403,0,1,21.35033798,169.219223,490444.6875,11,0,7.5,2024/7/27 11:06
1722079004,1722079003,0,1,59.02804565,157.1086578,495841.375,11,0,15.80000019,2024/7/27 11:16
1722079604,1722079604,0,1,79.20217133,30.15787315,500084.1563,16,0,22.5,2024/7/27 11:26
1722082604,1722634177,2448131358,1,-70.52764893,176.2258759,523772.1563,15,0,-60.20000076,2024/7/27 12:16
1722083204,1722634777,2448131358,1,-33.69481659,157.10849,506402.0625,15,0,20,2024/7/27 12:26
1722083804,1722635377,2448131358,1,4.219620228,149.08078,491947.4375,16,0,59,2024/7/27 12:36
1722084404,1722635977,2448131358,1,42.14307785,140.3681183,492601.7813,11,0,34.09999847,2024/7/27 12:46
1722085004,1722636577,2448131358,1,78.16697693,106.2286682,499210.0938,11,0,-1.299999952,2024/7/27 12:56
1722085605,1722085604,0,1,60.43314362,-24.60821915,498669.6563,21,11,63.5,2024/7/27 13:06
1722086205,1722086204,0,1,22.84207916,-37.23068619,495416.7188,18,14,0.899999976,2024/7/27 13:16
1722086805,1722086805,0,1,-15.11503124,-44.88676834,502848.75,15,12,-12.80000019,2024/7/27 13:26
1722087405,1722087405,0,1,-52.67015457,-55.19684982,519431.4063,15,14,8.399999619,2024/7/27 13:36
1722088005,1722088005,0,1,-82.51037598,-146.0721588,526993.4375,27,12,-44.90000153,2024/7/27 13:46
1722088605,1722088605,0,1,-50.55702591,138.7279968,515311.4688,23,10,-18.39999962,2024/7/27 13:56
1722089205,1722089205,0,1,-12.90712357,128.8361053,496987.5938,24,10,43.90000153,2024/7/27 14:06
1722089805,1722089805,0,1,25.10592079,121.1324768,490765.2813,20,9,18.29999924,2024/7/27 14:16
1722090406,1722090405,0,1,62.59981918,107.5916977,496692.3125,24,11,-28.29999924,2024/7/27 14:26
1722091006,1722091005,0,1,76.29050446,-28.14510727,499981.875,23,12,46,2024/7/27 14:36
1722091606,1722091605,0,1,39.93814087,-56.61917496,496293.0313,20,13,-19.89999962,2024/7/27 14:46
1722092206,1722092205,0,1,1.983146667,-65.11791992,497716.7188,21,13,-3.5,2024/7/27 14:56
1722092806,1722092806,0,1,-35.8526535,-73.27001953,511855.5938,18,11,14.10000038,2024/7/27 15:06
1722093406,1722093406,0,1,-72.47514343,-94.70401001,525884.875,27,13,-22.20000076,2024/7/27 15:16
1722094006,1722094006,0,1,-67.03827667,125.0037155,522637.625,25,11,-30.60000038,2024/7/27 15:26
1722094606,1722094606,0,1,-29.96660614,108.9244766,504735.8438,24,11,-39.90000153,2024/7/27 15:36
1722095206,1722095206,0,1,7.980353355,101.0783615,491607.625,26,12,-16.60000038,2024/7/27 15:46
1722095806,1722095806,0,1,45.8574028,91.92147827,493547.5938,19,9,-52.5,2024/7/27 15:56
1722096407,1722096406,0,1,80.74536133,44.16374969,499722.8438,27,13,18.10000038,2024/7/27 16:06
1722097007,1722097006,0,1,56.7931633,-73.91500854,498451.0938,30,12,-34.79999924,2024/7/27 16:16
1722097607,1722097606,0,1,19.10085869,-85.29856873,495619.875,21,11,-13.5,2024/7/27 16:26
1722098207,1722098207,0,1,-18.85002899,-92.92480469,504343.4688,19,11,-3.700000048,2024/7/27 16:36
1722098807,1722098807,0,1,-56.31194687,-104.1305084,520902.0938,17,12,-14.10000038,2024/7/27 16:46
1722099407,1722099407,0,1,-81.18711853,141.6395111,526628,28,12,-46.40000153,2024/7/27 16:56
1722100007,1722100007,0,1,-46.88550186,90.10393524,513398.625,27,12,10,2024/7/27 17:06
1722100607,1722100607,0,1,-9.160516739,80.82056427,495750.1875,26,11,-77.80000305,2024/7/27 17:16
1722101207,1722101207,0,1,28.84606171,73.01073456,491159.4688,18,11,-47.79999924,2024/7/27 17:26
1722103008,1722103008,0,1,36.16438293,-104.9287567,496175.7813,6,0,-18.5,2024/7/27 17:56
1722103608,1722103607,0,1,-1.754303336,-113.1124496,498700.8438,19,11,-20.20000076,2024/7/27 18:06
1722104208,1722104208,0,1,-39.54483414,-121.5490036,513537.6563,16,9,-12.89999962,2024/7/27 18:16
1722104808,1722104808,0,1,-75.74469757,-148.6773682,526360.3125,23,12,-56.59999847,2024/7/27 18:26
1722105408,1722105408,0,1,-63.49831772,74.73596191,521043.3125,28,12,22.89999962,2024/7/27 18:36
1722106008,1722106008,0,1,-26.24551773,60.79192734,502698.2813,22,12,2.299999952,2024/7/27 18:46
1722106608,1722106608,0,1,11.73014641,53.06739044,491066.9688,24,13,-39.20000076,2024/7/27 18:56
1722108409,1722108408,0,1,53.13238144,-122.8944016,498019,18,10,-13.19999981,2024/7/27 19:26
1722109009,1722109008,0,1,15.42303658,-133.3272095,495886.3438,18,10,-30.29999924,2024/7/27 19:36
1722109609,1722109608,0,1,-22.57780075,-140.9891205,505884.4375,20,11,-9.899999619,2024/7/27 19:46
1722110209,1722110209,0,1,-59.92718887,-153.3724518,522212.2188,27,12,-33.20000076,2024/7/27 19:56
1722110809,1722110809,0,1,-78.73853302,77.9098587,525946.0625,29,13,4.5,2024/7/27 20:06
1722111409,1722111409,0,1,-43.20098877,41.62970352,511318.9375,22,12,44.70000076,2024/7/27 20:16
1722112009,1722112009,0,1,-5.410628319,32.81787109,494335.9688,21,14,-18.89999962,2024/7/27 20:26
1722112609,1722112609,0,1,32.58441544,24.84177208,491278.75,8,12,13.10000038,2024/7/27 20:36
1722113810,1722113809,0,1,69.59155273,-134.9176178,499696.125,23,11,-5.400000095,2024/7/27 20:56
1722114410,1722114409,0,1,32.4930191,-153.1339264,495753.7188,19,10,-15.30000019,2024/7/27 21:06
1722115010,1722115009,0,1,-5.44607687,-161.098465,499605.5313,23,11,14.39999962,2024/7/27 21:16
1722115610,1722115609,0,1,-43.24624252,-169.9221954,515229.6563,19,11,-0.600000024,2024/7/27 21:26
1722116210,1722116210,0,1,-78.75187683,153.7386627,526790.9375,27,12,-54,2024/7/27 21:36
1722116810,1722116810,0,1,-59.89805222,25.08071899,519538.25,26,13,27.20000076,2024/7/27 21:46
1722117410,1722117410,0,1,-22.50484085,12.69948673,500883.6875,22,12,26.5,2024/7/27 21:56
1722118010,1722118010,0,1,15.49120045,5.042079926,490642.3438,20,12,21.10000038,2024/7/27 22:06
1722119811,1722119810,0,1,49.43659592,-171.6462708,497331.125,24,12,5.199999809,2024/7/27 22:36
1722120411,1722120410,0,1,11.65979195,178.6482544,496051.6875,23,11,13,2024/7/27 22:46
1722121011,1722121010,0,1,-26.25948524,170.9283447,507353.9688,26,11,51.09999847,2024/7/27 22:56
1722121611,1722121610,0,1,-63.53256226,156.9525452,523432.9063,26,11,-39.40000153,2024/7/27 23:06
1722122211,1722122211,0,1,-75.71734619,20.35072899,525232.3125,25,13,13.89999962,2024/7/27 23:16
1722122811,1722122811,0,1,-39.48636246,-6.738456726,509441.0938,22,10,22,2024/7/27 23:26
1722123411,1722123411,0,1,-1.641706705,-15.18014145,493290.7188,18,11,16.70000076,2024/7/27 23:36
1722124011,1722124011,0,1,36.33168411,-23.38551521,491690.875,18,8,46.5,2024/7/27 23:46
1722124611,1722124611,0,1,73.15382385,-45.84580231,498396.625,24,11,36.70000076,2024/7/27 23:56
1722125211,1722125211,0,1,66.04808044,174.1391602,499202.375,28,14,6.199999809,2024/7/28 0:06
1722125812,1722125811,0,1,28.74039459,158.6978302,495389.9375,26,10,5.5,2024/7/28 0:16
1722126412,1722126411,0,1,-9.212656975,150.8960876,500625.8438,24,13,77.69999695,2024/7/28 0:26
1722127012,1722127011,0,1,-46.8882637,141.6150055,516903.125,25,12,-16.79999924,2024/7/28 0:36
1722127612,1722127612,0,1,-81.20685577,89.82387543,527010,25,11,-4.199999809,2024/7/28 0:46
1722128212,1722128212,0,1,-56.25471878,-24.16510582,517980.6563,21,11,11.30000019,2024/7/28 0:56
1722128812,1722128812,0,1,-18.7470932,-35.36636353,499304.1563,20,10,-8.699999809,2024/7/28 1:06
1722129412,1722129412,0,1,19.26108742,-43.00372314,490597.375,18,10,-16.79999924,2024/7/28 1:16
1722130012,1722130012,0,1,56.93177414,-54.42512894,495493.125,21,12,14.39999962,2024/7/28 1:26
1722130612,1722130612,0,1,80.6488266,-173.2067261,500075.5938,30,12,3.099999905,2024/7/28 1:36
1722131212,1722131212,0,1,45.72348404,139.7690887,496884.4375,25,10,25.89999962,2024/7/28 1:46
1722131813,1722131812,0,1,7.893358231,130.6348877,496512.5,29,13,63.79999924,2024/7/28 1:56
1722132413,1722132412,0,1,-29.99970436,122.793869,509054.2813,20,11,-20.70000076,2024/7/28 2:06
1722133013,1722133012,0,1,-67.03651428,106.7210693,524405.75,26,12,-13,2024/7/28 2:16
1722133613,1722133612,0,1,-72.42056274,-33.65750122,524283.7188,28,13,-2.400000095,2024/7/28 2:26
1722134213,1722134213,0,1,-35.75969315,-55.02602386,507516.875,19,10,11.5,2024/7/28 2:36
1722134813,1722134813,0,1,2.131535053,-63.1794548,492490.9063,21,11,-8.300000191,2024/7/28 2:46
1722135413,1722135413,0,1,40.07405853,-71.68613434,492425.6875,17,9,-34.59999847,2024/7/28 2:56
1722136013,1722136013,0,1,76.42794037,-100.5135727,499109.4688,26,12,-6.800000191,2024/7/28 3:06
1722136613,1722136613,0,1,62.44998169,124.0393906,499095.625,27,10,-12.30000019,2024/7/28 3:16
1722137214,1722137213,0,1,24.99202156,110.5749969,495546.375,23,11,-19.20000076,2024/7/28 3:26
1722137814,1722137813,0,1,-12.96452808,102.8826141,502114.875,25,13,-23.79999924,2024/7/28 3:36
1722138414,1722138413,0,1,-50.56716156,92.99793243,518485.125,16,13,9,2024/7/28 3:46
1722139014,1722139013,0,1,-82.52045441,17.37837601,526899.0625,29,11,-9.300000191,2024/7/28 3:56
1722139614,1722139614,0,1,-52.59757996,-73.10974121,516061.5,25,12,11.39999962,2024/7/28 4:06
1722140214,1722140214,0,1,-14.99149704,-83.40810394,497589.2813,23,12,-0.800000012,2024/7/28 4:16
1722140814,1722140814,0,1,23.023983,-91.07265472,490560.375,21,10,-25.5,2024/7/28 4:26
1722141414,1722141414,0,1,60.58951569,-103.7441254,496307.9688,21,11,-38.09999847,2024/7/28 4:36
1722142014,1722142014,0,1,77.98778534,124.7785187,500227.4688,26,13,-1.799999952,2024/7/28 4:46
1722142614,1722142614,0,1,42.00581741,91.32324219,496814.375,22,12,-62.09999847,2024/7/28 4:56
1722143215,1722143214,0,1,4.136806488,82.63546753,497641.0938,25,11,-100.6999969,2024/7/28 5:06
1722143815,1722143814,0,1,-33.71879578,74.61685181,511059.8125,19,10,7.599999905,2024/7/28 5:16
1722144415,1722144414,0,1,-70.51745605,55.52562714,525437.625,25,13,24.79999924,2024/7/28 5:26
1722145015,1722145014,0,1,-69.0515976,-85.54100037,523136.4688,28,13,-14.30000019,2024/7/28 5:36
1722145615,1722145615,0,1,-32.0416832,-103.2373505,505358.1875,23,12,-6.900000095,2024/7/28 5:46
1722146215,1722146215,0,1,5.891880035,-111.1755676,491473.5938,22,12,-27.89999962,2024/7/28 5:56
1722146815,1722146815,0,1,43.79926682,-120.0709076,492788.6563,19,11,-18.39999962,2024/7/28 6:06
1722147415,1722147415,0,1,79.37319183,-159.2874298,499416.4688,26,12,0.600000024,2024/7/28 6:16
1722148015,1722148015,0,1,58.8151207,74.50210571,498796.4063,23,12,-28.20000076,2024/7/28 6:26
1722148615,1722148615,0,1,21.24204826,62.49133682,495868.8125,21,10,-47.40000153,2024/7/28 6:36
1722149216,1722149215,0,1,-16.70905876,54.85550308,503833,21,12,-18.10000038,2024/7/28 6:46
1722149816,1722149815,0,1,-54.22338104,44.19370651,520209.625,16,10,45.40000153,2024/7/28 6:56
1722150416,1722150415,0,1,-82.13224792,-57.63279724,526720.4375,24,13,-25.39999962,2024/7/28 7:06
1722151016,1722151015,0,1,-48.93104172,-121.8256683,514054.3125,24,11,-10.80000019,2024/7/28 7:16
1722151616,1722151616,0,1,-11.24078178,-131.4289551,495848.6875,26,13,-8.5,2024/7/28 7:26
1722152216,1722152216,0,1,26.77636528,-139.1737671,490426.4688,21,11,-27,2024/7/28 7:36
1722152816,1722152816,0,1,64.20917511,-153.5265808,496799.7813,26,14,11.5,2024/7/28 7:46
1722153416,1722153416,0,1,74.85706329,68.32003021,500135.4375,26,14,-4.300000191,2024/7/28 7:56
1722154616,1722154616,0,1,0.379616678,34.63887787,498517.125,14,10,-15.60000038,2024/7/28 8:16
1722155217,1722155216,0,1,-37.43363571,26.37384987,512793.3438,17,9,30.70000076,2024/7/28 8:26
1722155817,1722155816,0,1,-73.89569855,2.805348396,526009,25,12,13.80000019,2024/7/28 8:36
1722156417,1722156416,0,1,-65.52839661,-136.2999268,521616.7813,26,13,-41.70000076,2024/7/28 8:46
1722157017,1722157016,0,1,-28.30545998,-151.3963928,503204.2188,25,14,-1.299999952,2024/7/28 8:56
1722157617,1722157617,0,1,9.66176796,-159.1834869,490711.2813,23,14,10.80000019,2024/7/28 9:06
1722158217,1722158217,0,1,47.52108765,-168.5830536,493392.8125,19,11,2.799999952,2024/7/28 9:16
1722158817,1722158817,0,1,81.64207458,134.7625427,499784.4375,27,13,2.400000095,2024/7/28 9:26
1722160617,1722160617,0,1,-20.45882607,6.802701473,505333.5,4,0,21.5,2024/7/28 9:56
1722162418,1722162417,0,1,-45.23134995,-170.3813019,511974.4375,19,11,-6.5,2024/7/28 10:26
1722163018,1722163018,0,1,-7.469961643,-179.4411011,494452.8125,25,11,26.79999924,2024/7/28 10:36
1722163618,1722163618,0,1,30.53786087,172.6787415,490735.8438,19,10,-7.800000191,2024/7/28 10:46
1722164218,1722164218,0,1,67.78993225,155.9967041,497554.6875,26,13,5.400000095,2024/7/28 10:56
1722164818,1722164818,0,1,71.48500824,14.94746685,500000.8125,19,12,39.5,2024/7/28 11:06
1722165418,1722165418,0,1,34.53739166,-5.280375004,496202.7188,21,12,41.79999924,2024/7/28 11:16
1722166018,1722166018,0,1,-3.387515068,-13.36009312,499335.75,24,12,18,2024/7/28 11:26
1722166618,1722166618,0,1,-41.15314865,-21.94930077,514340.7813,16,11,19.10000038,2024/7/28 11:36
1722167219,1722167218,0,1,-77.09545135,-52.52750015,526331.625,23,12,-13.89999962,2024/7/28 11:46
1722167819,1722167818,0,1,-61.93535995,173.7080841,520018.3438,27,12,-48.29999924,2024/7/28 11:56
1722168419,1722168418,0,1,-24.61273766,160.4987183,501340.9375,18,12,47.09999847,2024/7/28 12:06
1722169019,1722169018,0,1,13.44132137,152.7950134,490395.6875,21,12,39.29999924,2024/7/28 12:16
1722169619,1722169619,0,1,51.2382164,142.7501678,494228.3438,19,11,19.60000038,2024/7/28 12:26
1722170219,1722170219,0,1,82.58498383,60.33803558,500091.4063,26,11,16.10000038,2024/7/28 12:36
1722170819,1722170819,0,1,51.45166397,-23.52325058,497909.375,25,13,62.90000153,2024/7/28 12:46
1722171419,1722171419,0,1,13.71305847,-33.60283661,496174.8438,21,13,-3.900000095,2024/7/28 12:56
1722172019,1722172019,0,1,-24.21509171,-41.27732468,506615.3125,21,12,-10.30000019,2024/7/28 13:06
1722172619,1722172619,0,1,-61.50777435,-54.29350662,522546.8438,23,12,23.70000076,2024/7/28 13:16
1722173220,1722173219,0,1,-77.46237946,172.8904114,525354.9375,25,11,-55,2024/7/28 13:27
1722173820,1722173819,0,1,-41.57161331,141.2049561,510124.9688,24,9,-15.30000019,2024/7/28 13:37
1722174420,1722174419,0,1,-3.75232172,132.5667114,493486.5,25,11,61.5,2024/7/28 13:47
1722175020,1722175019,0,1,34.29958344,124.4818344,491341.8125,17,10,19.29999924,2024/7/28 13:57
1722175620,1722175620,0,1,71.30109406,104.4674911,498297.6875,27,11,-12.19999981,2024/7/28 14:07
1722176220,1722176220,0,1,67.98233795,-36.65960312,499701.2813,25,14,54.5,2024/7/28 14:17
1722176820,1722176820,0,1,30.78267288,-53.48124695,495883.1563,22,13,-27.39999962,2024/7/28 14:27
1722177420,1722177420,0,1,-7.1609869,-61.3621788,500268.1563,24,13,-0.600000024,2024/7/28 14:37
1722178020,1722178020,0,1,-44.8708725,-70.36686707,515939.9063,18,12,17.5,2024/7/28 14:47
1722178620,1722178620,0,1,-79.9262085,-112.5041275,526671.875,29,13,-38.20000076,2024/7/28 14:57
1722179221,1722179220,0,1,-58.30111694,124.2341537,518529.7188,30,10,-26.10000038,2024/7/28 15:07
1722179821,1722179820,0,1,-20.8507309,112.4138489,499873.6875,25,10,-22.89999962,2024/7/28 15:17
1722180421,1722180420,0,1,17.15442085,104.7727737,490490.4688,20,11,-25.5,2024/7/28 15:27
1722181021,1722181020,0,1,54.93714905,93.88961792,495232.8438,22,11,-37.20000076,2024/7/28 15:37
1722181621,1722181621,0,1,81.73433685,-14.37815475,500358.4688,20,13,30.5,2024/7/28 15:47
1722182221,1722182221,0,1,47.74542236,-72.1984024,497604.7188,26,13,-29.70000076,2024/7/28 15:57
1722182821,1722182821,0,1,9.947313309,-81.62232208,496631.6563,19,13,4.900000095,2024/7/28 16:07
1722183421,1722183421,0,1,-27.95819473,-89.38784027,508263.1563,15,11,1.899999976,2024/7/28 16:17
1722184021,1722184021,0,1,-65.0976181,-104.1993637,523724.7813,25,12,-24.70000076,2024/7/28 16:27
1722184621,1722184621,0,1,-74.29968262,117.1310883,524500.8125,31,12,-32.90000153,2024/7/28 16:37
1722185222,1722185221,0,1,-37.85177994,92.8706131,508202,27,12,-13.30000019,2024/7/28 16:47
1722185822,1722185821,0,1,0.018385001,84.56700897,492733.0625,26,12,-90.59999847,2024/7/28 16:57
1722186422,1722186421,0,1,37.98074341,76.24147034,492074.7188,17,9,-35.79999924,2024/7/28 17:07
1722187622,1722187622,0,1,64.41678619,-87.1704483,499703.1563,29,12,-38,2024/7/28 17:27
1722188222,1722188222,0,1,27.04041672,-101.6273193,495927.6563,16,11,-20.70000076,2024/7/28 17:37
1722188822,1722188822,0,1,-10.9112587,-109.3703003,501537,21,11,-6.900000095,2024/7/28 17:47
1722189422,1722189422,0,1,-48.55493927,-118.9035492,517498.9688,17,10,-10.19999981,2024/7/28 17:57
1722190022,1722190022,0,1,-81.96603394,179.9258881,526602.75,27,11,-47.79999924,2024/7/28 18:07
1722190622,1722190622,0,1,-54.65681458,75.13335419,516606.7813,28,13,33.90000153,2024/7/28 18:17
1722191223,1722191222,0,1,-17.09832382,64.35836029,498120.3125,26,12,-22.89999962,2024/7/28 18:27
1722191823,1722191822,0,1,20.91732025,56.71579361,490402.6875,23,14,-34.5,2024/7/28 18:37
1722193023,1722189749,1417339207,1,79.51769257,-80.76213074,500503.6875,9,0,11,2024/7/28 18:57
1722193623,1722190349,1417339207,1,44.03339005,-120.7125168,497251.7813,15,0,-19,2024/7/28 19:07
1722194223,1722190949,1417339207,1,6.188401699,-129.6294556,497277.3438,13,0,-22.60000038,2024/7/28 19:17
1722194823,1722191549,1417339207,1,-31.68685913,-137.5436554,509989.5,9,0,-10.5,2024/7/28 19:27
1722196023,1722192749,1417339207,1,-70.93249512,64.17211151,523302.4375,13,0,25,2024/7/28 19:47
1722196623,1722193349,1417339207,1,-34.12699127,44.62049103,506068.1875,17,0,32.90000153,2024/7/28 19:57
1722197223,1722193949,1417339207,1,3.787981749,36.56859207,491700.25,14,0,-16.60000038,2024/7/28 20:07
1722199024,1722195750,1417339207,1,60.79087448,-136.9841309,499102.875,5,0,9.899999619,2024/7/28 20:37
1722199624,1722196350,1417339207,1,23.27912331,-149.7324219,495781.5625,11,0,-9.899999619,2024/7/28 20:47
1722200224,1722196950,1417339207,1,-14.67490196,-157.394104,502835.4063,8,0,7.099999905,2024/7/28 20:57
1722201424,1722198150,1417339207,1,-82.55926514,104.6849518,526507.8125,10,0,-21.29999924,2024/7/28 21:17
1722202024,1722198750,1417339207,1,-50.97912216,26.29906845,514816.0313,12,0,37.20000076,2024/7/28 21:27
1722202624,1722199350,1417339207,1,-13.33152866,16.32604599,496528.6875,10,0,19.89999962,2024/7/28 21:37
1722203224,1722199950,1417339207,1,24.6870575,8.629833221,490319.875,9,0,35.59999847,2024/7/28 21:47
1722203824,1722200551,1417339207,1,62.2590332,-4.770645142,496477.8125,11,0,54.20000076,2024/7/28 21:57
1722204424,1722201151,1417339207,1,76.58542633,-139.8769836,500233.3438,9,0,-6.400000095,2024/7/28 22:07
1722205025,1722201751,1417339207,1,40.29270935,-169.1101074,496619.5625,17,0,-10.39999962,2024/7/28 22:17
1722205625,1722202351,1417339207,1,2.407848358,-177.6310272,497825.375,12,0,18,2024/7/28 22:27
1722206225,1722202951,1417339207,1,-35.43126297,174.2427673,511560.7813,12,0,37.90000153,2024/7/28 22:37
1722206825,1722203551,1417339207,1,-72.09255981,153.3051758,525460,12,0,-57.59999847,2024/7/28 22:47
1722207425,1722204151,1417339207,1,-67.42975616,12.802845,522135.2188,16,0,14.89999962,2024/7/28 22:57
1722208025,1722204751,1417339207,1,-30.37509918,-3.569088221,504200.875,15,0,17.89999962,2024/7/28 23:07
1722208625,1722205351,1417339207,1,7.574911594,-11.43523693,491039.7188,10,0,31.29999924,2024/7/28 23:17
1722209225,1722205951,1417339207,1,45.5242424,-20.56405067,493042.375,9,0,61.5,2024/7/28 23:27
1722209825,1722206552,1417339207,1,80.53859711,-66.78935242,499606.3438,7,0,9.5,2024/7/28 23:37
1722210425,1722207152,1417339207,1,57.11876678,173.6650391,498519.8125,19,0,2.099999905,2024/7/28 23:47
1722211026,1722207752,1417339207,1,19.50003624,162.1932526,495681.875,17,0,21.10000038,2024/7/28 23:57
1722211626,1722208352,1417339207,1,-18.45026779,154.5633545,504142.8438,16,0,59.09999847,2024/7/29 0:07
1722212226,1722208952,1417339207,1,-55.92264175,143.4598541,520573.0938,16,0,-22.60000038,2024/7/29 0:17
1722212826,1722209552,1417339207,1,-81.38945007,31.31098747,526218.375,16,0,1.899999976,2024/7/29 0:27
1722213426,1722210152,1417339207,1,-47.27019501,-22.34802246,513017.0938,16,0,18.39999962,2024/7/29 0:37
1722214026,1722210752,1417339207,1,-9.546981812,-31.69292068,495239.0625,13,0,-10.69999981,2024/7/29 0:47
1722215226,1722211952,1417339207,1,65.88323975,-54.84889221,497187.3125,8,0,27.39999962,2024/7/29 1:07
1722215826,1722212553,1417339207,1,73.30795288,165.2637024,500048.2188,15,0,1,2024/7/29 1:17
1722216426,1722213153,1417339207,1,36.53748322,142.5802307,496203.6563,18,0,16.60000038,2024/7/29 1:27
1722217027,1722213753,1417339207,1,-1.377514958,134.3684082,498565.3438,13,0,75.19999695,2024/7/29 1:37
1722217627,1722214353,1417339207,1,-39.17231369,125.9621582,513317.9063,9,0,-31,2024/7/29 1:47
1722218227,1722214953,1417339207,1,-75.42424011,99.52277374,526018.4375,12,0,-10.39999962,2024/7/29 1:57
1722218827,1722215553,1417339207,1,-63.85232925,-37.58252716,520786.875,15,0,15.80000019,2024/7/29 2:07
1722219427,1722216153,1417339207,1,-26.61156082,-51.71385574,502416.6875,19,0,6.199999809,2024/7/29 2:17
1722220027,1722216753,1417339207,1,11.36574173,-59.45029831,490749.625,14,0,-47.70000076,2024/7/29 2:27
1722220627,1722217353,1417339207,1,49.19652939,-69.12041473,493965.875,12,0,-26.29999924,2024/7/29 2:37
1722221227,1722217953,1417339207,1,82.29367828,-137.0116882,500089.9688,14,0,3.299999952,2024/7/29 2:47
1722221827,1722218554,1417339207,1,53.42686462,124.6437073,498280.4063,15,0,0,2024/7/29 2:57
1722222427,1722219154,1417339207,1,15.72638512,114.1438751,496027.2813,11,0,14.30000019,2024/7/29 3:07
1722223027,1722219754,1417339207,1,-22.21123314,106.4998627,505759.8438,13,0,-34.70000076,2024/7/29 3:17
1722223628,1722220354,1417339207,1,-59.57405853,94.24806213,521790.9688,8,0,4.5,2024/7/29 3:27
1722224228,1722220954,1417339207,1,-79.00722504,-33.41164398,525530,14,0,-14.80000019,2024/7/29 3:37
1722224828,1722221554,1417339207,1,-43.55298615,-70.85018158,510941.6875,21,0,19.29999924,2024/7/29 3:47
1722225428,1722222154,1417339207,1,-5.762523174,-79.70197296,493942.1563,16,0,14.19999981,2024/7/29 3:57
1722226028,1722222754,1417339207,1,32.23790741,-87.65933228,491058.1563,11,0,-29.10000038,2024/7/29 4:07
1722226628,1722223354,1417339207,1,69.38731384,-105.6862183,498021.5625,16,0,-30,2024/7/29 4:17
1722227228,1722223954,1417339207,1,69.85913849,112.8150482,500068.5,15,0,-11.19999981,2024/7/29 4:27
1722227828,1722224555,1417339207,1,32.7838974,94.34788513,496258.3125,14,0,-39.40000153,2024/7/29 4:37
1722228428,1722225155,1417339207,1,-5.148711681,86.37104797,499989.6563,9,0,-77.40000153,2024/7/29 4:47
1722229028,1722225755,1417339207,1,-42.88823318,77.60358429,515184.2813,9,0,20.89999962,2024/7/29 4:57
1722229629,1722226355,1417339207,1,-78.48110199,42.38328552,526465.375,7,0,7.699999809,2024/7/29 5:07
1722230229,1722226955,1417339207,1,-60.24474716,-87.30545807,519146.0938,21,0,-9.300000191,2024/7/29 5:17
1722230829,1722227555,1417339207,1,-22.85621452,-99.81360626,500381.25,17,0,-2.400000095,2024/7/29 5:27
1722231429,1722228155,1417339207,1,15.14530849,-107.4736023,490172.6563,14,0,-27.39999962,2024/7/29 5:37
1722232029,1722228755,1417339207,1,52.91184998,-117.862442,494530.125,15,0,-14.10000038,2024/7/29 5:47
1722232629,1722229355,1417339207,1,82.41898346,147.2832947,500249.4063,17,0,3.799999952,2024/7/29 5:57
1722233229,1722229955,1417339207,1,49.71794128,75.86703491,498021.0625,13,0,-38.90000153,2024/7/29 6:07
1722233829,1722230556,1417339207,1,11.95250511,66.1173172,496759.2188,11,0,-76.59999847,2024/7/29 6:17
1722234429,1722231156,1417339207,1,-25.9621067,58.40837097,507687.8438,10,0,2.200000048,2024/7/29 6:27
1722235029,1722231756,1417339207,1,-63.18555832,44.62710571,523239.375,9,0,30.20000076,2024/7/29 6:37
1722235630,1722232356,1417339207,1,-76.02474976,-91.44872284,524827.8125,16,0,-21.70000076,2024/7/29 6:47
1722236230,1722232956,1417339207,1,-39.8372879,-119.2300186,508821.3125,18,0,-12.69999981,2024/7/29 6:57
1722236830,1722233556,1417339207,1,-1.98789835,-127.701004,492592,13,0,-14.10000038,2024/7/29 7:07
1722237430,1722234156,1417339207,1,35.99503708,-135.8814087,491246.25,11,0,-36.90000153,2024/7/29 7:17
1722238030,1722234756,1417339207,1,72.85221863,-157.8935852,498463.75,12,0,-1.700000048,2024/7/29 7:27
1722238630,1722235356,1417339207,1,66.31253815,61.78442383,499830.375,14,0,-7.099999905,2024/7/29 7:37
1722239830,1722235722,1417339207,1,-8.91791153,38.3659935,501280.0625,5,0,12.69999981,2024/7/29 7:57
1722241030,1722237757,1417339207,1,-81.01079559,-20.79520607,526565.5625,11,0,-13.5,2024/7/29 8:17
1722241630,1722238357,1417339207,1,-56.59893417,-136.5845032,517268.75,16,0,-21.10000038,2024/7/29 8:27
1722242231,1722238957,1417339207,1,-19.09043121,-147.8829956,498431.4063,18,0,-2.299999952,2024/7/29 8:37
1722242831,1722239557,1417339207,1,18.9268589,-155.5206757,489823.4688,16,0,13.5,2024/7/29 8:47
1722243431,1722240157,1417339207,1,56.61112213,-166.8486938,495179.1563,15,0,13.10000038,2024/7/29 8:57
1722244030,1722240757,1417339207,1,80.8451767,75.87458038,500380.1875,16,0,6.5,2024/7/29 9:07
1722246430,1722243158,1417339207,1,-66.76455688,-5.611068249,524142.9375,9,0,9.100000381,2024/7/29 9:47
1722247030,1722243758,1417339207,1,-72.73200226,-145.7218628,523697.7188,13,0,-57.90000153,2024/7/29 9:57
1722247630,1722244358,1417339207,1,-36.09473038,-167.5242767,506663.7813,15,0,12.80000019,2024/7/29 10:07
1722248231,1722244958,1417339207,1,1.803456664,-175.7027893,491589.2813,12,0,17.5,2024/7/29 10:17
1722248831,1722245558,1417339207,1,39.75697327,175.8174591,491813.5,8,0,-12.30000019,2024/7/29 10:27
1722249431,1722246158,1417339207,1,76.16139984,147.6442719,499050.4063,8,0,1.700000048,2024/7/29 10:37
1722251233,1722251233,0,1,-12.6962347,-9.652625084,502438.8125,6,0,10.5,2024/7/29 11:07
1722251833,1722251832,0,1,-50.30192947,-19.49134636,518284.0313,16,11,20.70000076,2024/7/29 11:17
1722252433,1722252433,0,1,-82.46618652,-92.70807648,526341.25,25,12,-29.39999962,2024/7/29 11:27
1722253033,1722253033,0,1,-52.91244125,174.4402466,515354.1563,21,12,-24,2024/7/29 11:37
1722253633,1722253633,0,1,-15.30479145,164.0685425,496769,26,12,61.29999924,2024/7/29 11:47
1722254233,1722254233,0,1,22.718256,156.4044647,489916.4375,20,10,21.70000076,2024/7/29 11:57
1722254833,1722254833,0,1,60.29628372,143.8411102,496053.5938,21,11,13.5,2024/7/29 12:07
1722255433,1722255433,0,1,78.22167969,13.14680004,500448.0625,22,12,34.59999847,2024/7/29 12:17
1722256034,1722256033,0,1,42.30942154,-21.16885376,497127.7813,20,13,58.20000076,2024/7/29 12:27
1722256634,1722256633,0,1,4.447865009,-29.89195824,497696.1563,23,13,6.5,2024/7/29 12:37
1722257234,1722257233,0,1,-33.40972519,-37.8963356,510738.4688,18,14,-6.099999905,2024/7/29 12:47
1722257834,1722257833,0,1,-70.29155731,-56.77853394,524814.375,23,11,2.599999905,2024/7/29 12:57
1722258434,1722258434,0,1,-69.27046967,162.1359711,522454.8125,26,12,-55.90000153,2024/7/29 13:07
1722259034,1722259034,0,1,-32.33196259,144.2485046,504755.8438,27,11,13.19999981,2024/7/29 13:17
1722259634,1722259634,0,1,5.604921818,136.2923126,490980.5,25,11,67.09999847,2024/7/29 13:27
1722260234,1722260234,0,1,43.51805115,127.426445,492586.3438,18,9,21.89999962,2024/7/29 13:37
1722260834,1722260834,0,1,79.16558075,89.18919373,499553.7813,26,11,-0.800000012,2024/7/29 13:47
1722261434,1722261434,0,1,59.09350204,-37.92245483,499031.5625,29,12,51.59999847,2024/7/29 13:57
1722262035,1722262034,0,1,21.53159714,-50.03295135,495975.625,23,13,-31.10000038,2024/7/29 14:07
1722262635,1722262634,0,1,-16.41941833,-57.67252731,503550.9375,20,14,7.599999905,2024/7/29 14:17
1722263235,1722263234,0,1,-53.94319534,-68.26985168,519699.0313,20,13,12.10000038,2024/7/29 14:27
1722263835,1722263834,0,1,-82.20064545,-168.6893921,526173.25,27,13,-48.70000076,2024/7/29 14:37
1722264435,1722264435,0,1,-49.20192719,125.6902618,513658.1875,24,9,-24,2024/7/29 14:47
1722265035,1722265035,0,1,-11.51305676,116.0388718,495605.5313,24,11,11.10000038,2024/7/29 14:57
1722265635,1722265635,0,1,26.50606346,108.3005524,490365.9375,10,10,-25.39999962,2024/7/29 15:07
1722266235,1722266235,0,1,63.94854736,94.0877533,496978.9063,25,12,-26.79999924,2024/7/29 15:17
1722266835,1722266835,0,1,75.09618378,-43.72114182,500425.5,24,11,35.5,2024/7/29 15:27
1722267435,1722267435,0,1,38.55641937,-69.52802277,496828.2813,22,12,-39.40000153,2024/7/29 15:37
1722268036,1722268035,0,1,0.660345018,-77.89296722,498443.1563,23,13,26.29999924,2024/7/29 15:47
1722268636,1722268635,0,1,-37.15723801,-86.1362381,512449.7188,15,11,-0.100000001,2024/7/29 15:57
1722269236,1722269235,0,1,-73.65288544,-109.3039398,525561.25,26,13,-31,2024/7/29 16:07
1722269836,1722269836,0,1,-65.72588348,111.2798767,521182.625,28,12,-17.10000038,2024/7/29 16:17
1722270436,1722270436,0,1,-28.57128143,96.07769012,503007.7813,23,12,-36.40000153,2024/7/29 16:27
1722271036,1722271036,0,1,9.396253586,88.28250885,490713.2188,18,11,-71.90000153,2024/7/29 16:37
1722271636,1722271636,0,1,47.25875092,78.92501068,493576.2813,19,10,-47.09999847,2024/7/29 16:47
1722272236,1722272236,0,1,81.51651764,23.82422447,500126.375,27,12,27.39999962,2024/7/29 16:57
1722272836,1722272836,0,1,55.4156189,-87.10935974,498901.25,28,12,-47,2024/7/29 17:07
1722273437,1722273436,0,1,17.76136589,-98.09539795,496242.5625,19,12,-3.5,2024/7/29 17:17
1722274037,1722274036,0,1,-20.18062401,-105.723053,505071.4375,17,9,-3.099999905,2024/7/29 17:27
1722274637,1722274636,0,1,-57.60512924,-117.3117752,521038.1875,17,11,-19.20000076,2024/7/29 17:37
1722275237,1722275236,0,1,-80.36238861,122.0007172,525579.9375,27,12,-34.90000153,2024/7/29 17:47
1722275837,1722275837,0,1,-45.49416351,77.11592102,511571.5938,26,12,25.89999962,2024/7/29 17:57
1722276437,1722276437,0,1,-7.732678413,68.02361298,494286.6875,28,13,-63.70000076,2024/7/29 18:07
1722277037,1722277037,0,1,30.27779579,60.15620804,490681.875,17,14,-15.5,2024/7/29 18:17
1722278237,1722278237,0,1,71.72897339,-97.28195953,500438.625,28,12,-19.20000076,2024/7/29 18:37
1722278837,1722278837,0,1,34.80662537,-117.7984161,496613.5,21,12,-32.20000076,2024/7/29 18:47
1722279438,1722279437,0,1,-3.113848448,-125.8926392,499431.875,20,12,-15.10000038,2024/7/29 18:57
1722280038,1722280037,0,1,-40.8830452,-134.4537048,514121.125,22,9,-13.19999981,2024/7/29 19:07
1722280638,1722280637,0,1,-76.87516785,-164.4018097,525985.5625,25,12,-59.09999847,2024/7/29 19:17
1722281238,1722281237,0,1,-62.13136292,61.25128174,519548.6875,25,12,30.20000076,2024/7/29 19:27
1722281838,1722281838,0,1,-24.81100845,47.95630646,500990.9063,19,13,2.900000095,2024/7/29 19:37
1722282438,1722282438,0,1,13.18271351,40.26199341,490128.4688,21,13,-5.800000191,2024/7/29 19:47
1722284238,1722284238,0,1,51.70756531,-136.0054779,498299.375,6,10,-11.89999962,2024/7/29 20:17
1722284838,1722284838,0,1,13.97734833,-146.1351166,496442.5313,18,13,-7.199999809,2024/7/29 20:27
1722285439,1722285438,0,1,-23.94948578,-153.8045197,506598.375,16,10,1.299999952,2024/7/29 20:37
1722286039,1722286038,0,1,-61.25162125,-166.7130127,522342.7188,24,10,-42.79999924,2024/7/29 20:47
1722286639,1722286638,0,1,-77.67217255,61.05350494,524912.5625,30,12,8.899999619,2024/7/29 20:57
1722287239,1722287238,0,1,-41.76411438,28.67803383,509589.9688,24,13,33.90000153,2024/7/29 21:07
1722287839,1722287839,0,1,-3.941573381,20.01882553,493032.4688,27,14,-12.89999962,2024/7/29 21:17
1722288439,1722288439,0,1,34.05301666,11.95938492,490947.7188,18,12,33.5,2024/7/29 21:27
1722289039,1722289039,0,1,71.07498932,-7.801300049,498144.7813,26,13,55.09999847,2024/7/29 21:37
1722289639,1722289639,0,1,68.21336365,-148.992691,499940.0938,28,11,8.5,2024/7/29 21:47
1722290239,1722290239,0,1,31.0314045,-166.0038452,496155.875,24,12,-8.199999809,2024/7/29 21:57
1722290839,1722290839,0,1,-6.908146858,-173.8977814,500330.0313,20,11,19.79999924,2024/7/29 22:07
1722291440,1722291439,0,1,-44.62106705,177.1263428,515722.9688,20,11,7.300000191,2024/7/29 22:17
1722292040,1722292039,0,1,-79.75350952,135.9498291,526265.5,29,13,-45.90000153,2024/7/29 22:27
1722292640,1722292639,0,1,-58.53820419,11.78771877,517996.1563,26,11,20.20000076,2024/7/29 22:37
1722293240,1722293239,0,1,-21.0261097,-0.129931673,499256.3125,19,11,16.70000076,2024/7/29 22:47
1722293840,1722293840,0,1,16.98441887,-7.775638103,489905.4063,15,10,27.60000038,2024/7/29 22:57
1722294440,1722294440,0,1,54.71260834,-18.59450531,494797.875,21,10,61.59999847,2024/7/29 23:07
1722295040,1722295040,0,1,81.82793427,-125.4979477,500295.7188,24,14,3.299999952,2024/7/29 23:17
1722295640,1722295640,0,1,47.96914673,175.3044281,497666.1563,26,13,-2,2024/7/29 23:27
1722296240,1722296240,0,1,10.17629814,165.8412018,496670.9375,24,11,27.89999962,2024/7/29 23:37
1722296840,1722296840,0,1,-27.72935677,158.079361,508117.3125,26,13,37.09999847,2024/7/29 23:47
1722297441,1722297440,0,1,-64.8787384,143.3861084,523469.0625,29,13,-44.70000076,2024/7/29 23:57
1722298041,1722298040,0,1,-74.49443817,4.983224869,524096.8125,25,11,12.30000019,2024/7/30 0:07
1722298641,1722298640,0,1,-38.07004547,-19.64537621,507717.5625,23,11,20.10000038,2024/7/30 0:17
1722299241,1722299241,0,1,-0.133606672,-27.98322868,492087.375,23,11,5.900000095,2024/7/30 0:27
1722299841,1722299841,0,1,37.83519363,-36.30181122,491489.1875,20,9,41,2024/7/30 0:37
1722300441,1722300441,0,1,74.49623108,-60.97868729,498706.8125,25,12,17.39999962,2024/7/30 0:47
1722301041,1722301041,0,1,64.6098938,160.4114227,499525.6875,25,11,10.60000038,2024/7/30 0:57
1722301641,1722301641,0,1,27.24225044,145.8400574,495862.75,22,13,34.20000076,2024/7/30 1:07
1722302241,1722302241,0,1,-10.70835495,138.0881805,501408.5938,21,12,64.5,2024/7/30 1:17
1722302841,1722302841,0,1,-48.35518646,128.583313,517353.9375,26,13,-23.29999924,2024/7/30 1:27
1722303442,1722303441,0,1,-81.88275146,68.65919495,526347.3125,27,12,1.700000048,2024/7/30 1:37
1722304042,1722304041,0,1,-54.85007858,-37.35046768,516348.625,22,11,21,2024/7/30 1:47
1722304642,1722304641,0,1,-17.23025322,-48.19212341,497746.375,19,10,-12.89999962,2024/7/30 1:57
1722305242,1722305242,0,1,20.78881264,-55.83679581,490058.2188,21,11,-43.70000076,2024/7/30 2:07
1722305842,1722305842,0,1,58.42194366,-67.7270813,495790.2813,21,11,-21.10000038,2024/7/30 2:17
1722306442,1722306442,0,1,79.64884186,167.4233246,500524.7813,29,12,0.800000012,2024/7/30 2:27
1722307042,1722307042,0,1,44.22136688,126.7690506,497363.3438,26,13,17.29999924,2024/7/30 2:37
1722307642,1722307642,0,1,6.380255222,117.8283539,497249.9375,23,13,51.70000076,2024/7/30 2:47
1722308242,1722308242,0,1,-31.49643898,109.9228363,509774,21,11,-39.59999847,2024/7/30 2:57
1722308843,1722308842,0,1,-68.44930267,92.76161957,524220.5313,25,13,8.100000381,2024/7/30 3:07
1722309443,1722309442,0,1,-71.10192871,-48.16888809,522890.4375,27,11,-1.100000024,2024/7/30 3:17
1722310043,1722310042,0,1,-34.30586624,-67.91163635,505660.2813,20,9,21.70000076,2024/7/30 3:27
1722310643,1722310642,0,1,3.675494909,-75.98706055,491286.8438,22,12,26.10000038,2024/7/30 3:37
1722311243,1722311243,0,1,41.60980988,-84.64309692,492286.625,19,9,-34.59999847,2024/7/30 3:47
1722311843,1722311843,0,1,77.69404602,-117.1191711,499417.1875,31,13,-3.700000048,2024/7/30 3:57
1722312443,1722312443,0,1,60.96063232,110.5436096,499458.375,31,12,-26.5,2024/7/30 4:07
1722313043,1722313043,0,1,23.45820427,97.72862244,496174.5313,17,11,-43.09999847,2024/7/30 4:17
1722313643,1722313643,0,1,-14.49209309,90.06591034,503067.9375,23,11,-59,2024/7/30 4:27
1722314243,1722314243,0,1,-52.05957413,79.88803101,518981.8125,19,10,28.10000038,2024/7/30 4:37
1722314844,1722314843,0,1,-82.57499695,-6.476343155,526188.9375,29,12,-11.10000038,2024/7/30 4:47
1722315444,1722315443,0,1,-51.15446854,-86.21101379,514359.2813,24,12,-1.5,2024/7/30 4:57
1722316044,1722316043,0,1,-13.50398159,-96.21601105,496003.8438,22,12,-8.300000191,2024/7/30 5:07
1722316644,1722316643,0,1,24.5838623,-103.9216309,489937.2813,16,13,-18.5,2024/7/30 5:17
1722317244,1722317244,0,1,62.10135651,-117.2316132,496430.3438,23,12,-21.5,2024/7/30 5:27
1722317844,1722317844,0,1,76.72512817,107.9476852,500511.75,28,12,-4,2024/7/30 5:37
1722318444,1722318444,0,1,40.46263504,78.35986328,497189.9688,20,11,-43.09999847,2024/7/30 5:47
1722319044,1722319044,0,1,2.58545661,69.82649994,498391.5,23,11,-92,2024/7/30 5:57
1722319644,1722319644,0,1,-35.2504921,61.71506119,511794.6875,16,10,22.5,2024/7/30 6:07
1722320244,1722320244,0,1,-71.92746735,40.99629593,525245.8125,23,10,25,2024/7/30 6:17
1722320845,1722320844,0,1,-67.60024261,-99.61125183,521695.375,28,12,-25.20000076,2024/7/30 6:27
1722321445,1722321444,0,1,-30.54807091,-116.1061401,503537.7813,22,11,-9.899999619,2024/7/30 6:37
1722322045,1722322044,0,1,7.409033298,-123.9783401,490404.9063,24,14,-32,2024/7/30 6:47
1722322645,1722322644,0,1,45.36649323,-133.0844421,492722.3438,21,12,-27.10000038,2024/7/30 6:57
1722323245,1722323245,0,1,80.44123077,-178.5922852,499731.8438,29,13,4,2024/7/30 7:07
1722323845,1722323845,0,1,57.27857971,61.16822052,499119.3125,26,10,-10,2024/7/30 7:17
1722324445,1722324445,0,1,19.67132378,49.65217972,496429.2188,20,11,-29.79999924,2024/7/30 7:27
1722325045,1722325045,0,1,-18.27186775,42.02440643,504633.2813,21,11,-13.10000038,2024/7/30 7:37
1722325645,1722325645,0,1,-55.74589157,30.97175407,520500.2813,21,11,34.79999924,2024/7/30 7:47
1722326245,1722326245,0,1,-81.48065186,-80.22023773,525766.125,27,12,-27.89999962,2024/7/30 7:57
1722326846,1722326845,0,1,-47.4403038,-134.867569,512256.0625,23,12,-16.29999924,2024/7/30 8:07
1722327446,1722327445,0,1,-9.71008873,-144.2374725,494361.375,28,14,-0.899999976,2024/7/30 8:17
1722328046,1722328045,0,1,28.31188583,-152.0323029,489965.3438,22,12,-11.80000019,2024/7/30 8:27
1722328646,1722328645,0,1,65.74034119,-167.2979126,497036.0625,24,12,4.599999905,2024/7/30 8:37
1722329246,1722329246,0,1,73.44372559,52.9390831,500413.0938,29,12,1.299999952,2024/7/30 8:47
1722332246,1722332246,0,1,-64.0111084,-150.0354767,520104,19,13,-42.90000153,2024/7/30 9:37
1722332847,1722332846,0,1,-26.76791954,-164.2536163,501461.75,24,12,12.39999962,2024/7/30 9:47
1722333447,1722333446,0,1,11.21899796,-171.9962921,489812.375,25,13,10.5,2024/7/30 9:57
1722334047,1722334046,0,1,49.05939484,178.3551788,493422.2188,21,11,0.300000012,2024/7/30 10:07
1722334647,1722334646,0,1,82.25415802,111.397995,500093.5313,25,14,4.800000191,2024/7/30 10:17
1722336447,1722336447,0,1,-22.05970573,-6.044741631,506012.625,16,12,13.30000019,2024/7/30 10:47
1722337047,1722337047,0,1,-59.42460632,-18.24669075,521646.875,22,11,20.89999962,2024/7/30 10:57
1722337647,1722337647,0,1,-79.11546326,-145.4280243,525013.5625,27,12,-50.09999847,2024/7/30 11:07
1722338247,1722338247,0,1,-43.69439316,176.6209717,510143.2188,26,11,12.5,2024/7/30 11:17
1722338848,1722338847,0,1,-5.896940231,167.7486267,493062.9375,27,12,44.09999847,2024/7/30 11:27
1722339448,1722339447,0,1,32.11174011,159.7936707,490395.375,24,9,1.700000048,2024/7/30 11:37
1722340048,1722340047,0,1,69.33078766,141.7935181,497819.0625,25,12,0,2024/7/30 11:47
1722340648,1722340648,0,1,69.97221375,0.393238336,500238.2813,19,12,48.5,2024/7/30 11:57
1722341248,1722341248,0,1,32.91001511,-18.19382286,496535.3438,19,11,44.59999847,2024/7/30 12:07
1722341848,1722341848,0,1,-5.018176556,-26.18024445,500052.125,19,14,-2.099999905,2024/7/30 12:17
1722342448,1722342448,0,1,-42.75862503,-34.93724823,514939.8125,17,12,-1.899999976,2024/7/30 12:27
1722343048,1722343048,0,1,-78.38141632,-69.79514313,525904.8125,28,12,-19,2024/7/30 12:37
1722343648,1722343648,0,1,-60.35994339,160.1960754,518448.9688,30,11,-35.20000076,2024/7/30 12:47
1722344249,1722344248,0,1,-22.96852493,147.636261,499662.1875,23,10,49.70000076,2024/7/30 12:57
1722344849,1722344848,0,1,15.03864002,139.9708862,489615.625,27,11,52.40000153,2024/7/30 13:07
1722345449,1722345448,0,1,52.80993652,129.5990295,494295.125,23,12,10.80000019,2024/7/30 13:17
1722346049,1722346048,0,1,82.42302704,35.01241302,500302.5938,25,12,20.70000076,2024/7/30 13:27
1722346649,1722346649,0,1,49.82055283,-36.66481781,498100.25,25,11,51.5,2024/7/30 13:37
1722347249,1722347249,0,1,12.05915642,-46.43605804,496734.2188,20,14,-33.29999924,2024/7/30 13:47
1722347849,1722347849,0,1,-25.85639954,-54.14442062,507419.9063,14,11,4.800000191,2024/7/30 13:57
1722348449,1722348449,0,1,-63.08642578,-67.8819046,522770.25,22,14,10.5,2024/7/30 14:07
1722349049,1722349049,0,1,-76.10566711,156.2089233,524311.625,32,13,-56.5,2024/7/30 14:17
1722349649,1722349649,0,1,-39.92870331,128.2233734,508381.75,25,10,-28.79999924,2024/7/30 14:27
1722350250,1722350249,0,1,-2.076798439,119.7414093,492234.7188,25,12,62.5,2024/7/30 14:37
1722350850,1722350849,0,1,35.90829468,111.5653687,491134.0313,26,11,-24,2024/7/30 14:47
1722351450,1722351449,0,1,72.77288818,89.66366577,498536.4375,24,12,-11.39999962,2024/7/30 14:57
1722352050,1722352049,0,1,66.39716339,-50.71182251,499948.9688,15,12,32.90000153,2024/7/30 15:07
1722352650,1722352650,0,1,29.11648178,-66.37753296,496323.8438,20,13,-47.09999847,2024/7/30 15:17
1722353250,1722353250,0,1,-8.826725006,-74.18992615,501093.75,18,15,19.79999924,2024/7/30 15:27
1722353850,1722353850,0,1,-46.50641251,-83.4132843,516567.5938,17,12,3.900000095,2024/7/30 15:37
1722354450,1722354450,0,1,-80.96322632,-132.9094849,526162.0625,29,12,-43.29999924,2024/7/30 15:47
1722355050,1722355050,0,1,-56.6786232,110.8792114,516874,28,12,-13.39999962,2024/7/30 15:57
1722355650,1722355650,0,1,-19.16876411,99.55826569,498214.75,25,10,-46,2024/7/30 16:07
1722356251,1722356250,0,1,18.84994507,91.92142487,489814.25,23,11,-59.59999847,2024/7/30 16:17
1722356851,1722356850,0,1,56.53542709,80.61820984,495353.25,15,11,-34.70000076,2024/7/30 16:27
1722357451,1722357450,0,1,80.89413452,-36.28907013,500625.7188,27,12,34.59999847,2024/7/30 16:37
1722358051,1722358050,0,1,46.0756073,-85.27552795,497895.75,22,12,-35.70000076,2024/7/30 16:47
1722358651,1722358651,0,1,8.260638237,-94.45456696,497298.9688,19,12,-4.400000095,2024/7/30 16:57
1722359251,1722359251,0,1,-29.62874794,-102.2787018,509094.4688,15,10,-5.099999905,2024/7/30 17:07
1722359851,1722359851,0,1,-66.68665314,-118.1029739,523778.2188,22,11,-33.79999924,2024/7/30 17:17
1722360451,1722360451,0,1,-72.80469513,101.8156815,523213.1563,29,13,-11,2024/7/30 17:27
1722361051,1722361051,0,1,-36.16929626,79.91875458,506292.5625,26,12,6.599999905,2024/7/30 17:37
1722361651,1722361651,0,1,1.731451631,71.73696136,491466.4688,25,12,-96.19999695,2024/7/30 17:47
1722362252,1722362251,0,1,39.68660355,63.26562119,491828.7813,15,11,-34.29999924,2024/7/30 17:57
1722364052,1722364051,0,1,25.33302879,-114.5099716,496349,18,11,-41.79999924,2024/7/30 18:27
1722364652,1722364652,0,1,-12.61553001,-122.2090454,502372.5938,21,12,-8.699999809,2024/7/30 18:37
1722365252,1722365252,0,1,-50.22372818,-132.0309753,518072.4688,20,9,-17.20000076,2024/7/30 18:47
1722365852,1722365852,0,1,-82.45485687,155.3045959,525972,22,13,-39.40000153,2024/7/30 18:57
1722366452,1722366452,0,1,-52.9842453,61.89409256,514884.125,21,12,36.40000153,2024/7/30 19:07
1722367052,1722367052,0,1,-15.37356186,51.50857162,496461.5,21,13,-19.79999924,2024/7/30 19:17
1722367652,1722367652,0,1,22.65266037,43.84648514,489695.1563,19,11,-0.100000001,2024/7/30 19:27
1722368853,1722368852,0,1,78.27368164,-99.22379303,500621.25,28,14,-2.299999952,2024/7/30 19:47
1722369453,1722369452,0,1,42.31464767,-133.7416687,497418.6875,24,9,-31.29999924,2024/7/30 19:57
1722370053,1722370053,0,1,4.455756664,-142.4636536,497865.6875,20,11,0.200000003,2024/7/30 20:07
1722370653,1722370653,0,1,-33.40058136,-150.4667053,510726.2188,18,9,-2.599999905,2024/7/30 20:17
1722371253,1722371253,0,1,-70.22579956,-169.264679,524621,28,12,-64,2024/7/30 20:27
1722371853,1722371853,0,1,-69.33403015,49.63677979,521968.3125,24,11,27.10000038,2024/7/30 20:37
1722372453,1722372453,0,1,-32.39476395,31.69153786,504237.9688,22,14,23.70000076,2024/7/30 20:47
1722373053,1722373053,0,1,5.546784878,23.73152351,490561.5625,23,14,-7.800000191,2024/7/30 20:57
1722373653,1722373653,0,1,43.46430206,14.87102795,492285,20,11,42.70000076,2024/7/30 21:07
1722374254,1722374253,0,1,79.12631226,-23.18997574,499508.0313,26,12,29.60000038,2024/7/30 21:17
1722374854,1722374853,0,1,59.14606094,-150.4614258,499235.375,30,12,11.39999962,2024/7/30 21:27
1722375454,1722375453,0,1,21.52557373,-162.6056671,496144.875,22,11,8,2024/7/30 21:37
1722376054,1722376054,0,1,-16.42315292,-170.2463684,503594.25,18,12,28.10000038,2024/7/30 21:47
1722376654,1722376654,0,1,-53.9467392,179.1530151,519535.1563,22,10,-30.60000038,2024/7/30 21:57
1722377254,1722377254,0,1,-82.21540833,79.13970184,525682.9375,26,13,-1.700000048,2024/7/30 22:07
1722377854,1722377854,0,1,-49.25109482,13.14093685,513028.9063,24,11,27.79999924,2024/7/30 22:17
1722378454,1722378454,0,1,-11.55696201,3.478021622,494991.2813,23,11,11,2024/7/30 22:27
1722379054,1722379054,0,1,26.46764374,-4.26221323,489841.5625,21,10,32.29999924,2024/7/30 22:37
1722379655,1722379654,0,1,63.91440964,-18.4637146,496642,20,12,66.40000153,2024/7/30 22:47
1722380255,1722380254,0,1,75.12324524,-156.2098541,500398.1563,25,13,-3.900000095,2024/7/30 22:57
1722380855,1722380854,0,1,38.58992004,177.9147491,496842.7188,26,13,-12.5,2024/7/30 23:07
1722381455,1722381454,0,1,0.632184982,169.5313568,498457.625,23,12,31.70000076,2024/7/30 23:17
1722382055,1722382055,0,1,-37.1844902,161.2825317,512345.5,24,11,13.89999962,2024/7/30 23:27
1722382655,1722382655,0,1,-73.67683411,138.0615082,525285.75,30,12,-48.70000076,2024/7/30 23:37
1722383255,1722383255,0,1,-65.75269318,-1.253451705,520692.125,27,11,11.80000019,2024/7/30 23:47
1722383855,1722383855,0,1,-28.5952034,-16.48159218,502392.8438,25,12,11.69999981,2024/7/30 23:57
1722384455,1722384455,0,1,9.37784481,-24.28159332,490058.7188,21,11,12.89999962,2024/7/31 0:07
1722385055,1722385055,0,1,47.24549866,-33.64215851,493008.5313,17,11,54.59999847,2024/7/31 0:17
1722385656,1722385655,0,1,81.50863647,-88.70333099,499806.25,23,11,12.89999962,2024/7/31 0:27
1722386256,1722386255,0,1,55.42147827,160.3317413,498649.0938,30,12,21.20000076,2024/7/31 0:37
1722386856,1722386855,0,1,17.76704407,149.3390808,496115.3438,24,14,40.29999924,2024/7/31 0:47
1722387456,1722387455,0,1,-20.23795509,141.6947327,504978.125,22,13,44.79999924,2024/7/31 0:57
1722388056,1722388056,0,1,-57.66062164,130.0831299,520919.2188,25,13,-28,2024/7/31 1:07
1722388656,1722388656,0,1,-80.36087036,9.465483665,525277.6875,29,12,-4.5,2024/7/31 1:17
1722389256,1722389256,0,1,-45.49356842,-35.44589996,511203.7813,24,9,-2,2024/7/31 1:27
1722389856,1722389856,0,1,-7.728546619,-44.54223633,493829.9063,23,11,-23.39999962,2024/7/31 1:37
1722390456,1722390456,0,1,30.28552246,-52.41277695,490341.75,17,10,-25.39999962,2024/7/31 1:47
1722391056,1722391056,0,1,67.55255127,-68.91275787,497542.5625,26,11,-3.400000095,2024/7/31 1:57
1722391657,1722391656,0,1,71.7181778,150.1391449,500353.2188,28,13,0.600000024,2024/7/31 2:07
1722392257,1722392256,0,1,34.79562759,129.6324768,496569.5625,22,13,29.89999962,2024/7/31 2:17
1722392857,1722392856,0,1,-3.124596596,121.5382614,499316.6563,20,14,63,2024/7/31 2:27
1722393457,1722393456,0,1,-40.95692062,112.9571991,513963.0938,18,11,-32.79999924,2024/7/31 2:37
1722394057,1722394057,0,1,-76.93849182,82.83085632,525569.25,28,13,2.5,2024/7/31 2:47
1722394657,1722394657,0,1,-62.11314011,-51.32563019,519072.0938,27,10,20.29999924,2024/7/31 2:57
1722395257,1722395257,0,1,-24.78744316,-64.61365509,500504,18,10,28.10000038,2024/7/31 3:07
1722395857,1722395857,0,1,13.21040344,-72.30825806,489812.625,17,11,-25.70000076,2024/7/31 3:17
1722396457,1722396457,0,1,51.01535797,-82.30919647,494024.8125,18,12,-41.29999924,2024/7/31 3:27
1722397057,1722397057,0,1,82.57962036,-163.0316315,500335.1875,25,13,4.300000191,2024/7/31 3:37
1722397658,1722397657,0,1,51.68106079,111.418251,498534.4375,26,13,-26.29999924,2024/7/31 3:47
1722398258,1722398257,0,1,13.95345879,101.2950592,496692.0313,12,13,-28.89999962,2024/7/31 3:57
1722398858,1722398857,0,1,-23.97109413,93.62691498,506725.9688,18,11,-43.20000076,2024/7/31 4:07
1722399458,1722399457,0,1,-61.33367157,80.67337799,522141.7813,22,12,22.60000038,2024/7/31 4:17
1722400058,1722400058,0,1,-77.60353851,-51.77078629,524477.625,25,12,-14.69999981,2024/7/31 4:27
1722400658,1722400658,0,1,-41.73448181,-83.89631653,509005.3438,24,12,3.799999952,2024/7/31 4:37
1722401258,1722401258,0,1,-3.905146599,-92.55123901,492473.2188,19,12,-11.80000019,2024/7/31 4:47
1722401858,1722401858,0,1,34.09392166,-100.6114044,490678.7188,17,9,-28.89999962,2024/7/31 4:57
1722402458,1722402458,0,1,71.11479187,-120.4095764,498211.3125,26,11,-14.5,2024/7/31 5:07
1722403058,1722403058,0,1,68.17695618,98.39718628,500252.7813,27,12,-16,2024/7/31 5:17
1722403659,1722403658,0,1,30.99672318,81.42279053,496612.4375,21,12,-24.70000076,2024/7/31 5:27
1722404259,1722404258,0,1,-6.93765831,73.53346252,500827.7188,20,11,-80.80000305,2024/7/31 5:37
1722404859,1722404858,0,1,-44.70896912,64.53740692,515902.7188,17,8,31.39999962,2024/7/31 5:47
1722405459,1722405459,0,1,-79.81663513,23.030159,526003.8125,22,10,2.400000095,2024/7/31 5:57
1722406059,1722406059,0,1,-58.44879913,-100.8310699,517397.7813,24,12,-15.19999981,2024/7/31 6:07
1722406659,1722406659,0,1,-20.98921776,-112.7020111,498505.9375,22,11,-2.799999952,2024/7/31 6:17
1722407259,1722407259,0,1,17.02923393,-120.3462143,489330,22,14,-46,2024/7/31 6:27
1722407859,1722407859,0,1,54.76141739,-131.174118,494596.1563,21,12,-6.699999809,2024/7/31 6:37
1722408459,1722408459,0,1,81.81021118,121.6138535,500491.7188,29,12,3.200000048,2024/7/31 6:47
1722409059,1722409059,0,1,47.92586899,62.72289658,498239.5625,22,10,-30.60000038,2024/7/31 6:57
1722409660,1722409659,0,1,10.13930035,53.27024078,497355.5313,19,10,-47.59999847,2024/7/31 7:07
1722410260,1722410259,0,1,-27.76004982,45.51024628,508515.9375,15,10,11.60000038,2024/7/31 7:17
1722410860,1722410859,0,1,-64.9669342,30.7562561,523323.75,22,12,21.39999962,2024/7/31 7:27
1722411460,1722411459,0,1,-74.41220856,-107.7674484,523491.9063,25,13,-28.60000038,2024/7/31 7:37
1722412060,1722412060,0,1,-37.96731186,-132.2394409,506778.6563,20,11,-11.89999962,2024/7/31 7:47
1722412660,1722412660,0,1,-0.082884997,-140.5558624,491212.0625,21,14,1.5,2024/7/31 7:57
1722413260,1722413260,0,1,37.89310837,-148.878418,491033.375,14,12,-22.60000038,2024/7/31 8:07
1722413860,1722413860,0,1,74.54971313,-173.6501923,498734.8438,28,12,2.200000048,2024/7/31 8:17
1722414460,1722414460,0,1,64.55550385,47.80472183,500003.875,23,11,7.400000095,2024/7/31 8:27
1722419261,1722419261,128849018,1,58.4943428,179.6718903,495422.0625,9,0,1.200000048,2024/7/31 9:47
1722419861,1722419861,0,1,79.59588623,54.56224823,500658.8125,25,12,10.10000038,2024/7/31 9:57
1722421662,1722421661,0,1,-31.55456924,-2.654963255,510047.875,17,10,18.60000038,2024/7/31 10:27
1722422262,1722422261,0,1,-68.50201416,-19.86494827,524057.625,18,11,4.800000191,2024/7/31 10:37
1722422862,1722422861,0,1,-70.9871521,-160.8851166,522244.5625,24,13,-62.5,2024/7/31 10:47
1722423462,1722423462,0,1,-34.17363358,179.4939423,504645.75,22,11,38.70000076,2024/7/31 10:57
1722424062,1722424062,0,1,3.755228281,171.4355774,490402.125,23,12,26.89999962,2024/7/31 11:07
1722424662,1722424662,0,1,41.69573593,162.767334,491761.5625,19,10,-4.300000191,2024/7/31 11:17
1722425262,1722425262,0,1,77.76346588,130.046936,499371.25,26,13,0.5,2024/7/31 11:27
1722425862,1722425862,0,1,60.87533951,-2.065743446,499669.5,24,13,51.09999847,2024/7/31 11:37
1722426462,1722426462,0,1,23.374897,-14.85009003,496449.1563,21,11,38.5,2024/7/31 11:47
1722427063,1722427062,0,1,-14.57171535,-22.51369476,503158.3438,21,12,-3.400000095,2024/7/31 11:57
1722427663,1722427662,0,1,-52.13715363,-32.71191025,518735.7813,18,11,14.89999962,2024/7/31 12:07
1722428263,1722428262,0,1,-82.56586456,-119.6920471,525548.25,27,12,-37.70000076,2024/7/31 12:17
1722428863,1722428862,0,1,-51.00174332,161.1697693,513474.9688,29,12,-13.30000019,2024/7/31 12:27
1722429463,1722429463,0,1,-13.3401947,151.1893616,495156.0625,23,12,64,2024/7/31 12:37
1722430063,1722430063,0,1,24.6900959,143.4908295,489456.75,19,11,30.39999962,2024/7/31 12:47
1722430663,1722430663,0,1,62.20542908,130.1269073,496336.0313,24,11,-5.099999905,2024/7/31 12:57
1722431263,1722431263,0,1,76.6333313,-4.869161606,500625.9063,23,13,41.90000153,2024/7/31 13:07
1722431863,1722431863,0,1,40.35765457,-34.22913742,497286.2188,17,10,48.59999847,2024/7/31 13:17
1722432463,1722432463,0,1,2.48142004,-42.75530243,498333.6875,22,13,-23.79999924,2024/7/31 13:27
1722433064,1722433063,0,1,-35.35454178,-50.87578964,511525.25,16,12,2.200000048,2024/7/31 13:37
1722433664,1722433663,0,1,-72.02553558,-71.72714233,524707.1875,26,13,-1.399999976,2024/7/31 13:47
1722434264,1722434263,0,1,-67.49075317,147.7239838,521028.9375,29,13,-49.59999847,2024/7/31 13:57
1722434864,1722434863,0,1,-30.36384583,131.2897491,502930.1875,26,11,-9.800000191,2024/7/31 14:07
1722435464,1722435464,0,1,7.598484993,123.4230118,490028.9375,25,12,68.19999695,2024/7/31 14:17
1722436064,1722436064,0,1,45.49167252,114.311203,492722.5313,21,10,-17.20000076,2024/7/31 14:27
1722436664,1722436664,0,1,80.51886749,68.24200439,499877.6875,25,12,6.400000095,2024/7/31 14:37
1722437264,1722437264,0,1,57.1582222,-51.45415115,499217.8125,21,12,22.39999962,2024/7/31 14:47
1722437864,1722437864,0,1,19.5492382,-62.93402481,496448.9063,18,14,-61.5,2024/7/31 14:57
1722438464,1722438464,0,1,-18.39463425,-70.561409,504418.5938,19,15,28.79999924,2024/7/31 15:07
1722439065,1722439064,0,1,-55.86861801,-81.64718628,520131.4375,21,13,-1.100000024,2024/7/31 15:17
1722439665,1722439664,0,1,-81.41645813,166.4482422,525237.5625,28,13,-48.40000153,2024/7/31 15:27
1722440265,1722440264,0,1,-47.24451065,112.5021667,511719.4688,28,11,-21.60000038,2024/7/31 15:37
1722440865,1722440865,0,1,-9.507358551,103.1616058,494089.375,27,10,-13.89999962,2024/7/31 15:47
1722443265,1722443265,0,1,36.56579971,-82.54930115,497110.9063,20,11,-32.29999924,2024/7/31 16:27
1722443865,1722443865,0,1,-1.339786649,-90.76000977,499209.375,18,11,-7,2024/7/31 16:37
1722444465,1722444465,0,1,-39.13142014,-99.16030884,513204.7188,16,10,-6.5,2024/7/31 16:47
1722445066,1722445065,0,1,-75.39313507,-125.5262222,525248.125,23,12,-38.09999847,2024/7/31 16:57
1722445666,1722445665,0,1,-63.87884521,97.29572296,519516.4688,25,12,-0.100000001,2024/7/31 17:07
1722446266,1722446265,0,1,-26.56155205,83.13732147,501052.7188,23,11,-24.20000076,2024/7/31 17:17
1722446866,1722446866,0,1,11.42868328,75.40207672,489813.5625,25,12,-93.19999695,2024/7/31 17:27
1722448066,1722448066,0,1,82.29624939,-2.172563314,500454.375,24,12,29.89999962,2024/7/31 17:47
1722448666,1722448666,0,1,53.43035507,-100.4907761,499060.2813,27,11,-29.5,2024/7/31 17:57
1722449266,1722449266,0,1,15.73913002,-110.9889908,496750,16,11,-34.29999924,2024/7/31 18:07
1722449866,1722449866,0,1,-22.19246292,-118.6317596,505916.4688,21,11,-5.199999809,2024/7/31 18:17
1722450467,1722450466,0,1,-59.55640411,-130.8773346,521311.5313,19,10,-26.5,2024/7/31 18:27
1722451067,1722451066,0,1,-79.01504517,101.4887695,524431,24,11,-15.5,2024/7/31 18:37
1722451667,1722451666,0,1,-43.55053329,64.01295471,509574.5,21,12,30.79999924,2024/7/31 18:47
1722452267,1722452266,0,1,-5.746551514,55.15943527,492807.7188,22,14,-42.5,2024/7/31 18:57
1722454067,1722454067,0,1,69.83712769,-112.3415298,500595.3438,30,13,-20.10000038,2024/7/31 19:27
1722454667,1722454667,0,1,32.76821518,-130.7898712,496847.9063,19,10,-39.59999847,2024/7/31 19:37
1722455267,1722455267,0,1,-5.158551693,-138.7669067,500156.25,17,11,-0.400000006,2024/7/31 19:47
1722455867,1722455867,0,1,-42.8973732,-147.5379791,514811.9688,16,10,-10.89999962,2024/7/31 19:57
1722456468,1722456467,0,1,-78.49147797,177.1830597,525525.625,24,12,-54.09999847,2024/7/31 20:07
1722457068,1722457067,0,1,-60.21701431,47.54785156,517798.5,24,13,33.29999924,2024/7/31 20:17
1722457668,1722457667,0,1,-22.81473732,35.04393387,499128.5,23,13,4.900000095,2024/7/31 20:27
1722458268,1722458267,0,1,15.26053524,27.36750984,489334.4063,22,13,6.599999905,2024/7/31 20:37
1722459468,1722459468,0,1,82.3889389,-78.72515869,500530.75,30,11,17.60000038,2024/7/31 20:57
1722460068,1722460068,0,1,49.66840363,-149.2804413,498427.2813,26,11,-1.600000024,2024/7/31 21:07
1722460668,1722460668,0,1,11.90808487,-159.0248566,496918.4063,24,12,7.599999905,2024/7/31 21:17
1722461268,1722461268,0,1,-26.00526428,-166.7375183,507402.3125,24,9,16.70000076,2024/7/31 21:27
1722461868,1722461868,0,1,-63.23097229,179.4514465,522481.4375,24,13,-50,2024/7/31 21:37
1722462469,1722462468,0,1,-75.97305298,43.29997635,523611.375,28,12,12.69999981,2024/7/31 21:47
1722463069,1722463068,0,1,-39.76660156,15.62100029,507583.9375,22,12,27.5,2024/7/31 21:57
1722463669,1722463668,0,1,-1.906208277,7.151591778,491696.2813,21,12,12.5,2024/7/31 22:07
1722464269,1722464268,0,1,36.14462662,-1.055441618,490831.6875,18,11,46.70000076,2024/7/31 22:17
1722464869,1722464869,0,1,72.9866333,-23.27296829,498523.0313,27,13,49.79999924,2024/7/31 22:27
1722465469,1722465469,0,1,66.2310791,-163.4115143,500103,29,12,4.599999905,2024/7/31 22:37
1722466069,1722466069,0,1,28.94512367,-178.9726105,496409.25,24,14,-2.900000095,2024/7/31 22:47
1722466669,1722466669,0,1,-8.997115135,173.2189026,501086.3125,26,13,41.20000076,2024/7/31 22:57
1722467269,1722467269,0,1,-46.67453766,163.9679108,516373.2813,27,10,-5.699999809,2024/7/31 23:07
1722467869,1722467869,0,1,-81.05809784,113.5863037,525649.75,29,11,-27.70000076,2024/7/31 23:17
1722468470,1722468469,0,1,-56.50169754,-1.758011699,516137.125,26,12,24.10000038,2024/7/31 23:27
1722469070,1722469069,0,1,-18.98086166,-13.03367329,497482.0313,20,11,9.699999809,2024/7/31 23:37
1722469670,1722469669,0,1,19.04346466,-20.67419815,489275.125,19,11,26.5,2024/7/31 23:47
1722470270,1722470269,0,1,56.78878403,-32.07014847,495070.7813,20,11,61.70000076,2024/7/31 23:57
1722470870,1722470870,0,1,80.73670197,-150.1714172,500555.5,25,12,0.800000012,2024/8/1 0:07
1722471470,1722471470,0,1,45.87906265,162.1080627,497800.0625,27,13,2.700000048,2024/8/1 0:17
1722472070,1722472070,0,1,8.062045097,152.9519958,497211,29,13,48.79999924,2024/8/1 0:27
1722472670,1722472670,0,1,-29.82620239,145.1165314,508974.625,28,13,22.89999962,2024/8/1 0:37
1722473270,1722473270,0,1,-66.87465668,129.1521606,523493.5625,28,12,-37.40000153,2024/8/1 0:47
1722473870,1722473870,0,1,-72.61846161,-11.03525352,522672.0938,25,11,8.199999809,2024/8/1 0:57
1722474471,1722474470,0,1,-35.96031189,-32.6855278,505689.8438,20,11,1,2024/8/1 1:07
1722475071,1722475070,0,1,1.947129965,-40.85677719,490934.9688,18,11,-19.39999962,2024/8/1 1:17
1722475671,1722475670,0,1,39.96615982,-49.36875534,491583.4688,15,9,3.099999905,2024/8/1 1:27
1722476271,1722476271,0,1,76.33856964,-77.97505951,499186.0313,26,12,9.100000381,2024/8/1 1:37
1722476871,1722476871,0,1,62.55803299,146.4027405,499799.4688,27,13,11.39999962,2024/8/1 1:47
1722477471,1722477471,0,1,25.11428261,132.8881683,496276.2813,24,13,35.79999924,2024/8/1 1:57
1722478071,1722478071,0,1,-12.83467484,125.1929779,502272.3438,27,14,36.90000153,2024/8/1 2:07
1722478671,1722478671,0,1,-50.44016266,115.3299637,517853.625,19,13,-20.10000038,2024/8/1 2:17
1722479271,1722479271,0,1,-82.49217224,41.05193329,525482.8125,25,13,-2.5,2024/8/1 2:27
1722479871,1722479871,0,1,-52.7592926,-50.75220108,514311.4063,24,10,6.099999905,2024/8/1 2:37
1722480472,1722480471,0,1,-15.13883209,-61.09024429,495944.0625,23,11,19.60000038,2024/8/1 2:47
1722481072,1722481071,0,1,22.89031982,-68.75686646,489545,20,10,-51.09999847,2024/8/1 2:57
1722481672,1722481671,0,1,60.52576447,-81.42219543,496149.125,26,12,-40.29999924,2024/8/1 3:07
1722482272,1722482272,0,1,78.04055023,147.288681,500829.5625,29,11,2,2024/8/1 3:17
1722482872,1722482872,0,1,42.08418655,113.6363525,497639.4688,25,12,-17.20000076,2024/8/1 3:27
1722483472,1722483472,0,1,4.225570202,104.939682,498028.7188,26,13,5.199999809,2024/8/1 3:37
1722484072,1722484072,0,1,-33.62819672,96.92538452,510727.4375,22,10,-29.89999962,2024/8/1 3:47
1722484672,1722484672,0,1,-70.43978119,77.91099548,524201.9375,25,13,15.5,2024/8/1 3:57
1722485272,1722485272,0,1,-69.11448669,-63.1759491,521317.5313,24,13,9.899999619,2024/8/1 4:07
1722485873,1722485872,0,1,-32.15285873,-80.91936493,503541.1563,25,12,6.099999905,2024/8/1 4:17
1722486473,1722486472,0,1,5.7964468,-88.86620331,490121.75,23,11,0.899999976,2024/8/1 4:27
1722487073,1722487072,0,1,43.71357727,-97.75364685,492304.4688,15,9,-26.29999924,2024/8/1 4:37
1722487673,1722487672,0,1,79.30947876,-136.6658783,499787.875,26,13,-3.400000095,2024/8/1 4:47
1722488273,1722488273,0,1,58.84677505,96.81330872,499671.1875,29,12,-35.29999924,2024/8/1 4:57
1722488873,1722488873,0,1,21.28588676,84.79175568,496655.7188,20,13,-59.70000076,2024/8/1 5:07
1722489473,1722489473,0,1,-16.6581707,77.15622711,504011.6875,17,10,-47.59999847,2024/8/1 5:17
1722490073,1722490073,0,1,-54.17500305,66.5056076,519513.5,18,11,34.79999924,2024/8/1 5:27
1722490673,1722490673,0,1,-82.14468384,-35.07157516,525248.4375,25,12,-18.60000038,2024/8/1 5:37
1722491273,1722491273,0,1,-49.01408386,-99.50167084,512252.5625,27,12,-7.800000191,2024/8/1 5:47
1722491874,1722491873,0,1,-11.30709648,-109.1216812,494230.25,24,13,-6.5,2024/8/1 5:57
1722492474,1722492473,0,1,26.72344398,-116.8668823,489487.5,20,14,-43.40000153,2024/8/1 6:07
1722493074,1722493073,0,1,64.16255951,-131.1943817,496735.9688,26,13,4.5,2024/8/1 6:17
1722493674,1722493673,0,1,74.84900665,90.59455109,500798.0625,27,12,-7.800000191,2024/8/1 6:27
1722494274,1722494274,0,1,38.28079224,65.27610016,497467.0313,16,12,-37.59999847,2024/8/1 6:37
1722494874,1722494874,0,1,0.390838325,56.93441391,499129.9063,23,12,-55.5,2024/8/1 6:47
1722495474,1722495474,0,1,-37.41872025,48.67139053,512597.6875,13,10,39.59999847,2024/8/1 6:57
1722496074,1722496074,0,1,-73.88759613,25.11667442,524925.125,24,11,18.70000076,2024/8/1 7:07
1722496674,1722496674,0,1,-65.52368164,-114.0105286,519866.5,26,12,-30.60000038,2024/8/1 7:17
1722497274,1722497274,0,1,-28.3443222,-129.0916901,501368,18,13,-12.80000019,2024/8/1 7:27
1722497875,1722497874,0,1,9.639956474,-136.8819275,489334.0625,21,13,-16.60000038,2024/8/1 7:37
1722498475,1722498474,0,1,47.5091095,-146.2805328,492863.8438,19,13,-11,2024/8/1 7:47
1722499075,1722499074,0,1,81.63648224,157.1395264,500131.3438,30,13,1.899999976,2024/8/1 7:57
1722499675,1722499674,0,1,55.10609436,47.63126755,499312.5625,20,11,4.699999809,2024/8/1 8:07
1722502675,1722502675,0,1,-45.24044418,-148.0800171,510027.8438,25,12,-12.30000019,2024/8/1 8:57
1722503275,1722503275,0,1,-7.459623337,-157.1436157,492736.0313,24,14,10.19999981,2024/8/1 9:07
1722503876,1722503875,0,1,30.56215096,-165.0265503,489753.6563,19,12,-7.199999809,2024/8/1 9:17
1722504476,1722504475,0,1,67.81693268,178.2702484,497519.9063,24,13,6.199999809,2024/8/1 9:27
1722505076,1722505075,0,1,71.46394348,37.2158165,500729.8125,21,12,13.10000038,2024/8/1 9:37
1722506276,1722506276,0,1,-3.452168226,8.925909996,499955.0938,12,11,5.699999809,2024/8/1 9:57
1722506876,1722506876,0,1,-41.21330643,0.331071675,514137.3438,12,11,17.60000038,2024/8/1 10:07
1722507476,1722507476,0,1,-77.14998627,-30.40834808,525156.1875,24,12,-7.400000095,2024/8/1 10:17
1722508076,1722508076,0,1,-61.85560226,-164.0448914,518144.75,29,12,-42.40000153,2024/8/1 10:27
1722508676,1722508676,0,1,-24.50999451,-177.2226257,499358.5,25,11,51.29999924,2024/8/1 10:37
1722509276,1722509276,0,1,13.49875641,175.0856323,488994.5313,23,10,14.30000019,2024/8/1 10:47
1722509877,1722509876,0,1,51.30364609,165.026001,493758.7188,20,11,8.100000381,2024/8/1 10:57
1722510477,1722510476,0,1,82.58486176,82.13035583,500540.4375,25,14,7.699999809,2024/8/1 11:07
1722511077,1722511076,0,1,51.39699554,-1.242263317,498889.375,24,13,47.20000076,2024/8/1 11:17
1722511677,1722511677,0,1,13.60660839,-11.32315159,497046,19,11,30.70000076,2024/8/1 11:27
1722512277,1722512277,0,1,-24.31308365,-18.99922371,506836.9063,18,12,4.5,2024/8/1 11:37
1722512877,1722512877,0,1,-61.60389709,-32.05841064,521753.5,22,13,20.79999924,2024/8/1 11:47
1722513477,1722513477,0,1,-77.37091827,-165.1184692,523611.7813,28,11,-57.40000153,2024/8/1 11:57
1722514077,1722514077,0,1,-41.43951416,163.469101,507933.875,27,11,5,2024/8/1 12:07
1722514677,1722514677,0,1,-3.597413301,154.8404846,491626.0938,27,11,63.70000076,2024/8/1 12:17
1722515278,1722515277,0,1,34.40472031,146.7584686,490378.5313,20,9,21.5,2024/8/1 12:27
1722515878,1722515877,0,1,71.40036011,126.620697,498363.6563,29,12,-7.099999905,2024/8/1 12:37
1722516478,1722516477,0,1,67.88489532,-14.44885635,500497.375,24,11,60.40000153,2024/8/1 12:47
1722517078,1722517077,0,1,30.69211006,-31.19746017,496798.0313,21,13,31.5,2024/8/1 12:57
1722517678,1722517678,0,1,-7.304943562,-39.08781815,500773.25,20,13,-10.5,2024/8/1 13:07
1722518278,1722518278,0,1,-45.0106926,-48.11227417,515529.4375,19,13,-3.599999905,2024/8/1 13:17
1722518878,1722518878,0,1,-80.02558899,-90.86228943,525232.25,30,13,-22.39999962,2024/8/1 13:27
1722519478,1722519478,0,1,-58.13645935,146.4534607,516456.5313,27,11,-26.20000076,2024/8/1 13:37
1722520078,1722520078,0,1,-20.66025352,134.6807251,497783.625,23,9,30.79999924,2024/8/1 13:47
1722520678,1722520678,0,1,17.36275673,127.0365829,489091.625,20,12,41.59999847,2024/8/1 13:57
1722521279,1722521278,0,1,55.08677292,116.12397,494827.9063,22,11,-16.29999924,2024/8/1 14:07
1722521879,1722521878,0,1,81.66408539,6.989003181,500780,25,12,31.29999924,2024/8/1 14:17
1722522479,1722522478,0,1,47.60432816,-49.93858337,498366.625,25,11,19.10000038,2024/8/1 14:27
1722523079,1722523078,0,1,9.814484596,-59.34148026,497315.9375,25,14,-40.59999847,2024/8/1 14:37
1722523679,1722523679,0,1,-28.14777756,-67.12669373,508264.3125,24,13,29.10000038,2024/8/1 14:47
1722524279,1722524279,0,1,-65.28180695,-82.05271149,522785.25,29,13,-8.800000191,2024/8/1 14:57
1722524879,1722524879,0,1,-74.11555481,139.0714417,522732.0313,31,11,-50,2024/8/1 15:07
1722525479,1722525479,0,1,-37.62545776,115.119751,506136.3438,26,9,-37.29999924,2024/8/1 15:17
1722526079,1722526079,0,1,0.266283333,106.8296585,490980.9375,26,11,21.29999924,2024/8/1 15:27
1722526679,1722526679,0,1,38.23872757,98.48073578,491309.875,18,10,-46.20000076,2024/8/1 15:37
1722527280,1722527279,0,1,74.85060883,73.14942169,499200.2188,27,13,-5.599999905,2024/8/1 15:48
1722527880,1722527879,0,1,64.23236847,-65.00254059,500372.1563,27,12,-2.299999952,2024/8/1 15:58
1722528480,1722528479,0,1,26.85876846,-79.35778046,496742.3438,19,12,-30.70000076,2024/8/1 16:08
1722529080,1722529079,0,1,-11.14803123,-87.10773468,501952.8438,23,11,-6,2024/8/1 16:18
1722529680,1722529680,0,1,-48.78647232,-96.67958069,517078.2813,17,9,-6.699999809,2024/8/1 16:28
1722530280,1722530280,0,1,-82.05615997,-159.4101105,525233.375,25,12,-48.40000153,2024/8/1 16:38
1722530880,1722530880,0,1,-54.40137863,97.32855988,514654.6875,26,12,3.900000095,2024/8/1 16:48
1722531480,1722531480,0,1,-16.81734848,86.61303711,496285.1875,22,12,-55.79999924,2024/8/1 16:58
1722532080,1722532080,0,1,21.21327019,78.96602631,489361.9375,17,12,-63.59999847,2024/8/1 17:08
1722533281,1722533280,0,1,79.35236359,-59.36024094,501158.3125,22,12,22.10000038,2024/8/1 17:28
1722533881,1722533880,0,1,43.81384659,-98.4699173,498196.5313,22,13,-26,2024/8/1 17:38
1722534481,1722534480,0,1,5.977119923,-107.3587112,497945.125,18,11,-23.10000038,2024/8/1 17:48
1722535081,1722535081,0,1,-31.95501328,-115.2970963,509868.2188,14,10,-10.30000019,2024/8/1 17:58
1722535681,1722535681,0,1,-68.88347626,-132.8256226,523535.1875,21,11,-44.5,2024/8/1 18:08
1722536281,1722536281,0,1,-70.66571045,86.11641693,521369.25,27,12,11.39999962,2024/8/1 18:18
1722536881,1722536881,0,1,-33.8173027,66.85480499,503961.0938,20,11,16.39999962,2024/8/1 18:28
1722537481,1722537481,0,1,4.118985176,58.81918335,490232.7188,23,14,-60.09999847,2024/8/1 18:38
1722539882,1722539881,0,1,23.02653694,-127.4731903,496743.125,15,11,-42.70000076,2024/8/1 19:18
1722540482,1722540481,0,1,-14.91886997,-135.1295013,503203.5,22,11,-10,2024/8/1 19:28
1722541082,1722541082,0,1,-52.54079437,-145.4239655,518511.6563,23,10,-19,2024/8/1 19:38
1722541682,1722541682,0,1,-82.52684021,124.5439148,524906.0625,24,13,-35.59999847,2024/8/1 19:48
1722542282,1722542282,0,1,-50.64773178,48.48225784,512616.5625,25,14,44.79999924,2024/8/1 19:58
1722542882,1722542882,0,1,-12.97227287,38.57022095,494619.4688,23,14,-21.39999962,2024/8/1 20:08
1722545283,1722545282,0,1,39.99847412,-146.8785095,497653.5,17,10,-23.79999924,2024/8/1 20:48
1722545883,1722545882,0,1,2.122364998,-155.3704529,498509.6563,23,12,15.69999981,2024/8/1 20:58
1722546483,1722546482,0,1,-35.77221298,-163.5308838,511492.9063,20,9,7.800000191,2024/8/1 21:08
1722547083,1722547083,0,1,-72.40908813,175.1141663,524279.8438,23,12,-58.70000076,2024/8/1 21:18
1722547683,1722547683,0,1,-67.08473969,34.7796402,520083,27,13,21.70000076,2024/8/1 21:28
1722548283,1722548283,0,1,-29.9889183,18.65671539,501992.7813,23,12,35,2024/8/1 21:38
1722548883,1722548883,0,1,7.982678413,10.80402184,489529.8438,25,13,19.5,2024/8/1 21:48
1722549483,1722549483,0,1,45.87365723,1.639041662,492594.1875,15,11,49.79999924,2024/8/1 21:58
1722550083,1722550083,0,1,80.752388,-46.21650314,500046.6563,25,14,28.70000076,2024/8/1 22:08
1722550684,1722550683,0,1,56.78469849,-164.1848907,499438.875,28,11,14.39999962,2024/8/1 22:18
1722551284,1722551283,0,1,19.16993904,-175.5565186,496565.4375,21,12,6.300000191,2024/8/1 22:28
1722551884,1722551883,0,1,-18.77190208,176.8149872,504425.5,25,12,57.5,2024/8/1 22:38
1722552484,1722552483,0,1,-56.29902649,165.5927582,519886.625,26,11,-32.40000153,2024/8/1 22:48
1722553084,1722553084,0,1,-81.18049622,51.3673439,524463.1875,27,12,2.200000048,2024/8/1 22:58
1722553684,1722553684,0,1,-46.85673523,-0.17035833,510735.375,24,11,22.70000076,2024/8/1 23:08
1722554284,1722554284,0,1,-9.105319977,-9.457755089,493293.3125,19,13,13.89999962,2024/8/1 23:18
1722554884,1722554884,0,1,28.92044067,-17.27635193,489652.9063,18,9,39.20000076,2024/8/1 23:28
1722555484,1722555484,0,1,66.25937653,-32.86494064,497231.9063,24,12,57.70000076,2024/8/1 23:38
1722556084,1722556084,0,1,72.95716858,-173.0312958,500738.4375,28,12,-0.100000001,2024/8/1 23:48
1722556685,1722556684,0,1,36.16039658,164.8045502,497093.7813,21,11,-8.199999809,2024/8/1 23:58
1722557285,1722557284,0,1,-1.746986628,156.6191711,499174.5938,21,14,59.79999924,2024/8/2 0:08
1722557885,1722557884,0,1,-39.5341835,148.1800079,513106.4688,25,13,1.799999952,2024/8/2 0:18
1722558485,1722558484,0,1,-75.79450226,120.9012909,524814.375,27,12,-36.59999847,2024/8/2 0:28
1722559085,1722559085,0,1,-63.41897583,-15.57914543,518693.375,24,11,10.80000019,2024/8/2 0:38
1722559685,1722559685,0,1,-26.1388607,-29.49461174,500219.5313,22,10,-3.099999905,2024/8/2 0:48
1722560285,1722560285,0,1,11.85927486,-37.22244263,489233.75,23,11,-13.19999981,2024/8/2 0:58
1722560885,1722560885,0,1,49.69144821,-46.98066711,493481.125,20,12,26,2024/8/2 1:08
1722561485,1722561485,0,1,82.40093994,-117.910202,500417.2188,27,12,5,2024/8/2 1:18
1722562085,1722562085,0,1,53.00431824,146.7876129,498970.0625,27,11,16.5,2024/8/2 1:28
1722562686,1722562685,0,1,15.30531979,136.3832245,496673.0625,27,14,50.20000076,2024/8/2 1:38
1722563286,1722563285,0,1,-22.6250248,128.7337952,505891.8438,27,11,10.80000019,2024/8/2 1:48
1722563886,1722563885,0,1,-59.97690964,116.3300323,521078.7188,24,14,-21,2024/8/2 1:58
1722564486,1722564485,0,1,-78.63933563,-12.79839802,523829.0313,28,12,-7.699999809,2024/8/2 2:08
1722565086,1722565086,0,1,-43.04738235,-48.67986679,508818.4063,22,10,-2.599999905,2024/8/2 2:18
1722565686,1722565686,0,1,-5.230923176,-57.4783287,492243.5313,17,11,-13.89999962,2024/8/2 2:28
1722566286,1722566286,0,1,32.7783432,-65.46740723,490339.8438,16,11,-40.70000076,2024/8/2 2:38
1722566886,1722566886,0,1,69.89302826,-83.98181152,498231.6875,25,12,-21.70000076,2024/8/2 2:48
1722567486,1722567486,0,1,69.41709137,134.6116791,500772.5313,31,12,-3.400000095,2024/8/2 2:58
1722568086,1722568086,0,1,32.32201767,116.5613174,496983.875,26,13,-7.900000095,2024/8/2 3:08
1722568687,1722568686,0,1,-5.605295181,108.607933,500229.5938,25,15,23.70000076,2024/8/2 3:18
1722569287,1722569286,0,1,-43.33886337,99.78821564,514688.25,21,11,-12.80000019,2024/8/2 3:28
1722569887,1722569886,0,1,-78.83184052,63.11972809,524932.9375,26,12,6.5,2024/8/2 3:38
1722570487,1722570486,0,1,-59.71355438,-65.29299164,516911.6563,23,11,16.5,2024/8/2 3:48
1722571087,1722571087,0,1,-22.28680611,-77.60704041,498318.8438,18,10,10.39999962,2024/8/2 3:58
1722571687,1722571687,0,1,15.73201656,-85.26319885,489026.5,20,11,1.299999952,2024/8/2 4:08
1722572287,1722572287,0,1,53.4919281,-95.78517151,494493.5938,19,12,-35.90000153,2024/8/2 4:18
1722572887,1722572887,0,1,82.27239227,165.3032684,500869.75,29,12,3.400000095,2024/8/2 4:28
1722573487,1722573487,0,1,49.21197128,98.00859833,498840.625,29,12,-44,2024/8/2 4:38
1722574087,1722574087,0,1,11.44910526,88.34699249,497391.6563,19,12,-71.80000305,2024/8/2 4:48
1722574688,1722574687,0,1,-26.45853996,80.6259079,507733.7813,23,11,-20.60000038,2024/8/2 4:58
1722575288,1722575287,0,1,-63.66678619,66.60101318,522300.2188,22,10,26.70000076,2024/8/2 5:08
1722575888,1722575887,0,1,-75.58560181,-70.25796509,522939.3438,25,12,-9.399999619,2024/8/2 5:18
1722576488,1722576487,0,1,-39.24214554,-97.06671906,506600.25,20,12,-4.699999809,2024/8/2 5:28
1722577088,1722577088,0,1,-1.366870046,-105.487648,490972.6875,20,12,-17,2024/8/2 5:38
1722577688,1722577688,0,1,36.62212753,-113.7130585,490699.8125,17,13,-25.39999962,2024/8/2 5:48
1722578288,1722578288,0,1,73.41835785,-136.5657501,498809.375,27,14,-9.300000191,2024/8/2 5:58
1722578888,1722578888,0,1,65.78093719,83.6421051,500586.3438,28,11,-18.70000076,2024/8/2 6:08
1722579488,1722579488,0,1,28.47875595,68.38067627,497037.8438,24,11,-42.20000076,2024/8/2 6:18
1722580088,1722580088,0,1,-9.458388329,60.59269333,501717.5938,22,12,-41.09999847,2024/8/2 6:28
1722580689,1722580688,0,1,-47.12518311,51.28022766,516522.4375,17,8,47.5,2024/8/2 6:38
1722581289,1722581288,0,1,-81.30847168,-1.482013345,525152.4375,24,13,-10,2024/8/2 6:48
1722581889,1722581888,0,1,-55.98643875,-114.5552368,515083.2813,25,12,-14.39999962,2024/8/2 6:58
1722582489,1722582488,0,1,-18.44079018,-125.6830063,496385.1875,23,13,-9.300000191,2024/8/2 7:08
1722583089,1722583089,0,1,19.59317207,-133.3228455,488739.4063,23,13,-34.40000153,2024/8/2 7:18
1722583689,1722583689,0,1,57.2664032,-144.8444824,495143.3125,21,14,7.800000191,2024/8/2 7:28
1722584289,1722584289,0,1,80.44010162,94.90428162,501008.625,28,13,4,2024/8/2 7:38
1722584889,1722584889,0,1,45.40631485,49.41353607,498496.6875,7,10,-9.100000381,2024/8/2 7:48
1722586690,1722586689,0,1,-67.31194305,16.19727516,523184.5,18,12,15.30000019,2024/8/2 8:18
1722587290,1722587289,0,1,-72.19489288,-124.2693787,521704.5938,26,12,-42.29999924,2024/8/2 8:28
1722587890,1722587889,0,1,-35.48238754,-145.3471222,504376.4375,26,14,-7.400000095,2024/8/2 8:38
1722588490,1722588489,0,1,2.504859924,-153.4990845,489918.375,25,14,13.80000019,2024/8/2 8:48
1722589090,1722589090,0,1,40.46277237,-162.0449219,491274.7188,18,11,-11.80000019,2024/8/2 8:58
1722589690,1722589690,0,1,76.75595093,168.2641296,499403.8125,25,13,3.700000048,2024/8/2 9:08
1722590290,1722590290,0,1,62.07997131,33.54130936,500305.4688,9,12,15.19999981,2024/8/2 9:18
1722591490,1722591490,0,1,-13.31589031,12.56121159,502992.375,5,0,20.79999924,2024/8/2 9:38
1722592091,1722592090,0,1,-50.90842819,2.609615088,517911.25,17,11,25.20000076,2024/8/2 9:48
1722592691,1722592690,0,1,-82.55165863,-75.17113495,524822.1875,24,12,-28.89999962,2024/8/2 9:58
1722593291,1722593290,0,1,-52.27899551,-163.4874268,513083.7188,23,11,-23.60000038,2024/8/2 10:08
1722593891,1722593890,0,1,-14.57290173,-173.7384949,494700.2188,29,11,32.59999847,2024/8/2 10:18
1722594491,1722594491,0,1,23.46539116,178.5843201,488866.5938,21,11,-1.600000024,2024/8/2 10:28
1722595091,1722595091,0,1,61.02470779,165.7302856,496076.25,24,11,11.80000019,2024/8/2 10:38
1722595691,1722595691,0,1,77.63315582,33.23251724,501135.8438,26,13,18.10000038,2024/8/2 10:48
1722596291,1722596291,0,1,41.58026505,0.953138351,498050.6563,19,13,49.79999924,2024/8/2 10:58
1722596891,1722596891,0,1,3.722554922,-7.692278385,498480.9375,17,11,23.5,2024/8/2 11:08
1722597491,1722597491,0,1,-34.12347031,-15.73709679,510852.9063,13,12,17.89999962,2024/8/2 11:18
1722598092,1722598091,0,1,-70.89936829,-35.25273514,523742,27,12,1,2024/8/2 11:28
1722598692,1722598691,0,1,-68.63889313,-176.2414246,520292.9688,29,12,-62,2024/8/2 11:38
1722599292,1722599291,0,1,-31.63549232,166.4212341,502304.625,24,11,35.20000076,2024/8/2 11:48
1722599892,1722599891,0,1,6.390500069,158.4833984,489319.2813,24,11,47.40000153,2024/8/2 11:58
1722600492,1722600492,0,1,44.30461884,149.5209198,492174.5625,23,10,2.200000048,2024/8/2 12:08
1722601092,1722601092,0,1,79.72763824,108.4174881,500046.3438,25,12,0.300000012,2024/8/2 12:18
1722601692,1722601692,0,1,58.3315773,-16.00070572,499920.4375,26,12,59,2024/8/2 12:28
1722602292,1722602292,0,1,20.76110077,-27.85317039,496837.3125,19,14,18.10000038,2024/8/2 12:38
1722602892,1722602892,0,1,-17.18089485,-35.48725128,504003.875,20,14,-9,2024/8/2 12:48
1722603492,1722603492,0,1,-54.68801498,-46.26814651,519095.8438,19,13,14.69999981,2024/8/2 12:58
1722604093,1722604092,0,1,-81.95015717,-151.2225494,524328.75,27,14,-46.79999924,2024/8/2 13:08
1722604693,1722604692,0,1,-48.47903824,147.7713928,511136.75,26,9,-15.69999981,2024/8/2 13:18
1722605293,1722605292,0,1,-10.75429344,138.2353363,493427.25,25,11,64.69999695,2024/8/2 13:28
1722605893,1722605893,0,1,27.34169579,130.4568329,489342.4375,21,11,25,2024/8/2 13:38
1722606493,1722606493,0,1,64.75327301,115.796257,497069.2188,26,11,-18.60000038,2024/8/2 13:48
1722607093,1722607093,0,1,74.36560822,-22.97680092,501056.75,26,13,48.09999847,2024/8/2 13:58
1722607693,1722607693,0,1,37.73674011,-47.40527344,497564.2813,21,14,5.199999809,2024/8/2 14:08
1722608293,1722608293,0,1,-0.156379998,-55.70476913,499084.5313,23,14,-23.29999924,2024/8/2 14:18
1722608893,1722608893,0,1,-37.9623909,-64.01108551,512371.5,17,11,15.39999962,2024/8/2 14:28
1722609493,1722609493,0,1,-74.37449646,-88.40971375,524324.9375,23,13,-17.60000038,2024/8/2 14:38
1722610094,1722610093,0,1,-64.98934937,133.0100403,518967.9688,24,10,-37.29999924,2024/8/2 14:48
1722610694,1722610693,0,1,-27.777668,118.2452087,500660.5,22,10,-19.29999924,2024/8/2 14:58
1722611294,1722611293,0,1,10.27640343,110.4596481,489174.0938,22,11,12,2024/8/2 15:08
1722611894,1722611894,0,1,48.13460159,100.9642792,493259.4688,22,12,-43.59999847,2024/8/2 15:18
1722612494,1722612494,0,1,81.90877533,40.59677505,500566.5,28,12,20.10000038,2024/8/2 15:28
1722613094,1722613094,0,1,54.55705261,-65.1577301,499586.625,29,12,-17.10000038,2024/8/2 15:38
1722613694,1722613694,0,1,16.89428329,-75.92370605,496979.375,19,13,-18.70000076,2024/8/2 15:48
1722614294,1722614294,0,1,-21.039114,-83.55602264,505425.8438,19,13,3.599999905,2024/8/2 15:58
1722614894,1722614894,0,1,-58.4412117,-95.41503143,520429.4063,20,12,-11.5,2024/8/2 16:08
1722615494,1722615494,0,1,-79.82657623,140.770462,523801.8438,25,13,-50,2024/8/2 16:18
1722616095,1722616094,0,1,-44.67350006,99.20011139,509236.7188,23,12,-8.800000191,2024/8/2 16:28
1722616695,1722616694,0,1,-6.879376888,90.2101059,492430.625,24,12,-63.5,2024/8/2 16:38
1722617295,1722617294,0,1,31.1397934,82.30354309,490017.25,16,10,-26.89999962,2024/8/2 16:48
1722617895,1722617894,0,1,68.41777039,65.10949707,498098.6875,26,11,-6.5,2024/8/2 16:58
1722618495,1722618495,0,1,70.88465118,-76.14923859,501195.3125,25,12,-4.800000191,2024/8/2 17:08
1722619095,1722619095,0,1,33.9017334,-95.67753601,497453.7813,24,11,-29.20000076,2024/8/2 17:18
1722619695,1722619695,0,1,-4.014736652,-103.7152328,500047.9688,25,11,-14.5,2024/8/2 17:28
1722620295,1722620295,0,1,-41.77081299,-112.3637314,513957.25,17,8,-10.5,2024/8/2 17:38
1722620895,1722620895,0,1,-77.60977936,-144.4971313,524583.25,25,11,-50.90000153,2024/8/2 17:48
1722621495,1722621495,0,1,-61.30185318,83.05205536,517202.5313,28,12,20.20000076,2024/8/2 17:58
1722622096,1722622095,0,1,-23.92832375,70.11569214,498707.6875,20,11,-7.900000095,2024/8/2 18:08
1722622696,1722622695,0,1,14.0859499,62.43626022,488953.3125,21,14,-61,2024/8/2 18:18
1722624496,1722624496,0,1,50.76994705,-114.0271759,499248.5938,9,10,-16.39999962,2024/8/2 18:48
1722625096,1722625096,0,1,13.03520679,-123.9701767,497309.125,19,10,-41.79999924,2024/8/2 18:58
1722625696,1722625696,0,1,-24.88139915,-131.6555176,506916.875,11,11,-12.60000038,2024/8/2 19:08
1722626296,1722626296,0,1,-62.15437317,-144.9542999,521528.625,20,12,-36.5,2024/8/2 19:18
1722626896,1722626896,0,1,-76.90283203,80.80558777,522852.1563,28,13,2.799999952,2024/8/2 19:28
1722627496,1722627496,0,1,-40.86135483,50.76568985,507045.2813,23,12,40.79999924,2024/8/2 19:38
1722628097,1722628096,0,1,-3.005941629,42.19492722,491195.2188,27,14,-38.40000153,2024/8/2 19:48
1722630497,1722630497,0,1,30.04769897,-143.8831635,497082.0313,17,10,-23.10000038,2024/8/2 20:28
1722631097,1722631097,0,1,-7.885833263,-151.7328796,500997.25,25,12,8.399999619,2024/8/2 20:38
1722631697,1722631697,0,1,-45.5823555,-160.8319855,515544.75,21,10,-9.100000381,2024/8/2 20:48
1722632297,1722632297,0,1,-80.40363312,153.9703827,524769.625,29,11,-51.09999847,2024/8/2 20:58
1722632897,1722632897,0,1,-57.5639534,33.61690521,515499.2813,25,12,33.90000153,2024/8/2 21:08
1722633497,1722633497,0,1,-20.06321907,22.02456284,496930.2188,24,11,16.39999962,2024/8/2 21:18
1722634098,1722634097,0,1,17.96657753,14.38169003,488707.375,21,13,17.29999924,2024/8/2 21:28
1722634698,1722634697,0,1,55.67857742,3.310786724,494831.8438,18,14,43,2024/8/2 21:38
1722635298,1722635297,0,1,81.36986542,-109.159729,500996.5,24,12,4.699999809,2024/8/2 21:48
1722635898,1722635897,0,1,46.94881821,-162.6948547,498553.5938,22,12,1.799999952,2024/8/2 21:58
1722636498,1722636498,0,1,9.152901649,-172.0016785,497487.4688,17,11,10.39999962,2024/8/2 22:08
1722637098,1722637098,0,1,-28.74112892,-179.7963715,508345.0313,21,11,47.90000153,2024/8/2 22:18
1722637698,1722637698,0,1,-65.84864807,164.9222717,522522.1563,26,11,-48.5,2024/8/2 22:28
1722638298,1722638298,0,1,-73.58010101,25.50903511,521861.1875,31,13,19.10000038,2024/8/2 22:38
1722638898,1722638898,0,1,-37.01787949,2.430071592,505085.9063,22,11,17.70000076,2024/8/2 22:48
1722639498,1722639498,0,1,0.887515008,-5.817733288,490296.4688,26,12,18.70000076,2024/8/2 22:58
1722640099,1722640098,0,1,38.85871887,-14.22165012,491029.375,19,10,49.70000076,2024/8/2 23:08
1722640699,1722640698,0,1,75.39030457,-40.65777969,499180.2813,27,13,37.29999924,2024/8/2 23:18
1722641299,1722641298,0,1,63.63237,-177.9796753,500344.0938,27,13,4.099999905,2024/8/2 23:28
1722641899,1722641898,0,1,26.17306709,167.9612122,496731.5938,22,12,-1.700000048,2024/8/2 23:38
1722642499,1722642499,0,1,-11.77083874,160.2393341,501996.3125,25,13,65.90000153,2024/8/2 23:48
1722643099,1722643099,0,1,-49.39799881,150.5591888,517051.8125,24,10,-15.10000038,2024/8/2 23:58
1722643699,1722643699,0,1,-82.25352478,83.67916107,524699.25,26,12,-4,2024/8/3 0:08
1722644299,1722644299,0,1,-53.78230286,-15.46792316,513748.5938,28,12,22.60000038,2024/8/3 0:18
1722644899,1722644899,0,1,-16.17706108,-26.041502,495411.2188,24,11,-7.599999905,2024/8/3 0:28
1722645499,1722645499,0,1,21.85919762,-33.69827652,488855.9688,21,12,9.300000191,2024/8/3 0:38
1722646100,1722646099,0,1,59.46789932,-45.95312881,495718.5313,24,11,39,2024/8/3 0:48
1722646700,1722646699,0,1,78.87436676,-174.2731323,501021.1875,26,13,3,2024/8/3 0:58
1722647300,1722647299,0,1,43.10599136,148.7857819,498017.25,22,11,3.400000095,2024/8/3 1:08
1722647900,1722647899,0,1,5.261331558,139.9760284,497894.4688,24,13,65.09999847,2024/8/3 1:18
1722648500,1722648500,0,1,-32.60234833,132.0148926,509966.4375,20,12,-13.80000019,2024/8/3 1:28
1722649100,1722649100,0,1,-69.48966217,113.9319305,523340.4375,23,13,-22.70000076,2024/8/3 1:38
1722649700,1722649700,0,1,-70.05880737,-27.18979073,520756.9688,26,13,1.700000048,2024/8/3 1:48
1722650300,1722650300,0,1,-33.15873718,-45.83235168,503212.7188,21,9,-5.199999809,2024/8/3 1:58
1722650900,1722650900,0,1,4.787620068,-53.83430862,489764.7188,20,10,-33.40000153,2024/8/3 2:08
1722651500,1722651500,0,1,42.71861267,-62.6113472,492005.1875,19,10,-23,2024/8/3 2:18
1722652101,1722652100,0,1,78.56325531,-98.24363708,499943.7188,25,12,-0.800000012,2024/8/3 2:28
1722652701,1722652700,0,1,59.88790131,132.2552795,500151.4063,26,10,4,2024/8/3 2:38
1722653301,1722653300,0,1,22.36209106,119.85849,496755.4688,25,14,18.79999924,2024/8/3 2:48
1722653901,1722653900,0,1,-15.64609146,112.1978302,503303.5,27,15,-9.699999809,2024/8/3 2:58
1722654501,1722654501,0,1,-53.1923027,101.7737122,518348.1875,22,12,-2.200000048,2024/8/3 3:08
1722655101,1722655101,0,1,-82.41382599,6.943980217,524255.4063,24,13,-10.5,2024/8/3 3:18
1722655701,1722655701,0,1,-49.98233414,-64.29891968,511723.0313,22,12,11.80000019,2024/8/3 3:28
1722656301,1722656301,0,1,-12.2871151,-74.08911896,493895.3438,19,10,31.79999924,2024/8/3 3:38
1722656901,1722656901,0,1,25.74855232,-81.81018829,489218.3125,17,9,-24.39999962,2024/8/3 3:48
1722657502,1722657501,0,1,63.22484207,-95.65393829,496818.875,24,12,-44.79999924,2024/8/3 3:58
1722658102,1722658101,0,1,75.74884796,127.5997009,501264.9688,28,11,-0.899999976,2024/8/3 4:08
1722658702,1722658701,0,1,39.3229866,100.4053955,497945.0313,23,12,-53.29999924,2024/8/3 4:18
1722659302,1722659301,0,1,1.38130331,91.96361542,498942.6875,18,12,-51.90000153,2024/8/3 4:28
1722659902,1722659902,0,1,-36.44115829,83.77233124,511776.3125,22,9,-0.699999988,2024/8/3 4:38
1722660502,1722660502,0,1,-73.01715851,61.57372284,523992.9063,26,12,21.5,2024/8/3 4:48
1722661102,1722661102,0,1,-66.44355774,-78.35543823,519285.0313,23,13,-6.199999809,2024/8/3 4:58
1722661702,1722661702,0,1,-29.30407143,-94.02798462,501046.125,19,12,-1.200000048,2024/8/3 5:08
1722662302,1722662302,0,1,8.679206848,-101.8524628,489010.25,22,12,-14.5,2024/8/3 5:18
1722662902,1722662902,0,1,46.56387711,-111.1105728,492665.6563,16,12,-11,2024/8/3 5:28
1722663503,1722663502,0,1,81.15350342,-162.4075928,500363.7188,29,12,2.599999905,2024/8/3 5:38
1722664103,1722664102,0,1,56.11043167,82.95127106,499877.4375,27,12,-35.70000076,2024/8/3 5:48
1722664703,1722664702,0,1,18.48479271,71.77771759,497159.125,23,12,-69.40000153,2024/8/3 5:58
1722665303,1722665302,0,1,-19.51355743,64.13895416,505059.125,28,11,-13.39999962,2024/8/3 6:08
1722665903,1722665903,0,1,-56.95799637,52.74439621,519978,19,10,36.5,2024/8/3 6:18
1722666503,1722666503,0,1,-80.79994965,-64.78099823,523895.2813,28,12,-22.29999924,2024/8/3 6:28
1722667103,1722667103,0,1,-46.17990112,-112.9270096,509654.4688,24,10,-9.5,2024/8/3 6:38
1722667703,1722667703,0,1,-8.407416344,-122.1162262,492352.2188,23,14,-12.60000038,2024/8/3 6:48
1722668303,1722668303,0,1,29.62280083,-129.9597473,489354.375,17,14,-40.5,2024/8/3 6:58
1722668903,1722668903,0,1,66.92884064,-146.0010529,497450.5313,18,15,7.300000191,2024/8/3 7:08
1722669504,1722669503,0,1,72.32500458,73.37744904,501194.125,28,13,-7.800000191,2024/8/3 7:18
1722673104,1722673104,0,1,-25.44085312,-142.1732788,498949.875,21,13,-9.100000381,2024/8/3 8:18
1722673704,1722673704,0,1,12.57071209,-149.8844147,488465.5938,26,13,-2.200000048,2024/8/3 8:28
1722674304,1722674304,0,1,50.3957901,-159.7696838,493397.2188,21,13,8.199999809,2024/8/3 8:38
1722674904,1722674904,0,1,82.5251236,124.1564484,500714.625,24,12,4.699999809,2024/8/3 8:48
1722677305,1722677304,0,1,-60.70562363,3.361908436,521082.2813,19,13,15.30000019,2024/8/3 9:28
1722677905,1722677905,0,1,-78.10521698,-127.5699158,523005.125,27,12,-40.29999924,2024/8/3 9:38
1722678505,1722678505,0,1,-42.34867096,-161.4139099,507462.8438,20,11,-2.700000048,2024/8/3 9:48
1722679105,1722679105,0,1,-4.510921478,-170.1377411,491094.5938,22,12,16.29999924,2024/8/3 9:58
1722679705,1722679705,0,1,33.50260162,-178.1677094,489849.5938,17,12,-10.19999981,2024/8/3 10:08
1722680305,1722680305,0,1,70.56867981,162.6261902,498266.2188,27,12,3.700000048,2024/8/3 10:18
1722680905,1722680905,0,1,68.73723602,21.31203079,501026.25,14,12,29.79999924,2024/8/3 10:28
1722682706,1722682705,0,1,-44.10401535,-12.97685528,514933.25,15,10,25.79999924,2024/8/3 10:58
1722683306,1722683306,0,1,-79.39582062,-52.26943588,524467.125,26,11,-19.60000038,2024/8/3 11:08
1722683906,1722683906,0,1,-59.01409149,-178.2140198,515801.9063,26,12,-44.5,2024/8/3 11:18
1722684506,1722684506,0,1,-21.55490875,169.7165375,497074.875,25,10,54.20000076,2024/8/3 11:28
1722685106,1722685106,0,1,16.47459793,162.0641022,488363.8125,24,11,23.20000076,2024/8/3 11:38
1722685706,1722685706,0,1,54.222435,151.3648529,494400.2188,22,11,19.5,2024/8/3 11:48
1722686306,1722686306,0,1,82.02646637,47.58086395,501064.1875,29,12,18.79999924,2024/8/3 11:58
1722686907,1722686906,0,1,48.48085022,-14.77616501,498992.1563,25,13,56.90000153,2024/8/3 12:08
1722687507,1722687506,0,1,10.71059132,-24.31937408,497569.8438,19,13,13.19999981,2024/8/3 12:18
1722688107,1722688106,0,1,-27.19156837,-32.06378555,507826.5313,18,14,-2.5,2024/8/3 12:28
1722688707,1722688706,0,1,-64.43133545,-46.51874161,521928.5938,19,12,15.30000019,2024/8/3 12:38
1722689307,1722689307,0,1,-74.88746643,175.5771637,521966.2813,25,11,-58.70000076,2024/8/3 12:48
1722689907,1722689907,0,1,-38.49291992,150.2062378,505440.1563,26,10,1.600000024,2024/8/3 12:58
1722690507,1722690507,0,1,-0.601514995,141.844223,490215.9375,25,11,73.19999695,2024/8/3 13:08
1722691107,1722691107,0,1,37.38468552,133.5588989,490615.0313,18,9,31.10000038,2024/8/3 13:18
1722691707,1722691707,0,1,74.09770203,109.5867081,499035.8125,29,12,-9.399999619,2024/8/3 13:28
1722692307,1722692307,0,1,65.05216217,-29.48953056,500666.375,26,14,59.09999847,2024/8/3 13:38
1722692908,1722692907,0,1,27.71899033,-44.31303024,497032.5625,19,13,0.100000001,2024/8/3 13:48
1722693508,1722693507,0,1,-10.22000122,-52.07758713,501696.6563,20,14,-12.39999962,2024/8/3 13:58
1722694108,1722694107,0,1,-47.87627029,-61.50645447,516349.75,16,13,11.30000019,2024/8/3 14:08
1722694708,1722694707,0,1,-81.70851898,-118.9797745,524515.375,23,12,-37.5,2024/8/3 14:18
1722695308,1722695308,0,1,-55.22950363,132.5652161,514147.8438,26,10,-24.79999924,2024/8/3 14:28
1722695908,1722695908,0,1,-17.65864372,121.6364288,495707.6875,23,11,14.60000038,2024/8/3 14:38
1722696508,1722696508,0,1,20.3782444,113.9923019,488689.7188,22,10,0.800000012,2024/8/3 14:48
1722697108,1722697108,0,1,58.02940369,102.2314835,495521.0938,24,13,-35.90000153,2024/8/3 14:58
1722697708,1722697708,0,1,79.93021393,-21.13409424,501242.9375,26,12,31.70000076,2024/8/3 15:08
1722698308,1722698308,0,1,44.63784409,-63.35669327,498545.1563,22,12,-21.20000076,2024/8/3 15:18
1722698909,1722698908,0,1,6.814276695,-72.346138,497967.8438,20,12,11.39999962,2024/8/3 15:28
1722699509,1722699508,0,1,-31.06075096,-80.23072815,509383.625,14,11,7.199999809,2024/8/3 15:38
1722700109,1722700108,0,1,-68.04564667,-97.06404877,522876.4375,25,13,-23.89999962,2024/8/3 15:48
1722700709,1722700708,0,1,-71.42365265,122.0302963,520926.375,26,13,-32.5,2024/8/3 15:58
1722701309,1722701309,0,1,-34.63319778,101.912941,503624.0313,25,12,-35.29999924,2024/8/3 16:08
1722701909,1722701909,0,1,3.301746607,93.82798004,489764.5938,21,11,-45.20000076,2024/8/3 16:18
1722702509,1722702509,0,1,41.25068665,85.20796967,491679.1563,17,9,-64.80000305,2024/8/3 16:28
1722703109,1722703109,0,1,77.40312195,53.66324997,499874.4688,28,12,5.900000095,2024/8/3 16:38
1722703709,1722703709,0,1,61.32304764,-79.48421478,500600.3125,31,13,-36.29999924,2024/8/3 16:48
1722704309,1722704309,0,1,23.84594154,-92.44515991,497091.875,20,13,-27.79999924,2024/8/3 16:58
1722704910,1722704909,0,1,-14.09666824,-100.1126633,502977.125,21,12,-7.699999809,2024/8/3 17:08
1722705510,1722705509,0,1,-51.67643738,-110.2122116,517798.1563,19,9,-11.39999962,2024/8/3 17:18
1722706110,1722706109,0,1,-82.58901978,166.1899261,524233.6563,26,12,-44,2024/8/3 17:28
1722706710,1722706709,0,1,-51.4393959,83.64452362,512143.3438,28,12,22.60000038,2024/8/3 17:38
1722707310,1722707310,0,1,-13.77280998,73.58084106,494205.125,23,13,-54.59999847,2024/8/3 17:48
1722707910,1722707910,0,1,24.26635933,65.89188385,488978.75,24,14,-44.79999924,2024/8/3 17:58
1722709710,1722709710,0,1,40.7968483,-111.7983093,498263.6563,19,12,-16.60000038,2024/8/3 18:28
1722710310,1722710310,0,1,2.933331728,-120.3630753,498677.875,20,11,-27.39999962,2024/8/3 18:38
1722710911,1722710910,0,1,-34.90596008,-128.4530945,510964.1563,15,10,-11.19999981,2024/8/3 18:48
1722711511,1722711510,0,1,-71.62294769,-148.7990112,523495.875,28,11,-59,2024/8/3 18:58
1722712111,1722712110,0,1,-67.89497375,70.4356842,519452.875,28,12,22.20000076,2024/8/3 19:08
1722712711,1722712710,0,1,-30.77471924,53.69367981,501472.6875,23,13,16.79999924,2024/8/3 19:18
1722713311,1722713311,0,1,7.198599815,45.8087883,489056.5625,22,13,-30.20000076,2024/8/3 19:28
1722714511,1722714511,0,1,80.26837921,-7.595878124,500333.5,5,0,33.90000153,2024/8/3 19:48
1722715111,1722715111,0,1,57.55110168,-128.9402466,500090.9688,29,12,-1.600000024,2024/8/3 19:58
1722715711,1722715711,0,1,19.96213913,-140.5400085,497027.2813,19,12,-22.29999924,2024/8/3 20:08
1722716311,1722716311,0,1,-17.97759819,-148.1688843,504248.4063,27,11,0.300000012,2024/8/3 20:18
1722716912,1722716911,0,1,-55.46574783,-159.148941,519147.8438,24,10,-27.79999924,2024/8/3 20:28
1722717512,1722717511,0,1,-81.60884094,91.15857697,523746.875,29,12,-7.099999905,2024/8/3 20:38
1722718112,1722718111,0,1,-47.68505096,34.96903229,510152.8125,25,13,44.5,2024/8/3 20:48
1722718712,1722718711,0,1,-9.876096725,25.54533386,492724.9688,24,13,-5.300000191,2024/8/3 20:58
1722719312,1722719312,0,1,28.15824127,17.75307274,489153.2188,13,13,28.89999962,2024/8/3 21:08
1722719912,1722719912,0,1,65.53444672,2.627753258,497163.9063,18,13,47.09999847,2024/8/3 21:18
1722720512,1722720512,0,1,73.64225769,-136.9319,501227.9063,27,12,-9.300000191,2024/8/3 21:28
1722721112,1722721112,0,1,36.92761993,-160.1390686,497680.125,24,13,-15,2024/8/3 21:38
1722721712,1722721712,0,1,-0.969418347,-168.378418,499266.1875,21,11,14.39999962,2024/8/3 21:48
1722722313,1722722312,0,1,-38.76583099,-176.7514343,512488.875,22,9,19.5,2024/8/3 21:58
1722722913,1722722912,0,1,-75.08105469,157.5050049,523997.3125,27,13,-58.40000153,2024/8/3 22:08
1722723513,1722723512,0,1,-64.20742798,19.87295914,518004.3125,28,12,19.70000076,2024/8/3 22:18
1722724113,1722724112,0,1,-26.8894825,5.528824806,499593.2188,20,11,25.39999962,2024/8/3 22:28
1722724713,1722724713,0,1,11.11228657,-2.220208406,488632.1875,22,11,25.5,2024/8/3 22:38
1722725313,1722725313,0,1,48.96029282,-11.85399532,493126.4688,18,12,57.5,2024/8/3 22:48
1722725913,1722725913,0,1,82.20314026,-77.65791321,500581.625,28,13,19.10000038,2024/8/3 22:58
1722726513,1722726513,0,1,53.73619843,-178.0359039,499469.0938,29,13,1.700000048,2024/8/3 23:08
1722727113,1722727113,0,1,16.05713081,171.3916779,496956.4375,22,12,13.89999962,2024/8/3 23:18
1722727713,1722727713,0,1,-21.87356186,163.7495575,505524,25,12,52.79999924,2024/8/3 23:28
1722728314,1722728313,0,1,-59.25121307,151.6068878,520377.625,28,13,-27.60000038,2024/8/3 23:38
1722728914,1722728913,0,1,-79.23297119,24.93933678,523130.3125,25,12,4.599999905,2024/8/3 23:48
1722729514,1722729513,0,1,-43.83595657,-13.57508183,508229.8438,23,11,25.5,2024/8/3 23:58
1722730114,1722730113,0,1,-5.959546566,-22.47988319,491598.9063,18,11,1.700000048,2024/8/4 0:08
1722730714,1722730714,0,1,32.05991745,-30.43390274,489686.0313,16,9,35.79999924,2024/8/4 0:18
1722731314,1722731314,0,1,69.22436523,-48.32044983,497930.7188,27,12,33.20000076,2024/8/4 0:28
1722731914,1722731914,0,1,70.0845108,170.2916565,500925,28,11,4,2024/8/4 0:38
1722732514,1722732514,0,1,33.03959656,151.5960999,497186.7188,25,12,13.39999962,2024/8/4 0:48
1722733114,1722733114,0,1,-4.882318497,143.6036987,500012.4375,22,13,76.5,2024/8/4 0:58
1722733714,1722733714,0,1,-42.62711334,134.8609619,514102.375,25,13,-21.10000038,2024/8/4 1:08
1722734315,1722734314,0,1,-78.28826141,100.3540115,524302.4375,25,14,-14.10000038,2024/8/4 1:18
1722734915,1722734914,0,1,-60.45940018,-29.9825573,516462.9688,23,11,23.39999962,2024/8/4 1:28
1722735515,1722735514,0,1,-23.05188942,-42.58385468,497948.3125,19,10,-5.699999809,2024/8/4 1:38
1722736115,1722736114,0,1,15.03262711,-50.26540375,488625.4063,24,11,-39,2024/8/4 1:48
1722736715,1722736715,0,1,52.80860138,-60.63711548,494223.8438,18,11,-8.699999809,2024/8/4 1:58
1722737315,1722737315,0,1,82.43801117,-154.6995544,501027.6563,29,12,4.400000095,2024/8/4 2:08
1722737915,1722737915,0,1,49.90149689,133.1257629,499108.625,25,11,20.10000038,2024/8/4 2:18
1722738515,1722738515,0,1,12.1521101,123.3422546,497217.8438,22,14,55.09999847,2024/8/4 2:28
1722739115,1722739115,0,1,-25.7612648,115.6372223,507012.0938,22,13,-17.79999924,2024/8/4 2:38
1722739715,1722739715,0,1,-63.00357437,101.9411163,521318.8438,26,12,-8.5,2024/8/4 2:48
1722740316,1722740315,0,1,-76.16368866,-33.87595367,522140.75,22,11,-8.300000191,2024/8/4 2:58
1722740916,1722740915,0,1,-39.97356415,-62.0007782,506144.5625,21,9,13.10000038,2024/8/4 3:08
1722741516,1722741515,0,1,-2.10176158,-70.48863983,490628.375,20,11,15.5,2024/8/4 3:18
1722742116,1722742116,0,1,35.95762634,-78.68200684,490493.2188,17,10,-33.90000153,2024/8/4 3:28
1722742716,1722742716,0,1,72.81690979,-100.6486588,498921.2188,30,13,-18,2024/8/4 3:38
1722743316,1722743316,0,1,66.41950989,119.0764618,500971.0313,31,12,-13.10000038,2024/8/4 3:48
1722743916,1722743916,0,1,29.15330124,103.3960495,497254,21,12,-40.79999924,2024/8/4 3:58
1722744516,1722744516,0,1,-8.781087875,95.58309174,501361.8438,19,12,-43,2024/8/4 4:08
1722745116,1722745116,0,1,-46.46287155,86.36582947,515718.9375,16,9,15.19999981,2024/8/4 4:18
1722745716,1722745716,0,1,-80.94517517,37.01826477,524322.875,26,12,1.5,2024/8/4 4:28
1722746317,1722746316,0,1,-56.68775558,-79.34738159,514554.1563,25,12,0.600000024,2024/8/4 4:38
1722746917,1722746916,0,1,-19.15454483,-90.6743927,496032.2188,26,12,-2.5,2024/8/4 4:48
1722747517,1722747516,0,1,18.88237381,-98.31400299,488414.2188,22,12,-4.599999905,2024/8/4 4:58
1722748117,1722748116,0,1,56.6358757,-109.6614685,495092.4688,20,12,-28.10000038,2024/8/4 5:08
1722748717,1722748717,0,1,80.83576202,132.9719391,501272.0313,27,11,0.5,2024/8/4 5:18
1722749317,1722749317,0,1,46.05139542,84.48770142,498889.625,23,13,-52.79999924,2024/8/4 5:28
1722749917,1722749917,0,1,8.247851372,75.31260681,498063.0938,21,11,-99.69999695,2024/8/4 5:38
1722750517,1722750517,0,1,-29.63627052,67.48788452,508913.5,22,10,8,2024/8/4 5:48
1722751117,1722751117,0,1,-66.69911957,51.65089417,522491.0625,22,12,37.40000153,2024/8/4 5:58
1722751717,1722751717,0,1,-72.77640533,-88.454422,521134.1563,29,12,-17.89999962,2024/8/4 6:08
1722752318,1722752317,0,1,-36.11569977,-110.3202972,503957.6875,21,12,-10,2024/8/4 6:18
1722752918,1722752917,0,1,1.807726622,-118.5020294,489532.7813,24,12,-26.29999924,2024/8/4 6:28
1722753518,1722753517,0,1,39.77584457,-126.9835968,490959.875,23,14,-36,2024/8/4 6:38
1722754118,1722754117,0,1,76.23191833,-155.3375702,499461.5,24,13,-2.099999905,2024/8/4 6:48
1722754718,1722754718,0,1,62.68937302,68.82113647,500730.125,22,11,-16.10000038,2024/8/4 6:58
1722755318,1722755318,0,1,25.26240158,55.24860001,497303.8438,15,11,-33.70000076,2024/8/4 7:08
1722755918,1722755918,0,1,-12.67656517,47.55179214,502738.875,21,11,-23.5,2024/8/4 7:18
1722756518,1722756518,0,1,-50.2836113,37.71776199,517321.5938,16,10,43.29999924,2024/8/4 7:28
1722757118,1722757118,0,1,-82.46710205,-35.47740173,524166.4688,28,13,-17.60000038,2024/8/4 7:38
1722757719,1722757718,0,1,-52.89082336,-128.3682709,512515.8438,27,14,-15.89999962,2024/8/4 7:48
1722758319,1722758318,0,1,-15.25382996,-138.7374725,494204.8125,26,14,-8.300000191,2024/8/4 7:58
1722758919,1722758918,0,1,22.79095078,-146.4044647,488352.0625,24,13,-14.80000019,2024/8/4 8:08
1722759519,1722759518,0,1,60.43592453,-159.0348816,495850.0938,23,12,14.69999981,2024/8/4 8:18
1722760119,1722760119,0,1,78.11579895,69.91630554,501378.3438,24,12,-0.200000003,2024/8/4 8:28
1722763720,1722763719,0,1,-32.23402786,-158.5681915,501758.3438,23,12,3.799999952,2024/8/4 9:28
1722764320,1722764319,0,1,5.731188297,-166.5230255,488751.5625,23,13,13.5,2024/8/4 9:38
1722764920,1722764919,0,1,43.65811539,-175.407547,491739.25,20,11,-7.300000191,2024/8/4 9:48
1722765520,1722765519,0,1,79.31299591,145.6268005,500078.75,23,14,3,2024/8/4 9:58
1722767320,1722767320,0,1,-16.58024597,-0.499761671,503903.6875,21,11,14.30000019,2024/8/4 10:28
1722767920,1722767920,0,1,-54.10234833,-11.13697624,518559.6563,19,11,24.39999962,2024/8/4 10:38
1722768520,1722768520,0,1,-82.16172028,-112.3113632,523619.9375,24,13,-34.20000076,2024/8/4 10:48
1722769120,1722769120,0,1,-49.05559158,-177.1522064,510433.3125,25,12,-14.89999962,2024/8/4 10:58
1722769721,1722769720,0,1,-11.33225346,173.2154083,492706.6875,25,13,50,2024/8/4 11:08
1722770321,1722770320,0,1,26.70934105,165.4665833,488719.8438,21,10,0.300000012,2024/8/4 11:18
1722770921,1722770920,0,1,64.15010834,151.1387634,496830.4063,20,11,9.699999809,2024/8/4 11:28
1722771521,1722771520,0,1,74.86264038,12.97473335,501409.1875,26,12,39.70000076,2024/8/4 11:38
1722772121,1722772121,0,1,38.30706406,-12.38195133,498053.1875,22,12,46.90000153,2024/8/4 11:48
1722772721,1722772721,0,1,0.423568338,-20.72788239,499180.7188,23,14,11.5,2024/8/4 11:58
1722773321,1722773321,0,1,-37.38787079,-28.9910717,511907.5625,21,14,7.5,2024/8/4 12:08
1722773921,1722773921,0,1,-73.86842346,-52.52430344,523514.0625,24,12,-4.900000095,2024/8/4 12:18
1722774521,1722774521,0,1,-65.52677917,168.3310089,518149.2813,27,11,-50.5,2024/8/4 12:28
1722775121,1722775121,0,1,-28.33125496,153.2403107,499807.0938,19,10,38.90000153,2024/8/4 12:38
1722775722,1722775721,0,1,9.665249825,145.4470062,488393.3438,21,12,55.09999847,2024/8/4 12:48
1722776322,1722776321,0,1,47.53796005,136.0411987,492714.9375,16,11,25.10000038,2024/8/4 12:58
1722776922,1722776921,0,1,81.6465683,79.30591583,500566.7188,28,11,8.399999619,2024/8/4 13:08
1722777522,1722777521,0,1,55.08737946,-30.04057693,499840.8438,28,11,60.29999924,2024/8/4 13:18
1722778122,1722778122,0,1,17.44006538,-40.94364929,497114.0625,22,14,-16.10000038,2024/8/4 13:28
1722778722,1722778722,0,1,-20.49366188,-48.57422638,505070.8438,14,12,-8,2024/8/4 13:38
1722779322,1722779322,0,1,-57.91427231,-60.26591492,519701.375,22,14,19.39999962,2024/8/4 13:48
1722779922,1722779922,0,1,-80.18183899,177.9740295,523061.6563,26,12,-51.79999924,2024/8/4 13:58
1722780522,1722780522,0,1,-45.19392014,134.2415161,508586.3438,24,9,-21,2024/8/4 14:08
1722781122,1722781122,0,1,-7.400080204,125.1819839,491711.375,25,11,48.20000076,2024/8/4 14:18
1722781723,1722781722,0,1,30.62748146,117.2957001,489446.25,20,12,-2.700000048,2024/8/4 14:28
1722782323,1722782322,0,1,67.87771606,100.5476227,497821.375,27,11,-17.20000076,2024/8/4 14:38
1722782923,1722782922,0,1,71.35341644,-40.61290741,501257.9688,24,11,43.20000076,2024/8/4 14:48
1722783523,1722783522,0,1,34.41194916,-60.67721558,497620.1563,23,13,-33.09999847,2024/8/4 14:58
1722784123,1722784123,0,1,-3.49993825,-68.74573517,499882.0625,19,14,14.19999981,2024/8/4 15:08
1722784723,1722784723,0,1,-41.26382446,-77.3441391,513438.1875,18,11,10.89999962,2024/8/4 15:18
1722785323,1722785323,0,1,-77.20053101,-108.2232971,523937.6875,25,12,-34.59999847,2024/8/4 15:28
1722785923,1722785923,0,1,-61.78471375,118.2412033,516678.2188,30,12,-26.10000038,2024/8/4 15:38
1722786523,1722786523,0,1,-24.42251015,105.0957642,498234.8438,25,10,-37.90000153,2024/8/4 15:48
1722787124,1722787123,0,1,13.59535027,97.40662384,488481.3438,23,11,-40,2024/8/4 15:58
1722788924,1722788923,0,1,51.25322342,-78.96638489,499600.8438,25,12,-42.09999847,2024/8/4 16:28
1722789524,1722789524,0,1,13.52991009,-89.00031281,497385,20,12,0.600000024,2024/8/4 16:38
1722790124,1722790124,0,1,-24.38862419,-96.67443085,506554.7813,17,11,-0.800000012,2024/8/4 16:48
1722790724,1722790724,0,1,-61.68336487,-109.7622375,520842.875,18,10,-24.29999924,2024/8/4 16:58
1722791324,1722791324,0,1,-77.29818726,116.9489136,522199.375,28,12,-33.20000076,2024/8/4 17:08
1722791924,1722791924,0,1,-41.33316803,85.77410126,506505.2188,26,12,7.699999809,2024/8/4 17:18
1722792524,1722792524,0,1,-3.477303267,77.15782166,490787.7188,28,12,-95.69999695,2024/8/4 17:28
1722793125,1722793124,0,1,34.52970123,69.07041168,490196.4063,18,14,-29.29999924,2024/8/4 17:38
1722794325,1722794324,0,1,67.7782135,-92.22720337,501338.25,27,11,-30.79999924,2024/8/4 17:58
1722794925,1722794924,0,1,30.52498627,-108.8991394,497491.9688,19,11,-27.39999962,2024/8/4 18:08
1722795525,1722795525,0,1,-7.403960228,-116.7664948,500912.25,18,12,-13.89999962,2024/8/4 18:18
1722796125,1722796125,0,1,-45.11026382,-125.8010712,514914.2188,17,9,-12.5,2024/8/4 18:28
1722796725,1722796725,0,1,-80.10124207,-168.9925232,523929.5,29,12,-52.29999924,2024/8/4 18:38
1722797325,1722797325,0,1,-58.01486969,68.72364044,514734.2188,27,12,30.89999962,2024/8/4 18:48
1722797925,1722797925,0,1,-20.51820564,56.99175644,496331.5938,24,13,-9.899999619,2024/8/4 18:58
1722798525,1722798525,0,1,17.51667404,49.34832764,488326.75,22,13,-24.60000038,2024/8/4 19:08
1722799726,1722799725,42949672,1,81.59371185,-71.60962677,501364.125,17,13,19,2024/8/4 19:28
1722800326,1722800325,0,1,47.46300125,-127.6456909,499118.7813,22,10,-22.89999962,2024/8/4 19:38
1722800926,1722800925,0,1,9.615984917,-137.0387878,497713.4063,16,11,-16.29999924,2024/8/4 19:48
1722801526,1722801526,0,1,-28.28002548,-144.8158112,508025.875,14,10,-5.400000095,2024/8/4 19:58
1722802126,1722802126,0,1,-65.41377258,-159.8235474,521775.75,24,11,-49.79999924,2024/8/4 20:08
1722802726,1722802726,0,1,-73.98067474,61.14702988,521055.7188,28,12,17,2024/8/4 20:18
1722803326,1722803326,0,1,-37.45676041,37.41927338,504342.625,25,13,29.70000076,2024/8/4 20:28
1722803926,1722803926,0,1,0.452206671,29.13937378,489699.1563,22,14,-9,2024/8/4 20:38
1722804526,1722804526,0,1,38.43191528,20.77191925,490709.25,10,11,25,2024/8/4 20:48
1722805127,1722805126,0,1,75.01953125,-4.899253368,499287.3125,23,13,45.40000153,2024/8/4 20:58
1722805727,1722805726,0,1,64.04911804,-142.7923431,500820.6563,29,12,12.60000038,2024/8/4 21:08
1722806327,1722806326,0,1,26.67526436,-157.052597,497112.3438,22,11,-3.700000048,2024/8/4 21:18
1722806927,1722806926,0,1,-11.32811546,-164.7992249,501891.2188,28,11,14.80000019,2024/8/4 21:28
1722807527,1722807527,0,1,-48.96589279,-174.405014,516380.375,20,11,-16.20000076,2024/8/4 21:38
1722808127,1722808127,0,1,-82.11949921,121.5990677,523845.6875,28,12,-33.29999924,2024/8/4 21:48
1722808727,1722808727,0,1,-54.19622421,19.58980751,512908.3125,27,12,32.5,2024/8/4 21:58
1722809327,1722809327,0,1,-16.59144783,8.917719841,494690.625,20,11,16,2024/8/4 22:08
1722809927,1722809927,0,1,21.45125198,1.264438391,488353.8125,21,12,31.20000076,2024/8/4 22:18
1722810527,1722810527,0,1,59.07368088,-10.8504467,495598.4063,20,11,55.59999847,2024/8/4 22:28
1722811128,1722811127,0,1,79.17453766,-137.9138336,501333.1563,28,13,-3.5,2024/8/4 22:38
1722811728,1722811727,0,1,43.57743835,-176.1905212,498432.9688,28,13,-7.800000191,2024/8/4 22:48
1722812328,1722812327,0,1,5.742004871,174.9457855,497993.125,27,12,21.29999924,2024/8/4 22:58
1722812928,1722812927,0,1,-32.18837357,166.9927673,509476.5625,25,12,36.09999847,2024/8/4 23:08
1722813528,1722813528,0,1,-69.10692596,149.2568207,522580.125,27,12,-52.40000153,2024/8/4 23:18
1722814128,1722814128,0,1,-70.43063354,8.169338226,519893.6875,25,12,13,2024/8/4 23:28
1722814728,1722814728,0,1,-33.55008316,-10.85622025,502406.125,19,11,16.20000076,2024/8/4 23:38
1722815328,1722815328,0,1,4.401283264,-18.88121223,489041.875,20,11,16.29999924,2024/8/4 23:48
1722815928,1722815928,0,1,42.34195328,-27.61804771,491487.625,16,10,61.59999847,2024/8/4 23:58