timestamp,gpsUtcTime,gpsUtcTimeFraction,gpsFixQual,gpsLatitude,gpsLongitude,gpsAltitudeMeters,gpsNumOfSatsTracked,gpsNumOfSatsInView,gpsGeoid,datetime
1724803465,1724803465,0,1,-53.83705521,-11.71644211,502517.5,22,10,24.20000076,2024/8/28 0:04
1724804065,1724804065,0,1,-16.14790916,-22.31038475,489062.9688,16,12,-3.200000048,2024/8/28 0:14
1724804665,1724804665,0,1,21.9140892,-29.9685421,487932.3438,16,9,16.79999924,2024/8/28 0:24
1724805265,1724805265,0,1,59.49614716,-42.22452927,498359.7813,25,11,46.79999924,2024/8/28 0:34
1724805865,1724805865,0,1,78.89164734,-170.4820862,503891.625,28,14,2.5,2024/8/28 0:44
1724806466,1724806465,0,1,43.2194519,152.550766,497674.7813,25,12,13.5,2024/8/28 0:54
1724807066,1724807065,0,1,5.357903481,143.7289734,492255.3438,25,14,63.40000153,2024/8/28 1:04
1724807666,1724807665,0,1,-32.64686584,135.745575,499239.875,28,11,-2.299999952,2024/8/28 1:14
1724808266,1724808265,0,1,-69.64532471,117.5018692,509906,28,13,-26.10000038,2024/8/28 1:24
1724808866,1724808866,0,1,-69.78327942,-23.7897892,507996.875,27,10,2.099999905,2024/8/28 1:34
1724809466,1724809466,0,1,-32.75582504,-42.17294693,494354.0625,20,10,-7.5,2024/8/28 1:44
1724810066,1724810066,0,1,5.246580124,-50.15748215,486528,20,13,-36.40000153,2024/8/28 1:54
1724810666,1724810666,0,1,43.16624832,-58.98040771,493540.4375,21,10,-18.70000076,2024/8/28 2:04
1724811266,1724811266,0,1,78.87275696,-95.86780548,503213.5938,27,13,1.299999952,2024/8/28 2:14
1724811867,1724811866,0,1,59.53524017,135.7993774,501510.7813,29,13,7.599999905,2024/8/28 2:24
1724812467,1724812466,0,1,22.00415993,123.538765,493517.2188,22,11,24.79999924,2024/8/28 2:34
1724813067,1724813066,0,1,-15.99324322,115.8905869,494690.625,24,13,-3.400000095,2024/8/28 2:44
1724813667,1724813666,0,1,-53.69768906,105.3272095,505821.2188,24,11,-6.599999905,2024/8/28 2:54
1724814267,1724814266,0,1,-82.25458527,5.973834991,510710,24,13,-10.10000038,2024/8/28 3:04
1724814867,1724814867,0,1,-49.22443008,-60.80477524,500641.3438,22,10,11.60000038,2024/8/28 3:14
1724815467,1724815467,0,1,-11.43566132,-70.46930695,488041.4063,22,10,27.70000076,2024/8/28 3:24
1724816067,1724816067,0,1,26.61619186,-78.21269989,489021.0313,17,11,-31.89999962,2024/8/28 3:34
1724816667,1724816667,0,1,64.02846527,-92.45976257,499883.9375,23,12,-40.5,2024/8/28 3:44
1724817267,1724817267,0,1,75.07300568,129.7199249,503863.7188,26,11,-1.600000024,2024/8/28 3:54
1724817868,1724817867,0,1,38.56705475,103.9753265,496862.8125,21,10,-48,2024/8/28 4:04
1724818468,1724818467,0,1,0.655934989,95.60958099,492647.875,18,12,-31.5,2024/8/28 4:14
1724819068,1724819067,0,1,-37.30620193,87.33473969,500803.6875,16,8,-4.699999809,2024/8/28 4:24
1724819668,1724819667,0,1,-73.90597534,63.73553467,510494.8438,26,11,18.10000038,2024/8/28 4:34
1724820268,1724820268,0,1,-65.37345886,-75.50106812,506530.6563,30,12,-1.200000048,2024/8/28 4:44
1724820868,1724820868,0,1,-28.07699585,-90.50146484,492491.2188,24,10,1.5,2024/8/28 4:54
1724821468,1724821468,0,1,9.95911026,-98.28635406,486459.875,26,12,-9.399999619,2024/8/28 5:04
1724822068,1724822068,0,1,47.8121109,-107.7252579,494853.7188,23,12,-15.60000038,2024/8/28 5:14
1724822668,1724822668,0,1,81.75678253,-165.8011475,503678.375,30,14,3.400000095,2024/8/28 5:24
1724823268,1724823268,0,1,54.96136856,86.20726013,500648.5,24,10,-37.59999847,2024/8/28 5:34
1724823869,1724823868,0,1,17.30776405,75.34396362,493209.625,17,9,-76.40000153,2024/8/28 5:44
1724824469,1724824468,0,1,-20.68503571,67.7081604,496071.0625,16,10,-13.60000038,2024/8/28 5:54
1724825069,1724825068,0,1,-58.20527649,55.91437531,507343.2188,20,10,34.70000076,2024/8/28 6:04
1724825669,1724825668,0,1,-79.86036682,-67.84156036,510319.9688,28,12,-21,2024/8/28 6:14
1724826269,1724826269,0,1,-44.60111237,-109.6140976,498711.9375,25,11,-9.699999809,2024/8/28 6:24
1724826869,1724826869,0,1,-6.730949879,-118.6017685,487027.75,25,12,-14.80000019,2024/8/28 6:34
1724827469,1724827469,0,1,31.3026619,-126.5156631,489877.4688,23,12,-41.79999924,2024/8/28 6:44
1724828069,1724828069,0,1,68.48254395,-143.7370453,500844.8438,24,12,7.900000095,2024/8/28 6:54
1724828669,1724828669,0,1,70.86491394,75.02827454,503415.875,23,12,-9.600000381,2024/8/28 7:04
1724829269,1724829269,0,1,33.90050507,55.53168488,495898.2813,12,11,-8.699999809,2024/8/28 7:14
1724829870,1724829869,0,1,-4.04769516,47.49145508,493169,20,11,-44.40000153,2024/8/28 7:24
1724830470,1724830469,0,1,-41.89184952,38.8200798,502346.1875,21,10,41.29999924,2024/8/28 7:34
1724831070,1724831069,0,1,-77.80901337,6.010334969,510888.8438,28,12,0.5,2024/8/28 7:44
1724831670,1724831669,0,1,-60.87420654,-125.9882202,504899.5313,29,13,-28.10000038,2024/8/28 7:54
1724832270,1724832270,0,1,-23.38726997,-138.7609406,490749.125,23,10,-11.10000038,2024/8/28 8:04
1724832870,1724832870,0,1,14.67054653,-146.4358063,486626.4063,26,15,-8,2024/8/28 8:14
1724833470,1724833470,0,1,52.4380455,-156.7203979,496134.0938,24,12,10.80000019,2024/8/28 8:24
1724834070,1724834070,0,1,82.51344299,112.2578354,503933.75,27,12,5.400000095,2024/8/28 8:34
1724835871,1724835870,0,1,-25.37642479,19.4779892,497235.75,5,0,27.79999924,2024/8/28 9:04
1724836471,1724836470,0,1,-62.74221039,5.892513275,508351.5313,21,11,17.60000038,2024/8/28 9:14
1724837071,1724837070,0,1,-76.28484344,-129.7813568,509384.6875,26,13,-39.70000076,2024/8/28 9:24
1724837671,1724837671,0,1,-39.94289398,-158.2360992,496683.8438,25,10,0.300000012,2024/8/28 9:34
1724838271,1724838271,0,1,-2.007738352,-166.7275391,486375.25,27,12,15.30000019,2024/8/28 9:44
1724838871,1724838871,0,1,35.99269485,-174.9096832,491095.7188,21,10,-12.39999962,2024/8/28 9:54
1724839471,1724839471,0,1,72.81612396,163.1389618,501878.4063,27,12,1.5,2024/8/28 10:04
1724840071,1724840071,0,1,66.46383667,22.88599205,502779.125,17,13,23.20000076,2024/8/28 10:14
1724841872,1724841871,0,1,-46.5413208,-9.878803253,503636.6875,17,12,26.29999924,2024/8/28 10:44
1724842472,1724842471,0,1,-81.06380463,-60.30311584,510852.0313,26,12,-23.79999924,2024/8/28 10:54
1724843072,1724843071,0,1,-56.30077744,-175.7458191,503117.7813,24,11,-37.90000153,2024/8/28 11:04
1724843672,1724843672,0,1,-18.67066574,173.0261993,489312.8438,23,8,64.09999847,2024/8/28 11:14
1724844272,1724844272,0,1,19.39465141,165.382431,487292.5313,25,11,15.80000019,2024/8/28 11:24
1724844872,1724844872,0,1,57.04965591,153.9299011,497633.5938,26,11,17,2024/8/28 11:34
1724845472,1724845472,0,1,80.60933685,34.87445831,504053.125,30,13,22.79999924,2024/8/28 11:44
1724846072,1724846072,0,1,45.70896912,-11.8297987,498399.4688,25,10,51.90000153,2024/8/28 11:54
1724846672,1724846672,0,1,7.882928371,-20.96072769,492363.5625,24,13,18.60000038,2024/8/28 12:04
1724847273,1724847272,0,1,-30.07602501,-28.81303978,498318.8125,19,11,4.099999905,2024/8/28 12:14
1724847873,1724847872,0,1,-67.23108673,-45.04694366,509109.625,25,13,9,2024/8/28 12:24
1724848473,1724848472,0,1,-72.14781189,174.3283691,508278.1563,28,12,-58.09999847,2024/8/28 12:34
1724849073,1724849072,0,1,-35.2545166,153.2785645,494892.9063,19,9,12.80000019,2024/8/28 12:44
1724849673,1724849673,0,1,2.729804993,145.1479034,486201.7188,23,10,65.09999847,2024/8/28 12:54
1724850273,1724850273,0,1,40.68204498,136.5835571,492565.4063,19,10,29.60000038,2024/8/28 13:04
1724850873,1724850873,0,1,76.90333557,106.5087204,502736.625,28,12,-4.300000191,2024/8/28 13:14
1724851473,1724851473,0,1,61.95364761,-27.86462784,501822.875,23,12,64.09999847,2024/8/28 13:24
1724852073,1724852073,0,1,24.50333977,-41.09753036,493779.125,23,12,-2,2024/8/28 13:34
1724852673,1724852673,0,1,-13.491292,-48.78420258,494057.375,22,13,-11.80000019,2024/8/28 13:44
1724853274,1724853273,0,1,-51.18776321,-58.80134583,504913.5313,21,13,12.30000019,2024/8/28 13:54
1724853874,1724853873,0,1,-82.58369446,-139.7373047,510771.9688,26,11,-43,2024/8/28 14:04
1724854474,1724854473,0,1,-51.74088669,134.9971313,501543.8438,25,12,-20.89999962,2024/8/28 14:14
1724855074,1724855073,0,1,-13.93955803,124.8498383,488485.3438,23,12,33.90000153,2024/8/28 14:24
1724855674,1724855674,0,1,24.11901283,117.1621017,488435.6875,23,13,6.599999905,2024/8/28 14:34
1724856274,1724856274,0,1,61.62717438,104.0675507,499155.0938,24,12,-30,2024/8/28 14:44
1724856874,1724856874,0,1,77.17485046,-29.66676521,503857.7813,29,13,42,2024/8/28 14:54
1724857474,1724857474,0,1,41.04152679,-60.49986649,497176.3438,22,9,-26.29999924,2024/8/28 15:04
1724858074,1724858074,0,1,3.153338432,-69.08892059,492194.5,19,12,2.400000095,2024/8/28 15:14
1724858674,1724858674,0,1,-34.77276993,-77.17904663,499637.5625,17,9,10.80000019,2024/8/28 15:24
1724859275,1724859274,0,1,-71.61598969,-97.5306778,509923.0313,22,9,-22,2024/8/28 15:34
1724859875,1724859874,0,1,-67.78229523,121.5620193,507176.2813,31,12,-28.89999962,2024/8/28 15:44
1724860475,1724860474,0,1,-30.61795998,104.9130707,493468.375,24,10,-39.70000076,2024/8/28 15:54
1724861075,1724861074,0,1,7.464220047,97.01966858,486561.5625,20,13,-31.10000038,2024/8/28 16:04
1724861675,1724861675,0,1,45.3530426,87.93256378,494331.2813,17,13,-63.5,2024/8/28 16:14
1724862275,1724862275,0,1,80.40433502,42.73147964,503525.6563,23,13,17.89999962,2024/8/28 16:24
1724862875,1724862875,0,1,57.39184952,-77.77822113,501091.8125,24,11,-41.09999847,2024/8/28 16:34
1724863475,1724863475,0,1,19.79777336,-89.32098389,493129.1563,20,11,-9.699999809,2024/8/28 16:44
1724864075,1724864075,0,1,-18.20161819,-96.953125,495010.375,18,11,-5.199999809,2024/8/28 16:54
1724864675,1724864675,0,1,-55.79370117,-108.0285492,506229.6875,22,10,-14.19999981,2024/8/28 17:04
1724865276,1724865275,0,1,-81.38686371,139.6165619,510354.4688,30,12,-46.09999847,2024/8/28 17:14
1724865876,1724865875,0,1,-47.10700989,86.03982544,499678.9688,24,10,16.39999962,2024/8/28 17:24
1724866476,1724866475,0,1,-9.279299736,76.71279144,487710.875,26,12,-77.59999847,2024/8/28 17:34
1724867076,1724867075,0,1,28.82659531,68.88835144,489619.1563,25,12,-40.29999924,2024/8/28 17:44
1724870076,1724870076,0,1,-39.44057465,-125.6468582,501026.5625,6,0,-12.19999981,2024/8/28 18:34
1724871277,1724871276,0,1,-63.310215,70.48104095,505580.4375,29,12,25.20000076,2024/8/28 18:54
1724871877,1724871876,0,1,-25.91834641,56.61494064,491726.75,23,11,2.5,2024/8/28 19:04
1724872477,1724872476,0,1,12.12696362,48.89128113,486745.7813,24,14,-25.29999924,2024/8/28 19:14
1724874877,1724874877,0,1,15.08246994,-137.5026093,492520.9688,18,12,-21.29999924,2024/8/28 19:54
1724875477,1724875477,0,1,-22.91106606,-145.1619263,496039.6563,15,11,-7.599999905,2024/8/28 20:04
1724876077,1724876077,0,1,-60.36854553,-157.7284241,507402.2813,21,11,-36.5,2024/8/28 20:14
1724876677,1724876677,0,1,-78.27314758,71.78488159,509626.9688,29,13,4,2024/8/28 20:24
1724877278,1724877277,0,1,-42.44632721,37.32077026,497753.7813,24,10,41.70000076,2024/8/28 20:34
1724877878,1724877877,0,1,-4.546253204,28.58174515,486916.25,26,12,-13,2024/8/28 20:44
1724878478,1724878477,0,1,33.53348541,20.5403347,490635.1563,23,12,25.10000038,2024/8/28 20:54
1724879078,1724879078,0,1,70.5616684,1.358433366,501393.4375,18,12,48.29999924,2024/8/28 21:04
1724879678,1724879678,0,1,68.78995514,-139.9315033,502931.5625,22,12,3.099999905,2024/8/28 21:14
1724880278,1724880278,0,1,31.67145157,-157.4117279,494933.9063,23,11,-13.39999962,2024/8/28 21:24
1724880878,1724880878,0,1,-6.297204971,-165.3368225,492676.1563,23,12,16.10000038,2024/8/28 21:34
1724881478,1724881478,0,1,-44.11791992,-174.2605896,502432.8125,21,10,3.599999905,2024/8/28 21:44
1724882078,1724882078,0,1,-79.50233459,145.8948822,510640.4375,29,13,-51.5,2024/8/28 21:54
1724882679,1724882678,0,1,-58.7476387,20.36409569,504053.6875,23,12,25.79999924,2024/8/28 22:04
1724883279,1724883278,0,1,-21.19161987,8.377523422,490312.0313,18,11,22.79999924,2024/8/28 22:14
1724883879,1724883878,0,1,16.86717415,0.72641331,487204.875,20,11,26.20000076,2024/8/28 22:24
1724884479,1724884478,0,1,54.64454269,-10.08212185,496982.7813,23,11,58.40000153,2024/8/28 22:34
1724885079,1724885078,0,1,81.88179016,-116.2403564,503886.6875,28,13,3.5,2024/8/28 22:44
1724885679,1724885679,0,1,48.13470459,-176.1706543,498586.6563,25,11,1,2024/8/28 22:54
1724886279,1724886279,0,1,10.34099197,174.3430328,491915.875,21,12,19.20000076,2024/8/28 23:04
1724886879,1724886879,0,1,-27.63682365,166.5771942,497138.8125,27,11,43.90000153,2024/8/28 23:14
1724887479,1724887479,0,1,-64.91446686,151.8483276,508457.9063,28,14,-44.59999847,2024/8/28 23:24
1724888079,1724888079,0,1,-74.32983398,13.11249638,508799.4688,26,12,17.10000038,2024/8/28 23:34
1724888680,1724888679,0,1,-37.74856567,-11.23549175,496044.8125,17,8,20.79999924,2024/8/28 23:44
1724889280,1724889279,0,1,0.207479998,-19.54298782,486600.9688,25,12,12.69999981,2024/8/28 23:54
1724889880,1724889879,0,1,38.18370438,-27.88777351,491931.7813,20,9,56.09999847,2024/8/29 0:04
1724890480,1724890479,0,1,74.82300568,-53.17426682,502227.1875,27,12,28.29999924,2024/8/29 0:14
1724891080,1724891080,0,1,64.30606079,168.6640778,501987.4688,29,12,9.699999809,2024/8/29 0:24
1724891680,1724891680,0,1,26.946064,154.2703552,493757.9688,26,11,15.89999962,2024/8/29 0:34
1724892280,1724892280,0,1,-11.04646873,146.523819,493141,24,14,70.09999847,2024/8/29 0:44
1724892880,1724892880,0,1,-48.79259491,136.9361115,503893.75,28,12,-18.39999962,2024/8/29 0:54
1724893480,1724893480,0,1,-82.10697174,73.21487427,510693.5938,28,13,1.700000048,2024/8/29 1:04
1724894080,1724894080,0,1,-54.12750626,-29.15745163,502482.2188,25,11,12.19999981,2024/8/29 1:14
1724894681,1724894680,0,1,-16.44568825,-39.81947327,489226.5938,22,12,-9.100000381,2024/8/29 1:24
1724895281,1724895280,0,1,21.61408424,-47.47389984,488116.0938,19,10,-23,2024/8/29 1:34
1724895881,1724895880,0,1,59.20251465,-59.62330246,498476.5625,21,13,5,2024/8/29 1:44
1724896481,1724896480,0,1,79.07038116,172.8100891,503886.3438,28,11,1.100000024,2024/8/29 1:54
1724897081,1724897081,0,1,43.45741272,135.0533142,497434.0938,27,10,26.5,2024/8/29 2:04
1724897681,1724897681,0,1,5.594666481,126.2049942,491696.3438,23,11,60.29999924,2024/8/29 2:14
1724898281,1724898281,0,1,-32.35546494,118.2496338,498476.2813,22,10,-26.60000038,2024/8/29 2:24
1724898881,1724898881,0,1,-69.38015747,100.2570267,509201.25,22,12,-5.300000191,2024/8/29 2:34
1724899481,1724899481,0,1,-70.04419708,-41.03791428,507653.8125,29,13,2.400000095,2024/8/29 2:44
1724900081,1724900081,0,1,-33.03350067,-59.67332458,494305.5,19,11,17.29999924,2024/8/29 2:54
1724900682,1724900681,0,1,4.966408253,-67.67138672,486578.625,20,12,-5.199999809,2024/8/29 3:04
1724901282,1724901281,0,1,42.88792038,-76.4621048,493565.4688,20,11,-34.29999924,2024/8/29 3:14
1724901882,1724901881,0,1,78.66133881,-112.4576187,503158.1875,25,11,-1.600000024,2024/8/29 3:24
1724902482,1724902481,0,1,59.74696732,118.3557129,501351.9063,28,12,-18.70000076,2024/8/29 3:34
1724903082,1724903082,0,1,22.21977425,106.0175705,493182.0313,20,9,-28.5,2024/8/29 3:44
1724903682,1724903682,0,1,-15.78162956,98.36676788,494195.875,16,10,-43.90000153,2024/8/29 3:54
1724904282,1724904282,0,1,-53.43346024,87.87731934,505274.4688,23,10,16,2024/8/29 4:04
1724904882,1724904882,0,1,-82.32813263,-9.669771194,510386.75,28,12,-10.60000038,2024/8/29 4:14
1724905482,1724905482,0,1,-49.48458099,-78.27407837,500547.5,25,11,5.5,2024/8/29 4:24
1724906082,1724906082,0,1,-11.70001316,-87.98278809,488054.7813,19,14,-6.400000095,2024/8/29 4:34
1724906683,1724906682,0,1,26.35226059,-95.71827698,488978.375,17,13,-29.10000038,2024/8/29 4:44
1724907283,1724907282,0,1,63.77487564,-109.8293228,499797.8125,24,12,-29.39999962,2024/8/29 4:54
1724907883,1724907882,0,1,75.3022995,112.6897812,503729.375,26,13,-4.699999809,2024/8/29 5:04
1724908483,1724908483,0,1,38.76525879,86.46369934,496572.7813,18,10,-61.70000076,2024/8/29 5:14
1724909083,1724909083,0,1,0.852096677,78.08150482,492217.6875,15,10,-103.4000015,2024/8/29 5:24
1724909683,1724909683,0,1,-37.05404282,69.8370285,500194.4688,18,10,18.39999962,2024/8/29 5:34
1724910283,1724910283,0,1,-73.68491364,46.59792328,510034.2188,27,12,19.5,2024/8/29 5:44
1724910883,1724910883,0,1,-65.60764313,-92.86566162,506341.9375,28,12,-18.39999962,2024/8/29 5:54
1724911483,1724911483,0,1,-28.32143402,-108.0100403,492452.7813,22,10,-5.900000095,2024/8/29 6:04
1724912083,1724912083,0,1,9.713256836,-115.8032532,486445.6563,24,12,-37.20000076,2024/8/29 6:14
1724912684,1724912683,0,1,47.56946564,-125.2051239,494782.5938,23,12,-23.5,2024/8/29 6:24
1724913284,1724913283,0,1,81.64598083,178.1712494,503573.2813,22,13,3.900000095,2024/8/29 6:34
1724913884,1724913883,0,1,55.20072937,68.75440979,500433.1875,22,12,-24.39999962,2024/8/29 6:44
1724914484,1724914484,0,1,17.48643875,57.81525421,492761.6563,21,11,-40.29999924,2024/8/29 6:54
1724915084,1724915084,0,1,-20.51160431,50.17915726,495446.5313,19,10,-10.39999962,2024/8/29 7:04
1724915684,1724915684,0,1,-58.04243469,38.43642426,506699.8125,20,10,36.5,2024/8/29 7:14
1724916284,1724916284,0,1,-80.01197052,-84.43911743,509879.6563,28,12,-22.29999924,2024/8/29 7:24
1724916884,1724916884,0,1,-44.82079697,-127.1071854,498545.6875,23,11,-13.10000038,2024/8/29 7:34
1724917484,1724917484,0,1,-6.953248501,-136.1230774,487008.4063,25,14,-3.400000095,2024/8/29 7:44
1724918085,1724918084,0,1,31.08059502,-144.027298,489867.625,25,11,-25,2024/8/29 7:54
1724918685,1724918684,0,1,68.27223206,-161.07724,500811.5938,22,13,4.400000095,2024/8/29 8:04
1724919285,1724919284,0,1,71.07020569,57.75188828,503267.1563,22,12,-1.899999976,2024/8/29 8:14
1724921085,1724921085,0,1,-41.74699402,21.29868507,501620.7813,17,9,30.60000038,2024/8/29 8:44
1724921685,1724921685,0,1,-77.69756317,-11.1473465,510304.6875,27,12,-1.799999952,2024/8/29 8:54
1724922285,1724922285,0,1,-61.06596756,-143.4282227,504640.4375,27,10,-33.70000076,2024/8/29 9:04
1724922885,1724922885,0,1,-23.58473587,-156.2806244,490741.125,24,10,3.599999905,2024/8/29 9:14
1724923485,1724923485,0,1,14.47113514,-163.9590759,486725.1563,27,12,9,2024/8/29 9:24
1724924086,1724924085,0,1,52.24030685,-174.2023163,496216.375,24,10,7.5,2024/8/29 9:34
1724924686,1724924685,0,1,82.53897858,96.25341034,503915.2813,28,11,5.5,2024/8/29 9:44
1724927086,1724927086,0,1,-62.62508774,-11.58872032,507683.1563,17,14,11.30000019,2024/8/29 10:24
1724927686,1724927686,0,1,-76.38208008,-147.0659637,508977.5,26,12,-53.90000153,2024/8/29 10:34
1724928286,1724928286,0,1,-40.11861801,-175.7474365,496592.4063,22,10,14.10000038,2024/8/29 10:44
1724928886,1724928886,0,1,-2.186126709,175.7447205,486472.1563,26,10,27.5,2024/8/29 10:54
1724929486,1724929486,0,1,35.81342697,167.5744629,491217.1875,24,10,-9.800000191,2024/8/29 11:04
1724930087,1724930086,0,1,72.65141296,145.8525696,501926.4063,28,11,-0.300000012,2024/8/29 11:14
1724930687,1724930686,0,1,66.63650513,5.486120224,502620.875,15,12,43.09999847,2024/8/29 11:24
1724931287,1724931286,0,1,29.39199257,-10.33763123,494421.25,20,11,42.79999924,2024/8/29 11:34
1724931887,1724931886,0,1,-8.652208328,-18.1781044,492851.5,19,12,7.900000095,2024/8/29 11:44
1724932487,1724932487,0,1,-46.43929672,-27.4058075,502902.6563,23,11,11.39999962,2024/8/29 11:54
1724933087,1724933087,0,1,-81.00923157,-77.34440613,510313.0313,27,13,-27.10000038,2024/8/29 12:04
1724933687,1724933687,0,1,-56.45336151,166.7697296,502927.625,26,11,-34.29999924,2024/8/29 12:14
1724934287,1724934287,0,1,-18.82720566,155.4981384,489421.5,23,11,58,2024/8/29 12:24
1724934887,1724934887,0,1,19.23557472,147.8548889,487499.7188,24,10,33,2024/8/29 12:34
1724935487,1724935487,0,1,56.8916893,136.4497223,497782.25,23,13,14.39999962,2024/8/29 12:44
1724936088,1724936087,0,1,80.70870209,18.12357712,503998.7188,29,11,30.29999924,2024/8/29 12:54
1724936688,1724936687,0,1,45.86880493,-29.33762741,498048.9063,24,11,62.5,2024/8/29 13:04
1724937288,1724937287,0,1,8.039871216,-38.49044418,491736.9375,23,14,-13.30000019,2024/8/29 13:14
1724937888,1724937887,0,1,-29.99032593,-46.352314,497561.9688,20,11,-5.400000095,2024/8/29 13:24
1724938488,1724938488,0,1,-67.15659332,-62.53262711,508496.375,24,13,11.5,2024/8/29 13:34
1724939088,1724939088,0,1,-72.21572113,156.8758087,507995.9063,26,13,-57.5,2024/8/29 13:44
1724939688,1724939688,0,1,-35.39103699,135.7547607,494992.625,25,10,-9.300000191,2024/8/29 13:54
1724940288,1724940288,0,1,2.58957839,127.616066,486477.4688,26,13,61.09999847,2024/8/29 14:04
1724940888,1724940888,0,1,40.5395813,119.0667572,492848.625,22,10,0.200000003,2024/8/29 14:14
1724941488,1724941488,0,1,76.78312683,89.32991028,502854.9063,24,12,-5.900000095,2024/8/29 14:24
1724942089,1724942088,0,1,62.09611893,-45.3314476,501711.125,26,12,47.20000076,2024/8/29 14:34
1724942689,1724942688,0,1,24.647995,-58.62569427,493399.1563,21,11,-48,2024/8/29 14:44
1724943289,1724943288,0,1,-13.41518497,-66.32775879,493394.0938,16,11,29.29999924,2024/8/29 14:54
1724943889,1724943889,0,1,-51.11977005,-76.33109283,504255.4063,15,11,6.900000095,2024/8/29 15:04
1724944489,1724944489,0,1,-82.58261108,-156.7989502,510286.0313,29,13,-47.70000076,2024/8/29 15:14
1724945089,1724945089,0,1,-51.80039597,117.4606018,501349.9688,26,10,-20.39999962,2024/8/29 15:24
1724945689,1724945689,0,1,-14.06341171,107.3156281,488625.75,25,10,-16.79999924,2024/8/29 15:34
1724946289,1724946289,0,1,23.9927845,99.63163757,488722,16,11,-39.59999847,2024/8/29 15:44
1724946889,1724946889,0,1,61.50192261,86.59344482,499401.4063,27,11,-27.89999962,2024/8/29 15:54
1724947489,1724947489,0,1,77.28348541,-46.87098694,503976.0938,27,12,31.39999962,2024/8/29 16:04
1724948090,1724948089,0,1,41.17354584,-78.02090454,497016.875,22,11,-33.29999924,2024/8/29 16:14
1724948690,1724948689,0,1,3.283395052,-86.62264252,491689.25,20,12,2.099999905,2024/8/29 16:24
1724949290,1724949289,0,1,-34.71285629,-94.72137451,498949.4688,16,10,-3.900000095,2024/8/29 16:34
1724949890,1724949890,0,1,-71.56761169,-115.0132141,509288.6563,26,12,-34.09999847,2024/8/29 16:44
1724950490,1724950490,0,1,-67.82792664,104.0484085,506762.8438,31,12,-10.60000038,2024/8/29 16:54
1724951090,1724951090,0,1,-30.66374969,87.36572266,493353.5625,23,10,-18.29999924,2024/8/29 17:04
1724951690,1724951690,0,1,7.353768349,79.4834137,486757.2188,21,13,-99.30000305,2024/8/29 17:14
1724952290,1724952290,0,1,45.2411232,70.41116333,494541.9063,17,11,-42.79999924,2024/8/29 17:24
1724952890,1724952890,0,1,80.3298111,25.71474457,503690.7188,17,14,26.70000076,2024/8/29 17:34
1724953491,1724953490,0,1,57.50625992,-95.2754364,501036.1563,26,12,-43.79999924,2024/8/29 17:44
1724954091,1724954090,0,1,19.91328812,-106.8545837,492746.0313,17,9,-29.29999924,2024/8/29 17:54
1724954691,1724954690,0,1,-18.09148598,-114.4882965,494317.0625,16,10,-2.400000095,2024/8/29 18:04
1724955291,1724955290,0,1,-55.7549324,-125.5682983,505496.6875,20,12,-16.89999962,2024/8/29 18:14
1724955891,1724955891,0,1,-81.40296173,122.253273,509769.4063,29,12,-33.90000153,2024/8/29 18:24
1724956491,1724956491,0,1,-47.13517761,68.49378204,499381.4063,25,12,37.70000076,2024/8/29 18:34
1724957091,1724957091,0,1,-9.307040215,59.16199875,487689.2813,24,13,-40.40000153,2024/8/29 18:44
1724957691,1724957691,0,1,28.73416901,51.35326385,489741.75,18,11,-21.20000076,2024/8/29 18:54
1724961292,1724961291,0,1,-75.76522064,-170.401474,509800.3438,26,12,-60.29999924,2024/8/29 19:54
1724961892,1724961892,0,1,-63.31925201,52.9361763,505263.4688,30,13,28.79999924,2024/8/29 20:04
1724962492,1724962492,0,1,-25.92666054,39.06285095,491665.9688,20,10,5.199999809,2024/8/29 20:14
1724963092,1724963092,0,1,12.11746311,31.33805084,486837.375,19,14,-1.600000024,2024/8/29 20:24
1724964892,1724964892,0,1,52.86117172,-144.6727295,499712.5313,25,12,1.799999952,2024/8/29 20:54
1724965493,1724965492,0,1,15.15454006,-155.0426178,491989.0313,20,10,0.899999976,2024/8/29 21:04
1724966093,1724966092,0,1,-22.84519386,-162.7026215,495335.0313,22,10,11.80000019,2024/8/29 21:14
1724966693,1724966692,0,1,-60.31123734,-175.2495422,506755,22,12,-45,2024/8/29 21:24
1724967293,1724967292,0,1,-78.26495361,54.20506668,509184.0625,30,11,10.30000019,2024/8/29 21:34
1724967893,1724967893,0,1,-42.43407822,19.76483917,497619.375,21,10,30.39999962,2024/8/29 21:44
1724968493,1724968493,0,1,-4.534564972,11.0263834,487023.0313,24,12,5.5,2024/8/29 21:54
1724969093,1724969093,0,1,33.47946167,3.000215054,490820.4688,20,8,40.29999924,2024/8/29 22:04
1724969693,1724969693,0,1,70.50901031,-16.12727928,501489.75,25,11,58.59999847,2024/8/29 22:14
1724970293,1724970293,0,1,68.84340668,-157.4231873,502800.1875,29,13,3.400000095,2024/8/29 22:24
1724970893,1724970893,0,1,31.72604752,-174.951416,494518.875,21,10,-9.399999619,2024/8/29 22:34
1724971494,1724971493,0,1,-6.247544765,177.1198883,492051.5,22,12,30.60000038,2024/8/29 22:44
1724972094,1724972093,0,1,-44.07539368,168.2000885,501785.4063,29,12,2.900000095,2024/8/29 22:54
1724972694,1724972693,0,1,-79.47597504,128.4883118,510131.0313,29,13,-41,2024/8/29 23:04
1724973294,1724973294,0,1,-58.71886826,2.796223402,503807.875,25,10,18.10000038,2024/8/29 23:14
1724973894,1724973894,0,1,-21.16143608,-9.180901527,490342.0625,19,9,12.5,2024/8/29 23:24
1724974494,1724974494,0,1,16.89542198,-16.83156395,487406.5938,16,12,30.5,2024/8/29 23:34
1724975094,1724975094,0,1,54.60741806,-27.61698341,497157.9375,21,11,61,2024/8/29 23:44
1724975694,1724975694,0,1,81.89834595,-133.5344849,503886.5,29,12,3,2024/8/29 23:54
1724976294,1724976294,0,1,48.17310333,166.2896576,498328.9688,24,11,0.300000012,2024/8/30 0:04
1724976894,1724976894,0,1,10.37610626,156.7970123,491394.7188,22,13,38.79999924,2024/8/30 0:14
1724977495,1724977494,0,1,-27.60783577,149.0314331,496510.375,28,11,34.70000076,2024/8/30 0:24
1724978095,1724978094,0,1,-64.89276123,134.3146515,507881.3438,26,13,-39,2024/8/30 0:34
1724978695,1724978694,0,1,-74.3459549,-4.406984806,508447.9063,27,11,13.39999962,2024/8/30 0:44
1724979295,1724979295,0,1,-37.70202255,-28.80025864,495958.3438,23,10,8.100000381,2024/8/30 0:54
1724979895,1724979895,0,1,0.253521681,-37.10370255,486765.2813,25,10,-12.39999962,2024/8/30 1:04
1724980495,1724980495,0,1,38.22613525,-45.45103073,492250.1875,23,10,11.39999962,2024/8/30 1:14
1724981095,1724981095,0,1,74.80259705,-70.67694855,502431.25,28,13,17.39999962,2024/8/30 1:24
1724981695,1724981695,0,1,64.33088684,151.128479,501980.1563,31,12,9,2024/8/30 1:34
1724982295,1724982295,0,1,26.97046471,136.7228394,493434.0313,21,11,39.59999847,2024/8/30 1:44
1724982895,1724982895,0,1,-11.02668667,128.9761047,492576.0938,24,13,48.90000153,2024/8/30 1:54
1724983496,1724983495,0,1,-48.77980423,119.391449,503225.125,23,12,-23.5,2024/8/30 2:04
1724984096,1724984095,0,1,-82.10626984,55.71526718,510148.9688,28,13,0,2024/8/30 2:14
1724984696,1724984695,0,1,-54.06864929,-46.73731232,502189.9063,23,11,14.19999981,2024/8/30 2:24
1724985296,1724985296,0,1,-16.38443947,-57.38355255,489242.0938,21,12,6.599999905,2024/8/30 2:34
1724985896,1724985896,0,1,21.6731739,-65.03765106,488384.125,21,12,-51.79999924,2024/8/30 2:44
1724986496,1724986496,0,1,59.2563591,-77.20552826,498790.0938,20,11,-36.20000076,2024/8/30 2:54
1724987096,1724987096,0,1,79.07795715,155.2986908,504002.5938,28,13,3.099999905,2024/8/30 3:04
1724987696,1724987696,0,1,43.4683342,117.506218,497318.9375,24,11,-3.799999952,2024/8/30 3:14
1724988296,1724988296,0,1,5.603313446,108.6564941,491344.3438,17,12,17.20000076,2024/8/30 3:24
1724988897,1724988896,0,1,-32.35162354,100.7012939,497937.625,21,10,-35.59999847,2024/8/30 3:34
1724989497,1724989496,0,1,-69.38199615,82.70743561,508649.4688,23,12,14.69999981,2024/8/30 3:44
1724990097,1724990096,0,1,-70.03851318,-58.59620667,507261.6563,27,12,4,2024/8/30 3:54
1724990697,1724990696,0,1,-32.9616394,-77.2406311,494121.4688,22,10,10.39999962,2024/8/30 4:04
1724991297,1724991297,0,1,5.039038181,-85.23387909,486619.875,22,12,6,2024/8/30 4:14
1724991897,1724991897,0,1,42.95802689,-94.03038788,493749.4688,22,12,-28.89999962,2024/8/30 4:24
1724992497,1724992497,0,1,78.71409607,-130.2324524,503277.0625,26,11,-4.400000095,2024/8/30 4:34
1724993097,1724993097,0,1,59.74310684,100.801857,501290.5313,25,11,-34.59999847,2024/8/30 4:44
1724995498,1724995497,0,1,-82.32427979,-27.34989738,510023.3438,25,12,-17.79999924,2024/8/30 5:24
1724996098,1724996097,0,1,-49.4644165,-95.83057404,500343.3125,22,10,-6.699999809,2024/8/30 5:34
1724996698,1724996697,0,1,-11.67864513,-105.535141,488022.7188,24,14,-7.5,2024/8/30 5:44
1724997298,1724997298,0,1,26.4358139,-113.2850342,489095.0313,24,12,-37.79999924,2024/8/30 5:54
1724997898,1724997898,0,1,63.85357666,-127.4355774,499890.9375,22,14,-1.5,2024/8/30 6:04
1724998498,1724998498,0,1,75.23299408,94.97185516,503695.5625,30,13,-7.900000095,2024/8/30 6:14
1724999098,1724999098,0,1,38.74688721,68.90935516,496313.375,22,9,-37.90000153,2024/8/30 6:24
1724999698,1724999698,0,1,0.830221653,60.52862549,491747.4688,21,11,-64.69999695,2024/8/30 6:34
1725000298,1725000298,0,1,-37.08078003,52.28149796,499626.375,19,10,36,2024/8/30 6:44
1725000899,1725000898,0,1,-73.71394348,28.99469376,509492.25,20,12,19.70000076,2024/8/30 6:54
1725001499,1725001498,0,1,-65.57222748,-110.4444351,505962.5625,26,12,-28.29999924,2024/8/30 7:04
1725002099,1725002098,0,1,-28.28198051,-125.5670929,492318.0313,23,12,-11.39999962,2024/8/30 7:14
1725002699,1725002698,0,1,9.815964699,-133.3715668,486537.75,24,14,-23.5,2024/8/30 7:24
1725003299,1725003299,0,1,47.66829681,-142.7886963,494983.75,23,13,-15,2024/8/30 7:34
1725003899,1725003899,0,1,81.6901474,160.0133057,503676.0313,24,12,2.099999905,2024/8/30 7:44
1725004499,1725004499,0,1,55.10529327,51.1621933,500264.8438,23,11,0.400000006,2024/8/30 7:54
1725006900,1725006899,0,1,-79.97493744,-102.21875,509388.0625,28,13,-30.39999962,2024/8/30 8:35
1725007500,1725007499,0,1,-44.76356888,-144.6717224,498316.625,20,9,-13.39999962,2024/8/30 8:45
1725008100,1725008099,0,1,-6.895166874,-153.6811829,487064.1563,19,12,9.800000191,2024/8/30 8:55
1725008700,1725008700,0,1,31.19897079,-161.6036377,490117.0313,21,10,-9.100000381,2024/8/30 9:05
1725009300,1725009300,0,1,68.38052368,-178.7431946,501024.8438,22,10,3.700000048,2024/8/30 9:15
1725009900,1725009900,0,1,70.96520996,40.05960464,503218.3438,19,12,9.600000381,2024/8/30 9:25
1725011700,1725011700,0,1,-41.8093605,3.732943296,500999.5313,5,0,19.79999924,2024/8/30 9:55
1725012300,1725012300,0,1,-77.75231934,-28.89705849,509765.0938,23,12,-7.099999905,2024/8/30 10:05
1725012901,1725012900,0,1,-60.99499512,-161.0186462,504338.4688,23,13,-39.59999847,2024/8/30 10:15
1725013501,1725013500,0,1,-23.510355,-173.8427582,490711.3125,24,9,30.60000038,2024/8/30 10:25
1725014101,1725014100,0,1,14.60717201,178.4668121,486948.9688,24,11,9.5,2024/8/30 10:35
1725014701,1725014701,0,1,52.37022781,168.1958618,496506.3125,20,11,4.199999809,2024/8/30 10:45
1725015301,1725015301,0,1,82.52202606,77.70845795,504006.875,24,13,8.600000381,2024/8/30 10:55
1725016501,1725016501,0,1,12.66845322,-7.915193558,491698.1875,20,12,30.60000038,2024/8/30 11:15
1725017101,1725017101,0,1,-25.32443428,-15.61986351,495825.9063,20,11,9.800000191,2024/8/30 11:25
1725017701,1725017701,0,1,-62.7052803,-29.19133759,507025.8438,20,13,17.5,2024/8/30 11:35
1725018302,1725018301,0,1,-76.30712891,-164.8220062,508519.375,30,12,-59.5,2024/8/30 11:45
1725018902,1725018901,0,1,-40.02731323,166.6816254,496435.625,24,8,14,2024/8/30 11:55
1725019502,1725019501,0,1,-2.094594955,158.1821442,486612.4375,27,12,56.59999847,2024/8/30 12:05
1725020102,1725020101,0,1,35.96388245,149.9896545,491537.0313,23,10,14,2024/8/30 12:15
1725020702,1725020702,0,1,72.78462219,128.0812531,502140.2188,26,12,-6.199999809,2024/8/30 12:25
1725021302,1725021302,0,1,66.49756622,-12.18841457,502488.4375,19,12,60.20000076,2024/8/30 12:35
1725021902,1725021902,0,1,29.24323463,-27.91781425,493967.75,23,11,28.89999962,2024/8/30 12:45
1725022502,1725022502,0,1,-8.744098663,-35.74061203,492199.3125,22,13,-6.300000191,2024/8/30 12:55
1725023102,1725023102,0,1,-46.5369072,-44.98287201,502249.2813,21,14,-3.299999952,2024/8/30 13:05
1725023702,1725023702,0,1,-81.06816864,-95.45207214,509820.7813,30,13,-27.29999924,2024/8/30 13:15
1725024303,1725024302,0,1,-56.34784317,149.1735382,502713.5625,27,11,-23.70000076,2024/8/30 13:25
1725024903,1725024902,0,1,-18.71933746,137.9321594,489552.6875,24,12,42.79999924,2024/8/30 13:35
1725025503,1725025502,0,1,19.34031868,130.2896881,487816.8438,26,10,39.29999924,2024/8/30 13:45
1725026103,1725026102,0,1,57.0517807,118.8257446,498103.2188,26,12,-12.19999981,2024/8/30 13:55
1725026703,1725026703,0,1,80.61175537,-0.229035005,504010.5,25,13,33.70000076,2024/8/30 14:05
1725027303,1725027303,0,1,45.70819855,-46.93714142,497751.0938,21,11,25.70000076,2024/8/30 14:15
1725027903,1725027903,0,1,7.872633457,-56.06704712,491226.75,17,12,-36.20000076,2024/8/30 14:25
1725028503,1725028503,0,1,-30.09959412,-63.92052841,496968.5,14,12,25.29999924,2024/8/30 14:35
1725029103,1725029103,0,1,-67.26576233,-80.17881012,508018.125,23,12,-9.100000381,2024/8/30 14:45
1725029703,1725029703,0,1,-72.10799408,139.1576538,507663.125,31,13,-50.59999847,2024/8/30 14:55
1725030304,1725030303,0,1,-35.27106476,118.179863,494946.625,22,11,-34.09999847,2024/8/30 15:05
1725030904,1725030903,0,1,2.709120035,110.0500183,486694.0938,24,11,28.39999962,2024/8/30 15:15
1725031504,1725031503,0,1,40.65460968,101.491478,493202.875,17,10,-54,2024/8/30 15:25
1725032104,1725032103,0,1,76.92867279,71.34178925,503061.2188,29,13,-2.799999952,2024/8/30 15:35
1725032704,1725032704,0,1,61.92845535,-62.99035263,501673,25,11,2.299999952,2024/8/30 15:45
1725033304,1725033304,0,1,24.47250175,-76.20822144,493036.9688,19,9,-35.29999924,2024/8/30 15:55
1725033904,1725033904,0,1,-13.53224468,-83.89391327,492902,17,10,-2.299999952,2024/8/30 16:05
1725034504,1725034504,0,1,-51.24057007,-93.92022705,503704.25,20,10,-7.099999905,2024/8/30 16:15
1725035104,1725035104,0,1,-82.58893585,-175.3410492,509818.75,25,12,-47,2024/8/30 16:25
1725035704,1725035704,0,1,-51.67142487,99.8640976,501074.2813,26,12,-0.600000024,2024/8/30 16:35
1725036305,1725036304,0,1,-13.93117332,89.74634552,488676.4375,25,13,-60.09999847,2024/8/30 16:45
1725036905,1725036904,0,1,24.12259102,82.06076813,488967,28,12,-58.90000153,2024/8/30 16:55
1725037505,1725037504,0,1,61.62414932,68.97112274,499656.2813,29,13,-18.29999924,2024/8/30 17:05
1725038105,1725038104,0,1,77.13103485,-64.91925812,504022.875,26,13,21.29999924,2024/8/30 17:15
1725038705,1725038705,0,1,40.9872818,-95.61862183,496735.2813,21,9,-29.10000038,2024/8/30 17:25
1725039305,1725039305,0,1,3.091476679,-104.2025528,491206.2188,21,11,-17.89999962,2024/8/30 17:35
1725039905,1725039905,0,1,-34.84615326,-112.297905,498354.4063,19,9,-10.5,2024/8/30 17:45
1725040505,1725040505,0,1,-71.69573212,-132.7466431,508712.4375,25,13,-48.20000076,2024/8/30 17:55
1725041105,1725041105,0,1,-67.69082642,86.36702728,506299.625,26,13,10.80000019,2024/8/30 18:05
1725041705,1725041705,0,1,-30.51591301,69.78929138,493139.75,21,12,7.400000095,2024/8/30 18:15
1725042306,1725042305,0,1,7.502358437,61.91319275,486787.1563,25,14,-66,2024/8/30 18:25
1725044106,1725044106,0,1,57.30213165,-112.9214706,500725.0313,23,10,-23.39999962,2024/8/30 18:55
1725044706,1725044706,0,1,19.70046616,-124.4400253,492269.9063,20,12,-45.70000076,2024/8/30 19:05
1725045306,1725045306,0,1,-18.30931091,-132.0748901,493795.5938,18,9,-11.19999981,2024/8/30 19:15
1725045906,1725045906,0,1,-55.91078186,-143.1868286,505015,18,11,-22.60000038,2024/8/30 19:25
1725046506,1725046506,0,1,-81.3171463,103.7705536,509378.8438,26,12,-18,2024/8/30 19:35
1725047106,1725047106,0,1,-46.97039795,50.89905167,499156.1875,23,10,47.70000076,2024/8/30 19:45
1725047706,1725047706,0,1,-9.139621735,41.59000397,487678.9375,22,14,-33,2024/8/30 19:55
1725048307,1725048306,0,1,28.89949608,33.77452087,489858.25,13,11,13.30000019,2024/8/30 20:05
1725049507,1725049507,0,1,73.00489044,-121.9276505,503412.9063,5,0,-8.800000191,2024/8/30 20:25
1725050107,1725050107,0,1,36.23564911,-144.1429291,495367.0313,23,11,-28.70000076,2024/8/30 20:35
1725050707,1725050707,0,1,-1.708490014,-152.3347168,491244.625,25,11,14,2024/8/30 20:45
1725051307,1725051307,0,1,-39.59887314,-160.7893219,499805.9375,24,11,2,2024/8/30 20:55
1725051907,1725051907,0,1,-75.92185211,171.6434326,509343.4063,26,12,-58.40000153,2024/8/30 21:05
1725052507,1725052507,0,1,-63.1377182,35.26889801,504970.75,26,12,26.70000076,2024/8/30 21:15
1725053107,1725053107,0,1,-25.73726654,21.48324394,491584.625,20,10,27.39999962,2024/8/30 21:25
1725053708,1725053707,0,1,12.30609322,13.7622118,486962.2813,17,12,14.60000038,2024/8/30 21:35
1725054308,1725054307,0,1,50.11167526,3.934406757,495899.5938,12,10,45.59999847,2024/8/30 21:45
1725054908,1725054907,0,1,82.47618866,-69.65433502,503781.6875,24,11,21.70000076,2024/8/30 21:55
1725055508,1725055507,0,1,52.61499405,-162.3138123,499275.875,27,12,7,2024/8/30 22:05
1725056108,1725056108,0,1,14.89862633,-172.6320038,491380.6563,21,11,8.300000191,2024/8/30 22:15
1725056708,1725056708,0,1,-23.10667419,179.7028503,494728.4688,28,11,50.40000153,2024/8/30 22:25
1725057308,1725057308,0,1,-60.56990433,167.0527191,506264.6563,25,13,-43.20000076,2024/8/30 22:35
1725057908,1725057908,0,1,-78.1020813,36.0163002,508803.5313,30,13,7.800000191,2024/8/30 22:45
1725058508,1725058508,0,1,-42.22493744,2.166091681,497444.4063,22,11,20.89999962,2024/8/30 22:55
1725059108,1725059108,0,1,-4.323438168,-6.550683498,487088.2813,17,12,17.89999962,2024/8/30 23:05
1725059709,1725059708,0,1,33.6867981,-14.58882999,491037.1563,20,10,44.20000076,2024/8/30 23:15
1725060309,1725060308,0,1,70.69914246,-33.91987228,501560.1875,25,11,53.09999847,2024/8/30 23:25
1725060909,1725060908,0,1,68.64997864,-175.1753082,502547.9375,29,13,1.299999952,2024/8/30 23:35
1725061509,1725061508,0,1,31.45393753,167.4456482,493985.625,21,11,-8.100000381,2024/8/30 23:45
1725062109,1725062109,0,1,-6.526733398,159.5286407,491433.6563,24,12,58.59999847,2024/8/30 23:55
1725062709,1725062709,0,1,-44.35667038,150.5732727,501283.5313,31,12,-9.5,2024/8/31 0:05
1725063309,1725063309,0,1,-79.67848206,109.7904892,509690.1875,30,12,-24,2024/8/31 0:15
1725063909,1725063909,0,1,-58.49588776,-14.86235046,503532.7813,27,12,20.29999924,2024/8/31 0:25
1725064509,1725064509,0,1,-20.93150139,-26.76511383,490321.1875,20,9,-6.300000191,2024/8/31 0:35
1725065109,1725065109,0,1,17.12391281,-34.41421509,487604.6875,19,11,0.600000024,2024/8/31 0:45
1725065710,1725065709,0,1,54.82840729,-45.25477219,497339.2188,22,10,38.09999847,2024/8/31 0:55
1725066310,1725066309,0,1,81.80558014,-152.5293732,503815.9688,26,11,3.099999905,2024/8/31 1:05
1725066910,1725066909,0,1,47.95017624,148.6729126,497945.1563,23,10,19.89999962,2024/8/31 1:15
1725067510,1725067509,0,1,10.08186626,139.202652,490813.9063,21,13,56.40000153,2024/8/31 1:25
1725068110,1725068110,0,1,-27.9068737,131.4273834,495967.8125,22,11,-7.199999809,2024/8/31 1:35
1725068710,1725068710,0,1,-65.18465424,116.5400848,507340.25,27,13,-21.20000076,2024/8/31 1:45
1725069310,1725069310,0,1,-74.0728302,-22.50592232,508040.625,30,13,0.200000003,2024/8/31 1:55
1725069910,1725069910,0,1,-37.45424652,-46.40313339,495802.375,22,9,-5,2024/8/31 2:05
1725070510,1725070510,0,1,0.502763331,-54.68693542,486920.0313,26,12,-26.20000076,2024/8/31 2:15
1725071110,1725071110,0,1,38.46999741,-63.05376053,492581.8125,19,9,-31.60000038,2024/8/31 2:25
1725071711,1725071710,0,1,75.01307678,-88.6902771,502627.1563,28,11,-2.799999952,2024/8/31 2:35
1725072311,1725072310,0,1,64.09997559,133.4142761,501861.2813,29,11,-1.200000048,2024/8/31 2:45
1725072911,1725072910,0,1,26.72784424,119.133255,493041.2813,17,10,10,2024/8/31 2:55
1725073511,1725073510,0,1,-11.33817005,111.3803253,492074.1563,24,11,4.400000095,2024/8/31 3:05
1725074111,1725074111,0,1,-49.09212494,101.7433472,502640.0625,22,10,-5.599999905,2024/8/31 3:15
1725074711,1725074711,0,1,-82.21208191,35.92404556,509585.7188,29,12,-0.200000003,2024/8/31 3:25
1725075311,1725075311,0,1,-53.8096962,-64.38658905,501767.4063,26,13,10.80000019,2024/8/31 3:35
1725075911,1725075911,0,1,-16.11750603,-74.97085571,489088.125,21,11,14.60000038,2024/8/31 3:45
1725076511,1725076511,0,1,21.93943787,-82.62631226,488456.75,19,11,-17.60000038,2024/8/31 3:55
1725077111,1725077111,0,1,59.51346207,-94.88398743,498912.625,21,12,-48.09999847,2024/8/31 4:05
1725077712,1725077711,0,1,78.88375854,136.812439,503884,26,12,-0.699999988,2024/8/31 4:15
1725078312,1725078311,0,1,43.20539474,99.8913269,496996.5313,24,9,-53.5,2024/8/31 4:25
1725078912,1725078911,0,1,5.27017498,91.05963135,490969.4063,14,10,-54.79999924,2024/8/31 4:35
1725079512,1725079512,0,1,-32.68664551,83.08716583,497556,18,10,-7.599999905,2024/8/31 4:45
1725080112,1725080112,0,1,-69.69871521,64.79627228,508292.0625,25,11,28.89999962,2024/8/31 4:55
1725080712,1725080712,0,1,-69.71996307,-76.52534485,506897.0938,27,12,-4.699999809,2024/8/31 5:05
1725081312,1725081312,0,1,-32.68044662,-94.84185028,493890.5625,25,10,-4.199999809,2024/8/31 5:15
1725081912,1725081912,0,1,5.322686672,-102.8200073,486606.875,27,13,-16.39999962,2024/8/31 5:25
1725082512,1725082512,0,1,43.2375679,-111.6476212,493802.625,23,11,-11.19999981,2024/8/31 5:35
1725083112,1725083112,0,1,78.92510986,-148.7466736,503194.5625,31,14,-2,2024/8/31 5:45
1725083713,1725083712,0,1,59.4684906,83.1087265,500944.2813,29,12,-32.79999924,2024/8/31 5:55
1725084313,1725084312,0,1,21.92734909,70.8740921,492417.0313,17,8,-55.70000076,2024/8/31 6:05
1725084913,1725084912,0,1,-16.14604568,63.2127037,493273.8438,19,10,-25.5,2024/8/31 6:15
1725085513,1725085513,0,1,-53.79954147,52.63703156,504349.9375,23,12,43.29999924,2024/8/31 6:25
1725086113,1725086113,0,1,-82.22045135,-47.50323486,509556.9375,25,14,-22.39999962,2024/8/31 6:35
1725086713,1725086713,0,1,-49.10178757,-113.4958496,499952.0938,23,11,-9.399999619,2024/8/31 6:45
1725087313,1725087313,0,1,-11.308218,-123.1392517,487882.1875,23,13,-9.5,2024/8/31 6:55
1725087913,1725087913,0,1,26.74117851,-130.8852539,489179.75,22,12,-39.40000153,2024/8/31 7:05
1725088513,1725088513,0,1,64.14505005,-145.1930542,499939.5313,23,13,13.10000038,2024/8/31 7:15
1725089114,1725089113,0,1,74.96858215,76.83231354,503503.25,27,12,-6.400000095,2024/8/31 7:25
1725089714,1725089713,0,1,38.44198608,51.29538345,495836.5938,10,10,-15.10000038,2024/8/31 7:35
1725090314,1725090313,0,1,0.51783669,42.93797684,491151,21,13,-34.20000076,2024/8/31 7:45
1725090914,1725090913,0,1,-37.45884705,34.64794922,499086.9688,20,10,30.89999962,2024/8/31 7:55
1725091514,1725091514,0,1,-74.05565643,10.78812122,508963.5313,27,13,16.70000076,2024/8/31 8:05
1725092114,1725092114,0,1,-65.19923401,-128.2867126,505493.125,25,12,-37.09999847,2024/8/31 8:15
1725092714,1725092714,0,1,-27.88916397,-143.1864166,492064.0625,20,11,-4.800000191,2024/8/31 8:25
1725093314,1725093314,0,1,10.14669704,-150.9665527,486587.125,25,12,2.099999905,2024/8/31 8:35
1725093914,1725093914,0,1,47.99198532,-160.4353638,495113.4375,22,11,3.099999905,2024/8/31 8:45
1725094514,1725094514,0,1,81.83144379,140.400177,503583.4063,28,13,4.5,2024/8/31 8:55
1725096315,1725096314,0,1,-20.89360046,15.02085686,494211.375,19,11,26.89999962,2024/8/31 9:25
1725096915,1725096914,0,1,-58.48717499,3.114394903,505568.25,20,12,18.70000076,2024/8/31 9:35
1725097515,1725097515,0,1,-79.69134521,-121.4842987,508933.2188,28,12,-39.70000076,2024/8/31 9:45
1725098115,1725098115,0,1,-44.35100555,-162.3317108,498001.875,23,10,-6.599999905,2024/8/31 9:55
1725098715,1725098715,0,1,-6.476793289,-171.290863,487056.375,23,12,18.5,2024/8/31 10:05
1725099315,1725099315,0,1,31.54989433,-179.2177429,490309.6875,19,8,-8.899999619,2024/8/31 10:15
1725099915,1725099915,0,1,68.70844269,163.3650208,501098.8438,23,11,6.300000191,2024/8/31 10:25
1725100515,1725100515,0,1,70.64190674,22.09371948,502924.375,20,12,28.20000076,2024/8/31 10:35
1725101116,1725101115,0,1,33.65326309,2.830861568,494570.5313,21,10,41.5,2024/8/31 10:45
1725101716,1725101715,0,1,-4.311985016,-5.199181557,491279.5,23,13,17.60000038,2024/8/31 10:55
1725102316,1725102315,0,1,-42.17234039,-13.90447807,500400.2188,18,13,25,2024/8/31 11:05
1725102916,1725102915,0,1,-78.09477997,-47.73945999,509239.9063,27,15,-14.30000019,2024/8/31 11:15
1725103516,1725103516,0,1,-60.56944656,-178.8104553,503898.625,29,11,-46.79999924,2024/8/31 11:25
1725104116,1725104116,0,1,-23.06892014,168.5348053,490520.7188,24,10,57.09999847,2024/8/31 11:35
1725104716,1725104716,0,1,14.98511314,160.8636627,487080.4063,27,12,28.39999962,2024/8/31 11:45
1725105316,1725105316,0,1,52.7383461,150.5130005,496665.5938,26,11,18.79999924,2024/8/31 11:55
1725105916,1725105916,0,1,82.46235657,57.32740784,503853.5625,27,12,16.89999962,2024/8/31 12:05
1725106516,1725106516,0,1,50.05233765,-15.7051487,498551.9688,22,12,57.29999924,2024/8/31 12:15
1725107117,1725107116,0,1,12.28520966,-25.517416,491005.75,19,12,13.10000038,2024/8/31 12:25
1725107717,1725107716,0,1,-25.71327019,-33.23222351,495215.0625,18,12,-5.300000191,2024/8/31 12:35
1725108317,1725108316,0,1,-63.08540344,-46.98830032,506525.9375,27,12,18.70000076,2024/8/31 12:45
1725108917,1725108916,0,1,-75.91635132,176.587738,508117.9375,31,11,-58.40000153,2024/8/31 12:55
1725109517,1725109517,0,1,-39.56617355,149.0254211,496239.0313,24,10,0.800000012,2024/8/31 13:05
1725110117,1725110117,0,1,-1.629565001,140.5673828,486699.0313,22,12,71.80000305,2024/8/31 13:15
1725110717,1725110717,0,1,36.35969162,132.3604584,491743.3125,26,10,30.39999962,2024/8/31 13:25
1725111317,1725111317,0,1,73.14134216,109.9365387,502122.25,29,12,-10.30000019,2024/8/31 13:35
1725111917,1725111917,0,1,66.11991119,-30.05937195,502039.3438,24,13,59.5,2024/8/31 13:45
1725112517,1725112517,0,1,28.84108734,-45.5369072,493299.3438,18,10,-2.599999905,2024/8/31 13:55
1725113118,1725113117,0,1,-9.154666901,-53.34484482,491594.75,20,14,-15,2024/8/31 14:05
1725113718,1725113717,0,1,-46.94714355,-62.64622879,501807.4688,20,13,11.5,2024/8/31 14:15
1725114318,1725114317,0,1,-81.29544067,-115.3019638,509498.125,30,12,-36.29999924,2024/8/31 14:25
1725114918,1725114918,0,1,-55.87499619,131.4165802,502462.625,27,11,-25.70000076,2024/8/31 14:35
1725115518,1725115518,0,1,-18.23472214,120.307663,489561.625,25,10,9.100000381,2024/8/31 14:45
1725116118,1725116118,0,1,19.82277298,112.6652298,488075.2813,26,11,-2.700000048,2024/8/31 14:55
1725116718,1725116718,0,1,57.45787048,101.0936508,498282.8125,21,11,-37.40000153,2024/8/31 15:05
1725117318,1725117318,0,1,80.35235596,-19.74773407,503835.625,24,12,32.09999847,2024/8/31 15:15
1725117918,1725117918,0,1,45.29472351,-64.59864044,497286.9375,21,11,-20.79999924,2024/8/31 15:25
1725118519,1725118518,0,1,7.448504925,-73.67323303,490634.9688,22,11,1.700000048,2024/8/31 15:35
1725119119,1725119118,0,1,-30.52691078,-81.54454803,496518.9375,17,9,5.699999809,2024/8/31 15:45
1725119719,1725119718,0,1,-67.67500305,-98.10658264,507622.25,20,11,-24.20000076,2024/8/31 15:55
1725120319,1725120318,0,1,-71.65301514,120.9309616,507258.3125,30,12,-32.09999847,2024/8/31 16:05
1725120919,1725120919,0,1,-34.77165985,100.5268631,494700.125,26,10,-32.59999847,2024/8/31 16:15
1725121519,1725121519,0,1,3.212105036,92.42958069,486829.4063,27,12,-50.09999847,2024/8/31 16:25
1725122119,1725122119,0,1,41.15001297,83.82404327,493452.9688,21,11,-63.79999924,2024/8/31 16:35
1725122719,1725122719,0,1,77.28399658,52.66778564,503074.4688,28,13,6,2024/8/31 16:45
1725123319,1725123319,0,1,61.50852585,-80.79262543,501347,29,11,-37.59999847,2024/8/31 16:55
1725123919,1725123919,0,1,24.0337925,-93.82774353,492468.9375,18,8,-30.29999924,2024/8/31 17:05
1725124520,1725124519,0,1,-13.97744179,-101.5056076,492376.9688,19,11,-7.599999905,2024/8/31 17:15
1725125120,1725125119,0,1,-51.68275452,-111.6201096,503251.5,22,11,-11.19999981,2024/8/31 17:25
1725125720,1725125719,0,1,-82.58937836,163.5822906,509362.0625,28,13,-42.90000153,2024/8/31 17:35
1725126320,1725126319,0,1,-51.15927124,82.13547516,500648.1875,25,10,24.79999924,2024/8/31 17:45
1725126920,1725126919,0,1,-13.40754032,72.11955261,488514.2813,28,14,-53,2024/8/31 17:55
1725127520,1725127520,0,1,24.64441681,64.42391968,489054.5625,24,12,-44.40000153,2024/8/31 18:05
1725128720,1725128720,0,1,76.75299072,-83.62602234,503712.0313,26,13,5.099999905,2024/8/31 18:25
1725129320,1725129320,0,1,40.52806473,-113.2725296,496116.7188,21,10,-18.20000076,2024/8/31 18:35
1725129920,1725129920,0,1,2.621896744,-121.8139877,490613.625,15,10,-26,2024/8/31 18:45
1725130521,1725130520,0,1,-35.31732178,-129.9410858,497922.5,13,11,-11.19999981,2024/8/31 18:55
1725131121,1725131120,0,1,-72.13044739,-150.9412689,508366.0313,25,13,-60.29999924,2024/8/31 19:05
1725131721,1725131720,0,1,-67.23665619,68.39741516,505940.5,27,11,24.20000076,2024/8/31 19:15
1725132321,1725132320,0,1,-29.97166252,52.14100647,492897.875,23,11,13.69999981,2024/8/31 19:25
1725132921,1725132921,0,1,8.049343109,44.28663635,486776.2813,22,14,-22.5,2024/8/31 19:35
1725134121,1725134121,0,1,80.75604248,-12.70273018,503444.4375,9,11,31.39999962,2024/8/31 19:55
1725134721,1725134721,0,1,56.82829285,-130.6825867,500088.1563,24,11,0.200000003,2024/8/31 20:05
1725135321,1725135321,0,1,19.20843315,-142.0617981,491531.3125,21,11,-19.20000076,2024/8/31 20:15
1725135921,1725135921,0,1,-18.80761909,-149.6977539,493241.125,18,12,0.699999988,2024/8/31 20:25
1725136522,1725136521,0,1,-56.40169144,-160.9492035,504642.75,24,12,-30.70000076,2024/8/31 20:35
1725137122,1725137121,0,1,-81.04187012,83.44377136,509010.625,27,14,0,2024/8/31 20:45
1725137722,1725137721,0,1,-46.4678688,33.21061707,498886.8438,22,9,43.59999847,2024/8/31 20:55
1725138322,1725138321,0,1,-8.566091537,23.96002579,487603,22,12,-5.699999809,2024/8/31 21:05
1725138922,1725138922,0,1,29.46891785,16.12242889,489969.75,19,10,29.89999962,2024/8/31 21:15
1725139522,1725139522,0,1,66.74323273,0.219536662,500614.0938,18,11,49.09999847,2024/8/31 21:25
1725140122,1725140122,0,1,72.54629517,-140.2223511,502973.4063,28,12,-8,2024/8/31 21:35
1725140722,1725140722,0,1,35.72510529,-161.7935638,494640.7188,22,10,-14.30000019,2024/8/31 21:45
1725141322,1725141322,0,1,-2.22968173,-169.9522095,490588.3438,24,12,16.29999924,2024/8/31 21:55
1725141922,1725141922,0,1,-40.12062454,-178.4556732,499327.9688,27,12,19.29999924,2024/8/31 22:05
1725142523,1725142522,0,1,-76.36856079,152.8949432,508952,26,12,-56.5,2024/8/31 22:15
1725143123,1725143122,0,1,-62.62427521,17.38986206,504619.375,25,11,23,2024/8/31 22:25
1725143723,1725143722,0,1,-25.13992691,3.835048437,491424.1563,21,10,23.79999924,2024/8/31 22:35
1725144323,1725144323,0,1,12.9040184,-3.872864962,487107.3438,18,11,27.89999962,2024/8/31 22:45
1725144923,1725144923,0,1,50.6967659,-13.80933857,496082.3438,23,10,58.40000153,2024/8/31 22:55
1725145523,1725145523,0,1,82.55473328,-91.73435974,503595.8438,28,12,13.5,2024/8/31 23:05
1725146123,1725146123,0,1,52.0903244,179.9517059,498667.4688,23,11,4.400000095,2024/8/31 23:15
1725146723,1725146723,0,1,14.35762787,169.7434387,490685,23,12,17.60000038,2024/8/31 23:25
1725147323,1725147323,0,1,-23.65267754,162.0686646,494224.6563,29,13,50.79999924,2024/8/31 23:35
1725147923,1725147923,0,1,-61.10284805,149.20224,505904.125,29,14,-33.20000076,2024/8/31 23:45
1725148524,1725148523,0,1,-77.66430664,16.84252739,508474.3438,27,13,5.5,2024/8/31 23:55
1725149124,1725149123,0,1,-41.67392349,-15.51365471,497210.1563,22,8,25,2024/9/1 0:05
1725149724,1725149723,0,1,-3.766436577,-24.17294121,487135.5313,23,13,1.299999952,2024/9/1 0:15
1725150324,1725150324,0,1,34.30098343,-32.25904846,491243.375,22,10,41.40000153,2024/9/1 0:25
1725150924,1725150924,0,1,71.26561737,-52.22158051,501575.5625,23,12,28.60000038,2024/9/1 0:35
1725151524,1725151524,0,1,68.07080078,166.6817932,502085,30,11,7.800000191,2024/9/1 0:45
1725152124,1725152124,0,1,30.89680481,149.795639,493277.125,19,11,18.10000038,2024/9/1 0:55
1725152724,1725152724,0,1,-7.093356609,141.9036865,490823.625,28,14,74.80000305,2024/9/1 1:05
1725153324,1725153324,0,1,-44.92147064,132.8776245,500871.5313,28,12,-22.39999962,2024/9/1 1:15
1725153925,1725153924,0,1,-80.07023621,89.84024048,509295.5,27,12,-2.299999952,2024/9/1 1:25
1725154525,1725154524,0,1,-57.93377686,-32.68421173,503203.5625,26,12,22.39999962,2024/9/1 1:35
1725155125,1725155124,0,1,-20.35281372,-44.40206146,490247.9063,21,12,-5.099999905,2024/9/1 1:45
1725155725,1725155724,0,1,17.70108223,-52.04705811,487892.9063,19,11,-40,2024/9/1 1:55
1725156325,1725156324,0,1,55.4510498,-63.06088638,497693.0938,19,11,-11.89999962,2024/9/1 2:05
1725156925,1725156924,0,1,81.51654816,-173.9844208,503760.3438,29,13,3.700000048,2024/9/1 2:15
1725157525,1725157525,0,1,47.32262802,130.9359741,497478.2813,24,10,19,2024/9/1 2:25
1725158125,1725158125,0,1,9.503395081,121.5750427,490243.9375,22,12,53.79999924,2024/9/1 2:35
1725158725,1725158725,0,1,-28.48859596,113.7808456,495484.9688,22,12,-26.89999962,2024/9/1 2:45
1725159325,1725159325,0,1,-65.74581146,98.55252075,506837.8125,23,11,-2,2024/9/1 2:55
1725159925,1725159925,0,1,-73.54657745,-41.04684448,507514.9688,27,13,-4,2024/9/1 3:05
1725160526,1725160525,0,1,-36.86083221,-64.07618713,495409.9063,22,11,16.89999962,2024/9/1 3:15
1725161126,1725161125,0,1,1.102461696,-72.31459045,486867.4063,22,11,20.5,2024/9/1 3:25
1725161726,1725161725,0,1,39.06281281,-80.72969055,492764.7188,24,10,-33.70000076,2024/9/1 3:35
1725162326,1725162325,0,1,75.58177185,-107.5621262,502613.8438,27,13,-11.39999962,2024/9/1 3:45
1725162926,1725162926,0,1,63.46672058,115.4219208,501444.6875,27,12,-21.60000038,2024/9/1 3:55
1725163526,1725163526,0,1,26.06435013,101.4720688,492511.3438,16,10,-36.40000153,2024/9/1 4:05
1725164126,1725164126,0,1,-11.94463348,93.74932098,491768.4063,22,11,-53.20000076,2024/9/1 4:15
1725164726,1725164726,0,1,-49.69136429,84.00904846,502441.1875,22,11,21.39999962,2024/9/1 4:25
1725165326,1725165326,0,1,-82.37823486,13.98919201,509336.7813,29,12,-9,2024/9/1 4:35
1725165926,1725165926,0,1,-53.20918274,-82.16051483,501413.75,23,12,0.899999976,2024/9/1 4:45
1725166527,1725166526,0,1,-15.50254631,-92.60620117,488901.7813,21,12,-6.599999905,2024/9/1 4:55
1725167127,1725167126,0,1,22.55354309,-100.2681732,488517.8125,17,12,-12.89999962,2024/9/1 5:05
1725167727,1725167726,0,1,60.1085701,-112.74543,498940.125,24,13,-28.60000038,2024/9/1 5:15
1725168327,1725168326,0,1,78.37111664,117.0058975,503569.4688,28,12,-2.299999952,2024/9/1 5:25
1725168927,1725168927,0,1,42.53059006,82.17324066,496382.8125,23,8,-46.90000153,2024/9/1 5:35
1725169527,1725169527,0,1,4.64563179,73.42861938,490475.2188,20,12,-97.19999695,2024/9/1 5:45
1725170127,1725170127,0,1,-33.31129456,65.42149353,497223.75,16,10,16.60000038,2024/9/1 5:55
1725170727,1725170727,0,1,-70.28357697,46.54895782,508002.6563,24,12,26,2024/9/1 6:05
1725171327,1725171327,0,1,-69.12916565,-94.73560333,506514.625,26,12,-23.79999924,2024/9/1 6:15
1725171927,1725171927,0,1,-32.046772,-112.506691,493571.2188,20,11,-9.5,2024/9/1 6:25
1725172528,1725172527,0,1,5.960929871,-120.4534531,486585.125,23,13,-31.5,2024/9/1 6:35
1725173128,1725173127,0,1,43.86690521,-129.3553467,493945.5938,19,11,-28.60000038,2024/9/1 6:45
1725173728,1725173727,0,1,79.38720703,-168.6196899,503095.0313,30,12,2.200000048,2024/9/1 6:55
1725174328,1725174327,0,1,58.78783035,65.21286774,500442.5625,25,11,-15.80000019,2024/9/1 7:05
1725174928,1725174928,0,1,21.22230148,53.21455765,491790.2813,17,12,-35.09999847,2024/9/1 7:15
1725175528,1725175528,0,1,-16.7935524,45.57075119,492803.8438,20,9,-14,2024/9/1 7:25
1725176128,1725176128,0,1,-54.43748474,34.83960724,503983.375,23,12,39.59999847,2024/9/1 7:35
1725176728,1725176728,0,1,-81.9952774,-69.5436554,509111.125,29,13,-26.89999962,2024/9/1 7:45
1725177328,1725177328,0,1,-48.45177841,-131.2413788,499512.7188,26,11,-15.39999962,2024/9/1 7:55
1725177928,1725177928,0,1,-10.64597702,-140.7786102,487733.4688,24,12,-3.5,2024/9/1 8:05
1725178529,1725178528,0,1,27.40003204,-148.5445862,489328.6563,22,11,-14.60000038,2024/9/1 8:15
1725179129,1725179128,0,1,64.7746582,-163.2044983,500029.5313,24,10,7.300000191,2024/9/1 8:25
1725179729,1725179728,0,1,74.39169312,58.06673431,503152.3438,27,12,1.299999952,2024/9/1 8:35
1725180929,1725180926,0,1,-0.215884998,25.28810501,490662.8438,5,0,-18.5,2024/9/1 8:55
1725181529,1725181529,0,1,-38.1293602,16.95667458,498672.0938,18,11,27.10000038,2024/9/1 9:05
1725182129,1725182129,0,1,-74.65271759,-7.972071648,508566.8125,25,12,10.89999962,2024/9/1 9:15
1725182729,1725182729,0,1,-64.54646301,-146.3249359,505061.2813,27,11,-42.90000153,2024/9/1 9:25
1725183329,1725183329,0,1,-27.20518684,-160.8495789,491820.0625,23,10,7.300000191,2024/9/1 9:35
1725183929,1725183929,0,1,10.83262348,-168.6093445,486720.8125,28,11,11.80000019,2024/9/1 9:45
1725184530,1725184529,0,1,48.66445923,-178.186676,495379.75,22,10,1,2024/9/1 9:55
1725185130,1725185129,0,1,82.0925293,118.3481827,503511.3125,28,11,4.5,2024/9/1 10:05
1725186330,1725186330,0,1,16.36342239,5.001153469,491005.4063,5,0,22,2024/9/1 10:25
1725186930,1725186930,0,1,-21.65060234,-2.64738822,493736.875,16,11,15.39999962,2024/9/1 10:35
1725187530,1725187530,0,1,-59.16632843,-14.7743187,505162.375,23,12,20.79999924,2024/9/1 10:45
1725188130,1725188130,0,1,-79.1912384,-141.7399292,508486.125,28,13,-50.29999924,2024/9/1 10:55
1725188730,1725188730,0,1,-43.65175629,179.9411163,497617.9375,25,10,11.60000038,2024/9/1 11:05
1725189330,1725189330,0,1,-5.767983437,171.0655365,487030.0625,26,11,38.20000076,2024/9/1 11:15
1725189931,1725189930,0,1,32.25240326,163.1044006,490591.0313,17,10,-4.900000095,2024/9/1 11:25
1725190531,1725190530,0,1,69.36506653,145.103241,501214.4063,22,13,0.800000012,2024/9/1 11:35
1725191131,1725191130,0,1,69.99049377,3.743479967,502519.0313,23,12,46.29999924,2024/9/1 11:45
1725191731,1725191730,0,1,32.88486481,-14.86648369,493840.2813,20,10,42,2024/9/1 11:55
1725192331,1725192331,0,1,-5.091865063,-22.85542107,490663.625,18,12,1.899999976,2024/9/1 12:05
1725192931,1725192931,0,1,-42.94868088,-31.6461525,500030.4688,20,11,3.900000095,2024/9/1 12:15
1725193531,1725193531,0,1,-78.65206146,-67.59572601,508878.875,25,13,-19.10000038,2024/9/1 12:25
1725194131,1725194131,0,1,-59.86441422,163.2575989,503532.4375,29,12,-38.09999847,2024/9/1 12:35
1725194731,1725194731,0,1,-22.34059906,150.8731232,490427.875,24,10,52.20000076,2024/9/1 12:45
1725195331,1725195331,0,1,15.71270847,143.2117462,487330.6875,27,11,53.40000153,2024/9/1 12:55
1725195932,1725195931,0,1,53.44832993,132.7033539,496925,23,10,15.30000019,2024/9/1 13:05
1725196532,1725196531,0,1,82.29901123,34.45667267,503628.7188,28,12,21,2024/9/1 13:15
1725197132,1725197131,0,1,49.33628082,-33.48148346,497845,24,9,55.79999924,2024/9/1 13:25
1725197732,1725197731,0,1,11.48653793,-43.18011093,490278.4063,23,13,-24.29999924,2024/9/1 13:35
1725198332,1725198332,0,1,-26.51584816,-50.91527939,494760.3438,19,11,5.400000095,2024/9/1 13:45
1725198932,1725198932,0,1,-63.86116028,-65.06440735,506271.8125,25,13,15.80000019,2024/9/1 13:55
1725199532,1725199532,0,1,-75.27703857,157.4744873,507843.3438,28,12,-57.79999924,2024/9/1 14:05
1725200132,1725200132,0,1,-38.82342911,131.3132935,496105.375,25,11,-26.5,2024/9/1 14:15
1725200732,1725200732,0,1,-0.881110013,122.9203262,486905.0313,23,11,60.5,2024/9/1 14:25
1725201332,1725201332,0,1,37.09842682,114.6615295,492166.7188,21,10,-16.20000076,2024/9/1 14:35
1725201933,1725201932,0,1,73.80287933,91.20973206,502206.125,26,12,-10.39999962,2024/9/1 14:45
1725202533,1725202532,0,1,65.41470337,-48.1819458,501603.0625,27,11,38.90000153,2024/9/1 14:55
1725203133,1725203132,0,1,28.09644127,-63.21305466,492645.125,21,10,-46.79999924,2024/9/1 15:05
1725203733,1725203732,0,1,-9.971815109,-71.00782776,491072.375,19,12,27.20000076,2024/9/1 15:15
1725204333,1725204333,0,1,-47.75668335,-80.43006897,501531.2188,18,9,5.599999905,2024/9/1 15:25
1725204933,1725204933,0,1,-81.6987381,-137.7193756,509175.5,25,11,-44.59999847,2024/9/1 15:35
1725205533,1725205533,0,1,-55.12945938,113.5556412,502100.6563,26,13,-16.5,2024/9/1 15:45
1725206133,1725206133,0,1,-17.47046089,102.6467667,489522.4063,25,10,-39,2024/9/1 15:55
1725206733,1725206733,0,1,20.58459854,95.00266266,488428,24,11,-52.09999847,2024/9/1 16:05
1725207333,1725207333,0,1,58.19642639,83.19926453,498584,23,14,-35.09999847,2024/9/1 16:15
1725207934,1725207933,0,1,79.85256958,-40.61320877,503676.9375,25,12,33.79999924,2024/9/1 16:25
1725208534,1725208533,0,1,44.54348373,-82.34635162,496719.0938,23,9,-36.5,2024/9/1 16:35
1725209134,1725209133,0,1,6.618361473,-91.33734894,490034.25,17,10,-1.899999976,2024/9/1 16:45
1725209734,1725209734,0,1,-31.35782623,-99.24551392,496153.7813,19,10,-5.199999809,2024/9/1 16:55
1725210334,1725210334,0,1,-68.46321869,-116.4346161,507297.3125,25,11,-34.09999847,2024/9/1 17:05
1725210934,1725210934,0,1,-70.93951416,102.4002762,506808.0313,28,12,-10.5,2024/9/1 17:15
1725211534,1725211534,0,1,-33.99449539,82.82711792,494373.3438,18,12,-4.099999905,2024/9/1 17:25
1725212134,1725212134,0,1,3.994838238,74.77707672,486962,25,12,-100.6999969,2024/9/1 17:35
1725212734,1725212734,0,1,41.92161179,66.09307861,493738.4375,14,11,-38.70000076,2024/9/1 17:45
1725215735,1725215735,0,1,-52.52476501,-129.4697571,502906.75,6,0,-16.39999962,2024/9/1 18:35
1725216335,1725216335,0,1,-82.51272583,139.4030304,508959.5625,26,12,-42.29999924,2024/9/1 18:45
1725216935,1725216935,0,1,-50.37097549,64.32711029,500228.1563,23,11,37.29999924,2024/9/1 18:55
1725217535,1725217535,0,1,-12.60379505,54.45985794,488399.0313,22,13,-28.60000038,2024/9/1 19:05
1725218135,1725218135,0,1,25.44446373,46.74700165,489264.5625,20,11,-8.399999619,2024/9/1 19:15
1725219336,1725219335,0,1,76.08334351,-103.0480804,503333.375,25,12,-8.5,2024/9/1 19:35
1725219936,1725219935,0,1,39.72927856,-131.0005951,495371,22,10,-36.70000076,2024/9/1 19:45
1725220536,1725220535,0,1,1.808305025,-139.4699554,489948.5938,20,12,-1.700000048,2024/9/1 19:55
1725221136,1725221135,0,1,-36.19273376,-147.6698608,497573.0625,19,10,-6.599999905,2024/9/1 20:05
1725221736,1725221735,0,1,-72.92935944,-169.7670593,508080.9063,23,13,-65.69999695,2024/9/1 20:15
1725222336,1725222336,0,1,-66.39624786,50.10668564,505525.8125,28,12,32.59999847,2024/9/1 20:25
1725222936,1725222936,0,1,-29.14808846,34.45036697,492658.0625,22,11,18.70000076,2024/9/1 20:35
1725223536,1725223536,0,1,8.876092911,26.62709427,486909.5625,22,11,-5.199999809,2024/9/1 20:45
1725224136,1725224136,0,1,46.7367897,17.34733391,494956.8438,9,11,45.20000076,2024/9/1 20:55
1725224736,1725224736,0,1,81.22091675,-34.58628082,503313.0938,28,12,34.09999847,2024/9/1 21:05
1725225337,1725225336,0,1,56.0230484,-148.5800781,499436.0313,29,11,8.5,2024/9/1 21:15
1725225937,1725225936,0,1,18.37692451,-159.7318878,490745.5938,22,10,7.199999809,2024/9/1 21:25
1725226537,1725226536,0,1,-19.64549446,-167.3699341,492724.4063,21,11,19,2024/9/1 21:35
1725227137,1725227136,0,1,-57.284935,-178.8961945,504344.125,22,11,-40.90000153,2024/9/1 21:45
1725227737,1725227737,0,1,-80.50148773,61.31994247,508603.5,31,12,6.800000191,2024/9/1 21:55
1725228337,1725228337,0,1,-45.5664711,15.41292858,498527.8125,25,11,28.79999924,2024/9/1 22:05
1725228937,1725228937,0,1,-7.715165138,6.298183441,487624.5625,23,12,8.199999809,2024/9/1 22:15
1725229537,1725229537,0,1,30.3129921,-1.573293328,490327.0313,20,8,39.59999847,2024/9/1 22:25
1725230137,1725230137,0,1,67.54079437,-18.05344391,500749.4688,26,11,63.20000076,2024/9/1 22:35
1725230737,1725230737,0,1,71.778862,-158.9347076,502525.375,29,12,-0.300000012,2024/9/1 22:45
1725231338,1725231337,0,1,34.87949753,-179.5084991,493846.9688,21,10,-10.10000038,2024/9/1 22:55
1725231938,1725231937,0,1,-3.088560104,172.3866272,489949.5313,20,12,32.29999924,2024/9/1 23:05
1725232538,1725232537,0,1,-40.97577286,163.801239,499022.875,28,12,7,2024/9/1 23:15
1725233138,1725233137,0,1,-77.13696289,133.0555267,508656.9375,28,14,-46.20000076,2024/9/1 23:25
1725233738,1725233738,0,1,-61.72660065,-0.717244983,504243.375,29,11,13.5,2024/9/1 23:35
1725234338,1725234338,0,1,-24.27143669,-13.85147476,491279.4375,18,10,11.30000019,2024/9/1 23:45
1725234938,1725234938,0,1,13.7732296,-21.54151917,487358.9375,21,11,19.20000076,2024/9/1 23:55
1725235538,1725235538,0,1,51.5472908,-31.6423378,496376.375,23,11,60.40000153,2024/9/2 0:05
1725236138,1725236138,0,1,82.58707428,-115.9712753,503418,29,12,5.599999905,2024/9/2 0:15
1725236738,1725236738,0,1,51.23795319,162.1081696,497978.8438,24,12,6.900000095,2024/9/2 0:25
1725237339,1725237338,0,1,13.48245335,152.0721436,489935.9063,23,12,39.79999924,2024/9/2 0:35
1725237939,1725237938,0,1,-24.53195,144.3813782,493817.0625,25,13,34.5,2024/9/2 0:45
1725238539,1725238538,0,1,-61.95692825,131.1502991,505627.4688,24,13,-35.70000076,2024/9/2 0:55
1725239139,1725239138,0,1,-76.89387512,-3.250971556,508096.5313,27,13,2.900000095,2024/9/2 1:05
1725239739,1725239739,0,1,-40.72909927,-33.28755188,496906.5625,23,10,-0.200000003,2024/9/2 1:15
1725240339,1725240339,0,1,-2.811448336,-41.85202408,487260.4375,23,12,-19.60000038,2024/9/2 1:25
1725240939,1725240939,0,1,35.18254852,-49.97902679,491723.9375,20,9,-7.400000095,2024/9/2 1:35
1725241539,1725241539,0,1,72.07194519,-70.92095947,501823.4063,24,11,9.399999619,2024/9/2 1:45
1725242139,1725242139,0,1,67.24003601,148.3391418,501769.6563,28,12,4.099999905,2024/9/2 1:55
1725242739,1725242739,0,1,30.01416588,132.089447,492639.5313,21,9,27.29999924,2024/9/2 2:05
1725243340,1725243339,0,1,-7.986288548,124.2357635,490333.75,24,14,45.5,2024/9/2 2:15
1725243940,1725243939,0,1,-45.80757141,115.0944901,500525.9688,21,11,-25.89999962,2024/9/2 2:25
1725244540,1725244539,0,1,-80.64614868,68.14663696,508856.2813,28,13,3.900000095,2024/9/2 2:35
1725245140,1725245140,0,1,-56.99107742,-50.67473602,502681.0313,25,12,18.10000038,2024/9/2 2:45
1725245740,1725245740,0,1,-19.38238335,-62.09981155,490022.75,21,10,23.5,2024/9/2 2:55
1725246340,1725246340,0,1,18.67089272,-69.7407074,488167.9063,20,11,-36.70000076,2024/9/2 3:05
1725246940,1725246940,0,1,56.33321381,-80.98137665,498032.3438,17,10,-45.09999847,2024/9/2 3:15
1725247540,1725247540,0,1,81.04418182,163.3899841,503602.875,30,11,1.700000048,2024/9/2 3:25
1725248140,1725248140,0,1,46.42965317,113.1354141,496924.0625,26,10,-22.10000038,2024/9/2 3:35
1725248740,1725248740,0,1,8.592506409,103.9045334,489786.4688,21,12,-8.899999619,2024/9/2 3:45
1725249341,1725249340,0,1,-29.3990593,96.07752228,495295.5,19,9,-34.90000153,2024/9/2 3:55
1725249941,1725249940,0,1,-66.61515808,80.28012848,506672.9375,26,11,15.80000019,2024/9/2 4:05
1725250541,1725250540,0,1,-72.72393799,-60.00656891,507135.6875,27,13,-3.5,2024/9/2 4:15
1725251141,1725251141,0,1,-35.88325882,-81.82659912,495009,19,10,5.099999905,2024/9/2 4:25
1725251741,1725251741,0,1,2.089164972,-89.99549103,486885.5625,25,12,-2.799999952,2024/9/2 4:35
1725252341,1725252341,0,1,40.03824997,-98.49536896,493071.6563,23,11,-26.60000038,2024/9/2 4:45
1725252941,1725252941,0,1,76.36049652,-127.1226501,502647.0313,27,14,-4.599999905,2024/9/2 4:55
1725253541,1725253541,0,1,62.58353424,97.29294586,500986.0938,29,12,-29.70000076,2024/9/2 5:05
1725254141,1725254141,0,1,25.14223671,83.77520752,491921.875,12,8,-63,2024/9/2 5:15
1725254742,1725254741,0,1,-12.87404633,76.07400513,491449.1563,24,13,-63,2024/9/2 5:25
1725255342,1725255341,0,1,-50.60762787,66.16691589,502293.3438,26,12,37.29999924,2024/9/2 5:35
1725255942,1725255941,0,1,-82.54216766,-10.57224655,509039.7188,27,12,-10.80000019,2024/9/2 5:45
1725256542,1725256541,0,1,-52.22854233,-100.0667572,500946.5,21,11,-9.600000381,2024/9/2 5:55
1725257142,1725257141,0,1,-14.49998474,-110.2992096,488682.4063,23,13,-3.599999905,2024/9/2 6:05
1725257742,1725257742,0,1,23.55374336,-117.9751282,488753.375,19,11,-46.09999847,2024/9/2 6:15
1725258342,1725258342,0,1,61.07537842,-130.8341827,499125.3438,23,12,2.599999905,2024/9/2 6:25
1725258942,1725258942,0,1,77.63704681,96.6567688,503309.8125,28,11,-5.800000191,2024/9/2 6:35
1725259542,1725259542,0,1,41.6001358,64.40265656,495750.2188,21,10,-34.79999924,2024/9/2 6:45
1725260142,1725260142,0,1,3.699513435,55.75537491,489932.7188,20,11,-55,2024/9/2 6:55
1725260743,1725260742,0,1,-34.2551918,47.69340134,496945.6563,18,10,29,2024/9/2 7:05
1725261343,1725261342,0,1,-71.16129303,27.8704071,507684.875,27,13,20.20000076,2024/9/2 7:15
1725261943,1725261942,0,1,-68.23365021,-113.2203369,505982.875,27,12,-32.09999847,2024/9/2 7:25
1725262543,1725262542,0,1,-31.02766609,-130.2437897,493135.9063,21,11,-12.69999981,2024/9/2 7:35
1725263143,1725263143,0,1,6.986653328,-138.1427307,486651.125,25,14,-11,2024/9/2 7:45
1725263743,1725263743,0,1,44.87709427,-147.1690979,494292.9375,23,12,-16.20000076,2024/9/2 7:55
1725264343,1725264343,0,1,80.08969879,169.670639,503103.875,24,12,2,2024/9/2 8:05
1725264943,1725264943,0,1,57.85609436,47.21431351,499887.9375,7,12,7.699999809,2024/9/2 8:15
1725267344,1725267343,0,1,-81.5771637,-93.28962708,508626.25,30,13,-27.89999962,2024/9/2 8:55
1725267944,1725267943,0,1,-47.48355484,-149.0746307,499011.9688,24,11,-14.10000038,2024/9/2 9:05
1725268544,1725268543,0,1,-9.597648621,-158.4734039,487635.1563,27,11,9.300000191,2024/9/2 9:15
1725269144,1725269144,0,1,28.44187927,-166.272995,489718.2188,22,9,-0.899999976,2024/9/2 9:25
1725269744,1725269744,0,1,65.76676941,178.4716339,500337.8438,24,12,5.099999905,2024/9/2 9:35
1725270344,1725270344,0,1,73.47041321,38.75857925,502857.125,25,12,12,2024/9/2 9:45
1725271544,1725271544,0,1,-1.205186725,7.609388351,489937.4063,19,12,13.89999962,2024/9/2 10:05
1725272144,1725272144,0,1,-39.11374664,-0.804493308,498346.8125,18,13,16.89999962,2024/9/2 10:15
1725272745,1725272744,0,1,-75.51535034,-27.4652462,508185.4688,23,12,-3.599999905,2024/9/2 10:25
1725273345,1725273344,0,1,-63.58852005,-164.5514374,504529.5,27,11,-46,2024/9/2 10:35
1725273945,1725273944,0,1,-26.2042408,-178.5633087,491500.0938,26,10,49.90000153,2024/9/2 10:45
1725274545,1725274545,0,1,11.89964676,173.6916809,486962.5938,25,10,17.70000076,2024/9/2 10:55
1725275145,1725275145,0,1,49.71022415,163.936264,495827.3438,22,10,6.599999905,2024/9/2 11:05
1725275745,1725275745,0,1,82.39585876,93.26171112,503498.5938,29,11,6.599999905,2024/9/2 11:15
1725276345,1725276345,0,1,53.0740242,-2.270129919,498641.4375,14,11,51.29999924,2024/9/2 11:25
1725276945,1725276945,0,1,15.35871124,-12.69007206,490274.0313,18,14,31.5,2024/9/2 11:35
1725277545,1725277545,0,1,-22.66004181,-20.35069084,493288.0313,18,12,0.699999988,2024/9/2 11:45
1725278145,1725278145,0,1,-60.15079498,-32.83906174,504807.1875,26,14,23.29999924,2024/9/2 11:55
1725278746,1725278745,0,1,-78.42957306,-162.7918701,507996.75,30,12,-55.29999924,2024/9/2 12:05
1725279346,1725279345,0,1,-42.63883972,162.1413879,497200.5313,27,10,0.600000024,2024/9/2 12:15
1725279946,1725279945,0,1,-4.678853512,153.3683624,487080.2813,29,10,57.5,2024/9/2 12:25
1725280546,1725280546,0,1,33.33115768,145.35112,491082.125,23,10,26.5,2024/9/2 12:35
1725281146,1725281146,0,1,70.36740875,126.3724594,501500.4063,26,11,-9.100000381,2024/9/2 12:45
1725281746,1725281746,0,1,68.98558044,-14.94891357,502090.125,22,12,60,2024/9/2 12:55
1725282346,1725282346,0,1,31.8679924,-32.60295868,493050.0625,21,12,33.59999847,2024/9/2 13:05
1725282946,1725282946,0,1,-6.122001648,-40.54035187,490051.4063,21,14,-13.10000038,2024/9/2 13:15
1725283546,1725283546,0,1,-43.97213364,-49.44958496,499682.6875,15,11,-2.400000095,2024/9/2 13:25
1725284146,1725284146,0,1,-79.41553497,-88.85306549,508510.2813,24,12,-19,2024/9/2 13:35
1725284747,1725284746,0,1,-58.85381699,145.1877441,503091.5625,27,12,-28.39999962,2024/9/2 13:45
1725285347,1725285346,0,1,-21.29854965,133.1657104,490353.9688,26,10,25.5,2024/9/2 13:55
1725285947,1725285946,0,1,16.81668091,125.5025635,487789.8438,25,12,43.29999924,2024/9/2 14:05
1725286547,1725286547,0,1,54.52410507,114.7407532,497485.3438,23,11,-19.10000038,2024/9/2 14:15
1725287147,1725287147,0,1,81.9352417,9.358117104,503572.75,29,12,31.5,2024/9/2 14:25
1725287747,1725287747,0,1,48.25502777,-51.36553574,497234.625,22,9,16.39999962,2024/9/2 14:35
1725288347,1725288347,0,1,10.44505501,-60.87057114,489648.9375,20,12,-43.20000076,2024/9/2 14:45
1725288947,1725288947,0,1,-27.55908585,-68.63524628,494386.8125,22,10,42.20000076,2024/9/2 14:55
1725289547,1725289547,0,1,-64.86585999,-83.33505249,505984.9688,21,10,-9.600000381,2024/9/2 15:05
1725290148,1725290147,0,1,-74.36006165,137.9318695,507322.4688,29,12,-49.29999924,2024/9/2 15:15
1725290748,1725290747,0,1,-37.77368927,113.5387268,495687.7813,25,10,-36.90000153,2024/9/2 15:25
1725291348,1725291347,0,1,0.178723335,105.2322388,487062.8438,26,12,15.10000038,2024/9/2 15:35
1725291948,1725291947,0,1,38.20807648,96.877388,492760.1563,16,10,-47.5,2024/9/2 15:45
1725292548,1725292548,0,1,74.78255463,71.70001984,502534.5313,29,12,-5.199999809,2024/9/2 15:55
1725293148,1725293148,0,1,64.35418701,-66.53662872,501332.8125,28,13,-3.799999952,2024/9/2 16:05
1725293748,1725293748,0,1,26.98473358,-80.95214081,492018.7188,19,9,-27.29999924,2024/9/2 16:15
1725294348,1725294348,0,1,-11.0296154,-88.69972229,490655.875,18,11,-7.400000095,2024/9/2 16:25
1725294948,1725294948,0,1,-48.80280304,-98.28853607,501220.6563,22,11,-7,2024/9/2 16:35
1725295548,1725295548,0,1,-82.12253571,-162.2291718,508685.625,28,13,-48.5,2024/9/2 16:45
1725296149,1725296148,0,1,-54.08203125,95.59056091,501479.875,23,11,6.099999905,2024/9/2 16:55
1725296749,1725296748,0,1,-16.39653587,84.94358826,489318.25,22,12,-58.20000076,2024/9/2 17:05
1725297349,1725297348,0,1,21.65587425,77.29238892,488809.6875,21,11,-60.59999847,2024/9/2 17:15
1725297949,1725297948,0,1,59.29485703,65.10206604,499069.9063,15,13,-15.30000019,2024/9/2 17:25
1725298549,1725298549,0,1,79.05257416,-62.51963425,503634.0313,30,13,19.79999924,2024/9/2 17:35
1725299149,1725299149,0,1,43.42594528,-100.1833801,496117.0625,24,8,-24.89999962,2024/9/2 17:45
1725299749,1725299749,0,1,5.545038223,-109.0286331,489464.1563,24,13,-24.70000076,2024/9/2 17:55
1725300349,1725300349,0,1,-32.43011856,-116.9897537,495779.6875,24,10,-10.69999981,2024/9/2 18:05
1725300949,1725300949,0,1,-69.47431946,-135.0703888,506861.5313,24,12,-46.79999924,2024/9/2 18:15
1725301549,1725301549,0,1,-69.93448639,83.59770966,506116.5,28,12,13.80000019,2024/9/2 18:25
1725302150,1725302149,0,1,-32.90738297,65.07357025,493842.625,22,11,16.39999962,2024/9/2 18:35
1725302750,1725302749,0,1,5.090363503,57.083992,487002.7813,20,12,-56.40000153,2024/9/2 18:45
1725304550,1725304550,0,1,59.6399498,-116.9296646,500288.6563,19,12,-20.20000076,2024/9/2 19:15
1725305150,1725305150,0,1,22.09461594,-129.2297211,491056.4063,20,10,-40.70000076,2024/9/2 19:25
1725305750,1725305750,0,1,-15.93146515,-136.8827972,491456,20,11,-9.899999619,2024/9/2 19:35
1725306350,1725306350,0,1,-53.60684586,-147.417099,502674.9063,20,13,-20.60000038,2024/9/2 19:45
1725306950,1725306950,0,1,-82.2733078,113.6694183,508481.1875,30,13,-27.29999924,2024/9/2 19:55
1725307550,1725307550,0,1,-49.2760849,46.43284225,499652.75,23,11,45,2024/9/2 20:05
1725308151,1725308150,0,1,-11.48785877,36.75896072,488223.4063,24,11,-22.20000076,2024/9/2 20:15
1725308751,1725308750,0,1,26.55545235,29.01798248,489594.3438,20,11,12.60000038,2024/9/2 20:25
1725310551,1725310551,0,1,38.56122208,-148.8079376,494598.8125,18,10,-22.5,2024/9/2 20:55
1725311151,1725311151,0,1,0.622744977,-157.1780853,489321.1563,18,12,17.10000038,2024/9/2 21:05
1725311751,1725311751,0,1,-37.31069183,-165.4476166,497246.6875,25,12,8.800000191,2024/9/2 21:15
1725312351,1725312351,0,1,-73.93730164,170.8854065,507698.9688,29,13,-58.70000076,2024/9/2 21:25
1725312951,1725312951,0,1,-65.31789398,31.68255806,504957.5625,27,12,20,2024/9/2 21:35
1725313551,1725313551,0,1,-28.01403046,16.70975876,492280,19,9,32.09999847,2024/9/2 21:45
1725314152,1725314151,0,1,10.01467991,8.925680161,487098.4063,19,10,24,2024/9/2 21:55
1725314752,1725314751,0,1,47.85487747,-0.521631658,495403.2188,19,10,47.90000153,2024/9/2 22:05
1725315352,1725315351,0,1,81.77020264,-58.83110428,503321.1563,27,12,16.20000076,2024/9/2 22:15
1725315952,1725315952,0,1,54.85388947,-166.6145935,498769.5313,27,12,14.10000038,2024/9/2 22:25
1725316552,1725316552,0,1,17.17432022,-177.4578705,489996.875,21,12,6.699999809,2024/9/2 22:35
1725317152,1725317152,0,1,-20.85321808,174.8980713,492310.125,26,12,60.59999847,2024/9/2 22:45
1725317752,1725317752,0,1,-58.40326691,163.0298004,504087.0938,27,12,-35.79999924,2024/9/2 22:55
1725318352,1725318352,0,1,-79.74284363,38.69921494,508132.7188,28,13,3.400000095,2024/9/2 23:05
1725318952,1725318952,0,1,-44.42295456,-2.436428308,498014.5938,22,9,22.20000076,2024/9/2 23:15
1725319552,1725319552,0,1,-6.554908276,-11.40429497,487570.0313,22,10,16.79999924,2024/9/2 23:25
1725320153,1725320152,0,1,31.46446419,-19.32614899,490766.8125,20,9,37.40000153,2024/9/2 23:35
1725320753,1725320752,0,1,68.62391663,-36.67008209,501030.125,24,12,52.79999924,2024/9/2 23:45
1725321353,1725321352,0,1,70.72272491,-177.9282684,502139.1563,28,13,2,2024/9/2 23:55
1725321953,1725321953,0,1,33.66605759,162.7048187,493077.1875,18,10,-6,2024/9/3 0:05
1725322553,1725322553,0,1,-4.316659927,154.6720734,489403.3125,26,13,63.20000076,2024/9/3 0:15
1725323153,1725323153,0,1,-42.19478226,145.9622345,498815.375,26,12,-2.599999905,2024/9/3 0:25
1725323753,1725323753,0,1,-78.07314301,112.2215424,508288.9688,26,13,-26.70000076,2024/9/3 0:35
1725324353,1725324353,0,1,-60.59183121,-18.92157745,503669.9688,25,11,19.10000038,2024/9/3 0:45
1725324953,1725324953,0,1,-23.09531593,-31.5843792,490990.8438,22,10,-6.400000095,2024/9/3 0:55
1725325554,1725325553,0,1,14.9508419,-39.25444794,487686.6875,23,9,-15.39999962,2024/9/3 1:05
1725326154,1725326153,0,1,52.69844818,-49.59377289,496901.625,19,11,23.5,2024/9/3 1:15
1725326754,1725326753,0,1,82.47212982,-142.486496,503433.5,29,12,3.700000048,2024/9/3 1:25
1725327354,1725327353,0,1,50.02450562,144.1544189,497402.0625,23,10,20.60000038,2024/9/3 1:35
1725327954,1725327953,0,1,12.24213696,134.347641,489315.5938,21,14,53.79999924,2024/9/3 1:45
1725328554,1725328554,0,1,-25.77397919,126.6306458,493530.9688,20,12,-3,2024/9/3 1:55
1725329154,1725329154,0,1,-63.15870285,112.8399506,505313.4375,26,13,-21.79999924,2024/9/3 2:05
1725329754,1725329754,0,1,-75.89951324,-23.58966255,507515.6875,29,12,-2.599999905,2024/9/3 2:15
1725330354,1725330354,0,1,-39.54465485,-51.10452652,496362.5313,25,11,-1.600000024,2024/9/3 2:25
1725330954,1725330954,0,1,-1.613314986,-59.55843353,487286.5,22,11,-13.60000038,2024/9/3 2:35
1725331555,1725331554,0,1,36.36819839,-67.76404572,492279.5,24,12,-41.59999847,2024/9/3 2:45
1725332155,1725332154,0,1,73.1450882,-90.18911743,502158.5,29,12,-11.5,2024/9/3 2:55
1725332755,1725332754,0,1,66.11551666,129.8099518,501461.8125,28,12,-4.400000095,2024/9/3 3:05
1725333355,1725333354,0,1,28.76435471,114.3211975,492050.25,17,10,-11.10000038,2024/9/3 3:15
1725333955,1725333955,0,1,-9.24642849,106.5151825,490032.25,22,13,-8,2024/9/3 3:25
1725334555,1725334555,0,1,-47.05319977,97.19847107,500347.5313,21,9,-1.100000024,2024/9/3 3:35
1725335155,1725335155,0,1,-81.35948944,43.89868546,508433.9688,26,11,1.299999952,2024/9/3 3:45
1725335755,1725335755,0,1,-55.81364822,-68.73532867,502006.125,26,12,14.39999962,2024/9/3 3:55
1725336355,1725336355,0,1,-18.17149544,-79.82465363,489658.5313,18,11,8.199999809,2024/9/3 4:05
1725336955,1725336955,0,1,19.88178635,-87.46511078,488397.8125,18,11,-9.899999619,2024/9/3 4:15
1725337556,1725337555,0,1,57.51117706,-99.0506897,498421.2813,17,13,-38.5,2024/9/3 4:25
1725338156,1725338155,0,1,80.31865692,139.8790131,503481.8438,28,13,1.200000048,2024/9/3 4:35
1725338756,1725338755,0,1,45.23609161,95.26243591,496351.9063,24,11,-52,2024/9/3 4:45
1725339356,1725339356,0,1,7.31427002,86.18223572,489360.0313,16,11,-83.69999695,2024/9/3 4:55
1725339956,1725339956,0,1,-30.6740303,78.30389404,495179.4063,20,10,-3.900000095,2024/9/3 5:05
1725340556,1725340556,0,1,-67.82575226,61.62566757,506519.4375,23,12,29.89999962,2024/9/3 5:15
1725341156,1725341156,0,1,-71.55773163,-79.32801056,506602.3125,28,13,-11.39999962,2024/9/3 5:25
1725341756,1725341756,0,1,-34.66475296,-99.61480713,494469.875,23,10,-5.900000095,2024/9/3 5:35
1725342356,1725342356,0,1,3.318838358,-107.7043457,486870.5,23,12,-21.70000076,2024/9/3 5:45
1725342956,1725342956,0,1,41.25333023,-116.3191833,493439.625,22,10,-17.79999924,2024/9/3 5:55
1725343557,1725343556,0,1,77.3687973,-147.7283325,502738.125,26,13,-3.299999952,2024/9/3 6:05
1725344157,1725344156,0,1,61.40365219,79.02367401,500482.375,28,12,-26.79999924,2024/9/3 6:15
1725344757,1725344756,0,1,23.85217667,66.0184021,491240.25,15,10,-45.29999924,2024/9/3 6:25
1725345357,1725345357,0,1,-14.17181873,58.34198761,491095.2813,20,12,-27.39999962,2024/9/3 6:35
1725345957,1725345957,0,1,-51.88507462,48.18425369,502122.6875,21,10,45.40000153,2024/9/3 6:45
1725346557,1725346557,0,1,-82.5791626,-38.20827866,508549.3125,28,12,-18,2024/9/3 6:55
1725347157,1725347157,0,1,-51.0049324,-118.0354843,500247.0625,24,10,-10.30000019,2024/9/3 7:05
1725347757,1725347757,0,1,-13.2494669,-128.0216217,488382.7813,21,14,-9.399999619,2024/9/3 7:15
1725348357,1725348357,0,1,24.80070877,-135.7199249,489064.9063,21,11,-31.70000076,2024/9/3 7:25
1725348957,1725348957,0,1,62.27682877,-149.0995483,499478.7813,25,14,15.69999981,2024/9/3 7:35
1725349558,1725349557,0,1,76.62225342,75.8661499,503090.875,27,13,-5,2024/9/3 7:45
1725350158,1725350157,0,1,40.36390686,46.56925201,495022.5938,6,9,11.69999981,2024/9/3 7:55
1725353158,1725353158,0,1,-29.7607708,-148.0154266,492620.9375,20,9,-3.799999952,2024/9/3 8:45
1725353758,1725353758,0,1,8.260703087,-155.8613892,486792.3438,25,11,9.600000381,2024/9/3 8:55
1725354358,1725354358,0,1,46.13032532,-165.054306,494790.4063,24,10,-0.300000012,2024/9/3 9:05
1725354959,1725354958,0,1,80.87882233,146.1251984,503190.5,26,11,1.899999976,2024/9/3 9:15
1725356759,1725356758,0,1,-19.10351753,10.13417625,491962.5625,18,11,20.10000038,2024/9/3 9:45
1725357359,1725357359,0,1,-56.70253372,-1.204796672,503434.0313,20,12,23.70000076,2024/9/3 9:55
1725357959,1725357959,0,1,-80.86009979,-118.3467636,508097.2813,24,12,-38.29999924,2024/9/3 10:05
1725358559,1725358559,0,1,-46.14717865,-167.0036316,498369.75,20,10,-10.5,2024/9/3 10:15
1725359159,1725359159,0,1,-8.302742004,-176.196228,487522.0313,24,10,24.5,2024/9/3 10:25
1725359759,1725359759,0,1,29.72845268,175.9568939,490199,22,10,-6.599999905,2024/9/3 10:35
1725360359,1725360359,0,1,66.98673248,159.8847656,500703.0938,26,11,7.199999809,2024/9/3 10:45
1725360960,1725360959,0,1,72.31388855,19.28941536,502519.9063,23,13,32.40000153,2024/9/3 10:56
1725361560,1725361559,0,1,35.46389771,-1.967513323,493648.5938,22,11,48.90000153,2024/9/3 11:06
1725362160,1725362159,0,1,-2.50347662,-10.1097002,489327.625,20,13,19.39999962,2024/9/3 11:16
1725362760,1725362759,0,1,-40.46704102,-18.65871429,498055.5625,18,11,22.20000076,2024/9/3 11:26
1725363360,1725363360,0,1,-76.67075348,-48.08514023,507758.1563,27,13,-12.60000038,2024/9/3 11:36
1725363960,1725363960,0,1,-62.26773071,177.0361176,503829.25,30,12,-49.29999924,2024/9/3 11:46
1725364560,1725364560,0,1,-24.82863045,163.6622314,491086.1875,22,8,48.29999924,2024/9/3 11:56
1725365160,1725365160,0,1,13.21534157,155.9620209,487251.125,24,11,33.59999847,2024/9/3 12:06
1725365760,1725365760,0,1,50.99869537,145.9695282,496364.7813,21,12,17.5,2024/9/3 12:16
1725366360,1725366360,0,1,82.57815552,65.79672241,503478.9375,26,14,12.60000038,2024/9/3 12:26
1725366961,1725366960,0,1,51.78918457,-20.27672958,497927.25,23,11,61.20000076,2024/9/3 12:36
1725367561,1725367560,0,1,14.04193878,-30.42313004,489503.4375,19,13,4.800000191,2024/9/3 12:46
1725368161,1725368160,0,1,-23.98060608,-38.10411835,492888.7813,22,12,-9.699999809,2024/9/3 12:56
1725368761,1725368760,0,1,-61.49477005,-51.14867783,504544.375,24,12,21.20000076,2024/9/3 13:06
1725369361,1725369361,0,1,-77.33022308,175.5593872,507464.875,28,12,-55.09999847,2024/9/3 13:16
1725369961,1725369961,0,1,-41.25410461,144.2592163,496679.375,24,11,-6.199999809,2024/9/3 13:26
1725370561,1725370561,0,1,-3.341153383,135.6438904,487151.3438,25,13,71.30000305,2024/9/3 13:36
1725371161,1725371161,0,1,34.65604019,127.5507126,491653.125,20,9,27,2024/9/3 13:46
1725371761,1725371761,0,1,71.58840179,107.2119827,501780.3125,27,13,-10.5,2024/9/3 13:56
1725372361,1725372361,0,1,67.74057007,-33.765728,501609.9688,26,12,55.90000153,2024/9/3 14:06
1725372962,1725372961,0,1,30.54041481,-50.39048386,492261.9688,20,10,-17.89999962,2024/9/3 14:16
1725373562,1725373561,0,1,-7.46337986,-58.2664566,489565.25,20,12,-7.699999809,2024/9/3 14:26
1725374162,1725374161,0,1,-45.30032349,-67.341362,499524.5313,16,11,13.69999981,2024/9/3 14:36
1725374762,1725374761,0,1,-80.37032318,-112.3289261,508203.0625,26,13,-38.29999924,2024/9/3 14:46
1725375362,1725375362,0,1,-57.47968292,126.9739075,502485.0625,28,12,-26.89999962,2024/9/3 14:56
1725375962,1725375962,0,1,-19.88335037,115.4008408,490089.5,22,10,-9.699999809,2024/9/3 15:06
1725376562,1725376562,0,1,18.1681633,107.7599258,488213.5,22,11,-17.20000076,2024/9/3 15:16
1725377162,1725377162,0,1,55.84093475,96.65878296,498011.3438,22,12,-39.70000076,2024/9/3 15:26
1725377762,1725377762,0,1,81.31922913,-16.41354752,503498.75,27,12,29.89999962,2024/9/3 15:36
1725378362,1725378362,0,1,46.92721176,-69.30032349,496617.0625,23,10,-26.29999924,2024/9/3 15:46
1725378963,1725378962,0,1,9.091691971,-78.6016922,489017.125,21,13,12.60000038,2024/9/3 15:56
1725379563,1725379562,0,1,-28.91139412,-86.41117096,494206.9375,14,9,2.5,2024/9/3 16:06
1725380163,1725380162,0,1,-66.16062164,-101.9039307,505765.5938,23,12,-24.89999962,2024/9/3 16:16
1725380763,1725380763,0,1,-73.09344482,118.0239792,506719.0938,31,12,-31.70000076,2024/9/3 16:26
1725381363,1725381363,0,1,-36.35238647,95.69163513,495091.2188,25,10,-22.29999924,2024/9/3 16:36
1725381963,1725381963,0,1,1.613621712,87.49121857,487184.625,27,13,-76.59999847,2024/9/3 16:46
1725382563,1725382563,0,1,39.56340408,79.03547668,493297.5938,23,12,-49.5,2024/9/3 16:56
1725383163,1725383163,0,1,75.95449829,51.39309311,502754.0313,28,13,4.900000095,2024/9/3 17:06
1725383763,1725383763,0,1,63.0483551,-84.98462677,500879.5938,25,11,-40.40000153,2024/9/3 17:16
1725384363,1725384363,0,1,25.62095833,-98.72358704,491276.8125,17,10,-23.20000076,2024/9/3 17:26
1725384964,1725384963,0,1,-12.40326023,-106.4360733,490254.1875,18,12,-6.300000191,2024/9/3 17:36
1725385564,1725385563,0,1,-50.15751648,-116.2604141,501022.8125,18,11,-9.699999809,2024/9/3 17:46
1725386164,1725386163,0,1,-82.47927856,170.2502899,508190.7813,27,12,-45.59999847,2024/9/3 17:56
1725386764,1725386763,0,1,-52.6623497,77.50919342,500702.7813,27,13,33.29999924,2024/9/3 18:06
1725387364,1725387364,0,1,-14.94313812,67.18546295,488936.7813,24,13,-33.59999847,2024/9/3 18:16
1725387964,1725387964,0,1,23.10675621,59.51721191,489084.4688,23,10,-34.70000076,2024/9/3 18:26
1725389764,1725389764,0,1,42.04896164,-118.0667953,495271.4063,18,9,-18.29999924,2024/9/3 18:56
1725390365,1725390364,0,1,4.145568371,-126.7617035,488857.4063,14,12,-22.70000076,2024/9/3 19:06
1725390965,1725390964,0,1,-33.82458496,-134.7999573,495630.0625,13,10,-11.69999981,2024/9/3 19:16
1725391565,1725391564,0,1,-70.77420807,-154.1932983,506699.1875,25,12,-60.5,2024/9/3 19:26
1725392165,1725392164,0,1,-68.62212372,64.59909821,505554.75,30,13,28.70000076,2024/9/3 19:36
1725392765,1725392765,0,1,-31.43983841,47.25357437,493305,22,10,21.39999962,2024/9/3 19:46
1725393365,1725393365,0,1,6.567773342,39.33621216,487024,22,14,-13.30000019,2024/9/3 19:56
1725394565,1725394565,0,1,79.80223846,-11.10212803,503059.75,7,13,32,2024/9/3 20:16
1725395165,1725395165,0,1,58.26899719,-135.1646729,499479.5938,26,11,3.400000095,2024/9/3 20:26
1725395765,1725395765,0,1,20.67694473,-146.9920349,490174.6875,20,11,-12.10000038,2024/9/3 20:36
1725396366,1725396365,0,1,-17.35662079,-154.6350098,491075.25,16,11,4.900000095,2024/9/3 20:46
1725396966,1725396965,0,1,-55.0044632,-165.5116119,502572.125,21,10,-30.60000038,2024/9/3 20:56
1725397566,1725397565,0,1,-81.75285339,86.50609589,508060.2813,26,12,-3.799999952,2024/9/3 21:06
1725398166,1725398165,0,1,-47.79993439,28.43782043,499048.0313,24,11,35.79999924,2024/9/3 21:16
1725398766,1725398766,0,1,-9.985883713,19.00330925,488022.9063,22,11,8.399999619,2024/9/3 21:26
1725399366,1725399366,0,1,28.0499897,11.21721363,489995.6875,18,9,28.29999924,2024/9/3 21:36
1725399966,1725399966,0,1,65.38947296,-3.80551672,500300.4688,25,11,52.20000076,2024/9/3 21:46
1725400566,1725400566,0,1,73.8217392,-143.1704102,502501.9375,27,12,-6.199999809,2024/9/3 21:56
1725401166,1725401166,0,1,37.13225174,-166.6562042,493644.9063,25,10,-12.89999962,2024/9/3 22:06
1725401766,1725401766,0,1,-0.826158345,-174.9157562,488706.125,26,12,17.10000038,2024/9/3 22:16
1725402367,1725402366,0,1,-38.75102615,176.6990662,497091.4063,27,11,23.10000038,2024/9/3 22:26
1725402967,1725402966,0,1,-75.20890045,150.6767578,507457.25,27,13,-57.90000153,2024/9/3 22:36
1725403567,1725403566,0,1,-63.92536163,13.10896683,504371.6563,28,12,19.89999962,2024/9/3 22:46
1725404167,1725404167,0,1,-26.49406815,-1.093738317,491850.5313,19,9,19.39999962,2024/9/3 22:56
1725404767,1725404767,0,1,11.54006481,-8.833147049,487326.5625,19,11,31.60000038,2024/9/3 23:06
1725405367,1725405367,0,1,49.35239029,-18.52561951,495886.7813,13,12,60.79999924,2024/9/3 23:16
1725405967,1725405967,0,1,82.30664825,-86.66030121,503212.5,26,13,14.30000019,2024/9/3 23:26
1725406567,1725406567,0,1,53.42616653,175.2857819,497966.75,30,11,2.200000048,2024/9/3 23:36
1725407167,1725407167,0,1,15.70863628,164.7852478,489189.0625,24,14,22.10000038,2024/9/3 23:46
1725407767,1725407767,0,1,-22.32274437,157.1269531,492041.7188,32,12,50.70000076,2024/9/3 23:56
1725408368,1725408367,0,1,-59.83360291,144.7557678,503982.7813,27,13,-30.60000038,2024/9/4 0:06
1725408968,1725408967,0,1,-78.67419434,15.69350529,507698.25,26,13,2.5,2024/9/4 0:16
1725409568,1725409567,0,1,-42.95866013,-20.35292244,497443.125,20,10,21.10000038,2024/9/4 0:26
1725410168,1725410168,0,1,-5.00741148,-29.16120911,487520.9688,22,10,-4.900000095,2024/9/4 0:36
1725410768,1725410768,0,1,33.00014114,-37.15979385,491247.5,21,10,31.29999924,2024/9/4 0:46
1725411368,1725411368,0,1,70.05844116,-55.82161331,501293.25,26,13,27.89999962,2024/9/4 0:56
1725411968,1725411968,0,1,69.29525757,162.8118591,501603.5938,30,11,5.300000191,2024/9/4 1:06
1725412568,1725412568,0,1,32.19094849,144.8809509,492186.5313,24,11,28.39999962,2024/9/4 1:16
1725413168,1725413168,0,1,-5.8076334,136.926712,488883.4063,32,14,70.30000305,2024/9/4 1:26
1725413768,1725413768,0,1,-43.67223358,128.0522156,498704.875,29,9,-26.60000038,2024/9/4 1:36
1725414369,1725414368,0,1,-79.20329285,89.68498993,507951.3125,27,13,-1.899999976,2024/9/4 1:46
1725414969,1725414968,0,1,-59.13898087,-37.24363708,503044.5938,19,13,20.60000038,2024/9/4 1:56
1725415569,1725415568,0,1,-21.53107643,-49.37723923,490639.6563,16,10,-6.599999905,2024/9/4 2:06
1725416169,1725416169,0,1,16.51623344,-57.02866364,488108.4063,17,11,-47.90000153,2024/9/4 2:16
1725416769,1725416769,0,1,54.22689819,-67.7177887,497529.125,19,12,-22,2024/9/4 2:26
1725417369,1725417369,0,1,82.04976654,-171.1932678,503388.75,28,13,3.900000095,2024/9/4 2:36
1725417969,1725417969,0,1,48.55166626,126.1490479,496713.4375,25,9,11.5,2024/9/4 2:46
1725418569,1725418569,0,1,10.73922825,116.594696,488686.5625,23,13,38,2024/9/4 2:56
1725419169,1725419169,0,1,-27.27641678,108.8375626,493342.2188,23,10,-38.29999924,2024/9/4 3:06
1725419769,1725419769,0,1,-64.60497284,94.28607178,505068.6563,24,11,3.5,2024/9/4 3:16
1725420370,1725420369,0,1,-74.59431458,-44.16181183,506873.5938,28,12,-5.199999809,2024/9/4 3:26
1725420970,1725420969,0,1,-38.0371933,-68.97895813,495645.9375,20,10,21,2024/9/4 3:36
1725421570,1725421569,0,1,-0.025333334,-77.31786346,487180.625,22,12,18.70000076,2024/9/4 3:46
1725422170,1725422170,0,1,37.94088364,-85.63883972,492737.375,19,12,-34.29999924,2024/9/4 3:56
1725422770,1725422770,0,1,74.54708099,-110.3772583,502311.6563,26,12,-15.10000038,2024/9/4 4:06
1725423370,1725423370,0,1,64.60883331,111.0774307,500876.5625,28,12,-19.29999924,2024/9/4 4:16
1725423970,1725423970,0,1,27.24480247,96.51810455,491315.7188,9,10,-47.20000076,2024/9/4 4:26
1725424570,1725424570,0,1,-10.776577,88.76183319,489826.4375,21,12,-64.09999847,2024/9/4 4:36
1725425170,1725425170,0,1,-48.56153107,79.21177673,500427.5625,20,11,27,2024/9/4 4:46
1725425771,1725425770,0,1,-82.03790283,16.82339287,508209.1875,28,12,-7.300000191,2024/9/4 4:56
1725426371,1725426370,0,1,-54.31394577,-86.89043427,501369.125,23,11,-4.400000095,2024/9/4 5:06
1725426971,1725426970,0,1,-16.63368416,-97.59305573,489276.8125,22,13,-6.099999905,2024/9/4 5:16
1725427571,1725427570,0,1,21.4820385,-105.2554092,488654.5938,22,11,-23.5,2024/9/4 5:26
1725428171,1725428170,0,1,59.06589127,-117.3504791,498724.1875,27,14,-19.5,2024/9/4 5:36
1725428771,1725428771,0,1,79.22283173,115.7510147,503127.375,26,14,-2.299999952,2024/9/4 5:46
1725429371,1725429371,0,1,43.65047073,77.3009491,495473.0938,23,9,-46.40000153,2024/9/4 5:56
1725429971,1725429971,0,1,5.765329838,68.42919922,488796.5,20,13,-89.5,2024/9/4 6:06
1725430571,1725430571,0,1,-32.21766281,60.47795486,495105.9688,15,10,17.70000076,2024/9/4 6:16
1725431171,1725431171,0,1,-69.2798233,42.57507706,506392.9063,24,11,25.20000076,2024/9/4 6:26
1725431772,1725431771,0,1,-70.12586212,-98.74295807,506007.7188,28,11,-25.89999962,2024/9/4 6:36
1725432372,1725432371,0,1,-33.11295319,-117.4577789,493841.5938,24,12,-11,2024/9/4 6:46
1725432972,1725432971,0,1,4.883186817,-125.458168,486869.8125,24,12,-25.39999962,2024/9/4 6:56
1725433572,1725433571,0,1,42.86051941,-134.255249,493899.7813,26,11,-30.5,2024/9/4 7:06
1725434172,1725434172,0,1,78.63829803,-170.1437378,502768.625,29,12,2.599999905,2024/9/4 7:16
1725434772,1725434772,0,1,59.8335495,60.60010147,499762.9688,17,10,-6.599999905,2024/9/4 7:26
1725435372,1725435372,0,1,22.28847885,48.22890854,490427.7188,11,11,-23,2024/9/4 7:36
1725435972,1725435972,0,1,-15.74351692,40.57305145,490776.3438,12,10,-18.70000076,2024/9/4 7:46
1725436572,1725436572,0,1,-53.42869949,30.07918549,502043.5313,22,11,36.5,2024/9/4 7:56
1725437172,1725437172,0,1,-82.32200623,-67.62701416,508106.0313,30,13,-27.10000038,2024/9/4 8:06
1725437773,1725437772,0,1,-49.44895172,-136.0842896,499530.7188,26,10,-17.5,2024/9/4 8:16
1725438373,1725438372,0,1,-11.66303349,-145.7875214,488104.7813,25,11,-1.600000024,2024/9/4 8:26
1725438973,1725438972,0,1,26.38118935,-153.5235138,489441.0625,22,12,-7.900000095,2024/9/4 8:36
1725439573,1725439572,0,1,63.85555649,-167.6921997,499823.7813,23,12,5.5,2024/9/4 8:46
1725440173,1725440173,0,1,75.22773743,54.71892166,502631.1875,22,12,2,2024/9/4 8:56
1725442573,1725442573,0,1,-73.80420685,-11.43083477,507108.6563,25,13,6.900000095,2024/9/4 9:36
1725443173,1725443173,0,1,-65.45809937,-150.7812958,504687.3125,27,13,-47.40000153,2024/9/4 9:46
1725443774,1725443773,0,1,-28.1588192,-165.8377533,492123.4063,24,10,14.80000019,2024/9/4 9:56
1725444374,1725444373,0,1,9.869913101,-173.6261444,486994.5625,28,10,10.30000019,2024/9/4 10:06
1725444974,1725444973,0,1,47.71244049,176.9493103,495313.8125,22,11,-2.299999952,2024/9/4 10:16
1725445574,1725445573,0,1,81.73552704,119.1033783,503147.0938,26,12,3.299999952,2024/9/4 10:26
1725446774,1725446774,0,1,17.31343079,-0.010336666,489493.9375,17,11,27.89999962,2024/9/4 10:46
1725447374,1725447374,0,1,-20.71975899,-7.653973103,491669.5625,20,12,12.80000019,2024/9/4 10:56
1725447974,1725447974,0,1,-58.28007507,-19.48154259,503322.1563,23,13,19.79999924,2024/9/4 11:06
1725448574,1725448574,0,1,-79.82648468,-143.381485,507611.3125,26,12,-49.09999847,2024/9/4 11:16
1725449174,1725449174,0,1,-44.53865814,175.019577,497689.4375,22,8,8.100000381,2024/9/4 11:26
1725449775,1725449774,0,1,-6.670156479,166.0379486,487378.9688,22,11,49.09999847,2024/9/4 11:36
1725450375,1725450374,0,1,31.35011864,158.1217041,490696.25,22,9,5.599999905,2024/9/4 11:46
1725450975,1725450974,0,1,68.57520294,140.8033142,500995.3125,23,12,1.600000024,2024/9/4 11:56
1725451575,1725451575,0,1,70.77031708,-0.442726672,501918.5625,23,12,50,2024/9/4 12:06
1725452175,1725452175,0,1,33.77814102,-19.84621048,492643.375,23,11,40.40000153,2024/9/4 12:16
1725452775,1725452775,0,1,-4.208781719,-27.88589287,488772.9063,20,13,-3.200000048,2024/9/4 12:26
1725453375,1725453375,0,1,-42.09534454,-36.58565903,497994.5,23,11,-3.900000095,2024/9/4 12:36
1725453975,1725453975,0,1,-78.00084686,-70.06919098,507553.4688,27,13,-18.70000076,2024/9/4 12:46
1725454575,1725454575,0,1,-60.67658234,158.5511322,503247.6563,24,11,-33.09999847,2024/9/4 12:56
1725455176,1725455175,0,1,-23.18010521,145.8552094,490765.4375,23,10,44.70000076,2024/9/4 13:06
1725455776,1725455775,0,1,14.8662529,138.1843414,487590.8125,26,9,52.20000076,2024/9/4 13:16
1725456376,1725456375,0,1,52.61484528,127.8633423,496852.4063,20,12,8.300000191,2024/9/4 13:26
1725456976,1725456975,0,1,82.48634338,35.58163834,503207.4063,28,13,20.39999962,2024/9/4 13:36
1725457576,1725457576,0,1,50.10533905,-38.39138412,496927.25,27,12,48.59999847,2024/9/4 13:46
1725458176,1725458176,0,1,12.3189497,-48.21340179,488692.125,21,12,-38.40000153,2024/9/4 13:56
1725458776,1725458776,0,1,-25.70457077,-55.92950821,492730.375,21,11,10.10000038,2024/9/4 14:06
1725459376,1725459376,0,1,-63.09872818,-69.69229889,504599.75,22,12,8,2024/9/4 14:16
1725459976,1725459976,0,1,-75.94816589,153.9635162,507114.6563,30,13,-56.5,2024/9/4 14:26
1725460576,1725460576,0,1,-39.59938812,126.3350449,496219.8438,23,10,-30.5,2024/9/4 14:36
1725461177,1725461176,0,1,-1.66881001,117.876564,487234.875,22,11,52.09999847,2024/9/4 14:46
1725461777,1725461776,0,1,36.31227875,109.6762466,492251.5938,17,11,-29.79999924,2024/9/4 14:56
1725462377,1725462376,0,1,73.09529114,87.33069611,501957,24,10,-11.5,2024/9/4 15:06
1725462977,1725462976,0,1,66.10702515,-52.77759933,500959.0938,26,11,29.89999962,2024/9/4 15:16
1725463577,1725463577,0,1,28.81236076,-68.24339294,491370.75,18,10,-50,2024/9/4 15:26
1725464177,1725464177,0,1,-9.205760002,-76.05128479,489189.9063,20,12,19.70000076,2024/9/4 15:36
1725464777,1725464777,0,1,-47.02086258,-85.36376953,499609.4063,19,9,1.799999952,2024/9/4 15:46
1725465377,1725465377,0,1,-81.34631348,-138.5146942,507989.1875,26,12,-45.40000153,2024/9/4 15:56
1725465977,1725465977,0,1,-55.83824921,108.6996307,501859.625,27,12,-10.5,2024/9/4 16:06
1725466577,1725466577,0,1,-18.19745255,97.60444641,489796.375,26,10,-46.90000153,2024/9/4 16:16
1725467178,1725467177,0,1,19.85294151,89.96494293,488626.25,22,11,-60.5,2024/9/4 16:26
1725467778,1725467777,0,1,57.48072433,78.39052582,498474.875,21,12,-32.79999924,2024/9/4 16:36
1725468378,1725468377,0,1,80.33979034,-42.55502319,503216.0625,28,14,32.40000153,2024/9/4 16:46
1725468978,1725468977,0,1,45.20119476,-87.32613373,495708.7813,22,10,-37,2024/9/4 16:56
1725469578,1725469578,0,1,7.334430218,-96.38926697,488372.7813,19,10,-7.199999809,2024/9/4 17:06
1725470178,1725470178,0,1,-30.66417503,-104.268013,494150.1875,18,10,-6.5,2024/9/4 17:16
1725470778,1725470778,0,1,-67.82552338,-120.9458084,505716.3438,26,13,-35.79999924,2024/9/4 17:26
1725471378,1725471378,0,1,-71.55316162,98.08660889,506141,27,13,-5.5,2024/9/4 17:36
1725471978,1725471978,0,1,-34.65807343,77.80723572,494446.3125,24,10,6.400000095,2024/9/4 17:46
1725472578,1725472578,0,1,3.322740078,69.71865845,487196.375,24,12,-91.90000153,2024/9/4 17:56
1725474379,1725474378,0,1,61.40516281,-103.5489349,500044,26,11,-39.29999924,2024/9/4 18:26
1725474979,1725474978,0,1,23.84745598,-116.5572128,490344.375,18,10,-45,2024/9/4 18:36
1725475579,1725475579,0,1,-14.18706799,-124.2352448,489963.0313,16,10,-8.600000381,2024/9/4 18:46
1725476179,1725476179,0,1,-51.91099167,-134.3998718,501135.5,19,10,-18.5,2024/9/4 18:56
1725476779,1725476779,0,1,-82.57707977,138.9494324,507926.7813,29,11,-42,2024/9/4 19:06
1725477379,1725477379,0,1,-50.96790314,59.37625504,500065.9063,25,10,38.90000153,2024/9/4 19:16
1725477979,1725477979,0,1,-13.21371651,49.39723206,488633.9375,23,12,-17.70000076,2024/9/4 19:26
1725478579,1725478579,0,1,24.83156586,41.69862747,489375.4063,20,11,8.199999809,2024/9/4 19:36
1725479780,1725479779,0,1,76.59851837,-106.7741318,502693.1563,23,12,-8.300000191,2024/9/4 19:56
1725480380,1725480379,0,1,40.32987595,-136.0132141,494169.8438,20,11,-33.40000153,2024/9/4 20:06
1725480980,1725480979,0,1,2.336304903,-144.5515747,488159.1563,18,13,5.400000095,2024/9/4 20:16
1725481580,1725481580,0,1,-35.62454605,-152.7025146,495629.7813,16,10,-2.599999905,2024/9/4 20:26
1725482180,1725482180,0,1,-72.42836761,-174.1024933,506669.625,24,12,-64.80000305,2024/9/4 20:36
1725482780,1725482780,0,1,-66.9144516,45.40960312,505020.4375,29,11,27.5,2024/9/4 20:46
1725483380,1725483380,0,1,-29.69301796,29.39772224,492789.3125,25,10,33.79999924,2024/9/4 20:56
1725483980,1725483980,0,1,8.324174881,21.55459976,487148.5938,22,12,-1.5,2024/9/4 21:06
1725484580,1725484580,0,1,46.18864059,12.35357857,494922.1875,15,9,47.29999924,2024/9/4 21:16
1725485181,1725485180,0,1,80.91218567,-36.7552948,502881.0313,26,11,34.59999847,2024/9/4 21:26
1725485781,1725485780,0,1,56.55967331,-153.4959717,498481.75,28,13,14.10000038,2024/9/4 21:36
1725486381,1725486380,0,1,18.85076523,-164.8135986,489172.875,19,10,7.900000095,2024/9/4 21:46
1725486981,1725486981,0,1,-19.18967438,-172.4531097,490798.1875,17,12,25.29999924,2024/9/4 21:56
1725487581,1725487581,0,1,-56.79650116,176.1779938,502632.8125,21,14,-39.09999847,2024/9/4 22:06
1725488181,1725488181,0,1,-80.79920197,58.56405258,507685.5313,28,12,6.400000095,2024/9/4 22:16
1725488781,1725488781,0,1,-46.04578781,10.39587021,498425.125,24,9,25.5,2024/9/4 22:26
1725489381,1725489381,0,1,-8.204021454,1.217073321,487883.5938,20,11,11.19999981,2024/9/4 22:36
1725489981,1725489981,0,1,29.82166862,-6.633211613,490458.4375,23,10,46,2024/9/4 22:46
1725490582,1725490581,0,1,67.07322693,-22.76745987,500524.0625,30,11,62.90000153,2024/9/4 22:56
1725491182,1725491181,0,1,72.22737122,-163.416275,501817.5625,29,12,0.100000001,2024/9/4 23:06
1725491782,1725491781,0,1,35.35987854,175.4387054,492542.0313,21,12,-10.39999962,2024/9/4 23:16
1725492382,1725492381,0,1,-2.620589972,167.3016357,488114.8438,24,13,39.70000076,2024/9/4 23:26
1725492982,1725492982,0,1,-40.59387589,158.7388306,497174.9063,28,11,2.5,2024/9/4 23:36
1725493582,1725493582,0,1,-76.78157806,129.0110779,507371.0625,29,12,-42.29999924,2024/9/4 23:46
1725494182,1725494182,0,1,-62.13735199,-5.61578846,503812.6563,27,12,12.60000038,2024/9/4 23:56
1725494782,1725494782,0,1,-24.69710541,-18.93083572,491440.5,18,8,5.199999809,2024/9/5 0:06
1725495382,1725495382,0,1,13.34192467,-26.62791634,487598.4375,18,12,12.5,2024/9/5 0:16
1725495982,1725495982,0,1,51.12009048,-36.64290237,496341.75,20,10,52.40000153,2024/9/5 0:26
1725496583,1725496582,0,1,82.5848999,-117.7475128,502927.7188,27,12,5.599999905,2024/9/5 0:36
1725497183,1725497182,0,1,51.65855789,157.1033478,496909.3438,26,11,24.70000076,2024/9/5 0:46
1725497783,1725497782,0,1,13.89727879,146.9828796,488307.875,26,13,32.29999924,2024/9/5 0:56
1725498383,1725498382,0,1,-24.19950676,139.2838135,491907.0625,24,11,28.70000076,2024/9/5 1:06
1725498983,1725498983,0,1,-61.65270996,126.1851654,504035.625,25,13,-32.29999924,2024/9/5 1:16
1725499583,1725499583,0,1,-77.19546509,-7.457439899,507278.4688,28,12,0.300000012,2024/9/5 1:26
1725500183,1725500183,0,1,-41.09070206,-38.35195541,496846.5938,22,10,-5.5,2024/9/5 1:36
1725500783,1725500783,0,1,-3.180175066,-46.95027161,487533.8125,22,12,-26.60000038,2024/9/5 1:46
1725501383,1725501383,0,1,34.81151962,-55.05241776,491900.875,17,10,-23.60000038,2024/9/5 1:56
1725501983,1725501983,0,1,71.73012543,-75.56225586,501608.4063,26,13,-0.5,2024/9/5 2:06
1725502584,1725502583,0,1,67.59172058,143.5174103,501017.1563,29,12,1.700000048,2024/9/5 2:16
1725503184,1725503183,0,1,30.37526131,127.0059509,491257.625,26,11,27.89999962,2024/9/5 2:26
1725503784,1725503783,0,1,-7.639830112,119.1359177,488484.6563,23,11,38,2024/9/5 2:36
1725504384,1725504383,0,1,-45.54666138,110.0158005,498712.8125,22,10,-22.39999962,2024/9/5 2:46
1725504984,1725504984,0,1,-80.49304962,64.20034027,507620.0625,26,11,5.400000095,2024/9/5 2:56
1725505584,1725505584,0,1,-57.28890991,-55.68824387,502245.5,24,11,19.70000076,2024/9/5 3:06
1725506184,1725506184,0,1,-19.68803787,-67.20131683,490117.9063,20,10,43.5,2024/9/5 3:16
1725506784,1725506784,0,1,18.36097145,-74.84112549,488364.7188,13,12,-24.10000038,2024/9/5 3:26
1725507384,1725507384,0,1,56.0275383,-85.99415588,497949.5938,17,12,-47.59999847,2024/9/5 3:36
1725507984,1725507984,0,1,81.21648407,159.9348145,503030.7188,27,12,1.600000024,2024/9/5 3:46
1725508585,1725508584,0,1,46.73046112,108.0720139,495771.625,27,11,-35.5,2024/9/5 3:56
1725509185,1725509184,0,1,8.883343697,98.79734802,488115.7813,23,12,-25.79999924,2024/9/5 4:06
1725509785,1725509784,0,1,-29.19032097,90.96406555,493478.9375,24,8,-30.20000076,2024/9/5 4:16
1725510385,1725510384,0,1,-66.43196869,75.29021454,505244.5,25,11,18.10000038,2024/9/5 4:26
1725510985,1725510985,0,1,-72.88998413,-64.88808441,506401.5,29,12,3,2024/9/5 4:36
1725511585,1725511585,0,1,-36.12657166,-86.92453766,494953.0313,20,10,-1,2024/9/5 4:46
1725512185,1725512185,0,1,1.8408283,-95.1088562,487095.3125,23,12,-8.899999619,2024/9/5 4:56
1725512785,1725512785,0,1,39.788311,-103.5846558,493123.8125,21,12,-20.10000038,2024/9/5 5:06
1725513385,1725513385,0,1,76.14835358,-131.6865845,502272.0625,30,14,-5.599999905,2024/9/5 5:16
1725513985,1725513985,0,1,62.8221817,92.29758453,500030.75,29,12,-27,2024/9/5 5:26
1725514586,1725514585,0,1,25.37770271,78.66638947,490387.7188,19,9,-58.09999847,2024/9/5 5:36
1725515186,1725515185,0,1,-12.65511036,70.95817566,489590.4375,24,11,-52.59999847,2024/9/5 5:46
1725515786,1725515785,0,1,-50.47210693,61.06178284,500625.8438,22,10,37.59999847,2024/9/5 5:56
1725516386,1725516385,0,1,-82.52740479,-14.76766682,507964.1563,28,12,-11.19999981,2024/9/5 6:06
1725516986,1725516986,0,1,-52.40753937,-105.150322,500609.125,22,12,-11.5,2024/9/5 6:16
1725517586,1725517586,0,1,-14.68361378,-115.4198151,488818,20,12,-4.199999809,2024/9/5 6:26
1725518186,1725518186,0,1,23.36605835,-123.091835,488946.6563,21,12,-46.79999924,2024/9/5 6:36
1725518786,1725518786,0,1,60.89083481,-135.874527,498989.6563,21,13,8.100000381,2024/9/5 6:46
1725519386,1725519386,0,1,77.78771973,92.0479126,502627.75,25,13,-4.400000095,2024/9/5 6:56
1725519986,1725519986,0,1,41.77850342,59.29825592,494437.3438,16,10,-27.29999924,2024/9/5 7:06
1725520587,1725520586,0,1,3.864393234,50.63090515,488145.0313,19,13,-51.40000153,2024/9/5 7:16
1725521187,1725521186,0,1,-34.10960388,42.5754509,495114.1875,19,9,26.20000076,2024/9/5 7:26
1725521787,1725521786,0,1,-71.0414505,22.88636017,506298.0625,24,12,21.60000038,2024/9/5 7:36
1725522387,1725522387,0,1,-68.28859711,-118.3166885,505306.625,28,11,-34.90000153,2024/9/5 7:46
1725522987,1725522987,0,1,-31.14715195,-135.3688812,493104.4375,23,9,-11.60000038,2024/9/5 7:56
1725523587,1725523587,0,1,6.862866879,-143.2724304,486883.6563,24,14,-2.200000048,2024/9/5 8:06
1725524187,1725524187,0,1,44.75061798,-152.2818146,494354.4375,21,11,-11.30000019,2024/9/5 8:16
1725524787,1725524787,0,1,80.00442505,165.0811768,502670.6563,29,13,0.5,2024/9/5 8:26
1725525387,1725525387,0,1,57.97519302,42.12353134,498801.9375,13,12,10.89999962,2024/9/5 8:36
1725526588,1725526587,0,1,-17.67158508,22.74961662,490474.875,18,11,11,2024/9/5 8:56
1725527188,1725527187,0,1,-55.31741333,11.79210377,502084.4063,18,11,23.79999924,2024/9/5 9:06
1725527788,1725527787,0,1,-81.57717133,-98.44908142,507667.0938,27,12,-29.60000038,2024/9/5 9:16
1725528388,1725528388,0,1,-47.47796631,-154.2272034,498727.25,22,11,-12.80000019,2024/9/5 9:26
1725528988,1725528988,0,1,-9.657253265,-163.6116333,487818.0938,25,12,15.60000038,2024/9/5 9:36
1725529588,1725529588,0,1,28.37775803,-171.4079437,489926.8125,22,9,-1.700000048,2024/9/5 9:46
1725530188,1725530188,0,1,65.703125,173.3782654,500157.4688,27,11,6.400000095,2024/9/5 9:56
1725530788,1725530788,0,1,73.52774811,33.71287155,502040.75,23,13,15.80000019,2024/9/5 10:06
1725531989,1725531988,0,1,-1.168126702,2.468146563,488101.2813,17,13,17.39999962,2024/9/5 10:26
1725532589,1725532588,0,1,-39.09513855,-5.94587183,496582.7188,18,11,19.89999962,2024/9/5 10:36
1725533189,1725533188,0,1,-75.51222992,-32.60031509,506917.5313,25,14,-4.699999809,2024/9/5 10:46
1725533789,1725533788,0,1,-63.52436829,-169.7468872,503930.2813,27,12,-47.5,2024/9/5 10:56
1725534389,1725534389,0,1,-26.13644791,176.2751007,491490.7813,26,8,49.59999847,2024/9/5 11:06
1725534989,1725534989,0,1,11.90032482,168.5457458,487207.0625,25,12,23.5,2024/9/5 11:16
1725535589,1725535589,0,1,49.70690155,158.7922516,495863.8125,24,11,3.599999905,2024/9/5 11:26
1725536189,1725536189,0,1,82.3959198,88.14006805,502952.6875,30,12,6.400000095,2024/9/5 11:36
1725536789,1725536789,0,1,53.06973267,-7.418775082,497405.5938,22,12,56.29999924,2024/9/5 11:46
1725537389,1725537389,0,1,15.33961201,-17.83890533,488530.3438,18,13,28.20000076,2024/9/5 11:56
1725537990,1725537989,0,1,-22.69726753,-25.50185966,491459.9063,18,11,-5.099999905,2024/9/5 12:06
1725538590,1725538589,0,1,-60.20301819,-38.01141739,503334.8125,25,12,20.60000038,2024/9/5 12:16
1725539190,1725539189,0,1,-78.38072968,-168.1471252,507148.3125,28,11,-55.70000076,2024/9/5 12:26
1725539790,1725539789,0,1,-42.50923157,156.9590759,496985.9375,26,10,-3.299999952,2024/9/5 12:36
1725540390,1725540390,0,1,-4.613733292,148.2138367,487283.375,24,11,80,2024/9/5 12:46
1725540990,1725540990,0,1,33.39113998,140.1946411,491258.7188,25,10,41.20000076,2024/9/5 12:56
1725541590,1725541590,0,1,70.4217453,121.1626053,501204.6875,27,13,-7.699999809,2024/9/5 13:06
1725542190,1725542190,0,1,68.92691803,-20.16120148,501087.875,22,13,59.79999924,2024/9/5 13:16
1725542790,1725542790,0,1,31.79279709,-37.76324844,491441.7813,22,11,26.60000038,2024/9/5 13:26
1725543390,1725543390,0,1,-6.215166569,-45.69828796,488216.5,20,14,-24.79999924,2024/9/5 13:36
1725543991,1725543990,0,1,-44.08152771,-54.62187958,498067.2188,17,12,0.300000012,2024/9/5 13:46
1725544591,1725544590,0,1,-79.50392914,-94.47007751,507434.625,27,12,-23.79999924,2024/9/5 13:56
1725545191,1725545190,0,1,-58.72828674,139.9775848,502649.3125,26,12,-29.79999924,2024/9/5 14:06
1725545791,1725545790,0,1,-21.10656738,127.9864655,490428.4688,25,10,15.5,2024/9/5 14:16
1725546391,1725546391,0,1,16.94099617,120.3393936,488060.625,23,12,38.29999924,2024/9/5 14:26
1725546991,1725546991,0,1,54.64221954,109.5502701,497464.4375,22,11,-32.59999847,2024/9/5 14:36
1725547591,1725547591,0,1,81.8875885,3.412708282,502886.625,29,12,31,2024/9/5 14:46
1725548191,1725548191,0,1,48.12580109,-56.55111313,495866.7813,25,10,0.5,2024/9/5 14:56
1725548791,1725548791,0,1,10.29815006,-66.03642273,487856.5,21,11,-23.60000038,2024/9/5 15:06
1725549391,1725549391,0,1,-27.72324371,-73.80770874,492677.1875,17,9,17.20000076,2024/9/5 15:16
1725549992,1725549991,0,1,-65.03770447,-88.60740662,504666.8125,20,12,-14.30000019,2024/9/5 15:26
1725550592,1725550591,0,1,-74.1945343,132.449173,506589.4688,27,12,-46.90000153,2024/9/5 15:36
1725551192,1725551191,0,1,-37.58404922,108.3518982,495541.0938,26,10,-35.09999847,2024/9/5 15:46
1725551792,1725551791,0,1,0.430461675,100.0491867,487310.5,22,12,-6.5,2024/9/5 15:56
1725552392,1725552392,0,1,38.39006042,91.69371796,492933.1563,18,12,-56.90000153,2024/9/5 16:06
1725552992,1725552992,0,1,74.94160461,66.21372223,502161.5313,30,13,-3.900000095,2024/9/5 16:16
1725553592,1725553592,0,1,64.17466736,-71.81397247,500227.7188,30,12,-18.79999924,2024/9/5 16:26
1725554192,1725554192,0,1,26.78403091,-86.13175964,490337.5313,18,10,-28.20000076,2024/9/5 16:36
1725554792,1725554792,0,1,-11.24865341,-93.87509918,488855.125,22,10,-10,2024/9/5 16:46
1725555392,1725555392,0,1,-49.03495026,-103.5037842,499706.1875,23,10,-9.5,2024/9/5 16:56
1725555993,1725555992,0,1,-82.20431519,-169.089447,507676.9688,28,11,-48.70000076,2024/9/5 17:06
1725556593,1725556592,0,1,-53.83448792,90.34830475,501047.7813,24,11,12.69999981,2024/9/5 17:16
1725557193,1725557192,0,1,-16.14424896,79.76157379,489381.4375,21,13,-52.79999924,2024/9/5 17:26
1725557793,1725557793,0,1,21.96694756,72.09552765,489045.5313,21,12,-58,2024/9/5 17:36
1725560793,1725560793,0,1,-32.71837616,-122.1873169,494176.2188,6,0,-10.89999962,2024/9/5 18:26
1725561394,1725561393,0,1,-69.76023865,-140.5415955,505659.1875,23,12,-51.5,2024/9/5 18:36
1725561994,1725561993,0,1,-69.64189148,78.10929871,505453.3125,30,12,16.10000038,2024/9/5 18:46
1725562594,1725562593,0,1,-32.59213638,59.86915588,493721.7188,23,11,19.10000038,2024/9/5 18:56
1725563194,1725563193,0,1,5.40427351,51.8970871,487230.4375,19,14,-53.70000076,2024/9/5 19:06
1725565594,1725565594,0,1,21.76292992,-134.4260712,489236.875,22,11,-15.30000019,2024/9/5 19:46
1725566194,1725566194,0,1,-16.28165817,-142.0779572,489709.4063,22,11,-15.30000019,2024/9/5 19:56
1725569195,1725569194,0,1,26.99272919,23.79722595,489890.0938,11,10,-15.30000019,2024/9/5 20:46
1725570995,1725570995,128849018,1,38.17473984,-154.0366516,492876,6,0,-17.70000076,2024/9/5 21:16
1725571595,1725571595,0,1,0.21541667,-162.3768005,487464.4688,23,11,15.60000038,2024/9/5 21:26
1725572195,1725572195,0,1,-37.731987,-170.6803589,495651.375,26,10,12.5,2024/9/5 21:36
1725572795,1725572795,0,1,-74.32377625,164.9860077,506557.5625,26,11,-54.70000076,2024/9/5 21:46
1725573396,1725573395,0,1,-64.8936615,26.21119118,504335.125,26,13,19.89999962,2024/9/5 21:56
1725573996,1725573995,0,1,-27.5693512,11.48979664,492206.625,21,9,25.70000076,2024/9/5 22:06
1725574596,1725574595,0,1,10.45723534,3.720848322,487386.8125,17,10,23,2024/9/5 22:16
1725575196,1725575195,0,1,48.34857559,-5.815933228,495548.25,15,11,52.40000153,2024/9/5 22:26
1725575796,1725575796,0,1,81.97568512,-67.21582031,502728.5313,27,13,18.89999962,2024/9/5 22:36
1725576396,1725576396,0,1,54.41714478,-171.9339905,497352,27,12,7,2024/9/5 22:46
1725576996,1725576996,0,1,16.71191216,177.3304443,488147.5625,20,11,9,2024/9/5 22:56
1725577596,1725577596,0,1,-21.33337593,169.6808929,490585.3125,24,11,56,2024/9/5 23:06
1725578196,1725578196,0,1,-58.88531876,157.6486206,502760,30,13,-33,2024/9/5 23:16
1725578796,1725578796,0,1,-79.38822174,31.55813789,507277.9375,29,13,4.599999905,2024/9/5 23:26
1725579397,1725579396,0,1,-43.91895676,-7.711483479,497683.9688,21,8,24,2024/9/5 23:36
1725579997,1725579996,0,1,-6.046470165,-16.61698914,487740.5313,22,13,12,2024/9/5 23:46
1725580597,1725580596,0,1,31.96519089,-24.56142616,491044.1875,19,10,32.70000076,2024/9/5 23:56
1725581197,1725581196,0,1,69.15138245,-42.37844849,500815.25,24,12,42.90000153,2024/9/6 0:06
1725581797,1725581797,0,1,70.19774628,176.2618408,501026.5313,28,12,3,2024/9/6 0:16
1725582397,1725582397,0,1,33.14992905,157.461441,491319,26,11,4.800000191,2024/9/6 0:26
1725582997,1725582997,0,1,-4.854189873,149.4559021,487544.4688,22,12,81,2024/9/6 0:36
1725583597,1725583597,0,1,-42.74313354,140.6854858,497324.9063,31,12,-15.80000019,2024/9/6 0:46
1725584197,1725584197,0,1,-78.51130676,105.3048172,507218.25,31,13,-21,2024/9/6 0:56
1725584797,1725584797,0,1,-60.03753281,-24.37188721,503091.1875,28,12,12.19999981,2024/9/6 1:06
1725585398,1725585397,0,1,-22.52279472,-36.81866455,490959.625,20,10,-9.300000191,2024/9/6 1:16
1725585998,1725585997,0,1,15.51997185,-44.47962189,488033.9688,21,11,-25.29999924,2024/9/6 1:26
1725586598,1725586597,0,1,53.25181961,-54.93949509,497037.75,22,12,10.39999962,2024/9/6 1:36
1725587198,1725587197,0,1,82.33796692,-152.282959,502770.625,29,13,4.300000191,2024/9/6 1:46
1725587798,1725587798,0,1,49.45946884,138.8287506,495900.8125,24,11,23.39999962,2024/9/6 1:56
1725588398,1725588398,0,1,11.65112209,129.1211548,487469.9688,21,11,56.09999847,2024/9/6 2:06
1725588998,1725588998,0,1,-26.38102913,121.3876114,491878.7188,24,11,-11.60000038,2024/9/6 2:16
1725589598,1725589598,0,1,-63.75704956,107.2939377,504033.1875,20,11,-13.69999981,2024/9/6 2:26
1725590198,1725590198,0,1,-75.35915375,-30.06718063,506655.2813,29,12,-3.900000095,2024/9/6 2:36
1725590798,1725590798,0,1,-38.9131546,-56.38923264,496003.4063,24,10,11.5,2024/9/6 2:46
1725591399,1725591398,0,1,-0.977546692,-64.78696442,487447.9375,20,12,-1.299999952,2024/9/6 2:56
1725591999,1725591998,0,1,36.9942131,-73.03585052,492540.3438,26,11,-42.90000153,2024/9/6 3:06
1725592599,1725592598,0,1,73.70662689,-96.32785034,501839.625,29,13,-12.69999981,2024/9/6 3:16
1725593199,1725593198,0,1,65.4523468,124.1217957,500239.875,26,13,-16.10000038,2024/9/6 3:26
1725593799,1725593799,0,1,28.11797714,109.0660248,490278.0313,21,9,-25.39999962,2024/9/6 3:36
1725594399,1725594399,0,1,-9.913016319,101.2807236,488312.6875,17,10,-22.20000076,2024/9/6 3:46
1725594999,1725594999,0,1,-47.72537994,91.86167908,499004.1563,21,9,8,2024/9/6 3:56
1725595599,1725595599,0,1,-81.69490051,34.63840485,507470.6875,29,12,0.800000012,2024/9/6 4:06
1725596199,1725596199,0,1,-55.13165665,-74.16364288,501441.875,24,12,3.400000095,2024/9/6 4:16
1725596800,1725596799,0,1,-17.47303581,-85.070755,489616.5625,22,11,-0.699999988,2024/9/6 4:26
1725597400,1725597399,0,1,20.5760746,-92.71277618,488689.4063,20,12,-17.79999924,2024/9/6 4:36
1725598000,1725597999,0,1,58.18394852,-104.5099258,498415.8125,26,12,-33.5,2024/9/6 4:46
1725598600,1725598599,0,1,79.81682587,131.4398499,502624.125,27,12,-1.399999976,2024/9/6 4:56
1725599200,1725599200,0,1,44.47702026,89.91364288,494703.4063,23,9,-61.40000153,2024/9/6 5:06
1725601600,1725601600,0,1,-70.86024475,-85.42165375,505802.8438,9,0,-13.80000019,2024/9/6 5:46
1725602200,1725602200,0,1,-33.9054451,-104.9060364,494152.2813,17,0,-7.800000191,2024/9/6 5:56
1725603401,1725810016,1374389534,1,42.06546402,-121.6588745,493668.6875,5,0,-22.20000076,2024/9/6 6:16
1725604001,1725810617,1374389534,1,78.02168274,-155.2052917,502296.4063,11,0,-0.300000012,2024/9/6 6:26
1725604601,1725811217,1374389534,1,60.60486221,73.41820526,499109.4375,13,0,-24.10000038,2024/9/6 6:36
1725605201,1725811817,1374389534,1,23.07481003,60.75214386,489390.8125,10,0,-39.40000153,2024/9/6 6:46
1725605801,1725812417,1374389534,1,-14.96813869,53.08570099,489438.5313,13,0,-22.39999962,2024/9/6 6:56
1725607001,1725813617,1374389534,1,-82.48607635,-49.64744568,507572.9375,12,0,-20.60000038,2024/9/6 7:16
1725607601,1725814217,1374389534,1,-50.19061279,-123.4481506,499661.8438,17,0,-11.69999981,2024/9/6 7:26
1725608201,1725814817,1374389534,1,-12.42049026,-133.2810364,488366.25,11,0,-8.699999809,2024/9/6 7:36
1725608801,1725815417,1374389534,1,25.62319946,-140.9964294,489399.4688,13,0,-23,2024/9/6 7:46
1725609401,1725816017,1374389534,1,63.12716675,-154.7919006,499446,14,0,11.69999981,2024/9/6 7:56
1725610001,1725816618,1374389534,1,75.87660217,68.68606567,502098.75,15,0,-3.099999905,2024/9/6 8:06
1725613602,1725820218,1374389534,1,-28.86905861,-153.3146362,492353,13,0,-1,2024/9/6 9:06
1725614202,1725820818,1374389534,1,9.153574944,-161.1259766,487067.7813,14,0,12.60000038,2024/9/6 9:16
1725615402,1725822018,1374389534,1,81.39754486,135.8047943,502670.4375,11,0,1.899999976,2024/9/6 9:36
1725617202,1725823819,1374389534,1,-20.03099251,4.852630138,490382.1875,5,0,19.29999924,2024/9/6 10:06
1725617802,1725824419,1374389534,1,-57.62204361,-6.764319897,502204.25,13,0,22.70000076,2024/9/6 10:16
1725618402,1725825019,1374389534,1,-80.27321625,-128.0860901,507158.5625,17,0,-40.79999924,2024/9/6 10:26
1725619002,1725825619,1374389534,1,-45.20016479,-172.4050598,497828.875,19,0,-4.5,2024/9/6 10:36
1725619602,1725826219,1374389534,1,-7.343233109,178.5306244,487579.9063,13,0,31.39999962,2024/9/6 10:46
1725620802,1725827419,1374389534,1,67.88342285,153.9069366,500591.7188,8,0,5,2024/9/6 11:06
1725621404,1725621403,0,1,71.44438934,12.86565685,501373.0625,21,12,40.70000076,2024/9/6 11:16
1725623204,1725623204,0,1,-41.46115112,-24.03143692,496704.5625,7,0,16.10000038,2024/9/6 11:46
1725623804,1725623804,0,1,-77.50068665,-55.85303116,506721.5938,25,13,-14.5,2024/9/6 11:56
1725624404,1725624404,0,1,-61.28207779,171.2971191,503087.625,25,12,-46.90000153,2024/9/6 12:06
1725625004,1725625004,0,1,-23.80640411,158.3555145,490896.8125,22,10,46.59999847,2024/9/6 12:16
1725625604,1725625604,0,1,14.23633003,150.6757355,487597.5938,23,12,42.40000153,2024/9/6 12:26
1725626204,1725626204,0,1,51.99616241,140.4860229,496585.1875,22,10,20,2024/9/6 12:36
1725626805,1725626804,0,1,82.56453705,52.78465652,502778.8438,25,12,16.89999962,2024/9/6 12:46
1725627405,1725627404,0,1,50.78107452,-25.76405334,496255.1875,24,10,63,2024/9/6 12:56
1725628005,1725628004,0,1,12.99768829,-35.71290207,487571.4688,20,13,-10.19999981,2024/9/6 13:06
1725628605,1725628605,0,1,-25.10342979,-43.42998123,491345.3438,22,11,-11.19999981,2024/9/6 13:16
1725629205,1725629205,0,1,-62.53146362,-56.92302322,503416.1875,22,13,23,2024/9/6 13:26
1725629805,1725629805,0,1,-76.43858337,167.6865997,506601.5938,29,14,-56.79999924,2024/9/6 13:36
1725630405,1725630405,0,1,-40.17542648,138.8665619,496235.4063,26,9,-15.69999981,2024/9/6 13:46
1725631005,1725631005,0,1,-2.252778292,130.356369,487334.9375,25,13,65.40000153,2024/9/6 13:56
1725631605,1725631605,0,1,35.730896,122.1960983,492093.2813,23,11,11,2024/9/6 14:06
1725632206,1725632205,0,1,72.56895447,100.6003265,501580.2813,28,11,-12.60000038,2024/9/6 14:16
1725632806,1725632805,0,1,66.71746063,-39.85040665,500326.7188,26,12,48.90000153,2024/9/6 14:26
1725633406,1725633405,0,1,29.4458313,-55.72739029,490359.4375,17,10,-35.09999847,2024/9/6 14:36
1725634006,1725634005,0,1,-8.645031929,-63.57275391,487818.0625,17,11,11,2024/9/6 14:46
1725634606,1725634606,0,1,-46.48122787,-72.80919647,498268.8125,17,10,22.60000038,2024/9/6 14:56
1725635206,1725635206,0,1,-81.05738831,-123.1495819,507195.875,29,11,-40.29999924,2024/9/6 15:06
1725635806,1725635806,0,1,-56.35868835,121.3257217,501739.625,34,13,-23.10000038,2024/9/6 15:16
1725636406,1725636406,0,1,-18.73207283,110.0860748,489948.75,27,11,-23,2024/9/6 15:26
1725637006,1725637006,0,1,19.31558418,102.4481201,488644.375,22,11,-31.79999924,2024/9/6 15:36
1725637606,1725637606,0,1,56.95604706,91.03282928,498216.9375,25,12,-38.59999847,2024/9/6 15:46
1725638207,1725638206,0,1,80.67456818,-27.60866737,502697.9688,24,12,34.59999847,2024/9/6 15:56
1725638807,1725638806,0,1,45.78719711,-74.76197052,494885.5625,20,10,-32.70000076,2024/9/6 16:06
1725639407,1725639406,0,1,7.917874813,-83.90377045,487126.3125,17,11,11.10000038,2024/9/6 16:16
1725640007,1725640006,0,1,-30.15993309,-91.77513123,492769.7813,19,10,0.100000001,2024/9/6 16:26
1725640607,1725640607,0,1,-67.35944366,-108.100708,504687.875,25,11,-28.89999962,2024/9/6 16:36
1725641207,1725641207,0,1,-71.9990921,111.1337509,505804.4375,31,12,-26.29999924,2024/9/6 16:46
1725641807,1725641807,0,1,-35.14408875,90.30518341,494607.875,27,10,-14.89999962,2024/9/6 16:56
1725642407,1725642407,0,1,2.829705,82.18714905,487410.6563,22,13,-101.1999969,2024/9/6 17:06
1725643007,1725643007,0,1,40.76195145,73.62223816,493707.4688,24,11,-39.5,2024/9/6 17:16
1725643607,1725643607,0,1,76.96253204,43.40750122,502434.375,28,14,10.80000019,2024/9/6 17:26
1725644207,1725644207,0,1,61.88063431,-90.86621094,499456.0938,28,12,-47.70000076,2024/9/6 17:36
1725644808,1725644807,0,1,24.39429855,-104.0643921,489309.9688,19,8,-18.5,2024/9/6 17:46
1725645408,1725645407,0,1,-13.65133953,-111.7526093,488574.7813,20,11,-4.300000191,2024/9/6 17:56
1725646008,1725646007,0,1,-51.3984642,-121.8135452,499821.8438,19,11,-11.30000019,2024/9/6 18:06
1725646608,1725646607,0,1,-82.59438324,154.835144,507183.4063,27,14,-38.90000153,2024/9/6 18:16
1725647208,1725647208,0,1,-51.40651703,71.92447662,499959.0625,26,11,38,2024/9/6 18:26
1725647808,1725647808,0,1,-13.66195679,61.86206436,488839.3125,24,13,-31.20000076,2024/9/6 18:36
1725648408,1725648408,0,1,24.38099861,54.17412186,489527.625,17,12,-33.29999924,2024/9/6 18:46
1725650208,1725650208,0,1,40.77357483,-123.5104065,493401.2813,26,10,-27.79999924,2024/9/6 19:16
1725650809,1725650808,0,1,2.838016748,-132.0781555,486983.6563,20,12,-14.10000038,2024/9/6 19:26
1725651409,1725651408,0,1,-35.13944244,-140.1975555,494280.6875,18,9,-9.600000381,2024/9/6 19:36
1725652009,1725652008,0,1,-71.99643707,-161.0285492,505671.875,27,13,-63.59999847,2024/9/6 19:46
1725652609,1725652608,0,1,-67.30039978,58.15652847,504642.5313,26,12,32.70000076,2024/9/6 19:56
1725653209,1725653209,0,1,-30.09903526,41.87054062,492883.9375,20,11,15,2024/9/6 20:06
1725653809,1725653809,0,1,7.913491726,34.01300049,487303.0313,17,12,-11.60000038,2024/9/6 20:16
1725656209,1725656209,0,1,19.31521606,-152.3388062,488172.9063,17,10,-3.200000048,2024/9/6 20:56
1725656810,1725656809,0,1,-18.73695183,-159.9788971,489490.5313,21,12,10,2024/9/6 21:06
1725657410,1725657409,0,1,-56.36692047,-171.2235413,501458.625,26,12,-36.20000076,2024/9/6 21:16
1725658010,1725658009,0,1,-81.04975891,73.20861053,507067.8125,29,12,4.900000095,2024/9/6 21:26
1725658610,1725658609,0,1,-46.40819168,22.89647484,498335.3125,20,10,32.79999924,2024/9/6 21:36
1725659210,1725659210,0,1,-8.573038101,13.66903305,488012.2188,21,12,15.19999981,2024/9/6 21:46
1725659810,1725659810,0,1,29.45189857,5.83476162,490479.6563,13,9,26.79999924,2024/9/6 21:56
1725660410,1725660410,0,1,66.72177124,-10.04866505,500298.9063,23,11,57.70000076,2024/9/6 22:06
1725661010,1725661010,0,1,72.56253052,-150.4953003,501322.3438,30,13,-8,2024/9/6 22:16
1725661610,1725661610,0,1,35.72083664,-172.0876007,491668.9063,26,10,-13.30000019,2024/9/6 22:26
1725662210,1725662210,0,1,-2.267591715,179.7512817,486901.2813,26,13,22.39999962,2024/9/6 22:36
1725662811,1725662810,0,1,-40.19423294,171.2380676,495870.9375,29,12,19,2024/9/6 22:46
1725663411,1725663410,0,1,-76.45596313,142.3705597,506482.2813,29,13,-55,2024/9/6 22:56
1725664011,1725664010,0,1,-62.51087189,7.021685123,503501.0313,27,11,18.5,2024/9/6 23:06
1725664611,1725664610,0,1,-25.02087593,-6.476676464,491498.125,18,10,14.60000038,2024/9/6 23:16
1725665211,1725665211,0,1,13.01480675,-14.17921638,487689.25,16,12,30.89999962,2024/9/6 23:26
1725665811,1725665811,0,1,50.79689789,-24.1307869,496238.1563,19,10,62.90000153,2024/9/6 23:36
1725666411,1725666411,0,1,82.56634521,-102.8062592,502555.8125,28,12,8.800000191,2024/9/6 23:46
1725667011,1725667011,0,1,51.97629166,169.6161804,496200,26,13,1.700000048,2024/9/6 23:56
1725667611,1725667611,0,1,14.2118969,159.4302826,487193.125,22,13,29.20000076,2024/9/7 0:06
1725668211,1725668211,0,1,-23.83429909,151.7492981,490596.5,31,11,49.20000076,2024/9/7 0:16
1725668812,1725668811,0,1,-61.31072617,138.7950287,502968.5,31,12,-35.90000153,2024/9/7 0:26
1725669412,1725669411,0,1,-77.47651672,5.882040024,506742.5938,29,11,1,2024/9/7 0:36
1725670012,1725670011,0,1,-41.43279648,-25.86463928,496774.5,22,9,13.10000038,2024/9/7 0:46
1725670612,1725670611,0,1,-3.464164972,-34.50894165,487597.625,24,12,-8.199999809,2024/9/7 0:56
1725671212,1725671212,0,1,34.52783203,-42.59288406,491785.9688,21,10,17.20000076,2024/9/7 1:06
1725671812,1725671812,0,1,71.47025299,-62.78694534,501213.375,25,12,18.5,2024/9/7 1:16
1725672412,1725672412,0,1,67.85583496,156.1716461,500289.6563,30,13,5.300000191,2024/9/7 1:26
1725673012,1725673012,0,1,30.64567947,139.4570313,490177.0625,24,9,42.59999847,2024/9/7 1:36
1725673612,1725673612,0,1,-7.379833221,131.5740356,487209.9063,26,14,45.70000076,2024/9/7 1:46
1725674212,1725674212,0,1,-45.2393837,122.5054016,497566.4375,26,12,-27.20000076,2024/9/7 1:56
1725674813,1725674812,0,1,-80.30099487,78.01156616,506953.125,30,13,5,2024/9/7 2:06
1725675413,1725675412,0,1,-57.58093262,-43.14662552,502133.0313,28,11,19,2024/9/7 2:16
1725676013,1725676012,0,1,-19.98963356,-54.74913788,490336.8438,24,12,2.5,2024/9/7 2:26
1725676613,1725676612,0,1,18.05570221,-62.38943863,488526.2813,22,10,-46.70000076,2024/9/7 2:36
1725677213,1725677212,0,1,55.78911972,-73.48997498,497836.75,22,10,-34,2024/9/7 2:46
1725677813,1725677813,0,1,81.34461975,173.7004089,502574.0625,28,12,3.299999952,2024/9/7 2:56
1725678413,1725678413,0,1,46.96430969,120.5401535,494855.9063,24,11,0.800000012,2024/9/7 3:06
1725679013,1725679013,0,1,9.10959816,111.2305832,486795.5,21,11,18.5,2024/9/7 3:16
1725679613,1725679613,0,1,-28.91572762,103.4186096,492063.8438,19,9,-38.29999924,2024/9/7 3:26
1725680213,1725680213,0,1,-66.18258667,87.90962982,504136.125,26,11,10.39999962,2024/9/7 3:36
1725680813,1725680813,0,1,-73.11998749,-52.09684753,505911.3438,31,12,-2.400000095,2024/9/7 3:46
1725681414,1725681413,0,1,-36.37962723,-74.46704102,494986.4375,25,10,8.899999619,2024/9/7 3:56
1725682014,1725682013,0,1,1.582640052,-82.66797638,487311.8125,23,12,7,2024/9/7 4:06
1725682614,1725682613,0,1,39.5291214,-91.11948395,493210.9688,25,11,-33,2024/9/7 4:16
1725683214,1725683213,0,1,75.98040009,-118.8374176,502039.8125,27,14,-8.600000381,2024/9/7 4:26
1725683814,1725683814,0,1,63.01063156,104.820961,499372,29,12,-29.10000038,2024/9/7 4:36
1725684414,1725684414,0,1,25.56452942,91.09906006,489310.4063,6,0,-49,2024/9/7 4:46
1725685014,1725685014,0,1,-12.47998047,83.38600159,488262.9375,22,11,-66.19999695,2024/9/7 4:56
1725685614,1725685614,0,1,-50.25052643,73.54364014,499419.375,19,12,36.20000076,2024/9/7 5:06
1725686214,1725686214,0,1,-82.4979248,-0.713209987,507255.3438,27,13,-11.69999981,2024/9/7 5:16
1725686814,1725686814,0,1,-52.61701202,-92.67064667,500462.875,25,11,-7.400000095,2024/9/7 5:26
1725687415,1725687414,0,1,-14.8986721,-102.982605,489011.8125,26,14,-6.099999905,2024/9/7 5:36
1725688015,1725688014,0,1,23.1478157,-110.649353,489105.3125,25,11,-35.29999924,2024/9/7 5:46
1725688615,1725688614,0,1,60.67775345,-123.3426666,498898.5,26,14,-10.89999962,2024/9/7 5:56
1725689215,1725689214,0,1,77.91257477,104.896637,502118,27,12,-2.099999905,2024/9/7 6:06
1725689815,1725689815,0,1,41.92657471,71.73464203,493502.9375,18,10,-37.5,2024/9/7 6:16
1725690415,1725690415,0,1,4.002901554,63.05266571,486925.8125,20,10,-69.90000153,2024/9/7 6:26
1725691015,1725691015,0,1,-33.9846077,55.00478363,493895.5,17,12,28.39999962,2024/9/7 6:36
1725691615,1725691615,0,1,-70.93588257,35.43740845,505433.5313,26,13,21.70000076,2024/9/7 6:46
1725692215,1725692215,0,1,-68.45224762,-105.7489243,504964.2813,26,11,-29.39999962,2024/9/7 6:56
1725692815,1725692815,0,1,-31.32022095,-122.9311752,493179.7188,25,11,-10.89999962,2024/9/7 7:06
1725693416,1725693415,0,1,6.685965061,-130.8405151,487074.125,22,14,-22,2024/9/7 7:16
1725694016,1725694015,0,1,44.57339096,-139.825119,494371.625,26,10,-24.5,2024/9/7 7:26
1725694616,1725694615,0,1,79.92785645,177.9892426,502352,28,12,3.900000095,2024/9/7 7:36
1725695216,1725695215,0,1,58.08468246,54.57564926,498077.875,19,13,-1.100000024,2024/9/7 7:46
1725697616,1725697616,42949672,1,-81.64213562,-85.22658539,507056.8125,22,13,-28,2024/9/7 8:26
1725698216,1725698216,0,1,-47.60946274,-141.7830353,498581.375,23,9,-16.29999924,2024/9/7 8:36
1725698817,1725698816,0,1,-9.79189682,-151.1855927,487930.2188,23,11,5.800000191,2024/9/7 8:46
1725699417,1725699416,0,1,28.24109268,-158.975647,489993.4063,21,10,-5.400000095,2024/9/7 8:56
1725700017,1725700016,0,1,65.57200623,-174.1048126,499956.9375,24,11,3.900000095,2024/9/7 9:06
1725700617,1725700616,0,1,73.59290314,46.228508,501458.875,26,12,6.099999905,2024/9/7 9:16
1725701817,1725701817,0,1,-1.113923311,14.8794117,486904.125,17,13,0.600000024,2024/9/7 9:36
1725702417,1725702417,0,1,-39.05316925,6.468586445,495453.0313,22,12,20.70000076,2024/9/7 9:46
1725703017,1725703017,0,1,-75.48441315,-20.12297249,506130,26,12,-1.399999976,2024/9/7 9:56
1725703617,1725703617,0,1,-63.61263657,-157.2814789,503603.375,27,11,-44,2024/9/7 10:06
1725704217,1725704217,0,1,-26.22789574,-171.3024292,491532.8125,24,10,28.70000076,2024/9/7 10:16
1725704818,1725704817,0,1,11.8060751,-179.0328522,487344.7813,22,11,10.5,2024/9/7 10:26
1725705418,1725705417,0,1,49.6121254,171.2320862,495822.1563,24,10,1.100000024,2024/9/7 10:36
1725706018,1725706017,0,1,82.37540436,101.2554703,502576.0625,30,11,5.099999905,2024/9/7 10:46
1725708418,1725708417,4209067949,1,-60.20664978,-25.60765457,502370.5625,9,0,11.69999981,2024/9/7 11:26
1725709018,1725709017,4209067949,1,-78.37291718,-155.7819061,506536,17,0,-53,2024/9/7 11:36
1725709618,1725709617,4209067949,1,-42.55809402,169.3781128,496777.1563,8,0,10.19999981,2024/9/7 11:46
1725710218,1725710218,0,1,-4.663918495,160.6284943,487348.3125,26,13,56.79999924,2024/9/7 11:56
1725710819,1725710818,0,1,33.33903885,152.6130981,491326.875,19,10,10.80000019,2024/9/7 12:06
1725711419,1725711418,0,1,70.37258148,133.6336823,501020.8438,27,11,-4.5,2024/9/7 12:16
1725712019,1725712018,0,1,68.97478485,-7.703026772,500545,24,12,53.5,2024/9/7 12:26
1725712619,1725712618,0,1,31.7738533,-25.36305428,490488,24,11,33.09999847,2024/9/7 12:36
1725713219,1725713219,0,1,-6.244649887,-33.2984848,487033.0313,23,12,-8.399999619,2024/9/7 12:46
1725713819,1725713819,0,1,-44.12197113,-42.22827911,496941.4063,21,12,-5.699999809,2024/9/7 12:56
1725714419,1725714419,0,1,-79.53982544,-82.26204681,506571.25,27,12,-22.39999962,2024/9/7 13:06
1725715019,1725715019,0,1,-58.67364502,152.3536682,502179,26,12,-27.29999924,2024/9/7 13:16
1725715619,1725715619,0,1,-21.11204529,140.394989,490308.5938,24,12,43.29999924,2024/9/7 13:26
1725716219,1725716219,0,1,16.9341011,132.7482758,488099.875,25,10,44.5,2024/9/7 13:36
1725716820,1725716819,0,1,54.63394547,121.9612808,497356.75,23,11,-5.800000191,2024/9/7 13:47
1725717420,1725717419,0,1,81.89037323,15.86822796,502451.6563,29,13,28.89999962,2024/9/7 13:57
1725718020,1725718019,0,1,48.12739182,-44.14263535,494975.25,23,10,35.59999847,2024/9/7 14:07
1725718620,1725718620,0,1,10.22634125,-53.6423645,486688.4375,21,10,-45,2024/9/7 14:17
1725719220,1725719220,0,1,-27.80666924,-61.41780853,491473.7813,16,12,22.20000076,2024/9/7 14:27
1725719820,1725719820,0,1,-65.12757874,-76.27291107,503700.6563,22,11,-1.5,2024/9/7 14:37
1725720420,1725720420,0,1,-74.10491943,144.6794891,506012.6875,32,11,-53.59999847,2024/9/7 14:47
1725721020,1725721020,0,1,-37.48088455,120.7350769,495352.875,27,11,-35.90000153,2024/9/7 14:57
1725721620,1725721620,0,1,0.469986677,112.4526672,487327.3125,25,11,42.70000076,2024/9/7 15:07
1725722220,1725722220,0,1,38.42702484,104.0942917,492943.3438,18,10,-47.5,2024/9/7 15:17
1725722821,1725722820,0,1,74.97387695,78.55106354,501860.2813,27,13,-6.800000191,2024/9/7 15:27
1725723421,1725723420,0,1,64.13515472,-59.43393326,499454.625,25,12,15,2024/9/7 15:37
1725724021,1725724020,0,1,26.67088127,-73.74609375,489229.4375,19,10,-45.79999924,2024/9/7 15:47
1725724621,1725724621,0,1,-11.37379646,-81.487854,487629.3125,15,10,2.299999952,2024/9/7 15:57
1725725221,1725725221,0,1,-49.16914749,-91.140625,498663.75,18,11,-3.400000095,2024/9/7 16:07
1725725821,1725725821,0,1,-82.2483139,-157.703598,506969.9688,29,12,-48.20000076,2024/9/7 16:17
1725726421,1725726421,0,1,-53.68900299,102.6971436,500735.6563,27,12,-3.200000048,2024/9/7 16:27
1725727021,1725727021,0,1,-15.99584866,92.14476013,489404.3125,29,11,-53.79999924,2024/9/7 16:37
1725727621,1725727621,0,1,22.04924011,84.49195099,489192.0625,27,12,-59.09999847,2024/9/7 16:47
1725728222,1725728221,0,1,59.61087799,72.20513153,498881.375,26,13,-24.70000076,2024/9/7 16:57
1725728822,1725728821,0,1,78.80943298,-56.42060852,502279.125,27,13,26.60000038,2024/9/7 17:07
1725729422,1725729421,0,1,43.08258438,-93.00802612,493644.5,22,8,-30.10000038,2024/9/7 17:17
1725730022,1725730021,0,1,5.106808186,-101.828125,486458.25,22,11,-15,2024/9/7 17:27
1725730622,1725730622,0,1,-32.89488602,-109.8156815,493006.2188,24,9,-9.199999809,2024/9/7 17:37
1725731222,1725731222,0,1,-69.93112946,-128.332901,504790.8125,25,12,-41.90000153,2024/9/7 17:47
1725731822,1725731822,0,1,-69.46602631,90.30895996,504944.2188,30,12,9,2024/9/7 17:57
1725732422,1725732422,0,1,-32.40181732,72.23715973,493591.9063,26,12,8.100000381,2024/9/7 18:07
1725733022,1725733022,0,1,5.594069958,64.27604675,487377.4375,25,12,-75.19999695,2024/9/7 18:17
1725734823,1725734822,0,1,59.21049881,-109.8921967,498266.7188,28,11,-31.20000076,2024/9/7 18:47
1725735423,1725735422,0,1,21.628582,-122.0387573,488181.5,21,11,-47.40000153,2024/9/7 18:57
1725736023,1725736022,0,1,-16.49084663,-129.7029724,488519.1875,18,10,-9.800000191,2024/9/7 19:07
1725736623,1725736623,0,1,-54.18112183,-140.3742981,500281.4375,20,13,-18.5,2024/9/7 19:17
1725737223,1725737223,0,1,-82.08317566,116.7060013,506884.6875,29,12,-29.70000076,2024/9/7 19:27
1725737823,1725737823,0,1,-48.67257309,53.50384521,498961.2188,22,11,44,2024/9/7 19:37
1725738423,1725738423,0,1,-10.87587166,43.93365479,488368.4063,22,13,-29.39999962,2024/9/7 19:47
1725739023,1725739023,0,1,27.15820503,36.17828369,490007.875,11,12,15.5,2024/9/7 19:57
1725743224,1725743224,0,1,-64.63528442,38.41878891,503848.7813,22,11,26.39999962,2024/9/7 21:07
1725743824,1725743824,0,1,-27.29759026,23.84732628,492053.625,24,10,29.70000076,2024/9/7 21:17
1725744424,1725744424,0,1,10.72863865,16.08768654,487481.1875,18,12,10.69999981,2024/9/7 21:27
1725745024,1725745024,0,1,48.55130386,6.531970024,495553.1563,15,10,48.40000153,2024/9/7 21:37
1725745624,1725745624,0,1,82.05312347,-56.18360138,502360.0938,26,12,17.29999924,2024/9/7 21:47
1725746225,1725746224,0,1,54.21073914,-159.6078949,496518.6875,26,12,10.80000019,2024/9/7 21:57
1725746825,1725746824,0,1,16.49164391,-170.2935028,487029.625,20,12,9.199999809,2024/9/7 22:07
1725747425,1725747424,0,1,-21.56459808,-177.9459839,489465.2188,25,12,52,2024/9/7 22:17
1725748025,1725748024,0,1,-59.1813736,169.9042053,501854.7188,27,12,-43.20000076,2024/9/7 22:27
1725748625,1725748625,0,1,-79.16349792,42.79593658,506612.9375,30,12,6.5,2024/9/7 22:37
1725749225,1725749225,0,1,-43.60657883,4.612936497,497350.2188,24,10,22.10000038,2024/9/7 22:47
1725749825,1725749825,0,1,-5.7302351,-4.255135059,487740.9063,22,11,15.60000038,2024/9/7 22:57
1725750425,1725750425,0,1,32.27716446,-12.21453857,491161.75,23,10,42.90000153,2024/9/7 23:07
1725751025,1725751025,0,1,69.38335419,-30.22692871,500649.125,25,13,58.59999847,2024/9/7 23:17
1725751625,1725751625,0,1,69.96456909,-171.6096497,500378.5,32,14,1.200000048,2024/9/7 23:27
1725752226,1725752225,0,1,32.89192581,169.8218231,490279.625,21,10,-9.899999619,2024/9/7 23:37
1725752826,1725752825,0,1,-5.124613285,161.8288116,486421.2188,24,13,55,2024/9/7 23:47
1725753426,1725753425,0,1,-43.02104568,153.0259857,496317.7813,30,11,-6.900000095,2024/9/7 23:57
1725754026,1725754025,0,1,-78.77754211,116.5353012,506481.4375,28,14,-31.89999962,2024/9/8 0:07
1725754626,1725754626,0,1,-59.69115829,-12.1506834,502607.2188,25,11,18.20000076,2024/9/8 0:17
1725755226,1725755226,0,1,-22.16433525,-24.46891022,490802.3125,19,10,-4.699999809,2024/9/8 0:27
1725755826,1725755826,0,1,15.87763691,-32.12564468,488071.8438,19,11,4.400000095,2024/9/8 0:37
1725756426,1725756426,0,1,53.6007576,-42.6653595,496934.1563,21,10,42.90000153,2024/9/8 0:47
1725757026,1725757026,0,1,82.25727844,-141.9928741,502199.625,31,12,3.200000048,2024/9/8 0:57
1725757626,1725757626,0,1,49.16172028,151.1456604,494844.3125,24,9,21.10000038,2024/9/8 1:07
1725758227,1725758226,0,1,11.33742332,141.4870911,486258.1563,25,13,39.09999847,2024/9/8 1:17
1725758827,1725758826,0,1,-26.70505333,133.7425385,490798.75,24,11,5,2024/9/8 1:27
1725759427,1725759426,0,1,-64.07671356,119.4769821,503264.7188,28,13,-29,2024/9/8 1:37
1725760027,1725760027,0,1,-75.01074982,-18.45499992,506142.5625,30,12,-0.200000003,2024/9/8 1:47
1725760627,1725760627,0,1,-38.51155853,-44.07078171,495801.4063,22,11,-6.599999905,2024/9/8 1:57
1725761227,1725761227,0,1,-0.573611677,-52.4354248,487545.4375,25,12,-23.60000038,2024/9/8 2:07
1725761827,1725761827,0,1,37.39186096,-60.71390915,492667.75,20,10,-29.60000038,2024/9/8 2:17
1725762427,1725762427,0,1,74.06085968,-84.59294128,501592.3438,29,12,-6.199999809,2024/9/8 2:27
1725763027,1725763027,0,1,65.12780762,136.2770233,499397.2188,30,11,1.200000048,2024/9/8 2:37
1725763628,1725763627,0,1,27.76869774,121.4150772,489015.5,21,10,15.10000038,2024/9/8 2:47
1725764228,1725764227,0,1,-10.27632713,113.6394501,487009.4375,27,11,8.800000191,2024/9/8 2:57
1725764828,1725764827,0,1,-48.09514618,104.1611252,497941.8125,20,9,-10.39999962,2024/9/8 3:07
1725765428,1725765427,0,1,-81.88707733,44.21160126,506696.6563,24,11,-0.699999988,2024/9/8 3:17
1725766028,1725766027,0,1,-54.68959427,-61.93759918,501008.25,27,13,13,2024/9/8 3:27
1725766628,1725766628,0,1,-17.02074242,-72.73223877,489591.5313,21,10,21.39999962,2024/9/8 3:37
1725767228,1725767228,0,1,21.02487373,-80.37666321,488927.9063,18,12,-23.5,2024/9/8 3:47
1725767828,1725767828,0,1,58.61772156,-92.31759644,498446.0625,21,14,-48.5,2024/9/8 3:57
1725768428,1725768428,0,1,79.54959869,142.3007202,502051.3125,29,12,2.599999905,2024/9/8 4:07
1725769028,1725769028,0,1,44.08925247,102.2217941,493582,25,9,-48.5,2024/9/8 4:17
1725769629,1725769628,0,1,6.187133312,93.29535675,486222.9375,19,11,-54.70000076,2024/9/8 4:27
1725770229,1725770228,0,1,-31.82426262,85.36143494,492542.4688,18,10,-13.69999981,2024/9/8 4:37
1725770829,1725770828,0,1,-68.93151093,67.76998901,504535.5313,27,11,24,2024/9/8 4:47
1725771429,1725771428,0,1,-70.40345001,-73.60179901,505238.9063,27,12,-3.200000048,2024/9/8 4:57
1725772029,1725772029,0,1,-33.4104805,-92.59631348,493960.2813,22,12,-2.799999952,2024/9/8 5:07
1725772629,1725772629,0,1,4.577653408,-100.6107864,487234.625,24,13,-13.5,2024/9/8 5:17
1725773229,1725773229,0,1,42.4902916,-109.351944,493859.6563,24,11,-12.10000038,2024/9/8 5:27
1725773829,1725773829,0,1,78.35475159,-144.1112518,502005.4063,29,12,-4.199999809,2024/9/8 5:37
1725774429,1725774429,0,1,60.18606186,85.59519196,498177.75,28,12,-31.5,2024/9/8 5:47
1725775029,1725775029,0,1,22.63214874,73.09184265,488146.25,19,8,-57.59999847,2024/9/8 5:57
1725775630,1725775629,0,1,-15.42419147,65.43049622,488238,18,12,-29.89999962,2024/9/8 6:07
1725776230,1725776229,0,1,-53.13863373,55.00228119,499951.4688,25,11,41.40000153,2024/9/8 6:17
1725776830,1725776829,0,1,-82.3936615,-40.76477432,506984.3438,26,11,-20,2024/9/8 6:27
1725777430,1725777429,0,1,-49.66052628,-111.2135315,499349.375,22,11,-10.10000038,2024/9/8 6:37
1725778030,1725778030,0,1,-11.88183975,-120.9503632,488410.6875,26,13,-8.899999619,2024/9/8 6:47
1725778630,1725778630,0,1,26.15711594,-128.6775513,489627.5625,24,11,-42.40000153,2024/9/8 6:57
1725779230,1725779230,0,1,63.57821274,-142.6825714,499369.5938,26,14,12.80000019,2024/9/8 7:07
1725779830,1725779830,0,1,75.47389984,80.09423065,501413.625,29,12,-7,2024/9/8 7:17
1725780430,1725780430,0,1,38.99479675,53.52376938,492126,10,10,-19.5,2024/9/8 7:27
1725781030,1725781030,0,1,1.03263998,45.11652756,486323.6563,20,12,-41.90000153,2024/9/8 7:37
1725781631,1725781630,0,1,-36.93384552,36.87380219,494300.8438,21,10,28.20000076,2024/9/8 7:47
1725782231,1725782230,0,1,-73.62290955,13.72665024,505548.5938,26,13,19.10000038,2024/9/8 7:57
1725782831,1725782830,0,1,-65.64588165,-125.826416,504073.0938,29,11,-35.90000153,2024/9/8 8:07
1725783431,1725783430,0,1,-28.29201698,-141.0086365,492200.4375,24,11,-7.800000191,2024/9/8 8:17
1725784031,1725784031,0,1,9.731408119,-148.7987823,487212.6563,27,12,0.5,2024/9/8 8:27
1725784631,1725784631,0,1,47.57277298,-158.1988983,495102.9063,22,11,0.400000006,2024/9/8 8:37
1725785231,1725785231,0,1,81.6466217,145.1729889,502184.5625,27,12,2.900000095,2024/9/8 8:47
1725787632,1725787631,0,1,-58.15782166,5.393398285,501480.1875,18,11,18.70000076,2024/9/8 9:27
1725788232,1725788231,0,1,-79.90548706,-118.1037979,506631.4688,28,12,-38.20000076,2024/9/8 9:37
1725788832,1725788831,0,1,-44.64821243,-160.1416626,497529.375,25,11,-7.099999905,2024/9/8 9:47
1725789432,1725789431,0,1,-6.721069813,-169.1471863,487599.5313,27,12,16.60000038,2024/9/8 9:57
1725790032,1725790032,0,1,31.29487419,-177.0587006,490728.2188,27,8,-8.399999619,2024/9/8 10:07
1725790632,1725790632,0,1,68.46419525,165.7364349,500385.9375,25,11,7.5,2024/9/8 10:17
1725791232,1725791232,0,1,70.87378693,24.49669456,500543.8438,17,12,24.70000076,2024/9/8 10:27
1725793032,1725793032,0,1,-42.0449791,-11.76001167,495876.7188,21,11,24.5,2024/9/8 10:57
1725793633,1725793632,0,1,-77.97473145,-45.14790344,506131.1875,25,14,-14.39999962,2024/9/8 11:07
1725794233,1725794232,0,1,-60.70255661,-176.6251526,502650.0625,28,11,-46.40000153,2024/9/8 11:17
1725794833,1725794832,0,1,-23.14320946,170.6569824,490709.7188,26,10,50,2024/9/8 11:27
1725795433,1725795433,0,1,14.89946842,162.9880829,487707.1875,24,11,25.39999962,2024/9/8 11:37
1725796033,1725796033,0,1,52.6450386,152.6617279,496568.3125,26,11,20.5,2024/9/8 11:47
1725796633,1725796633,0,1,82.48101807,60.13040924,502212.6875,26,12,16.39999962,2024/9/8 11:57
1725797233,1725797233,0,1,50.1218071,-13.57418346,495154.8438,19,12,56.90000153,2024/9/8 12:07
1725797833,1725797833,0,1,12.31600475,-23.40197754,486377.375,20,12,15.30000019,2024/9/8 12:17
1725798433,1725798433,0,1,-25.73021889,-31.12191582,490440.4063,18,12,-4.599999905,2024/9/8 12:27
1725799034,1725799033,0,1,-63.14281845,-44.90907669,502759.4688,24,13,18.39999962,2024/9/8 12:37
1725799634,1725799633,0,1,-75.89839935,178.6458435,506044.1875,28,13,-59.40000153,2024/9/8 12:47
1725800234,1725800233,0,1,-39.53662491,151.1328125,495849.625,27,10,-1.200000048,2024/9/8 12:57
1725800834,1725800833,0,1,-1.607248306,142.6803741,487262,27,13,74.80000305,2024/9/8 13:07
1725801434,1725801434,0,1,36.43297195,134.4592285,492117.7188,25,9,32.90000153,2024/9/8 13:17
1725802034,1725802034,0,1,73.20488739,111.9476547,501225.0625,26,13,-9.800000191,2024/9/8 13:27
1725802634,1725802634,0,1,66.04109955,-28.0182724,499329.3438,27,11,60.59999847,2024/9/8 13:37
1725803234,1725803234,0,1,28.72474289,-43.44615555,489025.375,17,9,5,2024/9/8 13:47
1725803834,1725803834,0,1,-9.31765461,-51.25443649,486731.9063,25,14,-15.89999962,2024/9/8 13:57
1725804434,1725804434,0,1,-47.15337753,-60.59017181,497527.9063,17,10,10.69999981,2024/9/8 14:07
1725805035,1725805034,0,1,-81.42204285,-114.5698624,506655.4063,26,13,-35.5,2024/9/8 14:17
1725805635,1725805634,0,1,-55.68457794,133.4492798,501351.4688,31,12,-25.29999924,2024/9/8 14:27
1725806235,1725806234,0,1,-18.04137993,122.3950653,489804.3438,25,11,15.19999981,2024/9/8 14:37
1725806835,1725806835,0,1,20.06768417,114.7418747,488710.25,23,10,4.400000095,2024/9/8 14:47
1725807435,1725807435,0,1,57.68804932,103.102951,498075.2813,23,13,-35.09999847,2024/9/8 14:57
1725808035,1725808035,0,1,80.19800568,-18.73703003,501891.4688,28,12,31.70000076,2024/9/8 15:07
1725808635,1725808635,0,1,45.03097153,-62.55884552,493532.0313,24,10,-18.60000038,2024/9/8 15:17
1725809235,1725809235,0,1,7.138780117,-71.60263062,485861.9063,26,12,-2.900000095,2024/9/8 15:27
1725809835,1725809835,0,1,-30.88248825,-79.49394989,491905.8125,19,8,7.800000191,2024/9/8 15:37
1725810435,1725810435,0,1,-68.04914856,-96.34989929,504137.9688,24,11,-23.20000076,2024/9/8 15:47
1725811036,1725811035,0,1,-71.32687378,122.5826492,505388.4375,28,14,-32.79999924,2024/9/8 15:57
1725811636,1725811635,0,1,-34.41108322,102.5718079,494412.1875,26,11,-37.29999924,2024/9/8 16:07
1725812236,1725812235,0,1,3.566688299,94.49956512,487439.7188,27,12,-41.40000153,2024/9/8 16:17
1725812836,1725812835,0,1,41.55179214,85.84492493,493801.2188,20,12,-63.09999847,2024/9/8 16:27
1725813436,1725813436,0,1,77.61029053,53.68768311,501958.1563,27,14,6.199999809,2024/9/8 16:37
1725814036,1725814036,0,1,61.10333252,-78.92082977,498279.8438,29,12,-36.40000153,2024/9/8 16:47
1725814636,1725814636,0,1,23.57816315,-91.7878418,487962.5938,22,9,-28.10000038,2024/9/8 16:57
1725815236,1725815236,0,1,-14.48104191,-99.46268463,487587.2188,18,12,-7.300000191,2024/9/8 17:07
1725815836,1725815836,0,1,-52.22063065,-109.6913223,499253.125,27,11,-11.69999981,2024/9/8 17:17
1725816436,1725816436,0,1,-82.55192566,161.226059,506770.0313,27,12,-41.79999924,2024/9/8 17:27
1725817037,1725817036,0,1,-50.63993454,84.07636261,499675.8125,23,12,21.70000076,2024/9/8 17:37
1725817637,1725817636,0,1,-12.88200188,74.1629715,488851.8125,28,13,-59.40000153,2024/9/8 17:47
1725818237,1725818236,0,1,25.15639687,66.46022034,489716.1563,23,11,-43.09999847,2024/9/8 17:57
1725820037,1725820037,0,1,39.92901993,-111.2974014,492075.9375,24,10,-16.60000038,2024/9/8 18:27
1725820637,1725820637,0,1,1.97252667,-119.7866974,485800.5938,23,11,-26.20000076,2024/9/8 18:37
1725821237,1725821237,0,1,-36.00840378,-127.9637527,493522.875,23,10,-11.5,2024/9/8 18:47
1725821837,1725821837,0,1,-72.79446411,-149.8627777,505136.0313,28,12,-60.79999924,2024/9/8 18:57
1725822437,1725822437,0,1,-66.52398682,69.87117004,504199.0313,29,13,23.79999924,2024/9/8 19:07
1725823038,1725823037,0,1,-29.27957726,54.13605499,492680.6875,24,11,12.5,2024/9/8 19:17
1725823638,1725823637,0,1,8.735273361,46.31201935,487460.125,20,13,-26.20000076,2024/9/8 19:27
1725824838,1725824838,0,1,81.1776886,-14.43726158,502102.7188,5,0,30.89999962,2024/9/8 19:47
1725825438,1725825438,0,1,56.09148026,-128.8950348,496708.75,26,12,-5.400000095,2024/9/8 19:57
1725826038,1725826038,0,1,18.41422462,-140.0661469,486875,22,12,-22,2024/9/8 20:07
1725826638,1725826638,0,1,-19.64896584,-147.7076111,488587.25,20,11,-3.099999905,2024/9/8 20:17
1725827238,1725827238,0,1,-57.26391602,-159.2150879,500901.7813,23,12,-31.29999924,2024/9/8 20:27
1725827838,1725827838,0,1,-80.50263977,80.95802307,506591,28,11,2.5,2024/9/8 20:37
1725828438,1725828438,0,1,-45.55553055,35.07138443,497961.0625,26,11,45.20000076,2024/9/8 20:47
1725829039,1725829038,0,1,-7.708488464,25.9619236,487996.4375,24,12,-12.5,2024/9/8 20:57
1725829639,1725829638,0,1,30.31010818,18.09422302,490643.125,19,9,28.29999924,2024/9/8 21:07
1725830239,1725830238,0,1,67.5945816,1.564990044,500128.7188,18,12,48.40000153,2024/9/8 21:17
1725830839,1725830839,0,1,71.71990204,-139.3686218,500405.5,28,12,-7.599999905,2024/9/8 21:27
1725831439,1725831439,0,1,34.78806686,-159.8671417,490338.0625,24,10,-14.69999981,2024/9/8 21:37
1725832039,1725832039,0,1,-3.219268322,-167.969101,485794.2188,24,12,16.29999924,2024/9/8 21:47
1725832639,1725832639,0,1,-41.14524841,-176.5741425,495183.2188,26,13,14,2024/9/8 21:57
1725833239,1725833239,0,1,-77.25159454,152.3646088,505963.6563,29,13,-56.59999847,2024/9/8 22:07
1725833839,1725833839,0,1,-61.57718658,18.85446739,503004.25,30,12,24.5,2024/9/8 22:17
1725834440,1725834439,0,1,-24.11546326,5.788368225,491277.125,24,10,27.20000076,2024/9/8 22:27
1725835040,1725835039,0,1,13.92089844,-1.895926714,487839.625,21,11,25.29999924,2024/9/8 22:37
1725835640,1725835639,0,1,51.68452835,-12.02124023,496288.7813,22,11,59.40000153,2024/9/8 22:47
1725836240,1725836239,0,1,82.58140564,-97.9031601,501949.125,27,12,11.69999981,2024/9/8 22:57
1725836840,1725836840,0,1,51.01678085,-178.3059387,494943.3125,27,11,-5.599999905,2024/9/8 23:07
1725837440,1725837440,0,1,13.2223587,171.6981812,485906.0938,23,14,17.20000076,2024/9/8 23:17
1725838040,1725838040,0,1,-24.832304,163.9971313,489745.25,31,12,48.20000076,2024/9/8 23:27
1725838640,1725838640,0,1,-62.28176498,150.6166687,502433.9688,29,14,-36.5,2024/9/8 23:37
1725839240,1725839240,0,1,-76.64964294,15.67844296,506223.7188,30,12,8.600000381,2024/9/8 23:47
1725839840,1725839840,0,1,-40.42802811,-13.69085121,496378.8438,25,10,23.79999924,2024/9/8 23:57
1725840441,1725840440,0,1,-2.512448311,-22.22462463,487594.6563,23,12,5.199999809,2024/9/9 0:07
1725841041,1725841040,0,1,35.47049713,-30.36791801,491905.2188,25,10,46.20000076,2024/9/9 0:17
1725841641,1725841640,0,1,72.33386993,-51.64864731,500852.125,27,11,32.79999924,2024/9/9 0:27
1725842241,1725842240,0,1,66.8948288,167.6881104,499134.9063,29,11,8.800000191,2024/9/9 0:37
1725842841,1725842841,0,1,29.61894035,151.6828003,488723.5938,21,12,16.70000076,2024/9/9 0:47
1725843441,1725843441,0,1,-8.424221992,143.8398438,486100.9375,27,14,74.5,2024/9/9 0:57
1725844041,1725844041,0,1,-46.27790451,134.6287994,496986.0938,31,11,-20.20000076,2024/9/9 1:07
1725844641,1725844641,0,1,-80.94460297,85.26728821,506522.6563,26,12,-0.600000024,2024/9/9 1:17
1725845241,1725845241,0,1,-56.54887009,-31.20451927,501695.125,26,13,22.5,2024/9/9 1:27
1725845841,1725845841,0,1,-18.93059731,-42.49954224,490184.3125,24,12,-11.69999981,2024/9/9 1:37
1725846442,1725846441,0,1,19.11291313,-50.13808441,488688.5938,21,11,-34.59999847,2024/9/9 1:47
1725847042,1725847041,0,1,56.75783539,-61.49740219,497769.25,22,12,-8.899999619,2024/9/9 1:57
1725847642,1725847641,0,1,80.79182434,-179.2372437,501759.0625,29,12,4,2024/9/9 2:07
1725848242,1725848242,0,1,45.90826416,132.651413,493386.5938,26,9,22.10000038,2024/9/9 2:17
1725848842,1725848842,0,1,8.024703026,123.4897614,485382.9375,26,11,68.40000153,2024/9/9 2:27
1725849442,1725849442,0,1,-30.00686073,115.6343765,491217.9688,20,10,-29.10000038,2024/9/9 2:37
1725850042,1725850042,0,1,-67.22608185,99.40272522,503617.75,24,10,-2.200000048,2024/9/9 2:47
1725850642,1725850642,0,1,-72.12129974,-41.29464722,505415.6563,30,12,-2.299999952,2024/9/9 2:57
1725851242,1725851242,0,1,-35.27866745,-62.28241348,494684.2188,23,9,17.89999962,2024/9/9 3:07
1725851842,1725851842,0,1,2.690573215,-70.40926361,487445.75,24,11,9.100000381,2024/9/9 3:17
1725852443,1725852442,0,1,40.62257004,-78.9618454,493438.0625,23,10,-33.29999924,2024/9/9 3:27
1725853043,1725853042,0,1,76.84919739,-108.8684692,501642.8125,27,12,-8.300000191,2024/9/9 3:37
1725853643,1725853642,0,1,62.00298691,116.5951157,498141.625,31,13,-20.5,2024/9/9 3:47
1725854243,1725854243,0,1,24.4438858,103.3247528,487762.6875,23,10,-32.29999924,2024/9/9 3:57
1725854843,1725854843,0,1,-13.61672688,95.63320923,487143.125,25,10,-45.79999924,2024/9/9 4:07
1725855443,1725855443,0,1,-51.37616348,85.57497406,498782.8438,23,11,19.70000076,2024/9/9 4:17
1725856043,1725856043,0,1,-82.59382629,2.837968349,506707.4688,27,12,-11.5,2024/9/9 4:27
1725856643,1725856643,0,1,-51.48395157,-80.66187286,499978.1563,19,11,3.5,2024/9/9 4:37
1725857243,1725857243,0,1,-13.74358654,-90.73921967,488938.1875,21,12,-6.599999905,2024/9/9 4:47
1725857843,1725857843,0,1,24.29743576,-98.42474365,489401,20,11,-19.20000076,2024/9/9 4:57
1725858444,1725858443,0,1,61.78730392,-111.5813904,498914.25,24,13,-30.10000038,2024/9/9 5:07
1725859044,1725859043,0,1,77.03608704,114.3148499,501243.875,31,14,-2.099999905,2024/9/9 5:17
1725859644,1725859643,0,1,40.7739563,83.87112427,492036.5,19,8,-64.40000153,2024/9/9 5:27
1725860244,1725860244,0,1,2.824328423,75.30277252,485651.6875,22,12,-101.8000031,2024/9/9 5:37
1725860844,1725860844,0,1,-35.1651268,67.1813736,493183.9063,22,10,18.60000038,2024/9/9 5:47
1725861444,1725861444,0,1,-72.02746582,46.31328964,504972.6563,24,13,22.5,2024/9/9 5:57
1725862044,1725862044,0,1,-67.32626343,-94.43572998,504478.4688,26,12,-21.20000076,2024/9/9 6:07
1725862644,1725862644,0,1,-30.12698364,-110.7375412,492909.375,20,11,-8.100000381,2024/9/9 6:17
1725863244,1725863244,0,1,7.88373518,-118.594635,487263.125,22,11,-35.20000076,2024/9/9 6:27
1725863845,1725863844,0,1,45.75236511,-127.7316971,494570.5938,19,12,-25.60000038,2024/9/9 6:37
1725864445,1725864444,0,1,80.65581512,-174.7427979,501833.125,30,12,3.5,2024/9/9 6:47
1725865045,1725865044,0,1,56.97582626,66.47211456,496778.5625,25,11,-20.10000038,2024/9/9 6:57
1725865645,1725865644,0,1,19.25719452,55.03511429,486932.5313,20,11,-36.59999847,2024/9/9 7:07
1725866245,1725866245,0,1,-18.80658531,47.3948822,488373.4375,20,11,-1.100000024,2024/9/9 7:17
1725866845,1725866845,0,1,-56.44407272,36.12974167,500591.1875,25,12,37.70000076,2024/9/9 7:27
1725867445,1725867445,0,1,-81.00448608,-79.86280823,506608.8125,29,13,-27.10000038,2024/9/9 7:37
1725868045,1725868045,0,1,-46.38605881,-129.7251129,498140.625,25,11,-14.30000019,2024/9/9 7:47
1725868645,1725868645,0,1,-8.550301552,-138.9471741,487875.8125,22,12,-1.600000024,2024/9/9 7:57
1725869245,1725869245,0,1,29.47486496,-146.7806244,490245.375,21,11,-18.29999924,2024/9/9 8:07
1725869846,1725869845,0,1,66.74627686,-162.6772156,499797.3438,21,12,4,2024/9/9 8:17
1725870446,1725870445,0,1,72.53543854,56.84059143,500435.75,22,11,-1.399999976,2024/9/9 8:27
1725872246,1725872246,0,1,-40.31764603,18.59424591,494882.6875,16,10,29.5,2024/9/9 8:57
1725872846,1725872846,0,1,-76.56715393,-10.5534687,505704.5938,26,13,4.300000191,2024/9/9 9:07
1725873446,1725873446,0,1,-62.37992096,-145.6828308,503074.5938,28,12,-37.40000153,2024/9/9 9:17
1725874046,1725874046,0,1,-24.94597054,-159.1035767,491248.625,24,9,6.699999809,2024/9/9 9:27
1725874646,1725874646,0,1,13.09052658,-166.8033752,487499.9688,25,10,11.69999981,2024/9/9 9:37
1725875246,1725875246,0,1,50.87244034,-176.7680664,495937.8438,22,10,-8.899999619,2024/9/9 9:47
1725875847,1725875846,0,1,82.57362366,103.9623413,501908.9063,27,13,5.400000095,2024/9/9 9:57
1725877047,1725877046,0,1,14.11535645,6.802585125,486088.5625,16,11,19.20000076,2024/9/9 10:17
1725877647,1725877646,0,1,-24.00447083,-0.894840002,489533,20,12,17.89999962,2024/9/9 10:27
1725878247,1725878247,0,1,-61.4847641,-13.9224081,501997.3438,26,13,14.39999962,2024/9/9 10:37
1725878847,1725878847,0,1,-77.32631683,-147.2492218,506076.6875,27,12,-52.40000153,2024/9/9 10:47
1725879447,1725879447,0,1,-41.24344635,-178.5287018,496318.75,26,9,16.89999962,2024/9/9 10:57
1725880047,1725880047,0,1,-3.334303379,172.8591156,487319,26,10,31.89999962,2024/9/9 11:07
1725880647,1725880647,0,1,34.65750885,164.7673492,491545.375,23,10,-8.699999809,2024/9/9 11:17
1725881247,1725881247,0,1,71.59122467,144.4259796,500727.4688,30,12,-1,2024/9/9 11:27
1725881848,1725881847,0,1,67.72537231,3.435673237,499385.4063,21,12,46.90000153,2024/9/9 11:37
1725882448,1725882447,0,1,30.49868965,-13.18189812,489018.1875,20,11,44.5,2024/9/9 11:47
1725883048,1725883047,0,1,-7.538683414,-21.06085205,486038,19,13,2.799999952,2024/9/9 11:57
1725883648,1725883647,0,1,-45.46918869,-30.17473602,496502.625,21,12,6.599999905,2024/9/9 12:07
1725884248,1725884248,0,1,-80.45379639,-75.72386932,506157.1563,28,13,-25.10000038,2024/9/9 12:17
1725884848,1725884848,0,1,-57.34066391,164.1256561,501604.0625,29,11,-35,2024/9/9 12:27
1725885448,1725885448,0,1,-19.74059868,152.5956726,489973.7188,27,11,57.59999847,2024/9/9 12:37
1725886048,1725886048,0,1,18.30554771,144.9557495,488233.2188,25,9,49.5,2024/9/9 12:47
1725886648,1725886648,0,1,55.97283554,133.8173523,497357.4063,23,13,13.39999962,2024/9/9 12:57
1725887248,1725887248,0,1,81.24238586,19.99840927,501641.125,29,12,29.10000038,2024/9/9 13:07
1725887849,1725887848,0,1,46.76251221,-32.12956238,493470.4688,24,10,57.20000076,2024/9/9 13:17
1725888449,1725888448,0,1,8.89117527,-41.41263199,485347.9063,19,15,-21,2024/9/9 13:27
1725889049,1725889048,0,1,-29.14642906,-49.23605347,490780.1563,18,11,2,2024/9/9 13:37
1725889649,1725889648,0,1,-66.47114563,-64.95721436,503285.4375,24,14,11.5,2024/9/9 13:47
1725890249,1725890249,0,1,-72.84078217,154.8222046,505473.8438,28,12,-58.40000153,2024/9/9 13:57
1725890849,1725890849,0,1,-36.07075882,132.8526459,494880.2813,27,11,-24.70000076,2024/9/9 14:07
1725891449,1725891449,0,1,1.891701698,124.672081,487332.2188,28,11,68.40000153,2024/9/9 14:17
1725892049,1725892049,0,1,39.83293152,116.1924973,493120.875,27,11,-10.30000019,2024/9/9 14:27
1725892649,1725892649,0,1,76.18710327,87.99703217,501407.2813,28,11,-7.099999905,2024/9/9 14:37
1725893249,1725893249,0,1,62.76653671,-47.95161438,498043.1563,25,12,40.90000153,2024/9/9 14:47
1725893850,1725893849,0,1,25.29701042,-61.55902481,487636.9688,17,10,-51.20000076,2024/9/9 14:57
1725894450,1725894449,0,1,-12.76475334,-69.2687149,486602.6563,24,12,29.5,2024/9/9 15:07
1725895050,1725895049,0,1,-50.60633469,-79.19271851,498243.0625,20,10,5.300000191,2024/9/9 15:17
1725895650,1725895650,0,1,-82.54759979,-156.1581421,506550.8438,26,11,-47.79999924,2024/9/9 15:27
1725896250,1725896250,0,1,-52.25035477,114.5785599,500229.8125,25,12,-18.29999924,2024/9/9 15:37
1725896850,1725896850,0,1,-14.52742672,104.3441162,489227.6563,25,10,-28.89999962,2024/9/9 15:47
1725897450,1725897450,0,1,23.51307869,96.67233276,489448.5625,13,11,-46.5,2024/9/9 15:57
1725898050,1725898050,0,1,61.0281868,83.83785248,498829.5,29,11,-29.5,2024/9/9 16:07
1725898650,1725898650,0,1,77.67263031,-48.59357071,501255.4688,28,13,31,2024/9/9 16:17
1725899251,1725899250,0,1,41.61607361,-80.95548248,492004.4063,21,11,-34.90000153,2024/9/9 16:27
1725899851,1725899850,0,1,3.672724962,-89.60700989,485141.4688,21,11,-1.200000048,2024/9/9 16:37
1725900451,1725900450,0,1,-34.3291626,-97.67648315,492424.0938,27,10,-5.400000095,2024/9/9 16:47
1725901051,1725901050,0,1,-71.26579285,-117.616188,504474.125,26,13,-37.5,2024/9/9 16:57
1725901651,1725901651,0,1,-68.05129242,101.2236328,504495.125,27,12,-5.699999809,2024/9/9 17:07
1725902251,1725902251,0,1,-30.89525414,84.37005615,493288.3438,25,10,-14.19999981,2024/9/9 17:17
1725902851,1725902851,0,1,7.107541561,76.48130035,487599.4375,22,11,-100.6999969,2024/9/9 17:27
1725903451,1725903420,0,1,43.04285049,68.06742096,494163.25,19,10,-42.29999924,2024/9/9 17:37
1725904651,1725904651,0,1,57.73739243,-98.20714569,496883.7813,28,12,-40.59999847,2024/9/9 17:57
1725905252,1725905251,0,1,20.10043907,-109.8627701,486651.5938,22,10,-33.70000076,2024/9/9 18:07
1725905852,1725905851,0,1,-17.96900749,-117.5047455,487629.0313,20,12,-4,2024/9/9 18:17
1725906452,1725906451,0,1,-55.63397598,-128.5449524,499849.6563,23,11,-18.10000038,2024/9/9 18:27
1725907052,1725907051,0,1,-81.41456604,119.3199844,506381.375,27,12,-32,2024/9/9 18:37
1725907652,1725907652,0,1,-47.13875961,65.45742798,498414.8438,24,10,35.59999847,2024/9/9 18:47
1725908252,1725908252,0,1,-9.317661285,56.12828064,488301.1875,24,12,-36.20000076,2024/9/9 18:57
1725908852,1725908852,0,1,28.70706749,48.32448959,490418.1563,13,11,-15.89999962,2024/9/9 19:07
1725910052,1725910052,0,1,73.23180389,-107.0343704,500496.9688,32,13,-19.20000076,2024/9/9 19:27
1725910652,1725910652,0,1,36.44896317,-129.5830536,490422.5,24,10,-40,2024/9/9 19:37
1725911253,1725911252,0,1,-1.548983335,-137.7940826,485188.1563,26,13,-1.799999952,2024/9/9 19:47
1725911853,1725911852,0,1,-39.49981689,-146.2445526,494135.1563,22,10,-9.399999619,2024/9/9 19:57
1725912453,1725912452,0,1,-75.87825775,-173.7069092,505370.0313,27,12,-59.59999847,2024/9/9 20:07
1725913053,1725913052,0,1,-63.10659027,49.75584412,503229,27,11,29,2024/9/9 20:17
1725913653,1725913653,0,1,-25.70320892,35.99114609,491682.7188,20,10,9.600000381,2024/9/9 20:27
1725914253,1725914253,0,1,12.3272047,28.27532959,487709.1875,19,11,0.600000024,2024/9/9 20:37
1725916653,1725916653,0,1,14.8742485,-158.1170654,485696.8125,5,0,3.599999905,2024/9/9 21:17
1725917254,1725917253,0,1,-23.19015884,-165.7891998,488773,18,11,15.30000019,2024/9/9 21:27
1725917854,1725917853,0,1,-60.70280838,-178.4956207,501490.2813,24,15,-46.90000153,2024/9/9 21:37
1725918454,1725918453,0,1,-77.97031403,50.01015472,506083.5938,26,12,8.800000191,2024/9/9 21:47
1725919054,1725919054,0,1,-41.98310089,16.62052917,496774.7188,24,9,29,2024/9/9 21:57
1725919654,1725919654,0,1,-4.086933136,7.933196545,487707.0938,21,11,7.699999809,2024/9/9 22:07
1725920254,1725920254,0,1,33.90733337,-0.113293335,491500.1875,20,10,48.09999847,2024/9/9 22:17
1725920854,1725920854,0,1,70.89967346,-19.65526581,500481.9688,29,11,57.29999924,2024/9/9 22:27
1725921454,1725921454,0,1,68.43229675,-160.891983,499189.1563,27,12,4.699999809,2024/9/9 22:37
1725922054,1725922054,0,1,31.24407768,-178.0739594,488684.9375,17,12,-8.600000381,2024/9/9 22:47
1725922654,1725922654,0,1,-6.795060158,174.0135193,485384.625,21,13,35.90000153,2024/9/9 22:57
1725923255,1725923254,0,1,-44.67884064,165.0132446,495895.6875,31,11,-1.799999952,2024/9/9 23:07
1725923855,1725923854,0,1,-79.93335724,122.8027267,506051.625,28,13,-36.70000076,2024/9/9 23:17
1725924455,1725924454,0,1,-58.11753464,-0.530193329,501971.0313,28,12,20.29999924,2024/9/9 23:27
1725925055,1725925055,0,1,-20.47971916,-12.31797504,490448.5625,22,8,11.19999981,2024/9/9 23:37
1725925655,1725925655,0,1,17.56253052,-19.96039581,488326.3125,19,11,26.10000038,2024/9/9 23:47
1725926255,1725926255,0,1,55.2467308,-30.9038372,497099.9688,23,12,60.40000153,2024/9/9 23:57
1725926855,1725926855,0,1,81.61372375,-140.7159576,501409.75,30,12,1.899999976,2024/9/10 0:07
1725927455,1725927455,0,1,47.49108505,163.0530548,493250.5625,26,11,3.700000048,2024/9/10 0:17
1725928055,1725928055,0,1,9.626346588,153.6613617,484859.875,26,13,42.20000076,2024/9/10 0:27
1725928655,1725928655,0,1,-28.41969109,145.8625488,490186.3125,29,13,27.5,2024/9/10 0:37
1725929256,1725929255,0,1,-65.722435,130.6416473,502978.625,26,13,-35.90000153,2024/9/10 0:47
1725929856,1725929855,0,1,-73.54606628,-8.978857994,505583.7188,31,13,8.5,2024/9/10 0:57
1725930456,1725930455,0,1,-36.79313278,-32.02447128,495227.0625,23,10,2.400000095,2024/9/10 1:07
1725931056,1725931056,0,1,1.160353303,-40.25618744,487538.1563,25,12,-18.20000076,2024/9/10 1:17
1725931656,1725931656,0,1,39.10789108,-48.67250061,492922.2188,23,10,3.5,2024/9/10 1:27
1725932256,1725932256,0,1,75.56708527,-75.44683075,501157.8125,27,13,12.89999962,2024/9/10 1:37
1725932856,1725932856,0,1,63.4655304,147.4847107,497921.4063,29,11,11.10000038,2024/9/10 1:47
1725933456,1725933456,0,1,26.02068329,133.5323334,487294.375,24,11,36.29999924,2024/9/10 1:57
1725934056,1725934056,0,1,-12.0435915,125.804512,486016.5313,26,12,40.40000153,2024/9/10 2:07
1725934657,1725934656,0,1,-49.8407402,116.0322342,497664.125,24,10,-21,2024/9/10 2:17
1725935257,1725935256,0,1,-82.42190552,44.67142105,506349.4688,28,12,-3.200000048,2024/9/10 2:27
1725935857,1725935856,0,1,-53.01060867,-50.16746902,500480,25,11,6.199999809,2024/9/10 2:37
1725936457,1725936456,0,1,-15.24208832,-60.57937241,489412.5,24,12,18.60000038,2024/9/10 2:47
1725937057,1725937057,0,1,22.79834938,-68.24185944,489330.25,22,11,-51.09999847,2024/9/10 2:57
1725937657,1725937657,0,1,60.3365593,-80.80441284,498554.2813,22,11,-40.90000153,2024/9/10 3:07
1725938257,1725938257,0,1,78.23204803,148.5023651,501091.3438,29,12,2.599999905,2024/9/10 3:17
1725938857,1725938857,0,1,42.31984711,114.1889877,491833.0938,26,10,-15.60000038,2024/9/10 3:27
1725939457,1725939457,0,1,4.381581783,105.4619141,484775.2813,20,12,6.699999809,2024/9/10 3:37
1725940057,1725940057,0,1,-33.62930679,97.43196106,491924.5938,19,8,-30.70000076,2024/9/10 3:47
1725940658,1725940657,0,1,-70.62173462,78.20449829,504124.375,24,12,15.39999962,2024/9/10 3:57
1725941258,1725941257,0,1,-68.76553345,-63.06492233,504583.7813,29,12,9.199999809,2024/9/10 4:07
1725941858,1725941857,0,1,-31.65531731,-80.51095581,493484.7813,23,10,6.699999809,2024/9/10 4:17
1725942458,1725942457,0,1,6.405946732,-88.447258,487426.1563,25,13,2.099999905,2024/9/10 4:27
1725943058,1725943058,0,1,44.29244614,-97.39556122,494304.8125,24,12,-25.5,2024/9/10 4:37
1725943658,1725943658,0,1,79.69174957,-138.2209015,501616.375,29,13,-2.5,2024/9/10 4:47
1725944258,1725944258,0,1,58.41176987,97.09127808,496722.9375,31,11,-37.40000153,2024/9/10 4:57
1725944858,1725944858,0,1,20.79125404,85.21795654,486563.1563,14,10,-60.09999847,2024/9/10 5:07
1725945458,1725945458,0,1,-17.27962303,77.57248688,487388.4688,27,13,-45.90000153,2024/9/10 5:17
1725946058,1725946058,0,1,-54.9616127,66.70827484,499638.5,21,10,34.5,2024/9/10 5:27
1725946659,1725946658,0,1,-81.76838684,-41.15920639,506494.5313,28,12,-21,2024/9/10 5:37
1725947259,1725947258,0,1,-47.88192749,-99.34474182,498727.4375,23,12,-7.5,2024/9/10 5:47
1725947859,1725947858,0,1,-10.07346153,-108.7862625,488289.4375,23,11,-7.900000095,2024/9/10 5:57
1725948459,1725948458,0,1,28.01921082,-116.5789185,490061.4063,23,11,-43.09999847,2024/9/10 6:07
1725949059,1725949059,0,1,65.36092377,-131.573349,499413.375,23,12,2.200000048,2024/9/10 6:17
1725949659,1725949659,0,1,73.8420105,89.03804779,500306.4688,26,11,-10.30000019,2024/9/10 6:27
1725950259,1725950259,0,1,37.12704849,65.53289032,490420,17,11,-37.70000076,2024/9/10 6:37
1725950859,1725950859,0,1,-0.865904987,57.27386475,485146.625,23,12,-55.20000076,2024/9/10 6:47
1725951459,1725951459,0,1,-38.82422256,48.88267517,493896.1875,19,10,41.40000153,2024/9/10 6:57
1725952059,1725952059,0,1,-75.29666138,22.69477272,505234.125,22,12,15.69999981,2024/9/10 7:07
1725952660,1725952659,0,1,-63.82081985,-114.7820435,503409.875,27,13,-28.70000076,2024/9/10 7:17
1725953260,1725953259,0,1,-26.4462986,-128.9059296,491751.375,22,10,-12,2024/9/10 7:27
1725953860,1725953859,0,1,11.58318996,-136.639267,487446.2813,22,14,-19.60000038,2024/9/10 7:37
1725954460,1725954459,0,1,49.45463181,-146.3565216,495449.9688,25,12,-5.5,2024/9/10 7:47
1725955060,1725955060,0,1,82.34016418,144.7535095,501610.4375,29,13,5.300000191,2024/9/10 7:57
1725956860,1725956860,0,1,-22.51560593,29.29380417,488634.8438,20,10,11.60000038,2024/9/10 8:27
1725957460,1725957460,0,1,-60.05051041,16.84288597,501208.2188,23,10,24.79999924,2024/9/10 8:37
1725958060,1725958060,0,1,-78.49317169,-112.9289627,506041.4375,27,11,-34.29999924,2024/9/10 8:47
1725958661,1725958660,0,1,-42.71182632,-148.2236786,496807.75,25,10,-10.30000019,2024/9/10 8:57
1725959261,1725959260,0,1,-4.822468281,-156.9880676,487480.3438,28,11,12.80000019,2024/9/10 9:07
1725959861,1725959860,0,1,33.24258804,-165.0088196,491145.125,22,8,-11.19999981,2024/9/10 9:17
1725960461,1725960461,0,1,70.2858963,176.1059723,500295.5313,24,11,3,2024/9/10 9:27
1725961061,1725961061,0,1,69.05589294,34.73656082,499321.625,19,13,15.89999962,2024/9/10 9:37
1725962261,1725962261,0,1,-6.124733448,9.079649925,485398.4063,20,11,7.400000095,2024/9/10 9:57
1725962861,1725962861,0,1,-44.01780319,0.161646664,495597.9375,20,11,20.89999962,2024/9/10 10:07
1725963461,1725963461,0,1,-79.47281647,-39.5211525,505778.3438,27,13,-16.70000076,2024/9/10 10:17
1725964061,1725964061,0,1,-58.76390076,-165.2414856,501919.0625,26,11,-38.5,2024/9/10 10:27
1725964662,1725964661,0,1,-21.20550728,-177.2290649,490275.9688,25,10,52.40000153,2024/9/10 10:37
1725965262,1725965261,0,1,16.83876419,175.1240997,487991.3125,25,10,9.899999619,2024/9/10 10:47
1725965862,1725965861,0,1,54.60336304,164.3313599,496865.1563,22,12,2,2024/9/10 10:57
1725966462,1725966462,0,1,81.90029144,58.39404678,501484.7813,29,12,16.10000038,2024/9/10 11:07
1725967662,1725967662,0,1,10.28960037,-11.27215862,484996.125,24,14,33.40000153,2024/9/10 11:27
1725968262,1725968262,0,1,-27.75921249,-19.04909897,489920.2188,18,11,8.600000381,2024/9/10 11:37
1725968862,1725968862,0,1,-65.09446716,-33.88809967,502500.8438,26,13,12.39999962,2024/9/10 11:47
1725969462,1725969462,0,1,-74.1280365,-172.9105682,505357.5,27,13,-64.69999695,2024/9/10 11:57
1725970063,1725970062,0,1,-37.50476074,163.1024017,495068.5938,26,9,15.30000019,2024/9/10 12:07
1725970663,1725970662,0,1,0.445208341,154.8175964,487208.875,24,11,58.29999924,2024/9/10 12:17
1725971263,1725971262,0,1,38.40213394,146.4596863,492550.7813,22,10,21.89999962,2024/9/10 12:27
1725971863,1725971862,0,1,75.00921631,120.8193665,501051.25,24,13,-3.299999952,2024/9/10 12:37
1725973063,1725973063,0,1,26.66698265,-31.38400841,487409.3438,23,11,19.89999962,2024/9/10 12:57
1725973663,1725973663,0,1,-11.39532375,-39.12982941,485826.5,20,13,-12.60000038,2024/9/10 13:07
1725974263,1725974263,0,1,-49.20571136,-48.79347992,497216.7188,19,11,-0.300000012,2024/9/10 13:17
1725974863,1725974863,0,1,-82.25970459,-115.6887512,506091.2813,27,12,-35.90000153,2024/9/10 13:27
1725975463,1725975463,0,1,-53.63773727,145.043808,500446.0313,26,11,-19.20000076,2024/9/10 13:37
1725976064,1725976063,0,1,-15.94497967,134.5009766,489336.875,27,12,44.40000153,2024/9/10 13:47
1725976664,1725976663,0,1,22.09777832,126.8465195,489025.9375,25,12,31.79999924,2024/9/10 13:57
1725977264,1725977263,0,1,59.65896988,114.539238,498274.375,25,12,-24.79999924,2024/9/10 14:07
1725977864,1725977863,0,1,78.71752167,-14.46839046,500989.3125,25,13,30.5,2024/9/10 14:17
1725978464,1725978464,0,1,42.94755936,-50.68191528,491775.9688,23,10,10.69999981,2024/9/10 14:27
1725979064,1725979064,0,1,5.014860153,-59.47768784,484521.5625,23,11,-22.20000076,2024/9/10 14:37
1725979664,1725979664,0,1,-33.00352097,-67.47427368,491412.5938,14,9,20.89999962,2024/9/10 14:47
1725980264,1725980264,0,1,-70.04309845,-86.10780334,503793.0313,24,11,-13.10000038,2024/9/10 14:57
1725980864,1725980864,0,1,-69.34799957,132.5433197,504615.1875,30,12,-37.40000153,2024/9/10 15:07
1725981464,1725981464,0,1,-32.27740097,114.5779495,493707.2188,27,9,-34.40000153,2024/9/10 15:17
1725982065,1725982064,0,1,5.714984894,106.6232605,487489.7813,26,13,8.800000191,2024/9/10 15:27
1725982665,1725982664,0,1,43.60924149,97.7565918,494231.2813,16,12,-55.70000076,2024/9/10 15:37
1725983265,1725983264,0,1,79.20091248,59.41736984,501574.6875,25,11,7.400000095,2024/9/10 15:47
1725983865,1725983864,0,1,59.02163315,-67.63244629,496739.375,27,11,-19.70000076,2024/9/10 15:57
1725984465,1725984465,0,1,21.41723251,-79.71266937,486293.7188,20,10,-22,2024/9/10 16:07
1725985065,1725985065,0,1,-16.65736771,-87.36310577,486775.5625,18,9,-3.099999905,2024/9/10 16:17
1725985665,1725985665,0,1,-54.35895538,-98.07718658,499011.5625,21,10,-9.300000191,2024/9/10 16:27
1725986265,1725986265,0,1,-82.01660919,157.7828217,506224.7813,30,12,-40.40000153,2024/9/10 16:37
1725986865,1725986865,0,1,-48.48430634,95.80673218,498881.5,25,10,3.099999905,2024/9/10 16:47
1725987465,1725987465,0,1,-10.68789673,86.26981354,488643.7813,27,12,-69.30000305,2024/9/10 16:57
1725988066,1725988065,0,1,27.34048271,78.51159668,490272.8125,24,13,-58.5,2024/9/10 17:07
1725988666,1725988665,0,1,64.70862579,63.9000473,499576.8438,27,14,-8.100000381,2024/9/10 17:17
1725989266,1725989265,0,1,74.44738007,-74.79734802,500477.0938,28,13,13,2024/9/10 17:27
1725989866,1725989866,0,1,37.74605179,-99.36434174,490365.8125,23,10,-27.29999924,2024/9/10 17:37
1725990466,1725990466,0,1,-0.244851664,-107.6705322,484594.9375,23,12,-18.89999962,2024/9/10 17:47
1725991066,1725991066,0,1,-38.2158432,-116.011673,493132.125,20,10,-12.10000038,2024/9/10 17:57
1725991666,1725991666,0,1,-74.77143097,-141.1532593,504721.625,27,12,-50.59999847,2024/9/10 18:07
1725992266,1725992266,0,1,-64.39878845,80.5982666,503351.5,28,12,16.70000076,2024/9/10 18:17
1725992866,1725992866,0,1,-27.04973793,66.16560364,492058.7813,26,10,4.5,2024/9/10 18:27
1725993466,1725993466,0,1,10.97382832,58.41646957,487753.8125,24,13,-51.59999847,2024/9/10 18:37
1725995867,1725995866,0,1,16.1632843,-127.9834137,485407.1875,20,13,-40.09999847,2024/9/10 19:17
1725996467,1725996467,0,1,-21.90877342,-135.6391296,487975.0313,20,10,-10.69999981,2024/9/10 19:27
1725997067,1725997067,0,1,-59.46774673,-147.8748474,500667.9063,23,11,-30.60000038,2024/9/10 19:37
1725997667,1725997667,0,1,-78.94366455,84.06044769,505912.5,30,12,1.600000024,2024/9/10 19:47
1725998267,1725998267,0,1,-43.30500793,46.89518738,497080.8125,24,10,43.59999847,2024/9/10 19:57
1725998867,1725998867,0,1,-5.426356792,38.06510162,487843.25,22,12,-23.20000076,2024/9/10 20:07
1725999468,1725999467,0,1,32.57640839,30.09296417,491235.4375,16,12,13.89999962,2024/9/10 20:17
1726001268,1726001268,0,1,32.51117706,-147.8929443,488677.2188,5,0,-22.20000076,2024/9/10 20:47
1726001868,1726001868,0,1,-5.523926735,-155.8664856,484810.25,19,11,12.39999962,2024/9/10 20:57
1726002468,1726002468,0,1,-43.43051529,-164.7161255,494975.8438,24,10,-4,2024/9/10 21:07
1726003068,1726003068,0,1,-79.04683685,157.6441803,505562.0313,28,12,-52.5,2024/9/10 21:17
1726003668,1726003668,0,1,-59.33626556,30.02257729,502107.4375,25,13,29.70000076,2024/9/10 21:27
1726004268,1726004268,0,1,-21.798069,17.83545494,490690.875,20,9,29.39999962,2024/9/10 21:37
1726004868,1726004868,0,1,16.24190521,10.18395805,488138,20,9,21,2024/9/10 21:47
1726005469,1726005468,0,1,53.9561615,-0.438136667,496711.5625,18,11,46.70000076,2024/9/10 21:57
1726006069,1726006068,0,1,82.14318848,-102.2012253,501302.3125,29,13,8.699999809,2024/9/10 22:07
1726006669,1726006668,0,1,48.78951645,-166.6059113,493308.9063,25,13,6.300000191,2024/9/10 22:17
1726007269,1726007268,0,1,10.87967873,-176.2167358,484517.9688,24,11,10.60000038,2024/9/10 22:27
1726007869,1726007869,0,1,-27.17717743,176.0231628,489288.0313,27,11,48.70000076,2024/9/10 22:37
1726008469,1726008469,0,1,-64.54117584,161.5003662,502226.8438,30,13,-43.79999924,2024/9/10 22:47
1726009069,1726009069,0,1,-74.63631439,23.09960747,505462.3125,28,12,17,2024/9/10 22:57
1726009669,1726009669,0,1,-38.08273315,-1.799160004,495507.125,24,8,16.10000038,2024/9/10 23:07
1726010269,1726010269,0,1,-0.142218336,-10.12914181,487507.0313,21,11,19.60000038,2024/9/10 23:17
1726010869,1726010869,0,1,37.81806183,-18.44033051,492457.9063,19,9,48.59999847,2024/9/10 23:27
1726011470,1726011469,0,1,74.44150543,-42.98945999,500763.4688,26,12,36.5,2024/9/10 23:37
1726012070,1726012069,0,1,64.70452118,178.322525,497807.625,32,12,4.699999809,2024/9/10 23:47
1726012670,1726012669,0,1,27.30945396,163.7019043,487078.5625,22,12,1.299999952,2024/9/10 23:57
1726013270,1726013269,0,1,-10.81878853,155.9239197,485286.5,26,12,67.09999847,2024/9/11 0:07
1726013870,1726013870,0,1,-48.64231491,146.3530884,496853.9063,28,11,-16.39999962,2024/9/11 0:17
1726014470,1726014470,0,1,-82.07507324,83.25226593,506076.1875,27,13,-3.099999905,2024/9/11 0:27
1726015070,1726015070,0,1,-54.19825745,-19.76418304,500753.75,25,10,21.10000038,2024/9/11 0:37
1726015670,1726015670,0,1,-16.52104759,-30.44038773,489652.0313,23,12,-6.800000191,2024/9/11 0:47
1726016270,1726016270,0,1,21.5204525,-38.08982468,488994.625,21,10,-3.5,2024/9/11 0:57
1726016870,1726016870,0,1,59.09906006,-50.19795609,497964.6563,28,13,27.39999962,2024/9/11 1:07
1726017471,1726017470,0,1,79.18901825,-177.2427063,500760.3125,32,13,3.799999952,2024/9/11 1:17
1726018071,1726018070,0,1,43.57609558,144.4540405,491535.875,26,10,31.39999962,2024/9/11 1:27
1726018671,1726018670,0,1,5.647378445,135.5847321,484058.9375,26,13,67,2024/9/11 1:37
1726019271,1726019270,0,1,-32.44262695,127.6036224,490938.5625,24,11,-20.10000038,2024/9/11 1:47
1726019871,1726019871,0,1,-69.52250671,109.4706726,503545.6563,25,11,-18.5,2024/9/11 1:57
1726020471,1726020471,0,1,-69.86833191,-31.88260078,504747.125,29,12,1.700000048,2024/9/11 2:07
1726021071,1726021071,0,1,-32.83688736,-50.34204865,493981.7188,20,10,6,2024/9/11 2:17
1726021671,1726021671,0,1,5.149423122,-58.32637024,487601.5625,22,12,-25.5,2024/9/11 2:27
1726022271,1726022271,0,1,43.04992294,-67.13101196,494018.8438,20,12,-24.5,2024/9/11 2:37
1726022871,1726022871,0,1,78.78348541,-103.6211395,501355.8125,30,13,-0.300000012,2024/9/11 2:47
1726023472,1726023471,0,1,59.62746048,127.6613617,496561.8438,31,10,-1.799999952,2024/9/11 2:57
1726024072,1726024071,0,1,22.03875542,115.3616257,486006.3438,24,9,2.5,2024/9/11 3:07
1726024672,1726024671,0,1,-16.03914261,107.7038651,486290.2813,22,11,-22.89999962,2024/9/11 3:17
1726025272,1726025272,0,1,-53.81988144,97.10421753,498574.0625,22,11,4.199999809,2024/9/11 3:27
1726025872,1726025872,0,1,-82.20313263,-3.484656572,506115.8125,30,11,-10.80000019,2024/9/11 3:37
1726026472,1726026472,0,1,-49.02435684,-69.05073547,499055.4063,23,11,11.80000019,2024/9/11 3:47
1726027072,1726027072,0,1,-11.23817348,-78.67747498,488670.125,20,12,5.400000095,2024/9/11 3:57
1726027672,1726027672,0,1,26.79239464,-86.42028809,490018.2813,19,13,-27.29999924,2024/9/11 4:07
1726028272,1726028272,0,1,64.18540192,-100.743248,499230.6563,23,13,-41.79999924,2024/9/11 4:17
1726028872,1726028872,0,1,74.92219543,121.188385,500212.5938,28,12,-3.299999952,2024/9/11 4:27
1726029473,1726029472,0,1,38.34614182,95.74452209,490216.9063,16,10,-49.09999847,2024/9/11 4:37
1726031873,1726031873,0,1,-64.91371155,-84.04183197,503634.6563,28,13,-10.30000019,2024/9/11 5:17
1726032473,1726032473,0,1,-27.58959579,-98.76529694,492244.4688,26,10,-2.599999905,2024/9/11 5:27
1726033073,1726033073,0,1,10.43185711,-106.5301437,487563.375,24,11,-23.20000076,2024/9/11 5:37
1726033673,1726033673,0,1,48.25863647,-116.033638,495194.4375,18,11,-16.20000076,2024/9/11 5:47
1726034273,1726034273,0,1,81.94761658,-176.8771667,501396.3438,26,13,4.400000095,2024/9/11 5:57
1726034874,1726034873,0,1,54.48752594,77.83333588,495114.6563,27,12,-36.40000153,2024/9/11 6:07
1726035474,1726035473,0,1,16.75812149,67.08351898,485367.0625,22,10,-69.59999847,2024/9/11 6:17
1726036074,1726036073,0,1,-21.31546593,59.43399811,487831.875,24,11,-6.900000095,2024/9/11 6:27
1726036674,1726036673,0,1,-58.95341492,47.36795044,500561.3125,23,11,35.79999924,2024/9/11 6:37
1726037274,1726037273,0,1,-79.33196259,-79.0355072,506063.5,31,13,-24.20000076,2024/9/11 6:47
1726037874,1726037874,0,1,-43.83200455,-117.9947357,497277.4375,24,10,-11.19999981,2024/9/11 6:57
1726038474,1726038474,0,1,-5.959899902,-126.8849564,487735,22,14,-11.89999962,2024/9/11 7:07
1726039074,1726039074,0,1,32.04821396,-134.8294373,490895.3438,25,11,-35.70000076,2024/9/11 7:17
1726039674,1726039674,0,1,69.17280579,-152.641098,499936.875,25,13,2.400000095,2024/9/11 7:27
1726040274,1726040274,0,1,70.16926575,65.96395111,499215.3438,23,12,-7.599999905,2024/9/11 7:37
1726043275,1726043275,42949672,1,-59.846241,-134.7354431,502185.0938,20,11,-28.60000038,2024/9/11 8:27
1726043875,1726043875,0,1,-22.32316589,-147.1064148,490640.6563,27,10,-6.199999809,2024/9/11 8:37
1726044475,1726044475,0,1,15.71820545,-154.7628174,487863.2188,24,12,0.800000012,2024/9/11 8:47
1726045075,1726045075,0,1,53.44613647,-165.2648773,496406.5938,24,11,8.699999809,2024/9/11 8:57
1726045675,1726045675,0,1,82.30149841,96.43440247,501218.0938,30,11,5.300000191,2024/9/11 9:07
1726047476,1726047475,0,1,-26.59335327,11.10166454,489193.9688,20,11,25,2024/9/11 9:37
1726048076,1726048075,0,1,-63.98226166,-3.114614964,501986.7188,22,13,11.39999962,2024/9/11 9:47
1726048676,1726048675,0,1,-75.14431,-140.8143311,505447.1875,30,13,-48.5,2024/9/11 9:57
1726049276,1726049275,0,1,-38.5983429,-166.7129669,495444.4688,24,10,7.5,2024/9/11 10:07
1726049876,1726049876,0,1,-0.660588324,-175.0842743,487268.4063,27,11,17.20000076,2024/9/11 10:17
1726050476,1726050476,0,1,37.30680466,176.6438599,492171.0625,27,10,-10.69999981,2024/9/11 10:27
1726051076,1726051076,0,1,73.98937225,152.8844299,500667.5313,27,12,2,2024/9/11 10:37
1726051676,1726051676,0,1,65.19501495,13.6702404,497982.125,13,12,34.59999847,2024/9/11 10:47
1726052276,1726052276,0,1,27.82421303,-1.235211611,487287.4375,23,10,29.79999924,2024/9/11 10:57
1726052876,1726052876,0,1,-10.23717976,-9.015974998,485272,22,12,12.5,2024/9/11 11:07
1726053477,1726053476,0,1,-48.07106781,-18.49458885,496503.9375,21,11,22.39999962,2024/9/11 11:17
1726054077,1726054076,0,1,-81.85362244,-77.95269775,505799.2813,25,12,-28.29999924,2024/9/11 11:27
1726054677,1726054676,0,1,-54.76050949,175.4362183,500639.125,29,11,-32.70000076,2024/9/11 11:37
1726055277,1726055277,0,1,-17.03009605,164.6084137,489399.9688,26,10,59.90000153,2024/9/11 11:47
1726055877,1726055877,0,1,21.01450348,156.9626617,488674.0313,27,10,25.20000076,2024/9/11 11:57
1726056477,1726056477,0,1,58.60902405,145.0212097,497770.3125,25,12,13.19999981,2024/9/11 12:07
1726057077,1726057077,0,1,79.54862213,19.65333748,500812.0625,30,11,30.20000076,2024/9/11 12:17
1726057677,1726057677,0,1,44.07603073,-20.44057083,491707.6875,26,11,60.40000153,2024/9/11 12:27
1726058277,1726058277,0,1,6.15490675,-29.37037086,484092,22,13,7.300000191,2024/9/11 12:37
1726058877,1726058877,0,1,-31.87580299,-37.31186676,490621.4375,24,11,-5.199999809,2024/9/11 12:47
1726059478,1726059477,0,1,-68.99371338,-54.96743774,503173.6563,23,13,4.599999905,2024/9/11 12:57
1726060078,1726060077,0,1,-70.39045715,163.7325745,504626.875,27,13,-59.90000153,2024/9/11 13:07
1726060678,1726060677,0,1,-33.33365631,144.7282257,493873.7813,24,10,12.39999962,2024/9/11 13:17
1726061278,1726061277,0,1,4.651265144,136.7162476,487305.0938,28,13,67.80000305,2024/9/11 13:27
1726061878,1726061878,0,1,42.55994415,127.9653625,493658.0625,25,10,22.70000076,2024/9/11 13:37
1726062478,1726062478,0,1,78.40962982,92.98149872,501132.125,29,12,-3.099999905,2024/9/11 13:47
1726063078,1726063078,0,1,60.10319519,-37.10835648,496445.0625,27,11,52.20000076,2024/9/11 13:57
1726063678,1726063678,0,1,22.52791595,-49.58597565,485907.125,22,10,-28.10000038,2024/9/11 14:07
1726064278,1726064278,0,1,-15.55092144,-57.25009155,486003.4375,20,12,5,2024/9/11 14:17
1726064878,1726064878,0,1,-53.28165054,-67.71469116,498282.2813,21,11,12.39999962,2024/9/11 14:27
1726065479,1726065478,0,1,-82.35506439,-164.5813141,506097.8438,28,12,-48.20000076,2024/9/11 14:37
1726066079,1726066078,0,1,-49.56464005,126.0986099,499251.8125,26,11,-23.79999924,2024/9/11 14:47
1726066679,1726066678,0,1,-11.78927135,116.3779068,488768.875,24,13,13.30000019,2024/9/11 14:57
1726067279,1726067279,0,1,26.30574608,108.6346436,489921.0625,17,11,-24.60000038,2024/9/11 15:07
1726067879,1726067879,0,1,63.71863937,94.55818939,499054.9688,29,13,-27.39999962,2024/9/11 15:17
1726068479,1726068479,0,1,75.3427887,-42.88193893,500094.2813,26,11,35.70000076,2024/9/11 15:27
1726069079,1726069079,0,1,38.82723999,-69.17607117,490083.6563,20,10,-38.70000076,2024/9/11 15:37
1726069679,1726069679,0,1,0.841340005,-77.57086182,483970.375,25,11,26.79999924,2024/9/11 15:47
1726070279,1726070279,0,1,-37.14513016,-85.83045197,492394.7813,19,10,0.200000003,2024/9/11 15:57
1726070880,1726070879,0,1,-73.82609558,-109.3029327,504396.5,27,12,-30.70000076,2024/9/11 16:08
1726071480,1726071479,0,1,-65.42435455,111.3297195,503683.9688,30,12,-17.79999924,2024/9/11 16:18
1726072080,1726072079,0,1,-28.12541962,96.30245972,492541.6875,23,11,-37.59999847,2024/9/11 16:28
1726072680,1726072679,0,1,9.890874863,88.52036285,487796.3125,23,14,-70.59999847,2024/9/11 16:38
1726073280,1726073280,0,1,47.78593445,79.07859039,495302.4375,26,11,-44.5,2024/9/11 16:48
1726073880,1726073880,0,1,81.74679565,21.18168259,501457.4688,29,13,27.39999962,2024/9/11 16:58
1726074480,1726074480,0,1,54.95851517,-87.00484467,495135.1875,25,12,-46.5,2024/9/11 17:08
1726075080,1726075080,0,1,17.23797989,-97.87327576,485014.6563,20,10,-2.400000095,2024/9/11 17:18
1726075680,1726075680,0,1,-20.84096909,-105.5198441,487236.0938,17,9,-3.099999905,2024/9/11 17:28
1726076280,1726076280,0,1,-58.43656158,-117.3968964,499990.2188,22,11,-20,2024/9/11 17:38
1726076881,1726076880,0,1,-79.705513,117.9991074,505872.8125,29,14,-32.5,2024/9/11 17:48
1726077481,1726077480,0,1,-44.35466766,77.11502838,497468.2813,25,11,24,2024/9/11 17:58
1726078081,1726078080,0,1,-6.492175102,68.16231537,488086.9063,21,13,-67.90000153,2024/9/11 18:08
1726078681,1726078680,0,1,31.57863426,60.22832108,491058.4375,21,11,-15.19999981,2024/9/11 18:18
1726080481,1726080481,0,1,33.56899261,-117.7395401,488575.6563,19,9,-35.09999847,2024/9/11 18:48
1726081081,1726081081,0,1,-4.463008404,-125.7693253,484287.375,21,12,-13.60000038,2024/9/11 18:58
1726081681,1726081681,0,1,-42.38822174,-134.5018768,494229.0938,21,9,-14.10000038,2024/9/11 19:08
1726082281,1726082281,0,1,-78.25629425,-168.8914642,505199,28,13,-56.20000076,2024/9/11 19:18
1726082882,1726082881,0,1,-60.35213089,60.51346207,502303.875,31,13,32,2024/9/11 19:28
1726083482,1726083481,0,1,-22.84716606,47.95138931,490990.8438,24,11,0.899999976,2024/9/11 19:38
1726084082,1726084081,0,1,15.18978024,40.28916931,488050.6563,20,15,-4.300000191,2024/9/11 19:48
1726086482,1726086482,0,1,11.92695522,-146.1180878,484202.9375,20,11,-5.099999905,2024/9/11 20:28
1726087082,1726087082,0,1,-26.13842964,-153.849823,488618.9375,21,11,0.300000012,2024/9/11 20:38
1726087682,1726087682,0,1,-63.54963684,-167.8418732,501649.4063,21,11,-46.70000076,2024/9/11 20:48
1726088282,1726088282,0,1,-75.53166199,55.06812286,505454.2188,31,12,14,2024/9/11 20:58
1726088883,1726088882,0,1,-39.10982132,28.3765583,495796.9375,26,10,32.70000076,2024/9/11 21:08
1726089483,1726089482,0,1,-1.180798292,19.96243668,487575.2188,25,12,-18.39999962,2024/9/11 21:18
1726090083,1726090082,0,1,36.8516922,11.71197319,492124.2188,18,8,41.5,2024/9/11 21:28
1726090683,1726090682,0,1,73.5827179,-11.38374043,500439.7813,19,11,49.20000076,2024/9/11 21:38
1726091283,1726091283,0,1,65.62865448,-151.0136261,497712.375,29,12,10.19999981,2024/9/11 21:48
1726091883,1726091883,0,1,28.27413559,-166.1840973,486875.6563,18,10,-0.699999988,2024/9/11 21:58
1726092483,1726092483,0,1,-9.791038513,-173.9805298,484694.7188,24,12,26.70000076,2024/9/11 22:08
1726093083,1726093083,0,1,-47.63669205,176.6072083,496076.5938,28,12,-4.199999809,2024/9/11 22:18
1726093683,1726093683,0,1,-81.66133881,119.774292,505769.6563,30,14,-32.20000076,2024/9/11 22:28
1726094283,1726094283,0,1,-55.19087601,10.58710003,500936.625,25,12,23.79999924,2024/9/11 22:38
1726094884,1726094883,0,1,-17.5378437,-0.338086665,489822.9063,24,10,15,2024/9/11 22:48
1726095484,1726095483,0,1,20.50376892,-7.980813503,488760.0938,21,9,27.5,2024/9/11 22:58
1726096084,1726096083,0,1,58.11183167,-19.75840569,497537.7188,27,13,61.29999924,2024/9/11 23:08
1726096684,1726096683,0,1,79.85714722,-143.5687103,500520,30,12,-1.100000024,2024/9/11 23:18
1726097284,1726097284,0,1,44.51280594,174.6479187,491362.5,27,10,-9,2024/9/11 23:28
1726097884,1726097884,0,1,6.592251778,165.6635895,483599.0313,22,14,30.70000076,2024/9/11 23:38
1726098484,1726098484,0,1,-31.44570732,157.7412415,490158.6875,31,11,27.5,2024/9/11 23:48
1726099084,1726099084,0,1,-68.59147644,140.4300842,503084.1563,28,12,-43.09999847,2024/9/11 23:58
1726099684,1726099684,0,1,-70.78726959,-0.783831656,504814.4688,27,11,13.10000038,2024/9/12 0:08
1726100284,1726100284,0,1,-33.82826614,-20.19650078,494257.7188,22,11,15.30000019,2024/9/12 0:18
1726100885,1726100884,0,1,4.149815083,-28.23684883,487491.5938,22,11,8.5,2024/9/12 0:28
1726101485,1726101484,0,1,42.06356049,-36.93533325,493459.2188,23,10,44.20000076,2024/9/12 0:38
1726102085,1726102084,0,1,78.07148743,-70.69017792,500806.875,28,12,14.5,2024/9/12 0:48
1726102685,1726102685,0,1,60.52173615,158.0971832,496130.75,31,12,13.60000038,2024/9/12 0:58
1726103285,1726103285,0,1,22.95568466,145.4556885,485464.9688,22,10,28.39999962,2024/9/12 1:08
1726103885,1726103885,0,1,-15.12716866,137.7841644,485487.2813,26,13,52.09999847,2024/9/12 1:18
1726104485,1726104485,0,1,-52.87001801,127.4096298,497968.5625,24,12,-23.60000038,2024/9/12 1:28
1726105085,1726105085,0,1,-82.44628143,33.48340225,506068.125,29,12,0,2024/9/12 1:38
1726105685,1726105685,0,1,-49.97777939,-38.79308701,499509.2188,20,11,3,2024/9/12 1:48
1726106286,1726106285,0,1,-12.21249008,-48.58777237,489006.7813,23,13,-13.60000038,2024/9/12 1:58
1726106886,1726106885,0,1,25.81882286,-56.30725861,489883.3125,21,11,-42.59999847,2024/9/12 2:08
1726107486,1726107485,0,1,63.25052643,-70.14971161,498831.4063,23,11,-15.30000019,2024/9/12 2:18
1726108086,1726108085,0,1,75.75783539,153.1107788,499907.8438,29,13,2.200000048,2024/9/12 2:28
1726108686,1726108686,0,1,39.24337006,125.890976,489753.625,20,11,19.70000076,2024/9/12 2:38
1726109286,1726109286,0,1,1.257418275,117.4587479,483492.75,29,11,58.59999847,2024/9/12 2:48
1726109886,1726109886,0,1,-36.73739624,109.2275925,491902.3125,24,10,-38,2024/9/12 2:58
1726110486,1726110486,0,1,-73.4638443,86.33023071,504073.3125,27,12,7.300000191,2024/9/12 3:08
1726111086,1726111086,0,1,-65.8095932,-53.38314438,503707.125,29,13,13.69999981,2024/9/12 3:18
1726111686,1726111686,0,1,-28.53044891,-68.65115356,492643.625,21,10,34.79999924,2024/9/12 3:28
1726112287,1726112286,0,1,9.483095169,-76.44756317,487707.4375,21,12,-0.5,2024/9/12 3:38
1726112887,1726112886,0,1,47.32261658,-85.80801392,494996.5313,21,11,-36.90000153,2024/9/12 3:48
1726113487,1726113486,0,1,81.52921295,-140.9954681,501136.8125,28,13,1.600000024,2024/9/12 3:58
1726114087,1726114086,0,1,55.34951401,108.1334839,494829.8125,29,12,-31.39999962,2024/9/12 4:08
1726114687,1726114687,0,1,17.63497353,97.16135406,484795.4063,11,11,-44.20000076,2024/9/12 4:18
1726115287,1726115287,0,1,-20.44691086,89.51590729,486975.9375,23,10,-47.40000153,2024/9/12 4:28
1726115887,1726115887,0,1,-58.0545578,77.76251984,499827.0625,27,11,28.39999962,2024/9/12 4:38
1726116487,1726116487,0,1,-79.97304535,-45.38925171,505977.7188,27,13,-17.10000038,2024/9/12 4:48
1726117087,1726117087,0,1,-44.74491119,-87.80387878,497694.6875,23,11,0.699999988,2024/9/12 4:58
1726117687,1726117687,0,1,-6.88885355,-96.8053894,488062.0938,25,14,-13.60000038,2024/9/12 5:08
1726118288,1726118287,0,1,31.12215805,-104.7055664,490782.0625,24,11,-23.60000038,2024/9/12 5:18
1726118888,1726118887,0,1,68.30314636,-121.7700653,499626.9375,28,13,-10.30000019,2024/9/12 5:28
1726119488,1726119487,0,1,71.02446747,97.0037384,498930.7813,29,12,-13.69999981,2024/9/12 5:38
1726120088,1726120088,0,1,33.95266342,77.31128693,488357.5625,19,9,-23.89999962,2024/9/12 5:48
1726120688,1726120688,0,1,-4.078706741,69.25997925,484182.5938,25,12,-78.30000305,2024/9/12 5:58
1726121288,1726121288,0,1,-42.00907516,60.56807709,494109.7813,20,10,31.39999962,2024/9/12 6:08
1726121888,1726121888,0,1,-77.95727539,27.25374794,505220.5625,27,12,9.100000381,2024/9/12 6:18
1726122488,1726122488,0,1,-60.72475052,-104.3016586,502528.9688,28,12,-20.79999924,2024/9/12 6:28
1726123088,1726123088,0,1,-23.23304939,-117.0093002,491048.7188,24,12,-4.900000095,2024/9/12 6:38
1726123688,1726123688,0,1,14.80403137,-124.676384,487864.9063,21,13,-42.70000076,2024/9/12 6:48
1726124289,1726124288,0,1,52.55088425,-134.9784393,496070.4375,26,11,-10.69999981,2024/9/12 6:58
1726124889,1726124888,0,1,82.4992218,133.121521,500898.9375,28,12,3.799999952,2024/9/12 7:08
1726125489,1726125488,0,1,50.19497681,58.7661438,493245.8438,16,12,-16.60000038,2024/9/12 7:18
1726126089,1726126088,0,1,12.30590153,48.91270065,484214,24,12,-24.79999924,2024/9/12 7:28
1726126689,1726126689,0,1,-25.76073837,41.19100571,488546.1875,25,11,4.099999905,2024/9/12 7:38
1726127289,1726127289,0,1,-63.18671799,27.38321114,501540.4063,27,12,23.10000038,2024/9/12 7:48
1726127889,1726127889,0,1,-75.85557556,-109.1567154,505516.6875,25,13,-31.60000038,2024/9/12 7:58
1726128489,1726128489,0,1,-39.48579025,-136.562973,495828.2813,18,10,-12.30000019,2024/9/12 8:08
1726129089,1726129089,0,1,-1.559246659,-145.0088348,487353.875,23,11,7.900000095,2024/9/12 8:18
1726129689,1726129689,0,1,36.41598511,-153.2148438,491823.6563,22,11,-19.29999924,2024/9/12 8:28
1726130290,1726130289,0,1,73.19387054,-175.7071381,500214.4375,24,10,0.400000006,2024/9/12 8:38
1726130890,1726130889,0,1,66.04244232,44.30165863,497696.625,19,12,11.39999962,2024/9/12 8:48
1726132090,1726132090,0,1,-9.418169975,21.04833412,484711,16,12,2.599999905,2024/9/12 9:08
1726132690,1726132690,0,1,-47.26933289,11.69285297,495964.5313,20,11,26.29999924,2024/9/12 9:18
1726133290,1726133290,0,1,-81.48593903,-43.00505447,505697.25,28,11,-22.5,2024/9/12 9:28
1726133890,1726133890,0,1,-55.55469894,-154.2879028,500938.4375,25,12,-25.60000038,2024/9/12 9:38
1726134490,1726134490,0,1,-17.90880394,-165.3072968,489668.7813,27,13,14.69999981,2024/9/12 9:48
1726135090,1726135090,0,1,20.13551331,-172.947937,488447.0625,26,8,7.599999905,2024/9/12 9:58
1726135690,1726135690,0,1,57.75604248,175.3891907,497297.0625,25,10,1.299999952,2024/9/12 10:08
1726136288,1726136290,0,1,80.14452362,53.24145889,500474.1563,26,12,12.10000038,2024/9/12 10:18
1726139863,1726139891,0,1,-34.18806458,174.8480377,494055.8438,5,0,38.79999924,2024/9/12 11:17
1726140463,1726140491,0,1,3.790213346,166.7869873,487191.9688,26,12,33.29999924,2024/9/12 11:27
1726141063,1726141091,0,1,41.71057129,158.1249084,493196.3438,26,10,2.799999952,2024/9/12 11:37
1726141663,1726141691,0,1,77.74133301,125.5177078,500712.4063,25,11,-1.600000024,2024/9/12 11:47
1726142272,1726142291,0,1,60.92619324,-6.692803383,496227.4063,28,13,56.40000153,2024/9/12 11:57
1726142872,1726142891,0,1,23.3748703,-19.49716568,485573.9063,21,11,27.60000038,2024/9/12 12:07
1726143472,1726143491,0,1,-14.77010155,-27.18810654,485421.7188,25,11,-7.199999809,2024/9/12 12:17
1726144072,1726144092,0,1,-52.52126312,-37.48775482,497666.75,26,13,9.899999619,2024/9/12 12:27
1726144672,1726144692,0,1,-82.50661469,-128.8798828,505847.2813,30,12,-42,2024/9/12 12:37
1726145272,1726145292,0,1,-50.32308197,156.2953491,499335.5,23,9,-17.10000038,2024/9/12 12:47
1726145872,1726145892,0,1,-12.56153679,146.4371338,488712.1875,29,13,66.5,2024/9/12 12:57
1726146472,1726146492,0,1,25.47376251,138.725235,489456.5938,31,9,43.59999847,2024/9/12 13:07
1726147072,1726147092,0,1,62.92136383,125.042572,498468.9063,23,12,-12.80000019,2024/9/12 13:17
1726147693,1726147692,0,1,76.04573059,-11.16936207,499640.3125,23,13,43.09999847,2024/9/12 13:28
1726148293,1726148292,0,1,39.64087677,-39.03879166,489600.2813,22,10,34.59999847,2024/9/12 13:38
1726148893,1726148892,0,1,1.657273293,-47.50690079,483353,24,12,-27.60000038,2024/9/12 13:48
1726149493,1726149492,0,1,-36.40516663,-55.72812653,491664.5938,28,12,11.89999962,2024/9/12 13:58
1726150093,1726150093,0,1,-73.16477966,-78.17443848,504010.7188,23,12,-12.30000019,2024/9/12 14:08
1726150693,1726150693,0,1,-66.1268158,141.8576508,503830.3125,28,12,-42.70000076,2024/9/12 14:18
1726151293,1726151293,0,1,-28.86471367,126.3833466,492768.0313,16,10,-15.89999962,2024/9/12 14:28
1726151893,1726151893,0,1,9.146958351,118.5742722,487574.4375,30,11,49.70000076,2024/9/12 14:38
1726152493,1726152493,0,1,46.99255753,109.2623672,494751.0313,25,12,-32.59999847,2024/9/12 14:48
1726153093,1726153093,0,1,81.36360168,55.9201088,500859.8438,25,12,15.19999981,2024/9/12 14:58
1726153694,1726153693,0,1,55.7334938,-56.72706604,494568.5938,24,12,6.199999809,2024/9/12 15:08
1726154294,1726154293,0,1,18.02487755,-67.80155182,484446.9375,23,10,-45,2024/9/12 15:18
1726154894,1726154893,0,1,-20.06111717,-75.44624329,486493.3125,26,10,15.60000038,2024/9/12 15:28
1726155494,1726155493,0,1,-57.74399185,-87.11528778,499503.7813,23,11,-6.699999809,2024/9/12 15:38
1726156094,1726156094,0,1,-80.18379974,150.966217,505917.9063,27,14,-50.40000153,2024/9/12 15:48
1726156694,1726156694,0,1,-45.05952454,107.2533951,497867.6563,20,11,-20,2024/9/12 15:58
1726157294,1726157294,0,1,-7.20994997,98.21153259,488246.5313,27,12,-27.79999924,2024/9/12 16:08
1726157894,1726157894,0,1,30.80083847,90.32594299,490828.625,27,11,-35.09999847,2024/9/12 16:18
1726158494,1726158494,0,1,67.99935913,73.50624084,499577.8438,16,13,-13.69999981,2024/9/12 16:28
1726159094,1726159094,0,1,71.3210144,-67.62210083,498806.4063,27,12,10.5,2024/9/12 16:38
1726159695,1726159694,0,1,34.33501053,-87.63677216,488126.1563,22,8,-27.60000038,2024/9/12 16:48
1726160295,1726160294,0,1,-3.69784832,-95.71064758,483627.8125,27,12,-13.39999962,2024/9/12 16:58
1726160895,1726160894,0,1,-41.63811493,-104.3638153,493547,21,11,-8.800000191,2024/9/12 17:08
1726161495,1726161494,0,1,-77.7151413,-136.8737946,504921.0625,30,12,-46.09999847,2024/9/12 17:18
1726162095,1726162095,0,1,-61.02062607,90.83660126,502529.125,19,12,6.5,2024/9/12 17:28
1726162695,1726162695,0,1,-23.54016685,78.01112366,491307.0938,27,11,-24.89999962,2024/9/12 17:38
1726163295,1726163295,0,1,14.49310303,70.34017181,488117.1563,29,12,-82.59999847,2024/9/12 17:48
1726163895,1726163895,0,1,52.24343491,60.10416794,496171.1563,23,11,-16.10000038,2024/9/12 17:58
1726165095,1726165095,0,1,50.50318146,-106.1601944,493044.25,22,10,-20.5,2024/9/12 18:18
1726165696,1726165695,0,1,12.67930031,-116.0576324,483757.25,24,11,-41,2024/9/12 18:28
1726166296,1726166295,0,1,-25.39454079,-123.7707825,487902.3125,27,10,-9.5,2024/9/12 18:38
1726166896,1726166895,0,1,-62.83981705,-137.4086151,501068.4688,23,12,-36.59999847,2024/9/12 18:48
1726167496,1726167496,0,1,-76.10651398,86.46256256,505376.875,27,12,3.5,2024/9/12 18:58
1726168096,1726168096,0,1,-39.77970123,58.47471619,496008.3438,23,10,29.70000076,2024/9/12 19:08
1726168696,1726168696,0,1,-1.859109998,50.0038681,487665.7188,27,15,-47,2024/9/12 19:18
1726169296,1726169296,0,1,36.11565018,41.8198204,491910.2188,16,11,17.39999962,2024/9/12 19:28
1726170496,1726170496,0,1,66.329422,-120.4852676,497495.375,27,12,-16.39999962,2024/9/12 19:48
1726171097,1726171096,0,1,29.00577927,-136.1035309,486559.0313,23,10,-32.40000153,2024/9/12 19:58
1726171697,1726171696,0,1,-9.061120033,-143.9250336,484113.5625,20,12,0,2024/9/12 20:08
1726172297,1726172296,0,1,-46.9233551,-153.2297516,495435.375,27,11,-11.80000019,2024/9/12 20:18
1726172897,1726172896,0,1,-81.34288788,153.6158142,505529,22,12,-47.29999924,2024/9/12 20:28
1726173497,1726173497,0,1,-55.8324852,40.80228424,501047,19,11,41.79999924,2024/9/12 20:38
1726174097,1726174097,0,1,-18.19589233,29.70864296,489945.6563,22,10,3.400000095,2024/9/12 20:48
1726174697,1726174697,0,1,19.84568405,22.06952286,488571.375,13,11,11.89999962,2024/9/12 20:58
1726176497,1726176497,0,1,45.21824265,-155.2113037,491058.25,25,10,-7.5,2024/9/12 21:28
1726177098,1726177097,0,1,7.30256176,-164.2853699,483073.0938,22,11,13.89999962,2024/9/12 21:38
1726177698,1726177697,0,1,-30.74534798,-172.176239,489424.875,25,13,26.5,2024/9/12 21:48
1726178298,1726178297,0,1,-67.93666077,171.0460052,502566.3125,28,13,-55.90000153,2024/9/12 21:58
1726178898,1726178897,0,1,-71.36815643,29.94452095,504725.1875,24,12,21.89999962,2024/9/12 22:08
1726179498,1726179498,0,1,-34.45777893,9.876368523,494383.75,25,10,23.89999962,2024/9/12 22:18
1726180098,1726180098,0,1,3.514881611,1.799256682,487434.25,21,10,15.80000019,2024/9/12 22:28
1726180698,1726180698,0,1,41.43649673,-6.834845066,493110.1563,24,9,56.09999847,2024/9/12 22:38
1726181298,1726181298,0,1,77.52124023,-38.73148346,500379.5,28,13,35.90000153,2024/9/12 22:48
1726181898,1726181898,0,1,61.18851471,-171.5665436,495781.5938,25,13,7,2024/9/12 22:58
1726182498,1726182498,0,1,23.64024925,175.5204163,485001.0625,28,11,-1.399999976,2024/9/12 23:08
1726183099,1726183098,0,1,-14.44701862,167.837265,484778.6563,27,11,63.20000076,2024/9/12 23:18
1726183699,1726183698,0,1,-52.2087822,157.6026306,497327.6563,29,14,-18.5,2024/9/12 23:28
1726184299,1726184298,0,1,-82.54662323,68.52201843,505834.7813,31,12,-0.5,2024/9/12 23:38
1726184899,1726184898,0,1,-50.57486725,-8.644563675,499581.75,21,12,27.10000038,2024/9/12 23:48
1726185499,1726185499,0,1,-12.8213129,-18.54981804,488993.3438,25,11,3.200000048,2024/9/12 23:58
1726186099,1726186099,0,1,25.21253586,-26.25596428,489461.5625,22,11,21.89999962,2024/9/13 0:08
1726186699,1726186699,0,1,62.67037582,-39.8191452,498153.875,21,12,49.90000153,2024/9/13 0:18
1726187299,1726187299,0,1,76.26298523,-175.6116638,499252.4063,26,12,0.100000001,2024/9/13 0:28
1726187899,1726187899,0,1,39.89174652,155.9933014,489116.25,18,10,4.599999905,2024/9/13 0:38
1726188499,1726188499,0,1,1.905110002,147.5011749,482753.9063,28,12,64.80000305,2024/9/13 0:48
1726189100,1726189099,0,1,-36.10116577,139.312027,491219.1875,26,11,-2.799999952,2024/9/13 0:58
1726189700,1726189699,0,1,-72.89221191,117.2621689,503842.125,26,12,-31.39999962,2024/9/13 1:08
1726190300,1726190299,0,1,-66.41422272,-22.91779518,503910.0938,31,13,7.5,2024/9/13 1:18
1726190900,1726190899,0,1,-29.10592079,-38.59828568,492943.5938,26,10,-7.599999905,2024/9/13 1:28
1726191500,1726191500,0,1,8.902594566,-46.4166832,487682.625,22,11,-35.70000076,2024/9/13 1:38
1726192100,1726192100,0,1,46.75133896,-55.69470596,494569.6875,20,9,0.600000024,2024/9/13 1:48
1726192700,1726192700,0,1,81.23571014,-107.7393951,500601.7188,24,12,5.400000095,2024/9/13 1:58
1726193300,1726193300,0,1,55.96751022,138.348465,494210.625,21,10,14.80000019,2024/9/13 2:08
1726193900,1726193900,0,1,18.26031685,127.2079849,483905.625,19,10,39.59999847,2024/9/13 2:18
1726194500,1726194500,0,1,-19.83105659,119.5626755,485945.875,21,12,3.700000048,2024/9/13 2:28
1726195101,1726195100,0,1,-57.46284485,107.993103,499056.3125,28,11,-10,2024/9/13 2:38
1726195701,1726195700,0,1,-80.36772919,-12.75699806,505743.25,29,12,-10.89999962,2024/9/13 2:48
1726196301,1726196300,0,1,-45.34178543,-57.68972015,497938.4375,25,11,3.099999905,2024/9/13 2:58
1726196901,1726196901,0,1,-7.433819771,-66.78152466,488256.9688,26,11,16.60000038,2024/9/13 3:08
1726197501,1726197501,0,1,30.57776451,-74.65898895,490696.625,25,10,-45.40000153,2024/9/13 3:18
1726198101,1726198101,0,1,67.78952026,-91.32011414,499296.1875,22,13,-30.10000038,2024/9/13 3:28
1726198701,1726198701,0,1,71.52077484,127.6401138,498467.5313,18,13,-6.900000095,2024/9/13 3:38
1726199301,1726199301,0,1,34.5491333,107.3825684,487747.5625,12,10,-36.5,2024/9/13 3:48
1726200501,1726200501,0,1,-41.43157578,90.6601181,493227.2188,15,11,-0.200000003,2024/9/13 4:08
1726201102,1726201101,0,1,-77.49840546,58.85694504,504748.0625,28,12,8.899999619,2024/9/13 4:18
1726201702,1726201701,0,1,-61.28068542,-74.02819061,502581.25,17,11,3.299999952,2024/9/13 4:28
1726202302,1726202301,0,1,-23.74678993,-86.97698212,491307.375,20,10,2.599999905,2024/9/13 4:38
1726202902,1726202901,0,1,14.28647041,-94.65166473,487895.0625,20,13,-8.699999809,2024/9/13 4:48
1726203502,1726203502,0,1,52.04281616,-104.8460464,495833.0938,26,13,-22.39999962,2024/9/13 4:58
1726204102,1726204102,0,1,82.56365204,167.0102234,500479.125,30,13,3.700000048,2024/9/13 5:08
1726204702,1726204702,0,1,50.69710922,88.88181305,492717.2813,24,11,-40.09999847,2024/9/13 5:18
1726205302,1726205302,0,1,12.87358379,78.94772339,483538.875,18,11,-89.40000153,2024/9/13 5:28
1726205902,1726205902,0,1,-25.20240021,71.23860168,487749.6875,25,9,-6.300000191,2024/9/13 5:38
1726206503,1726206502,0,1,-62.65480423,57.68820953,501013.3438,25,11,30.79999924,2024/9/13 5:48
1726207103,1726207102,0,1,-76.32212067,-77.96955872,505492.9063,23,11,-18.89999962,2024/9/13 5:58
1726207703,1726207702,0,1,-40.03519058,-106.4838867,496103.7813,21,11,-9.600000381,2024/9/13 6:08
1726208303,1726208302,0,1,-2.053528309,-114.9903336,487492.4375,18,13,-20.60000038,2024/9/13 6:18
1726208903,1726208903,0,1,35.92502213,-123.1611862,491621.5,20,11,-38.09999847,2024/9/13 6:28
1726209503,1726209503,0,1,72.75228119,-145.0075073,499807.625,31,13,-7.900000095,2024/9/13 6:38
1726210103,1726210103,0,1,66.50596619,74.64168549,497244.3125,21,12,-15.89999962,2024/9/13 6:48
1726210703,1726210703,0,1,29.18922234,58.90664673,486420.2188,20,9,-16.20000076,2024/9/13 6:58
1726211303,1726211303,0,1,-8.877563477,51.07896042,484072.9688,22,12,-34.40000153,2024/9/13 7:08
1726211903,1726211903,0,1,-46.74252319,41.80143738,495348.5313,25,10,44.20000076,2024/9/13 7:18
1726212504,1726212503,0,1,-81.21398926,-10.01320457,505461.4375,26,13,-11.5,2024/9/13 7:28
1726213104,1726213103,0,1,-56.07349014,-124.1138229,501051.5938,23,11,-17.20000076,2024/9/13 7:38
1726213704,1726213703,0,1,-18.44165421,-135.2723999,489802.8438,18,10,-10.69999981,2024/9/13 7:48
1726214304,1726214303,0,1,19.66570091,-142.9237671,488286.7188,29,13,-17.79999924,2024/9/13 7:58
1726214904,1726214904,0,1,57.30046463,-154.4443054,496862.2813,27,10,12.89999962,2024/9/13 8:08
1726215504,1726215504,0,1,80.4444809,85.29928589,499997.8125,24,13,1.5,2024/9/13 8:18
1726217304,1726217304,0,1,-30.57084084,22.83414459,489387.6875,26,11,33.70000076,2024/9/13 8:48
1726217904,1726217904,0,1,-67.77223969,6.187190056,502417.1563,23,12,13.30000019,2024/9/13 8:58
1726218505,1726218504,0,1,-71.58607483,-134.772995,504665.75,23,11,-49.79999924,2024/9/13 9:08
1726219105,1726219104,0,1,-34.69269562,-155.0967407,494218.25,17,8,0,2024/9/13 9:18
1726219705,1726219704,0,1,3.280894995,-163.1876373,487135.5,30,11,15.69999981,2024/9/13 9:28
1726220305,1726220305,0,1,41.2706337,-171.8169098,492862,21,8,-10.10000038,2024/9/13 9:38
1726220905,1726220905,0,1,77.3885498,156.7041321,500259.5625,25,12,2.799999952,2024/9/13 9:48
1726223700,1726223700,0,1,-75.65986633,-29.98433304,504260.4375,27,14,-5.199999809,2024/9/13 10:35
1726224300,1726224300,0,1,-63.40766907,-166.8551636,502929.8438,25,11,-46.20000076,2024/9/13 10:45
1726224900,1726224900,0,1,-26.01738548,179.2284851,491614,21,9,48.79999924,2024/9/13 10:55
1726225501,1726225500,0,1,12.0103302,171.504303,487443.0625,22,12,19.79999924,2024/9/13 11:05
1726226101,1726226100,0,1,49.8111496,161.7341461,495065.9688,26,10,8.600000381,2024/9/13 11:15
1726226701,1726226700,0,1,82.42251587,90.24887848,500450.6875,31,12,6.5,2024/9/13 11:25
1726227301,1726227300,0,1,52.86301804,-4.526726723,493229.625,26,13,54.5,2024/9/13 11:35
1726227901,1726227901,0,1,15.08341789,-14.9060297,483533.4688,19,13,31,2024/9/13 11:45
1726228501,1726228501,0,1,-23.00116539,-22.57891655,486843.625,20,11,-1.799999952,2024/9/13 11:55
1726229101,1726229101,0,1,-60.53495026,-35.2215538,500005.2813,22,12,22.5,2024/9/13 12:05
1726229701,1726229701,0,1,-78.09936523,-166.3139648,505422.9375,30,13,-56.09999847,2024/9/13 12:15
1726230301,1726230301,0,1,-42.20729828,159.8587952,496644.9688,27,9,-0.899999976,2024/9/13 12:25
1726230901,1726230901,0,1,-4.315626621,151.1479645,487572.9688,26,11,78.40000153,2024/9/13 12:35
1726231502,1726231501,0,1,33.67942429,143.1144562,491082.375,24,10,23.79999924,2024/9/13 12:45
1726232102,1726232101,0,1,70.69272614,123.7968445,499521.9375,28,11,-7.400000095,2024/9/13 12:55
1726232702,1726232701,0,1,68.63210297,-17.50124168,497564.625,24,13,61.29999924,2024/9/13 13:05
1726233302,1726233302,0,1,31.37586021,-34.8697319,486615.7813,22,10,29.60000038,2024/9/13 13:15
1726233902,1726233902,0,1,-6.683116436,-42.79076385,483308.2813,17,14,-21.10000038,2024/9/13 13:25
1726234502,1726234502,0,1,-44.58685303,-51.78133011,494162.5938,23,12,-2.400000095,2024/9/13 13:35
1726235102,1726235102,0,1,-79.87911987,-93.67427063,505011.0625,30,13,-23.60000038,2024/9/13 13:45
1726235702,1726235702,0,1,-58.19232178,142.6843719,501691.7813,31,11,-27.5,2024/9/13 13:55
1726236302,1726236302,0,1,-20.62162781,130.8870544,490514.7813,28,12,22.89999962,2024/9/13 14:05
1726236902,1726236902,0,1,17.41732025,123.2450714,488242.5313,24,11,33.5,2024/9/13 14:15
1726237503,1726237502,0,1,55.10528946,112.3398132,496550.3438,21,10,-23.79999924,2024/9/13 14:25
1726238103,1726238102,0,1,81.67845917,3.305530071,500112.875,24,12,31.39999962,2024/9/13 14:35
1726238703,1726238702,0,1,47.55012131,-53.75087738,491385.375,24,11,8,2024/9/13 14:45
1726239303,1726239303,0,1,9.66648674,-63.15211487,482803.7813,19,11,-38.59999847,2024/9/13 14:55
1726239903,1726239903,0,1,-28.39954758,-70.95121002,488284.0625,16,9,28.10000038,2024/9/13 15:05
1726240503,1726240503,0,1,-65.71811676,-86.16782379,501640.0625,24,11,-12.89999962,2024/9/13 15:15
1726241103,1726241103,0,1,-73.54517365,134.1903076,505012.7188,32,12,-44.40000153,2024/9/13 15:25
1726241703,1726241703,0,1,-36.85351563,111.1700592,495207.6875,28,10,-38.79999924,2024/9/13 15:35
1726242303,1726242303,0,1,1.09621501,102.9361343,487581.4063,28,12,4.400000095,2024/9/13 15:45
1726242904,1726242903,0,1,39.04250336,94.52786255,492674.5313,22,11,-52.09999847,2024/9/13 15:55
1726243504,1726243503,0,1,75.51442719,67.87422943,500244.0938,29,14,-4,2024/9/13 16:05
1726244104,1726244103,0,1,63.51528168,-69.30002594,496352.25,26,12,-12.19999981,2024/9/13 16:15
1726244704,1726244703,0,1,25.99140358,-83.2915802,485313.3125,18,9,-25.10000038,2024/9/13 16:25
1726245304,1726245304,0,1,-12.09281349,-91.02003479,484093.0313,16,11,-8.399999619,2024/9/13 16:35
1726245904,1726245904,0,1,-49.90597153,-100.8045731,496128.75,18,11,-9,2024/9/13 16:45
1726246504,1726246504,0,1,-82.43953705,-172.7109985,505512.3125,29,13,-47.79999924,2024/9/13 16:55
1726247104,1726247104,0,1,-52.93318176,92.98181152,500189.9688,28,11,9.300000191,2024/9/13 17:05
1726247704,1726247704,0,1,-15.22817707,82.60207367,489497.1875,28,14,-59.20000076,2024/9/13 17:15
1726248304,1726248304,0,1,22.80930328,74.94125366,489227.0938,25,11,-57.40000153,2024/9/13 17:25
1726248905,1726248904,0,1,60.34836578,62.37684631,497900.2813,24,14,-10.10000038,2024/9/13 17:35
1726249505,1726249504,0,1,78.21759796,-68.38035583,499719.6563,27,12,17.5,2024/9/13 17:45
1726250105,1726250104,0,1,42.28469086,-102.6358719,489859.75,21,10,-18.39999962,2024/9/13 17:55
1726250705,1726250704,0,1,4.261828423,-111.3735123,482616.6875,19,11,-26.29999924,2024/9/13 18:05
1726251305,1726251305,0,1,-33.7682991,-119.4138947,490030.7188,19,11,-11.39999962,2024/9/13 18:15
1726251905,1726251905,0,1,-70.7640152,-138.7966614,502925.8125,23,13,-51.40000153,2024/9/13 18:25
1726252505,1726252505,0,1,-68.61493683,79.95555878,504009.3438,31,11,16.89999962,2024/9/13 18:35
1726253105,1726253105,0,1,-31.4950943,62.63847733,493422.9063,27,11,14.60000038,2024/9/13 18:45
1726253705,1726253705,0,1,6.499883175,54.72247696,487537.5313,21,14,-53.79999924,2024/9/13 18:55
1726255506,1726255505,0,1,58.30366898,-119.7754822,494797,26,12,-16.39999962,2024/9/13 19:25
1726256106,1726256105,0,1,20.6595192,-131.6183624,484153.4063,24,11,-36.90000153,2024/9/13 19:35
1726256706,1726256706,0,1,-17.49790001,-139.2810211,485132.2813,23,10,-8.100000381,2024/9/13 19:45
1726257306,1726257306,0,1,-55.19324112,-150.2102661,498019.625,21,11,-23.39999962,2024/9/13 19:55
1726257906,1726257906,0,1,-81.6552124,100.483757,505586.875,23,13,-16.10000038,2024/9/13 20:05
1726258506,1726258506,0,1,-47.63399887,43.76334763,498467.3125,22,9,43.90000153,2024/9/13 20:15
1726259106,1726259106,0,1,-9.825476646,34.35825348,488456.2813,23,11,-15.89999962,2024/9/13 20:25
1726259706,1726259706,0,1,28.19843674,26.57088852,490007.1875,21,9,15.39999962,2024/9/13 20:35
1726260907,1726260906,0,1,73.67035675,-128.0851135,498605.7188,23,12,-6.5,2024/9/13 20:55
1726261507,1726261506,0,1,36.91671371,-151.32547,487980.375,25,10,-20.70000076,2024/9/13 21:05
1726262107,1726262106,0,1,-1.102811694,-159.5747681,482546.7813,25,12,15.30000019,2024/9/13 21:15
1726262707,1726262707,0,1,-39.14431381,-168.0111084,491904.0313,27,11,9,2024/9/13 21:25
1726263307,1726263307,0,1,-75.58522797,165.1719055,504109.8438,25,13,-58.5,2024/9/13 21:35
1726263907,1726263907,0,1,-63.49090195,28.17769241,502990.75,27,12,22.79999924,2024/9/13 21:45
1726264507,1726264507,0,1,-26.10664749,14.21895123,491922.1563,21,9,30.89999962,2024/9/13 21:55
1726265107,1726265107,0,1,11.91708374,6.492926598,487692.875,16,11,21.10000038,2024/9/13 22:05
1726265707,1726265707,0,1,49.71728516,-3.260186672,495084.5625,20,9,50.59999847,2024/9/13 22:15
1726266307,1726266307,0,1,82.40227509,-74.07387543,500224.2813,29,11,20.89999962,2024/9/13 22:25
1726266908,1726266907,0,1,53.01460648,-169.4914398,492821.125,29,11,13.30000019,2024/9/13 22:35
1726267508,1726267507,0,1,15.23268127,-179.9046783,483001.5313,24,11,8.300000191,2024/9/13 22:45
1726268108,1726268107,0,1,-22.85787201,172.4235687,486307.0938,28,12,52,2024/9/13 22:55
1726268708,1726268707,0,1,-60.46067047,159.7950592,499845.5938,33,14,-34.59999847,2024/9/13 23:05
1726269308,1726269308,0,1,-78.15852356,28.8981266,505459.8125,28,12,7.800000191,2024/9/13 23:15
1726269908,1726269908,0,1,-42.28514862,-5.144740105,496903.6875,18,9,21.89999962,2024/9/13 23:25
1726270508,1726270508,0,1,-4.398011684,-13.86392498,487891.75,22,12,16.79999924,2024/9/13 23:35
1726271108,1726271108,0,1,33.5952301,-21.89243507,491143.375,19,10,36.40000153,2024/9/13 23:45
1726271708,1726271708,0,1,70.61497498,-41.1260376,499304.25,26,12,43.59999847,2024/9/13 23:55
1726272308,1726272308,0,1,68.70856476,177.5542755,497207.8125,29,12,5.5,2024/9/14 0:05
1726272909,1726272908,0,1,31.51556587,160.1358185,486164.875,27,12,1.700000048,2024/9/14 0:15
1726273509,1726273508,0,1,-6.547628403,152.2072296,482803.1563,24,12,65.19999695,2024/9/14 0:25
1726274109,1726274108,0,1,-44.51913834,143.21138,493922.0313,31,12,-15.39999962,2024/9/14 0:35
1726274709,1726274709,0,1,-79.8326416,101.5793686,504992.7188,30,12,-15.69999981,2024/9/14 0:45
1726275309,1726275309,0,1,-58.2586937,-22.30559921,501811.7813,25,12,17.70000076,2024/9/14 0:55
1726275909,1726275909,0,1,-20.69217873,-34.12516022,490713.1875,21,12,-5.300000191,2024/9/14 1:05
1726276509,1726276509,0,1,17.34471893,-41.76792145,488349.1875,18,10,-18.10000038,2024/9/14 1:15
1726277109,1726277109,0,1,55.03413391,-52.65579605,496397.9688,23,11,16.60000038,2024/9/14 1:25
1726277709,1726277709,0,1,81.70996857,-161.2786407,499862.4375,28,13,3.400000095,2024/9/14 1:35
1726278310,1726278309,0,1,47.6793251,141.2670135,491020,25,10,22.5,2024/9/14 1:45
1726278910,1726278909,0,1,9.793493271,131.8444824,482301.75,23,12,58.59999847,2024/9/14 1:55
1726279510,1726279509,0,1,-28.27746773,124.0484848,487912.0313,20,12,-14.30000019,2024/9/14 2:05
1726280110,1726280109,0,1,-65.66455841,108.8491669,501435.4063,21,11,-13.60000038,2024/9/14 2:15
1726280710,1726280710,0,1,-73.59409332,-30.74149895,504993.875,30,11,-1.299999952,2024/9/14 2:25
1726281310,1726281310,0,1,-36.90949631,-53.84089661,495300.875,23,11,7.599999905,2024/9/14 2:35
1726281910,1726281910,0,1,1.038056612,-62.07950211,487681.5938,23,13,-9.199999809,2024/9/14 2:45
1726282510,1726282510,0,1,38.98401642,-70.48464203,492599.7813,21,10,-39.09999847,2024/9/14 2:55
1726283110,1726283110,0,1,75.46376038,-97.03869629,500027.8125,29,11,-7,2024/9/14 3:05
1726283710,1726283710,0,1,63.56758881,125.716423,496017.8438,30,12,-13.5,2024/9/14 3:15
1726284311,1726284310,0,1,26.10592461,111.7082672,484938.125,22,9,-17.20000076,2024/9/14 3:25
1726284911,1726284910,0,1,-11.98167992,103.9754105,483728.4688,17,12,-17.10000038,2024/9/14 3:35
1726285511,1726285510,0,1,-49.79937744,94.20852661,495873,23,10,6.699999809,2024/9/14 3:45
1726286111,1726286110,0,1,-82.42929077,22.58800507,505413.875,32,13,-5.900000095,2024/9/14 3:55
1726286711,1726286711,0,1,-52.9757576,-72.02265167,500220.625,29,12,10.5,2024/9/14 4:05
1726287311,1726287311,0,1,-15.27229786,-82.41256714,489462.625,25,11,1.100000024,2024/9/14 4:15
1726287911,1726287911,0,1,22.76560593,-90.07302856,489076.0313,20,12,-18.5,2024/9/14 4:25
1726288511,1726288511,0,1,60.30776978,-102.6222153,497642.75,23,13,-39.59999847,2024/9/14 4:35
1726289111,1726289111,0,1,78.24758911,126.7183151,499361.8125,27,13,-2.099999905,2024/9/14 4:45
1726289711,1726289711,0,1,42.31940842,92.35092926,489560,21,8,-64.19999695,2024/9/14 4:55
1726290312,1726290311,0,1,4.357696533,83.62175751,482467.2813,17,12,-96.59999847,2024/9/14 5:05
1726290912,1726290911,0,1,-33.67385483,75.58683014,489992.75,18,10,6.699999809,2024/9/14 5:15
1726291512,1726291511,0,1,-70.67565918,56.29969788,502992.625,21,13,24.10000038,2024/9/14 5:25
1726292112,1726292111,0,1,-68.64731598,-85.0307312,504191.125,29,12,-13.89999962,2024/9/14 5:35
1726292712,1726292712,0,1,-31.53103256,-102.374794,493483.4688,25,12,-6.300000191,2024/9/14 5:45
1726293312,1726293312,0,1,6.464085102,-110.2921524,487373.5938,24,12,-26.89999962,2024/9/14 5:55
1726293912,1726293912,0,1,44.35015106,-119.247467,493664.125,20,11,-17.70000076,2024/9/14 6:05
1726294512,1726294512,0,1,79.73805237,-160.3263245,500152.5625,28,13,0.600000024,2024/9/14 6:15
1726295112,1726295112,0,1,58.33052826,75.21405792,494515.7188,27,11,-29,2024/9/14 6:25
1726295712,1726295712,0,1,20.68463135,63.3641777,484016.8438,23,11,-48.90000153,2024/9/14 6:35
1726296313,1726296312,0,1,-17.40981865,55.71556854,485121.875,19,10,-16.79999924,2024/9/14 6:45
1726296913,1726296912,0,1,-55.10668564,44.81047058,498043.0625,22,13,43.70000076,2024/9/14 6:55
1726297513,1726297512,0,1,-81.69744873,-63.98337936,505672.9375,27,12,-24.5,2024/9/14 7:05
1726298113,1726298113,0,1,-47.66135788,-121.2505112,498493.0313,26,11,-10.80000019,2024/9/14 7:15
1726298713,1726298713,0,1,-9.85236454,-130.6583557,488298.6563,27,13,-9,2024/9/14 7:25
1726299313,1726299313,0,1,28.17372131,-138.443924,489788.2813,21,11,-29.20000076,2024/9/14 7:35
1726299913,1726299913,0,1,65.51146698,-153.5335846,498405.0313,22,11,9.399999619,2024/9/14 7:45
1726300513,1726300513,0,1,73.68925476,66.92240906,498420.2813,28,12,-4.300000191,2024/9/14 7:55
1726301113,1726301113,0,1,36.93604279,43.65665054,487886.75,10,10,18.79999924,2024/9/14 8:05
1726301713,1726301713,0,1,-1.083213329,35.4071312,482610.5,18,12,-14.89999962,2024/9/14 8:15
1726302314,1726302313,0,1,-39.06118774,26.99155426,491931.9688,23,11,33.20000076,2024/9/14 8:25
1726302914,1726302913,0,1,-75.51373291,0.335395008,504040.5938,28,12,8.199999809,2024/9/14 8:35
1726303514,1726303513,0,1,-63.51143646,-136.8328552,502931.625,26,12,-38.20000076,2024/9/14 8:45
1726304114,1726304114,0,1,-26.12620354,-150.7996674,491738.0938,22,10,-1.700000048,2024/9/14 8:55
1726304714,1726304714,0,1,11.89999294,-158.5255127,487453.25,23,12,7.099999905,2024/9/14 9:05
1726305314,1726305314,0,1,49.70288467,-168.2750397,494901.75,21,10,6.900000095,2024/9/14 9:15
1726305914,1726305914,0,1,82.40072632,121.006546,500122.9063,27,12,5,2024/9/14 9:25
1726308915,1726308914,0,1,-78.2202301,-135.8834381,505352.5313,27,12,-47,2024/9/14 10:15
1726309515,1726309514,0,1,-42.29856873,-170.1651459,496679.8125,22,10,2.099999905,2024/9/14 10:25
1726310115,1726310115,0,1,-4.408788204,-178.8852234,487612.1563,22,11,21.79999924,2024/9/14 10:35
1726310715,1726310715,0,1,33.58689499,173.0867157,490969.7813,22,9,-10.5,2024/9/14 10:45
1726311315,1726311315,0,1,70.60831451,153.8599701,499260.9688,26,13,1.899999976,2024/9/14 10:55
1726311915,1726311915,0,1,68.71559143,12.54004669,497256.0625,22,13,39.40000153,2024/9/14 11:05
1726312515,1726312515,0,1,31.5245018,-4.884656429,486244.5938,26,10,51.20000076,2024/9/14 11:15
1726313115,1726313115,0,1,-6.537228107,-12.81349468,482882.2813,21,12,16,2024/9/14 11:25
1726313716,1726313715,0,1,-44.44623947,-21.78757858,493762.6563,22,11,19.60000038,2024/9/14 11:35
1726314316,1726314315,0,1,-79.78368378,-63.14135742,504729.0938,24,13,-19.70000076,2024/9/14 11:45
1726314916,1726314915,0,1,-58.32593155,172.7073975,501549.9063,31,11,-43.09999847,2024/9/14 11:55
1726315516,1726315515,0,1,-20.69476128,160.8520508,490350,28,10,57.5,2024/9/14 12:05
1726316116,1726316116,0,1,17.34504509,153.2088776,488070.625,26,13,36.59999847,2024/9/14 12:15
1726316716,1726316716,0,1,55.03581238,142.3191528,496281.5625,24,11,16.10000038,2024/9/14 12:25
1726317316,1726317316,0,1,81.70736694,33.69037247,499817.0625,30,12,22.29999924,2024/9/14 12:35
1726317916,1726317916,0,1,47.67681122,-23.75343323,490976.1563,26,9,64,2024/9/14 12:45
1726318516,1726318516,0,1,9.791254997,-33.17722321,482300.75,25,13,-3.400000095,2024/9/14 12:55
1726319116,1726319116,0,1,-28.27993393,-40.97451401,487790.9688,24,11,-10.5,2024/9/14 13:05
1726319717,1726319716,0,1,-65.60760498,-56.1271019,501209.6875,23,14,17.29999924,2024/9/14 13:15
1726320317,1726320316,0,1,-73.64460754,164.338623,504817.9375,28,12,-49.20000076,2024/9/14 13:25
1726320917,1726320916,0,1,-36.96473312,141.1531372,495122.2813,27,10,-0.400000006,2024/9/14 13:35
1726321517,1726321516,0,1,1.047363281,132.897049,487451.9688,24,12,74.5,2024/9/14 13:45
1726322117,1726322117,0,1,38.9946785,124.490654,492421.8438,25,10,16.29999924,2024/9/14 13:55
1726322717,1726322717,0,1,75.47416687,97.91431427,499865.25,28,12,-8.300000191,2024/9/14 14:05
1726323317,1726323317,0,1,63.55420303,-39.31482697,495753.2188,29,11,50.79999924,2024/9/14 14:15
1726323917,1726323917,0,1,26.08965492,-53.31641006,484705.625,18,9,-34.40000153,2024/9/14 14:25
1726324517,1726324517,0,1,-12.00012684,-61.04942322,483472.9375,19,11,15.39999962,2024/9/14 14:35
1726325117,1726325117,0,1,-49.81915665,-70.8214798,495714.1875,20,10,12.89999962,2024/9/14 14:45
1726325718,1726325717,0,1,-82.41945648,-142.1208038,505346.625,26,12,-44.20000076,2024/9/14 14:55
1726326318,1726326317,0,1,-53.01671219,122.9743347,500246.5313,29,13,-23.10000038,2024/9/14 15:05
1726326918,1726326917,0,1,-15.31511974,112.5740204,489539.125,25,10,-8.199999809,2024/9/14 15:15
1726327518,1726327518,0,1,22.78490257,104.899765,489166.6875,19,11,-30.10000038,2024/9/14 15:25
1726328118,1726328118,0,1,60.32561874,92.34329987,497645.4375,26,13,-31.10000038,2024/9/14 15:35
1726328718,1726328718,0,1,78.23297882,-38.36314774,499232.0313,28,13,35,2024/9/14 15:45
1726329318,1726329318,0,1,42.29909897,-72.67751312,489282.8125,21,9,-29.20000076,2024/9/14 15:55
1726329918,1726329918,0,1,4.334011555,-81.40496063,482010.5938,22,11,12.30000019,2024/9/14 16:05
1726330518,1726330518,0,1,-33.70138931,-89.44223785,489607.0313,21,10,-1.799999952,2024/9/14 16:15
1726331118,1726331118,0,1,-70.70450592,-108.7610016,502725.8438,21,11,-32.5,2024/9/14 16:25
1726331718,1726331718,0,1,-68.67544556,109.9771881,504083.6875,31,11,-19,2024/9/14 16:35
1726332319,1726332318,0,1,-31.56135559,92.60906982,493620.0938,28,11,-27.39999962,2024/9/14 16:45
1726332919,1726332918,0,1,6.430846691,84.69029236,487697.1875,30,13,-91.69999695,2024/9/14 16:55
1726333519,1726333518,0,1,44.37630844,75.71953583,493988.4688,24,11,-47.20000076,2024/9/14 17:05
1726334119,1726334119,0,1,79.75399017,34.55058289,500298.1875,28,12,21.29999924,2024/9/14 17:15
1726334719,1726334719,0,1,58.30821991,-89.82131958,494450.125,27,12,-48.5,2024/9/14 17:25
1726335319,1726335319,0,1,20.65959358,-101.6643982,483635.1875,19,10,-12,2024/9/14 17:35
1726335919,1726335919,0,1,-17.43964386,-109.3132019,484617.375,16,11,-2.5,2024/9/14 17:45
1726336519,1726336519,0,1,-55.14115143,-120.2270355,497606.25,22,11,-12.80000019,2024/9/14 17:55
1726337119,1726337119,0,1,-81.68061829,130.7479401,505410.1875,28,11,-40.79999924,2024/9/14 18:05
1726337719,1726337719,0,1,-47.68423843,73.73339844,498489,28,11,31.79999924,2024/9/14 18:15
1726338320,1726338319,0,1,-9.87761879,64.32273102,488597.4688,26,13,-49.70000076,2024/9/14 18:25
1726338920,1726338919,0,1,28.14469528,56.53866959,490105.5313,22,11,-18.5,2024/9/14 18:35
1726340120,1726340119,0,1,73.66281891,-98.15070343,498385.5313,26,13,-13.30000019,2024/9/14 18:55
1726340720,1726340720,0,1,36.90490341,-121.3749313,487610.6563,23,10,-32.70000076,2024/9/14 19:05
1726341320,1726341320,0,1,-1.118826628,-129.6225586,482138.2813,24,12,-12.69999981,2024/9/14 19:15
1726341920,1726341920,0,1,-39.10137558,-138.0418396,491535.5625,23,10,-11.89999962,2024/9/14 19:25
1726342520,1726342520,0,1,-75.55147552,-164.7786713,503869.9063,29,12,-62,2024/9/14 19:35
1726343120,1726343120,0,1,-63.5293541,58.15715027,502911.4375,29,11,30,2024/9/14 19:45
1726343721,1726343720,0,1,-26.14655685,44.18196869,491967.0625,24,11,5.699999809,2024/9/14 19:55
1726344321,1726344320,0,1,11.87624836,36.45623398,487727.0625,23,12,-2.799999952,2024/9/14 20:05
1726345521,1726345520,0,1,82.40858459,-44.28755951,500014.75,26,12,24.10000038,2024/9/14 20:25
1726346121,1726346121,0,1,52.98998642,-139.5485382,492506.8125,26,11,-5.099999905,2024/9/14 20:35
1726346721,1726346721,0,1,15.20387173,-149.9556427,482599.875,21,13,-4.5,2024/9/14 20:45
1726347321,1726347321,0,1,-22.89053917,-157.6277924,485959.5,20,11,5.599999905,2024/9/14 20:55
1726347921,1726347921,0,1,-60.43436813,-170.2316284,499538.7188,22,13,-43.20000076,2024/9/14 21:05
1726348521,1726348521,0,1,-78.17884827,58.93082809,505309.5938,27,12,9,2024/9/14 21:15
1726349121,1726349121,0,1,-42.31018829,24.81771088,496868.8125,19,10,34.40000153,2024/9/14 21:25
1726349722,1726349721,0,1,-4.423820019,16.09649849,487902.1875,26,12,-1.299999952,2024/9/14 21:35
1726350322,1726350321,0,1,33.56925201,8.069564819,491097,18,9,29.29999924,2024/9/14 21:45
1726350922,1726350921,0,1,70.59147644,-11.1400547,499099.25,26,11,56.59999847,2024/9/14 21:55
1726351522,1726351521,0,1,68.6707077,-152.529892,496884.4063,30,12,4.400000095,2024/9/14 22:05
1726352122,1726352122,0,1,31.47192383,-169.9177246,485742.2813,25,10,-9.100000381,2024/9/14 22:15
1726352722,1726352722,0,1,-6.595735073,-177.8450165,482402.0938,25,13,22.89999962,2024/9/14 22:25
1726353322,1726353322,0,1,-44.50787354,173.172226,493521.875,29,11,8.100000381,2024/9/14 22:35
1726353922,1726353922,0,1,-79.82635498,131.5708618,504776.1875,28,13,-42.5,2024/9/14 22:45
1726354522,1726354522,0,1,-58.26573563,7.65713644,501715.4063,26,11,19,2024/9/14 22:55
1726355122,1726355122,0,1,-20.69958115,-4.16555357,490676.2813,19,11,14,2024/9/14 23:05
1726355723,1726355722,0,1,17.33694267,-11.80889988,488257.875,20,11,27.39999962,2024/9/14 23:15
1726356323,1726356322,0,1,55.02694702,-22.69660759,496174.8438,24,11,60.09999847,2024/9/14 23:25
1726356923,1726356922,0,1,81.71022034,-131.2855988,499481.8438,28,14,2.799999952,2024/9/14 23:35
1726357523,1726357523,0,1,47.61657715,171.2061615,490490,27,11,-3.700000048,2024/9/14 23:45
1726358123,1726358123,0,1,9.724728584,161.7905121,481801.25,25,12,33.20000076,2024/9/14 23:55
1726358723,1726358723,0,1,-28.35001373,153.989563,487512.4688,30,11,36.90000153,2024/9/15 0:05
1726359323,1726359323,0,1,-65.67511749,138.7927551,501275.7188,27,13,-42.29999924,2024/9/15 0:15
1726359923,1726359923,0,1,-73.58177185,-0.793685019,504945.1875,28,13,11.39999962,2024/9/15 0:25
1726360523,1726360523,0,1,-36.89765167,-23.8821125,495315.625,24,10,15,2024/9/15 0:35
1726361123,1726361123,0,1,1.048936725,-32.12162018,487642.0313,21,12,1,2024/9/15 0:45
1726361724,1726361723,0,1,38.99529266,-40.52897263,492347.5,24,9,28.70000076,2024/9/15 0:55
1726362324,1726362323,0,1,75.47569275,-67.11250305,499572.75,27,13,17.70000076,2024/9/15 1:05
1726362924,1726362923,0,1,63.54838181,155.6638031,495359.0625,28,13,11.80000019,2024/9/15 1:15
1726363524,1726363524,0,1,26.01592827,141.6481934,484184.625,21,9,38.5,2024/9/15 1:25
1726364124,1726364124,0,1,-12.0784235,133.9151917,483090.25,29,14,56.59999847,2024/9/15 1:35
1726364724,1726364724,0,1,-49.89851379,124.1275864,495588.6875,28,10,-23.79999924,2024/9/15 1:45
1726365324,1726365324,0,1,-82.43509674,52.25006866,505349.375,29,13,-2.700000048,2024/9/15 1:55
1726365924,1726365924,0,1,-52.93811035,-42.07580566,500365.7813,27,12,6,2024/9/15 2:05
1726366524,1726366524,0,1,-15.23711967,-52.45965958,489672.8438,23,12,-5,2024/9/15 2:15
1726367124,1726367124,0,1,22.79778671,-60.12238312,489212.9375,26,10,-50.40000153,2024/9/15 2:25
1726367725,1726367724,0,1,60.33776093,-72.68723297,497510.7188,22,12,-25.29999924,2024/9/15 2:35
1726368325,1726368324,0,1,78.21979523,156.5790863,498957.9375,31,12,3.200000048,2024/9/15 2:45
1726368925,1726368924,0,1,42.21773911,122.2808762,488834.75,25,10,6.5,2024/9/15 2:55
1726369525,1726369525,0,1,4.247623444,113.5598984,481602.75,30,12,38.90000153,2024/9/15 3:05
1726370125,1726370125,0,1,-33.79059601,105.516243,489369.0313,23,8,-41,2024/9/15 3:15
1726370725,1726370725,0,1,-70.78856659,86.10288239,502577.5625,27,11,11.39999962,2024/9/15 3:25
1726371325,1726371325,0,1,-68.58855438,-55.13134384,504058.4063,28,13,6,2024/9/15 3:35
1726371925,1726371925,0,1,-31.46996689,-72.42831421,493627.875,24,10,11.10000038,2024/9/15 3:45
1726372525,1726372525,0,1,6.522263527,-80.34326172,487601,23,12,11.60000038,2024/9/15 3:55
1726373126,1726373125,0,1,44.40467834,-89.30607605,493789.3438,21,12,-36.59999847,2024/9/15 4:05
1726373726,1726373725,0,1,79.77500153,-130.5998535,499964.25,27,14,-3.400000095,2024/9/15 4:15
1726374326,1726374325,0,1,58.27351379,105.1458054,494019.75,30,12,-33,2024/9/15 4:25
1726374926,1726374925,0,1,20.5568924,93.29888916,483370.375,8,10,-51.90000153,2024/9/15 4:35
1726375526,1726375526,0,1,-17.54426765,85.64998627,484581.0313,24,10,-54.09999847,2024/9/15 4:45
1726376126,1726376126,0,1,-55.24276352,74.70949554,497720.2188,25,12,32.90000153,2024/9/15 4:55
1726376726,1726376726,0,1,-81.63323975,-34.89532471,505593.7813,27,12,-19.79999924,2024/9/15 5:05
1726377326,1726377326,0,1,-47.58575439,-91.31458282,498630.3125,22,12,-2.5,2024/9/15 5:15
1726377926,1726377926,0,1,-9.778479576,-100.7100525,488541.3125,21,14,-12,2024/9/15 5:25
1726378526,1726378526,0,1,28.24450302,-108.4970245,489936.5625,23,11,-26.60000038,2024/9/15 5:35
1726379127,1726379126,0,1,65.57867432,-123.6255798,498304.7813,25,12,-12.30000019,2024/9/15 5:45
1726379727,1726379726,0,1,73.62506104,96.75786591,497992.9375,29,11,-10.89999962,2024/9/15 5:55
1726380327,1726380326,0,1,36.8585701,73.59815216,487320.75,19,10,-29,2024/9/15 6:05
1726380927,1726380926,0,1,-1.230936646,65.34235382,482125.2813,20,12,-74.69999695,2024/9/15 6:15
1726381527,1726381527,0,1,-39.21179581,56.91454315,491665.9375,24,10,30.39999962,2024/9/15 6:25
1726382127,1726382127,0,1,-75.64537811,29.97676659,504009.625,26,12,15.19999981,2024/9/15 6:35
1726382727,1726382727,0,1,-63.42676163,-106.9341736,503047.4375,28,12,-24.70000076,2024/9/15 6:45
1726383327,1726383327,0,1,-26.04027748,-120.8553619,491919.9688,23,11,-8.300000191,2024/9/15 6:55
1726383927,1726383927,0,1,11.98409176,-128.5775604,487580.5,26,13,-34.5,2024/9/15 7:05
1726384527,1726384527,0,1,49.78524017,-138.3399963,494821.1875,28,12,-14.19999981,2024/9/15 7:15
1726385128,1726385127,0,1,82.42074585,150.3361816,499774.5938,31,12,3.299999952,2024/9/15 7:25
1726385728,1726385727,0,1,52.94009018,55.4152298,492345.6875,24,11,-10,2024/9/15 7:35
1726389328,1726389328,0,1,-4.310144901,-148.9388275,487671.3438,24,11,10.19999981,2024/9/15 8:35
1726389928,1726389928,0,1,33.68457413,-156.9716339,490884.3438,19,9,-15.30000019,2024/9/15 8:45
1726390528,1726390528,0,1,70.70079803,-176.2954559,498943.5,22,12,1.100000024,2024/9/15 8:55
1726391129,1726391128,0,1,68.61856842,42.39544678,496764.0938,18,12,10.60000038,2024/9/15 9:05
1726392329,1726392328,0,1,-6.651255131,17.13075066,482515.8125,19,13,3.400000095,2024/9/15 9:25
1726392929,1726392928,0,1,-44.62381363,8.122041702,493647.1875,20,11,24.60000038,2024/9/15 9:35
1726393529,1726393529,0,1,-79.90635681,-33.92995071,504773.2188,24,13,-18.10000038,2024/9/15 9:45
1726394129,1726394129,0,1,-58.1527977,-157.42099,501610.625,29,12,-32.09999847,2024/9/15 9:55
1726394729,1726394729,0,1,-20.58149529,-169.2054596,490421.1875,25,12,23.5,2024/9/15 10:05
1726395329,1726395329,0,1,17.45775604,-176.8479462,488025.7188,23,11,7.199999809,2024/9/15 10:15
1726395929,1726395929,0,1,55.1471138,172.2337189,496056.2188,23,11,2.400000095,2024/9/15 10:25
1726396529,1726396529,0,1,81.65450287,62.92819977,499408.9063,27,12,13.39999962,2024/9/15 10:35
1726397730,1726397729,0,1,9.665596962,-3.235300064,481908.8125,19,13,26.70000076,2024/9/15 10:55
1726398330,1726398329,0,1,-28.4076767,-11.03769207,487581.9063,19,11,14.19999981,2024/9/15 11:05
1726398930,1726398929,0,1,-65.7904129,-26.32049751,501164.3125,27,13,9,2024/9/15 11:15
1726399530,1726399530,0,1,-73.47297668,-166.0151672,504768.5313,28,12,-65.69999695,2024/9/15 11:25
1726400130,1726400130,0,1,-36.77349091,171.0691681,494988.6875,26,10,27.70000076,2024/9/15 11:35
1726400730,1726400730,0,1,1.1773417,162.8387451,487341.0938,30,12,43.20000076,2024/9/15 11:45
1726401330,1726401330,0,1,39.12464905,154.4198303,492208.9688,24,10,6.400000095,2024/9/15 11:55
1726401930,1726401930,0,1,75.58773804,127.5894012,499522.4063,28,12,-1.299999952,2024/9/15 12:05
1726402530,1726402530,0,1,63.42173386,-9.440440178,495300.375,21,11,59.59999847,2024/9/15 12:15
1726403131,1726403130,0,1,25.94812584,-23.37953758,484210.0625,22,12,25.20000076,2024/9/15 12:25
1726403731,1726403730,0,1,-12.14570045,-31.11159134,483148.25,19,13,-9,2024/9/15 12:35
1726404331,1726404330,0,1,-50.02682877,-40.93625641,495520.1563,23,10,5.5,2024/9/15 12:45
1726404931,1726404931,0,1,-82.45948029,-113.7555313,505203.125,29,12,-35.09999847,2024/9/15 12:55
1726405531,1726405531,0,1,-52.80714798,152.8556976,500117.6875,28,13,-19.79999924,2024/9/15 13:05
1726406131,1726406131,0,1,-15.1010952,142.4992065,489357.8438,28,12,59.70000076,2024/9/15 13:15
1726406731,1726406731,0,1,22.93610382,134.8340454,488928,25,10,39.59999847,2024/9/15 13:25
1726407331,1726407331,0,1,60.47399139,122.2153397,497277,23,12,-11.80000019,2024/9/15 13:35
1726407931,1726407931,0,1,78.10791779,-8.880624771,498658.75,27,13,35.90000153,2024/9/15 13:45
1726408532,1726408531,0,1,42.13557816,-42.75576782,488558.2813,20,9,27.39999962,2024/9/15 13:55
1726409132,1726409131,0,1,4.162594795,-51.46874619,481487.9063,24,11,-33.70000076,2024/9/15 14:05
1726409732,1726409731,0,1,-33.87564087,-59.5184288,489299.5313,18,11,17.10000038,2024/9/15 14:15
1726410332,1726410331,0,1,-70.92449951,-79.1011734,502655.875,25,10,-10,2024/9/15 14:25
1726410932,1726410932,0,1,-68.4500885,139.7075806,504125.3125,31,12,-42.09999847,2024/9/15 14:35
1726411532,1726411532,0,1,-31.32405281,122.5233841,493655.9375,26,11,-24.60000038,2024/9/15 14:45
1726412132,1726412132,0,1,6.668433189,114.6142044,487575.5313,24,12,35.70000076,2024/9/15 14:55
1726412732,1726412732,0,1,44.54903793,105.6328735,493740.375,24,11,-42.79999924,2024/9/15 15:05
1726413332,1726413332,0,1,79.87553406,63.76773834,499777.6875,25,12,7.099999905,2024/9/15 15:15
1726413932,1726413932,0,1,58.12796021,-59.94701767,493682.9688,28,13,3.900000095,2024/9/15 15:25
1726414533,1726414532,0,1,20.46744919,-71.73332977,483016.8438,15,12,-47.59999847,2024/9/15 15:35
1726415133,1726415132,0,1,-17.63692665,-79.38256836,484246.3125,20,8,9.399999619,2024/9/15 15:45
1726415733,1726415732,0,1,-55.33561707,-90.34832764,497558.5625,21,11,-7,2024/9/15 15:55
1726416333,1726416332,0,1,-81.55799103,159.1193695,505530.4063,28,12,-42.5,2024/9/15 16:05
1726416933,1726416933,0,1,-47.42892838,103.615448,498667.75,26,12,-10.60000038,2024/9/15 16:15
1726417533,1726417533,0,1,-9.621107101,94.2433548,488736.875,29,11,-50.20000076,2024/9/15 16:25
1726418133,1726418133,0,1,28.39863586,86.45130157,490157.125,28,11,-27.5,2024/9/15 16:35
1726418733,1726418733,0,1,65.72366333,71.23246765,498427.1563,26,13,-15,2024/9/15 16:45
1726419333,1726419333,0,1,73.48937988,-68.51160431,497868.125,26,13,15,2024/9/15 16:55
1726419933,1726419933,0,1,36.70545959,-91.45769501,487016.125,24,9,-30.29999924,2024/9/15 17:05
1726420534,1726420533,0,1,-1.325498343,-99.69029236,481684.875,23,11,-14.10000038,2024/9/15 17:15
1726421134,1726421133,0,1,-39.30973816,-108.1265335,491318.2188,22,10,-10.10000038,2024/9/15 17:25
1726421734,1726421733,0,1,-75.73285675,-135.2553864,503805.5,24,13,-41.59999847,2024/9/15 17:35
1726422334,1726422333,0,1,-63.26748276,87.93151855,502960.0313,29,13,9.899999619,2024/9/15 17:45
1726422934,1726422934,0,1,-25.87549973,74.09144592,492064.5938,25,11,-9.199999809,2024/9/15 17:55
1726423534,1726423534,0,1,12.14634705,66.37384033,487906.875,23,11,-77.19999695,2024/9/15 18:05
1726424734,1726424734,0,1,82.45207977,-15.86073017,499719.625,5,0,30.39999962,2024/9/15 18:25
1726425334,1726425334,0,1,52.7845459,-109.6661682,492065.0938,26,10,-21.5,2024/9/15 18:35
1726425934,1726425934,0,1,14.98960495,-120.0271454,482170.25,21,12,-44.79999924,2024/9/15 18:45
1726426535,1726426534,0,1,-23.10827637,-127.7015457,485682.2813,18,10,-10.60000038,2024/9/15 18:55
1726427135,1726427134,0,1,-60.64756012,-140.3867798,499413.5938,25,12,-31.79999924,2024/9/15 19:05
1726427735,1726427734,0,1,-78.00818634,88.21382904,505282.2188,29,13,-2.299999952,2024/9/15 19:15
1726428335,1726428335,0,1,-42.03041458,54.70299911,496854,19,11,37.90000153,2024/9/15 19:25
1726428935,1726428935,0,1,-4.141661644,46.01317215,487977.25,22,13,-43.40000153,2024/9/15 19:35
1726431335,1726431335,0,1,31.24768448,-140.0005951,485284.125,21,12,-28.89999962,2024/9/15 20:15
1726431935,1726431935,0,1,-6.825251579,-147.9171448,482082.4688,26,12,5.400000095,2024/9/15 20:25
1726432536,1726432535,0,1,-44.73679352,-156.9279633,493387.5625,29,10,-7.900000095,2024/9/15 20:35
1726433136,1726433135,0,1,-79.98439026,160.5587463,504746.4063,26,13,-55,2024/9/15 20:45
1726433736,1726433735,0,1,-58.04088211,37.50525665,501692.2813,27,12,35.70000076,2024/9/15 20:55
1726434336,1726434336,0,1,-20.40587044,25.74366188,490658.0938,22,10,12.80000019,2024/9/15 21:05
1726434936,1726434936,0,1,17.63046455,18.10248184,488240.1563,20,12,11.80000019,2024/9/15 21:15
1726435536,1726435536,0,1,55.31450272,7.140510082,496045.75,15,11,40.70000076,2024/9/15 21:25
1726436136,1726436136,0,1,81.57347107,-103.1436005,499108.8125,25,13,6.900000095,2024/9/15 21:35
1726436736,1726436736,0,1,47.38231659,-158.9032745,489984.1563,25,11,0.699999988,2024/9/15 21:45
1726437336,1726437336,0,1,9.482313156,-168.2837982,481368.875,22,12,12.19999981,2024/9/15 21:55
1726437936,1726437936,0,1,-28.59489632,-176.0934601,487254.5938,29,11,24.10000038,2024/9/15 22:05
1726438537,1726438536,0,1,-65.91046143,168.5606384,501156.9375,28,13,-51.20000076,2024/9/15 22:15
1726439137,1726439136,0,1,-73.36044312,28.76927185,504858.0313,29,11,20.39999962,2024/9/15 22:25
1726439737,1726439736,0,1,-36.58864594,6.009081841,495251.7813,24,9,21.20000076,2024/9/15 22:35
1726440337,1726440337,0,1,1.360071659,-2.208189964,487621.2813,25,12,17.20000076,2024/9/15 22:45
1726440937,1726440937,0,1,39.30331039,-10.64262962,492271.9375,22,10,50,2024/9/15 22:55
1726441537,1726441537,0,1,75.74211121,-37.81533813,499257.4063,28,12,39.09999847,2024/9/15 23:05
1726442137,1726442137,0,1,63.24422073,-174.5820007,494797.375,32,11,5.099999905,2024/9/15 23:15
1726442737,1726442737,0,1,25.75772858,171.5667114,483640.3438,21,11,-4.300000191,2024/9/15 23:25
1726443337,1726443337,0,1,-12.34186172,163.8382111,482731.2813,26,13,60.70000076,2024/9/15 23:35
1726443938,1726443937,0,1,-50.15937042,154.0011444,495474.5625,29,11,-17.10000038,2024/9/15 23:45
1726444538,1726444537,0,1,-82.48212433,80.21738434,505336.0625,29,13,-3.200000048,2024/9/15 23:55
1726445138,1726445137,0,1,-52.67809296,-12.20759201,500331.0938,29,10,25.10000038,2024/9/16 0:05
1726445738,1726445737,0,1,-14.90946198,-22.54957771,489617.0625,24,11,-3.700000048,2024/9/16 0:15
1726446338,1726446338,0,1,23.12508392,-30.21778107,489042.7188,23,10,16.10000038,2024/9/16 0:25
1726446938,1726446938,0,1,60.65716934,-42.90966415,497079.4375,25,12,45.70000076,2024/9/16 0:35
1726447538,1726447538,0,1,77.95674133,-174.4797974,498238.8438,30,11,2.299999952,2024/9/16 0:45
1726448138,1726448138,0,1,41.93975449,152.1748657,488002.625,23,10,14.69999981,2024/9/16 0:55
1726448738,1726448738,0,1,3.959320068,143.4806824,480986.4063,21,15,65.19999695,2024/9/16 1:05
1726449338,1726449338,0,1,-34.08068848,135.4176025,489144.7188,27,10,-6.300000191,2024/9/16 1:15
1726449939,1726449938,0,1,-71.05620575,115.7012863,502687.7188,26,13,-27.10000038,2024/9/16 1:25
1726450539,1726450538,0,1,-68.315979,-25.44458961,504225.7188,30,12,4.400000095,2024/9/16 1:35
1726451139,1726451138,0,1,-31.18411446,-42.51978683,493803.125,22,10,-7.599999905,2024/9/16 1:45
1726451739,1726451738,0,1,6.870301723,-50.43579865,487761.5938,25,12,-39.79999924,2024/9/16 1:55
1726452339,1726452339,0,1,44.74708176,-59.44361115,493724.1875,23,11,-14.19999981,2024/9/16 2:05
1726452939,1726452939,0,1,80.01023102,-102.1150818,499564.2188,26,12,1.899999976,2024/9/16 2:15
1726453539,1726453539,0,1,57.92863846,134.937088,493248.6875,27,11,10.80000019,2024/9/16 2:25
1726454139,1726454139,0,1,20.25841141,123.2119522,482491.8438,18,10,27.79999924,2024/9/16 2:35
1726454739,1726454739,0,1,-17.85037041,115.5622711,483909.125,25,11,-8.399999619,2024/9/16 2:45
1726455339,1726455339,0,1,-55.54680252,104.5391312,497381.8438,24,10,-5.599999905,2024/9/16 2:55
1726455940,1726455939,0,1,-81.48179626,-6.811373234,505442.2188,25,11,-10.5,2024/9/16 3:05
1726456540,1726456539,0,1,-47.27650452,-61.44497681,498674.0938,24,12,11.60000038,2024/9/16 3:15
1726457140,1726457139,0,1,-9.467341423,-70.79494476,488723.4063,22,10,26.79999924,2024/9/16 3:25
1726457740,1726457739,0,1,28.61441422,-78.608284,490129.6875,23,12,-35.09999847,2024/9/16 3:35
1726458340,1726458340,0,1,65.93028259,-93.96216583,498208.9688,25,12,-36.79999924,2024/9/16 3:45
1726458940,1726458940,0,1,73.29075623,126.1227112,497446.9688,31,12,-5.699999809,2024/9/16 3:55
1726459540,1726459540,0,1,36.4809761,103.4757156,486565.875,17,10,-44.20000076,2024/9/16 4:05
1726460140,1726460140,0,1,-1.55524838,95.25740051,481437.2188,23,11,-33.59999847,2024/9/16 4:15
1726460740,1726460740,0,1,-39.5381813,86.80026245,491328.5938,22,10,1.5,2024/9/16 4:25
1726461340,1726461340,0,1,-75.92742157,59.22432709,503901.625,27,13,11,2024/9/16 4:35
1726461941,1726461940,0,1,-63.10892105,-77.18722534,503069.3125,25,14,-1.200000048,2024/9/16 4:45
1726462541,1726462540,0,1,-25.71217918,-90.95022583,492079.4063,23,11,1.5,2024/9/16 4:55
1726463141,1726463140,0,1,12.31025124,-98.66407013,487771,24,12,-8.699999809,2024/9/16 5:05
1726463741,1726463740,0,1,50.16650772,-108.5071869,494853.375,20,13,-17.5,2024/9/16 5:15
1726464341,1726464341,0,1,82.4940033,177.3766785,499374.9063,32,12,4.199999809,2024/9/16 5:25
1726464941,1726464941,0,1,52.5529213,85.22910309,491631.5313,28,12,-42.90000153,2024/9/16 5:35
1726465541,1726465541,0,1,14.74979687,74.91864014,481972.8438,21,11,-84.40000153,2024/9/16 5:45
1726466141,1726466141,0,1,-23.34824753,67.24091339,485751.3438,24,11,-6.199999809,2024/9/16 5:55
1726466741,1726466741,0,1,-60.87825775,54.46369171,499608.0313,23,12,31.60000038,2024/9/16 6:05
1726467341,1726467341,0,1,-77.82209015,-77.50130463,505466.375,29,13,-20,2024/9/16 6:15
1726467942,1726467941,0,1,-41.86069489,-110.3526993,496912.7813,20,10,-10.10000038,2024/9/16 6:25
1726468542,1726468541,0,1,-3.969856739,-119.0243988,487841.2813,21,12,-17.89999962,2024/9/16 6:35
1726469142,1726469141,0,1,34.08404541,-127.0915222,490966.0938,27,11,-41.29999924,2024/9/16 6:45
1726469742,1726469742,0,1,71.07154083,-146.8211365,498708.5625,24,12,-4,2024/9/16 6:55
1726470342,1726470342,0,1,68.23783112,71.9588623,496195.1563,29,13,-13,2024/9/16 7:05
1726470942,1726470942,0,1,31.00503922,54.93537521,485087.9063,16,11,-5,2024/9/16 7:15
1726471542,1726471542,0,1,-7.069499969,47.03051376,482185.5625,26,12,-42.79999924,2024/9/16 7:25
1726472142,1726472142,0,1,-44.97630692,37.99041748,493559.5625,24,9,46.59999847,2024/9/16 7:35
1726472742,1726472742,0,1,-80.14507294,-5.498261452,504837.125,26,12,-8.899999619,2024/9/16 7:45
1726473342,1726473342,0,1,-57.80801392,-127.6268234,501659.75,24,10,-21,2024/9/16 7:55
1726473943,1726473942,0,1,-20.2287159,-139.2990112,490497.375,25,10,-9.399999619,2024/9/16 8:05
1726474543,1726474542,0,1,17.80986214,-146.9386749,488051.2188,22,12,-9.600000381,2024/9/16 8:15
1726475143,1726475142,0,1,55.55397415,-157.9759827,495864.9375,22,11,14,2024/9/16 8:25
1726475743,1726475743,0,1,81.45468903,90.36820984,498887.3125,24,11,6.800000191,2024/9/16 8:35
1726479344,1726479343,0,1,-36.40808487,-159.0458679,495048.4688,13,10,3.200000048,2024/9/16 9:35
1726479944,1726479943,0,1,1.544761658,-167.2496185,487371.25,25,12,14,2024/9/16 9:45
1726480544,1726480543,0,1,39.48869705,-175.6996155,492118.875,24,11,-12.69999981,2024/9/16 9:55
1726481144,1726481143,0,1,75.95677948,156.6235046,499146.375,26,11,2.099999905,2024/9/16 10:05
1726483544,1726483544,0,1,-50.40486145,-11.0986166,495541.25,16,13,26.79999924,2024/9/16 10:45
1726484144,1726484144,0,1,-82.52121735,-86.69306946,505250.1563,25,13,-29.60000038,2024/9/16 10:55
1726484744,1726484744,0,1,-52.43196487,-177.3197632,500076.625,26,11,-27,2024/9/16 11:05
1726485345,1726485344,0,1,-14.71860027,172.404953,489261.2188,27,11,61.5,2024/9/16 11:15
1726485945,1726485944,0,1,23.31842995,164.7339172,488835.5313,26,9,7.400000095,2024/9/16 11:25
1726486545,1726486544,0,1,60.84588623,151.9655762,496996.9375,25,11,16.29999924,2024/9/16 11:35
1726487145,1726487144,0,1,77.75141907,19.74630928,498169.2188,27,11,29.29999924,2024/9/16 11:45
1726487745,1726487745,0,1,41.68317795,-12.90663147,487960.9063,17,11,49.79999924,2024/9/16 11:55
1726488345,1726488345,0,1,3.700764894,-21.57464981,481083.1875,19,13,14.19999981,2024/9/16 12:05
1726488945,1726488945,0,1,-34.33628464,-29.65303802,489206.5938,23,11,5.300000191,2024/9/16 12:15
1726489545,1726489545,0,1,-71.29185486,-49.63985825,502597.3438,23,13,-1.200000048,2024/9/16 12:25
1726490145,1726490145,0,1,-68.07328796,169.2918243,504004.1563,30,13,-55.59999847,2024/9/16 12:35
1726490745,1726490745,0,1,-30.92403221,152.4115753,493434,25,9,32,2024/9/16 12:45
1726491346,1726491345,0,1,7.071559906,144.5193024,487409.4375,27,12,61.59999847,2024/9/16 12:55
1726491946,1726491945,0,1,44.94834137,135.4851074,493459.1875,26,10,29.89999962,2024/9/16 13:05
1726492546,1726492545,0,1,80.14636993,91.96636963,499287.25,29,12,2,2024/9/16 13:15
1726493146,1726493145,0,1,57.66302872,-30.20678902,492882.7813,26,11,62.5,2024/9/16 13:25
1726493746,1726493746,0,1,19.9832592,-41.84968185,482290.3438,22,10,-13.39999962,2024/9/16 13:35
1726494346,1726494346,0,1,-18.1263504,-49.49931335,483910.0938,20,13,-11,2024/9/16 13:45
1726494946,1726494946,0,1,-55.81525803,-60.59679794,497495.375,20,10,16.60000038,2024/9/16 13:55
1726495546,1726495546,0,1,-81.34237671,-173.4106903,505544.25,30,13,-50.09999847,2024/9/16 14:05
1726496146,1726496146,0,1,-47.00733948,133.4579163,498661.5625,28,11,-20.89999962,2024/9/16 14:15
1726496746,1726496746,0,1,-9.194504738,124.146492,488661.125,29,12,37.79999924,2024/9/16 14:25
1726497347,1726497346,0,1,28.82329369,116.337822,490054.7813,24,11,-4.699999809,2024/9/16 14:35
1726497947,1726497946,0,1,66.13052368,100.8548584,498022.1563,30,13,-21.89999962,2024/9/16 14:45
1726498547,1726498546,0,1,73.09978485,-39.2263031,497070.9688,28,12,41.79999924,2024/9/16 14:55
1726499147,1726499147,0,1,36.20218277,-61.60314178,486132.4688,18,10,-32.29999924,2024/9/16 15:05
1726499747,1726499747,0,1,-1.839881659,-69.80213165,481114,18,12,14.69999981,2024/9/16 15:15
1726500347,1726500347,0,1,-39.8220787,-78.2854538,491219.625,18,8,9.100000381,2024/9/16 15:25
1726500947,1726500947,0,1,-76.16983032,-106.4354248,503914.875,26,12,-30.39999962,2024/9/16 15:35
1726501547,1726501547,0,1,-62.83389282,117.6096191,503094.625,29,13,-26.29999924,2024/9/16 15:45
1726502147,1726502147,0,1,-25.42795181,103.9795685,492202.7188,29,10,-38.20000076,2024/9/16 15:55
1726502747,1726502747,0,1,12.59315681,96.27245331,487989.7813,24,12,-45.09999847,2024/9/16 16:05
1726503348,1726503347,0,1,50.38037491,86.40351105,494996.625,24,12,-41.40000153,2024/9/16 16:15
1726503948,1726503947,0,1,82.52663422,10.70970535,499267.7188,29,14,29.60000038,2024/9/16 16:25
1726504548,1726504547,0,1,52.27602386,-79.89430237,491306.4063,26,11,-44.09999847,2024/9/16 16:35
1726505148,1726505148,0,1,14.46366692,-90.14550781,481482.8125,18,11,2,2024/9/16 16:45
1726505748,1726505748,0,1,-23.63798714,-97.82750702,485440.4063,19,10,-1.600000024,2024/9/16 16:55
1726506348,1726506348,0,1,-61.16169739,-110.7190628,499446.2813,23,11,-24.10000038,2024/9/16 17:05
1726506948,1726506948,0,1,-77.58875275,116.6301651,505378.4688,29,13,-32.70000076,2024/9/16 17:15
1726507548,1726507548,0,1,-41.569767,84.55172729,496955.625,22,10,9.899999619,2024/9/16 17:25
1726508148,1726508148,0,1,-3.67803669,75.91110229,488164.4375,27,12,-94.09999847,2024/9/16 17:35
1726508749,1726508748,0,1,34.30721664,67.84420776,491270.75,24,12,-23.20000076,2024/9/16 17:45
1726511749,1726511749,0,1,-45.27028275,-127.1102142,493296.4375,25,10,-13,2024/9/16 18:35
1726512349,1726512349,0,1,-80.34087372,-171.8634491,504715.25,27,13,-52.09999847,2024/9/16 18:45
1726512949,1726512949,0,1,-57.51619339,67.20967865,501628.8125,25,12,31.39999962,2024/9/16 18:55
1726513549,1726513549,0,1,-19.93076706,55.63066483,490712.125,23,12,-11.10000038,2024/9/16 19:05
1726514149,1726514149,0,1,18.10438919,47.99339294,488398.875,19,12,-22,2024/9/16 19:15
1726515350,1726515349,0,1,81.3398056,-75.96721649,498749.625,19,12,19.29999924,2024/9/16 19:35
1726515950,1726515949,0,1,46.91012573,-129.0810547,489423.3125,29,12,-23.5,2024/9/16 19:45
1726516550,1726516549,0,1,8.997893333,-138.3903198,480931.5,25,13,-13.30000019,2024/9/16 19:55
1726517150,1726517150,0,1,-29.14359283,-146.2314301,487142.9375,22,10,-5,2024/9/16 20:05
1726517750,1726517750,0,1,-66.43393707,-161.9167938,501183.5,24,12,-52.59999847,2024/9/16 20:15
1726518350,1726518350,0,1,-72.86789703,57.87477493,504829.4688,28,12,18.89999962,2024/9/16 20:25
1726518950,1726518950,0,1,-36.10555267,35.8679657,495192.25,23,10,27.5,2024/9/16 20:35
1726519550,1726519550,0,1,1.846544981,27.68607521,487658.25,22,11,-13.10000038,2024/9/16 20:45
1726520150,1726520150,0,1,39.78482437,19.21030045,492274.5,18,9,32.29999924,2024/9/16 20:55
1726520751,1726520750,0,1,76.15538788,-8.918926239,498987.7813,24,11,44.40000153,2024/9/16 21:05
1726521351,1726521350,0,1,62.77310181,-144.9339142,494237.4688,31,14,16.89999962,2024/9/16 21:15
1726521951,1726521950,0,1,25.26297188,-158.5549316,483066.4688,21,11,2,2024/9/16 21:25
1726522551,1726522550,0,1,-12.90585995,-166.2847443,482481.375,24,13,16,2024/9/16 21:35
1726523151,1726523151,0,1,-50.71543503,-176.2243805,495427.3438,25,13,-20.20000076,2024/9/16 21:45
1726523751,1726523751,0,1,-82.55702209,105.8630447,505304.25,30,14,-22,2024/9/16 21:55
1726524351,1726524351,0,1,-52.12335968,17.54859161,500205,24,11,34.09999847,2024/9/16 22:05
1726524951,1726524951,0,1,-14.40731144,7.338365078,489573.4688,22,12,14.39999962,2024/9/16 22:15
1726525551,1726525551,0,1,23.62565231,-0.337106675,489077.2188,22,10,28.89999962,2024/9/16 22:25
1726526151,1726526151,0,1,61.14199448,-13.22614002,496946.5313,26,13,59.70000076,2024/9/16 22:35
1726526752,1726526751,0,1,77.55556488,-145.9666443,497773.6563,29,12,-3.900000095,2024/9/16 22:45
1726527352,1726527351,0,1,41.43448639,-177.9840393,487361.5,26,11,-11.69999981,2024/9/16 22:55
1726527952,1726527951,0,1,3.443081617,173.3726349,480546.625,27,14,25.39999962,2024/9/16 23:05
1726528552,1726528551,0,1,-34.65922546,165.2614594,489009.375,33,11,26.20000076,2024/9/16 23:15
1726529152,1726529152,0,1,-71.58927917,144.9212036,502726.1563,30,13,-51.59999847,2024/9/16 23:25
1726529752,1726529752,0,1,-67.76892853,3.975121737,504137.9688,29,11,12.19999981,2024/9/16 23:35
1726530352,1726530352,0,1,-30.60489845,-12.66673183,493670.8125,24,10,15.5,2024/9/16 23:45
1726530952,1726530952,0,1,7.38912487,-20.54499626,487665.4063,25,12,18.29999924,2024/9/16 23:55
1726531552,1726531552,0,1,45.26008606,-29.6193409,493490.125,24,10,62,2024/9/17 0:05
1726532152,1726532152,0,1,80.35194397,-74.48046112,498991.2813,29,12,15.30000019,2024/9/17 0:15
1726532753,1726532752,0,1,57.41204834,164.6583252,492358.9688,29,12,11.30000019,2024/9/17 0:25
1726533353,1726533352,0,1,19.7199707,153.0922699,481718.6875,22,14,34.09999847,2024/9/17 0:35
1726533953,1726533952,0,1,-18.3940506,145.4420776,483588.5625,24,12,59.5,2024/9/17 0:45
1726534553,1726534552,0,1,-56.1397438,134.240921,497542.5313,25,12,-25.70000076,2024/9/17 0:55
1726535153,1726535153,0,1,-81.16603088,19.71696091,505609.1563,30,12,-2.599999905,2024/9/17 1:05
1726535753,1726535753,0,1,-46.68150711,-31.65565491,498745.5313,25,11,4.400000095,2024/9/17 1:15
1726536353,1726536353,0,1,-8.865933418,-40.92006683,488817.5,25,12,-13.39999962,2024/9/17 1:25
1726536953,1726536953,0,1,29.14870644,-48.74107742,490149.25,19,12,-14.5,2024/9/17 1:35
1726537553,1726537553,0,1,66.44011688,-64.43078613,497903.375,25,11,7,2024/9/17 1:45
1726538153,1726538153,0,1,72.80392456,155.2581177,496727.75,29,12,1.899999976,2024/9/17 1:55
1726538754,1726538753,0,1,35.93419647,133.3237305,485599,20,10,33.40000153,2024/9/17 2:05
1726539354,1726539353,0,1,-2.114621639,125.1418533,480689.9688,21,10,62.40000153,2024/9/17 2:15
1726539954,1726539953,0,1,-40.16001892,116.6145248,491087.0938,23,8,-34,2024/9/17 2:25
1726540554,1726540554,0,1,-76.45653534,87.74981689,503837.3125,24,11,3.599999905,2024/9/17 2:35
1726541154,1726541154,0,1,-62.5044632,-47.62150574,503034.75,28,12,19.60000038,2024/9/17 2:45
1726541754,1726541754,0,1,-25.08694839,-61.09685135,492175.625,24,11,23.39999962,2024/9/17 2:55
1726542354,1726542354,0,1,12.934165,-68.79719543,488044.5938,25,13,-34.70000076,2024/9/17 3:05
1726542954,1726542954,0,1,50.71499252,-78.73119354,494937.3438,21,12,-41.29999924,2024/9/17 3:15
1726543554,1726543554,0,1,82.56253815,-156.9395294,498982.3438,27,12,4.5,2024/9/17 3:25
1726544155,1726544154,0,1,51.99802017,114.9922943,490820.7813,28,12,-18.89999962,2024/9/17 3:35
1726544755,1726544754,0,1,14.17640686,104.7963181,481130.4063,26,11,-19.29999924,2024/9/17 3:45
1726545355,1726545354,0,1,-23.92715073,97.10830688,485328.9063,24,8,-44.59999847,2024/9/17 3:55
1726545955,1726545954,0,1,-61.50278473,84.05751038,499457.2813,29,11,18,2024/9/17 4:05
1726546555,1726546555,0,1,-77.30341339,-49.35031509,505378.3125,28,12,-14.5,2024/9/17 4:15
1726547155,1726547155,0,1,-41.22009277,-80.54927826,496895.9063,24,11,7.199999809,2024/9/17 4:25
1726547755,1726547755,0,1,-3.324386597,-89.15522766,488034.625,28,12,-7.900000095,2024/9/17 4:35
1726548355,1726548355,0,1,34.6593132,-97.24358368,491172.75,22,11,-26.60000038,2024/9/17 4:45
1726548955,1726548955,0,1,71.60131836,-117.5899811,498558.6563,31,14,-14.89999962,2024/9/17 4:55
1726549555,1726549555,0,1,67.69081879,101.381279,495535.8438,32,13,-17.5,2024/9/17 5:05
1726550156,1726550155,0,1,30.41833115,84.78948975,484279.875,12,9,-28.10000038,2024/9/17 5:15
1726550756,1726550755,0,1,-7.666140079,76.91033173,481697.375,23,11,-83.5,2024/9/17 5:25
1726551356,1726551355,0,1,-45.56842804,67.79379272,493479.0313,21,10,32.29999924,2024/9/17 5:35
1726551956,1726551955,0,1,-80.56878662,21.41514969,504898.0938,26,14,-0.200000003,2024/9/17 5:45
1726552556,1726552556,0,1,-57.16492462,-97.96987915,501681.7188,27,11,-12.30000019,2024/9/17 5:55
1726553156,1726553156,0,1,-19.57043076,-109.4415665,490580.8125,23,12,-2.299999952,2024/9/17 6:05
1726553756,1726553756,0,1,18.46640205,-117.0777588,488244.1875,22,11,-45,2024/9/17 6:15
1726554356,1726554356,0,1,56.13297653,-128.256958,495832.0313,21,13,-6.199999809,2024/9/17 6:25
1726554956,1726554956,0,1,81.14556122,116.9611969,498391.6563,27,11,2,2024/9/17 6:35
1726555556,1726555556,0,1,46.54419708,65.79492188,489101.0625,21,11,-36.20000076,2024/9/17 6:45
1726556157,1726556156,0,1,8.624810219,56.53952789,480892.5938,23,13,-51.29999924,2024/9/17 6:55
1726556757,1726556756,0,1,-29.45073128,48.70054245,487325.1563,24,10,14.60000038,2024/9/17 7:05
1726557357,1726557356,0,1,-66.72428131,32.81998062,501320.25,25,13,21.60000038,2024/9/17 7:15
1726557957,1726557956,0,1,-72.53665924,-107.6865845,504841.0625,30,13,-30.29999924,2024/9/17 7:25
1726558557,1726558557,0,1,-35.73933029,-129.2259827,494992.1563,25,10,-11.5,2024/9/17 7:35
1726559157,1726559157,0,1,2.218068361,-137.382019,487402.3438,22,12,-5.300000191,2024/9/17 7:45
1726559757,1726559757,0,1,40.1552124,-145.8905945,492119.25,23,11,-24.70000076,2024/9/17 7:55
1726560357,1726560357,0,1,76.47146606,-174.799057,498790.4688,28,10,0,2024/9/17 8:05
1726560957,1726560957,0,1,62.40995789,49.81230164,493999.9375,21,12,6,2024/9/17 8:15
1726563358,1726563357,0,1,-82.58161163,-61.5573616,505279.6563,27,12,-25.29999924,2024/9/17 8:55
1726563958,1726563958,0,1,-51.75457001,-147.6026459,499952.125,26,11,-18.5,2024/9/17 9:05
1726564558,1726564558,0,1,-14.02825356,-157.7356415,489226.5938,24,12,7.300000191,2024/9/17 9:15
1726565158,1726565158,0,1,24.00713539,-165.4170074,488841.0313,26,9,11.19999981,2024/9/17 9:25
1726565758,1726565758,0,1,61.51322937,-178.4604492,496830.75,22,11,4.099999905,2024/9/17 9:35
1726566358,1726566358,0,1,77.2453537,47.96124649,497618.7813,25,12,8.5,2024/9/17 9:45
1726568159,1726568158,0,1,-34.97716522,0.183003336,489175.8438,23,11,18.10000038,2024/9/17 10:15
1726568759,1726568758,0,1,-71.8807373,-20.51214409,502653.375,27,14,0.300000012,2024/9/17 10:25
1726569359,1726569358,0,1,-67.46759033,-161.3314514,503894.4375,29,12,-54.79999924,2024/9/17 10:35
1726569959,1726569959,0,1,-30.21967697,-177.7575073,493222.1875,25,9,34.70000076,2024/9/17 10:45
1726570559,1726570559,0,1,7.780258179,174.3806915,487350.25,25,12,21.10000038,2024/9/17 10:55
1726571159,1726571159,0,1,45.6483345,165.254776,493408.0938,27,10,-2.599999905,2024/9/17 11:05
1726571759,1726571759,0,1,80.59854126,118.6397934,498940.2813,26,12,1.399999976,2024/9/17 11:15
1726572359,1726572359,0,1,57.02824402,-0.536741674,492279.5313,11,13,47.90000153,2024/9/17 11:25
1726572959,1726572959,0,1,19.3269825,-11.98704529,481753.875,21,12,31.60000038,2024/9/17 11:35
1726573559,1726573559,0,1,-18.7857933,-19.63641167,483734.8125,25,11,0.400000006,2024/9/17 11:45
1726574160,1726574159,0,1,-56.45986557,-30.9143486,497457.4375,23,11,22.29999924,2024/9/17 11:56
1726574760,1726574759,0,1,-80.98293304,-147.0697327,505332.875,28,13,-48.70000076,2024/9/17 12:06
1726575360,1726575359,0,1,-46.29012299,163.2129974,498256.1875,26,9,-5.199999809,2024/9/17 12:16
1726575960,1726575960,0,1,-8.464413643,154.0037384,488344.875,29,11,71.30000305,2024/9/17 12:26
1726576560,1726576560,0,1,29.55158806,146.1668549,489913.625,23,9,28.79999924,2024/9/17 12:36
1726577160,1726577160,0,1,66.82444763,130.2106476,497779.375,25,12,-5,2024/9/17 12:46
1726577760,1726577760,0,1,72.43513489,-10.34829712,496474.1563,29,12,52.5,2024/9/17 12:56
1726578360,1726578360,0,1,35.52716446,-31.7771225,485359.8125,23,10,45.90000153,2024/9/17 13:06
1726578960,1726578960,0,1,-2.525538445,-39.93306351,480662.5313,23,14,-13.89999962,2024/9/17 13:16
1726579560,1726579560,0,1,-40.50376129,-48.48147202,491067.1563,23,12,-4,2024/9/17 13:26
1726580161,1726580160,0,1,-76.74420929,-78.10746765,503763.25,25,13,-18.10000038,2024/9/17 13:36
1726580761,1726580760,0,1,-62.16880035,147.1546021,502829.6875,30,11,-37,2024/9/17 13:46
1726581361,1726581360,0,1,-24.73733139,133.8304291,491926.3438,28,11,9.699999809,2024/9/17 13:56
1726581961,1726581960,0,1,13.34978962,126.1237717,487846.0625,27,12,46.29999924,2024/9/17 14:06
1726582561,1726582561,0,1,51.12439346,116.1113434,494839.9063,27,10,-16,2024/9/17 14:16
1726583161,1726583161,0,1,82.5885849,34.80748749,498717.2813,27,13,20.79999924,2024/9/17 14:26
1726583761,1726583761,0,1,51.58437729,-50.17287064,490367.625,26,13,22.60000038,2024/9/17 14:36
1726584361,1726584361,0,1,13.75121689,-60.28443527,480787.5938,23,10,-43.20000076,2024/9/17 14:46
1726584961,1726584961,0,1,-24.35372734,-67.98075867,485122.7188,21,9,40.5,2024/9/17 14:56
1726585561,1726585561,0,1,-61.85480881,-81.17121887,499392.75,24,11,-5.900000095,2024/9/17 15:06
1726586162,1726586161,0,1,-77.00505829,144.677063,505267.4375,26,12,-56,2024/9/17 15:16
1726586762,1726586761,0,1,-40.85699081,114.3478394,496801.2813,27,11,-33,2024/9/17 15:26
1726587362,1726587361,0,1,-2.95778656,105.7770309,488040.5938,30,12,17.39999962,2024/9/17 15:36
1726587962,1726587961,0,1,35.08488846,97.64974976,491330.0625,17,11,-41.59999847,2024/9/17 15:46
1726588562,1726588562,0,1,71.99079132,76.82214355,498569.875,31,12,-8.399999619,2024/9/17 15:56
1726589162,1726589162,0,1,67.28736877,-64.02095032,495253.5,27,12,6.900000095,2024/9/17 16:06
1726589762,1726589762,0,1,29.98887062,-80.30952454,483870.1563,17,10,-31.5,2024/9/17 16:16
1726590362,1726590362,0,1,-8.101831436,-88.17099762,481285.7813,17,10,-8.399999619,2024/9/17 16:26
1726590962,1726590962,0,1,-46.00180817,-97.34586334,493233.6563,21,11,-5.5,2024/9/17 16:36
1726591562,1726591562,0,1,-80.79862976,-145.4618835,504678.5625,28,13,-48.79999924,2024/9/17 16:46
1726592163,1726592162,0,1,-56.79485703,96.84176636,501498.8438,28,12,3.900000095,2024/9/17 16:56
1726592763,1726592762,0,1,-19.19102669,85.48091125,490680.6563,26,13,-50.20000076,2024/9/17 17:06
1726593363,1726593362,0,1,18.84301758,77.84599304,488584.8125,25,12,-72.09999847,2024/9/17 17:16
1726593963,1726593962,0,1,56.55855942,66.53408813,496187.375,24,13,-20.70000076,2024/9/17 17:26
1726594563,1726594563,0,1,80.9013443,-50.3645668,498397.1563,29,12,24.89999962,2024/9/17 17:36
1726595163,1726595163,0,1,46.1146965,-99.34873962,488741.5313,23,10,-23.10000038,2024/9/17 17:46
1726595763,1726595763,0,1,8.185134888,-108.5437088,480397,21,12,-25.89999962,2024/9/17 17:56
1726596363,1726596363,0,1,-29.89341927,-116.3996582,486932.4688,20,11,-9.5,2024/9/17 18:06
1726596963,1726596963,0,1,-67.14872742,-132.5783081,501042.0625,26,13,-42.09999847,2024/9/17 18:16
1726597563,1726597563,0,1,-72.18591309,86.74246979,504570.4375,32,12,8.699999809,2024/9/17 18:26
1726598164,1726598163,0,1,-35.35324097,65.67514038,494948.9688,25,11,20.89999962,2024/9/17 18:36
1726598764,1726598763,0,1,2.604988337,57.5457077,487722.8438,25,13,-57.79999924,2024/9/17 18:46
1726601164,1726601164,0,1,24.43849373,-128.7318878,482505.4688,22,11,-41.70000076,2024/9/17 19:26
1726601764,1726601764,0,1,-13.67302704,-136.4308167,482240.4375,19,11,-8.5,2024/9/17 19:36
1726602364,1726602364,0,1,-51.47071838,-146.5148621,495378.0625,24,11,-17.70000076,2024/9/17 19:46
1726602964,1726602964,0,1,-82.59249115,129.8723907,505161.1875,28,12,-39.79999924,2024/9/17 19:56
1726603564,1726603564,0,1,-51.36722183,47.24317169,499876.8438,25,9,46,2024/9/17 20:06
1726604165,1726604164,0,1,-13.63506126,37.18880844,489410.1875,24,11,-19.89999962,2024/9/17 20:16
1726604765,1726604764,0,1,24.3965683,29.5012188,489123.2188,17,11,12.80000019,2024/9/17 20:26
1726606565,1726606565,0,1,40.60029984,-148.2234192,486725.9688,23,11,-20.89999962,2024/9/17 20:56
1726607165,1726607165,0,1,2.595196724,-156.784256,480140.6563,20,12,16.5,2024/9/17 21:06
1726607765,1726607765,0,1,-35.44041824,-164.9318542,488912.6875,25,10,9.899999619,2024/9/17 21:16
1726608365,1726608365,0,1,-72.30586243,173.8244171,502619.8125,24,14,-57.59999847,2024/9/17 21:26
1726608965,1726608965,0,1,-67.02563477,33.2407608,503817.8438,30,12,22.39999962,2024/9/17 21:36
1726609565,1726609565,0,1,-29.81776619,17.15282631,493342.875,23,10,31.89999962,2024/9/17 21:46
1726610166,1726610165,0,1,8.181373596,9.307829857,487589.9375,22,11,20.79999924,2024/9/17 21:56
1726610766,1726610765,0,1,46.04172516,0.12901333,493516.625,19,10,48.20000076,2024/9/17 22:06
1726611366,1726611365,0,1,80.8752594,-48.68429565,498695.625,28,11,26.39999962,2024/9/17 22:16
1726611966,1726611966,0,1,56.57381821,-165.7619781,491696.5313,28,11,13.80000019,2024/9/17 22:26
1726612566,1726612566,0,1,18.85474586,-177.079361,481148.6875,18,11,5.400000095,2024/9/17 22:36
1726613166,1726613166,0,1,-19.26315498,175.2707825,483377.4375,28,11,60.59999847,2024/9/17 22:46
1726613766,1726613766,0,1,-56.92723846,163.8565369,497504.7813,29,14,-33.59999847,2024/9/17 22:56
1726614366,1726614366,0,1,-80.70222473,45.46961212,505381.9688,28,13,3.200000048,2024/9/17 23:06
1726614966,1726614966,0,1,-45.8815918,-1.916333318,498360.4688,22,10,22.70000076,2024/9/17 23:16
1726615567,1726615566,0,1,-8.052823067,-11.06915474,488578.125,24,12,15.10000038,2024/9/17 23:26
1726616167,1726616166,0,1,29.95890427,-18.92186546,490072.5625,23,10,34.79999924,2024/9/17 23:36
1726616767,1726616766,0,1,67.21092987,-35.15309525,497605.2813,25,13,56.79999924,2024/9/17 23:46
1726617367,1726617366,0,1,72.00409698,-176.0306854,495991.3125,31,12,0.5,2024/9/17 23:56
1726617967,1726617967,0,1,35.04900742,163.1057434,484757.125,28,11,-6.699999809,2024/9/18 0:06
1726618567,1726618567,0,1,-3.012523413,154.97995,480256.7813,29,12,63.40000153,2024/9/18 0:16
1726619167,1726619167,0,1,-40.9875679,146.3841705,491073.9688,31,11,-1.399999976,2024/9/18 0:26
1726619767,1726619767,0,1,-77.14424896,115.6344681,503908,25,12,-31.29999924,2024/9/18 0:36
1726620367,1726620367,0,1,-61.70030975,-18.15067482,502852.4375,26,13,15.30000019,2024/9/18 0:46
1726620967,1726620967,0,1,-24.25371361,-31.26790047,491971.2188,22,11,-6.099999905,2024/9/18 0:56
1726621568,1726621567,0,1,13.7697897,-38.95271683,487969.7188,26,12,-15.80000019,2024/9/18 1:06
1726622168,1726622167,0,1,51.53651047,-49.04706955,494759.1875,21,10,23.39999962,2024/9/18 1:16
1726622768,1726622767,0,1,82.59027863,-133.4821014,498395.625,29,13,4.099999905,2024/9/18 1:26
1726623368,1726623367,0,1,51.10371017,144.641571,489808.4688,29,9,17.5,2024/9/18 1:36
1726623968,1726623968,0,1,13.25658989,134.6233521,480255.7813,23,11,52.59999847,2024/9/18 1:46
1726624568,1726624568,0,1,-24.85046387,126.9164047,484994.0313,29,12,-2,2024/9/18 1:56
1726625168,1726625168,0,1,-62.33502579,113.5096436,499442.1563,26,10,-21.79999924,2024/9/18 2:06
1726625768,1726625768,0,1,-76.59339142,-21.57626343,505250.5313,28,11,-0.200000003,2024/9/18 2:16
1726626368,1726626368,0,1,-40.36408615,-50.78626633,496769.9688,22,11,-1.799999952,2024/9/18 2:26
1726626968,1726626968,0,1,-2.460766554,-59.31060791,488119.3438,21,13,-14.5,2024/9/18 2:36
1726627569,1726627568,0,1,35.51426315,-67.45479584,491367.625,19,10,-42.09999847,2024/9/18 2:46
1726628169,1726628168,0,1,72.38291931,-88.80010223,498391.5938,28,12,-13.80000019,2024/9/18 2:56
1726628769,1726628768,0,1,66.87467194,130.5929718,494800.8438,29,13,-5,2024/9/18 3:06
1726629369,1726629369,0,1,29.48648262,114.5809631,483343.125,24,9,-11.30000019,2024/9/18 3:16
1726629969,1726629969,0,1,-8.61046505,106.7378922,481042.1563,21,12,-5.900000095,2024/9/18 3:26
1726630569,1726630569,0,1,-46.5043869,97.49202728,493256.375,23,9,-2.599999905,2024/9/18 3:36
1726631169,1726631169,0,1,-81.08972931,46.86063766,504672.625,31,13,2.099999905,2024/9/18 3:46
1726631769,1726631769,0,1,-56.29844666,-68.39476013,501410.25,24,12,14.10000038,2024/9/18 3:56
1726632369,1726632369,0,1,-18.68219185,-79.61383057,490544.25,20,11,8.800000191,2024/9/18 4:06
1726632969,1726632969,0,1,19.35240746,-87.2490387,488488.5938,23,13,-11.10000038,2024/9/18 4:16
1726633570,1726633569,0,1,56.99513245,-98.67556,496003.6875,24,13,-38.29999924,2024/9/18 4:26
1726634170,1726634169,0,1,80.63262939,142.357193,497966.4375,30,13,2.200000048,2024/9/18 4:36
1726634770,1726634769,0,1,45.60175323,95.4911499,488235.7188,24,9,-51.20000076,2024/9/18 4:46
1726635970,1726635970,0,1,-30.41422653,78.48860168,487147.9375,26,10,-5,2024/9/18 5:06
1726636570,1726636570,0,1,-67.63916779,61.94704437,501343.3125,25,11,29.70000076,2024/9/18 5:16
1726637170,1726637170,0,1,-71.71559906,-78.97237396,504736.4375,27,12,-11.69999981,2024/9/18 5:26
1726637770,1726637770,0,1,-34.84078217,-99.44441986,494896.0313,23,12,-5.900000095,2024/9/18 5:36
1726638370,1726638370,0,1,3.122003317,-107.540741,487557.25,27,12,-21.39999962,2024/9/18 5:46
1726638970,1726638970,0,1,41.04796219,-116.1321335,492311.0938,19,12,-18.10000038,2024/9/18 5:56
1726639571,1726639570,0,1,77.21550751,-147.0751343,498560.7813,28,13,-3.700000048,2024/9/18 6:06
1726640171,1726640170,0,1,61.53796387,79.23627472,493271.3125,25,11,-26.70000076,2024/9/18 6:16
1726640771,1726640770,0,1,23.97400856,66.17845917,482249.1875,23,11,-45.09999847,2024/9/18 6:26
1726641371,1726641371,0,1,-14.20241547,58.4762001,482405.9688,21,12,-27.60000038,2024/9/18 6:36
1726641971,1726641971,0,1,-51.98768997,48.28936768,495709.25,22,12,45.40000153,2024/9/18 6:46
1726642571,1726642571,0,1,-82.5711441,-39.1982193,505336.3125,29,12,-18.5,2024/9/18 6:56
1726643171,1726643171,0,1,-50.85450363,-117.9500198,499809.875,31,12,-10.19999981,2024/9/18 7:06
1726643771,1726643771,0,1,-13.11157513,-127.9030914,489179.7813,24,13,-9.399999619,2024/9/18 7:16
1726644371,1726644371,0,1,24.92094421,-135.6000214,488991.9688,24,13,-32,2024/9/18 7:26
1726644971,1726644971,0,1,62.39610291,-149.0316772,496741.7813,24,10,16.20000076,2024/9/18 7:36
1726645572,1726645571,0,1,76.48989868,75.61415863,497049.9375,25,13,-5.699999809,2024/9/18 7:46
1726648572,1726648572,0,1,-66.527771,-132.2210693,503735.625,29,12,-41.40000153,2024/9/18 8:36
1726649172,1726649172,0,1,-29.29141426,-147.9593658,493041.5938,24,10,-4,2024/9/18 8:46
1726649772,1726649772,0,1,8.713238716,-155.7831726,487361.3438,27,11,8.800000191,2024/9/18 8:56
1726650372,1726650372,0,1,46.56843948,-165.034729,493431.0938,25,9,0.699999988,2024/9/18 9:06
1726650973,1726650972,0,1,81.14302826,143.8127747,498556.5625,29,11,2.799999952,2024/9/18 9:16
1726653373,1726653373,0,1,-57.44535828,-1.397056699,497706.7813,6,13,22.39999962,2024/9/18 9:56
1726653973,1726653973,0,1,-80.37436676,-122.0921555,505343.3125,27,13,-39.5,2024/9/18 10:06
1726654573,1726654573,0,1,-45.3561058,-167.0807953,498035.6563,27,10,-8.899999619,2024/9/18 10:16
1726655173,1726655173,0,1,-7.51671648,-176.1625214,488248.875,27,11,22.70000076,2024/9/18 10:26
1726655773,1726655773,0,1,30.49491882,175.9626923,489966.625,21,9,-7,2024/9/18 10:36
1726656373,1726656373,0,1,67.71950531,159.351593,497604.4375,26,13,6.199999809,2024/9/18 10:46
1726656974,1726656973,0,1,71.56993866,18.32187462,495906.5313,21,13,32.79999924,2024/9/18 10:56
1726658774,1726658773,0,1,-41.51860809,-18.76021194,491243.9375,19,12,22.70000076,2024/9/18 11:26
1726659374,1726659374,0,1,-77.57739258,-50.82890701,503817.5625,23,13,-14.69999981,2024/9/18 11:36
1726659974,1726659974,0,1,-61.18161774,176.5214691,502506.9375,28,11,-48.29999924,2024/9/18 11:46
1726660574,1726660574,0,1,-23.71320724,163.6247253,491495.5313,27,11,50.5,2024/9/18 11:56
1726661174,1726661174,0,1,14.31490707,155.9491577,487729.9063,25,13,35.5,2024/9/18 12:06
1726661774,1726661774,0,1,52.07271576,145.7444763,494745.5625,21,11,16.29999924,2024/9/18 12:16
1726662374,1726662374,0,1,82.55599976,57.27245331,498315.2813,27,13,16.70000076,2024/9/18 12:26
1726662975,1726662974,0,1,50.6276207,-20.5312233,489637.6563,25,10,61.90000153,2024/9/18 12:36
1726663575,1726663574,0,1,12.77188015,-30.4599514,480253.75,22,13,2.900000095,2024/9/18 12:46
1726664175,1726664174,0,1,-25.33292198,-38.17810059,485112.375,21,11,-9.800000191,2024/9/18 12:56
1726664775,1726664774,0,1,-62.85993576,-51.84760284,499474.4375,20,13,20.5,2024/9/18 13:06
1726665375,1726665375,0,1,-76.13493347,172.137207,505084.7188,29,12,-57.59999847,2024/9/18 13:16
1726665975,1726665975,0,1,-39.81977463,144.0708008,496404.8438,26,11,-1.799999952,2024/9/18 13:26
1726666575,1726666575,0,1,-1.90824163,135.595459,487825.5,28,13,72,2024/9/18 13:36
1726667175,1726667175,0,1,36.0643158,127.4140167,491256.375,29,11,25.70000076,2024/9/18 13:46
1726667775,1726667775,0,1,72.88383484,105.3742142,498240.7188,29,11,-12.39999962,2024/9/18 13:56
1726668375,1726668375,0,1,66.34659576,-34.88573837,494397.8438,27,12,55.29999924,2024/9/18 14:06
1726668976,1726668975,0,1,28.99085236,-50.52140045,483017.2813,22,9,-21.10000038,2024/9/18 14:16
1726669576,1726669575,0,1,-9.109999657,-58.34636307,480958.25,25,11,-4.300000191,2024/9/18 14:26
1726670176,1726670175,0,1,-47.05888748,-67.68634033,493402.25,19,9,12.69999981,2024/9/18 14:36
1726670776,1726670775,0,1,-81.38726807,-121.284462,504764.375,25,12,-39.40000153,2024/9/18 14:46
1726671376,1726671376,0,1,-55.75130463,126.3516388,501328.9688,28,14,-25.5,2024/9/18 14:56
1726671976,1726671976,0,1,-18.12201881,115.282196,490500.9063,28,13,-9.899999619,2024/9/18 15:06
1726672576,1726672576,0,1,19.91185188,107.6451797,488601.7813,21,12,-21.20000076,2024/9/18 15:16
1726673176,1726673176,0,1,57.53961182,96.0531311,496076.1563,23,11,-39.90000153,2024/9/18 15:26
1726673776,1726673776,0,1,80.28058624,-25.29342079,497744.0625,28,13,32.70000076,2024/9/18 15:36
1726674376,1726674376,0,1,45.10852051,-69.65894318,487828.25,25,9,-25.79999924,2024/9/18 15:46
1726674977,1726674976,0,1,7.158151627,-78.71995544,479817.6563,22,11,12,2024/9/18 15:56
1726675577,1726675576,0,1,-30.91744232,-86.61946106,487014,19,10,1.200000048,2024/9/18 16:06
1726676177,1726676176,0,1,-68.11582947,-103.5335159,501308.125,25,12,-27.89999962,2024/9/18 16:16
1726676777,1726676776,0,1,-71.19358826,115.2748947,504618.875,28,13,-27.5,2024/9/18 16:26
1726677377,1726677377,0,1,-34.2734375,95.42108154,494868.6563,25,11,-26.29999924,2024/9/18 16:36
1726677977,1726677977,0,1,3.69160676,87.35923767,487839.1563,30,13,-77.40000153,2024/9/18 16:46
1726678577,1726678577,0,1,41.60799026,78.71212769,492702.5938,22,11,-38.20000076,2024/9/18 16:56
1726679177,1726679177,0,1,77.66855621,46.36347961,498704.5313,28,13,10.10000038,2024/9/18 17:06
1726679777,1726679777,0,1,60.99456406,-86.10282135,493055.6875,28,12,-45.29999924,2024/9/18 17:16
1726680377,1726680377,0,1,23.40933037,-98.93383026,481816.6875,17,9,-16.10000038,2024/9/18 17:26
1726680978,1726680977,0,1,-14.70872688,-106.6141357,482075.75,24,12,-4.400000095,2024/9/18 17:36
1726681578,1726681577,0,1,-52.4876442,-116.9055023,495539.0938,21,11,-10.80000019,2024/9/18 17:46
1726682178,1726682177,0,1,-82.50508118,151.3787231,505167.4688,27,12,-40.40000153,2024/9/18 17:56
1726682778,1726682778,0,1,-50.2885437,76.83837128,499658.6563,26,11,31.29999924,2024/9/18 18:06
1726683378,1726683378,0,1,-12.5364666,66.99193573,489364.5,25,13,-43.29999924,2024/9/18 18:16
1726683978,1726683978,0,1,25.49102592,59.28305435,489394.3438,20,11,-27.39999962,2024/9/18 18:26
1726685778,1726685778,0,1,39.57084656,-118.4961472,486055.1563,21,11,-23.89999962,2024/9/18 18:56
1726686379,1726686378,0,1,1.550596714,-126.9612503,479847.7188,19,11,-19,2024/9/18 19:06
1726686979,1726686978,0,1,-36.47801208,-135.1779938,489083.3438,24,11,-11.60000038,2024/9/18 19:16
1726687579,1726687578,0,1,-73.24625397,-157.7454071,502780.625,29,11,-63.90000153,2024/9/18 19:26
1726688179,1726688178,0,1,-65.97891998,62.29143524,503642.0625,29,12,26,2024/9/18 19:36
1726688779,1726688779,0,1,-28.7158165,46.9167099,493113.4688,28,11,14.10000038,2024/9/18 19:46
1726689379,1726689379,0,1,9.288722992,39.11461258,487668.4375,25,12,-7.599999905,2024/9/18 19:56
1726689979,1726689979,0,1,47.13267517,29.78175545,493683.6875,13,10,29.10000038,2024/9/18 20:06
1726691179,1726691179,0,1,55.55231857,-136.2406464,491065.0938,27,12,-4.599999905,2024/9/18 20:26
1726691779,1726691779,0,1,17.80314636,-147.2736511,480644.8125,19,11,-9.199999809,2024/9/18 20:36
1726692380,1726692379,0,1,-20.31678581,-154.9255981,483435.9688,22,11,4,2024/9/18 20:46
1726692980,1726692979,0,1,-57.9531517,-166.6539612,497732.25,21,11,-37.5,2024/9/18 20:56
1726693580,1726693579,0,1,-80.03401184,70.5635376,505349,32,11,4.800000191,2024/9/18 21:06
1726694180,1726694179,0,1,-44.77958298,27.74337578,498063.7813,25,12,33.20000076,2024/9/18 21:16
1726694780,1726694780,0,1,-6.93486166,18.73623466,488468.0313,27,12,1.299999952,2024/9/18 21:26
1726695380,1726695380,0,1,31.07099152,10.83645535,490197.3125,23,9,30.89999962,2024/9/18 21:36
1726695980,1726695980,0,1,68.26251984,-6.204328537,497529.8438,28,11,52.40000153,2024/9/18 21:46
1726696580,1726696580,0,1,71.03781891,-147.430954,495435.2188,32,12,-4.400000095,2024/9/18 21:56
1726697180,1726697180,0,1,33.99267197,-167.1388702,484079.375,23,10,-11.89999962,2024/9/18 22:06
1726697780,1726697780,0,1,-4.080641747,-175.2007751,480036.375,21,13,18.60000038,2024/9/18 22:16
1726698381,1726698380,0,1,-42.04468536,176.0961609,491232.125,25,11,9.899999619,2024/9/18 22:26
1726698981,1726698980,0,1,-77.99765778,142.6188812,504004.5625,27,13,-53.59999847,2024/9/18 22:36
1726699581,1726699580,0,1,-60.67064667,11.21485138,502599.7188,29,12,21.89999962,2024/9/18 22:46
1726700181,1726700180,0,1,-23.12500763,-1.488664985,491694.4688,22,10,17,2024/9/18 22:56
1726700781,1726700781,0,1,14.90128326,-9.155200005,487980.875,25,11,30.10000038,2024/9/18 23:06
1726701381,1726701381,0,1,52.64632416,-19.48152733,494778.875,25,11,59.90000153,2024/9/18 23:16
1726701981,1726701981,0,1,82.47678375,-112.216095,497940.1563,28,13,5.800000191,2024/9/18 23:26
1726702581,1726702581,0,1,50.04524612,174.2575989,488982.5313,26,13,0.800000012,2024/9/18 23:36
1726703181,1726703181,0,1,12.17307663,164.4352875,479720.6875,22,12,27.79999924,2024/9/18 23:46
1726703781,1726703781,0,1,-25.93309402,156.7021027,485032.375,27,12,40.29999924,2024/9/18 23:56
1726704382,1726704381,0,1,-63.37588882,142.7918854,499746.7188,28,12,-41.20000076,2024/9/19 0:06
1726704982,1726704981,0,1,-75.68035889,5.957681656,505231.125,27,11,8.300000191,2024/9/19 0:16
1726705582,1726705581,0,1,-39.29153824,-21.06260681,496502.3438,26,11,19.10000038,2024/9/19 0:26
1726706182,1726706181,0,1,-1.313658357,-29.50414276,488002.3125,27,13,0.200000003,2024/9/19 0:36
1726706782,1726706782,0,1,36.6528511,-37.72753143,491320.8125,23,9,36,2024/9/19 0:46
1726707382,1726707382,0,1,73.41574097,-60.56238556,497985.75,32,13,19.29999924,2024/9/19 0:56
1726707982,1726707982,0,1,65.77851105,159.62323,493839.1875,31,12,8.699999809,2024/9/19 1:06
1726708582,1726708582,0,1,28.38897896,144.3534241,482382.0938,26,9,31.39999962,2024/9/19 1:16
1726709182,1726709182,0,1,-9.718836784,136.5479584,480686.4688,23,14,65,2024/9/19 1:26
1726709782,1726709782,0,1,-47.59700775,127.1387863,493514.1563,29,10,-24.39999962,2024/9/19 1:36
1726710383,1726710382,0,1,-81.6505127,70.46163177,504878.625,27,13,2.700000048,2024/9/19 1:46
1726710983,1726710982,0,1,-55.22069931,-38.88455963,501361.0938,26,12,16.89999962,2024/9/19 1:56
1726711583,1726711582,0,1,-17.5806675,-49.81393814,490563.4063,20,12,-10.19999981,2024/9/19 2:06
1726712183,1726712183,0,1,20.5145874,-57.46774292,488751.5,24,10,-44.5,2024/9/19 2:16
1726712783,1726712783,0,1,58.1257515,-69.24835968,496052.6875,22,13,-26.39999962,2024/9/19 2:26
1726713383,1726713383,0,1,79.87796021,167.0604401,497392.1563,28,12,0.899999976,2024/9/19 2:36
1726713983,1726713983,0,1,44.50601959,125.1619492,487214.7188,26,11,12.19999981,2024/9/19 2:46
1726714583,1726714583,0,1,6.542974949,116.1751862,479396.0313,31,12,45.59999847,2024/9/19 2:56
1726715183,1726715183,0,1,-31.53178787,108.2466812,486983.7813,22,9,-40.40000153,2024/9/19 3:06
1726715784,1726715783,0,1,-68.69456482,90.8520813,501336.5625,25,11,8.5,2024/9/19 3:16
1726716384,1726716383,0,1,-70.68351746,-50.41048813,504564.125,25,13,-1.200000048,2024/9/19 3:26
1726716984,1726716983,0,1,-33.72240448,-69.70040894,494749.7188,21,11,29,2024/9/19 3:36
1726717584,1726717583,0,1,4.309760094,-77.74298859,487768.1875,22,11,10.89999962,2024/9/19 3:46
1726718184,1726718184,0,1,42.21960068,-86.45489502,492656.625,17,12,-34.20000076,2024/9/19 3:56
1726718784,1726718784,0,1,78.15670013,-120.4869766,498372.25,28,13,-3.099999905,2024/9/19 4:06
1726719384,1726719384,0,1,60.39012146,108.5401688,492442.0313,30,11,-28.70000076,2024/9/19 4:16
1726719984,1726719984,0,1,22.78038025,95.9479599,481402.2813,23,11,-48.59999847,2024/9/19 4:26
1726720584,1726720584,0,1,-15.34061813,88.27601624,482147.5313,26,10,-56,2024/9/19 4:36
1726721184,1726721184,0,1,-53.10506821,77.84970093,495869.875,23,12,32.5,2024/9/19 4:46
1726721785,1726721784,0,1,-82.3972702,-17.84775162,505401.25,27,12,-11.5,2024/9/19 4:56
1726722385,1726722384,0,1,-49.73652649,-88.35276794,499704.2813,25,13,-2,2024/9/19 5:06
1726722985,1726722984,0,1,-11.97529793,-98.09971619,489261.6875,27,13,-10,2024/9/19 5:16
1726723585,1726723584,0,1,26.11471367,-105.835968,489308.5625,22,11,-21.60000038,2024/9/19 5:26
1726724185,1726724185,0,1,63.54468918,-119.8222427,496807.6875,26,12,-16.5,2024/9/19 5:36
1726724785,1726724785,0,1,75.47583008,102.9250565,496396.6875,28,12,-7.800000191,2024/9/19 5:46
1726725385,1726725385,0,1,38.93958664,76.34458923,485584.4375,25,10,-48.5,2024/9/19 5:56
1726725985,1726725985,0,1,0.910591662,67.93511963,479848.7188,25,12,-84.09999847,2024/9/19 6:06
1726726585,1726726585,0,1,-37.11097336,59.67365646,489446.125,22,10,24.79999924,2024/9/19 6:16
1726727185,1726727185,0,1,-73.81116486,36.22123337,503098.2188,27,12,18.20000076,2024/9/19 6:26
1726727786,1726727785,0,1,-65.43961334,-103.1592102,503753.375,30,13,-24.5,2024/9/19 6:36
1726728386,1726728385,0,1,-28.15086365,-118.1942978,492988,23,11,-9.199999809,2024/9/19 6:46
1726728986,1726728985,0,1,9.857516289,-125.9761429,487545.5938,24,13,-34.59999847,2024/9/19 6:56
1726729586,1726729585,0,1,47.75749207,-135.414917,493589.25,24,12,-21.89999962,2024/9/19 7:06
1726730186,1726730186,0,1,81.74317932,166.7186432,498156.2188,28,13,3.099999905,2024/9/19 7:16
1726730786,1726730786,0,1,54.92793274,58.48261642,490689.1563,24,11,-9,2024/9/19 7:26
1726731386,1726731386,0,1,17.16210556,47.61418533,480542.1563,18,12,-19.10000038,2024/9/19 7:36
1726731986,1726731986,0,1,-20.95605087,39.95991898,483750.3438,22,11,-7.199999809,2024/9/19 7:46
1726732586,1726732586,0,1,-58.57188416,28.03113747,498088.0625,20,10,30,2024/9/19 7:56
1726733186,1726733186,0,1,-79.6019516,-97.07899475,505468.9063,29,12,-25.70000076,2024/9/19 8:06
1726733787,1726733786,0,1,-44.21614456,-137.419342,497879.625,24,11,-15,2024/9/19 8:16
1726734387,1726734386,0,1,-6.361861706,-146.3553467,488203.9375,25,11,4.699999809,2024/9/19 8:26
1726734987,1726734986,0,1,31.64327812,-154.2806702,490073.4688,22,10,-13.80000019,2024/9/19 8:36
1726735587,1726735586,0,1,68.86283112,-171.838913,497390.3125,25,12,0.699999988,2024/9/19 8:46
1726736187,1726736187,0,1,70.4464798,46.78129959,495126.5625,15,12,5.800000191,2024/9/19 8:56
1726737987,1726737987,0,1,-42.67874908,10.92453861,491634.5938,20,12,27,2024/9/19 9:26
1726738587,1726738587,0,1,-78.49214172,-24.37734222,504165.0938,25,13,-9.399999619,2024/9/19 9:36
1726739187,1726739187,0,1,-60.05501175,-154.1461334,502449.7813,31,12,-34,2024/9/19 9:46
1726739788,1726739787,0,1,-22.55048752,-166.5948181,491361.4063,26,12,16.89999962,2024/9/19 9:56
1726740388,1726740387,0,1,15.47978306,-174.2531433,487778.8438,25,12,7.900000095,2024/9/19 10:06
1726740988,1726740987,0,1,53.21557617,175.2958069,494705.5313,24,12,2,2024/9/19 10:16
1726741588,1726741587,0,1,82.3399353,77.9863205,497763.9063,27,13,8.600000381,2024/9/19 10:26
1726742188,1726742188,0,1,49.4091568,9.034368515,488777.3438,17,11,48.29999924,2024/9/19 10:36
1726742788,1726742788,0,1,11.52619457,-0.674583316,479791.875,20,13,24.29999924,2024/9/19 10:46
1726743388,1726743388,0,1,-26.57556915,-8.423243523,485365.75,20,11,14.60000038,2024/9/19 10:56
1726743988,1726743988,0,1,-63.99112701,-22.64934731,499903.2188,25,13,11.5,2024/9/19 11:06
1726744588,1726744588,0,1,-75.12979126,-160.3727875,505097.8125,29,13,-63.90000153,2024/9/19 11:16
1726745188,1726745188,0,1,-38.65289688,173.7756042,496068.5938,27,10,25,2024/9/19 11:26
1726745789,1726745788,0,1,-0.72851336,165.4011993,487665.375,29,12,40.20000076,2024/9/19 11:36
1726746389,1726746388,0,1,37.23554611,157.1349945,491247.5938,27,10,0.899999976,2024/9/19 11:46
1726746989,1726746988,0,1,73.93827057,133.4570618,497921.2813,28,13,-2.5,2024/9/19 11:56
1726747589,1726747589,0,1,65.15713501,-5.885291576,493621.875,25,11,54.20000076,2024/9/19 12:06
1726748189,1726748189,0,1,27.73781586,-20.77660179,482276.0938,23,10,29.89999962,2024/9/19 12:16
1726748789,1726748789,0,1,-10.37155533,-28.56102943,480898.6875,19,12,-8.5,2024/9/19 12:26
1726749389,1726749389,0,1,-48.23759842,-38.07058334,493742.5938,21,10,0.699999988,2024/9/19 12:36
1726749989,1726749989,0,1,-81.92819977,-98.66892242,504868.3125,24,12,-29.70000076,2024/9/19 12:46
1726750589,1726750589,0,1,-54.58482361,155.8392792,501033.3125,29,13,-22.70000076,2024/9/19 12:56
1726751190,1726751189,0,1,-16.9271965,145.070694,490131.9375,27,13,61.29999924,2024/9/19 13:06
1726751790,1726751789,0,1,21.10735703,137.4260712,488488.125,22,11,45.09999847,2024/9/19 13:16
1726752390,1726752389,0,1,58.70485687,125.4527893,495841,28,12,-3.099999905,2024/9/19 13:26
1726752990,1726752989,0,1,79.46137238,-0.360256672,496982.0625,25,13,34.5,2024/9/19 13:36
1726753590,1726753590,0,1,43.84682846,-40.02710724,486735.0625,24,9,37.5,2024/9/19 13:46
1726754190,1726754190,0,1,5.872819901,-48.93434525,479314.4688,20,11,-37.90000153,2024/9/19 13:56
1726754790,1726754790,0,1,-32.19716263,-56.89577484,487200.2188,17,10,16.39999962,2024/9/19 14:06
1726755390,1726755390,0,1,-69.31577301,-74.84183502,501652.2188,23,10,-2.599999905,2024/9/19 14:16
1726755990,1726755990,0,1,-70.07028198,143.811264,504635.6875,27,12,-49.40000153,2024/9/19 14:26
1726756590,1726756590,0,1,-33.06336975,125.1543198,494672.7813,25,10,-23.20000076,2024/9/19 14:36
1726757191,1726757190,0,1,4.909858227,117.1599197,487698.4688,25,12,55.29999924,2024/9/19 14:46
1726757791,1726757790,0,1,42.81313324,108.3832703,492653.125,23,11,-36.29999924,2024/9/19 14:56
1726758391,1726758390,0,1,78.61868286,72.58115387,498142.3438,28,13,0.200000003,2024/9/19 15:06
1726758991,1726758990,0,1,59.7431221,-56.83021545,491909.9688,29,13,11.5,2024/9/19 15:16
1726759591,1726759591,0,1,22.10861206,-69.17726135,480969.1563,21,11,-50.70000076,2024/9/19 15:26
1726760191,1726760191,0,1,-16.01605415,-76.84169006,482014.375,16,11,14.60000038,2024/9/19 15:36
1726760791,1726760791,0,1,-53.76675797,-87.41963959,496025.9063,19,11,-4.5,2024/9/19 15:46
1726761391,1726761391,0,1,-82.21749115,172.2703705,505464.0313,28,12,-46.70000076,2024/9/19 15:56
1726761991,1726761991,0,1,-49.07350922,106.4163895,499646.2188,25,12,-12.10000038,2024/9/19 16:06
1726762591,1726762591,0,1,-11.30230713,96.78385162,489363.375,26,11,-39.70000076,2024/9/19 16:16
1726763192,1726763191,0,1,26.72019196,89.04475403,489587.75,7,11,-47.5,2024/9/19 16:26
1726764392,1726764391,0,1,74.95297241,-63.29634476,496142.3438,27,13,17.10000038,2024/9/19 16:46
1726764992,1726764992,0,1,38.27255249,-88.82297516,485098.3438,22,9,-30.89999962,2024/9/19 16:56
1726765592,1726765592,0,1,0.233319998,-97.17716217,479470.6563,24,12,-12.10000038,2024/9/19 17:06
1726766192,1726766192,0,1,-37.78502274,-105.4892426,489398.8125,18,10,-9.199999809,2024/9/19 17:16
1726766792,1726766792,0,1,-74.41179657,-129.9681549,503113.0938,23,12,-42.59999847,2024/9/19 17:26
1726767392,1726767392,0,1,-64.79185486,91.31639862,503634.5625,30,13,5.5,2024/9/19 17:36
1726767992,1726767992,0,1,-27.47380257,76.66620636,493012.7188,26,11,-9.899999619,2024/9/19 17:46
1726768592,1726768592,0,1,10.53483009,68.90670013,487886,27,11,-87.40000153,2024/9/19 17:56
1726770393,1726770392,0,1,54.33050156,-106.7746582,490268.1563,28,10,-26.60000038,2024/9/19 18:26
1726770993,1726770992,0,1,16.48336983,-117.5073013,480069.875,22,12,-44.20000076,2024/9/19 18:36
1726771593,1726771593,0,1,-21.63815498,-125.1666183,483540.5938,21,11,-9.800000191,2024/9/19 18:46
1726772193,1726772193,0,1,-59.23664474,-137.322998,498114.3438,28,12,-27.70000076,2024/9/19 18:56
1726772793,1726772793,0,1,-79.11278534,95.30043793,505420.6563,30,13,-9,2024/9/19 19:06
1726773393,1726773393,0,1,-43.53984451,57.38323212,497828.3125,25,11,37.40000153,2024/9/19 19:16
1726773993,1726773993,0,1,-5.678931713,48.52897644,488450.8125,23,13,-42.09999847,2024/9/19 19:26
1726775794,1726775793,0,1,69.87656403,-118.9309921,494745.375,27,12,-16.79999924,2024/9/19 19:56
1726776394,1726776393,0,1,32.73451996,-137.41716,483321.9375,21,12,-33,2024/9/19 20:06
1726776994,1726776994,0,1,-5.415108204,-145.4210052,479884.375,23,12,5.699999809,2024/9/19 20:16
1726777594,1726777594,0,1,-43.3628006,-154.267334,491648.875,24,10,-7.099999905,2024/9/19 20:26
1726778194,1726778194,0,1,-79.01087952,168.2556305,504286.2188,25,12,-52.5,2024/9/19 20:36
1726778794,1726778794,0,1,-59.38658142,40.47775269,502426.8125,27,12,34.90000153,2024/9/19 20:46
1726779394,1726779394,0,1,-21.86338806,28.27584839,491477.9375,24,10,11.89999962,2024/9/19 20:56
1726779994,1726779994,0,1,16.16529465,20.62581825,488034.875,24,11,11.10000038,2024/9/19 21:06
1726780594,1726780594,0,1,53.88540268,10.0207634,494789.8438,17,10,39.59999847,2024/9/19 21:16
1726784195,1726789587,2104533974,1,-74.52050781,33.2876091,505174.6563,14,0,16.5,2024/9/19 22:16
1726784795,1726790187,2104533974,1,-37.96102142,8.605886459,496190.2188,19,0,22.70000076,2024/9/19 22:26
1726785395,1726790787,2104533974,1,-0.033416666,0.287685007,487937.1875,14,0,17.10000038,2024/9/19 22:36
1726785995,1726791387,2104533974,1,37.9223671,-8.031086922,491421.8438,10,0,54.70000076,2024/9/19 22:46
1726786595,1726791987,2104533974,1,74.54800415,-32.77751923,497672.1563,14,0,43.5,2024/9/19 22:56
1726787195,1726792587,2104533974,1,64.49175262,-171.406662,492960.375,13,0,4.699999809,2024/9/19 23:06
1726787795,1726793188,2104533974,1,27.03565598,174.0841217,481579.8438,19,0,-6.199999809,2024/9/19 23:16
1726788395,1726793788,2104533974,1,-11.08135319,166.3200989,480635.5938,15,0,55.79999924,2024/9/19 23:26
1726788996,1726794388,2104533974,1,-48.93707657,156.6956482,493946.0625,15,0,-15.60000038,2024/9/19 23:36
1726789596,1726794988,2104533974,1,-82.18096161,91.52374268,505114.625,20,0,-9.5,2024/9/19 23:46
1726790196,1726795588,2104533974,1,-53.89487839,-9.449263573,501126.125,26,0,25.5,2024/9/19 23:56
1726790796,1726796188,2104533974,1,-16.22484779,-20.05080795,490307.0625,16,0,0,2024/9/20 0:06
1726791396,1726796788,2104533974,1,21.80687523,-27.70147324,488677.6875,14,0,17.70000076,2024/9/20 0:16
1726791996,1726797388,2104533974,1,59.38442993,-39.9118042,495731.4688,14,0,48.70000076,2024/9/20 0:26
1726792596,1726797988,2104533974,1,78.95122528,-167.9729462,496480.8438,12,0,2.599999905,2024/9/20 0:36
1726793196,1726798588,2104533974,1,43.1445694,154.7749329,486011.6563,15,0,11.19999981,2024/9/20 0:46
1726793796,1726799189,2104533974,1,5.156078339,145.9478149,478813.125,10,0,61.79999924,2024/9/20 0:56
1726794396,1726799789,2104533974,1,-32.91162109,137.9485016,487264.1563,6,0,2.799999952,2024/9/20 1:06
1726794997,1726800389,2104533974,1,-69.98191071,119.3676224,501903.4688,11,0,-28.10000038,2024/9/20 1:16
1726795597,1726800989,2104533974,1,-69.40598297,-21.97949409,504686.75,17,0,2.799999952,2024/9/20 1:26
1726796197,1726801589,2104533974,1,-32.35364532,-39.99889755,494665.3125,15,0,-7.599999905,2024/9/20 1:36
1726796797,1726802189,2104533974,1,5.622509956,-47.95660782,487883.4688,9,0,-36.70000076,2024/9/20 1:46
1726797397,1726802789,2104533974,1,43.51616669,-56.81409836,492727.9063,12,0,-12,2024/9/20 1:56
1726797997,1726803389,2104533974,1,79.14717102,-94.91693115,497904.375,10,0,3.099999905,2024/9/20 2:06
1726798597,1726803989,2104533974,1,59.11035156,137.8258057,491338.8438,19,0,11.39999962,2024/9/20 2:16
1726799197,1726804589,2104533974,1,21.38829613,125.6901779,480349.875,13,0,31.29999924,2024/9/20 2:26
1726799797,1726805190,2104533974,1,-16.74099922,118.031517,481882.4375,10,0,0.300000012,2024/9/20 2:36
1726800397,1726805790,2104533974,1,-54.47720718,107.282135,496126.4375,10,0,-8.899999619,2024/9/20 2:46
1726800997,1726806390,2104533974,1,-81.96430969,2.300058365,505440.6563,10,0,-10.19999981,2024/9/20 2:56
1726801598,1726806990,2104533974,1,-48.35847855,-58.82089996,499512.8125,11,0,8.899999619,2024/9/20 3:06
1726802198,1726807590,2104533974,1,-10.57584858,-68.33615875,489278.9063,17,0,26.29999924,2024/9/20 3:16
1726802798,1726808190,2104533974,1,27.44369316,-76.09733582,489629.0625,14,0,-44.5,2024/9/20 3:26
1726803398,1726808790,2104533974,1,64.81858826,-90.77648163,496794.1563,10,0,-38,2024/9/20 3:36
1726803998,1726809390,2104533974,1,74.31356049,130.3457031,495625.9375,17,0,-2.799999952,2024/9/20 3:46
1726804598,1726809990,2104533974,1,37.6050415,106.019783,484518.875,10,0,-41.70000076,2024/9/20 3:56
1726805798,1726811190,2104533974,1,-38.51900482,89.33252716,489615.3125,6,0,-5.400000095,2024/9/20 4:16
1726806398,1726811791,2104533974,1,-75.05456543,63.63367462,503334.4063,10,0,12.39999962,2024/9/20 4:26
1726806998,1726812391,2104533974,1,-64.08828735,-74.21224976,503629.875,16,0,2.099999905,2024/9/20 4:36
1726807598,1726812991,2104533974,1,-26.74039459,-88.47407532,492863.1563,19,0,2.400000095,2024/9/20 4:46
1726808199,1726813591,2104533974,1,11.27157307,-96.21250153,487772.7813,9,0,-6.300000191,2024/9/20 4:56
1726809399,1726814791,2104533974,1,82.24476624,-172.3344727,497685.6875,14,0,4.199999809,2024/9/20 5:16
1726809999,1726815391,2104533974,1,53.60004425,87.92488861,489664.8438,16,0,-38.79999924,2024/9/20 5:26
1726811199,1726816591,2104533974,1,-22.32432175,69.71312714,483783.75,12,0,-12.19999981,2024/9/20 5:46
1726811799,1726817191,2104533974,1,-59.96062851,57.27977371,498547.4063,8,0,32.5,2024/9/20 5:56
1726812399,1726817792,2104533974,1,-78.55830383,-72.27723694,505632.5,10,0,-20.89999962,2024/9/20 6:06
1726812999,1726818392,2104533974,1,-42.80593491,-107.8170319,497736.1875,20,0,-9.5,2024/9/20 6:16
1726813599,1726818992,2104533974,1,-4.935151577,-116.5877304,488249.5625,21,0,-16.70000076,2024/9/20 6:26
1726814200,1726819592,2104533974,1,33.06022644,-124.583374,490316.9375,14,0,-41.59999847,2024/9/20 6:36
1726814800,1726820192,2104533974,1,70.13027191,-143.3074799,497207.7188,16,0,-1.799999952,2024/9/20 6:46
1726815400,1726820792,2104533974,1,69.17848969,75.25338745,494295.9375,16,0,-11.60000038,2024/9/20 6:56
1726816600,1726821992,2104533974,1,-6.106673241,49.47232437,480104.125,5,0,-40.79999924,2024/9/20 7:16
1726817200,1726822592,2104533974,1,-44.10550308,40.52732849,492081.7813,8,0,46.09999847,2024/9/20 7:26
1726817800,1726823193,2104533974,1,-79.5503006,0.453366667,504511.1875,9,0,-6.400000095,2024/9/20 7:36
1726818400,1726823793,2104533974,1,-58.66276932,-124.9087601,502306.8125,17,0,-21.89999962,2024/9/20 7:46
1726819000,1726824393,2104533974,1,-21.11647797,-136.8570404,491172.25,15,0,-10.39999962,2024/9/20 7:56
1726819600,1726824993,2104533974,1,16.9157486,-144.4998627,487886,10,0,-13,2024/9/20 8:06
1726820200,1726825593,2104533974,1,54.62213516,-155.2822876,494693.25,11,0,8.699999809,2024/9/20 8:16
1726820801,1726826193,2104533974,1,81.88278198,98.46544647,497129.3125,15,0,4.699999809,2024/9/20 8:26
1726822601,1726827993,2104533974,1,-27.96488762,21.30789948,485637.6875,7,0,30.79999924,2024/9/20 8:56
1726823201,1726828593,2104533974,1,-65.37882233,6.281828403,500436.9375,6,0,16.20000076,2024/9/20 9:06
1726823801,1726829194,2104533974,1,-73.86058044,-133.0430756,505156,13,0,-47.70000076,2024/9/20 9:16
1726824401,1726829794,2104533974,1,-37.21538925,-156.5719604,495824,15,0,0.300000012,2024/9/20 9:26
1726825001,1726830394,2104533974,1,0.72235167,-164.8319702,487619.2813,18,0,15.30000019,2024/9/20 9:36
1726825601,1726830994,2104533974,1,38.6737709,-173.2107544,491355.0938,16,0,-12.69999981,2024/9/20 9:46
1726826201,1726831594,2104533974,1,75.2085495,160.766861,497584.3125,13,0,1.799999952,2024/9/20 9:56
1726828002,1726833394,2104533974,1,-11.77705193,1.208325028,480963.625,7,0,11,2024/9/20 10:26
1726829202,1726834594,2104533974,1,-82.38905334,-78.89476013,505131.125,14,0,-29,2024/9/20 10:46
1726829802,1726835195,2104533974,1,-53.15572357,-174.7500458,500765.9063,17,0,-29.10000038,2024/9/20 10:56
1726830402,1726835795,2104533974,1,-15.46605301,174.8194885,489830.625,14,0,58.90000153,2024/9/20 11:06
1726831002,1726836395,2104533974,1,22.56786919,167.1604614,488527.1563,13,0,6.300000191,2024/9/20 11:16
1726831602,1726836995,2104533974,1,60.12415314,154.67659,495749.8125,10,0,16.20000076,2024/9/20 11:26
1726832803,1726832803,0,1,42.45069122,-10.41096878,485875.875,19,11,53.09999847,2024/9/20 11:46
1726833403,1726833403,0,1,4.454966545,-19.1614151,478978.9063,18,13,16.39999962,2024/9/20 11:56
1726834003,1726834003,0,1,-33.60562897,-27.19848824,487569.5313,19,12,7.599999905,2024/9/20 12:06
1726834604,1726834603,0,1,-70.62537384,-46.44068146,501979.4688,21,13,-0.100000001,2024/9/20 12:16
1726835204,1726835203,0,1,-68.75577545,172.2966919,504423.4688,26,11,-57.70000076,2024/9/20 12:26
1726835804,1726835803,0,1,-31.65694427,154.8562775,494166.6875,23,10,24.20000076,2024/9/20 12:36
1726836404,1726836403,0,1,6.390679836,146.9198608,487522.75,25,13,59.90000153,2024/9/20 12:46
1726837004,1726837004,0,1,44.27726364,137.9708405,492601.0313,22,10,26.70000076,2024/9/20 12:56
1726837604,1726837604,0,1,79.69568634,97.09972382,497674.4688,30,12,1.399999976,2024/9/20 13:06
1726838204,1726838204,0,1,58.35729599,-27.56541634,490884.9375,25,11,62.90000153,2024/9/20 13:16
1726838804,1726838804,0,1,20.67458344,-39.43309402,480146.7188,22,12,-7.800000191,2024/9/20 13:26
1726839404,1726839404,0,1,-17.45524406,-47.08778,482012.5,23,14,-12.39999962,2024/9/20 13:36
1726840004,1726840004,0,1,-55.1730423,-58.01485825,496409.0625,19,10,17.79999924,2024/9/20 13:46
1726840605,1726840604,0,1,-81.66281891,-167.2289124,505560.3125,26,12,-49.79999924,2024/9/20 13:56
1726841205,1726841204,0,1,-47.65966797,135.9576263,499351.5313,23,12,-18.89999962,2024/9/20 14:06
1726841805,1726841804,0,1,-9.865427017,126.550766,489120.6563,28,12,38.40000153,2024/9/20 14:16
1726842405,1726842405,0,1,28.21526909,118.751915,489620.2188,24,11,6,2024/9/20 14:26
1726843005,1726843005,0,1,65.55725098,103.6338577,496693.4375,31,13,-21.5,2024/9/20 14:36
1726843605,1726843605,0,1,73.62574005,-35.99445343,495163.6875,24,11,44.20000076,2024/9/20 14:46
1726844205,1726844205,0,1,36.82839203,-59.16282654,483986.0313,21,10,-27.79999924,2024/9/20 14:56
1726844805,1726844805,0,1,-1.230599999,-67.40802002,479046.5625,22,12,6.699999809,2024/9/20 15:06
1726845405,1726845405,0,1,-39.2358284,-75.84059906,489757.0313,18,8,10.39999962,2024/9/20 15:16
1726846005,1726846005,0,1,-75.67514038,-102.8424988,503493.0625,24,12,-26.89999962,2024/9/20 15:26
1726846606,1726846605,0,1,-63.39811325,120.2926865,503598.875,32,13,-29.60000038,2024/9/20 15:36
1726847206,1726847205,0,1,-26.02272606,106.3891983,492870.5,29,10,-37.09999847,2024/9/20 15:46
1726847806,1726847805,0,1,12.05355644,98.65702057,487985.9375,27,12,-33.90000153,2024/9/20 15:56
1726848406,1726848405,0,1,49.85230255,88.88505554,494038.875,27,13,-40.90000153,2024/9/20 16:06
1726849006,1726849006,0,1,82.439888,16.98046303,497566.25,28,12,27.70000076,2024/9/20 16:16
1726849606,1726849606,0,1,52.8345108,-77.3822937,489218.3438,27,11,-41.40000153,2024/9/20 16:26
1726850206,1726850206,0,1,15.0108614,-87.75496674,479329.7813,18,11,2.599999905,2024/9/20 16:36
1726850806,1726850806,0,1,-23.11160469,-95.43061829,483677,19,10,-1,2024/9/20 16:46
1726851406,1726851406,0,1,-60.66369629,-108.1195679,498592.625,27,11,-22.10000038,2024/9/20 16:56
1726852007,1726852006,0,1,-77.99799347,120.424408,505562.4375,28,13,-36.5,2024/9/20 17:06
1726852607,1726852606,0,1,-42.08722687,86.98707581,497661.0938,28,9,7.699999809,2024/9/20 17:16
1726853207,1726853206,0,1,-4.209776878,78.29528809,488536.875,29,12,-93.90000153,2024/9/20 17:26
1726853807,1726853806,0,1,33.84013748,70.24495697,490765.375,23,12,-36.90000153,2024/9/20 17:36
1726855007,1726855007,0,1,68.44863129,-90.54505157,494051.5313,27,11,-28.89999962,2024/9/20 17:56
1726855607,1726855607,0,1,31.20368576,-107.7410812,482494.2188,20,12,-25.70000076,2024/9/20 18:06
1726856207,1726856207,0,1,-6.89617157,-115.6561508,479733.5625,19,13,-14.30000019,2024/9/20 18:16
1726856807,1726856807,0,1,-44.82519531,-124.6765518,492033.2188,22,10,-12.19999981,2024/9/20 18:26
1726857407,1726857407,0,1,-80.05127716,-167.5604858,504482.1563,21,13,-52.40000153,2024/9/20 18:36
1726858008,1726858007,0,1,-57.95427322,69.72554016,502182.1875,27,12,30.60000038,2024/9/20 18:46
1726858608,1726858607,0,1,-20.38919449,58.01242828,491298.375,25,13,-8.699999809,2024/9/20 18:56
1726859208,1726859207,0,1,17.6403141,50.37543488,488291.0313,19,13,-25.20000076,2024/9/20 19:06
1726860408,1726860408,0,1,81.53383636,-71.42532349,496989.875,24,13,18.70000076,2024/9/20 19:26
1726861008,1726861008,0,1,47.27020264,-126.6705322,487286.0313,25,12,-23.79999924,2024/9/20 19:36
1726861608,1726861608,0,1,9.341025352,-136.0341492,478821.0938,23,13,-17.79999924,2024/9/20 19:46
1726862208,1726862208,0,1,-28.75713921,-143.8497009,485563.0938,18,10,-6,2024/9/20 19:56
1726862808,1726862808,0,1,-66.07557678,-159.2964478,500536.875,24,11,-51.40000153,2024/9/20 20:06
1726863408,1726863408,0,1,-73.20903778,60.75853348,505110.25,28,12,21.20000076,2024/9/20 20:16
1726864009,1726864008,0,1,-36.49006653,38.25859833,495844.5,25,10,28.29999924,2024/9/20 20:26
1726864609,1726864608,0,1,1.451373339,30.05231667,487896.1875,24,11,-12.10000038,2024/9/20 20:36
1726865209,1726865208,0,1,39.4557991,21.59506798,491639.7188,16,9,33.79999924,2024/9/20 20:46
1726865809,1726865808,0,1,75.88322449,-5.888036728,497494.5313,23,11,43.70000076,2024/9/20 20:56
1726866409,1726866409,0,1,63.06695938,-142.4366455,492196.3125,31,14,13.5,2024/9/20 21:06
1726867009,1726867009,0,1,25.54582977,-156.2001038,480882.0313,25,11,-1.600000024,2024/9/20 21:16
1726867609,1726867609,0,1,-12.57939148,-163.9248962,480635.2813,21,13,13.80000019,2024/9/20 21:26
1726868209,1726868209,0,1,-50.40823746,-173.8069916,494388.6563,22,12,-20.79999924,2024/9/20 21:36
1726868809,1726868809,0,1,-82.52351379,110.5483475,505250.5313,28,14,-25,2024/9/20 21:46
1726869409,1726869409,0,1,-52.43284988,19.96979523,500781.0938,27,12,35.5,2024/9/20 21:56
1726870010,1726870009,0,1,-14.73122025,9.6975317,490062.5625,25,12,15.5,2024/9/20 22:06
1726870610,1726870609,0,1,23.29829788,2.029083252,488828.4375,22,10,32.09999847,2024/9/20 22:16
1726871210,1726871209,0,1,60.83035278,-10.73064327,495783.3125,24,13,58.29999924,2024/9/20 22:26
1726871810,1726871809,0,1,77.75233459,-142.9710846,495900.125,31,12,-4.900000095,2024/9/20 22:36
1726872410,1726872410,0,1,41.65685654,-175.6231995,485153.1875,27,12,-10.89999962,2024/9/20 22:46
1726873010,1726873010,0,1,3.645721674,175.7095795,478506.0938,30,14,21.89999962,2024/9/20 22:56
1726873610,1726873610,0,1,-34.41196823,167.6251373,487609.75,33,11,30.10000038,2024/9/20 23:06
1726874210,1726874210,0,1,-71.3692627,147.5498657,502282.9688,27,13,-53.20000076,2024/9/20 23:16
1726874810,1726874810,0,1,-67.99875641,6.507536888,504505.8438,24,10,13.10000038,2024/9/20 23:26
1726875410,1726875410,0,1,-30.85575676,-10.3088131,494268.4375,20,11,15.19999981,2024/9/20 23:36
1726876011,1726876010,0,1,7.130266666,-18.19579887,487780.75,21,12,19.5,2024/9/20 23:46
1726876611,1726876610,0,1,45.00559998,-27.23563766,492721.5625,19,9,64.69999695,2024/9/20 23:56
1726877211,1726877210,0,1,80.19353485,-71.04214478,497390.875,30,12,9.5,2024/9/21 0:06
1726877811,1726877811,0,1,57.5730896,167.0401917,490218.0938,31,12,8.899999619,2024/9/21 0:16
1726878411,1726878411,0,1,19.86265182,155.4232941,479535.75,25,14,27.70000076,2024/9/21 0:26
1726879011,1726879011,0,1,-18.27108765,147.7711334,481904.7813,33,12,57.79999924,2024/9/21 0:36
1726879611,1726879611,0,1,-55.96927643,136.6308746,496720.9375,31,11,-25.5,2024/9/21 0:46
1726880211,1726880211,0,1,-81.26058197,22.98586273,505691.0625,25,12,-1.399999976,2024/9/21 0:56
1726880811,1726880811,0,1,-46.85943985,-29.29283142,499316.4063,23,11,8.600000381,2024/9/21 1:06
1726881411,1726881411,0,1,-9.054389954,-38.5803299,489195.2188,23,12,-10.89999962,2024/9/21 1:16
1726882012,1726882011,0,1,28.9583931,-46.39270782,489766.5625,18,12,-5.800000191,2024/9/21 1:26
1726882612,1726882611,0,1,66.26576996,-61.96402359,496601.9375,24,11,9.600000381,2024/9/21 1:36
1726883212,1726883211,0,1,72.89910889,157.7193146,494712.25,27,13,1.700000048,2024/9/21 1:46
1726883812,1726883812,0,1,36.01676941,135.6495819,483322.0625,24,11,34.70000076,2024/9/21 1:56
1726884412,1726884412,0,1,-2.053351641,127.4605637,478726.875,23,12,61.09999847,2024/9/21 2:06
1726885012,1726885012,0,1,-40.05171967,118.9550247,489906.0938,22,8,-33.79999924,2024/9/21 2:16
1726885612,1726885612,0,1,-76.37020874,90.31425476,503619.625,23,12,-0.800000012,2024/9/21 2:26
1726886212,1726886212,0,1,-62.60923386,-45.24386597,503507.5313,28,12,19.79999924,2024/9/21 2:36
1726886812,1726886812,0,1,-25.20388412,-58.76426315,492744.3125,24,11,18.60000038,2024/9/21 2:46
1726887413,1726887412,0,1,12.81084633,-66.46517944,488074,23,12,-40,2024/9/21 2:56
1726888013,1726888012,0,1,50.59604645,-76.37527466,494064.75,24,12,-38.09999847,2024/9/21 3:06
1726888613,1726888612,0,1,82.55382538,-153.783783,497262.375,28,12,4.599999905,2024/9/21 3:16
1726889213,1726889212,0,1,52.02376556,117.3093719,488579.2813,25,12,-13.19999981,2024/9/21 3:26
1726889813,1726889813,0,1,14.17966652,107.1068573,478948.5313,18,12,-8.699999809,2024/9/21 3:36
1726890413,1726890413,0,1,-23.94272614,99.41727448,483792.2813,26,9,-43.70000076,2024/9/21 3:46
1726891013,1726891013,0,1,-61.46632767,86.39728546,498841.625,29,12,13.10000038,2024/9/21 3:56
1726891613,1726891613,0,1,-77.33581543,-46.93903351,505590.2813,28,12,-13.60000038,2024/9/21 4:06
1726892213,1726892213,0,1,-41.26582718,-78.22570038,497484.5625,23,11,10,2024/9/21 4:16
1726892813,1726892813,0,1,-3.378466606,-86.83360291,488362.625,24,12,-4.400000095,2024/9/21 4:26
1726893414,1726893413,0,1,34.60367203,-94.91679382,490734.2188,22,11,-32.20000076,2024/9/21 4:36
1726894014,1726894013,0,1,71.55775452,-115.2072067,497192.0938,29,13,-16.60000038,2024/9/21 4:46
1726894614,1726894613,0,1,67.72111511,103.7196426,493471.1563,28,13,-16.60000038,2024/9/21 4:56
1726895214,1726895214,0,1,30.36452293,87.08943939,482016.25,20,10,-30.70000076,2024/9/21 5:06
1726895814,1726895814,0,1,-7.741475105,79.21125793,479884.1563,22,11,-84.90000153,2024/9/21 5:16
1726896414,1726896414,0,1,-45.65613556,70.08321381,492530.0938,20,10,31.89999962,2024/9/21 5:26
1726897014,1726897014,0,1,-80.58807373,23.60116577,504835.8438,27,12,0.800000012,2024/9/21 5:36
1726897614,1726897614,0,1,-57.14271927,-95.66864777,502191.5938,32,11,-11.30000019,2024/9/21 5:46
1726898214,1726898214,0,1,-19.55587769,-107.1296921,491091.2813,26,12,-2.799999952,2024/9/21 5:56
1726898814,1726898814,0,1,18.47579002,-114.7635498,488179.0938,25,11,-42.09999847,2024/9/21 6:06
1726899415,1726899414,0,1,56.14563751,-125.9440384,494867.2813,25,13,-7.5,2024/9/21 6:16
1726900015,1726900014,0,1,81.13328552,119.127121,496569.125,26,11,1.799999952,2024/9/21 6:26
1726900615,1726900614,0,1,46.49838257,68.0945282,486835.2188,22,11,-38.40000153,2024/9/21 6:36
1726901215,1726901214,0,1,8.492074966,58.83218384,478817.7188,21,12,-54.59999847,2024/9/21 6:46
1726901815,1726901815,0,1,-29.59989929,50.98686981,486025.4688,19,10,12.10000038,2024/9/21 6:56
1726902415,1726902415,0,1,-66.87310028,35.00551224,500962.2813,26,12,22,2024/9/21 7:06
1726903015,1726903015,0,1,-72.45536804,-105.5078354,505183.4688,29,13,-28.60000038,2024/9/21 7:16
1726903615,1726903615,0,1,-35.65719986,-126.9290161,495572.6875,28,11,-11.19999981,2024/9/21 7:26
1726904215,1726904215,0,1,2.293555021,-135.0768738,487649.0938,22,13,-9.300000191,2024/9/21 7:36
1726904815,1726904815,0,1,40.22932816,-143.5903473,491571.4688,24,11,-27.29999924,2024/9/21 7:46
1726905416,1726905415,0,1,76.54247284,-172.6742706,497304.7188,29,10,-0.100000001,2024/9/21 7:56
1726906016,1726906015,0,1,62.31244659,52.06178284,491854.875,22,12,1.799999952,2024/9/21 8:06
1726906616,1726906615,0,1,24.69739914,38.64383316,480735.125,17,11,10.80000019,2024/9/21 8:16
1726907216,1726907216,0,1,-13.42857838,30.93868446,481000.8125,17,11,-10.69999981,2024/9/21 8:26
1726907816,1726907816,0,1,-51.23825836,20.90078163,494859.1875,23,11,34.29999924,2024/9/21 8:36
1726908416,1726908416,0,1,-82.59208679,-60.94839096,505382.8438,26,12,-25.20000076,2024/9/21 8:46
1726909016,1726909016,0,1,-51.60735321,-145.3410645,500487.4688,26,12,-17.79999924,2024/9/21 8:56
1726909616,1726909616,0,1,-13.88636208,-155.440918,489676.0313,26,12,6.099999905,2024/9/21 9:06
1726910216,1726910216,0,1,24.1447258,-163.1226196,488688.6875,26,10,4.599999905,2024/9/21 9:16
1726910816,1726910816,0,1,61.65115738,-176.2229614,495747.0938,25,10,4.5,2024/9/21 9:26
1726911417,1726911416,0,1,77.11857605,49.85640335,495687.4688,27,12,7.199999809,2024/9/21 9:36
1726914417,1726914417,0,1,-67.20407104,-159.2688446,504307.2188,17,0,-54.29999924,2024/9/21 10:26
1726915017,1726915017,0,1,-30.01219749,-175.4799957,493769.75,19,9,29.5,2024/9/21 10:36
1726915617,1726915617,0,1,7.982213497,176.6690979,487510.4688,21,12,17.89999962,2024/9/21 10:46
1726916217,1726916217,0,1,45.84820557,167.5180206,492757.0938,27,11,-5.699999809,2024/9/21 10:56
1726916818,1726916817,0,1,80.72929382,119.9203873,497341.0625,28,13,1.100000024,2024/9/21 11:06
1726917418,1726917417,0,1,56.80263901,1.674190044,490064.7188,23,13,45.79999924,2024/9/21 11:16
1726918018,1726918017,0,1,19.07273102,-9.71010685,479596.375,23,12,29.20000076,2024/9/21 11:26
1726918618,1726918617,0,1,-19.12206841,-17.37397385,482292.9688,21,11,4.199999809,2024/9/21 11:36
1726919218,1726919217,0,1,-56.79686737,-28.74822998,496967.75,22,13,22.29999924,2024/9/21 11:46
1726919818,1726919818,0,1,-80.78442383,-146.5364075,505549.7188,26,12,-49.29999924,2024/9/21 11:56
1726920418,1726920418,0,1,-46.01963806,165.4517365,498787.75,23,12,-5.300000191,2024/9/21 12:06
1726921018,1726921018,0,1,-8.197856903,156.2828674,488719.2813,29,12,68.80000305,2024/9/21 12:16
1726921618,1726921618,0,1,29.81394768,148.4375458,489660.6563,23,9,22.60000038,2024/9/21 12:26
1726922218,1726922218,0,1,67.07969666,132.3030548,496585.4688,24,12,-4.699999809,2024/9/21 12:36
1726922819,1726922818,0,1,72.17742157,-8.437589645,494452.0313,30,12,52.59999847,2024/9/21 12:46
1726923419,1726923418,0,1,35.22200394,-29.52363586,483080.7813,25,10,46.09999847,2024/9/21 12:56
1726924019,1726924018,0,1,-2.854116678,-37.66100693,478864.5313,24,14,-11.80000019,2024/9/21 13:06
1726924619,1726924618,0,1,-40.90490723,-46.26053238,490214.2188,22,12,-5.300000191,2024/9/21 13:16
1726925219,1726925219,0,1,-77.0803299,-76.81517029,503739.8125,26,13,-19.70000076,2024/9/21 13:26
1726925819,1726925819,0,1,-61.78136444,149.2261353,503251.375,27,11,-35.40000153,2024/9/21 13:36
1726926419,1726926419,0,1,-24.34370232,136.0782013,492378.7188,28,11,20.29999924,2024/9/21 13:46
1726927019,1726927019,0,1,13.67549706,128.3941956,487901.9063,24,11,50.90000153,2024/9/21 13:56
1726927619,1726927619,0,1,51.44627762,118.3200989,494060.5,23,10,-10.10000038,2024/9/21 14:06
1726928219,1726928219,0,1,82.59395599,34.48965073,496994.2813,27,12,20.89999962,2024/9/21 14:16
1726928820,1726928819,0,1,51.23130798,-47.98003769,488079.3438,27,13,24.89999962,2024/9/21 14:27
1726929420,1726929419,0,1,13.36881351,-58.02274323,478697.9688,22,10,-46.79999924,2024/9/21 14:37
1726930020,1726930019,0,1,-24.75227928,-65.72780609,483867.9688,22,12,37.5,2024/9/21 14:47
1726930620,1726930619,0,1,-62.30745697,-79.13392639,499101.25,24,11,-3.599999905,2024/9/21 14:57
1726931220,1726931220,0,1,-76.6206131,145.8244324,505581.5625,26,13,-56.90000153,2024/9/21 15:07
1726931820,1726931820,0,1,-40.40194702,116.5537491,497309.5,28,11,-33.5,2024/9/21 15:17
1726932420,1726932420,0,1,-2.505298376,108.0287933,488342.9063,31,12,25.70000076,2024/9/21 15:27
1726933020,1726933020,0,1,35.46924973,99.89070892,490966.7813,18,11,-42.20000076,2024/9/21 15:37
1726933620,1726933620,0,1,72.34941864,78.59986877,497231.7188,30,12,-9.399999619,2024/9/21 15:47
1726934220,1726934220,0,1,66.89888763,-62.06093979,493096.3125,24,12,11,2024/9/21 15:57
1726934821,1726934820,0,1,29.55616379,-78.07051086,481588.4688,20,10,-38.09999847,2024/9/21 16:07
1726935421,1726935420,0,1,-8.556936264,-85.91623688,479642.0625,19,12,-5.400000095,2024/9/21 16:17
1726936021,1726936020,0,1,-46.46169662,-95.15505981,492587.6875,21,12,-4.5,2024/9/21 16:27
1726936621,1726936620,0,1,-81.10357666,-145.9062347,504812.5625,26,12,-48,2024/9/21 16:37
1726937221,1726937221,0,1,-56.28471375,98.92720795,501972.9688,29,12,1.200000048,2024/9/21 16:47
1726937821,1726937821,0,1,-18.67614365,87.71616364,491122.7188,25,12,-47.20000076,2024/9/21 16:57
1726938421,1726938421,0,1,19.35297966,80.08317566,488594.8125,11,12,-70.59999847,2024/9/21 17:07
1726939021,1726939021,0,1,56.99755478,68.6583786,495303.5313,26,12,-23.10000038,2024/9/21 17:17
1726939621,1726939621,0,1,80.62689209,-50.37762833,496534.5313,28,13,26.10000038,2024/9/21 17:27
1726940221,1726940221,0,1,45.6362648,-97.16551208,486403.4375,24,11,-25.89999962,2024/9/21 17:37
1726940822,1726940821,0,1,7.67757988,-106.2963409,478402.0938,19,12,-22.20000076,2024/9/21 17:47
1726941422,1726941421,0,1,-30.41370583,-114.1741943,485897.5,19,11,-9.300000191,2024/9/21 17:57
1726942022,1726942021,0,1,-67.64648438,-130.7190247,500913.2813,23,12,-41.20000076,2024/9/21 18:07
1726942622,1726942621,0,1,-71.65298462,88.26215363,504947.75,30,13,7.699999809,2024/9/21 18:17
1726943222,1726943222,0,1,-34.77859116,67.87240601,495440.375,29,10,17.10000038,2024/9/21 18:27
1726943822,1726943822,0,1,3.177086592,59.78192139,487976.5938,28,13,-62.70000076,2024/9/21 18:37
1726944422,1726944422,0,1,41.09976196,51.18619156,492041.9063,13,10,-14.89999962,2024/9/21 18:47
1726946222,1726946222,0,1,23.88225746,-126.5049515,480276.9063,22,11,-44,2024/9/21 19:17
1726946823,1726946822,0,1,-14.24948025,-134.1950073,480789.5625,24,11,-9.800000191,2024/9/21 19:27
1726947423,1726947422,0,1,-52.04548264,-144.3949432,494940.4688,23,11,-18.20000076,2024/9/21 19:37
1726948023,1726948022,0,1,-82.56084442,127.1761703,505396.2188,26,12,-38.40000153,2024/9/21 19:47
1726948623,1726948623,0,1,-50.73819733,49.34145355,500345.375,25,11,44.5,2024/9/21 19:57
1726949223,1726949223,0,1,-13.00220299,39.41201401,489800.4063,23,12,-21.20000076,2024/9/21 20:07
1726952224,1726952223,0,1,1.965868354,-154.5514832,478303.9688,12,0,14.89999962,2024/9/21 20:57
1726952824,1726952823,0,1,-36.1411171,-162.7587738,488139.1875,15,0,6.699999809,2024/9/21 21:07
1726953424,1726953423,0,1,-72.88838196,175.2158203,502660.6563,27,14,-59.29999924,2024/9/21 21:17
1726954024,1726954023,0,1,-66.36145782,34.96736908,504231.7188,29,12,22.5,2024/9/21 21:27
1726954624,1726954624,0,1,-29.12628746,19.34323883,493787.375,23,10,32.40000153,2024/9/21 21:37
1726955224,1726955224,0,1,8.870108604,11.52705956,487757.9375,26,11,19.29999924,2024/9/21 21:47
1726955824,1726955824,0,1,46.7215004,2.254134893,492939.9688,21,10,48.29999924,2024/9/21 21:57
1726956424,1726956424,0,1,81.23195648,-49.75709152,497071.9688,28,12,23.79999924,2024/9/21 22:07
1726957024,1726957024,0,1,55.93424988,-163.7250214,489363.875,28,12,14.80000019,2024/9/21 22:17
1726957624,1726957624,0,1,18.17628288,-174.8635254,478972.7813,23,11,9,2024/9/21 22:27
1726958225,1726958224,0,1,-19.9588356,177.4841614,482146.2188,28,12,54.79999924,2024/9/21 22:37
1726958825,1726958824,0,1,-57.61216354,165.8632202,497263.8438,25,14,-37,2024/9/21 22:47
1726959425,1726959424,0,1,-80.26569366,44.46874619,505689.0313,31,12,4.400000095,2024/9/21 22:57
1726960025,1726960024,0,1,-45.13487244,0.192829996,498803.5,26,10,21.39999962,2024/9/21 23:07
1726960625,1726960625,0,1,-7.303133488,-8.858103752,488904.3125,22,12,15.89999962,2024/9/21 23:17
1726961225,1726961225,0,1,30.70206261,-16.74030495,489882.5625,19,10,37.90000153,2024/9/21 23:27
1726961825,1726961825,0,1,67.92032623,-33.50539398,496441.75,26,13,55.70000076,2024/9/21 23:37
1726962425,1726962425,0,1,71.36088562,-174.6426392,493860.7813,32,12,0.699999988,2024/9/21 23:47
1726963025,1726963025,0,1,34.32512665,165.2796021,482391.5938,27,11,-8.899999619,2024/9/21 23:57
1726963625,1726963625,0,1,-3.762439966,157.1970825,478575.6563,25,11,62.29999924,2024/9/22 0:07
1726964226,1726964225,0,1,-41.74060059,148.5256348,490486.2188,30,12,-2.400000095,2024/9/22 0:17
1726964826,1726964825,0,1,-77.75757599,115.875267,504068.5625,23,12,-31.70000076,2024/9/22 0:27
1726965426,1726965425,0,1,-60.9721756,-16.26270294,503281.3438,23,13,16.29999924,2024/9/22 0:37
1726966026,1726966025,0,1,-23.44526482,-29.08379173,492365.5625,22,12,-6,2024/9/22 0:47
1726966626,1726966626,0,1,14.57481956,-36.75295639,488052.1563,21,12,-10.30000019,2024/9/22 0:57
1726967226,1726967226,0,1,52.32859039,-47.00883484,494036.25,25,10,30.10000038,2024/9/22 1:07
1726967826,1726967826,0,1,82.52793121,-137.4833984,496591.4063,25,12,3.599999905,2024/9/22 1:17
1726968426,1726968426,0,1,50.33978271,146.7034454,487377.75,25,9,18.20000076,2024/9/22 1:27
1726969026,1726969026,0,1,12.45579624,136.8283081,478187.5313,23,12,55.29999924,2024/9/22 1:37
1726969626,1726969626,0,1,-25.66477966,129.1023254,483981.1563,24,13,2.700000048,2024/9/22 1:47
1726970227,1726970226,0,1,-63.1243782,115.3223953,499396.25,31,10,-23.5,2024/9/22 1:57
1726970827,1726970826,0,1,-75.90808105,-21.13222694,505638.0313,23,12,-1.200000048,2024/9/22 2:07
1726971427,1726971426,0,1,-39.56261826,-48.65118408,497221.5313,24,11,-3.799999952,2024/9/22 2:17
1726972027,1726972026,0,1,-1.59482336,-57.11270142,488403.4688,20,13,-18.89999962,2024/9/22 2:27
1726972627,1726972627,0,1,36.37175751,-65.31371307,491078.875,25,10,-37.79999924,2024/9/22 2:37
1726973227,1726973227,0,1,73.16796875,-87.76599121,497059.6563,20,12,-10.19999981,2024/9/22 2:47
1726973827,1726973827,0,1,66.0326767,132.1803741,492517.5313,27,13,-4.300000191,2024/9/22 2:57
1726974427,1726974427,0,1,28.64060402,116.7503891,480974.8438,24,9,-3,2024/9/22 3:07
1726975027,1726975027,0,1,-9.48003006,108.9369888,479527.5938,22,12,-0.5,2024/9/22 3:17
1726975627,1726975627,0,1,-47.37083435,99.56473541,492851.3438,23,10,-4.5,2024/9/22 3:27
1726976228,1726976227,0,1,-81.54639435,44.20897675,504916.1875,28,13,0.699999988,2024/9/22 3:37
1726976828,1726976827,0,1,-55.44883347,-66.44026184,501837.7188,27,12,15.30000019,2024/9/22 3:47
1726977428,1726977427,0,1,-17.7566185,-77.43736267,490916.0625,23,11,13.60000038,2024/9/22 3:57
1726978028,1726978027,0,1,20.27308464,-85.07324982,488534.4063,23,12,-15.80000019,2024/9/22 4:07
1726978628,1726978628,0,1,57.89550018,-96.77514648,495173.125,25,13,-42.70000076,2024/9/22 4:17
1726979228,1726979228,0,1,80.03318787,140.363266,496018.6563,30,13,0.699999988,2024/9/22 4:27
1726979828,1726979828,0,1,44.71532822,97.57032776,485769.1563,24,9,-51.5,2024/9/22 4:37
1726981028,1726981028,0,1,-31.34427071,80.63988495,486346.8125,24,10,-6.800000191,2024/9/22 4:57
1726981628,1726981628,0,1,-68.51988983,63.39871979,501419.6875,19,12,30.20000076,2024/9/22 5:07
1726982229,1726982228,0,1,-70.86242676,-77.83108521,505129.4063,26,12,-9.199999809,2024/9/22 5:17
1726982829,1726982828,0,1,-33.92238998,-97.30690002,495307.5313,20,12,-5.300000191,2024/9/22 5:27
1726983429,1726983428,0,1,4.103915215,-105.3581467,487793,24,12,-19.60000038,2024/9/22 5:37
1726984029,1726984029,0,1,42.01859283,-114.0464096,491926.7188,22,11,-14.69999981,2024/9/22 5:47
1726984629,1726984629,0,1,78.00732422,-147.5310974,497072.1875,26,12,-2.900000095,2024/9/22 5:57
1726985229,1726985229,0,1,60.56400681,80.98735046,490882.25,27,11,-30.10000038,2024/9/22 6:07
1726985829,1726985829,0,1,22.94350243,68.32885742,479953.375,24,12,-50.59999847,2024/9/22 6:17
1726986429,1726986429,0,1,-15.18972874,60.65433884,481128.0625,21,12,-21.60000038,2024/9/22 6:27
1726987029,1726987029,0,1,-52.9629631,50.26012421,495531.0625,24,12,44.79999924,2024/9/22 6:37
1726987630,1726987629,0,1,-82.43045044,-44.40821457,505683.1875,25,13,-23,2024/9/22 6:47
1726988230,1726988229,0,1,-49.88729858,-115.9504318,500232.125,29,12,-9.699999809,2024/9/22 6:57
1726988830,1726988829,0,1,-12.13471794,-125.722023,489523.7813,26,13,-9.5,2024/9/22 7:07
1726989430,1726989429,0,1,25.89147377,-133.4390869,488937.0625,24,13,-35.59999847,2024/9/22 7:17
1726990030,1726990030,0,1,63.39673233,-147.3648682,495748.4688,24,10,16.79999924,2024/9/22 7:27
1726990630,1726990630,0,1,75.59783173,75.57320404,494940.9375,29,13,-5.599999905,2024/9/22 7:37
1726991830,1726991830,0,1,1.022505045,40.30554199,478509.625,18,13,-26.89999962,2024/9/22 7:57
1726992430,1726992430,0,1,-37.00987625,32.05026627,488692.7813,24,11,30.20000076,2024/9/22 8:07
1726993030,1726993030,0,1,-73.7233429,8.740679741,503009.625,32,12,16.60000038,2024/9/22 8:17
1726993630,1726993630,0,1,-65.53726959,-130.727066,504154.4375,30,11,-39.40000153,2024/9/22 8:27
1726994231,1726994230,0,1,-28.2595005,-145.8206177,493414.8438,23,10,-4.900000095,2024/9/22 8:37
1726994831,1726994830,0,1,9.74407959,-153.6055756,487524.0938,29,11,5.599999905,2024/9/22 8:47
1726995431,1726995430,0,1,47.58522797,-163.0056305,492879.1563,24,9,3,2024/9/22 8:57
1726996031,1726996030,0,1,81.69761658,139.7076721,496862.0313,30,12,3.900000095,2024/9/22 9:07
1726997831,1726997831,0,1,-20.89921761,12.3239336,482653.4688,20,12,25.29999924,2024/9/22 9:37
1726998431,1726998431,0,1,-58.52288818,0.411121666,497723.1875,21,13,19.5,2024/9/22 9:47
1726999031,1726999031,0,1,-79.63835907,-124.5196991,505739.3125,32,12,-40.59999847,2024/9/22 9:57
1726999631,1726999631,0,1,-44.27363586,-165.0497742,498416.625,22,11,-6.699999809,2024/9/22 10:07
1727000232,1727000231,0,1,-6.426813126,-173.9916687,488526.375,28,12,19,2024/9/22 10:17
1727000832,1727000831,0,1,31.57660675,178.0865784,489794.125,24,9,-8.899999619,2024/9/22 10:27
1727001432,1727001431,0,1,68.74598694,160.6445007,496412.2813,23,13,5,2024/9/22 10:37
1727002032,1727002031,0,1,70.49227142,19.19268227,493628.75,19,12,31,2024/9/22 10:47
1727003232,1727003232,0,1,-4.707455158,-7.948299885,478892.9375,23,13,18,2024/9/22 11:07
1727003832,1727003832,0,1,-42.67113113,-16.71776772,490921.8438,23,12,25,2024/9/22 11:17
1727004432,1727004432,0,1,-78.48851013,-52.00175095,504146.375,26,13,-16.79999924,2024/9/22 11:27
1727005032,1727005032,0,1,-60.0644722,178.2125244,502902.3125,28,12,-46.79999924,2024/9/22 11:37
1727005632,1727005632,0,1,-22.56711578,165.7623596,491810.125,29,11,53.59999847,2024/9/22 11:47
1727006233,1727006232,0,1,15.45847988,158.1052094,487808.2188,30,13,29.5,2024/9/22 11:57
1727006833,1727006832,0,1,53.19652939,147.6589813,494036.5,25,12,17.29999924,2024/9/22 12:07
1727007433,1727007432,0,1,82.35887909,50.87768173,496440.2813,27,13,16.89999962,2024/9/22 12:17
1727008033,1727008033,0,1,49.40368652,-18.61283493,487073.4063,24,10,60.90000153,2024/9/22 12:27
1727008633,1727008633,0,1,11.50333691,-28.32228851,478214.7813,23,13,6.599999905,2024/9/22 12:37
1727009233,1727009233,0,1,-26.6117897,-36.07278442,484358.9375,22,11,-7.199999809,2024/9/22 12:47
1727009833,1727009833,0,1,-64.03151703,-50.31903458,499649.5,23,11,15.19999981,2024/9/22 12:57
1727010433,1727010433,0,1,-75.09658813,171.9015503,505486.4063,30,12,-59.20000076,2024/9/22 13:07
1727011033,1727011033,0,1,-38.62183762,146.1231842,496725.625,28,11,3.400000095,2024/9/22 13:17
1727011633,1727011633,0,1,-0.704723358,137.7536469,488031.9063,26,12,69.19999695,2024/9/22 13:27
1727012234,1727012233,0,1,37.25709534,129.4878387,490941.5625,26,11,27.60000038,2024/9/22 13:37
1727012834,1727012833,0,1,73.96394348,105.7744446,496843.4063,28,11,-10.89999962,2024/9/22 13:47
1727013434,1727013433,0,1,65.17866516,-33.51612854,491978.6563,25,13,56.40000153,2024/9/22 13:57
1727014034,1727014034,0,1,27.67867279,-48.43235016,480578.125,18,9,-15.89999962,2024/9/22 14:07
1727014634,1727014634,0,1,-10.44677639,-56.21444321,479648.4375,18,11,-5.900000095,2024/9/22 14:17
1727015234,1727015234,0,1,-48.32004929,-65.73540497,493290.875,17,9,11.30000019,2024/9/22 14:27
1727015834,1727015834,0,1,-81.96320343,-126.8462753,505161.5938,25,12,-41.20000076,2024/9/22 14:37
1727016434,1727016434,0,1,-54.51165009,128.1621704,501694.5625,28,14,-24.60000038,2024/9/22 14:47
1727017034,1727017034,0,1,-16.86092949,117.4161987,490766.25,29,12,-3.099999905,2024/9/22 14:57
1727017634,1727017634,0,1,21.16840172,109.774147,488592.2188,25,12,-16.10000038,2024/9/22 15:07
1727018235,1727018234,0,1,58.766716,97.78469086,495187.0625,27,12,-36.40000153,2024/9/22 15:17
1727018835,1727018834,0,1,79.41231537,-28.29874229,495657,29,13,34.29999924,2024/9/22 15:27
1727019435,1727019434,0,1,43.76037598,-67.69652557,485192.625,22,11,-24.20000076,2024/9/22 15:37
1727020035,1727020035,0,1,5.769686699,-76.59231567,477930.9375,21,11,21.60000038,2024/9/22 15:47
1727020635,1727020635,0,1,-32.31023026,-84.55818176,486498.3438,19,11,2,2024/9/22 15:57
1727021235,1727021235,0,1,-69.42530823,-102.5968704,501631.1563,22,12,-28.5,2024/9/22 16:07
1727021835,1727021835,0,1,-69.96757507,116.0321884,505027.4688,28,13,-24.79999924,2024/9/22 16:17
1727022435,1727022435,0,1,-32.95885849,97.48742676,495173.8438,27,11,-32.90000153,2024/9/22 16:27
1727023035,1727023035,0,1,5.00946188,89.50193024,487997.0625,31,13,-63.40000153,2024/9/22 16:37
1727023636,1727023635,0,1,42.91119766,80.71728516,492290.0938,24,11,-45.5,2024/9/22 16:47
1727024236,1727024235,0,1,78.69992828,44.59623337,497105.75,26,13,13.10000038,2024/9/22 16:57
1727024836,1727024835,0,1,59.69094467,-84.50255585,490505.5313,31,12,-45.09999847,2024/9/22 17:07
1727025436,1727025435,0,1,21.9759655,-96.84315491,479476.375,22,10,-20,2024/9/22 17:17
1727026036,1727026036,0,1,-16.16181755,-104.5062866,481013.4375,24,11,-4.800000191,2024/9/22 17:27
1727026636,1727026636,0,1,-53.91612244,-115.1177216,495654.6563,26,12,-11.89999962,2024/9/22 17:37
1727027236,1727027236,0,1,-82.17171478,143.5602417,505617.1875,28,12,-43.09999847,2024/9/22 17:47
1727027836,1727027836,0,1,-48.929245,78.72512054,499999.0938,28,11,28.20000076,2024/9/22 17:57
1727028436,1727028436,0,1,-11.16086197,69.11958313,489618,27,13,-54.29999924,2024/9/22 18:07
1727029036,1727029036,0,1,26.85945702,61.37744904,489316.4375,21,11,-25.79999924,2024/9/22 18:17
1727030837,1727030836,0,1,38.16395187,-116.4862747,483458.4375,24,11,-24.39999962,2024/9/22 18:47
1727031437,1727031436,0,1,0.04507,-124.8463821,478187.8125,21,12,-19.70000076,2024/9/22 18:57
1727032037,1727032037,0,1,-37.98070908,-133.1754608,488804.1875,20,11,-11.89999962,2024/9/22 19:07
1727032637,1727032637,0,1,-74.58563232,-157.9736176,503186.25,28,12,-64,2024/9/22 19:17
1727033237,1727033237,0,1,-64.60611725,63.53609467,504012.7188,24,12,27.5,2024/9/22 19:27
1727033837,1727033837,0,1,-27.28636932,48.99143219,493370.875,26,13,7.699999809,2024/9/22 19:37
1727034437,1727034437,0,1,10.71915531,41.23787308,487795.0938,26,12,-11.39999962,2024/9/22 19:47
1727035638,1727035637,0,1,-79.96839142,96.1788559,512312.875,5,0,-9.800000191,2024/9/22 20:07
1727036238,1727036237,0,1,54.12059784,-134.4998169,488442.625,26,12,-8.699999809,2024/9/22 20:17
1727036838,1727036837,0,1,16.31471062,-145.1713715,478452,24,12,-11.39999962,2024/9/22 20:27
1727037438,1727037437,0,1,-21.88268089,-152.848465,482627.875,22,11,0.699999988,2024/9/22 20:37
1727038038,1727038038,0,1,-59.47814178,-165.0933075,497996.4063,24,12,-39.59999847,2024/9/22 20:47
1727038638,1727038638,0,1,-78.9307785,66.78585052,505782.3438,27,12,5.099999905,2024/9/22 20:57
1727039238,1727039238,0,1,-43.30316544,29.68171501,498330.2813,20,12,33.20000076,2024/9/22 21:07
1727039838,1727039838,0,1,-5.445708275,20.85479355,488664.125,23,12,-9.5,2024/9/22 21:17
1727040438,1727040438,0,1,32.54992676,12.8851366,490022.4063,18,10,33.09999847,2024/9/22 21:27
1727041038,1727041038,0,1,69.65784454,-5.381834984,496303.7188,23,11,51,2024/9/22 21:37
1727041639,1727041638,0,1,69.64134216,-146.8465271,493031.5313,27,11,1,2024/9/22 21:47
1727042239,1727042238,0,1,32.46472931,-165.1103973,481523.625,24,12,-10.19999981,2024/9/22 21:57
1727042839,1727042838,0,1,-5.638776779,-173.0900269,478601.7188,25,13,17.89999962,2024/9/22 22:07
1727043439,1727043438,0,1,-43.65493011,178.0158234,491170.0625,27,11,12.69999981,2024/9/22 22:17
1727044039,1727044039,0,1,-79.22647095,139.5409393,504458.4063,29,13,-50.40000153,2024/9/22 22:27
1727044639,1727044639,0,1,-59.10516739,12.69187832,502904.2813,28,12,21.5,2024/9/22 22:37
1727045239,1727045239,0,1,-21.58090401,0.59022665,491893.0313,23,10,17.5,2024/9/22 22:47
1727045839,1727045839,0,1,16.44381905,-7.056571484,488039.375,22,11,27.79999924,2024/9/22 22:57
1727046439,1727046439,0,1,54.16044235,-17.72737312,494079.2813,23,11,60.5,2024/9/22 23:07
1727047039,1727047039,0,1,82.0595932,-121.0900803,495964.8438,27,12,4.099999905,2024/9/22 23:17
1727047640,1727047639,0,1,48.48773575,176.0891724,486297.3125,28,12,-0.899999976,2024/9/22 23:27
1727048240,1727048239,0,1,10.56590366,166.5322266,477700.0938,22,11,27.20000076,2024/9/22 23:37
1727048840,1727048839,0,1,-27.54793739,158.7538757,484468.0313,22,12,37.70000076,2024/9/22 23:47
1727049440,1727049440,0,1,-64.98648834,143.958725,500137.3438,28,12,-44.90000153,2024/9/22 23:57
1727050040,1727050040,0,1,-74.22614288,5.044764996,505624.6875,30,12,13.30000019,2024/9/23 0:07
1727050640,1727050640,0,1,-37.63549805,-19.10653305,496689.9375,26,11,20.20000076,2024/9/23 0:17
1727051240,1727051240,0,1,0.289115012,-27.3978138,488144.625,28,13,7.300000191,2024/9/23 0:27
1727051840,1727051840,0,1,38.24142838,-35.74087143,491030,22,9,42.5,2024/9/23 0:37
1727052440,1727052440,0,1,74.8359375,-61.02343369,496542.875,29,13,17.5,2024/9/23 0:47
1727053040,1727053040,0,1,64.2246933,160.7554626,491262.875,27,11,11.60000038,2024/9/23 0:57
1727053641,1727053640,0,1,26.73934364,146.3938751,479879.3438,26,10,33.5,2024/9/23 1:07
1727054241,1727054240,0,1,-11.39334202,138.6376953,479494,29,14,64.09999847,2024/9/23 1:17
1727054841,1727054840,0,1,-49.3128891,128.9381866,493668.4375,27,10,-22.89999962,2024/9/23 1:27
1727055441,1727055441,0,1,-82.29607391,61.19589996,505378.625,27,11,-0.200000003,2024/9/23 1:37
1727056041,1727056041,0,1,-53.52917862,-37.23549271,501620.8125,30,12,12.39999962,2024/9/23 1:47
1727056641,1727056641,0,1,-15.85815811,-47.74811935,490721.3125,27,12,-12.80000019,2024/9/23 1:57
1727057241,1727057241,0,1,22.16910362,-55.40056992,488753.2813,26,10,-42.59999847,2024/9/23 2:07
1727057841,1727057841,0,1,59.73830795,-67.73730469,495168.8125,25,12,-18.89999962,2024/9/23 2:17
1727058441,1727058441,0,1,78.67305756,163.0932922,495201.125,25,12,2.200000048,2024/9/23 2:27
1727059042,1727059041,0,1,42.8235817,127.0536041,484469.0625,23,11,21.29999924,2024/9/23 2:37
1727059642,1727059641,0,1,4.816653252,118.2630005,477546.8438,23,12,57.29999924,2024/9/23 2:47
1727060242,1727060241,0,1,-33.2586937,110.2463608,486651.9375,24,9,-37.09999847,2024/9/23 2:57
1727060842,1727060841,0,1,-70.36714172,91.26721191,501817.5938,26,12,6.199999809,2024/9/23 3:07
1727061442,1727061442,0,1,-69.022789,-50.05426788,504918.1875,27,12,3.799999952,2024/9/23 3:17
1727062042,1727062042,0,1,-31.94868279,-67.71881866,494914.3125,26,11,22.10000038,2024/9/23 3:27
1727062642,1727062642,0,1,6.026531696,-75.65337372,487883.1875,24,11,25.70000076,2024/9/23 3:37
1727063242,1727063242,0,1,43.91661453,-84.55567169,492264.9063,24,11,-34.59999847,2024/9/23 3:47
1727063842,1727063842,0,1,79.44586182,-124.0956497,496726.4375,31,13,-3.5,2024/9/23 3:57
1727064442,1727064442,0,1,58.69613266,109.9729691,489754.4688,31,11,-28.89999962,2024/9/23 4:07
1727065043,1727065042,0,1,21.0099659,97.99424744,479016.6875,20,11,-41.70000076,2024/9/23 4:17
1727065643,1727065642,0,1,-17.13000298,90.33851624,481219.5938,23,10,-54.29999924,2024/9/23 4:27
1727066243,1727066242,0,1,-54.86004257,79.49552917,496155.25,22,12,25.89999962,2024/9/23 4:37
1727066843,1727066842,0,1,-81.78173828,-28.25035286,505874.5313,27,12,-16.79999924,2024/9/23 4:47
1727067443,1727067443,0,1,-47.92210007,-86.59451294,499885.625,28,12,0.400000006,2024/9/23 4:57
1727068043,1727068043,0,1,-10.13702869,-96.03772736,489397.5938,25,13,-11.39999962,2024/9/23 5:07
1727068643,1727068643,0,1,27.88106728,-103.8104553,489254.5,24,11,-21.60000038,2024/9/23 5:17
1727069243,1727069243,0,1,65.24409485,-118.7343979,495765.4063,23,12,-18.29999924,2024/9/23 5:27
1727069843,1727069843,0,1,73.91015625,101.9048004,494036.0938,26,12,-11.10000038,2024/9/23 5:37
1727070443,1727070443,0,1,37.13358307,78.27774048,482865.25,23,13,-39.90000153,2024/9/23 5:47
1727071044,1727071043,0,1,-0.933224976,70.01013184,478271.2188,26,12,-88.09999847,2024/9/23 5:57
1727071644,1727071643,0,1,-38.94683838,61.60287857,489367.0313,22,10,26,2024/9/23 6:07
1727072244,1727072243,0,1,-75.42566681,35.14543915,503631.4063,24,12,14.10000038,2024/9/23 6:17
1727072844,1727072843,0,1,-63.62238693,-102.1811371,504052.4375,26,13,-22.5,2024/9/23 6:27
1727073444,1727073444,0,1,-26.26092339,-116.1957779,493095,23,12,-6.400000095,2024/9/23 6:37
1727074044,1727074044,0,1,11.75042343,-123.9203873,487650.3125,21,13,-40,2024/9/23 6:47
1727074644,1727074644,0,1,49.55989838,-133.6414948,493065.125,21,12,-18.29999924,2024/9/23 6:57
1727075244,1727075244,0,1,82.3769989,156.4744568,496306.9375,30,13,3,2024/9/23 7:07
1727075844,1727075844,0,1,53.102108,60.09606552,487927.9375,23,11,-14.30000019,2024/9/23 7:17
1727076444,1727076444,0,1,15.27219868,49.66179657,478346.5625,20,12,-19.39999962,2024/9/23 7:27
1727077045,1727077044,0,1,-22.85788727,41.98768616,483120.3125,22,11,-0.899999976,2024/9/23 7:37
1727077645,1727077644,0,1,-60.41912079,29.392519,498535.8438,23,10,28.60000038,2024/9/23 7:47
1727078245,1727078244,0,1,-78.19685364,-101.4132233,505924.1563,27,12,-30.79999924,2024/9/23 7:57
1727078845,1727078845,0,1,-42.28313446,-135.5877533,498000.4063,21,11,-14,2024/9/23 8:07
1727079445,1727079445,0,1,-4.410395145,-144.3009186,488310,26,11,5.599999905,2024/9/23 8:17
1727080045,1727080045,0,1,33.581604,-152.3254547,489937.6563,15,10,-17.79999924,2024/9/23 8:27
1727080645,1727080645,0,1,70.62098694,-171.5605011,496139.5,25,12,1.299999952,2024/9/23 8:37
1727081245,1727081245,0,1,68.66901398,47.06584167,492597.625,18,14,7.199999809,2024/9/23 8:47
1727083046,1727083045,0,1,-44.61961746,12.75506306,491794.0313,22,12,27.29999924,2024/9/23 9:17
1727083646,1727083645,0,1,-79.90885162,-29.29459953,504731.125,27,13,-16,2024/9/23 9:27
1727084246,1727084245,0,1,-58.16334534,-152.7909088,502683.7188,28,12,-29.5,2024/9/23 9:37
1727084846,1727084846,0,1,-20.54601669,-164.5865631,491434.4688,25,11,13.89999962,2024/9/23 9:47
1727085446,1727085446,0,1,17.48344231,-172.2255707,487830.875,21,12,8.699999809,2024/9/23 9:57
1727086046,1727086046,0,1,55.17992783,176.8496246,494033.7188,24,12,2.299999952,2024/9/23 10:07
1727086646,1727086646,0,1,81.62891388,67.17428589,495696.9063,30,12,10.5,2024/9/23 10:17
1727087246,1727087246,0,1,47.45637894,10.76389503,485969.5625,10,13,47.70000076,2024/9/23 10:27
1727087846,1727087846,0,1,9.518411636,1.369701624,477818.7188,21,13,23.39999962,2024/9/23 10:37
1727088447,1727088446,0,1,-28.58748627,-6.441376686,485029.0938,21,11,15.60000038,2024/9/23 10:47
1727089047,1727089046,0,1,-65.91513824,-21.78606796,500470.4688,27,13,8.199999809,2024/9/23 10:57
1727089647,1727089646,0,1,-73.36262512,-161.5917206,505504.2813,28,12,-64.69999695,2024/9/23 11:07
1727090247,1727090246,0,1,-36.60302734,175.6577454,496127.5313,25,11,34.70000076,2024/9/23 11:17
1727090847,1727090847,0,1,1.335039973,167.4434509,487756.6563,27,12,35.70000076,2024/9/23 11:27
1727091447,1727091447,0,1,39.28048706,159.0131989,491003.3125,26,10,-1.100000024,2024/9/23 11:37
1727092047,1727092047,0,1,75.73965454,131.8522491,496446.2188,29,13,-0.699999988,2024/9/23 11:47
1727092647,1727092647,0,1,63.21738815,-4.957093239,490938.7188,22,12,52.90000153,2024/9/23 11:57
1727093247,1727093247,0,1,25.68998909,-18.79715919,479748.7813,18,12,34.5,2024/9/23 12:07
1727093847,1727093847,0,1,-12.44410038,-26.52655792,479897.125,23,12,-7.5,2024/9/23 12:17
1727094448,1727094447,0,1,-50.2795105,-36.38486862,494106.375,21,11,5.599999905,2024/9/23 12:27
1727095048,1727095047,0,1,-82.50550842,-111.0681152,505436.125,26,12,-33.5,2024/9/23 12:37
1727095648,1727095647,0,1,-52.56708527,157.3953094,501190.0625,28,12,-19.20000076,2024/9/23 12:47
1727096248,1727096247,0,1,-14.80901623,147.0828857,490170.625,32,13,63.59999847,2024/9/23 12:57
1727096848,1727096848,0,1,23.22046471,139.4163208,488478.375,27,12,46.5,2024/9/23 13:07
1727097448,1727097448,0,1,60.76027298,126.685524,494971.875,29,12,-5.199999809,2024/9/23 13:17
1727098048,1727098048,0,1,77.8529129,-5.233783245,494676.6563,23,12,39.79999924,2024/9/23 13:27
1727098648,1727098648,0,1,41.76924515,-38.21931839,483900.125,22,10,40.59999847,2024/9/23 13:37
1727099248,1727099248,0,1,3.747913361,-46.8980217,477571.1875,22,11,-31.10000038,2024/9/23 13:47
1727099848,1727099848,0,1,-34.31758118,-54.97598648,487127.875,18,11,14.10000038,2024/9/23 13:57
1727100449,1727100448,0,1,-71.28392029,-74.9466629,502291.0938,21,11,-6.300000191,2024/9/23 14:07
1727101049,1727101048,0,1,-68.09176636,143.9714661,504968.4688,31,12,-46.59999847,2024/9/23 14:17
1727101649,1727101648,0,1,-30.95979691,127.086525,494708.5938,29,10,-18.89999962,2024/9/23 14:27
1727102249,1727102248,0,1,7.085505009,119.1846313,487773.875,26,13,53.59999847,2024/9/23 14:37
1727102849,1727102849,0,1,44.96311188,110.1525421,492274.5938,26,10,-31.5,2024/9/23 14:47
1727103449,1727103449,0,1,80.17208862,66.50423431,496408.5938,27,13,6.400000095,2024/9/23 14:57
1727104049,1727104049,0,1,57.65982437,-55.54579544,489072.5625,30,13,12.39999962,2024/9/23 15:07
1727104649,1727104649,0,1,19.9398632,-67.18701935,478581.2188,18,11,-61.90000153,2024/9/23 15:17
1727105249,1727105249,0,1,-18.20244408,-74.83795929,481296.9375,18,10,17.29999924,2024/9/23 15:27
1727105849,1727105849,0,1,-55.90596771,-85.95662689,496552.9688,19,11,-4.800000191,2024/9/23 15:37
1727106450,1727106449,0,1,-81.29983521,160.7304535,505999.9375,27,12,-46.59999847,2024/9/23 15:47
1727107050,1727107049,0,1,-46.93215942,108.1011581,499751.125,29,12,-17.60000038,2024/9/23 15:57
1727107650,1727107649,0,1,-9.132615089,98.80713654,489411.9688,31,11,-30.39999962,2024/9/23 16:07
1727108250,1727108249,0,1,28.9430542,90.98579407,489514.5938,20,11,-32.5,2024/9/23 16:17
1727108850,1727108850,0,1,66.25624084,75.42664337,495857.0625,32,14,-16.70000076,2024/9/23 16:27
1727109450,1727109450,0,1,72.95889282,-64.81352997,493617.4063,25,13,17.60000038,2024/9/23 16:37
1727110050,1727110050,0,1,36.07043076,-86.9623642,482280.4375,22,9,-30,2024/9/23 16:47
1727110650,1727110650,0,1,-2.009016752,-95.15383148,477998.5625,18,12,-12.10000038,2024/9/23 16:57
1727111250,1727111250,0,1,-40.01306915,-103.6540833,489572.0313,19,10,-8.199999809,2024/9/23 17:07
1727111850,1727111850,0,1,-76.33848572,-132.2032623,503789.0625,24,12,-41.09999847,2024/9/23 17:17
1727112451,1727112450,0,1,-62.65267181,92.1555481,503898.0313,28,12,3.799999952,2024/9/23 17:27
1727113051,1727113050,0,1,-25.2533741,78.6199646,493040.2813,27,12,-20.70000076,2024/9/23 17:37
1727113651,1727113650,0,1,12.75918961,70.9202652,487967.7813,26,11,-87.30000305,2024/9/23 17:47
1727116051,1727116051,0,1,14.19577789,-115.5129547,477873.6563,20,13,-41.5,2024/9/23 18:27
1727116651,1727116651,0,1,-23.93529129,-123.2029572,483104.7813,20,12,-8.699999809,2024/9/23 18:37
1727117251,1727117251,0,1,-61.46211243,-136.2206268,498753.375,29,12,-32.79999924,2024/9/23 18:47
1727117851,1727117851,0,1,-77.3421936,90.45397186,505862.7188,29,12,-2.400000095,2024/9/23 18:57
1727118452,1727118451,0,1,-41.27835846,59.15309525,497851.7188,23,10,31.79999924,2024/9/23 19:07
1727119052,1727119051,0,1,-3.395539999,50.54481506,488506.1875,22,13,-44.5,2024/9/23 19:17
1727120852,1727120852,0,1,67.6592865,-118.9640121,492077.0313,31,13,-15.69999981,2024/9/23 19:47
1727121452,1727121452,0,1,30.34799385,-135.5361938,480603.3125,26,12,-33.70000076,2024/9/23 19:57
1727122052,1727122052,0,1,-7.770963192,-143.4164581,478717.7188,21,12,1.799999952,2024/9/23 20:07
1727122652,1727122652,0,1,-45.6926651,-152.552124,492038,24,10,-10.80000019,2024/9/23 20:17
1727123252,1727123252,0,1,-80.61009979,160.7865295,504933.375,23,11,-50.40000153,2024/9/23 20:27
1727123853,1727123852,0,1,-57.10944748,41.69503021,502559.0625,27,13,38.70000076,2024/9/23 20:37
1727124453,1727124452,0,1,-19.52811813,30.24248886,491449.2813,22,10,6.800000191,2024/9/23 20:47
1727125053,1727125052,0,1,18.49994659,22.60758018,488076.9375,22,11,10.89999962,2024/9/23 20:57
1727125653,1727125652,0,1,56.23351669,11.38544464,494126.625,13,10,37.29999924,2024/9/23 21:07
1727126853,1727126853,0,1,46.38341904,-154.5621948,485165.25,28,12,-5.300000191,2024/9/23 21:27
1727127453,1727127453,0,1,8.423054695,-163.800293,477293,26,11,14.19999981,2024/9/23 21:37
1727128053,1727128053,0,1,-29.68053246,-171.6521606,485108.9688,29,11,26.79999924,2024/9/23 21:47
1727128653,1727128653,0,1,-66.9532547,172.3039856,500847.1875,25,13,-55.09999847,2024/9/23 21:57
1727129253,1727129253,0,1,-72.37937927,31.7599926,505533.1875,25,12,22.20000076,2024/9/23 22:07
1727129854,1727129853,0,1,-35.58203506,10.43476963,496135.2188,21,8,24.5,2024/9/23 22:17
1727130454,1727130453,0,1,2.362065077,2.290691614,487952.1875,23,12,15.89999962,2024/9/23 22:27
1727131054,1727131053,0,1,40.29552078,-6.23080492,491165.0313,19,12,55.40000153,2024/9/23 22:37
1727131654,1727131653,0,1,76.65534973,-35.63986206,496148.25,27,12,40.09999847,2024/9/23 22:47
1727132254,1727132254,0,1,62.16561127,-170.6520844,490133.3438,29,12,6.400000095,2024/9/23 22:57
1727132854,1727132854,0,1,24.59082413,176.0049591,479004.0938,26,11,-3.099999905,2024/9/23 23:07
1727133454,1727133454,0,1,-13.55082989,168.298584,479731.5,25,12,63.59999847,2024/9/23 23:17
1727134054,1727134054,0,1,-51.36555481,158.2329712,494525.375,31,12,-17.10000038,2024/9/23 23:27
1727134654,1727134654,0,1,-82.59224701,75.43356323,505712.0938,30,12,-1.799999952,2024/9/23 23:37
1727135254,1727135254,0,1,-51.48859024,-8.00177002,501159.2188,25,10,27.20000076,2024/9/23 23:47
1727135855,1727135854,0,1,-13.7747097,-18.07827759,490250.75,24,11,3.5,2024/9/23 23:57
1727136455,1727136454,0,1,24.25116158,-25.76203728,488667.125,19,11,20.79999924,2024/9/24 0:07
1727137055,1727137054,0,1,61.75747681,-38.90999603,494847.6563,25,13,50.20000076,2024/9/24 0:17
1727137655,1727137654,0,1,76.96579742,-173.2479858,494056.4375,30,13,0.600000024,2024/9/24 0:27
1727138255,1727138255,0,1,40.67208481,156.5038147,483077.3125,23,10,4.400000095,2024/9/24 0:37
1727138855,1727138855,0,1,2.633066654,147.9328918,477163.8125,30,14,63.29999924,2024/9/24 0:47
1727139455,1727139455,0,1,-35.4247818,139.7847443,487434.3438,21,10,-0.200000003,2024/9/24 0:57
1727140055,1727140055,0,1,-72.29621887,118.5587997,502685,27,12,-32.20000076,2024/9/24 1:07
1727140655,1727140655,0,1,-67.04714203,-22.03276253,504945.7813,26,12,6.300000191,2024/9/24 1:17
1727141255,1727141255,0,1,-29.85669899,-38.12917709,494551.75,21,10,-6.300000191,2024/9/24 1:27
1727141856,1727141855,0,1,8.130414963,-45.97253799,487896.1875,20,13,-34.5,2024/9/24 1:37
1727142456,1727142455,0,1,45.99350739,-55.14229584,492337.1875,24,12,1,2024/9/24 1:47
1727143056,1727143055,0,1,80.82310486,-103.4731827,496098.2813,26,13,5.099999905,2024/9/24 1:57
1727143656,1727143655,0,1,56.57504272,138.9432373,488334.5313,27,12,14.5,2024/9/24 2:07
1727144256,1727144256,0,1,18.82122421,127.6254501,477938,22,11,38.79999924,2024/9/24 2:17
1727144856,1727144856,0,1,-19.32406044,119.974823,481308.125,26,11,6.800000191,2024/9/24 2:27
1727145456,1727145456,0,1,-56.99933243,108.5436172,496850.5,24,10,-10.60000038,2024/9/24 2:37
1727146056,1727146056,0,1,-80.66407776,-10.18015289,506008.125,24,12,-11,2024/9/24 2:47
1727146656,1727146656,0,1,-45.82688522,-57.22503662,499492.5625,28,11,2.700000048,2024/9/24 2:57
1727147256,1727147256,0,1,-8.010718346,-66.36425018,489248.625,29,12,16.29999924,2024/9/24 3:07
1727147857,1727147856,0,1,29.99681091,-74.21494293,489579.6563,25,13,-46.5,2024/9/24 3:17
1727148457,1727148456,0,1,67.25798035,-90.4752655,495695.4063,26,12,-31,2024/9/24 3:27
1727149057,1727149056,0,1,71.99627686,128.6605988,493008.7188,29,12,-6.599999905,2024/9/24 3:37
1727149657,1727149657,0,1,34.94449615,107.7945099,481596.8125,26,10,-35.70000076,2024/9/24 3:47
1727150257,1727150257,0,1,-3.147030115,99.67517853,477898.375,28,11,-18.10000038,2024/9/24 3:57
1727150857,1727150857,0,1,-41.13763428,91.06728363,489997.2813,19,10,-1.600000024,2024/9/24 4:07
1727151457,1727151457,0,1,-77.27140045,59.96609879,504081.4375,25,13,9.199999809,2024/9/24 4:17
1727152057,1727152057,0,1,-61.56416321,-73.5294342,503760.9063,29,12,4,2024/9/24 4:27
1727152657,1727152657,0,1,-24.12497902,-86.57776642,492727.2813,23,11,3.099999905,2024/9/24 4:37
1727153257,1727153257,0,1,13.89230156,-94.25538635,487801.875,22,12,-7.699999809,2024/9/24 4:47
1727153858,1727153857,0,1,51.66332245,-104.3708267,493290.625,26,12,-22,2024/9/24 4:57
1727154458,1727154457,0,1,82.58950806,170.0749359,495672.7188,30,13,3.700000048,2024/9/24 5:07
1727155058,1727155057,0,1,50.99015045,89.31704712,486643.4063,26,13,-39.5,2024/9/24 5:17
1727155658,1727155658,0,1,13.04648876,79.30801392,477658.3438,22,12,-90.30000305,2024/9/24 5:27
1727156258,1727156258,0,1,-25.08036804,71.59622192,483583.25,22,12,-7.300000191,2024/9/24 5:37
1727156858,1727156858,0,1,-62.56220627,58.08860016,499362.75,26,11,30.79999924,2024/9/24 5:47
1727157458,1727157458,0,1,-76.40563965,-77.41205597,506050.0938,27,13,-19.60000038,2024/9/24 5:57
1727158058,1727158058,0,1,-40.15196228,-106.1225281,497585.5938,23,9,-9.399999619,2024/9/24 6:07
1727158658,1727158658,0,1,-2.25500989,-114.622879,488201.125,27,13,-20.20000076,2024/9/24 6:17
1727159259,1727159258,0,1,35.7216568,-122.7778397,490189.6875,27,11,-38.5,2024/9/24 6:27
1727159859,1727159858,0,1,72.58901978,-144.3950043,495889.0313,27,13,-8.100000381,2024/9/24 6:37
1727160459,1727160458,0,1,66.63385773,75.08764648,491500.375,27,12,-15.69999981,2024/9/24 6:47
1727161059,1727161058,0,1,29.26223755,59.25921631,480226.7188,20,13,-17.20000076,2024/9/24 6:57
1727161659,1727161659,0,1,-8.925221443,51.41021347,479057.125,24,11,-33.5,2024/9/24 7:07
1727162259,1727162259,0,1,-46.82579041,42.11782074,492693.3438,21,10,44.09999847,2024/9/24 7:17
1727162859,1727162859,0,1,-81.26544189,-10.18527699,505222.6875,26,12,-11.5,2024/9/24 7:27
1727163459,1727163459,0,1,-55.99625015,-123.8127975,502298.5625,28,10,-16.89999962,2024/9/24 7:37
1727164059,1727164059,0,1,-18.38397408,-134.9442596,490996.375,23,12,-10.89999962,2024/9/24 7:47
1727164659,1727164659,0,1,19.64786339,-142.5789337,487890.375,20,12,-18.39999962,2024/9/24 7:57
1727165260,1727165259,0,1,57.2942009,-154.096405,494001.625,23,11,13.30000019,2024/9/24 8:07
1727165860,1727165859,0,1,80.42651367,85.48630524,494871.375,28,11,1.399999976,2024/9/24 8:17
1727166460,1727166459,0,1,45.30324173,40.1281395,484765.3125,13,13,12,2024/9/24 8:27
1727167060,1727167059,0,1,7.26355505,31.02535248,477412.6563,20,12,-11.10000038,2024/9/24 8:37
1727167660,1727167660,0,1,-30.8300972,23.12706566,485741.5,23,10,34.09999847,2024/9/24 8:47
1727168260,1727168260,0,1,-68.03652954,6.274048328,501286.5625,24,15,13,2024/9/24 8:57
1727168860,1727168860,0,1,-71.33562469,-134.7924042,505430.1875,29,13,-49.29999924,2024/9/24 9:07
1727169460,1727169460,0,1,-34.43983459,-154.8097076,495585.875,23,10,0.100000001,2024/9/24 9:17
1727170060,1727170060,0,1,3.517484903,-162.881073,487569.4375,29,12,16.20000076,2024/9/24 9:27
1727170660,1727170660,0,1,41.44207382,-171.5132751,491127.5625,26,11,-9.699999809,2024/9/24 9:37
1727171261,1727171260,0,1,77.55054474,156.5066681,496006.75,26,12,2.900000095,2024/9/24 9:47
1727173061,1727173061,0,1,-14.71052456,3.11653161,480260.6875,5,0,13.10000038,2024/9/24 10:17
1727173661,1727173661,0,1,-52.49846268,-7.180438519,495061.0938,20,12,27.20000076,2024/9/24 10:27
1727174261,1727174261,0,1,-82.51161957,-98.45746613,505745.3438,25,13,-29.60000038,2024/9/24 10:37
1727174861,1727174861,0,1,-50.35548782,-173.4012604,500629.6563,27,10,-20.70000076,2024/9/24 10:47
1727175461,1727175461,0,1,-12.61567307,176.7398987,489652.4688,23,11,49.59999847,2024/9/24 10:57
1727176061,1727176061,0,1,25.41136742,169.0319519,488513.9375,19,10,-1.299999952,2024/9/24 11:07
1727176661,1727176661,0,1,62.87839127,155.3697052,494858.2813,24,13,13,2024/9/24 11:17
1727177262,1727177261,0,1,76.04649353,19.12195587,493837.375,32,11,31,2024/9/24 11:27
1727177862,1727177861,0,1,39.5782547,-8.757954597,482847.875,23,11,54.40000153,2024/9/24 11:37
1727178462,1727178461,0,1,1.529406667,-17.22826195,477408.4375,19,12,13,2024/9/24 11:47
1727179062,1727179061,0,1,-36.57875443,-25.46728516,487955.25,24,12,12.89999962,2024/9/24 11:57
1727179662,1727179662,0,1,-73.33887482,-48.17705917,502852.2188,24,11,-2,2024/9/24 12:07
1727180262,1727180262,0,1,-65.94876862,172.0033569,504530.8438,29,12,-53.09999847,2024/9/24 12:17
1727180862,1727180862,0,1,-28.69685555,156.6495209,493844.4688,28,11,32.59999847,2024/9/24 12:27
1727181462,1727181462,0,1,9.300880432,148.8490295,487497.4375,29,13,49.70000076,2024/9/24 12:37
1727182062,1727182062,0,1,47.15010452,139.5129395,492259.25,24,10,24.39999962,2024/9/24 12:47
1727182662,1727182662,0,1,81.46096802,85.0919342,495842.625,30,13,6.699999809,2024/9/24 12:57
1727183263,1727183262,0,1,55.48701859,-26.5329361,487831,26,11,60.90000153,2024/9/24 13:07
1727183863,1727183862,0,1,17.70469284,-37.55216599,477770.25,27,12,-8.199999809,2024/9/24 13:17
1727184463,1727184462,0,1,-20.43873215,-45.20690918,481660.625,23,14,-5.900000095,2024/9/24 13:27
1727185063,1727185063,0,1,-58.14268875,-57.0089798,497304.375,22,11,20.29999924,2024/9/24 13:37
1727185663,1727185663,0,1,-79.9078598,179.4811401,506027.8125,28,12,-52.70000076,2024/9/24 13:47
1727186263,1727186263,0,1,-44.66740417,137.447876,499063.7813,24,11,-18.20000076,2024/9/24 13:57
1727186863,1727186863,0,1,-6.832783222,128.4582825,488903.6563,27,12,50.29999924,2024/9/24 14:07
1727187463,1727187463,0,1,31.17055702,120.5564651,489549.625,24,11,7.699999809,2024/9/24 14:17
1727188063,1727188063,0,1,68.36856842,103.4345322,495571.3438,32,13,-15.60000038,2024/9/24 14:27
1727188664,1727188663,0,1,70.91358948,-37.87300873,492426.5938,27,12,47.79999924,2024/9/24 14:37
1727189264,1727189263,0,1,33.82579422,-57.43783951,481026.625,22,9,-29.70000076,2024/9/24 14:47
1727189864,1727189863,0,1,-4.276319981,-65.49009705,477808,22,11,6.599999905,2024/9/24 14:57
1727190464,1727190463,0,1,-42.31596375,-74.23235321,490371.8438,21,10,14.60000038,2024/9/24 15:07
1727191064,1727191064,0,1,-78.21425629,-108.4603043,504306.5938,25,12,-33.90000153,2024/9/24 15:17
1727191664,1727191664,0,1,-60.41769409,120.7956314,503540.3438,29,12,-26.10000038,2024/9/24 15:27
1727192264,1727192264,0,1,-22.93937874,108.2146683,492510.5313,29,12,-31.60000038,2024/9/24 15:37
1727192864,1727192864,0,1,15.08023643,100.5555573,487960.875,27,13,-32.59999847,2024/9/24 15:47
1727193464,1727193464,0,1,52.82730484,90.1957016,493530.4375,27,13,-40,2024/9/24 15:57
1727194064,1727194064,0,1,82.44525146,-4.003771782,495450.6875,26,12,29.5,2024/9/24 16:07
1727194665,1727194664,0,1,49.82003021,-76.08662415,486061.0313,28,11,-37.90000153,2024/9/24 16:17
1727195265,1727195264,0,1,11.91491032,-85.86600494,477191.125,23,11,6,2024/9/24 16:27
1727195865,1727195864,0,1,-26.21061325,-93.60400391,483641.8438,23,10,0.400000006,2024/9/24 16:37
1727196465,1727196464,0,1,-63.71075439,-107.6893311,499562.2188,26,11,-25.29999924,2024/9/24 16:47
1727197065,1727197065,0,1,-75.39147949,114.9577255,505885.0313,28,12,-31.10000038,2024/9/24 16:57
1727197665,1727197665,0,1,-38.96530533,88.58991241,497300.6875,25,9,-2.900000095,2024/9/24 17:07
1727198265,1727198265,0,1,-1.056869984,80.19522095,488392.4063,23,12,-101,2024/9/24 17:17
1727198865,1727198865,0,1,36.9071846,71.95817566,490654.1563,26,12,-30,2024/9/24 17:27
1727199465,1727199465,0,1,73.65638733,48.75718689,496085.0313,27,13,4.199999809,2024/9/24 17:37
1727200065,1727200065,0,1,65.50299835,-90.8729248,491133.8125,26,12,-36.79999924,2024/9/24 17:47
1727200666,1727200665,0,1,28.07125092,-105.967514,479664.9688,24,11,-23.89999962,2024/9/24 17:57
1727201266,1727201265,0,1,-10.06167984,-113.7618561,478842.75,24,13,-8.800000191,2024/9/24 18:07
1727201866,1727201865,0,1,-47.94697189,-123.2220764,492812.0625,20,11,-11.5,2024/9/24 18:17
1727202466,1727202465,0,1,-81.83849335,177.6013031,505188.0938,27,13,-47.90000153,2024/9/24 18:27
1727203066,1727203066,0,1,-54.82292175,70.67756653,501970.9375,29,12,34.79999924,2024/9/24 18:37
1727203666,1727203666,0,1,-17.18264771,59.85708618,490948.9375,27,13,-16.70000076,2024/9/24 18:47
1727204266,1727204266,0,1,20.84627151,52.21829224,488297.3438,22,12,-34.90000153,2024/9/24 18:57
1727205466,1727205466,0,1,79.62999725,-84.69604492,494640.8438,25,12,7.300000191,2024/9/24 19:17
1727206066,1727206066,0,1,44.11783981,-125.205162,484132.6875,26,11,-28.29999924,2024/9/24 19:27
1727206667,1727206666,0,1,6.121315002,-134.1459198,477013.4063,28,12,-16.39999962,2024/9/24 19:37
1727207267,1727207266,0,1,-31.96814919,-142.096756,485857.4688,25,11,-9.199999809,2024/9/24 19:47
1727207867,1727207866,0,1,-69.10682678,-159.8499298,501511.4375,23,12,-59,2024/9/24 19:57
1727208467,1727208466,0,1,-70.22634888,58.74518585,505257.0625,29,12,24.70000076,2024/9/24 20:07
1727209067,1727209067,0,1,-33.24147034,39.93807983,495391.875,25,12,21.60000038,2024/9/24 20:17
1727209667,1727209667,0,1,4.723120213,31.93626213,487759.9063,18,11,-13.10000038,2024/9/24 20:27
1727210867,1727210867,0,1,78.4917984,-12.12113857,495870.6563,23,11,32.59999847,2024/9/24 20:47
1727211467,1727211467,0,1,59.94102859,-141.9683228,489111.0625,29,13,10.5,2024/9/24 20:57
1727212067,1727212067,0,1,22.28437805,-154.3943024,478261.0313,23,12,0.300000012,2024/9/24 21:07
1727212668,1727212667,0,1,-15.86309147,-162.0646515,480137.75,21,12,10.69999981,2024/9/24 21:17
1727213268,1727213267,0,1,-53.62781143,-172.6135559,495356.2188,27,13,-29.70000076,2024/9/24 21:27
1727213868,1727213867,0,1,-82.25839996,88.04423523,505824.7813,31,14,-7,2024/9/24 21:37
1727214468,1727214467,0,1,-49.16213989,21.19905281,500437.1875,28,12,33.20000076,2024/9/24 21:47
1727215068,1727215068,0,1,-11.40277481,11.55133343,489703.6563,23,11,16.20000076,2024/9/24 21:57
1727215668,1727215668,0,1,26.6186142,3.813595057,488795.9688,23,11,27.5,2024/9/24 22:07
1727216268,1727216268,0,1,64.03852844,-10.436203,494859.0313,25,13,60.59999847,2024/9/24 22:17
1727216868,1727216868,0,1,75.00746155,-148.4105682,493247.875,31,13,-3.900000095,2024/9/24 22:27
1727217468,1727217468,0,1,38.36820984,-174.0432281,482026.9063,25,11,-12.69999981,2024/9/24 22:37
1727218068,1727218068,0,1,0.301726669,177.5888214,477046.7188,27,14,22.79999924,2024/9/24 22:47
1727218669,1727218668,0,1,-37.73401642,169.2759247,488205.2188,30,11,25.39999962,2024/9/24 22:57
1727219269,1727219268,0,1,-74.36760712,144.8644409,503238,29,14,-54.29999924,2024/9/24 23:07
1727219869,1727219868,0,1,-64.78529358,6.073659897,504479.5625,27,11,17.29999924,2024/9/24 23:17
1727220469,1727220469,0,1,-27.48033142,-8.576219559,493757.7188,25,11,14.80000019,2024/9/24 23:27
1727221069,1727221069,0,1,10.52112865,-16.33685875,487661.4063,19,12,28.20000076,2024/9/24 23:37
1727221669,1727221669,0,1,48.3510704,-25.85829926,492358.375,23,10,64.80000305,2024/9/24 23:47
1727222269,1727222269,0,1,81.99700928,-87.56316376,495431.0313,28,12,13.80000019,2024/9/24 23:57
1727222869,1727222869,0,1,54.28770065,167.9639282,486995.625,29,11,6.300000191,2024/9/25 0:07
1727223469,1727223469,0,1,16.47138596,157.2488403,477168.5313,26,13,29.70000076,2024/9/25 0:17
1727224070,1727224069,0,1,-21.67316055,149.5847473,481782.625,27,12,54.29999924,2024/9/25 0:27
1727224670,1727224669,0,1,-59.27843475,137.4099884,497804.5313,29,12,-31.29999924,2024/9/25 0:37
1727225270,1727225269,0,1,-79.08377838,9.929023743,506138.3438,28,12,-0.699999988,2024/9/25 0:47
1727225870,1727225869,0,1,-43.45273972,-27.88230705,498842.8125,25,11,10,2024/9/25 0:57
1727226470,1727226470,0,1,-5.602534771,-36.72613907,488847.4375,25,12,-6.199999809,2024/9/25 1:07
1727227070,1727227070,0,1,32.39366913,-44.68748856,489653.8125,22,12,6.5,2024/9/25 1:17
1727227670,1727227670,0,1,69.51778412,-62.82025909,495385.7813,26,12,15.60000038,2024/9/25 1:27
1727228270,1727228270,0,1,69.77216339,155.6959686,491779.2813,31,12,2.599999905,2024/9/25 1:37
1727228870,1727228870,0,1,32.59135818,137.3084412,480251.5313,22,12,36.59999847,2024/9/25 1:47
1727229470,1727229470,0,1,-5.522881508,129.3223114,477627.125,29,11,53.79999924,2024/9/25 1:57
1727230071,1727230070,0,1,-43.484375,120.4619751,490747.5313,22,9,-29.29999924,2024/9/25 2:07
1727230671,1727230670,0,1,-79.10305786,82.58129883,504515.9375,24,12,2.5,2024/9/25 2:17
1727231271,1727231270,0,1,-59.27717972,-44.82461166,503349.3438,27,14,20,2024/9/25 2:27
1727231871,1727231870,0,1,-21.70013237,-56.99610519,492238.1563,22,13,14.10000038,2024/9/25 2:37
1727232471,1727232471,0,1,16.32184792,-64.64208984,488000.5313,24,13,-43.29999924,2024/9/25 2:47
1727233071,1727233071,0,1,54.04378128,-75.28304291,493529.0938,23,14,-37.59999847,2024/9/25 2:57
1727233671,1727233671,0,1,82.10125732,-177.9390106,494990.5625,30,12,4.400000095,2024/9/25 3:07
1727234271,1727234271,0,1,48.58834839,118.5130386,485250.4375,29,11,-8.100000381,2024/9/25 3:17
1727234871,1727234871,0,1,10.65781307,108.9411011,476807.5313,21,11,6,2024/9/25 3:27
1727235471,1727235471,0,1,-27.4637146,101.1673279,483966.6563,24,11,-39,2024/9/25 3:37
1727236072,1727236071,0,1,-64.84896088,86.4734726,499931.4375,30,12,11.69999981,2024/9/25 3:47
1727236672,1727236671,0,1,-74.35736847,-52.30849838,505836.4688,25,12,-6.699999809,2024/9/25 3:57
1727237272,1727237271,0,1,-37.78543472,-76.67694092,496943.9375,23,13,10.60000038,2024/9/25 4:07
1727237872,1727237871,0,1,0.199375004,-84.9885788,488094.6875,28,13,1.100000024,2024/9/25 4:17
1727238472,1727238472,0,1,38.15453339,-93.32152557,490608.4063,22,11,-32.70000076,2024/9/25 4:27
1727239072,1727239072,0,1,74.76622009,-118.4604568,495730.5938,28,13,-12.39999962,2024/9/25 4:37
1727239672,1727239672,0,1,64.29534149,103.1977921,490346.1563,29,13,-26.39999962,2024/9/25 4:47
1727240272,1727240272,0,1,26.80350685,88.80173492,479135.1563,11,10,-45.79999924,2024/9/25 4:57
1727240872,1727240872,0,1,-11.33513165,81.04573059,479131.875,26,11,-70.69999695,2024/9/25 5:07
1727241472,1727241472,0,1,-49.1953392,71.38253784,493531.2188,27,12,36.70000076,2024/9/25 5:17
1727242073,1727242072,0,1,-82.26515198,4.478161812,505576.7188,27,11,-10.30000019,2024/9/25 5:27
1727242673,1727242672,0,1,-53.65269089,-94.79058838,501831.75,25,12,-8.800000191,2024/9/25 5:37
1727243273,1727243272,0,1,-15.98537636,-105.3274765,490590.4063,25,13,-4.099999905,2024/9/25 5:47
1727243873,1727243872,0,1,22.10851288,-112.9900208,488127.375,21,11,-40.09999847,2024/9/25 5:57
1727244473,1727244473,0,1,59.68775177,-125.3042526,494142.5625,20,13,-6.900000095,2024/9/25 6:07
1727245073,1727245073,0,1,78.70664978,105.6216431,494016.375,26,14,0,2024/9/25 6:17
1727245673,1727245673,0,1,42.85412598,69.45859528,483498.4375,22,10,-41.29999924,2024/9/25 6:27
1727246273,1727246273,0,1,4.839556694,60.66555786,477072.9063,26,13,-63.29999924,2024/9/25 6:37
1727246873,1727246873,0,1,-33.23817825,52.65056992,486538.125,20,11,24,2024/9/25 6:47
1727247473,1727247473,0,1,-70.28739929,33.77190018,502057.2188,23,12,21,2024/9/25 6:57
1727248074,1727248073,0,1,-69.10837555,-107.5609894,505242.3438,31,12,-31.10000038,2024/9/25 7:07
1727248674,1727248673,0,1,-32.04284668,-125.2988739,494949.6563,25,12,-11.10000038,2024/9/25 7:17
1727249274,1727249273,0,1,5.933131695,-133.2375183,487437.4375,24,13,-17.20000076,2024/9/25 7:27
1727249874,1727249874,0,1,43.89361572,-142.1497192,491331.7813,24,10,-22.60000038,2024/9/25 7:37
1727250474,1727250474,0,1,79.43721771,178.3556213,495538.9375,26,10,3.599999905,2024/9/25 7:47
1727251074,1727251074,0,1,58.69713593,52.37181854,488556.1875,26,12,2.799999952,2024/9/25 7:57
1727252874,1727252874,0,1,-54.87759018,21.88417625,496010.0625,21,11,32.90000153,2024/9/25 8:27
1727253474,1727253474,0,1,-81.80028534,-85.55162811,505948.1875,28,12,-28.29999924,2024/9/25 8:37
1727254075,1727254074,0,1,-47.96987152,-144.177124,499960.4375,30,12,-15.69999981,2024/9/25 8:47
1727254675,1727254674,0,1,-10.18654156,-153.6293182,489180.2813,29,12,6,2024/9/25 8:57
1727255275,1727255274,0,1,27.89794159,-161.4172363,488612.6875,26,11,-1.799999952,2024/9/25 9:07
1727255875,1727255875,0,1,65.26696014,-176.3603058,494756.4063,24,11,4.5,2024/9/25 9:17
1727256475,1727256475,0,1,73.87775421,44.2497673,492835.8438,26,12,7.5,2024/9/25 9:27
1727258275,1727258275,0,1,-39.00909424,3.984176636,488909.2813,18,11,19.39999962,2024/9/25 9:57
1727258875,1727258875,0,1,-75.48014069,-22.59722328,503516.25,26,14,-2.700000048,2024/9/25 10:07
1727259476,1727259475,0,1,-63.62172318,-159.7767639,504131.1563,30,12,-44.70000076,2024/9/25 10:17
1727260076,1727260075,0,1,-26.26285172,-173.7941284,493083.5938,30,10,33.90000153,2024/9/25 10:27
1727260676,1727260675,0,1,11.74815655,178.4794159,487328.875,28,12,13.19999981,2024/9/25 10:37
1727261276,1727261275,0,1,49.62358856,168.7312469,492359.8438,28,10,0.600000024,2024/9/25 10:47
1727261876,1727261876,0,1,82.39151764,98.32621765,495240.125,27,12,5,2024/9/25 10:57
1727263676,1727263676,0,1,-22.96439171,-15.63335514,482346.9688,18,11,7.099999905,2024/9/25 11:27
1727264276,1727264276,0,1,-60.5266037,-28.27365875,498193.4375,23,13,21.79999924,2024/9/25 11:37
1727264876,1727264876,0,1,-78.1087265,-159.3531647,505917.5625,28,12,-54.40000153,2024/9/25 11:47
1727265477,1727265476,0,1,-42.23709106,166.8026733,498108.9688,29,12,7.699999809,2024/9/25 11:57
1727266077,1727266076,0,1,-4.366324902,158.0933685,488258.2188,29,12,61.79999924,2024/9/25 12:07
1727266677,1727266676,0,1,33.62590027,150.0650787,489534.7813,24,9,15.69999981,2024/9/25 12:17
1727267277,1727267276,0,1,70.72491455,130.6973267,495308.75,29,12,-6.300000191,2024/9/25 12:27
1727267877,1727267877,0,1,68.55281067,-10.65440464,491338.7813,24,11,57.40000153,2024/9/25 12:37
1727268477,1727268477,0,1,31.28843498,-27.94776726,479916.2188,23,10,34.09999847,2024/9/25 12:47
1727269077,1727269077,0,1,-6.832778454,-35.87145996,477900.125,20,14,-4.099999905,2024/9/25 12:57
1727269677,1727269677,0,1,-44.77384186,-44.8890419,491263.7813,22,11,-3.599999905,2024/9/25 13:07
1727270277,1727270277,0,1,-80.01499176,-87.57135773,504646.25,25,13,-22.60000038,2024/9/25 13:17
1727270877,1727270877,0,1,-58.01174164,149.533844,502864.5625,28,12,-25.89999962,2024/9/25 13:27
1727271478,1727271477,0,1,-20.4576664,137.8007507,491640.0313,28,13,37.40000153,2024/9/25 13:37
1727272078,1727272077,0,1,17.56941223,130.162735,487735.875,28,11,42.59999847,2024/9/25 13:47
1727272678,1727272677,0,1,55.26641846,119.2159119,493439.25,25,11,-10.5,2024/9/25 13:57
1727273278,1727273277,0,1,81.55422974,8.60128212,494527.375,28,12,31.20000076,2024/9/25 14:07
1727273878,1727273878,0,1,47.28555679,-46.88991547,484547.375,25,13,28.79999924,2024/9/25 14:17
1727274478,1727274478,0,1,9.331112862,-56.25839615,476618.6875,21,11,-43.20000076,2024/9/25 14:27
1727275078,1727275078,0,1,-28.78388405,-64.07621765,484330.5625,21,10,24.39999962,2024/9/25 14:37
1727275678,1727275678,0,1,-66.10572815,-79.54118347,500369.25,26,11,-7.099999905,2024/9/25 14:47
1727276278,1727276278,0,1,-73.18655396,140.4920349,505739.9375,28,13,-48.90000153,2024/9/25 14:57
1727276878,1727276878,0,1,-36.47488022,118.0313416,496553.4375,29,13,-38.59999847,2024/9/25 15:07
1727277479,1727277478,0,1,1.459538341,109.8283157,487932.4063,27,12,31.20000076,2024/9/25 15:17
1727278079,1727278078,0,1,39.40327835,101.3900604,490752.8125,17,11,-52.40000153,2024/9/25 15:27
1727278679,1727278678,0,1,75.85105896,73.99044037,495597.5,30,12,-5.099999905,2024/9/25 15:37
1727279279,1727279278,0,1,63.0238266,-62.69557571,489719.8438,30,11,3.5,2024/9/25 15:47
1727279879,1727279879,0,1,25.47552299,-76.43595123,478573.0938,24,11,-38.79999924,2024/9/25 15:57
1727280479,1727280479,0,1,-12.66979504,-84.15898895,479104.25,19,11,-2.599999905,2024/9/25 16:07
1727281079,1727281079,0,1,-50.50649643,-94.05594635,493864.375,23,12,-6.5,2024/9/25 16:17
1727281679,1727281679,0,1,-82.54092407,-170.4132996,505584.4375,28,12,-47.70000076,2024/9/25 16:27
1727282279,1727282279,0,1,-52.34653473,99.70855713,501436.1563,26,13,0,2024/9/25 16:37
1727282879,1727282879,0,1,-14.65122986,89.46050262,490448.8125,27,14,-60.09999847,2024/9/25 16:47
1727283480,1727283479,0,1,23.3761158,81.79444122,488446.8125,17,12,-59.70000076,2024/9/25 16:58
1727284080,1727284079,0,1,60.91387177,69.00683594,494446.75,27,12,-19.39999962,2024/9/25 17:08
1727284680,1727284679,0,1,77.72408295,-63.3216629,493751.5,27,13,23,2024/9/25 17:18
1727285280,1727285280,0,1,41.53351212,-95.88063049,482856.9688,25,12,-28.5,2024/9/25 17:28
1727285880,1727285880,0,1,3.499609947,-104.5338516,476702.0313,27,12,-18.5,2024/9/25 17:38
1727286480,1727286480,0,1,-34.57062149,-112.6256332,486685.7188,21,11,-10.39999962,2024/9/25 17:48
1727287080,1727287080,0,1,-71.51990509,-132.8660889,502173.7188,25,12,-48.20000076,2024/9/25 17:58
1727287680,1727287680,0,1,-67.85231781,86.12547302,504888.5,30,13,11.30000019,2024/9/25 18:08
1727288280,1727288280,0,1,-30.70655251,69.43591309,494610.75,24,12,8.199999809,2024/9/25 18:18
1727288880,1727288880,0,1,7.27674675,61.55943298,487637.6563,23,13,-64.69999695,2024/9/25 18:28
1727290681,1727290680,0,1,57.39306641,-113.2716904,487944.2188,30,11,-22.89999962,2024/9/25 18:58
1727291281,1727291281,0,1,19.65550613,-124.832428,477522.7813,22,12,-45.29999924,2024/9/25 19:08
1727291881,1727291881,0,1,-18.49477386,-132.4841919,480686.7188,22,12,-11.30000019,2024/9/25 19:18
1727292481,1727292481,0,1,-56.19462585,-143.6843567,496338.3438,23,11,-23.29999924,2024/9/25 19:28
1727293081,1727293081,0,1,-81.14035797,101.4940033,505929.75,26,12,-16.10000038,2024/9/25 19:38
1727293681,1727293681,0,1,-46.64129257,50.41785049,499616,27,11,48.79999924,2024/9/25 19:48
1727294281,1727294281,0,1,-8.837613106,41.1649971,489152.5938,24,11,-33.40000153,2024/9/25 19:58
1727294882,1727294881,0,1,29.17658615,33.3457756,488886.4063,12,10,15.10000038,2024/9/25 20:08
1727298482,1727298482,0,1,-76.6270752,169.3560333,503810.5313,21,14,-57,2024/9/25 21:08
1727299082,1727299082,0,1,-62.318367,34.35121918,503922.125,30,12,27.10000038,2024/9/25 21:18
1727299682,1727299682,0,1,-24.90934181,20.96518898,492891.9375,23,10,27,2024/9/25 21:28
1727300282,1727300282,0,1,13.10502338,13.27018547,487465.0313,23,11,14.89999962,2024/9/25 21:38
1727300883,1727300882,0,1,50.89401627,3.301631689,492450.7188,15,11,44.79999924,2024/9/25 21:48
1727301483,1727301482,0,1,82.57922363,-76.49999237,494769.625,24,13,18.79999924,2024/9/25 21:58
1727302083,1727302082,0,1,51.74168015,-163.006012,485714.5938,26,12,10.10000038,2024/9/25 22:08
1727302683,1727302682,0,1,13.80230713,-173.1689453,476559.7188,23,11,9.199999809,2024/9/25 22:18
1727303283,1727303283,0,1,-24.33670235,179.1300659,482461,26,13,49.59999847,2024/9/25 22:28
1727303883,1727303883,0,1,-61.85139465,165.937912,498717.4688,29,14,-41.09999847,2024/9/25 22:38
1727304483,1727304483,0,1,-77.01216125,31.81374741,505990.5938,32,12,11.5,2024/9/25 22:48
1727305083,1727305083,0,1,-40.88254929,1.464383364,497918.625,25,11,18.10000038,2024/9/25 22:58
1727305683,1727305683,0,1,-2.997405052,-7.107804775,488292.1875,25,11,18.60000038,2024/9/25 23:08
1727306283,1727306283,0,1,34.98453903,-15.21779156,489678.9375,25,10,46.70000076,2024/9/25 23:18
1727306884,1727306883,0,1,71.91985321,-35.96512604,495013.5,26,13,48.09999847,2024/9/25 23:28
1727307484,1727307483,0,1,67.32039642,-176.8723297,490501.9063,30,11,3.299999952,2024/9/25 23:38
1727308084,1727308083,0,1,29.97530365,166.8023834,479094,24,10,-6,2024/9/25 23:48
1727308684,1727308683,0,1,-8.220963478,158.9216309,477768.75,28,12,62.70000076,2024/9/25 23:58
1727309284,1727309284,0,1,-46.14117432,149.7220612,491827.125,27,11,-13.60000038,2024/9/26 0:08
1727309884,1727309884,0,1,-80.87949371,100.9150467,505033.7188,24,12,-15.39999962,2024/9/26 0:18
1727310484,1727310484,0,1,-56.67046738,-16.09803391,502714.5,28,12,21,2024/9/26 0:28
1727311084,1727311084,0,1,-19.08139229,-27.42316628,491452.25,29,13,-6.800000191,2024/9/26 0:38
1727311684,1727311684,0,1,18.94654083,-35.05864334,487793.875,27,13,0.699999988,2024/9/26 0:48
1727312284,1727312284,0,1,56.6122818,-46.37662506,493315.3125,24,11,35.79999924,2024/9/26 0:58
1727312885,1727312884,0,1,80.84733582,-163.7180023,493903.0313,29,13,2.400000095,2024/9/26 1:08
1727313485,1727313484,0,1,45.97550201,147.7273712,483632.375,25,10,23,2024/9/26 1:18
1727314085,1727314084,0,1,7.996029854,138.5444489,476123.875,28,12,62.70000076,2024/9/26 1:28
1727314685,1727314684,0,1,-30.17644501,130.6594543,484696.9688,25,13,-12.19999981,2024/9/26 1:38
1727315285,1727315285,0,1,-67.42470551,114.2752304,500849.875,26,10,-18.39999962,2024/9/26 1:48
1727315885,1727315885,0,1,-71.92938232,-26.52758789,505707.9063,27,12,-0.899999976,2024/9/26 1:58
1727316485,1727316485,0,1,-35.09249496,-47.26473618,496221.3125,23,11,-5.599999905,2024/9/26 2:08
1727317085,1727317085,0,1,2.853605032,-55.37615204,487886.8438,20,11,-28.70000076,2024/9/26 2:18
1727317685,1727317685,0,1,40.78359985,-63.94352722,490805.5,25,10,-30.39999962,2024/9/26 2:28
1727318285,1727318285,0,1,77.01506042,-94.31691742,495269.1875,27,13,-2.400000095,2024/9/26 2:38
1727318886,1727318885,0,1,61.73641205,131.4853363,488902.4063,33,14,-1.200000048,2024/9/26 2:48
1727319486,1727319485,0,1,24.13451958,118.3334427,477854.4063,24,10,11.80000019,2024/9/26 2:58
1727320086,1727320085,0,1,-14.08067036,110.6233215,479138.0625,23,11,-8.699999809,2024/9/26 3:08
1727320686,1727320686,0,1,-51.88957977,100.4551163,494317.6875,23,11,-1.200000048,2024/9/26 3:18
1727321286,1727321286,0,1,-82.57946777,13.69785023,505677.0313,23,12,-9.5,2024/9/26 3:28
1727321886,1727321886,0,1,-50.96634293,-65.78395081,501066.9063,25,13,11.19999981,2024/9/26 3:38
1727322486,1727322486,0,1,-13.24283504,-75.75486755,490039.8125,21,10,33,2024/9/26 3:48
1727323086,1727323086,0,1,24.78346062,-83.44694519,488352.3438,22,12,-23,2024/9/26 3:58
1727323686,1727323686,0,1,62.27635574,-96.82307434,494238.125,24,13,-46.20000076,2024/9/26 4:08
1727324287,1727324286,0,1,76.56777954,127.9571915,493010.7813,25,13,0.5,2024/9/26 4:18
1727324887,1727324886,0,1,40.18366623,98.79417419,482063.0313,25,8,-57,2024/9/26 4:28
1727325487,1727325486,0,1,2.131558418,90.27066803,476632.75,25,12,-59.20000076,2024/9/26 4:38
1727326087,1727326086,0,1,-35.98845673,82.07506561,487361.6563,25,10,1,2024/9/26 4:48
1727326687,1727326687,0,1,-72.80873108,60.15643692,502760.6875,23,12,20.39999962,2024/9/26 4:58
1727327287,1727327287,0,1,-66.51477814,-80.1092453,504882.25,29,13,-8.100000381,2024/9/26 5:08
1727327887,1727327887,0,1,-29.29531479,-95.82849121,494216.75,22,12,-2.400000095,2024/9/26 5:18
1727328487,1727328487,0,1,8.697870255,-103.6479034,487366.2188,20,12,-17.5,2024/9/26 5:28
1727329087,1727329087,0,1,46.55953979,-112.8946533,491565.7188,21,11,-12.80000019,2024/9/26 5:38
1727329687,1727329687,0,1,81.15611267,-164.1290741,494942.9063,29,12,2.799999952,2024/9/26 5:48
1727330288,1727330287,0,1,56.05702972,81.12139893,487113.25,26,12,-35.09999847,2024/9/26 5:58
1727330888,1727330887,0,1,18.28035927,69.95105743,477196.125,27,12,-70.30000305,2024/9/26 6:08
1727331488,1727331487,0,1,-19.86859131,62.29981995,481194.5938,19,12,-11.80000019,2024/9/26 6:18
1727332088,1727332087,0,1,-57.58971024,50.67673111,497129.5625,23,12,36.59999847,2024/9/26 6:28
1727332688,1727332688,0,1,-80.2874527,-70.61823273,506184.0938,27,13,-23,2024/9/26 6:38
1727333288,1727333288,0,1,-45.23450089,-114.9840851,499259.6875,26,11,-10.10000038,2024/9/26 6:48
1727333888,1727333888,0,1,-7.407770157,-124.0439072,488707.9375,24,12,-13,2024/9/26 6:58
1727334488,1727334488,0,1,30.6031189,-131.9197845,488773.5,20,12,-38.20000076,2024/9/26 7:08
1727335088,1727335088,0,1,67.84138489,-148.6191711,494540.9063,26,11,9.399999619,2024/9/26 7:18
1727335688,1727335688,0,1,71.42086029,70.23146057,491636.5938,25,12,-8.399999619,2024/9/26 7:28
1727336289,1727336288,0,1,34.36810303,50.08690643,480394.7188,12,11,5.5,2024/9/26 7:38
1727336889,1727336888,0,1,-3.735219955,42.00178146,477367.2813,29,13,-37.40000153,2024/9/26 7:48
1727337489,1727337488,0,1,-41.72075653,33.33349228,490006.2813,20,11,33.79999924,2024/9/26 7:58
1727338089,1727338088,0,1,-77.79191589,0.561999977,504241.0625,24,11,-1.799999952,2024/9/26 8:08
1727338689,1727338689,0,1,-60.93871307,-131.4900665,503643.875,28,12,-29.70000076,2024/9/26 8:18
1727339289,1727339289,0,1,-23.47793388,-144.2794037,492301.625,22,10,-7.800000191,2024/9/26 8:28
1727339889,1727339889,0,1,14.54463291,-151.9479675,487182.25,17,11,-3,2024/9/26 8:38
1727340489,1727340489,0,1,52.31048203,-162.2005005,492347.1875,22,11,9.399999619,2024/9/26 8:48
1727341089,1727341089,0,1,82.52819061,107.3114319,494358.375,30,12,5.5,2024/9/26 8:58
1727344090,1727344089,0,1,-75.8119812,-136.577652,505968.9375,28,12,-42.79999924,2024/9/26 9:48
1727344690,1727344690,0,1,-39.4561882,-163.8777008,497279.8438,24,11,4.099999905,2024/9/26 9:58
1727345290,1727345290,0,1,-1.550974965,-172.3177795,487781.9063,22,11,16.79999924,2024/9/26 10:08
1727345890,1727345890,0,1,36.42388535,179.4760742,489592.125,24,10,-11.5,2024/9/26 10:18
1727346490,1727346490,0,1,73.23065186,156.9238739,494861.4375,27,12,2.599999905,2024/9/26 10:28
1727347090,1727347090,0,1,65.94333649,16.91069412,490024.3438,10,11,31.5,2024/9/26 10:38
1727348291,1727348290,0,1,-9.613066673,-6.281229973,478245.625,21,13,13.80000019,2024/9/26 10:58
1727348891,1727348890,0,1,-47.50755692,-15.67790699,492486.5,22,12,25.79999924,2024/9/26 11:08
1727349491,1727349490,0,1,-81.60871887,-71.82012177,505169.875,22,14,-26.20000076,2024/9/26 11:18
1727350091,1727350091,0,1,-55.25963974,178.2814331,502140.3438,27,11,-34.59999847,2024/9/26 11:28
1727350691,1727350691,0,1,-17.63064575,167.3444977,490701.5938,29,12,55.20000076,2024/9/26 11:38
1727351291,1727351291,0,1,20.40211296,159.7052002,487529.75,22,13,19.20000076,2024/9/26 11:48
1727351891,1727351891,0,1,58.03321838,147.9524689,493284.9688,25,13,15.60000038,2024/9/26 11:58
1727352491,1727352491,0,1,79.92046356,24.4803772,493546.0938,27,12,27.60000038,2024/9/26 12:08
1727353091,1727353091,0,1,44.52828979,-17.6755352,483157.7813,26,9,57.79999924,2024/9/26 12:18
1727353691,1727353691,0,1,6.528973103,-26.67043304,476238.4375,25,13,10.39999962,2024/9/26 12:28
1727354292,1727354291,0,1,-31.5682106,-34.60456467,485311.8125,19,11,1,2024/9/26 12:38
1727354892,1727354891,0,1,-68.73294067,-52.03535461,501255.6563,24,11,4.199999809,2024/9/26 12:48
1727355492,1727355491,0,1,-70.65372467,166.7098083,505428.8438,34,12,-57.20000076,2024/9/26 12:58
1727356092,1727356092,0,1,-33.64178848,147.4358673,495473.0938,26,11,18.70000076,2024/9/26 13:08
1727356692,1727356692,0,1,4.320156574,139.4105377,487380.2188,29,11,66.59999847,2024/9/26 13:18
1727357292,1727357292,0,1,42.23804855,130.6948242,490641.9688,28,12,23.5,2024/9/26 13:28
1727357892,1727357892,0,1,78.19129944,96.52803802,494889.9688,27,13,-4.699999809,2024/9/26 13:38
1727358492,1727358492,0,1,60.30850601,-34.34894562,488110.4688,24,12,56.59999847,2024/9/26 13:48
1727359092,1727359092,0,1,22.65403366,-46.91639709,477432.9688,20,11,-19.20000076,2024/9/26 13:58
1727359693,1727359692,0,1,-15.49997711,-54.59163284,479504.7813,21,11,-2.200000048,2024/9/26 14:08
1727360293,1727360292,0,1,-53.27568817,-65.0595932,495033.25,17,10,12.60000038,2024/9/26 14:18
1727360893,1727360892,0,1,-82.35601807,-161.9445343,505951.375,26,11,-48,2024/9/26 14:28
1727361493,1727361492,0,1,-49.51993179,128.7298126,500719.875,28,12,-23,2024/9/26 14:38
1727362093,1727362093,0,1,-11.76898479,119.0217133,489698.375,25,12,19.89999962,2024/9/26 14:48
1727362693,1727362693,0,1,26.25499153,111.2945786,488356.7813,21,11,-18.29999924,2024/9/26 14:58
1727363293,1727363293,0,1,63.69491577,97.22860718,494132.6875,29,12,-28.5,2024/9/26 15:08
1727363893,1727363893,0,1,75.31267548,-40.30800629,492372.875,28,13,37.5,2024/9/26 15:18
1727364493,1727364493,0,1,38.70914459,-66.55171204,481308.125,22,10,-37.79999924,2024/9/26 15:28
1727365093,1727365093,0,1,0.638973355,-74.94612122,476430.125,19,10,19.79999924,2024/9/26 15:38
1727365694,1727365693,0,1,-37.4041748,-83.23165894,487828.4688,20,11,2.900000095,2024/9/26 15:48
1727366294,1727366293,0,1,-74.0772171,-107.1246109,503134.4688,26,13,-29.10000038,2024/9/26 15:58
1727366894,1727366893,0,1,-65.16477966,113.7760468,504690.9688,30,14,-19.89999962,2024/9/26 16:08
1727367494,1727367493,0,1,-27.81578636,98.89685822,493903.5313,27,10,-37.79999924,2024/9/26 16:18
1727368094,1727368094,0,1,10.18419361,91.12831116,487483.875,27,12,-62.59999847,2024/9/26 16:28
1727368694,1727368694,0,1,48.02267838,81.66244507,491871.125,24,13,-46.40000153,2024/9/26 16:38
1727369294,1727369294,0,1,81.87065125,22.01648712,494749.9688,28,14,26.70000076,2024/9/26 16:48
1727369894,1727369894,0,1,54.603405,-84.49741364,486449.0625,27,13,-45.70000076,2024/9/26 16:58
1727370494,1727370494,0,1,16.78805923,-95.28660583,476658.2188,22,11,-8.399999619,2024/9/26 17:08
1727371094,1727371094,0,1,-21.36150742,-102.9457092,481362.3438,24,12,-3.299999952,2024/9/26 17:18
1727371695,1727371694,0,1,-58.9789238,-115.0100632,497515.9063,25,12,-21.5,2024/9/26 17:28
1727372295,1727372294,0,1,-79.31149292,118.4675674,506127.875,27,13,-33.20000076,2024/9/26 17:38
1727372895,1727372894,0,1,-43.82287979,79.62950134,498877.0625,25,11,20.5,2024/9/26 17:48
1727373495,1727373494,0,1,-5.913621902,70.733078,488698.5313,24,13,-77.40000153,2024/9/26 17:58
1727374095,1727374095,0,1,32.08740616,62.78873444,489118.7813,23,11,-22,2024/9/26 18:08
1727375295,1727375295,0,1,70.04662323,-96.56244659,491116.4688,28,13,-26.60000038,2024/9/26 18:28
1727375895,1727375895,0,1,32.87917328,-115.2181168,479710.3125,21,11,-34.5,2024/9/26 18:38
1727376495,1727376495,0,1,-5.238120079,-123.2193069,477202.0938,21,13,-14.60000038,2024/9/26 18:48
1727377095,1727377095,0,1,-43.2059288,-132.0475616,490426.1563,21,9,-14.19999981,2024/9/26 18:58
1727377696,1727377695,0,1,-78.89609528,-169.0002441,504482.1563,26,12,-54.90000153,2024/9/26 19:08
1727378296,1727378295,0,1,-59.55108261,62.73503494,503363.9063,27,11,31.5,2024/9/26 19:18
1727378896,1727378895,0,1,-22.04566193,50.47968674,492101.5313,24,12,-6.400000095,2024/9/26 19:28
1727379496,1727379496,0,1,16.04191399,42.81729889,487399.2188,24,12,-5.900000095,2024/9/26 19:38
1727380696,1727380696,0,1,82.18862915,-68.69801331,493971.5313,25,10,20.29999924,2024/9/26 19:58
1727381296,1727381296,0,1,48.83824921,-133.9903412,484337,28,13,-19.70000076,2024/9/26 20:08
1727381896,1727381896,0,1,10.90363503,-143.6055603,476085.6875,26,13,-6.900000095,2024/9/26 20:18
1727382496,1727382496,0,1,-27.22393417,-151.3746033,483461.4688,25,10,-1,2024/9/26 20:28
1727383096,1727383096,0,1,-64.62016296,-165.9430237,499847.0313,24,13,-48.79999924,2024/9/26 20:38
1727383697,1727383696,0,1,-74.5671463,55.55140686,505938.25,30,13,15.80000019,2024/9/26 20:48
1727384297,1727384296,0,1,-38.02648163,30.79477692,497009.1875,23,11,31.20000076,2024/9/26 20:58
1727384897,1727384896,0,1,-0.044440001,22.46183205,487824.125,24,11,-20.5,2024/9/26 21:08
1727385497,1727385497,0,1,37.9168663,14.14430714,489780.8438,15,11,42,2024/9/26 21:18
1727386097,1727386097,0,1,74.56326294,-10.6292181,494614.25,28,11,47.20000076,2024/9/26 21:28
1727386697,1727386697,0,1,64.50380707,-149.2240448,489162.5,26,11,11.69999981,2024/9/26 21:38
1727387297,1727387297,0,1,27.010355,-163.7435455,478010.5,28,12,1.299999952,2024/9/26 21:48
1727387897,1727387897,0,1,-11.13704967,-171.5097809,478196.3438,24,14,25.60000038,2024/9/26 21:58
1727388497,1727388497,0,1,-49.00592422,178.8535767,493055.8125,25,12,-8.800000191,2024/9/26 22:08
1727389097,1727389097,0,1,-82.20339203,113.229538,505507.2188,30,13,-26.89999962,2024/9/26 22:18
1727389698,1727389697,0,1,-53.84020615,12.70573997,501973.125,26,12,28,2024/9/26 22:28
1727390298,1727390297,0,1,-16.18042564,2.119946718,490636.4375,25,11,14.30000019,2024/9/26 22:38
1727390898,1727390897,0,1,21.91333961,-5.544041634,487724.7188,20,10,26.70000076,2024/9/26 22:48
1727391498,1727391498,0,1,59.5024147,-17.79868507,493248.2813,24,12,60.29999924,2024/9/26 22:58
1727392098,1727392098,0,1,78.83833313,-146.3271179,492855.7813,30,11,-2.799999952,2024/9/26 23:08
1727392698,1727392698,0,1,43.01934052,176.9224548,482181.0938,26,13,-9.699999809,2024/9/26 23:18
1727393298,1727393298,0,1,4.994524956,168.1051331,475838.1563,30,12,29.60000038,2024/9/26 23:28
1727393898,1727393898,0,1,-33.09319305,160.093338,485777.375,27,12,26.60000038,2024/9/26 23:38
1727394498,1727394498,0,1,-70.15450287,141.3387299,501912,25,12,-45.70000076,2024/9/26 23:48
1727395099,1727395098,0,1,-69.24092865,0.016281666,505458.1875,26,12,11.5,2024/9/26 23:58
1727395699,1727395698,0,1,-32.19039536,-17.8500042,495265.375,24,10,15,2024/9/27 0:08
1727396299,1727396298,0,1,5.780708313,-25.79876328,487415.7188,27,12,11.10000038,2024/9/27 0:18
1727396899,1727396898,0,1,43.74427795,-34.69664764,490696.5313,25,10,51.29999924,2024/9/27 0:28
1727397499,1727397499,0,1,79.33321381,-73.69501495,494438.5313,30,12,7.300000191,2024/9/27 0:38
1727398099,1727398099,0,1,58.82277298,159.8568115,487146.0625,30,11,16.89999962,2024/9/27 0:48
1727398699,1727398699,0,1,21.11577415,147.8279724,476696.3438,27,12,36.40000153,2024/9/27 0:58
1727399299,1727399299,0,1,-17.04255295,140.1664276,479651,24,13,51.59999847,2024/9/27 1:08
1727399899,1727399899,0,1,-54.78182602,129.338028,495701.625,26,10,-24.60000038,2024/9/27 1:18
1727400499,1727400499,0,1,-81.84031677,22.50037003,506168.3438,29,12,-3.700000048,2024/9/27 1:28
1727401100,1727401099,0,1,-48.07232285,-36.7260704,500457.0313,26,13,1.200000048,2024/9/27 1:38
1727401700,1727401699,0,1,-10.29719353,-46.19526291,489529.0625,23,12,-17,2024/9/27 1:48
1727402300,1727402299,0,1,27.72189331,-53.96567535,488464.2188,23,11,-34.20000076,2024/9/27 1:58
1727402900,1727402899,0,1,65.16239929,-68.8629837,494026.1563,26,13,-10.19999981,2024/9/27 2:08
1727403500,1727403500,0,1,73.96633911,151.8371429,491690.9688,30,12,1.299999952,2024/9/27 2:18
1727404100,1727404100,0,1,37.17369843,128.1029968,480404.6563,27,12,26.10000038,2024/9/27 2:28
1727404700,1727404700,0,1,-0.914906681,119.8279953,476202.625,29,12,60.20000076,2024/9/27 2:38
1727405300,1727405300,0,1,-38.94299316,111.4183731,488312.2813,21,9,-34.70000076,2024/9/27 2:48
1727405900,1727405900,0,1,-75.42559814,84.95728302,503444.9688,25,12,4.900000095,2024/9/27 2:58
1727406500,1727406500,0,1,-63.68628311,-52.31560516,504411.6875,25,13,18.89999962,2024/9/27 3:08
1727407101,1727407100,0,1,-26.33508301,-66.36352539,493439.25,24,12,38.70000076,2024/9/27 3:18
1727407701,1727407700,0,1,11.67223644,-74.09038544,487350.625,25,12,-14.10000038,2024/9/27 3:28
1727408301,1727408300,0,1,49.48838425,-83.80117035,491823.625,21,13,-39,2024/9/27 3:38
1727408901,1727408900,0,1,82.37737274,-153.7628174,494220.4063,29,13,4.300000191,2024/9/27 3:48
1727409501,1727409501,0,1,53.07278824,109.902565,485502.4063,29,11,-29.39999962,2024/9/27 3:58
1727410101,1727410101,0,1,15.21912479,99.47094727,476251.5313,20,12,-35.40000153,2024/9/27 4:08
1727410701,1727410701,0,1,-22.92773247,91.79414368,481860.5625,24,11,-44.29999924,2024/9/27 4:18
1727411301,1727411301,0,1,-60.49295807,79.17069244,498220.0625,23,12,24.79999924,2024/9/27 4:28
1727411901,1727411901,0,1,-78.14066315,-51.82251358,506267.1563,27,13,-16.10000038,2024/9/27 4:38
1727412501,1727412501,0,1,-42.28133774,-85.76734924,498474.875,25,11,2.5,2024/9/27 4:48
1727413102,1727413101,0,1,-4.414299965,-94.47865295,488318.875,25,13,-13.30000019,2024/9/27 4:58
1727413702,1727413701,0,1,33.58007431,-102.5022278,489043.1563,23,12,-24.5,2024/9/27 5:08
1727414302,1727414301,0,1,70.63171387,-121.7469101,494331.5,27,13,-14.69999981,2024/9/27 5:18
1727414902,1727414901,0,1,68.58029938,96.78702545,490245.0313,25,12,-16,2024/9/27 5:28
1727415502,1727415502,0,1,31.30624962,79.47546387,479014.8438,25,13,-22.89999962,2024/9/27 5:38
1727416102,1727416102,0,1,-6.82175684,71.55219269,477516.875,23,12,-73.69999695,2024/9/27 5:48
1727416702,1727416702,0,1,-44.7639389,62.53784561,491310.3125,21,10,32.40000153,2024/9/27 5:58
1727417302,1727417302,0,1,-80.00709534,19.91979408,505001.375,26,13,0.899999976,2024/9/27 6:08
1727417902,1727417902,0,1,-58.03093338,-103.0379333,503168.9688,27,11,-15.60000038,2024/9/27 6:18
1727418502,1727418502,0,1,-20.47966385,-114.7740097,491591.4063,28,12,-3.099999905,2024/9/27 6:28
1727419103,1727419102,0,1,17.54995918,-122.4112473,487202.4375,25,12,-45.90000153,2024/9/27 6:38
1727419703,1727419702,0,1,55.2551384,-133.3546143,492435.9375,22,11,-2.799999952,2024/9/27 6:48
1727420303,1727420302,0,1,81.58576965,116.4112091,493428.7188,29,13,3,2024/9/27 6:58
1727420903,1727420903,0,1,47.2765007,60.52935791,483654.8125,20,10,-27.10000038,2024/9/27 7:08
1727421503,1727421503,0,1,9.315016747,51.1612854,476111.4688,20,13,-40.79999924,2024/9/27 7:18
1727422103,1727422103,0,1,-28.80164719,43.34223938,484272.8125,15,11,10.69999981,2024/9/27 7:28
1727422703,1727422703,0,1,-66.12045288,27.86754417,500568.875,22,11,18.5,2024/9/27 7:38
1727423303,1727423303,0,1,-73.17575073,-112.103157,505927.7188,30,12,-33.40000153,2024/9/27 7:48
1727423903,1727423903,0,1,-36.46483231,-134.5478821,496406.6563,25,12,-11.69999981,2024/9/27 7:58
1727424504,1727424503,0,1,1.472318292,-142.7508545,487355.5313,26,12,3.700000048,2024/9/27 8:08
1727425104,1727425103,0,1,39.42352676,-151.1932526,489707.125,23,10,-20.20000076,2024/9/27 8:18
1727425704,1727425703,0,1,75.87723541,-178.6635895,494350.8438,27,11,1.799999952,2024/9/27 8:28
1727426304,1727426303,0,1,63.04171371,44.74740982,488561.7813,14,14,9.600000381,2024/9/27 8:38
1727426904,1727426904,0,1,25.42159081,30.97832489,477724.6875,11,13,12.69999981,2024/9/27 8:48
1727427504,1727427504,0,1,-12.72837543,23.25382805,478782.6563,21,12,2.700000048,2024/9/27 8:58
1727428104,1727428104,0,1,-50.56325531,13.34289646,493936.8125,21,14,28.39999962,2024/9/27 9:08
1727428704,1727428704,0,1,-82.54397583,-63.41589737,505770.625,26,14,-25.70000076,2024/9/27 9:18
1727429304,1727429304,0,1,-52.29465485,-152.8826141,501457.125,29,11,-20.5,2024/9/27 9:28
1727429904,1727429904,0,1,-14.59794521,-163.1230469,489973.1563,25,11,12.30000019,2024/9/27 9:38
1727430505,1727430504,0,1,23.43518448,-170.793335,487495.5,22,12,5.800000191,2024/9/27 9:48
1727431105,1727431104,0,1,60.98088074,176.3846893,493180.625,21,12,-1.100000024,2024/9/27 9:58
1727431705,1727431704,0,1,77.65549469,43.87804794,492427.5313,32,12,11.5,2024/9/27 10:08
1727432905,1727432905,0,1,3.396078348,2.874481678,476111.6563,19,13,14.89999962,2024/9/27 10:28
1727433505,1727433505,0,1,-34.67484283,-5.227175236,486628.625,22,11,17.39999962,2024/9/27 10:38
1727434105,1727434105,0,1,-71.61196899,-25.58876038,502372.4688,25,13,-0.200000003,2024/9/27 10:48
1727434705,1727434705,0,1,-67.75805664,-166.5314941,505115.5938,26,11,-56.90000153,2024/9/27 10:58
1727435305,1727435305,0,1,-30.60978317,176.8439941,494432.8125,23,11,44.20000076,2024/9/27 11:08
1727435905,1727435905,0,1,7.376578331,168.9685516,486963.0625,26,12,28.29999924,2024/9/27 11:18
1727436506,1727436505,0,1,45.26070404,159.8941498,490685.7813,23,11,5.400000095,2024/9/27 11:28
1727437106,1727437105,0,1,80.37637329,114.8687134,494242.8438,25,12,0.200000003,2024/9/27 11:38
1727437706,1727437705,0,1,57.32584,-5.870884895,486679.1875,27,12,55.59999847,2024/9/27 11:48
1727438306,1727438305,0,1,19.5131855,-17.4302845,476601.9688,27,13,28,2024/9/27 11:58
1727438906,1727438906,0,1,-18.64229202,-25.08472443,480326.6563,19,12,-7.199999809,2024/9/27 12:08
1727439506,1727439506,0,1,-56.33844757,-36.32862854,496362.375,24,12,19.70000076,2024/9/27 12:18
1727440106,1727440106,0,1,-81.05784607,-151.8570557,506130.75,28,12,-49.70000076,2024/9/27 12:28
1727440706,1727440706,0,1,-46.50052261,157.8033905,499700.375,24,12,-11.10000038,2024/9/27 12:38
1727441306,1727441306,0,1,-8.695324898,148.5684662,488791.8438,24,12,77.5,2024/9/27 12:48
1727441906,1727441906,0,1,29.32206917,140.7417908,488222,21,13,37.79999924,2024/9/27 12:58
1727442507,1727442506,0,1,66.6309433,124.9192276,493804.4375,26,11,-13.30000019,2024/9/27 13:08
1727443107,1727443106,0,1,72.57878876,-15.59481621,491007.5,26,13,52.09999847,2024/9/27 13:18
1727443707,1727443706,0,1,35.62788773,-37.22448349,479789.5313,23,12,36.59999847,2024/9/27 13:28
1727444307,1727444306,0,1,-2.537925005,-45.4042511,476440.0625,22,11,-27.70000076,2024/9/27 13:38
1727444907,1727444907,0,1,-40.54481125,-53.95849991,489104.5938,19,9,0.899999976,2024/9/27 13:48
1727445507,1727445507,0,1,-76.78191376,-83.6782608,503975.6875,23,11,-19.70000076,2024/9/27 13:58
1727446107,1727446107,0,1,-62.1420784,141.6642761,504187.5938,26,13,-38,2024/9/27 14:08
1727446707,1727446707,0,1,-24.7297287,128.3585052,492937.5,26,12,1.600000024,2024/9/27 14:18
1727447307,1727447307,0,1,13.28540993,120.6675186,487146.9063,25,13,42.5,2024/9/27 14:28
1727447907,1727447907,0,1,51.07581711,110.6648331,491803.1563,21,12,-28.10000038,2024/9/27 14:38
1727448507,1727448507,0,1,82.59050751,29.42520142,493731,29,12,22.60000038,2024/9/27 14:48
1727449108,1727449107,0,1,51.54159927,-55.65592194,484648.4063,29,13,5.400000095,2024/9/27 14:58
1727449708,1727449707,0,1,13.6526413,-65.76411438,475846.8438,23,12,-37.70000076,2024/9/27 15:08
1727450308,1727450307,0,1,-24.55397987,-73.48094177,482263.2813,19,10,18.29999924,2024/9/27 15:18
1727450908,1727450908,0,1,-62.06110382,-86.76141357,498847.125,22,12,-11,2024/9/27 15:28
1727451508,1727451508,0,1,-76.83882904,138.6853485,506298.1563,27,13,-51,2024/9/27 15:38
1727452108,1727452108,0,1,-40.67544937,108.8344116,498081.2813,30,12,-30.70000076,2024/9/27 15:48
1727452708,1727452708,0,1,-2.789294958,100.2849121,488189.8125,27,12,-13.80000019,2024/9/27 15:58
1727453308,1727453308,0,1,35.19346237,92.16430664,489299.7188,20,11,-42.29999924,2024/9/27 16:08
1727453908,1727453908,0,1,72.11746979,71.17448425,494303.6563,28,14,-7.699999809,2024/9/27 16:18
1727454508,1727454508,0,1,67.11019897,-69.65331268,489618.3125,29,13,-8.300000191,2024/9/27 16:28
1727455109,1727455108,0,1,29.74457359,-85.81884766,478368.0313,18,11,-27.89999962,2024/9/27 16:38
1727455709,1727455708,0,1,-8.394584656,-93.67523193,477465.0313,18,11,-12.5,2024/9/27 16:48
1727456309,1727456308,0,1,-46.37664032,-102.9160461,491817.7813,19,12,-8.399999619,2024/9/27 16:58
1727456909,1727456909,0,1,-81.01891327,-152.8753662,505198.8125,27,12,-50.20000076,2024/9/27 17:08
1727457509,1727457509,0,1,-56.44388199,91.21499634,502784.0938,30,11,11.30000019,2024/9/27 17:18
1727458109,1727458109,0,1,-18.84961319,79.96064758,491365.75,28,12,-44.09999847,2024/9/27 17:28
1727458709,1727458709,0,1,19.17983246,72.32767487,487509.9375,25,11,-67.80000305,2024/9/27 17:38
1727459309,1727459309,0,1,56.84426498,60.94513702,492778.125,16,12,-9.699999809,2024/9/27 17:48
1727459909,1727459909,0,1,80.70393372,-57.53023529,493106.9375,29,11,19.89999962,2024/9/27 17:58
1727460510,1727460509,0,1,45.72731018,-104.9208832,482885.625,26,11,-15.60000038,2024/9/27 18:08
1727461110,1727461109,0,1,7.738408566,-114.0687027,475700.9688,21,14,-33,2024/9/27 18:18
1727461710,1727461709,0,1,-30.37201118,-121.9477921,484554.8438,20,11,-10.69999981,2024/9/27 18:28
1727462310,1727462309,0,1,-67.60974884,-138.4665833,500932.3438,24,13,-46.59999847,2024/9/27 18:38
1727462910,1727462910,0,1,-71.69631958,80.5460434,505710.7813,29,13,14.80000019,2024/9/27 18:48
1727463510,1727463510,0,1,-34.83816147,60.10409546,496021.1563,25,11,22.10000038,2024/9/27 18:58
1727464110,1727464110,0,1,3.111906767,52.01013565,487493.4375,28,13,-51.09999847,2024/9/27 19:08
1727464710,1727464708,0,1,41.04454041,43.41819,490056.3125,5,0,24.60000038,2024/9/27 19:18
1727467711,1727467710,0,1,-52.11772919,-152.2016449,494449.2813,19,11,-20.29999924,2024/9/27 20:08
1727468311,1727468310,0,1,-82.55305481,118.8673859,505936.875,27,12,-31.39999962,2024/9/27 20:18
1727468911,1727468911,0,1,-50.68209839,41.5439949,501088.9688,27,11,46.09999847,2024/9/27 20:28
1727469511,1727469511,0,1,-12.95430374,31.62553024,489826,22,11,-13.5,2024/9/27 20:38
1727470111,1727470111,0,1,25.07441521,23.92529106,487742.1875,18,11,15.69999981,2024/9/27 20:48
1727470711,1727470711,0,1,62.56393433,10.41141701,493219.75,15,9,41.40000153,2024/9/27 20:58
1727471311,1727471311,0,1,76.30677795,-125.3421021,491784.2188,30,12,-5.900000095,2024/9/27 21:08
1727471911,1727471911,0,1,39.86328506,-153.8552704,480817.25,24,13,-16.70000076,2024/9/27 21:18
1727472512,1727472511,0,1,1.798278332,-162.3533173,475765.6875,21,13,15.39999962,2024/9/27 21:28
1727473112,1727473111,0,1,-36.26067734,-170.5591431,487036.8438,23,12,15.60000038,2024/9/27 21:38
1727473712,1727473711,0,1,-73.05369568,167.1561584,502863.9375,25,14,-58.20000076,2024/9/27 21:48
1727474312,1727474311,0,1,-66.19579315,27.05026245,504979.625,28,12,17.89999962,2024/9/27 21:58
1727474912,1727474912,0,1,-28.96375084,11.53617191,494193.7188,24,10,26.5,2024/9/27 22:08
1727475512,1727475512,0,1,9.03024292,3.72590661,487087.5625,26,13,24.5,2024/9/27 22:18
1727476112,1727476112,0,1,46.89053345,-5.573503494,490865.5938,23,13,48.40000153,2024/9/27 22:28
1727476712,1727476712,0,1,81.33551788,-58.64847946,493804.125,30,13,17.10000038,2024/9/27 22:38
1727477312,1727477312,0,1,55.70662689,-171.599823,485666.4688,30,12,5.800000191,2024/9/27 22:48
1727477912,1727477912,0,1,17.90896225,177.3182526,475913.5938,26,12,7.099999905,2024/9/27 22:58
1727478513,1727478512,0,1,-20.2489624,169.6613312,480469.6875,24,13,62.09999847,2024/9/27 23:08
1727479113,1727479112,0,1,-57.90090179,157.9479828,497048.5,28,12,-31.20000076,2024/9/27 23:18
1727479713,1727479712,0,1,-80.07540131,35.40676117,506325.1563,29,12,2.200000048,2024/9/27 23:28
1727480313,1727480313,0,1,-44.86018753,-7.658811569,499418.875,24,12,25,2024/9/27 23:38
1727480913,1727480913,0,1,-7.032208443,-16.67375946,488730.25,24,12,10.89999962,2024/9/27 23:48
1727481513,1727481513,0,1,30.97661018,-24.5688324,488402.3125,18,11,30.60000038,2024/9/27 23:58
1727482113,1727482113,0,1,68.19884491,-41.5593071,493603.75,28,12,46.09999847,2024/9/28 0:08
1727482713,1727482713,0,1,71.05899048,177.1673431,490180.875,35,12,2.599999905,2024/9/28 0:18
1727483313,1727483313,0,1,33.96158218,157.4300385,478889.8125,26,11,3.400000095,2024/9/28 0:28
1727483913,1727483913,0,1,-4.157381535,149.3652191,476271.4688,33,13,80.59999847,2024/9/28 0:38
1727484514,1727484513,0,1,-42.14421844,140.6500092,489756.3438,30,12,-15.69999981,2024/9/28 0:48
1727485114,1727485113,0,1,-78.07719421,106.9023438,504441.7813,26,13,-22.20000076,2024/9/28 0:58
1727485714,1727485713,0,1,-60.59077072,-24.25747681,503970.9375,27,11,16.10000038,2024/9/28 1:08
1727486314,1727486314,0,1,-23.06147575,-36.9234581,492581.75,22,12,-9.399999619,2024/9/28 1:18
1727486914,1727486914,0,1,14.95845318,-44.58660507,487205.4688,20,12,-25.29999924,2024/9/28 1:28
1727487514,1727487514,0,1,52.71807098,-54.9276619,491834.5625,18,11,10.10000038,2024/9/28 1:38
1727488114,1727488114,0,1,82.46034241,-148.4744263,493232.9375,25,12,4.400000095,2024/9/28 1:48
1727488714,1727488714,0,1,49.88727188,138.7778931,483709.2188,31,14,22.70000076,2024/9/28 1:58
1727489314,1727489314,0,1,11.96265793,128.9809265,475333.9375,27,10,55.29999924,2024/9/28 2:08
1727489914,1727489914,0,1,-26.17625618,121.2402573,482648.7813,19,10,-11.19999981,2024/9/28 2:18
1727490515,1727490514,0,1,-63.62000656,107.2116852,499385.1563,27,11,-13.5,2024/9/28 2:28
1727491115,1727491114,0,1,-75.47426605,-29.98838425,506231.1875,29,13,-4.5,2024/9/28 2:38
1727491715,1727491714,0,1,-39.00605392,-56.55735016,497574.5625,26,12,11.69999981,2024/9/28 2:48
1727492315,1727492315,0,1,-1.10073328,-64.95703888,487954.2813,23,12,-0.5,2024/9/28 2:58
1727492915,1727492915,0,1,36.86989212,-73.19445801,489379.6563,20,12,-43,2024/9/28 3:08
1727493515,1727493515,0,1,73.63643646,-96.37483215,494044.2188,29,12,-12.89999962,2024/9/28 3:18
1727494115,1727494115,0,1,65.50144196,123.9724655,488778.3438,32,12,-16.10000038,2024/9/28 3:28
1727494715,1727494715,0,1,28.04816628,108.8711166,477654.9063,25,11,-25.79999924,2024/9/28 3:38
1727495315,1727495315,0,1,-10.10044861,101.0743332,477635.5,27,9,-23.29999924,2024/9/28 3:48
1727495916,1727495915,0,1,-47.99047852,91.60561371,492524.375,20,11,8.699999809,2024/9/28 3:58
1727496516,1727496515,0,1,-81.8279953,32.58409882,505484.4063,26,12,1,2024/9/28 4:08
1727497116,1727497115,0,1,-54.85111237,-74.46187592,502413.5938,28,12,3.299999952,2024/9/28 4:18
1727497716,1727497715,0,1,-17.15313911,-85.30308533,490841.2813,23,11,-1.200000048,2024/9/28 4:28
1727498316,1727498316,0,1,20.87888908,-92.94270325,487355.5938,19,12,-19.89999962,2024/9/28 4:38
1727498916,1727498916,0,1,58.50188828,-104.8448944,492649.375,26,13,-34,2024/9/28 4:48
1727499516,1727499516,0,1,79.58488464,129.8873596,492423.9375,25,12,-1.799999952,2024/9/28 4:58
1727500116,1727500116,0,1,44.03200912,89.61575317,482069.5625,22,12,-61.20000076,2024/9/28 5:08
1727500716,1727500716,0,1,6.017081738,80.68375397,475696.8125,26,10,-97.90000153,2024/9/28 5:18
1727501316,1727501316,0,1,-32.07948685,72.72731781,485409.1563,21,11,6.900000095,2024/9/28 5:28
1727501917,1727501916,0,1,-69.20992279,54.88424301,501715.8125,25,13,29.5,2024/9/28 5:38
1727502517,1727502516,0,1,-70.18963623,-86.45433807,505743.75,31,12,-13.30000019,2024/9/28 5:48
1727503117,1727503116,0,1,-33.20765686,-105.2203598,495504.7188,23,12,-7.699999809,2024/9/28 5:58
1727503717,1727503716,0,1,4.821223259,-113.2317734,487103.7188,28,13,-28.5,2024/9/28 6:08
1727504317,1727504317,0,1,42.7386322,-121.9997482,489983.5313,22,10,-21.60000038,2024/9/28 6:18
1727504917,1727504917,0,1,78.58834839,-157.6764221,493842.5625,26,13,-0.899999976,2024/9/28 6:28
1727505517,1727505517,0,1,59.80016327,72.79714203,487032.875,29,12,-24.89999962,2024/9/28 6:38
1727506117,1727506117,0,1,22.12057304,60.42389679,476726.9375,22,13,-38.90000153,2024/9/28 6:48
1727506717,1727506717,0,1,-16.03712845,52.7553215,479495.0938,18,13,-19.70000076,2024/9/28 6:58
1727507317,1727507317,0,1,-53.79909897,42.16857529,495403.875,25,11,47.40000153,2024/9/28 7:08
1727507918,1727507917,0,1,-82.20970917,-58.3117218,506217.3438,23,12,-25.39999962,2024/9/28 7:18
1727508518,1727508517,0,1,-49.06367874,-123.9858322,500591.6563,30,10,-11.5,2024/9/28 7:28
1727509118,1727509117,0,1,-11.3031168,-133.6146393,489218.25,26,13,-7.900000095,2024/9/28 7:38
1727509718,1727509717,0,1,26.78862572,-141.3693542,487577.0625,18,12,-23.5,2024/9/28 7:48
1727510318,1727510318,0,1,64.21632385,-155.7142944,493064.0938,24,11,10.19999981,2024/9/28 7:58
1727510918,1727510918,0,1,74.83048248,66.0372467,491199.6875,25,12,-3.900000095,2024/9/28 8:08
1727511518,1727511518,0,1,38.14685822,40.75184631,480276.0313,11,11,24.60000038,2024/9/28 8:18
1727512118,1727512118,0,1,0.065716669,32.40124893,476119.7188,25,12,-12.60000038,2024/9/28 8:28
1727512718,1727512718,0,1,-37.97176743,24.07012749,488024.375,19,10,29.29999924,2024/9/28 8:38
1727513318,1727513318,0,1,-74.57575226,-0.714486659,503396.4688,25,13,11,2024/9/28 8:48
1727513919,1727513918,0,1,-64.62451935,-139.2016296,504647.6875,29,12,-40.79999924,2024/9/28 8:58
1727514519,1727514518,0,1,-27.3139267,-153.7576294,493422.5938,26,11,-0.5,2024/9/28 9:08
1727515119,1727515118,0,1,10.69306469,-161.5131531,486689.0938,29,12,10.60000038,2024/9/28 9:18
1727515719,1727515719,0,1,48.59460831,-171.0878296,490830.8125,25,11,4.800000191,2024/9/28 9:28
1727516319,1727516319,0,1,82.09352112,125.4998169,493506.875,28,12,3.5,2024/9/28 9:38
1727517519,1727517519,0,1,16.17336082,12.04948139,475913.5625,5,0,17.79999924,2024/9/28 9:58
1727518119,1727518119,0,1,-21.9777832,4.381671429,481330.1563,24,13,21.70000076,2024/9/28 10:08
1727518719,1727518719,0,1,-59.57411957,-7.899044991,497823.0625,25,14,17.10000038,2024/9/28 10:18
1727519319,1727519319,0,1,-78.86147308,-136.2915802,506277.8125,26,13,-47.59999847,2024/9/28 10:28
1727519920,1727519919,0,1,-43.21976852,-173.0939331,498625.4063,24,11,3.900000095,2024/9/28 10:38
1727520520,1727520519,0,1,-5.364041805,178.0886993,488067.4063,19,12,27.10000038,2024/9/28 10:48
1727521120,1727521119,0,1,32.70311356,170.0970917,488314.3125,23,10,-9.5,2024/9/28 10:58
1727521720,1727521720,0,1,69.82084656,151.6684875,493567.1875,25,12,2.599999905,2024/9/28 11:08
1727522320,1727522320,0,1,69.44988251,10.17712975,489753.375,25,12,41.09999847,2024/9/28 11:18
1727522920,1727522920,0,1,32.22941589,-7.91328001,478587.3438,25,10,49.40000153,2024/9/28 11:28
1727523520,1727523520,0,1,-5.898141861,-15.88426685,476796.1563,23,11,13.19999981,2024/9/28 11:38
1727524120,1727524120,0,1,-43.85771942,-24.79104424,490580.5625,21,12,15,2024/9/28 11:48
1727524720,1727524720,0,1,-79.37294006,-63.97262192,504652.4688,23,12,-19,2024/9/28 11:58
1727525321,1727525320,0,1,-58.91592026,169.8389435,503305.4375,27,10,-42.90000153,2024/9/28 12:08
1727525921,1727525920,0,1,-21.3915596,157.8045502,491672.125,28,11,53.40000153,2024/9/28 12:18
1727526521,1727526520,0,1,16.6371479,150.1592102,486828.4063,26,11,42.79999924,2024/9/28 12:28
1727527121,1727527120,0,1,54.42729187,139.4082031,491808.5313,23,10,16.89999962,2024/9/28 12:38
1727527721,1727527721,0,1,81.94739532,34.15403366,492851.4063,30,12,21.29999924,2024/9/28 12:48
1727528321,1727528321,0,1,48.16190338,-26.76875877,483079.3438,27,10,65.5,2024/9/28 12:58
1727528921,1727528921,0,1,10.20740509,-36.27671051,475339,26,12,-10.19999981,2024/9/28 13:08
1727529521,1727529521,0,1,-27.92106438,-44.06819153,483375.125,22,12,-10.30000019,2024/9/28 13:18
1727530121,1727530121,0,1,-65.286026,-59.02482986,499986.6875,23,11,17.20000076,2024/9/28 13:28
1727530721,1727530721,0,1,-73.9547348,161.7554169,506035.3125,27,12,-50.20000076,2024/9/28 13:38
1727531322,1727531321,0,1,-37.33745575,138.0733948,496858.25,29,13,-11.39999962,2024/9/28 13:48
1727531922,1727531921,0,1,0.588208318,129.8060455,487466.9063,25,13,75,2024/9/28 13:58
1727532522,1727532521,0,1,38.54712677,121.4378738,489349.5938,24,10,8.699999809,2024/9/28 14:08
1727533122,1727533121,0,1,75.17719269,95.46214294,493816.4375,27,12,-8.399999619,2024/9/28 14:18
1727533722,1727533722,0,1,63.82017517,-42.29198074,487983.75,27,13,48.5,2024/9/28 14:28
1727534322,1727534322,0,1,26.28735352,-56.44033432,477100.0313,24,10,-42.40000153,2024/9/28 14:38
1727534922,1727534922,0,1,-11.86828041,-64.18589783,477913.875,20,11,20.70000076,2024/9/28 14:48
1727535522,1727535522,0,1,-49.72517776,-73.94405365,493248.5625,21,10,16.60000038,2024/9/28 14:58
1727536122,1727536122,0,1,-82.40109253,-144.5762939,505712.9063,26,13,-44.79999924,2024/9/28 15:08
1727536722,1727536722,0,1,-53.13072205,119.8580399,501925.0625,25,13,-21.39999962,2024/9/28 15:18
1727537323,1727537322,0,1,-15.45598984,109.4380951,490431.7813,26,12,-16.60000038,2024/9/28 15:28
1727537923,1727537922,0,1,22.57552147,101.7818451,487481.5938,19,12,-34.90000153,2024/9/28 15:38
1727538523,1727538522,0,1,60.14942169,89.29183197,492793.5,28,13,-33.70000076,2024/9/28 15:48
1727539123,1727539122,0,1,78.28064728,-41.33982468,491957.5625,27,13,34,2024/9/28 15:58
1727539723,1727539723,0,1,42.28179169,-75.83853912,481301.9063,22,9,-32.70000076,2024/9/28 16:08
1727540323,1727540323,0,1,4.241934776,-84.57203674,475412.25,25,11,6,2024/9/28 16:18
1727540923,1727540923,0,1,-33.84244156,-92.62226868,485883.6875,23,10,-3,2024/9/28 16:28
1727541523,1727541523,0,1,-70.84953308,-112.0965881,502083.0938,27,12,-34.5,2024/9/28 16:38
1727542123,1727542123,0,1,-68.54259491,106.6790085,505400.9063,28,12,-15.60000038,2024/9/28 16:48
1727542723,1727542723,0,1,-31.4452877,89.43211365,495004.2813,25,11,-21.10000038,2024/9/28 16:58
1727543324,1727543323,0,1,6.53211832,81.52229309,487236.25,23,12,-95.5,2024/9/28 17:08
1727543924,1727543923,0,1,44.42655182,72.55773926,490472.625,25,11,-44.09999847,2024/9/28 17:18
1727544524,1727544523,0,1,79.8223114,31.00646973,493865.5313,27,12,23.39999962,2024/9/28 17:28
1727545124,1727545123,0,1,58.08145905,-93.0876236,486424,24,12,-47.29999924,2024/9/28 17:38
1727545724,1727545724,0,1,20.34733009,-104.8661957,476162.6875,24,12,-19.89999962,2024/9/28 17:48
1727546324,1727546324,0,1,-17.8142128,-112.5210648,479627.3438,20,12,-2.099999905,2024/9/28 17:58
1727546924,1727546924,0,1,-55.53583145,-123.5406036,495834.4063,23,13,-14.80000019,2024/9/28 18:08
1727547524,1727547524,0,1,-81.49304962,125.1797028,506103.6563,26,13,-36.29999924,2024/9/28 18:18
1727548124,1727548124,0,1,-47.31321716,70.46997833,500014.0625,28,11,36.70000076,2024/9/28 18:28
1727548724,1727548724,0,1,-9.522834778,61.12025833,489063.1563,26,13,-41.79999924,2024/9/28 18:38
1727549325,1727549324,0,1,28.49769211,53.32568359,487978.375,19,11,-16.89999962,2024/9/28 18:48
1727551725,1727551725,0,1,-1.722484946,-132.8556824,475946.7813,28,12,-8.199999809,2024/9/28 19:28
1727552325,1727552325,0,1,-39.74224472,-141.3353729,488537.625,23,13,-11.39999962,2024/9/28 19:38
1727552925,1727552925,0,1,-76.10871124,-169.3358459,503753.1563,21,13,-59.20000076,2024/9/28 19:48
1727553525,1727553525,0,1,-62.91852188,54.59404755,504268.0313,29,11,29.5,2024/9/28 19:58
1727554125,1727554125,0,1,-25.53614044,40.92841339,493029.0625,23,12,3.700000048,2024/9/28 20:08
1727554725,1727554725,0,1,12.47733879,33.22027969,486830.0625,17,12,-3.5,2024/9/28 20:18
1727556526,1727556525,0,1,52.31994629,-142.9416351,484264.9375,27,12,-1.600000024,2024/9/28 20:48
1727557126,1727557125,0,1,14.37802315,-153.2255402,475349.7188,23,14,-1.899999976,2024/9/28 20:58
1727557726,1727557726,0,1,-23.77171707,-160.917511,481630.5313,25,12,9.699999809,2024/9/28 21:08
1727558326,1727558326,0,1,-61.30892944,-173.8762817,498421.9375,24,13,-46.20000076,2024/9/28 21:18
1727558926,1727558926,0,1,-77.47119141,53.16957092,506233.0625,31,13,9.600000381,2024/9/28 21:28
1727559526,1727559526,0,1,-41.44706345,21.4578476,498189.0938,27,10,30.39999962,2024/9/28 21:38
1727560126,1727560126,0,1,-3.569708347,12.83042336,487971.4063,28,11,3.299999952,2024/9/28 21:48
1727560727,1727560726,0,1,34.42213058,4.754593372,488530.1563,22,11,36.79999924,2024/9/28 21:58
1727561327,1727561326,0,1,71.41522217,-15.38024712,493390.125,26,13,56.59999847,2024/9/28 22:08
1727561927,1727561926,0,1,67.82611847,-156.5317688,488894.9688,30,12,5.900000095,2024/9/28 22:18
1727562527,1727562526,0,1,30.43133926,-173.2578278,477705.75,23,10,-7.199999809,2024/9/28 22:28
1727563127,1727563127,0,1,-7.710764885,178.8536987,476756.5938,32,12,31.5,2024/9/28 22:38
1727563727,1727563727,0,1,-45.64421082,169.7212067,491263.2813,30,12,6.699999809,2024/9/28 22:48
1727564327,1727564327,0,1,-80.57785797,123.2814178,505087.9063,29,13,-35.79999924,2024/9/28 22:58
1727564927,1727564927,0,1,-57.16498947,3.986551762,503017.7813,24,11,21.29999924,2024/9/28 23:08
1727565527,1727565527,0,1,-19.59196663,-7.484253407,491395.4688,25,12,12.5,2024/9/28 23:18
1727566127,1727566127,0,1,18.4383831,-15.12077808,486943.4063,21,13,32.90000153,2024/9/28 23:28
1727566728,1727566727,0,1,56.12639999,-26.30324364,491811.2188,27,11,61,2024/9/28 23:38
1727567328,1727567327,0,1,81.12057495,-141.3156128,492196.0938,31,13,1.100000024,2024/9/28 23:48
1727567928,1727567927,0,1,46.43494415,167.7193909,482083.9063,28,10,-5.900000095,2024/9/28 23:58
1727568528,1727568527,0,1,8.384425163,158.4569855,474914.875,25,12,40.59999847,2024/9/29 0:08
1727569128,1727569128,0,1,-29.73507309,150.600174,483940,29,11,33.40000153,2024/9/29 0:18
1727569728,1727569728,0,1,-67.00756073,134.5162354,500760.5,27,13,-39.40000153,2024/9/29 0:28
1727570328,1727570328,0,1,-72.3327713,-6.048095226,505996.375,30,12,14.80000019,2024/9/29 0:38
1727570928,1727570928,0,1,-35.53927612,-27.31092834,496374.0313,25,11,9.399999619,2024/9/29 0:48
1727571528,1727571528,0,1,2.403171778,-35.45223999,487325.6563,23,13,-6,2024/9/29 0:58
1727572128,1727572128,0,1,40.3458786,-43.97957611,489401.5938,21,11,20.10000038,2024/9/29 1:08
1727572729,1727572728,0,1,76.66350555,-73.39266968,493432.4063,28,12,11.60000038,2024/9/29 1:18
1727573329,1727573328,0,1,62.12910461,151.5884399,487058.1875,26,12,13.80000019,2024/9/29 1:28
1727573929,1727573928,0,1,24.52409935,138.2591553,476321.4375,25,11,43.79999924,2024/9/29 1:38
1727574529,1727574528,0,1,-13.70220852,130.5391998,478103.5313,24,12,45.29999924,2024/9/29 1:48
1727575129,1727575129,0,1,-51.52244186,120.4430313,494021.7188,21,10,-21.89999962,2024/9/29 1:58
1727575729,1727575729,0,1,-82.59319305,36.47686768,505954.4375,27,11,-1.100000024,2024/9/29 2:08
1727576329,1727576329,0,1,-51.34199524,-45.79235458,501496.0625,28,13,5.400000095,2024/9/29 2:18
1727576929,1727576929,0,1,-13.62996483,-55.83755112,490019.625,25,12,-2.5,2024/9/29 2:28
1727577529,1727577529,0,1,24.39975929,-63.52415848,487516.2188,19,11,-52.29999924,2024/9/29 2:38
1727578129,1727578129,0,1,61.91596603,-76.74346924,492704.9688,23,13,-30.20000076,2024/9/29 2:48
1727578730,1727578729,0,1,76.86283112,148.6999664,491253.4375,30,13,1.899999976,2024/9/29 2:58
1727579330,1727579329,0,1,40.5206337,118.7345581,480362.3438,26,10,-0.899999976,2024/9/29 3:08
1727579930,1727579929,0,1,2.457081556,110.1763458,475215.375,23,12,29.29999924,2024/9/29 3:18
1727580530,1727580529,0,1,-35.67503357,101.9996262,486573.5625,25,12,-33,2024/9/29 3:28
1727581130,1727581130,0,1,-72.52628326,80.4704361,502586.2813,27,12,13.80000019,2024/9/29 3:38
1727581730,1727581730,0,1,-66.81310272,-59.98395538,505120.6875,29,13,11.89999962,2024/9/29 3:48
1727582330,1727582330,0,1,-29.61404419,-75.90985107,494362.625,27,12,13.80000019,2024/9/29 3:58
1727582930,1727582930,0,1,8.376918793,-83.74211884,486876.5313,28,13,11.19999981,2024/9/29 4:08
1727583530,1727583530,0,1,46.24966812,-92.94707489,490383.0313,24,11,-28,2024/9/29 4:18
1727584130,1727584130,0,1,80.98774719,-142.6628723,493317.7188,31,13,0.699999988,2024/9/29 4:28
1727584731,1727584730,0,1,56.33356857,101.1050186,485432.3438,28,12,-38.29999924,2024/9/29 4:38
1727585331,1727585330,0,1,18.54796791,89.85386658,475783.4375,12,11,-63.79999924,2024/9/29 4:48
1727585931,1727585930,0,1,-19.61223221,82.20160675,480284.1875,25,11,-45.79999924,2024/9/29 4:58
1727586531,1727586531,0,1,-57.34416199,70.65399933,496839.5313,30,12,32.79999924,2024/9/29 5:08
1727587131,1727587131,0,1,-80.44994354,-49.58327484,506412.0938,26,12,-22.60000038,2024/9/29 5:18
1727587731,1727587731,0,1,-45.49100113,-95.05196381,499548.3438,29,11,-3.700000048,2024/9/29 5:28
1727588331,1727588331,0,1,-7.670585155,-104.1448135,488519.375,28,13,-11.60000038,2024/9/29 5:38
1727588931,1727588931,0,1,30.34560776,-112.0097961,487832.3438,22,12,-32.70000076,2024/9/29 5:48
1727589531,1727589531,0,1,67.60908508,-128.5306549,493010.9063,24,13,-5.099999905,2024/9/29 5:58
1727590131,1727590131,0,1,71.63201141,90.3888855,489872.9063,28,13,-13.5,2024/9/29 6:08
1727590732,1727590731,0,1,34.58042145,69.99134064,478846.7188,26,11,-35.59999847,2024/9/29 6:18
1727591332,1727591331,0,1,-3.534670115,61.89263916,476303.0313,28,13,-62.29999924,2024/9/29 6:28
1727591932,1727591931,0,1,-41.59147644,53.22548676,489591,21,10,39.40000153,2024/9/29 6:38
1727592532,1727592532,0,1,-77.63751221,20.98638153,504369.8438,26,12,8.399999619,2024/9/29 6:48
1727593132,1727593132,0,1,-61.13221741,-111.5172348,503985.4063,27,12,-24.29999924,2024/9/29 6:58
1727593732,1727593732,0,1,-23.68191719,-124.383461,492317.9688,24,13,-9.399999619,2024/9/29 7:08
1727594332,1727594332,0,1,14.34179688,-132.0545044,486508.2813,23,13,-31.79999924,2024/9/29 7:18
1727594932,1727594932,0,1,52.12073517,-142.2670441,490989.875,23,11,-3.400000095,2024/9/29 7:28
1727595532,1727595532,0,1,82.55104828,128.539856,492643.5938,27,11,4.300000191,2024/9/29 7:38
1727596133,1727596132,0,1,50.4760437,51.41223145,483535.875,11,12,-13.60000038,2024/9/29 7:48
1727597333,1727597332,0,1,-25.57937431,33.78233337,482531.9063,23,11,12,2024/9/29 8:08
1727597933,1727597932,0,1,-63.04518509,20.04069901,499260.875,24,13,21.79999924,2024/9/29 8:18
1727598533,1727598533,0,1,-75.93164825,-116.4111481,506207.6875,28,12,-35.79999924,2024/9/29 8:28
1727599133,1727599133,0,1,-39.59977341,-143.9816895,497396.1875,24,10,-10.30000019,2024/9/29 8:38
1727599733,1727599733,0,1,-1.69630003,-152.4337158,487324.875,27,12,14,2024/9/29 8:48
1727600333,1727600333,0,1,36.28656387,-160.6304321,488429.5625,19,10,-14.69999981,2024/9/29 8:58
1727600933,1727600933,0,1,73.11936188,176.9832916,493187.625,26,11,1.299999952,2024/9/29 9:08
1727601533,1727601533,0,1,66.04542542,36.85786057,488266.0313,11,11,15.60000038,2024/9/29 9:18
1727603334,1727603333,0,1,-47.43278503,4.209233284,492256.8125,24,12,22.20000076,2024/9/29 9:48
1727603934,1727603933,0,1,-81.60198212,-51.86606979,505388.5313,25,13,-25.5,2024/9/29 9:58
1727604534,1727604534,0,1,-55.34107208,-161.8206787,502372.8438,23,11,-29.5,2024/9/29 10:08
1727605134,1727605134,0,1,-17.71653557,-172.7780914,490523.375,32,11,30.10000038,2024/9/29 10:18
1727605734,1727605734,0,1,20.31998253,179.58255,486657.8438,26,10,4,2024/9/29 10:28
1727606334,1727606334,0,1,57.96413803,167.8508759,491797.375,23,12,7.5,2024/9/29 10:38
1727606934,1727606934,0,1,79.95782471,44.57614899,491789.5,29,12,16,2024/9/29 10:48
1727609935,1727609934,0,1,-70.61577606,-173.4785767,505516.0625,17,12,1.100000024,2024/9/29 11:38
1727610535,1727610535,0,1,-33.66618347,167.3054962,495350.4375,25,12,32.09999847,2024/9/29 11:48
1727611135,1727611135,0,1,4.2976017,159.2782593,486717.4375,29,13,47.09999847,2024/9/29 11:58
1727611735,1727611735,0,1,42.22425461,150.562149,489366.375,23,10,16.60000038,2024/9/29 12:08
1727612335,1727612335,0,1,78.19085693,116.3866043,493237.3438,29,13,-2,2024/9/29 12:18
1727612935,1727612935,0,1,60.29174042,-14.490345,486429,23,11,59.70000076,2024/9/29 12:28
1727613535,1727613535,0,1,22.62223244,-27.05593491,476069.625,24,11,17.89999962,2024/9/29 12:38
1727614136,1727614135,0,1,-15.54127121,-34.73348618,478734.5,24,13,-9.5,2024/9/29 12:48
1727614736,1727614735,0,1,-53.31911087,-45.2133522,494795.9375,18,10,8.399999619,2024/9/29 12:58
1727615336,1727615335,0,1,-82.34382629,-142.3909912,505993.375,26,12,-44.29999924,2024/9/29 13:08
1727615936,1727615935,0,1,-49.47992325,148.5836945,500678.0938,27,12,-16.60000038,2024/9/29 13:18
1727616536,1727616536,0,1,-11.72815514,138.8811493,489195.2188,35,13,62.90000153,2024/9/29 13:28
1727617136,1727617136,0,1,26.30174065,131.1507568,487252.7813,24,11,33.5,2024/9/29 13:38
1727617736,1727617736,0,1,63.75151062,117.0499115,492539.4688,26,12,-20.60000038,2024/9/29 13:48
1727618336,1727618336,0,1,75.24556732,-20.58939552,490519.5938,28,12,43.09999847,2024/9/29 13:58
1727618936,1727618936,0,1,38.61543274,-46.7056427,479580.0938,19,12,8.300000191,2024/9/29 14:08
1727619536,1727619536,0,1,0.530898333,-55.09543991,475334.7813,20,10,-25.70000076,2024/9/29 14:18
1727620137,1727620136,0,1,-37.5175972,-63.39197159,487377.4688,18,9,16.5,2024/9/29 14:28
1727620737,1727620736,0,1,-74.17688751,-87.46373749,503173.0313,25,11,-16.29999924,2024/9/29 14:38
1727621337,1727621336,0,1,-65.058815,133.5656128,504834.5938,26,13,-37.79999924,2024/9/29 14:48
1727621937,1727621937,0,1,-27.7080555,118.7455673,493720.5,31,12,-18.89999962,2024/9/29 14:58
1727622537,1727622537,0,1,10.2948513,110.9787674,486679.9063,28,12,14,2024/9/29 15:08
1727623137,1727623137,0,1,48.14108276,101.4912796,490485.2813,22,13,-43.90000153,2024/9/29 15:18
1727623737,1727623737,0,1,81.92462158,40.99372482,492924.1875,28,13,20.10000038,2024/9/29 15:28
1727624337,1727624337,0,1,54.45170975,-64.68992615,484552.25,29,12,-16.89999962,2024/9/29 15:38
1727624937,1727624937,0,1,16.61694145,-75.44512177,475247.8125,21,12,-19.10000038,2024/9/29 15:48
1727625537,1727625537,0,1,-21.54182816,-83.10796356,480692.6875,19,12,4.800000191,2024/9/29 15:58
1727626138,1727626137,0,1,-59.15552521,-95.23562622,497469.0625,22,12,-12.69999981,2024/9/29 16:08
1727626738,1727626737,0,1,-79.18152618,137.6752014,506348.9063,28,12,-48.90000153,2024/9/29 16:18
1727627338,1727627337,0,1,-43.58773041,99.43261719,498927.8125,27,11,-11.30000019,2024/9/29 16:28
1727627938,1727627937,0,1,-5.739661694,90.57563019,488283.1875,29,13,-62.29999924,2024/9/29 16:38
1727628538,1727628538,0,1,32.26594543,82.62184906,488127.8438,21,12,-29.20000076,2024/9/29 16:48
1727629138,1727629138,0,1,69.41542816,64.58622742,493134.4688,29,12,-6.599999905,2024/9/29 16:58
1727629738,1727629738,0,1,69.85373688,-76.92845154,489285.7188,28,12,-13.69999981,2024/9/29 17:08
1727630338,1727630338,0,1,32.65511322,-95.39484406,478104.3125,26,13,-27.29999924,2024/9/29 17:18
1727630938,1727630938,0,1,-5.475903511,-103.3851624,476246.0313,19,11,-13.39999962,2024/9/29 17:28
1727631539,1727631538,0,1,-43.44575119,-112.2405853,490141.625,20,12,-10.10000038,2024/9/29 17:38
1727632139,1727632138,0,1,-79.07486725,-149.9816284,504570.4688,22,12,-51.79999924,2024/9/29 17:48
1727632739,1727632738,0,1,-59.32107925,82.47942352,503434.75,31,12,23.79999924,2024/9/29 17:58
1727633339,1727633338,0,1,-21.81033707,70.30841064,491851.0625,29,13,-14.89999962,2024/9/29 18:08
1727633939,1727633939,0,1,16.28072929,62.64851379,486694.1563,26,12,-57.29999924,2024/9/29 18:18
1727635739,1727635739,0,1,48.56380844,-114.2090225,482663.3125,27,10,-15,2024/9/29 18:48
1727636339,1727636339,0,1,10.61090183,-123.780014,474916.2188,24,12,-38.40000153,2024/9/29 18:58
1727636939,1727636939,0,1,-27.52293587,-131.5581818,482984.4375,22,14,-13.39999962,2024/9/29 19:08
1727637540,1727637539,0,1,-64.90727997,-146.2884827,499844.4688,22,12,-43.59999847,2024/9/29 19:19
1727638140,1727638139,0,1,-74.30690765,74.87917328,506027.625,25,12,10.39999962,2024/9/29 19:29
1727638740,1727638739,0,1,-37.73391342,50.59697342,496837.625,26,11,39.5,2024/9/29 19:39
1727639340,1727639339,0,1,0.252366662,42.28776169,487250.875,26,12,-33.09999847,2024/9/29 19:49
1727639940,1727639940,0,1,38.21836853,33.94618988,488681.875,11,10,35.70000076,2024/9/29 19:59
1727641140,1727641140,0,1,64.18513489,-129.5910034,487386.625,30,14,2.799999952,2024/9/29 20:19
1727641740,1727641740,0,1,26.66212463,-143.9363403,476570.2188,26,12,-19.60000038,2024/9/29 20:29
1727642340,1727642340,0,1,-11.49654007,-151.6937103,477475.25,22,12,4,2024/9/29 20:39
1727642940,1727642940,0,1,-49.36199951,-161.3905487,492973.5625,21,13,-16.79999924,2024/9/29 20:49
1727643541,1727643540,0,1,-82.30834961,130.546463,505664.8125,29,13,-40.29999924,2024/9/29 20:59
1727644141,1727644140,0,1,-53.49223709,32.43759537,501924.6563,26,11,37.70000076,2024/9/29 21:09
1727644741,1727644740,0,1,-15.82512188,21.93368912,490190.625,21,12,10,2024/9/29 21:19
1727645341,1727645341,0,1,22.27360916,14.26546478,486784.5938,20,11,23.70000076,2024/9/29 21:29
1727645941,1727645941,0,1,59.86336517,1.876918316,491799.875,17,12,46.79999924,2024/9/29 21:39
1727646541,1727646541,0,1,78.54553223,-127.7672806,491051.25,31,12,-3.900000095,2024/9/29 21:49
1727647141,1727647141,0,1,42.61775208,-163.3109894,480483.9688,28,12,-8.399999619,2024/9/29 21:59
1727647741,1727647741,0,1,4.575048447,-172.0853882,474769.25,24,12,13.30000019,2024/9/29 22:09
1727648341,1727648341,0,1,-33.51564789,179.8789368,485423,28,12,40.90000153,2024/9/29 22:19
1727648941,1727648941,0,1,-70.5464325,160.7188873,501983.75,28,13,-57,2024/9/29 22:29
1727649542,1727649541,0,1,-68.84772491,19.45628929,505456.2813,28,11,14.89999962,2024/9/29 22:39
1727650142,1727650141,0,1,-31.77253151,1.93881166,494939.625,23,11,22.70000076,2024/9/29 22:49
1727650742,1727650741,0,1,6.20423317,-5.99001503,486673.2188,23,11,29.20000076,2024/9/29 22:59
1727651342,1727651342,0,1,44.17128754,-14.94084835,489482.125,18,11,54.90000153,2024/9/29 23:09
1727651942,1727651942,0,1,79.64813232,-55.56540298,492743.1563,28,12,24.79999924,2024/9/29 23:19
1727652542,1727652542,0,1,58.37197876,179.5032959,485317.5625,31,11,1.200000048,2024/9/29 23:29
1727653142,1727653142,0,1,20.63682175,167.6224365,475312.8125,27,12,10.19999981,2024/9/29 23:39
1727653742,1727653742,0,1,-17.53077888,159.9618225,479049.8125,27,12,58.79999924,2024/9/29 23:49
1727654342,1727654342,0,1,-55.26005173,149.0087738,495721.125,29,13,-22.10000038,2024/9/29 23:59
1727654942,1727654942,0,1,-81.62391663,39.33691025,506280.9063,30,13,0,2024/9/30 0:09
1727655543,1727655542,0,1,-47.59544373,-16.99776459,500253.5625,27,12,24.39999962,2024/9/30 0:19
1727656143,1727656142,0,1,-9.811663628,-26.39446259,488899.8125,25,12,-6.900000095,2024/9/30 0:29
1727656743,1727656742,0,1,28.2129097,-34.1825943,487295.25,22,12,20.5,2024/9/30 0:39
1727657343,1727657343,0,1,65.64467621,-49.37734604,492286.5938,23,12,35,2024/9/30 0:49
1727657943,1727657943,0,1,73.49866486,170.8419037,489605.1875,26,13,1.399999976,2024/9/30 0:59
1727658543,1727658543,0,1,36.63186646,147.8588562,478539,25,13,18.60000038,2024/9/30 1:09
1727659143,1727659143,0,1,-1.474845052,139.6201935,475178.3438,29,13,70.59999847,2024/9/30 1:19
1727659743,1727659743,0,1,-39.50151825,131.15979,488202.0313,29,10,-26.5,2024/9/30 1:29
1727660343,1727660343,0,1,-75.90276337,103.6363525,503755.3438,24,11,-16.70000076,2024/9/30 1:39
1727660944,1727660943,0,1,-63.15355682,-32.80418777,504541.0938,31,12,16.39999962,2024/9/30 1:49
1727661544,1727661543,0,1,-25.7840004,-46.58639908,493176.1563,28,11,-3.700000048,2024/9/30 1:59
1727662144,1727662143,0,1,12.22798824,-54.30141449,486618.5625,22,12,-45,2024/9/30 2:09
1727662744,1727662743,0,1,50.10648346,-64.13768005,490520.5313,22,12,-20.70000076,2024/9/30 2:19
1727663344,1727663344,0,1,82.49248505,-138.2238159,492384.125,29,12,3.400000095,2024/9/30 2:29
1727663944,1727663944,0,1,52.48465347,129.5559235,483476.7813,28,12,11.10000038,2024/9/30 2:39
1727664544,1727664544,0,1,14.60228634,119.2492905,474674.9688,24,12,32.29999924,2024/9/30 2:49
1727665144,1727665144,0,1,-23.55350494,111.5611877,481170.5938,26,10,-28.10000038,2024/9/30 2:59
1727665744,1727665744,0,1,-61.10089111,98.69163513,498153.4063,23,12,-3.400000095,2024/9/30 3:09
1727666344,1727666344,0,1,-77.64533234,-33.79374313,506265.0313,29,12,-10.30000019,2024/9/30 3:19
1727666945,1727666944,0,1,-41.66244507,-66.0491333,498259.9688,25,12,16.5,2024/9/30 3:29
1727667545,1727667544,0,1,-3.787635088,-74.69671631,487796.2813,30,11,17.60000038,2024/9/30 3:39
1727668145,1727668144,0,1,34.2084198,-82.75835419,488086.5938,21,10,-31,2024/9/30 3:49
1727668745,1727668744,0,1,71.2237854,-102.6654053,492784.125,31,13,-25.29999924,2024/9/30 3:59
1727669345,1727669345,0,1,67.95874023,116.0305862,488268.5313,31,13,-12.30000019,2024/9/30 4:09
1727669945,1727669945,0,1,30.6290741,99.21999359,477265,26,11,-33.29999924,2024/9/30 4:19
1727670545,1727670545,0,1,-7.515413284,91.32489014,476547.1875,27,12,-60.20000076,2024/9/30 4:29
1727671145,1727671145,0,1,-45.4526329,82.22132111,491161.0625,19,12,19.29999924,2024/9/30 4:39
1727671745,1727671745,0,1,-80.45909882,36.66922379,505113.1875,21,13,1.899999976,2024/9/30 4:49
1727672345,1727672345,0,1,-57.35762024,-83.48706055,503073.2813,28,12,-3.5,2024/9/30 4:59
1727672946,1727672945,0,1,-19.78885269,-95.01151276,491191.8125,23,13,-3.400000095,2024/9/30 5:09
1727673546,1727673545,0,1,18.2451458,-102.6462326,486416.6875,21,12,-15.5,2024/9/30 5:19
1727674146,1727674145,0,1,55.9441452,-113.7744827,491138.4688,22,13,-21.29999924,2024/9/30 5:29
1727674746,1727674745,0,1,81.18766022,131.7522888,491519.375,29,11,1.299999952,2024/9/30 5:39
1727675346,1727675346,0,1,46.54596329,80.18784332,481683.125,27,11,-50.5,2024/9/30 5:49
1727675946,1727675946,0,1,8.55779171,70.92537689,474844.2188,22,13,-94.69999695,2024/9/30 5:59
1727676546,1727676546,0,1,-29.5624733,63.07796478,483950.3438,17,10,11.10000038,2024/9/30 6:09
1727677146,1727677146,0,1,-66.84302521,47.11697388,500777.9375,24,12,30.89999962,2024/9/30 6:19
1727677746,1727677746,0,1,-72.494133,-93.36243439,506036.7813,25,13,-23.29999924,2024/9/30 6:29
1727678346,1727678346,0,1,-35.71483994,-114.8329315,496143.0313,26,10,-11.19999981,2024/9/30 6:39
1727678947,1727678946,0,1,2.230474949,-122.9838867,486726.4063,28,14,-24.5,2024/9/30 6:49
1727679547,1727679546,0,1,40.18217468,-131.4947052,488604.5625,21,11,-35.70000076,2024/9/30 6:59
1727680147,1727680146,0,1,76.53363037,-160.5621643,492644.875,28,11,-1.200000048,2024/9/30 7:09
1727680747,1727680746,0,1,62.21368027,64.0803833,486531.3438,23,12,-10.69999981,2024/9/30 7:19
1727681347,1727681347,0,1,24.60820389,50.71440506,476154.125,20,12,-29.5,2024/9/30 7:29
1727681947,1727681947,0,1,-13.55400372,43.00628281,478189.3438,26,11,-26.60000038,2024/9/30 7:39
1727682547,1727682547,0,1,-51.3748703,32.93989944,494086.2813,26,12,39.20000076,2024/9/30 7:49
1727683147,1727683147,0,1,-82.5942688,-49.89417267,505991.875,26,12,-20.60000038,2024/9/30 7:59
1727683747,1727683747,0,1,-51.49183655,-133.2960205,501274.0625,25,11,-18.20000076,2024/9/30 8:09
1727684347,1727684347,0,1,-13.77871323,-143.3709869,489385.6875,18,11,-4.599999905,2024/9/30 8:19
1727684948,1727684947,0,1,24.25920868,-151.0555267,486517.875,18,12,-8.800000191,2024/9/30 8:29
1727685548,1727685547,0,1,61.78998566,-164.2205353,491631.4063,22,11,10.5,2024/9/30 8:39
1727686148,1727686147,0,1,76.96247864,61.45179749,490396.5625,30,13,1.600000024,2024/9/30 8:49
1727686748,1727686747,0,1,40.57105255,31.18848038,479795.3125,10,13,37.79999924,2024/9/30 8:59
1727687348,1727687348,0,1,2.505306721,22.6241951,475086.3125,26,12,-14.69999981,2024/9/30 9:09
1727687948,1727687948,0,1,-35.56307983,14.46555042,486581.8125,22,11,25.39999962,2024/9/30 9:19
1727688548,1727688548,0,1,-72.42150879,-6.927543163,502681.875,26,13,13.5,2024/9/30 9:29
1727689148,1727689148,0,1,-66.92274475,-147.4366608,505125.7813,27,10,-49.40000153,2024/9/30 9:39
1727689748,1727689748,0,1,-29.72903061,-163.443924,493996.625,25,10,10.89999962,2024/9/30 9:49
1727690348,1727690348,0,1,8.266093254,-171.2833862,486152.8125,27,12,10.89999962,2024/9/30 9:59
1727690949,1727690948,0,1,46.14816666,179.5218506,489415.4063,21,13,-5,2024/9/30 10:09
1727691549,1727691548,0,1,80.93199921,130.2568054,492389.1875,26,12,0.899999976,2024/9/30 10:19
1727693349,1727693349,0,1,-19.59979439,-5.358798504,479948.5625,8,11,13,2024/9/30 10:49
1727693949,1727693949,0,1,-57.27088928,-16.87583923,496654.9063,16,11,20.10000038,2024/9/30 10:59
1727694549,1727694549,0,1,-80.49339294,-136.7776031,506269.4063,30,13,-45.90000153,2024/9/30 11:09
1727695149,1727695149,0,1,-45.56289673,177.4139557,499309.875,29,12,1.700000048,2024/9/30 11:19
1727695749,1727695749,0,1,-7.741391659,168.3075714,488029.0625,26,11,47.40000153,2024/9/30 11:29
1727696350,1727696349,0,1,30.27984428,160.4414215,487117.1875,21,11,2.400000095,2024/9/30 11:39
1727696950,1727696949,0,1,67.55238342,143.952301,492181.5625,26,12,1.799999952,2024/9/30 11:49
1727697550,1727697549,0,1,71.67626953,2.911113262,489002.1563,30,12,48.29999924,2024/9/30 11:59
1727698150,1727698149,0,1,34.55939484,-17.57087708,478024.4375,27,11,44.79999924,2024/9/30 12:09
1727698750,1727698750,0,1,-3.561871767,-25.67253685,475653.5,22,13,-0.100000001,2024/9/30 12:19
1727699350,1727699350,0,1,-41.55934143,-34.32770157,489219.7188,23,11,-1.100000024,2024/9/30 12:29
1727699950,1727699950,0,1,-77.61131287,-66.49948883,504182.125,25,13,-16.39999962,2024/9/30 12:39
1727700550,1727700550,0,1,-61.16039276,160.9477844,503904.3125,27,12,-36.09999847,2024/9/30 12:49
1727701150,1727701150,0,1,-23.71191406,148.064743,492143.375,30,12,47.90000153,2024/9/30 12:59
1727701750,1727701750,0,1,14.31285191,140.3906555,486097.125,24,12,52.5,2024/9/30 13:09
1727702351,1727702350,0,1,52.09626389,130.1793976,490329.0938,26,12,12.5,2024/9/30 13:19
1727702951,1727702950,0,1,82.55020142,41.11497116,491746.75,28,13,18.89999962,2024/9/30 13:29
1727703551,1727703550,0,1,50.48319244,-36.14032364,482514.4375,24,13,52.70000076,2024/9/30 13:39
1727704151,1727704150,0,1,12.49540997,-46.0612793,474486.8125,22,12,-31.70000076,2024/9/30 13:49
1727704751,1727704751,0,1,-25.65108109,-53.79070663,482033.4375,20,11,4.300000191,2024/9/30 13:59
1727705351,1727705351,0,1,-63.11626816,-67.56887817,499136.2813,22,11,10.89999962,2024/9/30 14:09
1727705951,1727705951,0,1,-75.92290497,156.0133057,506343.0625,28,13,-56.59999847,2024/9/30 14:19
1727706551,1727706551,0,1,-39.59304428,128.4600067,497590.875,32,12,-28.79999924,2024/9/30 14:29
1727707151,1727707151,0,1,-1.69192338,120.0083466,487286.6563,28,12,63.20000076,2024/9/30 14:39
1727707751,1727707751,0,1,36.29183197,111.8113861,488073.9688,23,12,-22.10000038,2024/9/30 14:49
1727708352,1727708351,0,1,73.12896729,89.41317749,492479.8125,28,12,-11.30000019,2024/9/30 14:59
1727708952,1727708951,0,1,66.02815247,-50.71691895,487317.75,26,12,32.79999924,2024/9/30 15:09
1727709552,1727709551,0,1,28.58700752,-66.15015411,476525.0938,21,10,-47.29999924,2024/9/30 15:19
1727710152,1727710151,0,1,-9.632316589,-73.97877502,476774.3438,19,11,22.20000076,2024/9/30 15:29
1727710752,1727710752,0,1,-47.53398895,-83.37779236,492085.1875,22,10,3.400000095,2024/9/30 15:39
1727711352,1727711352,0,1,-81.62216949,-139.6464691,505514,27,13,-45.29999924,2024/9/30 15:49
1727711952,1727711952,0,1,-55.30725098,110.6042938,502583.5625,30,12,-13,2024/9/30 15:59
1727712552,1727712552,0,1,-17.68494797,99.65887451,490710.5313,29,10,-44,2024/9/30 16:09
1727713152,1727713152,0,1,20.35125923,92.02132416,486517.1875,6,0,-54.40000153,2024/9/30 16:19
1727714953,1727714952,0,1,44.51919937,-85.37397003,480781.6563,25,11,-34.09999847,2024/9/30 16:49
1727715553,1727715552,0,1,6.498723507,-94.36649323,474513.9063,21,13,-5.300000191,2024/9/30 16:59
1727716153,1727716153,0,1,-31.67251396,-102.31633,484605.25,17,11,-6.400000095,2024/9/30 17:09
1727716753,1727716753,0,1,-68.83193207,-119.8234406,501393.7813,25,12,-36,2024/9/30 17:19
1727717353,1727717353,0,1,-70.56504822,98.88784027,505761.5938,29,11,-5.900000095,2024/9/30 17:29
1727717953,1727717953,0,1,-33.61362839,79.73538971,495519.75,29,11,1,2024/9/30 17:39
1727718553,1727718553,0,1,4.349246502,71.71408844,486721.8125,30,12,-97.19999695,2024/9/30 17:49
1727719153,1727719153,0,1,42.27747726,62.99517441,488981.2813,18,13,-32.70000076,2024/9/30 17:59
1727720354,1727720353,0,1,60.22839355,-102.0877151,485717.6875,28,13,-40.29999924,2024/9/30 18:19
1727720954,1727720953,0,1,22.54933167,-114.6251984,475477.1563,20,13,-42.70000076,2024/9/30 18:29
1727721554,1727721553,0,1,-15.618927,-122.3001709,478434.5625,26,13,-7.300000191,2024/9/30 18:39
1727722154,1727722154,0,1,-53.45827103,-132.8214722,494844.2813,22,11,-19.10000038,2024/9/30 18:49
1727722754,1727722754,0,1,-82.31056976,129.0341492,506132.9688,25,12,-40,2024/9/30 18:59
1727723354,1727723354,0,1,-49.407547,61.0004425,500682.9688,24,10,37.70000076,2024/9/30 19:09
1727723954,1727723954,0,1,-11.65466213,51.31324768,489078.9375,24,13,-29.29999924,2024/9/30 19:19
1727724554,1727724554,0,1,26.37775421,43.58195496,486790.3125,11,13,2.700000048,2024/9/30 19:29
1727728155,1727728154,0,1,-74.32389069,-175.3193817,503303.8438,27,14,-64.80000305,2024/9/30 20:29
1727728755,1727728755,0,1,-64.90093231,45.88625336,504797.8125,28,12,28.70000076,2024/9/30 20:39
1727729355,1727729355,0,1,-27.60634804,31.17220116,493464.6875,20,10,24.79999924,2024/9/30 20:49
1727729955,1727729955,0,1,10.39979172,23.40740395,486149.375,21,12,0.5,2024/9/30 20:59
1727730555,1727730555,0,1,48.2507782,13.89944363,489577.5938,10,12,45.5,2024/9/30 21:09
1727731756,1727731755,0,1,54.32261276,-152.2927551,483505.9688,27,11,11.60000038,2024/9/30 21:29
1727732356,1727732355,0,1,16.47686386,-163.0211487,474500.0938,24,11,7.300000191,2024/9/30 21:39
1727732956,1727732955,0,1,-21.68619728,-170.6882324,480353.0625,31,13,27.39999962,2024/9/30 21:49
1727733556,1727733555,0,1,-59.35681152,177.0936584,497545.625,26,13,-45.79999924,2024/9/30 21:59
1727734156,1727734156,0,1,-79.02771759,49.38699341,506395.875,29,13,7,2024/9/30 22:09
1727734756,1727734756,0,1,-43.44717026,11.84627342,498822.0625,23,10,27.70000076,2024/9/30 22:19
1727735356,1727735356,0,1,-5.596581459,3.002263308,487831.125,20,12,11.19999981,2024/9/30 22:29
1727735956,1727735956,0,1,32.4132843,-4.962910175,487290.6875,18,10,54.70000076,2024/9/30 22:39
1727736556,1727736556,0,1,69.56110382,-23.14627075,491956.4688,27,12,58.40000153,2024/9/30 22:49
1727737156,1727737156,0,1,69.69392395,-164.6566315,487988.0313,32,12,0.400000006,2024/9/30 22:59
1727737757,1727737756,0,1,32.47327423,177.0189209,477006.2813,25,11,-9.300000191,2024/9/30 23:09
1727738357,1727738356,0,1,-5.666594982,169.0335541,475627.75,27,12,41.59999847,2024/9/30 23:19
1727738957,1727738956,0,1,-43.63568878,160.1514893,490114.375,30,13,-4,2024/9/30 23:29
1727739557,1727739556,0,1,-79.25575256,121.5154953,504820.8125,25,12,-36.5,2024/9/30 23:39
1727740157,1727740157,0,1,-59.07813263,-5.193873405,503607.5625,27,11,17.70000076,2024/9/30 23:49
1727740757,1727740757,0,1,-21.56303215,-17.28511047,491710.875,24,12,3.799999952,2024/9/30 23:59
1727741357,1727741357,0,1,16.4669838,-24.93262291,486113.25,24,12,25.5,2024/10/1 0:09
1727741957,1727741957,0,1,54.20849609,-35.61845016,490316.9688,25,11,58.79999924,2024/10/1 0:19
1727742557,1727742557,0,1,82.02661896,-139.5842743,491029.3125,28,14,2.599999905,2024/10/1 0:29
1727743157,1727743157,0,1,48.34819031,158.1734009,481356.9063,28,12,8.800000191,2024/10/1 0:39
1727743758,1727743757,0,1,10.38111877,148.6336517,473994.0313,26,12,47.40000153,2024/10/1 0:49
1727744358,1727744357,0,1,-27.75684738,140.8458099,482703.5,29,13,17.79999924,2024/10/1 0:59
1727744958,1727744957,0,1,-65.12994385,125.9815903,500013.8438,30,11,-32.70000076,2024/10/1 1:09
1727745558,1727745557,0,1,-74.04711151,-13.18220806,506299.2188,31,12,6,2024/10/1 1:19
1727746158,1727746158,0,1,-37.44602585,-37.02019501,496961.25,25,11,-5.099999905,2024/10/1 1:29
1727746758,1727746758,0,1,0.478255004,-45.2961731,487049.3438,24,13,-24.70000076,2024/10/1 1:39
1727747358,1727747358,0,1,38.44503403,-53.6574173,488183.7813,22,13,-12.89999962,2024/10/1 1:49
1727747958,1727747958,0,1,75.04491425,-79.35374451,492174.625,29,11,5.5,2024/10/1 1:59
1727748558,1727748558,0,1,63.95052338,142.6861725,486332.75,31,13,7.400000095,2024/10/1 2:09
1727749158,1727749158,0,1,26.40793419,128.4658203,475650.8438,25,11,28.29999924,2024/10/1 2:19
1727749759,1727749758,0,1,-11.7582798,120.7153091,476991.4688,23,10,24.79999924,2024/10/1 2:29
1727750359,1727750358,0,1,-49.62161636,110.9749985,492917.9688,19,10,-16.89999962,2024/10/1 2:39
1727750959,1727750958,0,1,-82.37661743,41.08942032,505734.5,25,13,-2.200000048,2024/10/1 2:49
1727751559,1727751559,0,1,-53.1757164,-55.24175644,501974.2813,29,12,5.800000191,2024/10/1 2:59
1727752159,1727752159,0,1,-15.50270176,-65.67163849,490049.125,27,13,24.60000038,2024/10/1 3:09
1727752759,1727752759,0,1,22.53404999,-73.3289032,486470.7188,25,13,-40.09999847,2024/10/1 3:19
1727753359,1727753359,0,1,60.12068558,-85.81264496,491239.1563,25,13,-46.40000153,2024/10/1 3:29
1727753959,1727753959,0,1,78.33811188,143.7939148,490210.9375,28,13,2.099999905,2024/10/1 3:39
1727754559,1727754559,0,1,42.3405304,109.064621,479745.1875,25,11,-33.40000153,2024/10/1 3:49
1727755159,1727755159,0,1,4.289098263,100.3218231,474399.25,15,12,-9.899999619,2024/10/1 3:59
1727755760,1727755759,0,1,-33.80091858,92.27263641,485517.4375,20,12,-21.70000076,2024/10/1 4:09
1727756360,1727756359,0,1,-70.80999756,72.83905792,502129.4688,26,13,16.70000076,2024/10/1 4:19
1727756960,1727756959,0,1,-68.52626801,-68.44921875,505518.875,26,11,6.199999809,2024/10/1 4:29
1727757560,1727757560,0,1,-31.43013,-85.68421173,494734.7188,28,10,1.299999952,2024/10/1 4:39
1727758160,1727758160,0,1,6.551551819,-93.59416199,486255.625,25,12,-4.400000095,2024/10/1 4:49
1727758760,1727758760,0,1,44.45718384,-102.5644226,488901.3438,22,12,-18.29999924,2024/10/1 4:59
1727759360,1727759360,0,1,79.85500336,-144.3092041,491979.125,28,13,-1.100000024,2024/10/1 5:09
1727759960,1727759960,0,1,58.07803345,91.80126953,484638.2813,29,11,-37.79999924,2024/10/1 5:19
1727760560,1727760560,0,1,20.32925606,80.02101135,475001.2813,22,13,-66.80000305,2024/10/1 5:29
1727761161,1727761160,0,1,-17.83901596,72.36483002,479220.5625,27,13,-35.09999847,2024/10/1 5:39
1727761761,1727761760,0,1,-55.55873489,61.33812332,495999.5,25,13,35.59999847,2024/10/1 5:49
1727762361,1727762360,0,1,-81.48307037,-50.03207779,506454.5,28,12,-25.20000076,2024/10/1 5:59
1727762961,1727762960,0,1,-47.23749924,-104.6633606,500044.2813,24,11,-9.199999809,2024/10/1 6:09
1727763561,1727763561,0,1,-9.444696426,-114.0026169,488350.625,27,13,-9.699999809,2024/10/1 6:19
1727764161,1727764161,0,1,28.5848732,-121.80159,486620.875,23,12,-44.59999847,2024/10/1 6:29
1727764761,1727764761,0,1,65.94746399,-137.1683655,491504.5313,24,11,6.5,2024/10/1 6:39
1727765361,1727765361,0,1,73.20908356,82.76904297,488871.1563,30,12,-9.300000191,2024/10/1 6:49
1727765961,1727765961,0,1,36.30372238,60.23734283,478138.4688,20,11,-20.70000076,2024/10/1 6:59
1727766561,1727766561,0,1,-1.806558371,52.02371216,475324.5,24,12,-47.70000076,2024/10/1 7:09
1727767162,1727767161,0,1,-39.82666779,43.53632355,488508.8125,23,13,41.59999847,2024/10/1 7:19
1727767762,1727767761,0,1,-76.17732239,15.37229633,503964.625,23,13,10.5,2024/10/1 7:29
1727768362,1727768361,0,1,-62.84468842,-120.5634232,504373.6875,26,11,-29.70000076,2024/10/1 7:39
1727768962,1727768961,0,1,-25.39643288,-134.2073059,492534.4688,23,12,-12.60000038,2024/10/1 7:49
1727769562,1727769562,0,1,12.62444305,-141.9128571,485718.1563,26,12,-11.10000038,2024/10/1 7:59
1727770162,1727770162,0,1,50.44359207,-151.7980194,489513.6563,23,10,2.5,2024/10/1 8:09
1727770762,1727770762,0,1,82.54275513,131.5402527,491401.1875,29,12,4.099999905,2024/10/1 8:19
1727773763,1727773762,0,1,-77.35932922,-122.3213272,506357.2188,18,12,-38.40000153,2024/10/1 9:09
1727774363,1727774362,0,1,-41.31044769,-153.6844788,497865.4063,28,11,-4.400000095,2024/10/1 9:19
1727774963,1727774962,0,1,-3.363404989,-162.3106995,487039.4688,27,11,15.19999981,2024/10/1 9:29
1727775563,1727775563,0,1,34.63774109,-170.4005585,487192.125,25,12,-13,2024/10/1 9:39
1727776163,1727776163,0,1,71.62738037,169.2101746,491805.8125,25,13,3,2024/10/1 9:49
1727776763,1727776763,0,1,67.59348297,28.12973976,487334.4375,13,12,19.10000038,2024/10/1 9:59
1727778563,1727778563,0,1,-45.84388351,-5.442773342,491285.9063,20,12,23.79999924,2024/10/1 10:29
1727779164,1727779163,0,1,-80.70001221,-52.79754257,505153.1875,26,13,-23.89999962,2024/10/1 10:39
1727779764,1727779763,0,1,-56.97280502,-171.2126312,502820.625,27,12,-38,2024/10/1 10:49
1727780364,1727780363,0,1,-19.39176369,177.374588,490619.75,27,11,56.09999847,2024/10/1 10:59
1727780964,1727780964,0,1,18.71080399,169.7240448,485752.3125,28,11,11.69999981,2024/10/1 11:09
1727781564,1727781564,0,1,56.40512085,158.4610291,490337.125,24,12,22.5,2024/10/1 11:19
1727782164,1727782164,0,1,80.95133972,41.97251892,490625.4063,30,12,19,2024/10/1 11:29
1727782764,1727782764,0,1,46.12449265,-7.480816841,480760.875,27,11,47.5,2024/10/1 11:39
1727783364,1727783364,0,1,8.124411583,-16.68863297,474214.0625,27,13,21.89999962,2024/10/1 11:49
1727783964,1727783964,0,1,-29.99644089,-24.5561161,483773.7813,24,11,6.199999809,2024/10/1 11:59
1727784564,1727784564,0,1,-67.25440979,-40.81735992,500724.5938,24,12,8.899999619,2024/10/1 12:09
1727785165,1727785164,0,1,-72.09745789,178.4795227,505873.5313,27,12,-61.70000076,2024/10/1 12:19
1727785765,1727785764,0,1,-35.27986145,157.525589,495795.4375,27,11,16.29999924,2024/10/1 12:29
1727786365,1727786364,0,1,2.671038389,149.4006653,486290.4688,27,12,60.90000153,2024/10/1 12:39
1727786965,1727786965,0,1,40.68478394,140.8270416,488055.375,26,11,37.5,2024/10/1 12:49
1727787565,1727787565,0,1,76.95703888,110.6042786,491868.7188,29,11,-3.299999952,2024/10/1 12:59
1727788165,1727788165,0,1,61.77040482,-23.74143028,485465.5,23,12,64.5,2024/10/1 13:09
1727788765,1727788765,0,1,24.14022446,-36.91531372,475214.875,24,12,4,2024/10/1 13:19
1727789365,1727789365,0,1,-14.02971458,-44.61662674,477684.4688,22,12,-12.80000019,2024/10/1 13:29
1727789965,1727789965,0,1,-51.84418106,-54.77901459,493999.8125,25,11,10.19999981,2024/10/1 13:39
1727790566,1727790565,0,1,-82.5802002,-141.153183,506013.5313,24,11,-43.59999847,2024/10/1 13:49
1727791166,1727791165,0,1,-51.02376938,138.9907379,501223.5625,29,14,-18.70000076,2024/10/1 13:59
1727791766,1727791765,0,1,-13.30313206,129.0065002,489265.75,30,12,43.59999847,2024/10/1 14:09
1727792366,1727792365,0,1,24.79735947,121.2982178,486315.5938,24,10,20.39999962,2024/10/1 14:19
1727792966,1727792965,0,1,62.31280899,107.8994598,491157.4063,28,13,-28.60000038,2024/10/1 14:29
1727793566,1727793566,0,1,76.50792694,-27.45989418,489437.8438,29,13,45.09999847,2024/10/1 14:39
1727794166,1727794166,0,1,40.07944489,-56.48003006,478814.625,23,11,-19.39999962,2024/10/1 14:49
1727794766,1727794766,0,1,2.000225067,-64.99806213,474391.7813,25,11,-4.199999809,2024/10/1 14:59
1727795366,1727795366,0,1,-36.06839371,-73.18982697,486421.0313,21,11,16.29999924,2024/10/1 15:09
1727795966,1727795966,0,1,-72.88082886,-95.21537781,502795.7813,25,13,-21.60000038,2024/10/1 15:19
1727796567,1727796566,0,1,-66.44429016,124.5846252,505163.5,29,12,-30.39999962,2024/10/1 15:29
1727797167,1727797166,0,1,-29.22705841,108.9110336,494034.7813,29,12,-39.70000076,2024/10/1 15:39
1727797767,1727797766,0,1,8.769550323,101.0927277,486120.6875,28,14,-18.89999962,2024/10/1 15:49
1727798367,1727798366,0,1,46.70848083,91.80912781,489190.7188,27,12,-45.70000076,2024/10/1 15:59
1727798967,1727798967,0,1,81.2516098,39.6310997,491705,28,12,20.5,2024/10/1 16:09
1727799567,1727799567,0,1,55.85053635,-74.21824646,483747.5625,27,11,-35.40000153,2024/10/1 16:19
1727800167,1727800167,0,1,18.03904915,-85.33644867,474430.6563,21,9,-11.80000019,2024/10/1 16:29
1727800767,1727800767,0,1,-20.12921715,-92.99125671,479708.0625,18,11,-2.5,2024/10/1 16:39
1727801367,1727801367,0,1,-57.78779984,-104.6629562,496773.6875,23,13,-16.29999924,2024/10/1 16:49
1727801967,1727801967,0,1,-80.15814972,133.2377472,506393.2813,27,11,-43.09999847,2024/10/1 16:59
1727802568,1727802567,0,1,-45.04420853,89.71486664,499311.7188,28,11,8.100000381,2024/10/1 17:09
1727803168,1727803167,0,1,-7.216666698,80.68011475,488080.9063,27,12,-84,2024/10/1 17:19
1727803768,1727803767,0,1,30.80224419,72.79454803,487015.875,23,13,-45.70000076,2024/10/1 17:29
1727804368,1727804367,0,1,68.10919189,55.86542892,491762.2813,21,13,-0.600000024,2024/10/1 17:39
1727804968,1727804968,0,1,71.1319809,-85.41812134,488281.2813,24,12,-16.89999962,2024/10/1 17:49
1727805568,1727805568,0,1,34.02280045,-105.2330093,477308.875,23,11,-22.10000038,2024/10/1 17:59
1727806168,1727806168,0,1,-4.107850075,-113.3001556,475296.0938,23,13,-17.20000076,2024/10/1 18:09
1727806768,1727806768,0,1,-42.10111618,-122.0081863,489241.9375,20,11,-12.19999981,2024/10/1 18:19
1727807368,1727807368,0,1,-78.04540253,-155.6234131,504304.5313,24,13,-53.20000076,2024/10/1 18:29
1727807968,1727807968,0,1,-60.63549805,73.0866394,503762.7188,29,11,26.70000076,2024/10/1 18:39
1727808569,1727808568,0,1,-23.16873741,60.42183685,491950.8438,26,12,-3.400000095,2024/10/1 18:49
1727809169,1727809168,0,1,14.8588686,52.75828552,485881.5313,20,13,-28.89999962,2024/10/1 18:59
1727810369,1727810368,0,1,82.46144104,-51.13715363,491075.9063,29,12,19.20000076,2024/10/1 19:19
1727810969,1727810969,0,1,49.86896133,-123.9005203,481783.7188,26,13,-17.60000038,2024/10/1 19:29
1727811569,1727811569,0,1,11.92838192,-133.695755,474016.5625,24,12,-25.39999962,2024/10/1 19:39
1727812169,1727812169,0,1,-26.21819496,-141.4386597,482013.3125,23,12,-9.300000191,2024/10/1 19:49
1727812769,1727812769,0,1,-63.66074753,-155.4891815,499301.1563,22,13,-43.29999924,2024/10/1 19:59
1727813369,1727813369,0,1,-75.44013977,67.25940704,506191.375,29,12,10.60000038,2024/10/1 20:09
1727813969,1727813969,0,1,-39.03070831,40.77959061,497156.875,25,12,37.40000153,2024/10/1 20:19
1727814570,1727814569,0,1,-1.120658278,32.37691116,486853.6875,24,12,-15.69999981,2024/10/1 20:29
1727815170,1727815169,0,1,36.86340332,24.13816261,487484.2813,11,10,35.09999847,2024/10/1 20:39
1727816370,1727816370,0,1,65.40541077,-138.7734833,486384.8125,25,10,8.899999619,2024/10/1 20:59
1727816970,1727816970,0,1,27.92687607,-153.8211517,475719.125,28,12,-10.19999981,2024/10/1 21:09
1727817570,1727817570,0,1,-10.23594475,-161.6172791,476489.4375,25,12,13.60000038,2024/10/1 21:19
1727818170,1727818170,0,1,-48.12844849,-171.1113129,492173.125,22,12,-14,2024/10/1 21:29
1727818770,1727818770,0,1,-81.88283539,129.0121155,505525.7188,26,13,-40.29999924,2024/10/1 21:39
1727819370,1727819370,0,1,-54.71821976,22.81613159,502268.0938,27,11,33.59999847,2024/10/1 21:49
1727819970,1727819970,0,1,-17.08048248,12.01808643,490177.1563,25,12,21.89999962,2024/10/1 21:59
1727820571,1727820570,0,1,20.95931244,4.374438286,485886.8125,17,11,29.20000076,2024/10/1 22:09
1727821171,1727821170,0,1,58.596035,-7.566351891,490430.4375,25,12,56.79999924,2024/10/1 22:19
1727821771,1727821770,0,1,79.49734497,-133.2412415,489897.7813,29,13,-3.200000048,2024/10/1 22:29
1727822371,1727822371,0,1,43.8250885,-173.10672,479602.5,26,11,-6.199999809,2024/10/1 22:39
1727822971,1727822971,0,1,5.787723541,177.9803314,473854.5,26,13,18.20000076,2024/10/1 22:49
1727823571,1727823571,0,1,-32.31835938,170.0076447,484545.4688,27,13,37.70000076,2024/10/1 22:59
1727824171,1727824171,0,1,-69.43460083,151.9502716,501604.75,27,13,-55.29999924,2024/10/1 23:09
1727824771,1727824771,0,1,-69.96621704,10.61518002,505707.5938,29,12,14.10000038,2024/10/1 23:19
1727825371,1727825371,0,1,-32.97122955,-7.935689926,495192.0625,28,13,15.69999981,2024/10/1 23:29
1727825972,1727825971,0,1,4.998310089,-15.92500496,486164.2188,23,11,19,2024/10/1 23:39
1727826572,1727826571,0,1,42.92461395,-24.71822739,488213.4063,22,10,61.79999924,2024/10/1 23:49
1727827172,1727827171,0,1,78.74347687,-61.05475998,491431.8125,31,12,23.39999962,2024/10/1 23:59
1727827772,1727827771,0,1,59.51165009,169.9778595,484336,28,11,6.699999809,2024/10/2 0:09
1727828372,1727828372,0,1,21.79956627,157.7023163,474437.1875,25,12,20.5,2024/10/2 0:19
1727828972,1727828972,0,1,-16.37532425,150.0325012,478129.7813,25,13,63.70000076,2024/10/2 0:29
1727829572,1727829572,0,1,-54.13568878,139.3618317,495086.1563,29,11,-22.20000076,2024/10/2 0:39
1727830172,1727830172,0,1,-82.09436035,36.65436935,506291,28,13,-0.300000012,2024/10/2 0:49
1727830772,1727830772,0,1,-48.73091888,-26.75764275,500597.8125,26,12,12.89999962,2024/10/2 0:59
1727831372,1727831372,0,1,-10.96695805,-36.33333206,488762.5625,25,12,-9.899999619,2024/10/2 1:09
1727831973,1727831972,0,1,27.06603622,-44.0855217,486360.875,23,12,-1,2024/10/2 1:19
1727832573,1727832572,0,1,64.49680328,-58.58892822,491017.8438,27,11,16.79999924,2024/10/2 1:29
1727833173,1727833172,0,1,74.55389404,162.7821808,488601.9688,25,12,0.899999976,2024/10/2 1:39
1727833773,1727833772,0,1,37.74440765,137.9926605,477746.2813,30,12,36.5,2024/10/2 1:49
1727834373,1727834373,0,1,-0.361084998,129.6712189,474313.1563,27,12,74.5,2024/10/2 1:59
1727834973,1727834973,0,1,-38.40528107,121.3045349,487392.5313,21,10,-34.59999847,2024/10/2 2:09
1727835573,1727835573,0,1,-74.95726776,95.79701996,503433.25,25,11,-5.800000191,2024/10/2 2:19
1727836173,1727836173,0,1,-64.21122742,-42.17651367,504748.7813,29,13,15.69999981,2024/10/2 2:29
1727836773,1727836773,0,1,-26.88669586,-56.50224686,493236.5938,26,13,13,2024/10/2 2:39
1727837373,1727837373,0,1,11.12367535,-64.24526215,485925.6563,23,12,-30.10000038,2024/10/2 2:49
1727837974,1727837973,0,1,48.96644211,-73.86998749,489235.7813,20,13,-34.40000153,2024/10/2 2:59
1727838574,1727838573,0,1,82.22377014,-139.9185028,491173.25,27,14,2.900000095,2024/10/2 3:09
1727839174,1727839173,0,1,53.5986557,119.8725128,482636.4375,32,11,-8.899999619,2024/10/2 3:19
1727839774,1727839773,0,1,15.66701794,109.304451,473955.5625,26,11,-7.099999905,2024/10/2 3:29
1727840374,1727840374,0,1,-22.49712181,101.6308365,480447.1875,24,12,-42.20000076,2024/10/2 3:39
1727840974,1727840974,0,1,-60.08108902,89.16533661,497743.625,27,13,9.699999809,2024/10/2 3:49
1727841574,1727841574,0,1,-78.47145844,-40.70687485,506406.6875,28,12,-15.5,2024/10/2 3:59
1727842174,1727842174,0,1,-42.7106781,-75.89320374,498487.2813,25,12,10.30000019,2024/10/2 4:09
1727842774,1727842774,0,1,-4.8479352,-84.65109253,487402.4063,25,13,-1.399999976,2024/10/2 4:19
1727843374,1727843374,0,1,33.16170883,-92.65299988,486931.875,21,12,-27.29999924,2024/10/2 4:29
1727843975,1727843974,0,1,70.26512909,-111.5184326,491439.375,28,13,-21,2024/10/2 4:39
1727844575,1727844574,0,1,68.98373413,106.9863052,487261.3125,30,12,-14.5,2024/10/2 4:49
1727845175,1727845174,0,1,31.70815659,89.3225708,476503.625,29,11,-36.70000076,2024/10/2 4:59
1727845775,1727845774,0,1,-6.501366615,81.36569214,475811.9688,26,12,-85.80000305,2024/10/2 5:09
1727846375,1727846375,0,1,-44.45690536,72.38954926,490569.7188,23,11,28.10000038,2024/10/2 5:19
1727846975,1727846975,0,1,-79.79653931,31.00195694,505023.4688,26,12,4,2024/10/2 5:29
1727847575,1727847575,0,1,-58.3396225,-93.12076569,503331.3438,27,12,-10.80000019,2024/10/2 5:39
1727848175,1727848175,0,1,-20.79924202,-104.9555511,491103.2813,23,12,-3.099999905,2024/10/2 5:49
1727848775,1727848775,0,1,17.23788261,-112.5948792,485544.4688,22,12,-37.79999924,2024/10/2 5:59
1727849375,1727849375,0,1,54.96969986,-123.4656982,489770.4063,20,12,-11.19999981,2024/10/2 6:09
1727849976,1727849975,0,1,81.7089386,127.7905197,490331.25,31,12,2.5,2024/10/2 6:19
1727850576,1727850575,0,1,47.57035828,70.38751984,480835.125,26,11,-39.79999924,2024/10/2 6:29
1727851176,1727851175,0,1,9.589123726,60.97334671,474042.875,25,12,-62.09999847,2024/10/2 6:39
1727851776,1727851775,0,1,-28.6054306,53.14786148,483216.9063,22,14,9.600000381,2024/10/2 6:49
1727852376,1727852376,0,1,-65.93573761,37.79454803,500401.25,24,11,23.5,2024/10/2 6:59
1727852976,1727852976,0,1,-73.35522461,-102.0245743,506127.875,25,12,-25.29999924,2024/10/2 7:09
1727853576,1727853576,0,1,-36.66816711,-124.7360458,496222.3438,26,12,-11.60000038,2024/10/2 7:19
1727854176,1727854176,0,1,1.270738363,-132.9528656,486168.125,22,12,-11,2024/10/2 7:29
1727854776,1727854776,0,1,39.23932648,-141.3800049,487396.5313,17,11,-31.79999924,2024/10/2 7:39
1727855377,1727855376,0,1,75.7416687,-168.5432739,491343.3125,26,12,1.200000048,2024/10/2 7:49
1727855977,1727855976,0,1,63.16707993,54.59872818,485543.5938,14,13,0.800000012,2024/10/2 7:59
1727856577,1727856576,0,1,25.58820915,40.78026962,475320.4063,13,12,10.10000038,2024/10/2 8:09
1727857177,1727857176,0,1,-12.57906342,33.05031586,477345.1563,24,13,-12.80000019,2024/10/2 8:19
1727857777,1727857777,0,1,-50.48506546,23.1413517,493473.7813,20,12,35.09999847,2024/10/2 8:29
1727858377,1727858377,0,1,-82.53504944,-53.01286316,505869.75,25,13,-22.29999924,2024/10/2 8:39
1727858977,1727858977,0,1,-52.38069534,-143.0817413,501425.9375,29,12,-18.10000038,2024/10/2 8:49
1727859577,1727859577,0,1,-14.6854353,-153.3393402,489164.25,25,11,4.900000095,2024/10/2 8:59
1727860177,1727860177,0,1,23.358778,-161.0092316,485584.875,20,10,5.699999809,2024/10/2 9:09
1727860777,1727860777,0,1,60.92862701,-173.8120117,490363.875,23,11,6.599999905,2024/10/2 9:19
1727861378,1727861377,0,1,77.67594147,53.7168045,489292.25,26,12,6.300000191,2024/10/2 9:29
1727863178,1727863177,0,1,-34.71167374,4.5381217,485853.1875,24,10,20.39999962,2024/10/2 9:59
1727863778,1727863778,0,1,-71.64577484,-15.86244297,502359.125,27,13,5,2024/10/2 10:09
1727864378,1727864378,0,1,-67.7288208,-156.7895355,505227.75,28,13,-55.20000076,2024/10/2 10:19
1727864978,1727864978,0,1,-30.58151627,-173.3895264,493992.2188,29,11,29.70000076,2024/10/2 10:29
1727865578,1727865578,0,1,7.41116333,178.7359161,485521.5938,26,11,16.20000076,2024/10/2 10:39
1727866178,1727866178,0,1,45.31245422,169.6530609,488234.9375,23,12,-6,2024/10/2 10:49
1727866778,1727866778,0,1,80.42730713,124.2759018,491178.2813,29,12,0.899999976,2024/10/2 10:59
1727867379,1727867378,0,1,57.21945953,3.851206779,483672.0313,13,11,43.29999924,2024/10/2 11:09
1727867979,1727867978,0,1,19.44176292,-7.665213108,474351.1875,21,12,27.10000038,2024/10/2 11:19
1727868579,1727868578,0,1,-18.72902679,-15.32132816,479125.5938,21,12,6.699999809,2024/10/2 11:29
1727869179,1727869178,0,1,-56.48847198,-26.6212616,496122.5313,18,13,17,2024/10/2 11:39
1727869779,1727869779,0,1,-80.97360229,-142.8795929,506212.7188,26,13,-47.29999924,2024/10/2 11:49
1727870379,1727870379,0,1,-46.3564949,167.5348663,499426.2188,27,10,2.099999905,2024/10/2 11:59
1727870979,1727870979,0,1,-8.546346664,158.320343,487710.9688,29,14,63.79999924,2024/10/2 12:09
1727871579,1727871579,0,1,29.48376656,150.4859314,486156.0938,23,12,19.5,2024/10/2 12:19
1727872179,1727872179,0,1,66.80702209,134.5376892,490954.75,32,12,-2.400000095,2024/10/2 12:29
1727872779,1727872779,0,1,72.38417816,-6.129421711,487924.8125,31,12,51.70000076,2024/10/2 12:39
1727873380,1727873379,0,1,35.38622284,-27.50033188,477144.5313,23,12,46.5,2024/10/2 12:49
1727873980,1727873979,0,1,-2.737528324,-35.65454865,474797.6875,26,13,-10,2024/10/2 12:59
1727874580,1727874579,0,1,-40.75035477,-44.22966766,488509.3438,18,10,-6.900000095,2024/10/2 13:09
1727875180,1727875180,0,1,-77.00374603,-74.58302307,503961.8125,19,10,-20.89999962,2024/10/2 13:19
1727875780,1727875780,0,1,-61.8862381,151.2801666,504048.9375,26,12,-34.79999924,2024/10/2 13:29
1727876380,1727876380,0,1,-24.46455956,138.0883484,492131.625,29,13,24.20000076,2024/10/2 13:39
1727876980,1727876980,0,1,13.56066322,130.4012756,485443.1563,23,12,50.79999924,2024/10/2 13:49
1727877580,1727877580,0,1,51.3657074,120.3387604,489211.4375,22,12,-4.400000095,2024/10/2 13:59
1727878180,1727878180,0,1,82.59431458,36.69021988,490615.375,26,12,20.10000038,2024/10/2 14:09
1727878780,1727878780,0,1,51.1944809,-46.00115585,481619.5625,27,11,30.70000076,2024/10/2 14:19
1727879381,1727879380,0,1,13.2743597,-56.04439545,473696.125,23,11,-46.90000153,2024/10/2 14:29
1727879981,1727879980,0,1,-24.88113213,-63.75675964,481271.2188,23,11,25.89999962,2024/10/2 14:39
1727880581,1727880580,0,1,-62.37839127,-77.18247223,498714.625,24,12,-0.899999976,2024/10/2 14:49
1727881181,1727881180,0,1,-76.51625061,147.5162506,506329.5938,27,12,-57.70000076,2024/10/2 14:59
1727881781,1727881781,0,1,-40.2930069,118.520668,497618.625,31,12,-33.59999847,2024/10/2 15:09
1727882381,1727882381,0,1,-2.397938251,110.0063095,486862.9688,29,13,32.20000076,2024/10/2 15:19
1727882981,1727882981,0,1,35.59734726,101.8570175,487076.8438,13,10,-40.59999847,2024/10/2 15:29
1727883581,1727883581,0,1,72.50874329,80.34255219,491325.5,30,14,-10,2024/10/2 15:39
1727884181,1727884181,0,1,66.67269135,-60.26820374,486387.2813,30,12,16.89999962,2024/10/2 15:49
1727884781,1727884781,0,1,29.25545502,-76.13067627,475753.9688,22,10,-46.09999847,2024/10/2 15:59
1727885382,1727885381,0,1,-8.904384613,-83.97090149,476033.5,22,13,-2.099999905,2024/10/2 16:09
1727885982,1727885981,0,1,-46.82200623,-93.26372528,491486.6563,23,12,-3.900000095,2024/10/2 16:19
1727886582,1727886581,0,1,-81.26405334,-145.5358734,505299.4375,27,12,-47.29999924,2024/10/2 16:29
1727887182,1727887181,0,1,-55.94949341,100.7757797,502589.5,28,13,-0.899999976,2024/10/2 16:39
1727887782,1727887782,0,1,-18.34214592,89.65934753,490451.5,25,12,-52.29999924,2024/10/2 16:49
1727888382,1727888382,0,1,19.69795609,82.02430725,485732.5,22,12,-65.80000305,2024/10/2 16:59
1727888982,1727888982,0,1,57.37002182,70.48220825,490160.7188,25,12,-25.29999924,2024/10/2 17:09
1727889582,1727889582,0,1,80.3514328,-50.46773529,489933.7813,30,12,27,2024/10/2 17:19
1727890182,1727890182,0,1,45.1363945,-95.30709076,479920.4063,26,11,-27,2024/10/2 17:29
1727890783,1727890782,0,1,7.116161823,-104.3789215,473746.125,26,12,-18.79999924,2024/10/2 17:39
1727891383,1727891382,0,1,-31.00141144,-112.285965,483889.0625,22,11,-9,2024/10/2 17:49
1727891983,1727891982,0,1,-68.20375061,-129.2678528,500980.375,24,12,-40.59999847,2024/10/2 17:59
1727892583,1727892582,0,1,-71.18131256,89.60261536,505674.2188,28,13,6.699999809,2024/10/2 18:09
1727893183,1727893183,0,1,-34.21695709,69.75595093,495361.5313,25,11,14.10000038,2024/10/2 18:19
1727893783,1727893783,0,1,3.744548321,61.69952774,486059.75,23,13,-66.90000153,2024/10/2 18:29
1727895583,1727895583,0,1,60.78357315,-111.8753281,484683.25,30,11,-30.20000076,2024/10/2 18:59
1727896183,1727896183,0,1,23.11314583,-124.6323929,474646.9688,24,12,-45.90000153,2024/10/2 19:09
1727896784,1727896783,0,1,-15.06095695,-132.315918,477730.3438,26,12,-9.899999619,2024/10/2 19:19
1727897384,1727897383,0,1,-52.85322952,-142.6895447,494378.375,23,11,-18.39999962,2024/10/2 19:29
1727897984,1727897983,0,1,-82.45265961,123.4717865,506028.6875,29,12,-34.59999847,2024/10/2 19:39
1727898584,1727898583,0,1,-50.01525116,51.10299301,500688,25,14,44.40000153,2024/10/2 19:49
1727899184,1727899184,0,1,-12.20884991,41.29530716,488686,24,10,-26.29999924,2024/10/2 19:59
1727899784,1727899775,0,1,25.83109283,33.57673645,485784.5313,5,0,13.89999962,2024/10/2 20:09
1727902184,1727902184,0,1,0.935561657,-152.6937103,474109.8438,7,12,14.5,2024/10/2 20:49
1727902785,1727902784,0,1,-37.12330627,-160.961853,486723.4688,25,12,4.800000191,2024/10/2 20:59
1727903385,1727903384,0,1,-73.82613373,175.5564728,503058.7813,26,12,-59.59999847,2024/10/2 21:09
1727903985,1727903984,0,1,-65.43867493,36.21050644,504814.3438,30,12,23.89999962,2024/10/2 21:19
1727904585,1727904584,0,1,-28.10639572,21.16232491,493284.2188,24,12,31,2024/10/2 21:29
1727905185,1727905185,0,1,9.900959969,13.38109875,485422.25,19,10,15.80000019,2024/10/2 21:39
1727906985,1727906985,0,1,54.7795639,-162.206543,482445.875,25,12,16.60000038,2024/10/2 22:09
1727907585,1727907585,0,1,16.93460274,-173.0495605,473657.5,24,12,8.199999809,2024/10/2 22:19
1727908185,1727908185,0,1,-21.23539925,179.2863922,479693.9375,23,11,50.09999847,2024/10/2 22:29
1727908786,1727908785,0,1,-58.86040878,167.2559509,497187.4688,27,11,-40.5,2024/10/2 22:39
1727909386,1727909385,0,1,-79.39877319,41.18122482,506353.6563,27,13,5.400000095,2024/10/2 22:49
1727909986,1727909985,0,1,-43.95436859,1.884071708,498788.5,26,13,21.20000076,2024/10/2 22:59
1727910586,1727910586,0,1,-6.045381546,-7.032048225,487340.0625,23,10,15.89999962,2024/10/2 23:09
1727911186,1727911186,0,1,31.97347641,-14.97572327,486297.0313,22,10,40.59999847,2024/10/2 23:19
1727911786,1727911786,0,1,69.15935516,-32.78990555,490707.5,27,12,55.79999924,2024/10/2 23:29
1727912386,1727912386,0,1,70.08363342,-174.2937012,486843.5313,28,13,0.5,2024/10/2 23:39
1727912986,1727912986,0,1,32.88075256,166.9999237,476087.6875,26,10,-8.899999619,2024/10/2 23:49
1727913586,1727913586,0,1,-5.264110088,158.9927063,474913.8438,29,13,61.20000076,2024/10/2 23:59
1727914186,1727914186,0,1,-43.24215698,150.1559906,489690.3125,30,11,-8.5,2024/10/3 0:09
1727914787,1727914786,0,1,-78.91900635,113.0844955,504682.0938,25,13,-27.79999924,2024/10/3 0:19
1727915387,1727915386,0,1,-59.52579498,-15.05514622,503610.6563,30,12,19.79999924,2024/10/3 0:29
1727915987,1727915986,0,1,-22.02400398,-27.30506134,491446.7188,23,14,-6.300000191,2024/10/3 0:39
1727916587,1727916586,0,1,16.07299042,-34.97039413,485335.1875,23,13,-3,2024/10/3 0:49
1727917187,1727917187,0,1,53.83169556,-45.56678772,489164.8438,23,12,36.09999847,2024/10/3 0:59
1727917787,1727917787,0,1,82.15786743,-147.1328888,489858.0313,29,12,3.400000095,2024/10/3 1:09
1727918387,1727918387,0,1,48.70631409,148.1857452,480385.625,27,11,20.29999924,2024/10/3 1:19
1727918987,1727918987,0,1,10.73670006,138.5875549,473242,31,13,54.29999924,2024/10/3 1:29
1727919587,1727919587,0,1,-27.40804291,130.8106689,482176.2188,22,12,-4,2024/10/3 1:39
1727920187,1727920187,0,1,-64.79859161,116.1413574,499739.1875,25,11,-21.79999924,2024/10/3 1:49
1727920788,1727920787,0,1,-74.4098053,-22.5579319,506245.625,25,12,-0.200000003,2024/10/3 1:59
1727921388,1727921387,0,1,-37.854702,-47.02552032,496814.0938,26,12,-4.599999905,2024/10/3 2:09
1727921988,1727921987,0,1,0.06848,-55.33259201,486467.125,25,13,-24.29999924,2024/10/3 2:19
1727922588,1727922588,0,1,38.10896683,-63.67963409,487160.8125,21,11,-33.5,2024/10/3 2:29
1727923188,1727923188,0,1,74.75955963,-88.82285309,490994.8125,29,13,-4.900000095,2024/10/3 2:39
1727923788,1727923788,0,1,64.25437164,132.8075409,485292.625,34,12,-1.899999976,2024/10/3 2:49
1727924388,1727924388,0,1,26.71558762,118.4226837,474858.8438,23,11,7,2024/10/3 2:59
1727924988,1727924988,0,1,-11.45565796,110.6635437,476428.625,25,12,2.5,2024/10/3 3:09
1727925588,1727925588,0,1,-49.32690048,100.9748688,492584.8125,28,11,-4.199999809,2024/10/3 3:19
1727926189,1727926188,0,1,-82.30096436,33.16963196,505628.125,28,13,0.300000012,2024/10/3 3:29
1727926789,1727926788,0,1,-53.53166962,-65.19967651,501864.7813,23,10,12.5,2024/10/3 3:39
1727927389,1727927388,0,1,-15.86443138,-75.70964813,489609,23,10,12.69999981,2024/10/3 3:49
1727927989,1727927988,0,1,22.24231148,-83.37620544,485504.125,18,13,-17.5,2024/10/3 3:59
1727928589,1727928588,0,1,59.8479805,-95.75628662,490004.5625,21,14,-47,2024/10/3 4:09
1727929189,1727929189,0,1,78.54613495,134.5625458,489015.7813,28,12,0.800000012,2024/10/3 4:19
1727929789,1727929789,0,1,42.59769821,99.03252411,478815.8125,27,12,-55.79999924,2024/10/3 4:29
1727930389,1727930389,0,1,4.54175663,90.26219177,473801.9375,29,12,-58.90000153,2024/10/3 4:39
1727930989,1727930989,0,1,-33.5534668,82.22758484,485170.875,21,11,-4.099999905,2024/10/3 4:49
1727931589,1727931589,0,1,-70.58104706,63.04359436,502050.25,26,13,24.39999962,2024/10/3 4:59
1727932190,1727932189,0,1,-68.82028198,-78.23486328,505529.5313,27,12,-7.300000191,2024/10/3 5:09
1727932790,1727932789,0,1,-31.74267387,-95.7173233,494484.8438,23,11,-4.199999809,2024/10/3 5:19
1727933390,1727933389,0,1,6.241261482,-103.6416931,485501.7813,22,12,-17.5,2024/10/3 5:29
1727933990,1727933989,0,1,44.22256851,-112.5957565,487707.4375,19,13,-10.69999981,2024/10/3 5:39
1727934590,1727934590,0,1,79.70098877,-153.4736328,490686.375,26,11,-0.699999988,2024/10/3 5:49
1727935190,1727935190,0,1,58.28602219,81.80541992,483523.0938,32,13,-33.90000153,2024/10/3 5:59
1727935790,1727935790,0,1,20.53352928,69.95774841,474189.8438,22,11,-58.70000076,2024/10/3 6:09
1727936390,1727936390,0,1,-17.64012146,62.30051422,478717.3438,25,11,-18.89999962,2024/10/3 6:19
1727936990,1727936990,0,1,-55.36618042,51.325634,495788.875,23,10,39.79999924,2024/10/3 6:29
1727937590,1727937590,0,1,-81.57970428,-58.95201111,506394.6875,28,13,-25.39999962,2024/10/3 6:39
1727938191,1727938190,0,1,-47.49575043,-114.679657,499892.4063,26,10,-9.600000381,2024/10/3 6:49
1727938791,1727938790,0,1,-9.704565048,-124.0571899,487805.3125,24,12,-10.80000019,2024/10/3 6:59
1727939391,1727939390,0,1,28.33300591,-131.8478851,485600.5313,23,12,-37.79999924,2024/10/3 7:09
1727939991,1727939991,0,1,65.77785492,-147.1226807,490250.7813,25,11,10.5,2024/10/3 7:19
1727940591,1727940591,0,1,73.35836029,72.93416595,487673.1875,28,12,-6.699999809,2024/10/3 7:29
1727941791,1727941791,0,1,-1.657554984,41.94979858,474661.125,15,13,-35.79999924,2024/10/3 7:49
1727942391,1727942391,0,1,-39.68259048,33.47500992,488179.8438,23,12,33.20000076,2024/10/3 7:59
1727942991,1727942991,0,1,-76.0549469,5.604454994,503868.5938,28,13,7.099999905,2024/10/3 8:09
1727943591,1727943591,0,1,-62.98514175,-130.5660095,504291.625,29,12,-34.70000076,2024/10/3 8:19
1727944192,1727944191,0,1,-25.6048317,-144.2632599,492187.625,25,11,-7,2024/10/3 8:29
1727944792,1727944791,0,1,12.41997147,-151.9741821,484901.9375,21,11,-0.200000003,2024/10/3 8:39
1727945392,1727945391,0,1,50.25169373,-161.825119,488326.2813,23,10,8.600000381,2024/10/3 8:49
1727945992,1727945992,0,1,82.52796173,122.3623962,490114.7813,27,11,5,2024/10/3 8:59
1727947792,1727947792,0,1,-23.82329178,13.87159538,480965.3438,19,12,29.20000076,2024/10/3 9:29
1727948392,1727948392,0,1,-61.35800934,0.893533349,498406.875,24,14,14.30000019,2024/10/3 9:39
1727948992,1727948992,0,1,-77.43505859,-132.1620178,506332.625,26,12,-43.40000153,2024/10/3 9:49
1727949592,1727949592,0,1,-41.40391922,-163.7565308,497658.25,23,10,1.5,2024/10/3 9:59
1727950193,1727950193,0,1,-3.455293417,-172.3923035,486431.875,23,11,17.5,2024/10/3 10:09
1727950793,1727950793,0,1,34.55379105,179.5220642,486152.7188,22,11,-9.399999619,2024/10/3 10:19
1727951393,1727951393,0,1,71.56032562,159.2116852,490539.1875,24,12,2.299999952,2024/10/3 10:29
1727951994,1727951993,0,1,67.65107727,18.09059143,486095.7188,10,13,31.29999924,2024/10/3 10:39
1727954994,1727954995,0,1,-56.89034653,178.6483917,502653.6875,13,0,-39.79999924,2024/10/3 11:29
1727956795,1727935912,1803886263,1,56.50422668,148.3168335,489169.2813,6,0,18.10000038,2024/10/3 11:59
1727957395,1727936512,1803886263,1,80.88606262,31.28052711,489305.6563,12,0,24.60000038,2024/10/3 12:09
1727959195,1727938312,1803886263,1,-30.13534927,-34.68156815,483465.5625,10,0,0.699999988,2024/10/3 12:39
1727959795,1727938912,1803886263,1,-67.38607025,-51.0387764,500704.875,9,0,7.900000095,2024/10/3 12:49
1727960395,1727939512,1803886263,1,-71.97254181,168.1899109,505827.8125,16,0,-54.59999847,2024/10/3 12:59
1727960995,1727940112,1803886263,1,-35.14347076,147.3969269,495497.4688,9,0,14.39999962,2024/10/3 13:09
1727961595,1727940712,1803886263,1,2.811958313,139.2808075,485602.4375,17,0,68.40000153,2024/10/3 13:19
1727962195,1727941312,1803886263,1,40.83226395,130.6927032,487017.8125,12,0,22.89999962,2024/10/3 13:29
1727962795,1727941913,1803886263,1,77.08922577,100.0973892,490566.625,9,0,-6.900000095,2024/10/3 13:39
1727963395,1727942513,1803886263,1,61.6034317,-33.94543839,484163.9688,14,0,55.70000076,2024/10/3 13:49
1727963996,1727943113,1803886263,1,23.9562149,-47.04627991,474264.7188,9,0,-17.39999962,2024/10/3 13:59
1727965196,1727944313,1803886263,1,-52.03168106,-64.94371033,493992.4375,11,0,12.5,2024/10/3 14:19
1727965796,1727944913,1803886263,1,-82.56809998,-152.7103271,506071.625,8,0,-46.79999924,2024/10/3 14:29
1727966396,1727945513,1803886263,1,-50.84020996,128.8265991,501042.4063,13,0,-22.60000038,2024/10/3 14:39
1727966996,1727946113,1803886263,1,-13.11413002,118.8785324,488730.8125,15,0,17.10000038,2024/10/3 14:49
1727967596,1727946713,1803886263,1,24.9292469,111.1805573,485404.4063,10,0,-16.70000076,2024/10/3 14:59
1727968196,1727947313,1803886263,1,62.51158142,97.67655945,489924.0625,8,0,-30,2024/10/3 15:09
1727968796,1727947914,1803886263,1,76.32582855,-38.0778923,488132.125,12,0,38.70000076,2024/10/3 15:19
1727969396,1727948514,1803886263,1,39.85139847,-66.63352203,477747,12,0,-34.59999847,2024/10/3 15:29
1727969996,1727949114,1803886263,1,1.762481689,-75.13072205,473798.7188,7,0,19.89999962,2024/10/3 15:39
1727970597,1727949714,1803886263,1,-36.30643845,-83.33813477,486342.4063,9,0,2.900000095,2024/10/3 15:49
1727971197,1727950314,1803886263,1,-73.09378815,-105.6717148,503038.6563,6,0,-28.89999962,2024/10/3 15:59
1727971797,1727950914,1803886263,1,-66.22098541,114.2907486,505053.0938,12,0,-21,2024/10/3 16:09
1727972397,1727951514,1803886263,1,-28.99119759,98.76810455,493564.4063,18,0,-36.20000076,2024/10/3 16:19
1727972997,1727952114,1803886263,1,9.011795044,90.95868683,485331.8125,13,0,-61.09999847,2024/10/3 16:29
1727973597,1727952714,1803886263,1,46.89412689,81.66056061,488053.75,9,0,-50,2024/10/3 16:39
1727974197,1727953314,1803886263,1,81.38964081,28.04007339,490374.8125,12,0,25.79999924,2024/10/3 16:49
1727974797,1727953915,1803886263,1,55.58097839,-84.43377686,482508.4688,13,0,-46.79999924,2024/10/3 16:59
1727975997,1727955115,1803886263,1,-20.41912079,-103.135643,479431.75,10,0,-3.599999905,2024/10/3 17:19
1727976598,1727955715,1803886263,1,-58.069561,-114.8963318,496817.3125,8,0,-19.79999924,2024/10/3 17:29
1727977198,1727956315,1803886263,1,-79.96743011,121.8891525,506356.375,10,0,-35.5,2024/10/3 17:39
1727977798,1727956915,1803886263,1,-44.76031113,79.53823853,498927.5313,20,0,21.79999924,2024/10/3 17:49
1727978398,1727957515,1803886263,1,-6.924846649,70.53974915,487318.4063,19,0,-73.69999695,2024/10/3 17:59
1727978998,1727958115,1803886263,1,31.10117912,62.6397934,485901.4375,11,0,-22.10000038,2024/10/3 18:09
1727980198,1727959315,1803886263,1,70.8315506,-95.9161911,486855.5313,8,0,-21.60000038,2024/10/3 18:29
1727980798,1727959916,1803886263,1,33.68567657,-115.3983459,476208.1875,11,0,-33.09999847,2024/10/3 18:39
1727981398,1727960516,1803886263,1,-4.454199791,-123.4470901,474798.0938,6,0,-15.19999981,2024/10/3 18:49
1727981998,1727961116,1803886263,1,-42.44408035,-132.192215,489287.0313,11,0,-13.89999962,2024/10/3 18:59
1727982599,1727961716,1803886263,1,-78.31225586,-166.7818909,504446.625,15,0,-55.90000153,2024/10/3 19:09
1727983199,1727962316,1803886263,1,-60.30525589,62.80447388,503607.375,23,0,30.89999962,2024/10/3 19:19
1727983799,1727962916,1803886263,1,-22.82637215,50.26800156,491373.9375,21,0,-4.800000191,2024/10/3 19:29
1727984399,1727963516,1803886263,1,15.20850372,42.6080246,484897.5,14,0,-7.800000191,2024/10/3 19:39
1727985599,1727964716,1803886263,1,82.39676666,-63.55145264,489558.1875,6,0,19.60000038,2024/10/3 19:59
1727986199,1727965316,1803886263,1,49.48548889,-134.1222839,480401.125,8,0,-18.10000038,2024/10/3 20:09
1727986799,1727965917,1803886263,1,11.52830505,-143.8516388,473215.4688,6,0,-7.199999809,2024/10/3 20:19
1727987399,1727966517,1803886263,1,-26.62053299,-151.6058655,481856.5313,9,0,-1.200000048,2024/10/3 20:29
1727987999,1727967117,1803886263,1,-64.04533386,-165.8585968,499465.75,9,0,-47.5,2024/10/3 20:39
1727988599,1727967717,1803886263,1,-75.09626007,56.36439514,506190.2813,16,0,14,2024/10/3 20:49
1727989200,1727968317,1803886263,1,-38.63565826,30.59339905,496764.75,20,0,31.70000076,2024/10/3 21:00
1727989800,1727968917,1803886263,1,-0.717565,22.22313499,486065.75,11,0,-20.89999962,2024/10/3 21:10
1727990400,1727969517,1803886263,1,37.27101517,13.95311165,486416.125,5,0,39.29999924,2024/10/3 21:20
1727991600,1727970717,1803886263,1,65.04702759,-149.1467743,484902.7813,9,0,10.89999962,2024/10/3 21:40
1727992200,1727971318,1803886263,1,27.47628021,-163.9972992,474602.0938,7,0,0.200000003,2024/10/3 21:50
1727993400,1727972518,1803886263,1,-48.58006668,178.6529083,492269.4063,12,0,-7,2024/10/3 22:10
1727994000,1727973118,1803886263,1,-82.05757141,115.9002838,505624.4688,12,0,-29,2024/10/3 22:20
1727994600,1727973718,1803886263,1,-54.27441406,12.54129791,502023.9688,17,0,26.5,2024/10/3 22:30
1727995201,1727974318,1803886263,1,-16.62443733,1.85228169,489534.375,15,0,14.60000038,2024/10/3 22:40
1727995801,1727974918,1803886263,1,21.42219734,-5.795926571,484914.0938,12,0,27.20000076,2024/10/3 22:50
1727996401,1727975518,1803886263,1,59.0570488,-17.89642906,489131.7813,14,0,60.59999847,2024/10/3 23:00
1727997001,1727976118,1803886263,1,79.14637756,-145.1796722,488395.375,8,0,-2.5,2024/10/3 23:10
1727997601,1727976718,1803886263,1,43.32808685,176.6677246,478281.4688,16,0,-9.300000191,2024/10/3 23:20
1727998801,1727977919,1803886263,1,-32.8297081,159.8122864,484519.5625,6,0,26.39999962,2024/10/3 23:40
1727999401,1727978519,1803886263,1,-69.90968323,141.3024292,501789.4063,13,0,-44.90000153,2024/10/3 23:50
1728000001,1727979119,1803886263,1,-69.49411774,-0.032945,505638.7188,15,0,12.5,2024/10/4 0:00
1728000601,1727979719,1803886263,1,-32.46505356,-18.13039589,494687.6875,19,0,15.30000019,2024/10/4 0:10
1728001202,1727980319,1803886263,1,5.513040066,-26.09374619,485312.7813,15,0,10.69999981,2024/10/4 0:20
1728001802,1727980919,1803886263,1,43.44304276,-34.94697189,487054.3438,10,0,50.5,2024/10/4 0:30
1728002402,1727981519,1803886263,1,79.14179993,-73.03852844,489993.3125,11,0,6.900000095,2024/10/4 0:40
1728003002,1727982119,1803886263,1,59.03811646,159.6374207,482882.9375,18,0,16.60000038,2024/10/4 0:50
1728004802,1727983920,1803886263,1,-54.69089127,129.0448456,495257.2813,11,0,-24.60000038,2024/10/4 1:20
1728005402,1727984520,1803886263,1,-81.88161469,22.80313301,506354.375,14,0,-3.599999905,2024/10/4 1:30
1728006002,1727985120,1803886263,1,-48.17625427,-37.02627945,500251.6875,14,0,1.299999952,2024/10/4 1:40
1728006602,1727985720,1803886263,1,-10.39985657,-46.51170731,488051.5625,11,0,-17.39999962,2024/10/4 1:50
1728007803,1727986920,1803886263,1,65.0559845,-69.10619354,489789.9688,9,0,-10.80000019,2024/10/4 2:10
1728008403,1727987520,1803886263,1,74.02719116,151.6254425,487186.1875,15,0,1.100000024,2024/10/4 2:20
1728009603,1727988720,1803886263,1,-15.85709476,132.5520935,421811.5625,5,0,40.5,2024/10/4 2:40
1728010203,1727989321,1803886263,1,-39.01968002,111.0722504,487442.9688,15,0,-34.40000153,2024/10/4 2:50
1728010803,1727989921,1803886263,1,-75.49022675,84.47621918,503504.7813,8,0,5.099999905,2024/10/4 3:00
1728011403,1727990521,1803886263,1,-63.62179184,-52.69107056,504437.1875,17,0,19.79999924,2024/10/4 3:10
1728012003,1727991121,1803886263,1,-26.26966858,-66.70449066,492492.5625,14,0,40,2024/10/4 3:20
1728012603,1727991721,1803886263,1,11.75045204,-74.43087769,484910.2188,8,0,-15.39999962,2024/10/4 3:30
1728013203,1727992321,1803886263,1,49.59421539,-84.16340637,487992,8,0,-39.20000076,2024/10/4 3:40
1728013804,1727992921,1803886263,1,82.39781189,-154.7143555,489674.1875,19,0,4.300000191,2024/10/4 3:50
1728014404,1727993521,1803886263,1,52.94636536,109.529686,481228.3125,18,0,-30.10000038,2024/10/4 4:00
1728016204,1727995322,1803886263,1,-60.7340889,78.70829773,498069.6875,9,0,24.5,2024/10/4 4:30
1728016804,1727995922,1803886263,1,-77.9514389,-52.88269806,506426.5,12,0,-15.39999962,2024/10/4 4:40
1728017404,1727996522,1803886263,1,-42.04678726,-86.15383148,497963.7813,17,0,2.099999905,2024/10/4 4:50
1728018004,1727997122,1803886263,1,-4.170810223,-94.8405304,486498.4063,14,0,-13.30000019,2024/10/4 5:00
1728018604,1727997722,1803886263,1,33.84477234,-102.8815918,485751.8125,9,0,-24,2024/10/4 5:10
1728019204,1727998322,1803886263,1,70.91152191,-122.4357529,489961.8125,10,0,-13.89999962,2024/10/4 5:20
1728019805,1727998922,1803886263,1,68.31386566,96.18754578,485677.6875,13,0,-16,2024/10/4 5:30
1728020405,1727999522,1803886263,1,30.98281479,79.09168243,475305.4375,5,0,-23.60000038,2024/10/4 5:40
1728021605,1728000723,1803886263,1,-45.18190384,62.09922028,490800.2813,8,0,33.09999847,2024/10/4 6:00
1728022205,1728001323,1803886263,1,-80.28271484,17.75274277,505183.8125,11,0,-0.899999976,2024/10/4 6:10
1728022805,1728001923,1803886263,1,-57.63132477,-103.5562592,502980.6563,18,0,-15.19999981,2024/10/4 6:20
1728023405,1728002523,1803886263,1,-20.06806183,-115.1650467,490287.8125,15,0,-3,2024/10/4 6:30
1728024005,1728003123,1803886263,1,17.97782326,-122.8023148,484503.5313,9,0,-45.90000153,2024/10/4 6:40
1728024605,1728003723,1803886263,1,55.70476151,-133.8686829,488441.5938,13,0,-1.299999952,2024/10/4 6:50
1728025206,1728004323,1803886263,1,81.33688354,113.1365662,488778.9063,16,0,1.799999952,2024/10/4 7:00
1728025806,1728004923,1803886263,1,46.79976654,60.06808472,479402.125,7,0,-27.20000076,2024/10/4 7:10
1728027607,1728006724,1803886263,1,-66.68426514,27.06047821,500651.9063,6,0,17.39999962,2024/10/4 7:40
1728028207,1728007324,1803886263,1,-72.64846802,-113.3117218,505974.2188,17,0,-33.29999924,2024/10/4 7:50
1728028807,1728007924,1803886263,1,-35.88512802,-134.9944458,495555.9375,19,0,-11.5,2024/10/4 8:00
1728029407,1728008524,1803886263,1,2.066553354,-143.1579895,485204.875,14,0,3.799999952,2024/10/4 8:10
1728030007,1728009124,1803886263,1,40.03763962,-151.6581726,486216.6875,13,0,-18.79999924,2024/10/4 8:20
1728030607,1728009724,1803886263,1,76.4327774,179.5253143,489855.375,14,0,1.5,2024/10/4 8:30
1728031207,1728010324,1803886263,1,-64.36502838,-140.6006012,455877.8125,5,0,-40.70000076,2024/10/4 8:40
1728033008,1728012124,1803886263,1,-51.3205719,12.76286793,493771.875,6,0,29.70000076,2024/10/4 9:10
1728033608,1728012725,1803886263,1,-82.59371185,-69.64138794,505984.6875,12,0,-27.79999924,2024/10/4 9:20
1728034208,1728013325,1803886263,1,-51.55119705,-153.4710846,500993.8438,16,0,-20,2024/10/4 9:30
1728034808,1728013925,1803886263,1,-13.83588314,-163.5585175,488328.0625,11,0,13,2024/10/4 9:40
1728035408,1728014525,1803886263,1,24.21519089,-171.2441254,484544.375,9,0,3.700000048,2024/10/4 9:50
1728036008,1728015125,1803886263,1,61.76852036,175.597168,489043,9,0,2.200000048,2024/10/4 10:00
1728036608,1728015725,1803886263,1,76.95942688,41.24586487,487683.9063,6,0,12.30000019,2024/10/4 10:10
1728039009,1728018125,1803886263,1,-72.46811676,-27.19407463,502831.0938,5,0,-1.399999976,2024/10/4 10:50
1728039609,1728018726,1803886263,1,-66.87705994,-167.6739655,504986.9688,11,0,-55,2024/10/4 11:00
1728040209,1728019326,1803886263,1,-29.68027306,176.3517914,493248.2188,12,0,45.59999847,2024/10/4 11:10
1728040809,1728019926,1803886263,1,8.324188232,168.5134125,484537.75,13,0,27.20000076,2024/10/4 11:20
1728041409,1728020526,1803886263,1,46.22396851,159.3058929,487017.2813,13,0,8.600000381,2024/10/4 11:30
1728042009,1728021126,1803886263,1,80.99045563,109.5288544,489619.1875,12,0,0.699999988,2024/10/4 11:40
1728042609,1728021726,1803886263,1,56.29057312,-6.660293102,482035.0313,9,0,56.59999847,2024/10/4 11:50
1728043809,1728022926,1803886263,1,-19.6977787,-25.5638485,479041.5,6,0,-6.800000191,2024/10/4 12:10
1728044409,1728023526,1803886263,1,-57.36856461,-37.10990143,496466.4688,9,0,20.10000038,2024/10/4 12:20
1728045010,1728024126,1803886263,1,-80.39334869,-157.7240295,506292.0938,12,0,-51.90000153,2024/10/4 12:30
1728045610,1728024727,1803886263,1,-45.40750504,157.1761475,498926.0625,11,0,-9.100000381,2024/10/4 12:40
1728046210,1728025327,1803886263,1,-7.579349995,148.0906525,486845.1875,13,0,66.30000305,2024/10/4 12:50
1728046810,1728025927,1803886263,1,30.45534134,140.216156,485063.75,9,0,41.79999924,2024/10/4 13:00
1728047410,1728026527,1803886263,1,67.7403183,123.5827255,489507.2813,10,0,-14.30000019,2024/10/4 13:10
1728048011,1728048011,0,1,71.47001648,-17.58126259,486163,14,10,55.20000076,2024/10/4 13:20
1728048611,1728048611,0,1,34.37248993,-37.79896927,475716.125,17,10,33.90000153,2024/10/4 13:30
1728049211,1728049211,0,1,-3.767001629,-45.88986206,474350.0938,21,12,-27.39999962,2024/10/4 13:40
1728049811,1728049811,0,1,-41.76787949,-54.56539917,488871.625,22,10,0.800000012,2024/10/4 13:50
1728050412,1728050411,0,1,-77.77759552,-87.27235413,504305.1563,28,11,-14.80000019,2024/10/4 14:00
1728051012,1728051011,0,1,-60.96504211,140.6421967,503837.75,30,14,-35,2024/10/4 14:10
1728051612,1728051611,0,1,-23.50969315,127.8419647,491435.375,26,12,5.199999809,2024/10/4 14:20
1728052212,1728052211,0,1,14.58825207,120.1583176,484486.4688,23,11,39.40000153,2024/10/4 14:30
1728052812,1728052812,0,1,52.38541031,109.8866043,487976.6563,21,14,-29.70000076,2024/10/4 14:40
1728053412,1728053412,0,1,82.51232147,18.47699165,488973.25,27,14,26.5,2024/10/4 14:50
1728054012,1728054012,0,1,50.14352036,-56.44836807,480016.8438,27,11,2.299999952,2024/10/4 15:00
1728054612,1728054612,0,1,12.19340992,-66.29355621,472848.8438,21,11,-36.09999847,2024/10/4 15:10
1728055212,1728055212,0,1,-25.96107674,-74.02979279,481436.8125,19,12,17.39999962,2024/10/4 15:20
1728055812,1728055812,0,1,-63.41431808,-87.9513855,499191.1563,23,12,-12.39999962,2024/10/4 15:30
1728056413,1728056412,0,1,-75.66461182,135.1578217,506321.0313,27,12,-50.09999847,2024/10/4 15:40
1728057013,1728057012,0,1,-39.29172897,108.2000809,497001.0313,32,12,-32.40000153,2024/10/4 15:50
1728057613,1728057612,0,1,-1.380653381,99.77626038,485970.125,25,13,-15.39999962,2024/10/4 16:00
1728058813,1728058813,0,1,73.49977875,68.57863617,489854.7188,29,13,-5.300000191,2024/10/4 16:20
1728059413,1728059413,0,1,65.61109924,-71.25517273,484706.0938,26,12,-16.5,2024/10/4 16:30
1728060013,1728060013,0,1,28.1270752,-86.42398071,474492.5625,20,11,-30.10000038,2024/10/4 16:40
1728060613,1728060613,0,1,-10.04362202,-94.22445679,475815.9063,24,11,-11.19999981,2024/10/4 16:50
1728061213,1728061213,0,1,-47.94181061,-103.6845398,491942,21,12,-9.199999809,2024/10/4 17:00
1728061813,1728061813,0,1,-81.80754089,-162.3760223,505535.4688,27,12,-49.20000076,2024/10/4 17:10
1728062414,1728062413,0,1,-54.90916443,90.24911499,502139.6563,32,12,12.60000038,2024/10/4 17:20
1728063014,1728063013,0,1,-17.27309418,79.40821075,489545.5625,26,13,-48.29999924,2024/10/4 17:30
1728063614,1728063613,0,1,20.83896446,71.75417328,484637.6875,26,12,-61.40000153,2024/10/4 17:40
1728066014,1728066014,0,1,5.918101788,-114.6381302,473068.875,24,12,-31.10000038,2024/10/4 18:20
1728066614,1728066614,0,1,-32.19307327,-122.6015701,484187.1563,24,13,-10.80000019,2024/10/4 18:30
1728067214,1728067214,0,1,-69.31851959,-140.5413208,501454.25,23,12,-50.79999924,2024/10/4 18:40
1728067815,1728067814,0,1,-70.08637238,78.10747528,505518.7813,29,13,15.80000019,2024/10/4 18:50
1728068415,1728068414,0,1,-33.09719467,59.44799423,494596.25,28,13,20.5,2024/10/4 19:00
1728069015,1728069014,0,1,4.879195213,51.45425415,485027.75,25,12,-53.5,2024/10/4 19:10
1728071415,1728071415,0,1,21.86092567,-134.9247131,473444.875,25,11,-32.40000153,2024/10/4 19:50
1728072015,1728072015,0,1,-16.31981277,-142.5939789,477669.5938,23,13,-4.800000191,2024/10/4 20:00
1728072615,1728072615,0,1,-54.08241272,-153.249176,494915.0625,22,11,-23.10000038,2024/10/4 20:10
1728073215,1728073215,0,1,-82.11621094,104.3985825,506176.4688,30,12,-20,2024/10/4 20:20
1728073816,1728073815,0,1,-48.78671265,40.62053299,500115.75,25,12,44.29999924,2024/10/4 20:30
1728074416,1728074415,0,1,-11.01782036,31.03702354,487715.7813,23,12,-11.10000038,2024/10/4 20:40
1728075016,1728075015,0,1,27.0277977,23.2854557,484704.5625,14,10,19.60000038,2024/10/4 20:50
1728077416,1728077416,0,1,-0.384449989,-162.9663544,473573.5313,23,12,15.30000019,2024/10/4 21:30
1728078016,1728078016,0,1,-38.43095398,-171.3362885,487117.7813,25,10,12.19999981,2024/10/4 21:40
1728078616,1728078616,0,1,-74.97754669,163.11203,503455.6875,25,12,-55.29999924,2024/10/4 21:50
1728079216,1728079216,0,1,-64.18965912,25.17622185,504507.625,29,12,20.89999962,2024/10/4 22:00
1728079817,1728079816,0,1,-26.86189651,10.85971546,492434.0625,25,10,25.20000076,2024/10/4 22:10
1728080417,1728080416,0,1,11.15814304,3.115550041,484415,20,12,22.60000038,2024/10/4 22:20
1728081017,1728081016,0,1,49.01671219,-6.520353317,487191.875,18,13,53.20000076,2024/10/4 22:30
1728081617,1728081616,0,1,82.26303101,-73.51633453,488985.5938,27,13,21.20000076,2024/10/4 22:40
1728082217,1728082217,0,1,53.44587326,-172.8212738,480664.6563,30,12,6,2024/10/4 22:50
1728082817,1728082817,0,1,15.55928707,176.6553497,472634.0313,27,12,11.10000038,2024/10/4 23:00
1728083417,1728083417,0,1,-22.61186409,168.9775543,479826.9688,29,13,56.79999924,2024/10/4 23:10
1728084017,1728084017,0,1,-60.19182968,156.4659729,497748.875,27,14,-31.29999924,2024/10/4 23:20
1728084617,1728084617,0,1,-78.38414001,26.31084061,506391.7813,28,12,6.800000191,2024/10/4 23:30
1728085217,1728085217,0,1,-42.60112762,-8.552062035,498084.4063,26,11,23.5,2024/10/4 23:40
1728085818,1728085817,0,1,-4.732746601,-17.30102921,486357.1563,26,13,12,2024/10/4 23:50