timestamp,altitude_diff,altitude_diff_smoothed,slope,AU_Factor,MgII_Index,MgII_Flag,irr_256,irr_284,irr_304,irr_1175,irr_1216,irr_1335,irr_1405,irr_256_flag_flag,irr_284_flag_flag,irr_304_flag_flag,irr_1175_flag_flag,irr_1216_flag_flag,irr_1335_flag_flag,irr_1405_flag_flag
2024-06-27 01:39:19.315789568,0.2080664647436947,0.1888241524464127,-0.0010044815787357,1.0336232666666665,0.3768234619417476,0.0761904761904762,0.00016422130757281554,0.00015869895291262137,0.0005916220658252428,0.00011411708645631068,0.00969852126213592,0.00028175096378640777,0.00017548670611650487,0.0761904761904762,0.0761904761904762,0.0761904761904762,0.0761904761904762,0.0761904761904762,0.0761904761904762,0.0761904761904762
2024-06-27 04:49:21.263158016,0.1586330173672649,0.1878196708676769,-0.0010044815787357,1.0336232666666665,0.3768234619417476,0.0761904761904762,0.00016422130757281554,0.00015869895291262137,0.0005916220658252428,0.00011411708645631068,0.00969852126213592,0.00028175096378640777,0.00017548670611650487,0.0761904761904762,0.0761904761904762,0.0761904761904762,0.0761904761904762,0.0761904761904762,0.0761904761904762,0.0761904761904762
2024-06-27 08:07:30.812499968,0.1706069606099731,0.1868151892889412,-0.0010044815787357,1.0336232666666665,0.3768234619417476,0.0761904761904762,0.00016422130757281554,0.00015869895291262137,0.0005916220658252428,0.00011411708645631068,0.00969852126213592,0.00028175096378640777,0.00017548670611650487,0.0761904761904762,0.0761904761904762,0.0761904761904762,0.0761904761904762,0.0761904761904762,0.0761904761904762,0.0761904761904762
2024-06-27 11:13:51.833333504,0.2096963617602227,0.1858107077102055,-0.0010044815787357,1.0336232666666665,0.3768234619417476,0.0761904761904762,0.00016422130757281554,0.00015869895291262137,0.0005916220658252428,0.00011411708645631068,0.00969852126213592,0.00028175096378640777,0.00017548670611650487,0.0761904761904762,0.0761904761904762,0.0761904761904762,0.0761904761904762,0.0761904761904762,0.0761904761904762,0.0761904761904762
2024-06-27 14:09:26.941176320,0.2016563821137538,0.1848062261314698,-0.0010044815787357,1.0336232666666665,0.3768234619417476,0.0761904761904762,0.00016422130757281554,0.00015869895291262137,0.0005916220658252428,0.00011411708645631068,0.00969852126213592,0.00028175096378640777,0.00017548670611650487,0.0761904761904762,0.0761904761904762,0.0761904761904762,0.0761904761904762,0.0761904761904762,0.0761904761904762,0.0761904761904762
2024-06-27 17:19:28.812499968,0.1354834228349091,0.183801744552734,-0.0010044815787357,1.0336232666666665,0.3768234619417476,0.0761904761904762,0.00016422130757281554,0.00015869895291262137,0.0005916220658252428,0.00011411708645631068,0.00969852126213592,0.00028175096378640777,0.00017548670611650487,0.0761904761904762,0.0761904761904762,0.0761904761904762,0.0761904761904762,0.0761904761904762,0.0761904761904762,0.0761904761904762
2024-06-27 21:07:12.076923136,0.2169214431833666,0.1827972629739983,-0.0010044815787357,1.0336232666666665,0.3768234619417476,0.0761904761904762,0.00016422130757281554,0.00015869895291262137,0.0005916220658252428,0.00011411708645631068,0.00969852126213592,0.00028175096378640777,0.00017548670611650487,0.0761904761904762,0.0761904761904762,0.0761904761904762,0.0761904761904762,0.0761904761904762,0.0761904761904762,0.0761904761904762
2024-06-27 23:49:32.105263104,0.2240920292082933,0.1830773099206296,0.0009204815247988,1.0336232666666665,0.3768234619417476,0.0761904761904762,0.00016422130757281554,0.00015869895291262137,0.0005916220658252428,0.00011411708645631068,0.00969852126213592,0.00028175096378640777,0.00017548670611650487,0.0761904761904762,0.0761904761904762,0.0761904761904762,0.0761904761904762,0.0761904761904762,0.0761904761904762,0.0761904761904762
2024-06-28 02:57:20.611111168,0.1742952355699003,0.1916882750605063,0.0028648742595056,1.0336232666666665,0.3768234619417476,0.0761904761904762,0.00016422130757281554,0.00015869895291262137,0.0005916220658252428,0.00011411708645631068,0.00969852126213592,0.00028175096378640777,0.00017548670611650487,0.0761904761904762,0.0761904761904762,0.0761904761904762,0.0761904761904762,0.0761904761904762,0.0761904761904762,0.0761904761904762
2024-06-28 09:13:28.230768896,0.1465108625432662,0.1990267185663583,0.0053353346874253,1.0336232666666665,0.3768234619417476,0.0761904761904762,0.00016422130757281554,0.00015869895291262137,0.0005916220658252428,0.00011411708645631068,0.00969852126213592,0.00028175096378640777,0.00017548670611650487,0.0761904761904762,0.0761904761904762,0.0761904761904762,0.0761904761904762,0.0761904761904762,0.0761904761904762,0.0761904761904762
2024-06-28 12:24:40.499999744,0.236360591990433,0.1997898695951134,0.0058502325245628,1.0336232666666665,0.3768234619417476,0.0761904761904762,0.00016422130757281554,0.00015869895291262137,0.0005916220658252428,0.00011411708645631068,0.00969852126213592,0.00028175096378640777,0.00017548670611650487,0.0761904761904762,0.0761904761904762,0.0761904761904762,0.0761904761904762,0.0761904761904762,0.0761904761904762,0.0761904761904762
2024-06-28 15:30:15.722222336,0.1621358306891807,0.2101569548617984,0.0056999514416989,1.0336232666666665,0.3768234619417476,0.0761904761904762,0.00016422130757281554,0.00015869895291262137,0.0005916220658252428,0.00011411708645631068,0.00969852126213592,0.00028175096378640777,0.00017548670611650487,0.0761904761904762,0.0761904761904762,0.0761904761904762,0.0761904761904762,0.0761904761904762,0.0761904761904762,0.0761904761904762
2024-06-28 18:29:04.333333760,0.211707075049901,0.2123204815870324,0.0071103549183399,1.0336232666666665,0.3768234619417476,0.0761904761904762,0.00016422130757281554,0.00015869895291262137,0.0005916220658252428,0.00011411708645631068,0.00969852126213592,0.00028175096378640777,0.00017548670611650487,0.0761904761904762,0.0761904761904762,0.0761904761904762,0.0761904761904762,0.0761904761904762,0.0761904761904762,0.0761904761904762
2024-06-28 21:54:46.333333248,0.2705755641856626,0.2076966542492624,0.0059695394608142,1.0336232666666665,0.3768234619417476,0.0761904761904762,0.00016422130757281554,0.00015869895291262137,0.0005916220658252428,0.00011411708645631068,0.00969852126213592,0.00028175096378640777,0.00017548670611650487,0.0761904761904762,0.0761904761904762,0.0761904761904762,0.0761904761904762,0.0761904761904762,0.0761904761904762,0.0761904761904762
2024-06-29 00:59:48.157894656,0.253429795424438,0.2100581293272293,0.0045957845885598,1.0336232666666665,0.3768234619417476,0.0761904761904762,0.00016422130757281554,0.00015869895291262137,0.0005916220658252428,0.00011411708645631068,0.00969852126213592,0.00028175096378640777,0.00017548670611650487,0.0761904761904762,0.0761904761904762,0.0761904761904762,0.0761904761904762,0.0761904761904762,0.0761904761904762,0.0761904761904762
2024-06-29 04:09:50.157894400,0.2222732925218338,0.2214486409445376,0.0038951243331556,1.0336232666666665,0.3768234619417476,0.0761904761904762,0.00016422130757281554,0.00015869895291262137,0.0005916220658252428,0.00011411708645631068,0.00969852126213592,0.00028175096378640777,0.00017548670611650487,0.0761904761904762,0.0761904761904762,0.0761904761904762,0.0761904761904762,0.0761904761904762,0.0761904761904762,0.0761904761904762
2024-06-29 07:19:52.052631552,0.2115773454875693,0.229508016475913,0.001996443960797,1.0336232666666665,0.3768234619417476,0.0761904761904762,0.00016422130757281554,0.00015869895291262137,0.0005916220658252428,0.00011411708645631068,0.00969852126213592,0.00028175096378640777,0.00017548670611650487,0.0761904761904762,0.0761904761904762,0.0761904761904762,0.0761904761904762,0.0761904761904762,0.0761904761904762,0.0761904761904762
2024-06-29 10:29:53.947368704,0.2702555313018138,0.226829669394262,0.0013380506054123,1.0336232666666665,0.3768234619417476,0.0761904761904762,0.00016422130757281554,0.00015869895291262137,0.0005916220658252428,0.00011411708645631068,0.00969852126213592,0.00028175096378640777,0.00017548670611650487,0.0761904761904762,0.0761904761904762,0.0761904761904762,0.0761904761904762,0.0761904761904762,0.0761904761904762,0.0761904761904762
2024-06-29 13:34:55.888888832,0.24504729061141,0.2322940879785515,-0.0009410441945408,1.0336232666666665,0.3768234619417476,0.0761904761904762,0.00016422130757281554,0.00015869895291262137,0.0005916220658252428,0.00011411708645631068,0.00969852126213592,0.00028175096378640777,0.00017548670611650487,0.0761904761904762,0.0761904761904762,0.0761904761904762,0.0761904761904762,0.0761904761904762,0.0761904761904762,0.0761904761904762
2024-06-29 16:34:57.666666752,0.1639822738172824,0.2389419460486037,0.0004375369120065,1.0336232666666665,0.3768234619417476,0.0761904761904762,0.00016422130757281554,0.00015869895291262137,0.0005916220658252428,0.00011411708645631068,0.00969852126213592,0.00028175096378640777,0.00017548670611650487,0.0761904761904762,0.0761904761904762,0.0761904761904762,0.0761904761904762,0.0761904761904762,0.0761904761904762,0.0761904761904762
2024-06-29 23:00:01.631578880,0.2799824670727275,0.2287876608341916,-0.0002434220000042,1.0336232666666665,0.3768234619417476,0.0761904761904762,0.00016422130757281554,0.00015869895291262137,0.0005916220658252428,0.00011411708645631068,0.00969852126213592,0.00028175096378640777,0.00017548670611650487,0.0761904761904762,0.0761904761904762,0.0761904761904762,0.0761904761904762,0.0761904761904762,0.0761904761904762,0.0761904761904762
2024-06-30 02:10:03.526315520,0.2512827444511458,0.2304585624750468,7.366680908139087e-06,1.0336232666666665,0.3768234619417476,0.0761904761904762,0.00016422130757281554,0.00015869895291262137,0.0005916220658252428,0.00011411708645631068,0.00969852126213592,0.00028175096378640777,0.00017548670611650487,0.0761904761904762,0.0761904761904762,0.0761904761904762,0.0761904761904762,0.0761904761904762,0.0761904761904762,0.0761904761904762
2024-06-30 05:20:05.473684480,0.20154207992897,0.2350187266144067,0.0006130643843853,1.0336232666666665,0.3768234619417476,0.0761904761904762,0.00016422130757281554,0.00015869895291262137,0.0005916220658252428,0.00011411708645631068,0.00969852126213592,0.00028175096378640777,0.00017548670611650487,0.0761904761904762,0.0761904761904762,0.0761904761904762,0.0761904761904762,0.0761904761904762,0.0761904761904762,0.0761904761904762
2024-06-30 08:29:00.722222080,0.2331732722849437,0.2324110817393061,0.0020124169155856,1.0336232666666665,0.3768234619417476,0.0761904761904762,0.00016422130757281554,0.00015869895291262137,0.0005916220658252428,0.00011411708645631068,0.00969852126213592,0.00028175096378640777,0.00017548670611650487,0.0761904761904762,0.0761904761904762,0.0761904761904762,0.0761904761904762,0.0761904761904762,0.0761904761904762,0.0761904761904762
2024-06-30 11:57:29.466666240,0.2981292299605798,0.2290656769693774,0.001481258362195,1.0336232666666665,0.3768234619417476,0.0761904761904762,0.00016422130757281554,0.00015869895291262137,0.0005916220658252428,0.00011411708645631068,0.00969852126213592,0.00028175096378640777,0.00017548670611650487,0.0761904761904762,0.0761904761904762,0.0761904761904762,0.0761904761904762,0.0761904761904762,0.0761904761904762,0.0761904761904762
2024-06-30 14:50:11.263158272,0.202054917115106,0.2330742490354221,-0.0014495966917925,1.0336232666666665,0.3768234619417476,0.0761904761904762,0.00016422130757281554,0.00015869895291262137,0.0005916220658252428,0.00011411708645631068,0.00969852126213592,0.00028175096378640777,0.00017548670611650487,0.0761904761904762,0.0761904761904762,0.0761904761904762,0.0761904761904762,0.0761904761904762,0.0761904761904762,0.0761904761904762
2024-06-30 17:49:33.133333504,0.1899447347076375,0.2374627724436559,-0.001574503620546,1.0336232666666665,0.3768234619417476,0.0761904761904762,0.00016422130757281554,0.00015869895291262137,0.0005916220658252428,0.00011411708645631068,0.00969852126213592,0.00028175096378640777,0.00017548670611650487,0.0761904761904762,0.0761904761904762,0.0761904761904762,0.0761904761904762,0.0761904761904762,0.0761904761904762,0.0761904761904762
2024-06-30 21:13:48.714285312,0.2439950138529525,0.2297338801603815,-0.0018497649827299,1.0336232666666665,0.3768234619417476,0.0761904761904762,0.00016422130757281554,0.00015869895291262137,0.0005916220658252428,0.00011411708645631068,0.00969852126213592,0.00028175096378640777,0.00017548670611650487,0.0761904761904762,0.0761904761904762,0.0761904761904762,0.0761904761904762,0.0761904761904762,0.0761904761904762,0.0761904761904762
2024-07-01 00:10:16.052631552,0.2708594792992471,0.2263623121496826,-0.0017555181094034,1.0336232666666665,0.3768234619417476,0.0761904761904762,0.00016422130757281554,0.00015869895291262137,0.0005916220658252428,0.00011411708645631068,0.00969852126213592,0.00028175096378640777,0.00017548670611650487,0.0761904761904762,0.0761904761904762,0.0761904761904762,0.0761904761904762,0.0761904761904762,0.0761904761904762,0.0761904761904762
2024-07-01 03:18:04.444444672,0.2363561479255054,0.2321127315527966,-0.0010639263809769,1.0336283084656086,0.37602165936507936,0.0,0.0001631397407936508,0.0001599534370899471,0.0005879935673015872,0.00011241525852380952,0.009655092126984127,0.0002788742292063492,0.00017317207037037034,0.0,0.0,0.0,0.0,0.0,0.0,0.0
2024-07-01 06:35:19.611111168,0.2015570286023376,0.233984521562215,-0.0001859777532156,1.0336349585106384,0.3749949743010753,0.0425531914893617,0.0001636211488172043,0.0001597522326344086,0.000583662185376344,0.00011119339734946235,0.009545466465053764,0.0002770766244623656,0.00017280394978494624,0.0425531914893617,0.0425531914893617,0.0425531914893617,0.0425531914893617,0.0425531914893617,0.0425531914893617,0.0425531914893617
2024-07-01 09:40:21.300000000,0.2160937106758638,0.225765415669081,0.0008733131781815,1.0336409819148935,0.37443477526881713,0.0425531914893617,0.00016349165607526883,0.00015756002268817204,0.0005826971009139785,0.00011162538943548388,0.009446347951612904,0.00027741906860215054,0.000172344226344086,0.0425531914893617,0.0425531914893617,0.0425531914893617,0.0425531914893617,0.0425531914893617,0.0425531914893617,0.0425531914893617
2024-07-01 12:50:24.578947328,0.2620452158905095,0.2269654701890519,-0.0003059847814006,1.0336469851063832,0.37345269750000004,0.0,0.00016231192106382978,0.00015786061574468087,0.0005780506039361703,0.00011321080784574468,0.009485320614361702,0.00027536546893617024,0.00016993140148936168,0.0,0.0,0.0,0.0,0.0,0.0,0.0
2024-07-01 15:55:26.500000000,0.1795068673901596,0.2323113843178686,-0.0006592169748659,1.0336526382978726,0.37213010215053766,0.0425531914893617,0.00016277646145161292,0.0001588536102688172,0.0005745871762903226,0.00011205883360215054,0.009448922634408602,0.0002729586117204301,0.00017023977521505378,0.0425531914893617,0.0425531914893617,0.0425531914893617,0.0425531914893617,0.0425531914893617,0.0425531914893617,0.0425531914893617
2024-07-01 19:06:54.142856960,0.207452360312061,0.23085066961022,-0.0004506925970664,1.033658283068783,0.37148019897297296,0.08465608465608465,0.000164284687027027,0.00015815806254054055,0.0005741673702702702,0.00011110300192432432,0.009449379899999999,0.00027193833670270266,0.00016967106713513513,0.08465608465608465,0.08465608465608465,0.08465608465608465,0.08465608465608465,0.08465608465608465,0.08465608465608465,0.08465608465608465
2024-07-01 22:20:30.368420608,0.2762975321694512,0.2220072410406409,-0.0013829612919555,1.033663785106383,0.3704546537765957,0.0,0.00016416199856382978,0.00015701669409574467,0.0005728803790425532,0.00011141228391489361,0.009425325885638297,0.00027258083377659575,0.00017056940409574466,0.0,0.0,0.0,0.0,0.0,0.0,0.0
2024-07-02 01:25:32.333333504,0.2575065424073841,0.2204813211424546,-0.0010120050422593,1.0336688106382979,0.36896534677419357,0.0425531914893617,0.00016275963548387096,0.0001564318417204301,0.0005689217439247313,0.00011016226937096774,0.009385287397849463,0.0002706709644623656,0.0001697943897849462,0.0425531914893617,0.0425531914893617,0.0425531914893617,0.0425531914893617,0.0425531914893617,0.0425531914893617,0.0425531914893617
2024-07-02 04:30:34.157894912,0.1912808533498378,0.2253441683861122,-0.0002796628335573,1.0336736829787232,0.3684152897340425,0.0,0.00016296140446808512,0.0001577520418617021,0.0005738194934042553,0.00011051223968617022,0.009406881614361703,0.000269766334787234,0.00017076698324468086,0.0,0.0,0.0,0.0,0.0,0.0,0.0
2024-07-02 07:40:36.052631296,0.2176556258747268,0.2256924322288201,-0.0007911538802716,1.033678479255319,0.36828147983870974,0.0425531914893617,0.00016261128134408603,0.00015681953618279572,0.0005697271085483871,0.00011051085851612905,0.009273679330645162,0.0002705092887634409,0.0001717040237096774,0.0425531914893617,0.0425531914893617,0.0425531914893617,0.0425531914893617,0.0425531914893617,0.0425531914893617,0.0425531914893617
2024-07-02 11:11:28.333333248,0.2594416183822545,0.2188449322240838,-0.0011291693350379,1.033683570744681,0.368472645,0.0425531914893617,0.00016200047521505376,0.00015735214725806453,0.00056867335,0.00011147728946774193,0.009279876801075268,0.0002707878035483871,0.00017099875774193547,0.0425531914893617,0.0425531914893617,0.0425531914893617,0.0425531914893617,0.0425531914893617,0.0425531914893617,0.0425531914893617
2024-07-02 14:00:39.947368704,0.2250057226535204,0.2213588478408435,-0.0028616387017069,1.0336874617021277,0.3679970919680852,0.0,0.00016163389696808512,0.00015688076239361704,0.000563708181755319,0.0001099550974574468,0.009298056218085106,0.0002695537956914894,0.00017112350739361703,0.0,0.0,0.0,0.0,0.0,0.0,0.0
2024-07-02 17:05:41.777777664,0.1558949078947193,0.2254676375149267,-0.0020940493791557,1.0336915287234043,0.36740633281914886,0.0,0.0001613399254787234,0.00015754646212765957,0.0005651358895744682,0.00011113429980319148,0.009296185359042551,0.000270542405212766,0.00017046102925531918,0.0,0.0,0.0,0.0,0.0,0.0,0.0
2024-07-02 20:20:43.842105088,0.2165191892490838,0.2176469374705947,-0.0018150712085463,1.033695605851064,0.3667996460215054,0.0425531914893617,0.0001606625156451613,0.00015874637731182797,0.0005675725437096775,0.00011294631072580647,0.009305899669354838,0.0002707819333333333,0.00017116440145161288,0.0425531914893617,0.0425531914893617,0.0425531914893617,0.0425531914893617,0.0425531914893617,0.0425531914893617,0.0425531914893617
2024-07-02 23:30:45.736841984,0.2647740427698863,0.2097289156403734,-0.0023613944974419,1.0336993909574468,0.3657554558510638,0.0,0.00016105128037234042,0.00015942661952127662,0.0005634495389361703,0.0001123953895851064,0.009276498295212767,0.0002702717375,0.00017026920824468085,0.0,0.0,0.0,0.0,0.0,0.0,0.0
2024-07-03 02:40:47.631579136,0.2206211406310672,0.2140743704801655,-0.0018167754439978,1.0337029760638299,0.3653037909042553,0.0,0.00016232116015957445,0.00016205199287234044,0.0005652637199468085,0.00011162194656914894,0.00927204820744681,0.0002714861919148936,0.0001709514086170213,0.0,0.0,0.0,0.0,0.0,0.0,0.0
2024-07-03 05:45:49.555555328,0.1730277158289368,0.2159488957063112,-0.0007576035331809,1.03370624021164,0.3643002616402117,0.0,0.00016227011486772487,0.00016053373074074073,0.0005561233733862434,0.0001103321104973545,0.009173667796296296,0.0002682118726984127,0.00017115328306878307,0.0,0.0,0.0,0.0,0.0,0.0,0.0
2024-07-03 08:47:54.941176320,0.2121877704080361,0.2110930615471996,0.0002679477326242,1.0337092396825396,0.36443740761904764,0.0,0.00016245349920634923,0.00015796327978835978,0.0005602243134920634,0.00011143720236507938,0.009100601111111111,0.0002707668157142857,0.00017062634502645508,0.0,0.0,0.0,0.0,0.0,0.0,0.0
2024-07-03 12:04:46.722222592,0.260866626075142,0.2072155270742585,-0.0004000912481846,1.033712264893617,0.36433510388297874,0.0,0.00016211603760638295,0.0001578583573404255,0.0005590075555319149,0.00011244669010106386,0.009150848832446807,0.00027045368978723404,0.00016938070627659576,0.0,0.0,0.0,0.0,0.0,0.0,0.0
2024-07-03 15:10:55.315789568,0.1746284315931348,0.2112991394279876,-0.0023157301808393,1.0337149195767197,0.3630626707936508,0.0,0.00016186473354497352,0.00015853480835978836,0.0005525393666137566,0.00010998739605291003,0.009106068203703705,0.0002686416480952381,0.00016816531105820107,0.0,0.0,0.0,0.0,0.0,0.0,0.0
2024-07-03 18:12:57.266666496,0.1545722586145075,0.2116865080044739,-0.001776854375124,1.033717319047619,0.36224513973544975,0.0,0.0001612998942857143,0.00015733455957671956,0.0005497669389947091,0.0001101979965079365,0.009082709793650794,0.0002676991137037037,0.00016752977359788362,0.0,0.0,0.0,0.0,0.0,0.0,0.0
2024-07-03 21:40:59.294117632,0.2477717662671352,0.2008421815201237,-0.0026324560994589,1.033719821693122,0.36152749335570467,0.8465608465608465,0.0001619702387248322,0.00015787232362416106,0.000547527862080537,0.00011002094819463085,0.009069691348993289,0.00026628839865771816,0.00016784142496644296,0.8465608465608465,0.8465608465608465,0.8465608465608465,0.8465608465608465,0.8465608465608465,0.8465608465608465,0.8465608465608465
2024-07-04 00:41:01.105263360,0.2420244538146221,0.1987111715643419,-0.0021329632868694,1.033721755026455,0.36026407126984133,0.0,0.0001615266270899471,0.00015802100439153441,0.0005424382591005291,0.00010855329673015873,0.009012508100529101,0.0002647632588888889,0.00016673063021164022,0.0,0.0,0.0,0.0,0.0,0.0,0.0
2024-07-04 03:51:03.052631296,0.1963157743138026,0.2029778076652152,-0.0021389375104527,1.0337236116402115,0.35959212814814817,0.0,0.00016120743481481484,0.0001580554874074074,0.0005430366469312169,0.00010866171414285714,0.008996637272486773,0.0002643418101587301,0.00016903287470899472,0.0,0.0,0.0,0.0,0.0,0.0,0.0
2024-07-04 07:01:04.947368448,0.1745977745052869,0.2032063715950497,-0.0013831270588935,1.0337252370370371,0.3592536409523809,0.0,0.00016031370465608466,0.0001574436617989418,0.0005456814604761905,0.00010957561117989419,0.008944520415343915,0.0002646986204761905,0.0001669715656084656,0.0,0.0,0.0,0.0,0.0,0.0,0.0
2024-07-04 10:15:24.142856960,0.208981868493197,0.1942826106382977,-0.0010890064346378,1.033726684574468,0.3590094060638298,0.0,0.0001616999709042553,0.00015935109611702128,0.0005482455074468085,0.0001098661479680851,0.008897346494680852,0.0002640199145212766,0.0001668476865425532,0.0,0.0,0.0,0.0,0.0,0.0,0.0
2024-07-04 13:16:08.777777920,0.2215549807434058,0.1954186223640109,-0.0020060141982723,1.0337278216931216,0.35869032798941797,0.0,0.00016252461746031743,0.0001602581339153439,0.0005493340025925927,0.00010971125907407406,0.008964248962962964,0.0002659508963492063,0.00016874839264550265,0.0,0.0,0.0,0.0,0.0,0.0,0.0
2024-07-04 16:21:10.631578880,0.1237977984733333,0.1997790398923966,-0.003054861239643,1.0337288026455025,0.3581213784126984,0.0,0.00016146768460317457,0.00015949238031746031,0.0005480446488888888,0.00010832115077248679,0.008954976693121694,0.00026454261015873017,0.00017000386317460317,0.0,0.0,0.0,0.0,0.0,0.0,0.0
2024-07-04 19:58:42.250000128,0.1929180112059043,0.1940685494909819,-0.0020741623849108,1.033729670744681,0.3571838093010752,0.0425531914893617,0.0001622109923655914,0.0001622578516129032,0.0005442009645161291,0.00010852321718279572,0.00892023915860215,0.0002622426434946236,0.0001695568762365591,0.0425531914893617,0.0425531914893617,0.0425531914893617,0.0425531914893617,0.0425531914893617,0.0425531914893617,0.0425531914893617
2024-07-04 22:48:17.352941056,0.2284939851402896,0.1851235146483838,-0.0024823270086214,1.0337301313829788,0.35632889319148936,0.0,0.00016163638526595742,0.00016279848132978725,0.0005383431519148936,0.00010689770556914894,0.008877521234042554,0.0002602733513829787,0.00016771536973404257,0.0,0.0,0.0,0.0,0.0,0.0,0.0
2024-07-05 01:51:15.526315776,0.2151591014958853,0.1846408788145613,-0.001889723818444,1.0337304404255319,0.3560784317553191,0.0,0.00016367984324468086,0.0001637441864893617,0.0005378481524468086,0.00010816550675531916,0.008870076210106383,0.00026000228728723405,0.00016835987345744684,0.0,0.0,0.0,0.0,0.0,0.0,0.0
2024-07-05 05:15:02.562500096,0.1448577336373659,0.1886131476607689,-0.0009046874778746,1.0337305174603177,0.3558030691534392,0.0,0.00016482830439153439,0.00016520552169312167,0.0005407000068783068,0.00010959786987301586,0.008861732513227513,0.000259467801005291,0.00016557480074074073,0.0,0.0,0.0,0.0,0.0,0.0,0.0
2024-07-05 08:08:22.764705792,0.1893965840274063,0.1859968019349218,-0.0005710698723499,1.0337304632978723,0.35564291813829796,0.0,0.00016486572441489362,0.00016375044452127658,0.0005358489875000001,0.00010811253184042552,0.00875213986968085,0.0002594912264893617,0.00016430299904255318,0.0,0.0,0.0,0.0,0.0,0.0,0.0
2024-07-05 11:32:54.153846528,0.2112576864835205,0.1784754509962235,-0.0012546360740432,1.033730107936508,0.3554965877248677,0.0,0.00016440543222222221,0.00016107327798941802,0.0005348436883068783,0.00010897304064550263,0.008771392661375662,0.00025987759841269845,0.00016590732391534392,0.0,0.0,0.0,0.0,0.0,0.0,0.0
2024-07-05 14:31:24.052631296,0.1735353910487447,0.1829777710985704,-0.0032306169246724,1.03372962606383,0.3556592603191489,0.0,0.00016415553968085106,0.0001618129460638298,0.0005371653522340425,0.00010996792072340426,0.008832845789893616,0.0002618771931914894,0.00016673207648936172,0.0,0.0,0.0,0.0,0.0,0.0,0.0
2024-07-05 17:36:08.352941056,0.1257390008608467,0.1841527983522942,-0.0020170166654098,1.0337288978835977,0.3552946833333333,0.0,0.000162865515026455,0.00016073031275132277,0.0005356365001058201,0.00011060432902645503,0.008836332494708995,0.00026243999216931215,0.0001675188924867725,0.0,0.0,0.0,0.0,0.0,0.0,0.0
2024-07-05 20:41:27.842105344,0.1900415084741098,0.1755073465393392,-0.0025549826718194,1.0337279521276597,0.35435997870967745,0.0425531914893617,0.00015992974424731182,0.00015998068741935483,0.000531825612311828,0.00010985179424731182,0.008803999833333333,0.0002621553089784946,0.00016806130543010753,0.0425531914893617,0.0425531914893617,0.0425531914893617,0.0425531914893617,0.0425531914893617,0.0425531914893617,0.0425531914893617
2024-07-05 23:51:29.736842240,0.2262372695059866,0.1693456451531836,-0.0023634436261328,1.0337268159574466,0.3531126228191489,0.0,0.000160340585,0.0001606530180851064,0.0005302182081382979,0.00010911585419148935,0.008786764377659574,0.00025981338361702125,0.00016785778063829786,0.0,0.0,0.0,0.0,0.0,0.0,0.0
2024-07-06 03:01:31.684210688,0.1749693740571842,0.1744014448422254,-0.0019458088676733,1.0337254659574466,0.35298822728723406,0.0,0.00016203699760638298,0.00015954265819148933,0.0005299827659574468,0.00010858446795212767,0.008788731364361703,0.0002600004379787234,0.0001666204184574468,0.0,0.0,0.0,0.0,0.0,0.0,0.0
2024-07-06 06:11:33.631578880,0.1237774185403282,0.1748296480956023,-0.0006912118172845,1.0337238558510637,0.35250330462765955,0.0,0.0001616639734574468,0.0001584979955319149,0.0005266679563829786,0.00010839062865425533,0.00873170457712766,0.0002576855664361702,0.0001651486688829787,0.0,0.0,0.0,0.0,0.0,0.0,0.0
2024-07-06 09:00:49.153846016,0.1823279598038425,0.1670505900121121,-0.0014230911110719,1.0337222317460317,0.3521943614814815,0.0,0.00016157980285714285,0.00016001975005291004,0.0005293065842857143,0.0001074813155079365,0.00866100615079365,0.0002567381223809524,0.00016085083132275134,0.0,0.0,0.0,0.0,0.0,0.0,0.0
2024-07-06 12:31:37.473684224,0.2081933655043144,0.1634135138023592,-0.0025186379840637,1.0337199898936171,0.35215114537234044,0.0,0.00016425128409574467,0.00015987981984042553,0.0005273875826063829,0.00010827821560106383,0.008709881832446809,0.0002559605951595745,0.00016211729585106384,0.0,0.0,0.0,0.0,0.0,0.0,0.0
2024-07-06 15:41:39.473684480,0.1161031115718742,0.167616373576493,-0.0034084490052572,1.0337177218085107,0.3518031157446808,0.0,0.0001628253238829787,0.00015807942627659574,0.0005232481712765958,0.00010648458069148937,0.00870300578457447,0.00025413676303191485,0.00016191715531914893,0.0,0.0,0.0,0.0,0.0,0.0,0.0
2024-07-06 18:57:01.466667264,0.135056983475863,0.1647651954070546,-0.0030285871566153,1.0337151603174601,0.35103623427807484,0.042328042328042326,0.00016157052663101604,0.00015619028893048127,0.0005221924220855615,0.00010592202311764707,0.008678929072192513,0.0002547086631550802,0.00016156731219251337,0.042328042328042326,0.042328042328042326,0.042328042328042326,0.042328042328042326,0.042328042328042326,0.042328042328042326,0.042328042328042326
2024-07-06 22:16:43.437499904,0.2105831295949087,0.1524138239596919,-0.0039311696269899,1.033712325,0.35040683909574466,0.0,0.00016130853989361704,0.00015580864643617023,0.0005221438006914893,0.00010653526164361703,0.008677983162234042,0.00025432422436170207,0.00016377736776595743,0.0,0.0,0.0,0.0,0.0,0.0,0.0
2024-07-07 01:06:45.222222336,0.1949632263213061,0.149812138320735,-0.003435067036722,1.0337096691489362,0.35024362026595746,0.0,0.0001636765184042553,0.0001600102357978723,0.0005251453636702127,0.00010658104471808508,0.008703042859042553,0.0002545073346808511,0.00016350746792553192,0.0,0.0,0.0,0.0,0.0,0.0,0.0
2024-07-07 04:11:47.052631552,0.1101299313981485,0.1546650385611113,-0.0032148754894469,1.0337066265957446,0.35057894500000003,0.0,0.00016438937276595745,0.00015965714409574467,0.0005278223613297872,0.00010830659109574467,0.008717294279255319,0.000256453384893617,0.0001616687635638298,0.0,0.0,0.0,0.0,0.0,0.0,0.0
2024-07-07 07:19:35.611111424,0.1262534003219571,0.1518494944868655,-0.0024456142896429,1.0337033313829784,0.3500375197340425,0.0,0.00016322409228723402,0.00015954855994680848,0.0005249747303723405,0.00010657652855851066,0.008622971175531915,0.0002543840379787234,0.00016017394345744677,0.0,0.0,0.0,0.0,0.0,0.0,0.0
2024-07-07 10:31:50.947368448,0.180376177924586,0.1413085938982502,-0.0029385808978031,1.0336997455026455,0.3499457364550264,0.0,0.0001634500452910053,0.00015855928052910053,0.0005242777725925926,0.00010543653670370371,0.008587221343915343,0.0002544905644973545,0.0001613620395767196,0.0,0.0,0.0,0.0,0.0,0.0,0.0
2024-07-07 13:41:52.842105088,0.1529761922714101,0.1408103008731438,-0.0049525266461613,1.0336959751322752,0.35004240015873017,0.0,0.0001622676175132275,0.00015676263925925928,0.0005218039824867725,0.00010733465702116402,0.008638134822751322,0.00025521380936507936,0.0001642812533862434,0.0,0.0,0.0,0.0,0.0,0.0,0.0
2024-07-07 16:51:54.736842240,0.0656694406902715,0.1437002301726124,-0.0041249367604805,1.0336920116402117,0.35012192761904765,0.0,0.00016066239825396824,0.00015665997444444445,0.0005237070853439153,0.00010684562885714286,0.008674673193121693,0.00025583255185185187,0.00016389683248677246,0.0,0.0,0.0,0.0,0.0,0.0,0.0
2024-07-07 23:31:57.733333760,0.186865121665221,0.1236686855947456,-0.0036376586029652,1.0336829682539683,0.34926608380952373,0.0,0.00016136152423280422,0.0001590634733862434,0.0005232477638095238,0.000107275479010582,0.008670362391534393,0.000255965533015873,0.00016778448555555554,0.0,0.0,0.0,0.0,0.0,0.0,0.0
2024-07-08 02:21:59.473684224,0.1457258868386475,0.1240253396861353,-0.0044518607206979,1.0336788587301586,0.34928079301587306,0.0,0.0001623489096296296,0.00016029525687830687,0.0005230339046031746,0.0001068495751111111,0.008672210023809523,0.000255092823968254,0.00016756525481481478,0.0,0.0,0.0,0.0,0.0,0.0,0.0
2024-07-08 05:28:53.750000128,0.0711616578523148,0.1262282218741399,-0.0033486211661372,1.0336741195767196,0.349210724973545,0.0,0.00016368755084656086,0.00015933772084656084,0.0005204076957671958,0.00010565986577777776,0.008632387304232806,0.0002541231561375661,0.00016640352777777775,0.0,0.0,0.0,0.0,0.0,0.0,0.0
2024-07-08 08:27:40.562500096,0.1096253022454902,0.1199269566148123,-0.0021814522736744,1.0336694037234042,0.3505251657446809,0.0,0.00016273279303191486,0.0001575022286170213,0.0005239656747872339,0.00010632754873404255,0.008598275159574467,0.00025610589765957445,0.0001663135739361702,0.0,0.0,0.0,0.0,0.0,0.0,0.0
2024-07-08 11:49:44.941176320,0.1726260643689556,0.1131477849650519,-0.0027261518623861,1.0336638404255318,0.35180602170212766,0.0,0.00016212234063829787,0.00015723748819148936,0.0005272433547340425,0.00010676981094148937,0.008687317795212765,0.00025848230425531916,0.00016844757867021272,0.0,0.0,0.0,0.0,0.0,0.0,0.0
2024-07-08 14:52:08.105263616,0.0953346702763724,0.1173347900546297,-0.0043230314150514,1.033658611111111,0.35240600291005286,0.0,0.0001618189833333333,0.0001557066914814815,0.0005250341295238094,0.00010723710320105822,0.008733398447089947,0.0002569952535978836,0.0001662932208994709,0.0,0.0,0.0,0.0,0.0,0.0,0.0
2024-07-08 18:00:24.176470528,0.0498016061275734,0.1162870523845815,-0.0030711567953496,1.0336530127659573,0.352958222393617,0.0,0.000161918530212766,0.0001549830149468085,0.0005263653430319149,0.00010744764135106384,0.008765061074468086,0.0002570124969680851,0.0001671424129255319,0.0,0.0,0.0,0.0,0.0,0.0,0.0
2024-07-08 21:11:29.142857216,0.1147664345862153,0.1046712476459149,-0.0030080681633038,1.0336471249999999,0.3539286478494624,0.0425531914893617,0.00016133263564516127,0.0001520414822580645,0.0005256046022580645,0.00010653208118279568,0.008803983150537636,0.00025777522575268815,0.00016618430709677416,0.0425531914893617,0.0425531914893617,0.0425531914893617,0.0425531914893617,0.0425531914893617,0.0425531914893617,0.0425531914893617
2024-07-09 00:22:13.947368192,0.1548908687660173,0.096049225338233,-0.0037707463528295,1.033641049468085,0.3556654545212765,0.0,0.00015930619095744683,0.00015108164734042553,0.0005298911511702128,0.00010595034676595745,0.008900824289893616,0.0002614841413297872,0.00016510714867021278,0.0,0.0,0.0,0.0,0.0,0.0,0.0
2024-07-09 03:32:15.842105344,0.0984597295533262,0.1011428663008735,-0.003365440760692,1.033634799468085,0.35694759462765957,0.0,0.00015906690234042552,0.00015304762122340425,0.000533704372606383,0.00010745625234574469,0.008950224625,0.0002647574821276596,0.00016675433239361702,0.0,0.0,0.0,0.0,0.0,0.0,0.0
2024-07-09 06:42:17.736842240,0.064846960824525,0.1020431600014323,-0.0023737123215513,1.033628324468085,0.3580514096808511,0.0,0.00015916303601063833,0.000152975035106383,0.0005377232526595744,0.00010690926160638298,0.008945602531914893,0.00026722886053191493,0.00016767415962765962,0.0,0.0,0.0,0.0,0.0,0.0,0.0
2024-07-09 09:56:13.111110912,0.1201005068547829,0.0907092996524257,-0.0021894450163025,1.0336215010638299,0.35898090361702123,0.0,0.00015683314111702127,0.0001515213232978723,0.0005334494770212766,0.00010525119699468083,0.008884131199468084,0.0002655728367021277,0.00016637181872340427,0.0,0.0,0.0,0.0,0.0,0.0,0.0
2024-07-09 12:57:21.555555584,0.1275268710401178,0.0876071347888682,-0.0031885606275452,1.0336149521276596,0.3602381240425532,0.0,0.0001558089019680851,0.00015224257526595745,0.0005344388993085107,0.00010581301095212764,0.008994099941489362,0.0002649044817021276,0.0001677045425,0.0,0.0,0.0,0.0,0.0,0.0,0.0
2024-07-09 16:01:50.111111168,0.035859660062556,0.0929652086037304,-0.0035926381826968,1.0336080740740743,0.3615479043386243,0.0,0.00015578798529100528,0.00015406812582010582,0.0005386784864550264,0.0001070088861904762,0.009068380756613757,0.0002663512975132275,0.00016831178037037038,0.0,0.0,0.0,0.0,0.0,0.0,0.0
2024-07-09 19:13:45.333332992,0.0336395968387819,0.0889957547643645,-0.0037366022579618,1.033600749468085,0.36283425819148934,0.0,0.00015665483957446808,0.00015558352303191492,0.0005416611960638298,0.00010931005942553193,0.009119243034574467,0.0002690028301595745,0.00016958554718085107,0.0,0.0,0.0,0.0,0.0,0.0,0.0
2024-07-09 22:35:34.937500160,0.137378990366642,0.0765390028213171,-0.0043684163762926,1.0335927888297873,0.36410109317204303,0.0425531914893617,0.00015692705677419354,0.00015566693564516128,0.0005499642313978496,0.0001097474868870968,0.009210153185483872,0.00027293645413978496,0.0001703932889247312,0.0425531914893617,0.0425531914893617,0.0425531914893617,0.0425531914893617,0.0425531914893617,0.0425531914893617,0.0425531914893617
2024-07-10 01:32:29.263158272,0.1213291203527546,0.0720155542793244,-0.0047412709848603,1.0335855728723404,0.364663607606383,0.0,0.00015770000824468086,0.00015667647021276596,0.0005526139597340425,0.00011062284081914895,0.009243726646276595,0.0002748328395744681,0.00016925342484042552,0.0,0.0,0.0,0.0,0.0,0.0,0.0
2024-07-10 04:42:31.210526208,0.0252858798318698,0.074651713351854,-0.0041235309148333,1.0335777015957446,0.3659097504787233,0.0,0.00015815499372340427,0.0001558908279787234,0.0005545546342553191,0.00011039280510638298,0.00926491967287234,0.0002761365444148936,0.0001716922905319149,0.0,0.0,0.0,0.0,0.0,0.0,0.0
2024-07-10 07:27:09.769230848,0.0550065270501249,0.0697487688274717,-0.0029784504607879,1.0335707238095238,0.36735203031746033,0.0,0.0001582641873015873,0.0001565268419047619,0.0005602681466666666,0.00011018856741798942,0.009258320198412698,0.0002781376697883598,0.00017371342412698414,0.0,0.0,0.0,0.0,0.0,0.0,0.0
2024-07-10 11:19:42.928571136,0.1194565657207817,0.0588560826219314,-0.0035197372479733,1.0335606138297875,0.3697127886702128,0.0,0.00015930054829787235,0.00015945445324468084,0.0005737147355319149,0.00011231203102127658,0.009354913593085106,0.0002832015414361702,0.00017492261744680852,0.0,0.0,0.0,0.0,0.0,0.0,0.0
2024-07-10 14:12:36.947368704,0.0631635346744587,0.0650205292338472,-0.0025204331685362,1.0335528941489363,0.3714902468617021,0.0,0.00016035049484042552,0.00015983986388297871,0.0005814495384574468,0.00011612082459042553,0.009476453119680851,0.0002882290121276596,0.0001783533720212766,0.0,0.0,0.0,0.0,0.0,0.0,0.0
2024-07-10 17:15:08.750000128,-0.0070469064935991,0.0700129683048264,-0.0026223115949069,1.0335445841269844,0.3718703156084656,0.0,0.00016043749227513226,0.00015965713,0.0005780829101587301,0.00011411830535449734,0.00948026725925926,0.00028493464904761907,0.00017894330994708992,0.0,0.0,0.0,0.0,0.0,0.0,0.0
2024-07-10 20:21:33.944444416,0.0396548985074218,0.0600191310101387,-0.0020935260025006,1.0335358978723403,0.37232284162162155,0.851063829787234,0.00016032880229729728,0.00015882473027027026,0.0005766738864189189,0.00011348670283783782,0.009485628983108108,0.0002870519697972973,0.00017846181547297296,0.851063829787234,0.851063829787234,0.851063829787234,0.851063829787234,0.851063829787234,0.851063829787234,0.851063829787234
2024-07-10 23:32:42.631578880,0.0991170287674094,0.0500036014154348,-0.0020066108757582,1.0335268388297874,0.3727488860638298,0.0,0.00016041777499999999,0.00015986852739361703,0.0005721685160106383,0.00011202994884042552,0.009496699622340427,0.000285096110212766,0.00017744583186170211,0.0,0.0,0.0,0.0,0.0,0.0,0.0
2024-07-11 02:42:44.526315520,0.0563622280378126,0.0539387287161441,-0.002085679288566,1.0335176499999998,0.3735200064893617,0.0,0.00016085538367021276,0.0001587846660106383,0.0005823880391489361,0.00011210387229787234,0.009565105050531915,0.0002886935155319149,0.0001758578361170213,0.0,0.0,0.0,0.0,0.0,0.0,0.0
2024-07-11 05:52:46.473683968,-0.0140780496319052,0.0563922702865336,-0.0009578901631148,1.0335082303191487,0.37388389297872343,0.0,0.0001613949410638298,0.00016206331015957445,0.0005854297565957447,0.00011190603622340428,0.009541031154255319,0.00028758547287234044,0.0001762590154787234,0.0,0.0,0.0,0.0,0.0,0.0,0.0
2024-07-11 09:05:28.400000256,0.1159974660174611,0.0470713158596735,-0.0004479923864657,1.033498465425532,0.3741717915957446,0.0,0.00016000710734042554,0.00016086912760638296,0.0005715783705851063,0.00010990595843085107,0.00939038164361702,0.0002816605993085106,0.0001737379870744681,0.0,0.0,0.0,0.0,0.0,0.0,0.0
2024-07-11 12:12:50.368421120,0.0985413047615111,0.0416411536357722,-0.0016257605670816,1.0334887947089948,0.37459729105820105,0.0,0.00015951528322751324,0.00016038820216931216,0.0005699655452910054,0.00010956083443915345,0.009461165542328044,0.0002805140656613757,0.00017396757269841275,0.0,0.0,0.0,0.0,0.0,0.0,0.0
2024-07-11 15:22:52.263158016,0.0074591055357018,0.0477146033903138,-0.0025005721100903,1.0334788084656086,0.3752807277248677,0.0,0.0001589087357142857,0.00015987137989417988,0.0005728257800529101,0.00011113667395238096,0.00952302302910053,0.00028202618095238095,0.00017622674804232803,0.0,0.0,0.0,0.0,0.0,0.0,0.0
2024-07-11 18:32:20.888888832,-0.0088727643783954,0.0493649224875368,-0.0023689857029155,1.033468660106383,0.3756823568617021,0.0,0.00015886735675531917,0.00015993799074468085,0.000573836730531915,0.00011232664438829788,0.009541515013297872,0.00028167230691489363,0.00017412413377659576,0.0,0.0,0.0,0.0,0.0,0.0,0.0
2024-07-11 21:47:56.222222592,0.0764425347410906,0.038517163149379,-0.0034643035421351,1.0334579984126984,0.37546907406417107,0.042328042328042326,0.00015959296411764703,0.00015859155898395724,0.0005710200998395723,0.00011032488801604279,0.009523421871657754,0.00027913008005347594,0.00017278528187165775,0.042328042328042326,0.042328042328042326,0.042328042328042326,0.042328042328042326,0.042328042328042326,0.042328042328042326,0.042328042328042326
2024-07-12 03:52:59.894736640,-0.0017158418283997,0.0399203456525863,-0.0049159257684518,1.0334375687830686,0.3760181551851852,0.0,0.00016015570121693124,0.00015908968264550266,0.0005712839041269841,0.00010948365053968253,0.009536650267195768,0.00027933448063492065,0.0001730737617989418,0.0,0.0,0.0,0.0,0.0,0.0,0.0
2024-07-12 06:47:01.733333504,-0.0074285742362576,0.0355751554628227,-0.0013440701094308,1.0334275888888889,0.3757983307407407,0.0,0.00016042332216931218,0.00016084160428571427,0.0005677216185185186,0.00010930287558201057,0.00944429997089947,0.0002784083293121693,0.00017056270666666667,0.0,0.0,0.0,0.0,0.0,0.0,0.0
2024-07-12 10:27:19.857142528,0.071907940315441,0.0254922303166722,-0.0011677416507318,1.0334147255319148,0.3769129622340425,0.0,0.00016201514936170212,0.0001621276484574468,0.0005715546995212766,0.0001112850228776596,0.009413502247340427,0.00028039665611702126,0.00017256958063829785,0.0,0.0,0.0,0.0,0.0,0.0,0.0
2024-07-12 13:23:05.526316032,0.0611090467713211,0.0262141835466379,-0.0021464134651016,1.0334043137566136,0.3780945289947089,0.0,0.0001632671352910053,0.00016444236788359787,0.0005764132622751323,0.00011183977097883599,0.009534172912698412,0.00028305516735449733,0.0001720224678835979,0.0,0.0,0.0,0.0,0.0,0.0,0.0
2024-07-12 16:33:07.631578624,-0.0419038426286419,0.0328383385145055,-0.0018137004735179,1.0333928703703703,0.37866659904761907,0.0,0.00016346200883597884,0.00016537748957671955,0.0005743737576190476,0.00010977931793121694,0.009543257235449736,0.0002811143124338624,0.00017111098973544972,0.0,0.0,0.0,0.0,0.0,0.0,0.0
2024-07-12 19:44:35.142857472,-0.0217462141294504,0.0281503178674755,-0.0007082667346318,1.033381155319149,0.37949378768817205,0.0425531914893617,0.00016214810311827955,0.00016536254204301074,0.0005761754104838709,0.00010999513855376345,0.009579053771505378,0.00028198278849462366,0.00017232887887096775,0.0425531914893617,0.0425531914893617,0.0425531914893617,0.0425531914893617,0.0425531914893617,0.0425531914893617,0.0425531914893617
2024-07-12 23:18:11.714285824,0.0822717650770528,0.0170470510131814,-0.0012702204152069,1.0333678703703704,0.38033404550264555,0.0,0.0001647191767195767,0.00016929160243386244,0.0005832648773544974,0.00011177053444444444,0.00964612332010582,0.00028343791084656087,0.00017461187285714287,0.0,0.0,0.0,0.0,0.0,0.0,0.0
2024-07-13 02:03:13.473684224,0.0595099935505345,0.0190438000851014,-0.001754677444497,1.033357405319149,0.3807156008510638,0.0,0.00016637871313829788,0.0001707583766489362,0.0005883741117553191,0.00011216084414361701,0.009679578457446807,0.0002844467319148936,0.00017408061957446808,0.0,0.0,0.0,0.0,0.0,0.0,0.0
2024-07-13 05:08:15.333333248,-0.0325367221384453,0.0241148692764848,-0.0014722459568584,1.0333455760638297,0.3813058781382979,0.0,0.0001697801255851064,0.0001737951957978723,0.0005955834542021276,0.00011294624977127659,0.009711645598404255,0.00028503059420212763,0.00017387695058510637,0.0,0.0,0.0,0.0,0.0,0.0,0.0
2024-07-13 08:07:59.470588160,0.0168444975252555,0.0188606060360449,-0.0003102822714071,1.033333940740741,0.380519046984127,0.0,0.0001690787294179894,0.00017178077100529096,0.00058759779994709,0.00011113307112169315,0.00954514798148148,0.0002821780976719577,0.00017270820671957675,0.0,0.0,0.0,0.0,0.0,0.0,0.0
2024-07-13 11:29:47.411764992,0.0772412502038832,0.0114174246808147,-0.0004824713711289,1.033320695212766,0.38157527037234035,0.0,0.0001674295372340426,0.0001714639364893617,0.0005929831342553192,0.00011242271702659573,0.009618972763297871,0.00028665632622340423,0.00017682016579787232,0.0,0.0,0.0,0.0,0.0,0.0,0.0
2024-07-13 14:33:21.052631296,0.0154982663297005,0.0186213900673543,-0.001203719584716,1.033308430319149,0.3830915058510639,0.0,0.0001683765586170213,0.00017439334872340425,0.0006101098598404256,0.00011548838211170212,0.009785533140957446,0.0002935248131382979,0.00018160168287234045,0.0,0.0,0.0,0.0,0.0,0.0,0.0
2024-07-13 17:55:03.249999872,-0.0574399016406346,0.0245260659449837,-0.0015565445083609,1.033294816931217,0.38291023899470894,0.0,0.00017074027899470902,0.00017864799550264553,0.0006027228691005292,0.00011339236985185184,0.00975942977248677,0.0002889037213756613,0.00017733321894179889,0.0,0.0,0.0,0.0,0.0,0.0,0.0
2024-07-13 21:07:15.923077376,0.0242418961065595,0.0167833055767975,-0.0007501775852929,1.033281635638298,0.3829936987096774,0.0425531914893617,0.00017185866311827957,0.00017784012387096776,0.0006071467390322581,0.00011373242079032259,0.009802175494623656,0.000288999374139785,0.00017907304139784945,0.0425531914893617,0.0425531914893617,0.0425531914893617,0.0425531914893617,0.0425531914893617,0.0425531914893617,0.0425531914893617
2024-07-14 00:03:26.842105088,0.0584953252517266,0.0082294727514303,-0.0013641996551833,1.0332694542553191,0.3830974884574468,0.0,0.00017175222228723403,0.0001776271229787234,0.0006093761367021277,0.0001158216249787234,0.009818804954787236,0.0002905423774468085,0.00018007063563829786,0.0,0.0,0.0,0.0,0.0,0.0,0.0
2024-07-14 03:13:28.789473536,0.003602518189723,0.0149439120267821,-0.0013984538864523,1.0332561382978722,0.38358418244680853,0.0,0.00017532106361702128,0.0001830407745744681,0.0006202895382446809,0.0001175105016010638,0.009848898696808512,0.00029440307978723405,0.0001825451519680851,0.0,0.0,0.0,0.0,0.0,0.0,0.0
2024-07-14 06:23:30.736842496,-0.0356523108466717,0.0182028442367123,0.0001339874534087,1.033242638297872,0.38332280382978723,0.0,0.00017358164537234047,0.00018240411590425532,0.0006019126960106384,0.00011195129551063828,0.009718008643617021,0.0002869668120212766,0.00017694898420212766,0.0,0.0,0.0,0.0,0.0,0.0,0.0
2024-07-14 09:44:22.833333248,0.0517477073963732,0.0089305494310521,0.0003771758200665,1.0332281765957445,0.3841014232978723,0.0,0.00017459840680851066,0.00018171710526595743,0.0006071172717553191,0.00011295317559042553,0.00966825585106383,0.0002907975916489362,0.00018045097930851064,0.0,0.0,0.0,0.0,0.0,0.0,0.0
2024-07-14 12:38:34.555555328,0.055014572279731,0.0075389704649069,0.0002499074701934,1.033215505851064,0.38397188388297876,0.0,0.0001747786163829787,0.00018024811324468087,0.0006061884807978722,0.00011499202554787236,0.009755431305851063,0.00028952431335106383,0.00017985950462765958,0.0,0.0,0.0,0.0,0.0,0.0,0.0
2024-07-14 15:41:50.529411840,-0.018384119709367,0.0162037029966549,-0.0006779837380246,1.033201997883598,0.38439961439153436,0.0,0.00017568432301587304,0.00018088891544973547,0.0006050959444444444,0.00011494600071428573,0.009781477626984126,0.00028985331603174604,0.00018064562158730163,0.0,0.0,0.0,0.0,0.0,0.0,0.0
2024-07-14 19:00:04.071428608,-0.051689833179239,0.0163755121319975,-3.019460074174529e-05,1.0331872550264551,0.38492094160427803,0.042328042328042326,0.00017588539652406418,0.00018104123994652403,0.0006067083835294118,0.0001152709752513369,0.009795511524064172,0.00029222554914438504,0.0001821476003743316,0.042328042328042326,0.042328042328042326,0.042328042328042326,0.042328042328042326,0.042328042328042326,0.042328042328042326,0.042328042328042326
2024-07-14 22:08:07.055555584,0.0547509884411283,0.0078878319110694,-0.0006592137583017,1.033173097883598,0.385137764973545,0.0,0.0001791614508994709,0.00018141318396825397,0.000609615571058201,0.00011590155722751322,0.009837887965608465,0.000292119313015873,0.00018120775169312172,0.0,0.0,0.0,0.0,0.0,0.0,0.0
2024-07-15 01:08:42.222222336,0.0592106162543473,0.0044020780010389,-0.0024592021284109,1.033159344680851,0.3848541307446809,0.0,0.00017772314138297872,0.000179649524893617,0.0006042560428723405,0.00011601210178723404,0.009817368223404255,0.0002898435392021277,0.00018039011388297868,0.0,0.0,0.0,0.0,0.0,0.0,0.0
2024-07-15 04:23:44.157894912,-0.0432985822696991,0.0118755878950721,-0.0021172970915189,1.0331443409574468,0.3847353203191488,0.0,0.00017727797590425535,0.0001783036459574468,0.0006043873696808511,0.00011619842912234042,0.009784354247340426,0.0002932761167021276,0.00018063441377659572,0.0,0.0,0.0,0.0,0.0,0.0,0.0
2024-07-15 07:28:28.352941312,-0.0025922602301875,0.0097523538463782,-0.0001792460051519,1.0331299531914893,0.3844070045212767,0.0,0.000177627342393617,0.00017978974361702128,0.0005999138271276596,0.00011479833266489363,0.009683557289893617,0.0002897270457446808,0.00017932313297872341,0.0,0.0,0.0,0.0,0.0,0.0,0.0
2024-07-15 10:47:08.111111168,0.05520162127209,0.0011640570449851,-0.000626929031938,1.0331143566137568,0.38474939894179894,0.0,0.00017866864074074073,0.00018023497433862436,0.0006027788597354497,0.00011469904381481482,0.009688557626984126,0.00029150165465608466,0.0001815364966137566,0.0,0.0,0.0,0.0,0.0,0.0,0.0
2024-07-15 13:53:49.947368192,0.0264754148660131,0.0046818131806083,-0.0005156175991247,1.0330995105820107,0.38377488068783067,0.0,0.00017700808095238093,0.00018111485370370375,0.0005959746984656085,0.00011418056475661374,0.0096990672010582,0.0002875707174603174,0.00017946379412698413,0.0,0.0,0.0,0.0,0.0,0.0,0.0
2024-07-15 16:59:34.785714688,-0.0518445176203385,0.0149432610217908,-0.0001444004071784,1.0330846276595747,0.3840176345744681,0.0,0.00017978576297872343,0.00018697545074468082,0.0005991836352127659,0.0001156684651861702,0.009715529670212766,0.00028899934276595745,0.00018171156382978726,0.0,0.0,0.0,0.0,0.0,0.0,0.0
2024-07-15 20:02:27.999999744,-0.0417122826406739,0.0114081817400845,0.0011839747163286,1.0330698063829789,0.38415095811827954,0.0425531914893617,0.00018106504623655913,0.00018435177048387093,0.0006079033331182796,0.00011594068123118281,0.009771198104838709,0.0002927536543010753,0.00018203222741935483,0.0425531914893617,0.0425531914893617,0.0425531914893617,0.0425531914893617,0.0425531914893617,0.0425531914893617,0.0425531914893617
2024-07-15 23:13:55.631578624,0.0615033177757595,0.0047920189299999,0.0017629359773111,1.0330541534391535,0.38477652756613745,0.0,0.00018110516,0.00018551357629629627,0.0006124571051322751,0.00011791977744444445,0.009845719571428572,0.00029478704005291007,0.00018636945291005294,0.0,0.0,0.0,0.0,0.0,0.0,0.0
2024-07-16 02:23:57.631578880,0.0241456647633526,0.0149908778501963,0.0026988325717025,1.033038473015873,0.38472578026455023,0.0,0.0001830602234920635,0.0001881575891005291,0.0006135732943386243,0.00011815515893121695,0.00985688879100529,0.0002940122492063492,0.0001853330693121693,0.0,0.0,0.0,0.0,0.0,0.0,0.0
2024-07-16 05:33:59.526315776,-0.0566332861383784,0.0230326741899051,0.0048893782829789,1.0330226423280424,0.3849626597354498,0.0,0.0001827639993650794,0.00018700072126984124,0.000608511985978836,0.0001168658125079365,0.00981750744973545,0.0002920597996825397,0.00018346722185185184,0.0,0.0,0.0,0.0,0.0,0.0,0.0
2024-07-16 08:41:48.111110912,0.0273467100537345,0.0201572693787152,0.0059548438697678,1.0330068312169312,0.3854744513756614,0.0,0.00018213158873015873,0.00018747155714285717,0.0006138770644444443,0.00011719511383068784,0.009753073626984127,0.00029718824984126984,0.0001883081812169312,0.0,0.0,0.0,0.0,0.0,0.0,0.0
2024-07-16 11:54:03.421052672,0.0817089887561337,0.0185019675374265,0.0056967249011654,1.0329905423280423,0.3850778134391534,0.0,0.00018226888555555553,0.00018871448873015873,0.0006056523270370371,0.00011661623728042327,0.009779231111111111,0.00029236444576719576,0.00018717151301587303,0.0,0.0,0.0,0.0,0.0,0.0,0.0
2024-07-16 15:04:05.368421120,0.0087949577789459,0.0286976431181292,0.0050415512101976,1.0329742735449736,0.3852055712169312,0.0,0.0001810996350793651,0.0001855692177777778,0.0006039400601058201,0.000114646632989418,0.009821047465608466,0.0002906559367195767,0.00018357726079365082,0.0,0.0,0.0,0.0,0.0,0.0,0.0
2024-07-16 18:12:21.411764480,-0.026799500276752,0.0396489615490622,0.0047056929835401,1.032957995212766,0.3855938021276596,0.0,0.00018123753111702124,0.00018697201526595746,0.0006064765157446809,0.0001148416030531915,0.009849524260638298,0.00029123297101063826,0.00018273567723404256,0.0,0.0,0.0,0.0,0.0,0.0,0.0
2024-07-16 21:39:09.437499904,0.0892865836928535,0.0348254428594976,0.0041994961327765,1.0329400031746032,0.38559408941176465,0.042328042328042326,0.00018529730406417112,0.00019180799748663103,0.0006184336452941176,0.00011639924611764705,0.009914472622994653,0.0002966709955614973,0.0001859655746524064,0.042328042328042326,0.042328042328042326,0.042328042328042326,0.042328042328042326,0.042328042328042326,0.042328042328042326,0.042328042328042326
2024-07-17 00:29:11.111111168,0.1019510921860273,0.0343493257872444,0.0032326046663719,1.0329250412698412,0.38442708841269846,0.0,0.00018460328645502648,0.00019317894502645508,0.0006084075746560846,0.00011339223868253968,0.009865114968253968,0.0002898392198412698,0.00018138829904761904,0.0,0.0,0.0,0.0,0.0,0.0,0.0
2024-07-17 03:34:12.947368704,0.0178213587266213,0.0469714898245569,0.0021433455448185,1.0329086005319148,0.3839554175,0.0,0.00018533844632978724,0.00019271730882978723,0.000607108262180851,0.00011352034943617024,0.009842846095744682,0.00028928804462765954,0.00018270150813829786,0.0,0.0,0.0,0.0,0.0,0.0,0.0
2024-07-17 06:44:14.894736640,0.0049564909292598,0.0527529607380013,0.0032193488098073,1.032891639361702,0.38563045430851056,0.0,0.0001866477946808511,0.00019443762313829785,0.000629458922180851,0.00012142778380319149,0.00992199643351064,0.00030257372148936174,0.0001936592772340426,0.0,0.0,0.0,0.0,0.0,0.0,0.0
2024-07-17 09:55:36.933333248,0.0806992649287963,0.0468880787813339,0.0027741156868165,1.0328744542553192,0.38455628909574474,0.0,0.0001832320905319149,0.0001956193204255319,0.0006137193493085106,0.0001148957205425532,0.009765743130319148,0.0002908513164893617,0.00018359915234042551,0.0,0.0,0.0,0.0,0.0,0.0,0.0
2024-07-17 13:04:18.736842496,0.1006548569614551,0.051474535823458,0.0020188029189848,1.0328573085106383,0.3840189751595744,0.0,0.0001840148229787234,0.00019690650175531913,0.0006081548109574469,0.00011473639192553193,0.009820445015957448,0.0002889331435106383,0.0001831405174468085,0.0,0.0,0.0,0.0,0.0,0.0,0.0
2024-07-17 16:13:47.388889088,-0.0012024251885804,0.0651163930933674,0.002274310598931,1.0328400361702128,0.38350787324468083,0.0,0.0001852407230319149,0.0001953697959574468,0.000604429170212766,0.00011241280192021276,0.009801434417553191,0.00028853491574468084,0.00018215077962765959,0.0,0.0,0.0,0.0,0.0,0.0,0.0
2024-07-17 19:27:30.125000192,0.0179561428240617,0.0662241438663281,0.0044755031158774,1.0328221643617022,0.38379090533783783,0.851063829787234,0.0001860939852027027,0.00019562884162162162,0.0006118643165540541,0.00011429149785135135,0.009868924611486488,0.0002940660811486486,0.0001877472033783784,0.851063829787234,0.851063829787234,0.851063829787234,0.851063829787234,0.851063829787234,0.851063829787234,0.851063829787234
2024-07-17 22:39:24.555555840,0.107454846346684,0.0592677694396701,0.0040461246701453,1.0328043457446807,0.38302167122340425,0.0,0.00018620866569148936,0.00019656520388297875,0.0006047050447340426,0.00011433824889893617,0.009827706449468085,0.00029137704207446804,0.0001832689734042553,0.0,0.0,0.0,0.0,0.0,0.0,0.0
2024-07-18 01:44:26.526315776,0.1025058319285108,0.0651284681269386,0.0035973947708998,1.0327870228723406,0.3820012030851064,0.0,0.00018471865558510639,0.00019393519287234042,0.0005998484987765957,0.00011470124873936168,0.009767213093085108,0.00028952007164893617,0.00018074584776595743,0.0,0.0,0.0,0.0,0.0,0.0,0.0
2024-07-18 04:49:28.444444416,0.005465523319458,0.0760239588315217,0.0039688924158869,1.0327696005319147,0.3816175637765958,0.0,0.00018557697872340423,0.00019543096925531917,0.0006067690222340426,0.0001147922876755319,0.009785629757978724,0.0002910144034042553,0.00018076127898936168,0.0,0.0,0.0,0.0,0.0,0.0,0.0
2024-07-18 07:45:07.624999936,0.0684188993265593,0.0764018860600336,0.0044648116636259,1.032752967195767,0.3819802651851852,0.0,0.0001858261427513228,0.00019621874719576718,0.000609631552962963,0.00011403999321693122,0.009716863216931219,0.0002915401809523809,0.0001828825168253968,0.0,0.0,0.0,0.0,0.0,0.0,0.0
2024-07-18 11:15:15.142857216,0.1505446442320703,0.0711290895723926,0.0039373968047384,1.0327328638297872,0.382400110319149,0.0,0.00018889433893617022,0.00019980172313829788,0.0006106629036702127,0.0001129836603244681,0.009731732864361704,0.00029263982031914895,0.00018258578234042552,0.0,0.0,0.0,0.0,0.0,0.0,0.0
2024-07-18 14:14:34.157894912,0.1036873437413419,0.0781326667632636,0.0017723931178993,1.032715655319149,0.38108947212765953,0.0,0.0001882957956914894,0.00019362032228723404,0.0006035436084042553,0.00011114086616489362,0.009731555912234043,0.0002891838314361702,0.00018083978148936172,0.0,0.0,0.0,0.0,0.0,0.0,0.0
2024-07-18 17:32:43.687499776,0.0115182246394738,0.0886945403447131,0.0020005872285776,1.0326964856382979,0.3804865348936169,0.0,0.00018764156377659578,0.00019162716819148934,0.0006047354661170213,0.0001103873473617021,0.009735134771276596,0.0002877018586170213,0.00017939314521276593,0.0,0.0,0.0,0.0,0.0,0.0,0.0
2024-07-18 20:39:04.722222080,0.094010441661112,0.0861758699390057,0.0022611789119866,1.0326783074074073,0.3798833879144385,0.042328042328042326,0.0001880002360962567,0.00019216808187165778,0.0006028652989839572,0.00011008731101069518,0.009733081037433157,0.0002850515995721925,0.00017866051716577543,0.042328042328042326,0.042328042328042326,0.042328042328042326,0.042328042328042326,0.042328042328042326,0.042328042328042326,0.042328042328042326
2024-07-18 23:44:39.947368704,0.1465978700888399,0.0803958083551929,0.0009504355181744,1.0326601329787235,0.37946101819148936,0.0,0.00018882499707446808,0.00019154854244680852,0.0006059710421276596,0.00011042139593085107,0.009747500518617022,0.00028564511212765954,0.00017795164180851064,0.0,0.0,0.0,0.0,0.0,0.0,0.0
2024-07-19 02:54:41.842105344,0.0856123188994502,0.0918411561319378,0.0005034213485125,1.0326414074468084,0.37930153276595746,0.0,0.00018817674196808508,0.0001913808721808511,0.0006052069636702128,0.00011044962146808511,0.009750492295212767,0.0002848223635638298,0.00017959547968085106,0.0,0.0,0.0,0.0,0.0,0.0,0.0
2024-07-19 06:04:43.789473792,0.0321085026221226,0.0990700551088602,0.0019285025668094,1.0326225276595744,0.37941947638297874,0.0,0.00018969907813829788,0.00019370627680851063,0.0006061726938297872,0.00011297165813829786,0.00971693017819149,0.0002864362665957447,0.00018072281414893617,0.0,0.0,0.0,0.0,0.0,0.0,0.0
2024-07-19 09:00:08.769230592,0.0898440782927423,0.0920319180174829,0.0025889144650198,1.0326049804232804,0.3791017560846561,0.0,0.00019161155000000003,0.0001959342957142857,0.0006090066603174603,0.00011389834263492065,0.009615610555555557,0.00028812759349206344,0.00018331283068783068,0.0,0.0,0.0,0.0,0.0,0.0,0.0
2024-07-19 12:19:47.555555584,0.1552604993829049,0.0908673653021091,0.0029223508529924,1.0325849111702128,0.37837598840425535,0.0,0.00019025733484042553,0.00019269484436170215,0.0006032887975,0.00011428129502659575,0.009638000361702129,0.00028561127372340425,0.0001803058845212766,0.0,0.0,0.0,0.0,0.0,0.0,0.0
2024-07-19 15:23:42.777777408,0.0747121310724878,0.1041691737928632,0.0029553301588416,1.0325662856382978,0.37716254978723396,0.0,0.00018756666313829787,0.00019052855175531917,0.0005992215811702127,0.00011358130811170215,0.009610590912234042,0.0002834403910106383,0.00017945465026595743,0.0,0.0,0.0,0.0,0.0,0.0,0.0
2024-07-19 18:29:13.874999808,0.0273650313389453,0.108715124000849,0.0041779708099962,1.0325473526595745,0.3763755327419354,0.0425531914893617,0.00018635385903225806,0.00019035367005376344,0.0006002160970430108,0.00011409219634946238,0.009603193419354839,0.00028530939639784947,0.0001815469022580645,0.0425531914893617,0.0425531914893617,0.0425531914893617,0.0425531914893617,0.0425531914893617,0.0425531914893617,0.0425531914893617
2024-07-19 21:58:00.937500160,0.1542550444171411,0.1023411783538676,0.0041521902532892,1.0325259814814813,0.37590225925133697,0.042328042328042326,0.00018431021379679147,0.0001883820834224599,0.0005991239792513368,0.00011457476352406417,0.00962791175935829,0.0002837887753475936,0.00018117687219251338,0.042328042328042326,0.042328042328042326,0.042328042328042326,0.042328042328042326,0.042328042328042326,0.042328042328042326,0.042328042328042326
2024-07-20 00:54:55.263158016,0.1623945860265507,0.1032034779385333,0.0033268286856876,1.0325077603174604,0.3755222856565657,1.9047619047619047,0.00018418860794871796,0.00018837864871794872,0.0006014661974358975,0.00011388585446153847,0.009630017346153846,0.00028323421,0.00018100079179487178,3.1746031746031744,3.1746031746031744,3.1746031746031744,3.1746031746031744,3.1746031746031744,3.1746031746031744,3.1746031746031744
2024-07-20 04:04:57.263158016,0.0590488620441647,0.1151247062365427,0.0033577140050908,1.0325077603174604,0.3755222856565657,1.9047619047619047,0.00018418860794871796,0.00018837864871794872,0.0006014661974358975,0.00011388585446153847,0.009630017346153846,0.00028323421,0.00018100079179487178,3.1746031746031744,3.1746031746031744,3.1746031746031744,3.1746031746031744,3.1746031746031744,3.1746031746031744,3.1746031746031744
2024-07-20 07:12:45.777777920,0.0885481584414833,0.1205910243102677,0.0038946626121301,1.0325077603174604,0.3755222856565657,1.9047619047619047,0.00018418860794871796,0.00018837864871794872,0.0006014661974358975,0.00011388585446153847,0.009630017346153846,0.00028323421,0.00018100079179487178,3.1746031746031744,3.1746031746031744,3.1746031746031744,3.1746031746031744,3.1746031746031744,3.1746031746031744,3.1746031746031744
2024-07-20 10:41:10.384615680,0.184441735019277,0.1132380788446574,0.0032197913463426,1.0325077603174604,0.3755222856565657,1.9047619047619047,0.00018418860794871796,0.00018837864871794872,0.0006014661974358975,0.00011388585446153847,0.009630017346153846,0.00028323421,0.00018100079179487178,3.1746031746031744,3.1746031746031744,3.1746031746031744,3.1746031746031744,3.1746031746031744,3.1746031746031744,3.1746031746031744
2024-07-20 13:35:03.052631296,0.1531077943649279,0.1182486518296085,0.0026153263561667,1.0323686031746033,0.3708496468965517,3.386243386243386,0.0001849024024137931,0.00018290592896551725,0.0005970663148275862,0.0001143236288275862,0.009525072620689655,0.0002822484048275862,0.000180325004137931,3.386243386243386,3.386243386243386,3.386243386243386,3.386243386243386,3.386243386243386,3.386243386243386,3.386243386243386
2024-07-20 16:36:19.874999808,0.0637365766780817,0.1316347593787948,0.0018605424136277,1.0323686031746033,0.3708496468965517,3.386243386243386,0.0001849024024137931,0.00018290592896551725,0.0005970663148275862,0.0001143236288275862,0.009525072620689655,0.0002822484048275862,0.000180325004137931,3.386243386243386,3.386243386243386,3.386243386243386,3.386243386243386,3.386243386243386,3.386243386243386,3.386243386243386
2024-07-20 19:50:26.800000512,0.0968222135001042,0.1302501521633854,0.0028828739669055,1.0323686031746033,0.3708496468965517,3.386243386243386,0.0001849024024137931,0.00018290592896551725,0.0005970663148275862,0.0001143236288275862,0.009525072620689655,0.0002822484048275862,0.000180325004137931,3.386243386243386,3.386243386243386,3.386243386243386,3.386243386243386,3.386243386243386,3.386243386243386,3.386243386243386
2024-07-20 22:55:08.736842240,0.1870844704962451,0.123295981201846,0.0021985459736147,1.0323686031746033,0.3708496468965517,3.386243386243386,0.0001849024024137931,0.00018290592896551725,0.0005970663148275862,0.0001143236288275862,0.009525072620689655,0.0002822484048275862,0.000180325004137931,3.386243386243386,3.386243386243386,3.386243386243386,3.386243386243386,3.386243386243386,3.386243386243386,3.386243386243386
2024-07-21 02:05:10.631578880,0.1609062132511667,0.1316319507877735,0.0011820244277493,1.0323480857142857,0.3699795839153439,0.0,0.00018467347407407408,0.00018312441941798944,0.0005949257688888889,0.00011430437085714287,0.009477136338624337,0.0002812146855026455,0.00018114649391534393,0.0,0.0,0.0,0.0,0.0,0.0,0.0
2024-07-21 05:15:12.526316032,0.059672208329971,0.1412357839434609,0.0022205391840232,1.03232745,0.36894983622340427,0.0,0.00018382495446808507,0.00018185279797872336,0.0005915654292021276,0.00011394884698404254,0.009416463430851065,0.000279150845,0.00018144225377659574,0.0,0.0,0.0,0.0,0.0,0.0,0.0
2024-07-21 08:22:44.500000000,0.1398495798768522,0.1371546085886822,0.0035576033945334,1.0323070872340425,0.36901827659574465,0.0,0.00018267880170212765,0.00018144312819148937,0.0005941250732978724,0.0001140060662712766,0.009331067537234042,0.0002804987935638298,0.00018354025750000002,0.0,0.0,0.0,0.0,0.0,0.0,0.0
2024-07-21 11:38:03.166666496,0.2013844294783666,0.1332076338470336,0.0030055560607016,1.0322856873015873,0.3683948135449736,0.0,0.00018194111142857145,0.00018068130137566138,0.0005882838874074074,0.00011112639989947091,0.009356852822751324,0.0002771092855555556,0.00018038857619047624,0.0,0.0,0.0,0.0,0.0,0.0,0.0
2024-07-21 14:45:18.368420608,0.1362551506168188,0.1437671430932841,0.0025688416541695,1.032265049468085,0.3676510034042553,0.0,0.0001808180430851064,0.00017964849377659575,0.0005856180405851064,0.00011124516763297873,0.009369617111702127,0.0002761431830851064,0.00017883964595744682,0.0,0.0,0.0,0.0,0.0,0.0,0.0
2024-07-21 17:54:13.611111168,0.0719903635265382,0.1529488593715681,0.0031506536596356,1.032244145744681,0.3676640951063829,0.0,0.00018053180377659576,0.00018191999265957447,0.0005871610659042554,0.00011168150463297873,0.009396762789893619,0.0002781424584042553,0.00018071552425531914,0.0,0.0,0.0,0.0,0.0,0.0,0.0
2024-07-21 21:08:54.117647104,0.1674164666612227,0.1476543625982546,0.0033198415514067,1.0322225142857142,0.3671912681818183,0.042328042328042326,0.0001796116643315508,0.0001822127238502674,0.0005885051327807487,0.0001105003624117647,0.009417990106951872,0.0002756249213368984,0.00017842557759358292,0.042328042328042326,0.042328042328042326,0.042328042328042326,0.042328042328042326,0.042328042328042326,0.042328042328042326,0.042328042328042326
2024-07-22 00:10:24.111111168,0.2133979894654203,0.143151772316593,0.0023367207630454,1.032202215425532,0.3667244912234043,0.0,0.00018022535010638296,0.0001824305614361702,0.0005875355254787233,0.00011036331174468085,0.00943194655319149,0.00027503436712765955,0.00017950130882978722,0.0,0.0,0.0,0.0,0.0,0.0,0.0
2024-07-22 03:15:25.999999744,0.1313864554071528,0.1552298990575921,0.0015502347958578,1.0321814212765956,0.3661639360106383,0.0,0.0001807002014361702,0.00018178158494680855,0.0005866060634574468,0.00011132646653723405,0.009401478340425533,0.0002748466235638298,0.00018241760244680852,0.0,0.0,0.0,0.0,0.0,0.0,0.0
2024-07-22 06:25:27.947368704,0.1017971227234966,0.1603905410236385,0.0026633442683962,1.0321599765957445,0.3655465182978723,0.0,0.000179175750106383,0.00018027895877659574,0.0005807923269680851,0.00010818014943085106,0.009306494292553192,0.0002707510828191489,0.0001774512539361702,0.0,0.0,0.0,0.0,0.0,0.0,0.0
2024-07-22 09:37:38.500000000,0.2010101968793378,0.1528289486798301,0.0023507967249589,1.032138195212766,0.36558623260638284,0.0,0.00017751403999999998,0.00017859033234042553,0.000580197149893617,0.0001071919367925532,0.009220876739361703,0.00027128868872340427,0.00017830087526595742,0.0,0.0,0.0,0.0,0.0,0.0,0.0
2024-07-22 12:45:31.842105088,0.2161845251177965,0.1543285388742062,0.0018096355180479,1.0321167627659575,0.3652192649468085,0.0,0.0001765314790957447,0.00017784429,0.0005798047572872341,0.0001100604634787234,0.009303171045212767,0.00026978941143617017,0.00017873594164893614,0.0,0.0,0.0,0.0,0.0,0.0,0.0
2024-07-22 15:54:27.055555328,0.1182560124431688,0.1661617704978434,0.0009997222604875,1.0320951015957447,0.3652791750531914,0.0,0.0001762112944148936,0.00017623715478723404,0.0005777340457446808,0.00011091604953191489,0.009314240015957447,0.0002697736826595745,0.00017755019388297872,0.0,0.0,0.0,0.0,0.0,0.0,0.0
2024-07-22 19:06:50.437499904,0.1023725395895667,0.1697445992861092,0.0026248414671286,1.0320729370370372,0.36488723155080216,0.042328042328042326,0.00017320838556149733,0.00017163209711229947,0.0005701324756684492,0.00011119055386631015,0.00928294802673797,0.00026930268844919784,0.00017809427641711232,0.042328042328042326,0.042328042328042326,0.042328042328042326,0.042328042328042326,0.042328042328042326,0.042328042328042326,0.042328042328042326
2024-07-23 01:30:05.166666752,0.2069379254354544,0.1627652635354348,0.000645154360815,1.0320285031746028,0.36436217,0.0,0.0001694260425925926,0.00016990706116402115,0.000567092632010582,0.00010985232282010583,0.009288457486772489,0.0002687876023809524,0.000170807097989418,0.0,0.0,0.0,0.0,0.0,0.0,0.0
2024-07-23 04:30:40.333333248,0.1030837290088584,0.1721210327541878,0.0002999025394278,1.0320074021276595,0.36461960499999996,0.0,0.0001689199840425532,0.00016980321414893616,0.0005707949429255319,0.00010991085677659574,0.009321089864361701,0.00027068984127659576,0.00017318948510638296,0.0,0.0,0.0,0.0,0.0,0.0,0.0
2024-07-23 07:26:56.937500160,0.155749823143708,0.1696058744139376,0.0012854892596884,1.031986671957672,0.364655824973545,0.0,0.00016881040111111113,0.00017069633370370371,0.000566733201058201,0.0001086988302275132,0.00922625426984127,0.0002682987750793651,0.00017189499333333333,0.0,0.0,0.0,0.0,0.0,0.0,0.0
2024-07-23 10:46:19.588235264,0.2258223746338217,0.159976099803561,0.0004854894769455,1.0319631255319148,0.36476377031914897,0.0,0.00016763778042553192,0.0001687665214361702,0.0005642230354787235,0.00010840793105851064,0.009181673566489362,0.00026875067143617017,0.00017245957228723404,0.0,0.0,0.0,0.0,0.0,0.0,0.0
2024-07-23 13:55:47.052631552,0.2139932409086782,0.1653806334545563,-0.000178288055513,1.0319407095744682,0.3648193832978724,0.0,0.00016735235973404253,0.00016855884234042551,0.0005633847252659573,0.00010878664442021276,0.00924690499468085,0.0002699319713829788,0.00017518423819148934,0.0,0.0,0.0,0.0,0.0,0.0,0.0
2024-07-23 17:07:41.500000000,0.0981510561665004,0.1748258549548696,-0.0006309141171637,1.0319178175531916,0.3644873645212766,0.0,0.0001658435173404255,0.00016674572734042554,0.0005615296248404256,0.0001087078942180851,0.009246322617021277,0.00026835423031914895,0.00017507691776595742,0.0,0.0,0.0,0.0,0.0,0.0,0.0
2024-07-23 20:21:11.066666496,0.1559020239473056,0.1706986948781657,0.0005904459219695,1.031894635978836,0.36435375759358285,0.042328042328042326,0.00016467106026737965,0.00016582028807486632,0.0005593076889304812,0.00010782712906417114,0.009253789184491979,0.0002679095636363636,0.0001728194078074867,0.042328042328042326,0.042328042328042326,0.042328042328042326,0.042328042328042326,0.042328042328042326,0.042328042328042326,0.042328042328042326
2024-07-23 23:25:52.842105088,0.2234221225672854,0.1600990692748015,-0.0013637342968087,1.0318723687830689,0.36442336878306875,0.0,0.00016495445814814814,0.00016598751206349204,0.0005582893126984126,0.00010873517732804233,0.00926267428042328,0.00026893496851851856,0.00017619306148148147,0.0,0.0,0.0,0.0,0.0,0.0,0.0
2024-07-24 02:35:54.736842240,0.1683131384560852,0.165991817081262,-0.002910795255893,1.0318493883597883,0.36408959809523805,0.0,0.00016372167164021163,0.0001651452019047619,0.0005554837994708995,0.00010835042449735452,0.009258941494708996,0.0002672751402645503,0.00017311916793650797,0.0,0.0,0.0,0.0,0.0,0.0,0.0
2024-07-24 05:45:56.736842240,0.0909974551829009,0.1698775663781606,-0.0019770451241903,1.0318262772486773,0.3648726397883597,0.0,0.00016489458428571425,0.00016413899714285714,0.0005576058697354498,0.00011037272613756613,0.009268946031746031,0.0002706556968253968,0.0001754358105291006,0.0,0.0,0.0,0.0,0.0,0.0,0.0
2024-07-24 08:59:49.538461440,0.1885149499061071,0.1599268512013797,-0.0022455796102634,1.031802564021164,0.36549222084656086,0.0,0.00016298173529100528,0.00016235946835978837,0.0005631767782539682,0.0001126684372910053,0.009198615087301588,0.00027325143634920635,0.00017717501412698415,0.0,0.0,0.0,0.0,0.0,0.0,0.0
2024-07-24 12:01:00.500000000,0.2251604190936404,0.1514878079157273,-0.0020004274678789,1.0317803285714284,0.36544357264550265,0.0,0.00016155506015873015,0.00016140385164021163,0.0005589193138095238,0.00011078053378306878,0.009268542343915344,0.0002707823455026455,0.00017472934370370375,0.0,0.0,0.0,0.0,0.0,0.0,0.0
2024-07-24 14:54:02.266666752,0.1630347749658085,0.1630383139083339,-0.0008599785959923,1.0317589724867724,0.36548838877005346,0.042328042328042326,0.00016105683748663104,0.00016155930112299462,0.0005567826880748663,0.00010909083791978609,0.009295398288770055,0.00027048604315508016,0.00017404806524064172,0.042328042328042326,0.042328042328042326,0.042328042328042326,0.042328042328042326,0.042328042328042326,0.042328042328042326,0.042328042328042326
2024-07-24 18:17:19.187500032,0.0691427925917196,0.1651456042256165,-0.000466589171516,1.0317337319148936,0.36558643792553186,0.0,0.00016095904478723402,0.00016233966117021274,0.0005620398646808511,0.00011200377378723405,0.009341711789893618,0.0002726430616489362,0.0001774916579787234,0.0,0.0,0.0,0.0,0.0,0.0,0.0
2024-07-24 21:29:59.333332992,0.1796894504928445,0.1538562206094105,-0.0011422879826279,1.0317097227513228,0.36492481201342286,0.8465608465608465,0.00015861510604026844,0.00016054751738255033,0.0005595365591275168,0.0001092176432885906,0.009333905476510066,0.0002711998029530201,0.0001714584884563758,0.8465608465608465,0.8465608465608465,0.8465608465608465,0.8465608465608465,0.8465608465608465,0.8465608465608465,0.8465608465608465
2024-07-25 00:39:27.777778176,0.2062645640033906,0.1461980361495857,-0.0033917300477904,1.0316859361702126,0.36494209648936166,0.0,0.0001589289975531915,0.00016141898436170215,0.0005641993988297872,0.00011029180070744679,0.009360624313829788,0.000275027744893617,0.00017254825260638298,0.0,0.0,0.0,0.0,0.0,0.0,0.0
2024-07-25 03:45:02.833333248,0.0964630773356702,0.154210436990647,-0.0039007426135273,1.0316625544973546,0.3645588134391534,0.0,0.00015881932767195767,0.00016147001227513228,0.000559004617989418,0.000109271564015873,0.009331408814814816,0.0002726267660846561,0.00017118814301587303,0.0,0.0,0.0,0.0,0.0,0.0,0.0
2024-07-25 06:41:31.199999744,0.1042856781951968,0.15309870069617,-0.0019268786743417,1.0316402015957447,0.3647157692553192,0.0,0.00015943448952127661,0.00015946525085106384,0.0005600276203723404,0.00010801208632978723,0.009295274712765957,0.0002740697642553191,0.00017230836547872338,0.0,0.0,0.0,0.0,0.0,0.0,0.0
2024-07-25 10:11:12.999999744,0.248307634070386,0.1411693663611073,-0.0018921849324064,1.0316134675531914,0.3647493786170212,0.0,0.00015763951356382978,0.0001568929123404255,0.000559061079893617,0.0001075902571968085,0.009212210585106384,0.00027372489750000003,0.00017194077994680854,0.0,0.0,0.0,0.0,0.0,0.0,0.0
2024-07-25 13:16:15.842105344,0.1832967980719786,0.1383360698042723,-0.001544639985,1.0315897946808512,0.3644835141489362,0.0,0.00015789904281914894,0.00015753030063829788,0.0005577669932446809,0.00010936850543085108,0.009280565473404254,0.00027217113138297875,0.00017206595031914892,0.0,0.0,0.0,0.0,0.0,0.0,0.0
2024-07-25 16:21:17.666666752,0.0766601355566081,0.1486578985318636,-0.0020633760455003,1.0315659893617022,0.3640413782446808,0.0,0.0001573519944680851,0.00015665209218085108,0.0005557683969148936,0.00010913045154787233,0.009270234138297872,0.0002714151016489362,0.00017234437063829786,0.0,0.0,0.0,0.0,0.0,0.0,0.0
2024-07-25 19:24:59.533333248,0.0687567404783635,0.1466818388274759,-0.0006937193501678,1.0315422608465605,0.3634513088770054,0.042328042328042326,0.0001569342331550802,0.00015778287374331552,0.0005540796669518716,0.00010808018906951873,0.00924857956684492,0.00027064460684491975,0.00017055706288770053,0.042328042328042326,0.042328042328042326,0.042328042328042326,0.042328042328042326,0.042328042328042326,0.042328042328042326,0.042328042328042326
2024-07-25 22:36:21.473684480,0.195158666116697,0.1356123891792829,-0.0011818602582566,1.031517371276596,0.36297126239361704,0.0,0.00015719997617021273,0.00015731066202127658,0.0005554039252127659,0.00010776561560106383,0.009259297755319149,0.00027075320132978725,0.0001702468075,0.0,0.0,0.0,0.0,0.0,0.0,0.0
2024-07-26 01:46:23.368420864,0.174062378077906,0.1397429803659432,-0.0022079863099459,1.0314925335106382,0.3631403238829788,0.0,0.00015830855999999997,0.0001560206220212766,0.0005626055558510637,0.00010867041001063829,0.00931695866755319,0.0002741279422340425,0.0001692190330851064,0.0,0.0,0.0,0.0,0.0,0.0,0.0
2024-07-26 04:56:25.315789312,0.0700790727378262,0.1475652971184594,-0.0013882292853495,1.031467565425532,0.36251046537234044,0.0,0.00015625090276595742,0.0001534850826595745,0.0005570729185638299,0.00010668079828191488,0.009252519507978724,0.0002717734434042553,0.00017113198835106387,0.0,0.0,0.0,0.0,0.0,0.0,0.0
2024-07-26 07:55:12.062500096,0.1262019197269523,0.1373112532326235,0.0014130616887155,1.031443925531915,0.36288450750000006,0.0,0.00015525930936170212,0.0001533934164361702,0.0005612315642021277,0.00010806803637234042,0.009186776045212765,0.00027334000952127657,0.00017257537260638298,0.0,0.0,0.0,0.0,0.0,0.0,0.0
2024-07-26 11:19:15.666666496,0.2033265660504071,0.1286320873274943,0.0009781009321855,1.031416830319149,0.36326783,0.0,0.00015571667021276595,0.0001543162435106383,0.0005655791148404254,0.00010764906318085107,0.00924108185106383,0.0002750897636702128,0.0001706797254787234,0.0,0.0,0.0,0.0,0.0,0.0,0.0
2024-07-26 14:26:30.947368448,0.1540006743358049,0.1360832156789709,0.0004591593848979,1.0313918563829787,0.3631736168617021,0.0,0.0001535332325,0.00015586022765957448,0.0005647848144680851,0.00010754965496808511,0.009289481327127659,0.00027312548765957444,0.0001713630580851064,0.0,0.0,0.0,0.0,0.0,0.0,0.0
2024-07-26 17:33:36.352941312,0.0623617185768807,0.146522808247902,0.0001242365429679,1.031366739361702,0.3623017409042554,0.0,0.00015311654627659575,0.0001553854420744681,0.0005619604420212767,0.00010747079828191488,0.009253505976063829,0.00027033090468085106,0.00017097126776595742,0.0,0.0,0.0,0.0,0.0,0.0,0.0
2024-07-26 20:55:24.235294208,0.1501607627622547,0.138789709202128,0.0002840410854072,1.0313394664893618,0.36226617456989246,0.0425531914893617,0.00015310776639784946,0.00015295949833333335,0.0005636182337096774,0.00010873991333333334,0.009256977115591399,0.00027145509069892475,0.0001714998235483871,0.0425531914893617,0.0425531914893617,0.0425531914893617,0.0425531914893617,0.0425531914893617,0.0425531914893617,0.0425531914893617
2024-07-26 23:51:36.666666752,0.2059757959779062,0.1295441740559183,-0.0011588547718413,1.031315570212766,0.3625097580319149,0.0,0.00015273208281914893,0.00015102111877659575,0.0005656265646808511,0.00011028605621808511,0.009306280273936169,0.0002735499500531915,0.00017078141436170215,0.0,0.0,0.0,0.0,0.0,0.0,0.0
2024-07-27 02:56:38.526315520,0.1150050635545198,0.1363177612457075,-0.0025033960703668,1.0312903207446806,0.36394762829787236,0.0,0.0001539238879787234,0.00015553499643617023,0.0005816225819680851,0.00011125469728723406,0.009418340635638296,0.0002812598728191489,0.00017529586324468085,0.0,0.0,0.0,0.0,0.0,0.0,0.0
2024-07-27 06:06:40.473684480,0.0704676413052993,0.1399145908852119,-0.0016844577619188,1.0312642420212765,0.36427918707446805,0.0,0.0001546177979787234,0.0001585062255319149,0.0005866554567021277,0.0001128207417074468,0.009405722124999998,0.00028468806398936167,0.0001750755629255319,0.0,0.0,0.0,0.0,0.0,0.0,0.0
2024-07-27 09:00:20.454545664,0.1735248041258046,0.1283472446594767,-0.0021124650611486,1.0312402287234044,0.3632908660106383,0.0,0.00015384476005319149,0.0001568949454787234,0.0005756298571276596,0.00010945195664361702,0.009214867295212767,0.0002783041428723404,0.00017171150968085106,0.0,0.0,0.0,0.0,0.0,0.0,0.0
2024-07-27 12:36:04.333333248,0.2044714438744677,0.123420365753969,-0.002391596758057,1.0312103121693121,0.36308819814814813,0.0,0.00015337643042328042,0.00015354999719576718,0.0005659834301587301,0.00010816757662962962,0.009245168047619049,0.00027352008291005287,0.00017001925878306877,0.0,0.0,0.0,0.0,0.0,0.0,0.0
2024-07-27 15:36:46.263157760,0.0946283785216337,0.1310968944251709,-0.0034629878401911,1.031185109574468,0.36322657861702123,0.0,0.0001514211245212766,0.00014887853925531916,0.0005592814385106382,0.00010809921572340425,0.009230582039893617,0.0002719837387234043,0.00016861717877659574,0.0,0.0,0.0,0.0,0.0,0.0,0.0
2024-07-27 18:52:08.266667008,0.0538704211771801,0.130947863704928,-0.0021651532676463,1.0311576571428571,0.3649303229411765,0.042328042328042326,0.00015226807262032086,0.00014791045593582887,0.0005817194390909091,0.00011122521967379679,0.009396092687165776,0.00028370846513368984,0.00017219624331550802,0.042328042328042326,0.042328042328042326,0.042328042328042326,0.042328042328042326,0.042328042328042326,0.042328042328042326,0.042328042328042326
2024-07-27 21:58:05.249999872,0.158135706205087,0.1170466645989581,-0.0027636720078493,1.0311313915343914,0.36467803534391535,0.0,0.00015114945698412697,0.00014911664349206348,0.0005763325195767196,0.0001091449607883598,0.009409251164021165,0.00027892788735449733,0.00016893145412698413,0.0,0.0,0.0,0.0,0.0,0.0,0.0
2024-07-28 01:06:52.052631296,0.1729607050405093,0.1116637582245735,-0.0052164605286168,1.0311045994708996,0.366485897936508,0.0,0.00015193036730158733,0.0001504383665608466,0.0005968403935449735,0.00011511567894708994,0.009531782777777779,0.00029235560306878306,0.00017673745380952384,0.0,0.0,0.0,0.0,0.0,0.0,0.0
2024-07-28 04:11:53.999999744,0.0529510651158489,0.1180120897986573,-0.0054383267768148,1.0310781735449737,0.36645664830687835,0.0,0.0001501524053968254,0.00015306544074074075,0.0005960815451851851,0.00011200227161375661,0.009533133597883598,0.00028909386137566137,0.00016902172857142858,0.0,0.0,0.0,0.0,0.0,0.0,0.0
2024-07-28 07:14:09.166666752,0.0899512485642048,0.1118881967223396,-0.0040976585004404,1.0310520407407409,0.3658574078306878,0.0,0.00014910029386243386,0.00015292020037037035,0.0005844980723809524,0.00011018188867195767,0.009381388137566136,0.0002847105287830688,0.00016564666238095237,0.0,0.0,0.0,0.0,0.0,0.0,0.0
2024-07-28 10:34:57.799999744,0.1621565913025051,0.0964538335450872,-0.0040992964941108,1.0310229984126986,0.36693652084656087,0.0,0.00015083346306878306,0.00015409407925925925,0.0005947026159259259,0.00011275719897354497,0.009359009373015871,0.0002915628930687831,0.00017054153682539684,0.0,0.0,0.0,0.0,0.0,0.0,0.0
2024-07-28 13:36:59.631579136,0.1482233633990972,0.095551814970017,-0.004616265527959,1.0309965486772485,0.3682949931746032,0.0,0.00015227643624338627,0.0001572089851851852,0.0006086475577248677,0.00011403400503174603,0.009563442817460318,0.000296288863015873,0.00017277157343915345,0.0,0.0,0.0,0.0,0.0,0.0,0.0
2024-07-28 16:45:21.500000000,0.0252602076002972,0.1043823190679299,-0.0038090061854847,1.0309689957446808,0.36692524968085105,0.0,0.00015039608930851066,0.00015498404627659575,0.0005932436587234042,0.00010986863380319149,0.009477463590425532,0.0002847681577659575,0.0001690674789361702,0.0,0.0,0.0,0.0,0.0,0.0,0.0
2024-07-28 19:54:54.785714176,0.0450272806875204,0.0985304478829964,-0.0024774233263736,1.0309411365079364,0.36675809919786095,0.042328042328042326,0.00014987303475935828,0.00015379969358288772,0.0005944327425668449,0.00011062671794117646,0.009487934748663102,0.0002831474013903743,0.00016746765117647058,0.042328042328042326,0.042328042328042326,0.042328042328042326,0.042328042328042326,0.042328042328042326,0.042328042328042326,0.042328042328042326
2024-07-28 23:07:05.052631296,0.1529959517683892,0.0851666308631619,-0.0028883265379089,1.030912726984127,0.36673336322751326,0.0,0.0001502629768783069,0.00015664521238095239,0.0005883797486772487,0.00011041963047619049,0.009487830108465609,0.00028040904380952384,0.0001666044832804233,0.0,0.0,0.0,0.0,0.0,0.0,0.0
2024-07-29 02:21:33.611111424,0.0939141941336743,0.0893753153171963,-0.0033857164681308,1.0308837372340425,0.36756155893617026,0.0,0.00015135179430851063,0.00015589958686170214,0.0006010691467021277,0.0001141183005744681,0.009561032805851065,0.000289004720106383,0.00017106294744680852,0.0,0.0,0.0,0.0,0.0,0.0,0.0
2024-07-29 05:27:08.736842240,0.0038247225701866,0.0929304456360481,-0.0018209510995508,1.0308559777777777,0.3666312966666666,0.0,0.00014961393068783067,0.00015663252994708996,0.0005907467283597882,0.00011140841245502646,0.009490960724867725,0.00028149695232804233,0.00016761188354497356,0.0,0.0,0.0,0.0,0.0,0.0,0.0
2024-07-29 08:32:10.214285824,0.0829021370457212,0.0830754633594429,-0.0010997902419204,1.0308281317460317,0.3661992414814815,0.0,0.0001491792986772487,0.0001559334385185185,0.0005832766327513228,0.00010887070907407407,0.009300672203703704,0.0002791797466666667,0.00016666046751322755,0.0,0.0,0.0,0.0,0.0,0.0,0.0
2024-07-29 11:48:27.937500160,0.1686669744500477,0.0728300870574291,-0.0008372443685224,1.030798375,0.3673052833510638,0.0,0.0001503335634574468,0.00015472007840425532,0.0005970771851595744,0.00011381959444148935,0.009459027859042552,0.00028872139462765957,0.00017629981526595746,0.0,0.0,0.0,0.0,0.0,0.0,0.0
2024-07-29 14:47:14.947368704,0.0820613808009511,0.0817050734695061,-0.0004315272959988,1.0307711117021277,0.36768293367021276,0.0,0.0001501098029787234,0.0001568623504787234,0.0006055977527659574,0.00011357918385638298,0.00957774033244681,0.00029038878632978724,0.00017440986771276591,0.0,0.0,0.0,0.0,0.0,0.0,0.0
2024-07-29 17:55:36.944444416,-0.0007689162173392,0.0882720871970395,-0.0002369351829121,1.030742315957447,0.36629796659574465,0.0,0.00014737894579787232,0.00015465801212765956,0.0005905042816489361,0.00011142796419680851,0.009480496638297873,0.0002815943025531915,0.00017183808244680853,0.0,0.0,0.0,0.0,0.0,0.0,0.0
2024-07-29 21:14:57.764705792,0.1076639630182967,0.0787178854358697,0.0002915401031115,1.0307115719576718,0.3663074363636363,0.042328042328042326,0.00014789782486631018,0.00015462014288770054,0.0005889635411229946,0.00011372567659893049,0.009471223885026738,0.00028290462112299467,0.0001712101459893048,0.042328042328042326,0.042328042328042326,0.042328042328042326,0.042328042328042326,0.042328042328042326,0.042328042328042326,0.042328042328042326
2024-07-30 00:17:20.736842240,0.1361679427092781,0.0744839605368777,-0.0004375485180419,1.030683310106383,0.3658203882446809,0.0,0.00014751529585106383,0.00015346770755319148,0.0005865308650531914,0.00011347682004787234,0.00947025336968085,0.0002822221012234043,0.00017132721861702128,0.0,0.0,0.0,0.0,0.0,0.0,0.0
2024-07-30 03:27:22.736842240,0.0340418217066371,0.0850861319471723,-0.0009408491969649,1.030653704787234,0.3652438830319149,0.0,0.00014807186287234042,0.00015550988632978722,0.0005832296283510638,0.00011219155956914896,0.009437008640957447,0.00028127027436170216,0.00017086664436170217,0.0,0.0,0.0,0.0,0.0,0.0,0.0
2024-07-30 06:37:24.631578880,0.0150334714729183,0.0888514121750614,0.0005168426934552,1.0306238984042553,0.36517791164893615,0.0,0.00014951909494680853,0.00015771974170212765,0.0005813122984042553,0.00011262162456914894,0.009351009422872342,0.0002811906106382979,0.0001704121869148936,0.0,0.0,0.0,0.0,0.0,0.0,0.0
2024-07-30 09:51:17.384615168,0.1406350309572985,0.0768652316732614,0.0010810197837542,1.0305932781914893,0.3645436154787234,0.0,0.00014849540925531912,0.0001554665361170213,0.0005739081256914894,0.00011145989886170212,0.00917620777925532,0.00027894040377659575,0.00017038072521276596,0.0,0.0,0.0,0.0,0.0,0.0,0.0
2024-07-30 12:57:28.526316032,0.1303984591454536,0.0748664784692454,0.000595564776868,1.0305637430851065,0.3656608275531915,0.0,0.00014919640526595744,0.0001574058614893617,0.0005796676714893618,0.00011280220457446809,0.009342213885638299,0.0002832575697872341,0.00017490357021276594,0.0,0.0,0.0,0.0,0.0,0.0,0.0
2024-07-30 16:02:30.444444672,0.0287913288731829,0.0855447969253584,-0.0002305412195537,1.0305342053191489,0.36591706760638293,0.0,0.00015155179218085107,0.00015927394856382978,0.0005818368961170214,0.00011410185898404254,0.00937081330319149,0.00028544826409574467,0.00017660166936170216,0.0,0.0,0.0,0.0,0.0,0.0,0.0
2024-07-30 19:12:32.249999872,0.0388731704467772,0.084888550425813,0.0010681507158509,1.0305036819148936,0.36622567196808514,0.0,0.0001542199289361702,0.00016342510914893617,0.0005928331681914893,0.00011876594860106382,0.009423194563829788,0.000288248895106383,0.00018202544824468084,0.0,0.0,0.0,0.0,0.0,0.0,0.0
2024-07-30 22:17:34.210525952,0.1416529509040174,0.0714790538241083,-0.0010159626646321,1.0304737909574466,0.3659371676344087,0.0425531914893617,0.0001551446993548387,0.000165853433172043,0.0005917006453225805,0.00011575777731182795,0.00942752898655914,0.00028694738967741936,0.00017734054838709678,0.0425531914893617,0.0425531914893617,0.0425531914893617,0.0425531914893617,0.0425531914893617,0.0425531914893617,0.0425531914893617
2024-07-31 01:27:36.157894912,0.1318507800082784,0.0723726087418517,-0.0033070985654186,1.0304429228723404,0.366626892393617,0.0,0.00015534577154255322,0.000166490569893617,0.0005886629934574468,0.0001161401659787234,0.009433293593085108,0.0002914734513829787,0.0001827717705319149,0.0,0.0,0.0,0.0,0.0,0.0,0.0
2024-07-31 04:37:38.052631552,0.012846627926649,0.0819655146660019,-0.0032915058314209,1.030411859574468,0.3666929277659575,0.0,0.0001553199089893617,0.00016620028670212767,0.0005878047597340425,0.0001171123507287234,0.00940455193351064,0.00029110517218085106,0.00018282619531914893,0.0,0.0,0.0,0.0,0.0,0.0,0.0
2024-07-31 07:22:39.642857472,0.0560775891487423,0.0761554436609055,-0.0015908565270839,1.0303847287234043,0.3665795076595745,0.0,0.0001564210595212766,0.0001666901778191489,0.0005932067947340426,0.00011787907642021276,0.009313758928191489,0.0002920615468085106,0.00018364733292553192,0.0,0.0,0.0,0.0,0.0,0.0,0.0
2024-07-31 11:15:02.133333248,0.1380492237121302,0.0662982906362816,-0.001940849574455,1.0303462666666665,0.3660607875132275,0.0,0.00015732836952380954,0.00017142414132275132,0.0005841217313756615,0.00011569686340740742,0.00923773076984127,0.0002845920366666666,0.00018039239291005294,0.0,0.0,0.0,0.0,0.0,0.0,0.0
2024-07-31 14:07:43.842105344,0.0991327585242061,0.0724924086080398,-0.0019652962839228,1.03031755106383,0.36618722319148933,0.0,0.0001604632501595745,0.0001735034270744681,0.0005869696514893617,0.00011901539580851065,0.00929326626861702,0.0002866873714361702,0.0001825863029787234,0.0,0.0,0.0,0.0,0.0,0.0,0.0
2024-07-31 17:30:25.933333248,-0.0381555131128834,0.0815329481217234,-0.0004921535038629,1.0302835574468086,0.366453864893617,0.0,0.00015870175718085106,0.0001717742629255319,0.0005830489147872341,0.00011976840409042552,0.00930348829787234,0.000285767162606383,0.00018393907638297876,0.0,0.0,0.0,0.0,0.0,0.0,0.0
2024-07-31 20:35:55.312500224,0.0456580356373024,0.0755475232504592,0.0012369503214734,1.0302523063492064,0.3661648105442177,0.8888888888888888,0.00015868038789115647,0.00017270767585034016,0.0005831122393197278,0.00011834954094557822,0.009300318673469388,0.0002855452908163266,0.000183071978707483,0.8888888888888888,0.8888888888888888,0.8888888888888888,0.8888888888888888,0.8888888888888888,0.8888888888888888,0.8888888888888888
2024-07-31 23:32:49.555555584,0.1397412484868709,0.0651614446708252,0.0008074349843316,1.0302280958677685,0.3655811639669422,0.0,0.00016049203404958678,0.00017462804933884298,0.0005828350401652893,0.00011649691460330579,0.00928258720661157,0.00028276175611570246,0.0001799537676859504,0.0,0.0,0.0,0.0,0.0,0.0,0.0
2024-08-01 02:37:51.473684224,0.0651041078910452,0.0743804750805408,0.0010216753924828,1.0302280958677685,0.3655811639669422,0.0,0.00016049203404958678,0.00017462804933884298,0.0005828350401652893,0.00011649691460330579,0.00928258720661157,0.00028276175611570246,0.0001799537676859504,0.0,0.0,0.0,0.0,0.0,0.0,0.0
2024-08-01 05:47:53.473684224,0.0022554698253429,0.0808393757176522,0.0024824266704021,1.0302280958677685,0.3655811639669422,0.0,0.00016049203404958678,0.00017462804933884298,0.0005828350401652893,0.00011649691460330579,0.00928258720661157,0.00028276175611570246,0.0001799537676859504,0.0,0.0,0.0,0.0,0.0,0.0,0.0
2024-08-01 09:01:29.714286080,0.1093148625060393,0.072956148972843,0.003190318636518,1.0302280958677685,0.3655811639669422,0.0,0.00016049203404958678,0.00017462804933884298,0.0005828350401652893,0.00011649691460330579,0.00928258720661157,0.00028276175611570246,0.0001799537676859504,0.0,0.0,0.0,0.0,0.0,0.0,0.0
2024-08-01 12:07:57.315789568,0.1564001841246636,0.0682066741020959,0.0030245872312952,1.0302280958677685,0.3655811639669422,0.0,0.00016049203404958678,0.00017462804933884298,0.0005828350401652893,0.00011649691460330579,0.00928258720661157,0.00028276175611570246,0.0001799537676859504,0.0,0.0,0.0,0.0,0.0,0.0,0.0
2024-08-01 15:17:59.263158016,0.0638424275775833,0.0806378007358935,0.0007549138447099,1.0302280958677685,0.3655811639669422,0.0,0.00016049203404958678,0.00017462804933884298,0.0005828350401652893,0.00011649691460330579,0.00928258720661157,0.00028276175611570246,0.0001799537676859504,0.0,0.0,0.0,0.0,0.0,0.0,0.0
2024-08-01 18:26:41.199999744,-0.0031682415269642,0.0874352102287791,0.0011695346917615,1.0302280958677685,0.3655811639669422,0.0,0.00016049203404958678,0.00017462804933884298,0.0005828350401652893,0.00011649691460330579,0.00928258720661157,0.00028276175611570246,0.0001799537676859504,0.0,0.0,0.0,0.0,0.0,0.0,0.0
2024-08-01 21:51:10.812499968,0.1326940232529523,0.0776776493705798,0.0007238684852541,1.0302280958677685,0.3655811639669422,0.0,0.00016049203404958678,0.00017462804933884298,0.0005828350401652893,0.00011649691460330579,0.00928258720661157,0.00028276175611570246,0.0001799537676859504,0.0,0.0,0.0,0.0,0.0,0.0,0.0
2024-08-02 00:48:05.052631552,0.1400432974311911,0.0732262643013803,-0.0020819780786552,1.0302280958677685,0.3655811639669422,0.0,0.00016049203404958678,0.00017462804933884298,0.0005828350401652893,0.00011649691460330579,0.00928258720661157,0.00028276175611570246,0.0001799537676859504,0.0,0.0,0.0,0.0,0.0,0.0,0.0
2024-08-02 03:53:06.888889088,0.0355672760296101,0.0845238797462264,-0.002309485350581,1.0302280958677685,0.3655811639669422,0.0,0.00016049203404958678,0.00017462804933884298,0.0005828350401652893,0.00011649691460330579,0.00928258720661157,0.00028276175611570246,0.0001799537676859504,0.0,0.0,0.0,0.0,0.0,0.0,0.0
2024-08-02 06:50:29.882352896,0.0373895852044938,0.0853121343595786,-0.0002008774620148,1.0302280958677685,0.3655811639669422,0.0,0.00016049203404958678,0.00017462804933884298,0.0005828350401652893,0.00011649691460330579,0.00928258720661157,0.00028276175611570246,0.0001799537676859504,0.0,0.0,0.0,0.0,0.0,0.0,0.0
2024-08-02 10:10:24.111111168,0.1234491331264848,0.0745675060125344,0.0002719996581865,1.0302280958677685,0.3655811639669422,0.0,0.00016049203404958678,0.00017462804933884298,0.0005828350401652893,0.00011649691460330579,0.00928258720661157,0.00028276175611570246,0.0001799537676859504,0.0,0.0,0.0,0.0,0.0,0.0,0.0
2024-08-02 13:18:12.631578880,0.1340243590448153,0.0782806694387239,0.0010972783811997,1.0302280958677685,0.3655811639669422,0.0,0.00016049203404958678,0.00017462804933884298,0.0005828350401652893,0.00011649691460330579,0.00928258720661157,0.00028276175611570246,0.0001799537676859504,0.0,0.0,0.0,0.0,0.0,0.0,0.0
2024-08-02 16:28:14.526315520,0.0128929573302798,0.0914668809473631,0.0009307325302102,1.0302280958677685,0.3655811639669422,0.0,0.00016049203404958678,0.00017462804933884298,0.0005828350401652893,0.00011649691460330579,0.00928258720661157,0.00028276175611570246,0.0001799537676859504,0.0,0.0,0.0,0.0,0.0,0.0,0.0
2024-08-02 19:41:07.857143296,0.0072361019914524,0.0890671221855847,0.0028470603684187,1.0302280958677685,0.3655811639669422,0.0,0.00016049203404958678,0.00017462804933884298,0.0005828350401652893,0.00011649691460330579,0.00928258720661157,0.00028276175611570246,0.0001799537676859504,0.0,0.0,0.0,0.0,0.0,0.0,0.0
2024-08-02 22:48:18.368421120,0.1491244706083421,0.0780525017342702,0.001767664121113,1.0302280958677685,0.3655811639669422,0.0,0.00016049203404958678,0.00017462804933884298,0.0005828350401652893,0.00011649691460330579,0.00928258720661157,0.00028276175611570246,0.0001799537676859504,0.0,0.0,0.0,0.0,0.0,0.0,0.0
2024-08-03 01:58:20.263158016,0.1195621724796183,0.0832368300810256,0.000954860147961,1.0302280958677685,0.3655811639669422,0.0,0.00016049203404958678,0.00017462804933884298,0.0005828350401652893,0.00011649691460330579,0.00928258720661157,0.00028276175611570246,0.0001799537676859504,0.0,0.0,0.0,0.0,0.0,0.0,0.0
2024-08-03 05:08:22.263157760,0.0167200156130888,0.0924705172365459,0.0016373514377174,1.0302280958677685,0.3655811639669422,0.0,0.00016049203404958678,0.00017462804933884298,0.0005828350401652893,0.00011649691460330579,0.00928258720661157,0.00028276175611570246,0.0001799537676859504,0.0,0.0,0.0,0.0,0.0,0.0,0.0
2024-08-03 11:28:26.062499840,0.1682525080853452,0.08047412608596,0.0019868631571709,1.0302280958677685,0.3655811639669422,0.0,0.00016049203404958678,0.00017462804933884298,0.0005828350401652893,0.00011649691460330579,0.00928258720661157,0.00028276175611570246,0.0001799537676859504,0.0,0.0,0.0,0.0,0.0,0.0,0.0
2024-08-03 14:28:27.947368448,0.101497159349833,0.0930565616043981,0.0025521091825244,1.0302280958677685,0.3655811639669422,0.0,0.00016049203404958678,0.00017462804933884298,0.0005828350401652893,0.00011649691460330579,0.00928258720661157,0.00028276175611570246,0.0001799537676859504,0.0,0.0,0.0,0.0,0.0,0.0,0.0
2024-08-03 17:34:22.764705792,-0.0031467684358972,0.1053596991701991,0.0016948495955144,1.0302280958677685,0.3655811639669422,0.0,0.00016049203404958678,0.00017462804933884298,0.0005828350401652893,0.00011649691460330579,0.00928258720661157,0.00028276175611570246,0.0001799537676859504,0.0,0.0,0.0,0.0,0.0,0.0,0.0
2024-08-03 20:52:25.166666752,0.102963544537431,0.099662054724888,0.0023790570788199,1.0302280958677685,0.3655811639669422,0.0,0.00016049203404958678,0.00017462804933884298,0.0005828350401652893,0.00011649691460330579,0.00928258720661157,0.00028276175611570246,0.0001799537676859504,0.0,0.0,0.0,0.0,0.0,0.0,0.0
2024-08-03 23:58:33.736842240,0.1574275182262567,0.0950071024285884,0.0018055145057436,1.0302280958677685,0.3655811639669422,0.0,0.00016049203404958678,0.00017462804933884298,0.0005828350401652893,0.00011649691460330579,0.00928258720661157,0.00028276175611570246,0.0001799537676859504,0.0,0.0,0.0,0.0,0.0,0.0,0.0
2024-08-04 03:08:35.631578624,0.0670414405169594,0.1087843269559654,0.0021181045306552,1.0302280958677685,0.3655811639669422,0.0,0.00016049203404958678,0.00017462804933884298,0.0005828350401652893,0.00011649691460330579,0.00928258720661157,0.00028276175611570246,0.0001799537676859504,0.0,0.0,0.0,0.0,0.0,0.0,0.0
2024-08-04 06:18:37.578947328,0.0344789666967244,,,1.0302280958677685,0.3655811639669422,0.0,0.00016049203404958678,0.00017462804933884298,0.0005828350401652893,0.00011649691460330579,0.00928258720661157,0.00028276175611570246,0.0001799537676859504,0.0,0.0,0.0,0.0,0.0,0.0,0.0
2024-08-04 09:33:39.666666752,0.176464619069975,,,1.0302280958677685,0.3655811639669422,0.0,0.00016049203404958678,0.00017462804933884298,0.0005828350401652893,0.00011649691460330579,0.00928258720661157,0.00028276175611570246,0.0001799537676859504,0.0,0.0,0.0,0.0,0.0,0.0,0.0
2024-08-04 12:38:41.473684224,0.167176890346866,,,1.0302280958677685,0.3655811639669422,0.0,0.00016049203404958678,0.00017462804933884298,0.0005828350401652893,0.00011649691460330579,0.00928258720661157,0.00028276175611570246,0.0001799537676859504,0.0,0.0,0.0,0.0,0.0,0.0,0.0
2024-08-04 15:39:58.312500224,0.0750550928192979,,,1.0302280958677685,0.3655811639669422,0.0,0.00016049203404958678,0.00017462804933884298,0.0005828350401652893,0.00011649691460330579,0.00928258720661157,0.00028276175611570246,0.0001799537676859504,0.0,0.0,0.0,0.0,0.0,0.0,0.0
2024-08-04 18:50:31.117647104,0.059047792627723,,,1.0302280958677685,0.3655811639669422,0.0,0.00016049203404958678,0.00017462804933884298,0.0005828350401652893,0.00011649691460330579,0.00928258720661157,0.00028276175611570246,0.0001799537676859504,0.0,0.0,0.0,0.0,0.0,0.0,0.0
2024-08-04 21:58:47.157894656,0.19582393446899,,,1.0302280958677685,0.3655811639669422,0.0,0.00016049203404958678,0.00017462804933884298,0.0005828350401652893,0.00011649691460330579,0.00928258720661157,0.00028276175611570246,0.0001799537676859504,0.0,0.0,0.0,0.0,0.0,0.0,0.0
