timestamp,altitude_diff,altitude_diff_smoothed,slope,AU_Factor,MgII_Index,MgII_Flag,irr_256,irr_284,irr_304,irr_1175,irr_1216,irr_1335,irr_1405,irr_256_flag_flag,irr_284_flag_flag,irr_304_flag_flag,irr_1175_flag_flag,irr_1216_flag_flag,irr_1335_flag_flag,irr_1405_flag_flag
2024-08-28 01:34:26.000000000,0.3571054519823065,0.3276534695425562,-0.0047120550865032,1.0185876764705883,0.37887078705882354,0.0,0.00018465303505882356,0.00020683915070588235,0.0006137762678823529,0.00012012623381176472,0.009923944011764708,0.0002941044634117647,0.00018509591011764707,0.0,0.0,0.0,0.0,0.0,0.0,0.0
2024-08-28 04:44:27.947368448,0.2478021453626411,0.322941414456053,-0.0047120550865032,1.0185876764705883,0.37887078705882354,0.0,0.00018465303505882356,0.00020683915070588235,0.0006137762678823529,0.00012012623381176472,0.009923944011764708,0.0002941044634117647,0.00018509591011764707,0.0,0.0,0.0,0.0,0.0,0.0,0.0
2024-08-28 07:48:01.588235264,0.2950233125948216,0.3182293593695497,-0.0047120550865032,1.0185876764705883,0.37887078705882354,0.0,0.00018465303505882356,0.00020683915070588235,0.0006137762678823529,0.00012012623381176472,0.009923944011764708,0.0002941044634117647,0.00018509591011764707,0.0,0.0,0.0,0.0,0.0,0.0,0.0
2024-08-28 11:08:38.941176576,0.3774522397015971,0.3135173042830464,-0.0047120550865032,1.0185876764705883,0.37887078705882354,0.0,0.00018465303505882356,0.00020683915070588235,0.0006137762678823529,0.00012012623381176472,0.009923944011764708,0.0002941044634117647,0.00018509591011764707,0.0,0.0,0.0,0.0,0.0,0.0,0.0
2024-08-28 14:14:33.736842240,0.3414605857194601,0.3088052491965432,-0.0047120550865032,1.0185876764705883,0.37887078705882354,0.0,0.00018465303505882356,0.00020683915070588235,0.0006137762678823529,0.00012012623381176472,0.009923944011764708,0.0002941044634117647,0.00018509591011764707,0.0,0.0,0.0,0.0,0.0,0.0,0.0
2024-08-28 17:06:01.214285568,0.2303070864375058,0.3040931941100399,-0.0047120550865032,1.0185876764705883,0.37887078705882354,0.0,0.00018465303505882356,0.00020683915070588235,0.0006137762678823529,0.00012012623381176472,0.009923944011764708,0.0002941044634117647,0.00018509591011764707,0.0,0.0,0.0,0.0,0.0,0.0,0.0
2024-08-28 20:40:37.600000512,0.3296250075847524,0.2993811390235369,-0.0047120550865032,1.0185876764705883,0.37887078705882354,0.0,0.00018465303505882356,0.00020683915070588235,0.0006137762678823529,0.00012012623381176472,0.009923944011764708,0.0002941044634117647,0.00018509591011764707,0.0,0.0,0.0,0.0,0.0,0.0,0.0
2024-08-28 23:34:39.473684224,0.3750396341088731,0.2842586010005842,-0.0070699775992851,1.0185876764705883,0.37887078705882354,0.0,0.00018465303505882356,0.00020683915070588235,0.0006137762678823529,0.00012012623381176472,0.009923944011764708,0.0002941044634117647,0.00018509591011764707,0.0,0.0,0.0,0.0,0.0,0.0,0.0
2024-08-29 02:44:41.368420864,0.2737334029324074,0.2871693662616989,-0.0084265393186605,1.0185876764705883,0.37887078705882354,0.0,0.00018465303505882356,0.00020683915070588235,0.0006137762678823529,0.00012012623381176472,0.009923944011764708,0.0002941044634117647,0.00018509591011764707,0.0,0.0,0.0,0.0,0.0,0.0,0.0
2024-08-29 05:54:43.263158272,0.213481277929759,0.2853385517291695,-0.0086501779516643,1.0185876764705883,0.37887078705882354,0.0,0.00018465303505882356,0.00020683915070588235,0.0006137762678823529,0.00012012623381176472,0.009923944011764708,0.0002941044634117647,0.00018509591011764707,0.0,0.0,0.0,0.0,0.0,0.0,0.0
2024-08-29 08:56:53.714286080,0.2904098198002316,0.2689900766231928,-0.0090771181419095,1.0185876764705883,0.37887078705882354,0.0,0.00018465303505882356,0.00020683915070588235,0.0006137762678823529,0.00012012623381176472,0.009923944011764708,0.0002941044634117647,0.00018509591011764707,0.0,0.0,0.0,0.0,0.0,0.0,0.0
2024-08-29 12:14:47.157894656,0.3379509715496738,0.2542314959099879,-0.0102257592264068,1.0185876764705883,0.37887078705882354,0.0,0.00018465303505882356,0.00020683915070588235,0.0006137762678823529,0.00012012623381176472,0.009923944011764708,0.0002941044634117647,0.00018509591011764707,0.0,0.0,0.0,0.0,0.0,0.0,0.0
2024-08-29 15:19:48.999999744,0.2225638716019489,0.2534212995580124,-0.0122818726252879,1.0185876764705883,0.37887078705882354,0.0,0.00018465303505882356,0.00020683915070588235,0.0006137762678823529,0.00012012623381176472,0.009923944011764708,0.0002941044634117647,0.00018509591011764707,0.0,0.0,0.0,0.0,0.0,0.0,0.0
2024-08-29 18:03:25.000000000,0.1605124576839216,0.2459751598818448,-0.0100299533417354,1.0185876764705883,0.37887078705882354,0.0,0.00018465303505882356,0.00020683915070588235,0.0006137762678823529,0.00012012623381176472,0.009923944011764708,0.0002941044634117647,0.00018509591011764707,0.0,0.0,0.0,0.0,0.0,0.0,0.0
2024-08-29 21:41:21.176470528,0.2856420937571329,0.2238936050455235,-0.0102745858267996,1.0185876764705883,0.37887078705882354,0.0,0.00018465303505882356,0.00020683915070588235,0.0006137762678823529,0.00012012623381176472,0.009923944011764708,0.0002941044634117647,0.00018509591011764707,0.0,0.0,0.0,0.0,0.0,0.0,0.0
2024-08-30 00:44:54.736841984,0.27122272367194,0.2147082315741019,-0.01065118889406,1.0185876764705883,0.37887078705882354,0.0,0.00018465303505882356,0.00020683915070588235,0.0006137762678823529,0.00012012623381176472,0.009923944011764708,0.0002941044634117647,0.00018509591011764707,0.0,0.0,0.0,0.0,0.0,0.0,0.0
2024-08-30 03:41:49.125000192,0.1649220633238997,0.2167719803712771,-0.0098543646698666,1.0185876764705883,0.37887078705882354,0.0,0.00018465303505882356,0.00020683915070588235,0.0006137762678823529,0.00012012623381176472,0.009923944011764708,0.0002941044634117647,0.00018509591011764707,0.0,0.0,0.0,0.0,0.0,0.0,0.0
2024-08-30 06:51:51.062499840,0.1495990364477961,0.2092960261008662,-0.0077984993979745,1.0185876764705883,0.37887078705882354,0.0,0.00018465303505882356,0.00020683915070588235,0.0006137762678823529,0.00012012623381176472,0.009923944011764708,0.0002941044634117647,0.00018509591011764707,0.0,0.0,0.0,0.0,0.0,0.0,0.0
2024-08-30 10:10:20.533333248,0.2197745338618233,0.1907757329410235,-0.0065461289344208,1.0185876764705883,0.37887078705882354,0.0,0.00018465303505882356,0.00020683915070588235,0.0006137762678823529,0.00012012623381176472,0.009923944011764708,0.0002941044634117647,0.00018509591011764707,0.0,0.0,0.0,0.0,0.0,0.0,0.0
2024-08-30 13:15:02.473683968,0.2328251917945749,0.1858396409363562,-0.0063910156034978,1.0185876764705883,0.37887078705882354,0.0,0.00018465303505882356,0.00020683915070588235,0.0006137762678823529,0.00012012623381176472,0.009923944011764708,0.0002941044634117647,0.00018509591011764707,0.0,0.0,0.0,0.0,0.0,0.0,0.0
2024-08-30 16:25:04.368421120,0.087979421236696,0.1914423078727492,-0.005798957148789,1.0185876764705883,0.37887078705882354,0.0,0.00018465303505882356,0.00020683915070588235,0.0006137762678823529,0.00012012623381176472,0.009923944011764708,0.0002941044634117647,0.00018509591011764707,0.0,0.0,0.0,0.0,0.0,0.0,0.0
2024-08-30 19:39:28.750000128,0.1543235478039264,0.1833450117991552,-0.0025406707600162,1.0185876764705883,0.37887078705882354,0.0,0.00018465303505882356,0.00020683915070588235,0.0006137762678823529,0.00012012623381176472,0.009923944011764708,0.0002941044634117647,0.00018509591011764707,0.0,0.0,0.0,0.0,0.0,0.0,0.0
2024-08-30 22:45:08.263158016,0.2403100122930368,0.1680407786628629,-0.0028226483989425,1.0185876764705883,0.37887078705882354,0.0,0.00018465303505882356,0.00020683915070588235,0.0006137762678823529,0.00012012623381176472,0.009923944011764708,0.0002941044634117647,0.00018509591011764707,0.0,0.0,0.0,0.0,0.0,0.0,0.0
2024-08-31 01:55:10.157894400,0.1932224142848895,0.1702255502471749,-0.0021090831013062,1.0185876764705883,0.37887078705882354,0.0,0.00018465303505882356,0.00020683915070588235,0.0006137762678823529,0.00012012623381176472,0.009923944011764708,0.0002941044634117647,0.00018509591011764707,0.0,0.0,0.0,0.0,0.0,0.0,0.0
2024-08-31 05:00:12.000000000,0.0971871604717193,0.1767578209062365,-0.0007828609473783,1.0185876764705883,0.37887078705882354,0.0,0.00018465303505882356,0.00020683915070588235,0.0006137762678823529,0.00012012623381176472,0.009923944011764708,0.0002941044634117647,0.00018509591011764707,0.0,0.0,0.0,0.0,0.0,0.0,0.0
2024-08-31 07:57:35.000000256,0.1583946755412739,0.1691951641300525,-0.0009513772117723,1.0185876764705883,0.37887078705882354,0.0,0.00018465303505882356,0.00020683915070588235,0.0006137762678823529,0.00012012623381176472,0.009923944011764708,0.0002941044634117647,0.00018509591011764707,0.0,0.0,0.0,0.0,0.0,0.0,0.0
2024-08-31 11:15:15.842105088,0.23334712785703,0.1581600437208189,-0.001135712553978,1.0185876764705883,0.37887078705882354,0.0,0.00018465303505882356,0.00020683915070588235,0.0006137762678823529,0.00012012623381176472,0.009923944011764708,0.0002941044634117647,0.00018509591011764707,0.0,0.0,0.0,0.0,0.0,0.0,0.0
2024-08-31 14:25:17.789473536,0.180377244800411,0.163335302193301,-0.0039306462432087,1.0185876764705883,0.37887078705882354,0.0,0.00018465303505882356,0.00020683915070588235,0.0006137762678823529,0.00012012623381176472,0.009923944011764708,0.0002941044634117647,0.00018509591011764707,0.0,0.0,0.0,0.0,0.0,0.0,0.0
2024-08-31 17:33:06.388888832,0.0722676929001409,0.1680386458475639,-0.0025586242763371,1.0185876764705883,0.37887078705882354,0.0,0.00018465303505882356,0.00020683915070588235,0.0006137762678823529,0.00012012623381176472,0.009923944011764708,0.0002941044634117647,0.00018509591011764707,0.0,0.0,0.0,0.0,0.0,0.0,0.0
2024-08-31 20:48:41.666666496,0.1933240939199549,0.1557837153786531,-0.0026484968740508,1.0185876764705883,0.37887078705882354,0.0,0.00018465303505882356,0.00020683915070588235,0.0006137762678823529,0.00012012623381176472,0.009923944011764708,0.0002941044634117647,0.00018509591011764707,0.0,0.0,0.0,0.0,0.0,0.0,0.0
2024-08-31 23:50:23.500000000,0.2345185550155974,0.1567766928821907,0.0004512576921964,1.0185876764705883,0.37887078705882354,0.0,0.00018465303505882356,0.00020683915070588235,0.0006137762678823529,0.00012012623381176472,0.009923944011764708,0.0002941044634117647,0.00018509591011764707,0.0,0.0,0.0,0.0,0.0,0.0,0.0
2024-09-01 02:55:25.421052672,0.1214599957714313,0.1630157014574907,-0.0011312766619943,1.0185437313829788,0.3788476581914894,0.0,0.00018372196143617023,0.00020487392202127663,0.000611728547393617,0.00011848834585638298,0.009909907398936171,0.00029251463877659576,0.00018445205824468085,0.0,0.0,0.0,0.0,0.0,0.0,0.0
2024-09-01 06:05:27.263158016,0.0893686264745383,0.162623715162353,-0.0016293440682117,1.0184810760638299,0.37967767542553194,0.0,0.0001825577680851064,0.00020414994707446807,0.0006091410612765958,0.00011723170484574468,0.009871628380319148,0.0002919579806382979,0.00018349748664893618,0.0,0.0,0.0,0.0,0.0,0.0,0.0
2024-09-01 09:13:43.235293952,0.1552577813789639,0.1474057458738596,-0.0030996585708033,1.0184189436170212,0.3800024580981594,0.6542553191489362,0.00017069329679202455,0.00019057494831250306,0.0005784980534355829,0.0001141694409815951,0.009436214222699385,0.00028530347570552146,0.00018069136518518517,0.6542553191489362,0.6542553191489362,0.6542553191489362,0.6542553191489362,0.6542553191489362,0.6542553191489362,0.6702127659574468
2024-09-01 12:25:31.157894656,0.2154670153093434,0.1379479288831143,-0.004797901643512,1.0183553510638297,0.38200189973404247,0.0,0.00018267021537234042,0.0002032760287765957,0.0006140684348404256,0.0001187321052393617,0.009930297186170214,0.00029581384319148936,0.000187582404893617,0.0,0.0,0.0,0.0,0.0,0.0,0.0
2024-09-01 15:35:33.052631552,0.080995916197196,0.1427493626075164,-0.0074315897604092,1.0182922867021278,0.3827148579787234,0.0,0.00018259892622340425,0.0002067950949468085,0.0006266085257446809,0.00012003845174468084,0.010055662385638297,0.00029877653542553193,0.0001879593780319149,0.0,0.0,0.0,0.0,0.0,0.0,0.0
2024-09-01 18:46:21.153846272,0.2061311218308787,0.1382949198603,-0.005728155844042,1.0182287558510636,0.382861095,0.0425531914893617,0.00018191375118279567,0.00020660734801075268,0.0006213073289784945,0.00012031504717741936,0.010055265602150537,0.0002977876345161291,0.00018727777698924732,0.0425531914893617,0.0425531914893617,0.0425531914893617,0.0425531914893617,0.0425531914893617,0.0425531914893617,0.0425531914893617
2024-09-01 21:45:36.842105088,0.1782942719506195,0.1189645671455843,-0.0071394759249704,1.0181690712765956,0.38332684188172045,0.0425531914893617,0.0001803493960752688,0.00020503065887096772,0.0006202615158064516,0.0001223758524139785,0.010065907129032258,0.0002991768661290322,0.00018711709537634407,0.0425531914893617,0.0425531914893617,0.0425531914893617,0.0425531914893617,0.0425531914893617,0.0425531914893617,0.0425531914893617
2024-09-02 00:55:38.736842240,0.1532988537044843,0.1144765974153494,-0.0088846466217963,1.0181056159574469,0.3836357538297873,0.0,0.00018119128553191488,0.00020425427755319146,0.000620530982712766,0.00012164632631382979,0.010087441002659575,0.0002992136689893617,0.00018663238728723402,0.0,0.0,0.0,0.0,0.0,0.0,0.0
2024-09-02 04:05:40.684210688,0.035513527106616,0.118537700851767,-0.0089376002162466,1.0180420159574468,0.38438169675531914,0.0,0.00018183294670212765,0.00020598616069148937,0.0006248972609574469,0.00012186967481382977,0.010123414489361703,0.0003014819654255319,0.00018872182925531915,0.0,0.0,0.0,0.0,0.0,0.0,0.0
2024-09-02 07:00:42.500000000,0.0574256239207215,0.1106598117119906,-0.0096909755242082,1.0179833138297871,0.38525639723404254,0.0,0.0001821290705851064,0.00020682708292553192,0.0006260742897340425,0.00012148476375000002,0.010025225186170212,0.0003021825310638298,0.00018733317994680852,0.0,0.0,0.0,0.0,0.0,0.0,0.0
2024-09-02 10:27:24.555555840,0.1346863313173685,0.0926631423054642,-0.0099176050129086,1.017913729787234,0.3859543694968553,0.675531914893617,0.00017746089174025157,0.00020068154710506332,0.0006121707358490566,0.0001190464699308176,0.009853725050314465,0.0003000655551572327,0.0001864701400943396,0.675531914893617,0.6914893617021277,0.675531914893617,0.675531914893617,0.675531914893617,0.675531914893617,0.675531914893617
2024-09-02 13:30:46.444444672,0.1354163382061415,0.0909377717254598,-0.0114904228406439,1.0178520824468085,0.38788439202127667,0.0,0.00018232456069148937,0.00020597100271276594,0.0006353384364361702,0.00012428512696276598,0.010186847518617021,0.00030814249999999997,0.00019385038734042554,0.0,0.0,0.0,0.0,0.0,0.0,0.0
2024-09-02 16:35:48.368420864,-0.0167760302757074,0.0837646336809405,-0.0063365284236223,1.0177894624338626,0.3878560712169312,0.0,0.0001815281926984127,0.00020603092693121695,0.0006257734040211641,0.00012073539591534391,0.010178135552910052,0.0003023378567195767,0.00018926631222222225,0.0,0.0,0.0,0.0,0.0,0.0,0.0
2024-09-02 19:44:30.199999744,0.0631163892783774,0.0735749345824256,-0.003951425303723,1.017725699468085,0.388558300376344,0.0425531914893617,0.00018166803768817206,0.00020434322295698925,0.0006290765861827958,0.00012186974444086023,0.010225381666666667,0.0003056391480107527,0.00018849812629032257,0.0425531914893617,0.0425531914893617,0.0425531914893617,0.0425531914893617,0.0425531914893617,0.0425531914893617,0.0425531914893617
2024-09-02 22:55:52.157894912,0.1421629711479681,0.0585994277521159,-0.0046749340079944,1.017660775132275,0.38830091724867727,0.0,0.00018293200915343915,0.00020918592164021163,0.0006323319038624339,0.00012162652514285716,0.010241456629629631,0.0003048552802116402,0.0001884163797883598,0.0,0.0,0.0,0.0,0.0,0.0,0.0
2024-09-03 02:05:54.157894912,0.0528452225618707,0.062522888141359,-0.0046424438872831,1.0175961740740742,0.3883904837037037,0.0,0.00018421815137566137,0.0002096107283597884,0.0006322288701058201,0.00012023562567724869,0.010251433764550264,0.00030325551735449735,0.00018732083703703706,0.0,0.0,0.0,0.0,0.0,0.0,0.0
2024-09-03 05:15:56.052631296,-0.0184896869754993,0.0665352364016309,-0.0032869563629263,1.0175314962962962,0.3886092630851063,0.047619047619047616,0.0001849491121276596,0.0002104185370744681,0.0006316999821808511,0.0001203654392925532,0.010224554311170213,0.00030301995569148935,0.00018730273377659578,0.047619047619047616,0.047619047619047616,0.047619047619047616,0.047619047619047616,0.047619047619047616,0.047619047619047616,0.047619047619047616
2024-09-03 08:17:30.153846016,0.0585660986571383,0.0550931562930171,-0.0033227696297796,1.0174695952127661,0.3879505496460178,1.75,0.0001717538440584071,0.00019634205812642857,0.000590055177522124,0.00011641533878761061,0.00965791159557522,0.00029175464407079645,0.0001833591536637168,1.75,1.7659574468085106,1.75,1.75,1.75,1.75,1.75
2024-09-03 11:30:59.888889088,0.1128803272521281,0.0418839623327121,-0.0032464826189728,1.0174034666666667,0.389767155978836,0.0,0.00018540128042328043,0.00021001873804232807,0.0006302994672486772,0.0001187828648888889,0.01015015553968254,0.0003028564933333333,0.0001880474998941799,0.0,0.0,0.0,0.0,0.0,0.0,0.0
2024-09-03 14:36:01.736842240,0.0458281836699256,0.0464253446154823,-0.005490175398387,1.0173401111111111,0.39102907846560847,0.0,0.00018581169306878308,0.0002105534076190476,0.00063745321,0.0001216956532063492,0.010298827375661375,0.0003063623693121693,0.00019126959724867726,0.0,0.0,0.0,0.0,0.0,0.0,0.0
2024-09-03 17:39:35.411764736,-0.0413827350895417,0.0484810087324507,-0.0034169590151938,1.0172771515957448,0.3918956040425532,0.0,0.00018712085691489363,0.00021323539680851062,0.0006449172254255319,0.0001224510361542553,0.010370155997340426,0.0003090982576595745,0.00019340933420212766,0.0,0.0,0.0,0.0,0.0,0.0,0.0
2024-09-03 20:58:52.333333504,0.0865185121667764,0.0338032157843643,-0.0030158729632653,1.017208556084656,0.3921474459893048,0.042328042328042326,0.00018775201465240645,0.0002194673501604278,0.0006468947501069519,0.00012274313431550804,0.010408083596256685,0.0003089958757219251,0.0001917436447593583,0.042328042328042326,0.042328042328042326,0.042328042328042326,0.042328042328042326,0.042328042328042326,0.042328042328042326,0.042328042328042326
2024-09-04 00:06:07.526315776,0.1095861513042564,0.0289876798154077,-0.0037195307515677,1.017144178835979,0.39211933306878305,0.0,0.00018907157825396825,0.00022004607481481483,0.0006493057008994709,0.0001231854814179894,0.010432626428571429,0.0003081459859259259,0.00019231172555555557,0.0,0.0,0.0,0.0,0.0,0.0,0.0
2024-09-04 03:16:09.473684224,-0.0140607100946112,0.0373288176025513,-0.0035359978992852,1.0170786343915343,0.39288501264550263,0.0,0.00019059813232804234,0.00022290579179894184,0.000658851423915344,0.0001230108437830688,0.010498717473544973,0.0003112922148148148,0.00019567562349206348,0.0,0.0,0.0,0.0,0.0,0.0,0.0
2024-09-04 06:21:11.444444416,-0.0363031832778233,0.0367725265714223,-0.0022574596944414,1.0170146497354495,0.39410524407407405,0.0,0.0001914792948148148,0.00022444081851851852,0.0006627640160846561,0.00012423605271428572,0.01047136910846561,0.0003133004651322751,0.0001971480678306878,0.0,0.0,0.0,0.0,0.0,0.0,0.0
2024-09-04 09:23:33.266667008,0.0422619394003049,0.0267949553834883,-0.0010972901549341,1.0169514026595745,0.39386666135135134,0.9680851063829787,0.00018184856227499997,0.000217197528200137,0.0006257394808783783,0.00011818492616891891,0.010007699699324324,0.0003021539411486486,0.0001907452712837838,0.9680851063829787,1.0,0.9680851063829787,0.9680851063829787,0.9680851063829787,0.9680851063829787,0.9680851063829787
2024-09-04 12:36:15.210526208,0.0898400227989668,0.0235026847967237,-0.0011487469573735,1.0168843989361702,0.39638740111702125,0.0,0.00019252314941489357,0.00022569988882978722,0.0006647705863829788,0.00012363678993085108,0.010549586476063829,0.00031214971824468086,0.00019782113313829787,0.0,0.0,0.0,0.0,0.0,0.0,0.0
2024-09-04 15:46:17.157894656,-0.0486483371771555,0.0319846370231595,-0.0021482974236342,1.0168183021276596,0.3964294026063829,0.0,0.00019123112861702126,0.00022370250468085106,0.0006565275316489363,0.0001233316792287234,0.010549467194148935,0.0003096572517553192,0.00019654992675531918,0.0,0.0,0.0,0.0,0.0,0.0,0.0
2024-09-04 18:58:49.000000000,-0.009756745034565,0.0305732950653892,0.0011421185332939,1.0167512047619047,0.3976653027058824,0.4021164021164021,0.0001921804968235294,0.000223506302,0.0006666478345294118,0.00012487370779411765,0.010627668970588235,0.0003148824503529412,0.00019775256211764707,0.4021164021164021,0.4021164021164021,0.4021164021164021,0.4021164021164021,0.4021164021164021,0.4021164021164021,0.4021164021164021
2024-09-04 22:06:21.000000256,0.0899451042573673,0.0165969775379853,0.0007960436100399,1.0166857319148936,0.3980388607228916,0.46808510638297873,0.00019351009981927712,0.0002266942297590361,0.000668329153433735,0.00012536419557831324,0.010686610126506025,0.00031176047981927715,0.00019729354656626504,0.46808510638297873,0.46808510638297873,0.46808510638297873,0.46808510638297873,0.46808510638297873,0.46808510638297873,0.46808510638297873
2024-09-05 01:11:22.888889088,0.0513343152524612,0.0202412257469247,0.0001680294401142,1.0166209436170213,0.3981882202127659,0.0,0.00019310252595744682,0.00022751145462765956,0.0006624143350531915,0.0001231097537074468,0.010660998390957445,0.0003096802773404256,0.0001966315920212766,0.0,0.0,0.0,0.0,0.0,0.0,0.0
2024-09-05 04:16:24.736842240,-0.0168280981910129,0.0303525812404621,0.0004625811498625,1.0165560925531913,0.3990211993617021,0.0,0.00019380742037234048,0.00022596863867021275,0.0006683916889361702,0.0001263524952393617,0.010708784781914895,0.0003135073993617021,0.00019992353515957447,0.0,0.0,0.0,0.0,0.0,0.0,0.0
2024-09-05 07:21:59.944444672,0.0030286660419847,0.0266905806679373,-0.000256179226945,1.0164909576719576,0.39900404999999994,0.31216931216931215,0.00018853035611412429,0.000220306773544,0.0006548088803389831,0.0001240734215254237,0.01048565124858757,0.0003099450151412429,0.00019810841954802263,0.31216931216931215,0.3439153439153439,0.31216931216931215,0.31216931216931215,0.31216931216931215,0.31216931216931215,0.31216931216931215
2024-09-05 10:37:35.333333248,0.0688826438541241,0.0160098601427132,-0.0003229564426818,1.016422184574468,0.3997983710365854,0.5691489361702128,0.00018866568312987805,0.0002175967399208589,0.0006465123720731707,0.00012197895173780488,0.010403870576219512,0.0003077211106707317,0.00019483119353658538,0.5691489361702128,0.5851063829787234,0.5691489361702128,0.5691489361702128,0.5691489361702128,0.5691489361702128,0.5691489361702128
2024-09-05 13:46:30.526315520,0.0681710667157631,0.0196950634196556,-0.0033620262754114,1.016355570212766,0.4001858332446808,0.0,0.0001934209374468085,0.0002215834298404255,0.0006655835412765958,0.0001244581849468085,0.010711733622340427,0.0003137346488297872,0.00019852661515957446,0.0,0.0,0.0,0.0,0.0,0.0,0.0
2024-09-05 16:39:12.333333760,-0.0721059765519953,0.0262885953425342,-0.0026399274837649,1.0162944888297871,0.40021844308510635,0.0,0.00019375743882978723,0.00022018864877659572,0.0006637084644148936,0.0001237378196382979,0.010711111393617022,0.00031158138079787236,0.00019635208319148938,0.0,0.0,0.0,0.0,0.0,0.0,0.0
2024-09-05 19:51:01.000000000,0.0333145166216013,0.0185501285510991,-0.0014095197576061,1.0162267634920634,0.40083931310160437,0.042328042328042326,0.00019254516524064172,0.00021817750085561497,0.0006686914032620322,0.0001252315914171123,0.01077332694919786,0.00031495202101604276,0.00019832395828877004,0.042328042328042326,0.042328042328042326,0.042328042328042326,0.042328042328042326,0.042328042328042326,0.042328042328042326,0.042328042328042326
2024-09-05 23:06:36.263158016,0.0951444381381634,0.0266934902991544,0.0044222200416576,1.0161574872340426,0.4004858619680851,0.0,0.00019170151297872342,0.00021875807835106386,0.000664302417606383,0.00012332457941489363,0.010768837805851061,0.00031292151132978724,0.00019483125941489367,0.0,0.0,0.0,0.0,0.0,0.0,0.0
2024-09-06 02:16:38.157894400,-0.0053440680425183,0.0324413678912903,0.0037769112604182,1.0160900271276596,0.4012288759042553,0.0,0.00019268203957446806,0.00021973880569148936,0.0006718506447340426,0.00012554558109042552,0.010846038805851065,0.000316093367819149,0.00019642676031914893,0.0,0.0,0.0,0.0,0.0,0.0,0.0
2024-09-06 05:24:00.133333760,-0.0490093440289456,0.0372440762253282,0.0037343075571983,1.0160233587301588,0.4012080237037036,0.0,0.0001927863835978836,0.00021941487497354498,0.0006692428576190476,0.00012572954507936507,0.010807434579365083,0.0003143231845502646,0.00019483429359788357,0.0,0.0,0.0,0.0,0.0,0.0,0.0
2024-09-06 08:25:41.399999744,-0.0007406945769048,0.0283409010302937,0.0021785587328118,1.015958710638298,0.4004375714184397,1.1117021276595744,0.0001823182219262411,0.00020845776213142855,0.0006385000207092199,0.00012147111409929078,0.010349240925531916,0.00030581816035461,0.00019179715539007093,1.1117021276595744,1.127659574468085,1.1117021276595744,1.1117021276595744,1.1117021276595744,1.1117021276595744,1.1117021276595744
2024-09-06 11:51:43.624999936,0.0759591699628572,0.0198662305875202,0.0013915689491567,1.0158852122340425,0.40123249388297877,0.0,0.00019126689462765955,0.00021504250648936171,0.000666950964574468,0.00012323364438829787,0.010739611034574468,0.00031281150664893615,0.00019561141606382981,0.0,0.0,0.0,0.0,0.0,0.0,0.0
2024-09-06 14:51:45.888888832,-0.0106549640312891,0.0270064839453862,-0.0021177658360089,1.0158208617021276,0.40200145749999994,0.0,0.00019161984223404254,0.00021582502712765963,0.0006723481531382977,0.00012495236662234043,0.010840108542553193,0.000316762390106383,0.00019905280117021274,0.0,0.0,0.0,0.0,0.0,0.0,0.0
2024-09-06 17:49:08.764706048,0.1571980179771799,0.0297640119932881,-0.000485394338607,1.0157573328042326,0.40261719063492063,0.0,0.000193881238042328,0.00021618218962962964,0.0006846201491005291,0.00012659020656084657,0.010942825063492064,0.0003207125147619047,0.00020061349375661376,0.0,0.0,0.0,0.0,0.0,0.0,0.0
2024-09-06 21:12:27.125000192,0.0578943105067537,0.0169574059559286,-0.00130390934427,1.0156843595744682,0.4010626619354838,0.0425531914893617,0.0001922534821505376,0.00021610709215053763,0.0006694829390322582,0.00012530169607526882,0.010814670169354838,0.00031493571295698926,0.00019853309059139789,0.0425531914893617,0.0425531914893617,0.0425531914893617,0.0425531914893617,0.0425531914893617,0.0425531914893617,0.0425531914893617
2024-09-07 00:16:51.473684480,0.0654638743844771,0.0150609250636692,-0.0037096492979845,1.015618101058201,0.4012410292063492,0.0,0.00019025428433862434,0.0002148746153968254,0.0006641888787301588,0.00012417764753439153,0.01080171107936508,0.0003142581778306878,0.00019723130179894182,0.0,0.0,0.0,0.0,0.0,0.0,0.0
2024-09-07 03:26:53.315789568,-0.0468586336813245,0.0255027993711197,-0.0038110081014068,1.0155497507936508,0.40109873195767193,0.0,0.00018979218068783068,0.0002153918096296296,0.0006626019046031748,0.00012302395104232802,0.010788078174603173,0.0003147492984656085,0.00019757735428571431,0.0,0.0,0.0,0.0,0.0,0.0,0.0
2024-09-07 06:26:55.058823424,-0.0419996490402923,0.0270043819451276,-0.005042007994548,1.0154848936507936,0.40094768883597887,0.0,0.00018963879650793654,0.00021313243137566137,0.000665595555925926,0.00012307143536507937,0.010728010735449735,0.0003171301327513228,0.00019620510952380956,0.0,0.0,0.0,0.0,0.0,0.0,0.0
2024-09-07 09:37:39.928571392,0.0207173171002637,0.0186837836538591,-0.005111208118111,1.0154161361702125,0.4004290246376812,1.175531914893617,0.0001796070583065217,0.00020079926433029193,0.000636146101521739,0.00011978325091304348,0.010326784181159421,0.00030921434601449276,0.00019178901804347824,1.175531914893617,1.1914893617021276,1.175531914893617,1.175531914893617,1.175531914893617,1.175531914893617,1.175531914893617
2024-09-07 12:51:58.999999744,0.0691623812443253,0.0181922165176615,-0.0074175045825634,1.0153458285714285,0.40099384544973543,0.0,0.0001887370298941799,0.00020960480809523809,0.0006674210305820105,0.00012290484262433862,0.010805278026455025,0.0003164769473015873,0.00019761248195767196,0.0,0.0,0.0,0.0,0.0,0.0,0.0
2024-09-07 15:57:00.894736896,-0.0713414403475098,0.0100016527023591,-0.0009987603991559,1.0152788502645502,0.4001921923280424,0.0,0.0001890768791005291,0.00020876531936507936,0.0006624544716931218,0.0001221843933915344,0.01078362188095238,0.00031473768317460314,0.00019669994285714283,0.0,0.0,0.0,0.0,0.0,0.0,0.0
2024-09-07 18:49:21.076922880,-0.0299983196418907,0.0077970926391974,0.0014773322740886,1.0152163015957445,0.3996097998924731,0.0425531914893617,0.0001882897446236559,0.00020705788602150537,0.0006587629372580645,0.00012275143382795697,0.010771315137096775,0.0003149974775268817,0.00019970484951612903,0.0425531914893617,0.0425531914893617,0.0425531914893617,0.0425531914893617,0.0425531914893617,0.0425531914893617,0.0425531914893617
2024-09-07 22:27:04.823529472,0.086735021967911,-0.0043900322083433,0.0003733346069482,1.0151373190476192,0.39808447629629623,0.0,0.00018736483481481485,0.00020422277296296297,0.0006546248904761904,0.00012237612537037038,0.01073687137037037,0.0003125399744444445,0.0001977226175132275,0.0,0.0,0.0,0.0,0.0,0.0,0.0
2024-09-08 01:27:06.684210432,0.0187798788851978,0.0013029808244394,-0.0002202741985006,1.0150718592592594,0.39775514375661375,0.0,0.0001869888074074074,0.00020727479835978835,0.0006553643775661375,0.00012357908388359787,0.01075145647089947,0.000313273988042328,0.000195513747989418,0.0,0.0,0.0,0.0,0.0,0.0,0.0
2024-09-08 04:32:08.555555584,-0.0322086078236338,0.0102083322067344,0.000503259975002,1.015004473015873,0.39718888238095235,0.0,0.0001870512311111111,0.00020810771275132277,0.0006559557783597884,0.00012395325622222223,0.010730006074074074,0.000310899092962963,0.00019498564947089948,0.0,0.0,0.0,0.0,0.0,0.0,0.0
2024-09-08 07:27:10.411764736,-0.017045336801857,0.0079695003570481,0.00029440238896,1.0149406412698414,0.396276168253012,0.5396825396825397,0.0001823575652759036,0.00020338183610909094,0.0006370318474698795,0.00012070360910240962,0.010452635930722891,0.00030555923566265064,0.00019351240518072292,0.5396825396825397,0.5555555555555556,0.5396825396825397,0.5396825396825397,0.5396825396825397,0.5396825396825397,0.5396825396825397
2024-09-08 10:53:27.500000000,0.0507206883782487,-0.0003220512082599,0.0011118003529192,1.0148652138297873,0.3960119026704545,0.30851063829787234,0.00018398451234318184,0.0002022407388460227,0.0006375102639204545,0.00011990107520454545,0.010414336866477275,0.00030665993323863636,0.0001910753688068182,0.30851063829787234,0.30851063829787234,0.30851063829787234,0.30851063829787234,0.30851063829787234,0.30851063829787234,0.30851063829787234
2024-09-08 13:57:14.368421120,0.0292350296856511,0.006621481904727,-0.0009852132514613,1.0147979005319148,0.395706664680851,0.0,0.00018795816468085107,0.0002059749435638298,0.0006520586600531916,0.00012269959617021276,0.010615790611702128,0.00031081696478723404,0.00019394160393617022,0.0,0.0,0.0,0.0,0.0,0.0,0.0
2024-09-08 16:59:37.352941312,-0.0929687486335524,0.0146047262702276,-0.0001795229195766,1.0147312319148936,0.3967631706382979,0.0,0.00019018230861702126,0.00020887155249999997,0.0006695818825,0.00012423526826595745,0.010743484159574466,0.00031503849750000003,0.00019274525670212765,0.0,0.0,0.0,0.0,0.0,0.0,0.0
2024-09-08 20:19:31.500000000,0.0271505357448518,0.0058121926277163,0.0012044123548959,1.014657865957447,0.3951813890860216,0.0425531914893617,0.0001894064773655914,0.00021201345413978496,0.0006592440836021506,0.00012478502984408603,0.010674864206989248,0.0003099190726881721,0.00018995465440860214,0.0425531914893617,0.0425531914893617,0.0425531914893617,0.0425531914893617,0.0425531914893617,0.0425531914893617,0.0425531914893617
2024-09-08 23:22:20.111111168,0.0737699189295426,-0.0013274080257369,-0.0009291531924782,1.0145906382978722,0.39337294606382983,0.0,0.00018653667632978724,0.00020960369441489363,0.0006536646878723403,0.00012400070237234042,0.010587602164893616,0.0003084108776595745,0.00018951250287234045,0.0,0.0,0.0,0.0,0.0,0.0,0.0
2024-09-09 02:27:21.947368704,-0.0083874969456587,0.0059911679185627,1.5793695146829913e-06,1.014522584574468,0.3918863445212765,0.0,0.00018319505718085105,0.00020544134063829784,0.0006446869857978724,0.00012234350038297875,0.010531651151595744,0.00030373671882978723,0.00018850209015957447,0.0,0.0,0.0,0.0,0.0,0.0,0.0
2024-09-09 05:37:23.894736640,-0.0386277891046802,0.011709793697745,0.0008069543662771,1.0144526074468085,0.39184253265957447,0.0,0.0001827738345212766,0.00020581665420212766,0.0006520434302659575,0.00012504912624468088,0.010536260388297872,0.00030590239558510643,0.0001909574689361702,0.0,0.0,0.0,0.0,0.0,0.0,0.0
2024-09-09 08:43:03.249999872,0.0189244901213214,0.0062375143732013,0.0012481842757943,1.0143842005291004,0.3906350579104478,1.2751322751322751,0.00017404338317462688,0.00020054234297218045,0.0006164160943283581,0.00012001625794029853,0.010046839986567165,0.00029701438947761196,0.0001831970188345865,1.2751322751322751,1.291005291005291,1.2751322751322751,1.2751322751322751,1.2751322751322751,1.2751322751322751,1.291005291005291
2024-09-09 11:57:27.736842240,0.0737838571096176,0.0025129187001548,0.0012946086525208,1.0143123835106382,0.3908604093617022,0.0,0.0001873661007978723,0.00021364500446808507,0.000652064167287234,0.00012204793069148935,0.010461494159574468,0.0003035019191489362,0.00018453098771276598,0.0,0.0,0.0,0.0,0.0,0.0,0.0
2024-09-09 15:07:29.684210432,-0.0275679153847363,0.0024559176781185,-0.0055499394521881,1.0142421351063828,0.389630033190184,0.5319148936170213,0.00018582441091503267,0.0002119530607843137,0.0006448856552287583,0.00012183127970588235,0.010439441921568628,0.00030100965372549017,0.00018364788241830065,0.7446808510638298,0.7446808510638298,0.7446808510638298,0.7446808510638298,0.7446808510638298,0.7446808510638298,0.7446808510638298
2024-09-09 18:15:45.764706048,-0.0740349296096951,0.0050548276170904,-0.0026722196164334,1.0141725430851063,0.38872532532894744,0.7659574468085106,0.00018753714895161292,0.0002125074431451613,0.0006406713612903225,0.0001209026398387097,0.010395012588709677,0.00030081106403225807,0.00018520655782258065,1.3617021276595744,1.3617021276595744,1.3617021276595744,1.3617021276595744,1.3617021276595744,1.3617021276595744,1.3617021276595744
2024-09-09 21:27:33.600000512,0.0629328794522621,-0.0066173670021105,-0.0027663679309158,1.0141013829787235,0.3865707550537635,0.0425531914893617,0.0001860535424193548,0.00020956132252688173,0.0006337125497311827,0.0001201548442795699,0.010326371814516129,0.0002987264715053764,0.00018140367026881716,0.0425531914893617,0.0425531914893617,0.0425531914893617,0.0425531914893617,0.0425531914893617,0.0425531914893617,0.0425531914893617
2024-09-10 00:27:35.368420864,0.0572967983275134,-0.0067125935558115,-0.002933617164184,1.014034595744681,0.3866743202127659,0.0,0.00018667480117021275,0.00021126913425531914,0.000648342114680851,0.00012216234875531915,0.010419681984042552,0.0003068403944680851,0.0001853048560106383,0.0,0.0,0.0,0.0,0.0,0.0,0.0
2024-09-10 03:37:37.368420864,-0.0204189428408199,0.0015918799327104,-0.0016542139225937,1.0139640175531917,0.38455827664893616,0.0,0.00018670538234042552,0.0002087481688297872,0.0006334275800531915,0.0001185653580957447,0.010284997715425532,0.000298793850106383,0.00018229466867021276,0.0,0.0,0.0,0.0,0.0,0.0,0.0
2024-09-10 06:37:39.176470528,-0.0191847140639538,0.000413121202209,-0.000921352650765,1.013897075531915,0.38377745803191493,0.0,0.00018390028585106385,0.0002052206200531915,0.0006254666447340426,0.00011924523991489362,0.010127085175531915,0.0002964190267553192,0.0001805808542021277,0.0,0.0,0.0,0.0,0.0,0.0,0.0
2024-09-10 09:53:34.058823424,-0.0937097619200244,-0.0075427969412483,0.0009097349954252,1.013824095744681,0.381808248,1.3351063829787233,0.00017353200467076923,0.00019264318296923077,0.000592514082,0.00011532194751538462,0.00976247381076923,0.0002874771501538462,0.00017508010673076923,1.3351063829787233,1.3351063829787233,1.3351063829787233,1.3351063829787233,1.3351063829787233,1.3351063829787233,1.3351063829787233
2024-09-10 13:08:49.833333504,0.0609363649514875,-0.007742778030923,-0.0006063367889701,1.013751224867725,0.38148419037037035,0.0,0.00017983447068783064,0.0002000999516402117,0.0006124564047619048,0.00011544478898941799,0.010055262187830687,0.0002914463844973545,0.00017767200296296297,0.0,0.0,0.0,0.0,0.0,0.0,0.0
2024-09-10 16:12:44.999999744,-0.0779686111200703,-0.0001701087961604,-0.002096060801127,1.0136827484042554,0.381067772712766,0.0,0.00018010595484042554,0.00019915822276595746,0.0006122356719680852,0.0001168931446755319,0.01006082147074468,0.00029154129888297873,0.00018039458712765957,0.0,0.0,0.0,0.0,0.0,0.0,0.0
2024-09-10 19:11:20.999999744,-0.009625442143772,-0.00598873385561,-8.240095171814076e-05,1.013615884042553,0.3805810322872341,0.0,0.000179855,0.00019724799356382982,0.0006128107557446808,0.00011769595845212767,0.01006688136968085,0.00029319459723404253,0.00018082718808510643,0.0,0.0,0.0,0.0,0.0,0.0,0.0
2024-09-10 22:27:48.842105344,0.0693303662461062,-0.0184975289097949,-0.00092291796186,1.0135424063492062,0.37982647561497324,0.042328042328042326,0.00017964525524064172,0.0001961924388235294,0.0006156520547058824,0.00011883773395721925,0.010073217614973262,0.00029586980668449203,0.00018502900459893044,0.042328042328042326,0.042328042328042326,0.042328042328042326,0.042328042328042326,0.042328042328042326,0.042328042328042326,0.042328042328042326
2024-09-11 01:37:50.736841984,0.0036006266248023,-0.0155788929855239,0.0001906821534686,1.0134713232804233,0.3788063321693121,0.0,0.00018035745455026453,0.00020025815248677248,0.0006214064014285715,0.00011945859756613757,0.010090076857142857,0.0002975117414814815,0.00018236741158730158,0.0,0.0,0.0,0.0,0.0,0.0,0.0
2024-09-11 04:46:00.125000192,-0.0296430787553276,-0.0108730848337647,0.0019498984271918,1.013400878835979,0.3774176309523809,0.0,0.0001798356721164021,0.00020048750497354497,0.0006092816379894181,0.00011781259988359788,0.009972280753968254,0.00029278490179894176,0.0001824537248677249,0.0,0.0,0.0,0.0,0.0,0.0,0.0
2024-09-11 07:43:17.461538560,-0.0301676695505079,-0.0073145255465804,-0.0024419102416048,1.013334305851064,0.37697905827586203,0.9680851063829787,0.0001750148129662069,0.00019528309401666666,0.0005959855800689655,0.00011795609247586207,0.009734042544827586,0.00029122593944827584,0.00018215374110344828,0.9680851063829787,0.9840425531914894,0.9680851063829787,0.9680851063829787,0.9680851063829787,0.9680851063829787,0.9680851063829787
2024-09-11 11:02:56.444444416,0.0244097704422188,-0.0173996398188871,-0.0018890384655885,1.0132594137566138,0.37663506913043476,0.15873015873015872,0.00017650938641847826,0.00019387807131701087,0.0005942120699456521,0.00011743708165760867,0.009703904097826085,0.00029047618755434783,0.00018151701250000002,0.15873015873015872,0.15873015873015872,0.15873015873015872,0.15873015873015872,0.15873015873015872,0.15873015873015872,0.15873015873015872
2024-09-11 14:07:58.263157760,-0.0127092463205826,-0.0132528280202432,-0.0044381885019685,1.0131899,0.37637943253968253,0.0,0.00017877230253968257,0.00019792276989417994,0.0006080340352380951,0.00012041009979365081,0.009887152605820106,0.00029490464634920633,0.00018347975486772487,0.0,0.0,0.0,0.0,0.0,0.0,0.0
2024-09-11 17:09:10.764706048,-0.1053175373768908,-0.0078079673022994,-0.0018455777745303,1.0131218301587301,0.37561733460317465,0.0,0.0001789369406349206,0.0001984748326984127,0.0006091398687301586,0.00012072351702645503,0.009878913277777778,0.00029506916798941797,0.00018332471275132276,0.0,0.0,0.0,0.0,0.0,0.0,0.0
2024-09-11 20:31:47.187500032,0.0175233241747037,-0.0173713237372837,-0.0004342781360661,1.013045604255319,0.3743377887837838,0.851063829787234,0.00017863519277027027,0.0001975125024324324,0.0006068830367567567,0.00012093524735810814,0.009868619989864864,0.00029265904966216215,0.00018369531047297298,0.851063829787234,0.851063829787234,0.851063829787234,0.851063829787234,0.851063829787234,0.851063829787234,0.851063829787234
2024-09-11 23:38:04.052631296,0.0419907919089155,-0.0209424852047976,-0.000466779453423,1.0129753365079364,0.37339040788359784,0.0,0.00017908247941798944,0.00019719243343915344,0.0006096727244973545,0.00012210296676719578,0.00986636905026455,0.0002946517988359788,0.00018687338624338626,0.0,0.0,0.0,0.0,0.0,0.0,0.0
2024-09-12 02:48:06.052631296,-0.0474484911866284,-0.0120904493441134,0.0027054792332608,1.0129036925925925,0.3723333323280423,0.0,0.00017823386804232807,0.00019862996931216932,0.0006044286372486772,0.00012033213135449735,0.009809545706349208,0.0002911944928042328,0.0001832179283068783,0.0,0.0,0.0,0.0,0.0,0.0,0.0
2024-09-12 05:53:07.888889088,-0.0701701205885001,-0.0036202230076058,0.0050443462198788,1.0128338788359788,0.3716001308994709,0.0,0.0001780702788888889,0.00019593779931216933,0.0006002606561375661,0.00011988536375661375,0.009730031835978835,0.00029010789031746033,0.0001839517004232804,0.0,0.0,0.0,0.0,0.0,0.0,0.0
2024-09-12 08:52:51.823529216,-0.0240600577376994,-0.0022914781306439,0.0076159506992785,1.0127659026455027,0.3706480340625,1.3968253968253967,0.0001691806870140625,0.00018595065071653544,0.000568684836484375,0.00011591105834375,0.009298960807031251,0.000282465189375,0.000182705482734375,1.3968253968253967,1.4126984126984128,1.3968253968253967,1.3968253968253967,1.3968253968253967,1.3968253968253967,1.3968253968253967
2024-09-12 12:27:52.399999744,0.0611577471894975,0.0006404357561328,0.0081283589229015,1.0126846444444444,0.3696808940740741,0.0,0.0001757150096825397,0.00019320810772486773,0.0005922046565608464,0.00011624572526984126,0.009630106880952382,0.00028656075301587307,0.0001838817743915344,0.0,0.0,0.0,0.0,0.0,0.0,0.0
2024-09-12 15:18:13.631578880,-0.0549932674086903,0.0145757100598084,0.0065321926864036,1.0126201579787233,0.36894002042553187,0.0,0.0001755182313829787,0.00019651099760638297,0.0005898827643617021,0.0001174744842819149,0.009621083691489361,0.00028554899489361703,0.00018443753143617024,0.0,0.0,0.0,0.0,0.0,0.0,0.0
2024-09-12 18:25:19.117647104,-0.0428244724528781,0.0197847439595455,0.0089751796516407,1.012549385106383,0.3686132827659574,0.0,0.00017564979441489362,0.0001959948488297872,0.0005936356585106383,0.00011895101811170213,0.009641710632978723,0.000285973187712766,0.00018440037095744676,0.0,0.0,0.0,0.0,0.0,0.0,0.0
2024-09-12 21:41:14.058823680,0.0854333874335679,0.0134695869617845,0.0078548300775552,1.0124751521276596,0.36734106139784944,0.0425531914893617,0.00017347000021505376,0.00019269732118279567,0.0005842665687096774,0.0001173524851236559,0.009562767008064516,0.0002832493301612903,0.00018466962865591396,0.0425531914893617,0.0425531914893617,0.0425531914893617,0.0425531914893617,0.0425531914893617,0.0425531914893617,0.0425531914893617
2024-09-13 00:43:19.444444416,0.0799452728240908,0.0204652170411918,0.0065016659581288,1.0124061335106382,0.3662866985185186,0.5531914893617021,0.000173626879375,0.00019081045174999998,0.000582734173,0.00011720209142500001,0.0095396513875,0.000281020743375,0.00018221926625,2.297872340425532,2.297872340425532,2.297872340425532,2.297872340425532,2.297872340425532,2.297872340425532,2.297872340425532
2024-09-13 03:47:47.944444672,0.0416834538427224,0.0345901443800646,0.006081253558382,1.0123363420212768,0.36592780294117644,0.02127659574468085,0.00017257478470588232,0.00018239533636363637,0.000579488479144385,0.00011744242796791443,0.009519732537433155,0.00028245072112299466,0.00018467601967914437,0.02127659574468085,0.02127659574468085,0.02127659574468085,0.02127659574468085,0.02127659574468085,0.02127659574468085,0.02127659574468085
2024-09-13 06:53:23.222222336,0.0254056342075159,0.0399998202223409,0.0042103859109459,1.0122657648936169,0.3657249703723404,0.031914893617021274,0.00017386257228723404,0.00018177067686170215,0.0005787100206382978,0.00011623789454787233,0.009395640518617023,0.00028072947510638296,0.0001825332735638298,0.031914893617021274,0.031914893617021274,0.031914893617021274,0.031914893617021274,0.031914893617021274,0.031914893617021274,0.031914893617021274
2024-09-13 10:11:42.642857216,0.0758410285708919,0.035779343153107,0.0039128905217854,1.012190590957447,0.3655636004580152,1.2659574468085106,0.00017179392591755725,0.00018262912399007636,0.000573808690610687,0.00011459776054198475,0.009284095005343511,0.00027909826770992365,0.00017888608473282444,1.2659574468085106,1.2659574468085106,1.2659574468085106,1.2659574468085106,1.2659574468085106,1.2659574468085106,1.2659574468085106
2024-09-13 13:15:01.842105088,0.0852407648712869,0.0421125422793518,0.0001433608214762,1.0121208825396826,0.3640897568783069,0.0,0.00017216830026455025,0.00018125372746031744,0.0005722136791534391,0.00011420028373015875,0.009391150719576719,0.00027698322026455027,0.00017927844396825398,0.0,0.0,0.0,0.0,0.0,0.0,0.0
2024-09-13 16:25:03.842105344,-0.0401062490619779,0.0515881841301699,-0.0018625794376181,1.012048666137566,0.36356640603174606,0.0,0.00016775301957671954,0.00017472375915343911,0.0005630648493121694,0.00011331583966137565,0.009344774074074075,0.00027634679793650795,0.00017968276222222223,0.0,0.0,0.0,0.0,0.0,0.0,0.0
2024-09-13 19:33:50.750000128,0.0434946998456666,0.0460170716209168,-0.0018326845627696,1.0119767925925927,0.3634207327272727,0.042328042328042326,0.00016712932379679145,0.0001743108019786096,0.0005626918632085561,0.00011482454704278073,0.009347301205882353,0.00027748482208556156,0.00018077480812834224,0.042328042328042326,0.042328042328042326,0.042328042328042326,0.042328042328042326,0.042328042328042326,0.042328042328042326,0.042328042328042326
2024-09-13 22:45:07.631578624,0.1134539348168459,0.0347877474572223,-0.0042218091184119,1.0119041386243386,0.3626748764550265,0.0,0.00016712568248677248,0.000173473323015873,0.0005594899465608465,0.0001160378651798942,0.009324257616402116,0.00027648875121693124,0.00017727816989417984,0.0,0.0,0.0,0.0,0.0,0.0,0.0
2024-09-14 01:50:09.555555584,0.0462657282118925,0.0343139860815951,-0.0039322992518593,1.0118338037037038,0.36146192835978835,0.0,0.00016622450306878308,0.00017101371830687833,0.0005559911198412699,0.00011519690461375661,0.009287363518518518,0.00027457727915343916,0.00017794002317460315,0.0,0.0,0.0,0.0,0.0,0.0,0.0
2024-09-14 04:55:11.473684224,0.0062915452894571,0.0365089720919119,-0.003627901809872,1.0117633544973546,0.3607529209523809,0.0,0.00016519558666666667,0.00016902832825396825,0.0005547499811640211,0.00011450395716931218,0.009229791129629631,0.00027453341560846565,0.00017813864074074076,0.0,0.0,0.0,0.0,0.0,0.0,0.0
2024-09-14 08:00:13.333332992,0.0273383212324915,0.029303989764663,-0.0039063187730516,1.0116926872340424,0.3609725501612903,1.4148936170212767,0.00016408512827419355,0.0001684058036451613,0.0005490283862096774,0.00011400394459677421,0.009050168737096775,0.0002735794615322581,0.00017683672072580644,1.4148936170212767,1.4148936170212767,1.4148936170212767,1.4148936170212767,1.4148936170212767,1.4148936170212767,1.4148936170212767
2024-09-14 11:30:15.500000000,0.080358871607757,0.0179658665777756,-0.0047700304883873,1.011612653723404,0.36018486228723406,0.0,0.00016512311707446808,0.00016648057313829785,0.00054984453,0.00011335086019148937,0.009110250952127658,0.00027230505994680845,0.00017628227755319147,0.0,0.0,0.0,0.0,0.0,0.0,0.0
2024-09-14 14:25:17.263158272,0.0130089248132776,0.0204833474534517,-0.00783911837308,1.0115459372340425,0.3611842076595745,0.0,0.0001677496316489362,0.00016572514122340426,0.0005674728752659574,0.00012578851665957447,0.009219164308510639,0.0002907559137765957,0.00020021254835106384,0.0,0.0,0.0,0.0,0.0,0.0,0.0
2024-09-14 17:31:25.666666496,-0.0660359413039373,0.018663651456747,-0.006975320057938,1.0114750074468086,0.35981360978723403,0.0,0.00016298139856382978,0.0001678913290957447,0.0005602770568085106,0.00011584844657978722,0.009201787396276594,0.00027733872984042553,0.00018154979744680854,0.0,0.0,0.0,0.0,0.0,0.0,0.0
2024-09-14 20:41:49.235294208,0.0355245559595687,0.0015808124748166,-0.0075258022387583,1.0114023285714286,0.35892617401069515,0.042328042328042326,0.00015755889171122995,0.00016220747780748662,0.0005442996132085561,0.00011152599988235295,0.009123923205882352,0.0002714111365775401,0.00017564236877005347,0.042328042328042326,0.042328042328042326,0.042328042328042326,0.042328042328042326,0.042328042328042326,0.042328042328042326,0.042328042328042326
2024-09-14 23:45:22.842105344,0.0539404523416351,-0.0099280710561865,-0.0092664011993971,1.011332284574468,0.35825178404255326,0.0,0.00015777162122340428,0.0001635835164893617,0.0005437546715957446,0.00011295483121276594,0.009118110117021277,0.00027098455537234045,0.0001735699860106383,0.0,0.0,0.0,0.0,0.0,0.0,0.0
2024-09-15 02:55:24.789474048,-0.0178237416833439,-0.011216645693843,-0.0086601034479896,1.0112597297872339,0.35773090069148933,0.0,0.00015861046611702126,0.00016314369175531913,0.0005411314680319149,0.00011156808745212767,0.009095565547872341,0.0002709984866489362,0.00017264571962765954,0.0,0.0,0.0,0.0,0.0,0.0,0.0
2024-09-15 06:05:26.736841984,-0.0621548365582498,-0.0165179241123671,-0.0081781537040475,1.0111871882978725,0.3577560994148936,0.0,0.0001591008994148936,0.0001632709115425532,0.0005416102343617021,0.0001131802016861702,0.009044513864361703,0.00026960666430851063,0.00017434234042553194,0.0,0.0,0.0,0.0,0.0,0.0,0.0
2024-09-15 09:37:08.750000128,-0.0073789976781881,-0.029021929916907,-0.0066172422116986,1.0111064216931218,0.35702066403225813,1.4814814814814814,0.0001532974795548387,0.00015579086347491933,0.0005210099973387098,0.00010830027148387098,0.008709484028225807,0.00026402178951612904,0.0001721659283064516,1.4814814814814814,1.4814814814814814,1.4814814814814814,1.4814814814814814,1.4814814814814814,1.4814814814814814,1.4814814814814814
2024-09-15 12:25:30.578947328,0.0198386518885058,-0.0382293930544549,-0.0075610939327774,1.0110420595744682,0.35702298696808515,0.0,0.00015927122930851063,0.00016278711106382978,0.000539211859787234,0.00011044381522340426,0.009018945085106384,0.0002675374153723404,0.0001751476699468085,0.0,0.0,0.0,0.0,0.0,0.0,0.0
2024-09-15 15:35:32.526315520,-0.1086229719482503,-0.0361141852030842,-0.0086407583000101,1.010969475,0.3569350492021277,0.0,0.00015899593218085108,0.00016544226760638298,0.000540620565,0.00011093899317553192,0.009029427417553191,0.00026866615989361704,0.0001737656143085106,0.0,0.0,0.0,0.0,0.0,0.0,0.0
2024-09-15 18:26:17.214285568,-0.1033497576911486,-0.0441775067707575,-0.0069794146031092,1.0109041398936172,0.3566041185106383,0.0,0.0001599448115425532,0.0001677192489361702,0.0005376729402127659,0.0001111018119361702,0.009007193973404255,0.0002677802204255319,0.00017272610388297872,0.0,0.0,0.0,0.0,0.0,0.0,0.0
2024-09-15 21:45:36.263158272,-0.0104599250000774,-0.0622604646085715,-0.0077208280255728,1.010828095212766,0.35644557370967744,0.0425531914893617,0.00015994471752688174,0.00016713246586021505,0.0005405011851612904,0.000111980565844086,0.009012847760752687,0.00026881192935483873,0.00017422320091397848,0.0425531914893617,0.0425531914893617,0.0425531914893617,0.0425531914893617,0.0425531914893617,0.0425531914893617,0.0425531914893617
2024-09-16 00:55:38.263158016,-0.0415782982083214,-0.068607684071371,-0.0072670133006849,1.010755480851064,0.35574007079787234,0.0,0.00016090773489361703,0.00016768207723404256,0.0005411909004787234,0.00011152736173404255,0.009008714468085106,0.0002687641370212766,0.00017537827856382979,0.0,0.0,0.0,0.0,0.0,0.0,0.0
2024-09-16 04:05:40.157894656,-0.0821932038512613,-0.068560677919239,-0.0067859501274054,1.010682854787234,0.3555320429255319,0.0,0.00015993910521276594,0.0001679743755851064,0.0005374286328723404,0.00011076007644148937,0.008980139295212766,0.00026787657180851065,0.00017747926611702127,0.0,0.0,0.0,0.0,0.0,0.0,0.0
2024-09-16 07:10:41.999999744,-0.1066880959748459,-0.0777296686427593,-0.0063453975631247,1.0106121367021277,0.35552029780346817,0.3723404255319149,0.00015766816526763003,0.00016581985608289017,0.00053049705,0.00010868530071676301,0.008808893920231214,0.0002655114720231214,0.0001767867484393064,0.3723404255319149,0.3723404255319149,0.3723404255319149,0.3723404255319149,0.3723404255319149,0.3723404255319149,0.3723404255319149
2024-09-16 10:50:44.416666624,-0.0385382392361179,-0.0916713762474876,-0.0053512493557751,1.0105280436170212,0.3548552553846153,0.4521276595744681,0.0001583704163372781,0.00016390453826035502,0.0005284044233727811,0.00010788876306508876,0.00877620803964497,0.00026434921236686393,0.00017439279810650885,0.4521276595744681,0.4521276595744681,0.4521276595744681,0.4521276595744681,0.4521276595744681,0.4521276595744681,0.4521276595744681
2024-09-16 13:30:45.888889088,-0.0692986244201847,-0.0931668859464287,-0.0072030103482329,1.010466875,0.3549875893617021,0.0,0.00015935703510638297,0.00016575645515957448,0.0005363618685106383,0.00010949475961702127,0.00891650430851064,0.0002657066314893617,0.0001737047495212766,0.0,0.0,0.0,0.0,0.0,0.0,0.0
2024-09-16 16:25:47.647058944,-0.1811379995499464,-0.0906649942608754,-0.00685811903619,1.0103999728723403,0.3551654473404255,0.0,0.00015900946127659572,0.00016739239840425532,0.0005354448363297873,0.00010882156762765956,0.00892013300531915,0.0002662863455851064,0.00017577923053191486,0.0,0.0,0.0,0.0,0.0,0.0,0.0
2024-09-16 19:57:42.312500224,-0.100337594699738,-0.0999133254249718,-0.00509275601646,1.0103189308510638,0.35453781473118273,0.0425531914893617,0.00015934258913978492,0.00016597303225806455,0.000533102616344086,0.00010843450093548387,0.008899985720430109,0.000264343245,0.0001756788534408602,0.0425531914893617,0.0425531914893617,0.0425531914893617,0.0425531914893617,0.0425531914893617,0.0425531914893617,0.0425531914893617
2024-09-16 22:55:51.631579136,-0.0615437565805336,-0.1115684830350311,-0.0059210359052961,1.0102507,0.3537572532275133,0.0,0.00015811127005291005,0.00016505966375661375,0.0005344453291534391,0.00010907069123280423,0.008891087174603175,0.0002644988557142857,0.0001752427843915344,0.0,0.0,0.0,0.0,0.0,0.0,0.0
2024-09-17 02:05:53.578947328,-0.1265758770839511,-0.111757646089914,-0.0039038715585481,1.0101781312169311,0.3533260196296297,0.0,0.0001578611956084656,0.00016575601587301588,0.000530217052962963,0.00010789343229100527,0.008872163642857143,0.0002621207419047619,0.00017296493904761908,0.0,0.0,0.0,0.0,0.0,0.0,0.0
2024-09-17 05:15:55.526315520,-0.1614035469729628,-0.1097117859131213,-0.0026649636174178,1.0101054984126985,0.35382618322751325,0.0,0.0001578966908994709,0.00016313220386243387,0.0005306706358730158,0.00010812554645502645,0.008857955497354499,0.00026350123190476186,0.00017421587735449737,0.0,0.0,0.0,0.0,0.0,0.0,0.0
2024-09-17 08:17:57.400000256,-0.1280645980344843,-0.1185670281264667,-0.0013762426604941,1.0100359232804232,0.354582222295082,1.5185185185185186,0.0001519586390057377,0.00015664602932688524,0.0005161024051639345,0.000106567675147541,0.008619392625409835,0.0002625823405737705,0.0001732794750819672,1.5185185185185186,1.5185185185185186,1.5185185185185186,1.5185185185185186,1.5185185185185186,1.5185185185185186,1.5185185185185186
2024-09-17 11:35:59.411764736,-0.070825165778956,-0.1275969465425532,-0.0017270360026539,1.0099602476190475,0.35535520301587303,0.0,0.00015792679740740738,0.00016150251253968257,0.0005349416302116403,0.0001070326004074074,0.00888234182010582,0.00026687539253968253,0.00017328588312169312,0.0,0.0,0.0,0.0,0.0,0.0,0.0
2024-09-17 14:36:01.157894656,-0.1306882301333303,-0.1253318144489762,-0.0045806260345062,1.009891448148148,0.3553740827513227,0.0,0.00015751762253968257,0.00016021775343915342,0.0005333326932804233,0.00010749967302645502,0.008938609134920637,0.0002658469386772487,0.0001738636502116402,0.0,0.0,0.0,0.0,0.0,0.0,0.0
2024-09-17 17:31:02.874999808,-0.1930953471390921,-0.1271241479517995,-0.0035634675536277,1.0098245640211636,0.35547931201058197,0.0,0.00015586756624338624,0.00015905263746031746,0.0005324447012698412,0.00010720798099999999,0.008945621158730158,0.0002655183721693122,0.00017165437767195768,0.0,0.0,0.0,0.0,0.0,0.0,0.0
2024-09-17 20:57:50.823529216,-0.0846523235647396,-0.1427592629806239,-0.0055799174680334,1.009745466137566,0.35515579475935827,0.042328042328042326,0.0001551122646524064,0.00015920160294117646,0.0005326980206951872,0.00010768260464705882,0.008948154331550802,0.0002652025205882353,0.00017194757743315504,0.042328042328042326,0.042328042328042326,0.042328042328042326,0.042328042328042326,0.042328042328042326,0.042328042328042326,0.042328042328042326
2024-09-18 00:06:06.947368448,-0.0800919136765401,-0.1500917094077312,-0.0075664383727457,1.0096736222222222,0.3553194153968254,0.0,0.00015393727037037037,0.00015847468396825397,0.0005358026256084657,0.00010781525469312169,0.008995457325396828,0.0002661710413756614,0.00017134997682539683,0.0,0.0,0.0,0.0,0.0,0.0,0.0
2024-09-18 03:11:08.777777664,-0.1536563880096082,-0.1509847920491132,-0.0087571764737116,1.009602933862434,0.3557865923809524,0.0,0.00015364075211640212,0.0001590715847089947,0.0005379462123809524,0.00010823479508994708,0.009038126402116401,0.0002667412295238095,0.00017015142910052907,0.0,0.0,0.0,0.0,0.0,0.0,0.0
2024-09-18 06:20:37.333333248,-0.1866875638293095,-0.1573159974171902,-0.0098333934875568,1.0095305404255317,0.35625938058510637,0.0,0.00015387804723404258,0.0001583699411170213,0.0005366469426595744,0.00010834885778191489,0.008984328289893618,0.00026673283420212767,0.00017004075074468088,0.0,0.0,0.0,0.0,0.0,0.0,0.0
2024-09-18 09:48:42.750000128,-0.1516912823334451,-0.171393146830234,-0.0096885409761303,1.009451085106383,0.3561508841666666,1.547872340425532,0.00014834758647083333,0.0001503506996125,0.0005191019465000001,0.00010456871905000001,0.008728430485833334,0.00026231368208333336,0.00016690905116666666,1.547872340425532,1.547872340425532,1.547872340425532,1.547872340425532,1.547872340425532,1.547872340425532,1.547872340425532
2024-09-18 12:46:14.588235264,-0.1236379302364412,-0.1828943232120712,-0.0117101225185674,1.0093831026595745,0.3565932462765957,0.0,0.0001524576264361702,0.00015378081680851062,0.0005347495312234042,0.00010669402852659574,0.009006381893617021,0.0002649902725,0.00017063348893617023,0.0,0.0,0.0,0.0,0.0,0.0,0.0
2024-09-18 15:46:16.473684480,-0.2648002519552506,-0.1867338028173086,-0.0140842583441707,1.009314360106383,0.3571741963297873,0.0,0.00015141859058510638,0.00015302144351063833,0.0005377807479255319,0.00010941866381914893,0.009059639170212765,0.0002675202364893617,0.00017012388117021275,0.0,0.0,0.0,0.0,0.0,0.0,0.0
2024-09-18 18:53:10.937500160,-0.2218976806363457,-0.2010142928415173,-0.0129129341222195,1.0092431476190478,0.3576760371590909,0.2751322751322751,0.0001516791296590909,0.00015432506426136364,0.000543277993125,0.00010911576111363638,0.009121444423295454,0.00026874536812499997,0.00017042698414772729,0.2751322751322751,0.2751322751322751,0.2751322751322751,0.2751322751322751,0.2751322751322751,0.2751322751322751,0.2751322751322751
2024-09-18 22:01:20.333333248,-0.173013621310929,-0.2238619050496858,-0.0140674551282219,1.0091711760638298,0.35682505192546576,0.574468085106383,0.00015048161726708076,0.00015205438577639753,0.0005373926363975154,0.00010635397316149069,0.009080108444099377,0.00026656923254658385,0.0001689946555279503,0.574468085106383,0.574468085106383,0.574468085106383,0.574468085106383,0.574468085106383,0.574468085106383,0.574468085106383
2024-09-19 01:06:22.157894400,-0.2103702678194849,-0.2357754232484126,-0.014158568853385,1.0091005015957448,0.35634805920212764,0.0,0.00014914853489361705,0.0001506342535106383,0.0005361037409042553,0.00010572732855851062,0.009082553779255318,0.00026500996962765955,0.00016897343941489363,0.0,0.0,0.0,0.0,0.0,0.0,0.0
2024-09-19 04:16:24.157894912,-0.2538281081485252,-0.2409989152344565,-0.0128909326031821,1.0090279664893618,0.3566529933510639,0.0,0.00014798767877659573,0.00014963328973404254,0.0005356461542021277,0.00010590748003723404,0.00908060282712766,0.00026537794595744683,0.00016785131180851063,0.0,0.0,0.0,0.0,0.0,0.0,0.0
2024-09-19 07:26:26.052631552,-0.2802035230972137,-0.2547196583188513,-0.0123921344321362,1.0089554478723406,0.35733002038709677,0.7553191489361702,0.0001449992348135484,0.0001469168659845161,0.000528951861548387,0.00010641345297419355,0.008908243551612903,0.00026401191929032255,0.00016855660141935485,0.7553191489361702,0.7553191489361702,0.7553191489361702,0.7553191489361702,0.7553191489361702,0.7553191489361702,0.7553191489361702
2024-09-19 10:46:28.058823424,-0.2430085820071781,-0.2738284049997727,-0.0112186167180732,1.008879124468085,0.3574697619393939,0.5372340425531915,0.0001477456752727273,0.00014933882676969697,0.0005336480759393938,0.00010870263021818183,0.008958333663636363,0.00026564149527272724,0.00016832954703030305,0.5372340425531915,0.5372340425531915,0.5372340425531915,0.5372340425531915,0.5372340425531915,0.5372340425531915,0.5372340425531915
2024-09-19 13:46:29.947368192,-0.2702986938794538,-0.2828168473729551,-0.0144259382319713,1.008810444680851,0.3578566420744681,0.0,0.00014881874712765957,0.00015090921361702128,0.0005393431661170214,0.00010719959352127657,0.009111946914893618,0.00026741584835106384,0.00016743304686170214,0.0,0.0,0.0,0.0,0.0,0.0,0.0
2024-09-19 16:41:51.600000000,-0.3771108723827296,-0.292066186968253,-0.0140385718630554,1.0087434777777777,0.35815378835978834,0.0,0.00014900774724867726,0.0001509178631216931,0.0005428803188888889,0.00010813763390476189,0.009159070687830688,0.00026786034259259256,0.0001680157428042328,0.0,0.0,0.0,0.0,0.0,0.0,0.0
2024-09-19 19:52:48.562500096,-0.3085321245930572,-0.311189103130735,-0.0137303526714531,1.0086706153439153,0.35812150780748664,0.042328042328042326,0.00014818497160427806,0.00014989032422459893,0.000542468517593583,0.00010858797972192512,0.00918759977540107,0.00026954393443850267,0.00016745960347593582,0.042328042328042326,0.042328042328042326,0.042328042328042326,0.042328042328042326,0.042328042328042326,0.042328042328042326,0.042328042328042326
2024-09-19 23:26:35.466666752,-0.25459295964788,-0.331222307098782,-0.0151146661355268,1.0085891877659574,0.35808293569148936,0.0,0.00014910970425531913,0.00014953924324468085,0.0005446915435106383,0.00010902604565957448,0.009210481079787234,0.00026924776861702123,0.00016819636734042556,0.0,0.0,0.0,0.0,0.0,0.0,0.0
2024-09-20 02:16:37.105263360,-0.3300609424305776,-0.3426112619770134,-0.0144674897297506,1.0085243718085108,0.3580379045744681,0.0,0.0001486744743617021,0.0001477708710106383,0.0005429267859574468,0.00010951176830319148,0.009191727449468085,0.00026777711297872335,0.00016811839430851065,0.0,0.0,0.0,0.0,0.0,0.0,0.0
2024-09-20 05:32:16.375000064,-0.3720516370884184,-0.3522769020671779,-0.0141522112769782,1.0084496255319149,0.35838293335106386,0.0,0.0001485035589361702,0.00014803521505319148,0.0005420426924468085,0.00011187284559574467,0.009160583218085105,0.00026777723308510636,0.00016782712329787232,0.0,0.0,0.0,0.0,0.0,0.0,0.0
2024-09-20 08:36:00.533333504,-0.381650002806623,-0.3703086109370108,-0.0140752065026209,1.0083796412698414,0.35806520641666667,1.560846560846561,0.00014202208171322313,0.00014080113629173554,0.0005237870939669423,0.00011033958214049589,0.008812778380991735,0.0002634156758677686,0.0001659266103305785,1.5449735449735449,1.5449735449735449,1.5449735449735449,1.5449735449735449,1.5449735449735449,1.5449735449735449,1.5449735449735449
2024-09-20 11:52:03.000000000,-0.3421390953752166,-0.3892936107630564,-0.0150680694953864,1.0083048973544972,0.35800754079365077,0.0,0.00014748480714285713,0.00014793251132275132,0.0005389379589947089,0.00011131991421164021,0.00910447616931217,0.0002663116462962963,0.00016723660544973545,0.0,0.0,0.0,0.0,0.0,0.0,0.0
2024-09-20 14:46:45.052631552,-0.4216115314231956,-0.3976333691068048,-0.0177720560441124,1.0082383563829787,0.3582539743617021,0.0,0.00014719323851063832,0.0001482975025531915,0.0005401624620212764,0.00011088565271276595,0.009161038734042554,0.00026761818218085104,0.00016906494414893614,0.0,0.0,0.0,0.0,0.0,0.0,0.0
2024-09-20 17:52:39.941176576,-0.4708019194040957,-0.4109479553660943,-0.0171139326899688,1.008167430851064,0.35797704617021275,0.0,0.00014833892872340428,0.00014887244260638298,0.0005389236554787235,0.00010927021972872338,0.009162286675531916,0.00026669834484042553,0.00016777613250000003,0.0,0.0,0.0,0.0,0.0,0.0,0.0
2024-09-20 21:06:48.947368448,-0.4018845215655346,-0.4377445399625013,-0.0174299692514136,1.0080932708994708,0.35820617176470587,0.042328042328042326,0.00014685440283422458,0.00014843468310160428,0.0005371299312299465,0.00010979046483957219,0.009168224438502674,0.00026838236609625667,0.00016739644973262033,0.042328042328042326,0.042328042328042326,0.042328042328042326,0.042328042328042326,0.042328042328042326,0.042328042328042326,0.042328042328042326
2024-09-21 00:16:50.842105344,-0.4058568442693513,-0.4575065439749832,-0.0182077140044827,1.0080207857142855,0.3579562807407407,0.0,0.00014711020063492064,0.00014877942841269842,0.0005374858210052911,0.0001091313383915344,0.009179049611111113,0.0002674565886243387,0.00016672856455026455,0.0,0.0,0.0,0.0,0.0,0.0,0.0
2024-09-21 03:26:52.842105344,-0.4774207973150055,-0.4680665437756358,-0.0166295062842935,1.0079483164021161,0.35767408925925925,0.0,0.00014686307603174604,0.00014817428513227513,0.000537096133915344,0.00011168628725925924,0.009173003325396825,0.0002678126185714286,0.00016574707301587305,0.0,0.0,0.0,0.0,0.0,0.0,0.0
2024-09-21 06:31:54.666666752,-0.5171036916180469,-0.4827832614390149,-0.0167640609279551,1.0078777746031746,0.35815345783068786,0.0,0.00014725264322751322,0.00014898745957671956,0.0005412966366666667,0.00011127666591005291,0.009132455732804232,0.00026870868291005293,0.0001654344794179894,0.0,0.0,0.0,0.0,0.0,0.0,0.0
2024-09-21 09:30:16.466666752,-0.4855277308514587,-0.5043063517746786,-0.0159422306386825,1.0078097154255317,0.3579994042016807,1.5691489361702127,0.00014263552665546217,0.00014378982393865546,0.0005231912468067227,0.00010821309411764704,0.008846702316806723,0.0002640753512605042,0.00016322521420168067,1.5691489361702127,1.5691489361702127,1.5691489361702127,1.5691489361702127,1.5691489361702127,1.5691489361702127,1.5691489361702127
2024-09-21 12:46:58.526315776,-0.481621745963821,-0.5212749936382625,-0.0173077328408268,1.007734787830688,0.3584555717989419,0.0,0.00014704990222222223,0.00015024593005291006,0.0005405807195238095,0.00010859760747089947,0.009180694862433862,0.00026715829185185186,0.00016612168507936512,0.0,0.0,0.0,0.0,0.0,0.0,0.0
2024-09-21 15:57:00.473684224,-0.6029485594011703,-0.5342677512306472,-0.0192708379351226,1.0076623301587302,0.35877703740740746,0.0,0.00014715555444444445,0.0001517585475132275,0.0005412610119576719,0.00010878052825925924,0.009211838904761903,0.0002684878531216931,0.00016707003693121697,0.0,0.0,0.0,0.0,0.0,0.0,0.0
2024-09-21 18:50:36.571428352,-0.5869669945928422,-0.5531866943368869,-0.0179230114331459,1.007596163297872,0.35870888822580643,0.0425531914893617,0.00014697427639784945,0.00015159065779569894,0.0005415662046774193,0.0001098459022688172,0.009228561825268818,0.0002692938816129032,0.00016708245053763442,0.0425531914893617,0.0425531914893617,0.0425531914893617,0.0425531914893617,0.0425531914893617,0.0425531914893617,0.0425531914893617
2024-09-21 22:22:04.444444672,-0.5093316344969026,-0.5791548889112794,-0.0185286769602045,1.0075155021164024,0.3589930298941799,0.0,0.00014834434693121692,0.00015492525037037036,0.0005474253462962963,0.0001119613173174603,0.009306383791005292,0.0002710989646560846,0.0001685303674603175,0.0,0.0,0.0,0.0,0.0,0.0,0.0
2024-09-22 01:27:06.263158016,-0.5729673324305509,-0.5928661617013258,-0.0171382158990618,1.0074449751322752,0.35894950703703704,0.0,0.0001488610525925926,0.0001547821034920635,0.0005462767075661376,0.00011212777841269841,0.009310968576719578,0.0002707396219576719,0.00017108761470899467,0.0,0.0,0.0,0.0,0.0,0.0,0.0
2024-09-22 04:31:15.176470528,-0.6219392697388457,-0.602845972083379,-0.0160036724854219,1.0073745973404256,0.35925172117021276,0.0,0.00014868187563829788,0.00015570015771276596,0.0005472106415425531,0.00011217331022340428,0.009312782316489361,0.0002710878990957447,0.00017175293494680856,0.0,0.0,0.0,0.0,0.0,0.0,0.0
2024-09-22 07:36:36.666666240,-0.6422038756497841,-0.6188578007321922,-0.0144860103897761,1.0073040212765958,0.3588702778321678,1.0106382978723405,0.00014706457916083916,0.00015424019371608393,0.000540038522937063,0.00011001656864335664,0.0091159823006993,0.0002691452518181818,0.00016892656877622375,1.0106382978723405,1.0106382978723405,1.0106382978723405,1.0106382978723405,1.0106382978723405,1.0106382978723405,1.0106382978723405
2024-09-22 10:57:11.937500160,-0.6397077681050973,-0.6404680825873953,-0.0139449844156938,1.0072275121693122,0.3589914586440678,0.30158730158730157,0.00014800311346723166,0.00015514626672655368,0.0005390891416384181,0.00010824986685875708,0.009120702001129943,0.00026924669395480226,0.00017227161683615815,0.30158730158730157,0.30158730158730157,0.30158730158730157,0.30158730158730157,0.30158730158730157,0.30158730158730157,0.30158730158730157
2024-09-22 13:57:13.736842240,-0.6478307819466522,-0.6516140698867268,-0.0160418701735341,1.0071586276595745,0.3589443793085106,0.0,0.00014882628143617023,0.00015827032324468087,0.0005435648909042553,0.00010777251895212766,0.009261834385638297,0.0002688121400531915,0.00017217222606382977,0.0,0.0,0.0,0.0,0.0,0.0,0.0
2024-09-22 16:57:15.588235520,-0.7434433737364543,-0.661263870496205,-0.0155598507708902,1.0070899228723402,0.3595397729255319,0.0,0.00014894635154255319,0.00015982072015957447,0.0005448575104787235,0.00010971849581382981,0.00929263345744681,0.00026947146420212766,0.00017310474180851066,0.0,0.0,0.0,0.0,0.0,0.0,0.0
2024-09-22 20:19:03.529411840,-0.6556673435856055,-0.6849131295255428,-0.0148429449263705,1.0070129925925926,0.35979056513368984,0.042328042328042326,0.00015050885983957217,0.00016209827058823528,0.0005531135826203208,0.00011349044095721927,0.00935479354278075,0.0002742183992513369,0.00017832326197860963,0.042328042328042326,0.042328042328042326,0.042328042328042326,0.042328042328042326,0.042328042328042326,0.042328042328042326,0.042328042328042326
2024-09-22 23:22:19.500000000,-0.6468412265847405,-0.7036514197878845,-0.0148775123891604,1.006942929787234,0.3597392693085107,0.0,0.00015315193680851065,0.00016587641170212768,0.0005573678452659575,0.00011362239159042552,0.009386486763297872,0.0002738999617553192,0.00017655339749999999,0.0,0.0,0.0,0.0,0.0,0.0,0.0
2024-09-23 02:27:21.421052672,-0.6936815032860295,-0.7148690548328365,-0.0138484881192084,1.006872270212766,0.3587839958510638,0.0,0.00015200968776595745,0.0001626808538829787,0.0005479807750531914,0.00011211602062234043,0.00932416117819149,0.0002712990535638298,0.00017680573691489365,0.0,0.0,0.0,0.0,0.0,0.0,0.0
2024-09-23 05:37:23.368421120,-0.7625554100814611,-0.7245876965093319,-0.0128232503246313,1.0067996888297872,0.35862333457446804,0.0,0.0001523909105851064,0.0001636476234574468,0.0005480940611170213,0.0001133402204787234,0.00928263194680851,0.0002700607744148936,0.00017661133276595742,0.0,0.0,0.0,0.0,0.0,0.0,0.0
2024-09-23 08:45:39.411764736,-0.7478463942924805,-0.7382671601283691,-0.0126230255610591,1.0067278494680851,0.3592002724369748,1.5691489361702127,0.00014702924721916665,0.0001580314955076667,0.0005334763310833333,0.00011040887813333333,0.008952801364166667,0.0002660303705,0.00017343685175,1.553191489361702,1.553191489361702,1.553191489361702,1.553191489361702,1.553191489361702,1.553191489361702,1.553191489361702
2024-09-23 11:57:27.263158016,-0.7124144025160604,-0.7536504305216499,-0.012756114430914,1.0066544632978724,0.3596598713297873,0.0,0.00015543149579787233,0.00016736446478723404,0.0005522613414361702,0.00011183106237765959,0.009294885776595745,0.0002689978675531915,0.00017424743,0.0,0.0,0.0,0.0,0.0,0.0,0.0
2024-09-23 15:07:29.157894656,-0.8167720018782916,-0.7609306356413693,-0.0151471268547084,1.0065818207446808,0.36047099026595747,0.0,0.00015615808723404254,0.00016802452313829786,0.000552777984893617,0.00011323667105319149,0.009331049643617022,0.00026990305239361705,0.00017705370122340425,0.0,0.0,0.0,0.0,0.0,0.0,0.0
2024-09-23 18:01:21.615384832,-0.8165651058409935,-0.7737461254636306,-0.0131206730602658,1.0065152760638296,0.36097102739361714,0.0,0.00015750080553191491,0.0001713194588297872,0.0005569110121276597,0.00011307765198936168,0.009368153803191488,0.00027099199558510643,0.00017707666978723403,0.0,0.0,0.0,0.0,0.0,0.0,0.0
2024-09-23 21:17:32.944444672,-0.7677685253232198,-0.7946917837364563,-0.0130327481144132,1.0064402904255318,0.3612626093548387,0.0425531914893617,0.00015694798408602152,0.00017108361634408603,0.0005528761529032258,0.00011343088347849464,0.009353003268817205,0.0002722109750537635,0.0001788713559139785,0.0425531914893617,0.0425531914893617,0.0425531914893617,0.0425531914893617,0.0425531914893617,0.0425531914893617,0.0425531914893617
2024-09-24 00:27:34.842105088,-0.768546217444225,-0.8068123184812812,-0.0110122429728791,1.0063675765957447,0.36165182510638305,0.0,0.0001577160569680851,0.0001707562445744681,0.0005533768394680851,0.00011518565068617022,0.009381640287234042,0.00027296207010638296,0.00017765972526595744,0.0,0.0,0.0,0.0,0.0,0.0,0.0
2024-09-24 03:37:36.736842240,-0.8175407951525813,-0.8113119611864436,-0.0097794535322473,1.0062948367021276,0.362424074680851,0.0,0.00015828873521276597,0.00017162391361702132,0.0005564666705851065,0.00011720967927659573,0.009417178739361702,0.0002751006488829787,0.00017894915063829784,0.0,0.0,0.0,0.0,0.0,0.0,0.0
2024-09-24 06:47:38.736842240,-0.8478132970593037,-0.8197007877234125,-0.0088414101270938,1.006222074468085,0.3628589857446809,0.031914893617021274,0.00015858906691489362,0.00017095747760638295,0.0005557673351595744,0.00011572582912765958,0.009313150694148935,0.0002755167837765957,0.00017810729840425532,0.031914893617021274,0.031914893617021274,0.031914893617021274,0.031914893617021274,0.031914893617021274,0.031914893617021274,0.031914893617021274
2024-09-24 09:57:05.294117632,-0.8380860402928079,-0.8345634194944124,-0.0075477962284257,1.0061494761904761,0.36281416591666665,1.5238095238095237,0.00015486291245,0.00016464033904166673,0.0005411315904166667,0.00011244557735,0.009134748395833333,0.00027091263775000005,0.00017469978633333336,1.5238095238095237,1.5238095238095237,1.5238095238095237,1.5238095238095237,1.5238095238095237,1.5238095238095237,1.5238095238095237
2024-09-24 13:02:42.499999744,-0.8222687112750009,-0.8411644863632199,-0.0091060093424775,1.0060783829787234,0.36332905898936174,0.0,0.00016032707627659576,0.0001721622345744681,0.0005644261904787233,0.00011504877395744681,0.009438772877659575,0.0002776077614893617,0.00018160873420212766,0.0,0.0,0.0,0.0,0.0,0.0,0.0
2024-09-24 16:07:44.473684480,-0.9191347841314724,-0.8501993199023972,-0.0112209822505374,1.0060074553191491,0.36330905750000003,0.0,0.00016124686941489363,0.00017418161367021274,0.0005613997248404255,0.00011379143910638296,0.009438914840425533,0.00027403423978723405,0.0001794317696276596,0.0,0.0,0.0,0.0,0.0,0.0,0.0
2024-09-24 19:13:39.294117888,-0.8512484549687542,-0.8597425939027606,-0.009423042923609,1.0059361111702128,0.36398652118279573,0.0425531914893617,0.0001629006185483871,0.00017505112666666665,0.0005620563534946237,0.00011393815703763441,0.009461591185483871,0.0002748982598924731,0.00017963002731182797,0.0425531914893617,0.0425531914893617,0.0425531914893617,0.0425531914893617,0.0425531914893617,0.0425531914893617,0.0425531914893617
2024-09-24 22:27:48.263158016,-0.8210507652485717,-0.8728455874057774,-0.0085245846778637,1.0058614756613755,0.36365828640211645,0.0,0.00016287455656084654,0.00017455551492063492,0.0005605978645502645,0.00011462403300529101,0.009455674534391533,0.0002754965447089947,0.0001793513419047619,0.0,0.0,0.0,0.0,0.0,0.0,0.0
2024-09-25 01:37:50.263157760,-0.8569011392730772,-0.8786407548307565,-0.0070578855561978,1.0057885354497353,0.36353866032432436,0.08465608465608465,0.0001623020962162162,0.00017391799805405406,0.0005600501805405405,0.00011481649724864865,0.009465248235135134,0.00027624681227027026,0.00017893373789189184,0.08465608465608465,0.08465608465608465,0.08465608465608465,0.08465608465608465,0.08465608465608465,0.08465608465608465,0.08465608465608465
2024-09-25 04:47:52.157894912,-0.905628615539058,-0.8773703625225969,-0.0043114704404542,1.0057155619047617,0.3637470052406417,0.042328042328042326,0.00016137562871657753,0.00017485570860962564,0.0005623902414438502,0.00011377225404278074,0.009460294117647058,0.00027645614481283426,0.00018025066251336897,0.042328042328042326,0.042328042328042326,0.042328042328042326,0.042328042328042326,0.042328042328042326,0.042328042328042326,0.042328042328042326
2024-09-25 07:50:24.000000000,-0.9025858711727892,-0.8814910064169053,-0.0032714376644587,1.0056454313829788,0.36423488499999995,1.372340425531915,0.00015898598216666665,0.00017354487874603176,0.0005538782215873016,0.00011141984222222222,0.009265300658730156,0.0002744796407936508,0.00017887958452380954,1.372340425531915,1.372340425531915,1.372340425531915,1.372340425531915,1.372340425531915,1.372340425531915,1.372340425531915
2024-09-25 11:05:56.066666752,-0.9340179418502998,-0.8899835758292671,-0.0026809463310491,1.0055702793650794,0.3647265341530055,0.164021164021164,0.00016138350108196723,0.0001769393156557377,0.000557235127704918,0.00011180411847540984,0.009340548201092896,0.000274774127704918,0.00017906063459016398,0.164021164021164,0.164021164021164,0.164021164021164,0.164021164021164,0.164021164021164,0.164021164021164,0.164021164021164
2024-09-25 14:07:57.842105088,-0.8918310873279438,-0.8878551717426152,-0.0038510023154987,1.0055002767195766,0.3659605222651934,0.1693121693121693,0.00016320525835443036,0.0001783220907594937,0.0005666270519620253,0.0001119216835379747,0.009519995224683546,0.0002764348396835443,0.0001807421140506329,0.656084656084656,0.656084656084656,0.656084656084656,0.656084656084656,0.656084656084656,0.656084656084656,0.656084656084656
2024-09-25 17:07:59.588235264,-0.9388851329834438,-0.889565290879712,-0.0019691450332644,1.0054310121693122,0.3665887598773006,0.5502645502645502,0.0001660475895412844,0.00018172362678899083,0.0005724079295412844,0.00011659264042201837,0.009585060866972478,0.0002778256049541284,0.0001823769288990826,1.693121693121693,1.693121693121693,1.693121693121693,1.693121693121693,1.693121693121693,1.693121693121693,1.693121693121693
2024-09-25 20:24:27.357142784,-0.8928779716773079,-0.9003110146391187,-0.0016805605279287,1.00535535,0.3663902196212121,1.1914893617021276,0.0001659764017948718,0.00018042467991452992,0.000570148785982906,0.00011578901641880342,0.009566172333333333,0.0002768269370940171,0.00018220172384615386,1.5106382978723405,1.5106382978723405,1.5106382978723405,1.5106382978723405,1.5106382978723405,1.5106382978723405,1.5106382978723405
2024-09-25 23:38:03.631579136,-0.8312981970532292,-0.9056536783447682,-0.0008695681613471,1.0052808052910054,0.3665759325142857,0.2962962962962963,0.00016775631992481204,0.00018049316007518796,0.0005748067954135338,0.00011690001257142858,0.00959631754887218,0.0002809350993233083,0.00018293058984962404,1.1851851851851851,1.1851851851851851,1.1851851851851851,1.1851851851851851,1.1851851851851851,1.1851851851851851,1.1851851851851851
2024-09-26 02:43:05.500000000,-0.891654410918818,-0.905007423126353,-0.0005908114387612,1.0052094878306879,0.3666164387567568,0.08465608465608465,0.00016566315717514123,0.0001788074674576271,0.0005657324892090396,0.00011560113676836156,0.009565104096045197,0.0002767657916949153,0.0001813157190960452,0.25396825396825395,0.25396825396825395,0.25396825396825395,0.25396825396825395,0.25396825396825395,0.25396825396825395,0.25396825396825395
2024-09-26 05:48:07.473684224,-0.9326721136357036,-0.9049297515310202,-0.0003845556155069,1.0051381455026456,0.36772969956284157,0.12698412698412698,0.00016648645595628415,0.00018038432469945356,0.0005724725190163934,0.00011670083722404372,0.009586539519125683,0.0002794178563387978,0.00018580639644808744,0.12698412698412698,0.12698412698412698,0.12698412698412698,0.12698412698412698,0.12698412698412698,0.12698412698412698,0.12698412698412698
2024-09-26 08:51:29.266666496,-0.8914655310049966,-0.9054710506129948,-0.0026942688163017,1.005067345212766,0.3684392880508475,1.5904255319148937,0.00016118156513813563,0.00017463795807881355,0.0005552751706779662,0.00011357646829661017,0.00927061305338983,0.00027625577254237284,0.0001812871150423729,1.5904255319148937,1.5904255319148937,1.5904255319148937,1.5904255319148937,1.5904255319148937,1.5904255319148937,1.5904255319148937
2024-09-26 12:12:38.000000000,-0.8734800037510126,-0.911609617505786,-0.0043508001071372,1.004989744680851,0.3691889324193548,0.0425531914893617,0.00016721933616161618,0.0001816783433333333,0.000572306548989899,0.00011464547879797979,0.009575384353535353,0.00027945426121212116,0.0001810426196969697,1.8936170212765957,1.8936170212765957,1.8936170212765957,1.8936170212765957,1.8936170212765957,1.8936170212765957,1.8936170212765957
2024-09-26 15:18:13.263158272,-0.9607451741208592,-0.9128864277829596,-0.0068462556171872,1.004989744680851,0.3691889324193548,0.0425531914893617,0.00016721933616161618,0.0001816783433333333,0.000572306548989899,0.00011464547879797979,0.009575384353535353,0.00027945426121212116,0.0001810426196969697,1.8936170212765957,1.8936170212765957,1.8936170212765957,1.8936170212765957,1.8936170212765957,1.8936170212765957,1.8936170212765957
2024-09-26 18:24:08.058823424,-0.9263557674465231,-0.9159654834385004,-0.0067366754620153,1.0048462052910054,0.37066213791411046,0.5502645502645502,0.0001713130382857143,0.0001850637516190476,0.0005772998251428572,0.00011790048970476191,0.009680018723809525,0.00028288652076190467,0.00018390403342857144,1.7777777777777777,1.7777777777777777,1.7777777777777777,1.7777777777777777,1.7777777777777777,1.7777777777777777,1.7777777777777777
2024-09-26 21:33:16.999999744,-0.8972272976996578,-0.9324161070222512,-0.0077392793989605,1.0047729127659577,0.3713368052777778,0.1702127659574468,0.0001716744035555556,0.000184561768,0.00058120277,0.00011911787732222223,0.009732776141666667,0.0002845804053333333,0.00018534734827777778,0.1702127659574468,0.1702127659574468,0.1702127659574468,0.1702127659574468,0.1702127659574468,0.1702127659574468,0.1702127659574468
2024-09-27 00:38:18.947368448,-0.9015761404334626,-0.9429913887690876,-0.0093599932830738,1.004701300531915,0.3721130558522727,0.2553191489361702,0.00017278338213333333,0.00018429671653333332,0.0005847218174666667,0.00012113775265333334,0.009764217413333333,0.00028779111,0.0001883840276,2.404255319148936,2.404255319148936,2.404255319148936,2.404255319148936,2.404255319148936,2.404255319148936,2.404255319148936
2024-09-27 03:48:20.842105344,-0.94105482991597,-0.9425848400545124,-0.0084486670387285,1.004627730319149,0.3726338423626374,0.1276595744680851,0.000172385949929078,0.00018483990304964538,0.0005878047473049646,0.00011914313258865247,0.00979433714184397,0.00028863159113475174,0.00019047197829787232,1.0,1.0,1.0,1.0,1.0,1.0,1.0
2024-09-27 06:58:22.789473792,-0.9716324569342304,-0.9481534030156332,-0.0071838148042433,1.0045541234042552,0.37325669455056176,0.26595744680851063,0.0001703382761292135,0.00018355257083707866,0.0005794873490449438,0.00011753008011797754,0.009629464983146067,0.0002872755424719101,0.0001893527991011236,0.26595744680851063,0.26595744680851063,0.26595744680851063,0.26595744680851063,0.26595744680851063,0.26595744680851063,0.26595744680851063
2024-09-27 10:07:51.388888832,-0.9554836665867016,-0.9594547457206816,-0.0066934331589342,1.00448064973545,0.37445757775193794,1.3227513227513228,0.00017022665393023255,0.00018271133491395348,0.0005801988970542636,0.00011880340375968994,0.009602956728682171,0.0002898401046511628,0.00018863513899224806,1.3227513227513228,1.3227513227513228,1.3227513227513228,1.3227513227513228,1.3227513227513228,1.3227513227513228,1.3227513227513228
2024-09-27 13:18:26.578947328,-0.932905695199338,-0.9622963931457604,-0.008003455512552,1.004406744148936,0.375383411043956,0.1276595744680851,0.00017488182744186047,0.0001898343530232558,0.0005899027330232558,0.00011920270286046512,0.00981158876744186,0.00029098745,0.0001899044269767442,3.0851063829787235,3.0851063829787235,3.0851063829787235,3.0851063829787235,3.0851063829787235,3.0851063829787235,3.0851063829787235
2024-09-27 16:23:28.444444416,-1.0451563036419884,-0.9678285998927332,-0.0078072137113092,1.0042646292553192,0.37569560407407404,0.5531914893617021,0.00017359769090909092,0.00018609786454545457,0.0005935973881818181,0.00012034540333766234,0.00988108712987013,0.0002914084171428572,0.00019230472376623376,2.3617021276595747,2.3617021276595747,2.3617021276595747,2.3617021276595747,2.3617021276595747,2.3617021276595747,2.3617021276595747
2024-09-27 19:24:30.333332992,-1.0291330736276905,-0.9784020689963316,-0.0072957503133459,1.0042646292553192,0.37569560407407404,0.5531914893617021,0.00017359769090909092,0.00018609786454545457,0.0005935973881818181,0.00012034540333766234,0.00988108712987013,0.0002914084171428572,0.00019230472376623376,2.3617021276595747,2.3617021276595747,2.3617021276595747,2.3617021276595747,2.3617021276595747,2.3617021276595747,2.3617021276595747
2024-09-27 22:38:32.263158272,-0.9273869803462276,-0.9912040238103916,-0.0072947360505954,1.0041892271276596,0.3760898356707317,0.5106382978723404,0.0001730835590384615,0.00018714008621794874,0.0005948735775,0.00012210564080769232,0.009906096224358974,0.00029211699083333333,0.0001935698982051282,0.6808510638297872,0.6808510638297872,0.6808510638297872,0.6808510638297872,0.6808510638297872,0.6808510638297872,0.6808510638297872
2024-09-28 01:48:34.157894912,-0.963856849499564,-0.997841548311735,-0.006557304130141,1.0041153813829788,0.376570996576087,0.0851063829787234,0.00017410326086956526,0.00018831068385869566,0.0005969073659239131,0.00012099458803804348,0.009942704774456522,0.00029351374989130435,0.00019335432847826086,0.0851063829787234,0.0851063829787234,0.0851063829787234,0.0851063829787234,0.0851063829787234,0.0851063829787234,0.0851063829787234
2024-09-28 04:58:36.157894656,-1.0203974589166478,-0.9977012458973212,-0.0046250965684276,1.0040414313829789,0.37706640695652177,0.0851063829787234,0.00017449279239130434,0.0001889976613586957,0.000598566314673913,0.0001201298078206522,0.009929530494565218,0.00029298276804347827,0.00019166915179347828,0.0851063829787234,0.0851063829787234,0.0851063829787234,0.0851063829787234,0.0851063829787234,0.0851063829787234,0.0851063829787234
2024-09-28 08:08:38.052631296,-0.9976865906468788,-1.0021370480319636,-0.0035106132468015,1.0039674367021276,0.37765747495867763,1.5265957446808511,0.0001688256485404959,0.00018247660661983473,0.0005812124509917356,0.00011741886987603308,0.009642311839669421,0.00028882080260330577,0.00018957478768595043,1.5265957446808511,1.5265957446808511,1.5265957446808511,1.5265957446808511,1.5265957446808511,1.5265957446808511,1.5265957446808511
2024-09-28 11:23:40.055555840,-0.9982744551571728,-1.0117157676205364,-0.0026706821538594,1.0038914398936172,0.3784191175531915,0.0,0.00017443754845744683,0.00019019379345744684,0.000598900985,0.00011958099763829789,0.00987437542819149,0.00029250556617021274,0.0001907631554787234,0.0,0.0,0.0,0.0,0.0,0.0,0.0
2024-09-28 14:23:41.888889088,-1.0346823960464349,-1.0122641818273297,-0.0052943265297317,1.0038212414893617,0.3790502906914893,0.0,0.00017474424744680852,0.0001909412035106383,0.0006031335917021277,0.00011930171926595744,0.009993684319148934,0.00029301977042553196,0.00018975315702127662,0.0,0.0,0.0,0.0,0.0,0.0,0.0
2024-09-28 17:23:43.666666496,-1.068001553016245,-1.0045305181138469,-0.0031848200668363,1.0037509984042554,0.37954400739130434,0.0851063829787234,0.00017566612684782607,0.00019155683114130436,0.0006104366585326087,0.000120561206875,0.0100525843125,0.0002956817273369565,0.00019270707978260868,0.0851063829787234,0.0851063829787234,0.0851063829787234,0.0851063829787234,0.0851063829787234,0.0851063829787234,0.0851063829787234
2024-09-28 20:50:45.733333504,-1.0273426484334325,-1.0151574718934917,-0.0022289761318542,1.0036701632978724,0.3792687029120879,0.1276595744680851,0.00017570952769230768,0.00019184837510989014,0.0006098600951648352,0.00012129222106593405,0.010045018892857143,0.0002947179923626374,0.00019280781137362633,0.1276595744680851,0.1276595744680851,0.1276595744680851,0.1276595744680851,0.1276595744680851,0.1276595744680851,0.1276595744680851
2024-09-28 23:48:47.631579136,-0.9698085255468528,-1.0182168311116324,0.0001242000885088,1.003600605319149,0.3792489909722222,2.4680851063829787,0.00017473586902777777,0.0001911960947222222,0.0006089557929166667,0.00012069392988888889,0.01004650354861111,0.00029430540638888887,0.00019139995819444445,2.4680851063829787,2.4680851063829787,2.4680851063829787,2.4680851063829787,2.4680851063829787,2.4680851063829787,2.4680851063829787
2024-09-29 02:58:49.526315520,-1.0131490943370522,-1.0141477981178515,0.0017123122426281,1.0035261052910054,0.3792550429100529,0.0,0.00017495156291005292,0.00019275820529100526,0.0006081415640211641,0.00012068275280423282,0.010057970087301587,0.00029384364105820106,0.00019164656851851855,0.0,0.0,0.0,0.0,0.0,0.0,0.0
2024-09-29 06:08:51.473684480,-1.057429049850782,-1.0125760456316997,0.0035617209846197,1.0034517492063493,0.38016760137566136,0.0,0.00017637597164021164,0.0001952197625925926,0.0006180535791005291,0.00012167063776190473,0.010053718894179895,0.00029635238783068786,0.0001939967517989418,0.0,0.0,0.0,0.0,0.0,0.0,0.0
2024-09-29 09:16:13.400000256,-1.052285688330301,-1.0139693127084204,0.0039861486999199,1.0033783271276597,0.3803651070491804,1.5053191489361701,0.0001706197561295082,0.00018853612965491804,0.000593408190819672,0.0001179575528442623,0.009703182356557377,0.00029037520893442624,0.00018981095762295083,1.5053191489361701,1.5053191489361701,1.5053191489361701,1.5053191489361701,1.5053191489361701,1.5053191489361701,1.5053191489361701
2024-09-29 12:36:15.400000000,-0.928595445352414,-1.0130292267136316,0.0029095367449712,1.0032999473404256,0.3805192565425532,0.0,0.00017673857372340428,0.00019356391489361703,0.0006145023094148936,0.0001190517695106383,0.010036644941489361,0.000293852397180851,0.00019140979361702127,0.0,0.0,0.0,0.0,0.0,0.0,0.0
2024-09-29 15:28:57.157894656,-1.0655373794816114,-1.010615129463164,1.7555116413563024e-05,1.0032323026455026,0.3817971110928961,0.12698412698412698,0.00017908393109289616,0.00019751830054644812,0.0006360016849726776,0.00012465699544808744,0.010190053049180327,0.0003011195590163935,0.00019726827508196725,0.12698412698412698,0.12698412698412698,0.12698412698412698,0.12698412698412698,0.12698412698412698,0.12698412698412698,0.12698412698412698
2024-09-29 18:33:59.125000192,-1.003628519335393,-1.0066727345913349,0.0005123301350354,1.0031597015873015,0.38132330005617976,0.2328042328042328,0.00018121394462264148,0.0002026410720754717,0.0006215334219811322,0.00012153484117924527,0.01011230638207547,0.0002959846566037736,0.00019180042905660375,1.7566137566137565,1.7566137566137565,1.7566137566137565,1.7566137566137565,1.7566137566137565,1.7566137566137565,1.7566137566137565
2024-09-29 21:49:01.052631552,-0.9675000299974954,-1.0114598930450276,0.00109384858663,1.0030831248677248,0.38160357754285723,0.2962962962962963,0.00017993419770370375,0.0001985637562222222,0.0006214089315555556,0.00012028010445185185,0.010135638018518519,0.0002977531642962963,0.00019015514088888892,1.1428571428571428,1.1428571428571428,1.1428571428571428,1.1428571428571428,1.1428571428571428,1.1428571428571428,1.1428571428571428
2024-09-30 00:59:03.000000000,-0.9772538083269068,-1.0138756236345683,-6.212175831765259e-05,1.0030084592592594,0.3825550763970588,1.1216931216931216,0.00018048162,0.0001992166269117647,0.0006265762232352942,0.0001201304598382353,0.010192199040441177,0.00029985280382352947,0.00019157774455882354,1.1216931216931216,1.1216931216931216,1.1216931216931216,1.1216931216931216,1.1216931216931216,1.1216931216931216,1.1216931216931216
2024-09-30 04:04:04.888888832,-1.0163869271545425,-1.0053302924822476,0.0004892040058044,1.002935705820106,0.3824439313475177,1.0158730158730158,0.0001782285221276596,0.0001964697034751773,0.0006242334492907801,0.00012071408140425534,0.01018505890780142,0.00029881716539007094,0.0001907781414184397,1.0158730158730158,1.0158730158730158,1.0158730158730158,1.0158730158730158,1.0158730158730158,1.0158730158730158,1.0158730158730158
2024-09-30 07:09:06.736842496,-1.0224612781141786,-0.9990808532566928,-0.0001864217438187,1.002862898941799,0.3827307852631579,0.43386243386243384,0.00017508527485204678,0.00019432837447058826,0.0006150597108187134,0.0001199486426491228,0.00998469350994152,0.000296261745497076,0.00018811904257309944,0.43386243386243384,0.4497354497354497,0.43386243386243384,0.43386243386243384,0.43386243386243384,0.43386243386243384,0.43386243386243384
2024-09-30 10:17:22.764706048,-1.0366182887601667,-1.005969359005764,0.001896033499742,1.002788664361702,0.38336950880281684,1.0319148936170213,0.0001746929074225352,0.0001923147150352113,0.0006157422754929578,0.0001198671922605634,0.009990107752816904,0.00029709618197183094,0.00018820911915492955,1.0319148936170213,1.0319148936170213,1.0319148936170213,1.0319148936170213,1.0319148936170213,1.0319148936170213,1.0319148936170213
2024-09-30 13:29:10.631578880,-0.976091515099654,-0.9985897808427968,0.0008038512498817,1.0027131936507936,0.38524505951871657,0.042328042328042326,0.0001766533998395722,0.00019693636732620319,0.0006371045213903744,0.00012202209407486632,0.010293359783422459,0.0003044472290909091,0.00019285425877005346,0.042328042328042326,0.042328042328042326,0.042328042328042326,0.042328042328042326,0.042328042328042326,0.042328042328042326,0.042328042328042326
2024-09-30 16:34:12.500000000,-1.0320415854448584,-0.9948098519158708,0.0020639108976646,1.0026400372340425,0.38647940388888885,0.1702127659574468,0.00017797067063953485,0.00020021908750000002,0.0006426588684302325,0.00012430553231976746,0.010369920139534883,0.00031024957965116275,0.00019645559575581396,0.3404255319148936,0.3404255319148936,0.3404255319148936,0.3404255319148936,0.3404255319148936,0.3404255319148936,0.3404255319148936
2024-09-30 19:38:28.230769408,-1.0445535920010798,-0.997977124085463,0.0026572101048661,1.0025674196808512,0.3868124107065217,0.0851063829787234,0.00017837820152173916,0.0002003496418478261,0.0006436739422826086,0.00012333990037499999,0.010393669989130435,0.00031071809402173915,0.00019657108934782608,0.0851063829787234,0.0851063829787234,0.0851063829787234,0.0851063829787234,0.0851063829787234,0.0851063829787234,0.0851063829787234
2024-09-30 22:54:16.444444416,-0.9463397448706132,-1.001958339892663,0.0024312115988201,1.00249573836478,0.3877022705660378,0.0,0.00018050652641509433,0.00020168510056603773,0.0006545780863522012,0.00012648557905660377,0.010468911544025156,0.0003169978466037736,0.00019957030069182394,0.0,0.0,0.0,0.0,0.0,0.0,0.0
2024-10-01 01:59:18.263157760,-0.9710429783980884,-0.9984718825955649,0.0028947942074422,1.00249573836478,0.3877022705660378,0.0,0.00018050652641509433,0.00020168510056603773,0.0006545780863522012,0.00012648557905660377,0.010468911544025156,0.0003169978466037736,0.00019957030069182394,0.0,0.0,0.0,0.0,0.0,0.0,0.0
2024-10-01 05:09:20.210526464,-1.0181460200903416,-0.9928400511269486,0.003594908014091,1.00249573836478,0.3877022705660378,0.0,0.00018050652641509433,0.00020168510056603773,0.0006545780863522012,0.00012648557905660377,0.010468911544025156,0.0003169978466037736,0.00019957030069182394,0.0,0.0,0.0,0.0,0.0,0.0,0.0
2024-10-01 08:12:42.133333248,-0.9696028633630362,-0.9892641446331258,0.0020004223947852,1.00249573836478,0.3877022705660378,0.0,0.00018050652641509433,0.00020168510056603773,0.0006545780863522012,0.00012648557905660377,0.010468911544025156,0.0003169978466037736,0.00019957030069182394,0.0,0.0,0.0,0.0,0.0,0.0,0.0
2024-10-01 11:38:13.588235520,-0.954489443285354,-0.9926936672014532,0.0014715291178929,1.00249573836478,0.3877022705660378,0.0,0.00018050652641509433,0.00020168510056603773,0.0006545780863522012,0.00012648557905660377,0.010468911544025156,0.0003169978466037736,0.00019957030069182394,0.0,0.0,0.0,0.0,0.0,0.0,0.0
2024-10-01 14:39:26.052631296,-1.0086745682021956,-0.9909744439236458,-0.0006022264947186,1.00249573836478,0.3877022705660378,0.0,0.00018050652641509433,0.00020168510056603773,0.0006545780863522012,0.00012648557905660377,0.010468911544025156,0.0003169978466037736,0.00019957030069182394,0.0,0.0,0.0,0.0,0.0,0.0,0.0
2024-10-01 17:39:27.823529728,-1.0290096138205058,-0.9836864733315892,-0.0013058925322253,1.00249573836478,0.3877022705660378,0.0,0.00018050652641509433,0.00020168510056603773,0.0006545780863522012,0.00012648557905660377,0.010468911544025156,0.0003169978466037736,0.00019957030069182394,0.0,0.0,0.0,0.0,0.0,0.0,0.0
2024-10-01 20:49:29.722222080,-0.971062982292267,-0.99049673860616,-0.0015569541884003,1.00249573836478,0.3877022705660378,0.0,0.00018050652641509433,0.00020168510056603773,0.0006545780863522012,0.00012648557905660377,0.010468911544025156,0.0003169978466037736,0.00019957030069182394,0.0,0.0,0.0,0.0,0.0,0.0,0.0
2024-10-01 23:59:31.736842240,-0.9492474690221684,-0.9845963653248718,0.0023613315184425,1.00249573836478,0.3877022705660378,0.0,0.00018050652641509433,0.00020168510056603773,0.0006545780863522012,0.00012648557905660377,0.010468911544025156,0.0003169978466037736,0.00019957030069182394,0.0,0.0,0.0,0.0,0.0,0.0,0.0
2024-10-02 03:09:33.631578880,-0.990131504340468,-0.9810185583101896,0.0014982734700585,1.00249573836478,0.3877022705660378,0.0,0.00018050652641509433,0.00020168510056603773,0.0006545780863522012,0.00012648557905660377,0.010468911544025156,0.0003169978466037736,0.00019957030069182394,0.0,0.0,0.0,0.0,0.0,0.0,0.0
2024-10-02 06:19:35.578947328,-1.0206753084879097,-0.9790186609355988,0.0031707791268225,1.00249573836478,0.3877022705660378,0.0,0.00018050652641509433,0.00020168510056603773,0.0006545780863522012,0.00012648557905660377,0.010468911544025156,0.0003169978466037736,0.00019957030069182394,0.0,0.0,0.0,0.0,0.0,0.0,0.0
2024-10-02 09:27:51.588235264,-1.0096916828333633,-0.9805969389646698,0.0042464612322382,1.00249573836478,0.3877022705660378,0.0,0.00018050652641509433,0.00020168510056603773,0.0006545780863522012,0.00012648557905660377,0.010468911544025156,0.0003169978466037736,0.00019957030069182394,0.0,0.0,0.0,0.0,0.0,0.0,0.0
2024-10-02 12:34:39.444444416,-0.949809974304344,-0.9828464383853266,0.0012768451064191,1.00249573836478,0.3877022705660378,0.0,0.00018050652641509433,0.00020168510056603773,0.0006545780863522012,0.00012648557905660377,0.010468911544025156,0.0003169978466037736,0.00019957030069182394,0.0,0.0,0.0,0.0,0.0,0.0,0.0
2024-10-02 15:39:41.263158272,-1.0348731934400348,-0.9797947134853018,-0.0007126424675115,1.00249573836478,0.3877022705660378,0.0,0.00018050652641509433,0.00020168510056603773,0.0006545780863522012,0.00012648557905660377,0.010468911544025156,0.0003169978466037736,0.00019957030069182394,0.0,0.0,0.0,0.0,0.0,0.0,0.0
2024-10-02 18:44:43.249999872,-0.8943381257413421,-0.9785940596515408,0.0004256185464598,1.00249573836478,0.3877022705660378,0.0,0.00018050652641509433,0.00020168510056603773,0.0006545780863522012,0.00012648557905660377,0.010468911544025156,0.0003169978466037736,0.00019957030069182394,0.0,0.0,0.0,0.0,0.0,0.0,0.0
2024-10-02 22:11:45.333332992,-0.9716345288994716,-0.9843212460279812,6.729514436909354e-05,1.00249573836478,0.3877022705660378,0.0,0.00018050652641509433,0.00020168510056603773,0.0006545780863522012,0.00012648557905660377,0.010468911544025156,0.0003169978466037736,0.00019957030069182394,0.0,0.0,0.0,0.0,0.0,0.0,0.0
2024-10-03 01:09:47.052631296,-0.9436041974933572,-0.9768077065923536,0.0028723650230318,1.00249573836478,0.3877022705660378,0.0,0.00018050652641509433,0.00020168510056603773,0.0006545780863522012,0.00012648557905660377,0.010468911544025156,0.0003169978466037736,0.00019957030069182394,0.0,0.0,0.0,0.0,0.0,0.0,0.0
2024-10-03 04:19:49.052631552,-0.9750070576632766,-0.9624795773165716,0.0058795917201129,1.00249573836478,0.3877022705660378,0.0,0.00018050652641509433,0.00020168510056603773,0.0006545780863522012,0.00012648557905660377,0.010468911544025156,0.0003169978466037736,0.00019957030069182394,0.0,0.0,0.0,0.0,0.0,0.0,0.0
2024-10-03 07:23:57.941176320,-1.0379180606707337,-0.931721886765012,0.0156891658481534,1.00249573836478,0.3877022705660378,0.0,0.00018050652641509433,0.00020168510056603773,0.0006545780863522012,0.00012648557905660377,0.010468911544025156,0.0003169978466037736,0.00019957030069182394,0.0,0.0,0.0,0.0,0.0,0.0,0.0
2024-10-03 10:17:09.272727296,-0.9893371901201816,-0.9237117734672502,0.0178300652943847,1.00249573836478,0.3877022705660378,0.0,0.00018050652641509433,0.00020168510056603773,0.0006545780863522012,0.00012648557905660377,0.010468911544025156,0.0003169978466037736,0.00019957030069182394,0.0,0.0,0.0,0.0,0.0,0.0,0.0
2024-10-03 13:47:25.437499904,-0.9554544824533764,-0.9015564067460238,0.0193851210339971,1.00249573836478,0.3877022705660378,0.0,0.00018050652641509433,0.00020168510056603773,0.0006545780863522012,0.00012648557905660377,0.010468911544025156,0.0003169978466037736,0.00019957030069182394,0.0,0.0,0.0,0.0,0.0,0.0,0.0
2024-10-03 16:43:28.882353152,-1.023700891915894,-0.8989300104572289,0.0210263109438151,1.00249573836478,0.3877022705660378,0.0,0.00018050652641509433,0.00020168510056603773,0.0006545780863522012,0.00012648557905660377,0.010468911544025156,0.0003169978466037736,0.00019957030069182394,0.0,0.0,0.0,0.0,0.0,0.0,0.0
2024-10-03 19:55:16.588235008,-0.8924554916773104,-0.8888907046847717,0.0201356906718508,1.00249573836478,0.3877022705660378,0.0,0.00018050652641509433,0.00020168510056603773,0.0006545780863522012,0.00012648557905660377,0.010468911544025156,0.0003169978466037736,0.00019957030069182394,0.0,0.0,0.0,0.0,0.0,0.0,0.0
2024-10-03 23:12:57.352941056,-0.834409627902744,-0.8841447342339719,0.0182615713787231,1.00249573836478,0.3877022705660378,0.0,0.00018050652641509433,0.00020168510056603773,0.0006545780863522012,0.00012648557905660377,0.010468911544025156,0.0003169978466037736,0.00019957030069182394,0.0,0.0,0.0,0.0,0.0,0.0,0.0
2024-10-04 02:25:02.642857472,-0.6098417056630865,-0.8877308892640139,0.0102344818351834,1.00249573836478,0.3877022705660378,0.0,0.00018050652641509433,0.00020168510056603773,0.0006545780863522012,0.00012648557905660377,0.010468911544025156,0.0003169978466037736,0.00019957030069182394,0.0,0.0,0.0,0.0,0.0,0.0,0.0
2024-10-04 05:26:19.500000000,-0.84567850143344,,,1.00249573836478,0.3877022705660378,0.0,0.00018050652641509433,0.00020168510056603773,0.0006545780863522012,0.00012648557905660377,0.010468911544025156,0.0003169978466037736,0.00019957030069182394,0.0,0.0,0.0,0.0,0.0,0.0,0.0
2024-10-04 08:35:27.266667008,-0.7468534260640922,,,1.00249573836478,0.3877022705660378,0.0,0.00018050652641509433,0.00020168510056603773,0.0006545780863522012,0.00012648557905660377,0.010468911544025156,0.0003169978466037736,0.00019957030069182394,0.0,0.0,0.0,0.0,0.0,0.0,0.0
2024-10-04 11:52:49.266666496,-0.8601949739870065,,,1.00249573836478,0.3877022705660378,0.0,0.00018050652641509433,0.00020168510056603773,0.0006545780863522012,0.00012648557905660377,0.010468911544025156,0.0003169978466037736,0.00019957030069182394,0.0,0.0,0.0,0.0,0.0,0.0,0.0
2024-10-04 14:45:45.333332992,-0.8411235538575283,,,1.00249573836478,0.3877022705660378,0.0,0.00018050652641509433,0.00020168510056603773,0.0006545780863522012,0.00012648557905660377,0.010468911544025156,0.0003169978466037736,0.00019957030069182394,0.0,0.0,0.0,0.0,0.0,0.0,0.0
2024-10-04 17:48:05.285714176,-0.8819065816329612,,,1.00249573836478,0.3877022705660378,0.0,0.00018050652641509433,0.00020168510056603773,0.0006545780863522012,0.00012648557905660377,0.010468911544025156,0.0003169978466037736,0.00019957030069182394,0.0,0.0,0.0,0.0,0.0,0.0,0.0
2024-10-04 21:16:16.000000512,-1.0216270730538213,,,1.00249573836478,0.3877022705660378,0.0,0.00018050652641509433,0.00020168510056603773,0.0006545780863522012,0.00012648557905660377,0.010468911544025156,0.0003169978466037736,0.00019957030069182394,0.0,0.0,0.0,0.0,0.0,0.0,0.0
2024-10-04 23:20:17.142857216,,,,1.00249573836478,0.3877022705660378,0.0,0.00018050652641509433,0.00020168510056603773,0.0006545780863522012,0.00012648557905660377,0.010468911544025156,0.0003169978466037736,0.00019957030069182394,0.0,0.0,0.0,0.0,0.0,0.0,0.0
